edge_id,edge_type,station_id,station_name,feeder_id,feeder_alias,feeder_name,from_node_id,from_node_raw,to_node_id,to_node_raw,length_m,conductor_model,normalized_model,parameter_grade,r_per_km_used,x_per_km_used,r_ohm,x_ohm,ampacity_base_a,ampacity_upper_ref_a,thermal_base_mva_at_10kv,normal_state,source_row,source_file,data_status,feeder_operating_limit_a,effective_rate_a_base,effective_rate_mva_10kv,effective_limit_rule
PZXL-00092-B0001,PHYSICAL_SPAN,BDZ-00027,墩集变,PZXL-00092,dnan,墩南线,PZXL-00092-N0030,dnan线10杆,PZXL-00092-N0025,dnan线10+1,50.0,JKLYJ/Q-10-240,JKLYJ/Q-10-240,B+,0.13,0.356,0.0065,0.0178,500.0,550.0,8.6603,CLOSED,2,邳州_10kVdnan线明细.xlsx,PARAMETERIZED_PLANNING_MODEL,485.0,485.0,8.4004,"min(conductor_Imax_base, SRC06_feeder_max_allowed_current)"
PZXL-00092-B0002,PHYSICAL_SPAN,BDZ-00027,墩集变,PZXL-00092,dnan,墩南线,PZXL-00092-N0038,dnan线18杆,PZXL-00092-N0039,dnan线19杆,50.0,JKLYJ/Q-10-240,JKLYJ/Q-10-240,B+,0.13,0.356,0.0065,0.0178,500.0,550.0,8.6603,CLOSED,3,邳州_10kVdnan线明细.xlsx,PARAMETERIZED_PLANNING_MODEL,485.0,485.0,8.4004,"min(conductor_Imax_base, SRC06_feeder_max_allowed_current)"
PZXL-00092-B0003,PHYSICAL_SPAN,BDZ-00027,墩集变,PZXL-00092,dnan,墩南线,PZXL-00092-N0061,dnan线41杆,PZXL-00092-N0062,dnan线42杆,50.0,JKLYJ/Q-10-240,JKLYJ/Q-10-240,B+,0.13,0.356,0.0065,0.0178,500.0,550.0,8.6603,CLOSED,4,邳州_10kVdnan线明细.xlsx,PARAMETERIZED_PLANNING_MODEL,485.0,485.0,8.4004,"min(conductor_Imax_base, SRC06_feeder_max_allowed_current)"
PZXL-00092-B0004,PHYSICAL_SPAN,BDZ-00027,墩集变,PZXL-00092,dnan,墩南线,PZXL-00092-N0263,波士达支线1杆,PZXL-00092-N0262,波士达支线1-1杆,50.0,JKLYJ/Q-10-240,JKLYJ/Q-10-240,B+,0.13,0.356,0.0065,0.0178,500.0,550.0,8.6603,CLOSED,5,邳州_10kVdnan线明细.xlsx,PARAMETERIZED_PLANNING_MODEL,485.0,485.0,8.4004,"min(conductor_Imax_base, SRC06_feeder_max_allowed_current)"
PZXL-00092-B0005,PHYSICAL_SPAN,BDZ-00027,墩集变,PZXL-00092,dnan,墩南线,PZXL-00092-N0091,dnan线60杆,PZXL-00092-N0092,dnan线61杆,50.0,JKLYJ/Q-10-240,JKLYJ/Q-10-240,B+,0.13,0.356,0.0065,0.0178,500.0,550.0,8.6603,CLOSED,6,邳州_10kVdnan线明细.xlsx,PARAMETERIZED_PLANNING_MODEL,485.0,485.0,8.4004,"min(conductor_Imax_base, SRC06_feeder_max_allowed_current)"
PZXL-00092-B0006,PHYSICAL_SPAN,BDZ-00027,墩集变,PZXL-00092,dnan,墩南线,PZXL-00092-N0263,波士达支线1杆,PZXL-00092-N0264,波士达支线2杆,50.0,JKLYJ/Q-10-240,JKLYJ/Q-10-240,B+,0.13,0.356,0.0065,0.0178,500.0,550.0,8.6603,CLOSED,7,邳州_10kVdnan线明细.xlsx,PARAMETERIZED_PLANNING_MODEL,485.0,485.0,8.4004,"min(conductor_Imax_base, SRC06_feeder_max_allowed_current)"
PZXL-00092-B0007,PHYSICAL_SPAN,BDZ-00027,墩集变,PZXL-00092,dnan,墩南线,PZXL-00092-N0060,dnan线40杆,PZXL-00092-N0061,dnan线41杆,50.0,JKLYJ/Q-10-240,JKLYJ/Q-10-240,B+,0.13,0.356,0.0065,0.0178,500.0,550.0,8.6603,CLOSED,8,邳州_10kVdnan线明细.xlsx,PARAMETERIZED_PLANNING_MODEL,485.0,485.0,8.4004,"min(conductor_Imax_base, SRC06_feeder_max_allowed_current)"
PZXL-00092-B0008,PHYSICAL_SPAN,BDZ-00027,墩集变,PZXL-00092,dnan,墩南线,PZXL-00092-N0030,dnan线10杆,PZXL-00092-N0031,dnan线11杆,50.0,JKLYJ/Q-10-240,JKLYJ/Q-10-240,B+,0.13,0.356,0.0065,0.0178,500.0,550.0,8.6603,CLOSED,9,邳州_10kVdnan线明细.xlsx,PARAMETERIZED_PLANNING_MODEL,485.0,485.0,8.4004,"min(conductor_Imax_base, SRC06_feeder_max_allowed_current)"
PZXL-00092-B0009,PHYSICAL_SPAN,BDZ-00027,墩集变,PZXL-00092,dnan,墩南线,PZXL-00092-N0034,dnan线14杆,PZXL-00092-N0035,dnan线15杆,50.0,JKLYJ/Q-10-240,JKLYJ/Q-10-240,B+,0.13,0.356,0.0065,0.0178,500.0,550.0,8.6603,CLOSED,10,邳州_10kVdnan线明细.xlsx,PARAMETERIZED_PLANNING_MODEL,485.0,485.0,8.4004,"min(conductor_Imax_base, SRC06_feeder_max_allowed_current)"
PZXL-00092-B0010,PHYSICAL_SPAN,BDZ-00027,墩集变,PZXL-00092,dnan,墩南线,PZXL-00092-N0224,dnan线黄安六支站支线01杆,PZXL-00092-N0225,dnan线黄安六支站支线02杆,50.0,JKLYJ/Q-10-240,JKLYJ/Q-10-240,B+,0.13,0.356,0.0065,0.0178,500.0,550.0,8.6603,CLOSED,11,邳州_10kVdnan线明细.xlsx,PARAMETERIZED_PLANNING_MODEL,485.0,485.0,8.4004,"min(conductor_Imax_base, SRC06_feeder_max_allowed_current)"
PZXL-00092-B0011,PHYSICAL_SPAN,BDZ-00027,墩集变,PZXL-00092,dnan,墩南线,PZXL-00092-N0251,刘一刀支线1,PZXL-00092-N0252,刘一刀支线2,50.0,JKLYJ/Q-10-240,JKLYJ/Q-10-240,B+,0.13,0.356,0.0065,0.0178,500.0,550.0,8.6603,CLOSED,12,邳州_10kVdnan线明细.xlsx,PARAMETERIZED_PLANNING_MODEL,485.0,485.0,8.4004,"min(conductor_Imax_base, SRC06_feeder_max_allowed_current)"
PZXL-00092-B0012,PHYSICAL_SPAN,BDZ-00027,墩集变,PZXL-00092,dnan,墩南线,PZXL-00092-N0135,dnan线92杆,PZXL-00092-N0136,dnan线93杆,50.0,JKLYJ/Q-10-240,JKLYJ/Q-10-240,B+,0.13,0.356,0.0065,0.0178,500.0,550.0,8.6603,CLOSED,13,邳州_10kVdnan线明细.xlsx,PARAMETERIZED_PLANNING_MODEL,485.0,485.0,8.4004,"min(conductor_Imax_base, SRC06_feeder_max_allowed_current)"
PZXL-00092-B0013,PHYSICAL_SPAN,BDZ-00027,墩集变,PZXL-00092,dnan,墩南线,PZXL-00092-N0232,dnan线黄安六支站支线09杆,PZXL-00092-N0242,dnan线黄安六支站支线9-1杆,50.0,JKLYJ/Q-10-240,JKLYJ/Q-10-240,B+,0.13,0.356,0.0065,0.0178,500.0,550.0,8.6603,CLOSED,14,邳州_10kVdnan线明细.xlsx,PARAMETERIZED_PLANNING_MODEL,485.0,485.0,8.4004,"min(conductor_Imax_base, SRC06_feeder_max_allowed_current)"
PZXL-00092-B0014,PHYSICAL_SPAN,BDZ-00027,墩集变,PZXL-00092,dnan,墩南线,PZXL-00092-N0138,dnan线95杆,PZXL-00092-N0139,dnan线96杆,50.0,JKLYJ/Q-10-240,JKLYJ/Q-10-240,B+,0.13,0.356,0.0065,0.0178,500.0,550.0,8.6603,CLOSED,15,邳州_10kVdnan线明细.xlsx,PARAMETERIZED_PLANNING_MODEL,485.0,485.0,8.4004,"min(conductor_Imax_base, SRC06_feeder_max_allowed_current)"
PZXL-00092-B0015,PHYSICAL_SPAN,BDZ-00027,墩集变,PZXL-00092,dnan,墩南线,PZXL-00092-N0143,dnan线合金厂支线1杆,PZXL-00092-N0144,dnan线合金厂支线2杆,50.0,JKLYJ/Q-10-240,JKLYJ/Q-10-240,B+,0.13,0.356,0.0065,0.0178,500.0,550.0,8.6603,CLOSED,16,邳州_10kVdnan线明细.xlsx,PARAMETERIZED_PLANNING_MODEL,485.0,485.0,8.4004,"min(conductor_Imax_base, SRC06_feeder_max_allowed_current)"
PZXL-00092-B0016,PHYSICAL_SPAN,BDZ-00027,墩集变,PZXL-00092,dnan,墩南线,PZXL-00092-N0068,dnan线46杆,PZXL-00092-N0069,dnan线47杆,50.0,JKLYJ/Q-10-240,JKLYJ/Q-10-240,B+,0.13,0.356,0.0065,0.0178,500.0,550.0,8.6603,CLOSED,17,邳州_10kVdnan线明细.xlsx,PARAMETERIZED_PLANNING_MODEL,485.0,485.0,8.4004,"min(conductor_Imax_base, SRC06_feeder_max_allowed_current)"
PZXL-00092-B0017,PHYSICAL_SPAN,BDZ-00027,墩集变,PZXL-00092,dnan,墩南线,PZXL-00092-N0069,dnan线47杆,PZXL-00092-N0070,dnan线48杆,50.0,JKLYJ/Q-10-240,JKLYJ/Q-10-240,B+,0.13,0.356,0.0065,0.0178,500.0,550.0,8.6603,CLOSED,18,邳州_10kVdnan线明细.xlsx,PARAMETERIZED_PLANNING_MODEL,485.0,485.0,8.4004,"min(conductor_Imax_base, SRC06_feeder_max_allowed_current)"
PZXL-00092-B0018,PHYSICAL_SPAN,BDZ-00027,墩集变,PZXL-00092,dnan,墩南线,PZXL-00092-N0062,dnan线42杆,PZXL-00092-N0143,dnan线合金厂支线1杆,50.0,JKLYJ/Q-10-240,JKLYJ/Q-10-240,B+,0.13,0.356,0.0065,0.0178,500.0,550.0,8.6603,CLOSED,19,邳州_10kVdnan线明细.xlsx,PARAMETERIZED_PLANNING_MODEL,485.0,485.0,8.4004,"min(conductor_Imax_base, SRC06_feeder_max_allowed_current)"
PZXL-00092-B0019,PHYSICAL_SPAN,BDZ-00027,墩集变,PZXL-00092,dnan,墩南线,PZXL-00092-N0083,dnan线54杆,PZXL-00092-N0084,dnan线55杆,50.0,JKLYJ/Q-10-240,JKLYJ/Q-10-240,B+,0.13,0.356,0.0065,0.0178,500.0,550.0,8.6603,CLOSED,20,邳州_10kVdnan线明细.xlsx,PARAMETERIZED_PLANNING_MODEL,485.0,485.0,8.4004,"min(conductor_Imax_base, SRC06_feeder_max_allowed_current)"
PZXL-00092-B0020,PHYSICAL_SPAN,BDZ-00027,墩集变,PZXL-00092,dnan,墩南线,PZXL-00092-N0063,dnan线43杆,PZXL-00092-N0064,dnan线44杆,50.0,JKLYJ/Q-10-240,JKLYJ/Q-10-240,B+,0.13,0.356,0.0065,0.0178,500.0,550.0,8.6603,CLOSED,21,邳州_10kVdnan线明细.xlsx,PARAMETERIZED_PLANNING_MODEL,485.0,485.0,8.4004,"min(conductor_Imax_base, SRC06_feeder_max_allowed_current)"
PZXL-00092-B0021,PHYSICAL_SPAN,BDZ-00027,墩集变,PZXL-00092,dnan,墩南线,PZXL-00092-N0073,dnan线51杆,PZXL-00092-N0074,dnan线52杆,50.0,JKLYJ/Q-10-240,JKLYJ/Q-10-240,B+,0.13,0.356,0.0065,0.0178,500.0,550.0,8.6603,CLOSED,22,邳州_10kVdnan线明细.xlsx,PARAMETERIZED_PLANNING_MODEL,485.0,485.0,8.4004,"min(conductor_Imax_base, SRC06_feeder_max_allowed_current)"
PZXL-00092-B0022,PHYSICAL_SPAN,BDZ-00027,墩集变,PZXL-00092,dnan,墩南线,PZXL-00092-N0082,dnan线53杆,PZXL-00092-N0083,dnan线54杆,50.0,JKLYJ/Q-10-240,JKLYJ/Q-10-240,B+,0.13,0.356,0.0065,0.0178,500.0,550.0,8.6603,CLOSED,23,邳州_10kVdnan线明细.xlsx,PARAMETERIZED_PLANNING_MODEL,485.0,485.0,8.4004,"min(conductor_Imax_base, SRC06_feeder_max_allowed_current)"
PZXL-00092-B0023,PHYSICAL_SPAN,BDZ-00027,墩集变,PZXL-00092,dnan,墩南线,PZXL-00092-N0072,dnan线50杆,PZXL-00092-N0073,dnan线51杆,50.0,JKLYJ/Q-10-240,JKLYJ/Q-10-240,B+,0.13,0.356,0.0065,0.0178,500.0,550.0,8.6603,CLOSED,24,邳州_10kVdnan线明细.xlsx,PARAMETERIZED_PLANNING_MODEL,485.0,485.0,8.4004,"min(conductor_Imax_base, SRC06_feeder_max_allowed_current)"
PZXL-00092-B0024,PHYSICAL_SPAN,BDZ-00027,墩集变,PZXL-00092,dnan,墩南线,PZXL-00092-N0064,dnan线44杆,PZXL-00092-N0065,dnan线45杆,50.0,JKLYJ/Q-10-240,JKLYJ/Q-10-240,B+,0.13,0.356,0.0065,0.0178,500.0,550.0,8.6603,CLOSED,25,邳州_10kVdnan线明细.xlsx,PARAMETERIZED_PLANNING_MODEL,485.0,485.0,8.4004,"min(conductor_Imax_base, SRC06_feeder_max_allowed_current)"
PZXL-00092-B0025,PHYSICAL_SPAN,BDZ-00027,墩集变,PZXL-00092,dnan,墩南线,PZXL-00092-N0070,dnan线48杆,PZXL-00092-N0071,dnan线49杆,50.0,JKLYJ/Q-10-240,JKLYJ/Q-10-240,B+,0.13,0.356,0.0065,0.0178,500.0,550.0,8.6603,CLOSED,26,邳州_10kVdnan线明细.xlsx,PARAMETERIZED_PLANNING_MODEL,485.0,485.0,8.4004,"min(conductor_Imax_base, SRC06_feeder_max_allowed_current)"
PZXL-00092-B0026,PHYSICAL_SPAN,BDZ-00027,墩集变,PZXL-00092,dnan,墩南线,PZXL-00092-N0071,dnan线49杆,PZXL-00092-N0072,dnan线50杆,50.0,JKLYJ/Q-10-240,JKLYJ/Q-10-240,B+,0.13,0.356,0.0065,0.0178,500.0,550.0,8.6603,CLOSED,27,邳州_10kVdnan线明细.xlsx,PARAMETERIZED_PLANNING_MODEL,485.0,485.0,8.4004,"min(conductor_Imax_base, SRC06_feeder_max_allowed_current)"
PZXL-00092-B0027,PHYSICAL_SPAN,BDZ-00027,墩集变,PZXL-00092,dnan,墩南线,PZXL-00092-N0065,dnan线45杆,PZXL-00092-N0068,dnan线46杆,50.0,JKLYJ/Q-10-240,JKLYJ/Q-10-240,B+,0.13,0.356,0.0065,0.0178,500.0,550.0,8.6603,CLOSED,28,邳州_10kVdnan线明细.xlsx,PARAMETERIZED_PLANNING_MODEL,485.0,485.0,8.4004,"min(conductor_Imax_base, SRC06_feeder_max_allowed_current)"
PZXL-00092-B0028,PHYSICAL_SPAN,BDZ-00027,墩集变,PZXL-00092,dnan,墩南线,PZXL-00092-N0084,dnan线55杆,PZXL-00092-N0087,dnan线56杆,50.0,JKLYJ/Q-10-240,JKLYJ/Q-10-240,B+,0.13,0.356,0.0065,0.0178,500.0,550.0,8.6603,CLOSED,29,邳州_10kVdnan线明细.xlsx,PARAMETERIZED_PLANNING_MODEL,485.0,485.0,8.4004,"min(conductor_Imax_base, SRC06_feeder_max_allowed_current)"
PZXL-00092-B0029,PHYSICAL_SPAN,BDZ-00027,墩集变,PZXL-00092,dnan,墩南线,PZXL-00092-N0062,dnan线42杆,PZXL-00092-N0063,dnan线43杆,50.0,JKLYJ/Q-10-240,JKLYJ/Q-10-240,B+,0.13,0.356,0.0065,0.0178,500.0,550.0,8.6603,CLOSED,30,邳州_10kVdnan线明细.xlsx,PARAMETERIZED_PLANNING_MODEL,485.0,485.0,8.4004,"min(conductor_Imax_base, SRC06_feeder_max_allowed_current)"
PZXL-00092-B0030,PHYSICAL_SPAN,BDZ-00027,墩集变,PZXL-00092,dnan,墩南线,PZXL-00092-N0074,dnan线52杆,PZXL-00092-N0082,dnan线53杆,50.0,JKLYJ/Q-10-240,JKLYJ/Q-10-240,B+,0.13,0.356,0.0065,0.0178,500.0,550.0,8.6603,CLOSED,31,邳州_10kVdnan线明细.xlsx,PARAMETERIZED_PLANNING_MODEL,485.0,485.0,8.4004,"min(conductor_Imax_base, SRC06_feeder_max_allowed_current)"
PZXL-00092-B0031,PHYSICAL_SPAN,BDZ-00027,墩集变,PZXL-00092,dnan,墩南线,PZXL-00092-N0023,dnan线08杆,PZXL-00092-N0024,dnan线09杆,50.0,JKLYJ/Q-10-240,JKLYJ/Q-10-240,B+,0.13,0.356,0.0065,0.0178,500.0,550.0,8.6603,CLOSED,32,邳州_10kVdnan线明细.xlsx,PARAMETERIZED_PLANNING_MODEL,485.0,485.0,8.4004,"min(conductor_Imax_base, SRC06_feeder_max_allowed_current)"
PZXL-00092-B0032,PHYSICAL_SPAN,BDZ-00027,墩集变,PZXL-00092,dnan,墩南线,PZXL-00092-N0184,dnan线恒鼎支线25杆,PZXL-00092-N0185,dnan线恒鼎支线26杆,50.0,JKLYJ/Q-10-240,JKLYJ/Q-10-240,B+,0.13,0.356,0.0065,0.0178,500.0,550.0,8.6603,CLOSED,33,邳州_10kVdnan线明细.xlsx,PARAMETERIZED_PLANNING_MODEL,485.0,485.0,8.4004,"min(conductor_Imax_base, SRC06_feeder_max_allowed_current)"
PZXL-00092-B0033,PHYSICAL_SPAN,BDZ-00027,墩集变,PZXL-00092,dnan,墩南线,PZXL-00092-N0038,dnan线18杆,PZXL-00092-N0160,dnan线恒鼎支线01杆,50.0,JKLYJ/Q-10-240,JKLYJ/Q-10-240,B+,0.13,0.356,0.0065,0.0178,500.0,550.0,8.6603,CLOSED,34,邳州_10kVdnan线明细.xlsx,PARAMETERIZED_PLANNING_MODEL,485.0,485.0,8.4004,"min(conductor_Imax_base, SRC06_feeder_max_allowed_current)"
PZXL-00092-B0034,PHYSICAL_SPAN,BDZ-00027,墩集变,PZXL-00092,dnan,墩南线,PZXL-00092-N0216,dnan线恒鼎支线48杆,PZXL-00092-N0217,dnan线恒鼎支线49杆,50.0,JKLYJ/Q-10-240,JKLYJ/Q-10-240,B+,0.13,0.356,0.0065,0.0178,500.0,550.0,8.6603,CLOSED,35,邳州_10kVdnan线明细.xlsx,PARAMETERIZED_PLANNING_MODEL,485.0,485.0,8.4004,"min(conductor_Imax_base, SRC06_feeder_max_allowed_current)"
PZXL-00092-B0035,PHYSICAL_SPAN,BDZ-00027,墩集变,PZXL-00092,dnan,墩南线,PZXL-00092-N0016,dnan线01杆,PZXL-00092-N0017,dnan线02杆,50.0,JKLYJ/Q-10-240,JKLYJ/Q-10-240,B+,0.13,0.356,0.0065,0.0178,500.0,550.0,8.6603,CLOSED,36,邳州_10kVdnan线明细.xlsx,PARAMETERIZED_PLANNING_MODEL,485.0,485.0,8.4004,"min(conductor_Imax_base, SRC06_feeder_max_allowed_current)"
PZXL-00092-B0036,PHYSICAL_SPAN,BDZ-00027,墩集变,PZXL-00092,dnan,墩南线,PZXL-00092-N0055,dnan线35杆,PZXL-00092-N0056,dnan线36杆,50.0,JKLYJ/Q-10-240,JKLYJ/Q-10-240,B+,0.13,0.356,0.0065,0.0178,500.0,550.0,8.6603,CLOSED,37,邳州_10kVdnan线明细.xlsx,PARAMETERIZED_PLANNING_MODEL,485.0,485.0,8.4004,"min(conductor_Imax_base, SRC06_feeder_max_allowed_current)"
PZXL-00092-B0037,PHYSICAL_SPAN,BDZ-00027,墩集变,PZXL-00092,dnan,墩南线,PZXL-00092-N0048,dnan线28杆,PZXL-00092-N0049,dnan线29杆,50.0,JKLYJ/Q-10-240,JKLYJ/Q-10-240,B+,0.13,0.356,0.0065,0.0178,500.0,550.0,8.6603,CLOSED,38,邳州_10kVdnan线明细.xlsx,PARAMETERIZED_PLANNING_MODEL,485.0,485.0,8.4004,"min(conductor_Imax_base, SRC06_feeder_max_allowed_current)"
PZXL-00092-B0038,PHYSICAL_SPAN,BDZ-00027,墩集变,PZXL-00092,dnan,墩南线,PZXL-00092-N0141,dnan线98杆,PZXL-00092-N0142,dnan线99杆,50.0,JKLYJ/Q-10-240,JKLYJ/Q-10-240,B+,0.13,0.356,0.0065,0.0178,500.0,550.0,8.6603,CLOSED,39,邳州_10kVdnan线明细.xlsx,PARAMETERIZED_PLANNING_MODEL,485.0,485.0,8.4004,"min(conductor_Imax_base, SRC06_feeder_max_allowed_current)"
PZXL-00092-B0039,PHYSICAL_SPAN,BDZ-00027,墩集变,PZXL-00092,dnan,墩南线,PZXL-00092-N0093,dnan线62杆,PZXL-00092-N0094,dnan线63杆,50.0,JKLYJ/Q-10-240,JKLYJ/Q-10-240,B+,0.13,0.356,0.0065,0.0178,500.0,550.0,8.6603,CLOSED,40,邳州_10kVdnan线明细.xlsx,PARAMETERIZED_PLANNING_MODEL,485.0,485.0,8.4004,"min(conductor_Imax_base, SRC06_feeder_max_allowed_current)"
PZXL-00092-B0040,PHYSICAL_SPAN,BDZ-00027,墩集变,PZXL-00092,dnan,墩南线,PZXL-00092-N0043,dnan线23杆,PZXL-00092-N0044,dnan线24杆,50.0,JKLYJ/Q-10-240,JKLYJ/Q-10-240,B+,0.13,0.356,0.0065,0.0178,500.0,550.0,8.6603,CLOSED,41,邳州_10kVdnan线明细.xlsx,PARAMETERIZED_PLANNING_MODEL,485.0,485.0,8.4004,"min(conductor_Imax_base, SRC06_feeder_max_allowed_current)"
PZXL-00092-B0041,PHYSICAL_SPAN,BDZ-00027,墩集变,PZXL-00092,dnan,墩南线,PZXL-00092-N0035,dnan线15杆,PZXL-00092-N0036,dnan线16杆,50.0,JKLYJ/Q-10-240,JKLYJ/Q-10-240,B+,0.13,0.356,0.0065,0.0178,500.0,550.0,8.6603,CLOSED,42,邳州_10kVdnan线明细.xlsx,PARAMETERIZED_PLANNING_MODEL,485.0,485.0,8.4004,"min(conductor_Imax_base, SRC06_feeder_max_allowed_current)"
PZXL-00092-B0042,PHYSICAL_SPAN,BDZ-00027,墩集变,PZXL-00092,dnan,墩南线,PZXL-00092-N0139,dnan线96杆,PZXL-00092-N0140,dnan线97杆,50.0,JKLYJ/Q-10-240,JKLYJ/Q-10-240,B+,0.13,0.356,0.0065,0.0178,500.0,550.0,8.6603,CLOSED,43,邳州_10kVdnan线明细.xlsx,PARAMETERIZED_PLANNING_MODEL,485.0,485.0,8.4004,"min(conductor_Imax_base, SRC06_feeder_max_allowed_current)"
PZXL-00092-B0043,PHYSICAL_SPAN,BDZ-00027,墩集变,PZXL-00092,dnan,墩南线,PZXL-00092-N0219,dnan线黄安七支站支线02杆,PZXL-00092-N0220,dnan线黄安七支站支线03杆,50.0,JKLYJ/Q-10-240,JKLYJ/Q-10-240,B+,0.13,0.356,0.0065,0.0178,500.0,550.0,8.6603,CLOSED,44,邳州_10kVdnan线明细.xlsx,PARAMETERIZED_PLANNING_MODEL,485.0,485.0,8.4004,"min(conductor_Imax_base, SRC06_feeder_max_allowed_current)"
PZXL-00092-B0044,PHYSICAL_SPAN,BDZ-00027,墩集变,PZXL-00092,dnan,墩南线,PZXL-00092-N0222,dnan线黄安七支站支线05杆,PZXL-00092-N0223,dnan线黄安七支站支线06杆,50.0,JKLYJ/Q-10-240,JKLYJ/Q-10-240,B+,0.13,0.356,0.0065,0.0178,500.0,550.0,8.6603,CLOSED,45,邳州_10kVdnan线明细.xlsx,PARAMETERIZED_PLANNING_MODEL,485.0,485.0,8.4004,"min(conductor_Imax_base, SRC06_feeder_max_allowed_current)"
PZXL-00092-B0045,PHYSICAL_SPAN,BDZ-00027,墩集变,PZXL-00092,dnan,墩南线,PZXL-00092-N0234,dnan线黄安六支站支线11,PZXL-00092-N0235,dnan线黄安六支站支线12,50.0,JKLYJ/Q-10-240,JKLYJ/Q-10-240,B+,0.13,0.356,0.0065,0.0178,500.0,550.0,8.6603,CLOSED,46,邳州_10kVdnan线明细.xlsx,PARAMETERIZED_PLANNING_MODEL,485.0,485.0,8.4004,"min(conductor_Imax_base, SRC06_feeder_max_allowed_current)"
PZXL-00092-B0046,PHYSICAL_SPAN,BDZ-00027,墩集变,PZXL-00092,dnan,墩南线,PZXL-00092-N0148,dnan线天齐七支站支线02杆,PZXL-00092-N0149,dnan线天齐七支站支线03杆,50.0,JKLYJ/Q-10-240,JKLYJ/Q-10-240,B+,0.13,0.356,0.0065,0.0178,500.0,550.0,8.6603,CLOSED,47,邳州_10kVdnan线明细.xlsx,PARAMETERIZED_PLANNING_MODEL,485.0,485.0,8.4004,"min(conductor_Imax_base, SRC06_feeder_max_allowed_current)"
PZXL-00092-B0047,PHYSICAL_SPAN,BDZ-00027,墩集变,PZXL-00092,dnan,墩南线,PZXL-00092-N0033,dnan线13杆,PZXL-00092-N0034,dnan线14杆,50.0,JKLYJ/Q-10-240,JKLYJ/Q-10-240,B+,0.13,0.356,0.0065,0.0178,500.0,550.0,8.6603,CLOSED,48,邳州_10kVdnan线明细.xlsx,PARAMETERIZED_PLANNING_MODEL,485.0,485.0,8.4004,"min(conductor_Imax_base, SRC06_feeder_max_allowed_current)"
PZXL-00092-B0048,PHYSICAL_SPAN,BDZ-00027,墩集变,PZXL-00092,dnan,墩南线,PZXL-00092-N0024,dnan线09杆,PZXL-00092-N0030,dnan线10杆,50.0,JKLYJ/Q-10-240,JKLYJ/Q-10-240,B+,0.13,0.356,0.0065,0.0178,500.0,550.0,8.6603,CLOSED,49,邳州_10kVdnan线明细.xlsx,PARAMETERIZED_PLANNING_MODEL,485.0,485.0,8.4004,"min(conductor_Imax_base, SRC06_feeder_max_allowed_current)"
PZXL-00092-B0049,PHYSICAL_SPAN,BDZ-00027,墩集变,PZXL-00092,dnan,墩南线,PZXL-00092-N0136,dnan线93杆,PZXL-00092-N0137,dnan线94杆,50.0,JKLYJ/Q-10-240,JKLYJ/Q-10-240,B+,0.13,0.356,0.0065,0.0178,500.0,550.0,8.6603,CLOSED,50,邳州_10kVdnan线明细.xlsx,PARAMETERIZED_PLANNING_MODEL,485.0,485.0,8.4004,"min(conductor_Imax_base, SRC06_feeder_max_allowed_current)"
PZXL-00092-B0050,PHYSICAL_SPAN,BDZ-00027,墩集变,PZXL-00092,dnan,墩南线,PZXL-00092-N0153,dnan线天齐七支站支线07杆,PZXL-00092-N0154,dnan线天齐七支站支线08杆,50.0,JKLYJ/Q-10-240,JKLYJ/Q-10-240,B+,0.13,0.356,0.0065,0.0178,500.0,550.0,8.6603,CLOSED,51,邳州_10kVdnan线明细.xlsx,PARAMETERIZED_PLANNING_MODEL,485.0,485.0,8.4004,"min(conductor_Imax_base, SRC06_feeder_max_allowed_current)"
PZXL-00092-B0051,PHYSICAL_SPAN,BDZ-00027,墩集变,PZXL-00092,dnan,墩南线,PZXL-00092-N0001,dji南台支线10杆,PZXL-00092-N0002,dji南台支线11杆,50.0,JKLYJ/Q-10-240,JKLYJ/Q-10-240,B+,0.13,0.356,0.0065,0.0178,500.0,550.0,8.6603,CLOSED,52,邳州_10kVdnan线明细.xlsx,PARAMETERIZED_PLANNING_MODEL,485.0,485.0,8.4004,"min(conductor_Imax_base, SRC06_feeder_max_allowed_current)"
PZXL-00092-B0052,PHYSICAL_SPAN,BDZ-00027,墩集变,PZXL-00092,dnan,墩南线,PZXL-00092-N0140,dnan线97杆,PZXL-00092-N0141,dnan线98杆,50.0,JKLYJ/Q-10-240,JKLYJ/Q-10-240,B+,0.13,0.356,0.0065,0.0178,500.0,550.0,8.6603,CLOSED,53,邳州_10kVdnan线明细.xlsx,PARAMETERIZED_PLANNING_MODEL,485.0,485.0,8.4004,"min(conductor_Imax_base, SRC06_feeder_max_allowed_current)"
PZXL-00092-B0053,PHYSICAL_SPAN,BDZ-00027,墩集变,PZXL-00092,dnan,墩南线,PZXL-00092-N0015,dji南台支线9杆,PZXL-00092-N0001,dji南台支线10杆,50.0,JKLYJ/Q-10-240,JKLYJ/Q-10-240,B+,0.13,0.356,0.0065,0.0178,500.0,550.0,8.6603,CLOSED,54,邳州_10kVdnan线明细.xlsx,PARAMETERIZED_PLANNING_MODEL,485.0,485.0,8.4004,"min(conductor_Imax_base, SRC06_feeder_max_allowed_current)"
PZXL-00092-B0054,PHYSICAL_SPAN,BDZ-00027,墩集变,PZXL-00092,dnan,墩南线,PZXL-00092-N0133,dnan线90杆,PZXL-00092-N0147,dnan线天齐七支站支线01杆,50.0,JKLYJ/Q-10-240,JKLYJ/Q-10-240,B+,0.13,0.356,0.0065,0.0178,500.0,550.0,8.6603,CLOSED,55,邳州_10kVdnan线明细.xlsx,PARAMETERIZED_PLANNING_MODEL,485.0,485.0,8.4004,"min(conductor_Imax_base, SRC06_feeder_max_allowed_current)"
PZXL-00092-B0055,PHYSICAL_SPAN,BDZ-00027,墩集变,PZXL-00092,dnan,墩南线,PZXL-00092-N0005,dji南台支线14杆,PZXL-00092-N0006,dji南台支线15杆,50.0,JKLYJ/Q-10-240,JKLYJ/Q-10-240,B+,0.13,0.356,0.0065,0.0178,500.0,550.0,8.6603,CLOSED,56,邳州_10kVdnan线明细.xlsx,PARAMETERIZED_PLANNING_MODEL,485.0,485.0,8.4004,"min(conductor_Imax_base, SRC06_feeder_max_allowed_current)"
PZXL-00092-B0056,PHYSICAL_SPAN,BDZ-00027,墩集变,PZXL-00092,dnan,墩南线,PZXL-00092-N0032,dnan线12杆,PZXL-00092-N0033,dnan线13杆,50.0,JKLYJ/Q-10-240,JKLYJ/Q-10-240,B+,0.13,0.356,0.0065,0.0178,500.0,550.0,8.6603,CLOSED,57,邳州_10kVdnan线明细.xlsx,PARAMETERIZED_PLANNING_MODEL,485.0,485.0,8.4004,"min(conductor_Imax_base, SRC06_feeder_max_allowed_current)"
PZXL-00092-B0057,PHYSICAL_SPAN,BDZ-00027,墩集变,PZXL-00092,dnan,墩南线,PZXL-00092-N0037,dnan线17杆,PZXL-00092-N0038,dnan线18杆,50.0,JKLYJ/Q-10-240,JKLYJ/Q-10-240,B+,0.13,0.356,0.0065,0.0178,500.0,550.0,8.6603,CLOSED,58,邳州_10kVdnan线明细.xlsx,PARAMETERIZED_PLANNING_MODEL,485.0,485.0,8.4004,"min(conductor_Imax_base, SRC06_feeder_max_allowed_current)"
PZXL-00092-B0058,PHYSICAL_SPAN,BDZ-00027,墩集变,PZXL-00092,dnan,墩南线,PZXL-00092-N0228,dnan线黄安六支站支线05杆,PZXL-00092-N0229,dnan线黄安六支站支线06杆,50.0,JKLYJ/Q-10-240,JKLYJ/Q-10-240,B+,0.13,0.356,0.0065,0.0178,500.0,550.0,8.6603,CLOSED,59,邳州_10kVdnan线明细.xlsx,PARAMETERIZED_PLANNING_MODEL,485.0,485.0,8.4004,"min(conductor_Imax_base, SRC06_feeder_max_allowed_current)"
PZXL-00092-B0059,PHYSICAL_SPAN,BDZ-00027,墩集变,PZXL-00092,dnan,墩南线,PZXL-00092-N0039,dnan线19杆,PZXL-00092-N0040,dnan线20杆,50.0,JKLYJ/Q-10-240,JKLYJ/Q-10-240,B+,0.13,0.356,0.0065,0.0178,500.0,550.0,8.6603,CLOSED,60,邳州_10kVdnan线明细.xlsx,PARAMETERIZED_PLANNING_MODEL,485.0,485.0,8.4004,"min(conductor_Imax_base, SRC06_feeder_max_allowed_current)"
PZXL-00092-B0060,PHYSICAL_SPAN,BDZ-00027,墩集变,PZXL-00092,dnan,墩南线,PZXL-00092-N0040,dnan线20杆,PZXL-00092-N0041,dnan线21杆,50.0,JKLYJ/Q-10-240,JKLYJ/Q-10-240,B+,0.13,0.356,0.0065,0.0178,500.0,550.0,8.6603,CLOSED,61,邳州_10kVdnan线明细.xlsx,PARAMETERIZED_PLANNING_MODEL,485.0,485.0,8.4004,"min(conductor_Imax_base, SRC06_feeder_max_allowed_current)"
PZXL-00092-B0061,PHYSICAL_SPAN,BDZ-00027,墩集变,PZXL-00092,dnan,墩南线,PZXL-00092-N0220,dnan线黄安七支站支线03杆,PZXL-00092-N0221,dnan线黄安七支站支线04杆,50.0,JKLYJ/Q-10-240,JKLYJ/Q-10-240,B+,0.13,0.356,0.0065,0.0178,500.0,550.0,8.6603,CLOSED,62,邳州_10kVdnan线明细.xlsx,PARAMETERIZED_PLANNING_MODEL,485.0,485.0,8.4004,"min(conductor_Imax_base, SRC06_feeder_max_allowed_current)"
PZXL-00092-B0062,PHYSICAL_SPAN,BDZ-00027,墩集变,PZXL-00092,dnan,墩南线,PZXL-00092-N0229,dnan线黄安六支站支线06杆,PZXL-00092-N0230,dnan线黄安六支站支线07杆,50.0,JKLYJ/Q-10-240,JKLYJ/Q-10-240,B+,0.13,0.356,0.0065,0.0178,500.0,550.0,8.6603,CLOSED,63,邳州_10kVdnan线明细.xlsx,PARAMETERIZED_PLANNING_MODEL,485.0,485.0,8.4004,"min(conductor_Imax_base, SRC06_feeder_max_allowed_current)"
PZXL-00092-B0063,PHYSICAL_SPAN,BDZ-00027,墩集变,PZXL-00092,dnan,墩南线,PZXL-00092-N0003,dji南台支线12杆,PZXL-00092-N0004,dji南台支线13杆,50.0,JKLYJ/Q-10-240,JKLYJ/Q-10-240,B+,0.13,0.356,0.0065,0.0178,500.0,550.0,8.6603,CLOSED,64,邳州_10kVdnan线明细.xlsx,PARAMETERIZED_PLANNING_MODEL,485.0,485.0,8.4004,"min(conductor_Imax_base, SRC06_feeder_max_allowed_current)"
PZXL-00092-B0064,PHYSICAL_SPAN,BDZ-00027,墩集变,PZXL-00092,dnan,墩南线,PZXL-00092-N0042,dnan线22杆,PZXL-00092-N0043,dnan线23杆,50.0,JKLYJ/Q-10-240,JKLYJ/Q-10-240,B+,0.13,0.356,0.0065,0.0178,500.0,550.0,8.6603,CLOSED,65,邳州_10kVdnan线明细.xlsx,PARAMETERIZED_PLANNING_MODEL,485.0,485.0,8.4004,"min(conductor_Imax_base, SRC06_feeder_max_allowed_current)"
PZXL-00092-B0065,PHYSICAL_SPAN,BDZ-00027,墩集变,PZXL-00092,dnan,墩南线,PZXL-00092-N0137,dnan线94杆,PZXL-00092-N0138,dnan线95杆,50.0,JKLYJ/Q-10-240,JKLYJ/Q-10-240,B+,0.13,0.356,0.0065,0.0178,500.0,550.0,8.6603,CLOSED,66,邳州_10kVdnan线明细.xlsx,PARAMETERIZED_PLANNING_MODEL,485.0,485.0,8.4004,"min(conductor_Imax_base, SRC06_feeder_max_allowed_current)"
PZXL-00092-B0066,PHYSICAL_SPAN,BDZ-00027,墩集变,PZXL-00092,dnan,墩南线,PZXL-00092-N0151,dnan线天齐七支站支线05杆,PZXL-00092-N0152,dnan线天齐七支站支线06杆,50.0,JKLYJ/Q-10-240,JKLYJ/Q-10-240,B+,0.13,0.356,0.0065,0.0178,500.0,550.0,8.6603,CLOSED,67,邳州_10kVdnan线明细.xlsx,PARAMETERIZED_PLANNING_MODEL,485.0,485.0,8.4004,"min(conductor_Imax_base, SRC06_feeder_max_allowed_current)"
PZXL-00092-B0067,PHYSICAL_SPAN,BDZ-00027,墩集变,PZXL-00092,dnan,墩南线,PZXL-00092-N0152,dnan线天齐七支站支线06杆,PZXL-00092-N0153,dnan线天齐七支站支线07杆,50.0,JKLYJ/Q-10-240,JKLYJ/Q-10-240,B+,0.13,0.356,0.0065,0.0178,500.0,550.0,8.6603,CLOSED,68,邳州_10kVdnan线明细.xlsx,PARAMETERIZED_PLANNING_MODEL,485.0,485.0,8.4004,"min(conductor_Imax_base, SRC06_feeder_max_allowed_current)"
PZXL-00092-B0068,PHYSICAL_SPAN,BDZ-00027,墩集变,PZXL-00092,dnan,墩南线,PZXL-00092-N0154,dnan线天齐七支站支线08杆,PZXL-00092-N0155,dnan线天齐七支站支线09杆,50.0,JKLYJ/Q-10-240,JKLYJ/Q-10-240,B+,0.13,0.356,0.0065,0.0178,500.0,550.0,8.6603,CLOSED,69,邳州_10kVdnan线明细.xlsx,PARAMETERIZED_PLANNING_MODEL,485.0,485.0,8.4004,"min(conductor_Imax_base, SRC06_feeder_max_allowed_current)"
PZXL-00092-B0069,PHYSICAL_SPAN,BDZ-00027,墩集变,PZXL-00092,dnan,墩南线,PZXL-00092-N0227,dnan线黄安六支站支线04杆,PZXL-00092-N0228,dnan线黄安六支站支线05杆,50.0,JKLYJ/Q-10-240,JKLYJ/Q-10-240,B+,0.13,0.356,0.0065,0.0178,500.0,550.0,8.6603,CLOSED,70,邳州_10kVdnan线明细.xlsx,PARAMETERIZED_PLANNING_MODEL,485.0,485.0,8.4004,"min(conductor_Imax_base, SRC06_feeder_max_allowed_current)"
PZXL-00092-B0070,PHYSICAL_SPAN,BDZ-00027,墩集变,PZXL-00092,dnan,墩南线,PZXL-00092-N0036,dnan线16杆,PZXL-00092-N0037,dnan线17杆,50.0,JKLYJ/Q-10-240,JKLYJ/Q-10-240,B+,0.13,0.356,0.0065,0.0178,500.0,550.0,8.6603,CLOSED,71,邳州_10kVdnan线明细.xlsx,PARAMETERIZED_PLANNING_MODEL,485.0,485.0,8.4004,"min(conductor_Imax_base, SRC06_feeder_max_allowed_current)"
PZXL-00092-B0071,PHYSICAL_SPAN,BDZ-00027,墩集变,PZXL-00092,dnan,墩南线,PZXL-00092-N0226,dnan线黄安六支站支线03杆,PZXL-00092-N0227,dnan线黄安六支站支线04杆,50.0,JKLYJ/Q-10-240,JKLYJ/Q-10-240,B+,0.13,0.356,0.0065,0.0178,500.0,550.0,8.6603,CLOSED,72,邳州_10kVdnan线明细.xlsx,PARAMETERIZED_PLANNING_MODEL,485.0,485.0,8.4004,"min(conductor_Imax_base, SRC06_feeder_max_allowed_current)"
PZXL-00092-B0072,PHYSICAL_SPAN,BDZ-00027,墩集变,PZXL-00092,dnan,墩南线,PZXL-00092-N0235,dnan线黄安六支站支线12,PZXL-00092-N0236,dnan线黄安六支站支线13,50.0,JKLYJ/Q-10-240,JKLYJ/Q-10-240,B+,0.13,0.356,0.0065,0.0178,500.0,550.0,8.6603,CLOSED,73,邳州_10kVdnan线明细.xlsx,PARAMETERIZED_PLANNING_MODEL,485.0,485.0,8.4004,"min(conductor_Imax_base, SRC06_feeder_max_allowed_current)"
PZXL-00092-B0073,PHYSICAL_SPAN,BDZ-00027,墩集变,PZXL-00092,dnan,墩南线,PZXL-00092-N0037,dnan线17杆,PZXL-00092-N0243,军霞器材支线1杆,50.0,JKLYJ/Q-10-240,JKLYJ/Q-10-240,B+,0.13,0.356,0.0065,0.0178,500.0,550.0,8.6603,CLOSED,74,邳州_10kVdnan线明细.xlsx,PARAMETERIZED_PLANNING_MODEL,485.0,485.0,8.4004,"min(conductor_Imax_base, SRC06_feeder_max_allowed_current)"
PZXL-00092-B0074,PHYSICAL_SPAN,BDZ-00027,墩集变,PZXL-00092,dnan,墩南线,PZXL-00092-N0031,dnan线11杆,PZXL-00092-N0032,dnan线12杆,50.0,JKLYJ/Q-10-240,JKLYJ/Q-10-240,B+,0.13,0.356,0.0065,0.0178,500.0,550.0,8.6603,CLOSED,75,邳州_10kVdnan线明细.xlsx,PARAMETERIZED_PLANNING_MODEL,485.0,485.0,8.4004,"min(conductor_Imax_base, SRC06_feeder_max_allowed_current)"
PZXL-00092-B0075,PHYSICAL_SPAN,BDZ-00027,墩集变,PZXL-00092,dnan,墩南线,PZXL-00092-N0231,dnan线黄安六支站支线08杆,PZXL-00092-N0232,dnan线黄安六支站支线09杆,50.0,JKLYJ/Q-10-240,JKLYJ/Q-10-240,B+,0.13,0.356,0.0065,0.0178,500.0,550.0,8.6603,CLOSED,76,邳州_10kVdnan线明细.xlsx,PARAMETERIZED_PLANNING_MODEL,485.0,485.0,8.4004,"min(conductor_Imax_base, SRC06_feeder_max_allowed_current)"
PZXL-00092-B0076,PHYSICAL_SPAN,BDZ-00027,墩集变,PZXL-00092,dnan,墩南线,PZXL-00092-N0134,dnan线91杆,PZXL-00092-N0135,dnan线92杆,50.0,JKLYJ/Q-10-240,JKLYJ/Q-10-240,B+,0.13,0.356,0.0065,0.0178,500.0,550.0,8.6603,CLOSED,77,邳州_10kVdnan线明细.xlsx,PARAMETERIZED_PLANNING_MODEL,485.0,485.0,8.4004,"min(conductor_Imax_base, SRC06_feeder_max_allowed_current)"
PZXL-00092-B0077,PHYSICAL_SPAN,BDZ-00027,墩集变,PZXL-00092,dnan,墩南线,PZXL-00092-N0230,dnan线黄安六支站支线07杆,PZXL-00092-N0231,dnan线黄安六支站支线08杆,50.0,JKLYJ/Q-10-240,JKLYJ/Q-10-240,B+,0.13,0.356,0.0065,0.0178,500.0,550.0,8.6603,CLOSED,78,邳州_10kVdnan线明细.xlsx,PARAMETERIZED_PLANNING_MODEL,485.0,485.0,8.4004,"min(conductor_Imax_base, SRC06_feeder_max_allowed_current)"
PZXL-00092-B0078,PHYSICAL_SPAN,BDZ-00027,墩集变,PZXL-00092,dnan,墩南线,PZXL-00092-N0218,dnan线黄安七支站支线01杆,PZXL-00092-N0219,dnan线黄安七支站支线02杆,50.0,JKLYJ/Q-10-240,JKLYJ/Q-10-240,B+,0.13,0.356,0.0065,0.0178,500.0,550.0,8.6603,CLOSED,79,邳州_10kVdnan线明细.xlsx,PARAMETERIZED_PLANNING_MODEL,485.0,485.0,8.4004,"min(conductor_Imax_base, SRC06_feeder_max_allowed_current)"
PZXL-00092-B0079,PHYSICAL_SPAN,BDZ-00027,墩集变,PZXL-00092,dnan,墩南线,PZXL-00092-N0002,dji南台支线11杆,PZXL-00092-N0003,dji南台支线12杆,50.0,JKLYJ/Q-10-240,JKLYJ/Q-10-240,B+,0.13,0.356,0.0065,0.0178,500.0,550.0,8.6603,CLOSED,80,邳州_10kVdnan线明细.xlsx,PARAMETERIZED_PLANNING_MODEL,485.0,485.0,8.4004,"min(conductor_Imax_base, SRC06_feeder_max_allowed_current)"
PZXL-00092-B0080,PHYSICAL_SPAN,BDZ-00027,墩集变,PZXL-00092,dnan,墩南线,PZXL-00092-N0221,dnan线黄安七支站支线04杆,PZXL-00092-N0222,dnan线黄安七支站支线05杆,50.0,JKLYJ/Q-10-240,JKLYJ/Q-10-240,B+,0.13,0.356,0.0065,0.0178,500.0,550.0,8.6603,CLOSED,81,邳州_10kVdnan线明细.xlsx,PARAMETERIZED_PLANNING_MODEL,485.0,485.0,8.4004,"min(conductor_Imax_base, SRC06_feeder_max_allowed_current)"
PZXL-00092-B0081,PHYSICAL_SPAN,BDZ-00027,墩集变,PZXL-00092,dnan,墩南线,PZXL-00092-N0048,dnan线28杆,PZXL-00092-N0224,dnan线黄安六支站支线01杆,50.0,JKLYJ/Q-10-240,JKLYJ/Q-10-240,B+,0.13,0.356,0.0065,0.0178,500.0,550.0,8.6603,CLOSED,82,邳州_10kVdnan线明细.xlsx,PARAMETERIZED_PLANNING_MODEL,485.0,485.0,8.4004,"min(conductor_Imax_base, SRC06_feeder_max_allowed_current)"
PZXL-00092-B0082,PHYSICAL_SPAN,BDZ-00027,墩集变,PZXL-00092,dnan,墩南线,PZXL-00092-N0242,dnan线黄安六支站支线9-1杆,PZXL-00092-N0233,dnan线黄安六支站支线10,50.0,JKLYJ/Q-10-240,JKLYJ/Q-10-240,B+,0.13,0.356,0.0065,0.0178,500.0,550.0,8.6603,CLOSED,83,邳州_10kVdnan线明细.xlsx,PARAMETERIZED_PLANNING_MODEL,485.0,485.0,8.4004,"min(conductor_Imax_base, SRC06_feeder_max_allowed_current)"
PZXL-00092-B0083,PHYSICAL_SPAN,BDZ-00027,墩集变,PZXL-00092,dnan,墩南线,PZXL-00092-N0133,dnan线90杆,PZXL-00092-N0134,dnan线91杆,50.0,JKLYJ/Q-10-240,JKLYJ/Q-10-240,B+,0.13,0.356,0.0065,0.0178,500.0,550.0,8.6603,CLOSED,84,邳州_10kVdnan线明细.xlsx,PARAMETERIZED_PLANNING_MODEL,485.0,485.0,8.4004,"min(conductor_Imax_base, SRC06_feeder_max_allowed_current)"
PZXL-00092-B0084,PHYSICAL_SPAN,BDZ-00027,墩集变,PZXL-00092,dnan,墩南线,PZXL-00092-N0150,dnan线天齐七支站支线04杆,PZXL-00092-N0151,dnan线天齐七支站支线05杆,50.0,JKLYJ/Q-10-240,JKLYJ/Q-10-240,B+,0.13,0.356,0.0065,0.0178,500.0,550.0,8.6603,CLOSED,85,邳州_10kVdnan线明细.xlsx,PARAMETERIZED_PLANNING_MODEL,485.0,485.0,8.4004,"min(conductor_Imax_base, SRC06_feeder_max_allowed_current)"
PZXL-00092-B0085,PHYSICAL_SPAN,BDZ-00027,墩集变,PZXL-00092,dnan,墩南线,PZXL-00092-N0041,dnan线21杆,PZXL-00092-N0042,dnan线22杆,50.0,JKLYJ/Q-10-240,JKLYJ/Q-10-240,B+,0.13,0.356,0.0065,0.0178,500.0,550.0,8.6603,CLOSED,86,邳州_10kVdnan线明细.xlsx,PARAMETERIZED_PLANNING_MODEL,485.0,485.0,8.4004,"min(conductor_Imax_base, SRC06_feeder_max_allowed_current)"
PZXL-00092-B0086,PHYSICAL_SPAN,BDZ-00027,墩集变,PZXL-00092,dnan,墩南线,PZXL-00092-N0147,dnan线天齐七支站支线01杆,PZXL-00092-N0148,dnan线天齐七支站支线02杆,50.0,JKLYJ/Q-10-240,JKLYJ/Q-10-240,B+,0.13,0.356,0.0065,0.0178,500.0,550.0,8.6603,CLOSED,87,邳州_10kVdnan线明细.xlsx,PARAMETERIZED_PLANNING_MODEL,485.0,485.0,8.4004,"min(conductor_Imax_base, SRC06_feeder_max_allowed_current)"
PZXL-00092-B0087,PHYSICAL_SPAN,BDZ-00027,墩集变,PZXL-00092,dnan,墩南线,PZXL-00092-N0149,dnan线天齐七支站支线03杆,PZXL-00092-N0150,dnan线天齐七支站支线04杆,50.0,JKLYJ/Q-10-240,JKLYJ/Q-10-240,B+,0.13,0.356,0.0065,0.0178,500.0,550.0,8.6603,CLOSED,88,邳州_10kVdnan线明细.xlsx,PARAMETERIZED_PLANNING_MODEL,485.0,485.0,8.4004,"min(conductor_Imax_base, SRC06_feeder_max_allowed_current)"
PZXL-00092-B0088,PHYSICAL_SPAN,BDZ-00027,墩集变,PZXL-00092,dnan,墩南线,PZXL-00092-N0004,dji南台支线13杆,PZXL-00092-N0005,dji南台支线14杆,50.0,JKLYJ/Q-10-240,JKLYJ/Q-10-240,B+,0.13,0.356,0.0065,0.0178,500.0,550.0,8.6603,CLOSED,89,邳州_10kVdnan线明细.xlsx,PARAMETERIZED_PLANNING_MODEL,485.0,485.0,8.4004,"min(conductor_Imax_base, SRC06_feeder_max_allowed_current)"
PZXL-00092-B0089,PHYSICAL_SPAN,BDZ-00027,墩集变,PZXL-00092,dnan,墩南线,PZXL-00092-N0225,dnan线黄安六支站支线02杆,PZXL-00092-N0226,dnan线黄安六支站支线03杆,50.0,JKLYJ/Q-10-240,JKLYJ/Q-10-240,B+,0.13,0.356,0.0065,0.0178,500.0,550.0,8.6603,CLOSED,90,邳州_10kVdnan线明细.xlsx,PARAMETERIZED_PLANNING_MODEL,485.0,485.0,8.4004,"min(conductor_Imax_base, SRC06_feeder_max_allowed_current)"
PZXL-00092-B0090,PHYSICAL_SPAN,BDZ-00027,墩集变,PZXL-00092,dnan,墩南线,PZXL-00092-N0210,dnan线恒鼎支线42杆,PZXL-00092-N0211,dnan线恒鼎支线43杆,50.0,JKLYJ/Q-10-240,JKLYJ/Q-10-240,B+,0.13,0.356,0.0065,0.0178,500.0,550.0,8.6603,CLOSED,91,邳州_10kVdnan线明细.xlsx,PARAMETERIZED_PLANNING_MODEL,485.0,485.0,8.4004,"min(conductor_Imax_base, SRC06_feeder_max_allowed_current)"
PZXL-00092-B0091,PHYSICAL_SPAN,BDZ-00027,墩集变,PZXL-00092,dnan,墩南线,PZXL-00092-N0177,dnan线恒鼎支线18杆,PZXL-00092-N0178,dnan线恒鼎支线19杆,50.0,JKLYJ/Q-10-240,JKLYJ/Q-10-240,B+,0.13,0.356,0.0065,0.0178,500.0,550.0,8.6603,CLOSED,92,邳州_10kVdnan线明细.xlsx,PARAMETERIZED_PLANNING_MODEL,485.0,485.0,8.4004,"min(conductor_Imax_base, SRC06_feeder_max_allowed_current)"
PZXL-00092-B0092,PHYSICAL_SPAN,BDZ-00027,墩集变,PZXL-00092,dnan,墩南线,PZXL-00092-N0182,dnan线恒鼎支线23杆,PZXL-00092-N0183,dnan线恒鼎支线24杆,50.0,JKLYJ/Q-10-240,JKLYJ/Q-10-240,B+,0.13,0.356,0.0065,0.0178,500.0,550.0,8.6603,CLOSED,93,邳州_10kVdnan线明细.xlsx,PARAMETERIZED_PLANNING_MODEL,485.0,485.0,8.4004,"min(conductor_Imax_base, SRC06_feeder_max_allowed_current)"
PZXL-00092-B0093,PHYSICAL_SPAN,BDZ-00027,墩集变,PZXL-00092,dnan,墩南线,PZXL-00092-N0049,dnan线29杆,PZXL-00092-N0050,dnan线30杆,50.0,JKLYJ/Q-10-240,JKLYJ/Q-10-240,B+,0.13,0.356,0.0065,0.0178,500.0,550.0,8.6603,CLOSED,94,邳州_10kVdnan线明细.xlsx,PARAMETERIZED_PLANNING_MODEL,485.0,485.0,8.4004,"min(conductor_Imax_base, SRC06_feeder_max_allowed_current)"
PZXL-00092-B0094,PHYSICAL_SPAN,BDZ-00027,墩集变,PZXL-00092,dnan,墩南线,PZXL-00092-N0183,dnan线恒鼎支线24杆,PZXL-00092-N0184,dnan线恒鼎支线25杆,50.0,JKLYJ/Q-10-240,JKLYJ/Q-10-240,B+,0.13,0.356,0.0065,0.0178,500.0,550.0,8.6603,CLOSED,95,邳州_10kVdnan线明细.xlsx,PARAMETERIZED_PLANNING_MODEL,485.0,485.0,8.4004,"min(conductor_Imax_base, SRC06_feeder_max_allowed_current)"
PZXL-00092-B0095,PHYSICAL_SPAN,BDZ-00027,墩集变,PZXL-00092,dnan,墩南线,PZXL-00092-N0209,dnan线恒鼎支线41杆,PZXL-00092-N0210,dnan线恒鼎支线42杆,50.0,JKLYJ/Q-10-240,JKLYJ/Q-10-240,B+,0.13,0.356,0.0065,0.0178,500.0,550.0,8.6603,CLOSED,96,邳州_10kVdnan线明细.xlsx,PARAMETERIZED_PLANNING_MODEL,485.0,485.0,8.4004,"min(conductor_Imax_base, SRC06_feeder_max_allowed_current)"
PZXL-00092-B0096,PHYSICAL_SPAN,BDZ-00027,墩集变,PZXL-00092,dnan,墩南线,PZXL-00092-N0087,dnan线56杆,PZXL-00092-N0088,dnan线57杆,50.0,JKLYJ/Q-10-240,JKLYJ/Q-10-240,B+,0.13,0.356,0.0065,0.0178,500.0,550.0,8.6603,CLOSED,97,邳州_10kVdnan线明细.xlsx,PARAMETERIZED_PLANNING_MODEL,485.0,485.0,8.4004,"min(conductor_Imax_base, SRC06_feeder_max_allowed_current)"
PZXL-00092-B0097,PHYSICAL_SPAN,BDZ-00027,墩集变,PZXL-00092,dnan,墩南线,PZXL-00092-N0022,dnan线07杆,PZXL-00092-N0023,dnan线08杆,50.0,JKLYJ/Q-10-240,JKLYJ/Q-10-240,B+,0.13,0.356,0.0065,0.0178,500.0,550.0,8.6603,CLOSED,98,邳州_10kVdnan线明细.xlsx,PARAMETERIZED_PLANNING_MODEL,485.0,485.0,8.4004,"min(conductor_Imax_base, SRC06_feeder_max_allowed_current)"
PZXL-00092-B0098,PHYSICAL_SPAN,BDZ-00027,墩集变,PZXL-00092,dnan,墩南线,PZXL-00092-N0094,dnan线63杆,PZXL-00092-N0095,dnan线64杆,50.0,JKLYJ/Q-10-240,JKLYJ/Q-10-240,B+,0.13,0.356,0.0065,0.0178,500.0,550.0,8.6603,CLOSED,99,邳州_10kVdnan线明细.xlsx,PARAMETERIZED_PLANNING_MODEL,485.0,485.0,8.4004,"min(conductor_Imax_base, SRC06_feeder_max_allowed_current)"
PZXL-00092-B0099,PHYSICAL_SPAN,BDZ-00027,墩集变,PZXL-00092,dnan,墩南线,PZXL-00092-N0213,dnan线恒鼎支线45杆,PZXL-00092-N0214,dnan线恒鼎支线46杆,50.0,JKLYJ/Q-10-240,JKLYJ/Q-10-240,B+,0.13,0.356,0.0065,0.0178,500.0,550.0,8.6603,CLOSED,100,邳州_10kVdnan线明细.xlsx,PARAMETERIZED_PLANNING_MODEL,485.0,485.0,8.4004,"min(conductor_Imax_base, SRC06_feeder_max_allowed_current)"
PZXL-00092-B0100,PHYSICAL_SPAN,BDZ-00027,墩集变,PZXL-00092,dnan,墩南线,PZXL-00092-N0176,dnan线恒鼎支线17杆,PZXL-00092-N0177,dnan线恒鼎支线18杆,50.0,JKLYJ/Q-10-240,JKLYJ/Q-10-240,B+,0.13,0.356,0.0065,0.0178,500.0,550.0,8.6603,CLOSED,101,邳州_10kVdnan线明细.xlsx,PARAMETERIZED_PLANNING_MODEL,485.0,485.0,8.4004,"min(conductor_Imax_base, SRC06_feeder_max_allowed_current)"
PZXL-00092-B0101,PHYSICAL_SPAN,BDZ-00027,墩集变,PZXL-00092,dnan,墩南线,PZXL-00092-N0101,dnan线70杆,PZXL-00092-N0102,dnan线71杆,50.0,JKLYJ/Q-10-240,JKLYJ/Q-10-240,B+,0.13,0.356,0.0065,0.0178,500.0,550.0,8.6603,CLOSED,102,邳州_10kVdnan线明细.xlsx,PARAMETERIZED_PLANNING_MODEL,485.0,485.0,8.4004,"min(conductor_Imax_base, SRC06_feeder_max_allowed_current)"
PZXL-00092-B0102,PHYSICAL_SPAN,BDZ-00027,墩集变,PZXL-00092,dnan,墩南线,PZXL-00092-N0090,dnan线59杆,PZXL-00092-N0091,dnan线60杆,50.0,JKLYJ/Q-10-240,JKLYJ/Q-10-240,B+,0.13,0.356,0.0065,0.0178,500.0,550.0,8.6603,CLOSED,103,邳州_10kVdnan线明细.xlsx,PARAMETERIZED_PLANNING_MODEL,485.0,485.0,8.4004,"min(conductor_Imax_base, SRC06_feeder_max_allowed_current)"
PZXL-00092-B0103,PHYSICAL_SPAN,BDZ-00027,墩集变,PZXL-00092,dnan,墩南线,PZXL-00092-N0179,dnan线恒鼎支线20杆,PZXL-00092-N0180,dnan线恒鼎支线21杆,50.0,JKLYJ/Q-10-240,JKLYJ/Q-10-240,B+,0.13,0.356,0.0065,0.0178,500.0,550.0,8.6603,CLOSED,104,邳州_10kVdnan线明细.xlsx,PARAMETERIZED_PLANNING_MODEL,485.0,485.0,8.4004,"min(conductor_Imax_base, SRC06_feeder_max_allowed_current)"
PZXL-00092-B0104,PHYSICAL_SPAN,BDZ-00027,墩集变,PZXL-00092,dnan,墩南线,PZXL-00092-N0054,dnan线34杆,PZXL-00092-N0055,dnan线35杆,50.0,JKLYJ/Q-10-240,JKLYJ/Q-10-240,B+,0.13,0.356,0.0065,0.0178,500.0,550.0,8.6603,CLOSED,105,邳州_10kVdnan线明细.xlsx,PARAMETERIZED_PLANNING_MODEL,485.0,485.0,8.4004,"min(conductor_Imax_base, SRC06_feeder_max_allowed_current)"
PZXL-00092-B0105,PHYSICAL_SPAN,BDZ-00027,墩集变,PZXL-00092,dnan,墩南线,PZXL-00092-N0027,dnan线101杆,PZXL-00092-N0028,dnan线102杆,50.0,JKLYJ/Q-10-240,JKLYJ/Q-10-240,B+,0.13,0.356,0.0065,0.0178,500.0,550.0,8.6603,CLOSED,106,邳州_10kVdnan线明细.xlsx,PARAMETERIZED_PLANNING_MODEL,485.0,485.0,8.4004,"min(conductor_Imax_base, SRC06_feeder_max_allowed_current)"
PZXL-00092-B0106,PHYSICAL_SPAN,BDZ-00027,墩集变,PZXL-00092,dnan,墩南线,PZXL-00092-N0052,dnan线32杆,PZXL-00092-N0053,dnan线33杆,50.0,JKLYJ/Q-10-240,JKLYJ/Q-10-240,B+,0.13,0.356,0.0065,0.0178,500.0,550.0,8.6603,CLOSED,107,邳州_10kVdnan线明细.xlsx,PARAMETERIZED_PLANNING_MODEL,485.0,485.0,8.4004,"min(conductor_Imax_base, SRC06_feeder_max_allowed_current)"
PZXL-00092-B0107,PHYSICAL_SPAN,BDZ-00027,墩集变,PZXL-00092,dnan,墩南线,PZXL-00092-N0164,dnan线恒鼎支线05杆,PZXL-00092-N0165,dnan线恒鼎支线06杆,50.0,JKLYJ/Q-10-240,JKLYJ/Q-10-240,B+,0.13,0.356,0.0065,0.0178,500.0,550.0,8.6603,CLOSED,108,邳州_10kVdnan线明细.xlsx,PARAMETERIZED_PLANNING_MODEL,485.0,485.0,8.4004,"min(conductor_Imax_base, SRC06_feeder_max_allowed_current)"
PZXL-00092-B0108,PHYSICAL_SPAN,BDZ-00027,墩集变,PZXL-00092,dnan,墩南线,PZXL-00092-N0167,dnan线恒鼎支线08杆,PZXL-00092-N0168,dnan线恒鼎支线09杆,50.0,JKLYJ/Q-10-240,JKLYJ/Q-10-240,B+,0.13,0.356,0.0065,0.0178,500.0,550.0,8.6603,CLOSED,109,邳州_10kVdnan线明细.xlsx,PARAMETERIZED_PLANNING_MODEL,485.0,485.0,8.4004,"min(conductor_Imax_base, SRC06_feeder_max_allowed_current)"
PZXL-00092-B0109,PHYSICAL_SPAN,BDZ-00027,墩集变,PZXL-00092,dnan,墩南线,PZXL-00092-N0028,dnan线102杆,PZXL-00092-N0029,dnan线103杆,50.0,JKLYJ/Q-10-240,JKLYJ/Q-10-240,B+,0.13,0.356,0.0065,0.0178,500.0,550.0,8.6603,CLOSED,110,邳州_10kVdnan线明细.xlsx,PARAMETERIZED_PLANNING_MODEL,485.0,485.0,8.4004,"min(conductor_Imax_base, SRC06_feeder_max_allowed_current)"
PZXL-00092-B0110,PHYSICAL_SPAN,BDZ-00027,墩集变,PZXL-00092,dnan,墩南线,PZXL-00092-N0057,dnan线37杆,PZXL-00092-N0058,dnan线38杆,50.0,JKLYJ/Q-10-240,JKLYJ/Q-10-240,B+,0.13,0.356,0.0065,0.0178,500.0,550.0,8.6603,CLOSED,111,邳州_10kVdnan线明细.xlsx,PARAMETERIZED_PLANNING_MODEL,485.0,485.0,8.4004,"min(conductor_Imax_base, SRC06_feeder_max_allowed_current)"
PZXL-00092-B0111,PHYSICAL_SPAN,BDZ-00027,墩集变,PZXL-00092,dnan,墩南线,PZXL-00092-N0174,dnan线恒鼎支线15杆,PZXL-00092-N0175,dnan线恒鼎支线16杆,50.0,JKLYJ/Q-10-240,JKLYJ/Q-10-240,B+,0.13,0.356,0.0065,0.0178,500.0,550.0,8.6603,CLOSED,112,邳州_10kVdnan线明细.xlsx,PARAMETERIZED_PLANNING_MODEL,485.0,485.0,8.4004,"min(conductor_Imax_base, SRC06_feeder_max_allowed_current)"
PZXL-00092-B0112,PHYSICAL_SPAN,BDZ-00027,墩集变,PZXL-00092,dnan,墩南线,PZXL-00092-N0088,dnan线57杆,PZXL-00092-N0089,dnan线58杆,50.0,JKLYJ/Q-10-240,JKLYJ/Q-10-240,B+,0.13,0.356,0.0065,0.0178,500.0,550.0,8.6603,CLOSED,113,邳州_10kVdnan线明细.xlsx,PARAMETERIZED_PLANNING_MODEL,485.0,485.0,8.4004,"min(conductor_Imax_base, SRC06_feeder_max_allowed_current)"
PZXL-00092-B0113,PHYSICAL_SPAN,BDZ-00027,墩集变,PZXL-00092,dnan,墩南线,PZXL-00092-N0119,dnan线77杆,PZXL-00092-N0120,dnan线78杆,50.0,JKLYJ/Q-10-240,JKLYJ/Q-10-240,B+,0.13,0.356,0.0065,0.0178,500.0,550.0,8.6603,CLOSED,114,邳州_10kVdnan线明细.xlsx,PARAMETERIZED_PLANNING_MODEL,485.0,485.0,8.4004,"min(conductor_Imax_base, SRC06_feeder_max_allowed_current)"
PZXL-00092-B0114,PHYSICAL_SPAN,BDZ-00027,墩集变,PZXL-00092,dnan,墩南线,PZXL-00092-N0050,dnan线30杆,PZXL-00092-N0051,dnan线31杆,50.0,JKLYJ/Q-10-240,JKLYJ/Q-10-240,B+,0.13,0.356,0.0065,0.0178,500.0,550.0,8.6603,CLOSED,115,邳州_10kVdnan线明细.xlsx,PARAMETERIZED_PLANNING_MODEL,485.0,485.0,8.4004,"min(conductor_Imax_base, SRC06_feeder_max_allowed_current)"
PZXL-00092-B0115,PHYSICAL_SPAN,BDZ-00027,墩集变,PZXL-00092,dnan,墩南线,PZXL-00092-N0122,dnan线80杆,PZXL-00092-N0123,dnan线81杆,50.0,JKLYJ/Q-10-240,JKLYJ/Q-10-240,B+,0.13,0.356,0.0065,0.0178,500.0,550.0,8.6603,CLOSED,116,邳州_10kVdnan线明细.xlsx,PARAMETERIZED_PLANNING_MODEL,485.0,485.0,8.4004,"min(conductor_Imax_base, SRC06_feeder_max_allowed_current)"
PZXL-00092-B0116,PHYSICAL_SPAN,BDZ-00027,墩集变,PZXL-00092,dnan,墩南线,PZXL-00092-N0185,dnan线恒鼎支线26杆,PZXL-00092-N0186,dnan线恒鼎支线27杆,50.0,JKLYJ/Q-10-240,JKLYJ/Q-10-240,B+,0.13,0.356,0.0065,0.0178,500.0,550.0,8.6603,CLOSED,117,邳州_10kVdnan线明细.xlsx,PARAMETERIZED_PLANNING_MODEL,485.0,485.0,8.4004,"min(conductor_Imax_base, SRC06_feeder_max_allowed_current)"
PZXL-00092-B0117,PHYSICAL_SPAN,BDZ-00027,墩集变,PZXL-00092,dnan,墩南线,PZXL-00092-N0130,dnan线87杆,PZXL-00092-N0131,dnan线88杆,50.0,JKLYJ/Q-10-240,JKLYJ/Q-10-240,B+,0.13,0.356,0.0065,0.0178,500.0,550.0,8.6603,CLOSED,118,邳州_10kVdnan线明细.xlsx,PARAMETERIZED_PLANNING_MODEL,485.0,485.0,8.4004,"min(conductor_Imax_base, SRC06_feeder_max_allowed_current)"
PZXL-00092-B0118,PHYSICAL_SPAN,BDZ-00027,墩集变,PZXL-00092,dnan,墩南线,PZXL-00092-N0165,dnan线恒鼎支线06杆,PZXL-00092-N0166,dnan线恒鼎支线07杆,50.0,JKLYJ/Q-10-240,JKLYJ/Q-10-240,B+,0.13,0.356,0.0065,0.0178,500.0,550.0,8.6603,CLOSED,119,邳州_10kVdnan线明细.xlsx,PARAMETERIZED_PLANNING_MODEL,485.0,485.0,8.4004,"min(conductor_Imax_base, SRC06_feeder_max_allowed_current)"
PZXL-00092-B0119,PHYSICAL_SPAN,BDZ-00027,墩集变,PZXL-00092,dnan,墩南线,PZXL-00092-N0207,dnan线恒鼎支线39杆,PZXL-00092-N0208,dnan线恒鼎支线40杆,50.0,JKLYJ/Q-10-240,JKLYJ/Q-10-240,B+,0.13,0.356,0.0065,0.0178,500.0,550.0,8.6603,CLOSED,120,邳州_10kVdnan线明细.xlsx,PARAMETERIZED_PLANNING_MODEL,485.0,485.0,8.4004,"min(conductor_Imax_base, SRC06_feeder_max_allowed_current)"
PZXL-00092-B0120,PHYSICAL_SPAN,BDZ-00027,墩集变,PZXL-00092,dnan,墩南线,PZXL-00092-N0126,dnan线83杆,PZXL-00092-N0127,dnan线84杆,50.0,JKLYJ/Q-10-240,JKLYJ/Q-10-240,B+,0.13,0.356,0.0065,0.0178,500.0,550.0,8.6603,CLOSED,121,邳州_10kVdnan线明细.xlsx,PARAMETERIZED_PLANNING_MODEL,485.0,485.0,8.4004,"min(conductor_Imax_base, SRC06_feeder_max_allowed_current)"
PZXL-00092-B0121,PHYSICAL_SPAN,BDZ-00027,墩集变,PZXL-00092,dnan,墩南线,PZXL-00092-N0187,dnan线恒鼎支线28杆,PZXL-00092-N0188,dnan线恒鼎支线29杆,50.0,JKLYJ/Q-10-240,JKLYJ/Q-10-240,B+,0.13,0.356,0.0065,0.0178,500.0,550.0,8.6603,CLOSED,122,邳州_10kVdnan线明细.xlsx,PARAMETERIZED_PLANNING_MODEL,485.0,485.0,8.4004,"min(conductor_Imax_base, SRC06_feeder_max_allowed_current)"
PZXL-00092-B0122,PHYSICAL_SPAN,BDZ-00027,墩集变,PZXL-00092,dnan,墩南线,PZXL-00092-N0095,dnan线64杆,PZXL-00092-N0096,dnan线65杆,50.0,JKLYJ/Q-10-240,JKLYJ/Q-10-240,B+,0.13,0.356,0.0065,0.0178,500.0,550.0,8.6603,CLOSED,123,邳州_10kVdnan线明细.xlsx,PARAMETERIZED_PLANNING_MODEL,485.0,485.0,8.4004,"min(conductor_Imax_base, SRC06_feeder_max_allowed_current)"
PZXL-00092-B0123,PHYSICAL_SPAN,BDZ-00027,墩集变,PZXL-00092,dnan,墩南线,PZXL-00092-N0058,dnan线38杆,PZXL-00092-N0059,dnan线39杆,50.0,JKLYJ/Q-10-240,JKLYJ/Q-10-240,B+,0.13,0.356,0.0065,0.0178,500.0,550.0,8.6603,CLOSED,124,邳州_10kVdnan线明细.xlsx,PARAMETERIZED_PLANNING_MODEL,485.0,485.0,8.4004,"min(conductor_Imax_base, SRC06_feeder_max_allowed_current)"
PZXL-00092-B0124,PHYSICAL_SPAN,BDZ-00027,墩集变,PZXL-00092,dnan,墩南线,PZXL-00092-N0020,dnan线05杆,PZXL-00092-N0021,dnan线06杆,50.0,JKLYJ/Q-10-240,JKLYJ/Q-10-240,B+,0.13,0.356,0.0065,0.0178,500.0,550.0,8.6603,CLOSED,125,邳州_10kVdnan线明细.xlsx,PARAMETERIZED_PLANNING_MODEL,485.0,485.0,8.4004,"min(conductor_Imax_base, SRC06_feeder_max_allowed_current)"
PZXL-00092-B0125,PHYSICAL_SPAN,BDZ-00027,墩集变,PZXL-00092,dnan,墩南线,PZXL-00092-N0056,dnan线36杆,PZXL-00092-N0057,dnan线37杆,50.0,JKLYJ/Q-10-240,JKLYJ/Q-10-240,B+,0.13,0.356,0.0065,0.0178,500.0,550.0,8.6603,CLOSED,126,邳州_10kVdnan线明细.xlsx,PARAMETERIZED_PLANNING_MODEL,485.0,485.0,8.4004,"min(conductor_Imax_base, SRC06_feeder_max_allowed_current)"
PZXL-00092-B0126,PHYSICAL_SPAN,BDZ-00027,墩集变,PZXL-00092,dnan,墩南线,PZXL-00092-N0116,dnan线74杆,PZXL-00092-N0117,dnan线75杆,50.0,JKLYJ/Q-10-240,JKLYJ/Q-10-240,B+,0.13,0.356,0.0065,0.0178,500.0,550.0,8.6603,CLOSED,127,邳州_10kVdnan线明细.xlsx,PARAMETERIZED_PLANNING_MODEL,485.0,485.0,8.4004,"min(conductor_Imax_base, SRC06_feeder_max_allowed_current)"
PZXL-00092-B0127,PHYSICAL_SPAN,BDZ-00027,墩集变,PZXL-00092,dnan,墩南线,PZXL-00092-N0046,dnan线26杆,PZXL-00092-N0047,dnan线27杆,50.0,JKLYJ/Q-10-240,JKLYJ/Q-10-240,B+,0.13,0.356,0.0065,0.0178,500.0,550.0,8.6603,CLOSED,128,邳州_10kVdnan线明细.xlsx,PARAMETERIZED_PLANNING_MODEL,485.0,485.0,8.4004,"min(conductor_Imax_base, SRC06_feeder_max_allowed_current)"
PZXL-00092-B0128,PHYSICAL_SPAN,BDZ-00027,墩集变,PZXL-00092,dnan,墩南线,PZXL-00092-N0102,dnan线71杆,PZXL-00092-N0103,dnan线72杆,50.0,JKLYJ/Q-10-240,JKLYJ/Q-10-240,B+,0.13,0.356,0.0065,0.0178,500.0,550.0,8.6603,CLOSED,129,邳州_10kVdnan线明细.xlsx,PARAMETERIZED_PLANNING_MODEL,485.0,485.0,8.4004,"min(conductor_Imax_base, SRC06_feeder_max_allowed_current)"
PZXL-00092-B0129,PHYSICAL_SPAN,BDZ-00027,墩集变,PZXL-00092,dnan,墩南线,PZXL-00092-N0021,dnan线06杆,PZXL-00092-N0022,dnan线07杆,50.0,JKLYJ/Q-10-240,JKLYJ/Q-10-240,B+,0.13,0.356,0.0065,0.0178,500.0,550.0,8.6603,CLOSED,130,邳州_10kVdnan线明细.xlsx,PARAMETERIZED_PLANNING_MODEL,485.0,485.0,8.4004,"min(conductor_Imax_base, SRC06_feeder_max_allowed_current)"
PZXL-00092-B0130,PHYSICAL_SPAN,BDZ-00027,墩集变,PZXL-00092,dnan,墩南线,PZXL-00092-N0211,dnan线恒鼎支线43杆,PZXL-00092-N0212,dnan线恒鼎支线44杆,50.0,JKLYJ/Q-10-240,JKLYJ/Q-10-240,B+,0.13,0.356,0.0065,0.0178,500.0,550.0,8.6603,CLOSED,131,邳州_10kVdnan线明细.xlsx,PARAMETERIZED_PLANNING_MODEL,485.0,485.0,8.4004,"min(conductor_Imax_base, SRC06_feeder_max_allowed_current)"
PZXL-00092-B0131,PHYSICAL_SPAN,BDZ-00027,墩集变,PZXL-00092,dnan,墩南线,PZXL-00092-N0103,dnan线72杆,PZXL-00092-N0115,dnan线73杆,50.0,JKLYJ/Q-10-240,JKLYJ/Q-10-240,B+,0.13,0.356,0.0065,0.0178,500.0,550.0,8.6603,CLOSED,132,邳州_10kVdnan线明细.xlsx,PARAMETERIZED_PLANNING_MODEL,485.0,485.0,8.4004,"min(conductor_Imax_base, SRC06_feeder_max_allowed_current)"
PZXL-00092-B0132,PHYSICAL_SPAN,BDZ-00027,墩集变,PZXL-00092,dnan,墩南线,PZXL-00092-N0092,dnan线61杆,PZXL-00092-N0093,dnan线62杆,50.0,JKLYJ/Q-10-240,JKLYJ/Q-10-240,B+,0.13,0.356,0.0065,0.0178,500.0,550.0,8.6603,CLOSED,133,邳州_10kVdnan线明细.xlsx,PARAMETERIZED_PLANNING_MODEL,485.0,485.0,8.4004,"min(conductor_Imax_base, SRC06_feeder_max_allowed_current)"
PZXL-00092-B0133,PHYSICAL_SPAN,BDZ-00027,墩集变,PZXL-00092,dnan,墩南线,PZXL-00092-N0131,dnan线88杆,PZXL-00092-N0132,dnan线89杆,50.0,JKLYJ/Q-10-240,JKLYJ/Q-10-240,B+,0.13,0.356,0.0065,0.0178,500.0,550.0,8.6603,CLOSED,134,邳州_10kVdnan线明细.xlsx,PARAMETERIZED_PLANNING_MODEL,485.0,485.0,8.4004,"min(conductor_Imax_base, SRC06_feeder_max_allowed_current)"
PZXL-00092-B0134,PHYSICAL_SPAN,BDZ-00027,墩集变,PZXL-00092,dnan,墩南线,PZXL-00092-N0212,dnan线恒鼎支线44杆,PZXL-00092-N0213,dnan线恒鼎支线45杆,50.0,JKLYJ/Q-10-240,JKLYJ/Q-10-240,B+,0.13,0.356,0.0065,0.0178,500.0,550.0,8.6603,CLOSED,135,邳州_10kVdnan线明细.xlsx,PARAMETERIZED_PLANNING_MODEL,485.0,485.0,8.4004,"min(conductor_Imax_base, SRC06_feeder_max_allowed_current)"
PZXL-00092-B0135,PHYSICAL_SPAN,BDZ-00027,墩集变,PZXL-00092,dnan,墩南线,PZXL-00092-N0129,dnan线86杆,PZXL-00092-N0130,dnan线87杆,50.0,JKLYJ/Q-10-240,JKLYJ/Q-10-240,B+,0.13,0.356,0.0065,0.0178,500.0,550.0,8.6603,CLOSED,136,邳州_10kVdnan线明细.xlsx,PARAMETERIZED_PLANNING_MODEL,485.0,485.0,8.4004,"min(conductor_Imax_base, SRC06_feeder_max_allowed_current)"
PZXL-00092-B0136,PHYSICAL_SPAN,BDZ-00027,墩集变,PZXL-00092,dnan,墩南线,PZXL-00092-N0168,dnan线恒鼎支线09杆,PZXL-00092-N0169,dnan线恒鼎支线10杆,50.0,JKLYJ/Q-10-240,JKLYJ/Q-10-240,B+,0.13,0.356,0.0065,0.0178,500.0,550.0,8.6603,CLOSED,137,邳州_10kVdnan线明细.xlsx,PARAMETERIZED_PLANNING_MODEL,485.0,485.0,8.4004,"min(conductor_Imax_base, SRC06_feeder_max_allowed_current)"
PZXL-00092-B0137,PHYSICAL_SPAN,BDZ-00027,墩集变,PZXL-00092,dnan,墩南线,PZXL-00092-N0193,dnan线恒鼎支线34杆,PZXL-00092-N0194,dnan线恒鼎支线35杆,50.0,JKLYJ/Q-10-240,JKLYJ/Q-10-240,B+,0.13,0.356,0.0065,0.0178,500.0,550.0,8.6603,CLOSED,138,邳州_10kVdnan线明细.xlsx,PARAMETERIZED_PLANNING_MODEL,485.0,485.0,8.4004,"min(conductor_Imax_base, SRC06_feeder_max_allowed_current)"
PZXL-00092-B0138,PHYSICAL_SPAN,BDZ-00027,墩集变,PZXL-00092,dnan,墩南线,PZXL-00092-N0181,dnan线恒鼎支线22杆,PZXL-00092-N0182,dnan线恒鼎支线23杆,50.0,JKLYJ/Q-10-240,JKLYJ/Q-10-240,B+,0.13,0.356,0.0065,0.0178,500.0,550.0,8.6603,CLOSED,139,邳州_10kVdnan线明细.xlsx,PARAMETERIZED_PLANNING_MODEL,485.0,485.0,8.4004,"min(conductor_Imax_base, SRC06_feeder_max_allowed_current)"
PZXL-00092-B0139,PHYSICAL_SPAN,BDZ-00027,墩集变,PZXL-00092,dnan,墩南线,PZXL-00092-N0127,dnan线84杆,PZXL-00092-N0128,dnan线85杆,50.0,JKLYJ/Q-10-240,JKLYJ/Q-10-240,B+,0.13,0.356,0.0065,0.0178,500.0,550.0,8.6603,CLOSED,140,邳州_10kVdnan线明细.xlsx,PARAMETERIZED_PLANNING_MODEL,485.0,485.0,8.4004,"min(conductor_Imax_base, SRC06_feeder_max_allowed_current)"
PZXL-00092-B0140,PHYSICAL_SPAN,BDZ-00027,墩集变,PZXL-00092,dnan,墩南线,PZXL-00092-N0194,dnan线恒鼎支线35杆,PZXL-00092-N0204,dnan线恒鼎支线36杆,50.0,JKLYJ/Q-10-240,JKLYJ/Q-10-240,B+,0.13,0.356,0.0065,0.0178,500.0,550.0,8.6603,CLOSED,141,邳州_10kVdnan线明细.xlsx,PARAMETERIZED_PLANNING_MODEL,485.0,485.0,8.4004,"min(conductor_Imax_base, SRC06_feeder_max_allowed_current)"
PZXL-00092-B0141,PHYSICAL_SPAN,BDZ-00027,墩集变,PZXL-00092,dnan,墩南线,PZXL-00092-N0206,dnan线恒鼎支线38杆,PZXL-00092-N0207,dnan线恒鼎支线39杆,50.0,JKLYJ/Q-10-240,JKLYJ/Q-10-240,B+,0.13,0.356,0.0065,0.0178,500.0,550.0,8.6603,CLOSED,142,邳州_10kVdnan线明细.xlsx,PARAMETERIZED_PLANNING_MODEL,485.0,485.0,8.4004,"min(conductor_Imax_base, SRC06_feeder_max_allowed_current)"
PZXL-00092-B0142,PHYSICAL_SPAN,BDZ-00027,墩集变,PZXL-00092,dnan,墩南线,PZXL-00092-N0204,dnan线恒鼎支线36杆,PZXL-00092-N0205,dnan线恒鼎支线37杆,50.0,JKLYJ/Q-10-240,JKLYJ/Q-10-240,B+,0.13,0.356,0.0065,0.0178,500.0,550.0,8.6603,CLOSED,143,邳州_10kVdnan线明细.xlsx,PARAMETERIZED_PLANNING_MODEL,485.0,485.0,8.4004,"min(conductor_Imax_base, SRC06_feeder_max_allowed_current)"
PZXL-00092-B0143,PHYSICAL_SPAN,BDZ-00027,墩集变,PZXL-00092,dnan,墩南线,PZXL-00092-N0120,dnan线78杆,PZXL-00092-N0121,dnan线79杆,50.0,JKLYJ/Q-10-240,JKLYJ/Q-10-240,B+,0.13,0.356,0.0065,0.0178,500.0,550.0,8.6603,CLOSED,144,邳州_10kVdnan线明细.xlsx,PARAMETERIZED_PLANNING_MODEL,485.0,485.0,8.4004,"min(conductor_Imax_base, SRC06_feeder_max_allowed_current)"
PZXL-00092-B0144,PHYSICAL_SPAN,BDZ-00027,墩集变,PZXL-00092,dnan,墩南线,PZXL-00092-N0132,dnan线89杆,PZXL-00092-N0133,dnan线90杆,50.0,JKLYJ/Q-10-240,JKLYJ/Q-10-240,B+,0.13,0.356,0.0065,0.0178,500.0,550.0,8.6603,CLOSED,145,邳州_10kVdnan线明细.xlsx,PARAMETERIZED_PLANNING_MODEL,485.0,485.0,8.4004,"min(conductor_Imax_base, SRC06_feeder_max_allowed_current)"
PZXL-00092-B0145,PHYSICAL_SPAN,BDZ-00027,墩集变,PZXL-00092,dnan,墩南线,PZXL-00092-N0172,dnan线恒鼎支线13杆,PZXL-00092-N0173,dnan线恒鼎支线14杆,50.0,JKLYJ/Q-10-240,JKLYJ/Q-10-240,B+,0.13,0.356,0.0065,0.0178,500.0,550.0,8.6603,CLOSED,146,邳州_10kVdnan线明细.xlsx,PARAMETERIZED_PLANNING_MODEL,485.0,485.0,8.4004,"min(conductor_Imax_base, SRC06_feeder_max_allowed_current)"
PZXL-00092-B0146,PHYSICAL_SPAN,BDZ-00027,墩集变,PZXL-00092,dnan,墩南线,PZXL-00092-N0128,dnan线85杆,PZXL-00092-N0129,dnan线86杆,50.0,JKLYJ/Q-10-240,JKLYJ/Q-10-240,B+,0.13,0.356,0.0065,0.0178,500.0,550.0,8.6603,CLOSED,147,邳州_10kVdnan线明细.xlsx,PARAMETERIZED_PLANNING_MODEL,485.0,485.0,8.4004,"min(conductor_Imax_base, SRC06_feeder_max_allowed_current)"
PZXL-00092-B0147,PHYSICAL_SPAN,BDZ-00027,墩集变,PZXL-00092,dnan,墩南线,PZXL-00092-N0096,dnan线65杆,PZXL-00092-N0097,dnan线66杆,50.0,JKLYJ/Q-10-240,JKLYJ/Q-10-240,B+,0.13,0.356,0.0065,0.0178,500.0,550.0,8.6603,CLOSED,148,邳州_10kVdnan线明细.xlsx,PARAMETERIZED_PLANNING_MODEL,485.0,485.0,8.4004,"min(conductor_Imax_base, SRC06_feeder_max_allowed_current)"
PZXL-00092-B0148,PHYSICAL_SPAN,BDZ-00027,墩集变,PZXL-00092,dnan,墩南线,PZXL-00092-N0089,dnan线58杆,PZXL-00092-N0090,dnan线59杆,50.0,JKLYJ/Q-10-240,JKLYJ/Q-10-240,B+,0.13,0.356,0.0065,0.0178,500.0,550.0,8.6603,CLOSED,149,邳州_10kVdnan线明细.xlsx,PARAMETERIZED_PLANNING_MODEL,485.0,485.0,8.4004,"min(conductor_Imax_base, SRC06_feeder_max_allowed_current)"
PZXL-00092-B0149,PHYSICAL_SPAN,BDZ-00027,墩集变,PZXL-00092,dnan,墩南线,PZXL-00092-N0192,dnan线恒鼎支线33杆,PZXL-00092-N0193,dnan线恒鼎支线34杆,50.0,JKLYJ/Q-10-240,JKLYJ/Q-10-240,B+,0.13,0.356,0.0065,0.0178,500.0,550.0,8.6603,CLOSED,150,邳州_10kVdnan线明细.xlsx,PARAMETERIZED_PLANNING_MODEL,485.0,485.0,8.4004,"min(conductor_Imax_base, SRC06_feeder_max_allowed_current)"
PZXL-00092-B0150,PHYSICAL_SPAN,BDZ-00027,墩集变,PZXL-00092,dnan,墩南线,PZXL-00092-N0233,dnan线黄安六支站支线10,PZXL-00092-N0234,dnan线黄安六支站支线11,50.0,JKLYJ/Q-10-240,JKLYJ/Q-10-240,B+,0.13,0.356,0.0065,0.0178,500.0,550.0,8.6603,CLOSED,151,邳州_10kVdnan线明细.xlsx,PARAMETERIZED_PLANNING_MODEL,485.0,485.0,8.4004,"min(conductor_Imax_base, SRC06_feeder_max_allowed_current)"
PZXL-00092-B0151,PHYSICAL_SPAN,BDZ-00027,墩集变,PZXL-00092,dnan,墩南线,PZXL-00092-N0059,dnan线39杆,PZXL-00092-N0060,dnan线40杆,50.0,JKLYJ/Q-10-240,JKLYJ/Q-10-240,B+,0.13,0.356,0.0065,0.0178,500.0,550.0,8.6603,CLOSED,152,邳州_10kVdnan线明细.xlsx,PARAMETERIZED_PLANNING_MODEL,485.0,485.0,8.4004,"min(conductor_Imax_base, SRC06_feeder_max_allowed_current)"
PZXL-00092-B0152,PHYSICAL_SPAN,BDZ-00027,墩集变,PZXL-00092,dnan,墩南线,PZXL-00092-N0100,dnan线69杆,PZXL-00092-N0101,dnan线70杆,50.0,JKLYJ/Q-10-240,JKLYJ/Q-10-240,B+,0.13,0.356,0.0065,0.0178,500.0,550.0,8.6603,CLOSED,153,邳州_10kVdnan线明细.xlsx,PARAMETERIZED_PLANNING_MODEL,485.0,485.0,8.4004,"min(conductor_Imax_base, SRC06_feeder_max_allowed_current)"
PZXL-00092-B0153,PHYSICAL_SPAN,BDZ-00027,墩集变,PZXL-00092,dnan,墩南线,PZXL-00092-N0045,dnan线25杆,PZXL-00092-N0046,dnan线26杆,50.0,JKLYJ/Q-10-240,JKLYJ/Q-10-240,B+,0.13,0.356,0.0065,0.0178,500.0,550.0,8.6603,CLOSED,154,邳州_10kVdnan线明细.xlsx,PARAMETERIZED_PLANNING_MODEL,485.0,485.0,8.4004,"min(conductor_Imax_base, SRC06_feeder_max_allowed_current)"
PZXL-00092-B0154,PHYSICAL_SPAN,BDZ-00027,墩集变,PZXL-00092,dnan,墩南线,PZXL-00092-N0047,dnan线27杆,PZXL-00092-N0048,dnan线28杆,50.0,JKLYJ/Q-10-240,JKLYJ/Q-10-240,B+,0.13,0.356,0.0065,0.0178,500.0,550.0,8.6603,CLOSED,155,邳州_10kVdnan线明细.xlsx,PARAMETERIZED_PLANNING_MODEL,485.0,485.0,8.4004,"min(conductor_Imax_base, SRC06_feeder_max_allowed_current)"
PZXL-00092-B0155,PHYSICAL_SPAN,BDZ-00027,墩集变,PZXL-00092,dnan,墩南线,PZXL-00092-N0117,dnan线75杆,PZXL-00092-N0118,dnan线76杆,50.0,JKLYJ/Q-10-240,JKLYJ/Q-10-240,B+,0.13,0.356,0.0065,0.0178,500.0,550.0,8.6603,CLOSED,156,邳州_10kVdnan线明细.xlsx,PARAMETERIZED_PLANNING_MODEL,485.0,485.0,8.4004,"min(conductor_Imax_base, SRC06_feeder_max_allowed_current)"
PZXL-00092-B0156,PHYSICAL_SPAN,BDZ-00027,墩集变,PZXL-00092,dnan,墩南线,PZXL-00092-N0018,dnan线03杆,PZXL-00092-N0019,dnan线04杆,50.0,JKLYJ/Q-10-240,JKLYJ/Q-10-240,B+,0.13,0.356,0.0065,0.0178,500.0,550.0,8.6603,CLOSED,157,邳州_10kVdnan线明细.xlsx,PARAMETERIZED_PLANNING_MODEL,485.0,485.0,8.4004,"min(conductor_Imax_base, SRC06_feeder_max_allowed_current)"
PZXL-00092-B0157,PHYSICAL_SPAN,BDZ-00027,墩集变,PZXL-00092,dnan,墩南线,PZXL-00092-N0169,dnan线恒鼎支线10杆,PZXL-00092-N0170,dnan线恒鼎支线11杆,50.0,JKLYJ/Q-10-240,JKLYJ/Q-10-240,B+,0.13,0.356,0.0065,0.0178,500.0,550.0,8.6603,CLOSED,158,邳州_10kVdnan线明细.xlsx,PARAMETERIZED_PLANNING_MODEL,485.0,485.0,8.4004,"min(conductor_Imax_base, SRC06_feeder_max_allowed_current)"
PZXL-00092-B0158,PHYSICAL_SPAN,BDZ-00027,墩集变,PZXL-00092,dnan,墩南线,PZXL-00092-N0017,dnan线02杆,PZXL-00092-N0018,dnan线03杆,50.0,JKLYJ/Q-10-240,JKLYJ/Q-10-240,B+,0.13,0.356,0.0065,0.0178,500.0,550.0,8.6603,CLOSED,159,邳州_10kVdnan线明细.xlsx,PARAMETERIZED_PLANNING_MODEL,485.0,485.0,8.4004,"min(conductor_Imax_base, SRC06_feeder_max_allowed_current)"
PZXL-00092-B0159,PHYSICAL_SPAN,BDZ-00027,墩集变,PZXL-00092,dnan,墩南线,PZXL-00092-N0163,dnan线恒鼎支线04杆,PZXL-00092-N0164,dnan线恒鼎支线05杆,50.0,JKLYJ/Q-10-240,JKLYJ/Q-10-240,B+,0.13,0.356,0.0065,0.0178,500.0,550.0,8.6603,CLOSED,160,邳州_10kVdnan线明细.xlsx,PARAMETERIZED_PLANNING_MODEL,485.0,485.0,8.4004,"min(conductor_Imax_base, SRC06_feeder_max_allowed_current)"
PZXL-00092-B0160,PHYSICAL_SPAN,BDZ-00027,墩集变,PZXL-00092,dnan,墩南线,PZXL-00092-N0208,dnan线恒鼎支线40杆,PZXL-00092-N0209,dnan线恒鼎支线41杆,50.0,JKLYJ/Q-10-240,JKLYJ/Q-10-240,B+,0.13,0.356,0.0065,0.0178,500.0,550.0,8.6603,CLOSED,161,邳州_10kVdnan线明细.xlsx,PARAMETERIZED_PLANNING_MODEL,485.0,485.0,8.4004,"min(conductor_Imax_base, SRC06_feeder_max_allowed_current)"
PZXL-00092-B0161,PHYSICAL_SPAN,BDZ-00027,墩集变,PZXL-00092,dnan,墩南线,PZXL-00092-N0173,dnan线恒鼎支线14杆,PZXL-00092-N0174,dnan线恒鼎支线15杆,50.0,JKLYJ/Q-10-240,JKLYJ/Q-10-240,B+,0.13,0.356,0.0065,0.0178,500.0,550.0,8.6603,CLOSED,162,邳州_10kVdnan线明细.xlsx,PARAMETERIZED_PLANNING_MODEL,485.0,485.0,8.4004,"min(conductor_Imax_base, SRC06_feeder_max_allowed_current)"
PZXL-00092-B0162,PHYSICAL_SPAN,BDZ-00027,墩集变,PZXL-00092,dnan,墩南线,PZXL-00092-N0191,dnan线恒鼎支线32杆,PZXL-00092-N0192,dnan线恒鼎支线33杆,50.0,JKLYJ/Q-10-240,JKLYJ/Q-10-240,B+,0.13,0.356,0.0065,0.0178,500.0,550.0,8.6603,CLOSED,163,邳州_10kVdnan线明细.xlsx,PARAMETERIZED_PLANNING_MODEL,485.0,485.0,8.4004,"min(conductor_Imax_base, SRC06_feeder_max_allowed_current)"
PZXL-00092-B0163,PHYSICAL_SPAN,BDZ-00027,墩集变,PZXL-00092,dnan,墩南线,PZXL-00092-N0118,dnan线76杆,PZXL-00092-N0119,dnan线77杆,50.0,JKLYJ/Q-10-240,JKLYJ/Q-10-240,B+,0.13,0.356,0.0065,0.0178,500.0,550.0,8.6603,CLOSED,164,邳州_10kVdnan线明细.xlsx,PARAMETERIZED_PLANNING_MODEL,485.0,485.0,8.4004,"min(conductor_Imax_base, SRC06_feeder_max_allowed_current)"
PZXL-00092-B0164,PHYSICAL_SPAN,BDZ-00027,墩集变,PZXL-00092,dnan,墩南线,PZXL-00092-N0097,dnan线66杆,PZXL-00092-N0098,dnan线67杆,50.0,JKLYJ/Q-10-240,JKLYJ/Q-10-240,B+,0.13,0.356,0.0065,0.0178,500.0,550.0,8.6603,CLOSED,165,邳州_10kVdnan线明细.xlsx,PARAMETERIZED_PLANNING_MODEL,485.0,485.0,8.4004,"min(conductor_Imax_base, SRC06_feeder_max_allowed_current)"
PZXL-00092-B0165,PHYSICAL_SPAN,BDZ-00027,墩集变,PZXL-00092,dnan,墩南线,PZXL-00092-N0019,dnan线04杆,PZXL-00092-N0020,dnan线05杆,50.0,JKLYJ/Q-10-240,JKLYJ/Q-10-240,B+,0.13,0.356,0.0065,0.0178,500.0,550.0,8.6603,CLOSED,166,邳州_10kVdnan线明细.xlsx,PARAMETERIZED_PLANNING_MODEL,485.0,485.0,8.4004,"min(conductor_Imax_base, SRC06_feeder_max_allowed_current)"
PZXL-00092-B0166,PHYSICAL_SPAN,BDZ-00027,墩集变,PZXL-00092,dnan,墩南线,PZXL-00092-N0161,dnan线恒鼎支线02杆,PZXL-00092-N0162,dnan线恒鼎支线03杆,50.0,JKLYJ/Q-10-240,JKLYJ/Q-10-240,B+,0.13,0.356,0.0065,0.0178,500.0,550.0,8.6603,CLOSED,167,邳州_10kVdnan线明细.xlsx,PARAMETERIZED_PLANNING_MODEL,485.0,485.0,8.4004,"min(conductor_Imax_base, SRC06_feeder_max_allowed_current)"
PZXL-00092-B0167,PHYSICAL_SPAN,BDZ-00027,墩集变,PZXL-00092,dnan,墩南线,PZXL-00092-N0053,dnan线33杆,PZXL-00092-N0054,dnan线34杆,50.0,JKLYJ/Q-10-240,JKLYJ/Q-10-240,B+,0.13,0.356,0.0065,0.0178,500.0,550.0,8.6603,CLOSED,168,邳州_10kVdnan线明细.xlsx,PARAMETERIZED_PLANNING_MODEL,485.0,485.0,8.4004,"min(conductor_Imax_base, SRC06_feeder_max_allowed_current)"
PZXL-00092-B0168,PHYSICAL_SPAN,BDZ-00027,墩集变,PZXL-00092,dnan,墩南线,PZXL-00092-N0142,dnan线99杆,PZXL-00092-N0026,dnan线100杆,50.0,JKLYJ/Q-10-240,JKLYJ/Q-10-240,B+,0.13,0.356,0.0065,0.0178,500.0,550.0,8.6603,CLOSED,169,邳州_10kVdnan线明细.xlsx,PARAMETERIZED_PLANNING_MODEL,485.0,485.0,8.4004,"min(conductor_Imax_base, SRC06_feeder_max_allowed_current)"
PZXL-00092-B0169,PHYSICAL_SPAN,BDZ-00027,墩集变,PZXL-00092,dnan,墩南线,PZXL-00092-N0044,dnan线24杆,PZXL-00092-N0045,dnan线25杆,50.0,JKLYJ/Q-10-240,JKLYJ/Q-10-240,B+,0.13,0.356,0.0065,0.0178,500.0,550.0,8.6603,CLOSED,170,邳州_10kVdnan线明细.xlsx,PARAMETERIZED_PLANNING_MODEL,485.0,485.0,8.4004,"min(conductor_Imax_base, SRC06_feeder_max_allowed_current)"
PZXL-00092-B0170,PHYSICAL_SPAN,BDZ-00027,墩集变,PZXL-00092,dnan,墩南线,PZXL-00092-N0188,dnan线恒鼎支线29杆,PZXL-00092-N0189,dnan线恒鼎支线30杆,50.0,JKLYJ/Q-10-240,JKLYJ/Q-10-240,B+,0.13,0.356,0.0065,0.0178,500.0,550.0,8.6603,CLOSED,171,邳州_10kVdnan线明细.xlsx,PARAMETERIZED_PLANNING_MODEL,485.0,485.0,8.4004,"min(conductor_Imax_base, SRC06_feeder_max_allowed_current)"
PZXL-00092-B0171,PHYSICAL_SPAN,BDZ-00027,墩集变,PZXL-00092,dnan,墩南线,PZXL-00092-N0171,dnan线恒鼎支线12杆,PZXL-00092-N0172,dnan线恒鼎支线13杆,50.0,JKLYJ/Q-10-240,JKLYJ/Q-10-240,B+,0.13,0.356,0.0065,0.0178,500.0,550.0,8.6603,CLOSED,172,邳州_10kVdnan线明细.xlsx,PARAMETERIZED_PLANNING_MODEL,485.0,485.0,8.4004,"min(conductor_Imax_base, SRC06_feeder_max_allowed_current)"
PZXL-00092-B0172,PHYSICAL_SPAN,BDZ-00027,墩集变,PZXL-00092,dnan,墩南线,PZXL-00092-N0170,dnan线恒鼎支线11杆,PZXL-00092-N0171,dnan线恒鼎支线12杆,50.0,JKLYJ/Q-10-240,JKLYJ/Q-10-240,B+,0.13,0.356,0.0065,0.0178,500.0,550.0,8.6603,CLOSED,173,邳州_10kVdnan线明细.xlsx,PARAMETERIZED_PLANNING_MODEL,485.0,485.0,8.4004,"min(conductor_Imax_base, SRC06_feeder_max_allowed_current)"
PZXL-00092-B0173,PHYSICAL_SPAN,BDZ-00027,墩集变,PZXL-00092,dnan,墩南线,PZXL-00092-N0215,dnan线恒鼎支线47杆,PZXL-00092-N0216,dnan线恒鼎支线48杆,50.0,JKLYJ/Q-10-240,JKLYJ/Q-10-240,B+,0.13,0.356,0.0065,0.0178,500.0,550.0,8.6603,CLOSED,174,邳州_10kVdnan线明细.xlsx,PARAMETERIZED_PLANNING_MODEL,485.0,485.0,8.4004,"min(conductor_Imax_base, SRC06_feeder_max_allowed_current)"
PZXL-00092-B0174,PHYSICAL_SPAN,BDZ-00027,墩集变,PZXL-00092,dnan,墩南线,PZXL-00092-N0162,dnan线恒鼎支线03杆,PZXL-00092-N0163,dnan线恒鼎支线04杆,50.0,JKLYJ/Q-10-240,JKLYJ/Q-10-240,B+,0.13,0.356,0.0065,0.0178,500.0,550.0,8.6603,CLOSED,175,邳州_10kVdnan线明细.xlsx,PARAMETERIZED_PLANNING_MODEL,485.0,485.0,8.4004,"min(conductor_Imax_base, SRC06_feeder_max_allowed_current)"
PZXL-00092-B0175,PHYSICAL_SPAN,BDZ-00027,墩集变,PZXL-00092,dnan,墩南线,PZXL-00092-N0180,dnan线恒鼎支线21杆,PZXL-00092-N0181,dnan线恒鼎支线22杆,50.0,JKLYJ/Q-10-240,JKLYJ/Q-10-240,B+,0.13,0.356,0.0065,0.0178,500.0,550.0,8.6603,CLOSED,176,邳州_10kVdnan线明细.xlsx,PARAMETERIZED_PLANNING_MODEL,485.0,485.0,8.4004,"min(conductor_Imax_base, SRC06_feeder_max_allowed_current)"
PZXL-00092-B0176,PHYSICAL_SPAN,BDZ-00027,墩集变,PZXL-00092,dnan,墩南线,PZXL-00092-N0189,dnan线恒鼎支线30杆,PZXL-00092-N0190,dnan线恒鼎支线31杆,50.0,JKLYJ/Q-10-240,JKLYJ/Q-10-240,B+,0.13,0.356,0.0065,0.0178,500.0,550.0,8.6603,CLOSED,177,邳州_10kVdnan线明细.xlsx,PARAMETERIZED_PLANNING_MODEL,485.0,485.0,8.4004,"min(conductor_Imax_base, SRC06_feeder_max_allowed_current)"
PZXL-00092-B0177,PHYSICAL_SPAN,BDZ-00027,墩集变,PZXL-00092,dnan,墩南线,PZXL-00092-N0115,dnan线73杆,PZXL-00092-N0116,dnan线74杆,50.0,JKLYJ/Q-10-240,JKLYJ/Q-10-240,B+,0.13,0.356,0.0065,0.0178,500.0,550.0,8.6603,CLOSED,178,邳州_10kVdnan线明细.xlsx,PARAMETERIZED_PLANNING_MODEL,485.0,485.0,8.4004,"min(conductor_Imax_base, SRC06_feeder_max_allowed_current)"
PZXL-00092-B0178,PHYSICAL_SPAN,BDZ-00027,墩集变,PZXL-00092,dnan,墩南线,PZXL-00092-N0166,dnan线恒鼎支线07杆,PZXL-00092-N0167,dnan线恒鼎支线08杆,50.0,JKLYJ/Q-10-240,JKLYJ/Q-10-240,B+,0.13,0.356,0.0065,0.0178,500.0,550.0,8.6603,CLOSED,179,邳州_10kVdnan线明细.xlsx,PARAMETERIZED_PLANNING_MODEL,485.0,485.0,8.4004,"min(conductor_Imax_base, SRC06_feeder_max_allowed_current)"
PZXL-00092-B0179,PHYSICAL_SPAN,BDZ-00027,墩集变,PZXL-00092,dnan,墩南线,PZXL-00092-N0051,dnan线31杆,PZXL-00092-N0052,dnan线32杆,50.0,JKLYJ/Q-10-240,JKLYJ/Q-10-240,B+,0.13,0.356,0.0065,0.0178,500.0,550.0,8.6603,CLOSED,180,邳州_10kVdnan线明细.xlsx,PARAMETERIZED_PLANNING_MODEL,485.0,485.0,8.4004,"min(conductor_Imax_base, SRC06_feeder_max_allowed_current)"
PZXL-00092-B0180,PHYSICAL_SPAN,BDZ-00027,墩集变,PZXL-00092,dnan,墩南线,PZXL-00092-N0214,dnan线恒鼎支线46杆,PZXL-00092-N0215,dnan线恒鼎支线47杆,50.0,JKLYJ/Q-10-240,JKLYJ/Q-10-240,B+,0.13,0.356,0.0065,0.0178,500.0,550.0,8.6603,CLOSED,181,邳州_10kVdnan线明细.xlsx,PARAMETERIZED_PLANNING_MODEL,485.0,485.0,8.4004,"min(conductor_Imax_base, SRC06_feeder_max_allowed_current)"
PZXL-00092-B0181,PHYSICAL_SPAN,BDZ-00027,墩集变,PZXL-00092,dnan,墩南线,PZXL-00092-N0098,dnan线67杆,PZXL-00092-N0099,dnan线68杆,50.0,JKLYJ/Q-10-240,JKLYJ/Q-10-240,B+,0.13,0.356,0.0065,0.0178,500.0,550.0,8.6603,CLOSED,182,邳州_10kVdnan线明细.xlsx,PARAMETERIZED_PLANNING_MODEL,485.0,485.0,8.4004,"min(conductor_Imax_base, SRC06_feeder_max_allowed_current)"
PZXL-00092-B0182,PHYSICAL_SPAN,BDZ-00027,墩集变,PZXL-00092,dnan,墩南线,PZXL-00092-N0121,dnan线79杆,PZXL-00092-N0122,dnan线80杆,50.0,JKLYJ/Q-10-240,JKLYJ/Q-10-240,B+,0.13,0.356,0.0065,0.0178,500.0,550.0,8.6603,CLOSED,183,邳州_10kVdnan线明细.xlsx,PARAMETERIZED_PLANNING_MODEL,485.0,485.0,8.4004,"min(conductor_Imax_base, SRC06_feeder_max_allowed_current)"
PZXL-00092-B0183,PHYSICAL_SPAN,BDZ-00027,墩集变,PZXL-00092,dnan,墩南线,PZXL-00092-N0175,dnan线恒鼎支线16杆,PZXL-00092-N0176,dnan线恒鼎支线17杆,50.0,JKLYJ/Q-10-240,JKLYJ/Q-10-240,B+,0.13,0.356,0.0065,0.0178,500.0,550.0,8.6603,CLOSED,184,邳州_10kVdnan线明细.xlsx,PARAMETERIZED_PLANNING_MODEL,485.0,485.0,8.4004,"min(conductor_Imax_base, SRC06_feeder_max_allowed_current)"
PZXL-00092-B0184,PHYSICAL_SPAN,BDZ-00027,墩集变,PZXL-00092,dnan,墩南线,PZXL-00092-N0178,dnan线恒鼎支线19杆,PZXL-00092-N0179,dnan线恒鼎支线20杆,50.0,JKLYJ/Q-10-240,JKLYJ/Q-10-240,B+,0.13,0.356,0.0065,0.0178,500.0,550.0,8.6603,CLOSED,185,邳州_10kVdnan线明细.xlsx,PARAMETERIZED_PLANNING_MODEL,485.0,485.0,8.4004,"min(conductor_Imax_base, SRC06_feeder_max_allowed_current)"
PZXL-00092-B0185,PHYSICAL_SPAN,BDZ-00027,墩集变,PZXL-00092,dnan,墩南线,PZXL-00092-N0099,dnan线68杆,PZXL-00092-N0100,dnan线69杆,50.0,JKLYJ/Q-10-240,JKLYJ/Q-10-240,B+,0.13,0.356,0.0065,0.0178,500.0,550.0,8.6603,CLOSED,186,邳州_10kVdnan线明细.xlsx,PARAMETERIZED_PLANNING_MODEL,485.0,485.0,8.4004,"min(conductor_Imax_base, SRC06_feeder_max_allowed_current)"
PZXL-00092-B0186,PHYSICAL_SPAN,BDZ-00027,墩集变,PZXL-00092,dnan,墩南线,PZXL-00092-N0186,dnan线恒鼎支线27杆,PZXL-00092-N0187,dnan线恒鼎支线28杆,50.0,JKLYJ/Q-10-240,JKLYJ/Q-10-240,B+,0.13,0.356,0.0065,0.0178,500.0,550.0,8.6603,CLOSED,187,邳州_10kVdnan线明细.xlsx,PARAMETERIZED_PLANNING_MODEL,485.0,485.0,8.4004,"min(conductor_Imax_base, SRC06_feeder_max_allowed_current)"
PZXL-00092-B0187,PHYSICAL_SPAN,BDZ-00027,墩集变,PZXL-00092,dnan,墩南线,PZXL-00092-N0123,dnan线81杆,PZXL-00092-N0125,dnan线82杆,50.0,JKLYJ/Q-10-240,JKLYJ/Q-10-240,B+,0.13,0.356,0.0065,0.0178,500.0,550.0,8.6603,CLOSED,188,邳州_10kVdnan线明细.xlsx,PARAMETERIZED_PLANNING_MODEL,485.0,485.0,8.4004,"min(conductor_Imax_base, SRC06_feeder_max_allowed_current)"
PZXL-00092-B0188,PHYSICAL_SPAN,BDZ-00027,墩集变,PZXL-00092,dnan,墩南线,PZXL-00092-N0160,dnan线恒鼎支线01杆,PZXL-00092-N0161,dnan线恒鼎支线02杆,50.0,JKLYJ/Q-10-240,JKLYJ/Q-10-240,B+,0.13,0.356,0.0065,0.0178,500.0,550.0,8.6603,CLOSED,189,邳州_10kVdnan线明细.xlsx,PARAMETERIZED_PLANNING_MODEL,485.0,485.0,8.4004,"min(conductor_Imax_base, SRC06_feeder_max_allowed_current)"
PZXL-00092-B0189,PHYSICAL_SPAN,BDZ-00027,墩集变,PZXL-00092,dnan,墩南线,PZXL-00092-N0205,dnan线恒鼎支线37杆,PZXL-00092-N0206,dnan线恒鼎支线38杆,50.0,JKLYJ/Q-10-240,JKLYJ/Q-10-240,B+,0.13,0.356,0.0065,0.0178,500.0,550.0,8.6603,CLOSED,190,邳州_10kVdnan线明细.xlsx,PARAMETERIZED_PLANNING_MODEL,485.0,485.0,8.4004,"min(conductor_Imax_base, SRC06_feeder_max_allowed_current)"
PZXL-00092-B0190,PHYSICAL_SPAN,BDZ-00027,墩集变,PZXL-00092,dnan,墩南线,PZXL-00092-N0026,dnan线100杆,PZXL-00092-N0027,dnan线101杆,50.0,JKLYJ/Q-10-240,JKLYJ/Q-10-240,B+,0.13,0.356,0.0065,0.0178,500.0,550.0,8.6603,CLOSED,191,邳州_10kVdnan线明细.xlsx,PARAMETERIZED_PLANNING_MODEL,485.0,485.0,8.4004,"min(conductor_Imax_base, SRC06_feeder_max_allowed_current)"
PZXL-00092-B0191,PHYSICAL_SPAN,BDZ-00027,墩集变,PZXL-00092,dnan,墩南线,PZXL-00092-N0190,dnan线恒鼎支线31杆,PZXL-00092-N0191,dnan线恒鼎支线32杆,50.0,JKLYJ/Q-10-240,JKLYJ/Q-10-240,B+,0.13,0.356,0.0065,0.0178,500.0,550.0,8.6603,CLOSED,192,邳州_10kVdnan线明细.xlsx,PARAMETERIZED_PLANNING_MODEL,485.0,485.0,8.4004,"min(conductor_Imax_base, SRC06_feeder_max_allowed_current)"
PZXL-00092-B0192,PHYSICAL_SPAN,BDZ-00027,墩集变,PZXL-00092,dnan,墩南线,PZXL-00092-N0144,dnan线合金厂支线2杆,PZXL-00092-N0145,dnan线合金厂支线3杆,50.0,JKLYJ/Q-10-240,JKLYJ/Q-10-240,B+,0.13,0.356,0.0065,0.0178,500.0,550.0,8.6603,CLOSED,193,邳州_10kVdnan线明细.xlsx,PARAMETERIZED_PLANNING_MODEL,485.0,485.0,8.4004,"min(conductor_Imax_base, SRC06_feeder_max_allowed_current)"
PZXL-00092-B0193,PHYSICAL_SPAN,BDZ-00027,墩集变,PZXL-00092,dnan,墩南线,PZXL-00092-N0124,dnan线82-1,PZXL-00092-N0007,dji南台支线1杆,50.0,JKLYJ/Q-10-240,JKLYJ/Q-10-240,B+,0.13,0.356,0.0065,0.0178,500.0,550.0,8.6603,CLOSED,194,邳州_10kVdnan线明细.xlsx,PARAMETERIZED_PLANNING_MODEL,485.0,485.0,8.4004,"min(conductor_Imax_base, SRC06_feeder_max_allowed_current)"
PZXL-00092-B0194,PHYSICAL_SPAN,BDZ-00027,墩集变,PZXL-00092,dnan,墩南线,PZXL-00092-N0007,dji南台支线1杆,PZXL-00092-N0008,dji南台支线2杆,50.0,JKLYJ/Q-10-240,JKLYJ/Q-10-240,B+,0.13,0.356,0.0065,0.0178,500.0,550.0,8.6603,CLOSED,195,邳州_10kVdnan线明细.xlsx,PARAMETERIZED_PLANNING_MODEL,485.0,485.0,8.4004,"min(conductor_Imax_base, SRC06_feeder_max_allowed_current)"
PZXL-00092-B0195,PHYSICAL_SPAN,BDZ-00027,墩集变,PZXL-00092,dnan,墩南线,PZXL-00092-N0014,dji南台支线8杆,PZXL-00092-N0015,dji南台支线9杆,50.0,JKLYJ/Q-10-240,JKLYJ/Q-10-240,B+,0.13,0.356,0.0065,0.0178,500.0,550.0,8.6603,CLOSED,196,邳州_10kVdnan线明细.xlsx,PARAMETERIZED_PLANNING_MODEL,485.0,485.0,8.4004,"min(conductor_Imax_base, SRC06_feeder_max_allowed_current)"
PZXL-00092-B0196,PHYSICAL_SPAN,BDZ-00027,墩集变,PZXL-00092,dnan,墩南线,PZXL-00092-N0265,波士达支线3杆,PZXL-00092-N0266,波士达支线4杆,50.0,JKLYJ/Q-10-240,JKLYJ/Q-10-240,B+,0.13,0.356,0.0065,0.0178,500.0,550.0,8.6603,CLOSED,197,邳州_10kVdnan线明细.xlsx,PARAMETERIZED_PLANNING_MODEL,485.0,485.0,8.4004,"min(conductor_Imax_base, SRC06_feeder_max_allowed_current)"
PZXL-00092-B0197,PHYSICAL_SPAN,BDZ-00027,墩集变,PZXL-00092,dnan,墩南线,PZXL-00092-N0012,dji南台支线6杆,PZXL-00092-N0013,dji南台支线7杆,50.0,JKLYJ/Q-10-240,JKLYJ/Q-10-240,B+,0.13,0.356,0.0065,0.0178,500.0,550.0,8.6603,CLOSED,198,邳州_10kVdnan线明细.xlsx,PARAMETERIZED_PLANNING_MODEL,485.0,485.0,8.4004,"min(conductor_Imax_base, SRC06_feeder_max_allowed_current)"
PZXL-00092-B0198,PHYSICAL_SPAN,BDZ-00027,墩集变,PZXL-00092,dnan,墩南线,PZXL-00092-N0010,dji南台支线4杆,PZXL-00092-N0011,dji南台支线5杆,50.0,JKLYJ/Q-10-240,JKLYJ/Q-10-240,B+,0.13,0.356,0.0065,0.0178,500.0,550.0,8.6603,CLOSED,199,邳州_10kVdnan线明细.xlsx,PARAMETERIZED_PLANNING_MODEL,485.0,485.0,8.4004,"min(conductor_Imax_base, SRC06_feeder_max_allowed_current)"
PZXL-00092-B0199,PHYSICAL_SPAN,BDZ-00027,墩集变,PZXL-00092,dnan,墩南线,PZXL-00092-N0011,dji南台支线5杆,PZXL-00092-N0012,dji南台支线6杆,50.0,JKLYJ/Q-10-240,JKLYJ/Q-10-240,B+,0.13,0.356,0.0065,0.0178,500.0,550.0,8.6603,CLOSED,200,邳州_10kVdnan线明细.xlsx,PARAMETERIZED_PLANNING_MODEL,485.0,485.0,8.4004,"min(conductor_Imax_base, SRC06_feeder_max_allowed_current)"
PZXL-00092-B0200,PHYSICAL_SPAN,BDZ-00027,墩集变,PZXL-00092,dnan,墩南线,PZXL-00092-N0125,dnan线82杆,PZXL-00092-N0124,dnan线82-1,50.0,JKLYJ/Q-10-240,JKLYJ/Q-10-240,B+,0.13,0.356,0.0065,0.0178,500.0,550.0,8.6603,CLOSED,201,邳州_10kVdnan线明细.xlsx,PARAMETERIZED_PLANNING_MODEL,485.0,485.0,8.4004,"min(conductor_Imax_base, SRC06_feeder_max_allowed_current)"
PZXL-00092-B0201,PHYSICAL_SPAN,BDZ-00027,墩集变,PZXL-00092,dnan,墩南线,PZXL-00092-N0264,波士达支线2杆,PZXL-00092-N0265,波士达支线3杆,50.0,JKLYJ/Q-10-240,JKLYJ/Q-10-240,B+,0.13,0.356,0.0065,0.0178,500.0,550.0,8.6603,CLOSED,202,邳州_10kVdnan线明细.xlsx,PARAMETERIZED_PLANNING_MODEL,485.0,485.0,8.4004,"min(conductor_Imax_base, SRC06_feeder_max_allowed_current)"
PZXL-00092-B0202,PHYSICAL_SPAN,BDZ-00027,墩集变,PZXL-00092,dnan,墩南线,PZXL-00092-N0013,dji南台支线7杆,PZXL-00092-N0014,dji南台支线8杆,50.0,JKLYJ/Q-10-240,JKLYJ/Q-10-240,B+,0.13,0.356,0.0065,0.0178,500.0,550.0,8.6603,CLOSED,203,邳州_10kVdnan线明细.xlsx,PARAMETERIZED_PLANNING_MODEL,485.0,485.0,8.4004,"min(conductor_Imax_base, SRC06_feeder_max_allowed_current)"
PZXL-00092-B0203,PHYSICAL_SPAN,BDZ-00027,墩集变,PZXL-00092,dnan,墩南线,PZXL-00092-N0145,dnan线合金厂支线3杆,PZXL-00092-N0146,dnan线合金厂支线4杆,50.0,JKLYJ/Q-10-240,JKLYJ/Q-10-240,B+,0.13,0.356,0.0065,0.0178,500.0,550.0,8.6603,CLOSED,204,邳州_10kVdnan线明细.xlsx,PARAMETERIZED_PLANNING_MODEL,485.0,485.0,8.4004,"min(conductor_Imax_base, SRC06_feeder_max_allowed_current)"
PZXL-00092-B0204,PHYSICAL_SPAN,BDZ-00027,墩集变,PZXL-00092,dnan,墩南线,PZXL-00092-N0124,dnan线82-1,PZXL-00092-N0126,dnan线83杆,50.0,JKLYJ/Q-10-240,JKLYJ/Q-10-240,B+,0.13,0.356,0.0065,0.0178,500.0,550.0,8.6603,CLOSED,205,邳州_10kVdnan线明细.xlsx,PARAMETERIZED_PLANNING_MODEL,485.0,485.0,8.4004,"min(conductor_Imax_base, SRC06_feeder_max_allowed_current)"
PZXL-00092-B0205,PHYSICAL_SPAN,BDZ-00027,墩集变,PZXL-00092,dnan,墩南线,PZXL-00092-N0008,dji南台支线2杆,PZXL-00092-N0009,dji南台支线3杆,50.0,JKLYJ/Q-10-240,JKLYJ/Q-10-240,B+,0.13,0.356,0.0065,0.0178,500.0,550.0,8.6603,CLOSED,206,邳州_10kVdnan线明细.xlsx,PARAMETERIZED_PLANNING_MODEL,485.0,485.0,8.4004,"min(conductor_Imax_base, SRC06_feeder_max_allowed_current)"
PZXL-00092-B0206,PHYSICAL_SPAN,BDZ-00027,墩集变,PZXL-00092,dnan,墩南线,PZXL-00092-N0041,dnan线21杆,PZXL-00092-N0263,波士达支线1杆,50.0,JKLYJ/Q-10-240,JKLYJ/Q-10-240,B+,0.13,0.356,0.0065,0.0178,500.0,550.0,8.6603,CLOSED,207,邳州_10kVdnan线明细.xlsx,PARAMETERIZED_PLANNING_MODEL,485.0,485.0,8.4004,"min(conductor_Imax_base, SRC06_feeder_max_allowed_current)"
PZXL-00092-B0207,PHYSICAL_SPAN,BDZ-00027,墩集变,PZXL-00092,dnan,墩南线,PZXL-00092-N0009,dji南台支线3杆,PZXL-00092-N0010,dji南台支线4杆,50.0,JKLYJ/Q-10-240,JKLYJ/Q-10-240,B+,0.13,0.356,0.0065,0.0178,500.0,550.0,8.6603,CLOSED,208,邳州_10kVdnan线明细.xlsx,PARAMETERIZED_PLANNING_MODEL,485.0,485.0,8.4004,"min(conductor_Imax_base, SRC06_feeder_max_allowed_current)"
PZXL-00092-B0208,PHYSICAL_SPAN,BDZ-00027,墩集变,PZXL-00092,dnan,墩南线,PZXL-00092-N0109,dnan线73-4,PZXL-00092-N0110,dnan线73-5,50.0,JKLYJ/Q-10-240,JKLYJ/Q-10-240,B+,0.13,0.356,0.0065,0.0178,500.0,550.0,8.6603,CLOSED,209,邳州_10kVdnan线明细.xlsx,PARAMETERIZED_PLANNING_MODEL,485.0,485.0,8.4004,"min(conductor_Imax_base, SRC06_feeder_max_allowed_current)"
PZXL-00092-B0209,PHYSICAL_SPAN,BDZ-00027,墩集变,PZXL-00092,dnan,墩南线,PZXL-00092-N0111,dnan线73-6,PZXL-00092-N0112,dnan线73-7,50.0,JKLYJ/Q-10-240,JKLYJ/Q-10-240,B+,0.13,0.356,0.0065,0.0178,500.0,550.0,8.6603,CLOSED,210,邳州_10kVdnan线明细.xlsx,PARAMETERIZED_PLANNING_MODEL,485.0,485.0,8.4004,"min(conductor_Imax_base, SRC06_feeder_max_allowed_current)"
PZXL-00092-B0210,PHYSICAL_SPAN,BDZ-00027,墩集变,PZXL-00092,dnan,墩南线,PZXL-00092-N0108,dnan线73-3,PZXL-00092-N0109,dnan线73-4,50.0,JKLYJ/Q-10-240,JKLYJ/Q-10-240,B+,0.13,0.356,0.0065,0.0178,500.0,550.0,8.6603,CLOSED,211,邳州_10kVdnan线明细.xlsx,PARAMETERIZED_PLANNING_MODEL,485.0,485.0,8.4004,"min(conductor_Imax_base, SRC06_feeder_max_allowed_current)"
PZXL-00092-B0211,PHYSICAL_SPAN,BDZ-00027,墩集变,PZXL-00092,dnan,墩南线,PZXL-00092-N0112,dnan线73-7,PZXL-00092-N0113,dnan线73-8,50.0,JKLYJ/Q-10-240,JKLYJ/Q-10-240,B+,0.13,0.356,0.0065,0.0178,500.0,550.0,8.6603,CLOSED,212,邳州_10kVdnan线明细.xlsx,PARAMETERIZED_PLANNING_MODEL,485.0,485.0,8.4004,"min(conductor_Imax_base, SRC06_feeder_max_allowed_current)"
PZXL-00092-B0212,PHYSICAL_SPAN,BDZ-00027,墩集变,PZXL-00092,dnan,墩南线,PZXL-00092-N0104,dnan线73-1,PZXL-00092-N0107,dnan线73-2,50.0,JKLYJ/Q-10-240,JKLYJ/Q-10-240,B+,0.13,0.356,0.0065,0.0178,500.0,550.0,8.6603,CLOSED,213,邳州_10kVdnan线明细.xlsx,PARAMETERIZED_PLANNING_MODEL,485.0,485.0,8.4004,"min(conductor_Imax_base, SRC06_feeder_max_allowed_current)"
PZXL-00092-B0213,PHYSICAL_SPAN,BDZ-00027,墩集变,PZXL-00092,dnan,墩南线,PZXL-00092-N0105,dnan线73-10,PZXL-00092-N0106,dnan线73-11,50.0,JKLYJ/Q-10-240,JKLYJ/Q-10-240,B+,0.13,0.356,0.0065,0.0178,500.0,550.0,8.6603,CLOSED,214,邳州_10kVdnan线明细.xlsx,PARAMETERIZED_PLANNING_MODEL,485.0,485.0,8.4004,"min(conductor_Imax_base, SRC06_feeder_max_allowed_current)"
PZXL-00092-B0214,PHYSICAL_SPAN,BDZ-00027,墩集变,PZXL-00092,dnan,墩南线,PZXL-00092-N0115,dnan线73杆,PZXL-00092-N0104,dnan线73-1,50.0,JKLYJ/Q-10-240,JKLYJ/Q-10-240,B+,0.13,0.356,0.0065,0.0178,500.0,550.0,8.6603,CLOSED,215,邳州_10kVdnan线明细.xlsx,PARAMETERIZED_PLANNING_MODEL,485.0,485.0,8.4004,"min(conductor_Imax_base, SRC06_feeder_max_allowed_current)"
PZXL-00092-B0215,PHYSICAL_SPAN,BDZ-00027,墩集变,PZXL-00092,dnan,墩南线,PZXL-00092-N0110,dnan线73-5,PZXL-00092-N0111,dnan线73-6,50.0,JKLYJ/Q-10-240,JKLYJ/Q-10-240,B+,0.13,0.356,0.0065,0.0178,500.0,550.0,8.6603,CLOSED,216,邳州_10kVdnan线明细.xlsx,PARAMETERIZED_PLANNING_MODEL,485.0,485.0,8.4004,"min(conductor_Imax_base, SRC06_feeder_max_allowed_current)"
PZXL-00092-B0216,PHYSICAL_SPAN,BDZ-00027,墩集变,PZXL-00092,dnan,墩南线,PZXL-00092-N0113,dnan线73-8,PZXL-00092-N0114,dnan线73-9,50.0,JKLYJ/Q-10-240,JKLYJ/Q-10-240,B+,0.13,0.356,0.0065,0.0178,500.0,550.0,8.6603,CLOSED,217,邳州_10kVdnan线明细.xlsx,PARAMETERIZED_PLANNING_MODEL,485.0,485.0,8.4004,"min(conductor_Imax_base, SRC06_feeder_max_allowed_current)"
PZXL-00092-B0217,PHYSICAL_SPAN,BDZ-00027,墩集变,PZXL-00092,dnan,墩南线,PZXL-00092-N0114,dnan线73-9,PZXL-00092-N0105,dnan线73-10,50.0,JKLYJ/Q-10-240,JKLYJ/Q-10-240,B+,0.13,0.356,0.0065,0.0178,500.0,550.0,8.6603,CLOSED,218,邳州_10kVdnan线明细.xlsx,PARAMETERIZED_PLANNING_MODEL,485.0,485.0,8.4004,"min(conductor_Imax_base, SRC06_feeder_max_allowed_current)"
PZXL-00092-B0218,PHYSICAL_SPAN,BDZ-00027,墩集变,PZXL-00092,dnan,墩南线,PZXL-00092-N0107,dnan线73-2,PZXL-00092-N0108,dnan线73-3,50.0,JKLYJ/Q-10-240,JKLYJ/Q-10-240,B+,0.13,0.356,0.0065,0.0178,500.0,550.0,8.6603,CLOSED,219,邳州_10kVdnan线明细.xlsx,PARAMETERIZED_PLANNING_MODEL,485.0,485.0,8.4004,"min(conductor_Imax_base, SRC06_feeder_max_allowed_current)"
PZXL-00092-B0219,PHYSICAL_SPAN,BDZ-00027,墩集变,PZXL-00092,dnan,墩南线,PZXL-00092-N0156,dnan线天齐七支站支线10,PZXL-00092-N0157,dnan线天齐七支站支线11,50.0,JKLYJ/Q-10-240,JKLYJ/Q-10-240,B+,0.13,0.356,0.0065,0.0178,500.0,550.0,8.6603,CLOSED,220,邳州_10kVdnan线明细.xlsx,PARAMETERIZED_PLANNING_MODEL,485.0,485.0,8.4004,"min(conductor_Imax_base, SRC06_feeder_max_allowed_current)"
PZXL-00092-B0220,PHYSICAL_SPAN,BDZ-00027,墩集变,PZXL-00092,dnan,墩南线,PZXL-00092-N0155,dnan线天齐七支站支线09杆,PZXL-00092-N0268,金凤凰1,50.0,JKLYJ/Q-10-240,JKLYJ/Q-10-240,B+,0.13,0.356,0.0065,0.0178,500.0,550.0,8.6603,CLOSED,221,邳州_10kVdnan线明细.xlsx,PARAMETERIZED_PLANNING_MODEL,485.0,485.0,8.4004,"min(conductor_Imax_base, SRC06_feeder_max_allowed_current)"
PZXL-00092-B0221,PHYSICAL_SPAN,BDZ-00027,墩集变,PZXL-00092,dnan,墩南线,PZXL-00092-N0158,dnan线天齐七支站支线12,PZXL-00092-N0159,dnan线天齐七支站支线13,50.0,JKLYJ/Q-10-240,JKLYJ/Q-10-240,B+,0.13,0.356,0.0065,0.0178,500.0,550.0,8.6603,CLOSED,222,邳州_10kVdnan线明细.xlsx,PARAMETERIZED_PLANNING_MODEL,485.0,485.0,8.4004,"min(conductor_Imax_base, SRC06_feeder_max_allowed_current)"
PZXL-00092-B0222,PHYSICAL_SPAN,BDZ-00027,墩集变,PZXL-00092,dnan,墩南线,PZXL-00092-N0155,dnan线天齐七支站支线09杆,PZXL-00092-N0156,dnan线天齐七支站支线10,50.0,JKLYJ/Q-10-240,JKLYJ/Q-10-240,B+,0.13,0.356,0.0065,0.0178,500.0,550.0,8.6603,CLOSED,223,邳州_10kVdnan线明细.xlsx,PARAMETERIZED_PLANNING_MODEL,485.0,485.0,8.4004,"min(conductor_Imax_base, SRC06_feeder_max_allowed_current)"
PZXL-00092-B0223,PHYSICAL_SPAN,BDZ-00027,墩集变,PZXL-00092,dnan,墩南线,PZXL-00092-N0268,金凤凰1,PZXL-00092-N0269,金凤凰2,50.0,JKLYJ/Q-10-240,JKLYJ/Q-10-240,B+,0.13,0.356,0.0065,0.0178,500.0,550.0,8.6603,CLOSED,224,邳州_10kVdnan线明细.xlsx,PARAMETERIZED_PLANNING_MODEL,485.0,485.0,8.4004,"min(conductor_Imax_base, SRC06_feeder_max_allowed_current)"
PZXL-00092-B0224,PHYSICAL_SPAN,BDZ-00027,墩集变,PZXL-00092,dnan,墩南线,PZXL-00092-N0157,dnan线天齐七支站支线11,PZXL-00092-N0158,dnan线天齐七支站支线12,50.0,JKLYJ/Q-10-240,JKLYJ/Q-10-240,B+,0.13,0.356,0.0065,0.0178,500.0,550.0,8.6603,CLOSED,225,邳州_10kVdnan线明细.xlsx,PARAMETERIZED_PLANNING_MODEL,485.0,485.0,8.4004,"min(conductor_Imax_base, SRC06_feeder_max_allowed_current)"
PZXL-00092-B0225,PHYSICAL_SPAN,BDZ-00027,墩集变,PZXL-00092,dnan,墩南线,PZXL-00092-N0198,dnan线恒鼎支线35杆-4,PZXL-00092-N0199,dnan线恒鼎支线35杆-5,50.0,JKLYJ/Q-10-240,JKLYJ/Q-10-240,B+,0.13,0.356,0.0065,0.0178,500.0,550.0,8.6603,CLOSED,226,邳州_10kVdnan线明细.xlsx,PARAMETERIZED_PLANNING_MODEL,485.0,485.0,8.4004,"min(conductor_Imax_base, SRC06_feeder_max_allowed_current)"
PZXL-00092-B0226,PHYSICAL_SPAN,BDZ-00027,墩集变,PZXL-00092,dnan,墩南线,PZXL-00092-N0195,dnan线恒鼎支线35杆-1,PZXL-00092-N0196,dnan线恒鼎支线35杆-2,50.0,JKLYJ/Q-10-240,JKLYJ/Q-10-240,B+,0.13,0.356,0.0065,0.0178,500.0,550.0,8.6603,CLOSED,227,邳州_10kVdnan线明细.xlsx,PARAMETERIZED_PLANNING_MODEL,485.0,485.0,8.4004,"min(conductor_Imax_base, SRC06_feeder_max_allowed_current)"
PZXL-00092-B0227,PHYSICAL_SPAN,BDZ-00027,墩集变,PZXL-00092,dnan,墩南线,PZXL-00092-N0202,dnan线恒鼎支线35杆-8,PZXL-00092-N0203,dnan线恒鼎支线35杆-9,50.0,JKLYJ/Q-10-240,JKLYJ/Q-10-240,B+,0.13,0.356,0.0065,0.0178,500.0,550.0,8.6603,CLOSED,228,邳州_10kVdnan线明细.xlsx,PARAMETERIZED_PLANNING_MODEL,485.0,485.0,8.4004,"min(conductor_Imax_base, SRC06_feeder_max_allowed_current)"
PZXL-00092-B0228,PHYSICAL_SPAN,BDZ-00027,墩集变,PZXL-00092,dnan,墩南线,PZXL-00092-N0256,国成支线4,PZXL-00092-N0257,国成支线5,50.0,JKLYJ/Q-10-240,JKLYJ/Q-10-240,B+,0.13,0.356,0.0065,0.0178,500.0,550.0,8.6603,CLOSED,229,邳州_10kVdnan线明细.xlsx,PARAMETERIZED_PLANNING_MODEL,485.0,485.0,8.4004,"min(conductor_Imax_base, SRC06_feeder_max_allowed_current)"
PZXL-00092-B0229,PHYSICAL_SPAN,BDZ-00027,墩集变,PZXL-00092,dnan,墩南线,PZXL-00092-N0200,dnan线恒鼎支线35杆-6,PZXL-00092-N0201,dnan线恒鼎支线35杆-7,50.0,JKLYJ/Q-10-240,JKLYJ/Q-10-240,B+,0.13,0.356,0.0065,0.0178,500.0,550.0,8.6603,CLOSED,230,邳州_10kVdnan线明细.xlsx,PARAMETERIZED_PLANNING_MODEL,485.0,485.0,8.4004,"min(conductor_Imax_base, SRC06_feeder_max_allowed_current)"
PZXL-00092-B0230,PHYSICAL_SPAN,BDZ-00027,墩集变,PZXL-00092,dnan,墩南线,PZXL-00092-N0194,dnan线恒鼎支线35杆,PZXL-00092-N0195,dnan线恒鼎支线35杆-1,50.0,JKLYJ/Q-10-240,JKLYJ/Q-10-240,B+,0.13,0.356,0.0065,0.0178,500.0,550.0,8.6603,CLOSED,231,邳州_10kVdnan线明细.xlsx,PARAMETERIZED_PLANNING_MODEL,485.0,485.0,8.4004,"min(conductor_Imax_base, SRC06_feeder_max_allowed_current)"
PZXL-00092-B0231,PHYSICAL_SPAN,BDZ-00027,墩集变,PZXL-00092,dnan,墩南线,PZXL-00092-N0199,dnan线恒鼎支线35杆-5,PZXL-00092-N0200,dnan线恒鼎支线35杆-6,50.0,JKLYJ/Q-10-240,JKLYJ/Q-10-240,B+,0.13,0.356,0.0065,0.0178,500.0,550.0,8.6603,CLOSED,232,邳州_10kVdnan线明细.xlsx,PARAMETERIZED_PLANNING_MODEL,485.0,485.0,8.4004,"min(conductor_Imax_base, SRC06_feeder_max_allowed_current)"
PZXL-00092-B0232,PHYSICAL_SPAN,BDZ-00027,墩集变,PZXL-00092,dnan,墩南线,PZXL-00092-N0253,国成支线1,PZXL-00092-N0254,国成支线2,50.0,JKLYJ/Q-10-240,JKLYJ/Q-10-240,B+,0.13,0.356,0.0065,0.0178,500.0,550.0,8.6603,CLOSED,233,邳州_10kVdnan线明细.xlsx,PARAMETERIZED_PLANNING_MODEL,485.0,485.0,8.4004,"min(conductor_Imax_base, SRC06_feeder_max_allowed_current)"
PZXL-00092-B0233,PHYSICAL_SPAN,BDZ-00027,墩集变,PZXL-00092,dnan,墩南线,PZXL-00092-N0046,dnan线26杆,PZXL-00092-N0253,国成支线1,50.0,JKLYJ/Q-10-240,JKLYJ/Q-10-240,B+,0.13,0.356,0.0065,0.0178,500.0,550.0,8.6603,CLOSED,234,邳州_10kVdnan线明细.xlsx,PARAMETERIZED_PLANNING_MODEL,485.0,485.0,8.4004,"min(conductor_Imax_base, SRC06_feeder_max_allowed_current)"
PZXL-00092-B0234,PHYSICAL_SPAN,BDZ-00027,墩集变,PZXL-00092,dnan,墩南线,PZXL-00092-N0201,dnan线恒鼎支线35杆-7,PZXL-00092-N0202,dnan线恒鼎支线35杆-8,50.0,JKLYJ/Q-10-240,JKLYJ/Q-10-240,B+,0.13,0.356,0.0065,0.0178,500.0,550.0,8.6603,CLOSED,235,邳州_10kVdnan线明细.xlsx,PARAMETERIZED_PLANNING_MODEL,485.0,485.0,8.4004,"min(conductor_Imax_base, SRC06_feeder_max_allowed_current)"
PZXL-00092-B0235,PHYSICAL_SPAN,BDZ-00027,墩集变,PZXL-00092,dnan,墩南线,PZXL-00092-N0255,国成支线3,PZXL-00092-N0256,国成支线4,50.0,JKLYJ/Q-10-240,JKLYJ/Q-10-240,B+,0.13,0.356,0.0065,0.0178,500.0,550.0,8.6603,CLOSED,236,邳州_10kVdnan线明细.xlsx,PARAMETERIZED_PLANNING_MODEL,485.0,485.0,8.4004,"min(conductor_Imax_base, SRC06_feeder_max_allowed_current)"
PZXL-00092-B0236,PHYSICAL_SPAN,BDZ-00027,墩集变,PZXL-00092,dnan,墩南线,PZXL-00092-N0196,dnan线恒鼎支线35杆-2,PZXL-00092-N0197,dnan线恒鼎支线35杆-3,50.0,JKLYJ/Q-10-240,JKLYJ/Q-10-240,B+,0.13,0.356,0.0065,0.0178,500.0,550.0,8.6603,CLOSED,237,邳州_10kVdnan线明细.xlsx,PARAMETERIZED_PLANNING_MODEL,485.0,485.0,8.4004,"min(conductor_Imax_base, SRC06_feeder_max_allowed_current)"
PZXL-00092-B0237,PHYSICAL_SPAN,BDZ-00027,墩集变,PZXL-00092,dnan,墩南线,PZXL-00092-N0254,国成支线2,PZXL-00092-N0255,国成支线3,50.0,JKLYJ/Q-10-240,JKLYJ/Q-10-240,B+,0.13,0.356,0.0065,0.0178,500.0,550.0,8.6603,CLOSED,238,邳州_10kVdnan线明细.xlsx,PARAMETERIZED_PLANNING_MODEL,485.0,485.0,8.4004,"min(conductor_Imax_base, SRC06_feeder_max_allowed_current)"
PZXL-00092-B0238,PHYSICAL_SPAN,BDZ-00027,墩集变,PZXL-00092,dnan,墩南线,PZXL-00092-N0197,dnan线恒鼎支线35杆-3,PZXL-00092-N0198,dnan线恒鼎支线35杆-4,50.0,JKLYJ/Q-10-240,JKLYJ/Q-10-240,B+,0.13,0.356,0.0065,0.0178,500.0,550.0,8.6603,CLOSED,239,邳州_10kVdnan线明细.xlsx,PARAMETERIZED_PLANNING_MODEL,485.0,485.0,8.4004,"min(conductor_Imax_base, SRC06_feeder_max_allowed_current)"
PZXL-00092-B0239,PHYSICAL_SPAN,BDZ-00027,墩集变,PZXL-00092,dnan,墩南线,PZXL-00092-N0068,dnan线46杆,PZXL-00092-N0066,dnan线46-1,50.0,JKLYJ/Q-10-240,JKLYJ/Q-10-240,B+,0.13,0.356,0.0065,0.0178,500.0,550.0,8.6603,CLOSED,240,邳州_10kVdnan线明细.xlsx,PARAMETERIZED_PLANNING_MODEL,485.0,485.0,8.4004,"min(conductor_Imax_base, SRC06_feeder_max_allowed_current)"
PZXL-00092-B0240,PHYSICAL_SPAN,BDZ-00027,墩集变,PZXL-00092,dnan,墩南线,PZXL-00092-N0242,dnan线黄安六支站支线9-1杆,PZXL-00092-N0251,刘一刀支线1,50.0,JKLYJ/Q-10-240,JKLYJ/Q-10-240,B+,0.13,0.356,0.0065,0.0178,500.0,550.0,8.6603,CLOSED,241,邳州_10kVdnan线明细.xlsx,PARAMETERIZED_PLANNING_MODEL,485.0,485.0,8.4004,"min(conductor_Imax_base, SRC06_feeder_max_allowed_current)"
PZXL-00092-B0241,PHYSICAL_SPAN,BDZ-00027,墩集变,PZXL-00092,dnan,墩南线,PZXL-00092-N0066,dnan线46-1,PZXL-00092-N0067,dnan线46-2,50.0,JKLYJ/Q-10-240,JKLYJ/Q-10-240,B+,0.13,0.356,0.0065,0.0178,500.0,550.0,8.6603,CLOSED,242,邳州_10kVdnan线明细.xlsx,PARAMETERIZED_PLANNING_MODEL,485.0,485.0,8.4004,"min(conductor_Imax_base, SRC06_feeder_max_allowed_current)"
PZXL-00092-B0242,PHYSICAL_SPAN,BDZ-00027,墩集变,PZXL-00092,dnan,墩南线,PZXL-00092-N0237,dnan线黄安六支站支线14,PZXL-00092-N0238,dnan线黄安六支站支线15,50.0,JKLYJ/Q-10-240,JKLYJ/Q-10-240,B+,0.13,0.356,0.0065,0.0178,500.0,550.0,8.6603,CLOSED,243,邳州_10kVdnan线明细.xlsx,PARAMETERIZED_PLANNING_MODEL,485.0,485.0,8.4004,"min(conductor_Imax_base, SRC06_feeder_max_allowed_current)"
PZXL-00092-B0243,PHYSICAL_SPAN,BDZ-00027,墩集变,PZXL-00092,dnan,墩南线,PZXL-00092-N0259,大晶支线2,PZXL-00092-N0260,大晶支线3,50.0,JKLYJ/Q-10-240,JKLYJ/Q-10-240,B+,0.13,0.356,0.0065,0.0178,500.0,550.0,8.6603,CLOSED,244,邳州_10kVdnan线明细.xlsx,PARAMETERIZED_PLANNING_MODEL,485.0,485.0,8.4004,"min(conductor_Imax_base, SRC06_feeder_max_allowed_current)"
PZXL-00092-B0244,PHYSICAL_SPAN,BDZ-00027,墩集变,PZXL-00092,dnan,墩南线,PZXL-00092-N0240,dnan线黄安六支站支线17,PZXL-00092-N0241,dnan线黄安六支站支线18,50.0,JKLYJ/Q-10-240,JKLYJ/Q-10-240,B+,0.13,0.356,0.0065,0.0178,500.0,550.0,8.6603,CLOSED,245,邳州_10kVdnan线明细.xlsx,PARAMETERIZED_PLANNING_MODEL,485.0,485.0,8.4004,"min(conductor_Imax_base, SRC06_feeder_max_allowed_current)"
PZXL-00092-B0245,PHYSICAL_SPAN,BDZ-00027,墩集变,PZXL-00092,dnan,墩南线,PZXL-00092-N0258,大晶支线1,PZXL-00092-N0259,大晶支线2,50.0,JKLYJ/Q-10-240,JKLYJ/Q-10-240,B+,0.13,0.356,0.0065,0.0178,500.0,550.0,8.6603,CLOSED,246,邳州_10kVdnan线明细.xlsx,PARAMETERIZED_PLANNING_MODEL,485.0,485.0,8.4004,"min(conductor_Imax_base, SRC06_feeder_max_allowed_current)"
PZXL-00092-B0246,PHYSICAL_SPAN,BDZ-00027,墩集变,PZXL-00092,dnan,墩南线,PZXL-00092-N0085,dnan线56-1,PZXL-00092-N0086,dnan线56-2,50.0,JKLYJ/Q-10-240,JKLYJ/Q-10-240,B+,0.13,0.356,0.0065,0.0178,500.0,550.0,8.6603,CLOSED,247,邳州_10kVdnan线明细.xlsx,PARAMETERIZED_PLANNING_MODEL,485.0,485.0,8.4004,"min(conductor_Imax_base, SRC06_feeder_max_allowed_current)"
PZXL-00092-B0247,PHYSICAL_SPAN,BDZ-00027,墩集变,PZXL-00092,dnan,墩南线,PZXL-00092-N0087,dnan线56杆,PZXL-00092-N0085,dnan线56-1,50.0,JKLYJ/Q-10-240,JKLYJ/Q-10-240,B+,0.13,0.356,0.0065,0.0178,500.0,550.0,8.6603,CLOSED,248,邳州_10kVdnan线明细.xlsx,PARAMETERIZED_PLANNING_MODEL,485.0,485.0,8.4004,"min(conductor_Imax_base, SRC06_feeder_max_allowed_current)"
PZXL-00092-B0248,PHYSICAL_SPAN,BDZ-00027,墩集变,PZXL-00092,dnan,墩南线,PZXL-00092-N0095,dnan线64杆,PZXL-00092-N0258,大晶支线1,50.0,JKLYJ/Q-10-240,JKLYJ/Q-10-240,B+,0.13,0.356,0.0065,0.0178,500.0,550.0,8.6603,CLOSED,249,邳州_10kVdnan线明细.xlsx,PARAMETERIZED_PLANNING_MODEL,485.0,485.0,8.4004,"min(conductor_Imax_base, SRC06_feeder_max_allowed_current)"
PZXL-00092-B0249,PHYSICAL_SPAN,BDZ-00027,墩集变,PZXL-00092,dnan,墩南线,PZXL-00092-N0260,大晶支线3,PZXL-00092-N0261,大晶支线4,50.0,JKLYJ/Q-10-240,JKLYJ/Q-10-240,B+,0.13,0.356,0.0065,0.0178,500.0,550.0,8.6603,CLOSED,250,邳州_10kVdnan线明细.xlsx,PARAMETERIZED_PLANNING_MODEL,485.0,485.0,8.4004,"min(conductor_Imax_base, SRC06_feeder_max_allowed_current)"
PZXL-00092-B0250,PHYSICAL_SPAN,BDZ-00027,墩集变,PZXL-00092,dnan,墩南线,PZXL-00092-N0247,军霞器材支线5,PZXL-00092-N0248,军霞器材支线6,50.0,JKLYJ/Q-10-240,JKLYJ/Q-10-240,B+,0.13,0.356,0.0065,0.0178,500.0,550.0,8.6603,CLOSED,251,邳州_10kVdnan线明细.xlsx,PARAMETERIZED_PLANNING_MODEL,485.0,485.0,8.4004,"min(conductor_Imax_base, SRC06_feeder_max_allowed_current)"
PZXL-00092-B0251,PHYSICAL_SPAN,BDZ-00027,墩集变,PZXL-00092,dnan,墩南线,PZXL-00092-N0248,军霞器材支线6,PZXL-00092-N0249,军霞器材支线7,50.0,JKLYJ/Q-10-240,JKLYJ/Q-10-240,B+,0.13,0.356,0.0065,0.0178,500.0,550.0,8.6603,CLOSED,252,邳州_10kVdnan线明细.xlsx,PARAMETERIZED_PLANNING_MODEL,485.0,485.0,8.4004,"min(conductor_Imax_base, SRC06_feeder_max_allowed_current)"
PZXL-00092-B0252,PHYSICAL_SPAN,BDZ-00027,墩集变,PZXL-00092,dnan,墩南线,PZXL-00092-N0249,军霞器材支线7,PZXL-00092-N0250,军霞器材支线8,50.0,JKLYJ/Q-10-240,JKLYJ/Q-10-240,B+,0.13,0.356,0.0065,0.0178,500.0,550.0,8.6603,CLOSED,253,邳州_10kVdnan线明细.xlsx,PARAMETERIZED_PLANNING_MODEL,485.0,485.0,8.4004,"min(conductor_Imax_base, SRC06_feeder_max_allowed_current)"
PZXL-00092-B0253,PHYSICAL_SPAN,BDZ-00027,墩集变,PZXL-00092,dnan,墩南线,PZXL-00092-N0245,军霞器材支线3,PZXL-00092-N0246,军霞器材支线4,50.0,JKLYJ/Q-10-240,JKLYJ/Q-10-240,B+,0.13,0.356,0.0065,0.0178,500.0,550.0,8.6603,CLOSED,254,邳州_10kVdnan线明细.xlsx,PARAMETERIZED_PLANNING_MODEL,485.0,485.0,8.4004,"min(conductor_Imax_base, SRC06_feeder_max_allowed_current)"
PZXL-00092-B0254,PHYSICAL_SPAN,BDZ-00027,墩集变,PZXL-00092,dnan,墩南线,PZXL-00092-N0246,军霞器材支线4,PZXL-00092-N0247,军霞器材支线5,50.0,JKLYJ/Q-10-240,JKLYJ/Q-10-240,B+,0.13,0.356,0.0065,0.0178,500.0,550.0,8.6603,CLOSED,255,邳州_10kVdnan线明细.xlsx,PARAMETERIZED_PLANNING_MODEL,485.0,485.0,8.4004,"min(conductor_Imax_base, SRC06_feeder_max_allowed_current)"
PZXL-00092-B0255,PHYSICAL_SPAN,BDZ-00027,墩集变,PZXL-00092,dnan,墩南线,PZXL-00092-N0244,军霞器材支线2,PZXL-00092-N0245,军霞器材支线3,50.0,JKLYJ/Q-10-240,JKLYJ/Q-10-240,B+,0.13,0.356,0.0065,0.0178,500.0,550.0,8.6603,CLOSED,256,邳州_10kVdnan线明细.xlsx,PARAMETERIZED_PLANNING_MODEL,485.0,485.0,8.4004,"min(conductor_Imax_base, SRC06_feeder_max_allowed_current)"
PZXL-00092-B0256,PHYSICAL_SPAN,BDZ-00027,墩集变,PZXL-00092,dnan,墩南线,PZXL-00092-N0243,军霞器材支线1杆,PZXL-00092-N0244,军霞器材支线2,50.0,JKLYJ/Q-10-240,JKLYJ/Q-10-240,B+,0.13,0.356,0.0065,0.0178,500.0,550.0,8.6603,CLOSED,257,邳州_10kVdnan线明细.xlsx,PARAMETERIZED_PLANNING_MODEL,485.0,485.0,8.4004,"min(conductor_Imax_base, SRC06_feeder_max_allowed_current)"
PZXL-00092-B0257,PHYSICAL_SPAN,BDZ-00027,墩集变,PZXL-00092,dnan,墩南线,PZXL-00092-N0239,dnan线黄安六支站支线16,PZXL-00092-N0240,dnan线黄安六支站支线17,50.0,JKLYJ/Q-10-240,JKLYJ/Q-10-240,B+,0.13,0.356,0.0065,0.0178,500.0,550.0,8.6603,CLOSED,258,邳州_10kVdnan线明细.xlsx,PARAMETERIZED_PLANNING_MODEL,485.0,485.0,8.4004,"min(conductor_Imax_base, SRC06_feeder_max_allowed_current)"
PZXL-00092-B0258,PHYSICAL_SPAN,BDZ-00027,墩集变,PZXL-00092,dnan,墩南线,PZXL-00092-N0236,dnan线黄安六支站支线13,PZXL-00092-N0237,dnan线黄安六支站支线14,50.0,JKLYJ/Q-10-240,JKLYJ/Q-10-240,B+,0.13,0.356,0.0065,0.0178,500.0,550.0,8.6603,CLOSED,259,邳州_10kVdnan线明细.xlsx,PARAMETERIZED_PLANNING_MODEL,485.0,485.0,8.4004,"min(conductor_Imax_base, SRC06_feeder_max_allowed_current)"
PZXL-00092-B0259,PHYSICAL_SPAN,BDZ-00027,墩集变,PZXL-00092,dnan,墩南线,PZXL-00092-N0238,dnan线黄安六支站支线15,PZXL-00092-N0239,dnan线黄安六支站支线16,50.0,JKLYJ/Q-10-240,JKLYJ/Q-10-240,B+,0.13,0.356,0.0065,0.0178,500.0,550.0,8.6603,CLOSED,260,邳州_10kVdnan线明细.xlsx,PARAMETERIZED_PLANNING_MODEL,485.0,485.0,8.4004,"min(conductor_Imax_base, SRC06_feeder_max_allowed_current)"
PZXL-00092-B0260,PHYSICAL_SPAN,BDZ-00027,墩集变,PZXL-00092,dnan,墩南线,PZXL-00092-N0075,dnan线53-1,PZXL-00092-N0076,dnan线53-2,50.0,JKLYJ/Q-10-240,JKLYJ/Q-10-240,B+,0.13,0.356,0.0065,0.0178,500.0,550.0,8.6603,CLOSED,261,邳州_10kVdnan线明细.xlsx,PARAMETERIZED_PLANNING_MODEL,485.0,485.0,8.4004,"min(conductor_Imax_base, SRC06_feeder_max_allowed_current)"
PZXL-00092-B0261,PHYSICAL_SPAN,BDZ-00027,墩集变,PZXL-00092,dnan,墩南线,PZXL-00092-N0076,dnan线53-2,PZXL-00092-N0077,dnan线53-3,50.0,JKLYJ/Q-10-240,JKLYJ/Q-10-240,B+,0.13,0.356,0.0065,0.0178,500.0,550.0,8.6603,CLOSED,262,邳州_10kVdnan线明细.xlsx,PARAMETERIZED_PLANNING_MODEL,485.0,485.0,8.4004,"min(conductor_Imax_base, SRC06_feeder_max_allowed_current)"
PZXL-00092-B0262,PHYSICAL_SPAN,BDZ-00027,墩集变,PZXL-00092,dnan,墩南线,PZXL-00092-N0079,dnan线53-5,PZXL-00092-N0080,dnan线53-6,50.0,JKLYJ/Q-10-240,JKLYJ/Q-10-240,B+,0.13,0.356,0.0065,0.0178,500.0,550.0,8.6603,CLOSED,263,邳州_10kVdnan线明细.xlsx,PARAMETERIZED_PLANNING_MODEL,485.0,485.0,8.4004,"min(conductor_Imax_base, SRC06_feeder_max_allowed_current)"
PZXL-00092-B0263,PHYSICAL_SPAN,BDZ-00027,墩集变,PZXL-00092,dnan,墩南线,PZXL-00092-N0082,dnan线53杆,PZXL-00092-N0075,dnan线53-1,50.0,JKLYJ/Q-10-240,JKLYJ/Q-10-240,B+,0.13,0.356,0.0065,0.0178,500.0,550.0,8.6603,CLOSED,264,邳州_10kVdnan线明细.xlsx,PARAMETERIZED_PLANNING_MODEL,485.0,485.0,8.4004,"min(conductor_Imax_base, SRC06_feeder_max_allowed_current)"
PZXL-00092-B0264,PHYSICAL_SPAN,BDZ-00027,墩集变,PZXL-00092,dnan,墩南线,PZXL-00092-N0077,dnan线53-3,PZXL-00092-N0078,dnan线53-4,50.0,JKLYJ/Q-10-240,JKLYJ/Q-10-240,B+,0.13,0.356,0.0065,0.0178,500.0,550.0,8.6603,CLOSED,265,邳州_10kVdnan线明细.xlsx,PARAMETERIZED_PLANNING_MODEL,485.0,485.0,8.4004,"min(conductor_Imax_base, SRC06_feeder_max_allowed_current)"
PZXL-00092-B0265,PHYSICAL_SPAN,BDZ-00027,墩集变,PZXL-00092,dnan,墩南线,PZXL-00092-N0080,dnan线53-6,PZXL-00092-N0081,dnan线53-7,50.0,JKLYJ/Q-10-240,JKLYJ/Q-10-240,B+,0.13,0.356,0.0065,0.0178,500.0,550.0,8.6603,CLOSED,266,邳州_10kVdnan线明细.xlsx,PARAMETERIZED_PLANNING_MODEL,485.0,485.0,8.4004,"min(conductor_Imax_base, SRC06_feeder_max_allowed_current)"
PZXL-00092-B0266,PHYSICAL_SPAN,BDZ-00027,墩集变,PZXL-00092,dnan,墩南线,PZXL-00092-N0078,dnan线53-4,PZXL-00092-N0079,dnan线53-5,50.0,JKLYJ/Q-10-240,JKLYJ/Q-10-240,B+,0.13,0.356,0.0065,0.0178,500.0,550.0,8.6603,CLOSED,267,邳州_10kVdnan线明细.xlsx,PARAMETERIZED_PLANNING_MODEL,485.0,485.0,8.4004,"min(conductor_Imax_base, SRC06_feeder_max_allowed_current)"
PZXL-00092-B0267,PHYSICAL_SPAN,BDZ-00027,墩集变,PZXL-00092,dnan,墩南线,PZXL-00092-N0266,波士达支线4杆,PZXL-00092-N0267,波士达支线5杆,50.0,JKLYJ/Q-10-240,JKLYJ/Q-10-240,B+,0.13,0.356,0.0065,0.0178,500.0,550.0,8.6603,CLOSED,268,邳州_10kVdnan线明细.xlsx,PARAMETERIZED_PLANNING_MODEL,485.0,485.0,8.4004,"min(conductor_Imax_base, SRC06_feeder_max_allowed_current)"
PZXL-00099-B0001,PHYSICAL_SPAN,BDZ-00027,墩集变,PZXL-00099,dzhen,墩振线,PZXL-00099-N0056,dzhen线北支线10杆,PZXL-00099-N0057,dzhen线北支线11杆,50.0,JKLGYJ-70,JKLGYJ-10-70/10,B,0.443,0.397,0.02215,0.01985,245.0,247.5,4.2435,CLOSED,2,邳州_10kV墩振线明细.xlsx,PARAMETERIZED_PLANNING_MODEL,595.0,245.0,4.2435,"min(conductor_Imax_base, SRC06_feeder_max_allowed_current)"
PZXL-00099-B0002,PHYSICAL_SPAN,BDZ-00027,墩集变,PZXL-00099,dzhen,墩振线,PZXL-00099-N0156,王场湖支线1杆,PZXL-00099-N0160,王场湖支线2杆,50.0,JKLYJ/Q-10-240,JKLYJ/Q-10-240,B+,0.13,0.356,0.0065,0.0178,500.0,550.0,8.6603,CLOSED,3,邳州_10kV墩振线明细.xlsx,PARAMETERIZED_PLANNING_MODEL,595.0,500.0,8.6603,"min(conductor_Imax_base, SRC06_feeder_max_allowed_current)"
PZXL-00099-B0003,PHYSICAL_SPAN,BDZ-00027,墩集变,PZXL-00099,dzhen,墩振线,PZXL-00099-N0154,王场湖支线18杆,PZXL-00099-N0155,王场湖支线19杆,50.0,JKLYJ/Q-10-240,JKLYJ/Q-10-240,B+,0.13,0.356,0.0065,0.0178,500.0,550.0,8.6603,CLOSED,4,邳州_10kV墩振线明细.xlsx,PARAMETERIZED_PLANNING_MODEL,595.0,500.0,8.6603,"min(conductor_Imax_base, SRC06_feeder_max_allowed_current)"
PZXL-00099-B0004,PHYSICAL_SPAN,BDZ-00027,墩集变,PZXL-00099,dzhen,墩振线,PZXL-00099-N0158,王场湖支线21杆,PZXL-00099-N0159,王场湖支线22杆,50.0,JKLYJ/Q-10-240,JKLYJ/Q-10-240,B+,0.13,0.356,0.0065,0.0178,500.0,550.0,8.6603,CLOSED,5,邳州_10kV墩振线明细.xlsx,PARAMETERIZED_PLANNING_MODEL,595.0,500.0,8.6603,"min(conductor_Imax_base, SRC06_feeder_max_allowed_current)"
PZXL-00099-B0005,PHYSICAL_SPAN,BDZ-00027,墩集变,PZXL-00099,dzhen,墩振线,PZXL-00099-N0155,王场湖支线19杆,PZXL-00099-N0157,王场湖支线20杆,50.0,JKLYJ/Q-10-240,JKLYJ/Q-10-240,B+,0.13,0.356,0.0065,0.0178,500.0,550.0,8.6603,CLOSED,6,邳州_10kV墩振线明细.xlsx,PARAMETERIZED_PLANNING_MODEL,595.0,500.0,8.6603,"min(conductor_Imax_base, SRC06_feeder_max_allowed_current)"
PZXL-00099-B0006,PHYSICAL_SPAN,BDZ-00027,墩集变,PZXL-00099,dzhen,墩振线,PZXL-00099-N0153,王场湖支线17杆,PZXL-00099-N0154,王场湖支线18杆,50.0,JKLYJ/Q-10-240,JKLYJ/Q-10-240,B+,0.13,0.356,0.0065,0.0178,500.0,550.0,8.6603,CLOSED,7,邳州_10kV墩振线明细.xlsx,PARAMETERIZED_PLANNING_MODEL,595.0,500.0,8.6603,"min(conductor_Imax_base, SRC06_feeder_max_allowed_current)"
PZXL-00099-B0007,PHYSICAL_SPAN,BDZ-00027,墩集变,PZXL-00099,dzhen,墩振线,PZXL-00099-N0157,王场湖支线20杆,PZXL-00099-N0158,王场湖支线21杆,50.0,JKLYJ/Q-10-240,JKLYJ/Q-10-240,B+,0.13,0.356,0.0065,0.0178,500.0,550.0,8.6603,CLOSED,8,邳州_10kV墩振线明细.xlsx,PARAMETERIZED_PLANNING_MODEL,595.0,500.0,8.6603,"min(conductor_Imax_base, SRC06_feeder_max_allowed_current)"
PZXL-00099-B0008,PHYSICAL_SPAN,BDZ-00027,墩集变,PZXL-00099,dzhen,墩振线,PZXL-00099-N0150,王场湖支线14杆,PZXL-00099-N0151,王场湖支线15杆,50.0,JKLYJ/Q-10-240,JKLYJ/Q-10-240,B+,0.13,0.356,0.0065,0.0178,500.0,550.0,8.6603,CLOSED,9,邳州_10kV墩振线明细.xlsx,PARAMETERIZED_PLANNING_MODEL,595.0,500.0,8.6603,"min(conductor_Imax_base, SRC06_feeder_max_allowed_current)"
PZXL-00099-B0009,PHYSICAL_SPAN,BDZ-00027,墩集变,PZXL-00099,dzhen,墩振线,PZXL-00099-N0140,海天石化支线4杆,PZXL-00099-N0141,海天石化支线5杆,50.0,JKLYJ/Q-10-240,JKLYJ/Q-10-240,B+,0.13,0.356,0.0065,0.0178,500.0,550.0,8.6603,CLOSED,10,邳州_10kV墩振线明细.xlsx,PARAMETERIZED_PLANNING_MODEL,595.0,500.0,8.6603,"min(conductor_Imax_base, SRC06_feeder_max_allowed_current)"
PZXL-00099-B0010,PHYSICAL_SPAN,BDZ-00027,墩集变,PZXL-00099,dzhen,墩振线,PZXL-00099-N0130,海天石化支线16杆,PZXL-00099-N0131,海天石化支线17杆,50.0,JKLYJ/Q-10-240,JKLYJ/Q-10-240,B+,0.13,0.356,0.0065,0.0178,500.0,550.0,8.6603,CLOSED,11,邳州_10kV墩振线明细.xlsx,PARAMETERIZED_PLANNING_MODEL,595.0,500.0,8.6603,"min(conductor_Imax_base, SRC06_feeder_max_allowed_current)"
PZXL-00099-B0011,PHYSICAL_SPAN,BDZ-00027,墩集变,PZXL-00099,dzhen,墩振线,PZXL-00099-N0152,王场湖支线16杆,PZXL-00099-N0153,王场湖支线17杆,50.0,JKLYJ/Q-10-240,JKLYJ/Q-10-240,B+,0.13,0.356,0.0065,0.0178,500.0,550.0,8.6603,CLOSED,12,邳州_10kV墩振线明细.xlsx,PARAMETERIZED_PLANNING_MODEL,595.0,500.0,8.6603,"min(conductor_Imax_base, SRC06_feeder_max_allowed_current)"
PZXL-00099-B0012,PHYSICAL_SPAN,BDZ-00027,墩集变,PZXL-00099,dzhen,墩振线,PZXL-00099-N0145,海天石化支线9杆,PZXL-00099-N0124,海天石化支线10杆,50.0,JKLYJ/Q-10-240,JKLYJ/Q-10-240,B+,0.13,0.356,0.0065,0.0178,500.0,550.0,8.6603,CLOSED,13,邳州_10kV墩振线明细.xlsx,PARAMETERIZED_PLANNING_MODEL,595.0,500.0,8.6603,"min(conductor_Imax_base, SRC06_feeder_max_allowed_current)"
PZXL-00099-B0013,PHYSICAL_SPAN,BDZ-00027,墩集变,PZXL-00099,dzhen,墩振线,PZXL-00099-N0121,利峰支线2,PZXL-00099-N0122,利峰支线3,50.0,JKLYJ/Q-10-240,JKLYJ/Q-10-240,B+,0.13,0.356,0.0065,0.0178,500.0,550.0,8.6603,CLOSED,14,邳州_10kV墩振线明细.xlsx,PARAMETERIZED_PLANNING_MODEL,595.0,500.0,8.6603,"min(conductor_Imax_base, SRC06_feeder_max_allowed_current)"
PZXL-00099-B0014,PHYSICAL_SPAN,BDZ-00027,墩集变,PZXL-00099,dzhen,墩振线,PZXL-00099-N0114,dzhen线污水厂支线8杆,PZXL-00099-N0115,dzhen线污水厂支线9杆,50.0,JKLYJ/Q-10-240,JKLYJ/Q-10-240,B+,0.13,0.356,0.0065,0.0178,500.0,550.0,8.6603,CLOSED,15,邳州_10kV墩振线明细.xlsx,PARAMETERIZED_PLANNING_MODEL,595.0,500.0,8.6603,"min(conductor_Imax_base, SRC06_feeder_max_allowed_current)"
PZXL-00099-B0015,PHYSICAL_SPAN,BDZ-00027,墩集变,PZXL-00099,dzhen,墩振线,PZXL-00099-N0108,dzhen线污水厂支线2杆,PZXL-00099-N0109,dzhen线污水厂支线3杆,50.0,JKLYJ/Q-10-240,JKLYJ/Q-10-240,B+,0.13,0.356,0.0065,0.0178,500.0,550.0,8.6603,CLOSED,16,邳州_10kV墩振线明细.xlsx,PARAMETERIZED_PLANNING_MODEL,595.0,500.0,8.6603,"min(conductor_Imax_base, SRC06_feeder_max_allowed_current)"
PZXL-00099-B0016,PHYSICAL_SPAN,BDZ-00027,墩集变,PZXL-00099,dzhen,墩振线,PZXL-00099-N0131,海天石化支线17杆,PZXL-00099-N0132,海天石化支线18杆,50.0,JKLYJ/Q-10-240,JKLYJ/Q-10-240,B+,0.13,0.356,0.0065,0.0178,500.0,550.0,8.6603,CLOSED,17,邳州_10kV墩振线明细.xlsx,PARAMETERIZED_PLANNING_MODEL,595.0,500.0,8.6603,"min(conductor_Imax_base, SRC06_feeder_max_allowed_current)"
PZXL-00099-B0017,PHYSICAL_SPAN,BDZ-00027,墩集变,PZXL-00099,dzhen,墩振线,PZXL-00099-N0086,dzhen线正康支线4杆,PZXL-00099-N0087,dzhen线正康支线5杆,50.0,JKLYJ/Q-10-240,JKLYJ/Q-10-240,B+,0.13,0.356,0.0065,0.0178,500.0,550.0,8.6603,CLOSED,18,邳州_10kV墩振线明细.xlsx,PARAMETERIZED_PLANNING_MODEL,595.0,500.0,8.6603,"min(conductor_Imax_base, SRC06_feeder_max_allowed_current)"
PZXL-00099-B0018,PHYSICAL_SPAN,BDZ-00027,墩集变,PZXL-00099,dzhen,墩振线,PZXL-00099-N0104,dzhen线污水厂支线20杆,PZXL-00099-N0105,dzhen线污水厂支线21杆,50.0,JKLYJ/Q-10-240,JKLYJ/Q-10-240,B+,0.13,0.356,0.0065,0.0178,500.0,550.0,8.6603,CLOSED,19,邳州_10kV墩振线明细.xlsx,PARAMETERIZED_PLANNING_MODEL,595.0,500.0,8.6603,"min(conductor_Imax_base, SRC06_feeder_max_allowed_current)"
PZXL-00099-B0019,PHYSICAL_SPAN,BDZ-00027,墩集变,PZXL-00099,dzhen,墩振线,PZXL-00099-N0079,dzhen线昊阳支线3杆,PZXL-00099-N0080,dzhen线昊阳支线4杆,50.0,JKLYJ/Q-10-240,JKLYJ/Q-10-240,B+,0.13,0.356,0.0065,0.0178,500.0,550.0,8.6603,CLOSED,20,邳州_10kV墩振线明细.xlsx,PARAMETERIZED_PLANNING_MODEL,595.0,500.0,8.6603,"min(conductor_Imax_base, SRC06_feeder_max_allowed_current)"
PZXL-00099-B0020,PHYSICAL_SPAN,BDZ-00027,墩集变,PZXL-00099,dzhen,墩振线,PZXL-00099-N0095,dzhen线污水厂支线13-1杆,PZXL-00099-N0097,dzhen线污水厂支线14杆,50.0,JKLYJ/Q-10-240,JKLYJ/Q-10-240,B+,0.13,0.356,0.0065,0.0178,500.0,550.0,8.6603,CLOSED,21,邳州_10kV墩振线明细.xlsx,PARAMETERIZED_PLANNING_MODEL,595.0,500.0,8.6603,"min(conductor_Imax_base, SRC06_feeder_max_allowed_current)"
PZXL-00099-B0021,PHYSICAL_SPAN,BDZ-00027,墩集变,PZXL-00099,dzhen,墩振线,PZXL-00099-N0098,dzhen线污水厂支线15杆,PZXL-00099-N0099,dzhen线污水厂支线16杆,50.0,JKLYJ/Q-10-240,JKLYJ/Q-10-240,B+,0.13,0.356,0.0065,0.0178,500.0,550.0,8.6603,CLOSED,22,邳州_10kV墩振线明细.xlsx,PARAMETERIZED_PLANNING_MODEL,595.0,500.0,8.6603,"min(conductor_Imax_base, SRC06_feeder_max_allowed_current)"
PZXL-00099-B0022,PHYSICAL_SPAN,BDZ-00027,墩集变,PZXL-00099,dzhen,墩振线,PZXL-00099-N0059,dzhen线南方永磁支线3杆,PZXL-00099-N0060,dzhen线南方永磁支线4杆,50.0,JKLYJ/Q-10-240,JKLYJ/Q-10-240,B+,0.13,0.356,0.0065,0.0178,500.0,550.0,8.6603,CLOSED,23,邳州_10kV墩振线明细.xlsx,PARAMETERIZED_PLANNING_MODEL,595.0,500.0,8.6603,"min(conductor_Imax_base, SRC06_feeder_max_allowed_current)"
PZXL-00099-B0023,PHYSICAL_SPAN,BDZ-00027,墩集变,PZXL-00099,dzhen,墩振线,PZXL-00099-N0133,海天石化支线19杆,PZXL-00099-N0116,dzhen线长运支线01杆,50.0,JKLYJ/Q-10-240,JKLYJ/Q-10-240,B+,0.13,0.356,0.0065,0.0178,500.0,550.0,8.6603,CLOSED,24,邳州_10kV墩振线明细.xlsx,PARAMETERIZED_PLANNING_MODEL,595.0,500.0,8.6603,"min(conductor_Imax_base, SRC06_feeder_max_allowed_current)"
PZXL-00099-B0024,PHYSICAL_SPAN,BDZ-00027,墩集变,PZXL-00099,dzhen,墩振线,PZXL-00099-N0149,王场湖支线13杆,PZXL-00099-N0150,王场湖支线14杆,50.0,JKLYJ/Q-10-240,JKLYJ/Q-10-240,B+,0.13,0.356,0.0065,0.0178,500.0,550.0,8.6603,CLOSED,25,邳州_10kV墩振线明细.xlsx,PARAMETERIZED_PLANNING_MODEL,595.0,500.0,8.6603,"min(conductor_Imax_base, SRC06_feeder_max_allowed_current)"
PZXL-00099-B0025,PHYSICAL_SPAN,BDZ-00027,墩集变,PZXL-00099,dzhen,墩振线,PZXL-00099-N0163,王场湖支线5杆,PZXL-00099-N0164,王场湖支线6杆,50.0,JKLYJ/Q-10-240,JKLYJ/Q-10-240,B+,0.13,0.356,0.0065,0.0178,500.0,550.0,8.6603,CLOSED,26,邳州_10kV墩振线明细.xlsx,PARAMETERIZED_PLANNING_MODEL,595.0,500.0,8.6603,"min(conductor_Imax_base, SRC06_feeder_max_allowed_current)"
PZXL-00099-B0026,PHYSICAL_SPAN,BDZ-00027,墩集变,PZXL-00099,dzhen,墩振线,PZXL-00099-N0127,海天石化支线13杆,PZXL-00099-N0128,海天石化支线14杆,50.0,JKLYJ/Q-10-240,JKLYJ/Q-10-240,B+,0.13,0.356,0.0065,0.0178,500.0,550.0,8.6603,CLOSED,27,邳州_10kV墩振线明细.xlsx,PARAMETERIZED_PLANNING_MODEL,595.0,500.0,8.6603,"min(conductor_Imax_base, SRC06_feeder_max_allowed_current)"
PZXL-00099-B0027,PHYSICAL_SPAN,BDZ-00027,墩集变,PZXL-00099,dzhen,墩振线,PZXL-00099-N0109,dzhen线污水厂支线3杆,PZXL-00099-N0110,dzhen线污水厂支线4杆,50.0,JKLYJ/Q-10-240,JKLYJ/Q-10-240,B+,0.13,0.356,0.0065,0.0178,500.0,550.0,8.6603,CLOSED,28,邳州_10kV墩振线明细.xlsx,PARAMETERIZED_PLANNING_MODEL,595.0,500.0,8.6603,"min(conductor_Imax_base, SRC06_feeder_max_allowed_current)"
PZXL-00099-B0028,PHYSICAL_SPAN,BDZ-00027,墩集变,PZXL-00099,dzhen,墩振线,PZXL-00099-N0115,dzhen线污水厂支线9杆,PZXL-00099-N0092,dzhen线污水厂支线10杆,50.0,JKLYJ/Q-10-240,JKLYJ/Q-10-240,B+,0.13,0.356,0.0065,0.0178,500.0,550.0,8.6603,CLOSED,29,邳州_10kV墩振线明细.xlsx,PARAMETERIZED_PLANNING_MODEL,595.0,500.0,8.6603,"min(conductor_Imax_base, SRC06_feeder_max_allowed_current)"
PZXL-00099-B0029,PHYSICAL_SPAN,BDZ-00027,墩集变,PZXL-00099,dzhen,墩振线,PZXL-00099-N0161,王场湖支线3杆,PZXL-00099-N0162,王场湖支线4杆,50.0,JKLYJ/Q-10-240,JKLYJ/Q-10-240,B+,0.13,0.356,0.0065,0.0178,500.0,550.0,8.6603,CLOSED,30,邳州_10kV墩振线明细.xlsx,PARAMETERIZED_PLANNING_MODEL,595.0,500.0,8.6603,"min(conductor_Imax_base, SRC06_feeder_max_allowed_current)"
PZXL-00099-B0030,PHYSICAL_SPAN,BDZ-00027,墩集变,PZXL-00099,dzhen,墩振线,PZXL-00099-N0099,dzhen线污水厂支线16杆,PZXL-00099-N0100,dzhen线污水厂支线17杆,50.0,JKLYJ/Q-10-240,JKLYJ/Q-10-240,B+,0.13,0.356,0.0065,0.0178,500.0,550.0,8.6603,CLOSED,31,邳州_10kV墩振线明细.xlsx,PARAMETERIZED_PLANNING_MODEL,595.0,500.0,8.6603,"min(conductor_Imax_base, SRC06_feeder_max_allowed_current)"
PZXL-00099-B0031,PHYSICAL_SPAN,BDZ-00027,墩集变,PZXL-00099,dzhen,墩振线,PZXL-00099-N0122,利峰支线3,PZXL-00099-N0123,利峰支线4,50.0,JKLYJ/Q-10-240,JKLYJ/Q-10-240,B+,0.13,0.356,0.0065,0.0178,500.0,550.0,8.6603,CLOSED,32,邳州_10kV墩振线明细.xlsx,PARAMETERIZED_PLANNING_MODEL,595.0,500.0,8.6603,"min(conductor_Imax_base, SRC06_feeder_max_allowed_current)"
PZXL-00099-B0032,PHYSICAL_SPAN,BDZ-00027,墩集变,PZXL-00099,dzhen,墩振线,PZXL-00099-N0100,dzhen线污水厂支线17杆,PZXL-00099-N0101,dzhen线污水厂支线18杆,50.0,JKLYJ/Q-10-240,JKLYJ/Q-10-240,B+,0.13,0.356,0.0065,0.0178,500.0,550.0,8.6603,CLOSED,33,邳州_10kV墩振线明细.xlsx,PARAMETERIZED_PLANNING_MODEL,595.0,500.0,8.6603,"min(conductor_Imax_base, SRC06_feeder_max_allowed_current)"
PZXL-00099-B0033,PHYSICAL_SPAN,BDZ-00027,墩集变,PZXL-00099,dzhen,墩振线,PZXL-00099-N0096,dzhen线污水厂支线13杆,PZXL-00099-N0156,王场湖支线1杆,50.0,JKLYJ/Q-10-240,JKLYJ/Q-10-240,B+,0.13,0.356,0.0065,0.0178,500.0,550.0,8.6603,CLOSED,34,邳州_10kV墩振线明细.xlsx,PARAMETERIZED_PLANNING_MODEL,595.0,500.0,8.6603,"min(conductor_Imax_base, SRC06_feeder_max_allowed_current)"
PZXL-00099-B0034,PHYSICAL_SPAN,BDZ-00027,墩集变,PZXL-00099,dzhen,墩振线,PZXL-00099-N0096,dzhen线污水厂支线13杆,PZXL-00099-N0095,dzhen线污水厂支线13-1杆,50.0,JKLYJ/Q-10-240,JKLYJ/Q-10-240,B+,0.13,0.356,0.0065,0.0178,500.0,550.0,8.6603,CLOSED,35,邳州_10kV墩振线明细.xlsx,PARAMETERIZED_PLANNING_MODEL,595.0,500.0,8.6603,"min(conductor_Imax_base, SRC06_feeder_max_allowed_current)"
PZXL-00099-B0035,PHYSICAL_SPAN,BDZ-00027,墩集变,PZXL-00099,dzhen,墩振线,PZXL-00099-N0151,王场湖支线15杆,PZXL-00099-N0152,王场湖支线16杆,50.0,JKLYJ/Q-10-240,JKLYJ/Q-10-240,B+,0.13,0.356,0.0065,0.0178,500.0,550.0,8.6603,CLOSED,36,邳州_10kV墩振线明细.xlsx,PARAMETERIZED_PLANNING_MODEL,595.0,500.0,8.6603,"min(conductor_Imax_base, SRC06_feeder_max_allowed_current)"
PZXL-00099-B0036,PHYSICAL_SPAN,BDZ-00027,墩集变,PZXL-00099,dzhen,墩振线,PZXL-00099-N0113,dzhen线污水厂支线7杆,PZXL-00099-N0077,dzhen线昊阳支线1杆,50.0,JKLYJ/Q-10-240,JKLYJ/Q-10-240,B+,0.13,0.356,0.0065,0.0178,500.0,550.0,8.6603,CLOSED,37,邳州_10kV墩振线明细.xlsx,PARAMETERIZED_PLANNING_MODEL,595.0,500.0,8.6603,"min(conductor_Imax_base, SRC06_feeder_max_allowed_current)"
PZXL-00099-B0037,PHYSICAL_SPAN,BDZ-00027,墩集变,PZXL-00099,dzhen,墩振线,PZXL-00099-N0078,dzhen线昊阳支线2杆,PZXL-00099-N0079,dzhen线昊阳支线3杆,50.0,JKLYJ/Q-10-240,JKLYJ/Q-10-240,B+,0.13,0.356,0.0065,0.0178,500.0,550.0,8.6603,CLOSED,38,邳州_10kV墩振线明细.xlsx,PARAMETERIZED_PLANNING_MODEL,595.0,500.0,8.6603,"min(conductor_Imax_base, SRC06_feeder_max_allowed_current)"
PZXL-00099-B0038,PHYSICAL_SPAN,BDZ-00027,墩集变,PZXL-00099,dzhen,墩振线,PZXL-00099-N0128,海天石化支线14杆,PZXL-00099-N0129,海天石化支线15杆,50.0,JKLYJ/Q-10-240,JKLYJ/Q-10-240,B+,0.13,0.356,0.0065,0.0178,500.0,550.0,8.6603,CLOSED,39,邳州_10kV墩振线明细.xlsx,PARAMETERIZED_PLANNING_MODEL,595.0,500.0,8.6603,"min(conductor_Imax_base, SRC06_feeder_max_allowed_current)"
PZXL-00099-B0039,PHYSICAL_SPAN,BDZ-00027,墩集变,PZXL-00099,dzhen,墩振线,PZXL-00099-N0077,dzhen线昊阳支线1杆,PZXL-00099-N0078,dzhen线昊阳支线2杆,50.0,JKLYJ/Q-10-240,JKLYJ/Q-10-240,B+,0.13,0.356,0.0065,0.0178,500.0,550.0,8.6603,CLOSED,40,邳州_10kV墩振线明细.xlsx,PARAMETERIZED_PLANNING_MODEL,595.0,500.0,8.6603,"min(conductor_Imax_base, SRC06_feeder_max_allowed_current)"
PZXL-00099-B0040,PHYSICAL_SPAN,BDZ-00027,墩集变,PZXL-00099,dzhen,墩振线,PZXL-00099-N0105,dzhen线污水厂支线21杆,PZXL-00099-N0106,dzhen线污水厂支线22杆,50.0,JKLYJ/Q-10-240,JKLYJ/Q-10-240,B+,0.13,0.356,0.0065,0.0178,500.0,550.0,8.6603,CLOSED,41,邳州_10kV墩振线明细.xlsx,PARAMETERIZED_PLANNING_MODEL,595.0,500.0,8.6603,"min(conductor_Imax_base, SRC06_feeder_max_allowed_current)"
PZXL-00099-B0041,PHYSICAL_SPAN,BDZ-00027,墩集变,PZXL-00099,dzhen,墩振线,PZXL-00099-N0106,dzhen线污水厂支线22杆,PZXL-00099-N0107,dzhen线污水厂支线23杆,50.0,JKLYJ/Q-10-240,JKLYJ/Q-10-240,B+,0.13,0.356,0.0065,0.0178,500.0,550.0,8.6603,CLOSED,42,邳州_10kV墩振线明细.xlsx,PARAMETERIZED_PLANNING_MODEL,595.0,500.0,8.6603,"min(conductor_Imax_base, SRC06_feeder_max_allowed_current)"
PZXL-00099-B0042,PHYSICAL_SPAN,BDZ-00027,墩集变,PZXL-00099,dzhen,墩振线,PZXL-00099-N0143,海天石化支线7杆,PZXL-00099-N0144,海天石化支线8杆,50.0,JKLYJ/Q-10-240,JKLYJ/Q-10-240,B+,0.13,0.356,0.0065,0.0178,500.0,550.0,8.6603,CLOSED,43,邳州_10kV墩振线明细.xlsx,PARAMETERIZED_PLANNING_MODEL,595.0,500.0,8.6603,"min(conductor_Imax_base, SRC06_feeder_max_allowed_current)"
PZXL-00099-B0043,PHYSICAL_SPAN,BDZ-00027,墩集变,PZXL-00099,dzhen,墩振线,PZXL-00099-N0015,dzhen线15杆,PZXL-00099-N0016,dzhen线16杆,50.0,JKLYJ/Q-10-240,JKLYJ/Q-10-240,B+,0.13,0.356,0.0065,0.0178,500.0,550.0,8.6603,CLOSED,44,邳州_10kV墩振线明细.xlsx,PARAMETERIZED_PLANNING_MODEL,595.0,500.0,8.6603,"min(conductor_Imax_base, SRC06_feeder_max_allowed_current)"
PZXL-00099-B0044,PHYSICAL_SPAN,BDZ-00027,墩集变,PZXL-00099,dzhen,墩振线,PZXL-00099-N0024,dzhen线24杆,PZXL-00099-N0025,dzhen线25杆,50.0,JKLYJ/Q-10-240,JKLYJ/Q-10-240,B+,0.13,0.356,0.0065,0.0178,500.0,550.0,8.6603,CLOSED,45,邳州_10kV墩振线明细.xlsx,PARAMETERIZED_PLANNING_MODEL,595.0,500.0,8.6603,"min(conductor_Imax_base, SRC06_feeder_max_allowed_current)"
PZXL-00099-B0045,PHYSICAL_SPAN,BDZ-00027,墩集变,PZXL-00099,dzhen,墩振线,PZXL-00099-N0001,dzhen线01杆,PZXL-00099-N0002,dzhen线02杆,50.0,JKLGYJ-70,JKLGYJ-10-70/10,B,0.443,0.397,0.02215,0.01985,245.0,247.5,4.2435,CLOSED,46,邳州_10kV墩振线明细.xlsx,PARAMETERIZED_PLANNING_MODEL,595.0,245.0,4.2435,"min(conductor_Imax_base, SRC06_feeder_max_allowed_current)"
PZXL-00099-B0046,PHYSICAL_SPAN,BDZ-00027,墩集变,PZXL-00099,dzhen,墩振线,PZXL-00099-N0006,dzhen线06杆,PZXL-00099-N0051,dzhen线北支线01杆,50.0,JKLGYJ-70,JKLGYJ-10-70/10,B,0.443,0.397,0.02215,0.01985,245.0,247.5,4.2435,CLOSED,47,邳州_10kV墩振线明细.xlsx,PARAMETERIZED_PLANNING_MODEL,595.0,245.0,4.2435,"min(conductor_Imax_base, SRC06_feeder_max_allowed_current)"
PZXL-00099-B0047,PHYSICAL_SPAN,BDZ-00027,墩集变,PZXL-00099,dzhen,墩振线,PZXL-00099-N0065,dzhen线恒鼎支线14杆,PZXL-00099-N0066,dzhen线恒鼎支线15杆,50.0,JKLYJ/Q-10-240,JKLYJ/Q-10-240,B+,0.13,0.356,0.0065,0.0178,500.0,550.0,8.6603,CLOSED,48,邳州_10kV墩振线明细.xlsx,PARAMETERIZED_PLANNING_MODEL,595.0,500.0,8.6603,"min(conductor_Imax_base, SRC06_feeder_max_allowed_current)"
PZXL-00099-B0048,PHYSICAL_SPAN,BDZ-00027,墩集变,PZXL-00099,dzhen,墩振线,PZXL-00099-N0015,dzhen线15杆,PZXL-00099-N0120,利峰支线1,50.0,JKLYJ/Q-10-240,JKLYJ/Q-10-240,B+,0.13,0.356,0.0065,0.0178,500.0,550.0,8.6603,CLOSED,49,邳州_10kV墩振线明细.xlsx,PARAMETERIZED_PLANNING_MODEL,595.0,500.0,8.6603,"min(conductor_Imax_base, SRC06_feeder_max_allowed_current)"
PZXL-00099-B0049,PHYSICAL_SPAN,BDZ-00027,墩集变,PZXL-00099,dzhen,墩振线,PZXL-00099-N0167,王场湖支线9杆,PZXL-00099-N0146,王场湖支线10杆,50.0,JKLYJ/Q-10-240,JKLYJ/Q-10-240,B+,0.13,0.356,0.0065,0.0178,500.0,550.0,8.6603,CLOSED,50,邳州_10kV墩振线明细.xlsx,PARAMETERIZED_PLANNING_MODEL,595.0,500.0,8.6603,"min(conductor_Imax_base, SRC06_feeder_max_allowed_current)"
PZXL-00099-B0050,PHYSICAL_SPAN,BDZ-00027,墩集变,PZXL-00099,dzhen,墩振线,PZXL-00099-N0160,王场湖支线2杆,PZXL-00099-N0161,王场湖支线3杆,50.0,JKLYJ/Q-10-240,JKLYJ/Q-10-240,B+,0.13,0.356,0.0065,0.0178,500.0,550.0,8.6603,CLOSED,51,邳州_10kV墩振线明细.xlsx,PARAMETERIZED_PLANNING_MODEL,595.0,500.0,8.6603,"min(conductor_Imax_base, SRC06_feeder_max_allowed_current)"
PZXL-00099-B0051,PHYSICAL_SPAN,BDZ-00027,墩集变,PZXL-00099,dzhen,墩振线,PZXL-00099-N0166,王场湖支线8杆,PZXL-00099-N0167,王场湖支线9杆,50.0,JKLYJ/Q-10-240,JKLYJ/Q-10-240,B+,0.13,0.356,0.0065,0.0178,500.0,550.0,8.6603,CLOSED,52,邳州_10kV墩振线明细.xlsx,PARAMETERIZED_PLANNING_MODEL,595.0,500.0,8.6603,"min(conductor_Imax_base, SRC06_feeder_max_allowed_current)"
PZXL-00099-B0052,PHYSICAL_SPAN,BDZ-00027,墩集变,PZXL-00099,dzhen,墩振线,PZXL-00099-N0147,王场湖支线11杆,PZXL-00099-N0148,王场湖支线12杆,50.0,JKLYJ/Q-10-240,JKLYJ/Q-10-240,B+,0.13,0.356,0.0065,0.0178,500.0,550.0,8.6603,CLOSED,53,邳州_10kV墩振线明细.xlsx,PARAMETERIZED_PLANNING_MODEL,595.0,500.0,8.6603,"min(conductor_Imax_base, SRC06_feeder_max_allowed_current)"
PZXL-00099-B0053,PHYSICAL_SPAN,BDZ-00027,墩集变,PZXL-00099,dzhen,墩振线,PZXL-00099-N0126,海天石化支线12杆,PZXL-00099-N0127,海天石化支线13杆,50.0,JKLYJ/Q-10-240,JKLYJ/Q-10-240,B+,0.13,0.356,0.0065,0.0178,500.0,550.0,8.6603,CLOSED,54,邳州_10kV墩振线明细.xlsx,PARAMETERIZED_PLANNING_MODEL,595.0,500.0,8.6603,"min(conductor_Imax_base, SRC06_feeder_max_allowed_current)"
PZXL-00099-B0054,PHYSICAL_SPAN,BDZ-00027,墩集变,PZXL-00099,dzhen,墩振线,PZXL-00099-N0093,dzhen线污水厂支线11杆,PZXL-00099-N0094,dzhen线污水厂支线12杆,50.0,JKLYJ/Q-10-240,JKLYJ/Q-10-240,B+,0.13,0.356,0.0065,0.0178,500.0,550.0,8.6603,CLOSED,55,邳州_10kV墩振线明细.xlsx,PARAMETERIZED_PLANNING_MODEL,595.0,500.0,8.6603,"min(conductor_Imax_base, SRC06_feeder_max_allowed_current)"
PZXL-00099-B0055,PHYSICAL_SPAN,BDZ-00027,墩集变,PZXL-00099,dzhen,墩振线,PZXL-00099-N0102,dzhen线污水厂支线19杆,PZXL-00099-N0104,dzhen线污水厂支线20杆,50.0,JKLYJ/Q-10-240,JKLYJ/Q-10-240,B+,0.13,0.356,0.0065,0.0178,500.0,550.0,8.6603,CLOSED,56,邳州_10kV墩振线明细.xlsx,PARAMETERIZED_PLANNING_MODEL,595.0,500.0,8.6603,"min(conductor_Imax_base, SRC06_feeder_max_allowed_current)"
PZXL-00099-B0056,PHYSICAL_SPAN,BDZ-00027,墩集变,PZXL-00099,dzhen,墩振线,PZXL-00099-N0113,dzhen线污水厂支线7杆,PZXL-00099-N0114,dzhen线污水厂支线8杆,50.0,JKLYJ/Q-10-240,JKLYJ/Q-10-240,B+,0.13,0.356,0.0065,0.0178,500.0,550.0,8.6603,CLOSED,57,邳州_10kV墩振线明细.xlsx,PARAMETERIZED_PLANNING_MODEL,595.0,500.0,8.6603,"min(conductor_Imax_base, SRC06_feeder_max_allowed_current)"
PZXL-00099-B0057,PHYSICAL_SPAN,BDZ-00027,墩集变,PZXL-00099,dzhen,墩振线,PZXL-00099-N0162,王场湖支线4杆,PZXL-00099-N0163,王场湖支线5杆,50.0,JKLYJ/Q-10-240,JKLYJ/Q-10-240,B+,0.13,0.356,0.0065,0.0178,500.0,550.0,8.6603,CLOSED,58,邳州_10kV墩振线明细.xlsx,PARAMETERIZED_PLANNING_MODEL,595.0,500.0,8.6603,"min(conductor_Imax_base, SRC06_feeder_max_allowed_current)"
PZXL-00099-B0058,PHYSICAL_SPAN,BDZ-00027,墩集变,PZXL-00099,dzhen,墩振线,PZXL-00099-N0146,王场湖支线10杆,PZXL-00099-N0147,王场湖支线11杆,50.0,JKLYJ/Q-10-240,JKLYJ/Q-10-240,B+,0.13,0.356,0.0065,0.0178,500.0,550.0,8.6603,CLOSED,59,邳州_10kV墩振线明细.xlsx,PARAMETERIZED_PLANNING_MODEL,595.0,500.0,8.6603,"min(conductor_Imax_base, SRC06_feeder_max_allowed_current)"
PZXL-00099-B0059,PHYSICAL_SPAN,BDZ-00027,墩集变,PZXL-00099,dzhen,墩振线,PZXL-00099-N0112,dzhen线污水厂支线6杆,PZXL-00099-N0113,dzhen线污水厂支线7杆,50.0,JKLYJ/Q-10-240,JKLYJ/Q-10-240,B+,0.13,0.356,0.0065,0.0178,500.0,550.0,8.6603,CLOSED,60,邳州_10kV墩振线明细.xlsx,PARAMETERIZED_PLANNING_MODEL,595.0,500.0,8.6603,"min(conductor_Imax_base, SRC06_feeder_max_allowed_current)"
PZXL-00099-B0060,PHYSICAL_SPAN,BDZ-00027,墩集变,PZXL-00099,dzhen,墩振线,PZXL-00099-N0133,海天石化支线19杆,PZXL-00099-N0135,海天石化支线20杆,50.0,JKLYJ/Q-10-240,JKLYJ/Q-10-240,B+,0.13,0.356,0.0065,0.0178,500.0,550.0,8.6603,CLOSED,61,邳州_10kV墩振线明细.xlsx,PARAMETERIZED_PLANNING_MODEL,595.0,500.0,8.6603,"min(conductor_Imax_base, SRC06_feeder_max_allowed_current)"
PZXL-00099-B0061,PHYSICAL_SPAN,BDZ-00027,墩集变,PZXL-00099,dzhen,墩振线,PZXL-00099-N0139,海天石化支线3杆,PZXL-00099-N0140,海天石化支线4杆,50.0,JKLYJ/Q-10-240,JKLYJ/Q-10-240,B+,0.13,0.356,0.0065,0.0178,500.0,550.0,8.6603,CLOSED,62,邳州_10kV墩振线明细.xlsx,PARAMETERIZED_PLANNING_MODEL,595.0,500.0,8.6603,"min(conductor_Imax_base, SRC06_feeder_max_allowed_current)"
PZXL-00099-B0062,PHYSICAL_SPAN,BDZ-00027,墩集变,PZXL-00099,dzhen,墩振线,PZXL-00099-N0083,dzhen线正康支线1杆,PZXL-00099-N0084,dzhen线正康支线2杆,50.0,JKLYJ/Q-10-240,JKLYJ/Q-10-240,B+,0.13,0.356,0.0065,0.0178,500.0,550.0,8.6603,CLOSED,63,邳州_10kV墩振线明细.xlsx,PARAMETERIZED_PLANNING_MODEL,595.0,500.0,8.6603,"min(conductor_Imax_base, SRC06_feeder_max_allowed_current)"
PZXL-00099-B0063,PHYSICAL_SPAN,BDZ-00027,墩集变,PZXL-00099,dzhen,墩振线,PZXL-00099-N0134,海天石化支线1杆,PZXL-00099-N0138,海天石化支线2杆,50.0,JKLYJ/Q-10-240,JKLYJ/Q-10-240,B+,0.13,0.356,0.0065,0.0178,500.0,550.0,8.6603,CLOSED,64,邳州_10kV墩振线明细.xlsx,PARAMETERIZED_PLANNING_MODEL,595.0,500.0,8.6603,"min(conductor_Imax_base, SRC06_feeder_max_allowed_current)"
PZXL-00099-B0064,PHYSICAL_SPAN,BDZ-00027,墩集变,PZXL-00099,dzhen,墩振线,PZXL-00099-N0136,海天石化支线21杆,PZXL-00099-N0137,海天石化支线22杆,50.0,JKLYJ/Q-10-240,JKLYJ/Q-10-240,B+,0.13,0.356,0.0065,0.0178,500.0,550.0,8.6603,CLOSED,65,邳州_10kV墩振线明细.xlsx,PARAMETERIZED_PLANNING_MODEL,595.0,500.0,8.6603,"min(conductor_Imax_base, SRC06_feeder_max_allowed_current)"
PZXL-00099-B0065,PHYSICAL_SPAN,BDZ-00027,墩集变,PZXL-00099,dzhen,墩振线,PZXL-00099-N0118,三仪支线01杆,PZXL-00099-N0119,三仪支线02杆,50.0,JKLYJ/Q-10-240,JKLYJ/Q-10-240,B+,0.13,0.356,0.0065,0.0178,500.0,550.0,8.6603,CLOSED,66,邳州_10kV墩振线明细.xlsx,PARAMETERIZED_PLANNING_MODEL,595.0,500.0,8.6603,"min(conductor_Imax_base, SRC06_feeder_max_allowed_current)"
PZXL-00099-B0066,PHYSICAL_SPAN,BDZ-00027,墩集变,PZXL-00099,dzhen,墩振线,PZXL-00099-N0042,dzhen线41杆,PZXL-00099-N0043,dzhen线42杆,50.0,JKLYJ/Q-10-240,JKLYJ/Q-10-240,B+,0.13,0.356,0.0065,0.0178,500.0,550.0,8.6603,CLOSED,67,邳州_10kV墩振线明细.xlsx,PARAMETERIZED_PLANNING_MODEL,595.0,500.0,8.6603,"min(conductor_Imax_base, SRC06_feeder_max_allowed_current)"
PZXL-00099-B0067,PHYSICAL_SPAN,BDZ-00027,墩集变,PZXL-00099,dzhen,墩振线,PZXL-00099-N0045,dzhen线44杆,PZXL-00099-N0046,dzhen线45杆,50.0,JKLYJ/Q-10-240,JKLYJ/Q-10-240,B+,0.13,0.356,0.0065,0.0178,500.0,550.0,8.6603,CLOSED,68,邳州_10kV墩振线明细.xlsx,PARAMETERIZED_PLANNING_MODEL,595.0,500.0,8.6603,"min(conductor_Imax_base, SRC06_feeder_max_allowed_current)"
PZXL-00099-B0068,PHYSICAL_SPAN,BDZ-00027,墩集变,PZXL-00099,dzhen,墩振线,PZXL-00099-N0125,海天石化支线11杆,PZXL-00099-N0126,海天石化支线12杆,50.0,JKLYJ/Q-10-240,JKLYJ/Q-10-240,B+,0.13,0.356,0.0065,0.0178,500.0,550.0,8.6603,CLOSED,69,邳州_10kV墩振线明细.xlsx,PARAMETERIZED_PLANNING_MODEL,595.0,500.0,8.6603,"min(conductor_Imax_base, SRC06_feeder_max_allowed_current)"
PZXL-00099-B0069,PHYSICAL_SPAN,BDZ-00027,墩集变,PZXL-00099,dzhen,墩振线,PZXL-00099-N0148,王场湖支线12杆,PZXL-00099-N0149,王场湖支线13杆,50.0,JKLYJ/Q-10-240,JKLYJ/Q-10-240,B+,0.13,0.356,0.0065,0.0178,500.0,550.0,8.6603,CLOSED,70,邳州_10kV墩振线明细.xlsx,PARAMETERIZED_PLANNING_MODEL,595.0,500.0,8.6603,"min(conductor_Imax_base, SRC06_feeder_max_allowed_current)"
PZXL-00099-B0070,PHYSICAL_SPAN,BDZ-00027,墩集变,PZXL-00099,dzhen,墩振线,PZXL-00099-N0129,海天石化支线15杆,PZXL-00099-N0130,海天石化支线16杆,50.0,JKLYJ/Q-10-240,JKLYJ/Q-10-240,B+,0.13,0.356,0.0065,0.0178,500.0,550.0,8.6603,CLOSED,71,邳州_10kV墩振线明细.xlsx,PARAMETERIZED_PLANNING_MODEL,595.0,500.0,8.6603,"min(conductor_Imax_base, SRC06_feeder_max_allowed_current)"
PZXL-00099-B0071,PHYSICAL_SPAN,BDZ-00027,墩集变,PZXL-00099,dzhen,墩振线,PZXL-00099-N0043,dzhen线42杆,PZXL-00099-N0044,dzhen线43杆,50.0,JKLYJ/Q-10-240,JKLYJ/Q-10-240,B+,0.13,0.356,0.0065,0.0178,500.0,550.0,8.6603,CLOSED,72,邳州_10kV墩振线明细.xlsx,PARAMETERIZED_PLANNING_MODEL,595.0,500.0,8.6603,"min(conductor_Imax_base, SRC06_feeder_max_allowed_current)"
PZXL-00099-B0072,PHYSICAL_SPAN,BDZ-00027,墩集变,PZXL-00099,dzhen,墩振线,PZXL-00099-N0141,海天石化支线5杆,PZXL-00099-N0142,海天石化支线6杆,50.0,JKLYJ/Q-10-240,JKLYJ/Q-10-240,B+,0.13,0.356,0.0065,0.0178,500.0,550.0,8.6603,CLOSED,73,邳州_10kV墩振线明细.xlsx,PARAMETERIZED_PLANNING_MODEL,595.0,500.0,8.6603,"min(conductor_Imax_base, SRC06_feeder_max_allowed_current)"
PZXL-00099-B0073,PHYSICAL_SPAN,BDZ-00027,墩集变,PZXL-00099,dzhen,墩振线,PZXL-00099-N0124,海天石化支线10杆,PZXL-00099-N0125,海天石化支线11杆,50.0,JKLYJ/Q-10-240,JKLYJ/Q-10-240,B+,0.13,0.356,0.0065,0.0178,500.0,550.0,8.6603,CLOSED,74,邳州_10kV墩振线明细.xlsx,PARAMETERIZED_PLANNING_MODEL,595.0,500.0,8.6603,"min(conductor_Imax_base, SRC06_feeder_max_allowed_current)"
PZXL-00099-B0074,PHYSICAL_SPAN,BDZ-00027,墩集变,PZXL-00099,dzhen,墩振线,PZXL-00099-N0080,dzhen线昊阳支线4杆,PZXL-00099-N0081,dzhen线昊阳支线5杆,50.0,JKLYJ/Q-10-240,JKLYJ/Q-10-240,B+,0.13,0.356,0.0065,0.0178,500.0,550.0,8.6603,CLOSED,75,邳州_10kV墩振线明细.xlsx,PARAMETERIZED_PLANNING_MODEL,595.0,500.0,8.6603,"min(conductor_Imax_base, SRC06_feeder_max_allowed_current)"
PZXL-00099-B0075,PHYSICAL_SPAN,BDZ-00027,墩集变,PZXL-00099,dzhen,墩振线,PZXL-00099-N0138,海天石化支线2杆,PZXL-00099-N0139,海天石化支线3杆,50.0,JKLYJ/Q-10-240,JKLYJ/Q-10-240,B+,0.13,0.356,0.0065,0.0178,500.0,550.0,8.6603,CLOSED,76,邳州_10kV墩振线明细.xlsx,PARAMETERIZED_PLANNING_MODEL,595.0,500.0,8.6603,"min(conductor_Imax_base, SRC06_feeder_max_allowed_current)"
PZXL-00099-B0076,PHYSICAL_SPAN,BDZ-00027,墩集变,PZXL-00099,dzhen,墩振线,PZXL-00099-N0110,dzhen线污水厂支线4杆,PZXL-00099-N0111,dzhen线污水厂支线5杆,50.0,JKLYJ/Q-10-240,JKLYJ/Q-10-240,B+,0.13,0.356,0.0065,0.0178,500.0,550.0,8.6603,CLOSED,77,邳州_10kV墩振线明细.xlsx,PARAMETERIZED_PLANNING_MODEL,595.0,500.0,8.6603,"min(conductor_Imax_base, SRC06_feeder_max_allowed_current)"
PZXL-00099-B0077,PHYSICAL_SPAN,BDZ-00027,墩集变,PZXL-00099,dzhen,墩振线,PZXL-00099-N0092,dzhen线污水厂支线10杆,PZXL-00099-N0093,dzhen线污水厂支线11杆,50.0,JKLYJ/Q-10-240,JKLYJ/Q-10-240,B+,0.13,0.356,0.0065,0.0178,500.0,550.0,8.6603,CLOSED,78,邳州_10kV墩振线明细.xlsx,PARAMETERIZED_PLANNING_MODEL,595.0,500.0,8.6603,"min(conductor_Imax_base, SRC06_feeder_max_allowed_current)"
PZXL-00099-B0078,PHYSICAL_SPAN,BDZ-00027,墩集变,PZXL-00099,dzhen,墩振线,PZXL-00099-N0164,王场湖支线6杆,PZXL-00099-N0165,王场湖支线7杆,50.0,JKLYJ/Q-10-240,JKLYJ/Q-10-240,B+,0.13,0.356,0.0065,0.0178,500.0,550.0,8.6603,CLOSED,79,邳州_10kV墩振线明细.xlsx,PARAMETERIZED_PLANNING_MODEL,595.0,500.0,8.6603,"min(conductor_Imax_base, SRC06_feeder_max_allowed_current)"
PZXL-00099-B0079,PHYSICAL_SPAN,BDZ-00027,墩集变,PZXL-00099,dzhen,墩振线,PZXL-00099-N0142,海天石化支线6杆,PZXL-00099-N0143,海天石化支线7杆,50.0,JKLYJ/Q-10-240,JKLYJ/Q-10-240,B+,0.13,0.356,0.0065,0.0178,500.0,550.0,8.6603,CLOSED,80,邳州_10kV墩振线明细.xlsx,PARAMETERIZED_PLANNING_MODEL,595.0,500.0,8.6603,"min(conductor_Imax_base, SRC06_feeder_max_allowed_current)"
PZXL-00099-B0080,PHYSICAL_SPAN,BDZ-00027,墩集变,PZXL-00099,dzhen,墩振线,PZXL-00099-N0144,海天石化支线8杆,PZXL-00099-N0145,海天石化支线9杆,50.0,JKLYJ/Q-10-240,JKLYJ/Q-10-240,B+,0.13,0.356,0.0065,0.0178,500.0,550.0,8.6603,CLOSED,81,邳州_10kV墩振线明细.xlsx,PARAMETERIZED_PLANNING_MODEL,595.0,500.0,8.6603,"min(conductor_Imax_base, SRC06_feeder_max_allowed_current)"
PZXL-00099-B0081,PHYSICAL_SPAN,BDZ-00027,墩集变,PZXL-00099,dzhen,墩振线,PZXL-00099-N0116,dzhen线长运支线01杆,PZXL-00099-N0117,dzhen线长运支线02杆,50.0,JKLYJ/Q-10-240,JKLYJ/Q-10-240,B+,0.13,0.356,0.0065,0.0178,500.0,550.0,8.6603,CLOSED,82,邳州_10kV墩振线明细.xlsx,PARAMETERIZED_PLANNING_MODEL,595.0,500.0,8.6603,"min(conductor_Imax_base, SRC06_feeder_max_allowed_current)"
PZXL-00099-B0082,PHYSICAL_SPAN,BDZ-00027,墩集变,PZXL-00099,dzhen,墩振线,PZXL-00099-N0094,dzhen线污水厂支线12杆,PZXL-00099-N0096,dzhen线污水厂支线13杆,50.0,JKLYJ/Q-10-240,JKLYJ/Q-10-240,B+,0.13,0.356,0.0065,0.0178,500.0,550.0,8.6603,CLOSED,83,邳州_10kV墩振线明细.xlsx,PARAMETERIZED_PLANNING_MODEL,595.0,500.0,8.6603,"min(conductor_Imax_base, SRC06_feeder_max_allowed_current)"
PZXL-00099-B0083,PHYSICAL_SPAN,BDZ-00027,墩集变,PZXL-00099,dzhen,墩振线,PZXL-00099-N0044,dzhen线43杆,PZXL-00099-N0045,dzhen线44杆,50.0,JKLYJ/Q-10-240,JKLYJ/Q-10-240,B+,0.13,0.356,0.0065,0.0178,500.0,550.0,8.6603,CLOSED,84,邳州_10kV墩振线明细.xlsx,PARAMETERIZED_PLANNING_MODEL,595.0,500.0,8.6603,"min(conductor_Imax_base, SRC06_feeder_max_allowed_current)"
PZXL-00099-B0084,PHYSICAL_SPAN,BDZ-00027,墩集变,PZXL-00099,dzhen,墩振线,PZXL-00099-N0132,海天石化支线18杆,PZXL-00099-N0133,海天石化支线19杆,50.0,JKLYJ/Q-10-240,JKLYJ/Q-10-240,B+,0.13,0.356,0.0065,0.0178,500.0,550.0,8.6603,CLOSED,85,邳州_10kV墩振线明细.xlsx,PARAMETERIZED_PLANNING_MODEL,595.0,500.0,8.6603,"min(conductor_Imax_base, SRC06_feeder_max_allowed_current)"
PZXL-00099-B0085,PHYSICAL_SPAN,BDZ-00027,墩集变,PZXL-00099,dzhen,墩振线,PZXL-00099-N0084,dzhen线正康支线2杆,PZXL-00099-N0085,dzhen线正康支线3杆,50.0,JKLYJ/Q-10-240,JKLYJ/Q-10-240,B+,0.13,0.356,0.0065,0.0178,500.0,550.0,8.6603,CLOSED,86,邳州_10kV墩振线明细.xlsx,PARAMETERIZED_PLANNING_MODEL,595.0,500.0,8.6603,"min(conductor_Imax_base, SRC06_feeder_max_allowed_current)"
PZXL-00099-B0086,PHYSICAL_SPAN,BDZ-00027,墩集变,PZXL-00099,dzhen,墩振线,PZXL-00099-N0135,海天石化支线20杆,PZXL-00099-N0136,海天石化支线21杆,50.0,JKLYJ/Q-10-240,JKLYJ/Q-10-240,B+,0.13,0.356,0.0065,0.0178,500.0,550.0,8.6603,CLOSED,87,邳州_10kV墩振线明细.xlsx,PARAMETERIZED_PLANNING_MODEL,595.0,500.0,8.6603,"min(conductor_Imax_base, SRC06_feeder_max_allowed_current)"
PZXL-00099-B0087,PHYSICAL_SPAN,BDZ-00027,墩集变,PZXL-00099,dzhen,墩振线,PZXL-00099-N0111,dzhen线污水厂支线5杆,PZXL-00099-N0112,dzhen线污水厂支线6杆,50.0,JKLYJ/Q-10-240,JKLYJ/Q-10-240,B+,0.13,0.356,0.0065,0.0178,500.0,550.0,8.6603,CLOSED,88,邳州_10kV墩振线明细.xlsx,PARAMETERIZED_PLANNING_MODEL,595.0,500.0,8.6603,"min(conductor_Imax_base, SRC06_feeder_max_allowed_current)"
PZXL-00099-B0088,PHYSICAL_SPAN,BDZ-00027,墩集变,PZXL-00099,dzhen,墩振线,PZXL-00099-N0058,dzhen线南方永磁支线2杆,PZXL-00099-N0059,dzhen线南方永磁支线3杆,50.0,JKLYJ/Q-10-240,JKLYJ/Q-10-240,B+,0.13,0.356,0.0065,0.0178,500.0,550.0,8.6603,CLOSED,89,邳州_10kV墩振线明细.xlsx,PARAMETERIZED_PLANNING_MODEL,595.0,500.0,8.6603,"min(conductor_Imax_base, SRC06_feeder_max_allowed_current)"
PZXL-00099-B0089,PHYSICAL_SPAN,BDZ-00027,墩集变,PZXL-00099,dzhen,墩振线,PZXL-00099-N0101,dzhen线污水厂支线18杆,PZXL-00099-N0102,dzhen线污水厂支线19杆,50.0,JKLYJ/Q-10-240,JKLYJ/Q-10-240,B+,0.13,0.356,0.0065,0.0178,500.0,550.0,8.6603,CLOSED,90,邳州_10kV墩振线明细.xlsx,PARAMETERIZED_PLANNING_MODEL,595.0,500.0,8.6603,"min(conductor_Imax_base, SRC06_feeder_max_allowed_current)"
PZXL-00099-B0090,PHYSICAL_SPAN,BDZ-00027,墩集变,PZXL-00099,dzhen,墩振线,PZXL-00099-N0103,dzhen线污水厂支线1杆,PZXL-00099-N0108,dzhen线污水厂支线2杆,50.0,JKLYJ/Q-10-240,JKLYJ/Q-10-240,B+,0.13,0.356,0.0065,0.0178,500.0,550.0,8.6603,CLOSED,91,邳州_10kV墩振线明细.xlsx,PARAMETERIZED_PLANNING_MODEL,595.0,500.0,8.6603,"min(conductor_Imax_base, SRC06_feeder_max_allowed_current)"
PZXL-00099-B0091,PHYSICAL_SPAN,BDZ-00027,墩集变,PZXL-00099,dzhen,墩振线,PZXL-00099-N0165,王场湖支线7杆,PZXL-00099-N0166,王场湖支线8杆,50.0,JKLYJ/Q-10-240,JKLYJ/Q-10-240,B+,0.13,0.356,0.0065,0.0178,500.0,550.0,8.6603,CLOSED,92,邳州_10kV墩振线明细.xlsx,PARAMETERIZED_PLANNING_MODEL,595.0,500.0,8.6603,"min(conductor_Imax_base, SRC06_feeder_max_allowed_current)"
PZXL-00099-B0092,PHYSICAL_SPAN,BDZ-00027,墩集变,PZXL-00099,dzhen,墩振线,PZXL-00099-N0120,利峰支线1,PZXL-00099-N0121,利峰支线2,50.0,JKLYJ/Q-10-240,JKLYJ/Q-10-240,B+,0.13,0.356,0.0065,0.0178,500.0,550.0,8.6603,CLOSED,93,邳州_10kV墩振线明细.xlsx,PARAMETERIZED_PLANNING_MODEL,595.0,500.0,8.6603,"min(conductor_Imax_base, SRC06_feeder_max_allowed_current)"
PZXL-00099-B0093,PHYSICAL_SPAN,BDZ-00027,墩集变,PZXL-00099,dzhen,墩振线,PZXL-00099-N0085,dzhen线正康支线3杆,PZXL-00099-N0086,dzhen线正康支线4杆,50.0,JKLYJ/Q-10-240,JKLYJ/Q-10-240,B+,0.13,0.356,0.0065,0.0178,500.0,550.0,8.6603,CLOSED,94,邳州_10kV墩振线明细.xlsx,PARAMETERIZED_PLANNING_MODEL,595.0,500.0,8.6603,"min(conductor_Imax_base, SRC06_feeder_max_allowed_current)"
PZXL-00099-B0094,PHYSICAL_SPAN,BDZ-00027,墩集变,PZXL-00099,dzhen,墩振线,PZXL-00099-N0063,dzhen线恒鼎支线12杆,PZXL-00099-N0064,dzhen线恒鼎支线13杆,50.0,JKLYJ/Q-10-240,JKLYJ/Q-10-240,B+,0.13,0.356,0.0065,0.0178,500.0,550.0,8.6603,CLOSED,95,邳州_10kV墩振线明细.xlsx,PARAMETERIZED_PLANNING_MODEL,595.0,500.0,8.6603,"min(conductor_Imax_base, SRC06_feeder_max_allowed_current)"
PZXL-00099-B0095,PHYSICAL_SPAN,BDZ-00027,墩集变,PZXL-00099,dzhen,墩振线,PZXL-00099-N0066,dzhen线恒鼎支线15杆,PZXL-00099-N0067,dzhen线恒鼎支线16杆,50.0,JKLYJ/Q-10-240,JKLYJ/Q-10-240,B+,0.13,0.356,0.0065,0.0178,500.0,550.0,8.6603,CLOSED,96,邳州_10kV墩振线明细.xlsx,PARAMETERIZED_PLANNING_MODEL,595.0,500.0,8.6603,"min(conductor_Imax_base, SRC06_feeder_max_allowed_current)"
PZXL-00099-B0096,PHYSICAL_SPAN,BDZ-00027,墩集变,PZXL-00099,dzhen,墩振线,PZXL-00099-N0031,dzhen线30杆,PZXL-00099-N0032,dzhen线31杆,50.0,JKLYJ/Q-10-240,JKLYJ/Q-10-240,B+,0.13,0.356,0.0065,0.0178,500.0,550.0,8.6603,CLOSED,97,邳州_10kV墩振线明细.xlsx,PARAMETERIZED_PLANNING_MODEL,595.0,500.0,8.6603,"min(conductor_Imax_base, SRC06_feeder_max_allowed_current)"
PZXL-00099-B0097,PHYSICAL_SPAN,BDZ-00027,墩集变,PZXL-00099,dzhen,墩振线,PZXL-00099-N0034,dzhen线33杆,PZXL-00099-N0035,dzhen线34杆,50.0,JKLYJ/Q-10-240,JKLYJ/Q-10-240,B+,0.13,0.356,0.0065,0.0178,500.0,550.0,8.6603,CLOSED,98,邳州_10kV墩振线明细.xlsx,PARAMETERIZED_PLANNING_MODEL,595.0,500.0,8.6603,"min(conductor_Imax_base, SRC06_feeder_max_allowed_current)"
PZXL-00099-B0098,PHYSICAL_SPAN,BDZ-00027,墩集变,PZXL-00099,dzhen,墩振线,PZXL-00099-N0011,dzhen线11杆,PZXL-00099-N0012,dzhen线12杆,50.0,JKLYJ/Q-10-240,JKLYJ/Q-10-240,B+,0.13,0.356,0.0065,0.0178,500.0,550.0,8.6603,CLOSED,99,邳州_10kV墩振线明细.xlsx,PARAMETERIZED_PLANNING_MODEL,595.0,500.0,8.6603,"min(conductor_Imax_base, SRC06_feeder_max_allowed_current)"
PZXL-00099-B0099,PHYSICAL_SPAN,BDZ-00027,墩集变,PZXL-00099,dzhen,墩振线,PZXL-00099-N0074,dzhen线恒鼎支线7杆,PZXL-00099-N0075,dzhen线恒鼎支线8杆,50.0,JKLYJ/Q-10-240,JKLYJ/Q-10-240,B+,0.13,0.356,0.0065,0.0178,500.0,550.0,8.6603,CLOSED,100,邳州_10kV墩振线明细.xlsx,PARAMETERIZED_PLANNING_MODEL,595.0,500.0,8.6603,"min(conductor_Imax_base, SRC06_feeder_max_allowed_current)"
PZXL-00099-B0100,PHYSICAL_SPAN,BDZ-00027,墩集变,PZXL-00099,dzhen,墩振线,PZXL-00099-N0051,dzhen线北支线01杆,PZXL-00099-N0052,dzhen线北支线02杆,50.0,JKLGYJ-70,JKLGYJ-10-70/10,B,0.443,0.397,0.02215,0.01985,245.0,247.5,4.2435,CLOSED,101,邳州_10kV墩振线明细.xlsx,PARAMETERIZED_PLANNING_MODEL,595.0,245.0,4.2435,"min(conductor_Imax_base, SRC06_feeder_max_allowed_current)"
PZXL-00099-B0101,PHYSICAL_SPAN,BDZ-00027,墩集变,PZXL-00099,dzhen,墩振线,PZXL-00099-N0019,dzhen线19杆,PZXL-00099-N0020,dzhen线20杆,50.0,JKLYJ/Q-10-240,JKLYJ/Q-10-240,B+,0.13,0.356,0.0065,0.0178,500.0,550.0,8.6603,CLOSED,102,邳州_10kV墩振线明细.xlsx,PARAMETERIZED_PLANNING_MODEL,595.0,500.0,8.6603,"min(conductor_Imax_base, SRC06_feeder_max_allowed_current)"
PZXL-00099-B0102,PHYSICAL_SPAN,BDZ-00027,墩集变,PZXL-00099,dzhen,墩振线,PZXL-00099-N0036,dzhen线35杆,PZXL-00099-N0037,dzhen线36杆,50.0,JKLYJ/Q-10-240,JKLYJ/Q-10-240,B+,0.13,0.356,0.0065,0.0178,500.0,550.0,8.6603,CLOSED,103,邳州_10kV墩振线明细.xlsx,PARAMETERIZED_PLANNING_MODEL,595.0,500.0,8.6603,"min(conductor_Imax_base, SRC06_feeder_max_allowed_current)"
PZXL-00099-B0103,PHYSICAL_SPAN,BDZ-00027,墩集变,PZXL-00099,dzhen,墩振线,PZXL-00099-N0032,dzhen线31杆,PZXL-00099-N0033,dzhen线32杆,50.0,JKLYJ/Q-10-240,JKLYJ/Q-10-240,B+,0.13,0.356,0.0065,0.0178,500.0,550.0,8.6603,CLOSED,104,邳州_10kV墩振线明细.xlsx,PARAMETERIZED_PLANNING_MODEL,595.0,500.0,8.6603,"min(conductor_Imax_base, SRC06_feeder_max_allowed_current)"
PZXL-00099-B0104,PHYSICAL_SPAN,BDZ-00027,墩集变,PZXL-00099,dzhen,墩振线,PZXL-00099-N0020,dzhen线20杆,PZXL-00099-N0021,dzhen线21杆,50.0,JKLYJ/Q-10-240,JKLYJ/Q-10-240,B+,0.13,0.356,0.0065,0.0178,500.0,550.0,8.6603,CLOSED,105,邳州_10kV墩振线明细.xlsx,PARAMETERIZED_PLANNING_MODEL,595.0,500.0,8.6603,"min(conductor_Imax_base, SRC06_feeder_max_allowed_current)"
PZXL-00099-B0105,PHYSICAL_SPAN,BDZ-00027,墩集变,PZXL-00099,dzhen,墩振线,PZXL-00099-N0039,dzhen线38杆,PZXL-00099-N0040,dzhen线39杆,50.0,JKLYJ/Q-10-240,JKLYJ/Q-10-240,B+,0.13,0.356,0.0065,0.0178,500.0,550.0,8.6603,CLOSED,106,邳州_10kV墩振线明细.xlsx,PARAMETERIZED_PLANNING_MODEL,595.0,500.0,8.6603,"min(conductor_Imax_base, SRC06_feeder_max_allowed_current)"
PZXL-00099-B0106,PHYSICAL_SPAN,BDZ-00027,墩集变,PZXL-00099,dzhen,墩振线,PZXL-00099-N0037,dzhen线36杆,PZXL-00099-N0038,dzhen线37杆,50.0,JKLYJ/Q-10-240,JKLYJ/Q-10-240,B+,0.13,0.356,0.0065,0.0178,500.0,550.0,8.6603,CLOSED,107,邳州_10kV墩振线明细.xlsx,PARAMETERIZED_PLANNING_MODEL,595.0,500.0,8.6603,"min(conductor_Imax_base, SRC06_feeder_max_allowed_current)"
PZXL-00099-B0107,PHYSICAL_SPAN,BDZ-00027,墩集变,PZXL-00099,dzhen,墩振线,PZXL-00099-N0009,dzhen线09杆,PZXL-00099-N0010,dzhen线10杆,50.0,JKLYJ/Q-10-240,JKLYJ/Q-10-240,B+,0.13,0.356,0.0065,0.0178,500.0,550.0,8.6603,CLOSED,108,邳州_10kV墩振线明细.xlsx,PARAMETERIZED_PLANNING_MODEL,595.0,500.0,8.6603,"min(conductor_Imax_base, SRC06_feeder_max_allowed_current)"
PZXL-00099-B0108,PHYSICAL_SPAN,BDZ-00027,墩集变,PZXL-00099,dzhen,墩振线,PZXL-00099-N0070,dzhen线恒鼎支线3杆,PZXL-00099-N0071,dzhen线恒鼎支线4杆,50.0,JKLYJ/Q-10-240,JKLYJ/Q-10-240,B+,0.13,0.356,0.0065,0.0178,500.0,550.0,8.6603,CLOSED,109,邳州_10kV墩振线明细.xlsx,PARAMETERIZED_PLANNING_MODEL,595.0,500.0,8.6603,"min(conductor_Imax_base, SRC06_feeder_max_allowed_current)"
PZXL-00099-B0109,PHYSICAL_SPAN,BDZ-00027,墩集变,PZXL-00099,dzhen,墩振线,PZXL-00099-N0062,dzhen线恒鼎支线11杆,PZXL-00099-N0063,dzhen线恒鼎支线12杆,50.0,JKLYJ/Q-10-240,JKLYJ/Q-10-240,B+,0.13,0.356,0.0065,0.0178,500.0,550.0,8.6603,CLOSED,110,邳州_10kV墩振线明细.xlsx,PARAMETERIZED_PLANNING_MODEL,595.0,500.0,8.6603,"min(conductor_Imax_base, SRC06_feeder_max_allowed_current)"
PZXL-00099-B0110,PHYSICAL_SPAN,BDZ-00027,墩集变,PZXL-00099,dzhen,墩振线,PZXL-00099-N0038,dzhen线37杆,PZXL-00099-N0039,dzhen线38杆,50.0,JKLYJ/Q-10-240,JKLYJ/Q-10-240,B+,0.13,0.356,0.0065,0.0178,500.0,550.0,8.6603,CLOSED,111,邳州_10kV墩振线明细.xlsx,PARAMETERIZED_PLANNING_MODEL,595.0,500.0,8.6603,"min(conductor_Imax_base, SRC06_feeder_max_allowed_current)"
PZXL-00099-B0111,PHYSICAL_SPAN,BDZ-00027,墩集变,PZXL-00099,dzhen,墩振线,PZXL-00099-N0035,dzhen线34杆,PZXL-00099-N0036,dzhen线35杆,50.0,JKLYJ/Q-10-240,JKLYJ/Q-10-240,B+,0.13,0.356,0.0065,0.0178,500.0,550.0,8.6603,CLOSED,112,邳州_10kV墩振线明细.xlsx,PARAMETERIZED_PLANNING_MODEL,595.0,500.0,8.6603,"min(conductor_Imax_base, SRC06_feeder_max_allowed_current)"
PZXL-00099-B0112,PHYSICAL_SPAN,BDZ-00027,墩集变,PZXL-00099,dzhen,墩振线,PZXL-00099-N0004,dzhen线04杆,PZXL-00099-N0005,dzhen线05杆,50.0,JKLGYJ-70,JKLGYJ-10-70/10,B,0.443,0.397,0.02215,0.01985,245.0,247.5,4.2435,CLOSED,113,邳州_10kV墩振线明细.xlsx,PARAMETERIZED_PLANNING_MODEL,595.0,245.0,4.2435,"min(conductor_Imax_base, SRC06_feeder_max_allowed_current)"
PZXL-00099-B0113,PHYSICAL_SPAN,BDZ-00027,墩集变,PZXL-00099,dzhen,墩振线,PZXL-00099-N0023,dzhen线23杆,PZXL-00099-N0024,dzhen线24杆,50.0,JKLYJ/Q-10-240,JKLYJ/Q-10-240,B+,0.13,0.356,0.0065,0.0178,500.0,550.0,8.6603,CLOSED,114,邳州_10kV墩振线明细.xlsx,PARAMETERIZED_PLANNING_MODEL,595.0,500.0,8.6603,"min(conductor_Imax_base, SRC06_feeder_max_allowed_current)"
PZXL-00099-B0114,PHYSICAL_SPAN,BDZ-00027,墩集变,PZXL-00099,dzhen,墩振线,PZXL-00099-N0008,dzhen线08杆,PZXL-00099-N0009,dzhen线09杆,50.0,JKLYJ/Q-10-240,JKLYJ/Q-10-240,B+,0.13,0.356,0.0065,0.0178,500.0,550.0,8.6603,CLOSED,115,邳州_10kV墩振线明细.xlsx,PARAMETERIZED_PLANNING_MODEL,595.0,500.0,8.6603,"min(conductor_Imax_base, SRC06_feeder_max_allowed_current)"
PZXL-00099-B0115,PHYSICAL_SPAN,BDZ-00027,墩集变,PZXL-00099,dzhen,墩振线,PZXL-00099-N0040,dzhen线39杆,PZXL-00099-N0041,dzhen线40杆,50.0,JKLYJ/Q-10-240,JKLYJ/Q-10-240,B+,0.13,0.356,0.0065,0.0178,500.0,550.0,8.6603,CLOSED,116,邳州_10kV墩振线明细.xlsx,PARAMETERIZED_PLANNING_MODEL,595.0,500.0,8.6603,"min(conductor_Imax_base, SRC06_feeder_max_allowed_current)"
PZXL-00099-B0116,PHYSICAL_SPAN,BDZ-00027,墩集变,PZXL-00099,dzhen,墩振线,PZXL-00099-N0053,dzhen线北支线03杆,PZXL-00099-N0054,dzhen线北支线04杆,50.0,JKLGYJ-70,JKLGYJ-10-70/10,B,0.443,0.397,0.02215,0.01985,245.0,247.5,4.2435,CLOSED,117,邳州_10kV墩振线明细.xlsx,PARAMETERIZED_PLANNING_MODEL,595.0,245.0,4.2435,"min(conductor_Imax_base, SRC06_feeder_max_allowed_current)"
PZXL-00099-B0117,PHYSICAL_SPAN,BDZ-00027,墩集变,PZXL-00099,dzhen,墩振线,PZXL-00099-N0073,dzhen线恒鼎支线6杆,PZXL-00099-N0074,dzhen线恒鼎支线7杆,50.0,JKLYJ/Q-10-240,JKLYJ/Q-10-240,B+,0.13,0.356,0.0065,0.0178,500.0,550.0,8.6603,CLOSED,118,邳州_10kV墩振线明细.xlsx,PARAMETERIZED_PLANNING_MODEL,595.0,500.0,8.6603,"min(conductor_Imax_base, SRC06_feeder_max_allowed_current)"
PZXL-00099-B0118,PHYSICAL_SPAN,BDZ-00027,墩集变,PZXL-00099,dzhen,墩振线,PZXL-00099-N0072,dzhen线恒鼎支线5杆,PZXL-00099-N0073,dzhen线恒鼎支线6杆,50.0,JKLYJ/Q-10-240,JKLYJ/Q-10-240,B+,0.13,0.356,0.0065,0.0178,500.0,550.0,8.6603,CLOSED,119,邳州_10kV墩振线明细.xlsx,PARAMETERIZED_PLANNING_MODEL,595.0,500.0,8.6603,"min(conductor_Imax_base, SRC06_feeder_max_allowed_current)"
PZXL-00099-B0119,PHYSICAL_SPAN,BDZ-00027,墩集变,PZXL-00099,dzhen,墩振线,PZXL-00099-N0021,dzhen线21杆,PZXL-00099-N0022,dzhen线22杆,50.0,JKLYJ/Q-10-240,JKLYJ/Q-10-240,B+,0.13,0.356,0.0065,0.0178,500.0,550.0,8.6603,CLOSED,120,邳州_10kV墩振线明细.xlsx,PARAMETERIZED_PLANNING_MODEL,595.0,500.0,8.6603,"min(conductor_Imax_base, SRC06_feeder_max_allowed_current)"
PZXL-00099-B0120,PHYSICAL_SPAN,BDZ-00027,墩集变,PZXL-00099,dzhen,墩振线,PZXL-00099-N0030,dzhen线29杆,PZXL-00099-N0031,dzhen线30杆,50.0,JKLYJ/Q-10-240,JKLYJ/Q-10-240,B+,0.13,0.356,0.0065,0.0178,500.0,550.0,8.6603,CLOSED,121,邳州_10kV墩振线明细.xlsx,PARAMETERIZED_PLANNING_MODEL,595.0,500.0,8.6603,"min(conductor_Imax_base, SRC06_feeder_max_allowed_current)"
PZXL-00099-B0121,PHYSICAL_SPAN,BDZ-00027,墩集变,PZXL-00099,dzhen,墩振线,PZXL-00099-N0018,dzhen线18杆,PZXL-00099-N0019,dzhen线19杆,50.0,JKLYJ/Q-10-240,JKLYJ/Q-10-240,B+,0.13,0.356,0.0065,0.0178,500.0,550.0,8.6603,CLOSED,122,邳州_10kV墩振线明细.xlsx,PARAMETERIZED_PLANNING_MODEL,595.0,500.0,8.6603,"min(conductor_Imax_base, SRC06_feeder_max_allowed_current)"
PZXL-00099-B0122,PHYSICAL_SPAN,BDZ-00027,墩集变,PZXL-00099,dzhen,墩振线,PZXL-00099-N0005,dzhen线05杆,PZXL-00099-N0006,dzhen线06杆,50.0,JKLGYJ-70,JKLGYJ-10-70/10,B,0.443,0.397,0.02215,0.01985,245.0,247.5,4.2435,CLOSED,123,邳州_10kV墩振线明细.xlsx,PARAMETERIZED_PLANNING_MODEL,595.0,245.0,4.2435,"min(conductor_Imax_base, SRC06_feeder_max_allowed_current)"
PZXL-00099-B0123,PHYSICAL_SPAN,BDZ-00027,墩集变,PZXL-00099,dzhen,墩振线,PZXL-00099-N0002,dzhen线02杆,PZXL-00099-N0003,dzhen线03杆,50.0,JKLGYJ-70,JKLGYJ-10-70/10,B,0.443,0.397,0.02215,0.01985,245.0,247.5,4.2435,CLOSED,124,邳州_10kV墩振线明细.xlsx,PARAMETERIZED_PLANNING_MODEL,595.0,245.0,4.2435,"min(conductor_Imax_base, SRC06_feeder_max_allowed_current)"
PZXL-00099-B0124,PHYSICAL_SPAN,BDZ-00027,墩集变,PZXL-00099,dzhen,墩振线,PZXL-00099-N0054,dzhen线北支线04杆,PZXL-00099-N0055,dzhen线北支线05杆,50.0,JKLGYJ-70,JKLGYJ-10-70/10,B,0.443,0.397,0.02215,0.01985,245.0,247.5,4.2435,CLOSED,125,邳州_10kV墩振线明细.xlsx,PARAMETERIZED_PLANNING_MODEL,595.0,245.0,4.2435,"min(conductor_Imax_base, SRC06_feeder_max_allowed_current)"
PZXL-00099-B0125,PHYSICAL_SPAN,BDZ-00027,墩集变,PZXL-00099,dzhen,墩振线,PZXL-00099-N0003,dzhen线03杆,PZXL-00099-N0004,dzhen线04杆,50.0,JKLGYJ-70,JKLGYJ-10-70/10,B,0.443,0.397,0.02215,0.01985,245.0,247.5,4.2435,CLOSED,126,邳州_10kV墩振线明细.xlsx,PARAMETERIZED_PLANNING_MODEL,595.0,245.0,4.2435,"min(conductor_Imax_base, SRC06_feeder_max_allowed_current)"
PZXL-00099-B0126,PHYSICAL_SPAN,BDZ-00027,墩集变,PZXL-00099,dzhen,墩振线,PZXL-00099-N0026,dzhen线26杆,PZXL-00099-N0027,dzhen线27杆,50.0,JKLYJ/Q-10-240,JKLYJ/Q-10-240,B+,0.13,0.356,0.0065,0.0178,500.0,550.0,8.6603,CLOSED,127,邳州_10kV墩振线明细.xlsx,PARAMETERIZED_PLANNING_MODEL,595.0,500.0,8.6603,"min(conductor_Imax_base, SRC06_feeder_max_allowed_current)"
PZXL-00099-B0127,PHYSICAL_SPAN,BDZ-00027,墩集变,PZXL-00099,dzhen,墩振线,PZXL-00099-N0016,dzhen线16杆,PZXL-00099-N0017,dzhen线17杆,50.0,JKLYJ/Q-10-240,JKLYJ/Q-10-240,B+,0.13,0.356,0.0065,0.0178,500.0,550.0,8.6603,CLOSED,128,邳州_10kV墩振线明细.xlsx,PARAMETERIZED_PLANNING_MODEL,595.0,500.0,8.6603,"min(conductor_Imax_base, SRC06_feeder_max_allowed_current)"
PZXL-00099-B0128,PHYSICAL_SPAN,BDZ-00027,墩集变,PZXL-00099,dzhen,墩振线,PZXL-00099-N0014,dzhen线14杆,PZXL-00099-N0015,dzhen线15杆,50.0,JKLYJ/Q-10-240,JKLYJ/Q-10-240,B+,0.13,0.356,0.0065,0.0178,500.0,550.0,8.6603,CLOSED,129,邳州_10kV墩振线明细.xlsx,PARAMETERIZED_PLANNING_MODEL,595.0,500.0,8.6603,"min(conductor_Imax_base, SRC06_feeder_max_allowed_current)"
PZXL-00099-B0129,PHYSICAL_SPAN,BDZ-00027,墩集变,PZXL-00099,dzhen,墩振线,PZXL-00099-N0022,dzhen线22杆,PZXL-00099-N0023,dzhen线23杆,50.0,JKLYJ/Q-10-240,JKLYJ/Q-10-240,B+,0.13,0.356,0.0065,0.0178,500.0,550.0,8.6603,CLOSED,130,邳州_10kV墩振线明细.xlsx,PARAMETERIZED_PLANNING_MODEL,595.0,500.0,8.6603,"min(conductor_Imax_base, SRC06_feeder_max_allowed_current)"
PZXL-00099-B0130,PHYSICAL_SPAN,BDZ-00027,墩集变,PZXL-00099,dzhen,墩振线,PZXL-00099-N0069,dzhen线恒鼎支线2杆,PZXL-00099-N0070,dzhen线恒鼎支线3杆,50.0,JKLYJ/Q-10-240,JKLYJ/Q-10-240,B+,0.13,0.356,0.0065,0.0178,500.0,550.0,8.6603,CLOSED,131,邳州_10kV墩振线明细.xlsx,PARAMETERIZED_PLANNING_MODEL,595.0,500.0,8.6603,"min(conductor_Imax_base, SRC06_feeder_max_allowed_current)"
PZXL-00099-B0131,PHYSICAL_SPAN,BDZ-00027,墩集变,PZXL-00099,dzhen,墩振线,PZXL-00099-N0017,dzhen线17杆,PZXL-00099-N0018,dzhen线18杆,50.0,JKLYJ/Q-10-240,JKLYJ/Q-10-240,B+,0.13,0.356,0.0065,0.0178,500.0,550.0,8.6603,CLOSED,132,邳州_10kV墩振线明细.xlsx,PARAMETERIZED_PLANNING_MODEL,595.0,500.0,8.6603,"min(conductor_Imax_base, SRC06_feeder_max_allowed_current)"
PZXL-00099-B0132,PHYSICAL_SPAN,BDZ-00027,墩集变,PZXL-00099,dzhen,墩振线,PZXL-00099-N0067,dzhen线恒鼎支线16杆,PZXL-00099-N0068,dzhen线恒鼎支线17杆,50.0,JKLYJ/Q-10-240,JKLYJ/Q-10-240,B+,0.13,0.356,0.0065,0.0178,500.0,550.0,8.6603,CLOSED,133,邳州_10kV墩振线明细.xlsx,PARAMETERIZED_PLANNING_MODEL,595.0,500.0,8.6603,"min(conductor_Imax_base, SRC06_feeder_max_allowed_current)"
PZXL-00099-B0133,PHYSICAL_SPAN,BDZ-00027,墩集变,PZXL-00099,dzhen,墩振线,PZXL-00099-N0010,dzhen线10杆,PZXL-00099-N0011,dzhen线11杆,50.0,JKLYJ/Q-10-240,JKLYJ/Q-10-240,B+,0.13,0.356,0.0065,0.0178,500.0,550.0,8.6603,CLOSED,134,邳州_10kV墩振线明细.xlsx,PARAMETERIZED_PLANNING_MODEL,595.0,500.0,8.6603,"min(conductor_Imax_base, SRC06_feeder_max_allowed_current)"
PZXL-00099-B0134,PHYSICAL_SPAN,BDZ-00027,墩集变,PZXL-00099,dzhen,墩振线,PZXL-00099-N0071,dzhen线恒鼎支线4杆,PZXL-00099-N0072,dzhen线恒鼎支线5杆,50.0,JKLYJ/Q-10-240,JKLYJ/Q-10-240,B+,0.13,0.356,0.0065,0.0178,500.0,550.0,8.6603,CLOSED,135,邳州_10kV墩振线明细.xlsx,PARAMETERIZED_PLANNING_MODEL,595.0,500.0,8.6603,"min(conductor_Imax_base, SRC06_feeder_max_allowed_current)"
PZXL-00099-B0135,PHYSICAL_SPAN,BDZ-00027,墩集变,PZXL-00099,dzhen,墩振线,PZXL-00099-N0076,dzhen线恒鼎支线9杆,PZXL-00099-N0061,dzhen线恒鼎支线10杆,50.0,JKLYJ/Q-10-240,JKLYJ/Q-10-240,B+,0.13,0.356,0.0065,0.0178,500.0,550.0,8.6603,CLOSED,136,邳州_10kV墩振线明细.xlsx,PARAMETERIZED_PLANNING_MODEL,595.0,500.0,8.6603,"min(conductor_Imax_base, SRC06_feeder_max_allowed_current)"
PZXL-00099-B0136,PHYSICAL_SPAN,BDZ-00027,墩集变,PZXL-00099,dzhen,墩振线,PZXL-00099-N0061,dzhen线恒鼎支线10杆,PZXL-00099-N0062,dzhen线恒鼎支线11杆,50.0,JKLYJ/Q-10-240,JKLYJ/Q-10-240,B+,0.13,0.356,0.0065,0.0178,500.0,550.0,8.6603,CLOSED,137,邳州_10kV墩振线明细.xlsx,PARAMETERIZED_PLANNING_MODEL,595.0,500.0,8.6603,"min(conductor_Imax_base, SRC06_feeder_max_allowed_current)"
PZXL-00099-B0137,PHYSICAL_SPAN,BDZ-00027,墩集变,PZXL-00099,dzhen,墩振线,PZXL-00099-N0033,dzhen线32杆,PZXL-00099-N0034,dzhen线33杆,50.0,JKLYJ/Q-10-240,JKLYJ/Q-10-240,B+,0.13,0.356,0.0065,0.0178,500.0,550.0,8.6603,CLOSED,138,邳州_10kV墩振线明细.xlsx,PARAMETERIZED_PLANNING_MODEL,595.0,500.0,8.6603,"min(conductor_Imax_base, SRC06_feeder_max_allowed_current)"
PZXL-00099-B0138,PHYSICAL_SPAN,BDZ-00027,墩集变,PZXL-00099,dzhen,墩振线,PZXL-00099-N0025,dzhen线25杆,PZXL-00099-N0026,dzhen线26杆,50.0,JKLYJ/Q-10-240,JKLYJ/Q-10-240,B+,0.13,0.356,0.0065,0.0178,500.0,550.0,8.6603,CLOSED,139,邳州_10kV墩振线明细.xlsx,PARAMETERIZED_PLANNING_MODEL,595.0,500.0,8.6603,"min(conductor_Imax_base, SRC06_feeder_max_allowed_current)"
PZXL-00099-B0139,PHYSICAL_SPAN,BDZ-00027,墩集变,PZXL-00099,dzhen,墩振线,PZXL-00099-N0028,dzhen线28杆,PZXL-00099-N0030,dzhen线29杆,50.0,JKLYJ/Q-10-240,JKLYJ/Q-10-240,B+,0.13,0.356,0.0065,0.0178,500.0,550.0,8.6603,CLOSED,140,邳州_10kV墩振线明细.xlsx,PARAMETERIZED_PLANNING_MODEL,595.0,500.0,8.6603,"min(conductor_Imax_base, SRC06_feeder_max_allowed_current)"
PZXL-00099-B0140,PHYSICAL_SPAN,BDZ-00027,墩集变,PZXL-00099,dzhen,墩振线,PZXL-00099-N0075,dzhen线恒鼎支线8杆,PZXL-00099-N0076,dzhen线恒鼎支线9杆,50.0,JKLYJ/Q-10-240,JKLYJ/Q-10-240,B+,0.13,0.356,0.0065,0.0178,500.0,550.0,8.6603,CLOSED,141,邳州_10kV墩振线明细.xlsx,PARAMETERIZED_PLANNING_MODEL,595.0,500.0,8.6603,"min(conductor_Imax_base, SRC06_feeder_max_allowed_current)"
PZXL-00099-B0141,PHYSICAL_SPAN,BDZ-00027,墩集变,PZXL-00099,dzhen,墩振线,PZXL-00099-N0064,dzhen线恒鼎支线13杆,PZXL-00099-N0065,dzhen线恒鼎支线14杆,50.0,JKLYJ/Q-10-240,JKLYJ/Q-10-240,B+,0.13,0.356,0.0065,0.0178,500.0,550.0,8.6603,CLOSED,142,邳州_10kV墩振线明细.xlsx,PARAMETERIZED_PLANNING_MODEL,595.0,500.0,8.6603,"min(conductor_Imax_base, SRC06_feeder_max_allowed_current)"
PZXL-00099-B0142,PHYSICAL_SPAN,BDZ-00027,墩集变,PZXL-00099,dzhen,墩振线,PZXL-00099-N0012,dzhen线12杆,PZXL-00099-N0013,dzhen线13杆,50.0,JKLYJ/Q-10-240,JKLYJ/Q-10-240,B+,0.13,0.356,0.0065,0.0178,500.0,550.0,8.6603,CLOSED,143,邳州_10kV墩振线明细.xlsx,PARAMETERIZED_PLANNING_MODEL,595.0,500.0,8.6603,"min(conductor_Imax_base, SRC06_feeder_max_allowed_current)"
PZXL-00099-B0143,PHYSICAL_SPAN,BDZ-00027,墩集变,PZXL-00099,dzhen,墩振线,PZXL-00099-N0052,dzhen线北支线02杆,PZXL-00099-N0053,dzhen线北支线03杆,50.0,JKLGYJ-70,JKLGYJ-10-70/10,B,0.443,0.397,0.02215,0.01985,245.0,247.5,4.2435,CLOSED,144,邳州_10kV墩振线明细.xlsx,PARAMETERIZED_PLANNING_MODEL,595.0,245.0,4.2435,"min(conductor_Imax_base, SRC06_feeder_max_allowed_current)"
PZXL-00099-B0144,PHYSICAL_SPAN,BDZ-00027,墩集变,PZXL-00099,dzhen,墩振线,PZXL-00099-N0027,dzhen线27杆,PZXL-00099-N0028,dzhen线28杆,50.0,JKLYJ/Q-10-240,JKLYJ/Q-10-240,B+,0.13,0.356,0.0065,0.0178,500.0,550.0,8.6603,CLOSED,145,邳州_10kV墩振线明细.xlsx,PARAMETERIZED_PLANNING_MODEL,595.0,500.0,8.6603,"min(conductor_Imax_base, SRC06_feeder_max_allowed_current)"
PZXL-00099-B0145,PHYSICAL_SPAN,BDZ-00027,墩集变,PZXL-00099,dzhen,墩振线,PZXL-00099-N0041,dzhen线40杆,PZXL-00099-N0042,dzhen线41杆,50.0,JKLYJ/Q-10-240,JKLYJ/Q-10-240,B+,0.13,0.356,0.0065,0.0178,500.0,550.0,8.6603,CLOSED,146,邳州_10kV墩振线明细.xlsx,PARAMETERIZED_PLANNING_MODEL,595.0,500.0,8.6603,"min(conductor_Imax_base, SRC06_feeder_max_allowed_current)"
PZXL-00099-B0146,PHYSICAL_SPAN,BDZ-00027,墩集变,PZXL-00099,dzhen,墩振线,PZXL-00099-N0013,dzhen线13杆,PZXL-00099-N0014,dzhen线14杆,50.0,JKLYJ/Q-10-240,JKLYJ/Q-10-240,B+,0.13,0.356,0.0065,0.0178,500.0,550.0,8.6603,CLOSED,147,邳州_10kV墩振线明细.xlsx,PARAMETERIZED_PLANNING_MODEL,595.0,500.0,8.6603,"min(conductor_Imax_base, SRC06_feeder_max_allowed_current)"
PZXL-00099-B0147,PHYSICAL_SPAN,BDZ-00027,墩集变,PZXL-00099,dzhen,墩振线,PZXL-00099-N0049,dzhen线力达支线3杆,PZXL-00099-N0050,dzhen线力达支线4杆,50.0,JKLYJ/Q-10-240,JKLYJ/Q-10-240,B+,0.13,0.356,0.0065,0.0178,500.0,550.0,8.6603,CLOSED,148,邳州_10kV墩振线明细.xlsx,PARAMETERIZED_PLANNING_MODEL,595.0,500.0,8.6603,"min(conductor_Imax_base, SRC06_feeder_max_allowed_current)"
PZXL-00099-B0148,PHYSICAL_SPAN,BDZ-00027,墩集变,PZXL-00099,dzhen,墩振线,PZXL-00099-N0110,dzhen线污水厂支线4杆,PZXL-00099-N0047,dzhen线力达支线1杆,50.0,JKLYJ/Q-10-240,JKLYJ/Q-10-240,B+,0.13,0.356,0.0065,0.0178,500.0,550.0,8.6603,CLOSED,149,邳州_10kV墩振线明细.xlsx,PARAMETERIZED_PLANNING_MODEL,595.0,500.0,8.6603,"min(conductor_Imax_base, SRC06_feeder_max_allowed_current)"
PZXL-00099-B0149,PHYSICAL_SPAN,BDZ-00027,墩集变,PZXL-00099,dzhen,墩振线,PZXL-00099-N0047,dzhen线力达支线1杆,PZXL-00099-N0048,dzhen线力达支线2杆,50.0,JKLYJ/Q-10-240,JKLYJ/Q-10-240,B+,0.13,0.356,0.0065,0.0178,500.0,550.0,8.6603,CLOSED,150,邳州_10kV墩振线明细.xlsx,PARAMETERIZED_PLANNING_MODEL,595.0,500.0,8.6603,"min(conductor_Imax_base, SRC06_feeder_max_allowed_current)"
PZXL-00099-B0150,PHYSICAL_SPAN,BDZ-00027,墩集变,PZXL-00099,dzhen,墩振线,PZXL-00099-N0048,dzhen线力达支线2杆,PZXL-00099-N0049,dzhen线力达支线3杆,50.0,JKLYJ/Q-10-240,JKLYJ/Q-10-240,B+,0.13,0.356,0.0065,0.0178,500.0,550.0,8.6603,CLOSED,151,邳州_10kV墩振线明细.xlsx,PARAMETERIZED_PLANNING_MODEL,595.0,500.0,8.6603,"min(conductor_Imax_base, SRC06_feeder_max_allowed_current)"
PZXL-00099-B0151,PHYSICAL_SPAN,BDZ-00027,墩集变,PZXL-00099,dzhen,墩振线,PZXL-00099-N0061,dzhen线恒鼎支线10杆,PZXL-00099-N0083,dzhen线正康支线1杆,50.0,JKLYJ/Q-10-240,JKLYJ/Q-10-240,B+,0.13,0.356,0.0065,0.0178,500.0,550.0,8.6603,CLOSED,152,邳州_10kV墩振线明细.xlsx,PARAMETERIZED_PLANNING_MODEL,595.0,500.0,8.6603,"min(conductor_Imax_base, SRC06_feeder_max_allowed_current)"
PZXL-00099-B0152,PHYSICAL_SPAN,BDZ-00027,墩集变,PZXL-00099,dzhen,墩振线,PZXL-00099-N0034,dzhen线33杆,PZXL-00099-N0118,三仪支线01杆,50.0,JKLYJ-240/10,JKLYJ-10-240 (raw写法与典型库JKLYJ-240/10等价),A/B,0.13,0.356,0.0065,0.0178,500.0,550.0,8.6603,CLOSED,153,邳州_10kV墩振线明细.xlsx,PARAMETERIZED_PLANNING_MODEL,595.0,500.0,8.6603,"min(conductor_Imax_base, SRC06_feeder_max_allowed_current)"
PZXL-00099-B0153,PHYSICAL_SPAN,BDZ-00027,墩集变,PZXL-00099,dzhen,墩振线,PZXL-00099-N0015,dzhen线15杆,PZXL-00099-N0134,海天石化支线1杆,50.0,JKLYJ-240/10,JKLYJ-10-240 (raw写法与典型库JKLYJ-240/10等价),A/B,0.13,0.356,0.0065,0.0178,500.0,550.0,8.6603,CLOSED,154,邳州_10kV墩振线明细.xlsx,PARAMETERIZED_PLANNING_MODEL,595.0,500.0,8.6603,"min(conductor_Imax_base, SRC06_feeder_max_allowed_current)"
PZXL-00099-B0154,PHYSICAL_SPAN,BDZ-00027,墩集变,PZXL-00099,dzhen,墩振线,PZXL-00099-N0006,dzhen线06杆,PZXL-00099-N0007,dzhen线07杆,50.0,JKLGYJ-70,JKLGYJ-10-70/10,B,0.443,0.397,0.02215,0.01985,245.0,247.5,4.2435,CLOSED,155,邳州_10kV墩振线明细.xlsx,PARAMETERIZED_PLANNING_MODEL,595.0,245.0,4.2435,"min(conductor_Imax_base, SRC06_feeder_max_allowed_current)"
PZXL-00099-B0155,PHYSICAL_SPAN,BDZ-00027,墩集变,PZXL-00099,dzhen,墩振线,PZXL-00099-N0097,dzhen线污水厂支线14杆,PZXL-00099-N0098,dzhen线污水厂支线15杆,50.0,JKLYJ-240/10,JKLYJ-10-240 (raw写法与典型库JKLYJ-240/10等价),A/B,0.13,0.356,0.0065,0.0178,500.0,550.0,8.6603,CLOSED,156,邳州_10kV墩振线明细.xlsx,PARAMETERIZED_PLANNING_MODEL,595.0,500.0,8.6603,"min(conductor_Imax_base, SRC06_feeder_max_allowed_current)"
PZXL-00099-B0156,PHYSICAL_SPAN,BDZ-00027,墩集变,PZXL-00099,dzhen,墩振线,PZXL-00099-N0090,dzhen线正康支线8杆,PZXL-00099-N0091,dzhen线正康支线9杆,50.0,JKLYJ/Q-10-240,JKLYJ/Q-10-240,B+,0.13,0.356,0.0065,0.0178,500.0,550.0,8.6603,CLOSED,157,邳州_10kV墩振线明细.xlsx,PARAMETERIZED_PLANNING_MODEL,595.0,500.0,8.6603,"min(conductor_Imax_base, SRC06_feeder_max_allowed_current)"
PZXL-00099-B0157,PHYSICAL_SPAN,BDZ-00027,墩集变,PZXL-00099,dzhen,墩振线,PZXL-00099-N0088,dzhen线正康支线6杆,PZXL-00099-N0089,dzhen线正康支线7杆,50.0,JKLYJ/Q-10-240,JKLYJ/Q-10-240,B+,0.13,0.356,0.0065,0.0178,500.0,550.0,8.6603,CLOSED,158,邳州_10kV墩振线明细.xlsx,PARAMETERIZED_PLANNING_MODEL,595.0,500.0,8.6603,"min(conductor_Imax_base, SRC06_feeder_max_allowed_current)"
PZXL-00099-B0158,PHYSICAL_SPAN,BDZ-00027,墩集变,PZXL-00099,dzhen,墩振线,PZXL-00099-N0091,dzhen线正康支线9杆,PZXL-00099-N0082,dzhen线正康支线10杆,50.0,JKLYJ/Q-10-240,JKLYJ/Q-10-240,B+,0.13,0.356,0.0065,0.0178,500.0,550.0,8.6603,CLOSED,159,邳州_10kV墩振线明细.xlsx,PARAMETERIZED_PLANNING_MODEL,595.0,500.0,8.6603,"min(conductor_Imax_base, SRC06_feeder_max_allowed_current)"
PZXL-00099-B0159,PHYSICAL_SPAN,BDZ-00027,墩集变,PZXL-00099,dzhen,墩振线,PZXL-00099-N0089,dzhen线正康支线7杆,PZXL-00099-N0090,dzhen线正康支线8杆,50.0,JKLYJ/Q-10-240,JKLYJ/Q-10-240,B+,0.13,0.356,0.0065,0.0178,500.0,550.0,8.6603,CLOSED,160,邳州_10kV墩振线明细.xlsx,PARAMETERIZED_PLANNING_MODEL,595.0,500.0,8.6603,"min(conductor_Imax_base, SRC06_feeder_max_allowed_current)"
PZXL-00099-B0160,PHYSICAL_SPAN,BDZ-00027,墩集变,PZXL-00099,dzhen,墩振线,PZXL-00099-N0087,dzhen线正康支线5杆,PZXL-00099-N0088,dzhen线正康支线6杆,50.0,JKLYJ/Q-10-240,JKLYJ/Q-10-240,B+,0.13,0.356,0.0065,0.0178,500.0,550.0,8.6603,CLOSED,161,邳州_10kV墩振线明细.xlsx,PARAMETERIZED_PLANNING_MODEL,595.0,500.0,8.6603,"min(conductor_Imax_base, SRC06_feeder_max_allowed_current)"
PZXL-00099-B0161,PHYSICAL_SPAN,BDZ-00027,墩集变,PZXL-00099,dzhen,墩振线,PZXL-00099-N0030,dzhen线29杆,PZXL-00099-N0029,dzhen线29-1,50.0,JLRX/T-120/30,JLRX/T-120/30 (碳纤维复合芯耐热导线家族),C-PROXY,0.33,0.38,0.0165,0.019,300.0,350.0,5.1962,CLOSED,162,邳州_10kV墩振线明细.xlsx,PARAMETERIZED_PLANNING_MODEL,595.0,300.0,5.1962,"min(conductor_Imax_base, SRC06_feeder_max_allowed_current)"
PZXL-00097-B0001,PHYSICAL_SPAN,BDZ-00027,墩集变,PZXL-00097,dxi,墩西线,PZXL-00097-N0191,dxi线王场湖支线7-4,PZXL-00097-N0192,dxi线王场湖支线7-5,50.0,JKLYJ/Q-10-240,JKLYJ/Q-10-240,B+,0.13,0.356,0.0065,0.0178,500.0,550.0,8.6603,CLOSED,2,邳州_10kV墩西线明细.xlsx,PARAMETERIZED_PLANNING_MODEL,485.0,485.0,8.4004,"min(conductor_Imax_base, SRC06_feeder_max_allowed_current)"
PZXL-00097-B0002,PHYSICAL_SPAN,BDZ-00027,墩集变,PZXL-00097,dxi,墩西线,PZXL-00097-N0189,dxi线王场湖支线7-2,PZXL-00097-N0190,dxi线王场湖支线7-3,50.0,JKLYJ/Q-10-240,JKLYJ/Q-10-240,B+,0.13,0.356,0.0065,0.0178,500.0,550.0,8.6603,CLOSED,3,邳州_10kV墩西线明细.xlsx,PARAMETERIZED_PLANNING_MODEL,485.0,485.0,8.4004,"min(conductor_Imax_base, SRC06_feeder_max_allowed_current)"
PZXL-00097-B0003,PHYSICAL_SPAN,BDZ-00027,墩集变,PZXL-00097,dxi,墩西线,PZXL-00097-N0180,dxi线王场湖支线07,PZXL-00097-N0188,dxi线王场湖支线7-1,50.0,JKLYJ/Q-10-240,JKLYJ/Q-10-240,B+,0.13,0.356,0.0065,0.0178,500.0,550.0,8.6603,CLOSED,4,邳州_10kV墩西线明细.xlsx,PARAMETERIZED_PLANNING_MODEL,485.0,485.0,8.4004,"min(conductor_Imax_base, SRC06_feeder_max_allowed_current)"
PZXL-00097-B0004,PHYSICAL_SPAN,BDZ-00027,墩集变,PZXL-00097,dxi,墩西线,PZXL-00097-N0190,dxi线王场湖支线7-3,PZXL-00097-N0191,dxi线王场湖支线7-4,50.0,JKLYJ/Q-10-240,JKLYJ/Q-10-240,B+,0.13,0.356,0.0065,0.0178,500.0,550.0,8.6603,CLOSED,5,邳州_10kV墩西线明细.xlsx,PARAMETERIZED_PLANNING_MODEL,485.0,485.0,8.4004,"min(conductor_Imax_base, SRC06_feeder_max_allowed_current)"
PZXL-00097-B0005,PHYSICAL_SPAN,BDZ-00027,墩集变,PZXL-00097,dxi,墩西线,PZXL-00097-N0188,dxi线王场湖支线7-1,PZXL-00097-N0189,dxi线王场湖支线7-2,50.0,JKLYJ/Q-10-240,JKLYJ/Q-10-240,B+,0.13,0.356,0.0065,0.0178,500.0,550.0,8.6603,CLOSED,6,邳州_10kV墩西线明细.xlsx,PARAMETERIZED_PLANNING_MODEL,485.0,485.0,8.4004,"min(conductor_Imax_base, SRC06_feeder_max_allowed_current)"
PZXL-00097-B0006,PHYSICAL_SPAN,BDZ-00027,墩集变,PZXL-00097,dxi,墩西线,PZXL-00097-N0089,dxi线44杆,PZXL-00097-N0088,dxi线44-1杆,50.0,JKLYJ/Q-10-240,JKLYJ/Q-10-240,B+,0.13,0.356,0.0065,0.0178,500.0,550.0,8.6603,CLOSED,7,邳州_10kV墩西线明细.xlsx,PARAMETERIZED_PLANNING_MODEL,485.0,485.0,8.4004,"min(conductor_Imax_base, SRC06_feeder_max_allowed_current)"
PZXL-00097-B0007,PHYSICAL_SPAN,BDZ-00027,墩集变,PZXL-00097,dxi,墩西线,PZXL-00097-N0049,dxi线06杆,PZXL-00097-N0050,dxi线07杆,50.0,JKLYJ/Q-10-240,JKLYJ/Q-10-240,B+,0.13,0.356,0.0065,0.0178,500.0,550.0,8.6603,CLOSED,8,邳州_10kV墩西线明细.xlsx,PARAMETERIZED_PLANNING_MODEL,485.0,485.0,8.4004,"min(conductor_Imax_base, SRC06_feeder_max_allowed_current)"
PZXL-00097-B0008,PHYSICAL_SPAN,BDZ-00027,墩集变,PZXL-00097,dxi,墩西线,PZXL-00097-N0182,dxi线王场湖支线09,PZXL-00097-N0193,dxi线高速路变支线01杆,50.0,JKLYJ/Q-10-240,JKLYJ/Q-10-240,B+,0.13,0.356,0.0065,0.0178,500.0,550.0,8.6603,CLOSED,9,邳州_10kV墩西线明细.xlsx,PARAMETERIZED_PLANNING_MODEL,485.0,485.0,8.4004,"min(conductor_Imax_base, SRC06_feeder_max_allowed_current)"
PZXL-00097-B0009,PHYSICAL_SPAN,BDZ-00027,墩集变,PZXL-00097,dxi,墩西线,PZXL-00097-N0160,dxi线海天石化支线31,PZXL-00097-N0107,dxi线兴春支线01杆,50.0,JKLYJ/Q-10-240,JKLYJ/Q-10-240,B+,0.13,0.356,0.0065,0.0178,500.0,550.0,8.6603,CLOSED,10,邳州_10kV墩西线明细.xlsx,PARAMETERIZED_PLANNING_MODEL,485.0,485.0,8.4004,"min(conductor_Imax_base, SRC06_feeder_max_allowed_current)"
PZXL-00097-B0010,PHYSICAL_SPAN,BDZ-00027,墩集变,PZXL-00097,dxi,墩西线,PZXL-00097-N0170,dxi线海天石化支线41杆,PZXL-00097-N0171,dxi线海天石化支线42杆,50.0,JKLYJ/Q-10-240,JKLYJ/Q-10-240,B+,0.13,0.356,0.0065,0.0178,500.0,550.0,8.6603,CLOSED,11,邳州_10kV墩西线明细.xlsx,PARAMETERIZED_PLANNING_MODEL,485.0,485.0,8.4004,"min(conductor_Imax_base, SRC06_feeder_max_allowed_current)"
PZXL-00097-B0011,PHYSICAL_SPAN,BDZ-00027,墩集变,PZXL-00097,dxi,墩西线,PZXL-00097-N0108,dxi线兴春支线02杆,PZXL-00097-N0109,dxi线兴春支线03杆,50.0,JKLYJ/Q-10-240,JKLYJ/Q-10-240,B+,0.13,0.356,0.0065,0.0178,500.0,550.0,8.6603,CLOSED,12,邳州_10kV墩西线明细.xlsx,PARAMETERIZED_PLANNING_MODEL,485.0,485.0,8.4004,"min(conductor_Imax_base, SRC06_feeder_max_allowed_current)"
PZXL-00097-B0012,PHYSICAL_SPAN,BDZ-00027,墩集变,PZXL-00097,dxi,墩西线,PZXL-00097-N0172,dxi线海天石化支线43杆,PZXL-00097-N0173,dxi线海天石化支线44杆,50.0,JKLYJ/Q-10-240,JKLYJ/Q-10-240,B+,0.13,0.356,0.0065,0.0178,500.0,550.0,8.6603,CLOSED,13,邳州_10kV墩西线明细.xlsx,PARAMETERIZED_PLANNING_MODEL,485.0,485.0,8.4004,"min(conductor_Imax_base, SRC06_feeder_max_allowed_current)"
PZXL-00097-B0013,PHYSICAL_SPAN,BDZ-00027,墩集变,PZXL-00097,dxi,墩西线,PZXL-00097-N0169,dxi线海天石化支线40杆,PZXL-00097-N0170,dxi线海天石化支线41杆,50.0,JKLYJ/Q-10-240,JKLYJ/Q-10-240,B+,0.13,0.356,0.0065,0.0178,500.0,550.0,8.6603,CLOSED,14,邳州_10kV墩西线明细.xlsx,PARAMETERIZED_PLANNING_MODEL,485.0,485.0,8.4004,"min(conductor_Imax_base, SRC06_feeder_max_allowed_current)"
PZXL-00097-B0014,PHYSICAL_SPAN,BDZ-00027,墩集变,PZXL-00097,dxi,墩西线,PZXL-00097-N0109,dxi线兴春支线03杆,PZXL-00097-N0110,dxi线兴春支线04杆,50.0,JKLYJ/Q-10-240,JKLYJ/Q-10-240,B+,0.13,0.356,0.0065,0.0178,500.0,550.0,8.6603,CLOSED,15,邳州_10kV墩西线明细.xlsx,PARAMETERIZED_PLANNING_MODEL,485.0,485.0,8.4004,"min(conductor_Imax_base, SRC06_feeder_max_allowed_current)"
PZXL-00097-B0015,PHYSICAL_SPAN,BDZ-00027,墩集变,PZXL-00097,dxi,墩西线,PZXL-00097-N0049,dxi线06杆,PZXL-00097-N0011,dxi北支线1杆,50.0,JKLYJ/Q-10-240,JKLYJ/Q-10-240,B+,0.13,0.356,0.0065,0.0178,500.0,550.0,8.6603,CLOSED,16,邳州_10kV墩西线明细.xlsx,PARAMETERIZED_PLANNING_MODEL,485.0,485.0,8.4004,"min(conductor_Imax_base, SRC06_feeder_max_allowed_current)"
PZXL-00097-B0016,PHYSICAL_SPAN,BDZ-00027,墩集变,PZXL-00097,dxi,墩西线,PZXL-00097-N0171,dxi线海天石化支线42杆,PZXL-00097-N0172,dxi线海天石化支线43杆,50.0,JKLYJ/Q-10-240,JKLYJ/Q-10-240,B+,0.13,0.356,0.0065,0.0178,500.0,550.0,8.6603,CLOSED,17,邳州_10kV墩西线明细.xlsx,PARAMETERIZED_PLANNING_MODEL,485.0,485.0,8.4004,"min(conductor_Imax_base, SRC06_feeder_max_allowed_current)"
PZXL-00097-B0017,PHYSICAL_SPAN,BDZ-00027,墩集变,PZXL-00097,dxi,墩西线,PZXL-00097-N0107,dxi线兴春支线01杆,PZXL-00097-N0108,dxi线兴春支线02杆,50.0,JKLYJ/Q-10-240,JKLYJ/Q-10-240,B+,0.13,0.356,0.0065,0.0178,500.0,550.0,8.6603,CLOSED,18,邳州_10kV墩西线明细.xlsx,PARAMETERIZED_PLANNING_MODEL,485.0,485.0,8.4004,"min(conductor_Imax_base, SRC06_feeder_max_allowed_current)"
PZXL-00097-B0018,PHYSICAL_SPAN,BDZ-00027,墩集变,PZXL-00097,dxi,墩西线,PZXL-00097-N0166,dxi线海天石化支线37,PZXL-00097-N0174,dxi线王场湖支线01,50.0,JKLYJ/Q-10-240,JKLYJ/Q-10-240,B+,0.13,0.356,0.0065,0.0178,500.0,550.0,8.6603,CLOSED,19,邳州_10kV墩西线明细.xlsx,PARAMETERIZED_PLANNING_MODEL,485.0,485.0,8.4004,"min(conductor_Imax_base, SRC06_feeder_max_allowed_current)"
PZXL-00097-B0019,PHYSICAL_SPAN,BDZ-00027,墩集变,PZXL-00097,dxi,墩西线,PZXL-00097-N0052,dxi线09杆,PZXL-00097-N0053,dxi线10杆,50.0,JKLYJ/Q-10-240,JKLYJ/Q-10-240,B+,0.13,0.356,0.0065,0.0178,500.0,550.0,8.6603,CLOSED,20,邳州_10kV墩西线明细.xlsx,PARAMETERIZED_PLANNING_MODEL,485.0,485.0,8.4004,"min(conductor_Imax_base, SRC06_feeder_max_allowed_current)"
PZXL-00097-B0020,PHYSICAL_SPAN,BDZ-00027,墩集变,PZXL-00097,dxi,墩西线,PZXL-00097-N0058,dxi线14杆,PZXL-00097-N0059,dxi线15杆,50.0,JKLYJ/Q-10-240,JKLYJ/Q-10-240,B+,0.13,0.356,0.0065,0.0178,500.0,550.0,8.6603,CLOSED,21,邳州_10kV墩西线明细.xlsx,PARAMETERIZED_PLANNING_MODEL,485.0,485.0,8.4004,"min(conductor_Imax_base, SRC06_feeder_max_allowed_current)"
PZXL-00097-B0021,PHYSICAL_SPAN,BDZ-00027,墩集变,PZXL-00097,dxi,墩西线,PZXL-00097-N0051,dxi线08杆,PZXL-00097-N0052,dxi线09杆,50.0,JKLYJ/Q-10-240,JKLYJ/Q-10-240,B+,0.13,0.356,0.0065,0.0178,500.0,550.0,8.6603,CLOSED,22,邳州_10kV墩西线明细.xlsx,PARAMETERIZED_PLANNING_MODEL,485.0,485.0,8.4004,"min(conductor_Imax_base, SRC06_feeder_max_allowed_current)"
PZXL-00097-B0022,PHYSICAL_SPAN,BDZ-00027,墩集变,PZXL-00097,dxi,墩西线,PZXL-00097-N0057,dxi线13杆,PZXL-00097-N0058,dxi线14杆,50.0,JKLYJ/Q-10-240,JKLYJ/Q-10-240,B+,0.13,0.356,0.0065,0.0178,500.0,550.0,8.6603,CLOSED,23,邳州_10kV墩西线明细.xlsx,PARAMETERIZED_PLANNING_MODEL,485.0,485.0,8.4004,"min(conductor_Imax_base, SRC06_feeder_max_allowed_current)"
PZXL-00097-B0023,PHYSICAL_SPAN,BDZ-00027,墩集变,PZXL-00097,dxi,墩西线,PZXL-00097-N0043,dxi北支线9杆,PZXL-00097-N0001,dxi北支线10杆,50.0,JKLYJ/Q-10-240,JKLYJ/Q-10-240,B+,0.13,0.356,0.0065,0.0178,500.0,550.0,8.6603,CLOSED,24,邳州_10kV墩西线明细.xlsx,PARAMETERIZED_PLANNING_MODEL,485.0,485.0,8.4004,"min(conductor_Imax_base, SRC06_feeder_max_allowed_current)"
PZXL-00097-B0024,PHYSICAL_SPAN,BDZ-00027,墩集变,PZXL-00097,dxi,墩西线,PZXL-00097-N0064,dxi线20杆,PZXL-00097-N0065,dxi线21杆,50.0,JKLYJ/Q-10-240,JKLYJ/Q-10-240,B+,0.13,0.356,0.0065,0.0178,500.0,550.0,8.6603,CLOSED,25,邳州_10kV墩西线明细.xlsx,PARAMETERIZED_PLANNING_MODEL,485.0,485.0,8.4004,"min(conductor_Imax_base, SRC06_feeder_max_allowed_current)"
PZXL-00097-B0025,PHYSICAL_SPAN,BDZ-00027,墩集变,PZXL-00097,dxi,墩西线,PZXL-00097-N0055,dxi线12杆,PZXL-00097-N0057,dxi线13杆,50.0,JKLYJ/Q-10-240,JKLYJ/Q-10-240,B+,0.13,0.356,0.0065,0.0178,500.0,550.0,8.6603,CLOSED,26,邳州_10kV墩西线明细.xlsx,PARAMETERIZED_PLANNING_MODEL,485.0,485.0,8.4004,"min(conductor_Imax_base, SRC06_feeder_max_allowed_current)"
PZXL-00097-B0026,PHYSICAL_SPAN,BDZ-00027,墩集变,PZXL-00097,dxi,墩西线,PZXL-00097-N0042,dxi北支线8杆,PZXL-00097-N0043,dxi北支线9杆,50.0,JKLYJ/Q-10-240,JKLYJ/Q-10-240,B+,0.13,0.356,0.0065,0.0178,500.0,550.0,8.6603,CLOSED,27,邳州_10kV墩西线明细.xlsx,PARAMETERIZED_PLANNING_MODEL,485.0,485.0,8.4004,"min(conductor_Imax_base, SRC06_feeder_max_allowed_current)"
PZXL-00097-B0027,PHYSICAL_SPAN,BDZ-00027,墩集变,PZXL-00097,dxi,墩西线,PZXL-00097-N0033,dxi北支线3杆,PZXL-00097-N0038,dxi北支线4杆,50.0,JKLYJ/Q-10-240,JKLYJ/Q-10-240,B+,0.13,0.356,0.0065,0.0178,500.0,550.0,8.6603,CLOSED,28,邳州_10kV墩西线明细.xlsx,PARAMETERIZED_PLANNING_MODEL,485.0,485.0,8.4004,"min(conductor_Imax_base, SRC06_feeder_max_allowed_current)"
PZXL-00097-B0028,PHYSICAL_SPAN,BDZ-00027,墩集变,PZXL-00097,dxi,墩西线,PZXL-00097-N0060,dxi线16杆,PZXL-00097-N0061,dxi线17杆,50.0,JKLYJ/Q-10-240,JKLYJ/Q-10-240,B+,0.13,0.356,0.0065,0.0178,500.0,550.0,8.6603,CLOSED,29,邳州_10kV墩西线明细.xlsx,PARAMETERIZED_PLANNING_MODEL,485.0,485.0,8.4004,"min(conductor_Imax_base, SRC06_feeder_max_allowed_current)"
PZXL-00097-B0029,PHYSICAL_SPAN,BDZ-00027,墩集变,PZXL-00097,dxi,墩西线,PZXL-00097-N0053,dxi线10杆,PZXL-00097-N0054,dxi线11杆,50.0,JKLYJ/Q-10-240,JKLYJ/Q-10-240,B+,0.13,0.356,0.0065,0.0178,500.0,550.0,8.6603,CLOSED,30,邳州_10kV墩西线明细.xlsx,PARAMETERIZED_PLANNING_MODEL,485.0,485.0,8.4004,"min(conductor_Imax_base, SRC06_feeder_max_allowed_current)"
PZXL-00097-B0030,PHYSICAL_SPAN,BDZ-00027,墩集变,PZXL-00097,dxi,墩西线,PZXL-00097-N0046,dxi线03杆,PZXL-00097-N0047,dxi线04杆,50.0,JKLYJ/Q-10-240,JKLYJ/Q-10-240,B+,0.13,0.356,0.0065,0.0178,500.0,550.0,8.6603,CLOSED,31,邳州_10kV墩西线明细.xlsx,PARAMETERIZED_PLANNING_MODEL,485.0,485.0,8.4004,"min(conductor_Imax_base, SRC06_feeder_max_allowed_current)"
PZXL-00097-B0031,PHYSICAL_SPAN,BDZ-00027,墩集变,PZXL-00097,dxi,墩西线,PZXL-00097-N0054,dxi线11杆,PZXL-00097-N0055,dxi线12杆,50.0,JKLYJ/Q-10-240,JKLYJ/Q-10-240,B+,0.13,0.356,0.0065,0.0178,500.0,550.0,8.6603,CLOSED,32,邳州_10kV墩西线明细.xlsx,PARAMETERIZED_PLANNING_MODEL,485.0,485.0,8.4004,"min(conductor_Imax_base, SRC06_feeder_max_allowed_current)"
PZXL-00097-B0032,PHYSICAL_SPAN,BDZ-00027,墩集变,PZXL-00097,dxi,墩西线,PZXL-00097-N0140,dxi线海天石化支线11,PZXL-00097-N0141,dxi线海天石化支线12,50.0,JKLYJ/Q-10-240,JKLYJ/Q-10-240,B+,0.13,0.356,0.0065,0.0178,500.0,550.0,8.6603,CLOSED,33,邳州_10kV墩西线明细.xlsx,PARAMETERIZED_PLANNING_MODEL,485.0,485.0,8.4004,"min(conductor_Imax_base, SRC06_feeder_max_allowed_current)"
PZXL-00097-B0033,PHYSICAL_SPAN,BDZ-00027,墩集变,PZXL-00097,dxi,墩西线,PZXL-00097-N0143,dxi线海天石化支线14,PZXL-00097-N0144,dxi线海天石化支线15,50.0,JKLYJ/Q-10-240,JKLYJ/Q-10-240,B+,0.13,0.356,0.0065,0.0178,500.0,550.0,8.6603,CLOSED,34,邳州_10kV墩西线明细.xlsx,PARAMETERIZED_PLANNING_MODEL,485.0,485.0,8.4004,"min(conductor_Imax_base, SRC06_feeder_max_allowed_current)"
PZXL-00097-B0034,PHYSICAL_SPAN,BDZ-00027,墩集变,PZXL-00097,dxi,墩西线,PZXL-00097-N0174,dxi线王场湖支线01,PZXL-00097-N0175,dxi线王场湖支线02,50.0,JKLYJ/Q-10-240,JKLYJ/Q-10-240,B+,0.13,0.356,0.0065,0.0178,500.0,550.0,8.6603,CLOSED,35,邳州_10kV墩西线明细.xlsx,PARAMETERIZED_PLANNING_MODEL,485.0,485.0,8.4004,"min(conductor_Imax_base, SRC06_feeder_max_allowed_current)"
PZXL-00097-B0035,PHYSICAL_SPAN,BDZ-00027,墩集变,PZXL-00097,dxi,墩西线,PZXL-00097-N0176,dxi线王场湖支线03,PZXL-00097-N0177,dxi线王场湖支线04,50.0,JKLYJ/Q-10-240,JKLYJ/Q-10-240,B+,0.13,0.356,0.0065,0.0178,500.0,550.0,8.6603,CLOSED,36,邳州_10kV墩西线明细.xlsx,PARAMETERIZED_PLANNING_MODEL,485.0,485.0,8.4004,"min(conductor_Imax_base, SRC06_feeder_max_allowed_current)"
PZXL-00097-B0036,PHYSICAL_SPAN,BDZ-00027,墩集变,PZXL-00097,dxi,墩西线,PZXL-00097-N0179,dxi线王场湖支线06,PZXL-00097-N0180,dxi线王场湖支线07,50.0,JKLYJ/Q-10-240,JKLYJ/Q-10-240,B+,0.13,0.356,0.0065,0.0178,500.0,550.0,8.6603,CLOSED,37,邳州_10kV墩西线明细.xlsx,PARAMETERIZED_PLANNING_MODEL,485.0,485.0,8.4004,"min(conductor_Imax_base, SRC06_feeder_max_allowed_current)"
PZXL-00097-B0037,PHYSICAL_SPAN,BDZ-00027,墩集变,PZXL-00097,dxi,墩西线,PZXL-00097-N0185,dxi线王场湖支线12,PZXL-00097-N0186,dxi线王场湖支线13,50.0,JKLYJ/Q-10-240,JKLYJ/Q-10-240,B+,0.13,0.356,0.0065,0.0178,500.0,550.0,8.6603,CLOSED,38,邳州_10kV墩西线明细.xlsx,PARAMETERIZED_PLANNING_MODEL,485.0,485.0,8.4004,"min(conductor_Imax_base, SRC06_feeder_max_allowed_current)"
PZXL-00097-B0038,PHYSICAL_SPAN,BDZ-00027,墩集变,PZXL-00097,dxi,墩西线,PZXL-00097-N0184,dxi线王场湖支线11,PZXL-00097-N0185,dxi线王场湖支线12,50.0,JKLYJ/Q-10-240,JKLYJ/Q-10-240,B+,0.13,0.356,0.0065,0.0178,500.0,550.0,8.6603,CLOSED,39,邳州_10kV墩西线明细.xlsx,PARAMETERIZED_PLANNING_MODEL,485.0,485.0,8.4004,"min(conductor_Imax_base, SRC06_feeder_max_allowed_current)"
PZXL-00097-B0039,PHYSICAL_SPAN,BDZ-00027,墩集变,PZXL-00097,dxi,墩西线,PZXL-00097-N0160,dxi线海天石化支线31,PZXL-00097-N0161,dxi线海天石化支线32,50.0,JKLYJ/Q-10-240,JKLYJ/Q-10-240,B+,0.13,0.356,0.0065,0.0178,500.0,550.0,8.6603,CLOSED,40,邳州_10kV墩西线明细.xlsx,PARAMETERIZED_PLANNING_MODEL,485.0,485.0,8.4004,"min(conductor_Imax_base, SRC06_feeder_max_allowed_current)"
PZXL-00097-B0040,PHYSICAL_SPAN,BDZ-00027,墩集变,PZXL-00097,dxi,墩西线,PZXL-00097-N0166,dxi线海天石化支线37,PZXL-00097-N0167,dxi线海天石化支线38,50.0,JKLYJ/Q-10-240,JKLYJ/Q-10-240,B+,0.13,0.356,0.0065,0.0178,500.0,550.0,8.6603,CLOSED,41,邳州_10kV墩西线明细.xlsx,PARAMETERIZED_PLANNING_MODEL,485.0,485.0,8.4004,"min(conductor_Imax_base, SRC06_feeder_max_allowed_current)"
PZXL-00097-B0041,PHYSICAL_SPAN,BDZ-00027,墩集变,PZXL-00097,dxi,墩西线,PZXL-00097-N0134,dxi线海天石化支线05,PZXL-00097-N0135,dxi线海天石化支线06,50.0,JKLYJ/Q-10-240,JKLYJ/Q-10-240,B+,0.13,0.356,0.0065,0.0178,500.0,550.0,8.6603,CLOSED,42,邳州_10kV墩西线明细.xlsx,PARAMETERIZED_PLANNING_MODEL,485.0,485.0,8.4004,"min(conductor_Imax_base, SRC06_feeder_max_allowed_current)"
PZXL-00097-B0042,PHYSICAL_SPAN,BDZ-00027,墩集变,PZXL-00097,dxi,墩西线,PZXL-00097-N0145,dxi线海天石化支线16,PZXL-00097-N0146,dxi线海天石化支线17,50.0,JKLYJ/Q-10-240,JKLYJ/Q-10-240,B+,0.13,0.356,0.0065,0.0178,500.0,550.0,8.6603,CLOSED,43,邳州_10kV墩西线明细.xlsx,PARAMETERIZED_PLANNING_MODEL,485.0,485.0,8.4004,"min(conductor_Imax_base, SRC06_feeder_max_allowed_current)"
PZXL-00097-B0043,PHYSICAL_SPAN,BDZ-00027,墩集变,PZXL-00097,dxi,墩西线,PZXL-00097-N0165,dxi线海天石化支线36,PZXL-00097-N0166,dxi线海天石化支线37,50.0,JKLYJ/Q-10-240,JKLYJ/Q-10-240,B+,0.13,0.356,0.0065,0.0178,500.0,550.0,8.6603,CLOSED,44,邳州_10kV墩西线明细.xlsx,PARAMETERIZED_PLANNING_MODEL,485.0,485.0,8.4004,"min(conductor_Imax_base, SRC06_feeder_max_allowed_current)"
PZXL-00097-B0044,PHYSICAL_SPAN,BDZ-00027,墩集变,PZXL-00097,dxi,墩西线,PZXL-00097-N0168,dxi线海天石化支线39,PZXL-00097-N0169,dxi线海天石化支线40杆,50.0,JKLYJ/Q-10-240,JKLYJ/Q-10-240,B+,0.13,0.356,0.0065,0.0178,500.0,550.0,8.6603,CLOSED,45,邳州_10kV墩西线明细.xlsx,PARAMETERIZED_PLANNING_MODEL,485.0,485.0,8.4004,"min(conductor_Imax_base, SRC06_feeder_max_allowed_current)"
PZXL-00097-B0045,PHYSICAL_SPAN,BDZ-00027,墩集变,PZXL-00097,dxi,墩西线,PZXL-00097-N0070,dxi线26杆,PZXL-00097-N0071,dxi线27杆,50.0,JKLYJ/Q-10-240,JKLYJ/Q-10-240,B+,0.13,0.356,0.0065,0.0178,500.0,550.0,8.6603,CLOSED,46,邳州_10kV墩西线明细.xlsx,PARAMETERIZED_PLANNING_MODEL,485.0,485.0,8.4004,"min(conductor_Imax_base, SRC06_feeder_max_allowed_current)"
PZXL-00097-B0046,PHYSICAL_SPAN,BDZ-00027,墩集变,PZXL-00097,dxi,墩西线,PZXL-00097-N0002,dxi北支线11杆,PZXL-00097-N0003,dxi北支线12杆,50.0,JKLYJ/Q-10-240,JKLYJ/Q-10-240,B+,0.13,0.356,0.0065,0.0178,500.0,550.0,8.6603,CLOSED,47,邳州_10kV墩西线明细.xlsx,PARAMETERIZED_PLANNING_MODEL,485.0,485.0,8.4004,"min(conductor_Imax_base, SRC06_feeder_max_allowed_current)"
PZXL-00097-B0047,PHYSICAL_SPAN,BDZ-00027,墩集变,PZXL-00097,dxi,墩西线,PZXL-00097-N0005,dxi北支线14杆,PZXL-00097-N0006,dxi北支线15杆,50.0,JKLYJ/Q-10-240,JKLYJ/Q-10-240,B+,0.13,0.356,0.0065,0.0178,500.0,550.0,8.6603,CLOSED,48,邳州_10kV墩西线明细.xlsx,PARAMETERIZED_PLANNING_MODEL,485.0,485.0,8.4004,"min(conductor_Imax_base, SRC06_feeder_max_allowed_current)"
PZXL-00097-B0048,PHYSICAL_SPAN,BDZ-00027,墩集变,PZXL-00097,dxi,墩西线,PZXL-00097-N0016,dxi北支线24杆,PZXL-00097-N0017,dxi北支线25杆,50.0,JKLYJ/Q-10-240,JKLYJ/Q-10-240,B+,0.13,0.356,0.0065,0.0178,500.0,550.0,8.6603,CLOSED,49,邳州_10kV墩西线明细.xlsx,PARAMETERIZED_PLANNING_MODEL,485.0,485.0,8.4004,"min(conductor_Imax_base, SRC06_feeder_max_allowed_current)"
PZXL-00097-B0049,PHYSICAL_SPAN,BDZ-00027,墩集变,PZXL-00097,dxi,墩西线,PZXL-00097-N0078,dxi线34杆,PZXL-00097-N0079,dxi线35杆,50.0,JKLYJ/Q-10-240,JKLYJ/Q-10-240,B+,0.13,0.356,0.0065,0.0178,500.0,550.0,8.6603,CLOSED,50,邳州_10kV墩西线明细.xlsx,PARAMETERIZED_PLANNING_MODEL,485.0,485.0,8.4004,"min(conductor_Imax_base, SRC06_feeder_max_allowed_current)"
PZXL-00097-B0050,PHYSICAL_SPAN,BDZ-00027,墩集变,PZXL-00097,dxi,墩西线,PZXL-00097-N0021,dxi北支线29杆,PZXL-00097-N0023,dxi北支线30杆,50.0,JKLYJ/Q-10-240,JKLYJ/Q-10-240,B+,0.13,0.356,0.0065,0.0178,500.0,550.0,8.6603,CLOSED,51,邳州_10kV墩西线明细.xlsx,PARAMETERIZED_PLANNING_MODEL,485.0,485.0,8.4004,"min(conductor_Imax_base, SRC06_feeder_max_allowed_current)"
PZXL-00097-B0051,PHYSICAL_SPAN,BDZ-00027,墩集变,PZXL-00097,dxi,墩西线,PZXL-00097-N0010,dxi北支线19杆,PZXL-00097-N0012,dxi北支线20杆,50.0,JKLYJ/Q-10-240,JKLYJ/Q-10-240,B+,0.13,0.356,0.0065,0.0178,500.0,550.0,8.6603,CLOSED,52,邳州_10kV墩西线明细.xlsx,PARAMETERIZED_PLANNING_MODEL,485.0,485.0,8.4004,"min(conductor_Imax_base, SRC06_feeder_max_allowed_current)"
PZXL-00097-B0052,PHYSICAL_SPAN,BDZ-00027,墩集变,PZXL-00097,dxi,墩西线,PZXL-00097-N0130,dxi线海天石化支线01,PZXL-00097-N0131,dxi线海天石化支线02,50.0,JKLYJ/Q-10-240,JKLYJ/Q-10-240,B+,0.13,0.356,0.0065,0.0178,500.0,550.0,8.6603,CLOSED,53,邳州_10kV墩西线明细.xlsx,PARAMETERIZED_PLANNING_MODEL,485.0,485.0,8.4004,"min(conductor_Imax_base, SRC06_feeder_max_allowed_current)"
PZXL-00097-B0053,PHYSICAL_SPAN,BDZ-00027,墩集变,PZXL-00097,dxi,墩西线,PZXL-00097-N0075,dxi线31杆,PZXL-00097-N0076,dxi线32杆,50.0,JKLYJ/Q-10-240,JKLYJ/Q-10-240,B+,0.13,0.356,0.0065,0.0178,500.0,550.0,8.6603,CLOSED,54,邳州_10kV墩西线明细.xlsx,PARAMETERIZED_PLANNING_MODEL,485.0,485.0,8.4004,"min(conductor_Imax_base, SRC06_feeder_max_allowed_current)"
PZXL-00097-B0054,PHYSICAL_SPAN,BDZ-00027,墩集变,PZXL-00097,dxi,墩西线,PZXL-00097-N0082,dxi线38杆,PZXL-00097-N0083,dxi线39杆,50.0,JKLYJ/Q-10-240,JKLYJ/Q-10-240,B+,0.13,0.356,0.0065,0.0178,500.0,550.0,8.6603,CLOSED,55,邳州_10kV墩西线明细.xlsx,PARAMETERIZED_PLANNING_MODEL,485.0,485.0,8.4004,"min(conductor_Imax_base, SRC06_feeder_max_allowed_current)"
PZXL-00097-B0055,PHYSICAL_SPAN,BDZ-00027,墩集变,PZXL-00097,dxi,墩西线,PZXL-00097-N0027,dxi北支线34杆,PZXL-00097-N0028,dxi北支线35杆,50.0,JKLYJ/Q-10-240,JKLYJ/Q-10-240,B+,0.13,0.356,0.0065,0.0178,500.0,550.0,8.6603,CLOSED,56,邳州_10kV墩西线明细.xlsx,PARAMETERIZED_PLANNING_MODEL,485.0,485.0,8.4004,"min(conductor_Imax_base, SRC06_feeder_max_allowed_current)"
PZXL-00097-B0056,PHYSICAL_SPAN,BDZ-00027,墩集变,PZXL-00097,dxi,墩西线,PZXL-00097-N0029,dxi北支线36杆,PZXL-00097-N0030,dxi北支线37杆,50.0,JKLYJ/Q-10-240,JKLYJ/Q-10-240,B+,0.13,0.356,0.0065,0.0178,500.0,550.0,8.6603,CLOSED,57,邳州_10kV墩西线明细.xlsx,PARAMETERIZED_PLANNING_MODEL,485.0,485.0,8.4004,"min(conductor_Imax_base, SRC06_feeder_max_allowed_current)"
PZXL-00097-B0057,PHYSICAL_SPAN,BDZ-00027,墩集变,PZXL-00097,dxi,墩西线,PZXL-00097-N0020,dxi北支线28杆,PZXL-00097-N0021,dxi北支线29杆,50.0,JKLYJ/Q-10-240,JKLYJ/Q-10-240,B+,0.13,0.356,0.0065,0.0178,500.0,550.0,8.6603,CLOSED,58,邳州_10kV墩西线明细.xlsx,PARAMETERIZED_PLANNING_MODEL,485.0,485.0,8.4004,"min(conductor_Imax_base, SRC06_feeder_max_allowed_current)"
PZXL-00097-B0058,PHYSICAL_SPAN,BDZ-00027,墩集变,PZXL-00097,dxi,墩西线,PZXL-00097-N0026,dxi北支线33杆,PZXL-00097-N0027,dxi北支线34杆,50.0,JKLYJ/Q-10-240,JKLYJ/Q-10-240,B+,0.13,0.356,0.0065,0.0178,500.0,550.0,8.6603,CLOSED,59,邳州_10kV墩西线明细.xlsx,PARAMETERIZED_PLANNING_MODEL,485.0,485.0,8.4004,"min(conductor_Imax_base, SRC06_feeder_max_allowed_current)"
PZXL-00097-B0059,PHYSICAL_SPAN,BDZ-00027,墩集变,PZXL-00097,dxi,墩西线,PZXL-00097-N0031,dxi北支线38杆,PZXL-00097-N0032,dxi北支线39杆,50.0,JKLYJ/Q-10-240,JKLYJ/Q-10-240,B+,0.13,0.356,0.0065,0.0178,500.0,550.0,8.6603,CLOSED,60,邳州_10kV墩西线明细.xlsx,PARAMETERIZED_PLANNING_MODEL,485.0,485.0,8.4004,"min(conductor_Imax_base, SRC06_feeder_max_allowed_current)"
PZXL-00097-B0060,PHYSICAL_SPAN,BDZ-00027,墩集变,PZXL-00097,dxi,墩西线,PZXL-00097-N0163,dxi线海天石化支线34,PZXL-00097-N0164,dxi线海天石化支线35,50.0,JKLYJ/Q-10-240,JKLYJ/Q-10-240,B+,0.13,0.356,0.0065,0.0178,500.0,550.0,8.6603,CLOSED,61,邳州_10kV墩西线明细.xlsx,PARAMETERIZED_PLANNING_MODEL,485.0,485.0,8.4004,"min(conductor_Imax_base, SRC06_feeder_max_allowed_current)"
PZXL-00097-B0061,PHYSICAL_SPAN,BDZ-00027,墩集变,PZXL-00097,dxi,墩西线,PZXL-00097-N0182,dxi线王场湖支线09,PZXL-00097-N0183,dxi线王场湖支线10,50.0,JKLYJ/Q-10-240,JKLYJ/Q-10-240,B+,0.13,0.356,0.0065,0.0178,500.0,550.0,8.6603,CLOSED,62,邳州_10kV墩西线明细.xlsx,PARAMETERIZED_PLANNING_MODEL,485.0,485.0,8.4004,"min(conductor_Imax_base, SRC06_feeder_max_allowed_current)"
PZXL-00097-B0062,PHYSICAL_SPAN,BDZ-00027,墩集变,PZXL-00097,dxi,墩西线,PZXL-00097-N0139,dxi线海天石化支线10,PZXL-00097-N0140,dxi线海天石化支线11,50.0,JKLYJ/Q-10-240,JKLYJ/Q-10-240,B+,0.13,0.356,0.0065,0.0178,500.0,550.0,8.6603,CLOSED,63,邳州_10kV墩西线明细.xlsx,PARAMETERIZED_PLANNING_MODEL,485.0,485.0,8.4004,"min(conductor_Imax_base, SRC06_feeder_max_allowed_current)"
PZXL-00097-B0063,PHYSICAL_SPAN,BDZ-00027,墩集变,PZXL-00097,dxi,墩西线,PZXL-00097-N0186,dxi线王场湖支线13,PZXL-00097-N0187,dxi线王场湖支线14,50.0,JKLYJ/Q-10-240,JKLYJ/Q-10-240,B+,0.13,0.356,0.0065,0.0178,500.0,550.0,8.6603,CLOSED,64,邳州_10kV墩西线明细.xlsx,PARAMETERIZED_PLANNING_MODEL,485.0,485.0,8.4004,"min(conductor_Imax_base, SRC06_feeder_max_allowed_current)"
PZXL-00097-B0064,PHYSICAL_SPAN,BDZ-00027,墩集变,PZXL-00097,dxi,墩西线,PZXL-00097-N0149,dxi线海天石化支线20,PZXL-00097-N0150,dxi线海天石化支线21,50.0,JKLYJ/Q-10-240,JKLYJ/Q-10-240,B+,0.13,0.356,0.0065,0.0178,500.0,550.0,8.6603,CLOSED,65,邳州_10kV墩西线明细.xlsx,PARAMETERIZED_PLANNING_MODEL,485.0,485.0,8.4004,"min(conductor_Imax_base, SRC06_feeder_max_allowed_current)"
PZXL-00097-B0065,PHYSICAL_SPAN,BDZ-00027,墩集变,PZXL-00097,dxi,墩西线,PZXL-00097-N0157,dxi线海天石化支线28,PZXL-00097-N0158,dxi线海天石化支线29,50.0,JKLYJ/Q-10-240,JKLYJ/Q-10-240,B+,0.13,0.356,0.0065,0.0178,500.0,550.0,8.6603,CLOSED,66,邳州_10kV墩西线明细.xlsx,PARAMETERIZED_PLANNING_MODEL,485.0,485.0,8.4004,"min(conductor_Imax_base, SRC06_feeder_max_allowed_current)"
PZXL-00097-B0066,PHYSICAL_SPAN,BDZ-00027,墩集变,PZXL-00097,dxi,墩西线,PZXL-00097-N0024,dxi北支线31杆,PZXL-00097-N0025,dxi北支线32杆,50.0,JKLYJ/Q-10-240,JKLYJ/Q-10-240,B+,0.13,0.356,0.0065,0.0178,500.0,550.0,8.6603,CLOSED,67,邳州_10kV墩西线明细.xlsx,PARAMETERIZED_PLANNING_MODEL,485.0,485.0,8.4004,"min(conductor_Imax_base, SRC06_feeder_max_allowed_current)"
PZXL-00097-B0067,PHYSICAL_SPAN,BDZ-00027,墩集变,PZXL-00097,dxi,墩西线,PZXL-00097-N0161,dxi线海天石化支线32,PZXL-00097-N0162,dxi线海天石化支线33,50.0,JKLYJ/Q-10-240,JKLYJ/Q-10-240,B+,0.13,0.356,0.0065,0.0178,500.0,550.0,8.6603,CLOSED,68,邳州_10kV墩西线明细.xlsx,PARAMETERIZED_PLANNING_MODEL,485.0,485.0,8.4004,"min(conductor_Imax_base, SRC06_feeder_max_allowed_current)"
PZXL-00097-B0068,PHYSICAL_SPAN,BDZ-00027,墩集变,PZXL-00097,dxi,墩西线,PZXL-00097-N0162,dxi线海天石化支线33,PZXL-00097-N0163,dxi线海天石化支线34,50.0,JKLYJ/Q-10-240,JKLYJ/Q-10-240,B+,0.13,0.356,0.0065,0.0178,500.0,550.0,8.6603,CLOSED,69,邳州_10kV墩西线明细.xlsx,PARAMETERIZED_PLANNING_MODEL,485.0,485.0,8.4004,"min(conductor_Imax_base, SRC06_feeder_max_allowed_current)"
PZXL-00097-B0069,PHYSICAL_SPAN,BDZ-00027,墩集变,PZXL-00097,dxi,墩西线,PZXL-00097-N0007,dxi北支线16杆,PZXL-00097-N0008,dxi北支线17杆,50.0,JKLYJ/Q-10-240,JKLYJ/Q-10-240,B+,0.13,0.356,0.0065,0.0178,500.0,550.0,8.6603,CLOSED,70,邳州_10kV墩西线明细.xlsx,PARAMETERIZED_PLANNING_MODEL,485.0,485.0,8.4004,"min(conductor_Imax_base, SRC06_feeder_max_allowed_current)"
PZXL-00097-B0070,PHYSICAL_SPAN,BDZ-00027,墩集变,PZXL-00097,dxi,墩西线,PZXL-00097-N0074,dxi线30杆,PZXL-00097-N0075,dxi线31杆,50.0,JKLYJ/Q-10-240,JKLYJ/Q-10-240,B+,0.13,0.356,0.0065,0.0178,500.0,550.0,8.6603,CLOSED,71,邳州_10kV墩西线明细.xlsx,PARAMETERIZED_PLANNING_MODEL,485.0,485.0,8.4004,"min(conductor_Imax_base, SRC06_feeder_max_allowed_current)"
PZXL-00097-B0071,PHYSICAL_SPAN,BDZ-00027,墩集变,PZXL-00097,dxi,墩西线,PZXL-00097-N0076,dxi线32杆,PZXL-00097-N0077,dxi线33杆,50.0,JKLYJ/Q-10-240,JKLYJ/Q-10-240,B+,0.13,0.356,0.0065,0.0178,500.0,550.0,8.6603,CLOSED,72,邳州_10kV墩西线明细.xlsx,PARAMETERIZED_PLANNING_MODEL,485.0,485.0,8.4004,"min(conductor_Imax_base, SRC06_feeder_max_allowed_current)"
PZXL-00097-B0072,PHYSICAL_SPAN,BDZ-00027,墩集变,PZXL-00097,dxi,墩西线,PZXL-00097-N0183,dxi线王场湖支线10,PZXL-00097-N0184,dxi线王场湖支线11,50.0,JKLYJ/Q-10-240,JKLYJ/Q-10-240,B+,0.13,0.356,0.0065,0.0178,500.0,550.0,8.6603,CLOSED,73,邳州_10kV墩西线明细.xlsx,PARAMETERIZED_PLANNING_MODEL,485.0,485.0,8.4004,"min(conductor_Imax_base, SRC06_feeder_max_allowed_current)"
PZXL-00097-B0073,PHYSICAL_SPAN,BDZ-00027,墩集变,PZXL-00097,dxi,墩西线,PZXL-00097-N0177,dxi线王场湖支线04,PZXL-00097-N0178,dxi线王场湖支线05,50.0,JKLYJ/Q-10-240,JKLYJ/Q-10-240,B+,0.13,0.356,0.0065,0.0178,500.0,550.0,8.6603,CLOSED,74,邳州_10kV墩西线明细.xlsx,PARAMETERIZED_PLANNING_MODEL,485.0,485.0,8.4004,"min(conductor_Imax_base, SRC06_feeder_max_allowed_current)"
PZXL-00097-B0074,PHYSICAL_SPAN,BDZ-00027,墩集变,PZXL-00097,dxi,墩西线,PZXL-00097-N0153,dxi线海天石化支线24,PZXL-00097-N0154,dxi线海天石化支线25,50.0,JKLYJ/Q-10-240,JKLYJ/Q-10-240,B+,0.13,0.356,0.0065,0.0178,500.0,550.0,8.6603,CLOSED,75,邳州_10kV墩西线明细.xlsx,PARAMETERIZED_PLANNING_MODEL,485.0,485.0,8.4004,"min(conductor_Imax_base, SRC06_feeder_max_allowed_current)"
PZXL-00097-B0075,PHYSICAL_SPAN,BDZ-00027,墩集变,PZXL-00097,dxi,墩西线,PZXL-00097-N0137,dxi线海天石化支线08,PZXL-00097-N0138,dxi线海天石化支线09,50.0,JKLYJ/Q-10-240,JKLYJ/Q-10-240,B+,0.13,0.356,0.0065,0.0178,500.0,550.0,8.6603,CLOSED,76,邳州_10kV墩西线明细.xlsx,PARAMETERIZED_PLANNING_MODEL,485.0,485.0,8.4004,"min(conductor_Imax_base, SRC06_feeder_max_allowed_current)"
PZXL-00097-B0076,PHYSICAL_SPAN,BDZ-00027,墩集变,PZXL-00097,dxi,墩西线,PZXL-00097-N0141,dxi线海天石化支线12,PZXL-00097-N0142,dxi线海天石化支线13,50.0,JKLYJ/Q-10-240,JKLYJ/Q-10-240,B+,0.13,0.356,0.0065,0.0178,500.0,550.0,8.6603,CLOSED,77,邳州_10kV墩西线明细.xlsx,PARAMETERIZED_PLANNING_MODEL,485.0,485.0,8.4004,"min(conductor_Imax_base, SRC06_feeder_max_allowed_current)"
PZXL-00097-B0077,PHYSICAL_SPAN,BDZ-00027,墩集变,PZXL-00097,dxi,墩西线,PZXL-00097-N0146,dxi线海天石化支线17,PZXL-00097-N0147,dxi线海天石化支线18,50.0,JKLYJ/Q-10-240,JKLYJ/Q-10-240,B+,0.13,0.356,0.0065,0.0178,500.0,550.0,8.6603,CLOSED,78,邳州_10kV墩西线明细.xlsx,PARAMETERIZED_PLANNING_MODEL,485.0,485.0,8.4004,"min(conductor_Imax_base, SRC06_feeder_max_allowed_current)"
PZXL-00097-B0078,PHYSICAL_SPAN,BDZ-00027,墩集变,PZXL-00097,dxi,墩西线,PZXL-00097-N0008,dxi北支线17杆,PZXL-00097-N0009,dxi北支线18杆,50.0,JKLYJ/Q-10-240,JKLYJ/Q-10-240,B+,0.13,0.356,0.0065,0.0178,500.0,550.0,8.6603,CLOSED,79,邳州_10kV墩西线明细.xlsx,PARAMETERIZED_PLANNING_MODEL,485.0,485.0,8.4004,"min(conductor_Imax_base, SRC06_feeder_max_allowed_current)"
PZXL-00097-B0079,PHYSICAL_SPAN,BDZ-00027,墩集变,PZXL-00097,dxi,墩西线,PZXL-00097-N0017,dxi北支线25杆,PZXL-00097-N0018,dxi北支线26杆,50.0,JKLYJ/Q-10-240,JKLYJ/Q-10-240,B+,0.13,0.356,0.0065,0.0178,500.0,550.0,8.6603,CLOSED,80,邳州_10kV墩西线明细.xlsx,PARAMETERIZED_PLANNING_MODEL,485.0,485.0,8.4004,"min(conductor_Imax_base, SRC06_feeder_max_allowed_current)"
PZXL-00097-B0080,PHYSICAL_SPAN,BDZ-00027,墩集变,PZXL-00097,dxi,墩西线,PZXL-00097-N0073,dxi线29杆,PZXL-00097-N0074,dxi线30杆,50.0,JKLYJ/Q-10-240,JKLYJ/Q-10-240,B+,0.13,0.356,0.0065,0.0178,500.0,550.0,8.6603,CLOSED,81,邳州_10kV墩西线明细.xlsx,PARAMETERIZED_PLANNING_MODEL,485.0,485.0,8.4004,"min(conductor_Imax_base, SRC06_feeder_max_allowed_current)"
PZXL-00097-B0081,PHYSICAL_SPAN,BDZ-00027,墩集变,PZXL-00097,dxi,墩西线,PZXL-00097-N0083,dxi线39杆,PZXL-00097-N0084,dxi线40杆,50.0,JKLYJ/Q-10-240,JKLYJ/Q-10-240,B+,0.13,0.356,0.0065,0.0178,500.0,550.0,8.6603,CLOSED,82,邳州_10kV墩西线明细.xlsx,PARAMETERIZED_PLANNING_MODEL,485.0,485.0,8.4004,"min(conductor_Imax_base, SRC06_feeder_max_allowed_current)"
PZXL-00097-B0082,PHYSICAL_SPAN,BDZ-00027,墩集变,PZXL-00097,dxi,墩西线,PZXL-00097-N0018,dxi北支线26杆,PZXL-00097-N0019,dxi北支线27杆,50.0,JKLYJ/Q-10-240,JKLYJ/Q-10-240,B+,0.13,0.356,0.0065,0.0178,500.0,550.0,8.6603,CLOSED,83,邳州_10kV墩西线明细.xlsx,PARAMETERIZED_PLANNING_MODEL,485.0,485.0,8.4004,"min(conductor_Imax_base, SRC06_feeder_max_allowed_current)"
PZXL-00097-B0083,PHYSICAL_SPAN,BDZ-00027,墩集变,PZXL-00097,dxi,墩西线,PZXL-00097-N0059,dxi线15杆,PZXL-00097-N0130,dxi线海天石化支线01,50.0,JKLYJ/Q-10-240,JKLYJ/Q-10-240,B+,0.13,0.356,0.0065,0.0178,500.0,550.0,8.6603,CLOSED,84,邳州_10kV墩西线明细.xlsx,PARAMETERIZED_PLANNING_MODEL,485.0,485.0,8.4004,"min(conductor_Imax_base, SRC06_feeder_max_allowed_current)"
PZXL-00097-B0084,PHYSICAL_SPAN,BDZ-00027,墩集变,PZXL-00097,dxi,墩西线,PZXL-00097-N0132,dxi线海天石化支线03,PZXL-00097-N0133,dxi线海天石化支线04,50.0,JKLYJ/Q-10-240,JKLYJ/Q-10-240,B+,0.13,0.356,0.0065,0.0178,500.0,550.0,8.6603,CLOSED,85,邳州_10kV墩西线明细.xlsx,PARAMETERIZED_PLANNING_MODEL,485.0,485.0,8.4004,"min(conductor_Imax_base, SRC06_feeder_max_allowed_current)"
PZXL-00097-B0085,PHYSICAL_SPAN,BDZ-00027,墩集变,PZXL-00097,dxi,墩西线,PZXL-00097-N0036,dxi北支线42杆,PZXL-00097-N0037,dxi北支线43杆,50.0,JKLYJ/Q-10-240,JKLYJ/Q-10-240,B+,0.13,0.356,0.0065,0.0178,500.0,550.0,8.6603,CLOSED,86,邳州_10kV墩西线明细.xlsx,PARAMETERIZED_PLANNING_MODEL,485.0,485.0,8.4004,"min(conductor_Imax_base, SRC06_feeder_max_allowed_current)"
PZXL-00097-B0086,PHYSICAL_SPAN,BDZ-00027,墩集变,PZXL-00097,dxi,墩西线,PZXL-00097-N0014,dxi北支线22杆,PZXL-00097-N0015,dxi北支线23杆,50.0,JKLYJ/Q-10-240,JKLYJ/Q-10-240,B+,0.13,0.356,0.0065,0.0178,500.0,550.0,8.6603,CLOSED,87,邳州_10kV墩西线明细.xlsx,PARAMETERIZED_PLANNING_MODEL,485.0,485.0,8.4004,"min(conductor_Imax_base, SRC06_feeder_max_allowed_current)"
PZXL-00097-B0087,PHYSICAL_SPAN,BDZ-00027,墩集变,PZXL-00097,dxi,墩西线,PZXL-00097-N0015,dxi北支线23杆,PZXL-00097-N0016,dxi北支线24杆,50.0,JKLYJ/Q-10-240,JKLYJ/Q-10-240,B+,0.13,0.356,0.0065,0.0178,500.0,550.0,8.6603,CLOSED,88,邳州_10kV墩西线明细.xlsx,PARAMETERIZED_PLANNING_MODEL,485.0,485.0,8.4004,"min(conductor_Imax_base, SRC06_feeder_max_allowed_current)"
PZXL-00097-B0088,PHYSICAL_SPAN,BDZ-00027,墩集变,PZXL-00097,dxi,墩西线,PZXL-00097-N0180,dxi线王场湖支线07,PZXL-00097-N0181,dxi线王场湖支线08,50.0,JKLYJ/Q-10-240,JKLYJ/Q-10-240,B+,0.13,0.356,0.0065,0.0178,500.0,550.0,8.6603,CLOSED,89,邳州_10kV墩西线明细.xlsx,PARAMETERIZED_PLANNING_MODEL,485.0,485.0,8.4004,"min(conductor_Imax_base, SRC06_feeder_max_allowed_current)"
PZXL-00097-B0089,PHYSICAL_SPAN,BDZ-00027,墩集变,PZXL-00097,dxi,墩西线,PZXL-00097-N0079,dxi线35杆,PZXL-00097-N0080,dxi线36杆,50.0,JKLYJ/Q-10-240,JKLYJ/Q-10-240,B+,0.13,0.356,0.0065,0.0178,500.0,550.0,8.6603,CLOSED,90,邳州_10kV墩西线明细.xlsx,PARAMETERIZED_PLANNING_MODEL,485.0,485.0,8.4004,"min(conductor_Imax_base, SRC06_feeder_max_allowed_current)"
PZXL-00097-B0090,PHYSICAL_SPAN,BDZ-00027,墩集变,PZXL-00097,dxi,墩西线,PZXL-00097-N0081,dxi线37杆,PZXL-00097-N0082,dxi线38杆,50.0,JKLYJ/Q-10-240,JKLYJ/Q-10-240,B+,0.13,0.356,0.0065,0.0178,500.0,550.0,8.6603,CLOSED,91,邳州_10kV墩西线明细.xlsx,PARAMETERIZED_PLANNING_MODEL,485.0,485.0,8.4004,"min(conductor_Imax_base, SRC06_feeder_max_allowed_current)"
PZXL-00097-B0091,PHYSICAL_SPAN,BDZ-00027,墩集变,PZXL-00097,dxi,墩西线,PZXL-00097-N0023,dxi北支线30杆,PZXL-00097-N0024,dxi北支线31杆,50.0,JKLYJ/Q-10-240,JKLYJ/Q-10-240,B+,0.13,0.356,0.0065,0.0178,500.0,550.0,8.6603,CLOSED,92,邳州_10kV墩西线明细.xlsx,PARAMETERIZED_PLANNING_MODEL,485.0,485.0,8.4004,"min(conductor_Imax_base, SRC06_feeder_max_allowed_current)"
PZXL-00097-B0092,PHYSICAL_SPAN,BDZ-00027,墩集变,PZXL-00097,dxi,墩西线,PZXL-00097-N0167,dxi线海天石化支线38,PZXL-00097-N0168,dxi线海天石化支线39,50.0,JKLYJ/Q-10-240,JKLYJ/Q-10-240,B+,0.13,0.356,0.0065,0.0178,500.0,550.0,8.6603,CLOSED,93,邳州_10kV墩西线明细.xlsx,PARAMETERIZED_PLANNING_MODEL,485.0,485.0,8.4004,"min(conductor_Imax_base, SRC06_feeder_max_allowed_current)"
PZXL-00097-B0093,PHYSICAL_SPAN,BDZ-00027,墩集变,PZXL-00097,dxi,墩西线,PZXL-00097-N0131,dxi线海天石化支线02,PZXL-00097-N0132,dxi线海天石化支线03,50.0,JKLYJ/Q-10-240,JKLYJ/Q-10-240,B+,0.13,0.356,0.0065,0.0178,500.0,550.0,8.6603,CLOSED,94,邳州_10kV墩西线明细.xlsx,PARAMETERIZED_PLANNING_MODEL,485.0,485.0,8.4004,"min(conductor_Imax_base, SRC06_feeder_max_allowed_current)"
PZXL-00097-B0094,PHYSICAL_SPAN,BDZ-00027,墩集变,PZXL-00097,dxi,墩西线,PZXL-00097-N0136,dxi线海天石化支线07,PZXL-00097-N0137,dxi线海天石化支线08,50.0,JKLYJ/Q-10-240,JKLYJ/Q-10-240,B+,0.13,0.356,0.0065,0.0178,500.0,550.0,8.6603,CLOSED,95,邳州_10kV墩西线明细.xlsx,PARAMETERIZED_PLANNING_MODEL,485.0,485.0,8.4004,"min(conductor_Imax_base, SRC06_feeder_max_allowed_current)"
PZXL-00097-B0095,PHYSICAL_SPAN,BDZ-00027,墩集变,PZXL-00097,dxi,墩西线,PZXL-00097-N0156,dxi线海天石化支线27,PZXL-00097-N0157,dxi线海天石化支线28,50.0,JKLYJ/Q-10-240,JKLYJ/Q-10-240,B+,0.13,0.356,0.0065,0.0178,500.0,550.0,8.6603,CLOSED,96,邳州_10kV墩西线明细.xlsx,PARAMETERIZED_PLANNING_MODEL,485.0,485.0,8.4004,"min(conductor_Imax_base, SRC06_feeder_max_allowed_current)"
PZXL-00097-B0096,PHYSICAL_SPAN,BDZ-00027,墩集变,PZXL-00097,dxi,墩西线,PZXL-00097-N0158,dxi线海天石化支线29,PZXL-00097-N0159,dxi线海天石化支线30,50.0,JKLYJ/Q-10-240,JKLYJ/Q-10-240,B+,0.13,0.356,0.0065,0.0178,500.0,550.0,8.6603,CLOSED,97,邳州_10kV墩西线明细.xlsx,PARAMETERIZED_PLANNING_MODEL,485.0,485.0,8.4004,"min(conductor_Imax_base, SRC06_feeder_max_allowed_current)"
PZXL-00097-B0097,PHYSICAL_SPAN,BDZ-00027,墩集变,PZXL-00097,dxi,墩西线,PZXL-00097-N0013,dxi北支线21杆,PZXL-00097-N0014,dxi北支线22杆,50.0,JKLYJ/Q-10-240,JKLYJ/Q-10-240,B+,0.13,0.356,0.0065,0.0178,500.0,550.0,8.6603,CLOSED,98,邳州_10kV墩西线明细.xlsx,PARAMETERIZED_PLANNING_MODEL,485.0,485.0,8.4004,"min(conductor_Imax_base, SRC06_feeder_max_allowed_current)"
PZXL-00097-B0098,PHYSICAL_SPAN,BDZ-00027,墩集变,PZXL-00097,dxi,墩西线,PZXL-00097-N0133,dxi线海天石化支线04,PZXL-00097-N0134,dxi线海天石化支线05,50.0,JKLYJ/Q-10-240,JKLYJ/Q-10-240,B+,0.13,0.356,0.0065,0.0178,500.0,550.0,8.6603,CLOSED,99,邳州_10kV墩西线明细.xlsx,PARAMETERIZED_PLANNING_MODEL,485.0,485.0,8.4004,"min(conductor_Imax_base, SRC06_feeder_max_allowed_current)"
PZXL-00097-B0099,PHYSICAL_SPAN,BDZ-00027,墩集变,PZXL-00097,dxi,墩西线,PZXL-00097-N0155,dxi线海天石化支线26,PZXL-00097-N0156,dxi线海天石化支线27,50.0,JKLYJ/Q-10-240,JKLYJ/Q-10-240,B+,0.13,0.356,0.0065,0.0178,500.0,550.0,8.6603,CLOSED,100,邳州_10kV墩西线明细.xlsx,PARAMETERIZED_PLANNING_MODEL,485.0,485.0,8.4004,"min(conductor_Imax_base, SRC06_feeder_max_allowed_current)"
PZXL-00097-B0100,PHYSICAL_SPAN,BDZ-00027,墩集变,PZXL-00097,dxi,墩西线,PZXL-00097-N0085,dxi线41杆,PZXL-00097-N0086,dxi线42杆,50.0,JKLYJ/Q-10-240,JKLYJ/Q-10-240,B+,0.13,0.356,0.0065,0.0178,500.0,550.0,8.6603,CLOSED,101,邳州_10kV墩西线明细.xlsx,PARAMETERIZED_PLANNING_MODEL,485.0,485.0,8.4004,"min(conductor_Imax_base, SRC06_feeder_max_allowed_current)"
PZXL-00097-B0101,PHYSICAL_SPAN,BDZ-00027,墩集变,PZXL-00097,dxi,墩西线,PZXL-00097-N0039,dxi北支线5杆,PZXL-00097-N0040,dxi北支线6杆,50.0,JKLYJ/Q-10-240,JKLYJ/Q-10-240,B+,0.13,0.356,0.0065,0.0178,500.0,550.0,8.6603,CLOSED,102,邳州_10kV墩西线明细.xlsx,PARAMETERIZED_PLANNING_MODEL,485.0,485.0,8.4004,"min(conductor_Imax_base, SRC06_feeder_max_allowed_current)"
PZXL-00097-B0102,PHYSICAL_SPAN,BDZ-00027,墩集变,PZXL-00097,dxi,墩西线,PZXL-00097-N0044,dxi线01杆,PZXL-00097-N0045,dxi线02杆,50.0,JKLYJ/Q-10-240,JKLYJ/Q-10-240,B+,0.13,0.356,0.0065,0.0178,500.0,550.0,8.6603,CLOSED,103,邳州_10kV墩西线明细.xlsx,PARAMETERIZED_PLANNING_MODEL,485.0,485.0,8.4004,"min(conductor_Imax_base, SRC06_feeder_max_allowed_current)"
PZXL-00097-B0103,PHYSICAL_SPAN,BDZ-00027,墩集变,PZXL-00097,dxi,墩西线,PZXL-00097-N0175,dxi线王场湖支线02,PZXL-00097-N0176,dxi线王场湖支线03,50.0,JKLYJ/Q-10-240,JKLYJ/Q-10-240,B+,0.13,0.356,0.0065,0.0178,500.0,550.0,8.6603,CLOSED,104,邳州_10kV墩西线明细.xlsx,PARAMETERIZED_PLANNING_MODEL,485.0,485.0,8.4004,"min(conductor_Imax_base, SRC06_feeder_max_allowed_current)"
PZXL-00097-B0104,PHYSICAL_SPAN,BDZ-00027,墩集变,PZXL-00097,dxi,墩西线,PZXL-00097-N0138,dxi线海天石化支线09,PZXL-00097-N0139,dxi线海天石化支线10,50.0,JKLYJ/Q-10-240,JKLYJ/Q-10-240,B+,0.13,0.356,0.0065,0.0178,500.0,550.0,8.6603,CLOSED,105,邳州_10kV墩西线明细.xlsx,PARAMETERIZED_PLANNING_MODEL,485.0,485.0,8.4004,"min(conductor_Imax_base, SRC06_feeder_max_allowed_current)"
PZXL-00097-B0105,PHYSICAL_SPAN,BDZ-00027,墩集变,PZXL-00097,dxi,墩西线,PZXL-00097-N0142,dxi线海天石化支线13,PZXL-00097-N0143,dxi线海天石化支线14,50.0,JKLYJ/Q-10-240,JKLYJ/Q-10-240,B+,0.13,0.356,0.0065,0.0178,500.0,550.0,8.6603,CLOSED,106,邳州_10kV墩西线明细.xlsx,PARAMETERIZED_PLANNING_MODEL,485.0,485.0,8.4004,"min(conductor_Imax_base, SRC06_feeder_max_allowed_current)"
PZXL-00097-B0106,PHYSICAL_SPAN,BDZ-00027,墩集变,PZXL-00097,dxi,墩西线,PZXL-00097-N0148,dxi线海天石化支线19,PZXL-00097-N0149,dxi线海天石化支线20,50.0,JKLYJ/Q-10-240,JKLYJ/Q-10-240,B+,0.13,0.356,0.0065,0.0178,500.0,550.0,8.6603,CLOSED,107,邳州_10kV墩西线明细.xlsx,PARAMETERIZED_PLANNING_MODEL,485.0,485.0,8.4004,"min(conductor_Imax_base, SRC06_feeder_max_allowed_current)"
PZXL-00097-B0107,PHYSICAL_SPAN,BDZ-00027,墩集变,PZXL-00097,dxi,墩西线,PZXL-00097-N0164,dxi线海天石化支线35,PZXL-00097-N0165,dxi线海天石化支线36,50.0,JKLYJ/Q-10-240,JKLYJ/Q-10-240,B+,0.13,0.356,0.0065,0.0178,500.0,550.0,8.6603,CLOSED,108,邳州_10kV墩西线明细.xlsx,PARAMETERIZED_PLANNING_MODEL,485.0,485.0,8.4004,"min(conductor_Imax_base, SRC06_feeder_max_allowed_current)"
PZXL-00097-B0108,PHYSICAL_SPAN,BDZ-00027,墩集变,PZXL-00097,dxi,墩西线,PZXL-00097-N0152,dxi线海天石化支线23,PZXL-00097-N0153,dxi线海天石化支线24,50.0,JKLYJ/Q-10-240,JKLYJ/Q-10-240,B+,0.13,0.356,0.0065,0.0178,500.0,550.0,8.6603,CLOSED,109,邳州_10kV墩西线明细.xlsx,PARAMETERIZED_PLANNING_MODEL,485.0,485.0,8.4004,"min(conductor_Imax_base, SRC06_feeder_max_allowed_current)"
PZXL-00097-B0109,PHYSICAL_SPAN,BDZ-00027,墩集变,PZXL-00097,dxi,墩西线,PZXL-00097-N0009,dxi北支线18杆,PZXL-00097-N0010,dxi北支线19杆,50.0,JKLYJ/Q-10-240,JKLYJ/Q-10-240,B+,0.13,0.356,0.0065,0.0178,500.0,550.0,8.6603,CLOSED,110,邳州_10kV墩西线明细.xlsx,PARAMETERIZED_PLANNING_MODEL,485.0,485.0,8.4004,"min(conductor_Imax_base, SRC06_feeder_max_allowed_current)"
PZXL-00097-B0110,PHYSICAL_SPAN,BDZ-00027,墩集变,PZXL-00097,dxi,墩西线,PZXL-00097-N0025,dxi北支线32杆,PZXL-00097-N0026,dxi北支线33杆,50.0,JKLYJ/Q-10-240,JKLYJ/Q-10-240,B+,0.13,0.356,0.0065,0.0178,500.0,550.0,8.6603,CLOSED,111,邳州_10kV墩西线明细.xlsx,PARAMETERIZED_PLANNING_MODEL,485.0,485.0,8.4004,"min(conductor_Imax_base, SRC06_feeder_max_allowed_current)"
PZXL-00097-B0111,PHYSICAL_SPAN,BDZ-00027,墩集变,PZXL-00097,dxi,墩西线,PZXL-00097-N0077,dxi线33杆,PZXL-00097-N0078,dxi线34杆,50.0,JKLYJ/Q-10-240,JKLYJ/Q-10-240,B+,0.13,0.356,0.0065,0.0178,500.0,550.0,8.6603,CLOSED,112,邳州_10kV墩西线明细.xlsx,PARAMETERIZED_PLANNING_MODEL,485.0,485.0,8.4004,"min(conductor_Imax_base, SRC06_feeder_max_allowed_current)"
PZXL-00097-B0112,PHYSICAL_SPAN,BDZ-00027,墩集变,PZXL-00097,dxi,墩西线,PZXL-00097-N0080,dxi线36杆,PZXL-00097-N0081,dxi线37杆,50.0,JKLYJ/Q-10-240,JKLYJ/Q-10-240,B+,0.13,0.356,0.0065,0.0178,500.0,550.0,8.6603,CLOSED,113,邳州_10kV墩西线明细.xlsx,PARAMETERIZED_PLANNING_MODEL,485.0,485.0,8.4004,"min(conductor_Imax_base, SRC06_feeder_max_allowed_current)"
PZXL-00097-B0113,PHYSICAL_SPAN,BDZ-00027,墩集变,PZXL-00097,dxi,墩西线,PZXL-00097-N0012,dxi北支线20杆,PZXL-00097-N0013,dxi北支线21杆,50.0,JKLYJ/Q-10-240,JKLYJ/Q-10-240,B+,0.13,0.356,0.0065,0.0178,500.0,550.0,8.6603,CLOSED,114,邳州_10kV墩西线明细.xlsx,PARAMETERIZED_PLANNING_MODEL,485.0,485.0,8.4004,"min(conductor_Imax_base, SRC06_feeder_max_allowed_current)"
PZXL-00097-B0114,PHYSICAL_SPAN,BDZ-00027,墩集变,PZXL-00097,dxi,墩西线,PZXL-00097-N0019,dxi北支线27杆,PZXL-00097-N0020,dxi北支线28杆,50.0,JKLYJ/Q-10-240,JKLYJ/Q-10-240,B+,0.13,0.356,0.0065,0.0178,500.0,550.0,8.6603,CLOSED,115,邳州_10kV墩西线明细.xlsx,PARAMETERIZED_PLANNING_MODEL,485.0,485.0,8.4004,"min(conductor_Imax_base, SRC06_feeder_max_allowed_current)"
PZXL-00097-B0115,PHYSICAL_SPAN,BDZ-00027,墩集变,PZXL-00097,dxi,墩西线,PZXL-00097-N0028,dxi北支线35杆,PZXL-00097-N0029,dxi北支线36杆,50.0,JKLYJ/Q-10-240,JKLYJ/Q-10-240,B+,0.13,0.356,0.0065,0.0178,500.0,550.0,8.6603,CLOSED,116,邳州_10kV墩西线明细.xlsx,PARAMETERIZED_PLANNING_MODEL,485.0,485.0,8.4004,"min(conductor_Imax_base, SRC06_feeder_max_allowed_current)"
PZXL-00097-B0116,PHYSICAL_SPAN,BDZ-00027,墩集变,PZXL-00097,dxi,墩西线,PZXL-00097-N0071,dxi线27杆,PZXL-00097-N0072,dxi线28杆,50.0,JKLYJ/Q-10-240,JKLYJ/Q-10-240,B+,0.13,0.356,0.0065,0.0178,500.0,550.0,8.6603,CLOSED,117,邳州_10kV墩西线明细.xlsx,PARAMETERIZED_PLANNING_MODEL,485.0,485.0,8.4004,"min(conductor_Imax_base, SRC06_feeder_max_allowed_current)"
PZXL-00097-B0117,PHYSICAL_SPAN,BDZ-00027,墩集变,PZXL-00097,dxi,墩西线,PZXL-00097-N0003,dxi北支线12杆,PZXL-00097-N0004,dxi北支线13杆,50.0,JKLYJ/Q-10-240,JKLYJ/Q-10-240,B+,0.13,0.356,0.0065,0.0178,500.0,550.0,8.6603,CLOSED,118,邳州_10kV墩西线明细.xlsx,PARAMETERIZED_PLANNING_MODEL,485.0,485.0,8.4004,"min(conductor_Imax_base, SRC06_feeder_max_allowed_current)"
PZXL-00097-B0118,PHYSICAL_SPAN,BDZ-00027,墩集变,PZXL-00097,dxi,墩西线,PZXL-00097-N0030,dxi北支线37杆,PZXL-00097-N0031,dxi北支线38杆,50.0,JKLYJ/Q-10-240,JKLYJ/Q-10-240,B+,0.13,0.356,0.0065,0.0178,500.0,550.0,8.6603,CLOSED,119,邳州_10kV墩西线明细.xlsx,PARAMETERIZED_PLANNING_MODEL,485.0,485.0,8.4004,"min(conductor_Imax_base, SRC06_feeder_max_allowed_current)"
PZXL-00097-B0119,PHYSICAL_SPAN,BDZ-00027,墩集变,PZXL-00097,dxi,墩西线,PZXL-00097-N0084,dxi线40杆,PZXL-00097-N0085,dxi线41杆,50.0,JKLYJ/Q-10-240,JKLYJ/Q-10-240,B+,0.13,0.356,0.0065,0.0178,500.0,550.0,8.6603,CLOSED,120,邳州_10kV墩西线明细.xlsx,PARAMETERIZED_PLANNING_MODEL,485.0,485.0,8.4004,"min(conductor_Imax_base, SRC06_feeder_max_allowed_current)"
PZXL-00097-B0120,PHYSICAL_SPAN,BDZ-00027,墩集变,PZXL-00097,dxi,墩西线,PZXL-00097-N0004,dxi北支线13杆,PZXL-00097-N0005,dxi北支线14杆,50.0,JKLYJ/Q-10-240,JKLYJ/Q-10-240,B+,0.13,0.356,0.0065,0.0178,500.0,550.0,8.6603,CLOSED,121,邳州_10kV墩西线明细.xlsx,PARAMETERIZED_PLANNING_MODEL,485.0,485.0,8.4004,"min(conductor_Imax_base, SRC06_feeder_max_allowed_current)"
PZXL-00097-B0121,PHYSICAL_SPAN,BDZ-00027,墩集变,PZXL-00097,dxi,墩西线,PZXL-00097-N0181,dxi线王场湖支线08,PZXL-00097-N0182,dxi线王场湖支线09,50.0,JKLYJ/Q-10-240,JKLYJ/Q-10-240,B+,0.13,0.356,0.0065,0.0178,500.0,550.0,8.6603,CLOSED,122,邳州_10kV墩西线明细.xlsx,PARAMETERIZED_PLANNING_MODEL,485.0,485.0,8.4004,"min(conductor_Imax_base, SRC06_feeder_max_allowed_current)"
PZXL-00097-B0122,PHYSICAL_SPAN,BDZ-00027,墩集变,PZXL-00097,dxi,墩西线,PZXL-00097-N0147,dxi线海天石化支线18,PZXL-00097-N0148,dxi线海天石化支线19,50.0,JKLYJ/Q-10-240,JKLYJ/Q-10-240,B+,0.13,0.356,0.0065,0.0178,500.0,550.0,8.6603,CLOSED,123,邳州_10kV墩西线明细.xlsx,PARAMETERIZED_PLANNING_MODEL,485.0,485.0,8.4004,"min(conductor_Imax_base, SRC06_feeder_max_allowed_current)"
PZXL-00097-B0123,PHYSICAL_SPAN,BDZ-00027,墩集变,PZXL-00097,dxi,墩西线,PZXL-00097-N0154,dxi线海天石化支线25,PZXL-00097-N0155,dxi线海天石化支线26,50.0,JKLYJ/Q-10-240,JKLYJ/Q-10-240,B+,0.13,0.356,0.0065,0.0178,500.0,550.0,8.6603,CLOSED,124,邳州_10kV墩西线明细.xlsx,PARAMETERIZED_PLANNING_MODEL,485.0,485.0,8.4004,"min(conductor_Imax_base, SRC06_feeder_max_allowed_current)"
PZXL-00097-B0124,PHYSICAL_SPAN,BDZ-00027,墩集变,PZXL-00097,dxi,墩西线,PZXL-00097-N0150,dxi线海天石化支线21,PZXL-00097-N0151,dxi线海天石化支线22,50.0,JKLYJ/Q-10-240,JKLYJ/Q-10-240,B+,0.13,0.356,0.0065,0.0178,500.0,550.0,8.6603,CLOSED,125,邳州_10kV墩西线明细.xlsx,PARAMETERIZED_PLANNING_MODEL,485.0,485.0,8.4004,"min(conductor_Imax_base, SRC06_feeder_max_allowed_current)"
PZXL-00097-B0125,PHYSICAL_SPAN,BDZ-00027,墩集变,PZXL-00097,dxi,墩西线,PZXL-00097-N0151,dxi线海天石化支线22,PZXL-00097-N0152,dxi线海天石化支线23,50.0,JKLYJ/Q-10-240,JKLYJ/Q-10-240,B+,0.13,0.356,0.0065,0.0178,500.0,550.0,8.6603,CLOSED,126,邳州_10kV墩西线明细.xlsx,PARAMETERIZED_PLANNING_MODEL,485.0,485.0,8.4004,"min(conductor_Imax_base, SRC06_feeder_max_allowed_current)"
PZXL-00097-B0126,PHYSICAL_SPAN,BDZ-00027,墩集变,PZXL-00097,dxi,墩西线,PZXL-00097-N0144,dxi线海天石化支线15,PZXL-00097-N0145,dxi线海天石化支线16,50.0,JKLYJ/Q-10-240,JKLYJ/Q-10-240,B+,0.13,0.356,0.0065,0.0178,500.0,550.0,8.6603,CLOSED,127,邳州_10kV墩西线明细.xlsx,PARAMETERIZED_PLANNING_MODEL,485.0,485.0,8.4004,"min(conductor_Imax_base, SRC06_feeder_max_allowed_current)"
PZXL-00097-B0127,PHYSICAL_SPAN,BDZ-00027,墩集变,PZXL-00097,dxi,墩西线,PZXL-00097-N0159,dxi线海天石化支线30,PZXL-00097-N0160,dxi线海天石化支线31,50.0,JKLYJ/Q-10-240,JKLYJ/Q-10-240,B+,0.13,0.356,0.0065,0.0178,500.0,550.0,8.6603,CLOSED,128,邳州_10kV墩西线明细.xlsx,PARAMETERIZED_PLANNING_MODEL,485.0,485.0,8.4004,"min(conductor_Imax_base, SRC06_feeder_max_allowed_current)"
PZXL-00097-B0128,PHYSICAL_SPAN,BDZ-00027,墩集变,PZXL-00097,dxi,墩西线,PZXL-00097-N0069,dxi线25杆,PZXL-00097-N0070,dxi线26杆,50.0,JKLYJ/Q-10-240,JKLYJ/Q-10-240,B+,0.13,0.356,0.0065,0.0178,500.0,550.0,8.6603,CLOSED,129,邳州_10kV墩西线明细.xlsx,PARAMETERIZED_PLANNING_MODEL,485.0,485.0,8.4004,"min(conductor_Imax_base, SRC06_feeder_max_allowed_current)"
PZXL-00097-B0129,PHYSICAL_SPAN,BDZ-00027,墩集变,PZXL-00097,dxi,墩西线,PZXL-00097-N0032,dxi北支线39杆,PZXL-00097-N0034,dxi北支线40杆,50.0,JKLYJ/Q-10-240,JKLYJ/Q-10-240,B+,0.13,0.356,0.0065,0.0178,500.0,550.0,8.6603,CLOSED,130,邳州_10kV墩西线明细.xlsx,PARAMETERIZED_PLANNING_MODEL,485.0,485.0,8.4004,"min(conductor_Imax_base, SRC06_feeder_max_allowed_current)"
PZXL-00097-B0130,PHYSICAL_SPAN,BDZ-00027,墩集变,PZXL-00097,dxi,墩西线,PZXL-00097-N0034,dxi北支线40杆,PZXL-00097-N0035,dxi北支线41杆,50.0,JKLYJ/Q-10-240,JKLYJ/Q-10-240,B+,0.13,0.356,0.0065,0.0178,500.0,550.0,8.6603,CLOSED,131,邳州_10kV墩西线明细.xlsx,PARAMETERIZED_PLANNING_MODEL,485.0,485.0,8.4004,"min(conductor_Imax_base, SRC06_feeder_max_allowed_current)"
PZXL-00097-B0131,PHYSICAL_SPAN,BDZ-00027,墩集变,PZXL-00097,dxi,墩西线,PZXL-00097-N0072,dxi线28杆,PZXL-00097-N0073,dxi线29杆,50.0,JKLYJ/Q-10-240,JKLYJ/Q-10-240,B+,0.13,0.356,0.0065,0.0178,500.0,550.0,8.6603,CLOSED,132,邳州_10kV墩西线明细.xlsx,PARAMETERIZED_PLANNING_MODEL,485.0,485.0,8.4004,"min(conductor_Imax_base, SRC06_feeder_max_allowed_current)"
PZXL-00097-B0132,PHYSICAL_SPAN,BDZ-00027,墩集变,PZXL-00097,dxi,墩西线,PZXL-00097-N0135,dxi线海天石化支线06,PZXL-00097-N0136,dxi线海天石化支线07,50.0,JKLYJ/Q-10-240,JKLYJ/Q-10-240,B+,0.13,0.356,0.0065,0.0178,500.0,550.0,8.6603,CLOSED,133,邳州_10kV墩西线明细.xlsx,PARAMETERIZED_PLANNING_MODEL,485.0,485.0,8.4004,"min(conductor_Imax_base, SRC06_feeder_max_allowed_current)"
PZXL-00097-B0133,PHYSICAL_SPAN,BDZ-00027,墩集变,PZXL-00097,dxi,墩西线,PZXL-00097-N0006,dxi北支线15杆,PZXL-00097-N0007,dxi北支线16杆,50.0,JKLYJ/Q-10-240,JKLYJ/Q-10-240,B+,0.13,0.356,0.0065,0.0178,500.0,550.0,8.6603,CLOSED,134,邳州_10kV墩西线明细.xlsx,PARAMETERIZED_PLANNING_MODEL,485.0,485.0,8.4004,"min(conductor_Imax_base, SRC06_feeder_max_allowed_current)"
PZXL-00097-B0134,PHYSICAL_SPAN,BDZ-00027,墩集变,PZXL-00097,dxi,墩西线,PZXL-00097-N0178,dxi线王场湖支线05,PZXL-00097-N0179,dxi线王场湖支线06,50.0,JKLYJ/Q-10-240,JKLYJ/Q-10-240,B+,0.13,0.356,0.0065,0.0178,500.0,550.0,8.6603,CLOSED,135,邳州_10kV墩西线明细.xlsx,PARAMETERIZED_PLANNING_MODEL,485.0,485.0,8.4004,"min(conductor_Imax_base, SRC06_feeder_max_allowed_current)"
PZXL-00097-B0135,PHYSICAL_SPAN,BDZ-00027,墩集变,PZXL-00097,dxi,墩西线,PZXL-00097-N0035,dxi北支线41杆,PZXL-00097-N0036,dxi北支线42杆,50.0,JKLYJ/Q-10-240,JKLYJ/Q-10-240,B+,0.13,0.356,0.0065,0.0178,500.0,550.0,8.6603,CLOSED,136,邳州_10kV墩西线明细.xlsx,PARAMETERIZED_PLANNING_MODEL,485.0,485.0,8.4004,"min(conductor_Imax_base, SRC06_feeder_max_allowed_current)"
PZXL-00097-B0136,PHYSICAL_SPAN,BDZ-00027,墩集变,PZXL-00097,dxi,墩西线,PZXL-00097-N0059,dxi线15杆,PZXL-00097-N0060,dxi线16杆,50.0,JKLYJ/Q-10-240,JKLYJ/Q-10-240,B+,0.13,0.356,0.0065,0.0178,500.0,550.0,8.6603,CLOSED,137,邳州_10kV墩西线明细.xlsx,PARAMETERIZED_PLANNING_MODEL,485.0,485.0,8.4004,"min(conductor_Imax_base, SRC06_feeder_max_allowed_current)"
PZXL-00097-B0137,PHYSICAL_SPAN,BDZ-00027,墩集变,PZXL-00097,dxi,墩西线,PZXL-00097-N0068,dxi线24杆,PZXL-00097-N0069,dxi线25杆,50.0,JKLYJ/Q-10-240,JKLYJ/Q-10-240,B+,0.13,0.356,0.0065,0.0178,500.0,550.0,8.6603,CLOSED,138,邳州_10kV墩西线明细.xlsx,PARAMETERIZED_PLANNING_MODEL,485.0,485.0,8.4004,"min(conductor_Imax_base, SRC06_feeder_max_allowed_current)"
PZXL-00097-B0138,PHYSICAL_SPAN,BDZ-00027,墩集变,PZXL-00097,dxi,墩西线,PZXL-00097-N0112,dxi线合金厂支线01杆,PZXL-00097-N0113,dxi线合金厂支线02杆,50.0,JKLYJ/Q-10-240,JKLYJ/Q-10-240,B+,0.13,0.356,0.0065,0.0178,500.0,550.0,8.6603,CLOSED,139,邳州_10kV墩西线明细.xlsx,PARAMETERIZED_PLANNING_MODEL,485.0,485.0,8.4004,"min(conductor_Imax_base, SRC06_feeder_max_allowed_current)"
PZXL-00097-B0139,PHYSICAL_SPAN,BDZ-00027,墩集变,PZXL-00097,dxi,墩西线,PZXL-00097-N0102,dxi线企服中心支线5杆,PZXL-00097-N0103,dxi线企服中心支线6杆,50.0,JKLYJ/Q-10-240,JKLYJ/Q-10-240,B+,0.13,0.356,0.0065,0.0178,500.0,550.0,8.6603,CLOSED,140,邳州_10kV墩西线明细.xlsx,PARAMETERIZED_PLANNING_MODEL,485.0,485.0,8.4004,"min(conductor_Imax_base, SRC06_feeder_max_allowed_current)"
PZXL-00097-B0140,PHYSICAL_SPAN,BDZ-00027,墩集变,PZXL-00097,dxi,墩西线,PZXL-00097-N0094,dxi线企服中心支线14杆,PZXL-00097-N0095,dxi线企服中心支线15杆,50.0,JKLYJ/Q-10-240,JKLYJ/Q-10-240,B+,0.13,0.356,0.0065,0.0178,500.0,550.0,8.6603,CLOSED,141,邳州_10kV墩西线明细.xlsx,PARAMETERIZED_PLANNING_MODEL,485.0,485.0,8.4004,"min(conductor_Imax_base, SRC06_feeder_max_allowed_current)"
PZXL-00097-B0141,PHYSICAL_SPAN,BDZ-00027,墩集变,PZXL-00097,dxi,墩西线,PZXL-00097-N0101,dxi线企服中心支线4杆,PZXL-00097-N0102,dxi线企服中心支线5杆,50.0,JKLYJ/Q-10-240,JKLYJ/Q-10-240,B+,0.13,0.356,0.0065,0.0178,500.0,550.0,8.6603,CLOSED,142,邳州_10kV墩西线明细.xlsx,PARAMETERIZED_PLANNING_MODEL,485.0,485.0,8.4004,"min(conductor_Imax_base, SRC06_feeder_max_allowed_current)"
PZXL-00097-B0142,PHYSICAL_SPAN,BDZ-00027,墩集变,PZXL-00097,dxi,墩西线,PZXL-00097-N0068,dxi线24杆,PZXL-00097-N0098,dxi线企服中心支线1杆,50.0,JKLYJ/Q-10-240,JKLYJ/Q-10-240,B+,0.13,0.356,0.0065,0.0178,500.0,550.0,8.6603,CLOSED,143,邳州_10kV墩西线明细.xlsx,PARAMETERIZED_PLANNING_MODEL,485.0,485.0,8.4004,"min(conductor_Imax_base, SRC06_feeder_max_allowed_current)"
PZXL-00097-B0143,PHYSICAL_SPAN,BDZ-00027,墩集变,PZXL-00097,dxi,墩西线,PZXL-00097-N0091,dxi线企服中心支线11杆,PZXL-00097-N0092,dxi线企服中心支线12杆,50.0,JKLYJ/Q-10-240,JKLYJ/Q-10-240,B+,0.13,0.356,0.0065,0.0178,500.0,550.0,8.6603,CLOSED,144,邳州_10kV墩西线明细.xlsx,PARAMETERIZED_PLANNING_MODEL,485.0,485.0,8.4004,"min(conductor_Imax_base, SRC06_feeder_max_allowed_current)"
PZXL-00097-B0144,PHYSICAL_SPAN,BDZ-00027,墩集变,PZXL-00097,dxi,墩西线,PZXL-00097-N0090,dxi线企服中心支线10杆,PZXL-00097-N0091,dxi线企服中心支线11杆,50.0,JKLYJ/Q-10-240,JKLYJ/Q-10-240,B+,0.13,0.356,0.0065,0.0178,500.0,550.0,8.6603,CLOSED,145,邳州_10kV墩西线明细.xlsx,PARAMETERIZED_PLANNING_MODEL,485.0,485.0,8.4004,"min(conductor_Imax_base, SRC06_feeder_max_allowed_current)"
PZXL-00097-B0145,PHYSICAL_SPAN,BDZ-00027,墩集变,PZXL-00097,dxi,墩西线,PZXL-00097-N0098,dxi线企服中心支线1杆,PZXL-00097-N0099,dxi线企服中心支线2杆,50.0,JKLYJ/Q-10-240,JKLYJ/Q-10-240,B+,0.13,0.356,0.0065,0.0178,500.0,550.0,8.6603,CLOSED,146,邳州_10kV墩西线明细.xlsx,PARAMETERIZED_PLANNING_MODEL,485.0,485.0,8.4004,"min(conductor_Imax_base, SRC06_feeder_max_allowed_current)"
PZXL-00097-B0146,PHYSICAL_SPAN,BDZ-00027,墩集变,PZXL-00097,dxi,墩西线,PZXL-00097-N0105,dxi线企服中心支线8杆,PZXL-00097-N0106,dxi线企服中心支线9杆,50.0,JKLYJ/Q-10-240,JKLYJ/Q-10-240,B+,0.13,0.356,0.0065,0.0178,500.0,550.0,8.6603,CLOSED,147,邳州_10kV墩西线明细.xlsx,PARAMETERIZED_PLANNING_MODEL,485.0,485.0,8.4004,"min(conductor_Imax_base, SRC06_feeder_max_allowed_current)"
PZXL-00097-B0147,PHYSICAL_SPAN,BDZ-00027,墩集变,PZXL-00097,dxi,墩西线,PZXL-00097-N0092,dxi线企服中心支线12杆,PZXL-00097-N0093,dxi线企服中心支线13杆,50.0,JKLYJ/Q-10-240,JKLYJ/Q-10-240,B+,0.13,0.356,0.0065,0.0178,500.0,550.0,8.6603,CLOSED,148,邳州_10kV墩西线明细.xlsx,PARAMETERIZED_PLANNING_MODEL,485.0,485.0,8.4004,"min(conductor_Imax_base, SRC06_feeder_max_allowed_current)"
PZXL-00097-B0148,PHYSICAL_SPAN,BDZ-00027,墩集变,PZXL-00097,dxi,墩西线,PZXL-00097-N0095,dxi线企服中心支线15杆,PZXL-00097-N0096,dxi线企服中心支线16杆,50.0,JKLYJ/Q-10-240,JKLYJ/Q-10-240,B+,0.13,0.356,0.0065,0.0178,500.0,550.0,8.6603,CLOSED,149,邳州_10kV墩西线明细.xlsx,PARAMETERIZED_PLANNING_MODEL,485.0,485.0,8.4004,"min(conductor_Imax_base, SRC06_feeder_max_allowed_current)"
PZXL-00097-B0149,PHYSICAL_SPAN,BDZ-00027,墩集变,PZXL-00097,dxi,墩西线,PZXL-00097-N0099,dxi线企服中心支线2杆,PZXL-00097-N0100,dxi线企服中心支线3杆,50.0,JKLYJ/Q-10-240,JKLYJ/Q-10-240,B+,0.13,0.356,0.0065,0.0178,500.0,550.0,8.6603,CLOSED,150,邳州_10kV墩西线明细.xlsx,PARAMETERIZED_PLANNING_MODEL,485.0,485.0,8.4004,"min(conductor_Imax_base, SRC06_feeder_max_allowed_current)"
PZXL-00097-B0150,PHYSICAL_SPAN,BDZ-00027,墩集变,PZXL-00097,dxi,墩西线,PZXL-00097-N0103,dxi线企服中心支线6杆,PZXL-00097-N0104,dxi线企服中心支线7杆,50.0,JKLYJ/Q-10-240,JKLYJ/Q-10-240,B+,0.13,0.356,0.0065,0.0178,500.0,550.0,8.6603,CLOSED,151,邳州_10kV墩西线明细.xlsx,PARAMETERIZED_PLANNING_MODEL,485.0,485.0,8.4004,"min(conductor_Imax_base, SRC06_feeder_max_allowed_current)"
PZXL-00097-B0151,PHYSICAL_SPAN,BDZ-00027,墩集变,PZXL-00097,dxi,墩西线,PZXL-00097-N0104,dxi线企服中心支线7杆,PZXL-00097-N0105,dxi线企服中心支线8杆,50.0,JKLYJ/Q-10-240,JKLYJ/Q-10-240,B+,0.13,0.356,0.0065,0.0178,500.0,550.0,8.6603,CLOSED,152,邳州_10kV墩西线明细.xlsx,PARAMETERIZED_PLANNING_MODEL,485.0,485.0,8.4004,"min(conductor_Imax_base, SRC06_feeder_max_allowed_current)"
PZXL-00097-B0152,PHYSICAL_SPAN,BDZ-00027,墩集变,PZXL-00097,dxi,墩西线,PZXL-00097-N0100,dxi线企服中心支线3杆,PZXL-00097-N0101,dxi线企服中心支线4杆,50.0,JKLYJ/Q-10-240,JKLYJ/Q-10-240,B+,0.13,0.356,0.0065,0.0178,500.0,550.0,8.6603,CLOSED,153,邳州_10kV墩西线明细.xlsx,PARAMETERIZED_PLANNING_MODEL,485.0,485.0,8.4004,"min(conductor_Imax_base, SRC06_feeder_max_allowed_current)"
PZXL-00097-B0153,PHYSICAL_SPAN,BDZ-00027,墩集变,PZXL-00097,dxi,墩西线,PZXL-00097-N0106,dxi线企服中心支线9杆,PZXL-00097-N0090,dxi线企服中心支线10杆,50.0,JKLYJ/Q-10-240,JKLYJ/Q-10-240,B+,0.13,0.356,0.0065,0.0178,500.0,550.0,8.6603,CLOSED,154,邳州_10kV墩西线明细.xlsx,PARAMETERIZED_PLANNING_MODEL,485.0,485.0,8.4004,"min(conductor_Imax_base, SRC06_feeder_max_allowed_current)"
PZXL-00097-B0154,PHYSICAL_SPAN,BDZ-00027,墩集变,PZXL-00097,dxi,墩西线,PZXL-00097-N0096,dxi线企服中心支线16杆,PZXL-00097-N0097,dxi线企服中心支线17杆,50.0,JKLYJ/Q-10-240,JKLYJ/Q-10-240,B+,0.13,0.356,0.0065,0.0178,500.0,550.0,8.6603,CLOSED,155,邳州_10kV墩西线明细.xlsx,PARAMETERIZED_PLANNING_MODEL,485.0,485.0,8.4004,"min(conductor_Imax_base, SRC06_feeder_max_allowed_current)"
PZXL-00097-B0155,PHYSICAL_SPAN,BDZ-00027,墩集变,PZXL-00097,dxi,墩西线,PZXL-00097-N0093,dxi线企服中心支线13杆,PZXL-00097-N0094,dxi线企服中心支线14杆,50.0,JKLYJ/Q-10-240,JKLYJ/Q-10-240,B+,0.13,0.356,0.0065,0.0178,500.0,550.0,8.6603,CLOSED,156,邳州_10kV墩西线明细.xlsx,PARAMETERIZED_PLANNING_MODEL,485.0,485.0,8.4004,"min(conductor_Imax_base, SRC06_feeder_max_allowed_current)"
PZXL-00097-B0156,PHYSICAL_SPAN,BDZ-00027,墩集变,PZXL-00097,dxi,墩西线,PZXL-00097-N0001,dxi北支线10杆,PZXL-00097-N0002,dxi北支线11杆,50.0,JKLYJ/Q-10-240,JKLYJ/Q-10-240,B+,0.13,0.356,0.0065,0.0178,500.0,550.0,8.6603,CLOSED,157,邳州_10kV墩西线明细.xlsx,PARAMETERIZED_PLANNING_MODEL,485.0,485.0,8.4004,"min(conductor_Imax_base, SRC06_feeder_max_allowed_current)"
PZXL-00097-B0157,PHYSICAL_SPAN,BDZ-00027,墩集变,PZXL-00097,dxi,墩西线,PZXL-00097-N0144,dxi线海天石化支线15,PZXL-00097-N0112,dxi线合金厂支线01杆,50.0,JKLYJ/Q-10-240,JKLYJ/Q-10-240,B+,0.13,0.356,0.0065,0.0178,500.0,550.0,8.6603,CLOSED,158,邳州_10kV墩西线明细.xlsx,PARAMETERIZED_PLANNING_MODEL,485.0,485.0,8.4004,"min(conductor_Imax_base, SRC06_feeder_max_allowed_current)"
PZXL-00097-B0158,PHYSICAL_SPAN,BDZ-00027,墩集变,PZXL-00097,dxi,墩西线,PZXL-00097-N0045,dxi线02杆,PZXL-00097-N0046,dxi线03杆,50.0,JKLYJ/Q-10-240,JKLYJ/Q-10-240,B+,0.13,0.356,0.0065,0.0178,500.0,550.0,8.6603,CLOSED,159,邳州_10kV墩西线明细.xlsx,PARAMETERIZED_PLANNING_MODEL,485.0,485.0,8.4004,"min(conductor_Imax_base, SRC06_feeder_max_allowed_current)"
PZXL-00097-B0159,PHYSICAL_SPAN,BDZ-00027,墩集变,PZXL-00097,dxi,墩西线,PZXL-00097-N0011,dxi北支线1杆,PZXL-00097-N0022,dxi北支线2杆,50.0,JKLYJ/Q-10-240,JKLYJ/Q-10-240,B+,0.13,0.356,0.0065,0.0178,500.0,550.0,8.6603,CLOSED,160,邳州_10kV墩西线明细.xlsx,PARAMETERIZED_PLANNING_MODEL,485.0,485.0,8.4004,"min(conductor_Imax_base, SRC06_feeder_max_allowed_current)"
PZXL-00097-B0160,PHYSICAL_SPAN,BDZ-00027,墩集变,PZXL-00097,dxi,墩西线,PZXL-00097-N0086,dxi线42杆,PZXL-00097-N0087,dxi线43杆,50.0,JKLYJ/Q-10-240,JKLYJ/Q-10-240,B+,0.13,0.356,0.0065,0.0178,500.0,550.0,8.6603,CLOSED,161,邳州_10kV墩西线明细.xlsx,PARAMETERIZED_PLANNING_MODEL,485.0,485.0,8.4004,"min(conductor_Imax_base, SRC06_feeder_max_allowed_current)"
PZXL-00097-B0161,PHYSICAL_SPAN,BDZ-00027,墩集变,PZXL-00097,dxi,墩西线,PZXL-00097-N0041,dxi北支线7杆,PZXL-00097-N0042,dxi北支线8杆,50.0,JKLYJ/Q-10-240,JKLYJ/Q-10-240,B+,0.13,0.356,0.0065,0.0178,500.0,550.0,8.6603,CLOSED,162,邳州_10kV墩西线明细.xlsx,PARAMETERIZED_PLANNING_MODEL,485.0,485.0,8.4004,"min(conductor_Imax_base, SRC06_feeder_max_allowed_current)"
PZXL-00097-B0162,PHYSICAL_SPAN,BDZ-00027,墩集变,PZXL-00097,dxi,墩西线,PZXL-00097-N0038,dxi北支线4杆,PZXL-00097-N0039,dxi北支线5杆,50.0,JKLYJ/Q-10-240,JKLYJ/Q-10-240,B+,0.13,0.356,0.0065,0.0178,500.0,550.0,8.6603,CLOSED,163,邳州_10kV墩西线明细.xlsx,PARAMETERIZED_PLANNING_MODEL,485.0,485.0,8.4004,"min(conductor_Imax_base, SRC06_feeder_max_allowed_current)"
PZXL-00097-B0163,PHYSICAL_SPAN,BDZ-00027,墩集变,PZXL-00097,dxi,墩西线,PZXL-00097-N0048,dxi线05杆,PZXL-00097-N0049,dxi线06杆,50.0,JKLYJ/Q-10-240,JKLYJ/Q-10-240,B+,0.13,0.356,0.0065,0.0178,500.0,550.0,8.6603,CLOSED,164,邳州_10kV墩西线明细.xlsx,PARAMETERIZED_PLANNING_MODEL,485.0,485.0,8.4004,"min(conductor_Imax_base, SRC06_feeder_max_allowed_current)"
PZXL-00097-B0164,PHYSICAL_SPAN,BDZ-00027,墩集变,PZXL-00097,dxi,墩西线,PZXL-00097-N0050,dxi线07杆,PZXL-00097-N0051,dxi线08杆,50.0,JKLYJ/Q-10-240,JKLYJ/Q-10-240,B+,0.13,0.356,0.0065,0.0178,500.0,550.0,8.6603,CLOSED,165,邳州_10kV墩西线明细.xlsx,PARAMETERIZED_PLANNING_MODEL,485.0,485.0,8.4004,"min(conductor_Imax_base, SRC06_feeder_max_allowed_current)"
PZXL-00097-B0165,PHYSICAL_SPAN,BDZ-00027,墩集变,PZXL-00097,dxi,墩西线,PZXL-00097-N0065,dxi线21杆,PZXL-00097-N0066,dxi线22杆,50.0,JKLYJ/Q-10-240,JKLYJ/Q-10-240,B+,0.13,0.356,0.0065,0.0178,500.0,550.0,8.6603,CLOSED,166,邳州_10kV墩西线明细.xlsx,PARAMETERIZED_PLANNING_MODEL,485.0,485.0,8.4004,"min(conductor_Imax_base, SRC06_feeder_max_allowed_current)"
PZXL-00097-B0166,PHYSICAL_SPAN,BDZ-00027,墩集变,PZXL-00097,dxi,墩西线,PZXL-00097-N0063,dxi线19杆,PZXL-00097-N0064,dxi线20杆,50.0,JKLYJ/Q-10-240,JKLYJ/Q-10-240,B+,0.13,0.356,0.0065,0.0178,500.0,550.0,8.6603,CLOSED,167,邳州_10kV墩西线明细.xlsx,PARAMETERIZED_PLANNING_MODEL,485.0,485.0,8.4004,"min(conductor_Imax_base, SRC06_feeder_max_allowed_current)"
PZXL-00097-B0167,PHYSICAL_SPAN,BDZ-00027,墩集变,PZXL-00097,dxi,墩西线,PZXL-00097-N0087,dxi线43杆,PZXL-00097-N0089,dxi线44杆,50.0,JKLYJ/Q-10-240,JKLYJ/Q-10-240,B+,0.13,0.356,0.0065,0.0178,500.0,550.0,8.6603,CLOSED,168,邳州_10kV墩西线明细.xlsx,PARAMETERIZED_PLANNING_MODEL,485.0,485.0,8.4004,"min(conductor_Imax_base, SRC06_feeder_max_allowed_current)"
PZXL-00097-B0168,PHYSICAL_SPAN,BDZ-00027,墩集变,PZXL-00097,dxi,墩西线,PZXL-00097-N0040,dxi北支线6杆,PZXL-00097-N0041,dxi北支线7杆,50.0,JKLYJ/Q-10-240,JKLYJ/Q-10-240,B+,0.13,0.356,0.0065,0.0178,500.0,550.0,8.6603,CLOSED,169,邳州_10kV墩西线明细.xlsx,PARAMETERIZED_PLANNING_MODEL,485.0,485.0,8.4004,"min(conductor_Imax_base, SRC06_feeder_max_allowed_current)"
PZXL-00097-B0169,PHYSICAL_SPAN,BDZ-00027,墩集变,PZXL-00097,dxi,墩西线,PZXL-00097-N0047,dxi线04杆,PZXL-00097-N0048,dxi线05杆,50.0,JKLYJ/Q-10-240,JKLYJ/Q-10-240,B+,0.13,0.356,0.0065,0.0178,500.0,550.0,8.6603,CLOSED,170,邳州_10kV墩西线明细.xlsx,PARAMETERIZED_PLANNING_MODEL,485.0,485.0,8.4004,"min(conductor_Imax_base, SRC06_feeder_max_allowed_current)"
PZXL-00097-B0170,PHYSICAL_SPAN,BDZ-00027,墩集变,PZXL-00097,dxi,墩西线,PZXL-00097-N0066,dxi线22杆,PZXL-00097-N0067,dxi线23杆,50.0,JKLYJ/Q-10-240,JKLYJ/Q-10-240,B+,0.13,0.356,0.0065,0.0178,500.0,550.0,8.6603,CLOSED,171,邳州_10kV墩西线明细.xlsx,PARAMETERIZED_PLANNING_MODEL,485.0,485.0,8.4004,"min(conductor_Imax_base, SRC06_feeder_max_allowed_current)"
PZXL-00097-B0171,PHYSICAL_SPAN,BDZ-00027,墩集变,PZXL-00097,dxi,墩西线,PZXL-00097-N0022,dxi北支线2杆,PZXL-00097-N0033,dxi北支线3杆,50.0,JKLYJ/Q-10-240,JKLYJ/Q-10-240,B+,0.13,0.356,0.0065,0.0178,500.0,550.0,8.6603,CLOSED,172,邳州_10kV墩西线明细.xlsx,PARAMETERIZED_PLANNING_MODEL,485.0,485.0,8.4004,"min(conductor_Imax_base, SRC06_feeder_max_allowed_current)"
PZXL-00097-B0172,PHYSICAL_SPAN,BDZ-00027,墩集变,PZXL-00097,dxi,墩西线,PZXL-00097-N0062,dxi线18杆,PZXL-00097-N0063,dxi线19杆,50.0,JKLYJ/Q-10-240,JKLYJ/Q-10-240,B+,0.13,0.356,0.0065,0.0178,500.0,550.0,8.6603,CLOSED,173,邳州_10kV墩西线明细.xlsx,PARAMETERIZED_PLANNING_MODEL,485.0,485.0,8.4004,"min(conductor_Imax_base, SRC06_feeder_max_allowed_current)"
PZXL-00097-B0173,PHYSICAL_SPAN,BDZ-00027,墩集变,PZXL-00097,dxi,墩西线,PZXL-00097-N0061,dxi线17杆,PZXL-00097-N0062,dxi线18杆,50.0,JKLYJ/Q-10-240,JKLYJ/Q-10-240,B+,0.13,0.356,0.0065,0.0178,500.0,550.0,8.6603,CLOSED,174,邳州_10kV墩西线明细.xlsx,PARAMETERIZED_PLANNING_MODEL,485.0,485.0,8.4004,"min(conductor_Imax_base, SRC06_feeder_max_allowed_current)"
PZXL-00097-B0174,PHYSICAL_SPAN,BDZ-00027,墩集变,PZXL-00097,dxi,墩西线,PZXL-00097-N0057,dxi线13杆,PZXL-00097-N0056,dxi线13-1杆,50.0,JKLYJ/Q-10-240,JKLYJ/Q-10-240,B+,0.13,0.356,0.0065,0.0178,500.0,550.0,8.6603,CLOSED,175,邳州_10kV墩西线明细.xlsx,PARAMETERIZED_PLANNING_MODEL,485.0,485.0,8.4004,"min(conductor_Imax_base, SRC06_feeder_max_allowed_current)"
PZXL-00097-B0175,PHYSICAL_SPAN,BDZ-00027,墩集变,PZXL-00097,dxi,墩西线,PZXL-00097-N0031,dxi北支线38杆,PZXL-00097-N0111,dxi线北支线38-1杆,50.0,JKLYJ/Q-10-240,JKLYJ/Q-10-240,B+,0.13,0.356,0.0065,0.0178,500.0,550.0,8.6603,CLOSED,176,邳州_10kV墩西线明细.xlsx,PARAMETERIZED_PLANNING_MODEL,485.0,485.0,8.4004,"min(conductor_Imax_base, SRC06_feeder_max_allowed_current)"
PZXL-00097-B0176,PHYSICAL_SPAN,BDZ-00027,墩集变,PZXL-00097,dxi,墩西线,PZXL-00097-N0118,dxi线国成支线4杆,PZXL-00097-N0119,dxi线国成支线5杆,50.0,JKLYJ/Q-10-240,JKLYJ/Q-10-240,B+,0.13,0.356,0.0065,0.0178,500.0,550.0,8.6603,CLOSED,177,邳州_10kV墩西线明细.xlsx,PARAMETERIZED_PLANNING_MODEL,485.0,485.0,8.4004,"min(conductor_Imax_base, SRC06_feeder_max_allowed_current)"
PZXL-00097-B0177,PHYSICAL_SPAN,BDZ-00027,墩集变,PZXL-00097,dxi,墩西线,PZXL-00097-N0117,dxi线国成支线3杆,PZXL-00097-N0118,dxi线国成支线4杆,50.0,JKLYJ/Q-10-240,JKLYJ/Q-10-240,B+,0.13,0.356,0.0065,0.0178,500.0,550.0,8.6603,CLOSED,178,邳州_10kV墩西线明细.xlsx,PARAMETERIZED_PLANNING_MODEL,485.0,485.0,8.4004,"min(conductor_Imax_base, SRC06_feeder_max_allowed_current)"
PZXL-00097-B0178,PHYSICAL_SPAN,BDZ-00027,墩集变,PZXL-00097,dxi,墩西线,PZXL-00097-N0121,dxi线国成支线7杆,PZXL-00097-N0122,dxi线国成支线8杆,50.0,JKLYJ/Q-10-240,JKLYJ/Q-10-240,B+,0.13,0.356,0.0065,0.0178,500.0,550.0,8.6603,CLOSED,179,邳州_10kV墩西线明细.xlsx,PARAMETERIZED_PLANNING_MODEL,485.0,485.0,8.4004,"min(conductor_Imax_base, SRC06_feeder_max_allowed_current)"
PZXL-00097-B0179,PHYSICAL_SPAN,BDZ-00027,墩集变,PZXL-00097,dxi,墩西线,PZXL-00097-N0120,dxi线国成支线6杆,PZXL-00097-N0121,dxi线国成支线7杆,50.0,JKLYJ/Q-10-240,JKLYJ/Q-10-240,B+,0.13,0.356,0.0065,0.0178,500.0,550.0,8.6603,CLOSED,180,邳州_10kV墩西线明细.xlsx,PARAMETERIZED_PLANNING_MODEL,485.0,485.0,8.4004,"min(conductor_Imax_base, SRC06_feeder_max_allowed_current)"
PZXL-00097-B0180,PHYSICAL_SPAN,BDZ-00027,墩集变,PZXL-00097,dxi,墩西线,PZXL-00097-N0122,dxi线国成支线8杆,PZXL-00097-N0123,dxi线国成支线9杆,50.0,JKLYJ/Q-10-240,JKLYJ/Q-10-240,B+,0.13,0.356,0.0065,0.0178,500.0,550.0,8.6603,CLOSED,181,邳州_10kV墩西线明细.xlsx,PARAMETERIZED_PLANNING_MODEL,485.0,485.0,8.4004,"min(conductor_Imax_base, SRC06_feeder_max_allowed_current)"
PZXL-00097-B0181,PHYSICAL_SPAN,BDZ-00027,墩集变,PZXL-00097,dxi,墩西线,PZXL-00097-N0119,dxi线国成支线5杆,PZXL-00097-N0120,dxi线国成支线6杆,50.0,JKLYJ/Q-10-240,JKLYJ/Q-10-240,B+,0.13,0.356,0.0065,0.0178,500.0,550.0,8.6603,CLOSED,182,邳州_10kV墩西线明细.xlsx,PARAMETERIZED_PLANNING_MODEL,485.0,485.0,8.4004,"min(conductor_Imax_base, SRC06_feeder_max_allowed_current)"
PZXL-00097-B0182,PHYSICAL_SPAN,BDZ-00027,墩集变,PZXL-00097,dxi,墩西线,PZXL-00097-N0123,dxi线国成支线9杆,PZXL-00097-N0114,dxi线国成支线10杆,50.0,JKLYJ/Q-10-240,JKLYJ/Q-10-240,B+,0.13,0.356,0.0065,0.0178,500.0,550.0,8.6603,CLOSED,183,邳州_10kV墩西线明细.xlsx,PARAMETERIZED_PLANNING_MODEL,485.0,485.0,8.4004,"min(conductor_Imax_base, SRC06_feeder_max_allowed_current)"
PZXL-00097-B0183,PHYSICAL_SPAN,BDZ-00027,墩集变,PZXL-00097,dxi,墩西线,PZXL-00097-N0116,dxi线国成支线2杆,PZXL-00097-N0117,dxi线国成支线3杆,50.0,JKLYJ/Q-10-240,JKLYJ/Q-10-240,B+,0.13,0.356,0.0065,0.0178,500.0,550.0,8.6603,CLOSED,184,邳州_10kV墩西线明细.xlsx,PARAMETERIZED_PLANNING_MODEL,485.0,485.0,8.4004,"min(conductor_Imax_base, SRC06_feeder_max_allowed_current)"
PZXL-00097-B0184,PHYSICAL_SPAN,BDZ-00027,墩集变,PZXL-00097,dxi,墩西线,PZXL-00097-N0115,dxi线国成支线1杆,PZXL-00097-N0116,dxi线国成支线2杆,50.0,JKLYJ/Q-10-240,JKLYJ/Q-10-240,B+,0.13,0.356,0.0065,0.0178,500.0,550.0,8.6603,CLOSED,185,邳州_10kV墩西线明细.xlsx,PARAMETERIZED_PLANNING_MODEL,485.0,485.0,8.4004,"min(conductor_Imax_base, SRC06_feeder_max_allowed_current)"
PZXL-00097-B0185,PHYSICAL_SPAN,BDZ-00027,墩集变,PZXL-00097,dxi,墩西线,PZXL-00097-N0144,dxi线海天石化支线15,PZXL-00097-N0115,dxi线国成支线1杆,50.0,JKLYJ/Q-10-240,JKLYJ/Q-10-240,B+,0.13,0.356,0.0065,0.0178,500.0,550.0,8.6603,CLOSED,186,邳州_10kV墩西线明细.xlsx,PARAMETERIZED_PLANNING_MODEL,485.0,485.0,8.4004,"min(conductor_Imax_base, SRC06_feeder_max_allowed_current)"
PZXL-00097-B0186,PHYSICAL_SPAN,BDZ-00027,墩集变,PZXL-00097,dxi,墩西线,PZXL-00097-N0127,dxi线日托支线4杆,PZXL-00097-N0128,dxi线日托支线5杆,50.0,JKLYJ/Q-10-240,JKLYJ/Q-10-240,B+,0.13,0.356,0.0065,0.0178,500.0,550.0,8.6603,CLOSED,187,邳州_10kV墩西线明细.xlsx,PARAMETERIZED_PLANNING_MODEL,485.0,485.0,8.4004,"min(conductor_Imax_base, SRC06_feeder_max_allowed_current)"
PZXL-00097-B0187,PHYSICAL_SPAN,BDZ-00027,墩集变,PZXL-00097,dxi,墩西线,PZXL-00097-N0089,dxi线44杆,PZXL-00097-N0124,dxi线日托支线1杆,50.0,JKLYJ/Q-10-240,JKLYJ/Q-10-240,B+,0.13,0.356,0.0065,0.0178,500.0,550.0,8.6603,CLOSED,188,邳州_10kV墩西线明细.xlsx,PARAMETERIZED_PLANNING_MODEL,485.0,485.0,8.4004,"min(conductor_Imax_base, SRC06_feeder_max_allowed_current)"
PZXL-00097-B0188,PHYSICAL_SPAN,BDZ-00027,墩集变,PZXL-00097,dxi,墩西线,PZXL-00097-N0126,dxi线日托支线3杆,PZXL-00097-N0127,dxi线日托支线4杆,50.0,JKLYJ/Q-10-240,JKLYJ/Q-10-240,B+,0.13,0.356,0.0065,0.0178,500.0,550.0,8.6603,CLOSED,189,邳州_10kV墩西线明细.xlsx,PARAMETERIZED_PLANNING_MODEL,485.0,485.0,8.4004,"min(conductor_Imax_base, SRC06_feeder_max_allowed_current)"
PZXL-00097-B0189,PHYSICAL_SPAN,BDZ-00027,墩集变,PZXL-00097,dxi,墩西线,PZXL-00097-N0125,dxi线日托支线2杆,PZXL-00097-N0126,dxi线日托支线3杆,50.0,JKLYJ/Q-10-240,JKLYJ/Q-10-240,B+,0.13,0.356,0.0065,0.0178,500.0,550.0,8.6603,CLOSED,190,邳州_10kV墩西线明细.xlsx,PARAMETERIZED_PLANNING_MODEL,485.0,485.0,8.4004,"min(conductor_Imax_base, SRC06_feeder_max_allowed_current)"
PZXL-00097-B0190,PHYSICAL_SPAN,BDZ-00027,墩集变,PZXL-00097,dxi,墩西线,PZXL-00097-N0128,dxi线日托支线5杆,PZXL-00097-N0129,dxi线日托支线6杆,50.0,JKLYJ/Q-10-240,JKLYJ/Q-10-240,B+,0.13,0.356,0.0065,0.0178,500.0,550.0,8.6603,CLOSED,191,邳州_10kV墩西线明细.xlsx,PARAMETERIZED_PLANNING_MODEL,485.0,485.0,8.4004,"min(conductor_Imax_base, SRC06_feeder_max_allowed_current)"
PZXL-00097-B0191,PHYSICAL_SPAN,BDZ-00027,墩集变,PZXL-00097,dxi,墩西线,PZXL-00097-N0124,dxi线日托支线1杆,PZXL-00097-N0125,dxi线日托支线2杆,50.0,JKLYJ/Q-10-240,JKLYJ/Q-10-240,B+,0.13,0.356,0.0065,0.0178,500.0,550.0,8.6603,CLOSED,192,邳州_10kV墩西线明细.xlsx,PARAMETERIZED_PLANNING_MODEL,485.0,485.0,8.4004,"min(conductor_Imax_base, SRC06_feeder_max_allowed_current)"
PZXL-00154-B0001,PHYSICAL_SPAN,BDZ-00048,河湾变,PZXL-00154,hdong,河东线,PZXL-00154-N0042,hdong线44杆,PZXL-00154-N0168,河湾1#支线01杆,50.0,JKLGYJ-240,JKLGYJ-10-240/30,B,0.13,0.356,0.0065,0.0178,500.0,550.0,8.6603,CLOSED,2,邳州_10kV河东线明细.xlsx,PARAMETERIZED_PLANNING_MODEL,600.0,500.0,8.6603,"min(conductor_Imax_base, SRC06_feeder_max_allowed_current)"
PZXL-00154-B0002,PHYSICAL_SPAN,BDZ-00048,河湾变,PZXL-00154,hdong,河东线,PZXL-00154-N0055,hdong线56杆,PZXL-00154-N0054,hdong线56-1杆,50.0,JKLGYJ-240,JKLGYJ-10-240/30,B,0.13,0.356,0.0065,0.0178,500.0,550.0,8.6603,CLOSED,3,邳州_10kV河东线明细.xlsx,PARAMETERIZED_PLANNING_MODEL,600.0,500.0,8.6603,"min(conductor_Imax_base, SRC06_feeder_max_allowed_current)"
PZXL-00154-B0003,PHYSICAL_SPAN,BDZ-00048,河湾变,PZXL-00154,hdong,河东线,PZXL-00154-N0061,hdong线61杆,PZXL-00154-N0062,hdong线62杆,50.0,JKLGYJ-240,JKLGYJ-10-240/30,B,0.13,0.356,0.0065,0.0178,500.0,550.0,8.6603,CLOSED,4,邳州_10kV河东线明细.xlsx,PARAMETERIZED_PLANNING_MODEL,600.0,500.0,8.6603,"min(conductor_Imax_base, SRC06_feeder_max_allowed_current)"
PZXL-00154-B0004,PHYSICAL_SPAN,BDZ-00048,河湾变,PZXL-00154,hdong,河东线,PZXL-00154-N0086,hdong线79-2杆,PZXL-00154-N0087,hdong线79-3杆,50.0,JKLGYJ-240,JKLGYJ-10-240/30,B,0.13,0.356,0.0065,0.0178,500.0,550.0,8.6603,CLOSED,5,邳州_10kV河东线明细.xlsx,PARAMETERIZED_PLANNING_MODEL,600.0,500.0,8.6603,"min(conductor_Imax_base, SRC06_feeder_max_allowed_current)"
PZXL-00154-B0005,PHYSICAL_SPAN,BDZ-00048,河湾变,PZXL-00154,hdong,河东线,PZXL-00154-N0195,煤球厂支线02杆,PZXL-00154-N0196,煤球厂支线03杆,50.0,JKLGYJ-240,JKLGYJ-10-240/30,B,0.13,0.356,0.0065,0.0178,500.0,550.0,8.6603,CLOSED,6,邳州_10kV河东线明细.xlsx,PARAMETERIZED_PLANNING_MODEL,600.0,500.0,8.6603,"min(conductor_Imax_base, SRC06_feeder_max_allowed_current)"
PZXL-00154-B0006,PHYSICAL_SPAN,BDZ-00048,河湾变,PZXL-00154,hdong,河东线,PZXL-00154-N0010,hdong线14杆,PZXL-00154-N0011,hdong线15杆,50.0,JKLGYJ-240,JKLGYJ-10-240/30,B,0.13,0.356,0.0065,0.0178,500.0,550.0,8.6603,CLOSED,7,邳州_10kV河东线明细.xlsx,PARAMETERIZED_PLANNING_MODEL,600.0,500.0,8.6603,"min(conductor_Imax_base, SRC06_feeder_max_allowed_current)"
PZXL-00154-B0007,PHYSICAL_SPAN,BDZ-00048,河湾变,PZXL-00154,hdong,河东线,PZXL-00154-N0013,hdong线17杆,PZXL-00154-N0014,hdong线18杆,50.0,JKLGYJ-240,JKLGYJ-10-240/30,B,0.13,0.356,0.0065,0.0178,500.0,550.0,8.6603,CLOSED,8,邳州_10kV河东线明细.xlsx,PARAMETERIZED_PLANNING_MODEL,600.0,500.0,8.6603,"min(conductor_Imax_base, SRC06_feeder_max_allowed_current)"
PZXL-00154-B0008,PHYSICAL_SPAN,BDZ-00048,河湾变,PZXL-00154,hdong,河东线,PZXL-00154-N0178,河湾1#支线11杆,PZXL-00154-N0179,河湾1#支线12杆,50.0,JKLGYJ-240,JKLGYJ-10-240/30,B,0.13,0.356,0.0065,0.0178,500.0,550.0,8.6603,CLOSED,9,邳州_10kV河东线明细.xlsx,PARAMETERIZED_PLANNING_MODEL,600.0,500.0,8.6603,"min(conductor_Imax_base, SRC06_feeder_max_allowed_current)"
PZXL-00154-B0009,PHYSICAL_SPAN,BDZ-00048,河湾变,PZXL-00154,hdong,河东线,PZXL-00154-N0201,贝斯卡拉支线001杆,PZXL-00154-N0202,贝斯卡拉支线002杆,50.0,JKLGYJ-240,JKLGYJ-10-240/30,B,0.13,0.356,0.0065,0.0178,500.0,550.0,8.6603,CLOSED,10,邳州_10kV河东线明细.xlsx,PARAMETERIZED_PLANNING_MODEL,600.0,500.0,8.6603,"min(conductor_Imax_base, SRC06_feeder_max_allowed_current)"
PZXL-00154-B0010,PHYSICAL_SPAN,BDZ-00048,河湾变,PZXL-00154,hdong,河东线,PZXL-00154-N0019,hdong线22杆,PZXL-00154-N0020,hdong线23杆,50.0,JKLGYJ-240,JKLGYJ-10-240/30,B,0.13,0.356,0.0065,0.0178,500.0,550.0,8.6603,CLOSED,11,邳州_10kV河东线明细.xlsx,PARAMETERIZED_PLANNING_MODEL,600.0,500.0,8.6603,"min(conductor_Imax_base, SRC06_feeder_max_allowed_current)"
PZXL-00154-B0011,PHYSICAL_SPAN,BDZ-00048,河湾变,PZXL-00154,hdong,河东线,PZXL-00154-N0087,hdong线79-3杆,PZXL-00154-N0088,hdong线79-4杆,50.0,JKLGYJ-240,JKLGYJ-10-240/30,B,0.13,0.356,0.0065,0.0178,500.0,550.0,8.6603,CLOSED,12,邳州_10kV河东线明细.xlsx,PARAMETERIZED_PLANNING_MODEL,600.0,500.0,8.6603,"min(conductor_Imax_base, SRC06_feeder_max_allowed_current)"
PZXL-00154-B0012,PHYSICAL_SPAN,BDZ-00048,河湾变,PZXL-00154,hdong,河东线,PZXL-00154-N0196,煤球厂支线03杆,PZXL-00154-N0197,煤球厂支线04杆,50.0,JKLGYJ-240,JKLGYJ-10-240/30,B,0.13,0.356,0.0065,0.0178,500.0,550.0,8.6603,CLOSED,13,邳州_10kV河东线明细.xlsx,PARAMETERIZED_PLANNING_MODEL,600.0,500.0,8.6603,"min(conductor_Imax_base, SRC06_feeder_max_allowed_current)"
PZXL-00154-B0013,PHYSICAL_SPAN,BDZ-00048,河湾变,PZXL-00154,hdong,河东线,PZXL-00154-N0163,日松馆业支线02杆,PZXL-00154-N0164,日松馆业支线03杆,50.0,JKLGYJ-240,JKLGYJ-10-240/30,B,0.13,0.356,0.0065,0.0178,500.0,550.0,8.6603,CLOSED,14,邳州_10kV河东线明细.xlsx,PARAMETERIZED_PLANNING_MODEL,600.0,500.0,8.6603,"min(conductor_Imax_base, SRC06_feeder_max_allowed_current)"
PZXL-00154-B0014,PHYSICAL_SPAN,BDZ-00048,河湾变,PZXL-00154,hdong,河东线,PZXL-00154-N0011,hdong线15杆,PZXL-00154-N0012,hdong线16杆,50.0,JKLGYJ-240,JKLGYJ-10-240/30,B,0.13,0.356,0.0065,0.0178,500.0,550.0,8.6603,CLOSED,15,邳州_10kV河东线明细.xlsx,PARAMETERIZED_PLANNING_MODEL,600.0,500.0,8.6603,"min(conductor_Imax_base, SRC06_feeder_max_allowed_current)"
PZXL-00154-B0015,PHYSICAL_SPAN,BDZ-00048,河湾变,PZXL-00154,hdong,河东线,PZXL-00154-N0018,hdong线21杆,PZXL-00154-N0019,hdong线22杆,50.0,JKLGYJ-240,JKLGYJ-10-240/30,B,0.13,0.356,0.0065,0.0178,500.0,550.0,8.6603,CLOSED,16,邳州_10kV河东线明细.xlsx,PARAMETERIZED_PLANNING_MODEL,600.0,500.0,8.6603,"min(conductor_Imax_base, SRC06_feeder_max_allowed_current)"
PZXL-00154-B0016,PHYSICAL_SPAN,BDZ-00048,河湾变,PZXL-00154,hdong,河东线,PZXL-00154-N0181,河湾1#支线14杆,PZXL-00154-N0182,河湾1#支线15杆,50.0,JKLGYJ-240,JKLGYJ-10-240/30,B,0.13,0.356,0.0065,0.0178,500.0,550.0,8.6603,CLOSED,17,邳州_10kV河东线明细.xlsx,PARAMETERIZED_PLANNING_MODEL,600.0,500.0,8.6603,"min(conductor_Imax_base, SRC06_feeder_max_allowed_current)"
PZXL-00154-B0017,PHYSICAL_SPAN,BDZ-00048,河湾变,PZXL-00154,hdong,河东线,PZXL-00154-N0012,hdong线16杆,PZXL-00154-N0013,hdong线17杆,50.0,JKLGYJ-240,JKLGYJ-10-240/30,B,0.13,0.356,0.0065,0.0178,500.0,550.0,8.6603,CLOSED,18,邳州_10kV河东线明细.xlsx,PARAMETERIZED_PLANNING_MODEL,600.0,500.0,8.6603,"min(conductor_Imax_base, SRC06_feeder_max_allowed_current)"
PZXL-00154-B0018,PHYSICAL_SPAN,BDZ-00048,河湾变,PZXL-00154,hdong,河东线,PZXL-00154-N0091,hdong线80杆,PZXL-00154-N0085,hdong线79-1杆,50.0,JKLGYJ-240,JKLGYJ-10-240/30,B,0.13,0.356,0.0065,0.0178,500.0,550.0,8.6603,CLOSED,19,邳州_10kV河东线明细.xlsx,PARAMETERIZED_PLANNING_MODEL,600.0,500.0,8.6603,"min(conductor_Imax_base, SRC06_feeder_max_allowed_current)"
PZXL-00154-B0019,PHYSICAL_SPAN,BDZ-00048,河湾变,PZXL-00154,hdong,河东线,PZXL-00154-N0014,hdong线18杆,PZXL-00154-N0015,hdong线19杆,50.0,JKLGYJ-240,JKLGYJ-10-240/30,B,0.13,0.356,0.0065,0.0178,500.0,550.0,8.6603,CLOSED,20,邳州_10kV河东线明细.xlsx,PARAMETERIZED_PLANNING_MODEL,600.0,500.0,8.6603,"min(conductor_Imax_base, SRC06_feeder_max_allowed_current)"
PZXL-00154-B0020,PHYSICAL_SPAN,BDZ-00048,河湾变,PZXL-00154,hdong,河东线,PZXL-00154-N0166,李口八队电站支线02,PZXL-00154-N0167,李口八队电站支线03,50.0,JKLGYJ-240,JKLGYJ-10-240/30,B,0.13,0.356,0.0065,0.0178,500.0,550.0,8.6603,CLOSED,21,邳州_10kV河东线明细.xlsx,PARAMETERIZED_PLANNING_MODEL,600.0,500.0,8.6603,"min(conductor_Imax_base, SRC06_feeder_max_allowed_current)"
PZXL-00154-B0021,PHYSICAL_SPAN,BDZ-00048,河湾变,PZXL-00154,hdong,河东线,PZXL-00154-N0194,煤球厂支线01杆,PZXL-00154-N0195,煤球厂支线02杆,50.0,JKLGYJ-240,JKLGYJ-10-240/30,B,0.13,0.356,0.0065,0.0178,500.0,550.0,8.6603,CLOSED,22,邳州_10kV河东线明细.xlsx,PARAMETERIZED_PLANNING_MODEL,600.0,500.0,8.6603,"min(conductor_Imax_base, SRC06_feeder_max_allowed_current)"
PZXL-00154-B0022,PHYSICAL_SPAN,BDZ-00048,河湾变,PZXL-00154,hdong,河东线,PZXL-00154-N0005,hdong线10杆,PZXL-00154-N0006,hdong线11杆,50.0,JKLGYJ-240,JKLGYJ-10-240/30,B,0.13,0.356,0.0065,0.0178,500.0,550.0,8.6603,CLOSED,23,邳州_10kV河东线明细.xlsx,PARAMETERIZED_PLANNING_MODEL,600.0,500.0,8.6603,"min(conductor_Imax_base, SRC06_feeder_max_allowed_current)"
PZXL-00154-B0023,PHYSICAL_SPAN,BDZ-00048,河湾变,PZXL-00154,hdong,河东线,PZXL-00154-N0035,hdong线37杆,PZXL-00154-N0036,hdong线38杆,50.0,JKLGYJ-240,JKLGYJ-10-240/30,B,0.13,0.356,0.0065,0.0178,500.0,550.0,8.6603,CLOSED,24,邳州_10kV河东线明细.xlsx,PARAMETERIZED_PLANNING_MODEL,600.0,500.0,8.6603,"min(conductor_Imax_base, SRC06_feeder_max_allowed_current)"
PZXL-00154-B0024,PHYSICAL_SPAN,BDZ-00048,河湾变,PZXL-00154,hdong,河东线,PZXL-00154-N0065,hdong线65杆,PZXL-00154-N0162,日松馆业支线01杆,50.0,JKLGYJ-240,JKLGYJ-10-240/30,B,0.13,0.356,0.0065,0.0178,500.0,550.0,8.6603,CLOSED,25,邳州_10kV河东线明细.xlsx,PARAMETERIZED_PLANNING_MODEL,600.0,500.0,8.6603,"min(conductor_Imax_base, SRC06_feeder_max_allowed_current)"
PZXL-00154-B0025,PHYSICAL_SPAN,BDZ-00048,河湾变,PZXL-00154,hdong,河东线,PZXL-00154-N0039,hdong线40杆,PZXL-00154-N0040,hdong线41杆,50.0,JKLGYJ-240,JKLGYJ-10-240/30,B,0.13,0.356,0.0065,0.0178,500.0,550.0,8.6603,CLOSED,26,邳州_10kV河东线明细.xlsx,PARAMETERIZED_PLANNING_MODEL,600.0,500.0,8.6603,"min(conductor_Imax_base, SRC06_feeder_max_allowed_current)"
PZXL-00154-B0026,PHYSICAL_SPAN,BDZ-00048,河湾变,PZXL-00154,hdong,河东线,PZXL-00154-N0069,hdong线69杆,PZXL-00154-N0002,hdong支线01杆,50.0,JKLGYJ-240,JKLGYJ-10-240/30,B,0.13,0.356,0.0065,0.0178,500.0,550.0,8.6603,CLOSED,27,邳州_10kV河东线明细.xlsx,PARAMETERIZED_PLANNING_MODEL,600.0,500.0,8.6603,"min(conductor_Imax_base, SRC06_feeder_max_allowed_current)"
PZXL-00154-B0027,PHYSICAL_SPAN,BDZ-00048,河湾变,PZXL-00154,hdong,河东线,PZXL-00154-N0065,hdong线65杆,PZXL-00154-N0152,华运蒜业支线01杆,50.0,JKLGYJ-240,JKLGYJ-10-240/30,B,0.13,0.356,0.0065,0.0178,500.0,550.0,8.6603,CLOSED,28,邳州_10kV河东线明细.xlsx,PARAMETERIZED_PLANNING_MODEL,600.0,500.0,8.6603,"min(conductor_Imax_base, SRC06_feeder_max_allowed_current)"
PZXL-00154-B0028,PHYSICAL_SPAN,BDZ-00048,河湾变,PZXL-00154,hdong,河东线,PZXL-00154-N0041,hdong线43杆,PZXL-00154-N0042,hdong线44杆,50.0,JKLGYJ-240,JKLGYJ-10-240/30,B,0.13,0.356,0.0065,0.0178,500.0,550.0,8.6603,CLOSED,29,邳州_10kV河东线明细.xlsx,PARAMETERIZED_PLANNING_MODEL,600.0,500.0,8.6603,"min(conductor_Imax_base, SRC06_feeder_max_allowed_current)"
PZXL-00154-B0029,PHYSICAL_SPAN,BDZ-00048,河湾变,PZXL-00154,hdong,河东线,PZXL-00154-N0023,hdong线26杆,PZXL-00154-N0024,hdong线27杆,50.0,JKLGYJ-240,JKLGYJ-10-240/30,B,0.13,0.356,0.0065,0.0178,500.0,550.0,8.6603,CLOSED,30,邳州_10kV河东线明细.xlsx,PARAMETERIZED_PLANNING_MODEL,600.0,500.0,8.6603,"min(conductor_Imax_base, SRC06_feeder_max_allowed_current)"
PZXL-00154-B0030,PHYSICAL_SPAN,BDZ-00048,河湾变,PZXL-00154,hdong,河东线,PZXL-00154-N0024,hdong线27杆,PZXL-00154-N0025,hdong线28杆,50.0,JKLGYJ-240,JKLGYJ-10-240/30,B,0.13,0.356,0.0065,0.0178,500.0,550.0,8.6603,CLOSED,31,邳州_10kV河东线明细.xlsx,PARAMETERIZED_PLANNING_MODEL,600.0,500.0,8.6603,"min(conductor_Imax_base, SRC06_feeder_max_allowed_current)"
PZXL-00154-B0031,PHYSICAL_SPAN,BDZ-00048,河湾变,PZXL-00154,hdong,河东线,PZXL-00154-N0179,河湾1#支线12杆,PZXL-00154-N0180,河湾1#支线13杆,50.0,JKLGYJ-240,JKLGYJ-10-240/30,B,0.13,0.356,0.0065,0.0178,500.0,550.0,8.6603,CLOSED,32,邳州_10kV河东线明细.xlsx,PARAMETERIZED_PLANNING_MODEL,600.0,500.0,8.6603,"min(conductor_Imax_base, SRC06_feeder_max_allowed_current)"
PZXL-00154-B0032,PHYSICAL_SPAN,BDZ-00048,河湾变,PZXL-00154,hdong,河东线,PZXL-00154-N0177,河湾1#支线10杆,PZXL-00154-N0178,河湾1#支线11杆,50.0,JKLGYJ-240,JKLGYJ-10-240/30,B,0.13,0.356,0.0065,0.0178,500.0,550.0,8.6603,CLOSED,33,邳州_10kV河东线明细.xlsx,PARAMETERIZED_PLANNING_MODEL,600.0,500.0,8.6603,"min(conductor_Imax_base, SRC06_feeder_max_allowed_current)"
PZXL-00154-B0033,PHYSICAL_SPAN,BDZ-00048,河湾变,PZXL-00154,hdong,河东线,PZXL-00154-N0176,河湾1#支线09杆,PZXL-00154-N0177,河湾1#支线10杆,50.0,JKLGYJ-240,JKLGYJ-10-240/30,B,0.13,0.356,0.0065,0.0178,500.0,550.0,8.6603,CLOSED,34,邳州_10kV河东线明细.xlsx,PARAMETERIZED_PLANNING_MODEL,600.0,500.0,8.6603,"min(conductor_Imax_base, SRC06_feeder_max_allowed_current)"
PZXL-00154-B0034,PHYSICAL_SPAN,BDZ-00048,河湾变,PZXL-00154,hdong,河东线,PZXL-00154-N0015,hdong线19杆,PZXL-00154-N0017,hdong线20杆,50.0,JKLGYJ-240,JKLGYJ-10-240/30,B,0.13,0.356,0.0065,0.0178,500.0,550.0,8.6603,CLOSED,35,邳州_10kV河东线明细.xlsx,PARAMETERIZED_PLANNING_MODEL,600.0,500.0,8.6603,"min(conductor_Imax_base, SRC06_feeder_max_allowed_current)"
PZXL-00154-B0035,PHYSICAL_SPAN,BDZ-00048,河湾变,PZXL-00154,hdong,河东线,PZXL-00154-N0009,hdong线13杆,PZXL-00154-N0010,hdong线14杆,50.0,JKLGYJ-240,JKLGYJ-10-240/30,B,0.13,0.356,0.0065,0.0178,500.0,550.0,8.6603,CLOSED,36,邳州_10kV河东线明细.xlsx,PARAMETERIZED_PLANNING_MODEL,600.0,500.0,8.6603,"min(conductor_Imax_base, SRC06_feeder_max_allowed_current)"
PZXL-00154-B0036,PHYSICAL_SPAN,BDZ-00048,河湾变,PZXL-00154,hdong,河东线,PZXL-00154-N0165,李口八队电站支线01,PZXL-00154-N0166,李口八队电站支线02,50.0,JKLGYJ-240,JKLGYJ-10-240/30,B,0.13,0.356,0.0065,0.0178,500.0,550.0,8.6603,CLOSED,37,邳州_10kV河东线明细.xlsx,PARAMETERIZED_PLANNING_MODEL,600.0,500.0,8.6603,"min(conductor_Imax_base, SRC06_feeder_max_allowed_current)"
PZXL-00154-B0037,PHYSICAL_SPAN,BDZ-00048,河湾变,PZXL-00154,hdong,河东线,PZXL-00154-N0021,hdong线24杆,PZXL-00154-N0194,煤球厂支线01杆,50.0,JKLGYJ-240,JKLGYJ-10-240/30,B,0.13,0.356,0.0065,0.0178,500.0,550.0,8.6603,CLOSED,38,邳州_10kV河东线明细.xlsx,PARAMETERIZED_PLANNING_MODEL,600.0,500.0,8.6603,"min(conductor_Imax_base, SRC06_feeder_max_allowed_current)"
PZXL-00154-B0038,PHYSICAL_SPAN,BDZ-00048,河湾变,PZXL-00154,hdong,河东线,PZXL-00154-N0114,hdong线张村2#变支线07杆,PZXL-00154-N0113,hdong线张村2#变支线07-1杆,50.0,JKLGYJ-240,JKLGYJ-10-240/30,B,0.13,0.356,0.0065,0.0178,500.0,550.0,8.6603,CLOSED,39,邳州_10kV河东线明细.xlsx,PARAMETERIZED_PLANNING_MODEL,600.0,500.0,8.6603,"min(conductor_Imax_base, SRC06_feeder_max_allowed_current)"
PZXL-00154-B0039,PHYSICAL_SPAN,BDZ-00048,河湾变,PZXL-00154,hdong,河东线,PZXL-00154-N0162,日松馆业支线01杆,PZXL-00154-N0163,日松馆业支线02杆,50.0,JKLGYJ-240,JKLGYJ-10-240/30,B,0.13,0.356,0.0065,0.0178,500.0,550.0,8.6603,CLOSED,40,邳州_10kV河东线明细.xlsx,PARAMETERIZED_PLANNING_MODEL,600.0,500.0,8.6603,"min(conductor_Imax_base, SRC06_feeder_max_allowed_current)"
PZXL-00154-B0040,PHYSICAL_SPAN,BDZ-00048,河湾变,PZXL-00154,hdong,河东线,PZXL-00154-N0153,华运蒜业支线02杆,PZXL-00154-N0154,华运蒜业支线03杆,50.0,JKLGYJ-240,JKLGYJ-10-240/30,B,0.13,0.356,0.0065,0.0178,500.0,550.0,8.6603,CLOSED,41,邳州_10kV河东线明细.xlsx,PARAMETERIZED_PLANNING_MODEL,600.0,500.0,8.6603,"min(conductor_Imax_base, SRC06_feeder_max_allowed_current)"
PZXL-00154-B0041,PHYSICAL_SPAN,BDZ-00048,河湾变,PZXL-00154,hdong,河东线,PZXL-00154-N0085,hdong线79-1杆,PZXL-00154-N0086,hdong线79-2杆,50.0,JKLGYJ-240,JKLGYJ-10-240/30,B,0.13,0.356,0.0065,0.0178,500.0,550.0,8.6603,CLOSED,42,邳州_10kV河东线明细.xlsx,PARAMETERIZED_PLANNING_MODEL,600.0,500.0,8.6603,"min(conductor_Imax_base, SRC06_feeder_max_allowed_current)"
PZXL-00154-B0042,PHYSICAL_SPAN,BDZ-00048,河湾变,PZXL-00154,hdong,河东线,PZXL-00154-N0085,hdong线79-1杆,PZXL-00154-N0201,贝斯卡拉支线001杆,50.0,JKLGYJ-240,JKLGYJ-10-240/30,B,0.13,0.356,0.0065,0.0178,500.0,550.0,8.6603,CLOSED,43,邳州_10kV河东线明细.xlsx,PARAMETERIZED_PLANNING_MODEL,600.0,500.0,8.6603,"min(conductor_Imax_base, SRC06_feeder_max_allowed_current)"
PZXL-00154-B0043,PHYSICAL_SPAN,BDZ-00048,河湾变,PZXL-00154,hdong,河东线,PZXL-00154-N0078,hdong线74-04杆,PZXL-00154-N0079,hdong线74-05杆,50.0,JKLGYJ-240,JKLGYJ-10-240/30,B,0.13,0.356,0.0065,0.0178,500.0,550.0,8.6603,CLOSED,44,邳州_10kV河东线明细.xlsx,PARAMETERIZED_PLANNING_MODEL,600.0,500.0,8.6603,"min(conductor_Imax_base, SRC06_feeder_max_allowed_current)"
PZXL-00154-B0044,PHYSICAL_SPAN,BDZ-00048,河湾变,PZXL-00154,hdong,河东线,PZXL-00154-N0087,hdong线79-3杆,PZXL-00154-N0200,环境卫生管理处支线01杆,50.0,JKLGYJ-240,JKLGYJ-10-240/30,B,0.13,0.356,0.0065,0.0178,500.0,550.0,8.6603,CLOSED,45,邳州_10kV河东线明细.xlsx,PARAMETERIZED_PLANNING_MODEL,600.0,500.0,8.6603,"min(conductor_Imax_base, SRC06_feeder_max_allowed_current)"
PZXL-00154-B0045,PHYSICAL_SPAN,BDZ-00048,河湾变,PZXL-00154,hdong,河东线,PZXL-00154-N0123,hdong线张村2#变支线16杆,PZXL-00154-N0124,hdong线张村2#变支线17杆,50.0,JL(GD)/GIA-240/40,JL(GD)/G1A-240/40,B,0.1232,0.356,0.00616,0.0178,550.0,595.22,9.5263,CLOSED,46,邳州_10kV河东线明细.xlsx,PARAMETERIZED_PLANNING_MODEL,600.0,550.0,9.5263,"min(conductor_Imax_base, SRC06_feeder_max_allowed_current)"
PZXL-00154-B0046,PHYSICAL_SPAN,BDZ-00048,河湾变,PZXL-00154,hdong,河东线,PZXL-00154-N0026,hdong线29杆,PZXL-00154-N0028,hdong线30杆,50.0,JL(GD)/GIA-240/40,JL(GD)/G1A-240/40,B,0.1232,0.356,0.00616,0.0178,550.0,595.22,9.5263,CLOSED,47,邳州_10kV河东线明细.xlsx,PARAMETERIZED_PLANNING_MODEL,600.0,550.0,9.5263,"min(conductor_Imax_base, SRC06_feeder_max_allowed_current)"
PZXL-00154-B0047,PHYSICAL_SPAN,BDZ-00048,河湾变,PZXL-00154,hdong,河东线,PZXL-00154-N0122,hdong线张村2#变支线15杆,PZXL-00154-N0123,hdong线张村2#变支线16杆,50.0,JL(GD)/GIA-240/40,JL(GD)/G1A-240/40,B,0.1232,0.356,0.00616,0.0178,550.0,595.22,9.5263,CLOSED,48,邳州_10kV河东线明细.xlsx,PARAMETERIZED_PLANNING_MODEL,600.0,550.0,9.5263,"min(conductor_Imax_base, SRC06_feeder_max_allowed_current)"
PZXL-00154-B0048,PHYSICAL_SPAN,BDZ-00048,河湾变,PZXL-00154,hdong,河东线,PZXL-00154-N0134,hdong线汇龙支线08杆,PZXL-00154-N0135,hdong线汇龙支线09杆,50.0,JL(GD)/GIA-240/40,JL(GD)/G1A-240/40,B,0.1232,0.356,0.00616,0.0178,550.0,595.22,9.5263,CLOSED,49,邳州_10kV河东线明细.xlsx,PARAMETERIZED_PLANNING_MODEL,600.0,550.0,9.5263,"min(conductor_Imax_base, SRC06_feeder_max_allowed_current)"
PZXL-00154-B0049,PHYSICAL_SPAN,BDZ-00048,河湾变,PZXL-00154,hdong,河东线,PZXL-00154-N0016,hdong线1杆,PZXL-00154-N0027,hdong线2杆,50.0,JLB3-35,JLB3-35 (疑似地线/铝包钢类，不应作为10kV相导线瓶颈),C-PROXY,0.1232,0.356,0.00616,0.0178,550.0,595.22,9.5263,CLOSED,50,邳州_10kV河东线明细.xlsx,PARAMETERIZED_PLANNING_MODEL,600.0,550.0,9.5263,"min(conductor_Imax_base, SRC06_feeder_max_allowed_current)"
PZXL-00154-B0050,PHYSICAL_SPAN,BDZ-00048,河湾变,PZXL-00154,hdong,河东线,PZXL-00154-N0038,hdong线3杆,PZXL-00154-N0047,hdong线4杆,50.0,JL(GD)/GIA-240/40,JL(GD)/G1A-240/40,B,0.1232,0.356,0.00616,0.0178,550.0,595.22,9.5263,CLOSED,51,邳州_10kV河东线明细.xlsx,PARAMETERIZED_PLANNING_MODEL,600.0,550.0,9.5263,"min(conductor_Imax_base, SRC06_feeder_max_allowed_current)"
PZXL-00154-B0051,PHYSICAL_SPAN,BDZ-00048,河湾变,PZXL-00154,hdong,河东线,PZXL-00154-N0047,hdong线4杆,PZXL-00154-N0059,hdong线5杆,50.0,JL(GD)/GIA-240/40,JL(GD)/G1A-240/40,B,0.1232,0.356,0.00616,0.0178,550.0,595.22,9.5263,CLOSED,52,邳州_10kV河东线明细.xlsx,PARAMETERIZED_PLANNING_MODEL,600.0,550.0,9.5263,"min(conductor_Imax_base, SRC06_feeder_max_allowed_current)"
PZXL-00154-B0052,PHYSICAL_SPAN,BDZ-00048,河湾变,PZXL-00154,hdong,河东线,PZXL-00154-N0030,hdong线32杆,PZXL-00154-N0031,hdong线33杆,50.0,JL(GD)/GIA-240/40,JL(GD)/G1A-240/40,B,0.1232,0.356,0.00616,0.0178,550.0,595.22,9.5263,CLOSED,53,邳州_10kV河东线明细.xlsx,PARAMETERIZED_PLANNING_MODEL,600.0,550.0,9.5263,"min(conductor_Imax_base, SRC06_feeder_max_allowed_current)"
PZXL-00154-B0053,PHYSICAL_SPAN,BDZ-00048,河湾变,PZXL-00154,hdong,河东线,PZXL-00154-N0029,hdong线31杆,PZXL-00154-N0030,hdong线32杆,50.0,JL(GD)/GIA-240/40,JL(GD)/G1A-240/40,B,0.1232,0.356,0.00616,0.0178,550.0,595.22,9.5263,CLOSED,54,邳州_10kV河东线明细.xlsx,PARAMETERIZED_PLANNING_MODEL,600.0,550.0,9.5263,"min(conductor_Imax_base, SRC06_feeder_max_allowed_current)"
PZXL-00154-B0054,PHYSICAL_SPAN,BDZ-00048,河湾变,PZXL-00154,hdong,河东线,PZXL-00154-N0028,hdong线30杆,PZXL-00154-N0029,hdong线31杆,50.0,JL(GD)/GIA-240/40,JL(GD)/G1A-240/40,B,0.1232,0.356,0.00616,0.0178,550.0,595.22,9.5263,CLOSED,55,邳州_10kV河东线明细.xlsx,PARAMETERIZED_PLANNING_MODEL,600.0,550.0,9.5263,"min(conductor_Imax_base, SRC06_feeder_max_allowed_current)"
PZXL-00154-B0055,PHYSICAL_SPAN,BDZ-00048,河湾变,PZXL-00154,hdong,河东线,PZXL-00154-N0116,hdong线张村2#变支线09杆,PZXL-00154-N0117,hdong线张村2#变支线10杆,50.0,JL(GD)/GIA-240/40,JL(GD)/G1A-240/40,B,0.1232,0.356,0.00616,0.0178,550.0,595.22,9.5263,CLOSED,56,邳州_10kV河东线明细.xlsx,PARAMETERIZED_PLANNING_MODEL,600.0,550.0,9.5263,"min(conductor_Imax_base, SRC06_feeder_max_allowed_current)"
PZXL-00154-B0056,PHYSICAL_SPAN,BDZ-00048,河湾变,PZXL-00154,hdong,河东线,PZXL-00154-N0108,hdong线张村2#变支线02杆,PZXL-00154-N0109,hdong线张村2#变支线03杆,50.0,JL(GD)/GIA-240/40,JL(GD)/G1A-240/40,B,0.1232,0.356,0.00616,0.0178,550.0,595.22,9.5263,CLOSED,57,邳州_10kV河东线明细.xlsx,PARAMETERIZED_PLANNING_MODEL,600.0,550.0,9.5263,"min(conductor_Imax_base, SRC06_feeder_max_allowed_current)"
PZXL-00154-B0057,PHYSICAL_SPAN,BDZ-00048,河湾变,PZXL-00154,hdong,河东线,PZXL-00154-N0059,hdong线5杆,PZXL-00154-N0070,hdong线6杆,50.0,JL(GD)/GIA-240/40,JL(GD)/G1A-240/40,B,0.1232,0.356,0.00616,0.0178,550.0,595.22,9.5263,CLOSED,58,邳州_10kV河东线明细.xlsx,PARAMETERIZED_PLANNING_MODEL,600.0,550.0,9.5263,"min(conductor_Imax_base, SRC06_feeder_max_allowed_current)"
PZXL-00154-B0058,PHYSICAL_SPAN,BDZ-00048,河湾变,PZXL-00154,hdong,河东线,PZXL-00154-N0090,hdong线7杆,PZXL-00154-N0101,hdong线8杆,50.0,JL(GD)/GIA-240/40,JL(GD)/G1A-240/40,B,0.1232,0.356,0.00616,0.0178,550.0,595.22,9.5263,CLOSED,59,邳州_10kV河东线明细.xlsx,PARAMETERIZED_PLANNING_MODEL,600.0,550.0,9.5263,"min(conductor_Imax_base, SRC06_feeder_max_allowed_current)"
PZXL-00154-B0059,PHYSICAL_SPAN,BDZ-00048,河湾变,PZXL-00154,hdong,河东线,PZXL-00154-N0027,hdong线2杆,PZXL-00154-N0038,hdong线3杆,50.0,JL(GD)/GIA-240/40,JL(GD)/G1A-240/40,B,0.1232,0.356,0.00616,0.0178,550.0,595.22,9.5263,CLOSED,60,邳州_10kV河东线明细.xlsx,PARAMETERIZED_PLANNING_MODEL,600.0,550.0,9.5263,"min(conductor_Imax_base, SRC06_feeder_max_allowed_current)"
PZXL-00154-B0060,PHYSICAL_SPAN,BDZ-00048,河湾变,PZXL-00154,hdong,河东线,PZXL-00154-N0125,hdong线张村2#变支线18杆,PZXL-00154-N0126,hdong线张村2#变支线19杆,50.0,JL(GD)/GIA-240/40,JL(GD)/G1A-240/40,B,0.1232,0.356,0.00616,0.0178,550.0,595.22,9.5263,CLOSED,61,邳州_10kV河东线明细.xlsx,PARAMETERIZED_PLANNING_MODEL,600.0,550.0,9.5263,"min(conductor_Imax_base, SRC06_feeder_max_allowed_current)"
PZXL-00154-B0061,PHYSICAL_SPAN,BDZ-00048,河湾变,PZXL-00154,hdong,河东线,PZXL-00154-N0129,hdong线汇龙支线03杆,PZXL-00154-N0130,hdong线汇龙支线04杆,50.0,JL(GD)/GIA-240/40,JL(GD)/G1A-240/40,B,0.1232,0.356,0.00616,0.0178,550.0,595.22,9.5263,CLOSED,62,邳州_10kV河东线明细.xlsx,PARAMETERIZED_PLANNING_MODEL,600.0,550.0,9.5263,"min(conductor_Imax_base, SRC06_feeder_max_allowed_current)"
PZXL-00154-B0062,PHYSICAL_SPAN,BDZ-00048,河湾变,PZXL-00154,hdong,河东线,PZXL-00154-N0111,hdong线张村2#变支线05杆,PZXL-00154-N0112,hdong线张村2#变支线06杆,50.0,JL(GD)/GIA-240/40,JL(GD)/G1A-240/40,B,0.1232,0.356,0.00616,0.0178,550.0,595.22,9.5263,CLOSED,63,邳州_10kV河东线明细.xlsx,PARAMETERIZED_PLANNING_MODEL,600.0,550.0,9.5263,"min(conductor_Imax_base, SRC06_feeder_max_allowed_current)"
PZXL-00154-B0063,PHYSICAL_SPAN,BDZ-00048,河湾变,PZXL-00154,hdong,河东线,PZXL-00154-N0117,hdong线张村2#变支线10杆,PZXL-00154-N0118,hdong线张村2#变支线11杆,50.0,JL(GD)/GIA-240/40,JL(GD)/G1A-240/40,B,0.1232,0.356,0.00616,0.0178,550.0,595.22,9.5263,CLOSED,64,邳州_10kV河东线明细.xlsx,PARAMETERIZED_PLANNING_MODEL,600.0,550.0,9.5263,"min(conductor_Imax_base, SRC06_feeder_max_allowed_current)"
PZXL-00154-B0064,PHYSICAL_SPAN,BDZ-00048,河湾变,PZXL-00154,hdong,河东线,PZXL-00154-N0070,hdong线6杆,PZXL-00154-N0090,hdong线7杆,50.0,JL(GD)/GIA-240/40,JL(GD)/G1A-240/40,B,0.1232,0.356,0.00616,0.0178,550.0,595.22,9.5263,CLOSED,65,邳州_10kV河东线明细.xlsx,PARAMETERIZED_PLANNING_MODEL,600.0,550.0,9.5263,"min(conductor_Imax_base, SRC06_feeder_max_allowed_current)"
PZXL-00154-B0065,PHYSICAL_SPAN,BDZ-00048,河湾变,PZXL-00154,hdong,河东线,PZXL-00154-N0121,hdong线张村2#变支线14杆,PZXL-00154-N0122,hdong线张村2#变支线15杆,50.0,JL(GD)/GIA-240/40,JL(GD)/G1A-240/40,B,0.1232,0.356,0.00616,0.0178,550.0,595.22,9.5263,CLOSED,66,邳州_10kV河东线明细.xlsx,PARAMETERIZED_PLANNING_MODEL,600.0,550.0,9.5263,"min(conductor_Imax_base, SRC06_feeder_max_allowed_current)"
PZXL-00154-B0066,PHYSICAL_SPAN,BDZ-00048,河湾变,PZXL-00154,hdong,河东线,PZXL-00154-N0020,hdong线23杆,PZXL-00154-N0127,hdong线汇龙支线01杆,50.0,JL(GD)/GIA-240/40,JL(GD)/G1A-240/40,B,0.1232,0.356,0.00616,0.0178,550.0,595.22,9.5263,CLOSED,67,邳州_10kV河东线明细.xlsx,PARAMETERIZED_PLANNING_MODEL,600.0,550.0,9.5263,"min(conductor_Imax_base, SRC06_feeder_max_allowed_current)"
PZXL-00154-B0067,PHYSICAL_SPAN,BDZ-00048,河湾变,PZXL-00154,hdong,河东线,PZXL-00154-N0025,hdong线28杆,PZXL-00154-N0026,hdong线29杆,50.0,JL(GD)/GIA-240/40,JL(GD)/G1A-240/40,B,0.1232,0.356,0.00616,0.0178,550.0,595.22,9.5263,CLOSED,68,邳州_10kV河东线明细.xlsx,PARAMETERIZED_PLANNING_MODEL,600.0,550.0,9.5263,"min(conductor_Imax_base, SRC06_feeder_max_allowed_current)"
PZXL-00154-B0068,PHYSICAL_SPAN,BDZ-00048,河湾变,PZXL-00154,hdong,河东线,PZXL-00154-N0110,hdong线张村2#变支线04杆,PZXL-00154-N0111,hdong线张村2#变支线05杆,50.0,JL(GD)/GIA-240/40,JL(GD)/G1A-240/40,B,0.1232,0.356,0.00616,0.0178,550.0,595.22,9.5263,CLOSED,69,邳州_10kV河东线明细.xlsx,PARAMETERIZED_PLANNING_MODEL,600.0,550.0,9.5263,"min(conductor_Imax_base, SRC06_feeder_max_allowed_current)"
PZXL-00154-B0069,PHYSICAL_SPAN,BDZ-00048,河湾变,PZXL-00154,hdong,河东线,PZXL-00154-N0115,hdong线张村2#变支线08杆,PZXL-00154-N0116,hdong线张村2#变支线09杆,50.0,JL(GD)/GIA-240/40,JL(GD)/G1A-240/40,B,0.1232,0.356,0.00616,0.0178,550.0,595.22,9.5263,CLOSED,70,邳州_10kV河东线明细.xlsx,PARAMETERIZED_PLANNING_MODEL,600.0,550.0,9.5263,"min(conductor_Imax_base, SRC06_feeder_max_allowed_current)"
PZXL-00154-B0070,PHYSICAL_SPAN,BDZ-00048,河湾变,PZXL-00154,hdong,河东线,PZXL-00154-N0119,hdong线张村2#变支线12杆,PZXL-00154-N0120,hdong线张村2#变支线13杆,50.0,JL(GD)/GIA-240/40,JL(GD)/G1A-240/40,B,0.1232,0.356,0.00616,0.0178,550.0,595.22,9.5263,CLOSED,71,邳州_10kV河东线明细.xlsx,PARAMETERIZED_PLANNING_MODEL,600.0,550.0,9.5263,"min(conductor_Imax_base, SRC06_feeder_max_allowed_current)"
PZXL-00154-B0071,PHYSICAL_SPAN,BDZ-00048,河湾变,PZXL-00154,hdong,河东线,PZXL-00154-N0128,hdong线汇龙支线02杆,PZXL-00154-N0129,hdong线汇龙支线03杆,50.0,JL(GD)/GIA-240/40,JL(GD)/G1A-240/40,B,0.1232,0.356,0.00616,0.0178,550.0,595.22,9.5263,CLOSED,72,邳州_10kV河东线明细.xlsx,PARAMETERIZED_PLANNING_MODEL,600.0,550.0,9.5263,"min(conductor_Imax_base, SRC06_feeder_max_allowed_current)"
PZXL-00154-B0072,PHYSICAL_SPAN,BDZ-00048,河湾变,PZXL-00154,hdong,河东线,PZXL-00154-N0132,hdong线汇龙支线06杆,PZXL-00154-N0133,hdong线汇龙支线07杆,50.0,JL(GD)/GIA-240/40,JL(GD)/G1A-240/40,B,0.1232,0.356,0.00616,0.0178,550.0,595.22,9.5263,CLOSED,73,邳州_10kV河东线明细.xlsx,PARAMETERIZED_PLANNING_MODEL,600.0,550.0,9.5263,"min(conductor_Imax_base, SRC06_feeder_max_allowed_current)"
PZXL-00154-B0073,PHYSICAL_SPAN,BDZ-00048,河湾变,PZXL-00154,hdong,河东线,PZXL-00154-N0136,hdong线汇龙支线10杆,PZXL-00154-N0137,hdong线汇龙支线11杆,50.0,JL(GD)/GIA-240/40,JL(GD)/G1A-240/40,B,0.1232,0.356,0.00616,0.0178,550.0,595.22,9.5263,CLOSED,74,邳州_10kV河东线明细.xlsx,PARAMETERIZED_PLANNING_MODEL,600.0,550.0,9.5263,"min(conductor_Imax_base, SRC06_feeder_max_allowed_current)"
PZXL-00154-B0074,PHYSICAL_SPAN,BDZ-00048,河湾变,PZXL-00154,hdong,河东线,PZXL-00154-N0069,hdong线69杆,PZXL-00154-N0071,hdong线70杆,50.0,JKLGYJ-240,JKLGYJ-10-240/30,B,0.13,0.356,0.0065,0.0178,500.0,550.0,8.6603,CLOSED,75,邳州_10kV河东线明细.xlsx,PARAMETERIZED_PLANNING_MODEL,600.0,500.0,8.6603,"min(conductor_Imax_base, SRC06_feeder_max_allowed_current)"
PZXL-00154-B0075,PHYSICAL_SPAN,BDZ-00048,河湾变,PZXL-00154,hdong,河东线,PZXL-00154-N0071,hdong线70杆,PZXL-00154-N0072,hdong线71杆,50.0,JKLGYJ-240,JKLGYJ-10-240/30,B,0.13,0.356,0.0065,0.0178,500.0,550.0,8.6603,CLOSED,76,邳州_10kV河东线明细.xlsx,PARAMETERIZED_PLANNING_MODEL,600.0,500.0,8.6603,"min(conductor_Imax_base, SRC06_feeder_max_allowed_current)"
PZXL-00154-B0076,PHYSICAL_SPAN,BDZ-00048,河湾变,PZXL-00154,hdong,河东线,PZXL-00154-N0072,hdong线71杆,PZXL-00154-N0073,hdong线72杆,50.0,JKLGYJ-240,JKLGYJ-10-240/30,B,0.13,0.356,0.0065,0.0178,500.0,550.0,8.6603,CLOSED,77,邳州_10kV河东线明细.xlsx,PARAMETERIZED_PLANNING_MODEL,600.0,500.0,8.6603,"min(conductor_Imax_base, SRC06_feeder_max_allowed_current)"
PZXL-00154-B0077,PHYSICAL_SPAN,BDZ-00048,河湾变,PZXL-00154,hdong,河东线,PZXL-00154-N0065,hdong线65杆,PZXL-00154-N0066,hdong线66杆,50.0,JKLGYJ-240,JKLGYJ-10-240/30,B,0.13,0.356,0.0065,0.0178,500.0,550.0,8.6603,CLOSED,78,邳州_10kV河东线明细.xlsx,PARAMETERIZED_PLANNING_MODEL,600.0,500.0,8.6603,"min(conductor_Imax_base, SRC06_feeder_max_allowed_current)"
PZXL-00154-B0078,PHYSICAL_SPAN,BDZ-00048,河湾变,PZXL-00154,hdong,河东线,PZXL-00154-N0057,hdong线58杆,PZXL-00154-N0058,hdong线59杆,50.0,JKLGYJ-240,JKLGYJ-10-240/30,B,0.13,0.356,0.0065,0.0178,500.0,550.0,8.6603,CLOSED,79,邳州_10kV河东线明细.xlsx,PARAMETERIZED_PLANNING_MODEL,600.0,500.0,8.6603,"min(conductor_Imax_base, SRC06_feeder_max_allowed_current)"
PZXL-00154-B0079,PHYSICAL_SPAN,BDZ-00048,河湾变,PZXL-00154,hdong,河东线,PZXL-00154-N0056,hdong线57杆,PZXL-00154-N0057,hdong线58杆,50.0,JKLGYJ-240,JKLGYJ-10-240/30,B,0.13,0.356,0.0065,0.0178,500.0,550.0,8.6603,CLOSED,80,邳州_10kV河东线明细.xlsx,PARAMETERIZED_PLANNING_MODEL,600.0,500.0,8.6603,"min(conductor_Imax_base, SRC06_feeder_max_allowed_current)"
PZXL-00154-B0080,PHYSICAL_SPAN,BDZ-00048,河湾变,PZXL-00154,hdong,河东线,PZXL-00154-N0052,hdong线54杆,PZXL-00154-N0053,hdong线55杆,50.0,JKLGYJ-240,JKLGYJ-10-240/30,B,0.13,0.356,0.0065,0.0178,500.0,550.0,8.6603,CLOSED,81,邳州_10kV河东线明细.xlsx,PARAMETERIZED_PLANNING_MODEL,600.0,500.0,8.6603,"min(conductor_Imax_base, SRC06_feeder_max_allowed_current)"
PZXL-00154-B0081,PHYSICAL_SPAN,BDZ-00048,河湾变,PZXL-00154,hdong,河东线,PZXL-00154-N0053,hdong线55杆,PZXL-00154-N0055,hdong线56杆,50.0,JKLGYJ-240,JKLGYJ-10-240/30,B,0.13,0.356,0.0065,0.0178,500.0,550.0,8.6603,CLOSED,82,邳州_10kV河东线明细.xlsx,PARAMETERIZED_PLANNING_MODEL,600.0,500.0,8.6603,"min(conductor_Imax_base, SRC06_feeder_max_allowed_current)"
PZXL-00154-B0082,PHYSICAL_SPAN,BDZ-00048,河湾变,PZXL-00154,hdong,河东线,PZXL-00154-N0055,hdong线56杆,PZXL-00154-N0056,hdong线57杆,50.0,JKLGYJ-240,JKLGYJ-10-240/30,B,0.13,0.356,0.0065,0.0178,500.0,550.0,8.6603,CLOSED,83,邳州_10kV河东线明细.xlsx,PARAMETERIZED_PLANNING_MODEL,600.0,500.0,8.6603,"min(conductor_Imax_base, SRC06_feeder_max_allowed_current)"
PZXL-00154-B0083,PHYSICAL_SPAN,BDZ-00048,河湾变,PZXL-00154,hdong,河东线,PZXL-00154-N0051,hdong线53杆,PZXL-00154-N0052,hdong线54杆,50.0,JKLGYJ-240,JKLGYJ-10-240/30,B,0.13,0.356,0.0065,0.0178,500.0,550.0,8.6603,CLOSED,84,邳州_10kV河东线明细.xlsx,PARAMETERIZED_PLANNING_MODEL,600.0,500.0,8.6603,"min(conductor_Imax_base, SRC06_feeder_max_allowed_current)"
PZXL-00154-B0084,PHYSICAL_SPAN,BDZ-00048,河湾变,PZXL-00154,hdong,河东线,PZXL-00154-N0050,hdong线52杆,PZXL-00154-N0051,hdong线53杆,50.0,JKLGYJ-240,JKLGYJ-10-240/30,B,0.13,0.356,0.0065,0.0178,500.0,550.0,8.6603,CLOSED,85,邳州_10kV河东线明细.xlsx,PARAMETERIZED_PLANNING_MODEL,600.0,500.0,8.6603,"min(conductor_Imax_base, SRC06_feeder_max_allowed_current)"
PZXL-00154-B0085,PHYSICAL_SPAN,BDZ-00048,河湾变,PZXL-00154,hdong,河东线,PZXL-00154-N0062,hdong线62杆,PZXL-00154-N0063,hdong线63杆,50.0,JKLGYJ-240,JKLGYJ-10-240/30,B,0.13,0.356,0.0065,0.0178,500.0,550.0,8.6603,CLOSED,86,邳州_10kV河东线明细.xlsx,PARAMETERIZED_PLANNING_MODEL,600.0,500.0,8.6603,"min(conductor_Imax_base, SRC06_feeder_max_allowed_current)"
PZXL-00154-B0086,PHYSICAL_SPAN,BDZ-00048,河湾变,PZXL-00154,hdong,河东线,PZXL-00154-N0063,hdong线63杆,PZXL-00154-N0064,hdong线64杆,50.0,JKLGYJ-240,JKLGYJ-10-240/30,B,0.13,0.356,0.0065,0.0178,500.0,550.0,8.6603,CLOSED,87,邳州_10kV河东线明细.xlsx,PARAMETERIZED_PLANNING_MODEL,600.0,500.0,8.6603,"min(conductor_Imax_base, SRC06_feeder_max_allowed_current)"
PZXL-00154-B0087,PHYSICAL_SPAN,BDZ-00048,河湾变,PZXL-00154,hdong,河东线,PZXL-00154-N0064,hdong线64杆,PZXL-00154-N0065,hdong线65杆,50.0,JKLGYJ-240,JKLGYJ-10-240/30,B,0.13,0.356,0.0065,0.0178,500.0,550.0,8.6603,CLOSED,88,邳州_10kV河东线明细.xlsx,PARAMETERIZED_PLANNING_MODEL,600.0,500.0,8.6603,"min(conductor_Imax_base, SRC06_feeder_max_allowed_current)"
PZXL-00154-B0088,PHYSICAL_SPAN,BDZ-00048,河湾变,PZXL-00154,hdong,河东线,PZXL-00154-N0104,hdong线92杆,PZXL-00154-N0105,hdong线93杆,50.0,JKLGYJ-240,JKLGYJ-10-240/30,B,0.13,0.356,0.0065,0.0178,500.0,550.0,8.6603,CLOSED,89,邳州_10kV河东线明细.xlsx,PARAMETERIZED_PLANNING_MODEL,600.0,500.0,8.6603,"min(conductor_Imax_base, SRC06_feeder_max_allowed_current)"
PZXL-00154-B0089,PHYSICAL_SPAN,BDZ-00048,河湾变,PZXL-00154,hdong,河东线,PZXL-00154-N0092,hdong线81杆,PZXL-00154-N0093,hdong线82杆,50.0,JKLGYJ-240,JKLGYJ-10-240/30,B,0.13,0.356,0.0065,0.0178,500.0,550.0,8.6603,CLOSED,90,邳州_10kV河东线明细.xlsx,PARAMETERIZED_PLANNING_MODEL,600.0,500.0,8.6603,"min(conductor_Imax_base, SRC06_feeder_max_allowed_current)"
PZXL-00154-B0090,PHYSICAL_SPAN,BDZ-00048,河湾变,PZXL-00154,hdong,河东线,PZXL-00154-N0093,hdong线82杆,PZXL-00154-N0094,hdong线83杆,50.0,JKLGYJ-240,JKLGYJ-10-240/30,B,0.13,0.356,0.0065,0.0178,500.0,550.0,8.6603,CLOSED,91,邳州_10kV河东线明细.xlsx,PARAMETERIZED_PLANNING_MODEL,600.0,500.0,8.6603,"min(conductor_Imax_base, SRC06_feeder_max_allowed_current)"
PZXL-00154-B0091,PHYSICAL_SPAN,BDZ-00048,河湾变,PZXL-00154,hdong,河东线,PZXL-00154-N0094,hdong线83杆,PZXL-00154-N0095,hdong线84杆,50.0,JKLGYJ-240,JKLGYJ-10-240/30,B,0.13,0.356,0.0065,0.0178,500.0,550.0,8.6603,CLOSED,92,邳州_10kV河东线明细.xlsx,PARAMETERIZED_PLANNING_MODEL,600.0,500.0,8.6603,"min(conductor_Imax_base, SRC06_feeder_max_allowed_current)"
PZXL-00154-B0092,PHYSICAL_SPAN,BDZ-00048,河湾变,PZXL-00154,hdong,河东线,PZXL-00154-N0095,hdong线84杆,PZXL-00154-N0096,hdong线85杆,50.0,JKLGYJ-240,JKLGYJ-10-240/30,B,0.13,0.356,0.0065,0.0178,500.0,550.0,8.6603,CLOSED,93,邳州_10kV河东线明细.xlsx,PARAMETERIZED_PLANNING_MODEL,600.0,500.0,8.6603,"min(conductor_Imax_base, SRC06_feeder_max_allowed_current)"
PZXL-00154-B0093,PHYSICAL_SPAN,BDZ-00048,河湾变,PZXL-00154,hdong,河东线,PZXL-00154-N0096,hdong线85杆,PZXL-00154-N0097,hdong线86杆,50.0,JKLGYJ-240,JKLGYJ-10-240/30,B,0.13,0.356,0.0065,0.0178,500.0,550.0,8.6603,CLOSED,94,邳州_10kV河东线明细.xlsx,PARAMETERIZED_PLANNING_MODEL,600.0,500.0,8.6603,"min(conductor_Imax_base, SRC06_feeder_max_allowed_current)"
PZXL-00154-B0094,PHYSICAL_SPAN,BDZ-00048,河湾变,PZXL-00154,hdong,河东线,PZXL-00154-N0097,hdong线86杆,PZXL-00154-N0098,hdong线87杆,50.0,JKLGYJ-240,JKLGYJ-10-240/30,B,0.13,0.356,0.0065,0.0178,500.0,550.0,8.6603,CLOSED,95,邳州_10kV河东线明细.xlsx,PARAMETERIZED_PLANNING_MODEL,600.0,500.0,8.6603,"min(conductor_Imax_base, SRC06_feeder_max_allowed_current)"
PZXL-00154-B0095,PHYSICAL_SPAN,BDZ-00048,河湾变,PZXL-00154,hdong,河东线,PZXL-00154-N0084,hdong线78杆,PZXL-00154-N0089,hdong线79杆,50.0,JKLGYJ-240,JKLGYJ-10-240/30,B,0.13,0.356,0.0065,0.0178,500.0,550.0,8.6603,CLOSED,96,邳州_10kV河东线明细.xlsx,PARAMETERIZED_PLANNING_MODEL,600.0,500.0,8.6603,"min(conductor_Imax_base, SRC06_feeder_max_allowed_current)"
PZXL-00154-B0096,PHYSICAL_SPAN,BDZ-00048,河湾变,PZXL-00154,hdong,河东线,PZXL-00154-N0130,hdong线汇龙支线04杆,PZXL-00154-N0131,hdong线汇龙支线05杆,50.0,JL(GD)/GIA-240/40,JL(GD)/G1A-240/40,B,0.1232,0.356,0.00616,0.0178,550.0,595.22,9.5263,CLOSED,97,邳州_10kV河东线明细.xlsx,PARAMETERIZED_PLANNING_MODEL,600.0,550.0,9.5263,"min(conductor_Imax_base, SRC06_feeder_max_allowed_current)"
PZXL-00154-B0097,PHYSICAL_SPAN,BDZ-00048,河湾变,PZXL-00154,hdong,河东线,PZXL-00154-N0118,hdong线张村2#变支线11杆,PZXL-00154-N0119,hdong线张村2#变支线12杆,50.0,JL(GD)/GIA-240/40,JL(GD)/G1A-240/40,B,0.1232,0.356,0.00616,0.0178,550.0,595.22,9.5263,CLOSED,98,邳州_10kV河东线明细.xlsx,PARAMETERIZED_PLANNING_MODEL,600.0,550.0,9.5263,"min(conductor_Imax_base, SRC06_feeder_max_allowed_current)"
PZXL-00154-B0098,PHYSICAL_SPAN,BDZ-00048,河湾变,PZXL-00154,hdong,河东线,PZXL-00154-N0124,hdong线张村2#变支线17杆,PZXL-00154-N0125,hdong线张村2#变支线18杆,50.0,JL(GD)/GIA-240/40,JL(GD)/G1A-240/40,B,0.1232,0.356,0.00616,0.0178,550.0,595.22,9.5263,CLOSED,99,邳州_10kV河东线明细.xlsx,PARAMETERIZED_PLANNING_MODEL,600.0,550.0,9.5263,"min(conductor_Imax_base, SRC06_feeder_max_allowed_current)"
PZXL-00154-B0099,PHYSICAL_SPAN,BDZ-00048,河湾变,PZXL-00154,hdong,河东线,PZXL-00154-N0133,hdong线汇龙支线07杆,PZXL-00154-N0134,hdong线汇龙支线08杆,50.0,JL(GD)/GIA-240/40,JL(GD)/G1A-240/40,B,0.1232,0.356,0.00616,0.0178,550.0,595.22,9.5263,CLOSED,100,邳州_10kV河东线明细.xlsx,PARAMETERIZED_PLANNING_MODEL,600.0,550.0,9.5263,"min(conductor_Imax_base, SRC06_feeder_max_allowed_current)"
PZXL-00154-B0100,PHYSICAL_SPAN,BDZ-00048,河湾变,PZXL-00154,hdong,河东线,PZXL-00154-N0042,hdong线44杆,PZXL-00154-N0043,hdong线45杆,50.0,JL(GD)/GIA-240/40,JL(GD)/G1A-240/40,B,0.1232,0.356,0.00616,0.0178,550.0,595.22,9.5263,CLOSED,101,邳州_10kV河东线明细.xlsx,PARAMETERIZED_PLANNING_MODEL,600.0,550.0,9.5263,"min(conductor_Imax_base, SRC06_feeder_max_allowed_current)"
PZXL-00154-B0101,PHYSICAL_SPAN,BDZ-00048,河湾变,PZXL-00154,hdong,河东线,PZXL-00154-N0109,hdong线张村2#变支线03杆,PZXL-00154-N0110,hdong线张村2#变支线04杆,50.0,JL(GD)/GIA-240/40,JL(GD)/G1A-240/40,B,0.1232,0.356,0.00616,0.0178,550.0,595.22,9.5263,CLOSED,102,邳州_10kV河东线明细.xlsx,PARAMETERIZED_PLANNING_MODEL,600.0,550.0,9.5263,"min(conductor_Imax_base, SRC06_feeder_max_allowed_current)"
PZXL-00154-B0102,PHYSICAL_SPAN,BDZ-00048,河湾变,PZXL-00154,hdong,河东线,PZXL-00154-N0112,hdong线张村2#变支线06杆,PZXL-00154-N0114,hdong线张村2#变支线07杆,50.0,JL(GD)/GIA-240/40,JL(GD)/G1A-240/40,B,0.1232,0.356,0.00616,0.0178,550.0,595.22,9.5263,CLOSED,103,邳州_10kV河东线明细.xlsx,PARAMETERIZED_PLANNING_MODEL,600.0,550.0,9.5263,"min(conductor_Imax_base, SRC06_feeder_max_allowed_current)"
PZXL-00154-B0103,PHYSICAL_SPAN,BDZ-00048,河湾变,PZXL-00154,hdong,河东线,PZXL-00154-N0022,hdong线25杆,PZXL-00154-N0023,hdong线26杆,50.0,JL(GD)/GIA-240/40,JL(GD)/G1A-240/40,B,0.1232,0.356,0.00616,0.0178,550.0,595.22,9.5263,CLOSED,104,邳州_10kV河东线明细.xlsx,PARAMETERIZED_PLANNING_MODEL,600.0,550.0,9.5263,"min(conductor_Imax_base, SRC06_feeder_max_allowed_current)"
PZXL-00154-B0104,PHYSICAL_SPAN,BDZ-00048,河湾变,PZXL-00154,hdong,河东线,PZXL-00154-N0120,hdong线张村2#变支线13杆,PZXL-00154-N0121,hdong线张村2#变支线14杆,50.0,JL(GD)/GIA-240/40,JL(GD)/G1A-240/40,B,0.1232,0.356,0.00616,0.0178,550.0,595.22,9.5263,CLOSED,105,邳州_10kV河东线明细.xlsx,PARAMETERIZED_PLANNING_MODEL,600.0,550.0,9.5263,"min(conductor_Imax_base, SRC06_feeder_max_allowed_current)"
PZXL-00154-B0105,PHYSICAL_SPAN,BDZ-00048,河湾变,PZXL-00154,hdong,河东线,PZXL-00154-N0101,hdong线8杆,PZXL-00154-N0106,hdong线9杆,50.0,JL(GD)/GIA-240/40,JL(GD)/G1A-240/40,B,0.1232,0.356,0.00616,0.0178,550.0,595.22,9.5263,CLOSED,106,邳州_10kV河东线明细.xlsx,PARAMETERIZED_PLANNING_MODEL,600.0,550.0,9.5263,"min(conductor_Imax_base, SRC06_feeder_max_allowed_current)"
PZXL-00154-B0106,PHYSICAL_SPAN,BDZ-00048,河湾变,PZXL-00154,hdong,河东线,PZXL-00154-N0131,hdong线汇龙支线05杆,PZXL-00154-N0132,hdong线汇龙支线06杆,50.0,JL(GD)/GIA-240/40,JL(GD)/G1A-240/40,B,0.1232,0.356,0.00616,0.0178,550.0,595.22,9.5263,CLOSED,107,邳州_10kV河东线明细.xlsx,PARAMETERIZED_PLANNING_MODEL,600.0,550.0,9.5263,"min(conductor_Imax_base, SRC06_feeder_max_allowed_current)"
PZXL-00154-B0107,PHYSICAL_SPAN,BDZ-00048,河湾变,PZXL-00154,hdong,河东线,PZXL-00154-N0059,hdong线5杆,PZXL-00154-N0165,李口八队电站支线01,50.0,JKLGYJ-240,JKLGYJ-10-240/30,B,0.13,0.356,0.0065,0.0178,500.0,550.0,8.6603,CLOSED,108,邳州_10kV河东线明细.xlsx,PARAMETERIZED_PLANNING_MODEL,600.0,500.0,8.6603,"min(conductor_Imax_base, SRC06_feeder_max_allowed_current)"
PZXL-00154-B0108,PHYSICAL_SPAN,BDZ-00048,河湾变,PZXL-00154,hdong,河东线,PZXL-00154-N0077,hdong线74-03杆,PZXL-00154-N0078,hdong线74-04杆,50.0,JKLGYJ-240,JKLGYJ-10-240/30,B,0.13,0.356,0.0065,0.0178,500.0,550.0,8.6603,CLOSED,109,邳州_10kV河东线明细.xlsx,PARAMETERIZED_PLANNING_MODEL,600.0,500.0,8.6603,"min(conductor_Imax_base, SRC06_feeder_max_allowed_current)"
PZXL-00154-B0109,PHYSICAL_SPAN,BDZ-00048,河湾变,PZXL-00154,hdong,河东线,PZXL-00154-N0008,hdong线12杆,PZXL-00154-N0009,hdong线13杆,50.0,JKLGYJ-240,JKLGYJ-10-240/30,B,0.13,0.356,0.0065,0.0178,500.0,550.0,8.6603,CLOSED,110,邳州_10kV河东线明细.xlsx,PARAMETERIZED_PLANNING_MODEL,600.0,500.0,8.6603,"min(conductor_Imax_base, SRC06_feeder_max_allowed_current)"
PZXL-00154-B0110,PHYSICAL_SPAN,BDZ-00048,河湾变,PZXL-00154,hdong,河东线,PZXL-00154-N0037,hdong线39杆,PZXL-00154-N0039,hdong线40杆,50.0,JKLGYJ-240,JKLGYJ-10-240/30,B,0.13,0.356,0.0065,0.0178,500.0,550.0,8.6603,CLOSED,111,邳州_10kV河东线明细.xlsx,PARAMETERIZED_PLANNING_MODEL,600.0,500.0,8.6603,"min(conductor_Imax_base, SRC06_feeder_max_allowed_current)"
PZXL-00154-B0111,PHYSICAL_SPAN,BDZ-00048,河湾变,PZXL-00154,hdong,河东线,PZXL-00154-N0073,hdong线72杆,PZXL-00154-N0074,hdong线73杆,50.0,JKLGYJ-240,JKLGYJ-10-240/30,B,0.13,0.356,0.0065,0.0178,500.0,550.0,8.6603,CLOSED,112,邳州_10kV河东线明细.xlsx,PARAMETERIZED_PLANNING_MODEL,600.0,500.0,8.6603,"min(conductor_Imax_base, SRC06_feeder_max_allowed_current)"
PZXL-00154-B0112,PHYSICAL_SPAN,BDZ-00048,河湾变,PZXL-00154,hdong,河东线,PZXL-00154-N0048,hdong线50杆,PZXL-00154-N0049,hdong线51杆,50.0,JKLGYJ-240,JKLGYJ-10-240/30,B,0.13,0.356,0.0065,0.0178,500.0,550.0,8.6603,CLOSED,113,邳州_10kV河东线明细.xlsx,PARAMETERIZED_PLANNING_MODEL,600.0,500.0,8.6603,"min(conductor_Imax_base, SRC06_feeder_max_allowed_current)"
PZXL-00154-B0113,PHYSICAL_SPAN,BDZ-00048,河湾变,PZXL-00154,hdong,河东线,PZXL-00154-N0049,hdong线51杆,PZXL-00154-N0050,hdong线52杆,50.0,JKLGYJ-240,JKLGYJ-10-240/30,B,0.13,0.356,0.0065,0.0178,500.0,550.0,8.6603,CLOSED,114,邳州_10kV河东线明细.xlsx,PARAMETERIZED_PLANNING_MODEL,600.0,500.0,8.6603,"min(conductor_Imax_base, SRC06_feeder_max_allowed_current)"
PZXL-00154-B0114,PHYSICAL_SPAN,BDZ-00048,河湾变,PZXL-00154,hdong,河东线,PZXL-00154-N0060,hdong线60杆,PZXL-00154-N0061,hdong线61杆,50.0,JKLGYJ-240,JKLGYJ-10-240/30,B,0.13,0.356,0.0065,0.0178,500.0,550.0,8.6603,CLOSED,115,邳州_10kV河东线明细.xlsx,PARAMETERIZED_PLANNING_MODEL,600.0,500.0,8.6603,"min(conductor_Imax_base, SRC06_feeder_max_allowed_current)"
PZXL-00154-B0115,PHYSICAL_SPAN,BDZ-00048,河湾变,PZXL-00154,hdong,河东线,PZXL-00154-N0046,hdong线49杆,PZXL-00154-N0048,hdong线50杆,50.0,JKLGYJ-240,JKLGYJ-10-240/30,B,0.13,0.356,0.0065,0.0178,500.0,550.0,8.6603,CLOSED,116,邳州_10kV河东线明细.xlsx,PARAMETERIZED_PLANNING_MODEL,600.0,500.0,8.6603,"min(conductor_Imax_base, SRC06_feeder_max_allowed_current)"
PZXL-00154-B0116,PHYSICAL_SPAN,BDZ-00048,河湾变,PZXL-00154,hdong,河东线,PZXL-00154-N0193,河镇线hdong48杆,PZXL-00154-N0046,hdong线49杆,50.0,JKLGYJ-240,JKLGYJ-10-240/30,B,0.13,0.356,0.0065,0.0178,500.0,550.0,8.6603,CLOSED,117,邳州_10kV河东线明细.xlsx,PARAMETERIZED_PLANNING_MODEL,600.0,500.0,8.6603,"min(conductor_Imax_base, SRC06_feeder_max_allowed_current)"
PZXL-00154-B0117,PHYSICAL_SPAN,BDZ-00048,河湾变,PZXL-00154,hdong,河东线,PZXL-00154-N0045,hdong线47杆,PZXL-00154-N0193,河镇线hdong48杆,50.0,JKLGYJ-240,JKLGYJ-10-240/30,B,0.13,0.356,0.0065,0.0178,500.0,550.0,8.6603,CLOSED,118,邳州_10kV河东线明细.xlsx,PARAMETERIZED_PLANNING_MODEL,600.0,500.0,8.6603,"min(conductor_Imax_base, SRC06_feeder_max_allowed_current)"
PZXL-00154-B0118,PHYSICAL_SPAN,BDZ-00048,河湾变,PZXL-00154,hdong,河东线,PZXL-00154-N0058,hdong线59杆,PZXL-00154-N0060,hdong线60杆,50.0,JKLGYJ-240,JKLGYJ-10-240/30,B,0.13,0.356,0.0065,0.0178,500.0,550.0,8.6603,CLOSED,119,邳州_10kV河东线明细.xlsx,PARAMETERIZED_PLANNING_MODEL,600.0,500.0,8.6603,"min(conductor_Imax_base, SRC06_feeder_max_allowed_current)"
PZXL-00154-B0119,PHYSICAL_SPAN,BDZ-00048,河湾变,PZXL-00154,hdong,河东线,PZXL-00154-N0148,勤丰纺织支线11杆,PZXL-00154-N0149,勤丰纺织支线12杆,50.0,JKLGYJ-240,JKLGYJ-10-240/30,B,0.13,0.356,0.0065,0.0178,500.0,550.0,8.6603,CLOSED,120,邳州_10kV河东线明细.xlsx,PARAMETERIZED_PLANNING_MODEL,600.0,500.0,8.6603,"min(conductor_Imax_base, SRC06_feeder_max_allowed_current)"
PZXL-00154-B0120,PHYSICAL_SPAN,BDZ-00048,河湾变,PZXL-00154,hdong,河东线,PZXL-00154-N0147,勤丰纺织支线10杆,PZXL-00154-N0148,勤丰纺织支线11杆,50.0,JKLGYJ-240,JKLGYJ-10-240/30,B,0.13,0.356,0.0065,0.0178,500.0,550.0,8.6603,CLOSED,121,邳州_10kV河东线明细.xlsx,PARAMETERIZED_PLANNING_MODEL,600.0,500.0,8.6603,"min(conductor_Imax_base, SRC06_feeder_max_allowed_current)"
PZXL-00154-B0121,PHYSICAL_SPAN,BDZ-00048,河湾变,PZXL-00154,hdong,河东线,PZXL-00154-N0145,勤丰纺织支线08杆,PZXL-00154-N0146,勤丰纺织支线09杆,50.0,JKLGYJ-240,JKLGYJ-10-240/30,B,0.13,0.356,0.0065,0.0178,500.0,550.0,8.6603,CLOSED,122,邳州_10kV河东线明细.xlsx,PARAMETERIZED_PLANNING_MODEL,600.0,500.0,8.6603,"min(conductor_Imax_base, SRC06_feeder_max_allowed_current)"
PZXL-00154-B0122,PHYSICAL_SPAN,BDZ-00048,河湾变,PZXL-00154,hdong,河东线,PZXL-00154-N0146,勤丰纺织支线09杆,PZXL-00154-N0147,勤丰纺织支线10杆,50.0,JKLGYJ-240,JKLGYJ-10-240/30,B,0.13,0.356,0.0065,0.0178,500.0,550.0,8.6603,CLOSED,123,邳州_10kV河东线明细.xlsx,PARAMETERIZED_PLANNING_MODEL,600.0,500.0,8.6603,"min(conductor_Imax_base, SRC06_feeder_max_allowed_current)"
PZXL-00154-B0123,PHYSICAL_SPAN,BDZ-00048,河湾变,PZXL-00154,hdong,河东线,PZXL-00154-N0080,hdong线74杆,PZXL-00154-N0138,勤丰纺织支线01杆,50.0,JKLGYJ-240,JKLGYJ-10-240/30,B,0.13,0.356,0.0065,0.0178,500.0,550.0,8.6603,CLOSED,124,邳州_10kV河东线明细.xlsx,PARAMETERIZED_PLANNING_MODEL,600.0,500.0,8.6603,"min(conductor_Imax_base, SRC06_feeder_max_allowed_current)"
PZXL-00154-B0124,PHYSICAL_SPAN,BDZ-00048,河湾变,PZXL-00154,hdong,河东线,PZXL-00154-N0138,勤丰纺织支线01杆,PZXL-00154-N0139,勤丰纺织支线02杆,50.0,JKLGYJ-240,JKLGYJ-10-240/30,B,0.13,0.356,0.0065,0.0178,500.0,550.0,8.6603,CLOSED,125,邳州_10kV河东线明细.xlsx,PARAMETERIZED_PLANNING_MODEL,600.0,500.0,8.6603,"min(conductor_Imax_base, SRC06_feeder_max_allowed_current)"
PZXL-00154-B0125,PHYSICAL_SPAN,BDZ-00048,河湾变,PZXL-00154,hdong,河东线,PZXL-00154-N0139,勤丰纺织支线02杆,PZXL-00154-N0140,勤丰纺织支线03杆,50.0,JKLGYJ-240,JKLGYJ-10-240/30,B,0.13,0.356,0.0065,0.0178,500.0,550.0,8.6603,CLOSED,126,邳州_10kV河东线明细.xlsx,PARAMETERIZED_PLANNING_MODEL,600.0,500.0,8.6603,"min(conductor_Imax_base, SRC06_feeder_max_allowed_current)"
PZXL-00154-B0126,PHYSICAL_SPAN,BDZ-00048,河湾变,PZXL-00154,hdong,河东线,PZXL-00154-N0140,勤丰纺织支线03杆,PZXL-00154-N0141,勤丰纺织支线04杆,50.0,JKLGYJ-240,JKLGYJ-10-240/30,B,0.13,0.356,0.0065,0.0178,500.0,550.0,8.6603,CLOSED,127,邳州_10kV河东线明细.xlsx,PARAMETERIZED_PLANNING_MODEL,600.0,500.0,8.6603,"min(conductor_Imax_base, SRC06_feeder_max_allowed_current)"
PZXL-00154-B0127,PHYSICAL_SPAN,BDZ-00048,河湾变,PZXL-00154,hdong,河东线,PZXL-00154-N0141,勤丰纺织支线04杆,PZXL-00154-N0142,勤丰纺织支线05杆,50.0,JKLGYJ-240,JKLGYJ-10-240/30,B,0.13,0.356,0.0065,0.0178,500.0,550.0,8.6603,CLOSED,128,邳州_10kV河东线明细.xlsx,PARAMETERIZED_PLANNING_MODEL,600.0,500.0,8.6603,"min(conductor_Imax_base, SRC06_feeder_max_allowed_current)"
PZXL-00154-B0128,PHYSICAL_SPAN,BDZ-00048,河湾变,PZXL-00154,hdong,河东线,PZXL-00154-N0089,hdong线79杆,PZXL-00154-N0091,hdong线80杆,50.0,JKLGYJ-240,JKLGYJ-10-240/30,B,0.13,0.356,0.0065,0.0178,500.0,550.0,8.6603,CLOSED,129,邳州_10kV河东线明细.xlsx,PARAMETERIZED_PLANNING_MODEL,600.0,500.0,8.6603,"min(conductor_Imax_base, SRC06_feeder_max_allowed_current)"
PZXL-00154-B0129,PHYSICAL_SPAN,BDZ-00048,河湾变,PZXL-00154,hdong,河东线,PZXL-00154-N0091,hdong线80杆,PZXL-00154-N0092,hdong线81杆,50.0,JKLGYJ-240,JKLGYJ-10-240/30,B,0.13,0.356,0.0065,0.0178,500.0,550.0,8.6603,CLOSED,130,邳州_10kV河东线明细.xlsx,PARAMETERIZED_PLANNING_MODEL,600.0,500.0,8.6603,"min(conductor_Imax_base, SRC06_feeder_max_allowed_current)"
PZXL-00154-B0130,PHYSICAL_SPAN,BDZ-00048,河湾变,PZXL-00154,hdong,河东线,PZXL-00154-N0080,hdong线74杆,PZXL-00154-N0081,hdong线75杆,50.0,JKLGYJ-240,JKLGYJ-10-240/30,B,0.13,0.356,0.0065,0.0178,500.0,550.0,8.6603,CLOSED,131,邳州_10kV河东线明细.xlsx,PARAMETERIZED_PLANNING_MODEL,600.0,500.0,8.6603,"min(conductor_Imax_base, SRC06_feeder_max_allowed_current)"
PZXL-00154-B0131,PHYSICAL_SPAN,BDZ-00048,河湾变,PZXL-00154,hdong,河东线,PZXL-00154-N0192,河镇线hdong42杆,PZXL-00154-N0041,hdong线43杆,50.0,JKLGYJ-240,JKLGYJ-10-240/30,B,0.13,0.356,0.0065,0.0178,500.0,550.0,8.6603,CLOSED,132,邳州_10kV河东线明细.xlsx,PARAMETERIZED_PLANNING_MODEL,600.0,500.0,8.6603,"min(conductor_Imax_base, SRC06_feeder_max_allowed_current)"
PZXL-00154-B0132,PHYSICAL_SPAN,BDZ-00048,河湾变,PZXL-00154,hdong,河东线,PZXL-00154-N0081,hdong线75杆,PZXL-00154-N0082,hdong线76杆,50.0,JKLGYJ-240,JKLGYJ-10-240/30,B,0.13,0.356,0.0065,0.0178,500.0,550.0,8.6603,CLOSED,133,邳州_10kV河东线明细.xlsx,PARAMETERIZED_PLANNING_MODEL,600.0,500.0,8.6603,"min(conductor_Imax_base, SRC06_feeder_max_allowed_current)"
PZXL-00154-B0133,PHYSICAL_SPAN,BDZ-00048,河湾变,PZXL-00154,hdong,河东线,PZXL-00154-N0082,hdong线76杆,PZXL-00154-N0083,hdong线77杆,50.0,JKLGYJ-240,JKLGYJ-10-240/30,B,0.13,0.356,0.0065,0.0178,500.0,550.0,8.6603,CLOSED,134,邳州_10kV河东线明细.xlsx,PARAMETERIZED_PLANNING_MODEL,600.0,500.0,8.6603,"min(conductor_Imax_base, SRC06_feeder_max_allowed_current)"
PZXL-00154-B0134,PHYSICAL_SPAN,BDZ-00048,河湾变,PZXL-00154,hdong,河东线,PZXL-00154-N0083,hdong线77杆,PZXL-00154-N0084,hdong线78杆,50.0,JKLGYJ-240,JKLGYJ-10-240/30,B,0.13,0.356,0.0065,0.0178,500.0,550.0,8.6603,CLOSED,135,邳州_10kV河东线明细.xlsx,PARAMETERIZED_PLANNING_MODEL,600.0,500.0,8.6603,"min(conductor_Imax_base, SRC06_feeder_max_allowed_current)"
PZXL-00154-B0135,PHYSICAL_SPAN,BDZ-00048,河湾变,PZXL-00154,hdong,河东线,PZXL-00154-N0182,河湾1#支线15杆,PZXL-00154-N0183,河湾1#支线16杆,50.0,JKLGYJ-240,JKLGYJ-10-240/30,B,0.13,0.356,0.0065,0.0178,500.0,550.0,8.6603,CLOSED,136,邳州_10kV河东线明细.xlsx,PARAMETERIZED_PLANNING_MODEL,600.0,500.0,8.6603,"min(conductor_Imax_base, SRC06_feeder_max_allowed_current)"
PZXL-00154-B0136,PHYSICAL_SPAN,BDZ-00048,河湾变,PZXL-00154,hdong,河东线,PZXL-00154-N0183,河湾1#支线16杆,PZXL-00154-N0184,河湾1#支线17杆,50.0,JKLGYJ-240,JKLGYJ-10-240/30,B,0.13,0.356,0.0065,0.0178,500.0,550.0,8.6603,CLOSED,137,邳州_10kV河东线明细.xlsx,PARAMETERIZED_PLANNING_MODEL,600.0,500.0,8.6603,"min(conductor_Imax_base, SRC06_feeder_max_allowed_current)"
PZXL-00154-B0137,PHYSICAL_SPAN,BDZ-00048,河湾变,PZXL-00154,hdong,河东线,PZXL-00154-N0184,河湾1#支线17杆,PZXL-00154-N0185,河湾1#支线18杆,50.0,JKLGYJ-240,JKLGYJ-10-240/30,B,0.13,0.356,0.0065,0.0178,500.0,550.0,8.6603,CLOSED,138,邳州_10kV河东线明细.xlsx,PARAMETERIZED_PLANNING_MODEL,600.0,500.0,8.6603,"min(conductor_Imax_base, SRC06_feeder_max_allowed_current)"
PZXL-00154-B0138,PHYSICAL_SPAN,BDZ-00048,河湾变,PZXL-00154,hdong,河东线,PZXL-00154-N0185,河湾1#支线18杆,PZXL-00154-N0186,河湾1#支线19杆,50.0,JKLGYJ-240,JKLGYJ-10-240/30,B,0.13,0.356,0.0065,0.0178,500.0,550.0,8.6603,CLOSED,139,邳州_10kV河东线明细.xlsx,PARAMETERIZED_PLANNING_MODEL,600.0,500.0,8.6603,"min(conductor_Imax_base, SRC06_feeder_max_allowed_current)"
PZXL-00154-B0139,PHYSICAL_SPAN,BDZ-00048,河湾变,PZXL-00154,hdong,河东线,PZXL-00154-N0186,河湾1#支线19杆,PZXL-00154-N0187,河湾1#支线20杆,50.0,JKLGYJ-240,JKLGYJ-10-240/30,B,0.13,0.356,0.0065,0.0178,500.0,550.0,8.6603,CLOSED,140,邳州_10kV河东线明细.xlsx,PARAMETERIZED_PLANNING_MODEL,600.0,500.0,8.6603,"min(conductor_Imax_base, SRC06_feeder_max_allowed_current)"
PZXL-00154-B0140,PHYSICAL_SPAN,BDZ-00048,河湾变,PZXL-00154,hdong,河东线,PZXL-00154-N0187,河湾1#支线20杆,PZXL-00154-N0188,河湾1#支线21杆,50.0,JKLGYJ-240,JKLGYJ-10-240/30,B,0.13,0.356,0.0065,0.0178,500.0,550.0,8.6603,CLOSED,141,邳州_10kV河东线明细.xlsx,PARAMETERIZED_PLANNING_MODEL,600.0,500.0,8.6603,"min(conductor_Imax_base, SRC06_feeder_max_allowed_current)"
PZXL-00154-B0141,PHYSICAL_SPAN,BDZ-00048,河湾变,PZXL-00154,hdong,河东线,PZXL-00154-N0188,河湾1#支线21杆,PZXL-00154-N0189,河湾1#支线22杆,50.0,JKLGYJ-240,JKLGYJ-10-240/30,B,0.13,0.356,0.0065,0.0178,500.0,550.0,8.6603,CLOSED,142,邳州_10kV河东线明细.xlsx,PARAMETERIZED_PLANNING_MODEL,600.0,500.0,8.6603,"min(conductor_Imax_base, SRC06_feeder_max_allowed_current)"
PZXL-00154-B0142,PHYSICAL_SPAN,BDZ-00048,河湾变,PZXL-00154,hdong,河东线,PZXL-00154-N0189,河湾1#支线22杆,PZXL-00154-N0190,河湾1#支线23杆,50.0,JKLGYJ-240,JKLGYJ-10-240/30,B,0.13,0.356,0.0065,0.0178,500.0,550.0,8.6603,CLOSED,143,邳州_10kV河东线明细.xlsx,PARAMETERIZED_PLANNING_MODEL,600.0,500.0,8.6603,"min(conductor_Imax_base, SRC06_feeder_max_allowed_current)"
PZXL-00154-B0143,PHYSICAL_SPAN,BDZ-00048,河湾变,PZXL-00154,hdong,河东线,PZXL-00154-N0075,hdong线74-01杆,PZXL-00154-N0076,hdong线74-02杆,50.0,JKLGYJ-240,JKLGYJ-10-240/30,B,0.13,0.356,0.0065,0.0178,500.0,550.0,8.6603,CLOSED,144,邳州_10kV河东线明细.xlsx,PARAMETERIZED_PLANNING_MODEL,600.0,500.0,8.6603,"min(conductor_Imax_base, SRC06_feeder_max_allowed_current)"
PZXL-00154-B0144,PHYSICAL_SPAN,BDZ-00048,河湾变,PZXL-00154,hdong,河东线,PZXL-00154-N0044,hdong线46杆,PZXL-00154-N0045,hdong线47杆,50.0,JKLGYJ-240,JKLGYJ-10-240/30,B,0.13,0.356,0.0065,0.0178,500.0,550.0,8.6603,CLOSED,145,邳州_10kV河东线明细.xlsx,PARAMETERIZED_PLANNING_MODEL,600.0,500.0,8.6603,"min(conductor_Imax_base, SRC06_feeder_max_allowed_current)"
PZXL-00154-B0145,PHYSICAL_SPAN,BDZ-00048,河湾变,PZXL-00154,hdong,河东线,PZXL-00154-N0021,hdong线24杆,PZXL-00154-N0022,hdong线25杆,50.0,JKLGYJ-240,JKLGYJ-10-240/30,B,0.13,0.356,0.0065,0.0178,500.0,550.0,8.6603,CLOSED,146,邳州_10kV河东线明细.xlsx,PARAMETERIZED_PLANNING_MODEL,600.0,500.0,8.6603,"min(conductor_Imax_base, SRC06_feeder_max_allowed_current)"
PZXL-00154-B0146,PHYSICAL_SPAN,BDZ-00048,河湾变,PZXL-00154,hdong,河东线,PZXL-00154-N0114,hdong线张村2#变支线07杆,PZXL-00154-N0115,hdong线张村2#变支线08杆,50.0,JKLGYJ-240,JKLGYJ-10-240/30,B,0.13,0.356,0.0065,0.0178,500.0,550.0,8.6603,CLOSED,147,邳州_10kV河东线明细.xlsx,PARAMETERIZED_PLANNING_MODEL,600.0,500.0,8.6603,"min(conductor_Imax_base, SRC06_feeder_max_allowed_current)"
PZXL-00154-B0147,PHYSICAL_SPAN,BDZ-00048,河湾变,PZXL-00154,hdong,河东线,PZXL-00154-N0017,hdong线20杆,PZXL-00154-N0018,hdong线21杆,50.0,JKLGYJ-240,JKLGYJ-10-240/30,B,0.13,0.356,0.0065,0.0178,500.0,550.0,8.6603,CLOSED,148,邳州_10kV河东线明细.xlsx,PARAMETERIZED_PLANNING_MODEL,600.0,500.0,8.6603,"min(conductor_Imax_base, SRC06_feeder_max_allowed_current)"
PZXL-00154-B0148,PHYSICAL_SPAN,BDZ-00048,河湾变,PZXL-00154,hdong,河东线,PZXL-00154-N0031,hdong线33杆,PZXL-00154-N0032,hdong线34杆,50.0,JKLGYJ-240,JKLGYJ-10-240/30,B,0.13,0.356,0.0065,0.0178,500.0,550.0,8.6603,CLOSED,149,邳州_10kV河东线明细.xlsx,PARAMETERIZED_PLANNING_MODEL,600.0,500.0,8.6603,"min(conductor_Imax_base, SRC06_feeder_max_allowed_current)"
PZXL-00154-B0149,PHYSICAL_SPAN,BDZ-00048,河湾变,PZXL-00154,hdong,河东线,PZXL-00154-N0036,hdong线38杆,PZXL-00154-N0037,hdong线39杆,50.0,JKLGYJ-240,JKLGYJ-10-240/30,B,0.13,0.356,0.0065,0.0178,500.0,550.0,8.6603,CLOSED,150,邳州_10kV河东线明细.xlsx,PARAMETERIZED_PLANNING_MODEL,600.0,500.0,8.6603,"min(conductor_Imax_base, SRC06_feeder_max_allowed_current)"
PZXL-00154-B0150,PHYSICAL_SPAN,BDZ-00048,河湾变,PZXL-00154,hdong,河东线,PZXL-00154-N0033,hdong线35杆,PZXL-00154-N0034,hdong线36杆,50.0,JKLGYJ-240,JKLGYJ-10-240/30,B,0.13,0.356,0.0065,0.0178,500.0,550.0,8.6603,CLOSED,151,邳州_10kV河东线明细.xlsx,PARAMETERIZED_PLANNING_MODEL,600.0,500.0,8.6603,"min(conductor_Imax_base, SRC06_feeder_max_allowed_current)"
PZXL-00154-B0151,PHYSICAL_SPAN,BDZ-00048,河湾变,PZXL-00154,hdong,河东线,PZXL-00154-N0034,hdong线36杆,PZXL-00154-N0035,hdong线37杆,50.0,JKLGYJ-240,JKLGYJ-10-240/30,B,0.13,0.356,0.0065,0.0178,500.0,550.0,8.6603,CLOSED,152,邳州_10kV河东线明细.xlsx,PARAMETERIZED_PLANNING_MODEL,600.0,500.0,8.6603,"min(conductor_Imax_base, SRC06_feeder_max_allowed_current)"
PZXL-00154-B0152,PHYSICAL_SPAN,BDZ-00048,河湾变,PZXL-00154,hdong,河东线,PZXL-00154-N0032,hdong线34杆,PZXL-00154-N0033,hdong线35杆,50.0,JKLGYJ-240,JKLGYJ-10-240/30,B,0.13,0.356,0.0065,0.0178,500.0,550.0,8.6603,CLOSED,153,邳州_10kV河东线明细.xlsx,PARAMETERIZED_PLANNING_MODEL,600.0,500.0,8.6603,"min(conductor_Imax_base, SRC06_feeder_max_allowed_current)"
PZXL-00154-B0153,PHYSICAL_SPAN,BDZ-00048,河湾变,PZXL-00154,hdong,河东线,PZXL-00154-N0066,hdong线66杆,PZXL-00154-N0067,hdong线67杆,50.0,JKLGYJ-240,JKLGYJ-10-240/30,B,0.13,0.356,0.0065,0.0178,500.0,550.0,8.6603,CLOSED,154,邳州_10kV河东线明细.xlsx,PARAMETERIZED_PLANNING_MODEL,600.0,500.0,8.6603,"min(conductor_Imax_base, SRC06_feeder_max_allowed_current)"
PZXL-00154-B0154,PHYSICAL_SPAN,BDZ-00048,河湾变,PZXL-00154,hdong,河东线,PZXL-00154-N0067,hdong线67杆,PZXL-00154-N0068,hdong线68杆,50.0,JKLGYJ-240,JKLGYJ-10-240/30,B,0.13,0.356,0.0065,0.0178,500.0,550.0,8.6603,CLOSED,155,邳州_10kV河东线明细.xlsx,PARAMETERIZED_PLANNING_MODEL,600.0,500.0,8.6603,"min(conductor_Imax_base, SRC06_feeder_max_allowed_current)"
PZXL-00154-B0155,PHYSICAL_SPAN,BDZ-00048,河湾变,PZXL-00154,hdong,河东线,PZXL-00154-N0068,hdong线68杆,PZXL-00154-N0069,hdong线69杆,50.0,JKLGYJ-240,JKLGYJ-10-240/30,B,0.13,0.356,0.0065,0.0178,500.0,550.0,8.6603,CLOSED,156,邳州_10kV河东线明细.xlsx,PARAMETERIZED_PLANNING_MODEL,600.0,500.0,8.6603,"min(conductor_Imax_base, SRC06_feeder_max_allowed_current)"
PZXL-00154-B0156,PHYSICAL_SPAN,BDZ-00048,河湾变,PZXL-00154,hdong,河东线,PZXL-00154-N0142,勤丰纺织支线05杆,PZXL-00154-N0143,勤丰纺织支线06杆,50.0,JKLGYJ-240,JKLGYJ-10-240/30,B,0.13,0.356,0.0065,0.0178,500.0,550.0,8.6603,CLOSED,157,邳州_10kV河东线明细.xlsx,PARAMETERIZED_PLANNING_MODEL,600.0,500.0,8.6603,"min(conductor_Imax_base, SRC06_feeder_max_allowed_current)"
PZXL-00154-B0157,PHYSICAL_SPAN,BDZ-00048,河湾变,PZXL-00154,hdong,河东线,PZXL-00154-N0143,勤丰纺织支线06杆,PZXL-00154-N0144,勤丰纺织支线07杆,50.0,JKLGYJ-240,JKLGYJ-10-240/30,B,0.13,0.356,0.0065,0.0178,500.0,550.0,8.6603,CLOSED,158,邳州_10kV河东线明细.xlsx,PARAMETERIZED_PLANNING_MODEL,600.0,500.0,8.6603,"min(conductor_Imax_base, SRC06_feeder_max_allowed_current)"
PZXL-00154-B0158,PHYSICAL_SPAN,BDZ-00048,河湾变,PZXL-00154,hdong,河东线,PZXL-00154-N0144,勤丰纺织支线07杆,PZXL-00154-N0145,勤丰纺织支线08杆,50.0,JKLGYJ-240,JKLGYJ-10-240/30,B,0.13,0.356,0.0065,0.0178,500.0,550.0,8.6603,CLOSED,159,邳州_10kV河东线明细.xlsx,PARAMETERIZED_PLANNING_MODEL,600.0,500.0,8.6603,"min(conductor_Imax_base, SRC06_feeder_max_allowed_current)"
PZXL-00154-B0159,PHYSICAL_SPAN,BDZ-00048,河湾变,PZXL-00154,hdong,河东线,PZXL-00154-N0192,河镇线hdong42杆,PZXL-00154-N0107,hdong线张村2#变支线01杆,50.0,JKLGYJ-240,JKLGYJ-10-240/30,B,0.13,0.356,0.0065,0.0178,500.0,550.0,8.6603,CLOSED,160,邳州_10kV河东线明细.xlsx,PARAMETERIZED_PLANNING_MODEL,600.0,500.0,8.6603,"min(conductor_Imax_base, SRC06_feeder_max_allowed_current)"
PZXL-00154-B0160,PHYSICAL_SPAN,BDZ-00048,河湾变,PZXL-00154,hdong,河东线,PZXL-00154-N0107,hdong线张村2#变支线01杆,PZXL-00154-N0108,hdong线张村2#变支线02杆,50.0,JKLGYJ-240,JKLGYJ-10-240/30,B,0.13,0.356,0.0065,0.0178,500.0,550.0,8.6603,CLOSED,161,邳州_10kV河东线明细.xlsx,PARAMETERIZED_PLANNING_MODEL,600.0,500.0,8.6603,"min(conductor_Imax_base, SRC06_feeder_max_allowed_current)"
PZXL-00154-B0161,PHYSICAL_SPAN,BDZ-00048,河湾变,PZXL-00154,hdong,河东线,PZXL-00154-N0043,hdong线45杆,PZXL-00154-N0044,hdong线46杆,50.0,JKLGYJ-240,JKLGYJ-10-240/30,B,0.13,0.356,0.0065,0.0178,500.0,550.0,8.6603,CLOSED,162,邳州_10kV河东线明细.xlsx,PARAMETERIZED_PLANNING_MODEL,600.0,500.0,8.6603,"min(conductor_Imax_base, SRC06_feeder_max_allowed_current)"
PZXL-00154-B0162,PHYSICAL_SPAN,BDZ-00048,河湾变,PZXL-00154,hdong,河东线,PZXL-00154-N0169,河湾1#支线02杆,PZXL-00154-N0170,河湾1#支线03杆,50.0,JKLGYJ-240,JKLGYJ-10-240/30,B,0.13,0.356,0.0065,0.0178,500.0,550.0,8.6603,CLOSED,163,邳州_10kV河东线明细.xlsx,PARAMETERIZED_PLANNING_MODEL,600.0,500.0,8.6603,"min(conductor_Imax_base, SRC06_feeder_max_allowed_current)"
PZXL-00154-B0163,PHYSICAL_SPAN,BDZ-00048,河湾变,PZXL-00154,hdong,河东线,PZXL-00154-N0170,河湾1#支线03杆,PZXL-00154-N0171,河湾1#支线04杆,50.0,JKLGYJ-240,JKLGYJ-10-240/30,B,0.13,0.356,0.0065,0.0178,500.0,550.0,8.6603,CLOSED,164,邳州_10kV河东线明细.xlsx,PARAMETERIZED_PLANNING_MODEL,600.0,500.0,8.6603,"min(conductor_Imax_base, SRC06_feeder_max_allowed_current)"
PZXL-00154-B0164,PHYSICAL_SPAN,BDZ-00048,河湾变,PZXL-00154,hdong,河东线,PZXL-00154-N0171,河湾1#支线04杆,PZXL-00154-N0172,河湾1#支线05杆,50.0,JKLGYJ-240,JKLGYJ-10-240/30,B,0.13,0.356,0.0065,0.0178,500.0,550.0,8.6603,CLOSED,165,邳州_10kV河东线明细.xlsx,PARAMETERIZED_PLANNING_MODEL,600.0,500.0,8.6603,"min(conductor_Imax_base, SRC06_feeder_max_allowed_current)"
PZXL-00154-B0165,PHYSICAL_SPAN,BDZ-00048,河湾变,PZXL-00154,hdong,河东线,PZXL-00154-N0076,hdong线74-02杆,PZXL-00154-N0077,hdong线74-03杆,50.0,JKLGYJ-240,JKLGYJ-10-240/30,B,0.13,0.356,0.0065,0.0178,500.0,550.0,8.6603,CLOSED,166,邳州_10kV河东线明细.xlsx,PARAMETERIZED_PLANNING_MODEL,600.0,500.0,8.6603,"min(conductor_Imax_base, SRC06_feeder_max_allowed_current)"
PZXL-00154-B0166,PHYSICAL_SPAN,BDZ-00048,河湾变,PZXL-00154,hdong,河东线,PZXL-00154-N0141,勤丰纺织支线04杆,PZXL-00154-N0155,宏达支01,50.0,JKLGYJ-240,JKLGYJ-10-240/30,B,0.13,0.356,0.0065,0.0178,500.0,550.0,8.6603,CLOSED,167,邳州_10kV河东线明细.xlsx,PARAMETERIZED_PLANNING_MODEL,600.0,500.0,8.6603,"min(conductor_Imax_base, SRC06_feeder_max_allowed_current)"
PZXL-00154-B0167,PHYSICAL_SPAN,BDZ-00048,河湾变,PZXL-00154,hdong,河东线,PZXL-00154-N0152,华运蒜业支线01杆,PZXL-00154-N0153,华运蒜业支线02杆,50.0,JKLGYJ-240,JKLGYJ-10-240/30,B,0.13,0.356,0.0065,0.0178,500.0,550.0,8.6603,CLOSED,168,邳州_10kV河东线明细.xlsx,PARAMETERIZED_PLANNING_MODEL,600.0,500.0,8.6603,"min(conductor_Imax_base, SRC06_feeder_max_allowed_current)"
PZXL-00154-B0168,PHYSICAL_SPAN,BDZ-00048,河湾变,PZXL-00154,hdong,河东线,PZXL-00154-N0080,hdong线74杆,PZXL-00154-N0075,hdong线74-01杆,50.0,JKLGYJ-240,JKLGYJ-10-240/30,B,0.13,0.356,0.0065,0.0178,500.0,550.0,8.6603,CLOSED,169,邳州_10kV河东线明细.xlsx,PARAMETERIZED_PLANNING_MODEL,600.0,500.0,8.6603,"min(conductor_Imax_base, SRC06_feeder_max_allowed_current)"
PZXL-00154-B0169,PHYSICAL_SPAN,BDZ-00048,河湾变,PZXL-00154,hdong,河东线,PZXL-00154-N0100,hdong线89杆,PZXL-00154-N0102,hdong线90杆,50.0,JKLGYJ-240,JKLGYJ-10-240/30,B,0.13,0.356,0.0065,0.0178,500.0,550.0,8.6603,CLOSED,170,邳州_10kV河东线明细.xlsx,PARAMETERIZED_PLANNING_MODEL,600.0,500.0,8.6603,"min(conductor_Imax_base, SRC06_feeder_max_allowed_current)"
PZXL-00154-B0170,PHYSICAL_SPAN,BDZ-00048,河湾变,PZXL-00154,hdong,河东线,PZXL-00154-N0172,河湾1#支线05杆,PZXL-00154-N0173,河湾1#支线06杆,50.0,JKLGYJ-240,JKLGYJ-10-240/30,B,0.13,0.356,0.0065,0.0178,500.0,550.0,8.6603,CLOSED,171,邳州_10kV河东线明细.xlsx,PARAMETERIZED_PLANNING_MODEL,600.0,500.0,8.6603,"min(conductor_Imax_base, SRC06_feeder_max_allowed_current)"
PZXL-00154-B0171,PHYSICAL_SPAN,BDZ-00048,河湾变,PZXL-00154,hdong,河东线,PZXL-00154-N0173,河湾1#支线06杆,PZXL-00154-N0174,河湾1#支线07杆,50.0,JKLGYJ-240,JKLGYJ-10-240/30,B,0.13,0.356,0.0065,0.0178,500.0,550.0,8.6603,CLOSED,172,邳州_10kV河东线明细.xlsx,PARAMETERIZED_PLANNING_MODEL,600.0,500.0,8.6603,"min(conductor_Imax_base, SRC06_feeder_max_allowed_current)"
PZXL-00154-B0172,PHYSICAL_SPAN,BDZ-00048,河湾变,PZXL-00154,hdong,河东线,PZXL-00154-N0174,河湾1#支线07杆,PZXL-00154-N0175,河湾1#支线08杆,50.0,JKLGYJ-240,JKLGYJ-10-240/30,B,0.13,0.356,0.0065,0.0178,500.0,550.0,8.6603,CLOSED,173,邳州_10kV河东线明细.xlsx,PARAMETERIZED_PLANNING_MODEL,600.0,500.0,8.6603,"min(conductor_Imax_base, SRC06_feeder_max_allowed_current)"
PZXL-00154-B0173,PHYSICAL_SPAN,BDZ-00048,河湾变,PZXL-00154,hdong,河东线,PZXL-00154-N0175,河湾1#支线08杆,PZXL-00154-N0176,河湾1#支线09杆,50.0,JKLGYJ-240,JKLGYJ-10-240/30,B,0.13,0.356,0.0065,0.0178,500.0,550.0,8.6603,CLOSED,174,邳州_10kV河东线明细.xlsx,PARAMETERIZED_PLANNING_MODEL,600.0,500.0,8.6603,"min(conductor_Imax_base, SRC06_feeder_max_allowed_current)"
PZXL-00154-B0174,PHYSICAL_SPAN,BDZ-00048,河湾变,PZXL-00154,hdong,河东线,PZXL-00154-N0149,勤丰纺织支线12杆,PZXL-00154-N0150,勤丰纺织支线13杆,50.0,JKLGYJ-240,JKLGYJ-10-240/30,B,0.13,0.356,0.0065,0.0178,500.0,550.0,8.6603,CLOSED,175,邳州_10kV河东线明细.xlsx,PARAMETERIZED_PLANNING_MODEL,600.0,500.0,8.6603,"min(conductor_Imax_base, SRC06_feeder_max_allowed_current)"
PZXL-00154-B0175,PHYSICAL_SPAN,BDZ-00048,河湾变,PZXL-00154,hdong,河东线,PZXL-00154-N0150,勤丰纺织支线13杆,PZXL-00154-N0151,勤丰纺织支线14杆,50.0,JKLGYJ-240,JKLGYJ-10-240/30,B,0.13,0.356,0.0065,0.0178,500.0,550.0,8.6603,CLOSED,176,邳州_10kV河东线明细.xlsx,PARAMETERIZED_PLANNING_MODEL,600.0,500.0,8.6603,"min(conductor_Imax_base, SRC06_feeder_max_allowed_current)"
PZXL-00154-B0176,PHYSICAL_SPAN,BDZ-00048,河湾变,PZXL-00154,hdong,河东线,PZXL-00154-N0002,hdong支线01杆,PZXL-00154-N0003,hdong支线02杆,50.0,JKLGYJ-240,JKLGYJ-10-240/30,B,0.13,0.356,0.0065,0.0178,500.0,550.0,8.6603,CLOSED,177,邳州_10kV河东线明细.xlsx,PARAMETERIZED_PLANNING_MODEL,600.0,500.0,8.6603,"min(conductor_Imax_base, SRC06_feeder_max_allowed_current)"
PZXL-00154-B0177,PHYSICAL_SPAN,BDZ-00048,河湾变,PZXL-00154,hdong,河东线,PZXL-00154-N0003,hdong支线02杆,PZXL-00154-N0004,hdong支线03杆,50.0,JKLGYJ-240,JKLGYJ-10-240/30,B,0.13,0.356,0.0065,0.0178,500.0,550.0,8.6603,CLOSED,178,邳州_10kV河东线明细.xlsx,PARAMETERIZED_PLANNING_MODEL,600.0,500.0,8.6603,"min(conductor_Imax_base, SRC06_feeder_max_allowed_current)"
PZXL-00154-B0178,PHYSICAL_SPAN,BDZ-00048,河湾变,PZXL-00154,hdong,河东线,PZXL-00154-N0002,hdong支线01杆,PZXL-00154-N0001,3队电站支01,50.0,JKLGYJ-240,JKLGYJ-10-240/30,B,0.13,0.356,0.0065,0.0178,500.0,550.0,8.6603,CLOSED,179,邳州_10kV河东线明细.xlsx,PARAMETERIZED_PLANNING_MODEL,600.0,500.0,8.6603,"min(conductor_Imax_base, SRC06_feeder_max_allowed_current)"
PZXL-00154-B0179,PHYSICAL_SPAN,BDZ-00048,河湾变,PZXL-00154,hdong,河东线,PZXL-00154-N0045,hdong线47杆,PZXL-00154-N0191,河湾四队电站支01,50.0,JKLGYJ-240,JKLGYJ-10-240/30,B,0.13,0.356,0.0065,0.0178,500.0,550.0,8.6603,CLOSED,180,邳州_10kV河东线明细.xlsx,PARAMETERIZED_PLANNING_MODEL,600.0,500.0,8.6603,"min(conductor_Imax_base, SRC06_feeder_max_allowed_current)"
PZXL-00154-B0180,PHYSICAL_SPAN,BDZ-00048,河湾变,PZXL-00154,hdong,河东线,PZXL-00154-N0168,河湾1#支线01杆,PZXL-00154-N0169,河湾1#支线02杆,50.0,JKLGYJ-240,JKLGYJ-10-240/30,B,0.13,0.356,0.0065,0.0178,500.0,550.0,8.6603,CLOSED,181,邳州_10kV河东线明细.xlsx,PARAMETERIZED_PLANNING_MODEL,600.0,500.0,8.6603,"min(conductor_Imax_base, SRC06_feeder_max_allowed_current)"
PZXL-00154-B0181,PHYSICAL_SPAN,BDZ-00048,河湾变,PZXL-00154,hdong,河东线,PZXL-00154-N0102,hdong线90杆,PZXL-00154-N0103,hdong线91杆,50.0,JKLGYJ-240,JKLGYJ-10-240/30,B,0.13,0.356,0.0065,0.0178,500.0,550.0,8.6603,CLOSED,182,邳州_10kV河东线明细.xlsx,PARAMETERIZED_PLANNING_MODEL,600.0,500.0,8.6603,"min(conductor_Imax_base, SRC06_feeder_max_allowed_current)"
PZXL-00154-B0182,PHYSICAL_SPAN,BDZ-00048,河湾变,PZXL-00154,hdong,河东线,PZXL-00154-N0103,hdong线91杆,PZXL-00154-N0104,hdong线92杆,50.0,JKLGYJ-240,JKLGYJ-10-240/30,B,0.13,0.356,0.0065,0.0178,500.0,550.0,8.6603,CLOSED,183,邳州_10kV河东线明细.xlsx,PARAMETERIZED_PLANNING_MODEL,600.0,500.0,8.6603,"min(conductor_Imax_base, SRC06_feeder_max_allowed_current)"
PZXL-00154-B0183,PHYSICAL_SPAN,BDZ-00048,河湾变,PZXL-00154,hdong,河东线,PZXL-00154-N0099,hdong线88杆,PZXL-00154-N0100,hdong线89杆,50.0,JKLGYJ-240,JKLGYJ-10-240/30,B,0.13,0.356,0.0065,0.0178,500.0,550.0,8.6603,CLOSED,184,邳州_10kV河东线明细.xlsx,PARAMETERIZED_PLANNING_MODEL,600.0,500.0,8.6603,"min(conductor_Imax_base, SRC06_feeder_max_allowed_current)"
PZXL-00154-B0184,PHYSICAL_SPAN,BDZ-00048,河湾变,PZXL-00154,hdong,河东线,PZXL-00154-N0098,hdong线87杆,PZXL-00154-N0099,hdong线88杆,50.0,JKLGYJ-240,JKLGYJ-10-240/30,B,0.13,0.356,0.0065,0.0178,500.0,550.0,8.6603,CLOSED,185,邳州_10kV河东线明细.xlsx,PARAMETERIZED_PLANNING_MODEL,600.0,500.0,8.6603,"min(conductor_Imax_base, SRC06_feeder_max_allowed_current)"
PZXL-00154-B0185,PHYSICAL_SPAN,BDZ-00048,河湾变,PZXL-00154,hdong,河东线,PZXL-00154-N0180,河湾1#支线13杆,PZXL-00154-N0181,河湾1#支线14杆,50.0,JKLGYJ-240,JKLGYJ-10-240/30,B,0.13,0.356,0.0065,0.0178,500.0,550.0,8.6603,CLOSED,186,邳州_10kV河东线明细.xlsx,PARAMETERIZED_PLANNING_MODEL,600.0,500.0,8.6603,"min(conductor_Imax_base, SRC06_feeder_max_allowed_current)"
PZXL-00154-B0186,PHYSICAL_SPAN,BDZ-00048,河湾变,PZXL-00154,hdong,河东线,PZXL-00154-N0156,恒东房地产二支线01杆,PZXL-00154-N0157,恒东房地产二支线02杆,50.0,JKLGYJ-240,JKLGYJ-10-240/30,B,0.13,0.356,0.0065,0.0178,500.0,550.0,8.6603,CLOSED,187,邳州_10kV河东线明细.xlsx,PARAMETERIZED_PLANNING_MODEL,600.0,500.0,8.6603,"min(conductor_Imax_base, SRC06_feeder_max_allowed_current)"
PZXL-00154-B0187,PHYSICAL_SPAN,BDZ-00048,河湾变,PZXL-00154,hdong,河东线,PZXL-00154-N0159,恒东房地产支线01杆,PZXL-00154-N0160,恒东房地产支线02杆,50.0,JKLGYJ-240,JKLGYJ-10-240/30,B,0.13,0.356,0.0065,0.0178,500.0,550.0,8.6603,CLOSED,188,邳州_10kV河东线明细.xlsx,PARAMETERIZED_PLANNING_MODEL,600.0,500.0,8.6603,"min(conductor_Imax_base, SRC06_feeder_max_allowed_current)"
PZXL-00154-B0188,PHYSICAL_SPAN,BDZ-00048,河湾变,PZXL-00154,hdong,河东线,PZXL-00154-N0112,hdong线张村2#变支线06杆,PZXL-00154-N0156,恒东房地产二支线01杆,50.0,JKLGYJ-240,JKLGYJ-10-240/30,B,0.13,0.356,0.0065,0.0178,500.0,550.0,8.6603,CLOSED,189,邳州_10kV河东线明细.xlsx,PARAMETERIZED_PLANNING_MODEL,600.0,500.0,8.6603,"min(conductor_Imax_base, SRC06_feeder_max_allowed_current)"
PZXL-00154-B0189,PHYSICAL_SPAN,BDZ-00048,河湾变,PZXL-00154,hdong,河东线,PZXL-00154-N0198,煤球厂支线05杆,PZXL-00154-N0199,煤球厂支线06杆,50.0,JKLGYJ-240,JKLGYJ-10-240/30,B,0.13,0.356,0.0065,0.0178,500.0,550.0,8.6603,CLOSED,190,邳州_10kV河东线明细.xlsx,PARAMETERIZED_PLANNING_MODEL,600.0,500.0,8.6603,"min(conductor_Imax_base, SRC06_feeder_max_allowed_current)"
PZXL-00154-B0190,PHYSICAL_SPAN,BDZ-00048,河湾变,PZXL-00154,hdong,河东线,PZXL-00154-N0036,hdong线38杆,PZXL-00154-N0159,恒东房地产支线01杆,50.0,JKLGYJ-240,JKLGYJ-10-240/30,B,0.13,0.356,0.0065,0.0178,500.0,550.0,8.6603,CLOSED,191,邳州_10kV河东线明细.xlsx,PARAMETERIZED_PLANNING_MODEL,600.0,500.0,8.6603,"min(conductor_Imax_base, SRC06_feeder_max_allowed_current)"
PZXL-00154-B0191,PHYSICAL_SPAN,BDZ-00048,河湾变,PZXL-00154,hdong,河东线,PZXL-00154-N0197,煤球厂支线04杆,PZXL-00154-N0198,煤球厂支线05杆,50.0,JKLGYJ-240,JKLGYJ-10-240/30,B,0.13,0.356,0.0065,0.0178,500.0,550.0,8.6603,CLOSED,192,邳州_10kV河东线明细.xlsx,PARAMETERIZED_PLANNING_MODEL,600.0,500.0,8.6603,"min(conductor_Imax_base, SRC06_feeder_max_allowed_current)"
PZXL-00154-B0192,PHYSICAL_SPAN,BDZ-00048,河湾变,PZXL-00154,hdong,河东线,PZXL-00154-N0160,恒东房地产支线02杆,PZXL-00154-N0161,恒东房地产支线03杆,50.0,JKLGYJ-240,JKLGYJ-10-240/30,B,0.13,0.356,0.0065,0.0178,500.0,550.0,8.6603,CLOSED,193,邳州_10kV河东线明细.xlsx,PARAMETERIZED_PLANNING_MODEL,600.0,500.0,8.6603,"min(conductor_Imax_base, SRC06_feeder_max_allowed_current)"
PZXL-00154-B0193,PHYSICAL_SPAN,BDZ-00048,河湾变,PZXL-00154,hdong,河东线,PZXL-00154-N0157,恒东房地产二支线02杆,PZXL-00154-N0158,恒东房地产二支线03杆,50.0,JKLGYJ-240,JKLGYJ-10-240/30,B,0.13,0.356,0.0065,0.0178,500.0,550.0,8.6603,CLOSED,194,邳州_10kV河东线明细.xlsx,PARAMETERIZED_PLANNING_MODEL,600.0,500.0,8.6603,"min(conductor_Imax_base, SRC06_feeder_max_allowed_current)"
PZXL-00154-B0194,PHYSICAL_SPAN,BDZ-00048,河湾变,PZXL-00154,hdong,河东线,PZXL-00154-N0007,hdong线12-1,PZXL-00154-N0008,hdong线12杆,50.0,JKLGYJ-240,JKLGYJ-10-240/30,B,0.13,0.356,0.0065,0.0178,500.0,550.0,8.6603,CLOSED,195,邳州_10kV河东线明细.xlsx,PARAMETERIZED_PLANNING_MODEL,600.0,500.0,8.6603,"min(conductor_Imax_base, SRC06_feeder_max_allowed_current)"
PZXL-00154-B0195,PHYSICAL_SPAN,BDZ-00048,河湾变,PZXL-00154,hdong,河东线,PZXL-00154-N0135,hdong线汇龙支线09杆,PZXL-00154-N0136,hdong线汇龙支线10杆,50.0,JKLGYJ-240,JKLGYJ-10-240/30,B,0.13,0.356,0.0065,0.0178,500.0,550.0,8.6603,CLOSED,196,邳州_10kV河东线明细.xlsx,PARAMETERIZED_PLANNING_MODEL,600.0,500.0,8.6603,"min(conductor_Imax_base, SRC06_feeder_max_allowed_current)"
PZXL-00161-B0001,PHYSICAL_SPAN,BDZ-00048,河湾变,PZXL-00161,hpao,河炮线,PZXL-00161-N0074,hpao线盛川支线1杆,PZXL-00161-N0075,hpao线盛川支线2杆,50.0,JKLYJ/QN-10-240,JKLYJ/QN-10-240,B,0.13,0.356,0.0065,0.0178,500.0,550.0,8.6603,CLOSED,2,邳州_10kV河炮线明细.xlsx,PARAMETERIZED_PLANNING_MODEL,595.0,500.0,8.6603,"min(conductor_Imax_base, SRC06_feeder_max_allowed_current)"
PZXL-00161-B0002,PHYSICAL_SPAN,BDZ-00048,河湾变,PZXL-00161,hpao,河炮线,PZXL-00161-N0065,hpao线墩既村高坡塑料颗粒产支线06杆,PZXL-00161-N0066,hpao线墩既村高坡塑料颗粒产支线07杆,50.0,JKLYJ-150,JKLYJ-10-150,A/B,0.26368,0.295839341,0.013184,0.01479197,285.0,400.0,4.9363,CLOSED,3,邳州_10kV河炮线明细.xlsx,PARAMETERIZED_PLANNING_MODEL,595.0,285.0,4.9363,"min(conductor_Imax_base, SRC06_feeder_max_allowed_current)"
PZXL-00161-B0003,PHYSICAL_SPAN,BDZ-00048,河湾变,PZXL-00161,hpao,河炮线,PZXL-00161-N0032,hpao线32杆,PZXL-00161-N0033,hpao线33杆,50.0,LGJ-10-240,LGJ-240/30 ≈ JL/G1A-240/30,B+,0.13,0.356,0.0065,0.0178,550.0,562.0,9.5263,CLOSED,4,邳州_10kV河炮线明细.xlsx,PARAMETERIZED_PLANNING_MODEL,595.0,550.0,9.5263,"min(conductor_Imax_base, SRC06_feeder_max_allowed_current)"
PZXL-00161-B0004,PHYSICAL_SPAN,BDZ-00048,河湾变,PZXL-00161,hpao,河炮线,PZXL-00161-N0002,hpao线02杆,PZXL-00161-N0003,hpao线03杆,50.0,LGJ-10-240,LGJ-240/30 ≈ JL/G1A-240/30,B+,0.13,0.356,0.0065,0.0178,550.0,562.0,9.5263,CLOSED,5,邳州_10kV河炮线明细.xlsx,PARAMETERIZED_PLANNING_MODEL,595.0,550.0,9.5263,"min(conductor_Imax_base, SRC06_feeder_max_allowed_current)"
PZXL-00161-B0005,PHYSICAL_SPAN,BDZ-00048,河湾变,PZXL-00161,hpao,河炮线,PZXL-00161-N0006,hpao线06杆,PZXL-00161-N0007,hpao线07杆,50.0,LGJ-10-240,LGJ-240/30 ≈ JL/G1A-240/30,B+,0.13,0.356,0.0065,0.0178,550.0,562.0,9.5263,CLOSED,6,邳州_10kV河炮线明细.xlsx,PARAMETERIZED_PLANNING_MODEL,595.0,550.0,9.5263,"min(conductor_Imax_base, SRC06_feeder_max_allowed_current)"
PZXL-00161-B0006,PHYSICAL_SPAN,BDZ-00048,河湾变,PZXL-00161,hpao,河炮线,PZXL-00161-N0016,hpao线16杆,PZXL-00161-N0017,hpao线17杆,50.0,LGJ-10-240,LGJ-240/30 ≈ JL/G1A-240/30,B+,0.13,0.356,0.0065,0.0178,550.0,562.0,9.5263,CLOSED,7,邳州_10kV河炮线明细.xlsx,PARAMETERIZED_PLANNING_MODEL,595.0,550.0,9.5263,"min(conductor_Imax_base, SRC06_feeder_max_allowed_current)"
PZXL-00161-B0007,PHYSICAL_SPAN,BDZ-00048,河湾变,PZXL-00161,hpao,河炮线,PZXL-00161-N0018,hpao线18杆,PZXL-00161-N0019,hpao线19杆,50.0,LGJ-10-240,LGJ-240/30 ≈ JL/G1A-240/30,B+,0.13,0.356,0.0065,0.0178,550.0,562.0,9.5263,CLOSED,8,邳州_10kV河炮线明细.xlsx,PARAMETERIZED_PLANNING_MODEL,595.0,550.0,9.5263,"min(conductor_Imax_base, SRC06_feeder_max_allowed_current)"
PZXL-00161-B0008,PHYSICAL_SPAN,BDZ-00048,河湾变,PZXL-00161,hpao,河炮线,PZXL-00161-N0029,hpao线29杆,PZXL-00161-N0030,hpao线30杆,50.0,LGJ-10-240,LGJ-240/30 ≈ JL/G1A-240/30,B+,0.13,0.356,0.0065,0.0178,550.0,562.0,9.5263,CLOSED,9,邳州_10kV河炮线明细.xlsx,PARAMETERIZED_PLANNING_MODEL,595.0,550.0,9.5263,"min(conductor_Imax_base, SRC06_feeder_max_allowed_current)"
PZXL-00161-B0009,PHYSICAL_SPAN,BDZ-00048,河湾变,PZXL-00161,hpao,河炮线,PZXL-00161-N0005,hpao线05杆,PZXL-00161-N0006,hpao线06杆,50.0,LGJ-10-240,LGJ-240/30 ≈ JL/G1A-240/30,B+,0.13,0.356,0.0065,0.0178,550.0,562.0,9.5263,CLOSED,10,邳州_10kV河炮线明细.xlsx,PARAMETERIZED_PLANNING_MODEL,595.0,550.0,9.5263,"min(conductor_Imax_base, SRC06_feeder_max_allowed_current)"
PZXL-00161-B0010,PHYSICAL_SPAN,BDZ-00048,河湾变,PZXL-00161,hpao,河炮线,PZXL-00161-N0008,hpao线08杆,PZXL-00161-N0009,hpao线09杆,50.0,LGJ-10-240,LGJ-240/30 ≈ JL/G1A-240/30,B+,0.13,0.356,0.0065,0.0178,550.0,562.0,9.5263,CLOSED,11,邳州_10kV河炮线明细.xlsx,PARAMETERIZED_PLANNING_MODEL,595.0,550.0,9.5263,"min(conductor_Imax_base, SRC06_feeder_max_allowed_current)"
PZXL-00161-B0011,PHYSICAL_SPAN,BDZ-00048,河湾变,PZXL-00161,hpao,河炮线,PZXL-00161-N0028,hpao线28杆,PZXL-00161-N0029,hpao线29杆,50.0,LGJ-10-240,LGJ-240/30 ≈ JL/G1A-240/30,B+,0.13,0.356,0.0065,0.0178,550.0,562.0,9.5263,CLOSED,12,邳州_10kV河炮线明细.xlsx,PARAMETERIZED_PLANNING_MODEL,595.0,550.0,9.5263,"min(conductor_Imax_base, SRC06_feeder_max_allowed_current)"
PZXL-00161-B0012,PHYSICAL_SPAN,BDZ-00048,河湾变,PZXL-00161,hpao,河炮线,PZXL-00161-N0023,hpao线23杆,PZXL-00161-N0024,hpao线24杆,50.0,LGJ-10-240,LGJ-240/30 ≈ JL/G1A-240/30,B+,0.13,0.356,0.0065,0.0178,550.0,562.0,9.5263,CLOSED,13,邳州_10kV河炮线明细.xlsx,PARAMETERIZED_PLANNING_MODEL,595.0,550.0,9.5263,"min(conductor_Imax_base, SRC06_feeder_max_allowed_current)"
PZXL-00161-B0013,PHYSICAL_SPAN,BDZ-00048,河湾变,PZXL-00161,hpao,河炮线,PZXL-00161-N0030,hpao线30杆,PZXL-00161-N0031,hpao线31杆,50.0,LGJ-10-240,LGJ-240/30 ≈ JL/G1A-240/30,B+,0.13,0.356,0.0065,0.0178,550.0,562.0,9.5263,CLOSED,14,邳州_10kV河炮线明细.xlsx,PARAMETERIZED_PLANNING_MODEL,595.0,550.0,9.5263,"min(conductor_Imax_base, SRC06_feeder_max_allowed_current)"
PZXL-00161-B0014,PHYSICAL_SPAN,BDZ-00048,河湾变,PZXL-00161,hpao,河炮线,PZXL-00161-N0061,hpao线墩既村高坡塑料颗粒产支线02杆,PZXL-00161-N0062,hpao线墩既村高坡塑料颗粒产支线03杆,50.0,JKLYJ-150,JKLYJ-10-150,A/B,0.26368,0.295839341,0.013184,0.01479197,285.0,400.0,4.9363,CLOSED,15,邳州_10kV河炮线明细.xlsx,PARAMETERIZED_PLANNING_MODEL,595.0,285.0,4.9363,"min(conductor_Imax_base, SRC06_feeder_max_allowed_current)"
PZXL-00161-B0015,PHYSICAL_SPAN,BDZ-00048,河湾变,PZXL-00161,hpao,河炮线,PZXL-00161-N0034,hpao线34杆,PZXL-00161-N0035,hpao线35杆,50.0,LGJ-10-240,LGJ-240/30 ≈ JL/G1A-240/30,B+,0.13,0.356,0.0065,0.0178,550.0,562.0,9.5263,CLOSED,16,邳州_10kV河炮线明细.xlsx,PARAMETERIZED_PLANNING_MODEL,595.0,550.0,9.5263,"min(conductor_Imax_base, SRC06_feeder_max_allowed_current)"
PZXL-00161-B0016,PHYSICAL_SPAN,BDZ-00048,河湾变,PZXL-00161,hpao,河炮线,PZXL-00161-N0040,hpao线40杆,PZXL-00161-N0041,hpao线41杆,50.0,LGJ-10-240,LGJ-240/30 ≈ JL/G1A-240/30,B+,0.13,0.356,0.0065,0.0178,550.0,562.0,9.5263,CLOSED,17,邳州_10kV河炮线明细.xlsx,PARAMETERIZED_PLANNING_MODEL,595.0,550.0,9.5263,"min(conductor_Imax_base, SRC06_feeder_max_allowed_current)"
PZXL-00161-B0017,PHYSICAL_SPAN,BDZ-00048,河湾变,PZXL-00161,hpao,河炮线,PZXL-00161-N0003,hpao线03杆,PZXL-00161-N0004,hpao线04杆,50.0,LGJ-10-240,LGJ-240/30 ≈ JL/G1A-240/30,B+,0.13,0.356,0.0065,0.0178,550.0,562.0,9.5263,CLOSED,18,邳州_10kV河炮线明细.xlsx,PARAMETERIZED_PLANNING_MODEL,595.0,550.0,9.5263,"min(conductor_Imax_base, SRC06_feeder_max_allowed_current)"
PZXL-00161-B0018,PHYSICAL_SPAN,BDZ-00048,河湾变,PZXL-00161,hpao,河炮线,PZXL-00161-N0062,hpao线墩既村高坡塑料颗粒产支线03杆,PZXL-00161-N0063,hpao线墩既村高坡塑料颗粒产支线04杆,50.0,JKLYJ-150,JKLYJ-10-150,A/B,0.26368,0.295839341,0.013184,0.01479197,285.0,400.0,4.9363,CLOSED,19,邳州_10kV河炮线明细.xlsx,PARAMETERIZED_PLANNING_MODEL,595.0,285.0,4.9363,"min(conductor_Imax_base, SRC06_feeder_max_allowed_current)"
PZXL-00161-B0019,PHYSICAL_SPAN,BDZ-00048,河湾变,PZXL-00161,hpao,河炮线,PZXL-00161-N0019,hpao线19杆,PZXL-00161-N0020,hpao线20杆,50.0,LGJ-10-240,LGJ-240/30 ≈ JL/G1A-240/30,B+,0.13,0.356,0.0065,0.0178,550.0,562.0,9.5263,CLOSED,20,邳州_10kV河炮线明细.xlsx,PARAMETERIZED_PLANNING_MODEL,595.0,550.0,9.5263,"min(conductor_Imax_base, SRC06_feeder_max_allowed_current)"
PZXL-00161-B0020,PHYSICAL_SPAN,BDZ-00048,河湾变,PZXL-00161,hpao,河炮线,PZXL-00161-N0033,hpao线33杆,PZXL-00161-N0034,hpao线34杆,50.0,LGJ-10-240,LGJ-240/30 ≈ JL/G1A-240/30,B+,0.13,0.356,0.0065,0.0178,550.0,562.0,9.5263,CLOSED,21,邳州_10kV河炮线明细.xlsx,PARAMETERIZED_PLANNING_MODEL,595.0,550.0,9.5263,"min(conductor_Imax_base, SRC06_feeder_max_allowed_current)"
PZXL-00161-B0021,PHYSICAL_SPAN,BDZ-00048,河湾变,PZXL-00161,hpao,河炮线,PZXL-00161-N0038,hpao线38杆,PZXL-00161-N0039,hpao线39杆,50.0,LGJ-10-240,LGJ-240/30 ≈ JL/G1A-240/30,B+,0.13,0.356,0.0065,0.0178,550.0,562.0,9.5263,CLOSED,22,邳州_10kV河炮线明细.xlsx,PARAMETERIZED_PLANNING_MODEL,595.0,550.0,9.5263,"min(conductor_Imax_base, SRC06_feeder_max_allowed_current)"
PZXL-00161-B0022,PHYSICAL_SPAN,BDZ-00048,河湾变,PZXL-00161,hpao,河炮线,PZXL-00161-N0058,hpao线58杆,PZXL-00161-N0059,hpao线59杆,50.0,LGJ-10-240,LGJ-240/30 ≈ JL/G1A-240/30,B+,0.13,0.356,0.0065,0.0178,550.0,562.0,9.5263,CLOSED,23,邳州_10kV河炮线明细.xlsx,PARAMETERIZED_PLANNING_MODEL,595.0,550.0,9.5263,"min(conductor_Imax_base, SRC06_feeder_max_allowed_current)"
PZXL-00161-B0023,PHYSICAL_SPAN,BDZ-00048,河湾变,PZXL-00161,hpao,河炮线,PZXL-00161-N0057,hpao线57杆,PZXL-00161-N0058,hpao线58杆,50.0,LGJ-10-240,LGJ-240/30 ≈ JL/G1A-240/30,B+,0.13,0.356,0.0065,0.0178,550.0,562.0,9.5263,CLOSED,24,邳州_10kV河炮线明细.xlsx,PARAMETERIZED_PLANNING_MODEL,595.0,550.0,9.5263,"min(conductor_Imax_base, SRC06_feeder_max_allowed_current)"
PZXL-00161-B0024,PHYSICAL_SPAN,BDZ-00048,河湾变,PZXL-00161,hpao,河炮线,PZXL-00161-N0051,hpao线51杆,PZXL-00161-N0052,hpao线52杆,50.0,LGJ-10-240,LGJ-240/30 ≈ JL/G1A-240/30,B+,0.13,0.356,0.0065,0.0178,550.0,562.0,9.5263,CLOSED,25,邳州_10kV河炮线明细.xlsx,PARAMETERIZED_PLANNING_MODEL,595.0,550.0,9.5263,"min(conductor_Imax_base, SRC06_feeder_max_allowed_current)"
PZXL-00161-B0025,PHYSICAL_SPAN,BDZ-00048,河湾变,PZXL-00161,hpao,河炮线,PZXL-00161-N0050,hpao线50杆,PZXL-00161-N0051,hpao线51杆,50.0,LGJ-10-240,LGJ-240/30 ≈ JL/G1A-240/30,B+,0.13,0.356,0.0065,0.0178,550.0,562.0,9.5263,CLOSED,26,邳州_10kV河炮线明细.xlsx,PARAMETERIZED_PLANNING_MODEL,595.0,550.0,9.5263,"min(conductor_Imax_base, SRC06_feeder_max_allowed_current)"
PZXL-00161-B0026,PHYSICAL_SPAN,BDZ-00048,河湾变,PZXL-00161,hpao,河炮线,PZXL-00161-N0052,hpao线52杆,PZXL-00161-N0053,hpao线53杆,50.0,LGJ-10-240,LGJ-240/30 ≈ JL/G1A-240/30,B+,0.13,0.356,0.0065,0.0178,550.0,562.0,9.5263,CLOSED,27,邳州_10kV河炮线明细.xlsx,PARAMETERIZED_PLANNING_MODEL,595.0,550.0,9.5263,"min(conductor_Imax_base, SRC06_feeder_max_allowed_current)"
PZXL-00161-B0027,PHYSICAL_SPAN,BDZ-00048,河湾变,PZXL-00161,hpao,河炮线,PZXL-00161-N0056,hpao线56杆,PZXL-00161-N0057,hpao线57杆,50.0,LGJ-10-240,LGJ-240/30 ≈ JL/G1A-240/30,B+,0.13,0.356,0.0065,0.0178,550.0,562.0,9.5263,CLOSED,28,邳州_10kV河炮线明细.xlsx,PARAMETERIZED_PLANNING_MODEL,595.0,550.0,9.5263,"min(conductor_Imax_base, SRC06_feeder_max_allowed_current)"
PZXL-00161-B0028,PHYSICAL_SPAN,BDZ-00048,河湾变,PZXL-00161,hpao,河炮线,PZXL-00161-N0049,hpao线49杆,PZXL-00161-N0050,hpao线50杆,50.0,LGJ-10-240,LGJ-240/30 ≈ JL/G1A-240/30,B+,0.13,0.356,0.0065,0.0178,550.0,562.0,9.5263,CLOSED,29,邳州_10kV河炮线明细.xlsx,PARAMETERIZED_PLANNING_MODEL,595.0,550.0,9.5263,"min(conductor_Imax_base, SRC06_feeder_max_allowed_current)"
PZXL-00161-B0029,PHYSICAL_SPAN,BDZ-00048,河湾变,PZXL-00161,hpao,河炮线,PZXL-00161-N0055,hpao线55杆,PZXL-00161-N0056,hpao线56杆,50.0,LGJ-10-240,LGJ-240/30 ≈ JL/G1A-240/30,B+,0.13,0.356,0.0065,0.0178,550.0,562.0,9.5263,CLOSED,30,邳州_10kV河炮线明细.xlsx,PARAMETERIZED_PLANNING_MODEL,595.0,550.0,9.5263,"min(conductor_Imax_base, SRC06_feeder_max_allowed_current)"
PZXL-00161-B0030,PHYSICAL_SPAN,BDZ-00048,河湾变,PZXL-00161,hpao,河炮线,PZXL-00161-N0053,hpao线53杆,PZXL-00161-N0054,hpao线54杆,50.0,LGJ-10-240,LGJ-240/30 ≈ JL/G1A-240/30,B+,0.13,0.356,0.0065,0.0178,550.0,562.0,9.5263,CLOSED,31,邳州_10kV河炮线明细.xlsx,PARAMETERIZED_PLANNING_MODEL,595.0,550.0,9.5263,"min(conductor_Imax_base, SRC06_feeder_max_allowed_current)"
PZXL-00161-B0031,PHYSICAL_SPAN,BDZ-00048,河湾变,PZXL-00161,hpao,河炮线,PZXL-00161-N0060,hpao线墩既村高坡塑料颗粒产支线01杆,PZXL-00161-N0061,hpao线墩既村高坡塑料颗粒产支线02杆,50.0,JKLYJ-150,JKLYJ-10-150,A/B,0.26368,0.295839341,0.013184,0.01479197,285.0,400.0,4.9363,CLOSED,32,邳州_10kV河炮线明细.xlsx,PARAMETERIZED_PLANNING_MODEL,595.0,285.0,4.9363,"min(conductor_Imax_base, SRC06_feeder_max_allowed_current)"
PZXL-00161-B0032,PHYSICAL_SPAN,BDZ-00048,河湾变,PZXL-00161,hpao,河炮线,PZXL-00161-N0009,hpao线09杆,PZXL-00161-N0010,hpao线10杆,50.0,LGJ-10-240,LGJ-240/30 ≈ JL/G1A-240/30,B+,0.13,0.356,0.0065,0.0178,550.0,562.0,9.5263,CLOSED,33,邳州_10kV河炮线明细.xlsx,PARAMETERIZED_PLANNING_MODEL,595.0,550.0,9.5263,"min(conductor_Imax_base, SRC06_feeder_max_allowed_current)"
PZXL-00161-B0033,PHYSICAL_SPAN,BDZ-00048,河湾变,PZXL-00161,hpao,河炮线,PZXL-00161-N0035,hpao线35杆,PZXL-00161-N0036,hpao线36杆,50.0,LGJ-10-240,LGJ-240/30 ≈ JL/G1A-240/30,B+,0.13,0.356,0.0065,0.0178,550.0,562.0,9.5263,CLOSED,34,邳州_10kV河炮线明细.xlsx,PARAMETERIZED_PLANNING_MODEL,595.0,550.0,9.5263,"min(conductor_Imax_base, SRC06_feeder_max_allowed_current)"
PZXL-00161-B0034,PHYSICAL_SPAN,BDZ-00048,河湾变,PZXL-00161,hpao,河炮线,PZXL-00161-N0037,hpao线37杆,PZXL-00161-N0038,hpao线38杆,50.0,LGJ-10-240,LGJ-240/30 ≈ JL/G1A-240/30,B+,0.13,0.356,0.0065,0.0178,550.0,562.0,9.5263,CLOSED,35,邳州_10kV河炮线明细.xlsx,PARAMETERIZED_PLANNING_MODEL,595.0,550.0,9.5263,"min(conductor_Imax_base, SRC06_feeder_max_allowed_current)"
PZXL-00161-B0035,PHYSICAL_SPAN,BDZ-00048,河湾变,PZXL-00161,hpao,河炮线,PZXL-00161-N0014,hpao线14杆,PZXL-00161-N0015,hpao线15杆,50.0,LGJ-10-240,LGJ-240/30 ≈ JL/G1A-240/30,B+,0.13,0.356,0.0065,0.0178,550.0,562.0,9.5263,CLOSED,36,邳州_10kV河炮线明细.xlsx,PARAMETERIZED_PLANNING_MODEL,595.0,550.0,9.5263,"min(conductor_Imax_base, SRC06_feeder_max_allowed_current)"
PZXL-00161-B0036,PHYSICAL_SPAN,BDZ-00048,河湾变,PZXL-00161,hpao,河炮线,PZXL-00161-N0013,hpao线13杆,PZXL-00161-N0014,hpao线14杆,50.0,LGJ-10-240,LGJ-240/30 ≈ JL/G1A-240/30,B+,0.13,0.356,0.0065,0.0178,550.0,562.0,9.5263,CLOSED,37,邳州_10kV河炮线明细.xlsx,PARAMETERIZED_PLANNING_MODEL,595.0,550.0,9.5263,"min(conductor_Imax_base, SRC06_feeder_max_allowed_current)"
PZXL-00161-B0037,PHYSICAL_SPAN,BDZ-00048,河湾变,PZXL-00161,hpao,河炮线,PZXL-00161-N0048,hpao线48杆,PZXL-00161-N0049,hpao线49杆,50.0,LGJ-10-240,LGJ-240/30 ≈ JL/G1A-240/30,B+,0.13,0.356,0.0065,0.0178,550.0,562.0,9.5263,CLOSED,38,邳州_10kV河炮线明细.xlsx,PARAMETERIZED_PLANNING_MODEL,595.0,550.0,9.5263,"min(conductor_Imax_base, SRC06_feeder_max_allowed_current)"
PZXL-00161-B0038,PHYSICAL_SPAN,BDZ-00048,河湾变,PZXL-00161,hpao,河炮线,PZXL-00161-N0047,hpao线47杆,PZXL-00161-N0048,hpao线48杆,50.0,LGJ-10-240,LGJ-240/30 ≈ JL/G1A-240/30,B+,0.13,0.356,0.0065,0.0178,550.0,562.0,9.5263,CLOSED,39,邳州_10kV河炮线明细.xlsx,PARAMETERIZED_PLANNING_MODEL,595.0,550.0,9.5263,"min(conductor_Imax_base, SRC06_feeder_max_allowed_current)"
PZXL-00161-B0039,PHYSICAL_SPAN,BDZ-00048,河湾变,PZXL-00161,hpao,河炮线,PZXL-00161-N0044,hpao线44杆,PZXL-00161-N0045,hpao线45杆,50.0,LGJ-10-240,LGJ-240/30 ≈ JL/G1A-240/30,B+,0.13,0.356,0.0065,0.0178,550.0,562.0,9.5263,CLOSED,40,邳州_10kV河炮线明细.xlsx,PARAMETERIZED_PLANNING_MODEL,595.0,550.0,9.5263,"min(conductor_Imax_base, SRC06_feeder_max_allowed_current)"
PZXL-00161-B0040,PHYSICAL_SPAN,BDZ-00048,河湾变,PZXL-00161,hpao,河炮线,PZXL-00161-N0046,hpao线46杆,PZXL-00161-N0047,hpao线47杆,50.0,LGJ-10-240,LGJ-240/30 ≈ JL/G1A-240/30,B+,0.13,0.356,0.0065,0.0178,550.0,562.0,9.5263,CLOSED,41,邳州_10kV河炮线明细.xlsx,PARAMETERIZED_PLANNING_MODEL,595.0,550.0,9.5263,"min(conductor_Imax_base, SRC06_feeder_max_allowed_current)"
PZXL-00161-B0041,PHYSICAL_SPAN,BDZ-00048,河湾变,PZXL-00161,hpao,河炮线,PZXL-00161-N0045,hpao线45杆,PZXL-00161-N0046,hpao线46杆,50.0,LGJ-10-240,LGJ-240/30 ≈ JL/G1A-240/30,B+,0.13,0.356,0.0065,0.0178,550.0,562.0,9.5263,CLOSED,42,邳州_10kV河炮线明细.xlsx,PARAMETERIZED_PLANNING_MODEL,595.0,550.0,9.5263,"min(conductor_Imax_base, SRC06_feeder_max_allowed_current)"
PZXL-00161-B0042,PHYSICAL_SPAN,BDZ-00048,河湾变,PZXL-00161,hpao,河炮线,PZXL-00161-N0054,hpao线54杆,PZXL-00161-N0055,hpao线55杆,50.0,LGJ-10-240,LGJ-240/30 ≈ JL/G1A-240/30,B+,0.13,0.356,0.0065,0.0178,550.0,562.0,9.5263,CLOSED,43,邳州_10kV河炮线明细.xlsx,PARAMETERIZED_PLANNING_MODEL,595.0,550.0,9.5263,"min(conductor_Imax_base, SRC06_feeder_max_allowed_current)"
PZXL-00161-B0043,PHYSICAL_SPAN,BDZ-00048,河湾变,PZXL-00161,hpao,河炮线,PZXL-00161-N0015,hpao线15杆,PZXL-00161-N0016,hpao线16杆,50.0,LGJ-10-240,LGJ-240/30 ≈ JL/G1A-240/30,B+,0.13,0.356,0.0065,0.0178,550.0,562.0,9.5263,CLOSED,44,邳州_10kV河炮线明细.xlsx,PARAMETERIZED_PLANNING_MODEL,595.0,550.0,9.5263,"min(conductor_Imax_base, SRC06_feeder_max_allowed_current)"
PZXL-00161-B0044,PHYSICAL_SPAN,BDZ-00048,河湾变,PZXL-00161,hpao,河炮线,PZXL-00161-N0021,hpao线21杆,PZXL-00161-N0022,hpao线22杆,50.0,LGJ-10-240,LGJ-240/30 ≈ JL/G1A-240/30,B+,0.13,0.356,0.0065,0.0178,550.0,562.0,9.5263,CLOSED,45,邳州_10kV河炮线明细.xlsx,PARAMETERIZED_PLANNING_MODEL,595.0,550.0,9.5263,"min(conductor_Imax_base, SRC06_feeder_max_allowed_current)"
PZXL-00161-B0045,PHYSICAL_SPAN,BDZ-00048,河湾变,PZXL-00161,hpao,河炮线,PZXL-00161-N0022,hpao线22杆,PZXL-00161-N0023,hpao线23杆,50.0,LGJ-10-240,LGJ-240/30 ≈ JL/G1A-240/30,B+,0.13,0.356,0.0065,0.0178,550.0,562.0,9.5263,CLOSED,46,邳州_10kV河炮线明细.xlsx,PARAMETERIZED_PLANNING_MODEL,595.0,550.0,9.5263,"min(conductor_Imax_base, SRC06_feeder_max_allowed_current)"
PZXL-00161-B0046,PHYSICAL_SPAN,BDZ-00048,河湾变,PZXL-00161,hpao,河炮线,PZXL-00161-N0031,hpao线31杆,PZXL-00161-N0032,hpao线32杆,50.0,LGJ-10-240,LGJ-240/30 ≈ JL/G1A-240/30,B+,0.13,0.356,0.0065,0.0178,550.0,562.0,9.5263,CLOSED,47,邳州_10kV河炮线明细.xlsx,PARAMETERIZED_PLANNING_MODEL,595.0,550.0,9.5263,"min(conductor_Imax_base, SRC06_feeder_max_allowed_current)"
PZXL-00161-B0047,PHYSICAL_SPAN,BDZ-00048,河湾变,PZXL-00161,hpao,河炮线,PZXL-00161-N0011,hpao线11杆,PZXL-00161-N0012,hpao线12杆,50.0,LGJ-10-240,LGJ-240/30 ≈ JL/G1A-240/30,B+,0.13,0.356,0.0065,0.0178,550.0,562.0,9.5263,CLOSED,48,邳州_10kV河炮线明细.xlsx,PARAMETERIZED_PLANNING_MODEL,595.0,550.0,9.5263,"min(conductor_Imax_base, SRC06_feeder_max_allowed_current)"
PZXL-00161-B0048,PHYSICAL_SPAN,BDZ-00048,河湾变,PZXL-00161,hpao,河炮线,PZXL-00161-N0027,hpao线27杆,PZXL-00161-N0028,hpao线28杆,50.0,LGJ-10-240,LGJ-240/30 ≈ JL/G1A-240/30,B+,0.13,0.356,0.0065,0.0178,550.0,562.0,9.5263,CLOSED,49,邳州_10kV河炮线明细.xlsx,PARAMETERIZED_PLANNING_MODEL,595.0,550.0,9.5263,"min(conductor_Imax_base, SRC06_feeder_max_allowed_current)"
PZXL-00161-B0049,PHYSICAL_SPAN,BDZ-00048,河湾变,PZXL-00161,hpao,河炮线,PZXL-00161-N0007,hpao线07杆,PZXL-00161-N0008,hpao线08杆,50.0,LGJ-10-240,LGJ-240/30 ≈ JL/G1A-240/30,B+,0.13,0.356,0.0065,0.0178,550.0,562.0,9.5263,CLOSED,50,邳州_10kV河炮线明细.xlsx,PARAMETERIZED_PLANNING_MODEL,595.0,550.0,9.5263,"min(conductor_Imax_base, SRC06_feeder_max_allowed_current)"
PZXL-00161-B0050,PHYSICAL_SPAN,BDZ-00048,河湾变,PZXL-00161,hpao,河炮线,PZXL-00161-N0026,hpao线26杆,PZXL-00161-N0027,hpao线27杆,50.0,LGJ-10-240,LGJ-240/30 ≈ JL/G1A-240/30,B+,0.13,0.356,0.0065,0.0178,550.0,562.0,9.5263,CLOSED,51,邳州_10kV河炮线明细.xlsx,PARAMETERIZED_PLANNING_MODEL,595.0,550.0,9.5263,"min(conductor_Imax_base, SRC06_feeder_max_allowed_current)"
PZXL-00161-B0051,PHYSICAL_SPAN,BDZ-00048,河湾变,PZXL-00161,hpao,河炮线,PZXL-00161-N0004,hpao线04杆,PZXL-00161-N0005,hpao线05杆,50.0,LGJ-10-240,LGJ-240/30 ≈ JL/G1A-240/30,B+,0.13,0.356,0.0065,0.0178,550.0,562.0,9.5263,CLOSED,52,邳州_10kV河炮线明细.xlsx,PARAMETERIZED_PLANNING_MODEL,595.0,550.0,9.5263,"min(conductor_Imax_base, SRC06_feeder_max_allowed_current)"
PZXL-00161-B0052,PHYSICAL_SPAN,BDZ-00048,河湾变,PZXL-00161,hpao,河炮线,PZXL-00161-N0064,hpao线墩既村高坡塑料颗粒产支线05杆,PZXL-00161-N0065,hpao线墩既村高坡塑料颗粒产支线06杆,50.0,JKLYJ-150,JKLYJ-10-150,A/B,0.26368,0.295839341,0.013184,0.01479197,285.0,400.0,4.9363,CLOSED,53,邳州_10kV河炮线明细.xlsx,PARAMETERIZED_PLANNING_MODEL,595.0,285.0,4.9363,"min(conductor_Imax_base, SRC06_feeder_max_allowed_current)"
PZXL-00161-B0053,PHYSICAL_SPAN,BDZ-00048,河湾变,PZXL-00161,hpao,河炮线,PZXL-00161-N0024,hpao线24杆,PZXL-00161-N0025,hpao线25杆,50.0,LGJ-10-240,LGJ-240/30 ≈ JL/G1A-240/30,B+,0.13,0.356,0.0065,0.0178,550.0,562.0,9.5263,CLOSED,54,邳州_10kV河炮线明细.xlsx,PARAMETERIZED_PLANNING_MODEL,595.0,550.0,9.5263,"min(conductor_Imax_base, SRC06_feeder_max_allowed_current)"
PZXL-00161-B0054,PHYSICAL_SPAN,BDZ-00048,河湾变,PZXL-00161,hpao,河炮线,PZXL-00161-N0039,hpao线39杆,PZXL-00161-N0040,hpao线40杆,50.0,LGJ-10-240,LGJ-240/30 ≈ JL/G1A-240/30,B+,0.13,0.356,0.0065,0.0178,550.0,562.0,9.5263,CLOSED,55,邳州_10kV河炮线明细.xlsx,PARAMETERIZED_PLANNING_MODEL,595.0,550.0,9.5263,"min(conductor_Imax_base, SRC06_feeder_max_allowed_current)"
PZXL-00161-B0055,PHYSICAL_SPAN,BDZ-00048,河湾变,PZXL-00161,hpao,河炮线,PZXL-00161-N0001,hpao线01杆,PZXL-00161-N0002,hpao线02杆,50.0,LGJ-10-240,LGJ-240/30 ≈ JL/G1A-240/30,B+,0.13,0.356,0.0065,0.0178,550.0,562.0,9.5263,CLOSED,56,邳州_10kV河炮线明细.xlsx,PARAMETERIZED_PLANNING_MODEL,595.0,550.0,9.5263,"min(conductor_Imax_base, SRC06_feeder_max_allowed_current)"
PZXL-00161-B0056,PHYSICAL_SPAN,BDZ-00048,河湾变,PZXL-00161,hpao,河炮线,PZXL-00161-N0020,hpao线20杆,PZXL-00161-N0021,hpao线21杆,50.0,LGJ-10-240,LGJ-240/30 ≈ JL/G1A-240/30,B+,0.13,0.356,0.0065,0.0178,550.0,562.0,9.5263,CLOSED,57,邳州_10kV河炮线明细.xlsx,PARAMETERIZED_PLANNING_MODEL,595.0,550.0,9.5263,"min(conductor_Imax_base, SRC06_feeder_max_allowed_current)"
PZXL-00161-B0057,PHYSICAL_SPAN,BDZ-00048,河湾变,PZXL-00161,hpao,河炮线,PZXL-00161-N0041,hpao线41杆,PZXL-00161-N0042,hpao线42杆,50.0,LGJ-10-240,LGJ-240/30 ≈ JL/G1A-240/30,B+,0.13,0.356,0.0065,0.0178,550.0,562.0,9.5263,CLOSED,58,邳州_10kV河炮线明细.xlsx,PARAMETERIZED_PLANNING_MODEL,595.0,550.0,9.5263,"min(conductor_Imax_base, SRC06_feeder_max_allowed_current)"
PZXL-00161-B0058,PHYSICAL_SPAN,BDZ-00048,河湾变,PZXL-00161,hpao,河炮线,PZXL-00161-N0017,hpao线17杆,PZXL-00161-N0018,hpao线18杆,50.0,LGJ-10-240,LGJ-240/30 ≈ JL/G1A-240/30,B+,0.13,0.356,0.0065,0.0178,550.0,562.0,9.5263,CLOSED,59,邳州_10kV河炮线明细.xlsx,PARAMETERIZED_PLANNING_MODEL,595.0,550.0,9.5263,"min(conductor_Imax_base, SRC06_feeder_max_allowed_current)"
PZXL-00161-B0059,PHYSICAL_SPAN,BDZ-00048,河湾变,PZXL-00161,hpao,河炮线,PZXL-00161-N0025,hpao线25杆,PZXL-00161-N0026,hpao线26杆,50.0,LGJ-10-240,LGJ-240/30 ≈ JL/G1A-240/30,B+,0.13,0.356,0.0065,0.0178,550.0,562.0,9.5263,CLOSED,60,邳州_10kV河炮线明细.xlsx,PARAMETERIZED_PLANNING_MODEL,595.0,550.0,9.5263,"min(conductor_Imax_base, SRC06_feeder_max_allowed_current)"
PZXL-00161-B0060,PHYSICAL_SPAN,BDZ-00048,河湾变,PZXL-00161,hpao,河炮线,PZXL-00161-N0010,hpao线10杆,PZXL-00161-N0011,hpao线11杆,50.0,LGJ-10-240,LGJ-240/30 ≈ JL/G1A-240/30,B+,0.13,0.356,0.0065,0.0178,550.0,562.0,9.5263,CLOSED,61,邳州_10kV河炮线明细.xlsx,PARAMETERIZED_PLANNING_MODEL,595.0,550.0,9.5263,"min(conductor_Imax_base, SRC06_feeder_max_allowed_current)"
PZXL-00161-B0061,PHYSICAL_SPAN,BDZ-00048,河湾变,PZXL-00161,hpao,河炮线,PZXL-00161-N0012,hpao线12杆,PZXL-00161-N0013,hpao线13杆,50.0,LGJ-10-240,LGJ-240/30 ≈ JL/G1A-240/30,B+,0.13,0.356,0.0065,0.0178,550.0,562.0,9.5263,CLOSED,62,邳州_10kV河炮线明细.xlsx,PARAMETERIZED_PLANNING_MODEL,595.0,550.0,9.5263,"min(conductor_Imax_base, SRC06_feeder_max_allowed_current)"
PZXL-00161-B0062,PHYSICAL_SPAN,BDZ-00048,河湾变,PZXL-00161,hpao,河炮线,PZXL-00161-N0063,hpao线墩既村高坡塑料颗粒产支线04杆,PZXL-00161-N0064,hpao线墩既村高坡塑料颗粒产支线05杆,50.0,JKLYJ-150,JKLYJ-10-150,A/B,0.26368,0.295839341,0.013184,0.01479197,285.0,400.0,4.9363,CLOSED,63,邳州_10kV河炮线明细.xlsx,PARAMETERIZED_PLANNING_MODEL,595.0,285.0,4.9363,"min(conductor_Imax_base, SRC06_feeder_max_allowed_current)"
PZXL-00161-B0063,PHYSICAL_SPAN,BDZ-00048,河湾变,PZXL-00161,hpao,河炮线,PZXL-00161-N0077,hpao线盛川支线4杆,PZXL-00161-N0078,hpao线盛川支线5杆,50.0,JKLYJ/QN-10-240,JKLYJ/QN-10-240,B,0.13,0.356,0.0065,0.0178,500.0,550.0,8.6603,CLOSED,64,邳州_10kV河炮线明细.xlsx,PARAMETERIZED_PLANNING_MODEL,595.0,500.0,8.6603,"min(conductor_Imax_base, SRC06_feeder_max_allowed_current)"
PZXL-00161-B0064,PHYSICAL_SPAN,BDZ-00048,河湾变,PZXL-00161,hpao,河炮线,PZXL-00161-N0052,hpao线52杆,PZXL-00161-N0074,hpao线盛川支线1杆,50.0,JKLYJ/QN-10-240,JKLYJ/QN-10-240,B,0.13,0.356,0.0065,0.0178,500.0,550.0,8.6603,CLOSED,65,邳州_10kV河炮线明细.xlsx,PARAMETERIZED_PLANNING_MODEL,595.0,500.0,8.6603,"min(conductor_Imax_base, SRC06_feeder_max_allowed_current)"
PZXL-00161-B0065,PHYSICAL_SPAN,BDZ-00048,河湾变,PZXL-00161,hpao,河炮线,PZXL-00161-N0075,hpao线盛川支线2杆,PZXL-00161-N0076,hpao线盛川支线3杆,50.0,JKLYJ/QN-10-240,JKLYJ/QN-10-240,B,0.13,0.356,0.0065,0.0178,500.0,550.0,8.6603,CLOSED,66,邳州_10kV河炮线明细.xlsx,PARAMETERIZED_PLANNING_MODEL,595.0,500.0,8.6603,"min(conductor_Imax_base, SRC06_feeder_max_allowed_current)"
PZXL-00161-B0066,PHYSICAL_SPAN,BDZ-00048,河湾变,PZXL-00161,hpao,河炮线,PZXL-00161-N0076,hpao线盛川支线3杆,PZXL-00161-N0077,hpao线盛川支线4杆,50.0,JKLYJ/QN-10-240,JKLYJ/QN-10-240,B,0.13,0.356,0.0065,0.0178,500.0,550.0,8.6603,CLOSED,67,邳州_10kV河炮线明细.xlsx,PARAMETERIZED_PLANNING_MODEL,595.0,500.0,8.6603,"min(conductor_Imax_base, SRC06_feeder_max_allowed_current)"
PZXL-00161-B0067,PHYSICAL_SPAN,BDZ-00048,河湾变,PZXL-00161,hpao,河炮线,PZXL-00161-N0072,hpao线王场湖支线1杆,PZXL-00161-N0073,hpao线王场湖支线2杆,50.0,JL/G1A-240/30,JL/G1A-240/30,B+,0.13,0.356,0.0065,0.0178,550.0,562.0,9.5263,CLOSED,68,邳州_10kV河炮线明细.xlsx,PARAMETERIZED_PLANNING_MODEL,595.0,550.0,9.5263,"min(conductor_Imax_base, SRC06_feeder_max_allowed_current)"
PZXL-00161-B0068,PHYSICAL_SPAN,BDZ-00048,河湾变,PZXL-00161,hpao,河炮线,PZXL-00161-N0067,hpao线墩既村高坡塑料颗粒产支线10,PZXL-00161-N0068,hpao线墩既村高坡塑料颗粒产支线11,50.0,JL/G1A-240/30,JL/G1A-240/30,B+,0.13,0.356,0.0065,0.0178,550.0,562.0,9.5263,CLOSED,69,邳州_10kV河炮线明细.xlsx,PARAMETERIZED_PLANNING_MODEL,595.0,550.0,9.5263,"min(conductor_Imax_base, SRC06_feeder_max_allowed_current)"
PZXL-00161-B0069,PHYSICAL_SPAN,BDZ-00048,河湾变,PZXL-00161,hpao,河炮线,PZXL-00161-N0070,hpao线墩既村高坡塑料颗粒产支线9,PZXL-00161-N0067,hpao线墩既村高坡塑料颗粒产支线10,50.0,JL/G1A-240/30,JL/G1A-240/30,B+,0.13,0.356,0.0065,0.0178,550.0,562.0,9.5263,CLOSED,70,邳州_10kV河炮线明细.xlsx,PARAMETERIZED_PLANNING_MODEL,595.0,550.0,9.5263,"min(conductor_Imax_base, SRC06_feeder_max_allowed_current)"
PZXL-00161-B0070,PHYSICAL_SPAN,BDZ-00048,河湾变,PZXL-00161,hpao,河炮线,PZXL-00161-N0043,hpao线43杆,PZXL-00161-N0071,hpao线王场湖排灌站支线1杆,50.0,JL/G1A-240/30,JL/G1A-240/30,B+,0.13,0.356,0.0065,0.0178,550.0,562.0,9.5263,CLOSED,71,邳州_10kV河炮线明细.xlsx,PARAMETERIZED_PLANNING_MODEL,595.0,550.0,9.5263,"min(conductor_Imax_base, SRC06_feeder_max_allowed_current)"
PZXL-00161-B0071,PHYSICAL_SPAN,BDZ-00048,河湾变,PZXL-00161,hpao,河炮线,PZXL-00161-N0069,hpao线墩既村高坡塑料颗粒产支线8,PZXL-00161-N0070,hpao线墩既村高坡塑料颗粒产支线9,50.0,JL/G1A-240/30,JL/G1A-240/30,B+,0.13,0.356,0.0065,0.0178,550.0,562.0,9.5263,CLOSED,72,邳州_10kV河炮线明细.xlsx,PARAMETERIZED_PLANNING_MODEL,595.0,550.0,9.5263,"min(conductor_Imax_base, SRC06_feeder_max_allowed_current)"
PZXL-00161-B0072,PHYSICAL_SPAN,BDZ-00048,河湾变,PZXL-00161,hpao,河炮线,PZXL-00161-N0066,hpao线墩既村高坡塑料颗粒产支线07杆,PZXL-00161-N0069,hpao线墩既村高坡塑料颗粒产支线8,50.0,JL/G1A-240/30,JL/G1A-240/30,B+,0.13,0.356,0.0065,0.0178,550.0,562.0,9.5263,CLOSED,73,邳州_10kV河炮线明细.xlsx,PARAMETERIZED_PLANNING_MODEL,595.0,550.0,9.5263,"min(conductor_Imax_base, SRC06_feeder_max_allowed_current)"
PZXL-00173-B0001,PHYSICAL_SPAN,BDZ-00048,河湾变,PZXL-00173,hzhen,河镇线,PZXL-00173-N0054,10kVhzhen线56#杆,PZXL-00173-N0099,hzhen线56-1,50.0,JKLYJ/Q-10-240,JKLYJ/Q-10-240,B+,0.13,0.356,0.0065,0.0178,500.0,550.0,8.6603,CLOSED,2,邳州_10kV河镇线明细.xlsx,PARAMETERIZED_PLANNING_MODEL,605.0,500.0,8.6603,"min(conductor_Imax_base, SRC06_feeder_max_allowed_current)"
PZXL-00173-B0002,PHYSICAL_SPAN,BDZ-00048,河湾变,PZXL-00173,hzhen,河镇线,PZXL-00173-N0190,张村1变支线33杆,PZXL-00173-N0191,张村1变支线34杆,50.0,JKLYJ/Q-10-240,JKLYJ/Q-10-240,B+,0.13,0.356,0.0065,0.0178,500.0,550.0,8.6603,CLOSED,3,邳州_10kV河镇线明细.xlsx,PARAMETERIZED_PLANNING_MODEL,605.0,500.0,8.6603,"min(conductor_Imax_base, SRC06_feeder_max_allowed_current)"
PZXL-00173-B0003,PHYSICAL_SPAN,BDZ-00048,河湾变,PZXL-00173,hzhen,河镇线,PZXL-00173-N0192,张村1变支线35杆,PZXL-00173-N0193,张村1变支线36杆,50.0,JKLYJ/Q-10-240,JKLYJ/Q-10-240,B+,0.13,0.356,0.0065,0.0178,500.0,550.0,8.6603,CLOSED,4,邳州_10kV河镇线明细.xlsx,PARAMETERIZED_PLANNING_MODEL,605.0,500.0,8.6603,"min(conductor_Imax_base, SRC06_feeder_max_allowed_current)"
PZXL-00173-B0004,PHYSICAL_SPAN,BDZ-00048,河湾变,PZXL-00173,hzhen,河镇线,PZXL-00173-N0189,张村1变支线32杆,PZXL-00173-N0190,张村1变支线33杆,50.0,JKLYJ/Q-10-240,JKLYJ/Q-10-240,B+,0.13,0.356,0.0065,0.0178,500.0,550.0,8.6603,CLOSED,5,邳州_10kV河镇线明细.xlsx,PARAMETERIZED_PLANNING_MODEL,605.0,500.0,8.6603,"min(conductor_Imax_base, SRC06_feeder_max_allowed_current)"
PZXL-00173-B0005,PHYSICAL_SPAN,BDZ-00048,河湾变,PZXL-00173,hzhen,河镇线,PZXL-00173-N0193,张村1变支线36杆,PZXL-00173-N0194,张村1变支线37杆,50.0,JKLYJ/Q-10-240,JKLYJ/Q-10-240,B+,0.13,0.356,0.0065,0.0178,500.0,550.0,8.6603,CLOSED,6,邳州_10kV河镇线明细.xlsx,PARAMETERIZED_PLANNING_MODEL,605.0,500.0,8.6603,"min(conductor_Imax_base, SRC06_feeder_max_allowed_current)"
PZXL-00173-B0006,PHYSICAL_SPAN,BDZ-00048,河湾变,PZXL-00173,hzhen,河镇线,PZXL-00173-N0191,张村1变支线34杆,PZXL-00173-N0192,张村1变支线35杆,50.0,JKLYJ/Q-10-240,JKLYJ/Q-10-240,B+,0.13,0.356,0.0065,0.0178,500.0,550.0,8.6603,CLOSED,7,邳州_10kV河镇线明细.xlsx,PARAMETERIZED_PLANNING_MODEL,605.0,500.0,8.6603,"min(conductor_Imax_base, SRC06_feeder_max_allowed_current)"
PZXL-00173-B0007,PHYSICAL_SPAN,BDZ-00048,河湾变,PZXL-00173,hzhen,河镇线,PZXL-00173-N0194,张村1变支线37杆,PZXL-00173-N0195,张村1变支线38杆,50.0,JKLYJ/Q-10-240,JKLYJ/Q-10-240,B+,0.13,0.356,0.0065,0.0178,500.0,550.0,8.6603,CLOSED,8,邳州_10kV河镇线明细.xlsx,PARAMETERIZED_PLANNING_MODEL,605.0,500.0,8.6603,"min(conductor_Imax_base, SRC06_feeder_max_allowed_current)"
PZXL-00173-B0008,PHYSICAL_SPAN,BDZ-00048,河湾变,PZXL-00173,hzhen,河镇线,PZXL-00173-N0001,10kVhzhen线01#杆,PZXL-00173-N0002,10kVhzhen线02#杆,60.0,JKLYJ/Q-10-240,JKLYJ/Q-10-240,B+,0.13,0.356,0.0078,0.02136,500.0,550.0,8.6603,CLOSED,9,邳州_10kV河镇线明细.xlsx,PARAMETERIZED_PLANNING_MODEL,605.0,500.0,8.6603,"min(conductor_Imax_base, SRC06_feeder_max_allowed_current)"
PZXL-00173-B0009,PHYSICAL_SPAN,BDZ-00048,河湾变,PZXL-00173,hzhen,河镇线,PZXL-00173-N0059,10kVhzhen线61#杆,PZXL-00173-N0060,10kVhzhen线62#杆,60.0,JKLYJ/Q-10-240,JKLYJ/Q-10-240,B+,0.13,0.356,0.0078,0.02136,500.0,550.0,8.6603,CLOSED,10,邳州_10kV河镇线明细.xlsx,PARAMETERIZED_PLANNING_MODEL,605.0,500.0,8.6603,"min(conductor_Imax_base, SRC06_feeder_max_allowed_current)"
PZXL-00173-B0010,PHYSICAL_SPAN,BDZ-00048,河湾变,PZXL-00173,hzhen,河镇线,PZXL-00173-N0126,南方永磁支线8杆,PZXL-00173-N0127,南方永磁支线9杆,60.0,JKLYJ/Q-10-240,JKLYJ/Q-10-240,B+,0.13,0.356,0.0078,0.02136,500.0,550.0,8.6603,CLOSED,11,邳州_10kV河镇线明细.xlsx,PARAMETERIZED_PLANNING_MODEL,605.0,500.0,8.6603,"min(conductor_Imax_base, SRC06_feeder_max_allowed_current)"
PZXL-00173-B0011,PHYSICAL_SPAN,BDZ-00048,河湾变,PZXL-00173,hzhen,河镇线,PZXL-00173-N0111,南方永磁支线12杆,PZXL-00173-N0112,南方永磁支线13杆,60.0,JKLYJ/Q-10-240,JKLYJ/Q-10-240,B+,0.13,0.356,0.0078,0.02136,500.0,550.0,8.6603,CLOSED,12,邳州_10kV河镇线明细.xlsx,PARAMETERIZED_PLANNING_MODEL,605.0,500.0,8.6603,"min(conductor_Imax_base, SRC06_feeder_max_allowed_current)"
PZXL-00173-B0012,PHYSICAL_SPAN,BDZ-00048,河湾变,PZXL-00173,hzhen,河镇线,PZXL-00173-N0117,南方永磁支线18杆,PZXL-00173-N0118,南方永磁支线19杆,60.0,JKLYJ/Q-10-240,JKLYJ/Q-10-240,B+,0.13,0.356,0.0078,0.02136,500.0,550.0,8.6603,CLOSED,13,邳州_10kV河镇线明细.xlsx,PARAMETERIZED_PLANNING_MODEL,605.0,500.0,8.6603,"min(conductor_Imax_base, SRC06_feeder_max_allowed_current)"
PZXL-00173-B0013,PHYSICAL_SPAN,BDZ-00048,河湾变,PZXL-00173,hzhen,河镇线,PZXL-00173-N0122,南方永磁支线4杆,PZXL-00173-N0123,南方永磁支线5杆,60.0,JKLYJ/Q-10-240,JKLYJ/Q-10-240,B+,0.13,0.356,0.0078,0.02136,500.0,550.0,8.6603,CLOSED,14,邳州_10kV河镇线明细.xlsx,PARAMETERIZED_PLANNING_MODEL,605.0,500.0,8.6603,"min(conductor_Imax_base, SRC06_feeder_max_allowed_current)"
PZXL-00173-B0014,PHYSICAL_SPAN,BDZ-00048,河湾变,PZXL-00173,hzhen,河镇线,PZXL-00173-N0114,南方永磁支线15杆,PZXL-00173-N0115,南方永磁支线16杆,60.0,JKLYJ/Q-10-240,JKLYJ/Q-10-240,B+,0.13,0.356,0.0078,0.02136,500.0,550.0,8.6603,CLOSED,15,邳州_10kV河镇线明细.xlsx,PARAMETERIZED_PLANNING_MODEL,605.0,500.0,8.6603,"min(conductor_Imax_base, SRC06_feeder_max_allowed_current)"
PZXL-00173-B0015,PHYSICAL_SPAN,BDZ-00048,河湾变,PZXL-00173,hzhen,河镇线,PZXL-00173-N0115,南方永磁支线16杆,PZXL-00173-N0116,南方永磁支线17杆,60.0,JKLYJ/Q-10-240,JKLYJ/Q-10-240,B+,0.13,0.356,0.0078,0.02136,500.0,550.0,8.6603,CLOSED,16,邳州_10kV河镇线明细.xlsx,PARAMETERIZED_PLANNING_MODEL,605.0,500.0,8.6603,"min(conductor_Imax_base, SRC06_feeder_max_allowed_current)"
PZXL-00173-B0016,PHYSICAL_SPAN,BDZ-00048,河湾变,PZXL-00173,hzhen,河镇线,PZXL-00173-N0110,南方永磁支线11杆,PZXL-00173-N0111,南方永磁支线12杆,60.0,JKLYJ/Q-10-240,JKLYJ/Q-10-240,B+,0.13,0.356,0.0078,0.02136,500.0,550.0,8.6603,CLOSED,17,邳州_10kV河镇线明细.xlsx,PARAMETERIZED_PLANNING_MODEL,605.0,500.0,8.6603,"min(conductor_Imax_base, SRC06_feeder_max_allowed_current)"
PZXL-00173-B0017,PHYSICAL_SPAN,BDZ-00048,河湾变,PZXL-00173,hzhen,河镇线,PZXL-00173-N0127,南方永磁支线9杆,PZXL-00173-N0109,南方永磁支线10杆,60.0,JKLYJ/Q-10-240,JKLYJ/Q-10-240,B+,0.13,0.356,0.0078,0.02136,500.0,550.0,8.6603,CLOSED,18,邳州_10kV河镇线明细.xlsx,PARAMETERIZED_PLANNING_MODEL,605.0,500.0,8.6603,"min(conductor_Imax_base, SRC06_feeder_max_allowed_current)"
PZXL-00173-B0018,PHYSICAL_SPAN,BDZ-00048,河湾变,PZXL-00173,hzhen,河镇线,PZXL-00173-N0125,南方永磁支线7杆,PZXL-00173-N0126,南方永磁支线8杆,60.0,JKLYJ/Q-10-240,JKLYJ/Q-10-240,B+,0.13,0.356,0.0078,0.02136,500.0,550.0,8.6603,CLOSED,19,邳州_10kV河镇线明细.xlsx,PARAMETERIZED_PLANNING_MODEL,605.0,500.0,8.6603,"min(conductor_Imax_base, SRC06_feeder_max_allowed_current)"
PZXL-00173-B0019,PHYSICAL_SPAN,BDZ-00048,河湾变,PZXL-00173,hzhen,河镇线,PZXL-00173-N0120,南方永磁支线2杆,PZXL-00173-N0121,南方永磁支线3杆,60.0,JKLYJ/Q-10-240,JKLYJ/Q-10-240,B+,0.13,0.356,0.0078,0.02136,500.0,550.0,8.6603,CLOSED,20,邳州_10kV河镇线明细.xlsx,PARAMETERIZED_PLANNING_MODEL,605.0,500.0,8.6603,"min(conductor_Imax_base, SRC06_feeder_max_allowed_current)"
PZXL-00173-B0020,PHYSICAL_SPAN,BDZ-00048,河湾变,PZXL-00173,hzhen,河镇线,PZXL-00173-N0123,南方永磁支线5杆,PZXL-00173-N0124,南方永磁支线6杆,60.0,JKLYJ/Q-10-240,JKLYJ/Q-10-240,B+,0.13,0.356,0.0078,0.02136,500.0,550.0,8.6603,CLOSED,21,邳州_10kV河镇线明细.xlsx,PARAMETERIZED_PLANNING_MODEL,605.0,500.0,8.6603,"min(conductor_Imax_base, SRC06_feeder_max_allowed_current)"
PZXL-00173-B0021,PHYSICAL_SPAN,BDZ-00048,河湾变,PZXL-00173,hzhen,河镇线,PZXL-00173-N0096,10kVhzhen线93杆,PZXL-00173-N0119,南方永磁支线1杆,60.0,JKLYJ/Q-10-240,JKLYJ/Q-10-240,B+,0.13,0.356,0.0078,0.02136,500.0,550.0,8.6603,CLOSED,22,邳州_10kV河镇线明细.xlsx,PARAMETERIZED_PLANNING_MODEL,605.0,500.0,8.6603,"min(conductor_Imax_base, SRC06_feeder_max_allowed_current)"
PZXL-00173-B0022,PHYSICAL_SPAN,BDZ-00048,河湾变,PZXL-00173,hzhen,河镇线,PZXL-00173-N0116,南方永磁支线17杆,PZXL-00173-N0117,南方永磁支线18杆,60.0,JKLYJ/Q-10-240,JKLYJ/Q-10-240,B+,0.13,0.356,0.0078,0.02136,500.0,550.0,8.6603,CLOSED,23,邳州_10kV河镇线明细.xlsx,PARAMETERIZED_PLANNING_MODEL,605.0,500.0,8.6603,"min(conductor_Imax_base, SRC06_feeder_max_allowed_current)"
PZXL-00173-B0023,PHYSICAL_SPAN,BDZ-00048,河湾变,PZXL-00173,hzhen,河镇线,PZXL-00173-N0124,南方永磁支线6杆,PZXL-00173-N0125,南方永磁支线7杆,60.0,JKLYJ/Q-10-240,JKLYJ/Q-10-240,B+,0.13,0.356,0.0078,0.02136,500.0,550.0,8.6603,CLOSED,24,邳州_10kV河镇线明细.xlsx,PARAMETERIZED_PLANNING_MODEL,605.0,500.0,8.6603,"min(conductor_Imax_base, SRC06_feeder_max_allowed_current)"
PZXL-00173-B0024,PHYSICAL_SPAN,BDZ-00048,河湾变,PZXL-00173,hzhen,河镇线,PZXL-00173-N0121,南方永磁支线3杆,PZXL-00173-N0122,南方永磁支线4杆,60.0,JKLYJ/Q-10-240,JKLYJ/Q-10-240,B+,0.13,0.356,0.0078,0.02136,500.0,550.0,8.6603,CLOSED,25,邳州_10kV河镇线明细.xlsx,PARAMETERIZED_PLANNING_MODEL,605.0,500.0,8.6603,"min(conductor_Imax_base, SRC06_feeder_max_allowed_current)"
PZXL-00173-B0025,PHYSICAL_SPAN,BDZ-00048,河湾变,PZXL-00173,hzhen,河镇线,PZXL-00173-N0113,南方永磁支线14杆,PZXL-00173-N0114,南方永磁支线15杆,60.0,JKLYJ/Q-10-240,JKLYJ/Q-10-240,B+,0.13,0.356,0.0078,0.02136,500.0,550.0,8.6603,CLOSED,26,邳州_10kV河镇线明细.xlsx,PARAMETERIZED_PLANNING_MODEL,605.0,500.0,8.6603,"min(conductor_Imax_base, SRC06_feeder_max_allowed_current)"
PZXL-00173-B0026,PHYSICAL_SPAN,BDZ-00048,河湾变,PZXL-00173,hzhen,河镇线,PZXL-00173-N0112,南方永磁支线13杆,PZXL-00173-N0113,南方永磁支线14杆,60.0,JKLYJ/Q-10-240,JKLYJ/Q-10-240,B+,0.13,0.356,0.0078,0.02136,500.0,550.0,8.6603,CLOSED,27,邳州_10kV河镇线明细.xlsx,PARAMETERIZED_PLANNING_MODEL,605.0,500.0,8.6603,"min(conductor_Imax_base, SRC06_feeder_max_allowed_current)"
PZXL-00173-B0027,PHYSICAL_SPAN,BDZ-00048,河湾变,PZXL-00173,hzhen,河镇线,PZXL-00173-N0109,南方永磁支线10杆,PZXL-00173-N0110,南方永磁支线11杆,60.0,JKLYJ/Q-10-240,JKLYJ/Q-10-240,B+,0.13,0.356,0.0078,0.02136,500.0,550.0,8.6603,CLOSED,28,邳州_10kV河镇线明细.xlsx,PARAMETERIZED_PLANNING_MODEL,605.0,500.0,8.6603,"min(conductor_Imax_base, SRC06_feeder_max_allowed_current)"
PZXL-00173-B0028,PHYSICAL_SPAN,BDZ-00048,河湾变,PZXL-00173,hzhen,河镇线,PZXL-00173-N0119,南方永磁支线1杆,PZXL-00173-N0120,南方永磁支线2杆,60.0,JKLYJ/Q-10-240,JKLYJ/Q-10-240,B+,0.13,0.356,0.0078,0.02136,500.0,550.0,8.6603,CLOSED,29,邳州_10kV河镇线明细.xlsx,PARAMETERIZED_PLANNING_MODEL,605.0,500.0,8.6603,"min(conductor_Imax_base, SRC06_feeder_max_allowed_current)"
PZXL-00173-B0029,PHYSICAL_SPAN,BDZ-00048,河湾变,PZXL-00173,hzhen,河镇线,PZXL-00173-N0213,文苑路支线26杆,PZXL-00173-N0214,文苑路支线27杆,60.0,JKLYJ/Q-10-240,JKLYJ/Q-10-240,B+,0.13,0.356,0.0078,0.02136,500.0,550.0,8.6603,CLOSED,30,邳州_10kV河镇线明细.xlsx,PARAMETERIZED_PLANNING_MODEL,605.0,500.0,8.6603,"min(conductor_Imax_base, SRC06_feeder_max_allowed_current)"
PZXL-00173-B0030,PHYSICAL_SPAN,BDZ-00048,河湾变,PZXL-00173,hzhen,河镇线,PZXL-00173-N0208,文苑路支线21杆,PZXL-00173-N0209,文苑路支线22杆,60.0,JKLYJ/Q-10-240,JKLYJ/Q-10-240,B+,0.13,0.356,0.0078,0.02136,500.0,550.0,8.6603,CLOSED,31,邳州_10kV河镇线明细.xlsx,PARAMETERIZED_PLANNING_MODEL,605.0,500.0,8.6603,"min(conductor_Imax_base, SRC06_feeder_max_allowed_current)"
PZXL-00173-B0031,PHYSICAL_SPAN,BDZ-00048,河湾变,PZXL-00173,hzhen,河镇线,PZXL-00173-N0211,文苑路支线24杆,PZXL-00173-N0212,文苑路支线25杆,60.0,JKLYJ/Q-10-240,JKLYJ/Q-10-240,B+,0.13,0.356,0.0078,0.02136,500.0,550.0,8.6603,CLOSED,32,邳州_10kV河镇线明细.xlsx,PARAMETERIZED_PLANNING_MODEL,605.0,500.0,8.6603,"min(conductor_Imax_base, SRC06_feeder_max_allowed_current)"
PZXL-00173-B0032,PHYSICAL_SPAN,BDZ-00048,河湾变,PZXL-00173,hzhen,河镇线,PZXL-00173-N0224,文苑路支线8杆,PZXL-00173-N0225,文苑路支线9杆,60.0,JKLYJ/Q-10-240,JKLYJ/Q-10-240,B+,0.13,0.356,0.0078,0.02136,500.0,550.0,8.6603,CLOSED,33,邳州_10kV河镇线明细.xlsx,PARAMETERIZED_PLANNING_MODEL,605.0,500.0,8.6603,"min(conductor_Imax_base, SRC06_feeder_max_allowed_current)"
PZXL-00173-B0033,PHYSICAL_SPAN,BDZ-00048,河湾变,PZXL-00173,hzhen,河镇线,PZXL-00173-N0206,文苑路支线1杆,PZXL-00173-N0217,文苑路支线2杆,60.0,JKLYJ/Q-10-240,JKLYJ/Q-10-240,B+,0.13,0.356,0.0078,0.02136,500.0,550.0,8.6603,CLOSED,34,邳州_10kV河镇线明细.xlsx,PARAMETERIZED_PLANNING_MODEL,605.0,500.0,8.6603,"min(conductor_Imax_base, SRC06_feeder_max_allowed_current)"
PZXL-00173-B0034,PHYSICAL_SPAN,BDZ-00048,河湾变,PZXL-00173,hzhen,河镇线,PZXL-00173-N0221,文苑路支线5杆,PZXL-00173-N0222,文苑路支线6杆,60.0,JKLYJ/Q-10-240,JKLYJ/Q-10-240,B+,0.13,0.356,0.0078,0.02136,500.0,550.0,8.6603,CLOSED,35,邳州_10kV河镇线明细.xlsx,PARAMETERIZED_PLANNING_MODEL,605.0,500.0,8.6603,"min(conductor_Imax_base, SRC06_feeder_max_allowed_current)"
PZXL-00173-B0035,PHYSICAL_SPAN,BDZ-00048,河湾变,PZXL-00173,hzhen,河镇线,PZXL-00173-N0197,文苑路支线11杆,PZXL-00173-N0198,文苑路支线12杆,60.0,JKLYJ/Q-10-240,JKLYJ/Q-10-240,B+,0.13,0.356,0.0078,0.02136,500.0,550.0,8.6603,CLOSED,36,邳州_10kV河镇线明细.xlsx,PARAMETERIZED_PLANNING_MODEL,605.0,500.0,8.6603,"min(conductor_Imax_base, SRC06_feeder_max_allowed_current)"
PZXL-00173-B0036,PHYSICAL_SPAN,BDZ-00048,河湾变,PZXL-00173,hzhen,河镇线,PZXL-00173-N0196,文苑路支线10杆,PZXL-00173-N0197,文苑路支线11杆,60.0,JKLYJ/Q-10-240,JKLYJ/Q-10-240,B+,0.13,0.356,0.0078,0.02136,500.0,550.0,8.6603,CLOSED,37,邳州_10kV河镇线明细.xlsx,PARAMETERIZED_PLANNING_MODEL,605.0,500.0,8.6603,"min(conductor_Imax_base, SRC06_feeder_max_allowed_current)"
PZXL-00173-B0037,PHYSICAL_SPAN,BDZ-00048,河湾变,PZXL-00173,hzhen,河镇线,PZXL-00173-N0210,文苑路支线23杆,PZXL-00173-N0211,文苑路支线24杆,60.0,JKLYJ/Q-10-240,JKLYJ/Q-10-240,B+,0.13,0.356,0.0078,0.02136,500.0,550.0,8.6603,CLOSED,38,邳州_10kV河镇线明细.xlsx,PARAMETERIZED_PLANNING_MODEL,605.0,500.0,8.6603,"min(conductor_Imax_base, SRC06_feeder_max_allowed_current)"
PZXL-00173-B0038,PHYSICAL_SPAN,BDZ-00048,河湾变,PZXL-00173,hzhen,河镇线,PZXL-00173-N0222,文苑路支线6杆,PZXL-00173-N0223,文苑路支线7杆,60.0,JKLYJ/Q-10-240,JKLYJ/Q-10-240,B+,0.13,0.356,0.0078,0.02136,500.0,550.0,8.6603,CLOSED,39,邳州_10kV河镇线明细.xlsx,PARAMETERIZED_PLANNING_MODEL,605.0,500.0,8.6603,"min(conductor_Imax_base, SRC06_feeder_max_allowed_current)"
PZXL-00173-B0039,PHYSICAL_SPAN,BDZ-00048,河湾变,PZXL-00173,hzhen,河镇线,PZXL-00173-N0223,文苑路支线7杆,PZXL-00173-N0224,文苑路支线8杆,60.0,JKLYJ/Q-10-240,JKLYJ/Q-10-240,B+,0.13,0.356,0.0078,0.02136,500.0,550.0,8.6603,CLOSED,40,邳州_10kV河镇线明细.xlsx,PARAMETERIZED_PLANNING_MODEL,605.0,500.0,8.6603,"min(conductor_Imax_base, SRC06_feeder_max_allowed_current)"
PZXL-00173-B0040,PHYSICAL_SPAN,BDZ-00048,河湾变,PZXL-00173,hzhen,河镇线,PZXL-00173-N0204,文苑路支线18杆,PZXL-00173-N0205,文苑路支线19杆,60.0,JKLYJ/Q-10-240,JKLYJ/Q-10-240,B+,0.13,0.356,0.0078,0.02136,500.0,550.0,8.6603,CLOSED,41,邳州_10kV河镇线明细.xlsx,PARAMETERIZED_PLANNING_MODEL,605.0,500.0,8.6603,"min(conductor_Imax_base, SRC06_feeder_max_allowed_current)"
PZXL-00173-B0041,PHYSICAL_SPAN,BDZ-00048,河湾变,PZXL-00173,hzhen,河镇线,PZXL-00173-N0217,文苑路支线2杆,PZXL-00173-N0219,文苑路支线3杆,60.0,JKLYJ/Q-10-240,JKLYJ/Q-10-240,B+,0.13,0.356,0.0078,0.02136,500.0,550.0,8.6603,CLOSED,42,邳州_10kV河镇线明细.xlsx,PARAMETERIZED_PLANNING_MODEL,605.0,500.0,8.6603,"min(conductor_Imax_base, SRC06_feeder_max_allowed_current)"
PZXL-00173-B0042,PHYSICAL_SPAN,BDZ-00048,河湾变,PZXL-00173,hzhen,河镇线,PZXL-00173-N0207,文苑路支线20杆,PZXL-00173-N0208,文苑路支线21杆,60.0,JKLYJ/Q-10-240,JKLYJ/Q-10-240,B+,0.13,0.356,0.0078,0.02136,500.0,550.0,8.6603,CLOSED,43,邳州_10kV河镇线明细.xlsx,PARAMETERIZED_PLANNING_MODEL,605.0,500.0,8.6603,"min(conductor_Imax_base, SRC06_feeder_max_allowed_current)"
PZXL-00173-B0043,PHYSICAL_SPAN,BDZ-00048,河湾变,PZXL-00173,hzhen,河镇线,PZXL-00173-N0220,文苑路支线4杆,PZXL-00173-N0221,文苑路支线5杆,60.0,JKLYJ/Q-10-240,JKLYJ/Q-10-240,B+,0.13,0.356,0.0078,0.02136,500.0,550.0,8.6603,CLOSED,44,邳州_10kV河镇线明细.xlsx,PARAMETERIZED_PLANNING_MODEL,605.0,500.0,8.6603,"min(conductor_Imax_base, SRC06_feeder_max_allowed_current)"
PZXL-00173-B0044,PHYSICAL_SPAN,BDZ-00048,河湾变,PZXL-00173,hzhen,河镇线,PZXL-00173-N0202,文苑路支线16杆,PZXL-00173-N0203,文苑路支线17杆,60.0,JKLYJ/Q-10-240,JKLYJ/Q-10-240,B+,0.13,0.356,0.0078,0.02136,500.0,550.0,8.6603,CLOSED,45,邳州_10kV河镇线明细.xlsx,PARAMETERIZED_PLANNING_MODEL,605.0,500.0,8.6603,"min(conductor_Imax_base, SRC06_feeder_max_allowed_current)"
PZXL-00173-B0045,PHYSICAL_SPAN,BDZ-00048,河湾变,PZXL-00173,hzhen,河镇线,PZXL-00173-N0199,文苑路支线13杆,PZXL-00173-N0200,文苑路支线14杆,60.0,JKLYJ/Q-10-240,JKLYJ/Q-10-240,B+,0.13,0.356,0.0078,0.02136,500.0,550.0,8.6603,CLOSED,46,邳州_10kV河镇线明细.xlsx,PARAMETERIZED_PLANNING_MODEL,605.0,500.0,8.6603,"min(conductor_Imax_base, SRC06_feeder_max_allowed_current)"
PZXL-00173-B0046,PHYSICAL_SPAN,BDZ-00048,河湾变,PZXL-00173,hzhen,河镇线,PZXL-00173-N0225,文苑路支线9杆,PZXL-00173-N0196,文苑路支线10杆,60.0,JKLYJ/Q-10-240,JKLYJ/Q-10-240,B+,0.13,0.356,0.0078,0.02136,500.0,550.0,8.6603,CLOSED,47,邳州_10kV河镇线明细.xlsx,PARAMETERIZED_PLANNING_MODEL,605.0,500.0,8.6603,"min(conductor_Imax_base, SRC06_feeder_max_allowed_current)"
PZXL-00173-B0047,PHYSICAL_SPAN,BDZ-00048,河湾变,PZXL-00173,hzhen,河镇线,PZXL-00173-N0200,文苑路支线14杆,PZXL-00173-N0201,文苑路支线15杆,60.0,JKLYJ/Q-10-240,JKLYJ/Q-10-240,B+,0.13,0.356,0.0078,0.02136,500.0,550.0,8.6603,CLOSED,48,邳州_10kV河镇线明细.xlsx,PARAMETERIZED_PLANNING_MODEL,605.0,500.0,8.6603,"min(conductor_Imax_base, SRC06_feeder_max_allowed_current)"
PZXL-00173-B0048,PHYSICAL_SPAN,BDZ-00048,河湾变,PZXL-00173,hzhen,河镇线,PZXL-00173-N0209,文苑路支线22杆,PZXL-00173-N0210,文苑路支线23杆,60.0,JKLYJ/Q-10-240,JKLYJ/Q-10-240,B+,0.13,0.356,0.0078,0.02136,500.0,550.0,8.6603,CLOSED,49,邳州_10kV河镇线明细.xlsx,PARAMETERIZED_PLANNING_MODEL,605.0,500.0,8.6603,"min(conductor_Imax_base, SRC06_feeder_max_allowed_current)"
PZXL-00173-B0049,PHYSICAL_SPAN,BDZ-00048,河湾变,PZXL-00173,hzhen,河镇线,PZXL-00173-N0219,文苑路支线3杆,PZXL-00173-N0220,文苑路支线4杆,60.0,JKLYJ/Q-10-240,JKLYJ/Q-10-240,B+,0.13,0.356,0.0078,0.02136,500.0,550.0,8.6603,CLOSED,50,邳州_10kV河镇线明细.xlsx,PARAMETERIZED_PLANNING_MODEL,605.0,500.0,8.6603,"min(conductor_Imax_base, SRC06_feeder_max_allowed_current)"
PZXL-00173-B0050,PHYSICAL_SPAN,BDZ-00048,河湾变,PZXL-00173,hzhen,河镇线,PZXL-00173-N0047,10kVhzhen线49#杆,PZXL-00173-N0206,文苑路支线1杆,60.0,JKLYJ/Q-10-240,JKLYJ/Q-10-240,B+,0.13,0.356,0.0078,0.02136,500.0,550.0,8.6603,CLOSED,51,邳州_10kV河镇线明细.xlsx,PARAMETERIZED_PLANNING_MODEL,605.0,500.0,8.6603,"min(conductor_Imax_base, SRC06_feeder_max_allowed_current)"
PZXL-00173-B0051,PHYSICAL_SPAN,BDZ-00048,河湾变,PZXL-00173,hzhen,河镇线,PZXL-00173-N0216,文苑路支线29杆,PZXL-00173-N0218,文苑路支线30杆,60.0,JKLYJ/Q-10-240,JKLYJ/Q-10-240,B+,0.13,0.356,0.0078,0.02136,500.0,550.0,8.6603,CLOSED,52,邳州_10kV河镇线明细.xlsx,PARAMETERIZED_PLANNING_MODEL,605.0,500.0,8.6603,"min(conductor_Imax_base, SRC06_feeder_max_allowed_current)"
PZXL-00173-B0052,PHYSICAL_SPAN,BDZ-00048,河湾变,PZXL-00173,hzhen,河镇线,PZXL-00173-N0205,文苑路支线19杆,PZXL-00173-N0207,文苑路支线20杆,60.0,JKLYJ/Q-10-240,JKLYJ/Q-10-240,B+,0.13,0.356,0.0078,0.02136,500.0,550.0,8.6603,CLOSED,53,邳州_10kV河镇线明细.xlsx,PARAMETERIZED_PLANNING_MODEL,605.0,500.0,8.6603,"min(conductor_Imax_base, SRC06_feeder_max_allowed_current)"
PZXL-00173-B0053,PHYSICAL_SPAN,BDZ-00048,河湾变,PZXL-00173,hzhen,河镇线,PZXL-00173-N0203,文苑路支线17杆,PZXL-00173-N0204,文苑路支线18杆,60.0,JKLYJ/Q-10-240,JKLYJ/Q-10-240,B+,0.13,0.356,0.0078,0.02136,500.0,550.0,8.6603,CLOSED,54,邳州_10kV河镇线明细.xlsx,PARAMETERIZED_PLANNING_MODEL,605.0,500.0,8.6603,"min(conductor_Imax_base, SRC06_feeder_max_allowed_current)"
PZXL-00173-B0054,PHYSICAL_SPAN,BDZ-00048,河湾变,PZXL-00173,hzhen,河镇线,PZXL-00173-N0214,文苑路支线27杆,PZXL-00173-N0215,文苑路支线28杆,60.0,JKLYJ/Q-10-240,JKLYJ/Q-10-240,B+,0.13,0.356,0.0078,0.02136,500.0,550.0,8.6603,CLOSED,55,邳州_10kV河镇线明细.xlsx,PARAMETERIZED_PLANNING_MODEL,605.0,500.0,8.6603,"min(conductor_Imax_base, SRC06_feeder_max_allowed_current)"
PZXL-00173-B0055,PHYSICAL_SPAN,BDZ-00048,河湾变,PZXL-00173,hzhen,河镇线,PZXL-00173-N0212,文苑路支线25杆,PZXL-00173-N0213,文苑路支线26杆,60.0,JKLYJ/Q-10-240,JKLYJ/Q-10-240,B+,0.13,0.356,0.0078,0.02136,500.0,550.0,8.6603,CLOSED,56,邳州_10kV河镇线明细.xlsx,PARAMETERIZED_PLANNING_MODEL,605.0,500.0,8.6603,"min(conductor_Imax_base, SRC06_feeder_max_allowed_current)"
PZXL-00173-B0056,PHYSICAL_SPAN,BDZ-00048,河湾变,PZXL-00173,hzhen,河镇线,PZXL-00173-N0215,文苑路支线28杆,PZXL-00173-N0216,文苑路支线29杆,60.0,JKLYJ/Q-10-240,JKLYJ/Q-10-240,B+,0.13,0.356,0.0078,0.02136,500.0,550.0,8.6603,CLOSED,57,邳州_10kV河镇线明细.xlsx,PARAMETERIZED_PLANNING_MODEL,605.0,500.0,8.6603,"min(conductor_Imax_base, SRC06_feeder_max_allowed_current)"
PZXL-00173-B0057,PHYSICAL_SPAN,BDZ-00048,河湾变,PZXL-00173,hzhen,河镇线,PZXL-00173-N0198,文苑路支线12杆,PZXL-00173-N0199,文苑路支线13杆,60.0,JKLYJ/Q-10-240,JKLYJ/Q-10-240,B+,0.13,0.356,0.0078,0.02136,500.0,550.0,8.6603,CLOSED,58,邳州_10kV河镇线明细.xlsx,PARAMETERIZED_PLANNING_MODEL,605.0,500.0,8.6603,"min(conductor_Imax_base, SRC06_feeder_max_allowed_current)"
PZXL-00173-B0058,PHYSICAL_SPAN,BDZ-00048,河湾变,PZXL-00173,hzhen,河镇线,PZXL-00173-N0201,文苑路支线15杆,PZXL-00173-N0202,文苑路支线16杆,60.0,JKLYJ/Q-10-240,JKLYJ/Q-10-240,B+,0.13,0.356,0.0078,0.02136,500.0,550.0,8.6603,CLOSED,59,邳州_10kV河镇线明细.xlsx,PARAMETERIZED_PLANNING_MODEL,605.0,500.0,8.6603,"min(conductor_Imax_base, SRC06_feeder_max_allowed_current)"
PZXL-00173-B0059,PHYSICAL_SPAN,BDZ-00048,河湾变,PZXL-00173,hzhen,河镇线,PZXL-00173-N0039,10kVhzhen线40#杆,PZXL-00173-N0132,工业园区支线01杆,60.0,JKLYJ/Q-10-240,JKLYJ/Q-10-240,B+,0.13,0.356,0.0078,0.02136,500.0,550.0,8.6603,CLOSED,60,邳州_10kV河镇线明细.xlsx,PARAMETERIZED_PLANNING_MODEL,605.0,500.0,8.6603,"min(conductor_Imax_base, SRC06_feeder_max_allowed_current)"
PZXL-00173-B0060,PHYSICAL_SPAN,BDZ-00048,河湾变,PZXL-00173,hzhen,河镇线,PZXL-00173-N0036,10kVhzhen线37#杆,PZXL-00173-N0037,10kVhzhen线38#杆,60.0,JKLYJ/Q-10-240,JKLYJ/Q-10-240,B+,0.13,0.356,0.0078,0.02136,500.0,550.0,8.6603,CLOSED,61,邳州_10kV河镇线明细.xlsx,PARAMETERIZED_PLANNING_MODEL,605.0,500.0,8.6603,"min(conductor_Imax_base, SRC06_feeder_max_allowed_current)"
PZXL-00173-B0061,PHYSICAL_SPAN,BDZ-00048,河湾变,PZXL-00173,hzhen,河镇线,PZXL-00173-N0143,工业园区支线12杆,PZXL-00173-N0144,工业园区支线13杆,60.0,JKLYJ/Q-10-240,JKLYJ/Q-10-240,B+,0.13,0.356,0.0078,0.02136,500.0,550.0,8.6603,CLOSED,62,邳州_10kV河镇线明细.xlsx,PARAMETERIZED_PLANNING_MODEL,605.0,500.0,8.6603,"min(conductor_Imax_base, SRC06_feeder_max_allowed_current)"
PZXL-00173-B0062,PHYSICAL_SPAN,BDZ-00048,河湾变,PZXL-00173,hzhen,河镇线,PZXL-00173-N0005,10kVhzhen线05#杆,PZXL-00173-N0006,10kVhzhen线06#杆,60.0,JKLYJ/Q-10-240,JKLYJ/Q-10-240,B+,0.13,0.356,0.0078,0.02136,500.0,550.0,8.6603,CLOSED,63,邳州_10kV河镇线明细.xlsx,PARAMETERIZED_PLANNING_MODEL,605.0,500.0,8.6603,"min(conductor_Imax_base, SRC06_feeder_max_allowed_current)"
PZXL-00173-B0063,PHYSICAL_SPAN,BDZ-00048,河湾变,PZXL-00173,hzhen,河镇线,PZXL-00173-N0146,工业园区支线15杆,PZXL-00173-N0147,工业园区支线16杆,60.0,JKLYJ/Q-10-240,JKLYJ/Q-10-240,B+,0.13,0.356,0.0078,0.02136,500.0,550.0,8.6603,CLOSED,64,邳州_10kV河镇线明细.xlsx,PARAMETERIZED_PLANNING_MODEL,605.0,500.0,8.6603,"min(conductor_Imax_base, SRC06_feeder_max_allowed_current)"
PZXL-00173-B0064,PHYSICAL_SPAN,BDZ-00048,河湾变,PZXL-00173,hzhen,河镇线,PZXL-00173-N0132,工业园区支线01杆,PZXL-00173-N0133,工业园区支线02杆,60.0,JKLYJ/Q-10-240,JKLYJ/Q-10-240,B+,0.13,0.356,0.0078,0.02136,500.0,550.0,8.6603,CLOSED,65,邳州_10kV河镇线明细.xlsx,PARAMETERIZED_PLANNING_MODEL,605.0,500.0,8.6603,"min(conductor_Imax_base, SRC06_feeder_max_allowed_current)"
PZXL-00173-B0065,PHYSICAL_SPAN,BDZ-00048,河湾变,PZXL-00173,hzhen,河镇线,PZXL-00173-N0046,10kVhzhen线48#杆,PZXL-00173-N0047,10kVhzhen线49#杆,60.0,JKLYJ/Q-10-240,JKLYJ/Q-10-240,B+,0.13,0.356,0.0078,0.02136,500.0,550.0,8.6603,CLOSED,66,邳州_10kV河镇线明细.xlsx,PARAMETERIZED_PLANNING_MODEL,605.0,500.0,8.6603,"min(conductor_Imax_base, SRC06_feeder_max_allowed_current)"
PZXL-00173-B0066,PHYSICAL_SPAN,BDZ-00048,河湾变,PZXL-00173,hzhen,河镇线,PZXL-00173-N0012,10kVhzhen线13#杆,PZXL-00173-N0013,10kVhzhen线14#杆,60.0,JKLYJ/Q-10-240,JKLYJ/Q-10-240,B+,0.13,0.356,0.0078,0.02136,500.0,550.0,8.6603,CLOSED,67,邳州_10kV河镇线明细.xlsx,PARAMETERIZED_PLANNING_MODEL,605.0,500.0,8.6603,"min(conductor_Imax_base, SRC06_feeder_max_allowed_current)"
PZXL-00173-B0067,PHYSICAL_SPAN,BDZ-00048,河湾变,PZXL-00173,hzhen,河镇线,PZXL-00173-N0135,工业园区支线04杆,PZXL-00173-N0136,工业园区支线05杆,60.0,JKLYJ/Q-10-240,JKLYJ/Q-10-240,B+,0.13,0.356,0.0078,0.02136,500.0,550.0,8.6603,CLOSED,68,邳州_10kV河镇线明细.xlsx,PARAMETERIZED_PLANNING_MODEL,605.0,500.0,8.6603,"min(conductor_Imax_base, SRC06_feeder_max_allowed_current)"
PZXL-00173-B0068,PHYSICAL_SPAN,BDZ-00048,河湾变,PZXL-00173,hzhen,河镇线,PZXL-00173-N0010,10kVhzhen线11#杆,PZXL-00173-N0011,10kVhzhen线12#杆,60.0,JKLYJ/Q-10-240,JKLYJ/Q-10-240,B+,0.13,0.356,0.0078,0.02136,500.0,550.0,8.6603,CLOSED,69,邳州_10kV河镇线明细.xlsx,PARAMETERIZED_PLANNING_MODEL,605.0,500.0,8.6603,"min(conductor_Imax_base, SRC06_feeder_max_allowed_current)"
PZXL-00173-B0069,PHYSICAL_SPAN,BDZ-00048,河湾变,PZXL-00173,hzhen,河镇线,PZXL-00173-N0011,10kVhzhen线12#杆,PZXL-00173-N0012,10kVhzhen线13#杆,60.0,JKLYJ/Q-10-240,JKLYJ/Q-10-240,B+,0.13,0.356,0.0078,0.02136,500.0,550.0,8.6603,CLOSED,70,邳州_10kV河镇线明细.xlsx,PARAMETERIZED_PLANNING_MODEL,605.0,500.0,8.6603,"min(conductor_Imax_base, SRC06_feeder_max_allowed_current)"
PZXL-00173-B0070,PHYSICAL_SPAN,BDZ-00048,河湾变,PZXL-00173,hzhen,河镇线,PZXL-00173-N0154,张村10变支线05杆,PZXL-00173-N0155,张村10变支线06杆,50.0,JKLYJ/Q-10-240,JKLYJ/Q-10-240,B+,0.13,0.356,0.0065,0.0178,500.0,550.0,8.6603,CLOSED,71,邳州_10kV河镇线明细.xlsx,PARAMETERIZED_PLANNING_MODEL,605.0,500.0,8.6603,"min(conductor_Imax_base, SRC06_feeder_max_allowed_current)"
PZXL-00173-B0071,PHYSICAL_SPAN,BDZ-00048,河湾变,PZXL-00173,hzhen,河镇线,PZXL-00173-N0155,张村10变支线06杆,PZXL-00173-N0156,张村10变支线07杆,50.0,JKLYJ/Q-10-240,JKLYJ/Q-10-240,B+,0.13,0.356,0.0065,0.0178,500.0,550.0,8.6603,CLOSED,72,邳州_10kV河镇线明细.xlsx,PARAMETERIZED_PLANNING_MODEL,605.0,500.0,8.6603,"min(conductor_Imax_base, SRC06_feeder_max_allowed_current)"
PZXL-00173-B0072,PHYSICAL_SPAN,BDZ-00048,河湾变,PZXL-00173,hzhen,河镇线,PZXL-00173-N0156,张村10变支线07杆,PZXL-00173-N0157,张村10变支线08杆,50.0,JKLYJ/Q-10-240,JKLYJ/Q-10-240,B+,0.13,0.356,0.0065,0.0178,500.0,550.0,8.6603,CLOSED,73,邳州_10kV河镇线明细.xlsx,PARAMETERIZED_PLANNING_MODEL,605.0,500.0,8.6603,"min(conductor_Imax_base, SRC06_feeder_max_allowed_current)"
PZXL-00173-B0073,PHYSICAL_SPAN,BDZ-00048,河湾变,PZXL-00173,hzhen,河镇线,PZXL-00173-N0187,张村1变支线30杆,PZXL-00173-N0188,张村1变支线31杆,50.0,JKLYJ/Q-10-240,JKLYJ/Q-10-240,B+,0.13,0.356,0.0065,0.0178,500.0,550.0,8.6603,CLOSED,74,邳州_10kV河镇线明细.xlsx,PARAMETERIZED_PLANNING_MODEL,605.0,500.0,8.6603,"min(conductor_Imax_base, SRC06_feeder_max_allowed_current)"
PZXL-00173-B0074,PHYSICAL_SPAN,BDZ-00048,河湾变,PZXL-00173,hzhen,河镇线,PZXL-00173-N0186,张村1变支线29杆,PZXL-00173-N0187,张村1变支线30杆,50.0,JKLYJ/Q-10-240,JKLYJ/Q-10-240,B+,0.13,0.356,0.0065,0.0178,500.0,550.0,8.6603,CLOSED,75,邳州_10kV河镇线明细.xlsx,PARAMETERIZED_PLANNING_MODEL,605.0,500.0,8.6603,"min(conductor_Imax_base, SRC06_feeder_max_allowed_current)"
PZXL-00173-B0075,PHYSICAL_SPAN,BDZ-00048,河湾变,PZXL-00173,hzhen,河镇线,PZXL-00173-N0188,张村1变支线31杆,PZXL-00173-N0189,张村1变支线32杆,50.0,JKLYJ/Q-10-240,JKLYJ/Q-10-240,B+,0.13,0.356,0.0065,0.0178,500.0,550.0,8.6603,CLOSED,76,邳州_10kV河镇线明细.xlsx,PARAMETERIZED_PLANNING_MODEL,605.0,500.0,8.6603,"min(conductor_Imax_base, SRC06_feeder_max_allowed_current)"
PZXL-00173-B0076,PHYSICAL_SPAN,BDZ-00048,河湾变,PZXL-00173,hzhen,河镇线,PZXL-00173-N0072,10kVhzhen线74杆,PZXL-00173-N0078,10kVhzhen线75杆,60.0,JKLYJ/Q-10-240,JKLYJ/Q-10-240,B+,0.13,0.356,0.0078,0.02136,500.0,550.0,8.6603,CLOSED,77,邳州_10kV河镇线明细.xlsx,PARAMETERIZED_PLANNING_MODEL,605.0,500.0,8.6603,"min(conductor_Imax_base, SRC06_feeder_max_allowed_current)"
PZXL-00173-B0077,PHYSICAL_SPAN,BDZ-00048,河湾变,PZXL-00173,hzhen,河镇线,PZXL-00173-N0078,10kVhzhen线75杆,PZXL-00173-N0079,10kVhzhen线76杆,60.0,JKLYJ/Q-10-240,JKLYJ/Q-10-240,B+,0.13,0.356,0.0078,0.02136,500.0,550.0,8.6603,CLOSED,78,邳州_10kV河镇线明细.xlsx,PARAMETERIZED_PLANNING_MODEL,605.0,500.0,8.6603,"min(conductor_Imax_base, SRC06_feeder_max_allowed_current)"
PZXL-00173-B0078,PHYSICAL_SPAN,BDZ-00048,河湾变,PZXL-00173,hzhen,河镇线,PZXL-00173-N0138,工业园区支线07杆,PZXL-00173-N0139,工业园区支线08杆,60.0,JKLYJ/Q-10-240,JKLYJ/Q-10-240,B+,0.13,0.356,0.0078,0.02136,500.0,550.0,8.6603,CLOSED,79,邳州_10kV河镇线明细.xlsx,PARAMETERIZED_PLANNING_MODEL,605.0,500.0,8.6603,"min(conductor_Imax_base, SRC06_feeder_max_allowed_current)"
PZXL-00173-B0079,PHYSICAL_SPAN,BDZ-00048,河湾变,PZXL-00173,hzhen,河镇线,PZXL-00173-N0185,张村1变支线28杆,PZXL-00173-N0186,张村1变支线29杆,50.0,JKLYJ/Q-10-240,JKLYJ/Q-10-240,B+,0.13,0.356,0.0065,0.0178,500.0,550.0,8.6603,CLOSED,80,邳州_10kV河镇线明细.xlsx,PARAMETERIZED_PLANNING_MODEL,605.0,500.0,8.6603,"min(conductor_Imax_base, SRC06_feeder_max_allowed_current)"
PZXL-00173-B0080,PHYSICAL_SPAN,BDZ-00048,河湾变,PZXL-00173,hzhen,河镇线,PZXL-00173-N0171,张村1变支线14杆,PZXL-00173-N0240,运河张村11变支线01杆,50.0,JKLYJ/Q-10-240,JKLYJ/Q-10-240,B+,0.13,0.356,0.0065,0.0178,500.0,550.0,8.6603,CLOSED,81,邳州_10kV河镇线明细.xlsx,PARAMETERIZED_PLANNING_MODEL,605.0,500.0,8.6603,"min(conductor_Imax_base, SRC06_feeder_max_allowed_current)"
PZXL-00173-B0081,PHYSICAL_SPAN,BDZ-00048,河湾变,PZXL-00173,hzhen,河镇线,PZXL-00173-N0180,张村1变支线23杆,PZXL-00173-N0181,张村1变支线24杆,50.0,JKLYJ/Q-10-240,JKLYJ/Q-10-240,B+,0.13,0.356,0.0065,0.0178,500.0,550.0,8.6603,CLOSED,82,邳州_10kV河镇线明细.xlsx,PARAMETERIZED_PLANNING_MODEL,605.0,500.0,8.6603,"min(conductor_Imax_base, SRC06_feeder_max_allowed_current)"
PZXL-00173-B0082,PHYSICAL_SPAN,BDZ-00048,河湾变,PZXL-00173,hzhen,河镇线,PZXL-00173-N0153,张村10变支线04杆,PZXL-00173-N0154,张村10变支线05杆,50.0,JKLYJ/Q-10-240,JKLYJ/Q-10-240,B+,0.13,0.356,0.0065,0.0178,500.0,550.0,8.6603,CLOSED,83,邳州_10kV河镇线明细.xlsx,PARAMETERIZED_PLANNING_MODEL,605.0,500.0,8.6603,"min(conductor_Imax_base, SRC06_feeder_max_allowed_current)"
PZXL-00173-B0083,PHYSICAL_SPAN,BDZ-00048,河湾变,PZXL-00173,hzhen,河镇线,PZXL-00173-N0171,张村1变支线14杆,PZXL-00173-N0172,张村1变支线15杆,50.0,JKLYJ/Q-10-240,JKLYJ/Q-10-240,B+,0.13,0.356,0.0065,0.0178,500.0,550.0,8.6603,CLOSED,84,邳州_10kV河镇线明细.xlsx,PARAMETERIZED_PLANNING_MODEL,605.0,500.0,8.6603,"min(conductor_Imax_base, SRC06_feeder_max_allowed_current)"
PZXL-00173-B0084,PHYSICAL_SPAN,BDZ-00048,河湾变,PZXL-00173,hzhen,河镇线,PZXL-00173-N0183,张村1变支线26杆,PZXL-00173-N0184,张村1变支线27杆,50.0,JKLYJ/Q-10-240,JKLYJ/Q-10-240,B+,0.13,0.356,0.0065,0.0178,500.0,550.0,8.6603,CLOSED,85,邳州_10kV河镇线明细.xlsx,PARAMETERIZED_PLANNING_MODEL,605.0,500.0,8.6603,"min(conductor_Imax_base, SRC06_feeder_max_allowed_current)"
PZXL-00173-B0085,PHYSICAL_SPAN,BDZ-00048,河湾变,PZXL-00173,hzhen,河镇线,PZXL-00173-N0152,张村10变支线03杆,PZXL-00173-N0153,张村10变支线04杆,50.0,JKLYJ/Q-10-240,JKLYJ/Q-10-240,B+,0.13,0.356,0.0065,0.0178,500.0,550.0,8.6603,CLOSED,86,邳州_10kV河镇线明细.xlsx,PARAMETERIZED_PLANNING_MODEL,605.0,500.0,8.6603,"min(conductor_Imax_base, SRC06_feeder_max_allowed_current)"
PZXL-00173-B0086,PHYSICAL_SPAN,BDZ-00048,河湾变,PZXL-00173,hzhen,河镇线,PZXL-00173-N0177,张村1变支线20杆,PZXL-00173-N0150,张村10变支线01杆,50.0,JKLYJ/Q-10-240,JKLYJ/Q-10-240,B+,0.13,0.356,0.0065,0.0178,500.0,550.0,8.6603,CLOSED,87,邳州_10kV河镇线明细.xlsx,PARAMETERIZED_PLANNING_MODEL,605.0,500.0,8.6603,"min(conductor_Imax_base, SRC06_feeder_max_allowed_current)"
PZXL-00173-B0087,PHYSICAL_SPAN,BDZ-00048,河湾变,PZXL-00173,hzhen,河镇线,PZXL-00173-N0173,张村1变支线16杆,PZXL-00173-N0174,张村1变支线17杆,50.0,JKLYJ/Q-10-240,JKLYJ/Q-10-240,B+,0.13,0.356,0.0065,0.0178,500.0,550.0,8.6603,CLOSED,88,邳州_10kV河镇线明细.xlsx,PARAMETERIZED_PLANNING_MODEL,605.0,500.0,8.6603,"min(conductor_Imax_base, SRC06_feeder_max_allowed_current)"
PZXL-00173-B0088,PHYSICAL_SPAN,BDZ-00048,河湾变,PZXL-00173,hzhen,河镇线,PZXL-00173-N0150,张村10变支线01杆,PZXL-00173-N0151,张村10变支线02杆,50.0,JKLYJ/Q-10-240,JKLYJ/Q-10-240,B+,0.13,0.356,0.0065,0.0178,500.0,550.0,8.6603,CLOSED,89,邳州_10kV河镇线明细.xlsx,PARAMETERIZED_PLANNING_MODEL,605.0,500.0,8.6603,"min(conductor_Imax_base, SRC06_feeder_max_allowed_current)"
PZXL-00173-B0089,PHYSICAL_SPAN,BDZ-00048,河湾变,PZXL-00173,hzhen,河镇线,PZXL-00173-N0176,张村1变支线19杆,PZXL-00173-N0177,张村1变支线20杆,50.0,JKLYJ/Q-10-240,JKLYJ/Q-10-240,B+,0.13,0.356,0.0065,0.0178,500.0,550.0,8.6603,CLOSED,90,邳州_10kV河镇线明细.xlsx,PARAMETERIZED_PLANNING_MODEL,605.0,500.0,8.6603,"min(conductor_Imax_base, SRC06_feeder_max_allowed_current)"
PZXL-00173-B0090,PHYSICAL_SPAN,BDZ-00048,河湾变,PZXL-00173,hzhen,河镇线,PZXL-00173-N0174,张村1变支线17杆,PZXL-00173-N0175,张村1变支线18杆,50.0,JKLYJ/Q-10-240,JKLYJ/Q-10-240,B+,0.13,0.356,0.0065,0.0178,500.0,550.0,8.6603,CLOSED,91,邳州_10kV河镇线明细.xlsx,PARAMETERIZED_PLANNING_MODEL,605.0,500.0,8.6603,"min(conductor_Imax_base, SRC06_feeder_max_allowed_current)"
PZXL-00173-B0091,PHYSICAL_SPAN,BDZ-00048,河湾变,PZXL-00173,hzhen,河镇线,PZXL-00173-N0175,张村1变支线18杆,PZXL-00173-N0176,张村1变支线19杆,50.0,JKLYJ/Q-10-240,JKLYJ/Q-10-240,B+,0.13,0.356,0.0065,0.0178,500.0,550.0,8.6603,CLOSED,92,邳州_10kV河镇线明细.xlsx,PARAMETERIZED_PLANNING_MODEL,605.0,500.0,8.6603,"min(conductor_Imax_base, SRC06_feeder_max_allowed_current)"
PZXL-00173-B0092,PHYSICAL_SPAN,BDZ-00048,河湾变,PZXL-00173,hzhen,河镇线,PZXL-00173-N0172,张村1变支线15杆,PZXL-00173-N0173,张村1变支线16杆,50.0,JKLYJ/Q-10-240,JKLYJ/Q-10-240,B+,0.13,0.356,0.0065,0.0178,500.0,550.0,8.6603,CLOSED,93,邳州_10kV河镇线明细.xlsx,PARAMETERIZED_PLANNING_MODEL,605.0,500.0,8.6603,"min(conductor_Imax_base, SRC06_feeder_max_allowed_current)"
PZXL-00173-B0093,PHYSICAL_SPAN,BDZ-00048,河湾变,PZXL-00173,hzhen,河镇线,PZXL-00173-N0177,张村1变支线20杆,PZXL-00173-N0178,张村1变支线21杆,50.0,JKLYJ/Q-10-240,JKLYJ/Q-10-240,B+,0.13,0.356,0.0065,0.0178,500.0,550.0,8.6603,CLOSED,94,邳州_10kV河镇线明细.xlsx,PARAMETERIZED_PLANNING_MODEL,605.0,500.0,8.6603,"min(conductor_Imax_base, SRC06_feeder_max_allowed_current)"
PZXL-00173-B0094,PHYSICAL_SPAN,BDZ-00048,河湾变,PZXL-00173,hzhen,河镇线,PZXL-00173-N0158,张村1变支线01杆,PZXL-00173-N0159,张村1变支线02杆,50.0,JKLYJ/Q-10-240,JKLYJ/Q-10-240,B+,0.13,0.356,0.0065,0.0178,500.0,550.0,8.6603,CLOSED,95,邳州_10kV河镇线明细.xlsx,PARAMETERIZED_PLANNING_MODEL,605.0,500.0,8.6603,"min(conductor_Imax_base, SRC06_feeder_max_allowed_current)"
PZXL-00173-B0095,PHYSICAL_SPAN,BDZ-00048,河湾变,PZXL-00173,hzhen,河镇线,PZXL-00173-N0160,张村1变支线03杆,PZXL-00173-N0161,张村1变支线04杆,50.0,JKLYJ/Q-10-240,JKLYJ/Q-10-240,B+,0.13,0.356,0.0065,0.0178,500.0,550.0,8.6603,CLOSED,96,邳州_10kV河镇线明细.xlsx,PARAMETERIZED_PLANNING_MODEL,605.0,500.0,8.6603,"min(conductor_Imax_base, SRC06_feeder_max_allowed_current)"
PZXL-00173-B0096,PHYSICAL_SPAN,BDZ-00048,河湾变,PZXL-00173,hzhen,河镇线,PZXL-00173-N0161,张村1变支线04杆,PZXL-00173-N0162,张村1变支线05杆,50.0,JKLYJ/Q-10-240,JKLYJ/Q-10-240,B+,0.13,0.356,0.0065,0.0178,500.0,550.0,8.6603,CLOSED,97,邳州_10kV河镇线明细.xlsx,PARAMETERIZED_PLANNING_MODEL,605.0,500.0,8.6603,"min(conductor_Imax_base, SRC06_feeder_max_allowed_current)"
PZXL-00173-B0097,PHYSICAL_SPAN,BDZ-00048,河湾变,PZXL-00173,hzhen,河镇线,PZXL-00173-N0162,张村1变支线05杆,PZXL-00173-N0163,张村1变支线06杆,50.0,JKLYJ/Q-10-240,JKLYJ/Q-10-240,B+,0.13,0.356,0.0065,0.0178,500.0,550.0,8.6603,CLOSED,98,邳州_10kV河镇线明细.xlsx,PARAMETERIZED_PLANNING_MODEL,605.0,500.0,8.6603,"min(conductor_Imax_base, SRC06_feeder_max_allowed_current)"
PZXL-00173-B0098,PHYSICAL_SPAN,BDZ-00048,河湾变,PZXL-00173,hzhen,河镇线,PZXL-00173-N0163,张村1变支线06杆,PZXL-00173-N0164,张村1变支线07杆,50.0,JKLYJ/Q-10-240,JKLYJ/Q-10-240,B+,0.13,0.356,0.0065,0.0178,500.0,550.0,8.6603,CLOSED,99,邳州_10kV河镇线明细.xlsx,PARAMETERIZED_PLANNING_MODEL,605.0,500.0,8.6603,"min(conductor_Imax_base, SRC06_feeder_max_allowed_current)"
PZXL-00173-B0099,PHYSICAL_SPAN,BDZ-00048,河湾变,PZXL-00173,hzhen,河镇线,PZXL-00173-N0165,张村1变支线08杆,PZXL-00173-N0166,张村1变支线09杆,50.0,JKLYJ/Q-10-240,JKLYJ/Q-10-240,B+,0.13,0.356,0.0065,0.0178,500.0,550.0,8.6603,CLOSED,100,邳州_10kV河镇线明细.xlsx,PARAMETERIZED_PLANNING_MODEL,605.0,500.0,8.6603,"min(conductor_Imax_base, SRC06_feeder_max_allowed_current)"
PZXL-00173-B0100,PHYSICAL_SPAN,BDZ-00048,河湾变,PZXL-00173,hzhen,河镇线,PZXL-00173-N0166,张村1变支线09杆,PZXL-00173-N0167,张村1变支线10杆,50.0,JKLYJ/Q-10-240,JKLYJ/Q-10-240,B+,0.13,0.356,0.0065,0.0178,500.0,550.0,8.6603,CLOSED,101,邳州_10kV河镇线明细.xlsx,PARAMETERIZED_PLANNING_MODEL,605.0,500.0,8.6603,"min(conductor_Imax_base, SRC06_feeder_max_allowed_current)"
PZXL-00173-B0101,PHYSICAL_SPAN,BDZ-00048,河湾变,PZXL-00173,hzhen,河镇线,PZXL-00173-N0151,张村10变支线02杆,PZXL-00173-N0152,张村10变支线03杆,50.0,JKLYJ/Q-10-240,JKLYJ/Q-10-240,B+,0.13,0.356,0.0065,0.0178,500.0,550.0,8.6603,CLOSED,102,邳州_10kV河镇线明细.xlsx,PARAMETERIZED_PLANNING_MODEL,605.0,500.0,8.6603,"min(conductor_Imax_base, SRC06_feeder_max_allowed_current)"
PZXL-00173-B0102,PHYSICAL_SPAN,BDZ-00048,河湾变,PZXL-00173,hzhen,河镇线,PZXL-00173-N0178,张村1变支线21杆,PZXL-00173-N0179,张村1变支线22杆,50.0,JKLYJ/Q-10-240,JKLYJ/Q-10-240,B+,0.13,0.356,0.0065,0.0178,500.0,550.0,8.6603,CLOSED,103,邳州_10kV河镇线明细.xlsx,PARAMETERIZED_PLANNING_MODEL,605.0,500.0,8.6603,"min(conductor_Imax_base, SRC06_feeder_max_allowed_current)"
PZXL-00173-B0103,PHYSICAL_SPAN,BDZ-00048,河湾变,PZXL-00173,hzhen,河镇线,PZXL-00173-N0179,张村1变支线22杆,PZXL-00173-N0180,张村1变支线23杆,50.0,JKLYJ/Q-10-240,JKLYJ/Q-10-240,B+,0.13,0.356,0.0065,0.0178,500.0,550.0,8.6603,CLOSED,104,邳州_10kV河镇线明细.xlsx,PARAMETERIZED_PLANNING_MODEL,605.0,500.0,8.6603,"min(conductor_Imax_base, SRC06_feeder_max_allowed_current)"
PZXL-00173-B0104,PHYSICAL_SPAN,BDZ-00048,河湾变,PZXL-00173,hzhen,河镇线,PZXL-00173-N0181,张村1变支线24杆,PZXL-00173-N0182,张村1变支线25杆,50.0,JKLYJ/Q-10-240,JKLYJ/Q-10-240,B+,0.13,0.356,0.0065,0.0178,500.0,550.0,8.6603,CLOSED,105,邳州_10kV河镇线明细.xlsx,PARAMETERIZED_PLANNING_MODEL,605.0,500.0,8.6603,"min(conductor_Imax_base, SRC06_feeder_max_allowed_current)"
PZXL-00173-B0105,PHYSICAL_SPAN,BDZ-00048,河湾变,PZXL-00173,hzhen,河镇线,PZXL-00173-N0182,张村1变支线25杆,PZXL-00173-N0183,张村1变支线26杆,50.0,JKLYJ/Q-10-240,JKLYJ/Q-10-240,B+,0.13,0.356,0.0065,0.0178,500.0,550.0,8.6603,CLOSED,106,邳州_10kV河镇线明细.xlsx,PARAMETERIZED_PLANNING_MODEL,605.0,500.0,8.6603,"min(conductor_Imax_base, SRC06_feeder_max_allowed_current)"
PZXL-00173-B0106,PHYSICAL_SPAN,BDZ-00048,河湾变,PZXL-00173,hzhen,河镇线,PZXL-00173-N0184,张村1变支线27杆,PZXL-00173-N0185,张村1变支线28杆,50.0,JKLYJ/Q-10-240,JKLYJ/Q-10-240,B+,0.13,0.356,0.0065,0.0178,500.0,550.0,8.6603,CLOSED,107,邳州_10kV河镇线明细.xlsx,PARAMETERIZED_PLANNING_MODEL,605.0,500.0,8.6603,"min(conductor_Imax_base, SRC06_feeder_max_allowed_current)"
PZXL-00173-B0107,PHYSICAL_SPAN,BDZ-00048,河湾变,PZXL-00173,hzhen,河镇线,PZXL-00173-N0167,张村1变支线10杆,PZXL-00173-N0168,张村1变支线11杆,50.0,JKLYJ/Q-10-240,JKLYJ/Q-10-240,B+,0.13,0.356,0.0065,0.0178,500.0,550.0,8.6603,CLOSED,108,邳州_10kV河镇线明细.xlsx,PARAMETERIZED_PLANNING_MODEL,605.0,500.0,8.6603,"min(conductor_Imax_base, SRC06_feeder_max_allowed_current)"
PZXL-00173-B0108,PHYSICAL_SPAN,BDZ-00048,河湾变,PZXL-00173,hzhen,河镇线,PZXL-00173-N0168,张村1变支线11杆,PZXL-00173-N0169,张村1变支线12杆,50.0,JKLYJ/Q-10-240,JKLYJ/Q-10-240,B+,0.13,0.356,0.0065,0.0178,500.0,550.0,8.6603,CLOSED,109,邳州_10kV河镇线明细.xlsx,PARAMETERIZED_PLANNING_MODEL,605.0,500.0,8.6603,"min(conductor_Imax_base, SRC06_feeder_max_allowed_current)"
PZXL-00173-B0109,PHYSICAL_SPAN,BDZ-00048,河湾变,PZXL-00173,hzhen,河镇线,PZXL-00173-N0169,张村1变支线12杆,PZXL-00173-N0170,张村1变支线13杆,50.0,JKLYJ/Q-10-240,JKLYJ/Q-10-240,B+,0.13,0.356,0.0065,0.0178,500.0,550.0,8.6603,CLOSED,110,邳州_10kV河镇线明细.xlsx,PARAMETERIZED_PLANNING_MODEL,605.0,500.0,8.6603,"min(conductor_Imax_base, SRC06_feeder_max_allowed_current)"
PZXL-00173-B0110,PHYSICAL_SPAN,BDZ-00048,河湾变,PZXL-00173,hzhen,河镇线,PZXL-00173-N0170,张村1变支线13杆,PZXL-00173-N0171,张村1变支线14杆,50.0,JKLYJ/Q-10-240,JKLYJ/Q-10-240,B+,0.13,0.356,0.0065,0.0178,500.0,550.0,8.6603,CLOSED,111,邳州_10kV河镇线明细.xlsx,PARAMETERIZED_PLANNING_MODEL,605.0,500.0,8.6603,"min(conductor_Imax_base, SRC06_feeder_max_allowed_current)"
PZXL-00173-B0111,PHYSICAL_SPAN,BDZ-00048,河湾变,PZXL-00173,hzhen,河镇线,PZXL-00173-N0164,张村1变支线07杆,PZXL-00173-N0165,张村1变支线08杆,50.0,JKLYJ/Q-10-240,JKLYJ/Q-10-240,B+,0.13,0.356,0.0065,0.0178,500.0,550.0,8.6603,CLOSED,112,邳州_10kV河镇线明细.xlsx,PARAMETERIZED_PLANNING_MODEL,605.0,500.0,8.6603,"min(conductor_Imax_base, SRC06_feeder_max_allowed_current)"
PZXL-00173-B0112,PHYSICAL_SPAN,BDZ-00048,河湾变,PZXL-00173,hzhen,河镇线,PZXL-00173-N0086,10kVhzhen线83杆,PZXL-00173-N0158,张村1变支线01杆,50.0,JKLYJ/Q-10-240,JKLYJ/Q-10-240,B+,0.13,0.356,0.0065,0.0178,500.0,550.0,8.6603,CLOSED,113,邳州_10kV河镇线明细.xlsx,PARAMETERIZED_PLANNING_MODEL,605.0,500.0,8.6603,"min(conductor_Imax_base, SRC06_feeder_max_allowed_current)"
PZXL-00173-B0113,PHYSICAL_SPAN,BDZ-00048,河湾变,PZXL-00173,hzhen,河镇线,PZXL-00173-N0159,张村1变支线02杆,PZXL-00173-N0160,张村1变支线03杆,50.0,JKLYJ/Q-10-240,JKLYJ/Q-10-240,B+,0.13,0.356,0.0065,0.0178,500.0,550.0,8.6603,CLOSED,114,邳州_10kV河镇线明细.xlsx,PARAMETERIZED_PLANNING_MODEL,605.0,500.0,8.6603,"min(conductor_Imax_base, SRC06_feeder_max_allowed_current)"
PZXL-00173-B0114,PHYSICAL_SPAN,BDZ-00048,河湾变,PZXL-00173,hzhen,河镇线,PZXL-00173-N0161,张村1变支线04杆,PZXL-00173-N0229,河湾4＃变支01,50.0,JKLYJ/Q-10-240,JKLYJ/Q-10-240,B+,0.13,0.356,0.0065,0.0178,500.0,550.0,8.6603,CLOSED,115,邳州_10kV河镇线明细.xlsx,PARAMETERIZED_PLANNING_MODEL,605.0,500.0,8.6603,"min(conductor_Imax_base, SRC06_feeder_max_allowed_current)"
PZXL-00173-B0115,PHYSICAL_SPAN,BDZ-00048,河湾变,PZXL-00173,hzhen,河镇线,PZXL-00173-N0020,10kVhzhen线21#杆,PZXL-00173-N0230,看守所支线01杆,60.0,JKLYJ/Q-10-240,JKLYJ/Q-10-240,B+,0.13,0.356,0.0078,0.02136,500.0,550.0,8.6603,CLOSED,116,邳州_10kV河镇线明细.xlsx,PARAMETERIZED_PLANNING_MODEL,605.0,500.0,8.6603,"min(conductor_Imax_base, SRC06_feeder_max_allowed_current)"
PZXL-00173-B0116,PHYSICAL_SPAN,BDZ-00048,河湾变,PZXL-00173,hzhen,河镇线,PZXL-00173-N0236,看守所支线07杆,PZXL-00173-N0237,看守所支线08杆,60.0,JKLYJ/Q-10-240,JKLYJ/Q-10-240,B+,0.13,0.356,0.0078,0.02136,500.0,550.0,8.6603,CLOSED,117,邳州_10kV河镇线明细.xlsx,PARAMETERIZED_PLANNING_MODEL,605.0,500.0,8.6603,"min(conductor_Imax_base, SRC06_feeder_max_allowed_current)"
PZXL-00173-B0117,PHYSICAL_SPAN,BDZ-00048,河湾变,PZXL-00173,hzhen,河镇线,PZXL-00173-N0042,10kVhzhen线43#杆,PZXL-00173-N0043,10kVhzhen线44#杆,60.0,JKLYJ/Q-10-240,JKLYJ/Q-10-240,B+,0.13,0.356,0.0078,0.02136,500.0,550.0,8.6603,CLOSED,118,邳州_10kV河镇线明细.xlsx,PARAMETERIZED_PLANNING_MODEL,605.0,500.0,8.6603,"min(conductor_Imax_base, SRC06_feeder_max_allowed_current)"
PZXL-00173-B0118,PHYSICAL_SPAN,BDZ-00048,河湾变,PZXL-00173,hzhen,河镇线,PZXL-00173-N0045,10kVhzhen线47#杆,PZXL-00173-N0046,10kVhzhen线48#杆,60.0,JKLYJ/Q-10-240,JKLYJ/Q-10-240,B+,0.13,0.356,0.0078,0.02136,500.0,550.0,8.6603,CLOSED,119,邳州_10kV河镇线明细.xlsx,PARAMETERIZED_PLANNING_MODEL,605.0,500.0,8.6603,"min(conductor_Imax_base, SRC06_feeder_max_allowed_current)"
PZXL-00173-B0119,PHYSICAL_SPAN,BDZ-00048,河湾变,PZXL-00173,hzhen,河镇线,PZXL-00173-N0235,看守所支线06杆,PZXL-00173-N0236,看守所支线07杆,60.0,JKLYJ/Q-10-240,JKLYJ/Q-10-240,B+,0.13,0.356,0.0078,0.02136,500.0,550.0,8.6603,CLOSED,120,邳州_10kV河镇线明细.xlsx,PARAMETERIZED_PLANNING_MODEL,605.0,500.0,8.6603,"min(conductor_Imax_base, SRC06_feeder_max_allowed_current)"
PZXL-00173-B0120,PHYSICAL_SPAN,BDZ-00048,河湾变,PZXL-00173,hzhen,河镇线,PZXL-00173-N0027,10kVhzhen线28#杆,PZXL-00173-N0028,10kVhzhen线29#杆,60.0,JKLYJ/Q-10-240,JKLYJ/Q-10-240,B+,0.13,0.356,0.0078,0.02136,500.0,550.0,8.6603,CLOSED,121,邳州_10kV河镇线明细.xlsx,PARAMETERIZED_PLANNING_MODEL,605.0,500.0,8.6603,"min(conductor_Imax_base, SRC06_feeder_max_allowed_current)"
PZXL-00173-B0121,PHYSICAL_SPAN,BDZ-00048,河湾变,PZXL-00173,hzhen,河镇线,PZXL-00173-N0147,工业园区支线16杆,PZXL-00173-N0148,工业园区支线17杆,60.0,JKLYJ/Q-10-240,JKLYJ/Q-10-240,B+,0.13,0.356,0.0078,0.02136,500.0,550.0,8.6603,CLOSED,122,邳州_10kV河镇线明细.xlsx,PARAMETERIZED_PLANNING_MODEL,605.0,500.0,8.6603,"min(conductor_Imax_base, SRC06_feeder_max_allowed_current)"
PZXL-00173-B0122,PHYSICAL_SPAN,BDZ-00048,河湾变,PZXL-00173,hzhen,河镇线,PZXL-00173-N0033,10kVhzhen线34#杆,PZXL-00173-N0034,10kVhzhen线35#杆,60.0,JKLYJ/Q-10-240,JKLYJ/Q-10-240,B+,0.13,0.356,0.0078,0.02136,500.0,550.0,8.6603,CLOSED,123,邳州_10kV河镇线明细.xlsx,PARAMETERIZED_PLANNING_MODEL,605.0,500.0,8.6603,"min(conductor_Imax_base, SRC06_feeder_max_allowed_current)"
PZXL-00173-B0123,PHYSICAL_SPAN,BDZ-00048,河湾变,PZXL-00173,hzhen,河镇线,PZXL-00173-N0044,10kVhzhen线46#杆,PZXL-00173-N0045,10kVhzhen线47#杆,60.0,JKLYJ/Q-10-240,JKLYJ/Q-10-240,B+,0.13,0.356,0.0078,0.02136,500.0,550.0,8.6603,CLOSED,124,邳州_10kV河镇线明细.xlsx,PARAMETERIZED_PLANNING_MODEL,605.0,500.0,8.6603,"min(conductor_Imax_base, SRC06_feeder_max_allowed_current)"
PZXL-00173-B0124,PHYSICAL_SPAN,BDZ-00048,河湾变,PZXL-00173,hzhen,河镇线,PZXL-00173-N0015,10kVhzhen线16#杆,PZXL-00173-N0016,10kVhzhen线17#杆,60.0,JKLYJ/Q-10-240,JKLYJ/Q-10-240,B+,0.13,0.356,0.0078,0.02136,500.0,550.0,8.6603,CLOSED,125,邳州_10kV河镇线明细.xlsx,PARAMETERIZED_PLANNING_MODEL,605.0,500.0,8.6603,"min(conductor_Imax_base, SRC06_feeder_max_allowed_current)"
PZXL-00173-B0125,PHYSICAL_SPAN,BDZ-00048,河湾变,PZXL-00173,hzhen,河镇线,PZXL-00173-N0026,10kVhzhen线27#杆,PZXL-00173-N0027,10kVhzhen线28#杆,60.0,JKLYJ/Q-10-240,JKLYJ/Q-10-240,B+,0.13,0.356,0.0078,0.02136,500.0,550.0,8.6603,CLOSED,126,邳州_10kV河镇线明细.xlsx,PARAMETERIZED_PLANNING_MODEL,605.0,500.0,8.6603,"min(conductor_Imax_base, SRC06_feeder_max_allowed_current)"
PZXL-00173-B0126,PHYSICAL_SPAN,BDZ-00048,河湾变,PZXL-00173,hzhen,河镇线,PZXL-00173-N0028,10kVhzhen线29#杆,PZXL-00173-N0029,10kVhzhen线30#杆,60.0,JKLYJ/Q-10-240,JKLYJ/Q-10-240,B+,0.13,0.356,0.0078,0.02136,500.0,550.0,8.6603,CLOSED,127,邳州_10kV河镇线明细.xlsx,PARAMETERIZED_PLANNING_MODEL,605.0,500.0,8.6603,"min(conductor_Imax_base, SRC06_feeder_max_allowed_current)"
PZXL-00173-B0127,PHYSICAL_SPAN,BDZ-00048,河湾变,PZXL-00173,hzhen,河镇线,PZXL-00173-N0098,hzhen线45杆,PZXL-00173-N0044,10kVhzhen线46#杆,60.0,JKLYJ/Q-10-240,JKLYJ/Q-10-240,B+,0.13,0.356,0.0078,0.02136,500.0,550.0,8.6603,CLOSED,128,邳州_10kV河镇线明细.xlsx,PARAMETERIZED_PLANNING_MODEL,605.0,500.0,8.6603,"min(conductor_Imax_base, SRC06_feeder_max_allowed_current)"
PZXL-00173-B0128,PHYSICAL_SPAN,BDZ-00048,河湾变,PZXL-00173,hzhen,河镇线,PZXL-00173-N0232,看守所支线03杆,PZXL-00173-N0233,看守所支线04杆,60.0,JKLYJ/Q-10-240,JKLYJ/Q-10-240,B+,0.13,0.356,0.0078,0.02136,500.0,550.0,8.6603,CLOSED,129,邳州_10kV河镇线明细.xlsx,PARAMETERIZED_PLANNING_MODEL,605.0,500.0,8.6603,"min(conductor_Imax_base, SRC06_feeder_max_allowed_current)"
PZXL-00173-B0129,PHYSICAL_SPAN,BDZ-00048,河湾变,PZXL-00173,hzhen,河镇线,PZXL-00173-N0041,10kVhzhen线42#杆,PZXL-00173-N0042,10kVhzhen线43#杆,60.0,JKLYJ/Q-10-240,JKLYJ/Q-10-240,B+,0.13,0.356,0.0078,0.02136,500.0,550.0,8.6603,CLOSED,130,邳州_10kV河镇线明细.xlsx,PARAMETERIZED_PLANNING_MODEL,605.0,500.0,8.6603,"min(conductor_Imax_base, SRC06_feeder_max_allowed_current)"
PZXL-00173-B0130,PHYSICAL_SPAN,BDZ-00048,河湾变,PZXL-00173,hzhen,河镇线,PZXL-00173-N0134,工业园区支线03杆,PZXL-00173-N0226,欢乐买支线01杆,60.0,JKLYJ/Q-10-240,JKLYJ/Q-10-240,B+,0.13,0.356,0.0078,0.02136,500.0,550.0,8.6603,CLOSED,131,邳州_10kV河镇线明细.xlsx,PARAMETERIZED_PLANNING_MODEL,605.0,500.0,8.6603,"min(conductor_Imax_base, SRC06_feeder_max_allowed_current)"
PZXL-00173-B0131,PHYSICAL_SPAN,BDZ-00048,河湾变,PZXL-00173,hzhen,河镇线,PZXL-00173-N0017,10kVhzhen线18#杆,PZXL-00173-N0018,10kVhzhen线19#杆,60.0,JKLYJ/Q-10-240,JKLYJ/Q-10-240,B+,0.13,0.356,0.0078,0.02136,500.0,550.0,8.6603,CLOSED,132,邳州_10kV河镇线明细.xlsx,PARAMETERIZED_PLANNING_MODEL,605.0,500.0,8.6603,"min(conductor_Imax_base, SRC06_feeder_max_allowed_current)"
PZXL-00173-B0132,PHYSICAL_SPAN,BDZ-00048,河湾变,PZXL-00173,hzhen,河镇线,PZXL-00173-N0022,10kVhzhen线23#杆,PZXL-00173-N0023,10kVhzhen线24#杆,60.0,JKLYJ/Q-10-240,JKLYJ/Q-10-240,B+,0.13,0.356,0.0078,0.02136,500.0,550.0,8.6603,CLOSED,133,邳州_10kV河镇线明细.xlsx,PARAMETERIZED_PLANNING_MODEL,605.0,500.0,8.6603,"min(conductor_Imax_base, SRC06_feeder_max_allowed_current)"
PZXL-00173-B0133,PHYSICAL_SPAN,BDZ-00048,河湾变,PZXL-00173,hzhen,河镇线,PZXL-00173-N0020,10kVhzhen线21#杆,PZXL-00173-N0021,10kVhzhen线22#杆,60.0,JKLYJ/Q-10-240,JKLYJ/Q-10-240,B+,0.13,0.356,0.0078,0.02136,500.0,550.0,8.6603,CLOSED,134,邳州_10kV河镇线明细.xlsx,PARAMETERIZED_PLANNING_MODEL,605.0,500.0,8.6603,"min(conductor_Imax_base, SRC06_feeder_max_allowed_current)"
PZXL-00173-B0134,PHYSICAL_SPAN,BDZ-00048,河湾变,PZXL-00173,hzhen,河镇线,PZXL-00173-N0141,工业园区支线10杆,PZXL-00173-N0142,工业园区支线11杆,60.0,JKLYJ/Q-10-240,JKLYJ/Q-10-240,B+,0.13,0.356,0.0078,0.02136,500.0,550.0,8.6603,CLOSED,135,邳州_10kV河镇线明细.xlsx,PARAMETERIZED_PLANNING_MODEL,605.0,500.0,8.6603,"min(conductor_Imax_base, SRC06_feeder_max_allowed_current)"
PZXL-00173-B0135,PHYSICAL_SPAN,BDZ-00048,河湾变,PZXL-00173,hzhen,河镇线,PZXL-00173-N0019,10kVhzhen线20#杆,PZXL-00173-N0020,10kVhzhen线21#杆,60.0,JKLYJ/Q-10-240,JKLYJ/Q-10-240,B+,0.13,0.356,0.0078,0.02136,500.0,550.0,8.6603,CLOSED,136,邳州_10kV河镇线明细.xlsx,PARAMETERIZED_PLANNING_MODEL,605.0,500.0,8.6603,"min(conductor_Imax_base, SRC06_feeder_max_allowed_current)"
PZXL-00173-B0136,PHYSICAL_SPAN,BDZ-00048,河湾变,PZXL-00173,hzhen,河镇线,PZXL-00173-N0038,10kVhzhen线39#杆,PZXL-00173-N0039,10kVhzhen线40#杆,60.0,JKLYJ/Q-10-240,JKLYJ/Q-10-240,B+,0.13,0.356,0.0078,0.02136,500.0,550.0,8.6603,CLOSED,137,邳州_10kV河镇线明细.xlsx,PARAMETERIZED_PLANNING_MODEL,605.0,500.0,8.6603,"min(conductor_Imax_base, SRC06_feeder_max_allowed_current)"
PZXL-00173-B0137,PHYSICAL_SPAN,BDZ-00048,河湾变,PZXL-00173,hzhen,河镇线,PZXL-00173-N0234,看守所支线05杆,PZXL-00173-N0235,看守所支线06杆,60.0,JKLYJ/Q-10-240,JKLYJ/Q-10-240,B+,0.13,0.356,0.0078,0.02136,500.0,550.0,8.6603,CLOSED,138,邳州_10kV河镇线明细.xlsx,PARAMETERIZED_PLANNING_MODEL,605.0,500.0,8.6603,"min(conductor_Imax_base, SRC06_feeder_max_allowed_current)"
PZXL-00173-B0138,PHYSICAL_SPAN,BDZ-00048,河湾变,PZXL-00173,hzhen,河镇线,PZXL-00173-N0014,10kVhzhen线15#杆,PZXL-00173-N0015,10kVhzhen线16#杆,60.0,JKLYJ/Q-10-240,JKLYJ/Q-10-240,B+,0.13,0.356,0.0078,0.02136,500.0,550.0,8.6603,CLOSED,139,邳州_10kV河镇线明细.xlsx,PARAMETERIZED_PLANNING_MODEL,605.0,500.0,8.6603,"min(conductor_Imax_base, SRC06_feeder_max_allowed_current)"
PZXL-00173-B0139,PHYSICAL_SPAN,BDZ-00048,河湾变,PZXL-00173,hzhen,河镇线,PZXL-00173-N0016,10kVhzhen线17#杆,PZXL-00173-N0017,10kVhzhen线18#杆,60.0,JKLYJ/Q-10-240,JKLYJ/Q-10-240,B+,0.13,0.356,0.0078,0.02136,500.0,550.0,8.6603,CLOSED,140,邳州_10kV河镇线明细.xlsx,PARAMETERIZED_PLANNING_MODEL,605.0,500.0,8.6603,"min(conductor_Imax_base, SRC06_feeder_max_allowed_current)"
PZXL-00173-B0140,PHYSICAL_SPAN,BDZ-00048,河湾变,PZXL-00173,hzhen,河镇线,PZXL-00173-N0025,10kVhzhen线26#杆,PZXL-00173-N0026,10kVhzhen线27#杆,60.0,JKLYJ/Q-10-240,JKLYJ/Q-10-240,B+,0.13,0.356,0.0078,0.02136,500.0,550.0,8.6603,CLOSED,141,邳州_10kV河镇线明细.xlsx,PARAMETERIZED_PLANNING_MODEL,605.0,500.0,8.6603,"min(conductor_Imax_base, SRC06_feeder_max_allowed_current)"
PZXL-00173-B0141,PHYSICAL_SPAN,BDZ-00048,河湾变,PZXL-00173,hzhen,河镇线,PZXL-00173-N0133,工业园区支线02杆,PZXL-00173-N0134,工业园区支线03杆,60.0,JKLYJ/Q-10-240,JKLYJ/Q-10-240,B+,0.13,0.356,0.0078,0.02136,500.0,550.0,8.6603,CLOSED,142,邳州_10kV河镇线明细.xlsx,PARAMETERIZED_PLANNING_MODEL,605.0,500.0,8.6603,"min(conductor_Imax_base, SRC06_feeder_max_allowed_current)"
PZXL-00173-B0142,PHYSICAL_SPAN,BDZ-00048,河湾变,PZXL-00173,hzhen,河镇线,PZXL-00173-N0040,10kVhzhen线41#杆,PZXL-00173-N0041,10kVhzhen线42#杆,60.0,JKLYJ/Q-10-240,JKLYJ/Q-10-240,B+,0.13,0.356,0.0078,0.02136,500.0,550.0,8.6603,CLOSED,143,邳州_10kV河镇线明细.xlsx,PARAMETERIZED_PLANNING_MODEL,605.0,500.0,8.6603,"min(conductor_Imax_base, SRC06_feeder_max_allowed_current)"
PZXL-00173-B0143,PHYSICAL_SPAN,BDZ-00048,河湾变,PZXL-00173,hzhen,河镇线,PZXL-00173-N0134,工业园区支线03杆,PZXL-00173-N0135,工业园区支线04杆,60.0,JKLYJ/Q-10-240,JKLYJ/Q-10-240,B+,0.13,0.356,0.0078,0.02136,500.0,550.0,8.6603,CLOSED,144,邳州_10kV河镇线明细.xlsx,PARAMETERIZED_PLANNING_MODEL,605.0,500.0,8.6603,"min(conductor_Imax_base, SRC06_feeder_max_allowed_current)"
PZXL-00173-B0144,PHYSICAL_SPAN,BDZ-00048,河湾变,PZXL-00173,hzhen,河镇线,PZXL-00173-N0226,欢乐买支线01杆,PZXL-00173-N0227,欢乐买支线02杆,60.0,JKLYJ/Q-10-240,JKLYJ/Q-10-240,B+,0.13,0.356,0.0078,0.02136,500.0,550.0,8.6603,CLOSED,145,邳州_10kV河镇线明细.xlsx,PARAMETERIZED_PLANNING_MODEL,605.0,500.0,8.6603,"min(conductor_Imax_base, SRC06_feeder_max_allowed_current)"
PZXL-00173-B0145,PHYSICAL_SPAN,BDZ-00048,河湾变,PZXL-00173,hzhen,河镇线,PZXL-00173-N0013,10kVhzhen线14#杆,PZXL-00173-N0014,10kVhzhen线15#杆,60.0,JKLYJ/Q-10-240,JKLYJ/Q-10-240,B+,0.13,0.356,0.0078,0.02136,500.0,550.0,8.6603,CLOSED,146,邳州_10kV河镇线明细.xlsx,PARAMETERIZED_PLANNING_MODEL,605.0,500.0,8.6603,"min(conductor_Imax_base, SRC06_feeder_max_allowed_current)"
PZXL-00173-B0146,PHYSICAL_SPAN,BDZ-00048,河湾变,PZXL-00173,hzhen,河镇线,PZXL-00173-N0030,10kVhzhen线31#杆,PZXL-00173-N0031,10kVhzhen线32#杆,60.0,JKLYJ/Q-10-240,JKLYJ/Q-10-240,B+,0.13,0.356,0.0078,0.02136,500.0,550.0,8.6603,CLOSED,147,邳州_10kV河镇线明细.xlsx,PARAMETERIZED_PLANNING_MODEL,605.0,500.0,8.6603,"min(conductor_Imax_base, SRC06_feeder_max_allowed_current)"
PZXL-00173-B0147,PHYSICAL_SPAN,BDZ-00048,河湾变,PZXL-00173,hzhen,河镇线,PZXL-00173-N0024,10kVhzhen线25#杆,PZXL-00173-N0025,10kVhzhen线26#杆,60.0,JKLYJ/Q-10-240,JKLYJ/Q-10-240,B+,0.13,0.356,0.0078,0.02136,500.0,550.0,8.6603,CLOSED,148,邳州_10kV河镇线明细.xlsx,PARAMETERIZED_PLANNING_MODEL,605.0,500.0,8.6603,"min(conductor_Imax_base, SRC06_feeder_max_allowed_current)"
PZXL-00173-B0148,PHYSICAL_SPAN,BDZ-00048,河湾变,PZXL-00173,hzhen,河镇线,PZXL-00173-N0003,10kVhzhen线03#杆,PZXL-00173-N0004,10kVhzhen线04#杆,60.0,JKLYJ/Q-10-240,JKLYJ/Q-10-240,B+,0.13,0.356,0.0078,0.02136,500.0,550.0,8.6603,CLOSED,149,邳州_10kV河镇线明细.xlsx,PARAMETERIZED_PLANNING_MODEL,605.0,500.0,8.6603,"min(conductor_Imax_base, SRC06_feeder_max_allowed_current)"
PZXL-00173-B0149,PHYSICAL_SPAN,BDZ-00048,河湾变,PZXL-00173,hzhen,河镇线,PZXL-00173-N0006,10kVhzhen线06#杆,PZXL-00173-N0097,hzhen线07杆,60.0,JKLYJ/Q-10-240,JKLYJ/Q-10-240,B+,0.13,0.356,0.0078,0.02136,500.0,550.0,8.6603,CLOSED,150,邳州_10kV河镇线明细.xlsx,PARAMETERIZED_PLANNING_MODEL,605.0,500.0,8.6603,"min(conductor_Imax_base, SRC06_feeder_max_allowed_current)"
PZXL-00173-B0150,PHYSICAL_SPAN,BDZ-00048,河湾变,PZXL-00173,hzhen,河镇线,PZXL-00173-N0148,工业园区支线17杆,PZXL-00173-N0149,工业园区支线18杆,60.0,JKLYJ/Q-10-240,JKLYJ/Q-10-240,B+,0.13,0.356,0.0078,0.02136,500.0,550.0,8.6603,CLOSED,151,邳州_10kV河镇线明细.xlsx,PARAMETERIZED_PLANNING_MODEL,605.0,500.0,8.6603,"min(conductor_Imax_base, SRC06_feeder_max_allowed_current)"
PZXL-00173-B0151,PHYSICAL_SPAN,BDZ-00048,河湾变,PZXL-00173,hzhen,河镇线,PZXL-00173-N0137,工业园区支线06杆,PZXL-00173-N0138,工业园区支线07杆,60.0,JKLYJ/Q-10-240,JKLYJ/Q-10-240,B+,0.13,0.356,0.0078,0.02136,500.0,550.0,8.6603,CLOSED,152,邳州_10kV河镇线明细.xlsx,PARAMETERIZED_PLANNING_MODEL,605.0,500.0,8.6603,"min(conductor_Imax_base, SRC06_feeder_max_allowed_current)"
PZXL-00173-B0152,PHYSICAL_SPAN,BDZ-00048,河湾变,PZXL-00173,hzhen,河镇线,PZXL-00173-N0002,10kVhzhen线02#杆,PZXL-00173-N0003,10kVhzhen线03#杆,60.0,JKLYJ/Q-10-240,JKLYJ/Q-10-240,B+,0.13,0.356,0.0078,0.02136,500.0,550.0,8.6603,CLOSED,153,邳州_10kV河镇线明细.xlsx,PARAMETERIZED_PLANNING_MODEL,605.0,500.0,8.6603,"min(conductor_Imax_base, SRC06_feeder_max_allowed_current)"
PZXL-00173-B0153,PHYSICAL_SPAN,BDZ-00048,河湾变,PZXL-00173,hzhen,河镇线,PZXL-00173-N0007,10kVhzhen线08#杆,PZXL-00173-N0008,10kVhzhen线09#杆,60.0,JKLYJ/Q-10-240,JKLYJ/Q-10-240,B+,0.13,0.356,0.0078,0.02136,500.0,550.0,8.6603,CLOSED,154,邳州_10kV河镇线明细.xlsx,PARAMETERIZED_PLANNING_MODEL,605.0,500.0,8.6603,"min(conductor_Imax_base, SRC06_feeder_max_allowed_current)"
PZXL-00173-B0154,PHYSICAL_SPAN,BDZ-00048,河湾变,PZXL-00173,hzhen,河镇线,PZXL-00173-N0140,工业园区支线09杆,PZXL-00173-N0141,工业园区支线10杆,60.0,JKLYJ/Q-10-240,JKLYJ/Q-10-240,B+,0.13,0.356,0.0078,0.02136,500.0,550.0,8.6603,CLOSED,155,邳州_10kV河镇线明细.xlsx,PARAMETERIZED_PLANNING_MODEL,605.0,500.0,8.6603,"min(conductor_Imax_base, SRC06_feeder_max_allowed_current)"
PZXL-00173-B0155,PHYSICAL_SPAN,BDZ-00048,河湾变,PZXL-00173,hzhen,河镇线,PZXL-00173-N0037,10kVhzhen线38#杆,PZXL-00173-N0038,10kVhzhen线39#杆,60.0,JKLYJ/Q-10-240,JKLYJ/Q-10-240,B+,0.13,0.356,0.0078,0.02136,500.0,550.0,8.6603,CLOSED,156,邳州_10kV河镇线明细.xlsx,PARAMETERIZED_PLANNING_MODEL,605.0,500.0,8.6603,"min(conductor_Imax_base, SRC06_feeder_max_allowed_current)"
PZXL-00173-B0156,PHYSICAL_SPAN,BDZ-00048,河湾变,PZXL-00173,hzhen,河镇线,PZXL-00173-N0004,10kVhzhen线04#杆,PZXL-00173-N0005,10kVhzhen线05#杆,60.0,JKLYJ/Q-10-240,JKLYJ/Q-10-240,B+,0.13,0.356,0.0078,0.02136,500.0,550.0,8.6603,CLOSED,157,邳州_10kV河镇线明细.xlsx,PARAMETERIZED_PLANNING_MODEL,605.0,500.0,8.6603,"min(conductor_Imax_base, SRC06_feeder_max_allowed_current)"
PZXL-00173-B0157,PHYSICAL_SPAN,BDZ-00048,河湾变,PZXL-00173,hzhen,河镇线,PZXL-00173-N0144,工业园区支线13杆,PZXL-00173-N0145,工业园区支线14杆,60.0,JKLYJ/Q-10-240,JKLYJ/Q-10-240,B+,0.13,0.356,0.0078,0.02136,500.0,550.0,8.6603,CLOSED,158,邳州_10kV河镇线明细.xlsx,PARAMETERIZED_PLANNING_MODEL,605.0,500.0,8.6603,"min(conductor_Imax_base, SRC06_feeder_max_allowed_current)"
PZXL-00173-B0158,PHYSICAL_SPAN,BDZ-00048,河湾变,PZXL-00173,hzhen,河镇线,PZXL-00173-N0018,10kVhzhen线19#杆,PZXL-00173-N0019,10kVhzhen线20#杆,60.0,JKLYJ/Q-10-240,JKLYJ/Q-10-240,B+,0.13,0.356,0.0078,0.02136,500.0,550.0,8.6603,CLOSED,159,邳州_10kV河镇线明细.xlsx,PARAMETERIZED_PLANNING_MODEL,605.0,500.0,8.6603,"min(conductor_Imax_base, SRC06_feeder_max_allowed_current)"
PZXL-00173-B0159,PHYSICAL_SPAN,BDZ-00048,河湾变,PZXL-00173,hzhen,河镇线,PZXL-00173-N0029,10kVhzhen线30#杆,PZXL-00173-N0030,10kVhzhen线31#杆,60.0,JKLYJ/Q-10-240,JKLYJ/Q-10-240,B+,0.13,0.356,0.0078,0.02136,500.0,550.0,8.6603,CLOSED,160,邳州_10kV河镇线明细.xlsx,PARAMETERIZED_PLANNING_MODEL,605.0,500.0,8.6603,"min(conductor_Imax_base, SRC06_feeder_max_allowed_current)"
PZXL-00173-B0160,PHYSICAL_SPAN,BDZ-00048,河湾变,PZXL-00173,hzhen,河镇线,PZXL-00173-N0008,10kVhzhen线09#杆,PZXL-00173-N0009,10kVhzhen线10#杆,60.0,JKLYJ/Q-10-240,JKLYJ/Q-10-240,B+,0.13,0.356,0.0078,0.02136,500.0,550.0,8.6603,CLOSED,161,邳州_10kV河镇线明细.xlsx,PARAMETERIZED_PLANNING_MODEL,605.0,500.0,8.6603,"min(conductor_Imax_base, SRC06_feeder_max_allowed_current)"
PZXL-00173-B0161,PHYSICAL_SPAN,BDZ-00048,河湾变,PZXL-00173,hzhen,河镇线,PZXL-00173-N0021,10kVhzhen线22#杆,PZXL-00173-N0022,10kVhzhen线23#杆,60.0,JKLYJ/Q-10-240,JKLYJ/Q-10-240,B+,0.13,0.356,0.0078,0.02136,500.0,550.0,8.6603,CLOSED,162,邳州_10kV河镇线明细.xlsx,PARAMETERIZED_PLANNING_MODEL,605.0,500.0,8.6603,"min(conductor_Imax_base, SRC06_feeder_max_allowed_current)"
PZXL-00173-B0162,PHYSICAL_SPAN,BDZ-00048,河湾变,PZXL-00173,hzhen,河镇线,PZXL-00173-N0032,10kVhzhen线33#杆,PZXL-00173-N0033,10kVhzhen线34#杆,60.0,JKLYJ/Q-10-240,JKLYJ/Q-10-240,B+,0.13,0.356,0.0078,0.02136,500.0,550.0,8.6603,CLOSED,163,邳州_10kV河镇线明细.xlsx,PARAMETERIZED_PLANNING_MODEL,605.0,500.0,8.6603,"min(conductor_Imax_base, SRC06_feeder_max_allowed_current)"
PZXL-00173-B0163,PHYSICAL_SPAN,BDZ-00048,河湾变,PZXL-00173,hzhen,河镇线,PZXL-00173-N0034,10kVhzhen线35#杆,PZXL-00173-N0035,10kVhzhen线36#杆,60.0,JKLYJ/Q-10-240,JKLYJ/Q-10-240,B+,0.13,0.356,0.0078,0.02136,500.0,550.0,8.6603,CLOSED,164,邳州_10kV河镇线明细.xlsx,PARAMETERIZED_PLANNING_MODEL,605.0,500.0,8.6603,"min(conductor_Imax_base, SRC06_feeder_max_allowed_current)"
PZXL-00173-B0164,PHYSICAL_SPAN,BDZ-00048,河湾变,PZXL-00173,hzhen,河镇线,PZXL-00173-N0009,10kVhzhen线10#杆,PZXL-00173-N0010,10kVhzhen线11#杆,60.0,JKLYJ/Q-10-240,JKLYJ/Q-10-240,B+,0.13,0.356,0.0078,0.02136,500.0,550.0,8.6603,CLOSED,165,邳州_10kV河镇线明细.xlsx,PARAMETERIZED_PLANNING_MODEL,605.0,500.0,8.6603,"min(conductor_Imax_base, SRC06_feeder_max_allowed_current)"
PZXL-00173-B0165,PHYSICAL_SPAN,BDZ-00048,河湾变,PZXL-00173,hzhen,河镇线,PZXL-00173-N0145,工业园区支线14杆,PZXL-00173-N0146,工业园区支线15杆,60.0,JKLYJ/Q-10-240,JKLYJ/Q-10-240,B+,0.13,0.356,0.0078,0.02136,500.0,550.0,8.6603,CLOSED,166,邳州_10kV河镇线明细.xlsx,PARAMETERIZED_PLANNING_MODEL,605.0,500.0,8.6603,"min(conductor_Imax_base, SRC06_feeder_max_allowed_current)"
PZXL-00173-B0166,PHYSICAL_SPAN,BDZ-00048,河湾变,PZXL-00173,hzhen,河镇线,PZXL-00173-N0233,看守所支线04杆,PZXL-00173-N0234,看守所支线05杆,60.0,JKLYJ/Q-10-240,JKLYJ/Q-10-240,B+,0.13,0.356,0.0078,0.02136,500.0,550.0,8.6603,CLOSED,167,邳州_10kV河镇线明细.xlsx,PARAMETERIZED_PLANNING_MODEL,605.0,500.0,8.6603,"min(conductor_Imax_base, SRC06_feeder_max_allowed_current)"
PZXL-00173-B0167,PHYSICAL_SPAN,BDZ-00048,河湾变,PZXL-00173,hzhen,河镇线,PZXL-00173-N0035,10kVhzhen线36#杆,PZXL-00173-N0036,10kVhzhen线37#杆,60.0,JKLYJ/Q-10-240,JKLYJ/Q-10-240,B+,0.13,0.356,0.0078,0.02136,500.0,550.0,8.6603,CLOSED,168,邳州_10kV河镇线明细.xlsx,PARAMETERIZED_PLANNING_MODEL,605.0,500.0,8.6603,"min(conductor_Imax_base, SRC06_feeder_max_allowed_current)"
PZXL-00173-B0168,PHYSICAL_SPAN,BDZ-00048,河湾变,PZXL-00173,hzhen,河镇线,PZXL-00173-N0097,hzhen线07杆,PZXL-00173-N0007,10kVhzhen线08#杆,60.0,JKLYJ/Q-10-240,JKLYJ/Q-10-240,B+,0.13,0.356,0.0078,0.02136,500.0,550.0,8.6603,CLOSED,169,邳州_10kV河镇线明细.xlsx,PARAMETERIZED_PLANNING_MODEL,605.0,500.0,8.6603,"min(conductor_Imax_base, SRC06_feeder_max_allowed_current)"
PZXL-00173-B0169,PHYSICAL_SPAN,BDZ-00048,河湾变,PZXL-00173,hzhen,河镇线,PZXL-00173-N0039,10kVhzhen线40#杆,PZXL-00173-N0040,10kVhzhen线41#杆,60.0,JKLYJ/Q-10-240,JKLYJ/Q-10-240,B+,0.13,0.356,0.0078,0.02136,500.0,550.0,8.6603,CLOSED,170,邳州_10kV河镇线明细.xlsx,PARAMETERIZED_PLANNING_MODEL,605.0,500.0,8.6603,"min(conductor_Imax_base, SRC06_feeder_max_allowed_current)"
PZXL-00173-B0170,PHYSICAL_SPAN,BDZ-00048,河湾变,PZXL-00173,hzhen,河镇线,PZXL-00173-N0142,工业园区支线11杆,PZXL-00173-N0143,工业园区支线12杆,60.0,JKLYJ/Q-10-240,JKLYJ/Q-10-240,B+,0.13,0.356,0.0078,0.02136,500.0,550.0,8.6603,CLOSED,171,邳州_10kV河镇线明细.xlsx,PARAMETERIZED_PLANNING_MODEL,605.0,500.0,8.6603,"min(conductor_Imax_base, SRC06_feeder_max_allowed_current)"
PZXL-00173-B0171,PHYSICAL_SPAN,BDZ-00048,河湾变,PZXL-00173,hzhen,河镇线,PZXL-00173-N0139,工业园区支线08杆,PZXL-00173-N0140,工业园区支线09杆,60.0,JKLYJ/Q-10-240,JKLYJ/Q-10-240,B+,0.13,0.356,0.0078,0.02136,500.0,550.0,8.6603,CLOSED,172,邳州_10kV河镇线明细.xlsx,PARAMETERIZED_PLANNING_MODEL,605.0,500.0,8.6603,"min(conductor_Imax_base, SRC06_feeder_max_allowed_current)"
PZXL-00173-B0172,PHYSICAL_SPAN,BDZ-00048,河湾变,PZXL-00173,hzhen,河镇线,PZXL-00173-N0023,10kVhzhen线24#杆,PZXL-00173-N0024,10kVhzhen线25#杆,60.0,JKLYJ/Q-10-240,JKLYJ/Q-10-240,B+,0.13,0.356,0.0078,0.02136,500.0,550.0,8.6603,CLOSED,173,邳州_10kV河镇线明细.xlsx,PARAMETERIZED_PLANNING_MODEL,605.0,500.0,8.6603,"min(conductor_Imax_base, SRC06_feeder_max_allowed_current)"
PZXL-00173-B0173,PHYSICAL_SPAN,BDZ-00048,河湾变,PZXL-00173,hzhen,河镇线,PZXL-00173-N0043,10kVhzhen线44#杆,PZXL-00173-N0098,hzhen线45杆,60.0,JKLYJ/Q-10-240,JKLYJ/Q-10-240,B+,0.13,0.356,0.0078,0.02136,500.0,550.0,8.6603,CLOSED,174,邳州_10kV河镇线明细.xlsx,PARAMETERIZED_PLANNING_MODEL,605.0,500.0,8.6603,"min(conductor_Imax_base, SRC06_feeder_max_allowed_current)"
PZXL-00173-B0174,PHYSICAL_SPAN,BDZ-00048,河湾变,PZXL-00173,hzhen,河镇线,PZXL-00173-N0031,10kVhzhen线32#杆,PZXL-00173-N0032,10kVhzhen线33#杆,60.0,JKLYJ/Q-10-240,JKLYJ/Q-10-240,B+,0.13,0.356,0.0078,0.02136,500.0,550.0,8.6603,CLOSED,175,邳州_10kV河镇线明细.xlsx,PARAMETERIZED_PLANNING_MODEL,605.0,500.0,8.6603,"min(conductor_Imax_base, SRC06_feeder_max_allowed_current)"
PZXL-00173-B0175,PHYSICAL_SPAN,BDZ-00048,河湾变,PZXL-00173,hzhen,河镇线,PZXL-00173-N0231,看守所支线02杆,PZXL-00173-N0232,看守所支线03杆,60.0,JKLYJ/Q-10-240,JKLYJ/Q-10-240,B+,0.13,0.356,0.0078,0.02136,500.0,550.0,8.6603,CLOSED,176,邳州_10kV河镇线明细.xlsx,PARAMETERIZED_PLANNING_MODEL,605.0,500.0,8.6603,"min(conductor_Imax_base, SRC06_feeder_max_allowed_current)"
PZXL-00173-B0176,PHYSICAL_SPAN,BDZ-00048,河湾变,PZXL-00173,hzhen,河镇线,PZXL-00173-N0106,hzhen线勤丰纺织支线07杆,PZXL-00173-N0107,hzhen线勤丰纺织支线08杆,60.0,JKLYJ/Q-10-240,JKLYJ/Q-10-240,B+,0.13,0.356,0.0078,0.02136,500.0,550.0,8.6603,CLOSED,177,邳州_10kV河镇线明细.xlsx,PARAMETERIZED_PLANNING_MODEL,605.0,500.0,8.6603,"min(conductor_Imax_base, SRC06_feeder_max_allowed_current)"
PZXL-00173-B0177,PHYSICAL_SPAN,BDZ-00048,河湾变,PZXL-00173,hzhen,河镇线,PZXL-00173-N0056,10kVhzhen线58#杆,PZXL-00173-N0057,10kVhzhen线59#杆,60.0,JKLYJ/Q-10-240,JKLYJ/Q-10-240,B+,0.13,0.356,0.0078,0.02136,500.0,550.0,8.6603,CLOSED,178,邳州_10kV河镇线明细.xlsx,PARAMETERIZED_PLANNING_MODEL,605.0,500.0,8.6603,"min(conductor_Imax_base, SRC06_feeder_max_allowed_current)"
PZXL-00173-B0178,PHYSICAL_SPAN,BDZ-00048,河湾变,PZXL-00173,hzhen,河镇线,PZXL-00173-N0068,10kVhzhen线70#杆,PZXL-00173-N0069,10kVhzhen线71#杆,60.0,JKLYJ/Q-10-240,JKLYJ/Q-10-240,B+,0.13,0.356,0.0078,0.02136,500.0,550.0,8.6603,CLOSED,179,邳州_10kV河镇线明细.xlsx,PARAMETERIZED_PLANNING_MODEL,605.0,500.0,8.6603,"min(conductor_Imax_base, SRC06_feeder_max_allowed_current)"
PZXL-00173-B0179,PHYSICAL_SPAN,BDZ-00048,河湾变,PZXL-00173,hzhen,河镇线,PZXL-00173-N0234,看守所支线05杆,PZXL-00173-N0238,看守所支线3-01杆,60.0,JKLYJ/Q-10-240,JKLYJ/Q-10-240,B+,0.13,0.356,0.0078,0.02136,500.0,550.0,8.6603,CLOSED,180,邳州_10kV河镇线明细.xlsx,PARAMETERIZED_PLANNING_MODEL,605.0,500.0,8.6603,"min(conductor_Imax_base, SRC06_feeder_max_allowed_current)"
PZXL-00173-B0180,PHYSICAL_SPAN,BDZ-00048,河湾变,PZXL-00173,hzhen,河镇线,PZXL-00173-N0073,10kVhzhen线75-01杆,PZXL-00173-N0074,10kVhzhen线75-02杆,60.0,JKLYJ/Q-10-240,JKLYJ/Q-10-240,B+,0.13,0.356,0.0078,0.02136,500.0,550.0,8.6603,CLOSED,181,邳州_10kV河镇线明细.xlsx,PARAMETERIZED_PLANNING_MODEL,605.0,500.0,8.6603,"min(conductor_Imax_base, SRC06_feeder_max_allowed_current)"
PZXL-00173-B0181,PHYSICAL_SPAN,BDZ-00048,河湾变,PZXL-00173,hzhen,河镇线,PZXL-00173-N0227,欢乐买支线02杆,PZXL-00173-N0228,欢乐买支线03杆,60.0,JKLYJ/Q-10-240,JKLYJ/Q-10-240,B+,0.13,0.356,0.0078,0.02136,500.0,550.0,8.6603,CLOSED,182,邳州_10kV河镇线明细.xlsx,PARAMETERIZED_PLANNING_MODEL,605.0,500.0,8.6603,"min(conductor_Imax_base, SRC06_feeder_max_allowed_current)"
PZXL-00173-B0182,PHYSICAL_SPAN,BDZ-00048,河湾变,PZXL-00173,hzhen,河镇线,PZXL-00173-N0082,10kVhzhen线79杆,PZXL-00173-N0128,垃圾站支线01杆,60.0,JKLYJ/Q-10-240,JKLYJ/Q-10-240,B+,0.13,0.356,0.0078,0.02136,500.0,550.0,8.6603,CLOSED,183,邳州_10kV河镇线明细.xlsx,PARAMETERIZED_PLANNING_MODEL,605.0,500.0,8.6603,"min(conductor_Imax_base, SRC06_feeder_max_allowed_current)"
PZXL-00173-B0183,PHYSICAL_SPAN,BDZ-00048,河湾变,PZXL-00173,hzhen,河镇线,PZXL-00173-N0230,看守所支线01杆,PZXL-00173-N0231,看守所支线02杆,60.0,JKLYJ/Q-10-240,JKLYJ/Q-10-240,B+,0.13,0.356,0.0078,0.02136,500.0,550.0,8.6603,CLOSED,184,邳州_10kV河镇线明细.xlsx,PARAMETERIZED_PLANNING_MODEL,605.0,500.0,8.6603,"min(conductor_Imax_base, SRC06_feeder_max_allowed_current)"
PZXL-00173-B0184,PHYSICAL_SPAN,BDZ-00048,河湾变,PZXL-00173,hzhen,河镇线,PZXL-00173-N0051,10kVhzhen线53#杆,PZXL-00173-N0052,10kVhzhen线54#杆,60.0,JKLYJ/Q-10-240,JKLYJ/Q-10-240,B+,0.13,0.356,0.0078,0.02136,500.0,550.0,8.6603,CLOSED,185,邳州_10kV河镇线明细.xlsx,PARAMETERIZED_PLANNING_MODEL,605.0,500.0,8.6603,"min(conductor_Imax_base, SRC06_feeder_max_allowed_current)"
PZXL-00173-B0185,PHYSICAL_SPAN,BDZ-00048,河湾变,PZXL-00173,hzhen,河镇线,PZXL-00173-N0055,10kVhzhen线57#杆,PZXL-00173-N0056,10kVhzhen线58#杆,60.0,JKLYJ/Q-10-240,JKLYJ/Q-10-240,B+,0.13,0.356,0.0078,0.02136,500.0,550.0,8.6603,CLOSED,186,邳州_10kV河镇线明细.xlsx,PARAMETERIZED_PLANNING_MODEL,605.0,500.0,8.6603,"min(conductor_Imax_base, SRC06_feeder_max_allowed_current)"
PZXL-00173-B0186,PHYSICAL_SPAN,BDZ-00048,河湾变,PZXL-00173,hzhen,河镇线,PZXL-00173-N0054,10kVhzhen线56#杆,PZXL-00173-N0055,10kVhzhen线57#杆,60.0,JKLYJ/Q-10-240,JKLYJ/Q-10-240,B+,0.13,0.356,0.0078,0.02136,500.0,550.0,8.6603,CLOSED,187,邳州_10kV河镇线明细.xlsx,PARAMETERIZED_PLANNING_MODEL,605.0,500.0,8.6603,"min(conductor_Imax_base, SRC06_feeder_max_allowed_current)"
PZXL-00173-B0187,PHYSICAL_SPAN,BDZ-00048,河湾变,PZXL-00173,hzhen,河镇线,PZXL-00173-N0128,垃圾站支线01杆,PZXL-00173-N0129,垃圾站支线02杆,60.0,JKLYJ/Q-10-240,JKLYJ/Q-10-240,B+,0.13,0.356,0.0078,0.02136,500.0,550.0,8.6603,CLOSED,188,邳州_10kV河镇线明细.xlsx,PARAMETERIZED_PLANNING_MODEL,605.0,500.0,8.6603,"min(conductor_Imax_base, SRC06_feeder_max_allowed_current)"
PZXL-00173-B0188,PHYSICAL_SPAN,BDZ-00048,河湾变,PZXL-00173,hzhen,河镇线,PZXL-00173-N0104,hzhen线勤丰纺织支线05杆,PZXL-00173-N0105,hzhen线勤丰纺织支线06杆,60.0,JKLYJ/Q-10-240,JKLYJ/Q-10-240,B+,0.13,0.356,0.0078,0.02136,500.0,550.0,8.6603,CLOSED,189,邳州_10kV河镇线明细.xlsx,PARAMETERIZED_PLANNING_MODEL,605.0,500.0,8.6603,"min(conductor_Imax_base, SRC06_feeder_max_allowed_current)"
PZXL-00173-B0189,PHYSICAL_SPAN,BDZ-00048,河湾变,PZXL-00173,hzhen,河镇线,PZXL-00173-N0052,10kVhzhen线54#杆,PZXL-00173-N0053,10kVhzhen线55#杆,60.0,JKLYJ/Q-10-240,JKLYJ/Q-10-240,B+,0.13,0.356,0.0078,0.02136,500.0,550.0,8.6603,CLOSED,190,邳州_10kV河镇线明细.xlsx,PARAMETERIZED_PLANNING_MODEL,605.0,500.0,8.6603,"min(conductor_Imax_base, SRC06_feeder_max_allowed_current)"
PZXL-00173-B0190,PHYSICAL_SPAN,BDZ-00048,河湾变,PZXL-00173,hzhen,河镇线,PZXL-00173-N0075,10kVhzhen线75-03杆,PZXL-00173-N0076,10kVhzhen线75-04杆,60.0,JKLYJ/Q-10-240,JKLYJ/Q-10-240,B+,0.13,0.356,0.0078,0.02136,500.0,550.0,8.6603,CLOSED,191,邳州_10kV河镇线明细.xlsx,PARAMETERIZED_PLANNING_MODEL,605.0,500.0,8.6603,"min(conductor_Imax_base, SRC06_feeder_max_allowed_current)"
PZXL-00173-B0191,PHYSICAL_SPAN,BDZ-00048,河湾变,PZXL-00173,hzhen,河镇线,PZXL-00173-N0084,10kVhzhen线81杆,PZXL-00173-N0085,10kVhzhen线82杆,60.0,JKLYJ/Q-10-240,JKLYJ/Q-10-240,B+,0.13,0.356,0.0078,0.02136,500.0,550.0,8.6603,CLOSED,192,邳州_10kV河镇线明细.xlsx,PARAMETERIZED_PLANNING_MODEL,605.0,500.0,8.6603,"min(conductor_Imax_base, SRC06_feeder_max_allowed_current)"
PZXL-00173-B0192,PHYSICAL_SPAN,BDZ-00048,河湾变,PZXL-00173,hzhen,河镇线,PZXL-00173-N0083,10kVhzhen线80杆,PZXL-00173-N0084,10kVhzhen线81杆,60.0,JKLYJ/Q-10-240,JKLYJ/Q-10-240,B+,0.13,0.356,0.0078,0.02136,500.0,550.0,8.6603,CLOSED,193,邳州_10kV河镇线明细.xlsx,PARAMETERIZED_PLANNING_MODEL,605.0,500.0,8.6603,"min(conductor_Imax_base, SRC06_feeder_max_allowed_current)"
PZXL-00173-B0193,PHYSICAL_SPAN,BDZ-00048,河湾变,PZXL-00173,hzhen,河镇线,PZXL-00173-N0107,hzhen线勤丰纺织支线08杆,PZXL-00173-N0108,hzhen线勤丰纺织支线09杆,60.0,JKLYJ/Q-10-240,JKLYJ/Q-10-240,B+,0.13,0.356,0.0078,0.02136,500.0,550.0,8.6603,CLOSED,194,邳州_10kV河镇线明细.xlsx,PARAMETERIZED_PLANNING_MODEL,605.0,500.0,8.6603,"min(conductor_Imax_base, SRC06_feeder_max_allowed_current)"
PZXL-00173-B0194,PHYSICAL_SPAN,BDZ-00048,河湾变,PZXL-00173,hzhen,河镇线,PZXL-00173-N0069,10kVhzhen线71#杆,PZXL-00173-N0070,10kVhzhen线72#杆,60.0,JKLYJ/Q-10-240,JKLYJ/Q-10-240,B+,0.13,0.356,0.0078,0.02136,500.0,550.0,8.6603,CLOSED,195,邳州_10kV河镇线明细.xlsx,PARAMETERIZED_PLANNING_MODEL,605.0,500.0,8.6603,"min(conductor_Imax_base, SRC06_feeder_max_allowed_current)"
PZXL-00173-B0195,PHYSICAL_SPAN,BDZ-00048,河湾变,PZXL-00173,hzhen,河镇线,PZXL-00173-N0057,10kVhzhen线59#杆,PZXL-00173-N0058,10kVhzhen线60#杆,60.0,JKLYJ/Q-10-240,JKLYJ/Q-10-240,B+,0.13,0.356,0.0078,0.02136,500.0,550.0,8.6603,CLOSED,196,邳州_10kV河镇线明细.xlsx,PARAMETERIZED_PLANNING_MODEL,605.0,500.0,8.6603,"min(conductor_Imax_base, SRC06_feeder_max_allowed_current)"
PZXL-00173-B0196,PHYSICAL_SPAN,BDZ-00048,河湾变,PZXL-00173,hzhen,河镇线,PZXL-00173-N0094,10kVhzhen线91杆,PZXL-00173-N0095,10kVhzhen线92杆,60.0,JKLYJ/Q-10-240,JKLYJ/Q-10-240,B+,0.13,0.356,0.0078,0.02136,500.0,550.0,8.6603,CLOSED,197,邳州_10kV河镇线明细.xlsx,PARAMETERIZED_PLANNING_MODEL,605.0,500.0,8.6603,"min(conductor_Imax_base, SRC06_feeder_max_allowed_current)"
PZXL-00173-B0197,PHYSICAL_SPAN,BDZ-00048,河湾变,PZXL-00173,hzhen,河镇线,PZXL-00173-N0105,hzhen线勤丰纺织支线06杆,PZXL-00173-N0106,hzhen线勤丰纺织支线07杆,60.0,JKLYJ/Q-10-240,JKLYJ/Q-10-240,B+,0.13,0.356,0.0078,0.02136,500.0,550.0,8.6603,CLOSED,198,邳州_10kV河镇线明细.xlsx,PARAMETERIZED_PLANNING_MODEL,605.0,500.0,8.6603,"min(conductor_Imax_base, SRC06_feeder_max_allowed_current)"
PZXL-00173-B0198,PHYSICAL_SPAN,BDZ-00048,河湾变,PZXL-00173,hzhen,河镇线,PZXL-00173-N0048,10kVhzhen线50#杆,PZXL-00173-N0049,10kVhzhen线51#杆,60.0,JKLYJ/Q-10-240,JKLYJ/Q-10-240,B+,0.13,0.356,0.0078,0.02136,500.0,550.0,8.6603,CLOSED,199,邳州_10kV河镇线明细.xlsx,PARAMETERIZED_PLANNING_MODEL,605.0,500.0,8.6603,"min(conductor_Imax_base, SRC06_feeder_max_allowed_current)"
PZXL-00173-B0199,PHYSICAL_SPAN,BDZ-00048,河湾变,PZXL-00173,hzhen,河镇线,PZXL-00173-N0078,10kVhzhen线75杆,PZXL-00173-N0100,hzhen线勤丰纺织支线01杆,60.0,JKLYJ/Q-10-240,JKLYJ/Q-10-240,B+,0.13,0.356,0.0078,0.02136,500.0,550.0,8.6603,CLOSED,200,邳州_10kV河镇线明细.xlsx,PARAMETERIZED_PLANNING_MODEL,605.0,500.0,8.6603,"min(conductor_Imax_base, SRC06_feeder_max_allowed_current)"
PZXL-00173-B0200,PHYSICAL_SPAN,BDZ-00048,河湾变,PZXL-00173,hzhen,河镇线,PZXL-00173-N0092,10kVhzhen线89杆,PZXL-00173-N0093,10kVhzhen线90杆,60.0,JKLYJ/Q-10-240,JKLYJ/Q-10-240,B+,0.13,0.356,0.0078,0.02136,500.0,550.0,8.6603,CLOSED,201,邳州_10kV河镇线明细.xlsx,PARAMETERIZED_PLANNING_MODEL,605.0,500.0,8.6603,"min(conductor_Imax_base, SRC06_feeder_max_allowed_current)"
PZXL-00173-B0201,PHYSICAL_SPAN,BDZ-00048,河湾变,PZXL-00173,hzhen,河镇线,PZXL-00173-N0076,10kVhzhen线75-04杆,PZXL-00173-N0077,10kVhzhen线75-05杆,60.0,JKLYJ/Q-10-240,JKLYJ/Q-10-240,B+,0.13,0.356,0.0078,0.02136,500.0,550.0,8.6603,CLOSED,202,邳州_10kV河镇线明细.xlsx,PARAMETERIZED_PLANNING_MODEL,605.0,500.0,8.6603,"min(conductor_Imax_base, SRC06_feeder_max_allowed_current)"
PZXL-00173-B0202,PHYSICAL_SPAN,BDZ-00048,河湾变,PZXL-00173,hzhen,河镇线,PZXL-00173-N0100,hzhen线勤丰纺织支线01杆,PZXL-00173-N0101,hzhen线勤丰纺织支线02杆,60.0,JKLYJ/Q-10-240,JKLYJ/Q-10-240,B+,0.13,0.356,0.0078,0.02136,500.0,550.0,8.6603,CLOSED,203,邳州_10kV河镇线明细.xlsx,PARAMETERIZED_PLANNING_MODEL,605.0,500.0,8.6603,"min(conductor_Imax_base, SRC06_feeder_max_allowed_current)"
PZXL-00173-B0203,PHYSICAL_SPAN,BDZ-00048,河湾变,PZXL-00173,hzhen,河镇线,PZXL-00173-N0060,10kVhzhen线62#杆,PZXL-00173-N0061,10kVhzhen线63#杆,60.0,JKLYJ/Q-10-240,JKLYJ/Q-10-240,B+,0.13,0.356,0.0078,0.02136,500.0,550.0,8.6603,CLOSED,204,邳州_10kV河镇线明细.xlsx,PARAMETERIZED_PLANNING_MODEL,605.0,500.0,8.6603,"min(conductor_Imax_base, SRC06_feeder_max_allowed_current)"
PZXL-00173-B0204,PHYSICAL_SPAN,BDZ-00048,河湾变,PZXL-00173,hzhen,河镇线,PZXL-00173-N0070,10kVhzhen线72#杆,PZXL-00173-N0071,10kVhzhen线73#杆,60.0,JKLYJ/Q-10-240,JKLYJ/Q-10-240,B+,0.13,0.356,0.0078,0.02136,500.0,550.0,8.6603,CLOSED,205,邳州_10kV河镇线明细.xlsx,PARAMETERIZED_PLANNING_MODEL,605.0,500.0,8.6603,"min(conductor_Imax_base, SRC06_feeder_max_allowed_current)"
PZXL-00173-B0205,PHYSICAL_SPAN,BDZ-00048,河湾变,PZXL-00173,hzhen,河镇线,PZXL-00173-N0090,10kVhzhen线87杆,PZXL-00173-N0091,10kVhzhen线88杆,60.0,JKLYJ/Q-10-240,JKLYJ/Q-10-240,B+,0.13,0.356,0.0078,0.02136,500.0,550.0,8.6603,CLOSED,206,邳州_10kV河镇线明细.xlsx,PARAMETERIZED_PLANNING_MODEL,605.0,500.0,8.6603,"min(conductor_Imax_base, SRC06_feeder_max_allowed_current)"
PZXL-00173-B0206,PHYSICAL_SPAN,BDZ-00048,河湾变,PZXL-00173,hzhen,河镇线,PZXL-00173-N0089,10kVhzhen线86杆,PZXL-00173-N0090,10kVhzhen线87杆,60.0,JKLYJ/Q-10-240,JKLYJ/Q-10-240,B+,0.13,0.356,0.0078,0.02136,500.0,550.0,8.6603,CLOSED,207,邳州_10kV河镇线明细.xlsx,PARAMETERIZED_PLANNING_MODEL,605.0,500.0,8.6603,"min(conductor_Imax_base, SRC06_feeder_max_allowed_current)"
PZXL-00173-B0207,PHYSICAL_SPAN,BDZ-00048,河湾变,PZXL-00173,hzhen,河镇线,PZXL-00173-N0047,10kVhzhen线49#杆,PZXL-00173-N0048,10kVhzhen线50#杆,60.0,JKLYJ/Q-10-240,JKLYJ/Q-10-240,B+,0.13,0.356,0.0078,0.02136,500.0,550.0,8.6603,CLOSED,208,邳州_10kV河镇线明细.xlsx,PARAMETERIZED_PLANNING_MODEL,605.0,500.0,8.6603,"min(conductor_Imax_base, SRC06_feeder_max_allowed_current)"
PZXL-00173-B0208,PHYSICAL_SPAN,BDZ-00048,河湾变,PZXL-00173,hzhen,河镇线,PZXL-00173-N0049,10kVhzhen线51#杆,PZXL-00173-N0050,10kVhzhen线52#杆,60.0,JKLYJ/Q-10-240,JKLYJ/Q-10-240,B+,0.13,0.356,0.0078,0.02136,500.0,550.0,8.6603,CLOSED,209,邳州_10kV河镇线明细.xlsx,PARAMETERIZED_PLANNING_MODEL,605.0,500.0,8.6603,"min(conductor_Imax_base, SRC06_feeder_max_allowed_current)"
PZXL-00173-B0209,PHYSICAL_SPAN,BDZ-00048,河湾变,PZXL-00173,hzhen,河镇线,PZXL-00173-N0087,10kVhzhen线84杆,PZXL-00173-N0088,10kVhzhen线85杆,60.0,JKLYJ/Q-10-240,JKLYJ/Q-10-240,B+,0.13,0.356,0.0078,0.02136,500.0,550.0,8.6603,CLOSED,210,邳州_10kV河镇线明细.xlsx,PARAMETERIZED_PLANNING_MODEL,605.0,500.0,8.6603,"min(conductor_Imax_base, SRC06_feeder_max_allowed_current)"
PZXL-00173-B0210,PHYSICAL_SPAN,BDZ-00048,河湾变,PZXL-00173,hzhen,河镇线,PZXL-00173-N0238,看守所支线3-01杆,PZXL-00173-N0239,看守所支线3-02杆,60.0,JKLYJ/Q-10-240,JKLYJ/Q-10-240,B+,0.13,0.356,0.0078,0.02136,500.0,550.0,8.6603,CLOSED,211,邳州_10kV河镇线明细.xlsx,PARAMETERIZED_PLANNING_MODEL,605.0,500.0,8.6603,"min(conductor_Imax_base, SRC06_feeder_max_allowed_current)"
PZXL-00173-B0211,PHYSICAL_SPAN,BDZ-00048,河湾变,PZXL-00173,hzhen,河镇线,PZXL-00173-N0129,垃圾站支线02杆,PZXL-00173-N0130,垃圾站支线03杆,60.0,JKLYJ/Q-10-240,JKLYJ/Q-10-240,B+,0.13,0.356,0.0078,0.02136,500.0,550.0,8.6603,CLOSED,212,邳州_10kV河镇线明细.xlsx,PARAMETERIZED_PLANNING_MODEL,605.0,500.0,8.6603,"min(conductor_Imax_base, SRC06_feeder_max_allowed_current)"
PZXL-00173-B0212,PHYSICAL_SPAN,BDZ-00048,河湾变,PZXL-00173,hzhen,河镇线,PZXL-00173-N0102,hzhen线勤丰纺织支线03杆,PZXL-00173-N0103,hzhen线勤丰纺织支线04杆,60.0,JKLYJ/Q-10-240,JKLYJ/Q-10-240,B+,0.13,0.356,0.0078,0.02136,500.0,550.0,8.6603,CLOSED,213,邳州_10kV河镇线明细.xlsx,PARAMETERIZED_PLANNING_MODEL,605.0,500.0,8.6603,"min(conductor_Imax_base, SRC06_feeder_max_allowed_current)"
PZXL-00173-B0213,PHYSICAL_SPAN,BDZ-00048,河湾变,PZXL-00173,hzhen,河镇线,PZXL-00173-N0066,10kVhzhen线68#杆,PZXL-00173-N0067,10kVhzhen线69#杆,60.0,JKLYJ/Q-10-240,JKLYJ/Q-10-240,B+,0.13,0.356,0.0078,0.02136,500.0,550.0,8.6603,CLOSED,214,邳州_10kV河镇线明细.xlsx,PARAMETERIZED_PLANNING_MODEL,605.0,500.0,8.6603,"min(conductor_Imax_base, SRC06_feeder_max_allowed_current)"
PZXL-00173-B0214,PHYSICAL_SPAN,BDZ-00048,河湾变,PZXL-00173,hzhen,河镇线,PZXL-00173-N0088,10kVhzhen线85杆,PZXL-00173-N0089,10kVhzhen线86杆,60.0,JKLYJ/Q-10-240,JKLYJ/Q-10-240,B+,0.13,0.356,0.0078,0.02136,500.0,550.0,8.6603,CLOSED,215,邳州_10kV河镇线明细.xlsx,PARAMETERIZED_PLANNING_MODEL,605.0,500.0,8.6603,"min(conductor_Imax_base, SRC06_feeder_max_allowed_current)"
PZXL-00173-B0215,PHYSICAL_SPAN,BDZ-00048,河湾变,PZXL-00173,hzhen,河镇线,PZXL-00173-N0080,10kVhzhen线77杆,PZXL-00173-N0081,10kVhzhen线78杆,60.0,JKLYJ/Q-10-240,JKLYJ/Q-10-240,B+,0.13,0.356,0.0078,0.02136,500.0,550.0,8.6603,CLOSED,216,邳州_10kV河镇线明细.xlsx,PARAMETERIZED_PLANNING_MODEL,605.0,500.0,8.6603,"min(conductor_Imax_base, SRC06_feeder_max_allowed_current)"
PZXL-00173-B0216,PHYSICAL_SPAN,BDZ-00048,河湾变,PZXL-00173,hzhen,河镇线,PZXL-00173-N0074,10kVhzhen线75-02杆,PZXL-00173-N0075,10kVhzhen线75-03杆,60.0,JKLYJ/Q-10-240,JKLYJ/Q-10-240,B+,0.13,0.356,0.0078,0.02136,500.0,550.0,8.6603,CLOSED,217,邳州_10kV河镇线明细.xlsx,PARAMETERIZED_PLANNING_MODEL,605.0,500.0,8.6603,"min(conductor_Imax_base, SRC06_feeder_max_allowed_current)"
PZXL-00173-B0217,PHYSICAL_SPAN,BDZ-00048,河湾变,PZXL-00173,hzhen,河镇线,PZXL-00173-N0081,10kVhzhen线78杆,PZXL-00173-N0082,10kVhzhen线79杆,60.0,JKLYJ/Q-10-240,JKLYJ/Q-10-240,B+,0.13,0.356,0.0078,0.02136,500.0,550.0,8.6603,CLOSED,218,邳州_10kV河镇线明细.xlsx,PARAMETERIZED_PLANNING_MODEL,605.0,500.0,8.6603,"min(conductor_Imax_base, SRC06_feeder_max_allowed_current)"
PZXL-00173-B0218,PHYSICAL_SPAN,BDZ-00048,河湾变,PZXL-00173,hzhen,河镇线,PZXL-00173-N0085,10kVhzhen线82杆,PZXL-00173-N0086,10kVhzhen线83杆,60.0,JKLYJ/Q-10-240,JKLYJ/Q-10-240,B+,0.13,0.356,0.0078,0.02136,500.0,550.0,8.6603,CLOSED,219,邳州_10kV河镇线明细.xlsx,PARAMETERIZED_PLANNING_MODEL,605.0,500.0,8.6603,"min(conductor_Imax_base, SRC06_feeder_max_allowed_current)"
PZXL-00173-B0219,PHYSICAL_SPAN,BDZ-00048,河湾变,PZXL-00173,hzhen,河镇线,PZXL-00173-N0050,10kVhzhen线52#杆,PZXL-00173-N0051,10kVhzhen线53#杆,60.0,JKLYJ/Q-10-240,JKLYJ/Q-10-240,B+,0.13,0.356,0.0078,0.02136,500.0,550.0,8.6603,CLOSED,220,邳州_10kV河镇线明细.xlsx,PARAMETERIZED_PLANNING_MODEL,605.0,500.0,8.6603,"min(conductor_Imax_base, SRC06_feeder_max_allowed_current)"
PZXL-00173-B0220,PHYSICAL_SPAN,BDZ-00048,河湾变,PZXL-00173,hzhen,河镇线,PZXL-00173-N0095,10kVhzhen线92杆,PZXL-00173-N0096,10kVhzhen线93杆,60.0,JKLYJ/Q-10-240,JKLYJ/Q-10-240,B+,0.13,0.356,0.0078,0.02136,500.0,550.0,8.6603,CLOSED,221,邳州_10kV河镇线明细.xlsx,PARAMETERIZED_PLANNING_MODEL,605.0,500.0,8.6603,"min(conductor_Imax_base, SRC06_feeder_max_allowed_current)"
PZXL-00173-B0221,PHYSICAL_SPAN,BDZ-00048,河湾变,PZXL-00173,hzhen,河镇线,PZXL-00173-N0062,10kVhzhen线64#杆,PZXL-00173-N0063,10kVhzhen线65#杆,60.0,JKLYJ/Q-10-240,JKLYJ/Q-10-240,B+,0.13,0.356,0.0078,0.02136,500.0,550.0,8.6603,CLOSED,222,邳州_10kV河镇线明细.xlsx,PARAMETERIZED_PLANNING_MODEL,605.0,500.0,8.6603,"min(conductor_Imax_base, SRC06_feeder_max_allowed_current)"
PZXL-00173-B0222,PHYSICAL_SPAN,BDZ-00048,河湾变,PZXL-00173,hzhen,河镇线,PZXL-00173-N0058,10kVhzhen线60#杆,PZXL-00173-N0059,10kVhzhen线61#杆,60.0,JKLYJ/Q-10-240,JKLYJ/Q-10-240,B+,0.13,0.356,0.0078,0.02136,500.0,550.0,8.6603,CLOSED,223,邳州_10kV河镇线明细.xlsx,PARAMETERIZED_PLANNING_MODEL,605.0,500.0,8.6603,"min(conductor_Imax_base, SRC06_feeder_max_allowed_current)"
PZXL-00173-B0223,PHYSICAL_SPAN,BDZ-00048,河湾变,PZXL-00173,hzhen,河镇线,PZXL-00173-N0101,hzhen线勤丰纺织支线02杆,PZXL-00173-N0102,hzhen线勤丰纺织支线03杆,60.0,JKLYJ/Q-10-240,JKLYJ/Q-10-240,B+,0.13,0.356,0.0078,0.02136,500.0,550.0,8.6603,CLOSED,224,邳州_10kV河镇线明细.xlsx,PARAMETERIZED_PLANNING_MODEL,605.0,500.0,8.6603,"min(conductor_Imax_base, SRC06_feeder_max_allowed_current)"
PZXL-00173-B0224,PHYSICAL_SPAN,BDZ-00048,河湾变,PZXL-00173,hzhen,河镇线,PZXL-00173-N0086,10kVhzhen线83杆,PZXL-00173-N0087,10kVhzhen线84杆,60.0,JKLYJ/Q-10-240,JKLYJ/Q-10-240,B+,0.13,0.356,0.0078,0.02136,500.0,550.0,8.6603,CLOSED,225,邳州_10kV河镇线明细.xlsx,PARAMETERIZED_PLANNING_MODEL,605.0,500.0,8.6603,"min(conductor_Imax_base, SRC06_feeder_max_allowed_current)"
PZXL-00173-B0225,PHYSICAL_SPAN,BDZ-00048,河湾变,PZXL-00173,hzhen,河镇线,PZXL-00173-N0053,10kVhzhen线55#杆,PZXL-00173-N0054,10kVhzhen线56#杆,60.0,JKLYJ/Q-10-240,JKLYJ/Q-10-240,B+,0.13,0.356,0.0078,0.02136,500.0,550.0,8.6603,CLOSED,226,邳州_10kV河镇线明细.xlsx,PARAMETERIZED_PLANNING_MODEL,605.0,500.0,8.6603,"min(conductor_Imax_base, SRC06_feeder_max_allowed_current)"
PZXL-00173-B0226,PHYSICAL_SPAN,BDZ-00048,河湾变,PZXL-00173,hzhen,河镇线,PZXL-00173-N0082,10kVhzhen线79杆,PZXL-00173-N0083,10kVhzhen线80杆,60.0,JKLYJ/Q-10-240,JKLYJ/Q-10-240,B+,0.13,0.356,0.0078,0.02136,500.0,550.0,8.6603,CLOSED,227,邳州_10kV河镇线明细.xlsx,PARAMETERIZED_PLANNING_MODEL,605.0,500.0,8.6603,"min(conductor_Imax_base, SRC06_feeder_max_allowed_current)"
PZXL-00173-B0227,PHYSICAL_SPAN,BDZ-00048,河湾变,PZXL-00173,hzhen,河镇线,PZXL-00173-N0065,10kVhzhen线67#杆,PZXL-00173-N0066,10kVhzhen线68#杆,60.0,JKLYJ/Q-10-240,JKLYJ/Q-10-240,B+,0.13,0.356,0.0078,0.02136,500.0,550.0,8.6603,CLOSED,228,邳州_10kV河镇线明细.xlsx,PARAMETERIZED_PLANNING_MODEL,605.0,500.0,8.6603,"min(conductor_Imax_base, SRC06_feeder_max_allowed_current)"
PZXL-00173-B0228,PHYSICAL_SPAN,BDZ-00048,河湾变,PZXL-00173,hzhen,河镇线,PZXL-00173-N0079,10kVhzhen线76杆,PZXL-00173-N0080,10kVhzhen线77杆,60.0,JKLYJ/Q-10-240,JKLYJ/Q-10-240,B+,0.13,0.356,0.0078,0.02136,500.0,550.0,8.6603,CLOSED,229,邳州_10kV河镇线明细.xlsx,PARAMETERIZED_PLANNING_MODEL,605.0,500.0,8.6603,"min(conductor_Imax_base, SRC06_feeder_max_allowed_current)"
PZXL-00173-B0229,PHYSICAL_SPAN,BDZ-00048,河湾变,PZXL-00173,hzhen,河镇线,PZXL-00173-N0130,垃圾站支线03杆,PZXL-00173-N0131,垃圾站支线04杆,60.0,JKLYJ/Q-10-240,JKLYJ/Q-10-240,B+,0.13,0.356,0.0078,0.02136,500.0,550.0,8.6603,CLOSED,230,邳州_10kV河镇线明细.xlsx,PARAMETERIZED_PLANNING_MODEL,605.0,500.0,8.6603,"min(conductor_Imax_base, SRC06_feeder_max_allowed_current)"
PZXL-00173-B0230,PHYSICAL_SPAN,BDZ-00048,河湾变,PZXL-00173,hzhen,河镇线,PZXL-00173-N0067,10kVhzhen线69#杆,PZXL-00173-N0068,10kVhzhen线70#杆,60.0,JKLYJ/Q-10-240,JKLYJ/Q-10-240,B+,0.13,0.356,0.0078,0.02136,500.0,550.0,8.6603,CLOSED,231,邳州_10kV河镇线明细.xlsx,PARAMETERIZED_PLANNING_MODEL,605.0,500.0,8.6603,"min(conductor_Imax_base, SRC06_feeder_max_allowed_current)"
PZXL-00173-B0231,PHYSICAL_SPAN,BDZ-00048,河湾变,PZXL-00173,hzhen,河镇线,PZXL-00173-N0093,10kVhzhen线90杆,PZXL-00173-N0094,10kVhzhen线91杆,60.0,JKLYJ/Q-10-240,JKLYJ/Q-10-240,B+,0.13,0.356,0.0078,0.02136,500.0,550.0,8.6603,CLOSED,232,邳州_10kV河镇线明细.xlsx,PARAMETERIZED_PLANNING_MODEL,605.0,500.0,8.6603,"min(conductor_Imax_base, SRC06_feeder_max_allowed_current)"
PZXL-00173-B0232,PHYSICAL_SPAN,BDZ-00048,河湾变,PZXL-00173,hzhen,河镇线,PZXL-00173-N0103,hzhen线勤丰纺织支线04杆,PZXL-00173-N0104,hzhen线勤丰纺织支线05杆,60.0,JKLYJ/Q-10-240,JKLYJ/Q-10-240,B+,0.13,0.356,0.0078,0.02136,500.0,550.0,8.6603,CLOSED,233,邳州_10kV河镇线明细.xlsx,PARAMETERIZED_PLANNING_MODEL,605.0,500.0,8.6603,"min(conductor_Imax_base, SRC06_feeder_max_allowed_current)"
PZXL-00173-B0233,PHYSICAL_SPAN,BDZ-00048,河湾变,PZXL-00173,hzhen,河镇线,PZXL-00173-N0061,10kVhzhen线63#杆,PZXL-00173-N0062,10kVhzhen线64#杆,60.0,JKLYJ/Q-10-240,JKLYJ/Q-10-240,B+,0.13,0.356,0.0078,0.02136,500.0,550.0,8.6603,CLOSED,234,邳州_10kV河镇线明细.xlsx,PARAMETERIZED_PLANNING_MODEL,605.0,500.0,8.6603,"min(conductor_Imax_base, SRC06_feeder_max_allowed_current)"
PZXL-00173-B0234,PHYSICAL_SPAN,BDZ-00048,河湾变,PZXL-00173,hzhen,河镇线,PZXL-00173-N0063,10kVhzhen线65#杆,PZXL-00173-N0064,10kVhzhen线66#杆,60.0,JKLYJ/Q-10-240,JKLYJ/Q-10-240,B+,0.13,0.356,0.0078,0.02136,500.0,550.0,8.6603,CLOSED,235,邳州_10kV河镇线明细.xlsx,PARAMETERIZED_PLANNING_MODEL,605.0,500.0,8.6603,"min(conductor_Imax_base, SRC06_feeder_max_allowed_current)"
PZXL-00173-B0235,PHYSICAL_SPAN,BDZ-00048,河湾变,PZXL-00173,hzhen,河镇线,PZXL-00173-N0091,10kVhzhen线88杆,PZXL-00173-N0092,10kVhzhen线89杆,60.0,JKLYJ/Q-10-240,JKLYJ/Q-10-240,B+,0.13,0.356,0.0078,0.02136,500.0,550.0,8.6603,CLOSED,236,邳州_10kV河镇线明细.xlsx,PARAMETERIZED_PLANNING_MODEL,605.0,500.0,8.6603,"min(conductor_Imax_base, SRC06_feeder_max_allowed_current)"
PZXL-00173-B0236,PHYSICAL_SPAN,BDZ-00048,河湾变,PZXL-00173,hzhen,河镇线,PZXL-00173-N0064,10kVhzhen线66#杆,PZXL-00173-N0065,10kVhzhen线67#杆,60.0,JKLYJ/Q-10-240,JKLYJ/Q-10-240,B+,0.13,0.356,0.0078,0.02136,500.0,550.0,8.6603,CLOSED,237,邳州_10kV河镇线明细.xlsx,PARAMETERIZED_PLANNING_MODEL,605.0,500.0,8.6603,"min(conductor_Imax_base, SRC06_feeder_max_allowed_current)"
PZXL-00173-B0237,PHYSICAL_SPAN,BDZ-00048,河湾变,PZXL-00173,hzhen,河镇线,PZXL-00173-N0078,10kVhzhen线75杆,PZXL-00173-N0073,10kVhzhen线75-01杆,60.0,JKLYJ/Q-10-240,JKLYJ/Q-10-240,B+,0.13,0.356,0.0078,0.02136,500.0,550.0,8.6603,CLOSED,238,邳州_10kV河镇线明细.xlsx,PARAMETERIZED_PLANNING_MODEL,605.0,500.0,8.6603,"min(conductor_Imax_base, SRC06_feeder_max_allowed_current)"
PZXL-00173-B0238,PHYSICAL_SPAN,BDZ-00048,河湾变,PZXL-00173,hzhen,河镇线,PZXL-00173-N0136,工业园区支线05杆,PZXL-00173-N0137,工业园区支线06杆,60.0,JKLYJ/Q-10-240,JKLYJ/Q-10-240,B+,0.13,0.356,0.0078,0.02136,500.0,550.0,8.6603,CLOSED,239,邳州_10kV河镇线明细.xlsx,PARAMETERIZED_PLANNING_MODEL,605.0,500.0,8.6603,"min(conductor_Imax_base, SRC06_feeder_max_allowed_current)"
