transformer_uid,region_id,voltage_kv,station_id,unit_id,capacity_mva,operation_mode,asset_scope_id,parent_supply_id,available_10kv_bays,equipment_source_row,source_row,source_ref,source_version,transformation,scenario_id,quality_flag,source_sha256
QX-00001|35|BDZ-00249|#1,QX-00001,35,BDZ-00249,#1,20,unknown,year_end_2025,BDZ-00126,0,70,413,SRC02:主变1+SRC03:设备明细,电网建模数据_Agent整合版_V1.2,"filter contract regions/35,110 kV; validate composite key and capacity",real_2021_2025,validated_src02_src03,563180da9b4fd16012c14ddb974e76ce1f06dfdd8ca13816a2ac529901b91176
QX-00001|35|BDZ-00249|#2,QX-00001,35,BDZ-00249,#2,20,unknown,year_end_2025,BDZ-00126,,71,414,SRC02:主变1+SRC03:设备明细,电网建模数据_Agent整合版_V1.2,"filter contract regions/35,110 kV; validate composite key and capacity",real_2021_2025,validated_src02_src03,563180da9b4fd16012c14ddb974e76ce1f06dfdd8ca13816a2ac529901b91176
QX-00001|35|BDZ-00252|#1,QX-00001,35,BDZ-00252,#1,20,unknown,year_end_2025,BDZ-00208,0,72,426,SRC02:主变1+SRC03:设备明细,电网建模数据_Agent整合版_V1.2,"filter contract regions/35,110 kV; validate composite key and capacity",real_2021_2025,validated_src02_src03,563180da9b4fd16012c14ddb974e76ce1f06dfdd8ca13816a2ac529901b91176
QX-00001|35|BDZ-00252|#2,QX-00001,35,BDZ-00252,#2,20,unknown,year_end_2025,BDZ-00072,,73,425,SRC02:主变1+SRC03:设备明细,电网建模数据_Agent整合版_V1.2,"filter contract regions/35,110 kV; validate composite key and capacity",real_2021_2025,validated_src02_src03,563180da9b4fd16012c14ddb974e76ce1f06dfdd8ca13816a2ac529901b91176
QX-00001|35|BDZ-00261|#1,QX-00001,35,BDZ-00261,#1,8,unknown,year_end_2025,BDZ-00117,2,74,416,SRC02:主变1+SRC03:设备明细,电网建模数据_Agent整合版_V1.2,"filter contract regions/35,110 kV; validate composite key and capacity",real_2021_2025,validated_src02_src03,563180da9b4fd16012c14ddb974e76ce1f06dfdd8ca13816a2ac529901b91176
QX-00001|35|BDZ-00261|#2,QX-00001,35,BDZ-00261,#2,12.5,unknown,year_end_2025,BDZ-00188,,75,415,SRC02:主变1+SRC03:设备明细,电网建模数据_Agent整合版_V1.2,"filter contract regions/35,110 kV; validate composite key and capacity",real_2021_2025,validated_src02_src03,563180da9b4fd16012c14ddb974e76ce1f06dfdd8ca13816a2ac529901b91176
QX-00001|35|BDZ-00275|#1,QX-00001,35,BDZ-00275,#1,20,unknown,year_end_2025,BDZ-00208,4,76,424,SRC02:主变1+SRC03:设备明细,电网建模数据_Agent整合版_V1.2,"filter contract regions/35,110 kV; validate composite key and capacity",real_2021_2025,validated_src02_src03,563180da9b4fd16012c14ddb974e76ce1f06dfdd8ca13816a2ac529901b91176
QX-00001|35|BDZ-00275|#2,QX-00001,35,BDZ-00275,#2,20,unknown,year_end_2025,BDZ-00072,,77,423,SRC02:主变1+SRC03:设备明细,电网建模数据_Agent整合版_V1.2,"filter contract regions/35,110 kV; validate composite key and capacity",real_2021_2025,validated_src02_src03,563180da9b4fd16012c14ddb974e76ce1f06dfdd8ca13816a2ac529901b91176
QX-00001|35|BDZ-00279|#1,QX-00001,35,BDZ-00279,#1,10,unknown,year_end_2025,BDZ-00126,2,78,412,SRC02:主变1+SRC03:设备明细,电网建模数据_Agent整合版_V1.2,"filter contract regions/35,110 kV; validate composite key and capacity",real_2021_2025,validated_src02_src03,563180da9b4fd16012c14ddb974e76ce1f06dfdd8ca13816a2ac529901b91176
QX-00001|35|BDZ-00279|#2,QX-00001,35,BDZ-00279,#2,20,unknown,year_end_2025,BDZ-00126,,79,411,SRC02:主变1+SRC03:设备明细,电网建模数据_Agent整合版_V1.2,"filter contract regions/35,110 kV; validate composite key and capacity",real_2021_2025,validated_src02_src03,563180da9b4fd16012c14ddb974e76ce1f06dfdd8ca13816a2ac529901b91176
QX-00001|35|BDZ-00298|#1,QX-00001,35,BDZ-00298,#1,20,unknown,year_end_2025,BDZ-00197,0,80,420,SRC02:主变1+SRC03:设备明细,电网建模数据_Agent整合版_V1.2,"filter contract regions/35,110 kV; validate composite key and capacity",real_2021_2025,validated_src02_src03,563180da9b4fd16012c14ddb974e76ce1f06dfdd8ca13816a2ac529901b91176
QX-00001|35|BDZ-00298|#2,QX-00001,35,BDZ-00298,#2,10,unknown,year_end_2025,BDZ-00123,,81,419,SRC02:主变1+SRC03:设备明细,电网建模数据_Agent整合版_V1.2,"filter contract regions/35,110 kV; validate composite key and capacity",real_2021_2025,validated_src02_src03,563180da9b4fd16012c14ddb974e76ce1f06dfdd8ca13816a2ac529901b91176
QX-00001|35|BDZ-00299|#1,QX-00001,35,BDZ-00299,#1,16,unknown,year_end_2025,BDZ-00126,1,82,417,SRC02:主变1+SRC03:设备明细,电网建模数据_Agent整合版_V1.2,"filter contract regions/35,110 kV; validate composite key and capacity",real_2021_2025,validated_src02_src03,563180da9b4fd16012c14ddb974e76ce1f06dfdd8ca13816a2ac529901b91176
QX-00001|35|BDZ-00299|#2,QX-00001,35,BDZ-00299,#2,20,unknown,year_end_2025,BDZ-00208,,83,418,SRC02:主变1+SRC03:设备明细,电网建模数据_Agent整合版_V1.2,"filter contract regions/35,110 kV; validate composite key and capacity",real_2021_2025,validated_src02_src03,563180da9b4fd16012c14ddb974e76ce1f06dfdd8ca13816a2ac529901b91176
QX-00001|35|BDZ-00321|#1,QX-00001,35,BDZ-00321,#1,20,unknown,year_end_2025,BDZ-00188,0,84,422,SRC02:主变1+SRC03:设备明细,电网建模数据_Agent整合版_V1.2,"filter contract regions/35,110 kV; validate composite key and capacity",real_2021_2025,validated_src02_src03,563180da9b4fd16012c14ddb974e76ce1f06dfdd8ca13816a2ac529901b91176
QX-00001|35|BDZ-00321|#2,QX-00001,35,BDZ-00321,#2,20,unknown,year_end_2025,BDZ-00033,,85,421,SRC02:主变1+SRC03:设备明细,电网建模数据_Agent整合版_V1.2,"filter contract regions/35,110 kV; validate composite key and capacity",real_2021_2025,validated_src02_src03,563180da9b4fd16012c14ddb974e76ce1f06dfdd8ca13816a2ac529901b91176
QX-00001|110|BDZ-00015|#1,QX-00001,110,BDZ-00015,#1,50,unknown,year_end_2025,BDZ-00193,0,231,106,SRC02:主变1+SRC03:设备明细,电网建模数据_Agent整合版_V1.2,"filter contract regions/35,110 kV; validate composite key and capacity",real_2021_2025,validated_src02_src03,563180da9b4fd16012c14ddb974e76ce1f06dfdd8ca13816a2ac529901b91176
QX-00001|110|BDZ-00015|#2,QX-00001,110,BDZ-00015,#2,50,unknown,year_end_2025,BDZ-00208,,232,105,SRC02:主变1+SRC03:设备明细,电网建模数据_Agent整合版_V1.2,"filter contract regions/35,110 kV; validate composite key and capacity",real_2021_2025,validated_src02_src03,563180da9b4fd16012c14ddb974e76ce1f06dfdd8ca13816a2ac529901b91176
QX-00001|110|BDZ-00033|#1,QX-00001,110,BDZ-00033,#1,40,unknown,year_end_2025,BDZ-00188,5,225,97,SRC02:主变1+SRC03:设备明细,电网建模数据_Agent整合版_V1.2,"filter contract regions/35,110 kV; validate composite key and capacity",real_2021_2025,validated_src02_src03,563180da9b4fd16012c14ddb974e76ce1f06dfdd8ca13816a2ac529901b91176
QX-00001|110|BDZ-00033|#2,QX-00001,110,BDZ-00033,#2,50,unknown,year_end_2025,BDZ-00190,,226,98,SRC02:主变1+SRC03:设备明细,电网建模数据_Agent整合版_V1.2,"filter contract regions/35,110 kV; validate composite key and capacity",real_2021_2025,validated_src02_src03,563180da9b4fd16012c14ddb974e76ce1f06dfdd8ca13816a2ac529901b91176
QX-00001|110|BDZ-00034|#1,QX-00001,110,BDZ-00034,#1,50,unknown,year_end_2025,BDZ-00190,1,229,102,SRC02:主变1+SRC03:设备明细,电网建模数据_Agent整合版_V1.2,"filter contract regions/35,110 kV; validate composite key and capacity",real_2021_2025,validated_src02_src03,563180da9b4fd16012c14ddb974e76ce1f06dfdd8ca13816a2ac529901b91176
QX-00001|110|BDZ-00034|#2,QX-00001,110,BDZ-00034,#2,50,unknown,year_end_2025,BDZ-00188,,230,101,SRC02:主变1+SRC03:设备明细,电网建模数据_Agent整合版_V1.2,"filter contract regions/35,110 kV; validate composite key and capacity",real_2021_2025,validated_src02_src03,563180da9b4fd16012c14ddb974e76ce1f06dfdd8ca13816a2ac529901b91176
QX-00001|110|BDZ-00046|#1,QX-00001,110,BDZ-00046,#1,80,unknown,year_end_2025,BDZ-00190,3,219,119,SRC02:主变1+SRC03:设备明细,电网建模数据_Agent整合版_V1.2,"filter contract regions/35,110 kV; validate composite key and capacity",real_2021_2025,validated_src02_src03,563180da9b4fd16012c14ddb974e76ce1f06dfdd8ca13816a2ac529901b91176
QX-00001|110|BDZ-00046|#2,QX-00001,110,BDZ-00046,#2,50,unknown,year_end_2025,BDZ-00193,,220,120,SRC02:主变1+SRC03:设备明细,电网建模数据_Agent整合版_V1.2,"filter contract regions/35,110 kV; validate composite key and capacity",real_2021_2025,validated_src02_src03,563180da9b4fd16012c14ddb974e76ce1f06dfdd8ca13816a2ac529901b91176
QX-00001|110|BDZ-00058|#1,QX-00001,110,BDZ-00058,#1,50,unknown,year_end_2025,BDZ-00188,8,237,122,SRC02:主变1+SRC03:设备明细,电网建模数据_Agent整合版_V1.2,"filter contract regions/35,110 kV; validate composite key and capacity",real_2021_2025,validated_src02_src03,563180da9b4fd16012c14ddb974e76ce1f06dfdd8ca13816a2ac529901b91176
QX-00001|110|BDZ-00058|#2,QX-00001,110,BDZ-00058,#2,20,unknown,year_end_2025,BDZ-00188,,238,121,SRC02:主变1+SRC03:设备明细,电网建模数据_Agent整合版_V1.2,"filter contract regions/35,110 kV; validate composite key and capacity",real_2021_2025,validated_src02_src03,563180da9b4fd16012c14ddb974e76ce1f06dfdd8ca13816a2ac529901b91176
QX-00001|110|BDZ-00072|#1,QX-00001,110,BDZ-00072,#1,40,unknown,year_end_2025,BDZ-00196,3,221,115,SRC02:主变1+SRC03:设备明细,电网建模数据_Agent整合版_V1.2,"filter contract regions/35,110 kV; validate composite key and capacity",real_2021_2025,validated_src02_src03,563180da9b4fd16012c14ddb974e76ce1f06dfdd8ca13816a2ac529901b91176
QX-00001|110|BDZ-00072|#2,QX-00001,110,BDZ-00072,#2,31.5,unknown,year_end_2025,BDZ-00208,,222,116,SRC02:主变1+SRC03:设备明细,电网建模数据_Agent整合版_V1.2,"filter contract regions/35,110 kV; validate composite key and capacity",real_2021_2025,validated_src02_src03,563180da9b4fd16012c14ddb974e76ce1f06dfdd8ca13816a2ac529901b91176
QX-00001|110|BDZ-00105|#1,QX-00001,110,BDZ-00105,#1,31.5,unknown,year_end_2025,BDZ-00193,1,223,118,SRC02:主变1+SRC03:设备明细,电网建模数据_Agent整合版_V1.2,"filter contract regions/35,110 kV; validate composite key and capacity",real_2021_2025,validated_src02_src03,563180da9b4fd16012c14ddb974e76ce1f06dfdd8ca13816a2ac529901b91176
QX-00001|110|BDZ-00105|#3,QX-00001,110,BDZ-00105,#3,80,unknown,year_end_2025,BDZ-00188,,224,117,SRC02:主变1+SRC03:设备明细,电网建模数据_Agent整合版_V1.2,"filter contract regions/35,110 kV; validate composite key and capacity",real_2021_2025,validated_src02_src03,563180da9b4fd16012c14ddb974e76ce1f06dfdd8ca13816a2ac529901b91176
QX-00001|110|BDZ-00116|#1,QX-00001,110,BDZ-00116,#1,50,unknown,year_end_2025,BDZ-00197,5,215,103,SRC02:主变1+SRC03:设备明细,电网建模数据_Agent整合版_V1.2,"filter contract regions/35,110 kV; validate composite key and capacity",real_2021_2025,validated_src02_src03,563180da9b4fd16012c14ddb974e76ce1f06dfdd8ca13816a2ac529901b91176
QX-00001|110|BDZ-00116|#2,QX-00001,110,BDZ-00116,#2,50,unknown,year_end_2025,BDZ-00188,,216,104,SRC02:主变1+SRC03:设备明细,电网建模数据_Agent整合版_V1.2,"filter contract regions/35,110 kV; validate composite key and capacity",real_2021_2025,validated_src02_src03,563180da9b4fd16012c14ddb974e76ce1f06dfdd8ca13816a2ac529901b91176
QX-00001|110|BDZ-00117|#1,QX-00001,110,BDZ-00117,#1,31.5,unknown,year_end_2025,BDZ-00232,0,213,126,SRC02:主变1+SRC03:设备明细,电网建模数据_Agent整合版_V1.2,"filter contract regions/35,110 kV; validate composite key and capacity",real_2021_2025,validated_src02_src03,563180da9b4fd16012c14ddb974e76ce1f06dfdd8ca13816a2ac529901b91176
QX-00001|110|BDZ-00117|#2,QX-00001,110,BDZ-00117,#2,31.5,unknown,year_end_2025,BDZ-00188,,214,125,SRC02:主变1+SRC03:设备明细,电网建模数据_Agent整合版_V1.2,"filter contract regions/35,110 kV; validate composite key and capacity",real_2021_2025,validated_src02_src03,563180da9b4fd16012c14ddb974e76ce1f06dfdd8ca13816a2ac529901b91176
QX-00001|110|BDZ-00123|#1,QX-00001,110,BDZ-00123,#1,63,unknown,year_end_2025,BDZ-00232,0,227,123,SRC02:主变1+SRC03:设备明细,电网建模数据_Agent整合版_V1.2,"filter contract regions/35,110 kV; validate composite key and capacity",real_2021_2025,validated_src02_src03,563180da9b4fd16012c14ddb974e76ce1f06dfdd8ca13816a2ac529901b91176
QX-00001|110|BDZ-00123|#2,QX-00001,110,BDZ-00123,#2,50,unknown,year_end_2025,BDZ-00188,,228,124,SRC02:主变1+SRC03:设备明细,电网建模数据_Agent整合版_V1.2,"filter contract regions/35,110 kV; validate composite key and capacity",real_2021_2025,validated_src02_src03,563180da9b4fd16012c14ddb974e76ce1f06dfdd8ca13816a2ac529901b91176
QX-00001|110|BDZ-00126|#1,QX-00001,110,BDZ-00126,#1,63,unknown,year_end_2025,BDZ-00193,3,211,110,SRC02:主变1+SRC03:设备明细,电网建模数据_Agent整合版_V1.2,"filter contract regions/35,110 kV; validate composite key and capacity",real_2021_2025,validated_src02_src03,563180da9b4fd16012c14ddb974e76ce1f06dfdd8ca13816a2ac529901b91176
QX-00001|110|BDZ-00126|#2,QX-00001,110,BDZ-00126,#2,50,unknown,year_end_2025,BDZ-00188,,212,109,SRC02:主变1+SRC03:设备明细,电网建模数据_Agent整合版_V1.2,"filter contract regions/35,110 kV; validate composite key and capacity",real_2021_2025,validated_src02_src03,563180da9b4fd16012c14ddb974e76ce1f06dfdd8ca13816a2ac529901b91176
QX-00001|110|BDZ-00132|#1,QX-00001,110,BDZ-00132,#1,50,unknown,year_end_2025,BDZ-00190,13,233,107,SRC02:主变1+SRC03:设备明细,电网建模数据_Agent整合版_V1.2,"filter contract regions/35,110 kV; validate composite key and capacity",real_2021_2025,validated_src02_src03,563180da9b4fd16012c14ddb974e76ce1f06dfdd8ca13816a2ac529901b91176
QX-00001|110|BDZ-00132|#2,QX-00001,110,BDZ-00132,#2,50,unknown,year_end_2025,BDZ-00208,,234,108,SRC02:主变1+SRC03:设备明细,电网建模数据_Agent整合版_V1.2,"filter contract regions/35,110 kV; validate composite key and capacity",real_2021_2025,validated_src02_src03,563180da9b4fd16012c14ddb974e76ce1f06dfdd8ca13816a2ac529901b91176
QX-00001|110|BDZ-00165|#1,QX-00001,110,BDZ-00165,#1,50,unknown,year_end_2025,BDZ-00190,3,235,112,SRC02:主变1+SRC03:设备明细,电网建模数据_Agent整合版_V1.2,"filter contract regions/35,110 kV; validate composite key and capacity",real_2021_2025,validated_src02_src03,563180da9b4fd16012c14ddb974e76ce1f06dfdd8ca13816a2ac529901b91176
QX-00001|110|BDZ-00165|#2,QX-00001,110,BDZ-00165,#2,50,unknown,year_end_2025,BDZ-00188,,236,111,SRC02:主变1+SRC03:设备明细,电网建模数据_Agent整合版_V1.2,"filter contract regions/35,110 kV; validate composite key and capacity",real_2021_2025,validated_src02_src03,563180da9b4fd16012c14ddb974e76ce1f06dfdd8ca13816a2ac529901b91176
QX-00001|110|BDZ-00174|#1,QX-00001,110,BDZ-00174,#1,50,unknown,year_end_2025,BDZ-00188,0,217,100,SRC02:主变1+SRC03:设备明细,电网建模数据_Agent整合版_V1.2,"filter contract regions/35,110 kV; validate composite key and capacity",real_2021_2025,validated_src02_src03,563180da9b4fd16012c14ddb974e76ce1f06dfdd8ca13816a2ac529901b91176
QX-00001|110|BDZ-00174|#3,QX-00001,110,BDZ-00174,#3,50,unknown,year_end_2025,BDZ-00188,,218,99,SRC02:主变1+SRC03:设备明细,电网建模数据_Agent整合版_V1.2,"filter contract regions/35,110 kV; validate composite key and capacity",real_2021_2025,validated_src02_src03,563180da9b4fd16012c14ddb974e76ce1f06dfdd8ca13816a2ac529901b91176
QX-00001|110|BDZ-00177|#1,QX-00001,110,BDZ-00177,#1,31.5,unknown,year_end_2025,BDZ-00190,16,239,113,SRC02:主变1+SRC03:设备明细,电网建模数据_Agent整合版_V1.2,"filter contract regions/35,110 kV; validate composite key and capacity",real_2021_2025,validated_src02_src03,563180da9b4fd16012c14ddb974e76ce1f06dfdd8ca13816a2ac529901b91176
QX-00001|110|BDZ-00177|#2,QX-00001,110,BDZ-00177,#2,31.5,unknown,year_end_2025,BDZ-00193,,240,114,SRC02:主变1+SRC03:设备明细,电网建模数据_Agent整合版_V1.2,"filter contract regions/35,110 kV; validate composite key and capacity",real_2021_2025,validated_src02_src03,563180da9b4fd16012c14ddb974e76ce1f06dfdd8ca13816a2ac529901b91176
QX-00003|35|BDZ-00254|#1,QX-00003,35,BDZ-00254,#1,20,unknown,year_end_2025,BDZ-00204,1,6,440,SRC02:主变1+SRC03:设备明细,电网建模数据_Agent整合版_V1.2,"filter contract regions/35,110 kV; validate composite key and capacity",real_2021_2025,validated_src02_src03,563180da9b4fd16012c14ddb974e76ce1f06dfdd8ca13816a2ac529901b91176
QX-00003|35|BDZ-00254|#2,QX-00003,35,BDZ-00254,#2,10,unknown,year_end_2025,BDZ-00204,,7,439,SRC02:主变1+SRC03:设备明细,电网建模数据_Agent整合版_V1.2,"filter contract regions/35,110 kV; validate composite key and capacity",real_2021_2025,validated_src02_src03,563180da9b4fd16012c14ddb974e76ce1f06dfdd8ca13816a2ac529901b91176
QX-00003|35|BDZ-00258|#1,QX-00003,35,BDZ-00258,#1,20,unknown,year_end_2025,BDZ-00007,2,8,445,SRC02:主变1+SRC03:设备明细,电网建模数据_Agent整合版_V1.2,"filter contract regions/35,110 kV; validate composite key and capacity",real_2021_2025,validated_src02_src03,563180da9b4fd16012c14ddb974e76ce1f06dfdd8ca13816a2ac529901b91176
QX-00003|35|BDZ-00258|#2,QX-00003,35,BDZ-00258,#2,20,unknown,year_end_2025,BDZ-00222,,9,446,SRC02:主变1+SRC03:设备明细,电网建模数据_Agent整合版_V1.2,"filter contract regions/35,110 kV; validate composite key and capacity",real_2021_2025,validated_src02_src03,563180da9b4fd16012c14ddb974e76ce1f06dfdd8ca13816a2ac529901b91176
QX-00003|35|BDZ-00267|#1,QX-00003,35,BDZ-00267,#1,8,unknown,year_end_2025,BDZ-00017,6,10,438,SRC02:主变1+SRC03:设备明细,电网建模数据_Agent整合版_V1.2,"filter contract regions/35,110 kV; validate composite key and capacity",real_2021_2025,validated_src02_src03,563180da9b4fd16012c14ddb974e76ce1f06dfdd8ca13816a2ac529901b91176
QX-00003|35|BDZ-00267|#2,QX-00003,35,BDZ-00267,#2,8,unknown,year_end_2025,BDZ-00017,,11,437,SRC02:主变1+SRC03:设备明细,电网建模数据_Agent整合版_V1.2,"filter contract regions/35,110 kV; validate composite key and capacity",real_2021_2025,validated_src02_src03,563180da9b4fd16012c14ddb974e76ce1f06dfdd8ca13816a2ac529901b91176
QX-00003|35|BDZ-00268|#1,QX-00003,35,BDZ-00268,#1,16,unknown,year_end_2025,BDZ-00204,5,12,441,SRC02:主变1+SRC03:设备明细,电网建模数据_Agent整合版_V1.2,"filter contract regions/35,110 kV; validate composite key and capacity",real_2021_2025,validated_src02_src03,563180da9b4fd16012c14ddb974e76ce1f06dfdd8ca13816a2ac529901b91176
QX-00003|35|BDZ-00268|#2,QX-00003,35,BDZ-00268,#2,20,unknown,year_end_2025,BDZ-00018,,13,442,SRC02:主变1+SRC03:设备明细,电网建模数据_Agent整合版_V1.2,"filter contract regions/35,110 kV; validate composite key and capacity",real_2021_2025,validated_src02_src03,563180da9b4fd16012c14ddb974e76ce1f06dfdd8ca13816a2ac529901b91176
QX-00003|35|BDZ-00282|#1,QX-00003,35,BDZ-00282,#1,8,unknown,year_end_2025,BDZ-00204,3,14,448,SRC02:主变1+SRC03:设备明细,电网建模数据_Agent整合版_V1.2,"filter contract regions/35,110 kV; validate composite key and capacity",real_2021_2025,validated_src02_src03,563180da9b4fd16012c14ddb974e76ce1f06dfdd8ca13816a2ac529901b91176
QX-00003|35|BDZ-00282|#2,QX-00003,35,BDZ-00282,#2,8,unknown,year_end_2025,BDZ-00239,,15,447,SRC02:主变1+SRC03:设备明细,电网建模数据_Agent整合版_V1.2,"filter contract regions/35,110 kV; validate composite key and capacity",real_2021_2025,validated_src02_src03,563180da9b4fd16012c14ddb974e76ce1f06dfdd8ca13816a2ac529901b91176
QX-00003|35|BDZ-00286|#1,QX-00003,35,BDZ-00286,#1,16,unknown,year_end_2025,BDZ-00210,0,16,435,SRC02:主变1+SRC03:设备明细,电网建模数据_Agent整合版_V1.2,"filter contract regions/35,110 kV; validate composite key and capacity",real_2021_2025,validated_src02_src03,563180da9b4fd16012c14ddb974e76ce1f06dfdd8ca13816a2ac529901b91176
QX-00003|35|BDZ-00286|#2,QX-00003,35,BDZ-00286,#2,8,unknown,year_end_2025,BDZ-00210,,17,436,SRC02:主变1+SRC03:设备明细,电网建模数据_Agent整合版_V1.2,"filter contract regions/35,110 kV; validate composite key and capacity",real_2021_2025,validated_src02_src03,563180da9b4fd16012c14ddb974e76ce1f06dfdd8ca13816a2ac529901b91176
QX-00003|35|BDZ-00294|#1,QX-00003,35,BDZ-00294,#1,10,unknown,year_end_2025,BDZ-00025,4,18,443,SRC02:主变1+SRC03:设备明细,电网建模数据_Agent整合版_V1.2,"filter contract regions/35,110 kV; validate composite key and capacity",real_2021_2025,validated_src02_src03,563180da9b4fd16012c14ddb974e76ce1f06dfdd8ca13816a2ac529901b91176
QX-00003|35|BDZ-00294|#2,QX-00003,35,BDZ-00294,#2,5,unknown,year_end_2025,BDZ-00210,,19,444,SRC02:主变1+SRC03:设备明细,电网建模数据_Agent整合版_V1.2,"filter contract regions/35,110 kV; validate composite key and capacity",real_2021_2025,validated_src02_src03,563180da9b4fd16012c14ddb974e76ce1f06dfdd8ca13816a2ac529901b91176
QX-00003|35|BDZ-00302|#1,QX-00003,35,BDZ-00302,#1,20,unknown,year_end_2025,BDZ-00222,0,20,429,SRC02:主变1+SRC03:设备明细,电网建模数据_Agent整合版_V1.2,"filter contract regions/35,110 kV; validate composite key and capacity",real_2021_2025,validated_src02_src03,563180da9b4fd16012c14ddb974e76ce1f06dfdd8ca13816a2ac529901b91176
QX-00003|35|BDZ-00302|#2,QX-00003,35,BDZ-00302,#2,20,unknown,year_end_2025,BDZ-00210,,21,430,SRC02:主变1+SRC03:设备明细,电网建模数据_Agent整合版_V1.2,"filter contract regions/35,110 kV; validate composite key and capacity",real_2021_2025,validated_src02_src03,563180da9b4fd16012c14ddb974e76ce1f06dfdd8ca13816a2ac529901b91176
QX-00003|35|BDZ-00305|#1,QX-00003,35,BDZ-00305,#1,20,unknown,year_end_2025,BDZ-00025,2,22,434,SRC02:主变1+SRC03:设备明细,电网建模数据_Agent整合版_V1.2,"filter contract regions/35,110 kV; validate composite key and capacity",real_2021_2025,validated_src02_src03,563180da9b4fd16012c14ddb974e76ce1f06dfdd8ca13816a2ac529901b91176
QX-00003|35|BDZ-00305|#2,QX-00003,35,BDZ-00305,#2,25,unknown,year_end_2025,BDZ-00025,,23,433,SRC02:主变1+SRC03:设备明细,电网建模数据_Agent整合版_V1.2,"filter contract regions/35,110 kV; validate composite key and capacity",real_2021_2025,validated_src02_src03,563180da9b4fd16012c14ddb974e76ce1f06dfdd8ca13816a2ac529901b91176
QX-00003|35|BDZ-00311|#1,QX-00003,35,BDZ-00311,#1,20,unknown,year_end_2025,BDZ-00025,0,24,431,SRC02:主变1+SRC03:设备明细,电网建模数据_Agent整合版_V1.2,"filter contract regions/35,110 kV; validate composite key and capacity",real_2021_2025,validated_src02_src03,563180da9b4fd16012c14ddb974e76ce1f06dfdd8ca13816a2ac529901b91176
QX-00003|35|BDZ-00311|#2,QX-00003,35,BDZ-00311,#2,20,unknown,year_end_2025,BDZ-00025,,25,432,SRC02:主变1+SRC03:设备明细,电网建模数据_Agent整合版_V1.2,"filter contract regions/35,110 kV; validate composite key and capacity",real_2021_2025,validated_src02_src03,563180da9b4fd16012c14ddb974e76ce1f06dfdd8ca13816a2ac529901b91176
QX-00003|110|BDZ-00007|#1,QX-00003,110,BDZ-00007,#1,50,unknown,year_end_2025,BDZ-00222,1,69,181,SRC02:主变1+SRC03:设备明细,电网建模数据_Agent整合版_V1.2,"filter contract regions/35,110 kV; validate composite key and capacity",real_2021_2025,validated_src02_src03,563180da9b4fd16012c14ddb974e76ce1f06dfdd8ca13816a2ac529901b91176
QX-00003|110|BDZ-00007|#2,QX-00003,110,BDZ-00007,#2,31.5,unknown,year_end_2025,BDZ-00210,,70,180,SRC02:主变1+SRC03:设备明细,电网建模数据_Agent整合版_V1.2,"filter contract regions/35,110 kV; validate composite key and capacity",real_2021_2025,validated_src02_src03,563180da9b4fd16012c14ddb974e76ce1f06dfdd8ca13816a2ac529901b91176
QX-00003|110|BDZ-00010|#1,QX-00003,110,BDZ-00010,#1,50,unknown,year_end_2025,BDZ-00204,11,83,128,SRC02:主变1+SRC03:设备明细,电网建模数据_Agent整合版_V1.2,"filter contract regions/35,110 kV; validate composite key and capacity",real_2021_2025,validated_src02_src03,563180da9b4fd16012c14ddb974e76ce1f06dfdd8ca13816a2ac529901b91176
QX-00003|110|BDZ-00010|#2,QX-00003,110,BDZ-00010,#2,50,unknown,year_end_2025,BDZ-00210,,84,127,SRC02:主变1+SRC03:设备明细,电网建模数据_Agent整合版_V1.2,"filter contract regions/35,110 kV; validate composite key and capacity",real_2021_2025,validated_src02_src03,563180da9b4fd16012c14ddb974e76ce1f06dfdd8ca13816a2ac529901b91176
QX-00003|110|BDZ-00017|#1,QX-00003,110,BDZ-00017,#1,50,unknown,year_end_2025,BDZ-00211,0,77,149,SRC02:主变1+SRC03:设备明细,电网建模数据_Agent整合版_V1.2,"filter contract regions/35,110 kV; validate composite key and capacity",real_2021_2025,validated_src02_src03,563180da9b4fd16012c14ddb974e76ce1f06dfdd8ca13816a2ac529901b91176
QX-00003|110|BDZ-00017|#2,QX-00003,110,BDZ-00017,#2,50,unknown,year_end_2025,BDZ-00210,,78,150,SRC02:主变1+SRC03:设备明细,电网建模数据_Agent整合版_V1.2,"filter contract regions/35,110 kV; validate composite key and capacity",real_2021_2025,validated_src02_src03,563180da9b4fd16012c14ddb974e76ce1f06dfdd8ca13816a2ac529901b91176
QX-00003|110|BDZ-00019|#1,QX-00003,110,BDZ-00019,#1,63,unknown,year_end_2025,BDZ-00204,8,75,153,SRC02:主变1+SRC03:设备明细,电网建模数据_Agent整合版_V1.2,"filter contract regions/35,110 kV; validate composite key and capacity",real_2021_2025,validated_src02_src03,563180da9b4fd16012c14ddb974e76ce1f06dfdd8ca13816a2ac529901b91176
QX-00003|110|BDZ-00019|#2,QX-00003,110,BDZ-00019,#2,63,unknown,year_end_2025,BDZ-00239,,76,154,SRC02:主变1+SRC03:设备明细,电网建模数据_Agent整合版_V1.2,"filter contract regions/35,110 kV; validate composite key and capacity",real_2021_2025,validated_src02_src03,563180da9b4fd16012c14ddb974e76ce1f06dfdd8ca13816a2ac529901b91176
QX-00003|110|BDZ-00025|#1,QX-00003,110,BDZ-00025,#1,63,unknown,year_end_2025,BDZ-00204,0,73,130,SRC02:主变1+SRC03:设备明细,电网建模数据_Agent整合版_V1.2,"filter contract regions/35,110 kV; validate composite key and capacity",real_2021_2025,validated_src02_src03,563180da9b4fd16012c14ddb974e76ce1f06dfdd8ca13816a2ac529901b91176
QX-00003|110|BDZ-00025|#2,QX-00003,110,BDZ-00025,#2,63,unknown,year_end_2025,BDZ-00210,,74,129,SRC02:主变1+SRC03:设备明细,电网建模数据_Agent整合版_V1.2,"filter contract regions/35,110 kV; validate composite key and capacity",real_2021_2025,validated_src02_src03,563180da9b4fd16012c14ddb974e76ce1f06dfdd8ca13816a2ac529901b91176
QX-00003|110|BDZ-00060|#1,QX-00003,110,BDZ-00060,#1,20,unknown,year_end_2025,BDZ-00211,3,67,202,SRC02:主变1+SRC03:设备明细,电网建模数据_Agent整合版_V1.2,"filter contract regions/35,110 kV; validate composite key and capacity",real_2021_2025,validated_src02_src03,563180da9b4fd16012c14ddb974e76ce1f06dfdd8ca13816a2ac529901b91176
QX-00003|110|BDZ-00060|#2,QX-00003,110,BDZ-00060,#2,50,unknown,year_end_2025,BDZ-00211,,68,201,SRC02:主变1+SRC03:设备明细,电网建模数据_Agent整合版_V1.2,"filter contract regions/35,110 kV; validate composite key and capacity",real_2021_2025,validated_src02_src03,563180da9b4fd16012c14ddb974e76ce1f06dfdd8ca13816a2ac529901b91176
QX-00003|110|BDZ-00101|#1,QX-00003,110,BDZ-00101,#1,50,unknown,year_end_2025,BDZ-00211,2,71,206,SRC02:主变1+SRC03:设备明细,电网建模数据_Agent整合版_V1.2,"filter contract regions/35,110 kV; validate composite key and capacity",real_2021_2025,validated_src02_src03,563180da9b4fd16012c14ddb974e76ce1f06dfdd8ca13816a2ac529901b91176
QX-00003|110|BDZ-00101|#2,QX-00003,110,BDZ-00101,#2,31.5,unknown,year_end_2025,BDZ-00204,,72,205,SRC02:主变1+SRC03:设备明细,电网建模数据_Agent整合版_V1.2,"filter contract regions/35,110 kV; validate composite key and capacity",real_2021_2025,validated_src02_src03,563180da9b4fd16012c14ddb974e76ce1f06dfdd8ca13816a2ac529901b91176
QX-00003|110|BDZ-00153|#1,QX-00003,110,BDZ-00153,#1,50,unknown,year_end_2025,BDZ-00210,13,81,132,SRC02:主变1+SRC03:设备明细,电网建模数据_Agent整合版_V1.2,"filter contract regions/35,110 kV; validate composite key and capacity",real_2021_2025,validated_src02_src03,563180da9b4fd16012c14ddb974e76ce1f06dfdd8ca13816a2ac529901b91176
QX-00003|110|BDZ-00153|#2,QX-00003,110,BDZ-00153,#2,50,unknown,year_end_2025,BDZ-00210,,82,131,SRC02:主变1+SRC03:设备明细,电网建模数据_Agent整合版_V1.2,"filter contract regions/35,110 kV; validate composite key and capacity",real_2021_2025,validated_src02_src03,563180da9b4fd16012c14ddb974e76ce1f06dfdd8ca13816a2ac529901b91176
QX-00003|110|BDZ-00158|#1,QX-00003,110,BDZ-00158,#1,50,unknown,year_end_2025,BDZ-00204,0,79,179,SRC02:主变1+SRC03:设备明细,电网建模数据_Agent整合版_V1.2,"filter contract regions/35,110 kV; validate composite key and capacity",real_2021_2025,validated_src02_src03,563180da9b4fd16012c14ddb974e76ce1f06dfdd8ca13816a2ac529901b91176
QX-00003|110|BDZ-00158|#3,QX-00003,110,BDZ-00158,#3,50,unknown,year_end_2025,BDZ-00204,,80,178,SRC02:主变1+SRC03:设备明细,电网建模数据_Agent整合版_V1.2,"filter contract regions/35,110 kV; validate composite key and capacity",real_2021_2025,validated_src02_src03,563180da9b4fd16012c14ddb974e76ce1f06dfdd8ca13816a2ac529901b91176
QX-00003|110|BDZ-00183|#1,QX-00003,110,BDZ-00183,#1,50,unknown,year_end_2025,BDZ-00210,14,85,199,SRC02:主变1+SRC03:设备明细,电网建模数据_Agent整合版_V1.2,"filter contract regions/35,110 kV; validate composite key and capacity",real_2021_2025,validated_src02_src03,563180da9b4fd16012c14ddb974e76ce1f06dfdd8ca13816a2ac529901b91176
QX-00003|110|BDZ-00183|#2,QX-00003,110,BDZ-00183,#2,50,unknown,year_end_2025,BDZ-00192,,86,200,SRC02:主变1+SRC03:设备明细,电网建模数据_Agent整合版_V1.2,"filter contract regions/35,110 kV; validate composite key and capacity",real_2021_2025,validated_src02_src03,563180da9b4fd16012c14ddb974e76ce1f06dfdd8ca13816a2ac529901b91176
QX-00004|35|BDZ-00250|#1,QX-00004,35,BDZ-00250,#1,20,unknown,year_end_2025,BDZ-00206,1,86,462,SRC02:主变1+SRC03:设备明细,电网建模数据_Agent整合版_V1.2,"filter contract regions/35,110 kV; validate composite key and capacity",real_2021_2025,validated_src02_src03,563180da9b4fd16012c14ddb974e76ce1f06dfdd8ca13816a2ac529901b91176
QX-00004|35|BDZ-00250|#2,QX-00004,35,BDZ-00250,#2,20,unknown,year_end_2025,BDZ-00206,,87,461,SRC02:主变1+SRC03:设备明细,电网建模数据_Agent整合版_V1.2,"filter contract regions/35,110 kV; validate composite key and capacity",real_2021_2025,validated_src02_src03,563180da9b4fd16012c14ddb974e76ce1f06dfdd8ca13816a2ac529901b91176
QX-00004|35|BDZ-00262|#1,QX-00004,35,BDZ-00262,#1,20,unknown,year_end_2025,BDZ-00206,2,88,473,SRC02:主变1+SRC03:设备明细,电网建模数据_Agent整合版_V1.2,"filter contract regions/35,110 kV; validate composite key and capacity",real_2021_2025,validated_src02_src03,563180da9b4fd16012c14ddb974e76ce1f06dfdd8ca13816a2ac529901b91176
QX-00004|35|BDZ-00262|#2,QX-00004,35,BDZ-00262,#2,8,unknown,year_end_2025,BDZ-00206,,89,474,SRC02:主变1+SRC03:设备明细,电网建模数据_Agent整合版_V1.2,"filter contract regions/35,110 kV; validate composite key and capacity",real_2021_2025,validated_src02_src03,563180da9b4fd16012c14ddb974e76ce1f06dfdd8ca13816a2ac529901b91176
QX-00004|35|BDZ-00263|#1,QX-00004,35,BDZ-00263,#1,8,unknown,year_end_2025,BDZ-00206,4,90,470,SRC02:主变1+SRC03:设备明细,电网建模数据_Agent整合版_V1.2,"filter contract regions/35,110 kV; validate composite key and capacity",real_2021_2025,validated_src02_src03,563180da9b4fd16012c14ddb974e76ce1f06dfdd8ca13816a2ac529901b91176
QX-00004|35|BDZ-00263|#2,QX-00004,35,BDZ-00263,#2,8,unknown,year_end_2025,BDZ-00206,,91,469,SRC02:主变1+SRC03:设备明细,电网建模数据_Agent整合版_V1.2,"filter contract regions/35,110 kV; validate composite key and capacity",real_2021_2025,validated_src02_src03,563180da9b4fd16012c14ddb974e76ce1f06dfdd8ca13816a2ac529901b91176
QX-00004|35|BDZ-00265|#1,QX-00004,35,BDZ-00265,#1,20,unknown,year_end_2025,BDZ-00232,4,92,478,SRC02:主变1+SRC03:设备明细,电网建模数据_Agent整合版_V1.2,"filter contract regions/35,110 kV; validate composite key and capacity",real_2021_2025,validated_src02_src03,563180da9b4fd16012c14ddb974e76ce1f06dfdd8ca13816a2ac529901b91176
QX-00004|35|BDZ-00265|#2,QX-00004,35,BDZ-00265,#2,20,unknown,year_end_2025,BDZ-00232,,93,477,SRC02:主变1+SRC03:设备明细,电网建模数据_Agent整合版_V1.2,"filter contract regions/35,110 kV; validate composite key and capacity",real_2021_2025,validated_src02_src03,563180da9b4fd16012c14ddb974e76ce1f06dfdd8ca13816a2ac529901b91176
QX-00004|35|BDZ-00285|#1,QX-00004,35,BDZ-00285,#1,10,unknown,year_end_2025,BDZ-00232,0,94,463,SRC02:主变1+SRC03:设备明细,电网建模数据_Agent整合版_V1.2,"filter contract regions/35,110 kV; validate composite key and capacity",real_2021_2025,validated_src02_src03,563180da9b4fd16012c14ddb974e76ce1f06dfdd8ca13816a2ac529901b91176
QX-00004|35|BDZ-00285|#2,QX-00004,35,BDZ-00285,#2,16,unknown,year_end_2025,BDZ-00061,,95,464,SRC02:主变1+SRC03:设备明细,电网建模数据_Agent整合版_V1.2,"filter contract regions/35,110 kV; validate composite key and capacity",real_2021_2025,validated_src02_src03,563180da9b4fd16012c14ddb974e76ce1f06dfdd8ca13816a2ac529901b91176
QX-00004|35|BDZ-00287|#1,QX-00004,35,BDZ-00287,#1,20,unknown,year_end_2025,BDZ-00064,0,96,467,SRC02:主变1+SRC03:设备明细,电网建模数据_Agent整合版_V1.2,"filter contract regions/35,110 kV; validate composite key and capacity",real_2021_2025,validated_src02_src03,563180da9b4fd16012c14ddb974e76ce1f06dfdd8ca13816a2ac529901b91176
QX-00004|35|BDZ-00287|#2,QX-00004,35,BDZ-00287,#2,10,unknown,year_end_2025,BDZ-00064,,97,468,SRC02:主变1+SRC03:设备明细,电网建模数据_Agent整合版_V1.2,"filter contract regions/35,110 kV; validate composite key and capacity",real_2021_2025,validated_src02_src03,563180da9b4fd16012c14ddb974e76ce1f06dfdd8ca13816a2ac529901b91176
QX-00004|35|BDZ-00289|#1,QX-00004,35,BDZ-00289,#1,8,unknown,year_end_2025,BDZ-00149,1,98,465,SRC02:主变1+SRC03:设备明细,电网建模数据_Agent整合版_V1.2,"filter contract regions/35,110 kV; validate composite key and capacity",real_2021_2025,validated_src02_src03,563180da9b4fd16012c14ddb974e76ce1f06dfdd8ca13816a2ac529901b91176
QX-00004|35|BDZ-00289|#2,QX-00004,35,BDZ-00289,#2,8,unknown,year_end_2025,BDZ-00061,,99,466,SRC02:主变1+SRC03:设备明细,电网建模数据_Agent整合版_V1.2,"filter contract regions/35,110 kV; validate composite key and capacity",real_2021_2025,validated_src02_src03,563180da9b4fd16012c14ddb974e76ce1f06dfdd8ca13816a2ac529901b91176
QX-00004|35|BDZ-00309|#1,QX-00004,35,BDZ-00309,#1,20,unknown,year_end_2025,BDZ-00149,2,100,475,SRC02:主变1+SRC03:设备明细,电网建模数据_Agent整合版_V1.2,"filter contract regions/35,110 kV; validate composite key and capacity",real_2021_2025,validated_src02_src03,563180da9b4fd16012c14ddb974e76ce1f06dfdd8ca13816a2ac529901b91176
QX-00004|35|BDZ-00309|#2,QX-00004,35,BDZ-00309,#2,16,unknown,year_end_2025,BDZ-00149,,101,476,SRC02:主变1+SRC03:设备明细,电网建模数据_Agent整合版_V1.2,"filter contract regions/35,110 kV; validate composite key and capacity",real_2021_2025,validated_src02_src03,563180da9b4fd16012c14ddb974e76ce1f06dfdd8ca13816a2ac529901b91176
QX-00004|35|BDZ-00312|#1,QX-00004,35,BDZ-00312,#1,8,unknown,year_end_2025,BDZ-00149,0,102,471,SRC02:主变1+SRC03:设备明细,电网建模数据_Agent整合版_V1.2,"filter contract regions/35,110 kV; validate composite key and capacity",real_2021_2025,validated_src02_src03,563180da9b4fd16012c14ddb974e76ce1f06dfdd8ca13816a2ac529901b91176
QX-00004|35|BDZ-00312|#2,QX-00004,35,BDZ-00312,#2,10,unknown,year_end_2025,BDZ-00206,,103,472,SRC02:主变1+SRC03:设备明细,电网建模数据_Agent整合版_V1.2,"filter contract regions/35,110 kV; validate composite key and capacity",real_2021_2025,validated_src02_src03,563180da9b4fd16012c14ddb974e76ce1f06dfdd8ca13816a2ac529901b91176
QX-00004|110|BDZ-00001|#1,QX-00004,110,BDZ-00001,#1,50,unknown,year_end_2025,BDZ-00227,6,253,260,SRC02:主变1+SRC03:设备明细,电网建模数据_Agent整合版_V1.2,"filter contract regions/35,110 kV; validate composite key and capacity",real_2021_2025,validated_src02_src03,563180da9b4fd16012c14ddb974e76ce1f06dfdd8ca13816a2ac529901b91176
QX-00004|110|BDZ-00001|#2,QX-00004,110,BDZ-00001,#2,50,unknown,year_end_2025,BDZ-00227,,254,259,SRC02:主变1+SRC03:设备明细,电网建模数据_Agent整合版_V1.2,"filter contract regions/35,110 kV; validate composite key and capacity",real_2021_2025,validated_src02_src03,563180da9b4fd16012c14ddb974e76ce1f06dfdd8ca13816a2ac529901b91176
QX-00004|110|BDZ-00002|#1,QX-00004,110,BDZ-00002,#1,50,unknown,year_end_2025,BDZ-00236,19,279,257,SRC02:主变1+SRC03:设备明细,电网建模数据_Agent整合版_V1.2,"filter contract regions/35,110 kV; validate composite key and capacity",real_2021_2025,validated_src02_src03,563180da9b4fd16012c14ddb974e76ce1f06dfdd8ca13816a2ac529901b91176
QX-00004|110|BDZ-00002|#2,QX-00004,110,BDZ-00002,#2,50,unknown,year_end_2025,BDZ-00236,,280,258,SRC02:主变1+SRC03:设备明细,电网建模数据_Agent整合版_V1.2,"filter contract regions/35,110 kV; validate composite key and capacity",real_2021_2025,validated_src02_src03,563180da9b4fd16012c14ddb974e76ce1f06dfdd8ca13816a2ac529901b91176
QX-00004|110|BDZ-00008|#1,QX-00004,110,BDZ-00008,#1,50,unknown,year_end_2025,BDZ-00206,5,271,277,SRC02:主变1+SRC03:设备明细,电网建模数据_Agent整合版_V1.2,"filter contract regions/35,110 kV; validate composite key and capacity",real_2021_2025,validated_src02_src03,563180da9b4fd16012c14ddb974e76ce1f06dfdd8ca13816a2ac529901b91176
QX-00004|110|BDZ-00008|#2,QX-00004,110,BDZ-00008,#2,50,unknown,year_end_2025,BDZ-00206,,272,278,SRC02:主变1+SRC03:设备明细,电网建模数据_Agent整合版_V1.2,"filter contract regions/35,110 kV; validate composite key and capacity",real_2021_2025,validated_src02_src03,563180da9b4fd16012c14ddb974e76ce1f06dfdd8ca13816a2ac529901b91176
QX-00004|110|BDZ-00029|#1,QX-00004,110,BDZ-00029,#1,50,unknown,year_end_2025,BDZ-00236,1,241,282,SRC02:主变1+SRC03:设备明细,电网建模数据_Agent整合版_V1.2,"filter contract regions/35,110 kV; validate composite key and capacity",real_2021_2025,validated_src02_src03,563180da9b4fd16012c14ddb974e76ce1f06dfdd8ca13816a2ac529901b91176
QX-00004|110|BDZ-00029|#2,QX-00004,110,BDZ-00029,#2,50,unknown,year_end_2025,BDZ-00227,,242,281,SRC02:主变1+SRC03:设备明细,电网建模数据_Agent整合版_V1.2,"filter contract regions/35,110 kV; validate composite key and capacity",real_2021_2025,validated_src02_src03,563180da9b4fd16012c14ddb974e76ce1f06dfdd8ca13816a2ac529901b91176
QX-00004|110|BDZ-00041|#1,QX-00004,110,BDZ-00041,#1,50,unknown,year_end_2025,BDZ-00232,0,277,269,SRC02:主变1+SRC03:设备明细,电网建模数据_Agent整合版_V1.2,"filter contract regions/35,110 kV; validate composite key and capacity",real_2021_2025,validated_src02_src03,563180da9b4fd16012c14ddb974e76ce1f06dfdd8ca13816a2ac529901b91176
QX-00004|110|BDZ-00041|#2,QX-00004,110,BDZ-00041,#2,50,unknown,year_end_2025,BDZ-00236,,278,270,SRC02:主变1+SRC03:设备明细,电网建模数据_Agent整合版_V1.2,"filter contract regions/35,110 kV; validate composite key and capacity",real_2021_2025,validated_src02_src03,563180da9b4fd16012c14ddb974e76ce1f06dfdd8ca13816a2ac529901b91176
QX-00004|110|BDZ-00047|#1,QX-00004,110,BDZ-00047,#1,50,unknown,year_end_2025,BDZ-00206,0,267,272,SRC02:主变1+SRC03:设备明细,电网建模数据_Agent整合版_V1.2,"filter contract regions/35,110 kV; validate composite key and capacity",real_2021_2025,validated_src02_src03,563180da9b4fd16012c14ddb974e76ce1f06dfdd8ca13816a2ac529901b91176
QX-00004|110|BDZ-00047|#2,QX-00004,110,BDZ-00047,#2,50,unknown,year_end_2025,BDZ-00206,,268,271,SRC02:主变1+SRC03:设备明细,电网建模数据_Agent整合版_V1.2,"filter contract regions/35,110 kV; validate composite key and capacity",real_2021_2025,validated_src02_src03,563180da9b4fd16012c14ddb974e76ce1f06dfdd8ca13816a2ac529901b91176
QX-00004|110|BDZ-00061|#1,QX-00004,110,BDZ-00061,#1,63,unknown,year_end_2025,BDZ-00208,5,259,262,SRC02:主变1+SRC03:设备明细,电网建模数据_Agent整合版_V1.2,"filter contract regions/35,110 kV; validate composite key and capacity",real_2021_2025,validated_src02_src03,563180da9b4fd16012c14ddb974e76ce1f06dfdd8ca13816a2ac529901b91176
QX-00004|110|BDZ-00061|#2,QX-00004,110,BDZ-00061,#2,63,unknown,year_end_2025,BDZ-00196,,260,261,SRC02:主变1+SRC03:设备明细,电网建模数据_Agent整合版_V1.2,"filter contract regions/35,110 kV; validate composite key and capacity",real_2021_2025,validated_src02_src03,563180da9b4fd16012c14ddb974e76ce1f06dfdd8ca13816a2ac529901b91176
QX-00004|110|BDZ-00064|#1,QX-00004,110,BDZ-00064,#1,50,unknown,year_end_2025,BDZ-00227,5,249,255,SRC02:主变1+SRC03:设备明细,电网建模数据_Agent整合版_V1.2,"filter contract regions/35,110 kV; validate composite key and capacity",real_2021_2025,validated_src02_src03,563180da9b4fd16012c14ddb974e76ce1f06dfdd8ca13816a2ac529901b91176
QX-00004|110|BDZ-00064|#2,QX-00004,110,BDZ-00064,#2,50,unknown,year_end_2025,BDZ-00232,,250,256,SRC02:主变1+SRC03:设备明细,电网建模数据_Agent整合版_V1.2,"filter contract regions/35,110 kV; validate composite key and capacity",real_2021_2025,validated_src02_src03,563180da9b4fd16012c14ddb974e76ce1f06dfdd8ca13816a2ac529901b91176
QX-00004|110|BDZ-00075|#2,QX-00004,110,BDZ-00075,#2,50,unknown,year_end_2025,BDZ-00227,4,269,287,SRC02:主变1+SRC03:设备明细,电网建模数据_Agent整合版_V1.2,"filter contract regions/35,110 kV; validate composite key and capacity",real_2021_2025,validated_src02_src03,563180da9b4fd16012c14ddb974e76ce1f06dfdd8ca13816a2ac529901b91176
QX-00004|110|BDZ-00075|#3,QX-00004,110,BDZ-00075,#3,80,unknown,year_end_2025,BDZ-00181,,270,288,SRC02:主变1+SRC03:设备明细,电网建模数据_Agent整合版_V1.2,"filter contract regions/35,110 kV; validate composite key and capacity",real_2021_2025,validated_src02_src03,563180da9b4fd16012c14ddb974e76ce1f06dfdd8ca13816a2ac529901b91176
QX-00004|110|BDZ-00082|#1,QX-00004,110,BDZ-00082,#1,50,unknown,year_end_2025,BDZ-00190,11,243,283,SRC02:主变1+SRC03:设备明细,电网建模数据_Agent整合版_V1.2,"filter contract regions/35,110 kV; validate composite key and capacity",real_2021_2025,validated_src02_src03,563180da9b4fd16012c14ddb974e76ce1f06dfdd8ca13816a2ac529901b91176
QX-00004|110|BDZ-00082|#2,QX-00004,110,BDZ-00082,#2,50,unknown,year_end_2025,BDZ-00232,,244,284,SRC02:主变1+SRC03:设备明细,电网建模数据_Agent整合版_V1.2,"filter contract regions/35,110 kV; validate composite key and capacity",real_2021_2025,validated_src02_src03,563180da9b4fd16012c14ddb974e76ce1f06dfdd8ca13816a2ac529901b91176
QX-00004|110|BDZ-00083|#1,QX-00004,110,BDZ-00083,#1,63,unknown,year_end_2025,BDZ-00206,5,247,286,SRC02:主变1+SRC03:设备明细,电网建模数据_Agent整合版_V1.2,"filter contract regions/35,110 kV; validate composite key and capacity",real_2021_2025,validated_src02_src03,563180da9b4fd16012c14ddb974e76ce1f06dfdd8ca13816a2ac529901b91176
QX-00004|110|BDZ-00083|#2,QX-00004,110,BDZ-00083,#2,63,unknown,year_end_2025,BDZ-00206,,248,285,SRC02:主变1+SRC03:设备明细,电网建模数据_Agent整合版_V1.2,"filter contract regions/35,110 kV; validate composite key and capacity",real_2021_2025,validated_src02_src03,563180da9b4fd16012c14ddb974e76ce1f06dfdd8ca13816a2ac529901b91176
QX-00004|110|BDZ-00093|#1,QX-00004,110,BDZ-00093,#1,63,unknown,year_end_2025,BDZ-00232,5,255,275,SRC02:主变1+SRC03:设备明细,电网建模数据_Agent整合版_V1.2,"filter contract regions/35,110 kV; validate composite key and capacity",real_2021_2025,validated_src02_src03,563180da9b4fd16012c14ddb974e76ce1f06dfdd8ca13816a2ac529901b91176
QX-00004|110|BDZ-00093|#2,QX-00004,110,BDZ-00093,#2,63,unknown,year_end_2025,BDZ-00232,,256,276,SRC02:主变1+SRC03:设备明细,电网建模数据_Agent整合版_V1.2,"filter contract regions/35,110 kV; validate composite key and capacity",real_2021_2025,validated_src02_src03,563180da9b4fd16012c14ddb974e76ce1f06dfdd8ca13816a2ac529901b91176
QX-00004|110|BDZ-00098|#1,QX-00004,110,BDZ-00098,#1,50,unknown,year_end_2025,BDZ-00208,3,251,268,SRC02:主变1+SRC03:设备明细,电网建模数据_Agent整合版_V1.2,"filter contract regions/35,110 kV; validate composite key and capacity",real_2021_2025,validated_src02_src03,563180da9b4fd16012c14ddb974e76ce1f06dfdd8ca13816a2ac529901b91176
QX-00004|110|BDZ-00098|#2,QX-00004,110,BDZ-00098,#2,50,unknown,year_end_2025,BDZ-00232,,252,267,SRC02:主变1+SRC03:设备明细,电网建模数据_Agent整合版_V1.2,"filter contract regions/35,110 kV; validate composite key and capacity",real_2021_2025,validated_src02_src03,563180da9b4fd16012c14ddb974e76ce1f06dfdd8ca13816a2ac529901b91176
QX-00004|110|BDZ-00130|#1,QX-00004,110,BDZ-00130,#1,50,unknown,year_end_2025,BDZ-00229,12,275,274,SRC02:主变1+SRC03:设备明细,电网建模数据_Agent整合版_V1.2,"filter contract regions/35,110 kV; validate composite key and capacity",real_2021_2025,validated_src02_src03,563180da9b4fd16012c14ddb974e76ce1f06dfdd8ca13816a2ac529901b91176
QX-00004|110|BDZ-00130|#2,QX-00004,110,BDZ-00130,#2,20,unknown,year_end_2025,BDZ-00196,,276,273,SRC02:主变1+SRC03:设备明细,电网建模数据_Agent整合版_V1.2,"filter contract regions/35,110 kV; validate composite key and capacity",real_2021_2025,validated_src02_src03,563180da9b4fd16012c14ddb974e76ce1f06dfdd8ca13816a2ac529901b91176
QX-00004|110|BDZ-00140|#1,QX-00004,110,BDZ-00140,#1,63,unknown,year_end_2025,BDZ-00236,0,261,251,SRC02:主变1+SRC03:设备明细,电网建模数据_Agent整合版_V1.2,"filter contract regions/35,110 kV; validate composite key and capacity",real_2021_2025,validated_src02_src03,563180da9b4fd16012c14ddb974e76ce1f06dfdd8ca13816a2ac529901b91176
QX-00004|110|BDZ-00140|#2,QX-00004,110,BDZ-00140,#2,63,unknown,year_end_2025,BDZ-00236,,262,252,SRC02:主变1+SRC03:设备明细,电网建模数据_Agent整合版_V1.2,"filter contract regions/35,110 kV; validate composite key and capacity",real_2021_2025,validated_src02_src03,563180da9b4fd16012c14ddb974e76ce1f06dfdd8ca13816a2ac529901b91176
QX-00004|110|BDZ-00149|#1,QX-00004,110,BDZ-00149,#1,50,unknown,year_end_2025,BDZ-00232,5,245,248,SRC02:主变1+SRC03:设备明细,电网建模数据_Agent整合版_V1.2,"filter contract regions/35,110 kV; validate composite key and capacity",real_2021_2025,validated_src02_src03,563180da9b4fd16012c14ddb974e76ce1f06dfdd8ca13816a2ac529901b91176
QX-00004|110|BDZ-00149|#2,QX-00004,110,BDZ-00149,#2,40,unknown,year_end_2025,BDZ-00229,,246,247,SRC02:主变1+SRC03:设备明细,电网建模数据_Agent整合版_V1.2,"filter contract regions/35,110 kV; validate composite key and capacity",real_2021_2025,validated_src02_src03,563180da9b4fd16012c14ddb974e76ce1f06dfdd8ca13816a2ac529901b91176
QX-00004|110|BDZ-00152|#1,QX-00004,110,BDZ-00152,#1,50,unknown,year_end_2025,BDZ-00236,1,263,254,SRC02:主变1+SRC03:设备明细,电网建模数据_Agent整合版_V1.2,"filter contract regions/35,110 kV; validate composite key and capacity",real_2021_2025,validated_src02_src03,563180da9b4fd16012c14ddb974e76ce1f06dfdd8ca13816a2ac529901b91176
QX-00004|110|BDZ-00152|#2,QX-00004,110,BDZ-00152,#2,50,unknown,year_end_2025,BDZ-00227,,264,253,SRC02:主变1+SRC03:设备明细,电网建模数据_Agent整合版_V1.2,"filter contract regions/35,110 kV; validate composite key and capacity",real_2021_2025,validated_src02_src03,563180da9b4fd16012c14ddb974e76ce1f06dfdd8ca13816a2ac529901b91176
QX-00004|110|BDZ-00169|#1,QX-00004,110,BDZ-00169,#1,50,unknown,year_end_2025,BDZ-00236,3,273,266,SRC02:主变1+SRC03:设备明细,电网建模数据_Agent整合版_V1.2,"filter contract regions/35,110 kV; validate composite key and capacity",real_2021_2025,validated_src02_src03,563180da9b4fd16012c14ddb974e76ce1f06dfdd8ca13816a2ac529901b91176
QX-00004|110|BDZ-00169|#2,QX-00004,110,BDZ-00169,#2,50,unknown,year_end_2025,BDZ-00227,,274,265,SRC02:主变1+SRC03:设备明细,电网建模数据_Agent整合版_V1.2,"filter contract regions/35,110 kV; validate composite key and capacity",real_2021_2025,validated_src02_src03,563180da9b4fd16012c14ddb974e76ce1f06dfdd8ca13816a2ac529901b91176
QX-00004|110|BDZ-00181|#1,QX-00004,110,BDZ-00181,#1,63,unknown,year_end_2025,BDZ-00227,3,257,249,SRC02:主变1+SRC03:设备明细,电网建模数据_Agent整合版_V1.2,"filter contract regions/35,110 kV; validate composite key and capacity",real_2021_2025,validated_src02_src03,563180da9b4fd16012c14ddb974e76ce1f06dfdd8ca13816a2ac529901b91176
QX-00004|110|BDZ-00181|#2,QX-00004,110,BDZ-00181,#2,50,unknown,year_end_2025,BDZ-00227,,258,250,SRC02:主变1+SRC03:设备明细,电网建模数据_Agent整合版_V1.2,"filter contract regions/35,110 kV; validate composite key and capacity",real_2021_2025,validated_src02_src03,563180da9b4fd16012c14ddb974e76ce1f06dfdd8ca13816a2ac529901b91176
QX-00004|110|BDZ-00182|#1,QX-00004,110,BDZ-00182,#1,50,unknown,year_end_2025,BDZ-00227,9,265,263,SRC02:主变1+SRC03:设备明细,电网建模数据_Agent整合版_V1.2,"filter contract regions/35,110 kV; validate composite key and capacity",real_2021_2025,validated_src02_src03,563180da9b4fd16012c14ddb974e76ce1f06dfdd8ca13816a2ac529901b91176
QX-00004|110|BDZ-00182|#2,QX-00004,110,BDZ-00182,#2,50,unknown,year_end_2025,BDZ-00232,,266,264,SRC02:主变1+SRC03:设备明细,电网建模数据_Agent整合版_V1.2,"filter contract regions/35,110 kV; validate composite key and capacity",real_2021_2025,validated_src02_src03,563180da9b4fd16012c14ddb974e76ce1f06dfdd8ca13816a2ac529901b91176
QX-00005|35|BDZ-00246|#1,QX-00005,35,BDZ-00246,#1,20,unknown,year_end_2025,BDZ-00238,1,26,494,SRC02:主变1+SRC03:设备明细,电网建模数据_Agent整合版_V1.2,"filter contract regions/35,110 kV; validate composite key and capacity",real_2021_2025,validated_src02_src03,563180da9b4fd16012c14ddb974e76ce1f06dfdd8ca13816a2ac529901b91176
QX-00005|35|BDZ-00246|#2,QX-00005,35,BDZ-00246,#2,20,unknown,year_end_2025,BDZ-00238,,27,493,SRC02:主变1+SRC03:设备明细,电网建模数据_Agent整合版_V1.2,"filter contract regions/35,110 kV; validate composite key and capacity",real_2021_2025,validated_src02_src03,563180da9b4fd16012c14ddb974e76ce1f06dfdd8ca13816a2ac529901b91176
QX-00005|35|BDZ-00247|#3,QX-00005,35,BDZ-00247,#3,8,unknown,year_end_2025,BDZ-00005,0,28,491,SRC02:主变1+SRC03:设备明细,电网建模数据_Agent整合版_V1.2,"filter contract regions/35,110 kV; validate composite key and capacity",real_2021_2025,validated_src02_src03,563180da9b4fd16012c14ddb974e76ce1f06dfdd8ca13816a2ac529901b91176
QX-00005|35|BDZ-00247|#4,QX-00005,35,BDZ-00247,#4,10,unknown,year_end_2025,BDZ-00005,,29,492,SRC02:主变1+SRC03:设备明细,电网建模数据_Agent整合版_V1.2,"filter contract regions/35,110 kV; validate composite key and capacity",real_2021_2025,validated_src02_src03,563180da9b4fd16012c14ddb974e76ce1f06dfdd8ca13816a2ac529901b91176
QX-00005|35|BDZ-00248|#1,QX-00005,35,BDZ-00248,#1,20,unknown,year_end_2025,BDZ-00124,0,30,499,SRC02:主变1+SRC03:设备明细,电网建模数据_Agent整合版_V1.2,"filter contract regions/35,110 kV; validate composite key and capacity",real_2021_2025,validated_src02_src03,563180da9b4fd16012c14ddb974e76ce1f06dfdd8ca13816a2ac529901b91176
QX-00005|35|BDZ-00248|#2,QX-00005,35,BDZ-00248,#2,20,unknown,year_end_2025,BDZ-00222,,31,500,SRC02:主变1+SRC03:设备明细,电网建模数据_Agent整合版_V1.2,"filter contract regions/35,110 kV; validate composite key and capacity",real_2021_2025,validated_src02_src03,563180da9b4fd16012c14ddb974e76ce1f06dfdd8ca13816a2ac529901b91176
QX-00005|35|BDZ-00255|#1,QX-00005,35,BDZ-00255,#1,20,unknown,year_end_2025,BDZ-00135,0,32,498,SRC02:主变1+SRC03:设备明细,电网建模数据_Agent整合版_V1.2,"filter contract regions/35,110 kV; validate composite key and capacity",real_2021_2025,validated_src02_src03,563180da9b4fd16012c14ddb974e76ce1f06dfdd8ca13816a2ac529901b91176
QX-00005|35|BDZ-00255|#2,QX-00005,35,BDZ-00255,#2,10,unknown,year_end_2025,BDZ-00135,,33,497,SRC02:主变1+SRC03:设备明细,电网建模数据_Agent整合版_V1.2,"filter contract regions/35,110 kV; validate composite key and capacity",real_2021_2025,validated_src02_src03,563180da9b4fd16012c14ddb974e76ce1f06dfdd8ca13816a2ac529901b91176
QX-00005|35|BDZ-00280|#1,QX-00005,35,BDZ-00280,#1,25,unknown,year_end_2025,BDZ-00220,1,34,496,SRC02:主变1+SRC03:设备明细,电网建模数据_Agent整合版_V1.2,"filter contract regions/35,110 kV; validate composite key and capacity",real_2021_2025,validated_src02_src03,563180da9b4fd16012c14ddb974e76ce1f06dfdd8ca13816a2ac529901b91176
QX-00005|35|BDZ-00280|#2,QX-00005,35,BDZ-00280,#2,20,unknown,year_end_2025,BDZ-00186,,35,495,SRC02:主变1+SRC03:设备明细,电网建模数据_Agent整合版_V1.2,"filter contract regions/35,110 kV; validate composite key and capacity",real_2021_2025,validated_src02_src03,563180da9b4fd16012c14ddb974e76ce1f06dfdd8ca13816a2ac529901b91176
QX-00005|35|BDZ-00290|#1,QX-00005,35,BDZ-00290,#1,20,unknown,year_end_2025,BDZ-00238,0,36,502,SRC02:主变1+SRC03:设备明细,电网建模数据_Agent整合版_V1.2,"filter contract regions/35,110 kV; validate composite key and capacity",real_2021_2025,validated_src02_src03,563180da9b4fd16012c14ddb974e76ce1f06dfdd8ca13816a2ac529901b91176
QX-00005|35|BDZ-00290|#2,QX-00005,35,BDZ-00290,#2,10,unknown,year_end_2025,BDZ-00005,,37,501,SRC02:主变1+SRC03:设备明细,电网建模数据_Agent整合版_V1.2,"filter contract regions/35,110 kV; validate composite key and capacity",real_2021_2025,validated_src02_src03,563180da9b4fd16012c14ddb974e76ce1f06dfdd8ca13816a2ac529901b91176
QX-00005|35|BDZ-00314|#1,QX-00005,35,BDZ-00314,#1,16,unknown,year_end_2025,BDZ-00238,0,38,521,SRC02:主变1+SRC03:设备明细,电网建模数据_Agent整合版_V1.2,"filter contract regions/35,110 kV; validate composite key and capacity",real_2021_2025,validated_src02_src03,563180da9b4fd16012c14ddb974e76ce1f06dfdd8ca13816a2ac529901b91176
QX-00005|35|BDZ-00314|#2,QX-00005,35,BDZ-00314,#2,20,unknown,year_end_2025,BDZ-00238,,39,522,SRC02:主变1+SRC03:设备明细,电网建模数据_Agent整合版_V1.2,"filter contract regions/35,110 kV; validate composite key and capacity",real_2021_2025,validated_src02_src03,563180da9b4fd16012c14ddb974e76ce1f06dfdd8ca13816a2ac529901b91176
QX-00005|35|BDZ-00325|#1,QX-00005,35,BDZ-00325,#1,20,unknown,year_end_2025,BDZ-00135,5,40,504,SRC02:主变1+SRC03:设备明细,电网建模数据_Agent整合版_V1.2,"filter contract regions/35,110 kV; validate composite key and capacity",real_2021_2025,validated_src02_src03,563180da9b4fd16012c14ddb974e76ce1f06dfdd8ca13816a2ac529901b91176
QX-00005|35|BDZ-00325|#2,QX-00005,35,BDZ-00325,#2,16,unknown,year_end_2025,BDZ-00135,,41,503,SRC02:主变1+SRC03:设备明细,电网建模数据_Agent整合版_V1.2,"filter contract regions/35,110 kV; validate composite key and capacity",real_2021_2025,validated_src02_src03,563180da9b4fd16012c14ddb974e76ce1f06dfdd8ca13816a2ac529901b91176
QX-00005|110|BDZ-00005|#1,QX-00005,110,BDZ-00005,#1,50,unknown,year_end_2025,BDZ-00238,10,101,330,SRC02:主变1+SRC03:设备明细,电网建模数据_Agent整合版_V1.2,"filter contract regions/35,110 kV; validate composite key and capacity",real_2021_2025,validated_src02_src03,563180da9b4fd16012c14ddb974e76ce1f06dfdd8ca13816a2ac529901b91176
QX-00005|110|BDZ-00005|#2,QX-00005,110,BDZ-00005,#2,50,unknown,year_end_2025,BDZ-00222,,102,329,SRC02:主变1+SRC03:设备明细,电网建模数据_Agent整合版_V1.2,"filter contract regions/35,110 kV; validate composite key and capacity",real_2021_2025,validated_src02_src03,563180da9b4fd16012c14ddb974e76ce1f06dfdd8ca13816a2ac529901b91176
QX-00005|110|BDZ-00016|#1,QX-00005,110,BDZ-00016,#1,100,unknown,year_end_2025,BDZ-00222,2,115,341,SRC02:主变1+SRC03:设备明细,电网建模数据_Agent整合版_V1.2,"filter contract regions/35,110 kV; validate composite key and capacity",real_2021_2025,validated_src02_src03,563180da9b4fd16012c14ddb974e76ce1f06dfdd8ca13816a2ac529901b91176
QX-00005|110|BDZ-00016|#2,QX-00005,110,BDZ-00016,#2,50,unknown,year_end_2025,BDZ-00238,,116,342,SRC02:主变1+SRC03:设备明细,电网建模数据_Agent整合版_V1.2,"filter contract regions/35,110 kV; validate composite key and capacity",real_2021_2025,validated_src02_src03,563180da9b4fd16012c14ddb974e76ce1f06dfdd8ca13816a2ac529901b91176
QX-00005|110|BDZ-00021|#1,QX-00005,110,BDZ-00021,#1,50,unknown,year_end_2025,BDZ-00220,0,103,348,SRC02:主变1+SRC03:设备明细,电网建模数据_Agent整合版_V1.2,"filter contract regions/35,110 kV; validate composite key and capacity",real_2021_2025,validated_src02_src03,563180da9b4fd16012c14ddb974e76ce1f06dfdd8ca13816a2ac529901b91176
QX-00005|110|BDZ-00021|#3,QX-00005,110,BDZ-00021,#3,50,unknown,year_end_2025,BDZ-00186,,104,347,SRC02:主变1+SRC03:设备明细,电网建模数据_Agent整合版_V1.2,"filter contract regions/35,110 kV; validate composite key and capacity",real_2021_2025,validated_src02_src03,563180da9b4fd16012c14ddb974e76ce1f06dfdd8ca13816a2ac529901b91176
QX-00005|110|BDZ-00022|#1,QX-00005,110,BDZ-00022,#1,31.5,unknown,year_end_2025,BDZ-00220,16,97,349,SRC02:主变1+SRC03:设备明细,电网建模数据_Agent整合版_V1.2,"filter contract regions/35,110 kV; validate composite key and capacity",real_2021_2025,validated_src02_src03,563180da9b4fd16012c14ddb974e76ce1f06dfdd8ca13816a2ac529901b91176
QX-00005|110|BDZ-00022|#2,QX-00005,110,BDZ-00022,#2,50,unknown,year_end_2025,BDZ-00186,,98,350,SRC02:主变1+SRC03:设备明细,电网建模数据_Agent整合版_V1.2,"filter contract regions/35,110 kV; validate composite key and capacity",real_2021_2025,validated_src02_src03,563180da9b4fd16012c14ddb974e76ce1f06dfdd8ca13816a2ac529901b91176
QX-00005|110|BDZ-00026|#1,QX-00005,110,BDZ-00026,#1,63,unknown,year_end_2025,BDZ-00220,4,93,351,SRC02:主变1+SRC03:设备明细,电网建模数据_Agent整合版_V1.2,"filter contract regions/35,110 kV; validate composite key and capacity",real_2021_2025,validated_src02_src03,563180da9b4fd16012c14ddb974e76ce1f06dfdd8ca13816a2ac529901b91176
QX-00005|110|BDZ-00026|#2,QX-00005,110,BDZ-00026,#2,50,unknown,year_end_2025,BDZ-00195,,94,352,SRC02:主变1+SRC03:设备明细,电网建模数据_Agent整合版_V1.2,"filter contract regions/35,110 kV; validate composite key and capacity",real_2021_2025,validated_src02_src03,563180da9b4fd16012c14ddb974e76ce1f06dfdd8ca13816a2ac529901b91176
QX-00005|110|BDZ-00027|#2,QX-00005,110,BDZ-00027,#2,50,unknown,year_end_2025,BDZ-00199,0,113,339,SRC02:主变1+SRC03:设备明细,电网建模数据_Agent整合版_V1.2,"filter contract regions/35,110 kV; validate composite key and capacity",real_2021_2025,validated_src02_src03,563180da9b4fd16012c14ddb974e76ce1f06dfdd8ca13816a2ac529901b91176
QX-00005|110|BDZ-00027|#3,QX-00005,110,BDZ-00027,#3,50,unknown,year_end_2025,BDZ-00199,,114,340,SRC02:主变1+SRC03:设备明细,电网建模数据_Agent整合版_V1.2,"filter contract regions/35,110 kV; validate composite key and capacity",real_2021_2025,validated_src02_src03,563180da9b4fd16012c14ddb974e76ce1f06dfdd8ca13816a2ac529901b91176
QX-00005|110|BDZ-00028|#1,QX-00005,110,BDZ-00028,#1,63,unknown,year_end_2025,BDZ-00195,0,109,328,SRC02:主变1+SRC03:设备明细,电网建模数据_Agent整合版_V1.2,"filter contract regions/35,110 kV; validate composite key and capacity",real_2021_2025,validated_src02_src03,563180da9b4fd16012c14ddb974e76ce1f06dfdd8ca13816a2ac529901b91176
QX-00005|110|BDZ-00028|#2,QX-00005,110,BDZ-00028,#2,100,unknown,year_end_2025,BDZ-00199,,110,327,SRC02:主变1+SRC03:设备明细,电网建模数据_Agent整合版_V1.2,"filter contract regions/35,110 kV; validate composite key and capacity",real_2021_2025,validated_src02_src03,563180da9b4fd16012c14ddb974e76ce1f06dfdd8ca13816a2ac529901b91176
QX-00005|110|BDZ-00031|#2,QX-00005,110,BDZ-00031,#2,50,unknown,year_end_2025,BDZ-00220,2,111,337,SRC02:主变1+SRC03:设备明细,电网建模数据_Agent整合版_V1.2,"filter contract regions/35,110 kV; validate composite key and capacity",real_2021_2025,validated_src02_src03,563180da9b4fd16012c14ddb974e76ce1f06dfdd8ca13816a2ac529901b91176
QX-00005|110|BDZ-00031|#3,QX-00005,110,BDZ-00031,#3,63,unknown,year_end_2025,BDZ-00186,,112,338,SRC02:主变1+SRC03:设备明细,电网建模数据_Agent整合版_V1.2,"filter contract regions/35,110 kV; validate composite key and capacity",real_2021_2025,validated_src02_src03,563180da9b4fd16012c14ddb974e76ce1f06dfdd8ca13816a2ac529901b91176
QX-00005|110|BDZ-00037|#1,QX-00005,110,BDZ-00037,#1,50,unknown,year_end_2025,BDZ-00186,7,89,345,SRC02:主变1+SRC03:设备明细,电网建模数据_Agent整合版_V1.2,"filter contract regions/35,110 kV; validate composite key and capacity",real_2021_2025,validated_src02_src03,563180da9b4fd16012c14ddb974e76ce1f06dfdd8ca13816a2ac529901b91176
QX-00005|110|BDZ-00037|#3,QX-00005,110,BDZ-00037,#3,50,unknown,year_end_2025,BDZ-00222,,90,346,SRC02:主变1+SRC03:设备明细,电网建模数据_Agent整合版_V1.2,"filter contract regions/35,110 kV; validate composite key and capacity",real_2021_2025,validated_src02_src03,563180da9b4fd16012c14ddb974e76ce1f06dfdd8ca13816a2ac529901b91176
QX-00005|110|BDZ-00048|#1,QX-00005,110,BDZ-00048,#1,100,unknown,year_end_2025,BDZ-00238,0,95,356,SRC02:主变1+SRC03:设备明细,电网建模数据_Agent整合版_V1.2,"filter contract regions/35,110 kV; validate composite key and capacity",real_2021_2025,validated_src02_src03,563180da9b4fd16012c14ddb974e76ce1f06dfdd8ca13816a2ac529901b91176
QX-00005|110|BDZ-00048|#2,QX-00005,110,BDZ-00048,#2,50,unknown,year_end_2025,BDZ-00199,,96,355,SRC02:主变1+SRC03:设备明细,电网建模数据_Agent整合版_V1.2,"filter contract regions/35,110 kV; validate composite key and capacity",real_2021_2025,validated_src02_src03,563180da9b4fd16012c14ddb974e76ce1f06dfdd8ca13816a2ac529901b91176
QX-00005|110|BDZ-00056|#1,QX-00005,110,BDZ-00056,#1,50,unknown,year_end_2025,BDZ-00195,20,127,367,SRC02:主变1+SRC03:设备明细,电网建模数据_Agent整合版_V1.2,"filter contract regions/35,110 kV; validate composite key and capacity",real_2021_2025,validated_src02_src03,563180da9b4fd16012c14ddb974e76ce1f06dfdd8ca13816a2ac529901b91176
QX-00005|110|BDZ-00056|#2,QX-00005,110,BDZ-00056,#2,50,unknown,year_end_2025,BDZ-00199,,128,368,SRC02:主变1+SRC03:设备明细,电网建模数据_Agent整合版_V1.2,"filter contract regions/35,110 kV; validate composite key and capacity",real_2021_2025,validated_src02_src03,563180da9b4fd16012c14ddb974e76ce1f06dfdd8ca13816a2ac529901b91176
QX-00005|110|BDZ-00095|#1,QX-00005,110,BDZ-00095,#1,50,unknown,year_end_2025,BDZ-00186,14,125,362,SRC02:主变1+SRC03:设备明细,电网建模数据_Agent整合版_V1.2,"filter contract regions/35,110 kV; validate composite key and capacity",real_2021_2025,validated_src02_src03,563180da9b4fd16012c14ddb974e76ce1f06dfdd8ca13816a2ac529901b91176
QX-00005|110|BDZ-00095|#2,QX-00005,110,BDZ-00095,#2,50,unknown,year_end_2025,BDZ-00220,,126,361,SRC02:主变1+SRC03:设备明细,电网建模数据_Agent整合版_V1.2,"filter contract regions/35,110 kV; validate composite key and capacity",real_2021_2025,validated_src02_src03,563180da9b4fd16012c14ddb974e76ce1f06dfdd8ca13816a2ac529901b91176
QX-00005|110|BDZ-00096|#1,QX-00005,110,BDZ-00096,#1,80,unknown,year_end_2025,BDZ-00220,3,107,364,SRC02:主变1+SRC03:设备明细,电网建模数据_Agent整合版_V1.2,"filter contract regions/35,110 kV; validate composite key and capacity",real_2021_2025,validated_src02_src03,563180da9b4fd16012c14ddb974e76ce1f06dfdd8ca13816a2ac529901b91176
QX-00005|110|BDZ-00096|#2,QX-00005,110,BDZ-00096,#2,80,unknown,year_end_2025,BDZ-00238,,108,363,SRC02:主变1+SRC03:设备明细,电网建模数据_Agent整合版_V1.2,"filter contract regions/35,110 kV; validate composite key and capacity",real_2021_2025,validated_src02_src03,563180da9b4fd16012c14ddb974e76ce1f06dfdd8ca13816a2ac529901b91176
QX-00005|110|BDZ-00124|#1,QX-00005,110,BDZ-00124,#1,50,unknown,year_end_2025,BDZ-00222,4,99,343,SRC02:主变1+SRC03:设备明细,电网建模数据_Agent整合版_V1.2,"filter contract regions/35,110 kV; validate composite key and capacity",real_2021_2025,validated_src02_src03,563180da9b4fd16012c14ddb974e76ce1f06dfdd8ca13816a2ac529901b91176
QX-00005|110|BDZ-00124|#2,QX-00005,110,BDZ-00124,#2,63,unknown,year_end_2025,BDZ-00220,,100,344,SRC02:主变1+SRC03:设备明细,电网建模数据_Agent整合版_V1.2,"filter contract regions/35,110 kV; validate composite key and capacity",real_2021_2025,validated_src02_src03,563180da9b4fd16012c14ddb974e76ce1f06dfdd8ca13816a2ac529901b91176
QX-00005|110|BDZ-00135|#1,QX-00005,110,BDZ-00135,#1,63,unknown,year_end_2025,BDZ-00186,8,91,365,SRC02:主变1+SRC03:设备明细,电网建模数据_Agent整合版_V1.2,"filter contract regions/35,110 kV; validate composite key and capacity",real_2021_2025,validated_src02_src03,563180da9b4fd16012c14ddb974e76ce1f06dfdd8ca13816a2ac529901b91176
QX-00005|110|BDZ-00135|#2,QX-00005,110,BDZ-00135,#2,50,unknown,year_end_2025,BDZ-00195,,92,366,SRC02:主变1+SRC03:设备明细,电网建模数据_Agent整合版_V1.2,"filter contract regions/35,110 kV; validate composite key and capacity",real_2021_2025,validated_src02_src03,563180da9b4fd16012c14ddb974e76ce1f06dfdd8ca13816a2ac529901b91176
QX-00005|110|BDZ-00141|#1,QX-00005,110,BDZ-00141,#1,50,unknown,year_end_2025,BDZ-00238,0,105,335,SRC02:主变1+SRC03:设备明细,电网建模数据_Agent整合版_V1.2,"filter contract regions/35,110 kV; validate composite key and capacity",real_2021_2025,validated_src02_src03,563180da9b4fd16012c14ddb974e76ce1f06dfdd8ca13816a2ac529901b91176
QX-00005|110|BDZ-00141|#2,QX-00005,110,BDZ-00141,#2,50,unknown,year_end_2025,BDZ-00238,,106,336,SRC02:主变1+SRC03:设备明细,电网建模数据_Agent整合版_V1.2,"filter contract regions/35,110 kV; validate composite key and capacity",real_2021_2025,validated_src02_src03,563180da9b4fd16012c14ddb974e76ce1f06dfdd8ca13816a2ac529901b91176
QX-00005|110|BDZ-00146|#1,QX-00005,110,BDZ-00146,#1,40,unknown,year_end_2025,BDZ-00186,7,123,354,SRC02:主变1+SRC03:设备明细,电网建模数据_Agent整合版_V1.2,"filter contract regions/35,110 kV; validate composite key and capacity",real_2021_2025,validated_src02_src03,563180da9b4fd16012c14ddb974e76ce1f06dfdd8ca13816a2ac529901b91176
QX-00005|110|BDZ-00146|#2,QX-00005,110,BDZ-00146,#2,40,unknown,year_end_2025,BDZ-00186,,124,353,SRC02:主变1+SRC03:设备明细,电网建模数据_Agent整合版_V1.2,"filter contract regions/35,110 kV; validate composite key and capacity",real_2021_2025,validated_src02_src03,563180da9b4fd16012c14ddb974e76ce1f06dfdd8ca13816a2ac529901b91176
QX-00005|110|BDZ-00147|#1,QX-00005,110,BDZ-00147,#1,50,unknown,year_end_2025,BDZ-00220,0,119,333,SRC02:主变1+SRC03:设备明细,电网建模数据_Agent整合版_V1.2,"filter contract regions/35,110 kV; validate composite key and capacity",real_2021_2025,validated_src02_src03,563180da9b4fd16012c14ddb974e76ce1f06dfdd8ca13816a2ac529901b91176
QX-00005|110|BDZ-00147|#2,QX-00005,110,BDZ-00147,#2,50,unknown,year_end_2025,BDZ-00195,,120,334,SRC02:主变1+SRC03:设备明细,电网建模数据_Agent整合版_V1.2,"filter contract regions/35,110 kV; validate composite key and capacity",real_2021_2025,validated_src02_src03,563180da9b4fd16012c14ddb974e76ce1f06dfdd8ca13816a2ac529901b91176
QX-00005|110|BDZ-00162|#1,QX-00005,110,BDZ-00162,#1,20,unknown,year_end_2025,BDZ-00022,16,121,359,SRC02:主变1+SRC03:设备明细,电网建模数据_Agent整合版_V1.2,"filter contract regions/35,110 kV; validate composite key and capacity",real_2021_2025,validated_src02_src03,563180da9b4fd16012c14ddb974e76ce1f06dfdd8ca13816a2ac529901b91176
QX-00005|110|BDZ-00162|#2,QX-00005,110,BDZ-00162,#2,20,unknown,year_end_2025,BDZ-00022,,122,360,SRC02:主变1+SRC03:设备明细,电网建模数据_Agent整合版_V1.2,"filter contract regions/35,110 kV; validate composite key and capacity",real_2021_2025,validated_src02_src03,563180da9b4fd16012c14ddb974e76ce1f06dfdd8ca13816a2ac529901b91176
QX-00005|110|BDZ-00164|#1,QX-00005,110,BDZ-00164,#1,31.5,unknown,year_end_2025,BDZ-00238,11,117,332,SRC02:主变1+SRC03:设备明细,电网建模数据_Agent整合版_V1.2,"filter contract regions/35,110 kV; validate composite key and capacity",real_2021_2025,validated_src02_src03,563180da9b4fd16012c14ddb974e76ce1f06dfdd8ca13816a2ac529901b91176
QX-00005|110|BDZ-00164|#2,QX-00005,110,BDZ-00164,#2,31.5,unknown,year_end_2025,BDZ-00222,,118,331,SRC02:主变1+SRC03:设备明细,电网建模数据_Agent整合版_V1.2,"filter contract regions/35,110 kV; validate composite key and capacity",real_2021_2025,validated_src02_src03,563180da9b4fd16012c14ddb974e76ce1f06dfdd8ca13816a2ac529901b91176
QX-00005|110|BDZ-00172|#1,QX-00005,110,BDZ-00172,#1,50,unknown,year_end_2025,BDZ-00238,7,87,358,SRC02:主变1+SRC03:设备明细,电网建模数据_Agent整合版_V1.2,"filter contract regions/35,110 kV; validate composite key and capacity",real_2021_2025,validated_src02_src03,563180da9b4fd16012c14ddb974e76ce1f06dfdd8ca13816a2ac529901b91176
QX-00005|110|BDZ-00172|#2,QX-00005,110,BDZ-00172,#2,50,unknown,year_end_2025,BDZ-00238,,88,357,SRC02:主变1+SRC03:设备明细,电网建模数据_Agent整合版_V1.2,"filter contract regions/35,110 kV; validate composite key and capacity",real_2021_2025,validated_src02_src03,563180da9b4fd16012c14ddb974e76ce1f06dfdd8ca13816a2ac529901b91176
QX-00007|35|BDZ-00271|#1,QX-00007,35,BDZ-00271,#1,20,unknown,year_end_2025,BDZ-00203,2,4,428,SRC02:主变1+SRC03:设备明细,电网建模数据_Agent整合版_V1.2,"filter contract regions/35,110 kV; validate composite key and capacity",real_2021_2025,validated_src02_src03,563180da9b4fd16012c14ddb974e76ce1f06dfdd8ca13816a2ac529901b91176
QX-00007|35|BDZ-00271|#2,QX-00007,35,BDZ-00271,#2,16,unknown,year_end_2025,BDZ-00203,,5,427,SRC02:主变1+SRC03:设备明细,电网建模数据_Agent整合版_V1.2,"filter contract regions/35,110 kV; validate composite key and capacity",real_2021_2025,validated_src02_src03,563180da9b4fd16012c14ddb974e76ce1f06dfdd8ca13816a2ac529901b91176
QX-00007|110|BDZ-00004|#1,QX-00007,110,BDZ-00004,#1,50,unknown,year_end_2025,BDZ-00192,4,57,160,SRC02:主变1+SRC03:设备明细,电网建模数据_Agent整合版_V1.2,"filter contract regions/35,110 kV; validate composite key and capacity",real_2021_2025,validated_src02_src03,563180da9b4fd16012c14ddb974e76ce1f06dfdd8ca13816a2ac529901b91176
QX-00007|110|BDZ-00004|#2,QX-00007,110,BDZ-00004,#2,50,unknown,year_end_2025,BDZ-00221,,58,159,SRC02:主变1+SRC03:设备明细,电网建模数据_Agent整合版_V1.2,"filter contract regions/35,110 kV; validate composite key and capacity",real_2021_2025,validated_src02_src03,563180da9b4fd16012c14ddb974e76ce1f06dfdd8ca13816a2ac529901b91176
QX-00007|110|BDZ-00012|#1,QX-00007,110,BDZ-00012,#1,63,unknown,year_end_2025,BDZ-00198,0,18,155,SRC02:主变1+SRC03:设备明细,电网建模数据_Agent整合版_V1.2,"filter contract regions/35,110 kV; validate composite key and capacity",real_2021_2025,validated_src02_src03,563180da9b4fd16012c14ddb974e76ce1f06dfdd8ca13816a2ac529901b91176
QX-00007|110|BDZ-00012|#2,QX-00007,110,BDZ-00012,#2,63,unknown,year_end_2025,BDZ-00233,,19,156,SRC02:主变1+SRC03:设备明细,电网建模数据_Agent整合版_V1.2,"filter contract regions/35,110 kV; validate composite key and capacity",real_2021_2025,validated_src02_src03,563180da9b4fd16012c14ddb974e76ce1f06dfdd8ca13816a2ac529901b91176
QX-00007|110|BDZ-00013|#1,QX-00007,110,BDZ-00013,#1,63,unknown,year_end_2025,BDZ-00221,7,16,151,SRC02:主变1+SRC03:设备明细,电网建模数据_Agent整合版_V1.2,"filter contract regions/35,110 kV; validate composite key and capacity",real_2021_2025,validated_src02_src03,563180da9b4fd16012c14ddb974e76ce1f06dfdd8ca13816a2ac529901b91176
QX-00007|110|BDZ-00013|#2,QX-00007,110,BDZ-00013,#2,50,unknown,year_end_2025,BDZ-00192,,17,152,SRC02:主变1+SRC03:设备明细,电网建模数据_Agent整合版_V1.2,"filter contract regions/35,110 kV; validate composite key and capacity",real_2021_2025,validated_src02_src03,563180da9b4fd16012c14ddb974e76ce1f06dfdd8ca13816a2ac529901b91176
QX-00007|110|BDZ-00023|#1,QX-00007,110,BDZ-00023,#1,80,unknown,year_end_2025,BDZ-00219,3,12,146,SRC02:主变1+SRC03:设备明细,电网建模数据_Agent整合版_V1.2,"filter contract regions/35,110 kV; validate composite key and capacity",real_2021_2025,validated_src02_src03,563180da9b4fd16012c14ddb974e76ce1f06dfdd8ca13816a2ac529901b91176
QX-00007|110|BDZ-00023|#2,QX-00007,110,BDZ-00023,#2,80,unknown,year_end_2025,BDZ-00203,,13,145,SRC02:主变1+SRC03:设备明细,电网建模数据_Agent整合版_V1.2,"filter contract regions/35,110 kV; validate composite key and capacity",real_2021_2025,validated_src02_src03,563180da9b4fd16012c14ddb974e76ce1f06dfdd8ca13816a2ac529901b91176
QX-00007|110|BDZ-00024|#1,QX-00007,110,BDZ-00024,#1,63,unknown,year_end_2025,BDZ-00215,0,47,195,SRC02:主变1+SRC03:设备明细,电网建模数据_Agent整合版_V1.2,"filter contract regions/35,110 kV; validate composite key and capacity",real_2021_2025,validated_src02_src03,563180da9b4fd16012c14ddb974e76ce1f06dfdd8ca13816a2ac529901b91176
QX-00007|110|BDZ-00024|#2,QX-00007,110,BDZ-00024,#2,80,unknown,year_end_2025,BDZ-00242,,48,196,SRC02:主变1+SRC03:设备明细,电网建模数据_Agent整合版_V1.2,"filter contract regions/35,110 kV; validate composite key and capacity",real_2021_2025,validated_src02_src03,563180da9b4fd16012c14ddb974e76ce1f06dfdd8ca13816a2ac529901b91176
QX-00007|110|BDZ-00036|#1,QX-00007,110,BDZ-00036,#1,40,unknown,year_end_2025,BDZ-00216,2,20,147,SRC02:主变1+SRC03:设备明细,电网建模数据_Agent整合版_V1.2,"filter contract regions/35,110 kV; validate composite key and capacity",real_2021_2025,validated_src02_src03,563180da9b4fd16012c14ddb974e76ce1f06dfdd8ca13816a2ac529901b91176
QX-00007|110|BDZ-00036|#2,QX-00007,110,BDZ-00036,#2,40,unknown,year_end_2025,BDZ-00198,,21,148,SRC02:主变1+SRC03:设备明细,电网建模数据_Agent整合版_V1.2,"filter contract regions/35,110 kV; validate composite key and capacity",real_2021_2025,validated_src02_src03,563180da9b4fd16012c14ddb974e76ce1f06dfdd8ca13816a2ac529901b91176
QX-00007|110|BDZ-00042|#1,QX-00007,110,BDZ-00042,#1,80,unknown,year_end_2025,BDZ-00223,8,34,139,SRC02:主变1+SRC03:设备明细,电网建模数据_Agent整合版_V1.2,"filter contract regions/35,110 kV; validate composite key and capacity",real_2021_2025,validated_src02_src03,563180da9b4fd16012c14ddb974e76ce1f06dfdd8ca13816a2ac529901b91176
QX-00007|110|BDZ-00042|#2,QX-00007,110,BDZ-00042,#2,80,unknown,year_end_2025,BDZ-00242,,35,140,SRC02:主变1+SRC03:设备明细,电网建模数据_Agent整合版_V1.2,"filter contract regions/35,110 kV; validate composite key and capacity",real_2021_2025,validated_src02_src03,563180da9b4fd16012c14ddb974e76ce1f06dfdd8ca13816a2ac529901b91176
QX-00007|110|BDZ-00051|#1,QX-00007,110,BDZ-00051,#1,50,unknown,year_end_2025,BDZ-00203,1,22,197,SRC02:主变1+SRC03:设备明细,电网建模数据_Agent整合版_V1.2,"filter contract regions/35,110 kV; validate composite key and capacity",real_2021_2025,validated_src02_src03,563180da9b4fd16012c14ddb974e76ce1f06dfdd8ca13816a2ac529901b91176
QX-00007|110|BDZ-00051|#2,QX-00007,110,BDZ-00051,#2,50,unknown,year_end_2025,BDZ-00219,,23,198,SRC02:主变1+SRC03:设备明细,电网建模数据_Agent整合版_V1.2,"filter contract regions/35,110 kV; validate composite key and capacity",real_2021_2025,validated_src02_src03,563180da9b4fd16012c14ddb974e76ce1f06dfdd8ca13816a2ac529901b91176
QX-00007|110|BDZ-00053|#2,QX-00007,110,BDZ-00053,#2,63,unknown,year_end_2025,BDZ-00187,2,24,174,SRC02:主变1+SRC03:设备明细,电网建模数据_Agent整合版_V1.2,"filter contract regions/35,110 kV; validate composite key and capacity",real_2021_2025,validated_src02_src03,563180da9b4fd16012c14ddb974e76ce1f06dfdd8ca13816a2ac529901b91176
QX-00007|110|BDZ-00053|#3,QX-00007,110,BDZ-00053,#3,63,unknown,year_end_2025,BDZ-00221,,25,173,SRC02:主变1+SRC03:设备明细,电网建模数据_Agent整合版_V1.2,"filter contract regions/35,110 kV; validate composite key and capacity",real_2021_2025,validated_src02_src03,563180da9b4fd16012c14ddb974e76ce1f06dfdd8ca13816a2ac529901b91176
QX-00007|110|BDZ-00062|#1,QX-00007,110,BDZ-00062,#1,63,unknown,year_end_2025,BDZ-00242,0,6,170,SRC02:主变1+SRC03:设备明细,电网建模数据_Agent整合版_V1.2,"filter contract regions/35,110 kV; validate composite key and capacity",real_2021_2025,validated_src02_src03,563180da9b4fd16012c14ddb974e76ce1f06dfdd8ca13816a2ac529901b91176
QX-00007|110|BDZ-00062|#2,QX-00007,110,BDZ-00062,#2,63,unknown,year_end_2025,BDZ-00223,,7,169,SRC02:主变1+SRC03:设备明细,电网建模数据_Agent整合版_V1.2,"filter contract regions/35,110 kV; validate composite key and capacity",real_2021_2025,validated_src02_src03,563180da9b4fd16012c14ddb974e76ce1f06dfdd8ca13816a2ac529901b91176
QX-00007|110|BDZ-00065|#1,QX-00007,110,BDZ-00065,#1,80,unknown,year_end_2025,BDZ-00215,14,28,158,SRC02:主变1+SRC03:设备明细,电网建模数据_Agent整合版_V1.2,"filter contract regions/35,110 kV; validate composite key and capacity",real_2021_2025,validated_src02_src03,563180da9b4fd16012c14ddb974e76ce1f06dfdd8ca13816a2ac529901b91176
QX-00007|110|BDZ-00065|#2,QX-00007,110,BDZ-00065,#2,80,unknown,year_end_2025,BDZ-00198,,29,157,SRC02:主变1+SRC03:设备明细,电网建模数据_Agent整合版_V1.2,"filter contract regions/35,110 kV; validate composite key and capacity",real_2021_2025,validated_src02_src03,563180da9b4fd16012c14ddb974e76ce1f06dfdd8ca13816a2ac529901b91176
QX-00007|110|BDZ-00074|#1,QX-00007,110,BDZ-00074,#1,63,unknown,year_end_2025,BDZ-00216,1,32,136,SRC02:主变1+SRC03:设备明细,电网建模数据_Agent整合版_V1.2,"filter contract regions/35,110 kV; validate composite key and capacity",real_2021_2025,validated_src02_src03,563180da9b4fd16012c14ddb974e76ce1f06dfdd8ca13816a2ac529901b91176
QX-00007|110|BDZ-00074|#2,QX-00007,110,BDZ-00074,#2,50,unknown,year_end_2025,BDZ-00202,,33,135,SRC02:主变1+SRC03:设备明细,电网建模数据_Agent整合版_V1.2,"filter contract regions/35,110 kV; validate composite key and capacity",real_2021_2025,validated_src02_src03,563180da9b4fd16012c14ddb974e76ce1f06dfdd8ca13816a2ac529901b91176
QX-00007|110|BDZ-00076|#1,QX-00007,110,BDZ-00076,#1,50,unknown,year_end_2025,BDZ-00221,8,55,207,SRC02:主变1+SRC03:设备明细,电网建模数据_Agent整合版_V1.2,"filter contract regions/35,110 kV; validate composite key and capacity",real_2021_2025,validated_src02_src03,563180da9b4fd16012c14ddb974e76ce1f06dfdd8ca13816a2ac529901b91176
QX-00007|110|BDZ-00076|#2,QX-00007,110,BDZ-00076,#2,50,unknown,year_end_2025,BDZ-00187,,56,208,SRC02:主变1+SRC03:设备明细,电网建模数据_Agent整合版_V1.2,"filter contract regions/35,110 kV; validate composite key and capacity",real_2021_2025,validated_src02_src03,563180da9b4fd16012c14ddb974e76ce1f06dfdd8ca13816a2ac529901b91176
QX-00007|110|BDZ-00085|#1,QX-00007,110,BDZ-00085,#1,63,unknown,year_end_2025,BDZ-00198,4,4,193,SRC02:主变1+SRC03:设备明细,电网建模数据_Agent整合版_V1.2,"filter contract regions/35,110 kV; validate composite key and capacity",real_2021_2025,validated_src02_src03,563180da9b4fd16012c14ddb974e76ce1f06dfdd8ca13816a2ac529901b91176
QX-00007|110|BDZ-00085|#2,QX-00007,110,BDZ-00085,#2,63,unknown,year_end_2025,BDZ-00221,,5,194,SRC02:主变1+SRC03:设备明细,电网建模数据_Agent整合版_V1.2,"filter contract regions/35,110 kV; validate composite key and capacity",real_2021_2025,validated_src02_src03,563180da9b4fd16012c14ddb974e76ce1f06dfdd8ca13816a2ac529901b91176
QX-00007|110|BDZ-00092|#1,QX-00007,110,BDZ-00092,#1,50,unknown,year_end_2025,BDZ-00203,13,59,168,SRC02:主变1+SRC03:设备明细,电网建模数据_Agent整合版_V1.2,"filter contract regions/35,110 kV; validate composite key and capacity",real_2021_2025,validated_src02_src03,563180da9b4fd16012c14ddb974e76ce1f06dfdd8ca13816a2ac529901b91176
QX-00007|110|BDZ-00092|#2,QX-00007,110,BDZ-00092,#2,50,unknown,year_end_2025,BDZ-00191,,60,167,SRC02:主变1+SRC03:设备明细,电网建模数据_Agent整合版_V1.2,"filter contract regions/35,110 kV; validate composite key and capacity",real_2021_2025,validated_src02_src03,563180da9b4fd16012c14ddb974e76ce1f06dfdd8ca13816a2ac529901b91176
QX-00007|110|BDZ-00094|#1,QX-00007,110,BDZ-00094,#1,63,unknown,year_end_2025,BDZ-00203,6,43,172,SRC02:主变1+SRC03:设备明细,电网建模数据_Agent整合版_V1.2,"filter contract regions/35,110 kV; validate composite key and capacity",real_2021_2025,validated_src02_src03,563180da9b4fd16012c14ddb974e76ce1f06dfdd8ca13816a2ac529901b91176
QX-00007|110|BDZ-00094|#2,QX-00007,110,BDZ-00094,#2,50,unknown,year_end_2025,BDZ-00219,,44,171,SRC02:主变1+SRC03:设备明细,电网建模数据_Agent整合版_V1.2,"filter contract regions/35,110 kV; validate composite key and capacity",real_2021_2025,validated_src02_src03,563180da9b4fd16012c14ddb974e76ce1f06dfdd8ca13816a2ac529901b91176
QX-00007|110|BDZ-00102|#1,QX-00007,110,BDZ-00102,#1,50,unknown,year_end_2025,BDZ-00233,6,61,182,SRC02:主变1+SRC03:设备明细,电网建模数据_Agent整合版_V1.2,"filter contract regions/35,110 kV; validate composite key and capacity",real_2021_2025,validated_src02_src03,563180da9b4fd16012c14ddb974e76ce1f06dfdd8ca13816a2ac529901b91176
QX-00007|110|BDZ-00102|#2,QX-00007,110,BDZ-00102,#2,50,unknown,year_end_2025,BDZ-00233,,62,183,SRC02:主变1+SRC03:设备明细,电网建模数据_Agent整合版_V1.2,"filter contract regions/35,110 kV; validate composite key and capacity",real_2021_2025,validated_src02_src03,563180da9b4fd16012c14ddb974e76ce1f06dfdd8ca13816a2ac529901b91176
QX-00007|110|BDZ-00103|#1,QX-00007,110,BDZ-00103,#1,50,unknown,year_end_2025,BDZ-00223,2,14,166,SRC02:主变1+SRC03:设备明细,电网建模数据_Agent整合版_V1.2,"filter contract regions/35,110 kV; validate composite key and capacity",real_2021_2025,validated_src02_src03,563180da9b4fd16012c14ddb974e76ce1f06dfdd8ca13816a2ac529901b91176
QX-00007|110|BDZ-00103|#2,QX-00007,110,BDZ-00103,#2,50,unknown,year_end_2025,BDZ-00219,,15,165,SRC02:主变1+SRC03:设备明细,电网建模数据_Agent整合版_V1.2,"filter contract regions/35,110 kV; validate composite key and capacity",real_2021_2025,validated_src02_src03,563180da9b4fd16012c14ddb974e76ce1f06dfdd8ca13816a2ac529901b91176
QX-00007|110|BDZ-00106|#1,QX-00007,110,BDZ-00106,#1,50,unknown,year_end_2025,BDZ-00221,19,63,163,SRC02:主变1+SRC03:设备明细,电网建模数据_Agent整合版_V1.2,"filter contract regions/35,110 kV; validate composite key and capacity",real_2021_2025,validated_src02_src03,563180da9b4fd16012c14ddb974e76ce1f06dfdd8ca13816a2ac529901b91176
QX-00007|110|BDZ-00106|#2,QX-00007,110,BDZ-00106,#2,50,unknown,year_end_2025,BDZ-00221,,64,164,SRC02:主变1+SRC03:设备明细,电网建模数据_Agent整合版_V1.2,"filter contract regions/35,110 kV; validate composite key and capacity",real_2021_2025,validated_src02_src03,563180da9b4fd16012c14ddb974e76ce1f06dfdd8ca13816a2ac529901b91176
QX-00007|110|BDZ-00110|#1,QX-00007,110,BDZ-00110,#1,100,unknown,year_end_2025,BDZ-00215,16,49,138,SRC02:主变1+SRC03:设备明细,电网建模数据_Agent整合版_V1.2,"filter contract regions/35,110 kV; validate composite key and capacity",real_2021_2025,validated_src02_src03,563180da9b4fd16012c14ddb974e76ce1f06dfdd8ca13816a2ac529901b91176
QX-00007|110|BDZ-00110|#3,QX-00007,110,BDZ-00110,#3,100,unknown,year_end_2025,BDZ-00215,,50,137,SRC02:主变1+SRC03:设备明细,电网建模数据_Agent整合版_V1.2,"filter contract regions/35,110 kV; validate composite key and capacity",real_2021_2025,validated_src02_src03,563180da9b4fd16012c14ddb974e76ce1f06dfdd8ca13816a2ac529901b91176
QX-00007|110|BDZ-00114|#1,QX-00007,110,BDZ-00114,#1,63,unknown,year_end_2025,BDZ-00216,2,40,187,SRC02:主变1+SRC03:设备明细,电网建模数据_Agent整合版_V1.2,"filter contract regions/35,110 kV; validate composite key and capacity",real_2021_2025,validated_src02_src03,563180da9b4fd16012c14ddb974e76ce1f06dfdd8ca13816a2ac529901b91176
QX-00007|110|BDZ-00114|#2,QX-00007,110,BDZ-00114,#2,50,unknown,year_end_2025,BDZ-00198,,41,186,SRC02:主变1+SRC03:设备明细,电网建模数据_Agent整合版_V1.2,"filter contract regions/35,110 kV; validate composite key and capacity",real_2021_2025,validated_src02_src03,563180da9b4fd16012c14ddb974e76ce1f06dfdd8ca13816a2ac529901b91176
QX-00007|110|BDZ-00114|#3,QX-00007,110,BDZ-00114,#3,63,unknown,year_end_2025,BDZ-00198,,42,188,SRC02:主变1+SRC03:设备明细,电网建模数据_Agent整合版_V1.2,"filter contract regions/35,110 kV; validate composite key and capacity",real_2021_2025,validated_src02_src03,563180da9b4fd16012c14ddb974e76ce1f06dfdd8ca13816a2ac529901b91176
QX-00007|110|BDZ-00115|#1,QX-00007,110,BDZ-00115,#1,50,unknown,year_end_2025,BDZ-00191,0,8,176,SRC02:主变1+SRC03:设备明细,电网建模数据_Agent整合版_V1.2,"filter contract regions/35,110 kV; validate composite key and capacity",real_2021_2025,validated_src02_src03,563180da9b4fd16012c14ddb974e76ce1f06dfdd8ca13816a2ac529901b91176
QX-00007|110|BDZ-00115|#2,QX-00007,110,BDZ-00115,#2,50,unknown,year_end_2025,BDZ-00203,,9,175,SRC02:主变1+SRC03:设备明细,电网建模数据_Agent整合版_V1.2,"filter contract regions/35,110 kV; validate composite key and capacity",real_2021_2025,validated_src02_src03,563180da9b4fd16012c14ddb974e76ce1f06dfdd8ca13816a2ac529901b91176
QX-00007|110|BDZ-00137|#1,QX-00007,110,BDZ-00137,#1,50,unknown,year_end_2025,BDZ-00198,4,26,133,SRC02:主变1+SRC03:设备明细,电网建模数据_Agent整合版_V1.2,"filter contract regions/35,110 kV; validate composite key and capacity",real_2021_2025,validated_src02_src03,563180da9b4fd16012c14ddb974e76ce1f06dfdd8ca13816a2ac529901b91176
QX-00007|110|BDZ-00137|#3,QX-00007,110,BDZ-00137,#3,50,unknown,year_end_2025,BDZ-00233,,27,134,SRC02:主变1+SRC03:设备明细,电网建模数据_Agent整合版_V1.2,"filter contract regions/35,110 kV; validate composite key and capacity",real_2021_2025,validated_src02_src03,563180da9b4fd16012c14ddb974e76ce1f06dfdd8ca13816a2ac529901b91176
QX-00007|110|BDZ-00139|#1,QX-00007,110,BDZ-00139,#1,50,unknown,year_end_2025,BDZ-00187,7,45,191,SRC02:主变1+SRC03:设备明细,电网建模数据_Agent整合版_V1.2,"filter contract regions/35,110 kV; validate composite key and capacity",real_2021_2025,validated_src02_src03,563180da9b4fd16012c14ddb974e76ce1f06dfdd8ca13816a2ac529901b91176
QX-00007|110|BDZ-00139|#2,QX-00007,110,BDZ-00139,#2,50,unknown,year_end_2025,BDZ-00215,,46,192,SRC02:主变1+SRC03:设备明细,电网建模数据_Agent整合版_V1.2,"filter contract regions/35,110 kV; validate composite key and capacity",real_2021_2025,validated_src02_src03,563180da9b4fd16012c14ddb974e76ce1f06dfdd8ca13816a2ac529901b91176
QX-00007|110|BDZ-00148|#1,QX-00007,110,BDZ-00148,#1,80,unknown,year_end_2025,BDZ-00223,2,30,142,SRC02:主变1+SRC03:设备明细,电网建模数据_Agent整合版_V1.2,"filter contract regions/35,110 kV; validate composite key and capacity",real_2021_2025,validated_src02_src03,563180da9b4fd16012c14ddb974e76ce1f06dfdd8ca13816a2ac529901b91176
QX-00007|110|BDZ-00148|#2,QX-00007,110,BDZ-00148,#2,80,unknown,year_end_2025,BDZ-00242,,31,141,SRC02:主变1+SRC03:设备明细,电网建模数据_Agent整合版_V1.2,"filter contract regions/35,110 kV; validate composite key and capacity",real_2021_2025,validated_src02_src03,563180da9b4fd16012c14ddb974e76ce1f06dfdd8ca13816a2ac529901b91176
QX-00007|110|BDZ-00151|#1,QX-00007,110,BDZ-00151,#1,63,unknown,year_end_2025,BDZ-00223,1,38,203,SRC02:主变1+SRC03:设备明细,电网建模数据_Agent整合版_V1.2,"filter contract regions/35,110 kV; validate composite key and capacity",real_2021_2025,validated_src02_src03,563180da9b4fd16012c14ddb974e76ce1f06dfdd8ca13816a2ac529901b91176
QX-00007|110|BDZ-00151|#2,QX-00007,110,BDZ-00151,#2,80,unknown,year_end_2025,BDZ-00191,,39,204,SRC02:主变1+SRC03:设备明细,电网建模数据_Agent整合版_V1.2,"filter contract regions/35,110 kV; validate composite key and capacity",real_2021_2025,validated_src02_src03,563180da9b4fd16012c14ddb974e76ce1f06dfdd8ca13816a2ac529901b91176
QX-00007|110|BDZ-00154|#1,QX-00007,110,BDZ-00154,#1,50,unknown,year_end_2025,BDZ-00223,17,53,190,SRC02:主变1+SRC03:设备明细,电网建模数据_Agent整合版_V1.2,"filter contract regions/35,110 kV; validate composite key and capacity",real_2021_2025,validated_src02_src03,563180da9b4fd16012c14ddb974e76ce1f06dfdd8ca13816a2ac529901b91176
QX-00007|110|BDZ-00154|#3,QX-00007,110,BDZ-00154,#3,63,unknown,year_end_2025,BDZ-00203,,54,189,SRC02:主变1+SRC03:设备明细,电网建模数据_Agent整合版_V1.2,"filter contract regions/35,110 kV; validate composite key and capacity",real_2021_2025,validated_src02_src03,563180da9b4fd16012c14ddb974e76ce1f06dfdd8ca13816a2ac529901b91176
QX-00007|110|BDZ-00155|#2,QX-00007,110,BDZ-00155,#2,50,unknown,year_end_2025,BDZ-00198,2,10,144,SRC02:主变1+SRC03:设备明细,电网建模数据_Agent整合版_V1.2,"filter contract regions/35,110 kV; validate composite key and capacity",real_2021_2025,validated_src02_src03,563180da9b4fd16012c14ddb974e76ce1f06dfdd8ca13816a2ac529901b91176
QX-00007|110|BDZ-00155|#3,QX-00007,110,BDZ-00155,#3,50,unknown,year_end_2025,BDZ-00216,,11,143,SRC02:主变1+SRC03:设备明细,电网建模数据_Agent整合版_V1.2,"filter contract regions/35,110 kV; validate composite key and capacity",real_2021_2025,validated_src02_src03,563180da9b4fd16012c14ddb974e76ce1f06dfdd8ca13816a2ac529901b91176
QX-00007|110|BDZ-00156|#1,QX-00007,110,BDZ-00156,#1,63,unknown,year_end_2025,BDZ-00198,5,36,161,SRC02:主变1+SRC03:设备明细,电网建模数据_Agent整合版_V1.2,"filter contract regions/35,110 kV; validate composite key and capacity",real_2021_2025,validated_src02_src03,563180da9b4fd16012c14ddb974e76ce1f06dfdd8ca13816a2ac529901b91176
QX-00007|110|BDZ-00156|#2,QX-00007,110,BDZ-00156,#2,63,unknown,year_end_2025,BDZ-00221,,37,162,SRC02:主变1+SRC03:设备明细,电网建模数据_Agent整合版_V1.2,"filter contract regions/35,110 kV; validate composite key and capacity",real_2021_2025,validated_src02_src03,563180da9b4fd16012c14ddb974e76ce1f06dfdd8ca13816a2ac529901b91176
QX-00007|110|BDZ-00175|#1,QX-00007,110,BDZ-00175,#1,100,unknown,year_end_2025,BDZ-00203,3,51,185,SRC02:主变1+SRC03:设备明细,电网建模数据_Agent整合版_V1.2,"filter contract regions/35,110 kV; validate composite key and capacity",real_2021_2025,validated_src02_src03,563180da9b4fd16012c14ddb974e76ce1f06dfdd8ca13816a2ac529901b91176
QX-00007|110|BDZ-00175|#3,QX-00007,110,BDZ-00175,#3,50,unknown,year_end_2025,BDZ-00191,,52,184,SRC02:主变1+SRC03:设备明细,电网建模数据_Agent整合版_V1.2,"filter contract regions/35,110 kV; validate composite key and capacity",real_2021_2025,validated_src02_src03,563180da9b4fd16012c14ddb974e76ce1f06dfdd8ca13816a2ac529901b91176
QX-00008|35|BDZ-00257|#1,QX-00008,35,BDZ-00257,#1,10,unknown,year_end_2025,BDZ-00217,3,104,490,SRC02:主变1+SRC03:设备明细,电网建模数据_Agent整合版_V1.2,"filter contract regions/35,110 kV; validate composite key and capacity",real_2021_2025,validated_src02_src03,563180da9b4fd16012c14ddb974e76ce1f06dfdd8ca13816a2ac529901b91176
QX-00008|35|BDZ-00257|#2,QX-00008,35,BDZ-00257,#2,6.3,unknown,year_end_2025,BDZ-00217,,105,489,SRC02:主变1+SRC03:设备明细,电网建模数据_Agent整合版_V1.2,"filter contract regions/35,110 kV; validate composite key and capacity",real_2021_2025,validated_src02_src03,563180da9b4fd16012c14ddb974e76ce1f06dfdd8ca13816a2ac529901b91176
QX-00008|35|BDZ-00269|#1,QX-00008,35,BDZ-00269,#1,20,unknown,year_end_2025,BDZ-00217,2,106,479,SRC02:主变1+SRC03:设备明细,电网建模数据_Agent整合版_V1.2,"filter contract regions/35,110 kV; validate composite key and capacity",real_2021_2025,validated_src02_src03,563180da9b4fd16012c14ddb974e76ce1f06dfdd8ca13816a2ac529901b91176
QX-00008|35|BDZ-00269|#2,QX-00008,35,BDZ-00269,#2,20,unknown,year_end_2025,BDZ-00217,,107,480,SRC02:主变1+SRC03:设备明细,电网建模数据_Agent整合版_V1.2,"filter contract regions/35,110 kV; validate composite key and capacity",real_2021_2025,validated_src02_src03,563180da9b4fd16012c14ddb974e76ce1f06dfdd8ca13816a2ac529901b91176
QX-00008|35|BDZ-00292|#1,QX-00008,35,BDZ-00292,#1,10,unknown,year_end_2025,BDZ-00043,0,108,485,SRC02:主变1+SRC03:设备明细,电网建模数据_Agent整合版_V1.2,"filter contract regions/35,110 kV; validate composite key and capacity",real_2021_2025,validated_src02_src03,563180da9b4fd16012c14ddb974e76ce1f06dfdd8ca13816a2ac529901b91176
QX-00008|35|BDZ-00292|#2,QX-00008,35,BDZ-00292,#2,10,unknown,year_end_2025,BDZ-00043,,109,486,SRC02:主变1+SRC03:设备明细,电网建模数据_Agent整合版_V1.2,"filter contract regions/35,110 kV; validate composite key and capacity",real_2021_2025,validated_src02_src03,563180da9b4fd16012c14ddb974e76ce1f06dfdd8ca13816a2ac529901b91176
QX-00008|35|BDZ-00293|#1,QX-00008,35,BDZ-00293,#1,20,unknown,year_end_2025,BDZ-00209,0,110,487,SRC02:主变1+SRC03:设备明细,电网建模数据_Agent整合版_V1.2,"filter contract regions/35,110 kV; validate composite key and capacity",real_2021_2025,validated_src02_src03,563180da9b4fd16012c14ddb974e76ce1f06dfdd8ca13816a2ac529901b91176
QX-00008|35|BDZ-00293|#2,QX-00008,35,BDZ-00293,#2,20,unknown,year_end_2025,BDZ-00045,,111,488,SRC02:主变1+SRC03:设备明细,电网建模数据_Agent整合版_V1.2,"filter contract regions/35,110 kV; validate composite key and capacity",real_2021_2025,validated_src02_src03,563180da9b4fd16012c14ddb974e76ce1f06dfdd8ca13816a2ac529901b91176
QX-00008|35|BDZ-00301|#1,QX-00008,35,BDZ-00301,#1,8,unknown,year_end_2025,BDZ-00217,0,112,483,SRC02:主变1+SRC03:设备明细,电网建模数据_Agent整合版_V1.2,"filter contract regions/35,110 kV; validate composite key and capacity",real_2021_2025,validated_src02_src03,563180da9b4fd16012c14ddb974e76ce1f06dfdd8ca13816a2ac529901b91176
QX-00008|35|BDZ-00301|#2,QX-00008,35,BDZ-00301,#2,20,unknown,year_end_2025,BDZ-00257,,113,484,SRC02:主变1+SRC03:设备明细,电网建模数据_Agent整合版_V1.2,"filter contract regions/35,110 kV; validate composite key and capacity",real_2021_2025,validated_src02_src03,563180da9b4fd16012c14ddb974e76ce1f06dfdd8ca13816a2ac529901b91176
QX-00008|35|BDZ-00320|#1,QX-00008,35,BDZ-00320,#1,10,unknown,year_end_2025,BDZ-00081,2,114,482,SRC02:主变1+SRC03:设备明细,电网建模数据_Agent整合版_V1.2,"filter contract regions/35,110 kV; validate composite key and capacity",real_2021_2025,validated_src02_src03,563180da9b4fd16012c14ddb974e76ce1f06dfdd8ca13816a2ac529901b91176
QX-00008|35|BDZ-00320|#2,QX-00008,35,BDZ-00320,#2,10,unknown,year_end_2025,BDZ-00043,,115,481,SRC02:主变1+SRC03:设备明细,电网建模数据_Agent整合版_V1.2,"filter contract regions/35,110 kV; validate composite key and capacity",real_2021_2025,validated_src02_src03,563180da9b4fd16012c14ddb974e76ce1f06dfdd8ca13816a2ac529901b91176
QX-00008|110|BDZ-00003|#1,QX-00008,110,BDZ-00003,#1,50,unknown,year_end_2025,BDZ-00244,9,311,298,SRC02:主变1+SRC03:设备明细,电网建模数据_Agent整合版_V1.2,"filter contract regions/35,110 kV; validate composite key and capacity",real_2021_2025,validated_src02_src03,563180da9b4fd16012c14ddb974e76ce1f06dfdd8ca13816a2ac529901b91176
QX-00008|110|BDZ-00003|#2,QX-00008,110,BDZ-00003,#2,50,unknown,year_end_2025,BDZ-00217,,312,297,SRC02:主变1+SRC03:设备明细,电网建模数据_Agent整合版_V1.2,"filter contract regions/35,110 kV; validate composite key and capacity",real_2021_2025,validated_src02_src03,563180da9b4fd16012c14ddb974e76ce1f06dfdd8ca13816a2ac529901b91176
QX-00008|110|BDZ-00030|#1,QX-00008,110,BDZ-00030,#1,50,unknown,year_end_2025,BDZ-00217,2,303,308,SRC02:主变1+SRC03:设备明细,电网建模数据_Agent整合版_V1.2,"filter contract regions/35,110 kV; validate composite key and capacity",real_2021_2025,validated_src02_src03,563180da9b4fd16012c14ddb974e76ce1f06dfdd8ca13816a2ac529901b91176
QX-00008|110|BDZ-00030|#2,QX-00008,110,BDZ-00030,#2,50,unknown,year_end_2025,BDZ-00244,,304,307,SRC02:主变1+SRC03:设备明细,电网建模数据_Agent整合版_V1.2,"filter contract regions/35,110 kV; validate composite key and capacity",real_2021_2025,validated_src02_src03,563180da9b4fd16012c14ddb974e76ce1f06dfdd8ca13816a2ac529901b91176
QX-00008|110|BDZ-00038|#2,QX-00008,110,BDZ-00038,#2,50,unknown,year_end_2025,BDZ-00209,3,281,323,SRC02:主变1+SRC03:设备明细,电网建模数据_Agent整合版_V1.2,"filter contract regions/35,110 kV; validate composite key and capacity",real_2021_2025,validated_src02_src03,563180da9b4fd16012c14ddb974e76ce1f06dfdd8ca13816a2ac529901b91176
QX-00008|110|BDZ-00038|#3,QX-00008,110,BDZ-00038,#3,50,unknown,year_end_2025,BDZ-00226,,282,324,SRC02:主变1+SRC03:设备明细,电网建模数据_Agent整合版_V1.2,"filter contract regions/35,110 kV; validate composite key and capacity",real_2021_2025,validated_src02_src03,563180da9b4fd16012c14ddb974e76ce1f06dfdd8ca13816a2ac529901b91176
QX-00008|110|BDZ-00043|#1,QX-00008,110,BDZ-00043,#1,31.5,unknown,year_end_2025,BDZ-00226,0,289,293,SRC02:主变1+SRC03:设备明细,电网建模数据_Agent整合版_V1.2,"filter contract regions/35,110 kV; validate composite key and capacity",real_2021_2025,validated_src02_src03,563180da9b4fd16012c14ddb974e76ce1f06dfdd8ca13816a2ac529901b91176
QX-00008|110|BDZ-00043|#2,QX-00008,110,BDZ-00043,#2,31.5,unknown,year_end_2025,BDZ-00238,,290,294,SRC02:主变1+SRC03:设备明细,电网建模数据_Agent整合版_V1.2,"filter contract regions/35,110 kV; validate composite key and capacity",real_2021_2025,validated_src02_src03,563180da9b4fd16012c14ddb974e76ce1f06dfdd8ca13816a2ac529901b91176
QX-00008|110|BDZ-00045|#1,QX-00008,110,BDZ-00045,#1,50,unknown,year_end_2025,BDZ-00244,5,299,300,SRC02:主变1+SRC03:设备明细,电网建模数据_Agent整合版_V1.2,"filter contract regions/35,110 kV; validate composite key and capacity",real_2021_2025,validated_src02_src03,563180da9b4fd16012c14ddb974e76ce1f06dfdd8ca13816a2ac529901b91176
QX-00008|110|BDZ-00045|#2,QX-00008,110,BDZ-00045,#2,50,unknown,year_end_2025,BDZ-00209,,300,299,SRC02:主变1+SRC03:设备明细,电网建模数据_Agent整合版_V1.2,"filter contract regions/35,110 kV; validate composite key and capacity",real_2021_2025,validated_src02_src03,563180da9b4fd16012c14ddb974e76ce1f06dfdd8ca13816a2ac529901b91176
QX-00008|110|BDZ-00063|#1,QX-00008,110,BDZ-00063,#1,50,unknown,year_end_2025,BDZ-00230,16,315,317,SRC02:主变1+SRC03:设备明细,电网建模数据_Agent整合版_V1.2,"filter contract regions/35,110 kV; validate composite key and capacity",real_2021_2025,validated_src02_src03,563180da9b4fd16012c14ddb974e76ce1f06dfdd8ca13816a2ac529901b91176
QX-00008|110|BDZ-00063|#2,QX-00008,110,BDZ-00063,#2,50,unknown,year_end_2025,BDZ-00217,,316,318,SRC02:主变1+SRC03:设备明细,电网建模数据_Agent整合版_V1.2,"filter contract regions/35,110 kV; validate composite key and capacity",real_2021_2025,validated_src02_src03,563180da9b4fd16012c14ddb974e76ce1f06dfdd8ca13816a2ac529901b91176
QX-00008|110|BDZ-00066|#1,QX-00008,110,BDZ-00066,#1,50,unknown,year_end_2025,BDZ-00217,18,317,321,SRC02:主变1+SRC03:设备明细,电网建模数据_Agent整合版_V1.2,"filter contract regions/35,110 kV; validate composite key and capacity",real_2021_2025,validated_src02_src03,563180da9b4fd16012c14ddb974e76ce1f06dfdd8ca13816a2ac529901b91176
QX-00008|110|BDZ-00066|#2,QX-00008,110,BDZ-00066,#2,50,unknown,year_end_2025,BDZ-00209,,318,322,SRC02:主变1+SRC03:设备明细,电网建模数据_Agent整合版_V1.2,"filter contract regions/35,110 kV; validate composite key and capacity",real_2021_2025,validated_src02_src03,563180da9b4fd16012c14ddb974e76ce1f06dfdd8ca13816a2ac529901b91176
QX-00008|110|BDZ-00067|#1,QX-00008,110,BDZ-00067,#1,50,unknown,year_end_2025,BDZ-00244,12,309,303,SRC02:主变1+SRC03:设备明细,电网建模数据_Agent整合版_V1.2,"filter contract regions/35,110 kV; validate composite key and capacity",real_2021_2025,validated_src02_src03,563180da9b4fd16012c14ddb974e76ce1f06dfdd8ca13816a2ac529901b91176
QX-00008|110|BDZ-00067|#2,QX-00008,110,BDZ-00067,#2,50,unknown,year_end_2025,BDZ-00244,,310,304,SRC02:主变1+SRC03:设备明细,电网建模数据_Agent整合版_V1.2,"filter contract regions/35,110 kV; validate composite key and capacity",real_2021_2025,validated_src02_src03,563180da9b4fd16012c14ddb974e76ce1f06dfdd8ca13816a2ac529901b91176
QX-00008|110|BDZ-00070|#1,QX-00008,110,BDZ-00070,#1,50,unknown,year_end_2025,BDZ-00226,0,297,320,SRC02:主变1+SRC03:设备明细,电网建模数据_Agent整合版_V1.2,"filter contract regions/35,110 kV; validate composite key and capacity",real_2021_2025,validated_src02_src03,563180da9b4fd16012c14ddb974e76ce1f06dfdd8ca13816a2ac529901b91176
QX-00008|110|BDZ-00070|#2,QX-00008,110,BDZ-00070,#2,50,unknown,year_end_2025,BDZ-00209,,298,319,SRC02:主变1+SRC03:设备明细,电网建模数据_Agent整合版_V1.2,"filter contract regions/35,110 kV; validate composite key and capacity",real_2021_2025,validated_src02_src03,563180da9b4fd16012c14ddb974e76ce1f06dfdd8ca13816a2ac529901b91176
QX-00008|110|BDZ-00073|#1,QX-00008,110,BDZ-00073,#1,50,unknown,year_end_2025,BDZ-00209,4,291,290,SRC02:主变1+SRC03:设备明细,电网建模数据_Agent整合版_V1.2,"filter contract regions/35,110 kV; validate composite key and capacity",real_2021_2025,validated_src02_src03,563180da9b4fd16012c14ddb974e76ce1f06dfdd8ca13816a2ac529901b91176
QX-00008|110|BDZ-00073|#2,QX-00008,110,BDZ-00073,#2,50,unknown,year_end_2025,BDZ-00209,,292,289,SRC02:主变1+SRC03:设备明细,电网建模数据_Agent整合版_V1.2,"filter contract regions/35,110 kV; validate composite key and capacity",real_2021_2025,validated_src02_src03,563180da9b4fd16012c14ddb974e76ce1f06dfdd8ca13816a2ac529901b91176
QX-00008|110|BDZ-00081|#1,QX-00008,110,BDZ-00081,#1,31.5,unknown,year_end_2025,BDZ-00230,2,301,325,SRC02:主变1+SRC03:设备明细,电网建模数据_Agent整合版_V1.2,"filter contract regions/35,110 kV; validate composite key and capacity",real_2021_2025,validated_src02_src03,563180da9b4fd16012c14ddb974e76ce1f06dfdd8ca13816a2ac529901b91176
QX-00008|110|BDZ-00081|#2,QX-00008,110,BDZ-00081,#2,31.5,unknown,year_end_2025,BDZ-00244,,302,326,SRC02:主变1+SRC03:设备明细,电网建模数据_Agent整合版_V1.2,"filter contract regions/35,110 kV; validate composite key and capacity",real_2021_2025,validated_src02_src03,563180da9b4fd16012c14ddb974e76ce1f06dfdd8ca13816a2ac529901b91176
QX-00008|110|BDZ-00100|#1,QX-00008,110,BDZ-00100,#1,50,unknown,year_end_2025,BDZ-00217,0,295,316,SRC02:主变1+SRC03:设备明细,电网建模数据_Agent整合版_V1.2,"filter contract regions/35,110 kV; validate composite key and capacity",real_2021_2025,validated_src02_src03,563180da9b4fd16012c14ddb974e76ce1f06dfdd8ca13816a2ac529901b91176
QX-00008|110|BDZ-00100|#2,QX-00008,110,BDZ-00100,#2,80,unknown,year_end_2025,BDZ-00209,,296,315,SRC02:主变1+SRC03:设备明细,电网建模数据_Agent整合版_V1.2,"filter contract regions/35,110 kV; validate composite key and capacity",real_2021_2025,validated_src02_src03,563180da9b4fd16012c14ddb974e76ce1f06dfdd8ca13816a2ac529901b91176
QX-00008|110|BDZ-00104|#1,QX-00008,110,BDZ-00104,#1,31.5,unknown,year_end_2025,BDZ-00209,1,285,310,SRC02:主变1+SRC03:设备明细,电网建模数据_Agent整合版_V1.2,"filter contract regions/35,110 kV; validate composite key and capacity",real_2021_2025,validated_src02_src03,563180da9b4fd16012c14ddb974e76ce1f06dfdd8ca13816a2ac529901b91176
QX-00008|110|BDZ-00104|#2,QX-00008,110,BDZ-00104,#2,50,unknown,year_end_2025,BDZ-00217,,286,309,SRC02:主变1+SRC03:设备明细,电网建模数据_Agent整合版_V1.2,"filter contract regions/35,110 kV; validate composite key and capacity",real_2021_2025,validated_src02_src03,563180da9b4fd16012c14ddb974e76ce1f06dfdd8ca13816a2ac529901b91176
QX-00008|110|BDZ-00107|#1,QX-00008,110,BDZ-00107,#1,50,unknown,year_end_2025,BDZ-00217,7,307,301,SRC02:主变1+SRC03:设备明细,电网建模数据_Agent整合版_V1.2,"filter contract regions/35,110 kV; validate composite key and capacity",real_2021_2025,validated_src02_src03,563180da9b4fd16012c14ddb974e76ce1f06dfdd8ca13816a2ac529901b91176
QX-00008|110|BDZ-00107|#2,QX-00008,110,BDZ-00107,#2,50,unknown,year_end_2025,BDZ-00226,,308,302,SRC02:主变1+SRC03:设备明细,电网建模数据_Agent整合版_V1.2,"filter contract regions/35,110 kV; validate composite key and capacity",real_2021_2025,validated_src02_src03,563180da9b4fd16012c14ddb974e76ce1f06dfdd8ca13816a2ac529901b91176
QX-00008|110|BDZ-00121|#1,QX-00008,110,BDZ-00121,#1,50,unknown,year_end_2025,BDZ-00217,1,293,292,SRC02:主变1+SRC03:设备明细,电网建模数据_Agent整合版_V1.2,"filter contract regions/35,110 kV; validate composite key and capacity",real_2021_2025,validated_src02_src03,563180da9b4fd16012c14ddb974e76ce1f06dfdd8ca13816a2ac529901b91176
QX-00008|110|BDZ-00121|#2,QX-00008,110,BDZ-00121,#2,40,unknown,year_end_2025,BDZ-00230,,294,291,SRC02:主变1+SRC03:设备明细,电网建模数据_Agent整合版_V1.2,"filter contract regions/35,110 kV; validate composite key and capacity",real_2021_2025,validated_src02_src03,563180da9b4fd16012c14ddb974e76ce1f06dfdd8ca13816a2ac529901b91176
QX-00008|110|BDZ-00125|#1,QX-00008,110,BDZ-00125,#1,80,unknown,year_end_2025,BDZ-00217,3,287,313,SRC02:主变1+SRC03:设备明细,电网建模数据_Agent整合版_V1.2,"filter contract regions/35,110 kV; validate composite key and capacity",real_2021_2025,validated_src02_src03,563180da9b4fd16012c14ddb974e76ce1f06dfdd8ca13816a2ac529901b91176
QX-00008|110|BDZ-00125|#2,QX-00008,110,BDZ-00125,#2,80,unknown,year_end_2025,BDZ-00244,,288,314,SRC02:主变1+SRC03:设备明细,电网建模数据_Agent整合版_V1.2,"filter contract regions/35,110 kV; validate composite key and capacity",real_2021_2025,validated_src02_src03,563180da9b4fd16012c14ddb974e76ce1f06dfdd8ca13816a2ac529901b91176
QX-00008|110|BDZ-00138|#1,QX-00008,110,BDZ-00138,#1,50,unknown,year_end_2025,BDZ-00244,9,313,311,SRC02:主变1+SRC03:设备明细,电网建模数据_Agent整合版_V1.2,"filter contract regions/35,110 kV; validate composite key and capacity",real_2021_2025,validated_src02_src03,563180da9b4fd16012c14ddb974e76ce1f06dfdd8ca13816a2ac529901b91176
QX-00008|110|BDZ-00138|#2,QX-00008,110,BDZ-00138,#2,50,unknown,year_end_2025,BDZ-00209,,314,312,SRC02:主变1+SRC03:设备明细,电网建模数据_Agent整合版_V1.2,"filter contract regions/35,110 kV; validate composite key and capacity",real_2021_2025,validated_src02_src03,563180da9b4fd16012c14ddb974e76ce1f06dfdd8ca13816a2ac529901b91176
QX-00008|110|BDZ-00166|#1,QX-00008,110,BDZ-00166,#1,50,unknown,year_end_2025,BDZ-00244,3,283,306,SRC02:主变1+SRC03:设备明细,电网建模数据_Agent整合版_V1.2,"filter contract regions/35,110 kV; validate composite key and capacity",real_2021_2025,validated_src02_src03,563180da9b4fd16012c14ddb974e76ce1f06dfdd8ca13816a2ac529901b91176
QX-00008|110|BDZ-00166|#3,QX-00008,110,BDZ-00166,#3,50,unknown,year_end_2025,BDZ-00217,,284,305,SRC02:主变1+SRC03:设备明细,电网建模数据_Agent整合版_V1.2,"filter contract regions/35,110 kV; validate composite key and capacity",real_2021_2025,validated_src02_src03,563180da9b4fd16012c14ddb974e76ce1f06dfdd8ca13816a2ac529901b91176
QX-00008|110|BDZ-00170|#1,QX-00008,110,BDZ-00170,#1,20,unknown,year_end_2025,BDZ-00226,8,305,296,SRC02:主变1+SRC03:设备明细,电网建模数据_Agent整合版_V1.2,"filter contract regions/35,110 kV; validate composite key and capacity",real_2021_2025,validated_src02_src03,563180da9b4fd16012c14ddb974e76ce1f06dfdd8ca13816a2ac529901b91176
QX-00008|110|BDZ-00170|#2,QX-00008,110,BDZ-00170,#2,50,unknown,year_end_2025,BDZ-00238,,306,295,SRC02:主变1+SRC03:设备明细,电网建模数据_Agent整合版_V1.2,"filter contract regions/35,110 kV; validate composite key and capacity",real_2021_2025,validated_src02_src03,563180da9b4fd16012c14ddb974e76ce1f06dfdd8ca13816a2ac529901b91176
QX-00009|35|BDZ-00253|#1,QX-00009,35,BDZ-00253,#1,20,unknown,year_end_2025,BDZ-00176,3,54,507,SRC02:主变1+SRC03:设备明细,电网建模数据_Agent整合版_V1.2,"filter contract regions/35,110 kV; validate composite key and capacity",real_2021_2025,validated_src02_src03,563180da9b4fd16012c14ddb974e76ce1f06dfdd8ca13816a2ac529901b91176
QX-00009|35|BDZ-00253|#2,QX-00009,35,BDZ-00253,#2,20,unknown,year_end_2025,BDZ-00176,,55,508,SRC02:主变1+SRC03:设备明细,电网建模数据_Agent整合版_V1.2,"filter contract regions/35,110 kV; validate composite key and capacity",real_2021_2025,validated_src02_src03,563180da9b4fd16012c14ddb974e76ce1f06dfdd8ca13816a2ac529901b91176
QX-00009|35|BDZ-00259|#1,QX-00009,35,BDZ-00259,#1,20,unknown,year_end_2025,BDZ-00242,0,56,513,SRC02:主变1+SRC03:设备明细,电网建模数据_Agent整合版_V1.2,"filter contract regions/35,110 kV; validate composite key and capacity",real_2021_2025,validated_src02_src03,563180da9b4fd16012c14ddb974e76ce1f06dfdd8ca13816a2ac529901b91176
QX-00009|35|BDZ-00259|#2,QX-00009,35,BDZ-00259,#2,20,unknown,year_end_2025,BDZ-00242,,57,514,SRC02:主变1+SRC03:设备明细,电网建模数据_Agent整合版_V1.2,"filter contract regions/35,110 kV; validate composite key and capacity",real_2021_2025,validated_src02_src03,563180da9b4fd16012c14ddb974e76ce1f06dfdd8ca13816a2ac529901b91176
QX-00009|35|BDZ-00266|#1,QX-00009,35,BDZ-00266,#1,20,unknown,year_end_2025,BDZ-00218,0,58,519,SRC02:主变1+SRC03:设备明细,电网建模数据_Agent整合版_V1.2,"filter contract regions/35,110 kV; validate composite key and capacity",real_2021_2025,validated_src02_src03,563180da9b4fd16012c14ddb974e76ce1f06dfdd8ca13816a2ac529901b91176
QX-00009|35|BDZ-00266|#2,QX-00009,35,BDZ-00266,#2,20,unknown,year_end_2025,BDZ-00218,,59,520,SRC02:主变1+SRC03:设备明细,电网建模数据_Agent整合版_V1.2,"filter contract regions/35,110 kV; validate composite key and capacity",real_2021_2025,validated_src02_src03,563180da9b4fd16012c14ddb974e76ce1f06dfdd8ca13816a2ac529901b91176
QX-00009|35|BDZ-00277|#1,QX-00009,35,BDZ-00277,#1,20,unknown,year_end_2025,BDZ-00224,0,60,517,SRC02:主变1+SRC03:设备明细,电网建模数据_Agent整合版_V1.2,"filter contract regions/35,110 kV; validate composite key and capacity",real_2021_2025,validated_src02_src03,563180da9b4fd16012c14ddb974e76ce1f06dfdd8ca13816a2ac529901b91176
QX-00009|35|BDZ-00277|#2,QX-00009,35,BDZ-00277,#2,20,unknown,year_end_2025,BDZ-00224,,61,518,SRC02:主变1+SRC03:设备明细,电网建模数据_Agent整合版_V1.2,"filter contract regions/35,110 kV; validate composite key and capacity",real_2021_2025,validated_src02_src03,563180da9b4fd16012c14ddb974e76ce1f06dfdd8ca13816a2ac529901b91176
QX-00009|35|BDZ-00281|#1,QX-00009,35,BDZ-00281,#1,8,unknown,year_end_2025,BDZ-00129,0,62,510,SRC02:主变1+SRC03:设备明细,电网建模数据_Agent整合版_V1.2,"filter contract regions/35,110 kV; validate composite key and capacity",real_2021_2025,validated_src02_src03,563180da9b4fd16012c14ddb974e76ce1f06dfdd8ca13816a2ac529901b91176
QX-00009|35|BDZ-00281|#2,QX-00009,35,BDZ-00281,#2,6.3,unknown,year_end_2025,BDZ-00129,,63,509,SRC02:主变1+SRC03:设备明细,电网建模数据_Agent整合版_V1.2,"filter contract regions/35,110 kV; validate composite key and capacity",real_2021_2025,validated_src02_src03,563180da9b4fd16012c14ddb974e76ce1f06dfdd8ca13816a2ac529901b91176
QX-00009|35|BDZ-00284|#1,QX-00009,35,BDZ-00284,#1,20,unknown,year_end_2025,BDZ-00310,4,64,511,SRC02:主变1+SRC03:设备明细,电网建模数据_Agent整合版_V1.2,"filter contract regions/35,110 kV; validate composite key and capacity",real_2021_2025,validated_src02_src03,563180da9b4fd16012c14ddb974e76ce1f06dfdd8ca13816a2ac529901b91176
QX-00009|35|BDZ-00284|#2,QX-00009,35,BDZ-00284,#2,10,unknown,year_end_2025,BDZ-00020,,65,512,SRC02:主变1+SRC03:设备明细,电网建模数据_Agent整合版_V1.2,"filter contract regions/35,110 kV; validate composite key and capacity",real_2021_2025,validated_src02_src03,563180da9b4fd16012c14ddb974e76ce1f06dfdd8ca13816a2ac529901b91176
QX-00009|35|BDZ-00303|#1,QX-00009,35,BDZ-00303,#1,20,unknown,year_end_2025,BDZ-00091,6,66,515,SRC02:主变1+SRC03:设备明细,电网建模数据_Agent整合版_V1.2,"filter contract regions/35,110 kV; validate composite key and capacity",real_2021_2025,validated_src02_src03,563180da9b4fd16012c14ddb974e76ce1f06dfdd8ca13816a2ac529901b91176
QX-00009|35|BDZ-00303|#2,QX-00009,35,BDZ-00303,#2,20,unknown,year_end_2025,BDZ-00218,,67,516,SRC02:主变1+SRC03:设备明细,电网建模数据_Agent整合版_V1.2,"filter contract regions/35,110 kV; validate composite key and capacity",real_2021_2025,validated_src02_src03,563180da9b4fd16012c14ddb974e76ce1f06dfdd8ca13816a2ac529901b91176
QX-00009|35|BDZ-00310|#1,QX-00009,35,BDZ-00310,#1,10,unknown,year_end_2025,BDZ-00284,3,68,505,SRC02:主变1+SRC03:设备明细,电网建模数据_Agent整合版_V1.2,"filter contract regions/35,110 kV; validate composite key and capacity",real_2021_2025,validated_src02_src03,563180da9b4fd16012c14ddb974e76ce1f06dfdd8ca13816a2ac529901b91176
QX-00009|35|BDZ-00310|#2,QX-00009,35,BDZ-00310,#2,20,unknown,year_end_2025,BDZ-00013,,69,506,SRC02:主变1+SRC03:设备明细,电网建模数据_Agent整合版_V1.2,"filter contract regions/35,110 kV; validate composite key and capacity",real_2021_2025,validated_src02_src03,563180da9b4fd16012c14ddb974e76ce1f06dfdd8ca13816a2ac529901b91176
QX-00009|110|BDZ-00014|#1,QX-00009,110,BDZ-00014,#1,50,unknown,year_end_2025,BDZ-00191,24,209,409,SRC02:主变1+SRC03:设备明细,电网建模数据_Agent整合版_V1.2,"filter contract regions/35,110 kV; validate composite key and capacity",real_2021_2025,validated_src02_src03,563180da9b4fd16012c14ddb974e76ce1f06dfdd8ca13816a2ac529901b91176
QX-00009|110|BDZ-00014|#2,QX-00009,110,BDZ-00014,#2,50,unknown,year_end_2025,BDZ-00191,,210,410,SRC02:主变1+SRC03:设备明细,电网建模数据_Agent整合版_V1.2,"filter contract regions/35,110 kV; validate composite key and capacity",real_2021_2025,validated_src02_src03,563180da9b4fd16012c14ddb974e76ce1f06dfdd8ca13816a2ac529901b91176
QX-00009|110|BDZ-00020|#1,QX-00009,110,BDZ-00020,#1,50,unknown,year_end_2025,BDZ-00210,1,191,379,SRC02:主变1+SRC03:设备明细,电网建模数据_Agent整合版_V1.2,"filter contract regions/35,110 kV; validate composite key and capacity",real_2021_2025,validated_src02_src03,563180da9b4fd16012c14ddb974e76ce1f06dfdd8ca13816a2ac529901b91176
QX-00009|110|BDZ-00020|#2,QX-00009,110,BDZ-00020,#2,63,unknown,year_end_2025,BDZ-00192,,192,380,SRC02:主变1+SRC03:设备明细,电网建模数据_Agent整合版_V1.2,"filter contract regions/35,110 kV; validate composite key and capacity",real_2021_2025,validated_src02_src03,563180da9b4fd16012c14ddb974e76ce1f06dfdd8ca13816a2ac529901b91176
QX-00009|110|BDZ-00040|#1,QX-00009,110,BDZ-00040,#1,63,unknown,year_end_2025,BDZ-00237,1,185,405,SRC02:主变1+SRC03:设备明细,电网建模数据_Agent整合版_V1.2,"filter contract regions/35,110 kV; validate composite key and capacity",real_2021_2025,validated_src02_src03,563180da9b4fd16012c14ddb974e76ce1f06dfdd8ca13816a2ac529901b91176
QX-00009|110|BDZ-00040|#2,QX-00009,110,BDZ-00040,#2,63,unknown,year_end_2025,BDZ-00218,,186,406,SRC02:主变1+SRC03:设备明细,电网建模数据_Agent整合版_V1.2,"filter contract regions/35,110 kV; validate composite key and capacity",real_2021_2025,validated_src02_src03,563180da9b4fd16012c14ddb974e76ce1f06dfdd8ca13816a2ac529901b91176
QX-00009|110|BDZ-00055|#1,QX-00009,110,BDZ-00055,#1,50,unknown,year_end_2025,BDZ-00242,0,179,381,SRC02:主变1+SRC03:设备明细,电网建模数据_Agent整合版_V1.2,"filter contract regions/35,110 kV; validate composite key and capacity",real_2021_2025,validated_src02_src03,563180da9b4fd16012c14ddb974e76ce1f06dfdd8ca13816a2ac529901b91176
QX-00009|110|BDZ-00055|#2,QX-00009,110,BDZ-00055,#2,31.5,unknown,year_end_2025,BDZ-00191,,180,382,SRC02:主变1+SRC03:设备明细,电网建模数据_Agent整合版_V1.2,"filter contract regions/35,110 kV; validate composite key and capacity",real_2021_2025,validated_src02_src03,563180da9b4fd16012c14ddb974e76ce1f06dfdd8ca13816a2ac529901b91176
QX-00009|110|BDZ-00057|#1,QX-00009,110,BDZ-00057,#1,50,unknown,year_end_2025,BDZ-00237,2,183,391,SRC02:主变1+SRC03:设备明细,电网建模数据_Agent整合版_V1.2,"filter contract regions/35,110 kV; validate composite key and capacity",real_2021_2025,validated_src02_src03,563180da9b4fd16012c14ddb974e76ce1f06dfdd8ca13816a2ac529901b91176
QX-00009|110|BDZ-00057|#2,QX-00009,110,BDZ-00057,#2,100,unknown,year_end_2025,BDZ-00218,,184,392,SRC02:主变1+SRC03:设备明细,电网建模数据_Agent整合版_V1.2,"filter contract regions/35,110 kV; validate composite key and capacity",real_2021_2025,validated_src02_src03,563180da9b4fd16012c14ddb974e76ce1f06dfdd8ca13816a2ac529901b91176
QX-00009|110|BDZ-00068|#1,QX-00009,110,BDZ-00068,#1,50,unknown,year_end_2025,BDZ-00187,0,199,396,SRC02:主变1+SRC03:设备明细,电网建模数据_Agent整合版_V1.2,"filter contract regions/35,110 kV; validate composite key and capacity",real_2021_2025,validated_src02_src03,563180da9b4fd16012c14ddb974e76ce1f06dfdd8ca13816a2ac529901b91176
QX-00009|110|BDZ-00068|#2,QX-00009,110,BDZ-00068,#2,50,unknown,year_end_2025,BDZ-00218,,200,395,SRC02:主变1+SRC03:设备明细,电网建模数据_Agent整合版_V1.2,"filter contract regions/35,110 kV; validate composite key and capacity",real_2021_2025,validated_src02_src03,563180da9b4fd16012c14ddb974e76ce1f06dfdd8ca13816a2ac529901b91176
QX-00009|110|BDZ-00069|#1,QX-00009,110,BDZ-00069,#1,63,unknown,year_end_2025,BDZ-00239,1,169,370,SRC02:主变1+SRC03:设备明细,电网建模数据_Agent整合版_V1.2,"filter contract regions/35,110 kV; validate composite key and capacity",real_2021_2025,validated_src02_src03,563180da9b4fd16012c14ddb974e76ce1f06dfdd8ca13816a2ac529901b91176
QX-00009|110|BDZ-00069|#2,QX-00009,110,BDZ-00069,#2,50,unknown,year_end_2025,BDZ-00194,,170,369,SRC02:主变1+SRC03:设备明细,电网建模数据_Agent整合版_V1.2,"filter contract regions/35,110 kV; validate composite key and capacity",real_2021_2025,validated_src02_src03,563180da9b4fd16012c14ddb974e76ce1f06dfdd8ca13816a2ac529901b91176
QX-00009|110|BDZ-00077|#1,QX-00009,110,BDZ-00077,#1,50,unknown,year_end_2025,BDZ-00228,10,195,407,SRC02:主变1+SRC03:设备明细,电网建模数据_Agent整合版_V1.2,"filter contract regions/35,110 kV; validate composite key and capacity",real_2021_2025,validated_src02_src03,563180da9b4fd16012c14ddb974e76ce1f06dfdd8ca13816a2ac529901b91176
QX-00009|110|BDZ-00077|#2,QX-00009,110,BDZ-00077,#2,50,unknown,year_end_2025,BDZ-00212,,196,408,SRC02:主变1+SRC03:设备明细,电网建模数据_Agent整合版_V1.2,"filter contract regions/35,110 kV; validate composite key and capacity",real_2021_2025,validated_src02_src03,563180da9b4fd16012c14ddb974e76ce1f06dfdd8ca13816a2ac529901b91176
QX-00009|110|BDZ-00084|#1,QX-00009,110,BDZ-00084,#1,31.5,unknown,year_end_2025,BDZ-00230,9,201,375,SRC02:主变1+SRC03:设备明细,电网建模数据_Agent整合版_V1.2,"filter contract regions/35,110 kV; validate composite key and capacity",real_2021_2025,validated_src02_src03,563180da9b4fd16012c14ddb974e76ce1f06dfdd8ca13816a2ac529901b91176
QX-00009|110|BDZ-00084|#2,QX-00009,110,BDZ-00084,#2,31.5,unknown,year_end_2025,BDZ-00192,,202,376,SRC02:主变1+SRC03:设备明细,电网建模数据_Agent整合版_V1.2,"filter contract regions/35,110 kV; validate composite key and capacity",real_2021_2025,validated_src02_src03,563180da9b4fd16012c14ddb974e76ce1f06dfdd8ca13816a2ac529901b91176
QX-00009|110|BDZ-00086|#1,QX-00009,110,BDZ-00086,#1,50,unknown,year_end_2025,BDZ-00224,8,189,401,SRC02:主变1+SRC03:设备明细,电网建模数据_Agent整合版_V1.2,"filter contract regions/35,110 kV; validate composite key and capacity",real_2021_2025,validated_src02_src03,563180da9b4fd16012c14ddb974e76ce1f06dfdd8ca13816a2ac529901b91176
QX-00009|110|BDZ-00086|#2,QX-00009,110,BDZ-00086,#2,50,unknown,year_end_2025,BDZ-00229,,190,402,SRC02:主变1+SRC03:设备明细,电网建模数据_Agent整合版_V1.2,"filter contract regions/35,110 kV; validate composite key and capacity",real_2021_2025,validated_src02_src03,563180da9b4fd16012c14ddb974e76ce1f06dfdd8ca13816a2ac529901b91176
QX-00009|110|BDZ-00087|#1,QX-00009,110,BDZ-00087,#1,31.5,unknown,year_end_2025,BDZ-00239,6,193,404,SRC02:主变1+SRC03:设备明细,电网建模数据_Agent整合版_V1.2,"filter contract regions/35,110 kV; validate composite key and capacity",real_2021_2025,validated_src02_src03,563180da9b4fd16012c14ddb974e76ce1f06dfdd8ca13816a2ac529901b91176
QX-00009|110|BDZ-00087|#2,QX-00009,110,BDZ-00087,#2,31.5,unknown,year_end_2025,BDZ-00194,,194,403,SRC02:主变1+SRC03:设备明细,电网建模数据_Agent整合版_V1.2,"filter contract regions/35,110 kV; validate composite key and capacity",real_2021_2025,validated_src02_src03,563180da9b4fd16012c14ddb974e76ce1f06dfdd8ca13816a2ac529901b91176
QX-00009|110|BDZ-00091|#1,QX-00009,110,BDZ-00091,#1,63,unknown,year_end_2025,BDZ-00215,2,187,371,SRC02:主变1+SRC03:设备明细,电网建模数据_Agent整合版_V1.2,"filter contract regions/35,110 kV; validate composite key and capacity",real_2021_2025,validated_src02_src03,563180da9b4fd16012c14ddb974e76ce1f06dfdd8ca13816a2ac529901b91176
QX-00009|110|BDZ-00091|#2,QX-00009,110,BDZ-00091,#2,50,unknown,year_end_2025,BDZ-00218,,188,372,SRC02:主变1+SRC03:设备明细,电网建模数据_Agent整合版_V1.2,"filter contract regions/35,110 kV; validate composite key and capacity",real_2021_2025,validated_src02_src03,563180da9b4fd16012c14ddb974e76ce1f06dfdd8ca13816a2ac529901b91176
QX-00009|110|BDZ-00127|#1,QX-00009,110,BDZ-00127,#1,50,unknown,year_end_2025,BDZ-00224,2,171,383,SRC02:主变1+SRC03:设备明细,电网建模数据_Agent整合版_V1.2,"filter contract regions/35,110 kV; validate composite key and capacity",real_2021_2025,validated_src02_src03,563180da9b4fd16012c14ddb974e76ce1f06dfdd8ca13816a2ac529901b91176
QX-00009|110|BDZ-00127|#2,QX-00009,110,BDZ-00127,#2,50,unknown,year_end_2025,BDZ-00229,,172,384,SRC02:主变1+SRC03:设备明细,电网建模数据_Agent整合版_V1.2,"filter contract regions/35,110 kV; validate composite key and capacity",real_2021_2025,validated_src02_src03,563180da9b4fd16012c14ddb974e76ce1f06dfdd8ca13816a2ac529901b91176
QX-00009|110|BDZ-00128|#1,QX-00009,110,BDZ-00128,#1,50,unknown,year_end_2025,BDZ-00218,16,207,373,SRC02:主变1+SRC03:设备明细,电网建模数据_Agent整合版_V1.2,"filter contract regions/35,110 kV; validate composite key and capacity",real_2021_2025,validated_src02_src03,563180da9b4fd16012c14ddb974e76ce1f06dfdd8ca13816a2ac529901b91176
QX-00009|110|BDZ-00128|#2,QX-00009,110,BDZ-00128,#2,50,unknown,year_end_2025,BDZ-00237,,208,374,SRC02:主变1+SRC03:设备明细,电网建模数据_Agent整合版_V1.2,"filter contract regions/35,110 kV; validate composite key and capacity",real_2021_2025,validated_src02_src03,563180da9b4fd16012c14ddb974e76ce1f06dfdd8ca13816a2ac529901b91176
QX-00009|110|BDZ-00129|#1,QX-00009,110,BDZ-00129,#1,40,unknown,year_end_2025,BDZ-00228,0,173,390,SRC02:主变1+SRC03:设备明细,电网建模数据_Agent整合版_V1.2,"filter contract regions/35,110 kV; validate composite key and capacity",real_2021_2025,validated_src02_src03,563180da9b4fd16012c14ddb974e76ce1f06dfdd8ca13816a2ac529901b91176
QX-00009|110|BDZ-00129|#2,QX-00009,110,BDZ-00129,#2,40,unknown,year_end_2025,BDZ-00229,,174,389,SRC02:主变1+SRC03:设备明细,电网建模数据_Agent整合版_V1.2,"filter contract regions/35,110 kV; validate composite key and capacity",real_2021_2025,validated_src02_src03,563180da9b4fd16012c14ddb974e76ce1f06dfdd8ca13816a2ac529901b91176
QX-00009|110|BDZ-00134|#1,QX-00009,110,BDZ-00134,#1,50,unknown,year_end_2025,BDZ-00224,1,203,397,SRC02:主变1+SRC03:设备明细,电网建模数据_Agent整合版_V1.2,"filter contract regions/35,110 kV; validate composite key and capacity",real_2021_2025,validated_src02_src03,563180da9b4fd16012c14ddb974e76ce1f06dfdd8ca13816a2ac529901b91176
QX-00009|110|BDZ-00134|#2,QX-00009,110,BDZ-00134,#2,31.5,unknown,year_end_2025,BDZ-00191,,204,398,SRC02:主变1+SRC03:设备明细,电网建模数据_Agent整合版_V1.2,"filter contract regions/35,110 kV; validate composite key and capacity",real_2021_2025,validated_src02_src03,563180da9b4fd16012c14ddb974e76ce1f06dfdd8ca13816a2ac529901b91176
QX-00009|110|BDZ-00150|#1,QX-00009,110,BDZ-00150,#1,50,unknown,year_end_2025,BDZ-00218,0,177,394,SRC02:主变1+SRC03:设备明细,电网建模数据_Agent整合版_V1.2,"filter contract regions/35,110 kV; validate composite key and capacity",real_2021_2025,validated_src02_src03,563180da9b4fd16012c14ddb974e76ce1f06dfdd8ca13816a2ac529901b91176
QX-00009|110|BDZ-00150|#2,QX-00009,110,BDZ-00150,#2,50,unknown,year_end_2025,BDZ-00215,,178,393,SRC02:主变1+SRC03:设备明细,电网建模数据_Agent整合版_V1.2,"filter contract regions/35,110 kV; validate composite key and capacity",real_2021_2025,validated_src02_src03,563180da9b4fd16012c14ddb974e76ce1f06dfdd8ca13816a2ac529901b91176
QX-00009|110|BDZ-00159|#1,QX-00009,110,BDZ-00159,#1,20,unknown,year_end_2025,BDZ-00224,9,197,388,SRC02:主变1+SRC03:设备明细,电网建模数据_Agent整合版_V1.2,"filter contract regions/35,110 kV; validate composite key and capacity",real_2021_2025,validated_src02_src03,563180da9b4fd16012c14ddb974e76ce1f06dfdd8ca13816a2ac529901b91176
QX-00009|110|BDZ-00159|#2,QX-00009,110,BDZ-00159,#2,20,unknown,year_end_2025,BDZ-00229,,198,387,SRC02:主变1+SRC03:设备明细,电网建模数据_Agent整合版_V1.2,"filter contract regions/35,110 kV; validate composite key and capacity",real_2021_2025,validated_src02_src03,563180da9b4fd16012c14ddb974e76ce1f06dfdd8ca13816a2ac529901b91176
QX-00009|110|BDZ-00176|#1,QX-00009,110,BDZ-00176,#1,63,unknown,year_end_2025,BDZ-00230,0,175,386,SRC02:主变1+SRC03:设备明细,电网建模数据_Agent整合版_V1.2,"filter contract regions/35,110 kV; validate composite key and capacity",real_2021_2025,validated_src02_src03,563180da9b4fd16012c14ddb974e76ce1f06dfdd8ca13816a2ac529901b91176
QX-00009|110|BDZ-00176|#2,QX-00009,110,BDZ-00176,#2,50,unknown,year_end_2025,BDZ-00221,,176,385,SRC02:主变1+SRC03:设备明细,电网建模数据_Agent整合版_V1.2,"filter contract regions/35,110 kV; validate composite key and capacity",real_2021_2025,validated_src02_src03,563180da9b4fd16012c14ddb974e76ce1f06dfdd8ca13816a2ac529901b91176
QX-00009|110|BDZ-00178|#1,QX-00009,110,BDZ-00178,#1,50,unknown,year_end_2025,BDZ-00229,0,181,400,SRC02:主变1+SRC03:设备明细,电网建模数据_Agent整合版_V1.2,"filter contract regions/35,110 kV; validate composite key and capacity",real_2021_2025,validated_src02_src03,563180da9b4fd16012c14ddb974e76ce1f06dfdd8ca13816a2ac529901b91176
QX-00009|110|BDZ-00178|#2,QX-00009,110,BDZ-00178,#2,50,unknown,year_end_2025,BDZ-00224,,182,399,SRC02:主变1+SRC03:设备明细,电网建模数据_Agent整合版_V1.2,"filter contract regions/35,110 kV; validate composite key and capacity",real_2021_2025,validated_src02_src03,563180da9b4fd16012c14ddb974e76ce1f06dfdd8ca13816a2ac529901b91176
QX-00009|110|BDZ-00180|#1,QX-00009,110,BDZ-00180,#1,20,unknown,year_end_2025,BDZ-00230,15,205,378,SRC02:主变1+SRC03:设备明细,电网建模数据_Agent整合版_V1.2,"filter contract regions/35,110 kV; validate composite key and capacity",real_2021_2025,validated_src02_src03,563180da9b4fd16012c14ddb974e76ce1f06dfdd8ca13816a2ac529901b91176
QX-00009|110|BDZ-00180|#2,QX-00009,110,BDZ-00180,#2,20,unknown,year_end_2025,BDZ-00218,,206,377,SRC02:主变1+SRC03:设备明细,电网建模数据_Agent整合版_V1.2,"filter contract regions/35,110 kV; validate composite key and capacity",real_2021_2025,validated_src02_src03,563180da9b4fd16012c14ddb974e76ce1f06dfdd8ca13816a2ac529901b91176
QX-00010|35|BDZ-00245|#1,QX-00010,35,BDZ-00245,#1,16,unknown,year_end_2025,BDZ-00200,1,42,460,SRC02:主变1+SRC03:设备明细,电网建模数据_Agent整合版_V1.2,"filter contract regions/35,110 kV; validate composite key and capacity",real_2021_2025,validated_src02_src03,563180da9b4fd16012c14ddb974e76ce1f06dfdd8ca13816a2ac529901b91176
QX-00010|35|BDZ-00245|#2,QX-00010,35,BDZ-00245,#2,20,unknown,year_end_2025,BDZ-00200,,43,459,SRC02:主变1+SRC03:设备明细,电网建模数据_Agent整合版_V1.2,"filter contract regions/35,110 kV; validate composite key and capacity",real_2021_2025,validated_src02_src03,563180da9b4fd16012c14ddb974e76ce1f06dfdd8ca13816a2ac529901b91176
QX-00010|35|BDZ-00260|#1,QX-00010,35,BDZ-00260,#1,20,unknown,year_end_2025,BDZ-00054,1,44,450,SRC02:主变1+SRC03:设备明细,电网建模数据_Agent整合版_V1.2,"filter contract regions/35,110 kV; validate composite key and capacity",real_2021_2025,validated_src02_src03,563180da9b4fd16012c14ddb974e76ce1f06dfdd8ca13816a2ac529901b91176
QX-00010|35|BDZ-00260|#2,QX-00010,35,BDZ-00260,#2,16,unknown,year_end_2025,BDZ-00054,,45,449,SRC02:主变1+SRC03:设备明细,电网建模数据_Agent整合版_V1.2,"filter contract regions/35,110 kV; validate composite key and capacity",real_2021_2025,validated_src02_src03,563180da9b4fd16012c14ddb974e76ce1f06dfdd8ca13816a2ac529901b91176
QX-00010|35|BDZ-00295|#1,QX-00010,35,BDZ-00295,#1,10,unknown,year_end_2025,BDZ-00145,4,46,457,SRC02:主变1+SRC03:设备明细,电网建模数据_Agent整合版_V1.2,"filter contract regions/35,110 kV; validate composite key and capacity",real_2021_2025,validated_src02_src03,563180da9b4fd16012c14ddb974e76ce1f06dfdd8ca13816a2ac529901b91176
QX-00010|35|BDZ-00295|#2,QX-00010,35,BDZ-00295,#2,20,unknown,year_end_2025,BDZ-00145,,47,458,SRC02:主变1+SRC03:设备明细,电网建模数据_Agent整合版_V1.2,"filter contract regions/35,110 kV; validate composite key and capacity",real_2021_2025,validated_src02_src03,563180da9b4fd16012c14ddb974e76ce1f06dfdd8ca13816a2ac529901b91176
QX-00010|35|BDZ-00304|#1,QX-00010,35,BDZ-00304,#1,5,unknown,year_end_2025,BDZ-00200,9,48,456,SRC02:主变1+SRC03:设备明细,电网建模数据_Agent整合版_V1.2,"filter contract regions/35,110 kV; validate composite key and capacity",real_2021_2025,validated_src02_src03,563180da9b4fd16012c14ddb974e76ce1f06dfdd8ca13816a2ac529901b91176
QX-00010|35|BDZ-00304|#2,QX-00010,35,BDZ-00304,#2,5,unknown,year_end_2025,BDZ-00330,,49,455,SRC02:主变1+SRC03:设备明细,电网建模数据_Agent整合版_V1.2,"filter contract regions/35,110 kV; validate composite key and capacity",real_2021_2025,validated_src02_src03,563180da9b4fd16012c14ddb974e76ce1f06dfdd8ca13816a2ac529901b91176
QX-00010|35|BDZ-00306|#1,QX-00010,35,BDZ-00306,#1,20,unknown,year_end_2025,BDZ-00214,1,50,454,SRC02:主变1+SRC03:设备明细,电网建模数据_Agent整合版_V1.2,"filter contract regions/35,110 kV; validate composite key and capacity",real_2021_2025,validated_src02_src03,563180da9b4fd16012c14ddb974e76ce1f06dfdd8ca13816a2ac529901b91176
QX-00010|35|BDZ-00306|#2,QX-00010,35,BDZ-00306,#2,20,unknown,year_end_2025,BDZ-00214,,51,453,SRC02:主变1+SRC03:设备明细,电网建模数据_Agent整合版_V1.2,"filter contract regions/35,110 kV; validate composite key and capacity",real_2021_2025,validated_src02_src03,563180da9b4fd16012c14ddb974e76ce1f06dfdd8ca13816a2ac529901b91176
QX-00010|35|BDZ-00307|#1,QX-00010,35,BDZ-00307,#1,20,unknown,year_end_2025,BDZ-00199,0,52,452,SRC02:主变1+SRC03:设备明细,电网建模数据_Agent整合版_V1.2,"filter contract regions/35,110 kV; validate composite key and capacity",real_2021_2025,validated_src02_src03,563180da9b4fd16012c14ddb974e76ce1f06dfdd8ca13816a2ac529901b91176
QX-00010|35|BDZ-00307|#2,QX-00010,35,BDZ-00307,#2,20,unknown,year_end_2025,BDZ-00054,,53,451,SRC02:主变1+SRC03:设备明细,电网建模数据_Agent整合版_V1.2,"filter contract regions/35,110 kV; validate composite key and capacity",real_2021_2025,validated_src02_src03,563180da9b4fd16012c14ddb974e76ce1f06dfdd8ca13816a2ac529901b91176
QX-00010|110|BDZ-00009|#1,QX-00010,110,BDZ-00009,#1,50,unknown,year_end_2025,BDZ-00145,9,135,279,SRC02:主变1+SRC03:设备明细,电网建模数据_Agent整合版_V1.2,"filter contract regions/35,110 kV; validate composite key and capacity",real_2021_2025,validated_src02_src03,563180da9b4fd16012c14ddb974e76ce1f06dfdd8ca13816a2ac529901b91176
QX-00010|110|BDZ-00009|#3,QX-00010,110,BDZ-00009,#3,31.5,unknown,year_end_2025,BDZ-00207,,136,280,SRC02:主变1+SRC03:设备明细,电网建模数据_Agent整合版_V1.2,"filter contract regions/35,110 kV; validate composite key and capacity",real_2021_2025,validated_src02_src03,563180da9b4fd16012c14ddb974e76ce1f06dfdd8ca13816a2ac529901b91176
QX-00010|110|BDZ-00011|#1,QX-00010,110,BDZ-00011,#1,50,unknown,year_end_2025,BDZ-00205,11,161,209,SRC02:主变1+SRC03:设备明细,电网建模数据_Agent整合版_V1.2,"filter contract regions/35,110 kV; validate composite key and capacity",real_2021_2025,validated_src02_src03,563180da9b4fd16012c14ddb974e76ce1f06dfdd8ca13816a2ac529901b91176
QX-00010|110|BDZ-00011|#2,QX-00010,110,BDZ-00011,#2,50,unknown,year_end_2025,BDZ-00241,,162,210,SRC02:主变1+SRC03:设备明细,电网建模数据_Agent整合版_V1.2,"filter contract regions/35,110 kV; validate composite key and capacity",real_2021_2025,validated_src02_src03,563180da9b4fd16012c14ddb974e76ce1f06dfdd8ca13816a2ac529901b91176
QX-00010|110|BDZ-00035|#1,QX-00010,110,BDZ-00035,#1,50,unknown,year_end_2025,BDZ-00207,12,163,211,SRC02:主变1+SRC03:设备明细,电网建模数据_Agent整合版_V1.2,"filter contract regions/35,110 kV; validate composite key and capacity",real_2021_2025,validated_src02_src03,563180da9b4fd16012c14ddb974e76ce1f06dfdd8ca13816a2ac529901b91176
QX-00010|110|BDZ-00035|#2,QX-00010,110,BDZ-00035,#2,20,unknown,year_end_2025,BDZ-00330,,164,212,SRC02:主变1+SRC03:设备明细,电网建模数据_Agent整合版_V1.2,"filter contract regions/35,110 kV; validate composite key and capacity",real_2021_2025,validated_src02_src03,563180da9b4fd16012c14ddb974e76ce1f06dfdd8ca13816a2ac529901b91176
QX-00010|110|BDZ-00044|#1,QX-00010,110,BDZ-00044,#1,50,unknown,year_end_2025,BDZ-00199,12,159,219,SRC02:主变1+SRC03:设备明细,电网建模数据_Agent整合版_V1.2,"filter contract regions/35,110 kV; validate composite key and capacity",real_2021_2025,validated_src02_src03,563180da9b4fd16012c14ddb974e76ce1f06dfdd8ca13816a2ac529901b91176
QX-00010|110|BDZ-00044|#2,QX-00010,110,BDZ-00044,#2,50,unknown,year_end_2025,BDZ-00241,,160,220,SRC02:主变1+SRC03:设备明细,电网建模数据_Agent整合版_V1.2,"filter contract regions/35,110 kV; validate composite key and capacity",real_2021_2025,validated_src02_src03,563180da9b4fd16012c14ddb974e76ce1f06dfdd8ca13816a2ac529901b91176
QX-00010|110|BDZ-00049|#1,QX-00010,110,BDZ-00049,#1,31.5,unknown,year_end_2025,BDZ-00200,2,139,246,SRC02:主变1+SRC03:设备明细,电网建模数据_Agent整合版_V1.2,"filter contract regions/35,110 kV; validate composite key and capacity",real_2021_2025,validated_src02_src03,563180da9b4fd16012c14ddb974e76ce1f06dfdd8ca13816a2ac529901b91176
QX-00010|110|BDZ-00049|#2,QX-00010,110,BDZ-00049,#2,50,unknown,year_end_2025,BDZ-00330,,140,245,SRC02:主变1+SRC03:设备明细,电网建模数据_Agent整合版_V1.2,"filter contract regions/35,110 kV; validate composite key and capacity",real_2021_2025,validated_src02_src03,563180da9b4fd16012c14ddb974e76ce1f06dfdd8ca13816a2ac529901b91176
QX-00010|110|BDZ-00054|#1,QX-00010,110,BDZ-00054,#1,50,unknown,year_end_2025,BDZ-00241,1,149,241,SRC02:主变1+SRC03:设备明细,电网建模数据_Agent整合版_V1.2,"filter contract regions/35,110 kV; validate composite key and capacity",real_2021_2025,validated_src02_src03,563180da9b4fd16012c14ddb974e76ce1f06dfdd8ca13816a2ac529901b91176
QX-00010|110|BDZ-00054|#2,QX-00010,110,BDZ-00054,#2,63,unknown,year_end_2025,BDZ-00205,,150,242,SRC02:主变1+SRC03:设备明细,电网建模数据_Agent整合版_V1.2,"filter contract regions/35,110 kV; validate composite key and capacity",real_2021_2025,validated_src02_src03,563180da9b4fd16012c14ddb974e76ce1f06dfdd8ca13816a2ac529901b91176
QX-00010|110|BDZ-00089|#1,QX-00010,110,BDZ-00089,#1,80,unknown,year_end_2025,BDZ-00214,0,129,223,SRC02:主变1+SRC03:设备明细,电网建模数据_Agent整合版_V1.2,"filter contract regions/35,110 kV; validate composite key and capacity",real_2021_2025,validated_src02_src03,563180da9b4fd16012c14ddb974e76ce1f06dfdd8ca13816a2ac529901b91176
QX-00010|110|BDZ-00089|#2,QX-00010,110,BDZ-00089,#2,63,unknown,year_end_2025,BDZ-00205,,130,224,SRC02:主变1+SRC03:设备明细,电网建模数据_Agent整合版_V1.2,"filter contract regions/35,110 kV; validate composite key and capacity",real_2021_2025,validated_src02_src03,563180da9b4fd16012c14ddb974e76ce1f06dfdd8ca13816a2ac529901b91176
QX-00010|110|BDZ-00090|#1,QX-00010,110,BDZ-00090,#1,50,unknown,year_end_2025,BDZ-00241,10,165,216,SRC02:主变1+SRC03:设备明细,电网建模数据_Agent整合版_V1.2,"filter contract regions/35,110 kV; validate composite key and capacity",real_2021_2025,validated_src02_src03,563180da9b4fd16012c14ddb974e76ce1f06dfdd8ca13816a2ac529901b91176
QX-00010|110|BDZ-00090|#2,QX-00010,110,BDZ-00090,#2,50,unknown,year_end_2025,BDZ-00214,,166,215,SRC02:主变1+SRC03:设备明细,电网建模数据_Agent整合版_V1.2,"filter contract regions/35,110 kV; validate composite key and capacity",real_2021_2025,validated_src02_src03,563180da9b4fd16012c14ddb974e76ce1f06dfdd8ca13816a2ac529901b91176
QX-00010|110|BDZ-00097|#1,QX-00010,110,BDZ-00097,#1,50,unknown,year_end_2025,BDZ-00205,11,167,222,SRC02:主变1+SRC03:设备明细,电网建模数据_Agent整合版_V1.2,"filter contract regions/35,110 kV; validate composite key and capacity",real_2021_2025,validated_src02_src03,563180da9b4fd16012c14ddb974e76ce1f06dfdd8ca13816a2ac529901b91176
QX-00010|110|BDZ-00097|#2,QX-00010,110,BDZ-00097,#2,50,unknown,year_end_2025,BDZ-00330,,168,221,SRC02:主变1+SRC03:设备明细,电网建模数据_Agent整合版_V1.2,"filter contract regions/35,110 kV; validate composite key and capacity",real_2021_2025,validated_src02_src03,563180da9b4fd16012c14ddb974e76ce1f06dfdd8ca13816a2ac529901b91176
QX-00010|110|BDZ-00099|#1,QX-00010,110,BDZ-00099,#1,63,unknown,year_end_2025,BDZ-00207,0,145,228,SRC02:主变1+SRC03:设备明细,电网建模数据_Agent整合版_V1.2,"filter contract regions/35,110 kV; validate composite key and capacity",real_2021_2025,validated_src02_src03,563180da9b4fd16012c14ddb974e76ce1f06dfdd8ca13816a2ac529901b91176
QX-00010|110|BDZ-00099|#2,QX-00010,110,BDZ-00099,#2,50,unknown,year_end_2025,BDZ-00205,,146,227,SRC02:主变1+SRC03:设备明细,电网建模数据_Agent整合版_V1.2,"filter contract regions/35,110 kV; validate composite key and capacity",real_2021_2025,validated_src02_src03,563180da9b4fd16012c14ddb974e76ce1f06dfdd8ca13816a2ac529901b91176
QX-00010|110|BDZ-00108|#1,QX-00010,110,BDZ-00108,#1,50,unknown,year_end_2025,BDZ-00330,6,143,239,SRC02:主变1+SRC03:设备明细,电网建模数据_Agent整合版_V1.2,"filter contract regions/35,110 kV; validate composite key and capacity",real_2021_2025,validated_src02_src03,563180da9b4fd16012c14ddb974e76ce1f06dfdd8ca13816a2ac529901b91176
QX-00010|110|BDZ-00108|#2,QX-00010,110,BDZ-00108,#2,50,unknown,year_end_2025,BDZ-00330,,144,240,SRC02:主变1+SRC03:设备明细,电网建模数据_Agent整合版_V1.2,"filter contract regions/35,110 kV; validate composite key and capacity",real_2021_2025,validated_src02_src03,563180da9b4fd16012c14ddb974e76ce1f06dfdd8ca13816a2ac529901b91176
QX-00010|110|BDZ-00109|#2,QX-00010,110,BDZ-00109,#2,50,unknown,year_end_2025,BDZ-00330,0,153,229,SRC02:主变1+SRC03:设备明细,电网建模数据_Agent整合版_V1.2,"filter contract regions/35,110 kV; validate composite key and capacity",real_2021_2025,validated_src02_src03,563180da9b4fd16012c14ddb974e76ce1f06dfdd8ca13816a2ac529901b91176
QX-00010|110|BDZ-00109|#3,QX-00010,110,BDZ-00109,#3,50,unknown,year_end_2025,BDZ-00214,,154,230,SRC02:主变1+SRC03:设备明细,电网建模数据_Agent整合版_V1.2,"filter contract regions/35,110 kV; validate composite key and capacity",real_2021_2025,validated_src02_src03,563180da9b4fd16012c14ddb974e76ce1f06dfdd8ca13816a2ac529901b91176
QX-00010|110|BDZ-00113|#2,QX-00010,110,BDZ-00113,#2,31.5,unknown,year_end_2025,BDZ-00330,14,155,237,SRC02:主变1+SRC03:设备明细,电网建模数据_Agent整合版_V1.2,"filter contract regions/35,110 kV; validate composite key and capacity",real_2021_2025,validated_src02_src03,563180da9b4fd16012c14ddb974e76ce1f06dfdd8ca13816a2ac529901b91176
QX-00010|110|BDZ-00113|#3,QX-00010,110,BDZ-00113,#3,50,unknown,year_end_2025,BDZ-00330,,156,238,SRC02:主变1+SRC03:设备明细,电网建模数据_Agent整合版_V1.2,"filter contract regions/35,110 kV; validate composite key and capacity",real_2021_2025,validated_src02_src03,563180da9b4fd16012c14ddb974e76ce1f06dfdd8ca13816a2ac529901b91176
QX-00010|110|BDZ-00120|#1,QX-00010,110,BDZ-00120,#1,20,unknown,year_end_2025,BDZ-00214,0,157,232,SRC02:主变1+SRC03:设备明细,电网建模数据_Agent整合版_V1.2,"filter contract regions/35,110 kV; validate composite key and capacity",real_2021_2025,validated_src02_src03,563180da9b4fd16012c14ddb974e76ce1f06dfdd8ca13816a2ac529901b91176
QX-00010|110|BDZ-00120|#2,QX-00010,110,BDZ-00120,#2,20,unknown,year_end_2025,BDZ-00200,,158,231,SRC02:主变1+SRC03:设备明细,电网建模数据_Agent整合版_V1.2,"filter contract regions/35,110 kV; validate composite key and capacity",real_2021_2025,validated_src02_src03,563180da9b4fd16012c14ddb974e76ce1f06dfdd8ca13816a2ac529901b91176
QX-00010|110|BDZ-00122|#1,QX-00010,110,BDZ-00122,#1,50,unknown,year_end_2025,BDZ-00200,8,141,217,SRC02:主变1+SRC03:设备明细,电网建模数据_Agent整合版_V1.2,"filter contract regions/35,110 kV; validate composite key and capacity",real_2021_2025,validated_src02_src03,563180da9b4fd16012c14ddb974e76ce1f06dfdd8ca13816a2ac529901b91176
QX-00010|110|BDZ-00122|#2,QX-00010,110,BDZ-00122,#2,50,unknown,year_end_2025,BDZ-00330,,142,218,SRC02:主变1+SRC03:设备明细,电网建模数据_Agent整合版_V1.2,"filter contract regions/35,110 kV; validate composite key and capacity",real_2021_2025,validated_src02_src03,563180da9b4fd16012c14ddb974e76ce1f06dfdd8ca13816a2ac529901b91176
QX-00010|110|BDZ-00133|#1,QX-00010,110,BDZ-00133,#1,50,unknown,year_end_2025,BDZ-00330,8,133,236,SRC02:主变1+SRC03:设备明细,电网建模数据_Agent整合版_V1.2,"filter contract regions/35,110 kV; validate composite key and capacity",real_2021_2025,validated_src02_src03,563180da9b4fd16012c14ddb974e76ce1f06dfdd8ca13816a2ac529901b91176
QX-00010|110|BDZ-00133|#2,QX-00010,110,BDZ-00133,#2,63,unknown,year_end_2025,BDZ-00214,,134,235,SRC02:主变1+SRC03:设备明细,电网建模数据_Agent整合版_V1.2,"filter contract regions/35,110 kV; validate composite key and capacity",real_2021_2025,validated_src02_src03,563180da9b4fd16012c14ddb974e76ce1f06dfdd8ca13816a2ac529901b91176
QX-00010|110|BDZ-00145|#1,QX-00010,110,BDZ-00145,#1,50,unknown,year_end_2025,BDZ-00207,4,137,233,SRC02:主变1+SRC03:设备明细,电网建模数据_Agent整合版_V1.2,"filter contract regions/35,110 kV; validate composite key and capacity",real_2021_2025,validated_src02_src03,563180da9b4fd16012c14ddb974e76ce1f06dfdd8ca13816a2ac529901b91176
QX-00010|110|BDZ-00145|#2,QX-00010,110,BDZ-00145,#2,20,unknown,year_end_2025,BDZ-00330,,138,234,SRC02:主变1+SRC03:设备明细,电网建模数据_Agent整合版_V1.2,"filter contract regions/35,110 kV; validate composite key and capacity",real_2021_2025,validated_src02_src03,563180da9b4fd16012c14ddb974e76ce1f06dfdd8ca13816a2ac529901b91176
QX-00010|110|BDZ-00160|#1,QX-00010,110,BDZ-00160,#1,50,unknown,year_end_2025,BDZ-00214,0,131,225,SRC02:主变1+SRC03:设备明细,电网建模数据_Agent整合版_V1.2,"filter contract regions/35,110 kV; validate composite key and capacity",real_2021_2025,validated_src02_src03,563180da9b4fd16012c14ddb974e76ce1f06dfdd8ca13816a2ac529901b91176
QX-00010|110|BDZ-00160|#2,QX-00010,110,BDZ-00160,#2,50,unknown,year_end_2025,BDZ-00214,,132,226,SRC02:主变1+SRC03:设备明细,电网建模数据_Agent整合版_V1.2,"filter contract regions/35,110 kV; validate composite key and capacity",real_2021_2025,validated_src02_src03,563180da9b4fd16012c14ddb974e76ce1f06dfdd8ca13816a2ac529901b91176
QX-00010|110|BDZ-00179|#1,QX-00010,110,BDZ-00179,#1,63,unknown,year_end_2025,BDZ-00207,22,147,244,SRC02:主变1+SRC03:设备明细,电网建模数据_Agent整合版_V1.2,"filter contract regions/35,110 kV; validate composite key and capacity",real_2021_2025,validated_src02_src03,563180da9b4fd16012c14ddb974e76ce1f06dfdd8ca13816a2ac529901b91176
QX-00010|110|BDZ-00179|#2,QX-00010,110,BDZ-00179,#2,80,unknown,year_end_2025,BDZ-00205,,148,243,SRC02:主变1+SRC03:设备明细,电网建模数据_Agent整合版_V1.2,"filter contract regions/35,110 kV; validate composite key and capacity",real_2021_2025,validated_src02_src03,563180da9b4fd16012c14ddb974e76ce1f06dfdd8ca13816a2ac529901b91176
QX-00010|110|BDZ-00185|#1,QX-00010,110,BDZ-00185,#1,63,unknown,year_end_2025,BDZ-00205,25,151,213,SRC02:主变1+SRC03:设备明细,电网建模数据_Agent整合版_V1.2,"filter contract regions/35,110 kV; validate composite key and capacity",real_2021_2025,validated_src02_src03,563180da9b4fd16012c14ddb974e76ce1f06dfdd8ca13816a2ac529901b91176
QX-00010|110|BDZ-00185|#3,QX-00010,110,BDZ-00185,#3,80,unknown,year_end_2025,BDZ-00330,,152,214,SRC02:主变1+SRC03:设备明细,电网建模数据_Agent整合版_V1.2,"filter contract regions/35,110 kV; validate composite key and capacity",real_2021_2025,validated_src02_src03,563180da9b4fd16012c14ddb974e76ce1f06dfdd8ca13816a2ac529901b91176
