hour,data_status,observed_mw,weekly_low_mw,weekly_mean_mw,weekly_high_mw
2025-01-01 00:00:00,observed,644.191264,644.191264,644.191264,644.191264
2025-01-01 01:00:00,observed,613.491827,613.491827,613.491827,613.491827
2025-01-01 02:00:00,observed,571.866393,571.866393,571.866393,571.866393
2025-01-01 03:00:00,observed,533.236328,533.236328,533.236328,533.236328
2025-01-01 04:00:00,observed,514.998098,514.998098,514.998098,514.998098
2025-01-01 05:00:00,observed,509.859996,509.859996,509.859996,509.859996
2025-01-01 06:00:00,observed,531.51747,531.51747,531.51747,531.51747
2025-01-01 07:00:00,observed,573.76416,573.76416,573.76416,573.76416
2025-01-01 08:00:00,observed,630.081793,630.081793,630.081793,630.081793
2025-01-01 09:00:00,observed,662.696811,662.696811,662.696811,662.696811
2025-01-01 10:00:00,observed,665.494113,665.494113,665.494113,665.494113
2025-01-01 11:00:00,observed,652.720464,652.720464,652.720464,652.720464
2025-01-01 12:00:00,observed,625.145996,625.145996,625.145996,625.145996
2025-01-01 13:00:00,observed,578.077099,578.077099,578.077099,578.077099
2025-01-01 14:00:00,observed,564.603001,564.603001,564.603001,564.603001
2025-01-01 15:00:00,observed,572.705466,572.705466,572.705466,572.705466
2025-01-01 16:00:00,observed,618.176305,618.176305,618.176305,618.176305
2025-01-01 17:00:00,observed,697.008282,697.008282,697.008282,697.008282
2025-01-01 18:00:00,observed,791.600073,791.600073,791.600073,791.600073
2025-01-01 19:00:00,observed,798.958348,798.958348,798.958348,798.958348
2025-01-01 20:00:00,observed,810.482113,810.482113,810.482113,810.482113
2025-01-01 21:00:00,observed,808.964026,808.964026,808.964026,808.964026
2025-01-01 22:00:00,observed,740.372128,740.372128,740.372128,740.372128
2025-01-01 23:00:00,observed,646.20808,646.20808,646.20808,646.20808
2025-01-02 00:00:00,observed,561.156353,561.156353,561.156353,561.156353
2025-01-02 01:00:00,observed,525.340715,525.340715,525.340715,525.340715
2025-01-02 02:00:00,observed,485.899982,485.899982,485.899982,485.899982
2025-01-02 03:00:00,observed,459.468324,459.468324,459.468324,459.468324
2025-01-02 04:00:00,observed,452.022007,452.022007,452.022007,452.022007
2025-01-02 05:00:00,observed,456.9088,456.9088,456.9088,456.9088
2025-01-02 06:00:00,observed,517.366544,517.366544,517.366544,517.366544
2025-01-02 07:00:00,observed,628.012176,628.012176,628.012176,628.012176
2025-01-02 08:00:00,observed,703.380785,703.380785,703.380785,703.380785
2025-01-02 09:00:00,observed,828.800219,828.800219,828.800219,828.800219
2025-01-02 10:00:00,observed,837.335807,837.335807,837.335807,837.335807
2025-01-02 11:00:00,observed,818.455529,818.455529,818.455529,818.455529
2025-01-02 12:00:00,observed,779.844453,779.844453,779.844453,779.844453
2025-01-02 13:00:00,observed,778.935584,778.935584,778.935584,778.935584
2025-01-02 14:00:00,observed,769.716162,769.716162,769.716162,769.716162
2025-01-02 15:00:00,observed,793.301691,793.301691,793.301691,793.301691
2025-01-02 16:00:00,observed,823.084465,823.084465,823.084465,823.084465
2025-01-02 17:00:00,observed,697.008282,697.008282,697.008282,697.008282
2025-01-02 18:00:00,observed,897.269332,897.269332,897.269332,897.269332
2025-01-02 19:00:00,observed,886.80119,886.80119,886.80119,886.80119
2025-01-02 20:00:00,observed,880.514282,880.514282,880.514282,880.514282
2025-01-02 21:00:00,observed,864.391249,864.391249,864.391249,864.391249
2025-01-02 22:00:00,observed,796.545166,796.545166,796.545166,796.545166
2025-01-02 23:00:00,observed,703.540828,703.540828,703.540828,703.540828
2025-01-03 00:00:00,observed,609.454917,609.454917,609.454917,609.454917
2025-01-03 01:00:00,observed,570.731715,570.731715,570.731715,570.731715
2025-01-03 02:00:00,observed,531.171368,531.171368,531.171368,531.171368
2025-01-03 03:00:00,observed,502.876229,502.876229,502.876229,502.876229
2025-01-03 04:00:00,observed,486.809876,486.809876,486.809876,486.809876
2025-01-03 05:00:00,observed,491.222935,491.222935,491.222935,491.222935
2025-01-03 06:00:00,observed,551.21976,551.21976,551.21976,551.21976
2025-01-03 07:00:00,observed,655.040279,655.040279,655.040279,655.040279
2025-01-03 08:00:00,observed,722.324127,722.324127,722.324127,722.324127
2025-01-03 09:00:00,observed,831.231691,831.231691,831.231691,831.231691
2025-01-03 10:00:00,observed,823.209002,823.209002,823.209002,823.209002
2025-01-03 11:00:00,observed,806.699963,806.699963,806.699963,806.699963
2025-01-03 12:00:00,observed,758.144848,758.144848,758.144848,758.144848
2025-01-03 13:00:00,observed,710.683841,710.683841,710.683841,710.683841
2025-01-03 14:00:00,observed,711.878138,711.878138,711.878138,711.878138
2025-01-03 15:00:00,observed,724.665635,724.665635,724.665635,724.665635
2025-01-03 16:00:00,observed,757.124979,757.124979,757.124979,757.124979
2025-01-03 17:00:00,observed,816.772603,816.772603,816.772603,816.772603
2025-01-03 18:00:00,observed,876.13107,876.13107,876.13107,876.13107
2025-01-03 19:00:00,observed,880.287465,880.287465,880.287465,880.287465
2025-01-03 20:00:00,observed,879.254879,879.254879,879.254879,879.254879
2025-01-03 21:00:00,observed,867.508116,867.508116,867.508116,867.508116
2025-01-03 22:00:00,observed,810.997845,810.997845,810.997845,810.997845
2025-01-03 23:00:00,observed,724.327422,724.327422,724.327422,724.327422
2025-01-04 00:00:00,observed,618.712545,618.712545,618.712545,618.712545
2025-01-04 01:00:00,observed,574.981329,574.981329,574.981329,574.981329
2025-01-04 02:00:00,observed,531.461585,531.461585,531.461585,531.461585
2025-01-04 03:00:00,observed,498.69812,498.69812,498.69812,498.69812
2025-01-04 04:00:00,observed,480.975211,480.975211,480.975211,480.975211
2025-01-04 05:00:00,observed,481.879452,481.879452,481.879452,481.879452
2025-01-04 06:00:00,observed,519.732167,519.732167,519.732167,519.732167
2025-01-04 07:00:00,observed,579.889246,579.889246,579.889246,579.889246
2025-01-04 08:00:00,observed,650.29893,650.29893,650.29893,650.29893
2025-01-04 09:00:00,observed,746.45159,746.45159,746.45159,746.45159
2025-01-04 10:00:00,observed,766.436565,766.436565,766.436565,766.436565
2025-01-04 11:00:00,observed,784.972014,784.972014,784.972014,784.972014
2025-01-04 12:00:00,observed,721.465708,721.465708,721.465708,721.465708
2025-01-04 13:00:00,observed,685.211001,685.211001,685.211001,685.211001
2025-01-04 14:00:00,observed,696.992479,696.992479,696.992479,696.992479
2025-01-04 15:00:00,observed,694.370959,694.370959,694.370959,694.370959
2025-01-04 16:00:00,observed,736.378007,736.378007,736.378007,736.378007
2025-01-04 17:00:00,observed,793.359905,793.359905,793.359905,793.359905
2025-01-04 18:00:00,observed,845.455117,845.455117,845.455117,845.455117
2025-01-04 19:00:00,observed,833.510694,833.510694,833.510694,833.510694
2025-01-04 20:00:00,observed,833.537953,833.537953,833.537953,833.537953
2025-01-04 21:00:00,observed,814.487473,814.487473,814.487473,814.487473
2025-01-04 22:00:00,observed,761.902943,761.902943,761.902943,761.902943
2025-01-04 23:00:00,observed,682.168176,682.168176,682.168176,682.168176
2025-01-05 00:00:00,observed,586.238794,586.238794,586.238794,586.238794
2025-01-05 01:00:00,observed,549.508297,549.508297,549.508297,549.508297
2025-01-05 02:00:00,observed,507.006967,507.006967,507.006967,507.006967
2025-01-05 03:00:00,observed,477.778625,477.778625,477.778625,477.778625
2025-01-05 04:00:00,observed,460.932882,460.932882,460.932882,460.932882
2025-01-05 05:00:00,observed,465.333564,465.333564,465.333564,465.333564
2025-01-05 06:00:00,observed,490.996806,490.996806,490.996806,490.996806
2025-01-05 07:00:00,observed,544.575548,544.575548,544.575548,544.575548
2025-01-05 08:00:00,observed,603.146497,603.146497,603.146497,603.146497
2025-01-05 09:00:00,observed,663.541077,663.541077,663.541077,663.541077
2025-01-05 10:00:00,observed,666.896192,666.896192,666.896192,666.896192
2025-01-05 11:00:00,observed,656.557359,656.557359,656.557359,656.557359
2025-01-05 12:00:00,observed,624.231901,624.231901,624.231901,624.231901
2025-01-05 13:00:00,observed,584.52707,584.52707,584.52707,584.52707
2025-01-05 14:00:00,observed,589.218348,589.218348,589.218348,589.218348
2025-01-05 15:00:00,observed,600.099881,600.099881,600.099881,600.099881
2025-01-05 16:00:00,observed,646.731918,646.731918,646.731918,646.731918
2025-01-05 17:00:00,observed,726.138034,726.138034,726.138034,726.138034
2025-01-05 18:00:00,observed,805.606325,805.606325,805.606325,805.606325
2025-01-05 19:00:00,observed,804.635672,804.635672,804.635672,804.635672
2025-01-05 20:00:00,observed,814.809171,814.809171,814.809171,814.809171
2025-01-05 21:00:00,observed,809.843872,809.843872,809.843872,809.843872
2025-01-05 22:00:00,observed,734.681819,734.681819,734.681819,734.681819
2025-01-05 23:00:00,observed,643.981615,643.981615,643.981615,643.981615
2025-01-06 00:00:00,observed,558.62483,558.62483,558.62483,558.62483
2025-01-06 01:00:00,observed,519.339268,519.339268,519.339268,519.339268
2025-01-06 02:00:00,observed,479.313346,479.313346,479.313346,479.313346
2025-01-06 03:00:00,observed,450.803751,450.803751,450.803751,450.803751
2025-01-06 04:00:00,observed,434.991595,434.991595,434.991595,434.991595
2025-01-06 05:00:00,observed,448.465823,448.465823,448.465823,448.465823
2025-01-06 06:00:00,observed,508.704688,508.704688,508.704688,508.704688
2025-01-06 07:00:00,observed,623.483511,623.483511,623.483511,623.483511
2025-01-06 08:00:00,observed,693.801702,693.801702,693.801702,693.801702
2025-01-06 09:00:00,observed,813.006291,813.006291,813.006291,813.006291
2025-01-06 10:00:00,observed,795.290346,795.290346,795.290346,795.290346
2025-01-06 11:00:00,observed,770.823091,770.823091,770.823091,770.823091
2025-01-06 12:00:00,observed,731.794502,731.794502,731.794502,731.794502
2025-01-06 13:00:00,observed,695.145131,695.145131,695.145131,695.145131
2025-01-06 14:00:00,observed,699.22946,699.22946,699.22946,699.22946
2025-01-06 15:00:00,observed,708.609443,708.609443,708.609443,708.609443
2025-01-06 16:00:00,observed,757.463258,757.463258,757.463258,757.463258
2025-01-06 17:00:00,observed,818.461244,818.461244,818.461244,818.461244
2025-01-06 18:00:00,observed,890.331797,890.331797,890.331797,890.331797
2025-01-06 19:00:00,observed,892.416475,892.416475,892.416475,892.416475
2025-01-06 20:00:00,observed,887.144714,887.144714,887.144714,887.144714
2025-01-06 21:00:00,observed,871.386086,871.386086,871.386086,871.386086
2025-01-06 22:00:00,observed,801.758999,801.758999,801.758999,801.758999
2025-01-06 23:00:00,observed,708.003925,708.003925,708.003925,708.003925
2025-01-07 00:00:00,observed,614.638701,614.638701,614.638701,614.638701
2025-01-07 01:00:00,observed,578.702542,578.702542,578.702542,578.702542
2025-01-07 02:00:00,observed,532.856596,532.856596,532.856596,532.856596
2025-01-07 03:00:00,observed,505.351739,505.351739,505.351739,505.351739
2025-01-07 04:00:00,observed,487.626567,487.626567,487.626567,487.626567
2025-01-07 05:00:00,observed,497.225598,497.225598,497.225598,497.225598
2025-01-07 06:00:00,observed,565.220456,565.220456,565.220456,565.220456
2025-01-07 07:00:00,observed,672.410227,672.410227,672.410227,672.410227
2025-01-07 08:00:00,observed,720.092714,720.092714,720.092714,720.092714
2025-01-07 09:00:00,observed,835.066355,835.066355,835.066355,835.066355
2025-01-07 10:00:00,observed,818.371628,818.371628,818.371628,818.371628
2025-01-07 11:00:00,observed,793.71203,793.71203,793.71203,793.71203
2025-01-07 12:00:00,observed,740.552088,740.552088,740.552088,740.552088
2025-01-07 13:00:00,observed,706.957622,706.957622,706.957622,706.957622
2025-01-07 14:00:00,observed,697.872586,697.872586,697.872586,697.872586
2025-01-07 15:00:00,observed,701.456004,701.456004,701.456004,701.456004
2025-01-07 16:00:00,observed,745.034131,745.034131,745.034131,745.034131
2025-01-07 17:00:00,observed,812.82894,812.82894,812.82894,812.82894
2025-01-07 18:00:00,observed,880.318743,880.318743,880.318743,880.318743
2025-01-07 19:00:00,observed,881.021799,881.021799,881.021799,881.021799
2025-01-07 20:00:00,observed,884.691503,884.691503,884.691503,884.691503
2025-01-07 21:00:00,observed,878.000073,878.000073,878.000073,878.000073
2025-01-07 22:00:00,observed,804.792728,804.792728,804.792728,804.792728
2025-01-07 23:00:00,observed,716.275429,716.275429,716.275429,716.275429
2025-01-08 00:00:00,observed,614.389964,614.389964,614.389964,614.389964
2025-01-08 01:00:00,observed,573.886278,573.886278,573.886278,573.886278
2025-01-08 02:00:00,observed,533.622294,533.622294,533.622294,533.622294
2025-01-08 03:00:00,observed,502.966783,502.966783,502.966783,502.966783
2025-01-08 04:00:00,observed,482.295169,482.295169,482.295169,482.295169
2025-01-08 05:00:00,observed,488.885608,488.885608,488.885608,488.885608
2025-01-08 06:00:00,observed,547.248335,547.248335,547.248335,547.248335
2025-01-08 07:00:00,observed,666.615873,666.615873,666.615873,666.615873
2025-01-08 08:00:00,observed,716.961388,716.961388,716.961388,716.961388
2025-01-08 09:00:00,observed,834.916169,834.916169,834.916169,834.916169
2025-01-08 10:00:00,observed,824.122024,824.122024,824.122024,824.122024
2025-01-08 11:00:00,observed,805.714133,805.714133,805.714133,805.714133
2025-01-08 12:00:00,observed,756.610354,756.610354,756.610354,756.610354
2025-01-08 13:00:00,observed,715.667673,715.667673,715.667673,715.667673
2025-01-08 14:00:00,observed,712.907408,712.907408,712.907408,712.907408
2025-01-08 15:00:00,observed,727.190966,727.190966,727.190966,727.190966
2025-01-08 16:00:00,observed,779.760913,779.760913,779.760913,779.760913
2025-01-08 17:00:00,observed,849.693236,849.693236,849.693236,849.693236
2025-01-08 18:00:00,observed,926.970294,926.970294,926.970294,926.970294
2025-01-08 19:00:00,observed,939.793585,939.793585,939.793585,939.793585
2025-01-08 20:00:00,observed,946.390115,946.390115,946.390115,946.390115
2025-01-08 21:00:00,observed,929.434372,929.434372,929.434372,929.434372
2025-01-08 22:00:00,observed,851.037979,851.037979,851.037979,851.037979
2025-01-08 23:00:00,observed,753.996668,753.996668,753.996668,753.996668
2025-01-09 00:00:00,observed,645.194001,645.194001,645.194001,645.194001
2025-01-09 01:00:00,observed,608.668984,608.668984,608.668984,608.668984
2025-01-09 02:00:00,observed,562.325184,562.325184,562.325184,562.325184
2025-01-09 03:00:00,observed,526.926923,526.926923,526.926923,526.926923
2025-01-09 04:00:00,observed,509.958231,509.958231,509.958231,509.958231
2025-01-09 05:00:00,observed,516.91602,516.91602,516.91602,516.91602
2025-01-09 06:00:00,observed,580.493391,580.493391,580.493391,580.493391
2025-01-09 07:00:00,observed,689.20419,689.20419,689.20419,689.20419
2025-01-09 08:00:00,observed,760.991639,760.991639,760.991639,760.991639
2025-01-09 09:00:00,observed,869.891964,869.891964,869.891964,869.891964
2025-01-09 10:00:00,observed,857.034118,857.034118,857.034118,857.034118
2025-01-09 11:00:00,observed,843.579443,843.579443,843.579443,843.579443
2025-01-09 12:00:00,observed,795.101676,795.101676,795.101676,795.101676
2025-01-09 13:00:00,observed,748.846778,748.846778,748.846778,748.846778
2025-01-09 14:00:00,observed,763.204074,763.204074,763.204074,763.204074
2025-01-09 15:00:00,observed,780.568959,780.568959,780.568959,780.568959
2025-01-09 16:00:00,observed,841.066267,841.066267,841.066267,841.066267
2025-01-09 17:00:00,observed,907.037559,907.037559,907.037559,907.037559
2025-01-09 18:00:00,observed,975.598812,975.598812,975.598812,975.598812
2025-01-09 19:00:00,observed,984.005571,984.005571,984.005571,984.005571
2025-01-09 20:00:00,observed,991.631242,991.631242,991.631242,991.631242
2025-01-09 21:00:00,observed,971.972861,971.972861,971.972861,971.972861
2025-01-09 22:00:00,observed,874.91973,874.91973,874.91973,874.91973
2025-01-09 23:00:00,observed,774.762421,774.762421,774.762421,774.762421
2025-01-10 00:00:00,observed,668.493258,668.493258,668.493258,668.493258
2025-01-10 01:00:00,observed,628.029905,628.029905,628.029905,628.029905
2025-01-10 02:00:00,observed,584.853714,584.853714,584.853714,584.853714
2025-01-10 03:00:00,observed,552.648815,552.648815,552.648815,552.648815
2025-01-10 04:00:00,observed,529.913136,529.913136,529.913136,529.913136
2025-01-10 05:00:00,observed,532.168933,532.168933,532.168933,532.168933
2025-01-10 06:00:00,observed,588.23845,588.23845,588.23845,588.23845
2025-01-10 07:00:00,observed,711.776757,711.776757,711.776757,711.776757
2025-01-10 08:00:00,observed,780.621752,780.621752,780.621752,780.621752
2025-01-10 09:00:00,observed,899.123437,899.123437,899.123437,899.123437
2025-01-10 10:00:00,observed,888.765973,888.765973,888.765973,888.765973
2025-01-10 11:00:00,observed,868.754166,868.754166,868.754166,868.754166
2025-01-10 12:00:00,observed,795.101676,795.101676,795.101676,795.101676
2025-01-10 13:00:00,observed,775.62101,775.62101,775.62101,775.62101
2025-01-10 14:00:00,observed,766.480109,766.480109,766.480109,766.480109
2025-01-10 15:00:00,observed,779.503127,779.503127,779.503127,779.503127
2025-01-10 16:00:00,observed,816.861147,816.861147,816.861147,816.861147
2025-01-10 17:00:00,observed,894.340574,894.340574,894.340574,894.340574
2025-01-10 18:00:00,observed,956.025508,956.025508,956.025508,956.025508
2025-01-10 19:00:00,observed,969.383548,969.383548,969.383548,969.383548
2025-01-10 20:00:00,observed,975.686972,975.686972,975.686972,975.686972
2025-01-10 21:00:00,observed,955.886445,955.886445,955.886445,955.886445
2025-01-10 22:00:00,observed,885.624922,885.624922,885.624922,885.624922
2025-01-10 23:00:00,observed,784.20009,784.20009,784.20009,784.20009
2025-01-11 00:00:00,observed,678.633059,678.633059,678.633059,678.633059
2025-01-11 01:00:00,observed,629.862314,629.862314,629.862314,629.862314
2025-01-11 02:00:00,observed,577.717881,577.717881,577.717881,577.717881
2025-01-11 03:00:00,observed,546.969845,546.969845,546.969845,546.969845
2025-01-11 04:00:00,observed,527.902975,527.902975,527.902975,527.902975
2025-01-11 05:00:00,observed,526.119702,526.119702,526.119702,526.119702
2025-01-11 06:00:00,observed,560.10023,560.10023,560.10023,560.10023
2025-01-11 07:00:00,observed,623.348837,623.348837,623.348837,623.348837
2025-01-11 08:00:00,observed,711.690016,711.690016,711.690016,711.690016
2025-01-11 09:00:00,observed,814.885979,814.885979,814.885979,814.885979
2025-01-11 10:00:00,observed,810.154557,810.154557,810.154557,810.154557
2025-01-11 11:00:00,observed,797.038525,797.038525,797.038525,797.038525
2025-01-11 12:00:00,observed,752.775854,752.775854,752.775854,752.775854
2025-01-11 13:00:00,observed,705.361601,705.361601,705.361601,705.361601
2025-01-11 14:00:00,observed,718.41442,718.41442,718.41442,718.41442
2025-01-11 15:00:00,observed,737.190193,737.190193,737.190193,737.190193
2025-01-11 16:00:00,observed,765.286303,765.286303,765.286303,765.286303
2025-01-11 17:00:00,observed,837.505948,837.505948,837.505948,837.505948
2025-01-11 18:00:00,observed,914.294504,914.294504,914.294504,914.294504
2025-01-11 19:00:00,observed,913.455871,913.455871,913.455871,913.455871
2025-01-11 20:00:00,observed,919.913816,919.913816,919.913816,919.913816
2025-01-11 21:00:00,observed,905.600691,905.600691,905.600691,905.600691
2025-01-11 22:00:00,observed,839.378594,839.378594,839.378594,839.378594
2025-01-11 23:00:00,observed,750.104722,750.104722,750.104722,750.104722
2025-01-12 00:00:00,observed,646.627189,646.627189,646.627189,646.627189
2025-01-12 01:00:00,observed,595.2982,595.2982,595.2982,595.2982
2025-01-12 02:00:00,observed,550.011846,550.011846,550.011846,550.011846
2025-01-12 03:00:00,observed,522.346267,522.346267,522.346267,522.346267
2025-01-12 04:00:00,observed,500.052493,500.052493,500.052493,500.052493
2025-01-12 05:00:00,observed,495.830487,495.830487,495.830487,495.830487
2025-01-12 06:00:00,observed,528.371297,528.371297,528.371297,528.371297
2025-01-12 07:00:00,observed,586.52616,586.52616,586.52616,586.52616
2025-01-12 08:00:00,observed,659.647473,659.647473,659.647473,659.647473
2025-01-12 09:00:00,observed,730.020831,730.020831,730.020831,730.020831
2025-01-12 10:00:00,observed,732.844935,732.844935,732.844935,732.844935
2025-01-12 11:00:00,observed,725.992983,725.992983,725.992983,725.992983
2025-01-12 12:00:00,observed,692.757612,692.757612,692.757612,692.757612
2025-01-12 13:00:00,observed,651.587844,651.587844,651.587844,651.587844
2025-01-12 14:00:00,observed,647.064165,647.064165,647.064165,647.064165
2025-01-12 15:00:00,observed,660.192791,660.192791,660.192791,660.192791
2025-01-12 16:00:00,observed,709.666454,709.666454,709.666454,709.666454
2025-01-12 17:00:00,observed,790.199457,790.199457,790.199457,790.199457
2025-01-12 18:00:00,observed,882.559538,882.559538,882.559538,882.559538
2025-01-12 19:00:00,observed,889.179349,889.179349,889.179349,889.179349
2025-01-12 20:00:00,observed,900.886362,900.886362,900.886362,900.886362
2025-01-12 21:00:00,observed,896.354701,896.354701,896.354701,896.354701
2025-01-12 22:00:00,observed,807.315668,807.315668,807.315668,807.315668
2025-01-12 23:00:00,observed,705.428673,705.428673,705.428673,705.428673
2025-01-13 00:00:00,observed,607.283736,607.283736,607.283736,607.283736
2025-01-13 01:00:00,observed,572.8129,572.8129,572.8129,572.8129
2025-01-13 02:00:00,observed,525.583964,525.583964,525.583964,525.583964
2025-01-13 03:00:00,observed,496.718291,496.718291,496.718291,496.718291
2025-01-13 04:00:00,observed,473.500567,473.500567,473.500567,473.500567
2025-01-13 05:00:00,observed,483.573147,483.573147,483.573147,483.573147
2025-01-13 06:00:00,observed,548.876861,548.876861,548.876861,548.876861
2025-01-13 07:00:00,observed,662.36089,662.36089,662.36089,662.36089
2025-01-13 08:00:00,observed,730.594936,730.594936,730.594936,730.594936
2025-01-13 09:00:00,observed,852.987751,852.987751,852.987751,852.987751
2025-01-13 10:00:00,observed,851.652487,851.652487,851.652487,851.652487
2025-01-13 11:00:00,observed,818.839635,818.839635,818.839635,818.839635
2025-01-13 12:00:00,observed,764.542513,764.542513,764.542513,764.542513
2025-01-13 13:00:00,observed,713.179549,713.179549,713.179549,713.179549
2025-01-13 14:00:00,observed,706.784631,706.784631,706.784631,706.784631
2025-01-13 15:00:00,observed,705.230294,705.230294,705.230294,705.230294
2025-01-13 16:00:00,observed,729.041388,729.041388,729.041388,729.041388
2025-01-13 17:00:00,observed,796.500957,796.500957,796.500957,796.500957
2025-01-13 18:00:00,observed,865.068042,865.068042,865.068042,865.068042
2025-01-13 19:00:00,observed,873.300154,873.300154,873.300154,873.300154
2025-01-13 20:00:00,observed,879.832843,879.832843,879.832843,879.832843
2025-01-13 21:00:00,observed,869.495203,869.495203,869.495203,869.495203
2025-01-13 22:00:00,observed,792.522941,792.522941,792.522941,792.522941
2025-01-13 23:00:00,observed,698.53266,698.53266,698.53266,698.53266
2025-01-14 00:00:00,observed,603.796651,603.796651,603.796651,603.796651
2025-01-14 01:00:00,observed,562.422088,562.422088,562.422088,562.422088
2025-01-14 02:00:00,observed,519.064824,519.064824,519.064824,519.064824
2025-01-14 03:00:00,observed,488.680613,488.680613,488.680613,488.680613
2025-01-14 04:00:00,observed,468.105036,468.105036,468.105036,468.105036
2025-01-14 05:00:00,observed,472.728631,472.728631,472.728631,472.728631
2025-01-14 06:00:00,observed,531.36505,531.36505,531.36505,531.36505
2025-01-14 07:00:00,observed,639.178509,639.178509,639.178509,639.178509
2025-01-14 08:00:00,observed,710.292929,710.292929,710.292929,710.292929
2025-01-14 09:00:00,observed,825.715397,825.715397,825.715397,825.715397
2025-01-14 10:00:00,observed,818.691573,818.691573,818.691573,818.691573
2025-01-14 11:00:00,observed,801.046787,801.046787,801.046787,801.046787
2025-01-14 12:00:00,observed,784.627853,784.627853,784.627853,784.627853
2025-01-14 13:00:00,observed,752.108747,752.108747,752.108747,752.108747
2025-01-14 14:00:00,observed,743.146037,743.146037,743.146037,743.146037
2025-01-14 15:00:00,observed,781.178195,781.178195,781.178195,781.178195
2025-01-14 16:00:00,observed,800.297312,800.297312,800.297312,800.297312
2025-01-14 17:00:00,observed,869.524771,869.524771,869.524771,869.524771
2025-01-14 18:00:00,observed,936.905872,936.905872,936.905872,936.905872
2025-01-14 19:00:00,observed,941.240886,941.240886,941.240886,941.240886
2025-01-14 20:00:00,observed,940.691221,940.691221,940.691221,940.691221
2025-01-14 21:00:00,observed,921.032412,921.032412,921.032412,921.032412
2025-01-14 22:00:00,observed,838.104648,838.104648,838.104648,838.104648
2025-01-14 23:00:00,observed,740.308779,740.308779,740.308779,740.308779
2025-01-15 00:00:00,observed,640.587364,640.587364,640.587364,640.587364
2025-01-15 01:00:00,observed,599.715496,599.715496,599.715496,599.715496
2025-01-15 02:00:00,observed,558.543931,558.543931,558.543931,558.543931
2025-01-15 03:00:00,observed,528.532482,528.532482,528.532482,528.532482
2025-01-15 04:00:00,observed,508.924878,508.924878,508.924878,508.924878
2025-01-15 05:00:00,observed,512.066836,512.066836,512.066836,512.066836
2025-01-15 06:00:00,observed,562.002595,562.002595,562.002595,562.002595
2025-01-15 07:00:00,observed,652.200356,652.200356,652.200356,652.200356
2025-01-15 08:00:00,observed,760.025216,760.025216,760.025216,760.025216
2025-01-15 09:00:00,observed,866.568418,866.568418,866.568418,866.568418
2025-01-15 10:00:00,observed,867.657615,867.657615,867.657615,867.657615
2025-01-15 11:00:00,observed,844.782876,844.782876,844.782876,844.782876
2025-01-15 12:00:00,observed,798.992841,798.992841,798.992841,798.992841
2025-01-15 13:00:00,observed,757.116109,757.116109,757.116109,757.116109
2025-01-15 14:00:00,observed,756.768791,756.768791,756.768791,756.768791
2025-01-15 15:00:00,observed,757.624823,757.624823,757.624823,757.624823
2025-01-15 16:00:00,observed,796.845929,796.845929,796.845929,796.845929
2025-01-15 17:00:00,observed,870.598422,870.598422,870.598422,870.598422
2025-01-15 18:00:00,observed,940.064222,940.064222,940.064222,940.064222
2025-01-15 19:00:00,observed,944.046956,944.046956,944.046956,944.046956
2025-01-15 20:00:00,observed,948.561401,948.561401,948.561401,948.561401
2025-01-15 21:00:00,observed,934.150175,934.150175,934.150175,934.150175
2025-01-15 22:00:00,observed,859.87666,859.87666,859.87666,859.87666
2025-01-15 23:00:00,observed,759.673818,759.673818,759.673818,759.673818
2025-01-16 00:00:00,observed,655.81553,655.81553,655.81553,655.81553
2025-01-16 01:00:00,observed,610.093702,610.093702,610.093702,610.093702
2025-01-16 02:00:00,observed,568.367038,568.367038,568.367038,568.367038
2025-01-16 03:00:00,observed,535.098191,535.098191,535.098191,535.098191
2025-01-16 04:00:00,observed,513.148918,513.148918,513.148918,513.148918
2025-01-16 05:00:00,observed,515.958503,515.958503,515.958503,515.958503
2025-01-16 06:00:00,observed,559.915393,559.915393,559.915393,559.915393
2025-01-16 07:00:00,observed,649.619378,649.619378,649.619378,649.619378
2025-01-16 08:00:00,observed,749.828265,749.828265,749.828265,749.828265
2025-01-16 09:00:00,observed,858.373003,858.373003,858.373003,858.373003
2025-01-16 10:00:00,observed,844.57058,844.57058,844.57058,844.57058
2025-01-16 11:00:00,observed,823.020539,823.020539,823.020539,823.020539
2025-01-16 12:00:00,observed,768.489197,768.489197,768.489197,768.489197
2025-01-16 13:00:00,observed,718.869714,718.869714,718.869714,718.869714
2025-01-16 14:00:00,observed,717.151545,717.151545,717.151545,717.151545
2025-01-16 15:00:00,observed,721.933947,721.933947,721.933947,721.933947
2025-01-16 16:00:00,observed,764.810732,764.810732,764.810732,764.810732
2025-01-16 17:00:00,observed,833.391933,833.391933,833.391933,833.391933
2025-01-16 18:00:00,observed,901.254286,901.254286,901.254286,901.254286
2025-01-16 19:00:00,observed,908.220514,908.220514,908.220514,908.220514
2025-01-16 20:00:00,observed,919.822107,919.822107,919.822107,919.822107
2025-01-16 21:00:00,observed,906.24675,906.24675,906.24675,906.24675
2025-01-16 22:00:00,observed,840.212976,840.212976,840.212976,840.212976
2025-01-16 23:00:00,observed,746.366761,746.366761,746.366761,746.366761
2025-01-17 00:00:00,observed,644.423288,644.423288,644.423288,644.423288
2025-01-17 01:00:00,observed,599.016429,599.016429,599.016429,599.016429
2025-01-17 02:00:00,observed,552.329873,552.329873,552.329873,552.329873
2025-01-17 03:00:00,observed,519.077459,519.077459,519.077459,519.077459
2025-01-17 04:00:00,observed,501.533844,501.533844,501.533844,501.533844
2025-01-17 05:00:00,observed,508.710409,508.710409,508.710409,508.710409
2025-01-17 06:00:00,observed,550.908619,550.908619,550.908619,550.908619
2025-01-17 07:00:00,observed,650.879869,650.879869,650.879869,650.879869
2025-01-17 08:00:00,observed,735.612251,735.612251,735.612251,735.612251
2025-01-17 09:00:00,observed,850.193265,850.193265,850.193265,850.193265
2025-01-17 10:00:00,observed,831.770746,831.770746,831.770746,831.770746
2025-01-17 11:00:00,observed,799.228991,799.228991,799.228991,799.228991
2025-01-17 12:00:00,observed,756.300493,756.300493,756.300493,756.300493
2025-01-17 13:00:00,observed,707.045479,707.045479,707.045479,707.045479
2025-01-17 14:00:00,observed,705.153763,705.153763,705.153763,705.153763
2025-01-17 15:00:00,observed,705.537719,705.537719,705.537719,705.537719
2025-01-17 16:00:00,observed,734.043508,734.043508,734.043508,734.043508
2025-01-17 17:00:00,observed,801.207136,801.207136,801.207136,801.207136
2025-01-17 18:00:00,observed,868.390669,868.390669,868.390669,868.390669
2025-01-17 19:00:00,observed,880.249974,880.249974,880.249974,880.249974
2025-01-17 20:00:00,observed,881.630202,881.630202,881.630202,881.630202
2025-01-17 21:00:00,observed,874.680366,874.680366,874.680366,874.680366
2025-01-17 22:00:00,observed,810.773054,810.773054,810.773054,810.773054
2025-01-17 23:00:00,observed,721.794383,721.794383,721.794383,721.794383
2025-01-18 00:00:00,observed,621.552646,621.552646,621.552646,621.552646
2025-01-18 01:00:00,observed,579.762697,579.762697,579.762697,579.762697
2025-01-18 02:00:00,observed,529.162749,529.162749,529.162749,529.162749
2025-01-18 03:00:00,observed,498.596684,498.596684,498.596684,498.596684
2025-01-18 04:00:00,observed,474.448925,474.448925,474.448925,474.448925
2025-01-18 05:00:00,observed,473.275958,473.275958,473.275958,473.275958
2025-01-18 06:00:00,observed,505.95904,505.95904,505.95904,505.95904
2025-01-18 07:00:00,observed,569.095447,569.095447,569.095447,569.095447
2025-01-18 08:00:00,observed,662.165863,662.165863,662.165863,662.165863
2025-01-18 09:00:00,observed,734.382134,734.382134,734.382134,734.382134
2025-01-18 10:00:00,observed,722.390934,722.390934,722.390934,722.390934
2025-01-18 11:00:00,observed,693.661494,693.661494,693.661494,693.661494
2025-01-18 12:00:00,observed,649.640557,649.640557,649.640557,649.640557
2025-01-18 13:00:00,observed,613.176308,613.176308,613.176308,613.176308
2025-01-18 14:00:00,observed,607.12913,607.12913,607.12913,607.12913
2025-01-18 15:00:00,observed,623.0048,623.0048,623.0048,623.0048
2025-01-18 16:00:00,observed,653.15326,653.15326,653.15326,653.15326
2025-01-18 17:00:00,observed,720.223218,720.223218,720.223218,720.223218
2025-01-18 18:00:00,observed,800.964317,800.964317,800.964317,800.964317
2025-01-18 19:00:00,observed,804.552422,804.552422,804.552422,804.552422
2025-01-18 20:00:00,observed,819.779646,819.779646,819.779646,819.779646
2025-01-18 21:00:00,observed,815.171355,815.171355,815.171355,815.171355
2025-01-18 22:00:00,observed,766.96584,766.96584,766.96584,766.96584
2025-01-18 23:00:00,observed,687.263077,687.263077,687.263077,687.263077
2025-01-19 00:00:00,observed,593.332464,593.332464,593.332464,593.332464
2025-01-19 01:00:00,observed,550.887768,550.887768,550.887768,550.887768
2025-01-19 02:00:00,observed,501.338101,501.338101,501.338101,501.338101
2025-01-19 03:00:00,observed,473.418979,473.418979,473.418979,473.418979
2025-01-19 04:00:00,observed,451.43158,451.43158,451.43158,451.43158
2025-01-19 05:00:00,observed,452.094047,452.094047,452.094047,452.094047
2025-01-19 06:00:00,observed,484.457108,484.457108,484.457108,484.457108
2025-01-19 07:00:00,observed,539.826304,539.826304,539.826304,539.826304
2025-01-19 08:00:00,observed,608.576189,608.576189,608.576189,608.576189
2025-01-19 09:00:00,observed,660.244411,660.244411,660.244411,660.244411
2025-01-19 10:00:00,observed,654.418299,654.418299,654.418299,654.418299
2025-01-19 11:00:00,observed,635.617097,635.617097,635.617097,635.617097
2025-01-19 12:00:00,observed,603.676561,603.676561,603.676561,603.676561
2025-01-19 13:00:00,observed,570.435306,570.435306,570.435306,570.435306
2025-01-19 14:00:00,observed,561.022557,561.022557,561.022557,561.022557
2025-01-19 15:00:00,observed,570.854616,570.854616,570.854616,570.854616
2025-01-19 16:00:00,observed,612.224966,612.224966,612.224966,612.224966
2025-01-19 17:00:00,observed,679.055949,679.055949,679.055949,679.055949
2025-01-19 18:00:00,observed,770.348216,770.348216,770.348216,770.348216
2025-01-19 19:00:00,observed,774.761619,774.761619,774.761619,774.761619
2025-01-19 20:00:00,observed,785.50104,785.50104,785.50104,785.50104
2025-01-19 21:00:00,observed,786.704371,786.704371,786.704371,786.704371
2025-01-19 22:00:00,observed,737.565353,737.565353,737.565353,737.565353
2025-01-19 23:00:00,observed,655.71911,655.71911,655.71911,655.71911
2025-01-20 00:00:00,observed,562.034927,562.034927,562.034927,562.034927
2025-01-20 01:00:00,observed,516.117895,516.117895,516.117895,516.117895
2025-01-20 02:00:00,observed,470.624399,470.624399,470.624399,470.624399
2025-01-20 03:00:00,observed,447.827124,447.827124,447.827124,447.827124
2025-01-20 04:00:00,observed,430.536085,430.536085,430.536085,430.536085
2025-01-20 05:00:00,observed,429.072344,429.072344,429.072344,429.072344
2025-01-20 06:00:00,observed,469.11539,469.11539,469.11539,469.11539
2025-01-20 07:00:00,observed,561.409164,561.409164,561.409164,561.409164
2025-01-20 08:00:00,observed,663.250227,663.250227,663.250227,663.250227
2025-01-20 09:00:00,observed,778.023301,778.023301,778.023301,778.023301
2025-01-20 10:00:00,observed,762.104557,762.104557,762.104557,762.104557
2025-01-20 11:00:00,observed,741.475956,741.475956,741.475956,741.475956
2025-01-20 12:00:00,observed,697.807355,697.807355,697.807355,697.807355
2025-01-20 13:00:00,observed,650.205249,650.205249,650.205249,650.205249
2025-01-20 14:00:00,observed,655.960013,655.960013,655.960013,655.960013
2025-01-20 15:00:00,observed,653.376077,653.376077,653.376077,653.376077
2025-01-20 16:00:00,observed,685.419008,685.419008,685.419008,685.419008
2025-01-20 17:00:00,observed,746.440817,746.440817,746.440817,746.440817
2025-01-20 18:00:00,observed,802.88497,802.88497,802.88497,802.88497
2025-01-20 19:00:00,observed,807.903761,807.903761,807.903761,807.903761
2025-01-20 20:00:00,observed,805.996557,805.996557,805.996557,805.996557
2025-01-20 21:00:00,observed,806.316096,806.316096,806.316096,806.316096
2025-01-20 22:00:00,observed,749.601145,749.601145,749.601145,749.601145
2025-01-20 23:00:00,observed,676.583817,676.583817,676.583817,676.583817
2025-01-21 00:00:00,observed,573.365754,573.365754,573.365754,573.365754
2025-01-21 01:00:00,observed,529.04586,529.04586,529.04586,529.04586
2025-01-21 02:00:00,observed,485.176999,485.176999,485.176999,485.176999
2025-01-21 03:00:00,observed,457.348339,457.348339,457.348339,457.348339
2025-01-21 04:00:00,observed,435.270715,435.270715,435.270715,435.270715
2025-01-21 05:00:00,observed,441.404843,441.404843,441.404843,441.404843
2025-01-21 06:00:00,observed,477.483885,477.483885,477.483885,477.483885
2025-01-21 07:00:00,observed,564.63907,564.63907,564.63907,564.63907
2025-01-21 08:00:00,observed,655.313184,655.313184,655.313184,655.313184
2025-01-21 09:00:00,observed,753.908837,753.908837,753.908837,753.908837
2025-01-21 10:00:00,observed,746.041685,746.041685,746.041685,746.041685
2025-01-21 11:00:00,observed,716.253476,716.253476,716.253476,716.253476
2025-01-21 12:00:00,observed,666.859319,666.859319,666.859319,666.859319
2025-01-21 13:00:00,observed,620.008055,620.008055,620.008055,620.008055
2025-01-21 14:00:00,observed,667.963874,667.963874,667.963874,667.963874
2025-01-21 15:00:00,observed,665.688603,665.688603,665.688603,665.688603
2025-01-21 16:00:00,observed,676.52177,676.52177,676.52177,676.52177
2025-01-21 17:00:00,observed,732.077135,732.077135,732.077135,732.077135
2025-01-21 18:00:00,observed,772.574683,772.574683,772.574683,772.574683
2025-01-21 19:00:00,observed,770.258082,770.258082,770.258082,770.258082
2025-01-21 20:00:00,observed,769.139702,769.139702,769.139702,769.139702
2025-01-21 21:00:00,observed,770.77154,770.77154,770.77154,770.77154
2025-01-21 22:00:00,observed,722.564585,722.564585,722.564585,722.564585
2025-01-21 23:00:00,observed,653.05928,653.05928,653.05928,653.05928
2025-01-22 00:00:00,observed,561.517833,561.517833,561.517833,561.517833
2025-01-22 01:00:00,observed,519.248797,519.248797,519.248797,519.248797
2025-01-22 02:00:00,observed,472.493476,472.493476,472.493476,472.493476
2025-01-22 03:00:00,observed,442.595431,442.595431,442.595431,442.595431
2025-01-22 04:00:00,observed,426.372723,426.372723,426.372723,426.372723
2025-01-22 05:00:00,observed,431.855205,431.855205,431.855205,431.855205
2025-01-22 06:00:00,observed,464.017489,464.017489,464.017489,464.017489
2025-01-22 07:00:00,observed,549.349635,549.349635,549.349635,549.349635
2025-01-22 08:00:00,observed,633.364259,633.364259,633.364259,633.364259
2025-01-22 09:00:00,observed,724.815191,724.815191,724.815191,724.815191
2025-01-22 10:00:00,observed,707.380629,707.380629,707.380629,707.380629
2025-01-22 11:00:00,observed,682.510239,682.510239,682.510239,682.510239
2025-01-22 12:00:00,observed,641.364816,641.364816,641.364816,641.364816
2025-01-22 13:00:00,observed,594.66371,594.66371,594.66371,594.66371
2025-01-22 14:00:00,observed,593.800728,593.800728,593.800728,593.800728
2025-01-22 15:00:00,observed,601.131088,601.131088,601.131088,601.131088
2025-01-22 16:00:00,observed,632.701145,632.701145,632.701145,632.701145
2025-01-22 17:00:00,observed,691.938695,691.938695,691.938695,691.938695
2025-01-22 18:00:00,observed,748.176091,748.176091,748.176091,748.176091
2025-01-22 19:00:00,observed,749.950451,749.950451,749.950451,749.950451
2025-01-22 20:00:00,weekly_analog_estimate,,638.864454,793.716558,948.568661
2025-01-22 21:00:00,weekly_analog_estimate,,639.117539,786.633857,934.150175
2025-01-22 22:00:00,weekly_analog_estimate,,611.521174,735.809467,860.09776
2025-01-22 23:00:00,weekly_analog_estimate,,550.431752,655.264975,760.098198
2025-01-23 00:00:00,weekly_analog_estimate,,480.729945,568.428167,656.12639
2025-01-23 01:00:00,weekly_analog_estimate,,445.573132,527.934067,610.295002
2025-01-23 02:00:00,weekly_analog_estimate,,408.114865,488.324441,568.534018
2025-01-23 03:00:00,weekly_analog_estimate,,386.366037,460.732114,535.098191
2025-01-23 04:00:00,weekly_analog_estimate,,368.826016,441.019807,513.213598
2025-01-23 05:00:00,weekly_analog_estimate,,366.950573,441.502058,516.053543
2025-01-23 06:00:00,weekly_analog_estimate,,382.91163,471.413512,559.915393
2025-01-23 07:00:00,weekly_analog_estimate,,417.48931,533.554344,649.619378
2025-01-23 08:00:00,weekly_analog_estimate,,487.147105,618.794255,750.441405
2025-01-23 09:00:00,weekly_analog_estimate,,524.499373,691.852648,859.205923
2025-01-23 10:00:00,weekly_analog_estimate,,479.117327,662.486464,845.8556
2025-01-23 11:00:00,weekly_analog_estimate,,437.32788,631.169159,825.010439
2025-01-23 12:00:00,observed,723.9112,723.9112,723.9112,723.9112
2025-01-23 13:00:00,observed,710.878073,710.878073,710.878073,710.878073
2025-01-23 14:00:00,observed,719.062303,719.062303,719.062303,719.062303
2025-01-23 15:00:00,observed,709.657056,709.657056,709.657056,709.657056
2025-01-23 16:00:00,observed,712.496812,712.496812,712.496812,712.496812
2025-01-23 17:00:00,observed,743.072926,743.072926,743.072926,743.072926
2025-01-23 18:00:00,observed,776.93526,776.93526,776.93526,776.93526
2025-01-23 19:00:00,observed,760.75328,760.75328,760.75328,760.75328
2025-01-23 20:00:00,observed,755.538082,755.538082,755.538082,755.538082
2025-01-23 21:00:00,observed,752.004586,752.004586,752.004586,752.004586
2025-01-23 22:00:00,observed,707.514613,707.514613,707.514613,707.514613
2025-01-23 23:00:00,observed,635.280913,635.280913,635.280913,635.280913
2025-01-24 00:00:00,observed,549.601647,549.601647,549.601647,549.601647
2025-01-24 01:00:00,observed,510.65972,510.65972,510.65972,510.65972
2025-01-24 02:00:00,observed,471.312696,471.312696,471.312696,471.312696
2025-01-24 03:00:00,observed,440.647607,440.647607,440.647607,440.647607
2025-01-24 04:00:00,observed,422.659842,422.659842,422.659842,422.659842
2025-01-24 05:00:00,observed,417.132268,417.132268,417.132268,417.132268
2025-01-24 06:00:00,observed,451.798566,451.798566,451.798566,451.798566
2025-01-24 07:00:00,observed,527.428091,527.428091,527.428091,527.428091
2025-01-24 08:00:00,observed,608.938555,608.938555,608.938555,608.938555
2025-01-24 09:00:00,observed,732.820621,732.820621,732.820621,732.820621
2025-01-24 10:00:00,observed,785.353087,785.353087,785.353087,785.353087
2025-01-24 11:00:00,observed,805.397022,805.397022,805.397022,805.397022
2025-01-24 12:00:00,observed,779.880401,779.880401,779.880401,779.880401
2025-01-24 13:00:00,observed,742.597786,742.597786,742.597786,742.597786
2025-01-24 14:00:00,observed,747.796847,747.796847,747.796847,747.796847
2025-01-24 15:00:00,observed,723.264085,723.264085,723.264085,723.264085
2025-01-24 16:00:00,observed,717.068876,717.068876,717.068876,717.068876
2025-01-24 17:00:00,observed,752.804391,752.804391,752.804391,752.804391
2025-01-24 18:00:00,observed,786.815571,786.815571,786.815571,786.815571
2025-01-24 19:00:00,observed,775.333306,775.333306,775.333306,775.333306
2025-01-24 20:00:00,observed,770.594112,770.594112,770.594112,770.594112
2025-01-24 21:00:00,observed,767.818363,767.818363,767.818363,767.818363
2025-01-24 22:00:00,observed,725.69784,725.69784,725.69784,725.69784
2025-01-24 23:00:00,observed,652.995709,652.995709,652.995709,652.995709
2025-01-25 00:00:00,observed,566.600008,566.600008,566.600008,566.600008
2025-01-25 01:00:00,observed,530.888482,530.888482,530.888482,530.888482
2025-01-25 02:00:00,observed,483.903924,483.903924,483.903924,483.903924
2025-01-25 03:00:00,observed,455.477672,455.477672,455.477672,455.477672
2025-01-25 04:00:00,observed,438.03147,438.03147,438.03147,438.03147
2025-01-25 05:00:00,observed,429.687655,429.687655,429.687655,429.687655
2025-01-25 06:00:00,observed,452.727247,452.727247,452.727247,452.727247
2025-01-25 07:00:00,observed,507.558977,507.558977,507.558977,507.558977
2025-01-25 08:00:00,observed,577.564058,577.564058,577.564058,577.564058
2025-01-25 09:00:00,observed,664.891773,664.891773,664.891773,664.891773
2025-01-25 10:00:00,observed,697.126544,697.126544,697.126544,697.126544
2025-01-25 11:00:00,observed,707.686912,707.686912,707.686912,707.686912
2025-01-25 12:00:00,observed,707.147787,707.147787,707.147787,707.147787
2025-01-25 13:00:00,observed,658.990374,658.990374,658.990374,658.990374
2025-01-25 14:00:00,observed,659.27353,659.27353,659.27353,659.27353
2025-01-25 15:00:00,observed,648.774563,648.774563,648.774563,648.774563
2025-01-25 16:00:00,observed,662.888097,662.888097,662.888097,662.888097
2025-01-25 17:00:00,observed,712.62672,712.62672,712.62672,712.62672
2025-01-25 18:00:00,observed,765.848246,765.848246,765.848246,765.848246
2025-01-25 19:00:00,observed,757.311815,757.311815,757.311815,757.311815
2025-01-25 20:00:00,observed,759.267072,759.267072,759.267072,759.267072
2025-01-25 21:00:00,observed,758.155337,758.155337,758.155337,758.155337
2025-01-25 22:00:00,observed,715.198193,715.198193,715.198193,715.198193
2025-01-25 23:00:00,observed,654.678971,654.678971,654.678971,654.678971
2025-01-26 00:00:00,observed,567.548738,567.548738,567.548738,567.548738
2025-01-26 01:00:00,observed,526.72651,526.72651,526.72651,526.72651
2025-01-26 02:00:00,observed,477.983002,477.983002,477.983002,477.983002
2025-01-26 03:00:00,observed,453.309761,453.309761,453.309761,453.309761
2025-01-26 04:00:00,observed,434.806238,434.806238,434.806238,434.806238
2025-01-26 05:00:00,observed,434.662477,434.662477,434.662477,434.662477
2025-01-26 06:00:00,observed,457.760001,457.760001,457.760001,457.760001
2025-01-26 07:00:00,observed,520.934502,520.934502,520.934502,520.934502
2025-01-26 08:00:00,observed,613.791211,613.791211,613.791211,613.791211
2025-01-26 09:00:00,observed,752.160163,752.160163,752.160163,752.160163
2025-01-26 10:00:00,observed,807.949433,807.949433,807.949433,807.949433
2025-01-26 11:00:00,observed,811.575507,811.575507,811.575507,811.575507
2025-01-26 12:00:00,observed,824.524484,824.524484,824.524484,824.524484
2025-01-26 13:00:00,observed,778.603785,778.603785,778.603785,778.603785
2025-01-26 14:00:00,observed,771.363036,771.363036,771.363036,771.363036
2025-01-26 15:00:00,observed,747.06151,747.06151,747.06151,747.06151
2025-01-26 16:00:00,observed,759.216849,759.216849,759.216849,759.216849
2025-01-26 17:00:00,observed,810.723986,810.723986,810.723986,810.723986
2025-01-26 18:00:00,observed,830.844567,830.844567,830.844567,830.844567
2025-01-26 19:00:00,observed,829.952598,829.952598,829.952598,829.952598
2025-01-26 20:00:00,observed,840.508203,840.508203,840.508203,840.508203
2025-01-26 21:00:00,observed,826.347322,826.347322,826.347322,826.347322
2025-01-26 22:00:00,observed,776.186425,776.186425,776.186425,776.186425
2025-01-26 23:00:00,observed,700.149432,700.149432,700.149432,700.149432
2025-01-27 00:00:00,observed,606.542335,606.542335,606.542335,606.542335
2025-01-27 01:00:00,observed,562.679269,562.679269,562.679269,562.679269
2025-01-27 02:00:00,observed,513.741301,513.741301,513.741301,513.741301
2025-01-27 03:00:00,observed,484.016658,484.016658,484.016658,484.016658
2025-01-27 04:00:00,observed,469.613355,469.613355,469.613355,469.613355
2025-01-27 05:00:00,observed,465.480275,465.480275,465.480275,465.480275
2025-01-27 06:00:00,observed,494.053275,494.053275,494.053275,494.053275
2025-01-27 07:00:00,observed,555.609884,555.609884,555.609884,555.609884
2025-01-27 08:00:00,observed,638.019251,638.019251,638.019251,638.019251
2025-01-27 09:00:00,observed,682.667362,682.667362,682.667362,682.667362
2025-01-27 10:00:00,observed,657.592656,657.592656,657.592656,657.592656
2025-01-27 11:00:00,observed,639.391331,639.391331,639.391331,639.391331
2025-01-27 12:00:00,observed,614.389145,614.389145,614.389145,614.389145
2025-01-27 13:00:00,observed,576.493138,576.493138,576.493138,576.493138
2025-01-27 14:00:00,observed,557.622015,557.622015,557.622015,557.622015
2025-01-27 15:00:00,observed,570.515721,570.515721,570.515721,570.515721
2025-01-27 16:00:00,observed,609.409814,609.409814,609.409814,609.409814
2025-01-27 17:00:00,observed,686.432865,686.432865,686.432865,686.432865
2025-01-27 18:00:00,observed,780.131137,780.131137,780.131137,780.131137
2025-01-27 19:00:00,observed,792.823205,792.823205,792.823205,792.823205
2025-01-27 20:00:00,observed,800.981838,800.981838,800.981838,800.981838
2025-01-27 21:00:00,observed,802.745163,802.745163,802.745163,802.745163
2025-01-27 22:00:00,observed,764.707988,764.707988,764.707988,764.707988
2025-01-27 23:00:00,observed,693.897473,693.897473,693.897473,693.897473
2025-01-28 00:00:00,observed,590.647668,590.647668,590.647668,590.647668
2025-01-28 01:00:00,observed,539.839267,539.839267,539.839267,539.839267
2025-01-28 02:00:00,observed,489.794616,489.794616,489.794616,489.794616
2025-01-28 03:00:00,observed,454.356154,454.356154,454.356154,454.356154
2025-01-28 04:00:00,observed,436.505505,436.505505,436.505505,436.505505
2025-01-28 05:00:00,observed,434.011171,434.011171,434.011171,434.011171
2025-01-28 06:00:00,observed,453.134799,453.134799,453.134799,453.134799
2025-01-28 07:00:00,observed,504.346757,504.346757,504.346757,504.346757
2025-01-28 08:00:00,observed,569.813628,569.813628,569.813628,569.813628
2025-01-28 09:00:00,observed,561.775344,561.775344,561.775344,561.775344
2025-01-28 10:00:00,observed,526.917898,526.917898,526.917898,526.917898
2025-01-28 11:00:00,observed,511.769432,511.769432,511.769432,511.769432
2025-01-28 12:00:00,observed,490.843654,490.843654,490.843654,490.843654
2025-01-28 13:00:00,observed,457.339965,457.339965,457.339965,457.339965
2025-01-28 14:00:00,observed,451.106325,451.106325,451.106325,451.106325
2025-01-28 15:00:00,observed,467.591973,467.591973,467.591973,467.591973
2025-01-28 16:00:00,observed,532.785032,532.785032,532.785032,532.785032
2025-01-28 17:00:00,observed,628.711834,628.711834,628.711834,628.711834
2025-01-28 18:00:00,observed,695.838301,695.838301,695.838301,695.838301
2025-01-28 19:00:00,observed,670.758203,670.758203,670.758203,670.758203
2025-01-28 20:00:00,observed,687.39634,687.39634,687.39634,687.39634
2025-01-28 21:00:00,observed,710.57274,710.57274,710.57274,710.57274
2025-01-28 22:00:00,observed,719.068456,719.068456,719.068456,719.068456
2025-01-28 23:00:00,observed,689.785671,689.785671,689.785671,689.785671
2025-01-29 00:00:00,observed,615.160185,615.160185,615.160185,615.160185
2025-01-29 01:00:00,observed,520.342953,520.342953,520.342953,520.342953
2025-01-29 02:00:00,observed,451.561248,451.561248,451.561248,451.561248
2025-01-29 03:00:00,observed,416.051931,416.051931,416.051931,416.051931
2025-01-29 04:00:00,observed,397.047438,397.047438,397.047438,397.047438
2025-01-29 05:00:00,observed,392.735467,392.735467,392.735467,392.735467
2025-01-29 06:00:00,observed,402.696631,402.696631,402.696631,402.696631
2025-01-29 07:00:00,observed,432.486042,432.486042,432.486042,432.486042
2025-01-29 08:00:00,observed,476.716237,476.716237,476.716237,476.716237
2025-01-29 09:00:00,observed,468.533459,468.533459,468.533459,468.533459
2025-01-29 10:00:00,observed,448.590504,448.590504,448.590504,448.590504
2025-01-29 11:00:00,observed,423.772149,423.772149,423.772149,423.772149
2025-01-29 12:00:00,observed,407.725994,407.725994,407.725994,407.725994
2025-01-29 13:00:00,observed,378.873949,378.873949,378.873949,378.873949
2025-01-29 14:00:00,observed,367.951999,367.951999,367.951999,367.951999
2025-01-29 15:00:00,observed,380.756814,380.756814,380.756814,380.756814
2025-01-29 16:00:00,observed,429.818644,429.818644,429.818644,429.818644
2025-01-29 17:00:00,observed,536.648743,536.648743,536.648743,536.648743
2025-01-29 18:00:00,observed,622.850426,622.850426,622.850426,622.850426
2025-01-29 19:00:00,observed,629.63444,629.63444,629.63444,629.63444
2025-01-29 20:00:00,observed,638.871714,638.871714,638.871714,638.871714
2025-01-29 21:00:00,observed,639.117539,639.117539,639.117539,639.117539
2025-01-29 22:00:00,observed,611.742274,611.742274,611.742274,611.742274
2025-01-29 23:00:00,observed,550.856132,550.856132,550.856132,550.856132
2025-01-30 00:00:00,observed,481.040805,481.040805,481.040805,481.040805
2025-01-30 01:00:00,observed,445.774432,445.774432,445.774432,445.774432
2025-01-30 02:00:00,observed,408.281845,408.281845,408.281845,408.281845
2025-01-30 03:00:00,observed,386.366037,386.366037,386.366037,386.366037
2025-01-30 04:00:00,observed,368.890696,368.890696,368.890696,368.890696
2025-01-30 05:00:00,observed,367.045613,367.045613,367.045613,367.045613
2025-01-30 06:00:00,observed,382.91163,382.91163,382.91163,382.91163
2025-01-30 07:00:00,observed,417.48931,417.48931,417.48931,417.48931
2025-01-30 08:00:00,observed,487.760245,487.760245,487.760245,487.760245
2025-01-30 09:00:00,observed,525.332293,525.332293,525.332293,525.332293
2025-01-30 10:00:00,observed,480.402347,480.402347,480.402347,480.402347
2025-01-30 11:00:00,observed,439.31778,439.31778,439.31778,439.31778
2025-01-30 12:00:00,observed,415.64378,415.64378,415.64378,415.64378
2025-01-30 13:00:00,observed,371.752905,371.752905,371.752905,371.752905
2025-01-30 14:00:00,observed,358.251908,358.251908,358.251908,358.251908
2025-01-30 15:00:00,observed,386.087128,386.087128,386.087128,386.087128
2025-01-30 16:00:00,observed,451.702659,451.702659,451.702659,451.702659
2025-01-30 17:00:00,observed,524.083386,524.083386,524.083386,524.083386
2025-01-30 18:00:00,observed,602.030647,602.030647,602.030647,602.030647
2025-01-30 19:00:00,observed,605.456264,605.456264,605.456264,605.456264
2025-01-30 20:00:00,observed,618.178468,618.178468,618.178468,618.178468
2025-01-30 21:00:00,observed,631.405844,631.405844,631.405844,631.405844
2025-01-30 22:00:00,observed,611.220909,611.220909,611.220909,611.220909
2025-01-30 23:00:00,observed,556.575393,556.575393,556.575393,556.575393
2025-01-31 00:00:00,observed,486.078084,486.078084,486.078084,486.078084
2025-01-31 01:00:00,observed,449.392899,449.392899,449.392899,449.392899
2025-01-31 02:00:00,observed,411.448402,411.448402,411.448402,411.448402
2025-01-31 03:00:00,observed,386.575628,386.575628,386.575628,386.575628
2025-01-31 04:00:00,observed,370.080149,370.080149,370.080149,370.080149
2025-01-31 05:00:00,observed,367.358426,367.358426,367.358426,367.358426
2025-01-31 06:00:00,observed,382.604715,382.604715,382.604715,382.604715
2025-01-31 07:00:00,observed,415.446583,415.446583,415.446583,415.446583
2025-01-31 08:00:00,observed,475.627931,475.627931,475.627931,475.627931
2025-01-31 09:00:00,observed,533.216401,533.216401,533.216401,533.216401
2025-01-31 10:00:00,observed,579.222662,579.222662,579.222662,579.222662
2025-01-31 11:00:00,observed,602.29651,602.29651,602.29651,602.29651
2025-01-31 12:00:00,observed,601.516153,601.516153,601.516153,601.516153
2025-01-31 13:00:00,observed,575.757856,575.757856,575.757856,575.757856
2025-01-31 14:00:00,observed,569.988685,569.988685,569.988685,569.988685
2025-01-31 15:00:00,observed,573.117333,573.117333,573.117333,573.117333
2025-01-31 16:00:00,observed,595.020923,595.020923,595.020923,595.020923
2025-01-31 17:00:00,observed,642.757879,642.757879,642.757879,642.757879
2025-01-31 18:00:00,observed,701.482034,701.482034,701.482034,701.482034
2025-01-31 19:00:00,observed,694.512824,694.512824,694.512824,694.512824
2025-01-31 20:00:00,observed,694.123328,694.123328,694.123328,694.123328
2025-01-31 21:00:00,observed,694.578482,694.578482,694.578482,694.578482
2025-01-31 22:00:00,observed,656.247602,656.247602,656.247602,656.247602
2025-01-31 23:00:00,observed,593.326515,593.326515,593.326515,593.326515
2025-02-01 00:00:00,observed,517.822167,517.822167,517.822167,517.822167
2025-02-01 01:00:00,observed,485.589015,485.589015,485.589015,485.589015
2025-02-01 02:00:00,observed,441.162425,441.162425,441.162425,441.162425
2025-02-01 03:00:00,observed,416.538869,416.538869,416.538869,416.538869
2025-02-01 04:00:00,observed,395.36436,395.36436,395.36436,395.36436
2025-02-01 05:00:00,observed,396.45328,396.45328,396.45328,396.45328
2025-02-01 06:00:00,observed,412.89328,412.89328,412.89328,412.89328
2025-02-01 07:00:00,observed,453.442061,453.442061,453.442061,453.442061
2025-02-01 08:00:00,observed,510.426514,510.426514,510.426514,510.426514
2025-02-01 09:00:00,observed,571.528335,571.528335,571.528335,571.528335
2025-02-01 10:00:00,observed,594.068445,594.068445,594.068445,594.068445
2025-02-01 11:00:00,observed,586.217844,586.217844,586.217844,586.217844
2025-02-01 12:00:00,observed,586.53499,586.53499,586.53499,586.53499
2025-02-01 13:00:00,observed,550.91607,550.91607,550.91607,550.91607
2025-02-01 14:00:00,observed,569.999436,569.999436,569.999436,569.999436
2025-02-01 15:00:00,observed,575.134194,575.134194,575.134194,575.134194
2025-02-01 16:00:00,observed,601.172638,601.172638,601.172638,601.172638
2025-02-01 17:00:00,observed,653.408434,653.408434,653.408434,653.408434
2025-02-01 18:00:00,observed,711.693163,711.693163,711.693163,711.693163
2025-02-01 19:00:00,observed,712.092339,712.092339,712.092339,712.092339
2025-02-01 20:00:00,observed,719.434031,719.434031,719.434031,719.434031
2025-02-01 21:00:00,observed,713.593264,713.593264,713.593264,713.593264
2025-02-01 22:00:00,observed,679.347397,679.347397,679.347397,679.347397
2025-02-01 23:00:00,observed,614.735586,614.735586,614.735586,614.735586
2025-02-02 00:00:00,observed,532.97742,532.97742,532.97742,532.97742
2025-02-02 01:00:00,observed,495.438483,495.438483,495.438483,495.438483
2025-02-02 02:00:00,observed,449.875692,449.875692,449.875692,449.875692
2025-02-02 03:00:00,observed,421.016528,421.016528,421.016528,421.016528
2025-02-02 04:00:00,observed,398.039522,398.039522,398.039522,398.039522
2025-02-02 05:00:00,observed,397.911347,397.911347,397.911347,397.911347
2025-02-02 06:00:00,observed,415.787711,415.787711,415.787711,415.787711
2025-02-02 07:00:00,observed,453.151688,453.151688,453.151688,453.151688
2025-02-02 08:00:00,observed,522.011351,522.011351,522.011351,522.011351
2025-02-02 09:00:00,observed,582.795093,582.795093,582.795093,582.795093
2025-02-02 10:00:00,observed,608.532293,608.532293,608.532293,608.532293
2025-02-02 11:00:00,observed,625.297451,625.297451,625.297451,625.297451
2025-02-02 12:00:00,observed,621.816483,621.816483,621.816483,621.816483
2025-02-02 13:00:00,observed,586.715765,586.715765,586.715765,586.715765
2025-02-02 14:00:00,observed,589.012653,589.012653,589.012653,589.012653
2025-02-02 15:00:00,observed,621.423973,621.423973,621.423973,621.423973
2025-02-02 16:00:00,observed,639.163856,639.163856,639.163856,639.163856
2025-02-02 17:00:00,observed,684.602801,684.602801,684.602801,684.602801
2025-02-02 18:00:00,observed,734.213253,734.213253,734.213253,734.213253
2025-02-02 19:00:00,observed,724.819783,724.819783,724.819783,724.819783
2025-02-02 20:00:00,observed,733.64609,733.64609,733.64609,733.64609
2025-02-02 21:00:00,observed,725.327221,725.327221,725.327221,725.327221
2025-02-02 22:00:00,observed,688.503773,688.503773,688.503773,688.503773
2025-02-02 23:00:00,observed,622.660665,622.660665,622.660665,622.660665
2025-02-03 00:00:00,observed,537.73142,537.73142,537.73142,537.73142
2025-02-03 01:00:00,observed,505.047611,505.047611,505.047611,505.047611
2025-02-03 02:00:00,observed,460.152398,460.152398,460.152398,460.152398
2025-02-03 03:00:00,observed,425.915787,425.915787,425.915787,425.915787
2025-02-03 04:00:00,observed,409.383352,409.383352,409.383352,409.383352
2025-02-03 05:00:00,observed,404.102732,404.102732,404.102732,404.102732
2025-02-03 06:00:00,observed,429.504317,429.504317,429.504317,429.504317
2025-02-03 07:00:00,observed,479.584495,479.584495,479.584495,479.584495
2025-02-03 08:00:00,observed,542.802392,542.802392,542.802392,542.802392
2025-02-03 09:00:00,observed,584.66052,584.66052,584.66052,584.66052
2025-02-03 10:00:00,observed,576.333393,576.333393,576.333393,576.333393
2025-02-03 11:00:00,observed,568.299671,568.299671,568.299671,568.299671
2025-02-03 12:00:00,observed,540.465548,540.465548,540.465548,540.465548
2025-02-03 13:00:00,observed,500.009265,500.009265,500.009265,500.009265
2025-02-03 14:00:00,observed,548.295484,548.295484,548.295484,548.295484
2025-02-03 15:00:00,observed,559.530589,559.530589,559.530589,559.530589
2025-02-03 16:00:00,observed,584.804037,584.804037,584.804037,584.804037
2025-02-03 17:00:00,observed,665.816426,665.816426,665.816426,665.816426
2025-02-03 18:00:00,observed,753.831376,753.831376,753.831376,753.831376
2025-02-03 19:00:00,observed,765.461165,765.461165,765.461165,765.461165
2025-02-03 20:00:00,observed,772.856544,772.856544,772.856544,772.856544
2025-02-03 21:00:00,observed,772.349279,772.349279,772.349279,772.349279
2025-02-03 22:00:00,observed,722.043079,722.043079,722.043079,722.043079
2025-02-03 23:00:00,observed,649.005627,649.005627,649.005627,649.005627
2025-02-04 00:00:00,observed,567.366207,567.366207,567.366207,567.366207
2025-02-04 01:00:00,observed,528.93218,528.93218,528.93218,528.93218
2025-02-04 02:00:00,observed,480.482113,480.482113,480.482113,480.482113
2025-02-04 03:00:00,observed,451.831532,451.831532,451.831532,451.831532
2025-02-04 04:00:00,observed,428.888573,428.888573,428.888573,428.888573
2025-02-04 05:00:00,observed,431.656758,431.656758,431.656758,431.656758
2025-02-04 06:00:00,observed,446.815235,446.815235,446.815235,446.815235
2025-02-04 07:00:00,observed,500.87844,500.87844,500.87844,500.87844
2025-02-04 08:00:00,observed,569.265962,569.265962,569.265962,569.265962
2025-02-04 09:00:00,observed,611.974868,611.974868,611.974868,611.974868
2025-02-04 10:00:00,observed,603.957591,603.957591,603.957591,603.957591
2025-02-04 11:00:00,observed,587.627001,587.627001,587.627001,587.627001
2025-02-04 12:00:00,observed,562.722809,562.722809,562.722809,562.722809
2025-02-04 13:00:00,observed,521.775446,521.775446,521.775446,521.775446
2025-02-04 14:00:00,observed,522.655709,522.655709,522.655709,522.655709
2025-02-04 15:00:00,observed,546.876926,546.876926,546.876926,546.876926
2025-02-04 16:00:00,observed,594.868057,594.868057,594.868057,594.868057
2025-02-04 17:00:00,observed,681.076131,681.076131,681.076131,681.076131
2025-02-04 18:00:00,observed,778.802655,778.802655,778.802655,778.802655
2025-02-04 19:00:00,observed,788.788386,788.788386,788.788386,788.788386
2025-02-04 20:00:00,observed,792.54192,792.54192,792.54192,792.54192
2025-02-04 21:00:00,observed,796.714986,796.714986,796.714986,796.714986
2025-02-04 22:00:00,observed,748.991343,748.991343,748.991343,748.991343
2025-02-04 23:00:00,observed,670.848126,670.848126,670.848126,670.848126
2025-02-05 00:00:00,observed,572.877632,572.877632,572.877632,572.877632
2025-02-05 01:00:00,observed,531.223445,531.223445,531.223445,531.223445
2025-02-05 02:00:00,observed,486.827961,486.827961,486.827961,486.827961
2025-02-05 03:00:00,observed,452.029943,452.029943,452.029943,452.029943
2025-02-05 04:00:00,observed,431.314458,431.314458,431.314458,431.314458
2025-02-05 05:00:00,observed,426.768119,426.768119,426.768119,426.768119
2025-02-05 06:00:00,observed,458.498804,458.498804,458.498804,458.498804
2025-02-05 07:00:00,observed,534.221984,534.221984,534.221984,534.221984
2025-02-05 08:00:00,observed,649.896809,649.896809,649.896809,649.896809
2025-02-05 09:00:00,observed,781.619075,781.619075,781.619075,781.619075
2025-02-05 10:00:00,observed,797.583273,797.583273,797.583273,797.583273
2025-02-05 11:00:00,observed,758.79126,758.79126,758.79126,758.79126
2025-02-05 12:00:00,observed,715.301689,715.301689,715.301689,715.301689
2025-02-05 13:00:00,observed,662.162071,662.162071,662.162071,662.162071
2025-02-05 14:00:00,observed,672.406905,672.406905,672.406905,672.406905
2025-02-05 15:00:00,observed,695.618661,695.618661,695.618661,695.618661
2025-02-05 16:00:00,observed,746.408116,746.408116,746.408116,746.408116
2025-02-05 17:00:00,observed,821.439867,821.439867,821.439867,821.439867
2025-02-05 18:00:00,observed,888.378244,888.378244,888.378244,888.378244
2025-02-05 19:00:00,observed,896.618528,896.618528,896.618528,896.618528
2025-02-05 20:00:00,observed,890.203334,890.203334,890.203334,890.203334
2025-02-05 21:00:00,observed,881.264056,881.264056,881.264056,881.264056
2025-02-05 22:00:00,observed,815.358847,815.358847,815.358847,815.358847
2025-02-05 23:00:00,observed,723.442239,723.442239,723.442239,723.442239
2025-02-06 00:00:00,observed,624.66475,624.66475,624.66475,624.66475
2025-02-06 01:00:00,observed,577.789427,577.789427,577.789427,577.789427
2025-02-06 02:00:00,observed,532.02035,532.02035,532.02035,532.02035
2025-02-06 03:00:00,observed,498.304055,498.304055,498.304055,498.304055
2025-02-06 04:00:00,observed,478.95209,478.95209,478.95209,478.95209
2025-02-06 05:00:00,observed,477.083266,477.083266,477.083266,477.083266
2025-02-06 06:00:00,observed,503.44625,503.44625,503.44625,503.44625
2025-02-06 07:00:00,observed,579.354365,579.354365,579.354365,579.354365
2025-02-06 08:00:00,observed,686.511702,686.511702,686.511702,686.511702
2025-02-06 09:00:00,observed,797.689519,797.689519,797.689519,797.689519
2025-02-06 10:00:00,observed,848.506585,848.506585,848.506585,848.506585
2025-02-06 11:00:00,observed,818.215342,818.215342,818.215342,818.215342
2025-02-06 12:00:00,observed,750.103131,750.103131,750.103131,750.103131
2025-02-06 13:00:00,observed,734.322238,734.322238,734.322238,734.322238
2025-02-06 14:00:00,observed,741.061013,741.061013,741.061013,741.061013
2025-02-06 15:00:00,observed,742.065576,742.065576,742.065576,742.065576
2025-02-06 16:00:00,observed,755.354572,755.354572,755.354572,755.354572
2025-02-06 17:00:00,observed,807.825599,807.825599,807.825599,807.825599
2025-02-06 18:00:00,observed,862.710474,862.710474,862.710474,862.710474
2025-02-06 19:00:00,observed,865.34831,865.34831,865.34831,865.34831
2025-02-06 20:00:00,observed,866.294242,866.294242,866.294242,866.294242
2025-02-06 21:00:00,observed,861.905466,861.905466,861.905466,861.905466
2025-02-06 22:00:00,observed,798.112715,798.112715,798.112715,798.112715
2025-02-06 23:00:00,observed,707.383881,707.383881,707.383881,707.383881
2025-02-07 00:00:00,observed,609.173952,609.173952,609.173952,609.173952
2025-02-07 01:00:00,observed,571.627621,571.627621,571.627621,571.627621
2025-02-07 02:00:00,observed,535.587043,535.587043,535.587043,535.587043
2025-02-07 03:00:00,observed,506.435258,506.435258,506.435258,506.435258
2025-02-07 04:00:00,observed,489.606706,489.606706,489.606706,489.606706
2025-02-07 05:00:00,observed,489.387912,489.387912,489.387912,489.387912
2025-02-07 06:00:00,observed,530.763115,530.763115,530.763115,530.763115
2025-02-07 07:00:00,observed,618.931124,618.931124,618.931124,618.931124
2025-02-07 08:00:00,observed,738.869483,738.869483,738.869483,738.869483
2025-02-07 09:00:00,observed,870.462827,870.462827,870.462827,870.462827
2025-02-07 10:00:00,observed,889.721898,889.721898,889.721898,889.721898
2025-02-07 11:00:00,observed,886.50291,886.50291,886.50291,886.50291
2025-02-07 12:00:00,observed,850.695508,850.695508,850.695508,850.695508
2025-02-07 13:00:00,observed,810.139515,810.139515,810.139515,810.139515
2025-02-07 14:00:00,observed,816.907979,816.907979,816.907979,816.907979
2025-02-07 15:00:00,observed,829.90345,829.90345,829.90345,829.90345
2025-02-07 16:00:00,observed,881.076341,881.076341,881.076341,881.076341
2025-02-07 17:00:00,observed,977.866231,977.866231,977.866231,977.866231
2025-02-07 18:00:00,observed,1055.999005,1055.999005,1055.999005,1055.999005
2025-02-07 19:00:00,observed,1079.322407,1079.322407,1079.322407,1079.322407
2025-02-07 20:00:00,observed,1074.417204,1074.417204,1074.417204,1074.417204
2025-02-07 21:00:00,observed,1035.259501,1035.259501,1035.259501,1035.259501
2025-02-07 22:00:00,observed,949.992364,949.992364,949.992364,949.992364
2025-02-07 23:00:00,observed,833.677405,833.677405,833.677405,833.677405
2025-02-08 00:00:00,observed,716.699879,716.699879,716.699879,716.699879
2025-02-08 01:00:00,observed,662.79222,662.79222,662.79222,662.79222
2025-02-08 02:00:00,observed,605.616808,605.616808,605.616808,605.616808
2025-02-08 03:00:00,observed,575.102024,575.102024,575.102024,575.102024
2025-02-08 04:00:00,observed,552.111946,552.111946,552.111946,552.111946
2025-02-08 05:00:00,observed,541.50314,541.50314,541.50314,541.50314
2025-02-08 06:00:00,observed,575.073205,575.073205,575.073205,575.073205
2025-02-08 07:00:00,observed,653.464177,653.464177,653.464177,653.464177
2025-02-08 08:00:00,observed,762.737547,762.737547,762.737547,762.737547
2025-02-08 09:00:00,observed,888.743966,888.743966,888.743966,888.743966
2025-02-08 10:00:00,observed,896.002318,896.002318,896.002318,896.002318
2025-02-08 11:00:00,observed,882.895889,882.895889,882.895889,882.895889
2025-02-08 12:00:00,observed,838.196652,838.196652,838.196652,838.196652
2025-02-08 13:00:00,observed,792.218982,792.218982,792.218982,792.218982
2025-02-08 14:00:00,observed,782.213448,782.213448,782.213448,782.213448
2025-02-08 15:00:00,observed,793.786104,793.786104,793.786104,793.786104
2025-02-08 16:00:00,observed,856.243435,856.243435,856.243435,856.243435
2025-02-08 17:00:00,observed,912.559727,912.559727,912.559727,912.559727
2025-02-08 18:00:00,observed,983.097191,983.097191,983.097191,983.097191
2025-02-08 19:00:00,observed,1002.874102,1002.874102,1002.874102,1002.874102
2025-02-08 20:00:00,observed,1004.262647,1004.262647,1004.262647,1004.262647
2025-02-08 21:00:00,observed,993.82537,993.82537,993.82537,993.82537
2025-02-08 22:00:00,observed,913.510537,913.510537,913.510537,913.510537
2025-02-08 23:00:00,observed,818.179045,818.179045,818.179045,818.179045
2025-02-09 00:00:00,observed,704.577867,704.577867,704.577867,704.577867
2025-02-09 01:00:00,observed,651.526016,651.526016,651.526016,651.526016
2025-02-09 02:00:00,observed,594.885325,594.885325,594.885325,594.885325
2025-02-09 03:00:00,observed,561.284061,561.284061,561.284061,561.284061
2025-02-09 04:00:00,observed,536.321178,536.321178,536.321178,536.321178
2025-02-09 05:00:00,observed,531.100877,531.100877,531.100877,531.100877
2025-02-09 06:00:00,observed,552.790243,552.790243,552.790243,552.790243
2025-02-09 07:00:00,observed,611.734931,611.734931,611.734931,611.734931
2025-02-09 08:00:00,observed,673.214657,673.214657,673.214657,673.214657
2025-02-09 09:00:00,observed,736.424454,736.424454,736.424454,736.424454
2025-02-09 10:00:00,observed,738.818499,738.818499,738.818499,738.818499
2025-02-09 11:00:00,observed,730.704412,730.704412,730.704412,730.704412
2025-02-09 12:00:00,observed,693.052237,693.052237,693.052237,693.052237
2025-02-09 13:00:00,observed,651.934525,651.934525,651.934525,651.934525
2025-02-09 14:00:00,observed,652.324354,652.324354,652.324354,652.324354
2025-02-09 15:00:00,observed,659.048749,659.048749,659.048749,659.048749
2025-02-09 16:00:00,observed,710.383364,710.383364,710.383364,710.383364
2025-02-09 17:00:00,observed,809.392775,809.392775,809.392775,809.392775
2025-02-09 18:00:00,observed,899.130981,899.130981,899.130981,899.130981
2025-02-09 19:00:00,observed,926.273017,926.273017,926.273017,926.273017
2025-02-09 20:00:00,observed,933.905041,933.905041,933.905041,933.905041
2025-02-09 21:00:00,observed,926.465239,926.465239,926.465239,926.465239
2025-02-09 22:00:00,observed,850.758107,850.758107,850.758107,850.758107
2025-02-09 23:00:00,observed,748.387418,748.387418,748.387418,748.387418
2025-02-10 00:00:00,observed,643.664677,643.664677,643.664677,643.664677
2025-02-10 01:00:00,observed,593.607302,593.607302,593.607302,593.607302
2025-02-10 02:00:00,observed,542.146088,542.146088,542.146088,542.146088
2025-02-10 03:00:00,observed,509.817,509.817,509.817,509.817
2025-02-10 04:00:00,observed,490.279701,490.279701,490.279701,490.279701
2025-02-10 05:00:00,observed,487.748698,487.748698,487.748698,487.748698
2025-02-10 06:00:00,observed,522.894235,522.894235,522.894235,522.894235
2025-02-10 07:00:00,observed,610.934543,610.934543,610.934543,610.934543
2025-02-10 08:00:00,observed,718.496811,718.496811,718.496811,718.496811
2025-02-10 09:00:00,observed,840.497329,840.497329,840.497329,840.497329
2025-02-10 10:00:00,observed,837.087771,837.087771,837.087771,837.087771
2025-02-10 11:00:00,observed,812.435027,812.435027,812.435027,812.435027
2025-02-10 12:00:00,observed,763.865873,763.865873,763.865873,763.865873
2025-02-10 13:00:00,observed,707.19609,707.19609,707.19609,707.19609
2025-02-10 14:00:00,observed,701.942483,701.942483,701.942483,701.942483
2025-02-10 15:00:00,observed,697.85098,697.85098,697.85098,697.85098
2025-02-10 16:00:00,observed,732.948835,732.948835,732.948835,732.948835
2025-02-10 17:00:00,observed,803.543962,803.543962,803.543962,803.543962
2025-02-10 18:00:00,observed,856.010294,856.010294,856.010294,856.010294
2025-02-10 19:00:00,observed,885.696006,885.696006,885.696006,885.696006
2025-02-10 20:00:00,observed,897.862486,897.862486,897.862486,897.862486
2025-02-10 21:00:00,observed,889.938003,889.938003,889.938003,889.938003
2025-02-10 22:00:00,observed,826.397012,826.397012,826.397012,826.397012
2025-02-10 23:00:00,observed,730.014969,730.014969,730.014969,730.014969
2025-02-11 00:00:00,observed,629.518945,629.518945,629.518945,629.518945
2025-02-11 01:00:00,observed,579.666099,579.666099,579.666099,579.666099
2025-02-11 02:00:00,observed,534.778186,534.778186,534.778186,534.778186
2025-02-11 03:00:00,observed,499.213082,499.213082,499.213082,499.213082
2025-02-11 04:00:00,observed,482.985704,482.985704,482.985704,482.985704
2025-02-11 05:00:00,observed,478.765066,478.765066,478.765066,478.765066
2025-02-11 06:00:00,observed,515.428703,515.428703,515.428703,515.428703
2025-02-11 07:00:00,observed,598.207263,598.207263,598.207263,598.207263
2025-02-11 08:00:00,observed,687.886388,687.886388,687.886388,687.886388
2025-02-11 09:00:00,observed,814.078004,814.078004,814.078004,814.078004
2025-02-11 10:00:00,observed,808.995966,808.995966,808.995966,808.995966
2025-02-11 11:00:00,observed,784.851184,784.851184,784.851184,784.851184
2025-02-11 12:00:00,observed,872.044222,872.044222,872.044222,872.044222
2025-02-11 13:00:00,observed,858.180159,858.180159,858.180159,858.180159
2025-02-11 14:00:00,observed,866.104424,866.104424,866.104424,866.104424
2025-02-11 15:00:00,observed,865.13173,865.13173,865.13173,865.13173
2025-02-11 16:00:00,observed,885.173659,885.173659,885.173659,885.173659
2025-02-11 17:00:00,observed,913.660002,913.660002,913.660002,913.660002
2025-02-11 18:00:00,observed,907.712835,907.712835,907.712835,907.712835
2025-02-11 19:00:00,observed,912.481278,912.481278,912.481278,912.481278
2025-02-11 20:00:00,observed,909.560448,909.560448,909.560448,909.560448
2025-02-11 21:00:00,observed,885.625816,885.625816,885.625816,885.625816
2025-02-11 22:00:00,observed,794.350807,794.350807,794.350807,794.350807
2025-02-11 23:00:00,observed,690.581397,690.581397,690.581397,690.581397
2025-02-12 00:00:00,observed,589.407689,589.407689,589.407689,589.407689
2025-02-12 01:00:00,observed,550.529167,550.529167,550.529167,550.529167
2025-02-12 02:00:00,observed,508.082743,508.082743,508.082743,508.082743
2025-02-12 03:00:00,observed,478.165813,478.165813,478.165813,478.165813
2025-02-12 04:00:00,observed,456.690064,456.690064,456.690064,456.690064
2025-02-12 05:00:00,observed,461.517662,461.517662,461.517662,461.517662
2025-02-12 06:00:00,observed,497.182936,497.182936,497.182936,497.182936
2025-02-12 07:00:00,observed,597.821375,597.821375,597.821375,597.821375
2025-02-12 08:00:00,observed,691.796757,691.796757,691.796757,691.796757
2025-02-12 09:00:00,observed,811.402073,811.402073,811.402073,811.402073
2025-02-12 10:00:00,observed,813.813142,813.813142,813.813142,813.813142
2025-02-12 11:00:00,observed,769.022705,769.022705,769.022705,769.022705
2025-02-12 12:00:00,observed,720.654498,720.654498,720.654498,720.654498
2025-02-12 13:00:00,observed,674.036214,674.036214,674.036214,674.036214
2025-02-12 14:00:00,observed,722.171333,722.171333,722.171333,722.171333
2025-02-12 15:00:00,observed,723.569183,723.569183,723.569183,723.569183
2025-02-12 16:00:00,observed,747.972997,747.972997,747.972997,747.972997
2025-02-12 17:00:00,observed,780.496849,780.496849,780.496849,780.496849
2025-02-12 18:00:00,observed,827.732042,827.732042,827.732042,827.732042
2025-02-12 19:00:00,observed,834.794374,834.794374,834.794374,834.794374
2025-02-12 20:00:00,observed,838.187078,838.187078,838.187078,838.187078
2025-02-12 21:00:00,observed,850.016101,850.016101,850.016101,850.016101
2025-02-12 22:00:00,observed,785.396414,785.396414,785.396414,785.396414
2025-02-12 23:00:00,observed,681.713729,681.713729,681.713729,681.713729
2025-02-13 00:00:00,observed,583.21668,583.21668,583.21668,583.21668
2025-02-13 01:00:00,observed,543.333094,543.333094,543.333094,543.333094
2025-02-13 02:00:00,observed,497.789817,497.789817,497.789817,497.789817
2025-02-13 03:00:00,observed,470.473291,470.473291,470.473291,470.473291
2025-02-13 04:00:00,observed,452.990041,452.990041,452.990041,452.990041
2025-02-13 05:00:00,observed,453.059514,453.059514,453.059514,453.059514
2025-02-13 06:00:00,observed,510.907046,510.907046,510.907046,510.907046
2025-02-13 07:00:00,observed,625.540285,625.540285,625.540285,625.540285
2025-02-13 08:00:00,observed,687.566472,687.566472,687.566472,687.566472
2025-02-13 09:00:00,observed,769.028563,769.028563,769.028563,769.028563
2025-02-13 10:00:00,observed,740.448804,740.448804,740.448804,740.448804
2025-02-13 11:00:00,observed,708.544235,708.544235,708.544235,708.544235
2025-02-13 12:00:00,observed,665.466594,665.466594,665.466594,665.466594
2025-02-13 13:00:00,observed,620.777255,620.777255,620.777255,620.777255
2025-02-13 14:00:00,observed,627.323855,627.323855,627.323855,627.323855
2025-02-13 15:00:00,observed,630.765963,630.765963,630.765963,630.765963
2025-02-13 16:00:00,observed,664.230749,664.230749,664.230749,664.230749
2025-02-13 17:00:00,observed,735.133731,735.133731,735.133731,735.133731
2025-02-13 18:00:00,observed,796.372772,796.372772,796.372772,796.372772
2025-02-13 19:00:00,observed,830.915502,830.915502,830.915502,830.915502
2025-02-13 20:00:00,observed,836.915604,836.915604,836.915604,836.915604
2025-02-13 21:00:00,observed,839.614202,839.614202,839.614202,839.614202
2025-02-13 22:00:00,observed,766.769821,766.769821,766.769821,766.769821
2025-02-13 23:00:00,observed,681.051931,681.051931,681.051931,681.051931
2025-02-14 00:00:00,observed,586.853137,586.853137,586.853137,586.853137
2025-02-14 01:00:00,observed,553.903089,553.903089,553.903089,553.903089
2025-02-14 02:00:00,observed,508.959019,508.959019,508.959019,508.959019
2025-02-14 03:00:00,observed,477.461832,477.461832,477.461832,477.461832
2025-02-14 04:00:00,observed,459.874091,459.874091,459.874091,459.874091
2025-02-14 05:00:00,observed,458.802351,458.802351,458.802351,458.802351
2025-02-14 06:00:00,observed,513.415295,513.415295,513.415295,513.415295
2025-02-14 07:00:00,observed,618.466689,618.466689,618.466689,618.466689
2025-02-14 08:00:00,observed,685.233736,685.233736,685.233736,685.233736
2025-02-14 09:00:00,observed,815.922366,815.922366,815.922366,815.922366
2025-02-14 10:00:00,observed,788.598738,788.598738,788.598738,788.598738
2025-02-14 11:00:00,observed,776.954926,776.954926,776.954926,776.954926
2025-02-14 12:00:00,observed,739.982851,739.982851,739.982851,739.982851
2025-02-14 13:00:00,observed,650.50975,650.50975,650.50975,650.50975
2025-02-14 14:00:00,observed,620.845598,620.845598,620.845598,620.845598
2025-02-14 15:00:00,observed,621.713969,621.713969,621.713969,621.713969
2025-02-14 16:00:00,observed,649.55331,649.55331,649.55331,649.55331
2025-02-14 17:00:00,observed,726.354099,726.354099,726.354099,726.354099
2025-02-14 18:00:00,observed,769.443985,769.443985,769.443985,769.443985
2025-02-14 19:00:00,observed,780.79275,780.79275,780.79275,780.79275
2025-02-14 20:00:00,observed,777.489832,777.489832,777.489832,777.489832
2025-02-14 21:00:00,observed,773.709787,773.709787,773.709787,773.709787
2025-02-14 22:00:00,observed,738.751186,738.751186,738.751186,738.751186
2025-02-14 23:00:00,observed,674.95056,674.95056,674.95056,674.95056
2025-02-15 00:00:00,observed,582.495461,582.495461,582.495461,582.495461
2025-02-15 01:00:00,observed,544.255644,544.255644,544.255644,544.255644
2025-02-15 02:00:00,observed,490.873046,490.873046,490.873046,490.873046
2025-02-15 03:00:00,observed,461.779731,461.779731,461.779731,461.779731
2025-02-15 04:00:00,observed,439.960593,439.960593,439.960593,439.960593
2025-02-15 05:00:00,observed,437.598603,437.598603,437.598603,437.598603
2025-02-15 06:00:00,observed,467.888856,467.888856,467.888856,467.888856
2025-02-15 07:00:00,observed,527.466194,527.466194,527.466194,527.466194
2025-02-15 08:00:00,observed,574.397263,574.397263,574.397263,574.397263
2025-02-15 09:00:00,observed,624.478187,624.478187,624.478187,624.478187
2025-02-15 10:00:00,observed,600.714691,600.714691,600.714691,600.714691
2025-02-15 11:00:00,observed,576.671311,576.671311,576.671311,576.671311
2025-02-15 12:00:00,observed,543.255624,543.255624,543.255624,543.255624
2025-02-15 13:00:00,observed,515.739311,515.739311,515.739311,515.739311
2025-02-15 14:00:00,observed,509.640727,509.640727,509.640727,509.640727
2025-02-15 15:00:00,observed,543.135814,543.135814,543.135814,543.135814
2025-02-15 16:00:00,observed,559.651899,559.651899,559.651899,559.651899
2025-02-15 17:00:00,observed,635.074787,635.074787,635.074787,635.074787
2025-02-15 18:00:00,observed,695.54478,695.54478,695.54478,695.54478
2025-02-15 19:00:00,observed,719.791751,719.791751,719.791751,719.791751
2025-02-15 20:00:00,observed,720.24083,720.24083,720.24083,720.24083
2025-02-15 21:00:00,observed,723.949273,723.949273,723.949273,723.949273
2025-02-15 22:00:00,observed,687.538726,687.538726,687.538726,687.538726
2025-02-15 23:00:00,observed,616.613284,616.613284,616.613284,616.613284
2025-02-16 00:00:00,observed,535.18212,535.18212,535.18212,535.18212
2025-02-16 01:00:00,observed,497.745755,497.745755,497.745755,497.745755
2025-02-16 02:00:00,observed,456.03034,456.03034,456.03034,456.03034
2025-02-16 03:00:00,observed,427.689834,427.689834,427.689834,427.689834
2025-02-16 04:00:00,observed,409.983473,409.983473,409.983473,409.983473
2025-02-16 05:00:00,observed,413.038594,413.038594,413.038594,413.038594
2025-02-16 06:00:00,observed,437.715239,437.715239,437.715239,437.715239
2025-02-16 07:00:00,observed,486.556217,486.556217,486.556217,486.556217
2025-02-16 08:00:00,observed,530.63311,530.63311,530.63311,530.63311
2025-02-16 09:00:00,observed,563.325499,563.325499,563.325499,563.325499
2025-02-16 10:00:00,observed,542.529241,542.529241,542.529241,542.529241
2025-02-16 11:00:00,observed,520.119381,520.119381,520.119381,520.119381
2025-02-16 12:00:00,observed,486.771434,486.771434,486.771434,486.771434
2025-02-16 13:00:00,observed,449.00449,449.00449,449.00449,449.00449
2025-02-16 14:00:00,observed,456.61225,456.61225,456.61225,456.61225
2025-02-16 15:00:00,observed,468.484077,468.484077,468.484077,468.484077
2025-02-16 16:00:00,observed,510.043019,510.043019,510.043019,510.043019
2025-02-16 17:00:00,observed,593.300505,593.300505,593.300505,593.300505
2025-02-16 18:00:00,observed,675.061357,675.061357,675.061357,675.061357
2025-02-16 19:00:00,observed,707.321234,707.321234,707.321234,707.321234
2025-02-16 20:00:00,observed,714.442226,714.442226,714.442226,714.442226
2025-02-16 21:00:00,observed,722.145159,722.145159,722.145159,722.145159
2025-02-16 22:00:00,observed,660.258975,660.258975,660.258975,660.258975
2025-02-16 23:00:00,observed,574.47534,574.47534,574.47534,574.47534
2025-02-17 00:00:00,observed,495.316453,495.316453,495.316453,495.316453
2025-02-17 01:00:00,observed,473.365119,473.365119,473.365119,473.365119
2025-02-17 02:00:00,observed,435.033666,435.033666,435.033666,435.033666
2025-02-17 03:00:00,observed,411.681016,411.681016,411.681016,411.681016
2025-02-17 04:00:00,observed,393.886058,393.886058,393.886058,393.886058
2025-02-17 05:00:00,observed,402.582659,402.582659,402.582659,402.582659
2025-02-17 06:00:00,observed,454.59817,454.59817,454.59817,454.59817
2025-02-17 07:00:00,observed,559.687048,559.687048,559.687048,559.687048
2025-02-17 08:00:00,observed,607.703802,607.703802,607.703802,607.703802
2025-02-17 09:00:00,observed,714.154481,714.154481,714.154481,714.154481
2025-02-17 10:00:00,observed,714.972169,714.972169,714.972169,714.972169
2025-02-17 11:00:00,observed,712.411366,712.411366,712.411366,712.411366
2025-02-17 12:00:00,observed,629.176081,629.176081,629.176081,629.176081
2025-02-17 13:00:00,observed,628.124752,628.124752,628.124752,628.124752
2025-02-17 14:00:00,observed,645.612341,645.612341,645.612341,645.612341
2025-02-17 15:00:00,observed,656.921433,656.921433,656.921433,656.921433
2025-02-17 16:00:00,observed,670.27962,670.27962,670.27962,670.27962
2025-02-17 17:00:00,observed,719.865036,719.865036,719.865036,719.865036
2025-02-17 18:00:00,observed,764.231558,764.231558,764.231558,764.231558
2025-02-17 19:00:00,observed,772.96897,772.96897,772.96897,772.96897
2025-02-17 20:00:00,observed,769.946528,769.946528,769.946528,769.946528
2025-02-17 21:00:00,observed,763.728161,763.728161,763.728161,763.728161
2025-02-17 22:00:00,observed,702.52645,702.52645,702.52645,702.52645
2025-02-17 23:00:00,observed,623.741178,623.741178,623.741178,623.741178
2025-02-18 00:00:00,observed,537.309631,537.309631,537.309631,537.309631
2025-02-18 01:00:00,observed,509.892165,509.892165,509.892165,509.892165
2025-02-18 02:00:00,observed,471.26072,471.26072,471.26072,471.26072
2025-02-18 03:00:00,observed,446.098133,446.098133,446.098133,446.098133
2025-02-18 04:00:00,observed,429.883112,429.883112,429.883112,429.883112
2025-02-18 05:00:00,observed,434.205013,434.205013,434.205013,434.205013
2025-02-18 06:00:00,observed,488.77583,488.77583,488.77583,488.77583
2025-02-18 07:00:00,observed,591.106985,591.106985,591.106985,591.106985
2025-02-18 08:00:00,observed,634.018071,634.018071,634.018071,634.018071
2025-02-18 09:00:00,observed,712.778627,712.778627,712.778627,712.778627
2025-02-18 10:00:00,observed,675.655655,675.655655,675.655655,675.655655
2025-02-18 11:00:00,observed,656.35982,656.35982,656.35982,656.35982
2025-02-18 12:00:00,observed,607.866681,607.866681,607.866681,607.866681
2025-02-18 13:00:00,observed,551.331473,551.331473,551.331473,551.331473
2025-02-18 14:00:00,observed,560.449074,560.449074,560.449074,560.449074
2025-02-18 15:00:00,observed,561.68208,561.68208,561.68208,561.68208
2025-02-18 16:00:00,observed,596.630312,596.630312,596.630312,596.630312
2025-02-18 17:00:00,observed,646.745495,646.745495,646.745495,646.745495
2025-02-18 18:00:00,observed,709.624983,709.624983,709.624983,709.624983
2025-02-18 19:00:00,observed,738.359081,738.359081,738.359081,738.359081
2025-02-18 20:00:00,observed,733.067055,733.067055,733.067055,733.067055
2025-02-18 21:00:00,observed,740.52119,740.52119,740.52119,740.52119
2025-02-18 22:00:00,observed,685.614993,685.614993,685.614993,685.614993
2025-02-18 23:00:00,observed,613.467666,613.467666,613.467666,613.467666
2025-02-19 00:00:00,observed,528.235438,528.235438,528.235438,528.235438
2025-02-19 01:00:00,observed,505.121092,505.121092,505.121092,505.121092
2025-02-19 02:00:00,observed,468.892834,468.892834,468.892834,468.892834
2025-02-19 03:00:00,observed,445.963804,445.963804,445.963804,445.963804
2025-02-19 04:00:00,observed,426.612294,426.612294,426.612294,426.612294
2025-02-19 05:00:00,observed,429.777219,429.777219,429.777219,429.777219
2025-02-19 06:00:00,observed,483.71168,483.71168,483.71168,483.71168
2025-02-19 07:00:00,observed,595.091525,595.091525,595.091525,595.091525
2025-02-19 08:00:00,observed,628.866913,628.866913,628.866913,628.866913
2025-02-19 09:00:00,observed,716.396592,716.396592,716.396592,716.396592
2025-02-19 10:00:00,observed,689.906316,689.906316,689.906316,689.906316
2025-02-19 11:00:00,observed,662.722532,662.722532,662.722532,662.722532
2025-02-19 12:00:00,observed,607.633656,607.633656,607.633656,607.633656
2025-02-19 13:00:00,observed,564.025379,564.025379,564.025379,564.025379
2025-02-19 14:00:00,observed,574.629137,574.629137,574.629137,574.629137
2025-02-19 15:00:00,observed,584.777422,584.777422,584.777422,584.777422
2025-02-19 16:00:00,observed,634.745697,634.745697,634.745697,634.745697
2025-02-19 17:00:00,observed,701.552114,701.552114,701.552114,701.552114
2025-02-19 18:00:00,observed,760.596813,760.596813,760.596813,760.596813
2025-02-19 19:00:00,observed,777.934127,777.934127,777.934127,777.934127
2025-02-19 20:00:00,observed,775.727555,775.727555,775.727555,775.727555
2025-02-19 21:00:00,observed,776.201773,776.201773,776.201773,776.201773
2025-02-19 22:00:00,observed,718.144306,718.144306,718.144306,718.144306
2025-02-19 23:00:00,observed,635.199691,635.199691,635.199691,635.199691
2025-02-20 00:00:00,observed,548.801367,548.801367,548.801367,548.801367
2025-02-20 01:00:00,observed,518.537103,518.537103,518.537103,518.537103
2025-02-20 02:00:00,observed,482.165749,482.165749,482.165749,482.165749
2025-02-20 03:00:00,observed,455.439048,455.439048,455.439048,455.439048
2025-02-20 04:00:00,observed,440.006426,440.006426,440.006426,440.006426
2025-02-20 05:00:00,observed,441.565634,441.565634,441.565634,441.565634
2025-02-20 06:00:00,observed,492.720515,492.720515,492.720515,492.720515
2025-02-20 07:00:00,observed,598.924994,598.924994,598.924994,598.924994
2025-02-20 08:00:00,observed,642.836781,642.836781,642.836781,642.836781
2025-02-20 09:00:00,observed,749.847456,749.847456,749.847456,749.847456
2025-02-20 10:00:00,observed,776.984927,776.984927,776.984927,776.984927
2025-02-20 11:00:00,observed,783.263808,783.263808,783.263808,783.263808
2025-02-20 12:00:00,observed,771.258697,771.258697,771.258697,771.258697
2025-02-20 13:00:00,observed,696.251558,696.251558,696.251558,696.251558
2025-02-20 14:00:00,observed,706.758375,706.758375,706.758375,706.758375
2025-02-20 15:00:00,observed,706.949293,706.949293,706.949293,706.949293
2025-02-20 16:00:00,observed,734.296723,734.296723,734.296723,734.296723
2025-02-20 17:00:00,observed,768.186256,768.186256,768.186256,768.186256
2025-02-20 18:00:00,observed,811.197319,811.197319,811.197319,811.197319
2025-02-20 19:00:00,observed,823.09959,823.09959,823.09959,823.09959
2025-02-20 20:00:00,observed,817.007204,817.007204,817.007204,817.007204
2025-02-20 21:00:00,observed,806.884889,806.884889,806.884889,806.884889
2025-02-20 22:00:00,observed,735.813353,735.813353,735.813353,735.813353
2025-02-20 23:00:00,observed,651.151621,651.151621,651.151621,651.151621
2025-02-21 00:00:00,observed,560.288276,560.288276,560.288276,560.288276
2025-02-21 01:00:00,observed,527.238184,527.238184,527.238184,527.238184
2025-02-21 02:00:00,observed,491.648271,491.648271,491.648271,491.648271
2025-02-21 03:00:00,observed,462.850579,462.850579,462.850579,462.850579
2025-02-21 04:00:00,observed,447.01594,447.01594,447.01594,447.01594
2025-02-21 05:00:00,observed,444.816553,444.816553,444.816553,444.816553
2025-02-21 06:00:00,observed,498.702526,498.702526,498.702526,498.702526
2025-02-21 07:00:00,observed,600.285709,600.285709,600.285709,600.285709
2025-02-21 08:00:00,observed,655.057198,655.057198,655.057198,655.057198
2025-02-21 09:00:00,observed,787.167254,787.167254,787.167254,787.167254
2025-02-21 10:00:00,observed,791.58686,791.58686,791.58686,791.58686
2025-02-21 11:00:00,observed,808.438835,808.438835,808.438835,808.438835
2025-02-21 12:00:00,observed,795.228461,795.228461,795.228461,795.228461
2025-02-21 13:00:00,observed,765.742199,765.742199,765.742199,765.742199
2025-02-21 14:00:00,observed,750.165176,750.165176,750.165176,750.165176
2025-02-21 15:00:00,observed,756.900845,756.900845,756.900845,756.900845
2025-02-21 16:00:00,observed,771.680364,771.680364,771.680364,771.680364
2025-02-21 17:00:00,observed,799.355889,799.355889,799.355889,799.355889
2025-02-21 18:00:00,observed,818.500799,818.500799,818.500799,818.500799
2025-02-21 19:00:00,observed,832.449636,832.449636,832.449636,832.449636
2025-02-21 20:00:00,observed,822.92717,822.92717,822.92717,822.92717
2025-02-21 21:00:00,observed,809.369675,809.369675,809.369675,809.369675
2025-02-21 22:00:00,observed,760.204802,760.204802,760.204802,760.204802
2025-02-21 23:00:00,observed,687.000345,687.000345,687.000345,687.000345
2025-02-22 00:00:00,observed,590.36006,590.36006,590.36006,590.36006
2025-02-22 01:00:00,observed,555.357167,555.357167,555.357167,555.357167
2025-02-22 02:00:00,observed,507.161014,507.161014,507.161014,507.161014
2025-02-22 03:00:00,observed,476.601412,476.601412,476.601412,476.601412
2025-02-22 04:00:00,observed,455.501246,455.501246,455.501246,455.501246
2025-02-22 05:00:00,observed,457.356109,457.356109,457.356109,457.356109
2025-02-22 06:00:00,observed,486.686132,486.686132,486.686132,486.686132
2025-02-22 07:00:00,observed,545.866942,545.866942,545.866942,545.866942
2025-02-22 08:00:00,observed,619.632701,619.632701,619.632701,619.632701
2025-02-22 09:00:00,observed,725.141828,725.141828,725.141828,725.141828
2025-02-22 10:00:00,observed,744.744915,744.744915,744.744915,744.744915
2025-02-22 11:00:00,observed,745.369584,745.369584,745.369584,745.369584
2025-02-22 12:00:00,observed,634.02809,634.02809,634.02809,634.02809
2025-02-22 13:00:00,observed,619.936076,619.936076,619.936076,619.936076
2025-02-22 14:00:00,observed,663.320631,663.320631,663.320631,663.320631
2025-02-22 15:00:00,observed,642.434013,642.434013,642.434013,642.434013
2025-02-22 16:00:00,observed,695.095019,695.095019,695.095019,695.095019
2025-02-22 17:00:00,observed,769.860639,769.860639,769.860639,769.860639
2025-02-22 18:00:00,observed,809.594564,809.594564,809.594564,809.594564
2025-02-22 19:00:00,observed,831.949009,831.949009,831.949009,831.949009
2025-02-22 20:00:00,observed,818.921575,818.921575,818.921575,818.921575
2025-02-22 21:00:00,observed,811.338122,811.338122,811.338122,811.338122
2025-02-22 22:00:00,observed,761.560843,761.560843,761.560843,761.560843
2025-02-22 23:00:00,observed,680.434248,680.434248,680.434248,680.434248
2025-02-23 00:00:00,observed,591.468016,591.468016,591.468016,591.468016
2025-02-23 01:00:00,observed,553.761482,553.761482,553.761482,553.761482
2025-02-23 02:00:00,observed,509.377758,509.377758,509.377758,509.377758
2025-02-23 03:00:00,observed,479.356626,479.356626,479.356626,479.356626
2025-02-23 04:00:00,observed,461.174521,461.174521,461.174521,461.174521
2025-02-23 05:00:00,observed,463.54405,463.54405,463.54405,463.54405
2025-02-23 06:00:00,observed,487.583887,487.583887,487.583887,487.583887
2025-02-23 07:00:00,observed,542.793936,542.793936,542.793936,542.793936
2025-02-23 08:00:00,observed,594.778171,594.778171,594.778171,594.778171
2025-02-23 09:00:00,observed,674.959894,674.959894,674.959894,674.959894
2025-02-23 10:00:00,observed,667.357619,667.357619,667.357619,667.357619
2025-02-23 11:00:00,observed,707.855677,707.855677,707.855677,707.855677
2025-02-23 12:00:00,observed,630.709871,630.709871,630.709871,630.709871
2025-02-23 13:00:00,observed,558.451145,558.451145,558.451145,558.451145
2025-02-23 14:00:00,observed,549.563481,549.563481,549.563481,549.563481
2025-02-23 15:00:00,observed,561.159965,561.159965,561.159965,561.159965
2025-02-23 16:00:00,observed,603.472236,603.472236,603.472236,603.472236
2025-02-23 17:00:00,observed,693.755798,693.755798,693.755798,693.755798
2025-02-23 18:00:00,observed,786.279828,786.279828,786.279828,786.279828
2025-02-23 19:00:00,observed,842.165715,842.165715,842.165715,842.165715
2025-02-23 20:00:00,observed,853.447804,853.447804,853.447804,853.447804
2025-02-23 21:00:00,observed,852.632752,852.632752,852.632752,852.632752
2025-02-23 22:00:00,observed,772.102124,772.102124,772.102124,772.102124
2025-02-23 23:00:00,observed,674.508615,674.508615,674.508615,674.508615
2025-02-24 00:00:00,observed,582.987139,582.987139,582.987139,582.987139
2025-02-24 01:00:00,observed,545.045704,545.045704,545.045704,545.045704
2025-02-24 02:00:00,observed,507.460069,507.460069,507.460069,507.460069
2025-02-24 03:00:00,observed,482.836796,482.836796,482.836796,482.836796
2025-02-24 04:00:00,observed,465.344524,465.344524,465.344524,465.344524
2025-02-24 05:00:00,observed,472.484676,472.484676,472.484676,472.484676
2025-02-24 06:00:00,observed,533.143177,533.143177,533.143177,533.143177
2025-02-24 07:00:00,observed,646.702575,646.702575,646.702575,646.702575
2025-02-24 08:00:00,observed,672.499029,672.499029,672.499029,672.499029
2025-02-24 09:00:00,observed,766.377334,766.377334,766.377334,766.377334
2025-02-24 10:00:00,observed,749.307033,749.307033,749.307033,749.307033
2025-02-24 11:00:00,observed,721.725881,721.725881,721.725881,721.725881
2025-02-24 12:00:00,observed,675.717296,675.717296,675.717296,675.717296
2025-02-24 13:00:00,observed,652.291661,652.291661,652.291661,652.291661
2025-02-24 14:00:00,observed,621.281384,621.281384,621.281384,621.281384
2025-02-24 15:00:00,observed,626.155136,626.155136,626.155136,626.155136
2025-02-24 16:00:00,observed,666.370493,666.370493,666.370493,666.370493
2025-02-24 17:00:00,observed,719.424507,719.424507,719.424507,719.424507
2025-02-24 18:00:00,observed,789.497959,789.497959,789.497959,789.497959
2025-02-24 19:00:00,observed,834.631825,834.631825,834.631825,834.631825
2025-02-24 20:00:00,observed,834.360872,834.360872,834.360872,834.360872
2025-02-24 21:00:00,observed,832.377418,832.377418,832.377418,832.377418
2025-02-24 22:00:00,observed,758.787664,758.787664,758.787664,758.787664
2025-02-24 23:00:00,observed,674.508615,674.508615,674.508615,674.508615
2025-02-25 00:00:00,observed,573.491403,573.491403,573.491403,573.491403
2025-02-25 01:00:00,observed,538.524843,538.524843,538.524843,538.524843
2025-02-25 02:00:00,observed,498.607163,498.607163,498.607163,498.607163
2025-02-25 03:00:00,observed,469.959244,469.959244,469.959244,469.959244
2025-02-25 04:00:00,observed,452.052011,452.052011,452.052011,452.052011
2025-02-25 05:00:00,observed,455.106787,455.106787,455.106787,455.106787
2025-02-25 06:00:00,observed,513.497094,513.497094,513.497094,513.497094
2025-02-25 07:00:00,observed,611.286825,611.286825,611.286825,611.286825
2025-02-25 08:00:00,observed,670.876558,670.876558,670.876558,670.876558
2025-02-25 09:00:00,observed,755.504612,755.504612,755.504612,755.504612
2025-02-25 10:00:00,observed,681.597194,681.597194,681.597194,681.597194
2025-02-25 11:00:00,observed,661.783523,661.783523,661.783523,661.783523
2025-02-25 12:00:00,observed,597.660142,597.660142,597.660142,597.660142
2025-02-25 13:00:00,observed,575.473225,575.473225,575.473225,575.473225
2025-02-25 14:00:00,observed,621.281384,621.281384,621.281384,621.281384
2025-02-25 15:00:00,observed,572.032718,572.032718,572.032718,572.032718
2025-02-25 16:00:00,observed,610.888336,610.888336,610.888336,610.888336
2025-02-25 17:00:00,observed,670.496111,670.496111,670.496111,670.496111
2025-02-25 18:00:00,observed,726.453627,726.453627,726.453627,726.453627
2025-02-25 19:00:00,observed,763.442797,763.442797,763.442797,763.442797
2025-02-25 20:00:00,observed,765.339674,765.339674,765.339674,765.339674
2025-02-25 21:00:00,observed,774.998203,774.998203,774.998203,774.998203
2025-02-25 22:00:00,observed,722.777535,722.777535,722.777535,722.777535
2025-02-25 23:00:00,observed,637.149828,637.149828,637.149828,637.149828
2025-02-26 00:00:00,observed,548.547114,548.547114,548.547114,548.547114
2025-02-26 01:00:00,observed,516.229447,516.229447,516.229447,516.229447
2025-02-26 02:00:00,observed,479.867342,479.867342,479.867342,479.867342
2025-02-26 03:00:00,observed,448.366,448.366,448.366,448.366
2025-02-26 04:00:00,observed,435.943642,435.943642,435.943642,435.943642
2025-02-26 05:00:00,observed,439.57344,439.57344,439.57344,439.57344
2025-02-26 06:00:00,observed,493.779839,493.779839,493.779839,493.779839
2025-02-26 07:00:00,observed,600.35041,600.35041,600.35041,600.35041
2025-02-26 08:00:00,observed,613.862183,613.862183,613.862183,613.862183
2025-02-26 09:00:00,observed,678.258957,678.258957,678.258957,678.258957
2025-02-26 10:00:00,observed,645.556514,645.556514,645.556514,645.556514
2025-02-26 11:00:00,observed,602.723086,602.723086,602.723086,602.723086
2025-02-26 12:00:00,observed,563.581138,563.581138,563.581138,563.581138
2025-02-26 13:00:00,observed,511.389858,511.389858,511.389858,511.389858
2025-02-26 14:00:00,observed,526.053158,526.053158,526.053158,526.053158
2025-02-26 15:00:00,observed,530.848093,530.848093,530.848093,530.848093
2025-02-26 16:00:00,observed,570.802703,570.802703,570.802703,570.802703
2025-02-26 17:00:00,observed,629.212114,629.212114,629.212114,629.212114
2025-02-26 18:00:00,observed,693.221679,693.221679,693.221679,693.221679
2025-02-26 19:00:00,observed,723.288256,723.288256,723.288256,723.288256
2025-02-26 20:00:00,observed,726.494361,726.494361,726.494361,726.494361
2025-02-26 21:00:00,observed,734.107114,734.107114,734.107114,734.107114
2025-02-26 22:00:00,observed,683.206357,683.206357,683.206357,683.206357
2025-02-26 23:00:00,observed,601.680935,601.680935,601.680935,601.680935
2025-02-27 00:00:00,observed,521.393306,521.393306,521.393306,521.393306
2025-02-27 01:00:00,observed,496.614799,496.614799,496.614799,496.614799
2025-02-27 02:00:00,observed,457.212925,457.212925,457.212925,457.212925
2025-02-27 03:00:00,observed,429.491045,429.491045,429.491045,429.491045
2025-02-27 04:00:00,observed,414.247889,414.247889,414.247889,414.247889
2025-02-27 05:00:00,observed,419.734962,419.734962,419.734962,419.734962
2025-02-27 06:00:00,observed,475.265975,475.265975,475.265975,475.265975
2025-02-27 07:00:00,observed,573.141926,573.141926,573.141926,573.141926
2025-02-27 08:00:00,observed,588.207416,588.207416,588.207416,588.207416
2025-02-27 09:00:00,observed,650.520358,650.520358,650.520358,650.520358
2025-02-27 10:00:00,observed,613.448013,613.448013,613.448013,613.448013
2025-02-27 11:00:00,observed,580.022376,580.022376,580.022376,580.022376
2025-02-27 12:00:00,observed,527.285003,527.285003,527.285003,527.285003
2025-02-27 13:00:00,observed,483.48077,483.48077,483.48077,483.48077
2025-02-27 14:00:00,observed,488.454065,488.454065,488.454065,488.454065
2025-02-27 15:00:00,observed,502.644689,502.644689,502.644689,502.644689
2025-02-27 16:00:00,observed,555.430137,555.430137,555.430137,555.430137
2025-02-27 17:00:00,observed,617.068864,617.068864,617.068864,617.068864
2025-02-27 18:00:00,observed,663.279702,663.279702,663.279702,663.279702
2025-02-27 19:00:00,observed,690.702874,690.702874,690.702874,690.702874
2025-02-27 20:00:00,observed,691.898632,691.898632,691.898632,691.898632
2025-02-27 21:00:00,observed,688.082931,688.082931,688.082931,688.082931
2025-02-27 22:00:00,observed,638.294587,638.294587,638.294587,638.294587
2025-02-27 23:00:00,observed,572.001481,572.001481,572.001481,572.001481
2025-02-28 00:00:00,observed,494.557582,494.557582,494.557582,494.557582
2025-02-28 01:00:00,observed,469.190272,469.190272,469.190272,469.190272
2025-02-28 02:00:00,observed,434.490947,434.490947,434.490947,434.490947
2025-02-28 03:00:00,observed,416.710149,416.710149,416.710149,416.710149
2025-02-28 04:00:00,observed,398.340938,398.340938,398.340938,398.340938
2025-02-28 05:00:00,observed,405.019858,405.019858,405.019858,405.019858
2025-02-28 06:00:00,observed,456.423312,456.423312,456.423312,456.423312
2025-02-28 07:00:00,observed,555.113004,555.113004,555.113004,555.113004
2025-02-28 08:00:00,observed,556.846139,556.846139,556.846139,556.846139
2025-02-28 09:00:00,observed,604.562024,604.562024,604.562024,604.562024
2025-02-28 10:00:00,observed,570.873885,570.873885,570.873885,570.873885
2025-02-28 11:00:00,observed,533.085926,533.085926,533.085926,533.085926
2025-02-28 12:00:00,observed,483.286764,483.286764,483.286764,483.286764
2025-02-28 13:00:00,observed,437.052272,437.052272,437.052272,437.052272
2025-02-28 14:00:00,observed,452.985615,452.985615,452.985615,452.985615
2025-02-28 15:00:00,observed,464.19275,464.19275,464.19275,464.19275
2025-02-28 16:00:00,observed,511.090735,511.090735,511.090735,511.090735
2025-02-28 17:00:00,observed,569.736866,569.736866,569.736866,569.736866
2025-02-28 18:00:00,observed,623.291673,623.291673,623.291673,623.291673
2025-02-28 19:00:00,observed,639.121904,639.121904,639.121904,639.121904
2025-02-28 20:00:00,observed,632.760292,632.760292,632.760292,632.760292
2025-02-28 21:00:00,observed,631.282494,631.282494,631.282494,631.282494
2025-02-28 22:00:00,observed,596.199141,596.199141,596.199141,596.199141
2025-02-28 23:00:00,observed,540.191148,540.191148,540.191148,540.191148
2025-03-01 00:00:00,observed,467.539466,467.539466,467.539466,467.539466
2025-03-01 01:00:00,observed,444.58356,444.58356,444.58356,444.58356
2025-03-01 02:00:00,observed,405.02884,405.02884,405.02884,405.02884
2025-03-01 03:00:00,observed,383.225801,383.225801,383.225801,383.225801
2025-03-01 04:00:00,observed,373.482045,373.482045,373.482045,373.482045
2025-03-01 05:00:00,observed,377.269248,377.269248,377.269248,377.269248
2025-03-01 06:00:00,observed,403.313253,403.313253,403.313253,403.313253
2025-03-01 07:00:00,observed,467.175089,467.175089,467.175089,467.175089
2025-03-01 08:00:00,observed,498.355926,498.355926,498.355926,498.355926
2025-03-01 09:00:00,observed,568.435994,568.435994,568.435994,568.435994
2025-03-01 10:00:00,observed,562.165144,562.165144,562.165144,562.165144
2025-03-01 11:00:00,observed,544.073281,544.073281,544.073281,544.073281
2025-03-01 12:00:00,observed,491.533629,491.533629,491.533629,491.533629
2025-03-01 13:00:00,observed,491.754829,491.754829,491.754829,491.754829
2025-03-01 14:00:00,observed,472.431529,472.431529,472.431529,472.431529
2025-03-01 15:00:00,observed,459.66258,459.66258,459.66258,459.66258
2025-03-01 16:00:00,observed,507.794257,507.794257,507.794257,507.794257
2025-03-01 17:00:00,observed,554.26722,554.26722,554.26722,554.26722
2025-03-01 18:00:00,observed,609.213951,609.213951,609.213951,609.213951
2025-03-01 19:00:00,observed,633.834265,633.834265,633.834265,633.834265
2025-03-01 20:00:00,observed,624.399292,624.399292,624.399292,624.399292
2025-03-01 21:00:00,observed,624.03466,624.03466,624.03466,624.03466
2025-03-01 22:00:00,observed,585.271939,585.271939,585.271939,585.271939
2025-03-01 23:00:00,observed,526.296943,526.296943,526.296943,526.296943
2025-03-02 00:00:00,observed,462.239039,462.239039,462.239039,462.239039
2025-03-02 01:00:00,observed,440.480094,440.480094,440.480094,440.480094
2025-03-02 02:00:00,observed,405.391252,405.391252,405.391252,405.391252
2025-03-02 03:00:00,observed,381.919706,381.919706,381.919706,381.919706
2025-03-02 04:00:00,observed,363.281718,363.281718,363.281718,363.281718
2025-03-02 05:00:00,observed,360.032534,360.032534,360.032534,360.032534
2025-03-02 06:00:00,observed,387.59747,387.59747,387.59747,387.59747
2025-03-02 07:00:00,observed,434.299869,434.299869,434.299869,434.299869
2025-03-02 08:00:00,observed,482.605626,482.605626,482.605626,482.605626
2025-03-02 09:00:00,observed,567.629673,567.629673,567.629673,567.629673
2025-03-02 10:00:00,observed,600.74092,600.74092,600.74092,600.74092
2025-03-02 11:00:00,observed,656.707407,656.707407,656.707407,656.707407
2025-03-02 12:00:00,observed,650.279921,650.279921,650.279921,650.279921
2025-03-02 13:00:00,observed,626.890066,626.890066,626.890066,626.890066
2025-03-02 14:00:00,observed,631.476894,631.476894,631.476894,631.476894
2025-03-02 15:00:00,observed,624.393394,624.393394,624.393394,624.393394
2025-03-02 16:00:00,observed,632.791603,632.791603,632.791603,632.791603
2025-03-02 17:00:00,observed,673.799403,673.799403,673.799403,673.799403
2025-03-02 18:00:00,observed,697.25302,697.25302,697.25302,697.25302
2025-03-02 19:00:00,observed,709.762679,709.762679,709.762679,709.762679
2025-03-02 20:00:00,observed,701.861166,701.861166,701.861166,701.861166
2025-03-02 21:00:00,observed,677.89068,677.89068,677.89068,677.89068
2025-03-02 22:00:00,observed,610.734758,610.734758,610.734758,610.734758
2025-03-02 23:00:00,observed,538.500386,538.500386,538.500386,538.500386
2025-03-03 00:00:00,observed,473.514678,473.514678,473.514678,473.514678
2025-03-03 01:00:00,observed,452.421094,452.421094,452.421094,452.421094
2025-03-03 02:00:00,observed,424.688164,424.688164,424.688164,424.688164
2025-03-03 03:00:00,observed,409.63397,409.63397,409.63397,409.63397
2025-03-03 04:00:00,observed,396.058997,396.058997,396.058997,396.058997
2025-03-03 05:00:00,observed,398.662262,398.662262,398.662262,398.662262
2025-03-03 06:00:00,observed,456.100026,456.100026,456.100026,456.100026
2025-03-03 07:00:00,observed,563.370925,563.370925,563.370925,563.370925
2025-03-03 08:00:00,observed,628.631351,628.631351,628.631351,628.631351
2025-03-03 09:00:00,observed,786.113922,786.113922,786.113922,786.113922
2025-03-03 10:00:00,observed,818.934049,818.934049,818.934049,818.934049
2025-03-03 11:00:00,observed,837.37694,837.37694,837.37694,837.37694
2025-03-03 12:00:00,observed,807.633544,807.633544,807.633544,807.633544
2025-03-03 13:00:00,observed,776.183216,776.183216,776.183216,776.183216
2025-03-03 14:00:00,observed,763.187532,763.187532,763.187532,763.187532
2025-03-03 15:00:00,observed,762.581428,762.581428,762.581428,762.581428
2025-03-03 16:00:00,observed,783.785509,783.785509,783.785509,783.785509
2025-03-03 17:00:00,observed,810.865934,810.865934,810.865934,810.865934
2025-03-03 18:00:00,observed,833.351349,833.351349,833.351349,833.351349
2025-03-03 19:00:00,observed,833.372622,833.372622,833.372622,833.372622
2025-03-03 20:00:00,observed,823.768177,823.768177,823.768177,823.768177
2025-03-03 21:00:00,observed,801.797192,801.797192,801.797192,801.797192
2025-03-03 22:00:00,observed,719.140748,719.140748,719.140748,719.140748
2025-03-03 23:00:00,observed,635.410825,635.410825,635.410825,635.410825
2025-03-04 00:00:00,observed,556.363759,556.363759,556.363759,556.363759
2025-03-04 01:00:00,observed,537.774427,537.774427,537.774427,537.774427
2025-03-04 02:00:00,observed,506.327256,506.327256,506.327256,506.327256
2025-03-04 03:00:00,observed,480.160162,480.160162,480.160162,480.160162
2025-03-04 04:00:00,observed,463.438953,463.438953,463.438953,463.438953
2025-03-04 05:00:00,observed,457.855258,457.855258,457.855258,457.855258
2025-03-04 06:00:00,observed,512.264566,512.264566,512.264566,512.264566
2025-03-04 07:00:00,observed,616.15273,616.15273,616.15273,616.15273
2025-03-04 08:00:00,observed,660.177324,660.177324,660.177324,660.177324
2025-03-04 09:00:00,observed,766.254987,766.254987,766.254987,766.254987
2025-03-04 10:00:00,observed,810.821173,810.821173,810.821173,810.821173
2025-03-04 11:00:00,observed,826.463355,826.463355,826.463355,826.463355
2025-03-04 12:00:00,observed,769.843173,769.843173,769.843173,769.843173
2025-03-04 13:00:00,observed,731.392294,731.392294,731.392294,731.392294
2025-03-04 14:00:00,observed,771.821339,771.821339,771.821339,771.821339
2025-03-04 15:00:00,observed,773.11483,773.11483,773.11483,773.11483
2025-03-04 16:00:00,observed,789.18102,789.18102,789.18102,789.18102
2025-03-04 17:00:00,observed,807.403147,807.403147,807.403147,807.403147
2025-03-04 18:00:00,observed,825.373296,825.373296,825.373296,825.373296
2025-03-04 19:00:00,observed,841.339712,841.339712,841.339712,841.339712
2025-03-04 20:00:00,observed,834.792426,834.792426,834.792426,834.792426
2025-03-04 21:00:00,observed,817.450588,817.450588,817.450588,817.450588
2025-03-04 22:00:00,observed,751.943257,751.943257,751.943257,751.943257
2025-03-04 23:00:00,observed,664.57752,664.57752,664.57752,664.57752
2025-03-05 00:00:00,observed,570.102184,570.102184,570.102184,570.102184
2025-03-05 01:00:00,observed,539.551059,539.551059,539.551059,539.551059
2025-03-05 02:00:00,observed,498.012094,498.012094,498.012094,498.012094
2025-03-05 03:00:00,observed,469.823142,469.823142,469.823142,469.823142
2025-03-05 04:00:00,observed,452.661072,452.661072,452.661072,452.661072
2025-03-05 05:00:00,observed,457.855258,457.855258,457.855258,457.855258
2025-03-05 06:00:00,observed,506.934875,506.934875,506.934875,506.934875
2025-03-05 07:00:00,observed,615.49838,615.49838,615.49838,615.49838
2025-03-05 08:00:00,observed,651.425753,651.425753,651.425753,651.425753
2025-03-05 09:00:00,observed,728.133087,728.133087,728.133087,728.133087
2025-03-05 10:00:00,observed,704.037353,704.037353,704.037353,704.037353
2025-03-05 11:00:00,observed,695.703995,695.703995,695.703995,695.703995
2025-03-05 12:00:00,observed,719.727935,719.727935,719.727935,719.727935
2025-03-05 13:00:00,observed,665.730719,665.730719,665.730719,665.730719
2025-03-05 14:00:00,observed,667.478602,667.478602,667.478602,667.478602
2025-03-05 15:00:00,observed,647.364029,647.364029,647.364029,647.364029
2025-03-05 16:00:00,observed,690.249696,690.249696,690.249696,690.249696
2025-03-05 17:00:00,weekly_analog_estimate,,516.685781,575.56641,634.44704
2025-03-05 18:00:00,weekly_analog_estimate,,566.730995,631.355347,695.979699
2025-03-05 19:00:00,weekly_analog_estimate,,606.171314,666.716362,727.261411
2025-03-05 20:00:00,weekly_analog_estimate,,606.748744,668.807609,730.866473
2025-03-05 21:00:00,weekly_analog_estimate,,612.06082,674.393407,736.725994
2025-03-05 22:00:00,weekly_analog_estimate,,560.680609,623.610973,686.541337
2025-03-05 23:00:00,weekly_analog_estimate,,497.959001,551.339068,604.719135
2025-03-06 00:00:00,observed,570.102184,570.102184,570.102184,570.102184
2025-03-06 01:00:00,observed,539.551059,539.551059,539.551059,539.551059
2025-03-06 02:00:00,observed,498.012094,498.012094,498.012094,498.012094
2025-03-06 03:00:00,observed,469.823142,469.823142,469.823142,469.823142
2025-03-06 04:00:00,observed,452.661072,452.661072,452.661072,452.661072
2025-03-06 05:00:00,observed,457.855258,457.855258,457.855258,457.855258
2025-03-06 06:00:00,observed,506.934875,506.934875,506.934875,506.934875
2025-03-06 07:00:00,observed,615.49838,615.49838,615.49838,615.49838
2025-03-06 08:00:00,observed,651.425753,651.425753,651.425753,651.425753
2025-03-06 09:00:00,observed,728.133087,728.133087,728.133087,728.133087
2025-03-06 10:00:00,observed,704.037353,704.037353,704.037353,704.037353
2025-03-06 11:00:00,observed,573.329268,573.329268,573.329268,573.329268
2025-03-06 12:00:00,observed,523.844098,523.844098,523.844098,523.844098
2025-03-06 13:00:00,observed,477.614354,477.614354,477.614354,477.614354
2025-03-06 14:00:00,observed,488.394278,488.394278,488.394278,488.394278
2025-03-06 15:00:00,observed,495.696219,495.696219,495.696219,495.696219
2025-03-06 16:00:00,observed,554.256201,554.256201,554.256201,554.256201
2025-03-06 17:00:00,observed,622.192096,622.192096,622.192096,622.192096
2025-03-06 18:00:00,observed,686.477864,686.477864,686.477864,686.477864
2025-03-06 19:00:00,observed,741.310073,741.310073,741.310073,741.310073
2025-03-06 20:00:00,observed,740.734506,740.734506,740.734506,740.734506
2025-03-06 21:00:00,observed,742.613121,742.613121,742.613121,742.613121
2025-03-06 22:00:00,observed,693.166681,693.166681,693.166681,693.166681
2025-03-06 23:00:00,observed,618.233228,618.233228,618.233228,618.233228
2025-03-07 00:00:00,observed,531.257266,531.257266,531.257266,531.257266
2025-03-07 01:00:00,observed,503.529194,503.529194,503.529194,503.529194
2025-03-07 02:00:00,observed,459.784912,459.784912,459.784912,459.784912
2025-03-07 03:00:00,observed,434.963075,434.963075,434.963075,434.963075
2025-03-07 04:00:00,observed,420.447202,420.447202,420.447202,420.447202
2025-03-07 05:00:00,observed,425.504313,425.504313,425.504313,425.504313
2025-03-07 06:00:00,observed,479.67132,479.67132,479.67132,479.67132
2025-03-07 07:00:00,observed,581.837162,581.837162,581.837162,581.837162
2025-03-07 08:00:00,observed,607.462138,607.462138,607.462138,607.462138
2025-03-07 09:00:00,observed,676.060503,676.060503,676.060503,676.060503
2025-03-07 10:00:00,observed,631.126692,631.126692,631.126692,631.126692
2025-03-07 11:00:00,observed,664.347451,664.347451,664.347451,664.347451
2025-03-07 12:00:00,observed,649.356766,649.356766,649.356766,649.356766
2025-03-07 13:00:00,observed,624.931386,624.931386,624.931386,624.931386
2025-03-07 14:00:00,observed,559.731595,559.731595,559.731595,559.731595
2025-03-07 15:00:00,observed,539.620276,539.620276,539.620276,539.620276
2025-03-07 16:00:00,observed,585.030848,585.030848,585.030848,585.030848
2025-03-07 17:00:00,observed,635.887063,635.887063,635.887063,635.887063
2025-03-07 18:00:00,observed,693.088686,693.088686,693.088686,693.088686
2025-03-07 19:00:00,observed,733.927048,733.927048,733.927048,733.927048
2025-03-07 20:00:00,observed,731.77718,731.77718,731.77718,731.77718
2025-03-07 21:00:00,observed,723.544227,723.544227,723.544227,723.544227
2025-03-07 22:00:00,observed,702.260035,702.260035,702.260035,702.260035
2025-03-07 23:00:00,observed,631.153517,631.153517,631.153517,631.153517
2025-03-08 00:00:00,observed,548.650137,548.650137,548.650137,548.650137
2025-03-08 01:00:00,observed,517.294099,517.294099,517.294099,517.294099
2025-03-08 02:00:00,observed,476.483415,476.483415,476.483415,476.483415
2025-03-08 03:00:00,observed,449.118051,449.118051,449.118051,449.118051
2025-03-08 04:00:00,observed,426.70549,426.70549,426.70549,426.70549
2025-03-08 05:00:00,observed,430.667,430.667,430.667,430.667
2025-03-08 06:00:00,observed,458.876792,458.876792,458.876792,458.876792
2025-03-08 07:00:00,observed,515.886952,515.886952,515.886952,515.886952
2025-03-08 08:00:00,observed,525.329664,525.329664,525.329664,525.329664
2025-03-08 09:00:00,observed,549.843488,549.843488,549.843488,549.843488
2025-03-08 10:00:00,observed,522.475482,522.475482,522.475482,522.475482
2025-03-08 11:00:00,observed,498.22065,498.22065,498.22065,498.22065
2025-03-08 12:00:00,observed,447.715175,447.715175,447.715175,447.715175
2025-03-08 13:00:00,observed,410.683718,410.683718,410.683718,410.683718
2025-03-08 14:00:00,observed,435.493845,435.493845,435.493845,435.493845
2025-03-08 15:00:00,observed,451.518888,451.518888,451.518888,451.518888
2025-03-08 16:00:00,observed,502.548062,502.548062,502.548062,502.548062
2025-03-08 17:00:00,observed,581.029584,581.029584,581.029584,581.029584
2025-03-08 18:00:00,observed,622.036219,622.036219,622.036219,622.036219
2025-03-08 19:00:00,observed,665.141776,665.141776,665.141776,665.141776
2025-03-08 20:00:00,observed,663.640142,663.640142,663.640142,663.640142
2025-03-08 21:00:00,observed,668.433806,668.433806,668.433806,668.433806
2025-03-08 22:00:00,observed,640.408913,640.408913,640.408913,640.408913
2025-03-08 23:00:00,observed,579.830526,579.830526,579.830526,579.830526
2025-03-09 00:00:00,observed,506.837637,506.837637,506.837637,506.837637
2025-03-09 01:00:00,observed,478.535797,478.535797,478.535797,478.535797
2025-03-09 02:00:00,observed,439.488166,439.488166,439.488166,439.488166
2025-03-09 03:00:00,observed,410.162641,410.162641,410.162641,410.162641
2025-03-09 04:00:00,observed,395.662122,395.662122,395.662122,395.662122
2025-03-09 05:00:00,observed,389.580297,389.580297,389.580297,389.580297
2025-03-09 06:00:00,observed,416.855555,416.855555,416.855555,416.855555
2025-03-09 07:00:00,observed,472.035526,472.035526,472.035526,472.035526
2025-03-09 08:00:00,observed,472.420257,472.420257,472.420257,472.420257
2025-03-09 09:00:00,observed,484.532155,484.532155,484.532155,484.532155
2025-03-09 10:00:00,observed,462.181737,462.181737,462.181737,462.181737
2025-03-09 11:00:00,observed,445.740721,445.740721,445.740721,445.740721
2025-03-09 12:00:00,observed,423.932845,423.932845,423.932845,423.932845
2025-03-09 13:00:00,observed,429.371031,429.371031,429.371031,429.371031
2025-03-09 14:00:00,observed,391.230008,391.230008,391.230008,391.230008
2025-03-09 15:00:00,observed,415.700798,415.700798,415.700798,415.700798
2025-03-09 16:00:00,observed,461.514296,461.514296,461.514296,461.514296
2025-03-09 17:00:00,observed,538.215163,538.215163,538.215163,538.215163
2025-03-09 18:00:00,observed,613.02526,613.02526,613.02526,613.02526
2025-03-09 19:00:00,observed,667.578327,667.578327,667.578327,667.578327
2025-03-09 20:00:00,observed,669.22456,669.22456,669.22456,669.22456
2025-03-09 21:00:00,observed,675.466334,675.466334,675.466334,675.466334
2025-03-09 22:00:00,observed,621.709597,621.709597,621.709597,621.709597
2025-03-09 23:00:00,observed,541.153067,541.153067,541.153067,541.153067
2025-03-10 00:00:00,observed,465.087941,465.087941,465.087941,465.087941
2025-03-10 01:00:00,observed,445.816216,445.816216,445.816216,445.816216
2025-03-10 02:00:00,observed,413.115134,413.115134,413.115134,413.115134
2025-03-10 03:00:00,observed,391.802943,391.802943,391.802943,391.802943
2025-03-10 04:00:00,observed,378.782066,378.782066,378.782066,378.782066
2025-03-10 05:00:00,observed,383.856735,383.856735,383.856735,383.856735
2025-03-10 06:00:00,observed,434.430135,434.430135,434.430135,434.430135
2025-03-10 07:00:00,observed,519.274691,519.274691,519.274691,519.274691
2025-03-10 08:00:00,observed,521.569647,521.569647,521.569647,521.569647
2025-03-10 09:00:00,observed,582.041566,582.041566,582.041566,582.041566
2025-03-10 10:00:00,observed,546.548921,546.548921,546.548921,546.548921
2025-03-10 11:00:00,observed,509.089989,509.089989,509.089989,509.089989
2025-03-10 12:00:00,observed,463.034372,463.034372,463.034372,463.034372
2025-03-10 13:00:00,observed,419.898162,419.898162,419.898162,419.898162
2025-03-10 14:00:00,observed,433.340981,433.340981,433.340981,433.340981
2025-03-10 15:00:00,observed,463.00288,463.00288,463.00288,463.00288
2025-03-10 16:00:00,observed,505.843572,505.843572,505.843572,505.843572
2025-03-10 17:00:00,observed,543.711725,543.711725,543.711725,543.711725
2025-03-10 18:00:00,observed,618.410092,618.410092,618.410092,618.410092
2025-03-10 19:00:00,observed,655.391442,655.391442,655.391442,655.391442
2025-03-10 20:00:00,observed,648.933002,648.933002,648.933002,648.933002
2025-03-10 21:00:00,observed,647.223645,647.223645,647.223645,647.223645
2025-03-10 22:00:00,observed,597.660775,597.660775,597.660775,597.660775
2025-03-10 23:00:00,observed,531.128335,531.128335,531.128335,531.128335
2025-03-11 00:00:00,observed,455.835187,455.835187,455.835187,455.835187
2025-03-11 01:00:00,observed,430.323399,430.323399,430.323399,430.323399
2025-03-11 02:00:00,observed,396.482337,396.482337,396.482337,396.482337
2025-03-11 03:00:00,observed,376.319138,376.319138,376.319138,376.319138
2025-03-11 04:00:00,observed,360.632572,360.632572,360.632572,360.632572
2025-03-11 05:00:00,observed,365.809153,365.809153,365.809153,365.809153
2025-03-11 06:00:00,observed,416.214842,416.214842,416.214842,416.214842
2025-03-11 07:00:00,observed,509.193763,509.193763,509.193763,509.193763
2025-03-11 08:00:00,observed,522.056707,522.056707,522.056707,522.056707
2025-03-11 09:00:00,observed,610.350908,610.350908,610.350908,610.350908
2025-03-11 10:00:00,observed,583.60642,583.60642,583.60642,583.60642
2025-03-11 11:00:00,observed,528.507963,528.507963,528.507963,528.507963
2025-03-11 12:00:00,observed,510.259415,510.259415,510.259415,510.259415
2025-03-11 13:00:00,observed,487.76547,487.76547,487.76547,487.76547
2025-03-11 14:00:00,observed,472.427871,472.427871,472.427871,472.427871
2025-03-11 15:00:00,observed,474.486448,474.486448,474.486448,474.486448
2025-03-11 16:00:00,observed,529.346444,529.346444,529.346444,529.346444
2025-03-11 17:00:00,observed,570.132572,570.132572,570.132572,570.132572
2025-03-11 18:00:00,observed,605.715262,605.715262,605.715262,605.715262
2025-03-11 19:00:00,observed,640.986787,640.986787,640.986787,640.986787
2025-03-11 20:00:00,observed,633.140065,633.140065,633.140065,633.140065
2025-03-11 21:00:00,observed,633.921592,633.921592,633.921592,633.921592
2025-03-11 22:00:00,observed,585.297512,585.297512,585.297512,585.297512
2025-03-11 23:00:00,observed,521.329498,521.329498,521.329498,521.329498
2025-03-12 00:00:00,observed,448.351003,448.351003,448.351003,448.351003
2025-03-12 01:00:00,observed,419.545443,419.545443,419.545443,419.545443
2025-03-12 02:00:00,observed,384.074946,384.074946,384.074946,384.074946
2025-03-12 03:00:00,observed,363.546993,363.546993,363.546993,363.546993
2025-03-12 04:00:00,observed,343.888832,343.888832,343.888832,343.888832
2025-03-12 05:00:00,observed,352.116264,352.116264,352.116264,352.116264
2025-03-12 06:00:00,observed,402.576782,402.576782,402.576782,402.576782
2025-03-12 07:00:00,observed,493.619477,493.619477,493.619477,493.619477
2025-03-12 08:00:00,observed,484.485222,484.485222,484.485222,484.485222
2025-03-12 09:00:00,observed,516.61612,516.61612,516.61612,516.61612
2025-03-12 10:00:00,observed,494.765161,494.765161,494.765161,494.765161
2025-03-12 11:00:00,observed,478.660367,478.660367,478.660367,478.660367
2025-03-12 12:00:00,observed,425.803098,425.803098,425.803098,425.803098
2025-03-12 13:00:00,observed,443.192832,443.192832,443.192832,443.192832
2025-03-12 14:00:00,observed,452.188496,452.188496,452.188496,452.188496
2025-03-12 15:00:00,observed,401.265437,401.265437,401.265437,401.265437
2025-03-12 16:00:00,observed,461.253518,461.253518,461.253518,461.253518
2025-03-12 17:00:00,observed,521.920707,521.920707,521.920707,521.920707
2025-03-12 18:00:00,observed,569.489015,569.489015,569.489015,569.489015
2025-03-12 19:00:00,observed,610.144469,610.144469,610.144469,610.144469
2025-03-12 20:00:00,observed,611.120856,611.120856,611.120856,611.120856
2025-03-12 21:00:00,observed,614.6797,614.6797,614.6797,614.6797
2025-03-12 22:00:00,observed,564.015589,564.015589,564.015589,564.015589
2025-03-12 23:00:00,observed,500.997201,500.997201,500.997201,500.997201
2025-03-13 00:00:00,observed,432.362504,432.362504,432.362504,432.362504
2025-03-13 01:00:00,observed,400.088096,400.088096,400.088096,400.088096
2025-03-13 02:00:00,observed,374.019048,374.019048,374.019048,374.019048
2025-03-13 03:00:00,observed,352.776184,352.776184,352.776184,352.776184
2025-03-13 04:00:00,observed,339.861841,339.861841,339.861841,339.861841
2025-03-13 05:00:00,observed,340.211437,340.211437,340.211437,340.211437
2025-03-13 06:00:00,observed,394.119992,394.119992,394.119992,394.119992
2025-03-13 07:00:00,observed,490.881213,490.881213,490.881213,490.881213
2025-03-13 08:00:00,observed,483.420446,483.420446,483.420446,483.420446
2025-03-13 09:00:00,observed,477.649326,477.649326,477.649326,477.649326
2025-03-13 10:00:00,observed,447.822935,447.822935,447.822935,447.822935
2025-03-13 11:00:00,observed,412.672406,412.672406,412.672406,412.672406
2025-03-13 12:00:00,observed,463.577349,463.577349,463.577349,463.577349
2025-03-13 13:00:00,observed,347.421624,347.421624,347.421624,347.421624
2025-03-13 14:00:00,observed,398.91578,398.91578,398.91578,398.91578
2025-03-13 15:00:00,observed,429.729314,429.729314,429.729314,429.729314
2025-03-13 16:00:00,observed,499.75123,499.75123,499.75123,499.75123
2025-03-13 17:00:00,observed,537.017155,537.017155,537.017155,537.017155
2025-03-13 18:00:00,observed,588.635013,588.635013,588.635013,588.635013
2025-03-13 19:00:00,observed,623.903955,623.903955,623.903955,623.903955
2025-03-13 20:00:00,observed,618.537711,618.537711,618.537711,618.537711
2025-03-13 21:00:00,observed,622.081266,622.081266,622.081266,622.081266
2025-03-13 22:00:00,observed,577.480598,577.480598,577.480598,577.480598
2025-03-13 23:00:00,observed,507.97757,507.97757,507.97757,507.97757
2025-03-14 00:00:00,observed,442.037188,442.037188,442.037188,442.037188
2025-03-14 01:00:00,observed,413.285278,413.285278,413.285278,413.285278
2025-03-14 02:00:00,observed,381.016137,381.016137,381.016137,381.016137
2025-03-14 03:00:00,observed,356.955383,356.955383,356.955383,356.955383
2025-03-14 04:00:00,observed,344.675107,344.675107,344.675107,344.675107
2025-03-14 05:00:00,observed,349.460137,349.460137,349.460137,349.460137
2025-03-14 06:00:00,observed,402.301009,402.301009,402.301009,402.301009
2025-03-14 07:00:00,observed,494.217949,494.217949,494.217949,494.217949
2025-03-14 08:00:00,observed,461.943094,461.943094,461.943094,461.943094
2025-03-14 09:00:00,observed,493.263855,493.263855,493.263855,493.263855
2025-03-14 10:00:00,observed,510.899048,510.899048,510.899048,510.899048
2025-03-14 11:00:00,observed,526.406668,526.406668,526.406668,526.406668
2025-03-14 12:00:00,observed,502.124096,502.124096,502.124096,502.124096
2025-03-14 13:00:00,observed,470.573582,470.573582,470.573582,470.573582
2025-03-14 14:00:00,observed,515.679213,515.679213,515.679213,515.679213
2025-03-14 15:00:00,observed,560.164698,560.164698,560.164698,560.164698
2025-03-14 16:00:00,observed,576.3715,576.3715,576.3715,576.3715
2025-03-14 17:00:00,observed,601.035106,601.035106,601.035106,601.035106
2025-03-14 18:00:00,observed,626.177945,626.177945,626.177945,626.177945
2025-03-14 19:00:00,observed,652.392528,652.392528,652.392528,652.392528
2025-03-14 20:00:00,observed,644.789924,644.789924,644.789924,644.789924
2025-03-14 21:00:00,observed,643.544327,643.544327,643.544327,643.544327
2025-03-14 22:00:00,observed,597.854974,597.854974,597.854974,597.854974
2025-03-14 23:00:00,observed,541.3865,541.3865,541.3865,541.3865
2025-03-15 00:00:00,observed,468.120012,468.120012,468.120012,468.120012
2025-03-15 01:00:00,observed,441.898652,441.898652,441.898652,441.898652
2025-03-15 02:00:00,observed,404.875312,404.875312,404.875312,404.875312
2025-03-15 03:00:00,observed,377.304277,377.304277,377.304277,377.304277
2025-03-15 04:00:00,observed,360.975819,360.975819,360.975819,360.975819
2025-03-15 05:00:00,observed,364.812352,364.812352,364.812352,364.812352
2025-03-15 06:00:00,observed,388.61176,388.61176,388.61176,388.61176
2025-03-15 07:00:00,observed,451.1944,451.1944,451.1944,451.1944
2025-03-15 08:00:00,observed,477.52231,477.52231,477.52231,477.52231
2025-03-15 09:00:00,observed,529.939466,529.939466,529.939466,529.939466
2025-03-15 10:00:00,observed,543.564935,543.564935,543.564935,543.564935
2025-03-15 11:00:00,observed,560.4716,560.4716,560.4716,560.4716
2025-03-15 12:00:00,observed,566.329588,566.329588,566.329588,566.329588
2025-03-15 13:00:00,observed,548.662751,548.662751,548.662751,548.662751
2025-03-15 14:00:00,observed,547.056626,547.056626,547.056626,547.056626
2025-03-15 15:00:00,observed,533.521566,533.521566,533.521566,533.521566
2025-03-15 16:00:00,observed,543.153107,543.153107,543.153107,543.153107
2025-03-15 17:00:00,observed,567.26826,567.26826,567.26826,567.26826
2025-03-15 18:00:00,observed,619.636361,619.636361,619.636361,619.636361
2025-03-15 19:00:00,observed,647.669129,647.669129,647.669129,647.669129
2025-03-15 20:00:00,observed,643.101766,643.101766,643.101766,643.101766
2025-03-15 21:00:00,observed,639.26476,639.26476,639.26476,639.26476
2025-03-15 22:00:00,observed,608.683106,608.683106,608.683106,608.683106
2025-03-15 23:00:00,observed,548.355612,548.355612,548.355612,548.355612
2025-03-16 00:00:00,observed,482.066948,482.066948,482.066948,482.066948
2025-03-16 01:00:00,observed,454.806473,454.806473,454.806473,454.806473
2025-03-16 02:00:00,observed,415.698611,415.698611,415.698611,415.698611
2025-03-16 03:00:00,observed,386.035372,386.035372,386.035372,386.035372
2025-03-16 04:00:00,observed,373.362745,373.362745,373.362745,373.362745
2025-03-16 05:00:00,observed,374.34412,374.34412,374.34412,374.34412
2025-03-16 06:00:00,observed,396.890809,396.890809,396.890809,396.890809
2025-03-16 07:00:00,observed,452.180743,452.180743,452.180743,452.180743
2025-03-16 08:00:00,observed,477.52231,477.52231,477.52231,477.52231
2025-03-16 09:00:00,observed,441.101471,441.101471,441.101471,441.101471
2025-03-16 10:00:00,observed,429.683495,429.683495,429.683495,429.683495
2025-03-16 11:00:00,observed,415.123455,415.123455,415.123455,415.123455
2025-03-16 12:00:00,observed,396.172409,396.172409,396.172409,396.172409
2025-03-16 13:00:00,observed,361.918932,361.918932,361.918932,361.918932
2025-03-16 14:00:00,observed,366.393524,366.393524,366.393524,366.393524
2025-03-16 15:00:00,observed,386.684151,386.684151,386.684151,386.684151
2025-03-16 16:00:00,observed,450.381406,450.381406,450.381406,450.381406
2025-03-16 17:00:00,observed,524.590943,524.590943,524.590943,524.590943
2025-03-16 18:00:00,observed,613.549371,613.549371,613.549371,613.549371
2025-03-16 19:00:00,observed,675.814873,675.814873,675.814873,675.814873
2025-03-16 20:00:00,observed,685.938893,685.938893,685.938893,685.938893
2025-03-16 21:00:00,observed,687.389007,687.389007,687.389007,687.389007
2025-03-16 22:00:00,observed,630.117467,630.117467,630.117467,630.117467
2025-03-16 23:00:00,observed,545.033292,545.033292,545.033292,545.033292
2025-03-17 00:00:00,observed,467.071867,467.071867,467.071867,467.071867
2025-03-17 01:00:00,observed,439.729131,439.729131,439.729131,439.729131
2025-03-17 02:00:00,observed,404.227862,404.227862,404.227862,404.227862
2025-03-17 03:00:00,observed,380.802254,380.802254,380.802254,380.802254
2025-03-17 04:00:00,observed,361.245785,361.245785,361.245785,361.245785
2025-03-17 05:00:00,observed,372.478529,372.478529,372.478529,372.478529
2025-03-17 06:00:00,observed,423.908277,423.908277,423.908277,423.908277
2025-03-17 07:00:00,observed,519.167419,519.167419,519.167419,519.167419
2025-03-17 08:00:00,observed,496.955831,496.955831,496.955831,496.955831
2025-03-17 09:00:00,observed,546.589792,546.589792,546.589792,546.589792
2025-03-17 10:00:00,observed,515.859248,515.859248,515.859248,515.859248
2025-03-17 11:00:00,observed,486.589598,486.589598,486.589598,486.589598
2025-03-17 12:00:00,observed,438.208205,438.208205,438.208205,438.208205
2025-03-17 13:00:00,observed,393.948905,393.948905,393.948905,393.948905
2025-03-17 14:00:00,observed,412.977407,412.977407,412.977407,412.977407
2025-03-17 15:00:00,observed,436.973516,436.973516,436.973516,436.973516
2025-03-17 16:00:00,observed,485.652492,485.652492,485.652492,485.652492
2025-03-17 17:00:00,observed,551.092863,551.092863,551.092863,551.092863
2025-03-17 18:00:00,observed,612.895664,612.895664,612.895664,612.895664
2025-03-17 19:00:00,observed,665.332073,665.332073,665.332073,665.332073
2025-03-17 20:00:00,observed,675.667168,675.667168,675.667168,675.667168
2025-03-17 21:00:00,observed,684.85865,684.85865,684.85865,684.85865
2025-03-17 22:00:00,observed,628.377722,628.377722,628.377722,628.377722
2025-03-17 23:00:00,observed,550.736905,550.736905,550.736905,550.736905
2025-03-18 00:00:00,observed,473.445715,473.445715,473.445715,473.445715
2025-03-18 01:00:00,observed,449.321947,449.321947,449.321947,449.321947
2025-03-18 02:00:00,observed,409.171694,409.171694,409.171694,409.171694
2025-03-18 03:00:00,observed,390.364383,390.364383,390.364383,390.364383
2025-03-18 04:00:00,observed,375.472003,375.472003,375.472003,375.472003
2025-03-18 05:00:00,observed,381.819536,381.819536,381.819536,381.819536
2025-03-18 06:00:00,observed,434.762409,434.762409,434.762409,434.762409
2025-03-18 07:00:00,observed,527.285985,527.285985,527.285985,527.285985
2025-03-18 08:00:00,observed,493.277826,493.277826,493.277826,493.277826
2025-03-18 09:00:00,observed,524.467955,524.467955,524.467955,524.467955
2025-03-18 10:00:00,observed,490.512933,490.512933,490.512933,490.512933
2025-03-18 11:00:00,observed,462.956199,462.956199,462.956199,462.956199
2025-03-18 12:00:00,observed,419.367997,419.367997,419.367997,419.367997
2025-03-18 13:00:00,observed,383.908953,383.908953,383.908953,383.908953
2025-03-18 14:00:00,observed,406.876505,406.876505,406.876505,406.876505
2025-03-18 15:00:00,observed,421.830374,421.830374,421.830374,421.830374
2025-03-18 16:00:00,observed,480.142402,480.142402,480.142402,480.142402
2025-03-18 17:00:00,observed,551.092863,551.092863,551.092863,551.092863
2025-03-18 18:00:00,observed,626.153516,626.153516,626.153516,626.153516
2025-03-18 19:00:00,observed,689.412796,689.412796,689.412796,689.412796
2025-03-18 20:00:00,observed,697.636446,697.636446,697.636446,697.636446
2025-03-18 21:00:00,observed,703.310941,703.310941,703.310941,703.310941
2025-03-18 22:00:00,observed,654.448258,654.448258,654.448258,654.448258
2025-03-18 23:00:00,observed,569.356146,569.356146,569.356146,569.356146
2025-03-19 00:00:00,observed,486.235694,486.235694,486.235694,486.235694
2025-03-19 01:00:00,observed,456.599864,456.599864,456.599864,456.599864
2025-03-19 02:00:00,observed,420.872382,420.872382,420.872382,420.872382
2025-03-19 03:00:00,observed,396.217939,396.217939,396.217939,396.217939
2025-03-19 04:00:00,observed,378.467102,378.467102,378.467102,378.467102
2025-03-19 05:00:00,observed,382.720668,382.720668,382.720668,382.720668
2025-03-19 06:00:00,observed,439.836714,439.836714,439.836714,439.836714
2025-03-19 07:00:00,observed,531.666639,531.666639,531.666639,531.666639
2025-03-19 08:00:00,observed,493.968587,493.968587,493.968587,493.968587
2025-03-19 09:00:00,observed,527.16987,527.16987,527.16987,527.16987
2025-03-19 10:00:00,observed,488.166705,488.166705,488.166705,488.166705
2025-03-19 11:00:00,observed,459.624651,459.624651,459.624651,459.624651
2025-03-19 12:00:00,observed,413.96933,413.96933,413.96933,413.96933
2025-03-19 13:00:00,observed,377.645246,377.645246,377.645246,377.645246
2025-03-19 14:00:00,observed,393.207814,393.207814,393.207814,393.207814
2025-03-19 15:00:00,observed,409.370429,409.370429,409.370429,409.370429
2025-03-19 16:00:00,observed,460.992228,460.992228,460.992228,460.992228
2025-03-19 17:00:00,observed,527.683932,527.683932,527.683932,527.683932
2025-03-19 18:00:00,observed,593.496187,593.496187,593.496187,593.496187
2025-03-19 19:00:00,observed,647.563297,647.563297,647.563297,647.563297
2025-03-19 20:00:00,observed,654.81517,654.81517,654.81517,654.81517
2025-03-19 21:00:00,observed,669.167188,669.167188,669.167188,669.167188
2025-03-19 22:00:00,observed,621.780147,621.780147,621.780147,621.780147
2025-03-19 23:00:00,observed,544.862642,544.862642,544.862642,544.862642
2025-03-20 00:00:00,observed,464.101412,464.101412,464.101412,464.101412
2025-03-20 01:00:00,observed,438.366871,438.366871,438.366871,438.366871
2025-03-20 02:00:00,observed,403.78107,403.78107,403.78107,403.78107
2025-03-20 03:00:00,observed,376.163157,376.163157,376.163157,376.163157
2025-03-20 04:00:00,observed,359.636501,359.636501,359.636501,359.636501
2025-03-20 05:00:00,observed,369.011515,369.011515,369.011515,369.011515
2025-03-20 06:00:00,observed,424.922715,424.922715,424.922715,424.922715
2025-03-20 07:00:00,observed,507.411073,507.411073,507.411073,507.411073
2025-03-20 08:00:00,observed,468.237653,468.237653,468.237653,468.237653
2025-03-20 09:00:00,observed,493.021716,493.021716,493.021716,493.021716
2025-03-20 10:00:00,observed,463.006287,463.006287,463.006287,463.006287
2025-03-20 11:00:00,observed,438.777122,438.777122,438.777122,438.777122
2025-03-20 12:00:00,observed,390.669998,390.669998,390.669998,390.669998
2025-03-20 13:00:00,observed,352.664104,352.664104,352.664104,352.664104
2025-03-20 14:00:00,observed,369.930709,369.930709,369.930709,369.930709
2025-03-20 15:00:00,observed,388.072699,388.072699,388.072699,388.072699
2025-03-20 16:00:00,observed,441.900208,441.900208,441.900208,441.900208
2025-03-20 17:00:00,observed,504.071458,504.071458,504.071458,504.071458
2025-03-20 18:00:00,observed,564.874629,564.874629,564.874629,564.874629
2025-03-20 19:00:00,observed,612.478809,612.478809,612.478809,612.478809
2025-03-20 20:00:00,observed,613.94373,613.94373,613.94373,613.94373
2025-03-20 21:00:00,observed,618.866946,618.866946,618.866946,618.866946
2025-03-20 22:00:00,observed,585.317125,585.317125,585.317125,585.317125
2025-03-20 23:00:00,observed,514.786781,514.786781,514.786781,514.786781
2025-03-21 00:00:00,observed,464.101412,464.101412,464.101412,464.101412
2025-03-21 01:00:00,observed,418.648069,418.648069,418.648069,418.648069
2025-03-21 02:00:00,observed,387.994509,387.994509,387.994509,387.994509
2025-03-21 03:00:00,observed,363.040531,363.040531,363.040531,363.040531
2025-03-21 04:00:00,observed,345.861538,345.861538,345.861538,345.861538
2025-03-21 05:00:00,observed,350.215816,350.215816,350.215816,350.215816
2025-03-21 06:00:00,observed,402.300984,402.300984,402.300984,402.300984
2025-03-21 07:00:00,observed,485.737031,485.737031,485.737031,485.737031
2025-03-21 08:00:00,observed,439.476073,439.476073,439.476073,439.476073
2025-03-21 09:00:00,observed,459.869125,459.869125,459.869125,459.869125
2025-03-21 10:00:00,observed,427.28483,427.28483,427.28483,427.28483
2025-03-21 11:00:00,observed,406.41605,406.41605,406.41605,406.41605
2025-03-21 12:00:00,observed,367.012842,367.012842,367.012842,367.012842
2025-03-21 13:00:00,observed,328.201577,328.201577,328.201577,328.201577
2025-03-21 14:00:00,observed,354.19248,354.19248,354.19248,354.19248
2025-03-21 15:00:00,observed,367.427424,367.427424,367.427424,367.427424
2025-03-21 16:00:00,observed,410.631953,410.631953,410.631953,410.631953
2025-03-21 17:00:00,observed,483.064673,483.064673,483.064673,483.064673
2025-03-21 18:00:00,observed,535.005176,535.005176,535.005176,535.005176
2025-03-21 19:00:00,observed,612.478809,612.478809,612.478809,612.478809
2025-03-21 20:00:00,observed,581.176968,581.176968,581.176968,581.176968
2025-03-21 21:00:00,observed,587.143659,587.143659,587.143659,587.143659
2025-03-21 22:00:00,observed,565.615944,565.615944,565.615944,565.615944
2025-03-21 23:00:00,observed,513.883791,513.883791,513.883791,513.883791
2025-03-22 00:00:00,observed,440.339358,440.339358,440.339358,440.339358
2025-03-22 01:00:00,observed,415.099609,415.099609,415.099609,415.099609
2025-03-22 02:00:00,observed,379.706436,379.706436,379.706436,379.706436
2025-03-22 03:00:00,observed,354.427755,354.427755,354.427755,354.427755
2025-03-22 04:00:00,observed,332.533469,332.533469,332.533469,332.533469
2025-03-22 05:00:00,observed,329.209531,329.209531,329.209531,329.209531
2025-03-22 06:00:00,observed,361.919118,361.919118,361.919118,361.919118
2025-03-22 07:00:00,observed,410.795396,410.795396,410.795396,410.795396
2025-03-22 08:00:00,observed,388.415228,388.415228,388.415228,388.415228
2025-03-22 09:00:00,observed,397.242804,397.242804,397.242804,397.242804
2025-03-22 10:00:00,observed,378.893409,378.893409,378.893409,378.893409
2025-03-22 11:00:00,observed,364.084956,364.084956,364.084956,364.084956
2025-03-22 12:00:00,observed,327.058013,327.058013,327.058013,327.058013
2025-03-22 13:00:00,observed,303.011792,303.011792,303.011792,303.011792
2025-03-22 14:00:00,observed,331.806616,331.806616,331.806616,331.806616
2025-03-22 15:00:00,observed,354.351067,354.351067,354.351067,354.351067
2025-03-22 16:00:00,observed,398.129356,398.129356,398.129356,398.129356
2025-03-22 17:00:00,observed,465.071399,465.071399,465.071399,465.071399
2025-03-22 18:00:00,observed,515.799632,515.799632,515.799632,515.799632
2025-03-22 19:00:00,observed,567.356191,567.356191,567.356191,567.356191
2025-03-22 20:00:00,observed,559.784108,559.784108,559.784108,559.784108
2025-03-22 21:00:00,observed,562.734828,562.734828,562.734828,562.734828
2025-03-22 22:00:00,observed,540.354669,540.354669,540.354669,540.354669
2025-03-22 23:00:00,observed,484.124108,484.124108,484.124108,484.124108
2025-03-23 00:00:00,observed,416.892874,416.892874,416.892874,416.892874
2025-03-23 01:00:00,observed,396.082188,396.082188,396.082188,396.082188
2025-03-23 02:00:00,observed,360.086868,360.086868,360.086868,360.086868
2025-03-23 03:00:00,observed,338.744866,338.744866,338.744866,338.744866
2025-03-23 04:00:00,observed,320.33238,320.33238,320.33238,320.33238
2025-03-23 05:00:00,observed,318.46072,318.46072,318.46072,318.46072
2025-03-23 06:00:00,observed,343.046019,343.046019,343.046019,343.046019
2025-03-23 07:00:00,observed,390.883307,390.883307,390.883307,390.883307
2025-03-23 08:00:00,observed,365.599814,365.599814,365.599814,365.599814
2025-03-23 09:00:00,observed,391.574297,391.574297,391.574297,391.574297
2025-03-23 10:00:00,observed,359.846582,359.846582,359.846582,359.846582
2025-03-23 11:00:00,observed,360.788519,360.788519,360.788519,360.788519
2025-03-23 12:00:00,observed,365.053338,365.053338,365.053338,365.053338
2025-03-23 13:00:00,observed,352.839671,352.839671,352.839671,352.839671
2025-03-23 14:00:00,observed,416.6628,416.6628,416.6628,416.6628
2025-03-23 15:00:00,observed,440.476054,440.476054,440.476054,440.476054
2025-03-23 16:00:00,observed,432.460186,432.460186,432.460186,432.460186
2025-03-23 17:00:00,observed,454.32029,454.32029,454.32029,454.32029
2025-03-23 18:00:00,observed,505.978417,505.978417,505.978417,505.978417
2025-03-23 19:00:00,observed,552.137146,552.137146,552.137146,552.137146
2025-03-23 20:00:00,observed,555.073151,555.073151,555.073151,555.073151
2025-03-23 21:00:00,observed,566.6161,566.6161,566.6161,566.6161
2025-03-23 22:00:00,observed,518.87781,518.87781,518.87781,518.87781
2025-03-23 23:00:00,observed,453.341242,453.341242,453.341242,453.341242
2025-03-24 00:00:00,observed,391.614138,391.614138,391.614138,391.614138
2025-03-24 01:00:00,observed,367.112796,367.112796,367.112796,367.112796
2025-03-24 02:00:00,observed,332.724342,332.724342,332.724342,332.724342
2025-03-24 03:00:00,observed,312.981805,312.981805,312.981805,312.981805
2025-03-24 04:00:00,observed,300.675174,300.675174,300.675174,300.675174
2025-03-24 05:00:00,observed,305.481791,305.481791,305.481791,305.481791
2025-03-24 06:00:00,observed,352.287012,352.287012,352.287012,352.287012
2025-03-24 07:00:00,observed,435.731238,435.731238,435.731238,435.731238
2025-03-24 08:00:00,observed,412.588159,412.588159,412.588159,412.588159
2025-03-24 09:00:00,observed,451.440878,451.440878,451.440878,451.440878
2025-03-24 10:00:00,observed,441.582145,441.582145,441.582145,441.582145
2025-03-24 11:00:00,observed,415.081685,415.081685,415.081685,415.081685
2025-03-24 12:00:00,observed,368.776516,368.776516,368.776516,368.776516
2025-03-24 13:00:00,observed,327.977756,327.977756,327.977756,327.977756
2025-03-24 14:00:00,observed,352.323294,352.323294,352.323294,352.323294
2025-03-24 15:00:00,observed,372.894116,372.894116,372.894116,372.894116
2025-03-24 16:00:00,observed,423.826577,423.826577,423.826577,423.826577
2025-03-24 17:00:00,observed,481.44213,481.44213,481.44213,481.44213
2025-03-24 18:00:00,observed,533.734902,533.734902,533.734902,533.734902
2025-03-24 19:00:00,observed,574.353918,574.353918,574.353918,574.353918
2025-03-24 20:00:00,observed,558.135505,558.135505,558.135505,558.135505
2025-03-24 21:00:00,observed,560.583912,560.583912,560.583912,560.583912
2025-03-24 22:00:00,observed,520.55214,520.55214,520.55214,520.55214
2025-03-24 23:00:00,observed,456.008965,456.008965,456.008965,456.008965
2025-03-25 00:00:00,observed,395.80059,395.80059,395.80059,395.80059
2025-03-25 01:00:00,observed,375.41885,375.41885,375.41885,375.41885
2025-03-25 02:00:00,observed,343.381604,343.381604,343.381604,343.381604
2025-03-25 03:00:00,observed,323.245031,323.245031,323.245031,323.245031
2025-03-25 04:00:00,observed,308.911858,308.911858,308.911858,308.911858
2025-03-25 05:00:00,observed,310.994774,310.994774,310.994774,310.994774
2025-03-25 06:00:00,observed,361.243232,361.243232,361.243232,361.243232
2025-03-25 07:00:00,observed,429.102011,429.102011,429.102011,429.102011
2025-03-25 08:00:00,observed,393.253445,393.253445,393.253445,393.253445
2025-03-25 09:00:00,observed,410.736793,410.736793,410.736793,410.736793
2025-03-25 10:00:00,observed,394.710774,394.710774,394.710774,394.710774
2025-03-25 11:00:00,observed,373.008159,373.008159,373.008159,373.008159
2025-03-25 12:00:00,observed,339.358601,339.358601,339.358601,339.358601
2025-03-25 13:00:00,observed,318.532278,318.532278,318.532278,318.532278
2025-03-25 14:00:00,observed,348.664225,348.664225,348.664225,348.664225
2025-03-25 15:00:00,observed,398.428884,398.428884,398.428884,398.428884
2025-03-25 16:00:00,observed,421.13089,421.13089,421.13089,421.13089
2025-03-25 17:00:00,observed,479.859923,479.859923,479.859923,479.859923
2025-03-25 18:00:00,observed,527.797912,527.797912,527.797912,527.797912
2025-03-25 19:00:00,observed,574.254661,574.254661,574.254661,574.254661
2025-03-25 20:00:00,observed,563.590185,563.590185,563.590185,563.590185
2025-03-25 21:00:00,observed,560.688716,560.688716,560.688716,560.688716
2025-03-25 22:00:00,observed,519.758084,519.758084,519.758084,519.758084
2025-03-25 23:00:00,observed,461.692064,461.692064,461.692064,461.692064
2025-03-26 00:00:00,observed,396.209869,396.209869,396.209869,396.209869
2025-03-26 01:00:00,observed,375.039335,375.039335,375.039335,375.039335
2025-03-26 02:00:00,observed,342.725801,342.725801,342.725801,342.725801
2025-03-26 03:00:00,observed,323.183349,323.183349,323.183349,323.183349
2025-03-26 04:00:00,observed,312.112962,312.112962,312.112962,312.112962
2025-03-26 05:00:00,observed,313.767167,313.767167,313.767167,313.767167
2025-03-26 06:00:00,observed,367.095855,367.095855,367.095855,367.095855
2025-03-26 07:00:00,observed,430.76887,430.76887,430.76887,430.76887
2025-03-26 08:00:00,observed,383.823661,383.823661,383.823661,383.823661
2025-03-26 09:00:00,observed,413.336567,413.336567,413.336567,413.336567
2025-03-26 10:00:00,observed,390.000424,390.000424,390.000424,390.000424
2025-03-26 11:00:00,observed,380.770879,380.770879,380.770879,380.770879
2025-03-26 12:00:00,observed,342.850706,342.850706,342.850706,342.850706
2025-03-26 13:00:00,observed,321.271789,321.271789,321.271789,321.271789
2025-03-26 14:00:00,observed,357.091071,357.091071,357.091071,357.091071
2025-03-26 15:00:00,observed,382.836107,382.836107,382.836107,382.836107
2025-03-26 16:00:00,observed,437.907584,437.907584,437.907584,437.907584
2025-03-26 17:00:00,observed,496.889232,496.889232,496.889232,496.889232
2025-03-26 18:00:00,observed,540.309231,540.309231,540.309231,540.309231
2025-03-26 19:00:00,observed,579.093932,579.093932,579.093932,579.093932
2025-03-26 20:00:00,observed,575.797668,575.797668,575.797668,575.797668
2025-03-26 21:00:00,observed,568.837089,568.837089,568.837089,568.837089
2025-03-26 22:00:00,observed,527.746892,527.746892,527.746892,527.746892
2025-03-26 23:00:00,observed,462.323691,462.323691,462.323691,462.323691
2025-03-27 00:00:00,observed,397.901331,397.901331,397.901331,397.901331
2025-03-27 01:00:00,observed,379.176525,379.176525,379.176525,379.176525
2025-03-27 02:00:00,observed,345.93872,345.93872,345.93872,345.93872
2025-03-27 03:00:00,observed,320.022178,320.022178,320.022178,320.022178
2025-03-27 04:00:00,observed,307.564751,307.564751,307.564751,307.564751
2025-03-27 05:00:00,observed,313.669162,313.669162,313.669162,313.669162
2025-03-27 06:00:00,observed,353.569222,353.569222,353.569222,353.569222
2025-03-27 07:00:00,observed,431.271353,431.271353,431.271353,431.271353
2025-03-27 08:00:00,observed,447.095306,447.095306,447.095306,447.095306
2025-03-27 09:00:00,observed,504.295983,504.295983,504.295983,504.295983
2025-03-27 10:00:00,observed,516.556424,516.556424,516.556424,516.556424
2025-03-27 11:00:00,observed,521.966617,521.966617,521.966617,521.966617
2025-03-27 12:00:00,observed,457.496778,457.496778,457.496778,457.496778
2025-03-27 13:00:00,observed,418.125585,418.125585,418.125585,418.125585
2025-03-27 14:00:00,observed,481.926894,481.926894,481.926894,481.926894
2025-03-27 15:00:00,observed,493.782094,493.782094,493.782094,493.782094
2025-03-27 16:00:00,observed,509.535995,509.535995,509.535995,509.535995
2025-03-27 17:00:00,observed,546.317009,546.317009,546.317009,546.317009
2025-03-27 18:00:00,observed,579.229376,579.229376,579.229376,579.229376
2025-03-27 19:00:00,observed,592.844941,592.844941,592.844941,592.844941
2025-03-27 20:00:00,observed,585.782985,585.782985,585.782985,585.782985
2025-03-27 21:00:00,observed,566.97883,566.97883,566.97883,566.97883
2025-03-27 22:00:00,observed,515.365001,515.365001,515.365001,515.365001
2025-03-27 23:00:00,observed,464.337525,464.337525,464.337525,464.337525
2025-03-28 00:00:00,observed,406.143715,406.143715,406.143715,406.143715
2025-03-28 01:00:00,observed,392.900269,392.900269,392.900269,392.900269
2025-03-28 02:00:00,observed,365.677568,365.677568,365.677568,365.677568
2025-03-28 03:00:00,observed,343.626044,343.626044,343.626044,343.626044
2025-03-28 04:00:00,observed,323.772036,323.772036,323.772036,323.772036
2025-03-28 05:00:00,observed,330.735097,330.735097,330.735097,330.735097
2025-03-28 06:00:00,observed,376.923492,376.923492,376.923492,376.923492
2025-03-28 07:00:00,observed,447.442821,447.442821,447.442821,447.442821
2025-03-28 08:00:00,observed,410.942403,410.942403,410.942403,410.942403
2025-03-28 09:00:00,observed,491.169696,491.169696,491.169696,491.169696
2025-03-28 10:00:00,observed,457.913441,457.913441,457.913441,457.913441
2025-03-28 11:00:00,observed,438.457552,438.457552,438.457552,438.457552
2025-03-28 12:00:00,observed,422.413074,422.413074,422.413074,422.413074
2025-03-28 13:00:00,observed,382.237884,382.237884,382.237884,382.237884
2025-03-28 14:00:00,observed,402.601667,402.601667,402.601667,402.601667
2025-03-28 15:00:00,observed,435.288579,435.288579,435.288579,435.288579
2025-03-28 16:00:00,observed,485.760569,485.760569,485.760569,485.760569
2025-03-28 17:00:00,observed,540.477532,540.477532,540.477532,540.477532
2025-03-28 18:00:00,observed,579.836586,579.836586,579.836586,579.836586
2025-03-28 19:00:00,observed,608.974127,608.974127,608.974127,608.974127
2025-03-28 20:00:00,observed,593.907451,593.907451,593.907451,593.907451
2025-03-28 21:00:00,observed,593.074658,593.074658,593.074658,593.074658
2025-03-28 22:00:00,observed,554.727906,554.727906,554.727906,554.727906
2025-03-28 23:00:00,observed,505.35535,505.35535,505.35535,505.35535
2025-03-29 00:00:00,observed,440.36543,440.36543,440.36543,440.36543
2025-03-29 01:00:00,observed,423.712152,423.712152,423.712152,423.712152
2025-03-29 02:00:00,observed,387.62864,387.62864,387.62864,387.62864
2025-03-29 03:00:00,observed,360.49209,360.49209,360.49209,360.49209
2025-03-29 04:00:00,observed,345.46706,345.46706,345.46706,345.46706
2025-03-29 05:00:00,observed,339.796877,339.796877,339.796877,339.796877
2025-03-29 06:00:00,observed,370.836211,370.836211,370.836211,370.836211
2025-03-29 07:00:00,observed,420.645243,420.645243,420.645243,420.645243
2025-03-29 08:00:00,observed,414.76309,414.76309,414.76309,414.76309
2025-03-29 09:00:00,observed,444.108637,444.108637,444.108637,444.108637
2025-03-29 10:00:00,observed,413.950216,413.950216,413.950216,413.950216
2025-03-29 11:00:00,observed,411.425543,411.425543,411.425543,411.425543
2025-03-29 12:00:00,observed,389.843165,389.843165,389.843165,389.843165
2025-03-29 13:00:00,observed,316.21116,316.21116,316.21116,316.21116
2025-03-29 14:00:00,observed,378.7895,378.7895,378.7895,378.7895
2025-03-29 15:00:00,observed,420.3737,420.3737,420.3737,420.3737
2025-03-29 16:00:00,observed,471.998964,471.998964,471.998964,471.998964
2025-03-29 17:00:00,observed,533.968361,533.968361,533.968361,533.968361
2025-03-29 18:00:00,observed,575.271869,575.271869,575.271869,575.271869
2025-03-29 19:00:00,observed,620.973984,620.973984,620.973984,620.973984
2025-03-29 20:00:00,observed,607.37306,607.37306,607.37306,607.37306
2025-03-29 21:00:00,observed,598.0281,598.0281,598.0281,598.0281
2025-03-29 22:00:00,observed,561.011906,561.011906,561.011906,561.011906
2025-03-29 23:00:00,observed,497.352695,497.352695,497.352695,497.352695
2025-03-30 00:00:00,observed,434.859669,434.859669,434.859669,434.859669
2025-03-30 01:00:00,observed,414.325898,414.325898,414.325898,414.325898
2025-03-30 02:00:00,observed,381.319504,381.319504,381.319504,381.319504
2025-03-30 03:00:00,observed,354.067325,354.067325,354.067325,354.067325
2025-03-30 04:00:00,observed,337.246377,337.246377,337.246377,337.246377
2025-03-30 05:00:00,observed,340.539927,340.539927,340.539927,340.539927
2025-03-30 06:00:00,observed,365.051583,365.051583,365.051583,365.051583
2025-03-30 07:00:00,observed,413.157774,413.157774,413.157774,413.157774
2025-03-30 08:00:00,observed,399.54574,399.54574,399.54574,399.54574
2025-03-30 09:00:00,observed,420.664109,420.664109,420.664109,420.664109
2025-03-30 10:00:00,observed,403.49998,403.49998,403.49998,403.49998
2025-03-30 11:00:00,observed,396.08931,396.08931,396.08931,396.08931
2025-03-30 12:00:00,observed,377.61363,377.61363,377.61363,377.61363
2025-03-30 13:00:00,observed,403.397636,403.397636,403.397636,403.397636
2025-03-30 14:00:00,observed,393.137367,393.137367,393.137367,393.137367
2025-03-30 15:00:00,observed,335.812806,335.812806,335.812806,335.812806
2025-03-30 16:00:00,observed,382.389639,382.389639,382.389639,382.389639
2025-03-30 17:00:00,observed,461.800133,461.800133,461.800133,461.800133
2025-03-30 18:00:00,observed,533.792913,533.792913,533.792913,533.792913
2025-03-30 19:00:00,observed,589.917311,589.917311,589.917311,589.917311
2025-03-30 20:00:00,observed,598.871952,598.871952,598.871952,598.871952
2025-03-30 21:00:00,observed,609.180721,609.180721,609.180721,609.180721
2025-03-30 22:00:00,observed,561.045142,561.045142,561.045142,561.045142
2025-03-30 23:00:00,observed,497.352695,497.352695,497.352695,497.352695
2025-03-31 00:00:00,observed,412.605162,412.605162,412.605162,412.605162
2025-03-31 01:00:00,observed,399.832183,399.832183,399.832183,399.832183
2025-03-31 02:00:00,observed,365.791193,365.791193,365.791193,365.791193
2025-03-31 03:00:00,observed,342.122628,342.122628,342.122628,342.122628
2025-03-31 04:00:00,observed,328.991128,328.991128,328.991128,328.991128
2025-03-31 05:00:00,observed,336.1469,336.1469,336.1469,336.1469
2025-03-31 06:00:00,observed,391.427898,391.427898,391.427898,391.427898
2025-03-31 07:00:00,observed,457.67817,457.67817,457.67817,457.67817
2025-03-31 08:00:00,observed,418.482562,418.482562,418.482562,418.482562
2025-03-31 09:00:00,observed,444.272894,444.272894,444.272894,444.272894
2025-03-31 10:00:00,observed,466.940405,466.940405,466.940405,466.940405
2025-03-31 11:00:00,observed,444.990622,444.990622,444.990622,444.990622
2025-03-31 12:00:00,observed,433.025614,433.025614,433.025614,433.025614
2025-03-31 13:00:00,observed,407.923081,407.923081,407.923081,407.923081
2025-03-31 14:00:00,observed,449.423098,449.423098,449.423098,449.423098
2025-03-31 15:00:00,observed,383.829781,383.829781,383.829781,383.829781
2025-03-31 16:00:00,observed,429.901066,429.901066,429.901066,429.901066
2025-03-31 17:00:00,observed,495.704746,495.704746,495.704746,495.704746
2025-03-31 18:00:00,observed,561.446975,561.446975,561.446975,561.446975
2025-03-31 19:00:00,observed,614.113928,614.113928,614.113928,614.113928
2025-03-31 20:00:00,observed,606.947411,606.947411,606.947411,606.947411
2025-03-31 21:00:00,observed,609.09563,609.09563,609.09563,609.09563
2025-03-31 22:00:00,observed,564.87277,564.87277,564.87277,564.87277
2025-03-31 23:00:00,observed,490.454808,490.454808,490.454808,490.454808
2025-04-01 00:00:00,observed,425.565924,425.565924,425.565924,425.565924
2025-04-01 01:00:00,observed,407.46307,407.46307,407.46307,407.46307
2025-04-01 02:00:00,observed,374.537842,374.537842,374.537842,374.537842
2025-04-01 03:00:00,observed,351.093337,351.093337,351.093337,351.093337
2025-04-01 04:00:00,observed,341.054335,341.054335,341.054335,341.054335
2025-04-01 05:00:00,observed,341.679948,341.679948,341.679948,341.679948
2025-04-01 06:00:00,observed,396.364897,396.364897,396.364897,396.364897
2025-04-01 07:00:00,observed,466.752113,466.752113,466.752113,466.752113
2025-04-01 08:00:00,observed,417.792629,417.792629,417.792629,417.792629
2025-04-01 09:00:00,observed,438.079787,438.079787,438.079787,438.079787
2025-04-01 10:00:00,observed,410.559785,410.559785,410.559785,410.559785
2025-04-01 11:00:00,observed,393.559296,393.559296,393.559296,393.559296
2025-04-01 12:00:00,observed,350.046871,350.046871,350.046871,350.046871
2025-04-01 13:00:00,observed,322.159257,322.159257,322.159257,322.159257
2025-04-01 14:00:00,observed,346.858159,346.858159,346.858159,346.858159
2025-04-01 15:00:00,observed,363.743695,363.743695,363.743695,363.743695
2025-04-01 16:00:00,observed,415.999238,415.999238,415.999238,415.999238
2025-04-01 17:00:00,observed,480.798676,480.798676,480.798676,480.798676
2025-04-01 18:00:00,observed,538.99021,538.99021,538.99021,538.99021
2025-04-01 19:00:00,observed,587.089906,587.089906,587.089906,587.089906
2025-04-01 20:00:00,observed,581.726512,581.726512,581.726512,581.726512
2025-04-01 21:00:00,observed,587.556757,587.556757,587.556757,587.556757
2025-04-01 22:00:00,observed,545.954326,545.954326,545.954326,545.954326
2025-04-01 23:00:00,observed,484.654521,484.654521,484.654521,484.654521
2025-04-02 00:00:00,observed,414.268234,414.268234,414.268234,414.268234
2025-04-02 01:00:00,observed,401.50962,401.50962,401.50962,401.50962
2025-04-02 02:00:00,observed,369.240195,369.240195,369.240195,369.240195
2025-04-02 03:00:00,observed,343.552386,343.552386,343.552386,343.552386
2025-04-02 04:00:00,observed,327.046791,327.046791,327.046791,327.046791
2025-04-02 05:00:00,observed,336.156685,336.156685,336.156685,336.156685
2025-04-02 06:00:00,observed,383.79098,383.79098,383.79098,383.79098
2025-04-02 07:00:00,observed,466.752113,466.752113,466.752113,466.752113
2025-04-02 08:00:00,observed,396.838288,396.838288,396.838288,396.838288
2025-04-02 09:00:00,observed,421.48622,421.48622,421.48622,421.48622
2025-04-02 10:00:00,observed,391.133368,391.133368,391.133368,391.133368
2025-04-02 11:00:00,observed,379.076281,379.076281,379.076281,379.076281
2025-04-02 12:00:00,observed,332.748844,332.748844,332.748844,332.748844
2025-04-02 13:00:00,observed,308.697415,308.697415,308.697415,308.697415
2025-04-02 14:00:00,observed,330.372736,330.372736,330.372736,330.372736
2025-04-02 15:00:00,observed,351.571383,351.571383,351.571383,351.571383
2025-04-02 16:00:00,observed,399.121961,399.121961,399.121961,399.121961
2025-04-02 17:00:00,observed,465.264135,465.264135,465.264135,465.264135
2025-04-02 18:00:00,observed,526.91478,526.91478,526.91478,526.91478
2025-04-02 19:00:00,observed,586.455987,586.455987,586.455987,586.455987
2025-04-02 20:00:00,observed,584.535416,584.535416,584.535416,584.535416
2025-04-02 21:00:00,observed,586.791823,586.791823,586.791823,586.791823
2025-04-02 22:00:00,observed,549.503837,549.503837,549.503837,549.503837
2025-04-02 23:00:00,observed,482.82047,482.82047,482.82047,482.82047
2025-04-03 00:00:00,observed,418.273801,418.273801,418.273801,418.273801
2025-04-03 01:00:00,observed,398.240678,398.240678,398.240678,398.240678
2025-04-03 02:00:00,observed,369.328957,369.328957,369.328957,369.328957
2025-04-03 03:00:00,observed,346.246061,346.246061,346.246061,346.246061
2025-04-03 04:00:00,observed,332.023795,332.023795,332.023795,332.023795
2025-04-03 05:00:00,observed,336.1966,336.1966,336.1966,336.1966
2025-04-03 06:00:00,observed,376.874877,376.874877,376.874877,376.874877
2025-04-03 07:00:00,observed,440.548417,440.548417,440.548417,440.548417
2025-04-03 08:00:00,observed,399.635553,399.635553,399.635553,399.635553
2025-04-03 09:00:00,observed,419.439555,419.439555,419.439555,419.439555
2025-04-03 10:00:00,observed,403.56899,403.56899,403.56899,403.56899
2025-04-03 11:00:00,observed,381.199653,381.199653,381.199653,381.199653
2025-04-03 12:00:00,observed,331.825547,331.825547,331.825547,331.825547
2025-04-03 13:00:00,observed,307.163145,307.163145,307.163145,307.163145
2025-04-03 14:00:00,observed,338.923039,338.923039,338.923039,338.923039
2025-04-03 15:00:00,observed,364.232905,364.232905,364.232905,364.232905
2025-04-03 16:00:00,observed,407.225248,407.225248,407.225248,407.225248
2025-04-03 17:00:00,observed,465.784689,465.784689,465.784689,465.784689
2025-04-03 18:00:00,observed,511.365191,511.365191,511.365191,511.365191
2025-04-03 19:00:00,observed,570.815957,570.815957,570.815957,570.815957
2025-04-03 20:00:00,observed,559.590083,559.590083,559.590083,559.590083
2025-04-03 21:00:00,observed,564.402359,564.402359,564.402359,564.402359
2025-04-03 22:00:00,observed,538.073256,538.073256,538.073256,538.073256
2025-04-03 23:00:00,observed,481.446469,481.446469,481.446469,481.446469
2025-04-04 00:00:00,observed,417.410256,417.410256,417.410256,417.410256
2025-04-04 01:00:00,observed,399.334721,399.334721,399.334721,399.334721
2025-04-04 02:00:00,observed,365.016833,365.016833,365.016833,365.016833
2025-04-04 03:00:00,observed,340.181045,340.181045,340.181045,340.181045
2025-04-04 04:00:00,observed,324.807695,324.807695,324.807695,324.807695
2025-04-04 05:00:00,observed,321.756099,321.756099,321.756099,321.756099
2025-04-04 06:00:00,observed,346.846883,346.846883,346.846883,346.846883
2025-04-04 07:00:00,observed,379.761752,379.761752,379.761752,379.761752
2025-04-04 08:00:00,observed,355.759334,355.759334,355.759334,355.759334
2025-04-04 09:00:00,observed,349.098506,349.098506,349.098506,349.098506
2025-04-04 10:00:00,observed,334.115891,334.115891,334.115891,334.115891
2025-04-04 11:00:00,observed,373.465513,373.465513,373.465513,373.465513
2025-04-04 12:00:00,observed,280.553628,280.553628,280.553628,280.553628
2025-04-04 13:00:00,observed,314.052849,314.052849,314.052849,314.052849
2025-04-04 14:00:00,observed,317.619224,317.619224,317.619224,317.619224
2025-04-04 15:00:00,observed,371.213596,371.213596,371.213596,371.213596
2025-04-04 16:00:00,observed,396.221517,396.221517,396.221517,396.221517
2025-04-04 17:00:00,observed,443.59117,443.59117,443.59117,443.59117
2025-04-04 18:00:00,observed,480.384615,480.384615,480.384615,480.384615
2025-04-04 19:00:00,observed,528.628597,528.628597,528.628597,528.628597
2025-04-04 20:00:00,observed,525.510784,525.510784,525.510784,525.510784
2025-04-04 21:00:00,observed,531.410672,531.410672,531.410672,531.410672
2025-04-04 22:00:00,observed,493.880732,493.880732,493.880732,493.880732
2025-04-04 23:00:00,observed,434.317092,434.317092,434.317092,434.317092
2025-04-05 00:00:00,observed,372.742908,372.742908,372.742908,372.742908
2025-04-05 01:00:00,observed,360.880934,360.880934,360.880934,360.880934
2025-04-05 02:00:00,observed,327.694908,327.694908,327.694908,327.694908
2025-04-05 03:00:00,observed,309.704397,309.704397,309.704397,309.704397
2025-04-05 04:00:00,observed,297.198122,297.198122,297.198122,297.198122
2025-04-05 05:00:00,observed,298.042573,298.042573,298.042573,298.042573
2025-04-05 06:00:00,observed,322.464375,322.464375,322.464375,322.464375
2025-04-05 07:00:00,observed,357.602979,357.602979,357.602979,357.602979
2025-04-05 08:00:00,observed,337.07327,337.07327,337.07327,337.07327
2025-04-05 09:00:00,observed,347.100782,347.100782,347.100782,347.100782
2025-04-05 10:00:00,observed,325.988742,325.988742,325.988742,325.988742
2025-04-05 11:00:00,observed,313.115877,313.115877,313.115877,313.115877
2025-04-05 12:00:00,observed,284.771484,284.771484,284.771484,284.771484
2025-04-05 13:00:00,observed,265.903201,265.903201,265.903201,265.903201
2025-04-05 14:00:00,observed,281.085159,281.085159,281.085159,281.085159
2025-04-05 15:00:00,observed,304.291883,304.291883,304.291883,304.291883
2025-04-05 16:00:00,observed,358.469242,358.469242,358.469242,358.469242
2025-04-05 17:00:00,observed,426.241893,426.241893,426.241893,426.241893
2025-04-05 18:00:00,observed,487.698486,487.698486,487.698486,487.698486
2025-04-05 19:00:00,observed,537.862567,537.862567,537.862567,537.862567
2025-04-05 20:00:00,observed,534.959463,534.959463,534.959463,534.959463
2025-04-05 21:00:00,observed,536.64921,536.64921,536.64921,536.64921
2025-04-05 22:00:00,observed,511.003002,511.003002,511.003002,511.003002
2025-04-05 23:00:00,observed,459.38222,459.38222,459.38222,459.38222
2025-04-06 00:00:00,observed,400.896992,400.896992,400.896992,400.896992
2025-04-06 01:00:00,observed,384.762599,384.762599,384.762599,384.762599
2025-04-06 02:00:00,observed,347.95105,347.95105,347.95105,347.95105
2025-04-06 03:00:00,observed,325.594527,325.594527,325.594527,325.594527
2025-04-06 04:00:00,observed,310.194453,310.194453,310.194453,310.194453
2025-04-06 05:00:00,observed,308.059873,308.059873,308.059873,308.059873
2025-04-06 06:00:00,observed,338.733531,338.733531,338.733531,338.733531
2025-04-06 07:00:00,observed,364.434339,364.434339,364.434339,364.434339
2025-04-06 08:00:00,observed,333.592144,333.592144,333.592144,333.592144
2025-04-06 09:00:00,observed,353.329981,353.329981,353.329981,353.329981
2025-04-06 10:00:00,observed,344.096516,344.096516,344.096516,344.096516
2025-04-06 11:00:00,observed,334.16787,334.16787,334.16787,334.16787
2025-04-06 12:00:00,observed,303.474752,303.474752,303.474752,303.474752
2025-04-06 13:00:00,observed,283.523399,283.523399,283.523399,283.523399
2025-04-06 14:00:00,observed,304.914841,304.914841,304.914841,304.914841
2025-04-06 15:00:00,observed,324.786714,324.786714,324.786714,324.786714
2025-04-06 16:00:00,observed,383.43396,383.43396,383.43396,383.43396
2025-04-06 17:00:00,observed,452.974468,452.974468,452.974468,452.974468
2025-04-06 18:00:00,observed,498.456714,498.456714,498.456714,498.456714
2025-04-06 19:00:00,observed,554.839618,554.839618,554.839618,554.839618
2025-04-06 20:00:00,observed,558.100871,558.100871,558.100871,558.100871
2025-04-06 21:00:00,observed,557.519729,557.519729,557.519729,557.519729
2025-04-06 22:00:00,observed,513.201836,513.201836,513.201836,513.201836
2025-04-06 23:00:00,observed,443.72573,443.72573,443.72573,443.72573
2025-04-07 00:00:00,observed,379.408515,379.408515,379.408515,379.408515
2025-04-07 01:00:00,observed,372.776837,372.776837,372.776837,372.776837
2025-04-07 02:00:00,observed,337.686017,337.686017,337.686017,337.686017
2025-04-07 03:00:00,observed,314.979328,314.979328,314.979328,314.979328
2025-04-07 04:00:00,observed,298.699015,298.699015,298.699015,298.699015
2025-04-07 05:00:00,observed,305.956833,305.956833,305.956833,305.956833
2025-04-07 06:00:00,observed,354.404802,354.404802,354.404802,354.404802
2025-04-07 07:00:00,observed,414.412824,414.412824,414.412824,414.412824
2025-04-07 08:00:00,observed,375.288374,375.288374,375.288374,375.288374
2025-04-07 09:00:00,observed,407.765879,407.765879,407.765879,407.765879
2025-04-07 10:00:00,observed,389.562503,389.562503,389.562503,389.562503
2025-04-07 11:00:00,observed,375.597915,375.597915,375.597915,375.597915
2025-04-07 12:00:00,observed,348.614389,348.614389,348.614389,348.614389
2025-04-07 13:00:00,observed,336.3599,336.3599,336.3599,336.3599
2025-04-07 14:00:00,observed,358.304221,358.304221,358.304221,358.304221
2025-04-07 15:00:00,observed,391.873733,391.873733,391.873733,391.873733
2025-04-07 16:00:00,observed,423.422617,423.422617,423.422617,423.422617
2025-04-07 17:00:00,observed,472.422182,472.422182,472.422182,472.422182
2025-04-07 18:00:00,observed,526.085104,526.085104,526.085104,526.085104
2025-04-07 19:00:00,observed,571.329023,571.329023,571.329023,571.329023
2025-04-07 20:00:00,observed,555.571378,555.571378,555.571378,555.571378
2025-04-07 21:00:00,observed,553.336681,553.336681,553.336681,553.336681
2025-04-07 22:00:00,observed,515.200289,515.200289,515.200289,515.200289
2025-04-07 23:00:00,observed,455.710116,455.710116,455.710116,455.710116
2025-04-08 00:00:00,observed,390.378679,390.378679,390.378679,390.378679
2025-04-08 01:00:00,observed,377.031599,377.031599,377.031599,377.031599
2025-04-08 02:00:00,observed,345.53119,345.53119,345.53119,345.53119
2025-04-08 03:00:00,observed,324.241012,324.241012,324.241012,324.241012
2025-04-08 04:00:00,observed,307.654326,307.654326,307.654326,307.654326
2025-04-08 05:00:00,observed,310.839811,310.839811,310.839811,310.839811
2025-04-08 06:00:00,observed,363.663916,363.663916,363.663916,363.663916
2025-04-08 07:00:00,observed,408.287394,408.287394,408.287394,408.287394
2025-04-08 08:00:00,observed,383.749031,383.749031,383.749031,383.749031
2025-04-08 09:00:00,observed,424.738191,424.738191,424.738191,424.738191
2025-04-08 10:00:00,observed,403.088075,403.088075,403.088075,403.088075
2025-04-08 11:00:00,observed,429.168616,429.168616,429.168616,429.168616
2025-04-08 12:00:00,observed,390.334573,390.334573,390.334573,390.334573
2025-04-08 13:00:00,observed,377.395976,377.395976,377.395976,377.395976
2025-04-08 14:00:00,observed,350.901561,350.901561,350.901561,350.901561
2025-04-08 15:00:00,observed,392.642675,392.642675,392.642675,392.642675
2025-04-08 16:00:00,observed,430.801436,430.801436,430.801436,430.801436
2025-04-08 17:00:00,observed,491.508406,491.508406,491.508406,491.508406
2025-04-08 18:00:00,observed,532.680822,532.680822,532.680822,532.680822
2025-04-08 19:00:00,observed,567.675798,567.675798,567.675798,567.675798
2025-04-08 20:00:00,observed,559.826244,559.826244,559.826244,559.826244
2025-04-08 21:00:00,observed,553.381628,553.381628,553.381628,553.381628
2025-04-08 22:00:00,observed,515.193702,515.193702,515.193702,515.193702
2025-04-08 23:00:00,observed,448.7592,448.7592,448.7592,448.7592
2025-04-09 00:00:00,observed,390.410512,390.410512,390.410512,390.410512
2025-04-09 01:00:00,observed,374.023229,374.023229,374.023229,374.023229
2025-04-09 02:00:00,observed,344.051912,344.051912,344.051912,344.051912
2025-04-09 03:00:00,observed,319.449955,319.449955,319.449955,319.449955
2025-04-09 04:00:00,observed,308.629743,308.629743,308.629743,308.629743
2025-04-09 05:00:00,observed,308.202802,308.202802,308.202802,308.202802
2025-04-09 06:00:00,observed,360.661698,360.661698,360.661698,360.661698
2025-04-09 07:00:00,observed,408.287394,408.287394,408.287394,408.287394
2025-04-09 08:00:00,observed,377.109318,377.109318,377.109318,377.109318
2025-04-09 09:00:00,observed,458.768549,458.768549,458.768549,458.768549
2025-04-09 10:00:00,observed,440.194818,440.194818,440.194818,440.194818
2025-04-09 11:00:00,observed,390.554658,390.554658,390.554658,390.554658
2025-04-09 12:00:00,observed,360.515023,360.515023,360.515023,360.515023
2025-04-09 13:00:00,observed,338.071294,338.071294,338.071294,338.071294
2025-04-09 14:00:00,observed,384.885755,384.885755,384.885755,384.885755
2025-04-09 15:00:00,observed,405.336169,405.336169,405.336169,405.336169
2025-04-09 16:00:00,observed,451.470718,451.470718,451.470718,451.470718
2025-04-09 17:00:00,observed,491.508406,491.508406,491.508406,491.508406
2025-04-09 18:00:00,observed,530.667531,530.667531,530.667531,530.667531
2025-04-09 19:00:00,observed,575.928383,575.928383,575.928383,575.928383
2025-04-09 20:00:00,observed,565.648023,565.648023,565.648023,565.648023
2025-04-09 21:00:00,observed,564.481672,564.481672,564.481672,564.481672
2025-04-09 22:00:00,observed,524.503016,524.503016,524.503016,524.503016
2025-04-09 23:00:00,observed,448.7592,448.7592,448.7592,448.7592
2025-04-10 00:00:00,observed,397.642196,397.642196,397.642196,397.642196
2025-04-10 01:00:00,observed,387.58152,387.58152,387.58152,387.58152
2025-04-10 02:00:00,observed,349.344548,349.344548,349.344548,349.344548
2025-04-10 03:00:00,observed,330.300456,330.300456,330.300456,330.300456
2025-04-10 04:00:00,observed,317.159756,317.159756,317.159756,317.159756
2025-04-10 05:00:00,observed,318.764272,318.764272,318.764272,318.764272
2025-04-10 06:00:00,observed,370.046776,370.046776,370.046776,370.046776
2025-04-10 07:00:00,observed,416.837982,416.837982,416.837982,416.837982
2025-04-10 08:00:00,observed,380.695442,380.695442,380.695442,380.695442
2025-04-10 09:00:00,observed,409.569586,409.569586,409.569586,409.569586
2025-04-10 10:00:00,observed,390.606668,390.606668,390.606668,390.606668
2025-04-10 11:00:00,observed,376.622646,376.622646,376.622646,376.622646
2025-04-10 12:00:00,observed,333.758238,333.758238,333.758238,333.758238
2025-04-10 13:00:00,observed,309.896849,309.896849,309.896849,309.896849
2025-04-10 14:00:00,observed,344.734897,344.734897,344.734897,344.734897
2025-04-10 15:00:00,observed,373.275859,373.275859,373.275859,373.275859
2025-04-10 16:00:00,observed,427.592392,427.592392,427.592392,427.592392
2025-04-10 17:00:00,observed,482.387286,482.387286,482.387286,482.387286
2025-04-10 18:00:00,observed,525.860077,525.860077,525.860077,525.860077
2025-04-10 19:00:00,observed,568.541536,568.541536,568.541536,568.541536
2025-04-10 20:00:00,observed,558.936586,558.936586,558.936586,558.936586
2025-04-10 21:00:00,observed,556.564513,556.564513,556.564513,556.564513
2025-04-10 22:00:00,observed,516.101757,516.101757,516.101757,516.101757
2025-04-10 23:00:00,observed,461.477468,461.477468,461.477468,461.477468
2025-04-11 00:00:00,observed,399.647667,399.647667,399.647667,399.647667
2025-04-11 01:00:00,observed,383.969156,383.969156,383.969156,383.969156
2025-04-11 02:00:00,observed,353.415428,353.415428,353.415428,353.415428
2025-04-11 03:00:00,observed,327.816646,327.816646,327.816646,327.816646
2025-04-11 04:00:00,observed,313.186407,313.186407,313.186407,313.186407
2025-04-11 05:00:00,observed,320.604842,320.604842,320.604842,320.604842
2025-04-11 06:00:00,observed,365.39181,365.39181,365.39181,365.39181
2025-04-11 07:00:00,observed,414.136504,414.136504,414.136504,414.136504
2025-04-11 08:00:00,observed,416.549276,416.549276,416.549276,416.549276
2025-04-11 09:00:00,observed,432.074823,432.074823,432.074823,432.074823
2025-04-11 10:00:00,observed,402.538985,402.538985,402.538985,402.538985
2025-04-11 11:00:00,observed,423.636249,423.636249,423.636249,423.636249
2025-04-11 12:00:00,observed,386.134741,386.134741,386.134741,386.134741
2025-04-11 13:00:00,observed,393.852375,393.852375,393.852375,393.852375
2025-04-11 14:00:00,observed,425.480822,425.480822,425.480822,425.480822
2025-04-11 15:00:00,observed,467.796946,467.796946,467.796946,467.796946
2025-04-11 16:00:00,observed,526.339977,526.339977,526.339977,526.339977
2025-04-11 17:00:00,observed,552.643107,552.643107,552.643107,552.643107
2025-04-11 18:00:00,observed,547.435101,547.435101,547.435101,547.435101
2025-04-11 19:00:00,observed,567.542462,567.542462,567.542462,567.542462
2025-04-11 20:00:00,observed,547.814857,547.814857,547.814857,547.814857
2025-04-11 21:00:00,observed,532.047721,532.047721,532.047721,532.047721
2025-04-11 22:00:00,observed,488.489408,488.489408,488.489408,488.489408
2025-04-11 23:00:00,observed,443.711141,443.711141,443.711141,443.711141
2025-04-12 00:00:00,observed,389.192048,389.192048,389.192048,389.192048
2025-04-12 01:00:00,observed,380.61164,380.61164,380.61164,380.61164
2025-04-12 02:00:00,observed,344.044074,344.044074,344.044074,344.044074
2025-04-12 03:00:00,observed,326.21041,326.21041,326.21041,326.21041
2025-04-12 04:00:00,observed,313.611737,313.611737,313.611737,313.611737
2025-04-12 05:00:00,observed,313.729992,313.729992,313.729992,313.729992
2025-04-12 06:00:00,observed,343.078614,343.078614,343.078614,343.078614
2025-04-12 07:00:00,observed,382.097196,382.097196,382.097196,382.097196
2025-04-12 08:00:00,observed,397.353038,397.353038,397.353038,397.353038
2025-04-12 09:00:00,observed,413.790799,413.790799,413.790799,413.790799
2025-04-12 10:00:00,observed,385.559899,385.559899,385.559899,385.559899
2025-04-12 11:00:00,observed,331.589811,331.589811,331.589811,331.589811
2025-04-12 12:00:00,observed,282.547822,282.547822,282.547822,282.547822
2025-04-12 13:00:00,observed,257.467952,257.467952,257.467952,257.467952
2025-04-12 14:00:00,observed,274.658636,274.658636,274.658636,274.658636
2025-04-12 15:00:00,observed,297.576494,297.576494,297.576494,297.576494
2025-04-12 16:00:00,observed,355.230308,355.230308,355.230308,355.230308
2025-04-12 17:00:00,observed,431.180548,431.180548,431.180548,431.180548
2025-04-12 18:00:00,observed,484.983692,484.983692,484.983692,484.983692
2025-04-12 19:00:00,observed,537.450638,537.450638,537.450638,537.450638
2025-04-12 20:00:00,observed,529.139503,529.139503,529.139503,529.139503
2025-04-12 21:00:00,observed,517.981879,517.981879,517.981879,517.981879
2025-04-12 22:00:00,observed,491.314312,491.314312,491.314312,491.314312
2025-04-12 23:00:00,observed,445.189798,445.189798,445.189798,445.189798
2025-04-13 00:00:00,observed,387.675931,387.675931,387.675931,387.675931
2025-04-13 01:00:00,observed,367.844778,367.844778,367.844778,367.844778
2025-04-13 02:00:00,observed,335.433121,335.433121,335.433121,335.433121
2025-04-13 03:00:00,observed,315.964601,315.964601,315.964601,315.964601
2025-04-13 04:00:00,observed,301.655643,301.655643,301.655643,301.655643
2025-04-13 05:00:00,observed,300.941061,300.941061,300.941061,300.941061
2025-04-13 06:00:00,observed,327.987094,327.987094,327.987094,327.987094
2025-04-13 07:00:00,observed,339.432561,339.432561,339.432561,339.432561
2025-04-13 08:00:00,observed,298.818991,298.818991,298.818991,298.818991
2025-04-13 09:00:00,observed,306.493862,306.493862,306.493862,306.493862
2025-04-13 10:00:00,observed,294.926218,294.926218,294.926218,294.926218
2025-04-13 11:00:00,observed,284.778692,284.778692,284.778692,284.778692
2025-04-13 12:00:00,observed,260.865849,260.865849,260.865849,260.865849
2025-04-13 13:00:00,observed,241.690265,241.690265,241.690265,241.690265
2025-04-13 14:00:00,observed,257.392184,257.392184,257.392184,257.392184
2025-04-13 15:00:00,observed,296.058722,296.058722,296.058722,296.058722
2025-04-13 16:00:00,observed,341.43695,341.43695,341.43695,341.43695
2025-04-13 17:00:00,observed,429.865874,429.865874,429.865874,429.865874
2025-04-13 18:00:00,observed,493.647089,493.647089,493.647089,493.647089
2025-04-13 19:00:00,observed,529.251091,529.251091,529.251091,529.251091
2025-04-13 20:00:00,observed,525.555289,525.555289,525.555289,525.555289
2025-04-13 21:00:00,observed,523.627814,523.627814,523.627814,523.627814
2025-04-13 22:00:00,observed,480.841362,480.841362,480.841362,480.841362
2025-04-13 23:00:00,observed,419.923027,419.923027,419.923027,419.923027
2025-04-14 00:00:00,observed,360.316227,360.316227,360.316227,360.316227
2025-04-14 01:00:00,observed,342.192167,342.192167,342.192167,342.192167
2025-04-14 02:00:00,observed,309.529407,309.529407,309.529407,309.529407
2025-04-14 03:00:00,observed,295.338053,295.338053,295.338053,295.338053
2025-04-14 04:00:00,observed,284.788303,284.788303,284.788303,284.788303
2025-04-14 05:00:00,observed,287.377886,287.377886,287.377886,287.377886
2025-04-14 06:00:00,observed,336.464937,336.464937,336.464937,336.464937
2025-04-14 07:00:00,observed,376.179747,376.179747,376.179747,376.179747
2025-04-14 08:00:00,observed,335.384067,335.384067,335.384067,335.384067
2025-04-14 09:00:00,observed,367.012867,367.012867,367.012867,367.012867
2025-04-14 10:00:00,observed,348.966543,348.966543,348.966543,348.966543
2025-04-14 11:00:00,observed,332.548788,332.548788,332.548788,332.548788
2025-04-14 12:00:00,observed,289.589454,289.589454,289.589454,289.589454
2025-04-14 13:00:00,observed,264.936183,264.936183,264.936183,264.936183
2025-04-14 14:00:00,observed,290.553295,290.553295,290.553295,290.553295
2025-04-14 15:00:00,observed,331.213502,331.213502,331.213502,331.213502
2025-04-14 16:00:00,observed,384.764471,384.764471,384.764471,384.764471
2025-04-14 17:00:00,observed,456.228328,456.228328,456.228328,456.228328
2025-04-14 18:00:00,observed,506.941258,506.941258,506.941258,506.941258
2025-04-14 19:00:00,observed,563.676024,563.676024,563.676024,563.676024
2025-04-14 20:00:00,observed,552.963882,552.963882,552.963882,552.963882
2025-04-14 21:00:00,observed,555.371888,555.371888,555.371888,555.371888
2025-04-14 22:00:00,observed,510.7743,510.7743,510.7743,510.7743
2025-04-14 23:00:00,observed,462.019254,462.019254,462.019254,462.019254
2025-04-15 00:00:00,observed,398.210833,398.210833,398.210833,398.210833
2025-04-15 01:00:00,observed,382.86816,382.86816,382.86816,382.86816
2025-04-15 02:00:00,observed,352.848781,352.848781,352.848781,352.848781
2025-04-15 03:00:00,observed,326.945173,326.945173,326.945173,326.945173
2025-04-15 04:00:00,observed,317.08396,317.08396,317.08396,317.08396
2025-04-15 05:00:00,observed,316.771053,316.771053,316.771053,316.771053
2025-04-15 06:00:00,observed,364.023342,364.023342,364.023342,364.023342
2025-04-15 07:00:00,observed,401.721839,401.721839,401.721839,401.721839
2025-04-15 08:00:00,observed,350.327757,350.327757,350.327757,350.327757
2025-04-15 09:00:00,observed,379.948999,379.948999,379.948999,379.948999
2025-04-15 10:00:00,observed,360.596817,360.596817,360.596817,360.596817
2025-04-15 11:00:00,observed,348.165538,348.165538,348.165538,348.165538
2025-04-15 12:00:00,observed,309.04523,309.04523,309.04523,309.04523
2025-04-15 13:00:00,observed,280.692914,280.692914,280.692914,280.692914
2025-04-15 14:00:00,observed,313.113285,313.113285,313.113285,313.113285
2025-04-15 15:00:00,observed,400.156857,400.156857,400.156857,400.156857
2025-04-15 16:00:00,observed,396.996827,396.996827,396.996827,396.996827
2025-04-15 17:00:00,observed,497.845852,497.845852,497.845852,497.845852
2025-04-15 18:00:00,observed,518.858216,518.858216,518.858216,518.858216
2025-04-15 19:00:00,observed,569.742957,569.742957,569.742957,569.742957
2025-04-15 20:00:00,observed,555.984869,555.984869,555.984869,555.984869
2025-04-15 21:00:00,observed,554.704191,554.704191,554.704191,554.704191
2025-04-15 22:00:00,observed,521.927045,521.927045,521.927045,521.927045
2025-04-15 23:00:00,observed,460.216337,460.216337,460.216337,460.216337
2025-04-16 00:00:00,observed,397.718729,397.718729,397.718729,397.718729
2025-04-16 01:00:00,observed,388.012439,388.012439,388.012439,388.012439
2025-04-16 02:00:00,observed,356.891887,356.891887,356.891887,356.891887
2025-04-16 03:00:00,observed,326.945173,326.945173,326.945173,326.945173
2025-04-16 04:00:00,observed,315.928541,315.928541,315.928541,315.928541
2025-04-16 05:00:00,observed,321.819372,321.819372,321.819372,321.819372
2025-04-16 06:00:00,observed,369.118868,369.118868,369.118868,369.118868
2025-04-16 07:00:00,observed,408.621583,408.621583,408.621583,408.621583
2025-04-16 08:00:00,observed,363.286947,363.286947,363.286947,363.286947
2025-04-16 09:00:00,observed,389.987423,389.987423,389.987423,389.987423
2025-04-16 10:00:00,observed,376.92201,376.92201,376.92201,376.92201
2025-04-16 11:00:00,observed,370.304991,370.304991,370.304991,370.304991
2025-04-16 12:00:00,observed,331.679857,331.679857,331.679857,331.679857
2025-04-16 13:00:00,observed,318.682037,318.682037,318.682037,318.682037
2025-04-16 14:00:00,observed,356.51659,356.51659,356.51659,356.51659
2025-04-16 15:00:00,observed,384.679619,384.679619,384.679619,384.679619
2025-04-16 16:00:00,observed,443.179481,443.179481,443.179481,443.179481
2025-04-16 17:00:00,observed,498.375693,498.375693,498.375693,498.375693
2025-04-16 18:00:00,observed,518.858216,518.858216,518.858216,518.858216
2025-04-16 19:00:00,observed,586.88115,586.88115,586.88115,586.88115
2025-04-16 20:00:00,observed,575.764892,575.764892,575.764892,575.764892
2025-04-16 21:00:00,observed,572.280534,572.280534,572.280534,572.280534
2025-04-16 22:00:00,observed,531.479548,531.479548,531.479548,531.479548
2025-04-16 23:00:00,observed,472.725182,472.725182,472.725182,472.725182
2025-04-17 00:00:00,observed,411.249605,411.249605,411.249605,411.249605
2025-04-17 01:00:00,observed,394.684726,394.684726,394.684726,394.684726
2025-04-17 02:00:00,observed,359.484855,359.484855,359.484855,359.484855
2025-04-17 03:00:00,observed,336.962753,336.962753,336.962753,336.962753
2025-04-17 04:00:00,observed,320.513523,320.513523,320.513523,320.513523
2025-04-17 05:00:00,observed,326.573764,326.573764,326.573764,326.573764
2025-04-17 06:00:00,observed,371.254936,371.254936,371.254936,371.254936
2025-04-17 07:00:00,observed,412.004992,412.004992,412.004992,412.004992
2025-04-17 08:00:00,observed,374.132362,374.132362,374.132362,374.132362
2025-04-17 09:00:00,observed,415.590963,415.590963,415.590963,415.590963
2025-04-17 10:00:00,observed,421.478562,421.478562,421.478562,421.478562
2025-04-17 11:00:00,observed,463.267371,463.267371,463.267371,463.267371
2025-04-17 12:00:00,observed,382.498389,382.498389,382.498389,382.498389
2025-04-17 13:00:00,observed,342.135275,342.135275,342.135275,342.135275
2025-04-17 14:00:00,observed,356.51659,356.51659,356.51659,356.51659
2025-04-17 15:00:00,observed,407.31,407.31,407.31,407.31
2025-04-17 16:00:00,observed,462.657215,462.657215,462.657215,462.657215
2025-04-17 17:00:00,observed,513.984343,513.984343,513.984343,513.984343
2025-04-17 18:00:00,observed,550.268041,550.268041,550.268041,550.268041
2025-04-17 19:00:00,observed,600.395034,600.395034,600.395034,600.395034
2025-04-17 20:00:00,observed,586.731897,586.731897,586.731897,586.731897
2025-04-17 21:00:00,observed,582.131622,582.131622,582.131622,582.131622
2025-04-17 22:00:00,observed,540.080192,540.080192,540.080192,540.080192
2025-04-17 23:00:00,observed,472.725182,472.725182,472.725182,472.725182
2025-04-18 00:00:00,observed,421.953509,421.953509,421.953509,421.953509
2025-04-18 01:00:00,observed,405.888171,405.888171,405.888171,405.888171
2025-04-18 02:00:00,observed,370.799928,370.799928,370.799928,370.799928
2025-04-18 03:00:00,observed,348.810761,348.810761,348.810761,348.810761
2025-04-18 04:00:00,observed,327.78383,327.78383,327.78383,327.78383
2025-04-18 05:00:00,observed,333.197198,333.197198,333.197198,333.197198
2025-04-18 06:00:00,observed,374.829817,374.829817,374.829817,374.829817
2025-04-18 07:00:00,observed,412.17761,412.17761,412.17761,412.17761
2025-04-18 08:00:00,observed,386.473066,386.473066,386.473066,386.473066
2025-04-18 09:00:00,observed,431.681019,431.681019,431.681019,431.681019
2025-04-18 10:00:00,observed,416.460816,416.460816,416.460816,416.460816
2025-04-18 11:00:00,observed,419.772884,419.772884,419.772884,419.772884
2025-04-18 12:00:00,observed,371.906608,371.906608,371.906608,371.906608
2025-04-18 13:00:00,observed,348.403043,348.403043,348.403043,348.403043
2025-04-18 14:00:00,observed,394.953184,394.953184,394.953184,394.953184
2025-04-18 15:00:00,observed,409.378522,409.378522,409.378522,409.378522
2025-04-18 16:00:00,observed,447.210867,447.210867,447.210867,447.210867
2025-04-18 17:00:00,observed,506.367464,506.367464,506.367464,506.367464
2025-04-18 18:00:00,observed,548.799424,548.799424,548.799424,548.799424
2025-04-18 19:00:00,observed,587.716335,587.716335,587.716335,587.716335
2025-04-18 20:00:00,observed,575.070261,575.070261,575.070261,575.070261
2025-04-18 21:00:00,observed,563.639096,563.639096,563.639096,563.639096
2025-04-18 22:00:00,observed,532.494447,532.494447,532.494447,532.494447
2025-04-18 23:00:00,observed,486.163598,486.163598,486.163598,486.163598
2025-04-19 00:00:00,observed,425.886275,425.886275,425.886275,425.886275
2025-04-19 01:00:00,observed,414.2502,414.2502,414.2502,414.2502
2025-04-19 02:00:00,observed,372.462508,372.462508,372.462508,372.462508
2025-04-19 03:00:00,observed,352.439284,352.439284,352.439284,352.439284
2025-04-19 04:00:00,observed,327.536312,327.536312,327.536312,327.536312
2025-04-19 05:00:00,observed,327.817587,327.817587,327.817587,327.817587
2025-04-19 06:00:00,observed,356.127455,356.127455,356.127455,356.127455
2025-04-19 07:00:00,observed,365.574808,365.574808,365.574808,365.574808
2025-04-19 08:00:00,observed,365.628116,365.628116,365.628116,365.628116
2025-04-19 09:00:00,observed,376.48376,376.48376,376.48376,376.48376
2025-04-19 10:00:00,observed,367.899566,367.899566,367.899566,367.899566
2025-04-19 11:00:00,observed,337.354135,337.354135,337.354135,337.354135
2025-04-19 12:00:00,observed,322.477252,322.477252,322.477252,322.477252
2025-04-19 13:00:00,observed,297.57887,297.57887,297.57887,297.57887
2025-04-19 14:00:00,observed,357.007322,357.007322,357.007322,357.007322
2025-04-19 15:00:00,observed,391.821467,391.821467,391.821467,391.821467
2025-04-19 16:00:00,observed,436.492043,436.492043,436.492043,436.492043
2025-04-19 17:00:00,observed,474.998584,474.998584,474.998584,474.998584
2025-04-19 18:00:00,observed,510.645695,510.645695,510.645695,510.645695
2025-04-19 19:00:00,observed,556.620098,556.620098,556.620098,556.620098
2025-04-19 20:00:00,observed,549.681565,549.681565,549.681565,549.681565
2025-04-19 21:00:00,observed,538.4003,538.4003,538.4003,538.4003
2025-04-19 22:00:00,observed,507.989102,507.989102,507.989102,507.989102
2025-04-19 23:00:00,observed,465.284405,465.284405,465.284405,465.284405
2025-04-20 00:00:00,weekly_analog_estimate,,378.018445,390.035134,402.051824
2025-04-20 01:00:00,observed,374.82876,374.82876,374.82876,374.82876
2025-04-20 02:00:00,weekly_analog_estimate,,329.314369,344.245943,359.177516
2025-04-20 03:00:00,weekly_analog_estimate,,302.70126,320.69999,338.69872
2025-04-20 04:00:00,observed,319.361314,319.361314,319.361314,319.361314
2025-04-20 05:00:00,observed,320.567656,320.567656,320.567656,320.567656
2025-04-20 06:00:00,observed,342.234286,342.234286,342.234286,342.234286
2025-04-20 07:00:00,observed,340.634599,340.634599,340.634599,340.634599
2025-04-20 08:00:00,observed,305.763601,305.763601,305.763601,305.763601
2025-04-20 09:00:00,observed,328.288356,328.288356,328.288356,328.288356
2025-04-20 10:00:00,observed,316.347858,316.347858,316.347858,316.347858
2025-04-20 11:00:00,observed,336.008667,336.008667,336.008667,336.008667
2025-04-20 12:00:00,observed,294.720914,294.720914,294.720914,294.720914
2025-04-20 13:00:00,observed,288.413759,288.413759,288.413759,288.413759
2025-04-20 14:00:00,observed,306.518235,306.518235,306.518235,306.518235
2025-04-20 15:00:00,observed,341.342539,341.342539,341.342539,341.342539
2025-04-20 16:00:00,weekly_analog_estimate,,335.542452,378.58243,421.622408
2025-04-20 17:00:00,observed,484.332163,484.332163,484.332163,484.332163
2025-04-20 18:00:00,observed,502.352815,502.352815,502.352815,502.352815
2025-04-20 19:00:00,observed,543.979007,543.979007,543.979007,543.979007
2025-04-20 20:00:00,observed,543.809113,543.809113,543.809113,543.809113
2025-04-20 21:00:00,observed,540.645912,540.645912,540.645912,540.645912
2025-04-20 22:00:00,weekly_analog_estimate,,472.542801,497.486028,522.429256
2025-04-20 23:00:00,observed,393.882768,393.882768,393.882768,393.882768
2025-04-21 00:00:00,weekly_analog_estimate,,358.448817,376.355282,394.261748
2025-04-21 01:00:00,weekly_analog_estimate,,341.317021,365.452518,389.588015
2025-04-21 02:00:00,weekly_analog_estimate,,308.150863,330.657479,353.164094
2025-04-21 03:00:00,weekly_analog_estimate,,293.634967,313.072743,332.510519
2025-04-21 04:00:00,weekly_analog_estimate,,282.722042,299.321661,315.921279
2025-04-21 05:00:00,weekly_analog_estimate,,285.581556,304.48627,323.390984
2025-04-21 06:00:00,weekly_analog_estimate,,332.93468,349.83157,366.728459
2025-04-21 07:00:00,weekly_analog_estimate,,357.398641,375.801383,394.204126
2025-04-21 08:00:00,weekly_analog_estimate,,324.783269,339.593756,354.404244
2025-04-21 09:00:00,weekly_analog_estimate,,354.274971,370.441251,386.60753
2025-04-21 10:00:00,weekly_analog_estimate,,340.88455,357.90696,374.92937
2025-04-21 11:00:00,weekly_analog_estimate,,326.042161,345.27464,364.507119
2025-04-21 12:00:00,weekly_analog_estimate,,284.456678,304.217067,323.977457
2025-04-21 13:00:00,weekly_analog_estimate,,256.370284,275.264301,294.158318
2025-04-21 14:00:00,weekly_analog_estimate,,290.177095,327.290954,364.404813
2025-04-21 15:00:00,weekly_analog_estimate,,321.114702,341.531117,361.947532
2025-04-21 16:00:00,weekly_analog_estimate,,379.0408,401.48497,423.929141
2025-04-21 17:00:00,weekly_analog_estimate,,450.152022,462.144002,474.135982
2025-04-21 18:00:00,weekly_analog_estimate,,502.802527,518.698497,534.594467
2025-04-21 19:00:00,weekly_analog_estimate,,552.808594,562.467957,572.127319
2025-04-21 20:00:00,weekly_analog_estimate,,548.591566,561.169835,573.748104
2025-04-21 21:00:00,weekly_analog_estimate,,544.321235,559.464303,574.60737
2025-04-21 22:00:00,weekly_analog_estimate,,500.643965,512.912251,525.180536
2025-04-21 23:00:00,weekly_analog_estimate,,444.533571,459.414428,474.295285
2025-04-22 00:00:00,observed,382.770409,382.770409,382.770409,382.770409
2025-04-22 01:00:00,observed,367.241855,367.241855,367.241855,367.241855
2025-04-22 02:00:00,observed,347.23048,347.23048,347.23048,347.23048
2025-04-22 03:00:00,observed,322.141583,322.141583,322.141583,322.141583
2025-04-22 04:00:00,observed,313.083345,313.083345,313.083345,313.083345
2025-04-22 05:00:00,observed,316.857033,316.857033,316.857033,316.857033
2025-04-22 06:00:00,observed,364.675614,364.675614,364.675614,364.675614
2025-04-22 07:00:00,observed,400.660779,400.660779,400.660779,400.660779
2025-04-22 08:00:00,observed,369.488965,369.488965,369.488965,369.488965
2025-04-22 09:00:00,observed,420.255269,420.255269,420.255269,420.255269
2025-04-22 10:00:00,observed,385.680373,385.680373,385.680373,385.680373
2025-04-22 11:00:00,observed,384.444689,384.444689,384.444689,384.444689
2025-04-22 12:00:00,observed,340.212962,340.212962,340.212962,340.212962
2025-04-22 13:00:00,observed,293.172514,293.172514,293.172514,293.172514
2025-04-22 14:00:00,observed,345.878048,345.878048,345.878048,345.878048
2025-04-22 15:00:00,observed,359.485049,359.485049,359.485049,359.485049
2025-04-22 16:00:00,observed,414.314329,414.314329,414.314329,414.314329
2025-04-22 17:00:00,observed,474.163079,474.163079,474.163079,474.163079
2025-04-22 18:00:00,observed,532.657603,532.657603,532.657603,532.657603
2025-04-22 19:00:00,observed,573.373806,573.373806,573.373806,573.373806
2025-04-22 20:00:00,observed,567.247895,567.247895,567.247895,567.247895
2025-04-22 21:00:00,observed,562.181897,562.181897,562.181897,562.181897
2025-04-22 22:00:00,observed,516.961901,516.961901,516.961901,516.961901
2025-04-22 23:00:00,observed,459.416914,459.416914,459.416914,459.416914
2025-04-23 00:00:00,observed,404.964091,404.964091,404.964091,404.964091
2025-04-23 01:00:00,observed,386.475892,386.475892,386.475892,386.475892
2025-04-23 02:00:00,observed,357.728974,357.728974,357.728974,357.728974
2025-04-23 03:00:00,observed,331.491754,331.491754,331.491754,331.491754
2025-04-23 04:00:00,observed,317.778149,317.778149,317.778149,317.778149
2025-04-23 05:00:00,observed,321.18056,321.18056,321.18056,321.18056
2025-04-23 06:00:00,observed,371.842226,371.842226,371.842226,371.842226
2025-04-23 07:00:00,observed,382.029086,382.029086,382.029086,382.029086
2025-04-23 08:00:00,observed,347.198846,347.198846,347.198846,347.198846
2025-04-23 09:00:00,observed,377.592725,377.592725,377.592725,377.592725
2025-04-23 10:00:00,observed,364.392808,364.392808,364.392808,364.392808
2025-04-23 11:00:00,observed,353.188986,353.188986,353.188986,353.188986
2025-04-23 12:00:00,observed,313.675643,313.675643,313.675643,313.675643
2025-04-23 13:00:00,observed,285.398716,285.398716,285.398716,285.398716
2025-04-23 14:00:00,observed,333.63989,333.63989,333.63989,333.63989
2025-04-23 15:00:00,observed,359.989175,359.989175,359.989175,359.989175
2025-04-23 16:00:00,observed,417.87161,417.87161,417.87161,417.87161
2025-04-23 17:00:00,observed,478.070144,478.070144,478.070144,478.070144
2025-04-23 18:00:00,observed,534.5109,534.5109,534.5109,534.5109
2025-04-23 19:00:00,observed,574.946838,574.946838,574.946838,574.946838
2025-04-23 20:00:00,observed,567.078837,567.078837,567.078837,567.078837
2025-04-23 21:00:00,observed,563.953779,563.953779,563.953779,563.953779
2025-04-23 22:00:00,observed,521.19079,521.19079,521.19079,521.19079
2025-04-23 23:00:00,observed,460.688528,460.688528,460.688528,460.688528
2025-04-24 00:00:00,observed,406.959719,406.959719,406.959719,406.959719
2025-04-24 01:00:00,observed,399.237702,399.237702,399.237702,399.237702
2025-04-24 02:00:00,observed,361.793891,361.793891,361.793891,361.793891
2025-04-24 03:00:00,observed,337.878817,337.878817,337.878817,337.878817
2025-04-24 04:00:00,observed,322.729762,322.729762,322.729762,322.729762
2025-04-24 05:00:00,observed,327.263065,327.263065,327.263065,327.263065
2025-04-24 06:00:00,observed,373.201968,373.201968,373.201968,373.201968
2025-04-24 07:00:00,observed,413.941483,413.941483,413.941483,413.941483
2025-04-24 08:00:00,observed,397.756433,397.756433,397.756433,397.756433
2025-04-24 09:00:00,observed,447.492969,447.492969,447.492969,447.492969
2025-04-24 10:00:00,observed,429.630623,429.630623,429.630623,429.630623
2025-04-24 11:00:00,observed,412.05266,412.05266,412.05266,412.05266
2025-04-24 12:00:00,observed,367.94979,367.94979,367.94979,367.94979
2025-04-24 13:00:00,observed,324.496909,324.496909,324.496909,324.496909
2025-04-24 14:00:00,observed,340.999459,340.999459,340.999459,340.999459
2025-04-24 15:00:00,observed,388.47811,388.47811,388.47811,388.47811
2025-04-24 16:00:00,observed,431.214393,431.214393,431.214393,431.214393
2025-04-24 17:00:00,observed,490.37622,490.37622,490.37622,490.37622
2025-04-24 18:00:00,observed,530.363151,530.363151,530.363151,530.363151
2025-04-24 19:00:00,observed,564.192358,564.192358,564.192358,564.192358
2025-04-24 20:00:00,observed,555.941245,555.941245,555.941245,555.941245
2025-04-24 21:00:00,observed,552.673759,552.673759,552.673759,552.673759
2025-04-24 22:00:00,observed,512.615879,512.615879,512.615879,512.615879
2025-04-24 23:00:00,observed,456.832167,456.832167,456.832167,456.832167
2025-04-25 00:00:00,observed,403.384504,403.384504,403.384504,403.384504
2025-04-25 01:00:00,observed,390.133421,390.133421,390.133421,390.133421
2025-04-25 02:00:00,observed,358.1846,358.1846,358.1846,358.1846
2025-04-25 03:00:00,observed,337.878817,337.878817,337.878817,337.878817
2025-04-25 04:00:00,observed,325.632493,325.632493,325.632493,325.632493
2025-04-25 05:00:00,observed,324.335659,324.335659,324.335659,324.335659
2025-04-25 06:00:00,observed,372.253407,372.253407,372.253407,372.253407
2025-04-25 07:00:00,observed,389.326805,389.326805,389.326805,389.326805
2025-04-25 08:00:00,observed,342.984789,342.984789,342.984789,342.984789
2025-04-25 09:00:00,observed,374.556377,374.556377,374.556377,374.556377
2025-04-25 10:00:00,observed,354.10456,354.10456,354.10456,354.10456
2025-04-25 11:00:00,observed,343.614675,343.614675,343.614675,343.614675
2025-04-25 12:00:00,observed,300.191762,300.191762,300.191762,300.191762
2025-04-25 13:00:00,observed,276.834804,276.834804,276.834804,276.834804
2025-04-25 14:00:00,observed,311.76791,311.76791,311.76791,311.76791
2025-04-25 15:00:00,observed,338.326042,338.326042,338.326042,338.326042
2025-04-25 16:00:00,observed,400.672642,400.672642,400.672642,400.672642
2025-04-25 17:00:00,observed,462.610857,462.610857,462.610857,462.610857
2025-04-25 18:00:00,observed,519.950085,519.950085,519.950085,519.950085
2025-04-25 19:00:00,observed,558.773721,558.773721,558.773721,558.773721
2025-04-25 20:00:00,observed,550.383898,550.383898,550.383898,550.383898
2025-04-25 21:00:00,observed,543.57108,543.57108,543.57108,543.57108
2025-04-25 22:00:00,observed,515.354295,515.354295,515.354295,515.354295
2025-04-25 23:00:00,observed,463.834727,463.834727,463.834727,463.834727
2025-04-26 00:00:00,observed,406.729386,406.729386,406.729386,406.729386
2025-04-26 01:00:00,observed,394.509686,394.509686,394.509686,394.509686
2025-04-26 02:00:00,observed,360.515862,360.515862,360.515862,360.515862
2025-04-26 03:00:00,observed,338.64215,338.64215,338.64215,338.64215
2025-04-26 04:00:00,observed,323.233625,323.233625,323.233625,323.233625
2025-04-26 05:00:00,observed,318.590503,318.590503,318.590503,318.590503
2025-04-26 06:00:00,observed,351.283118,351.283118,351.283118,351.283118
2025-04-26 07:00:00,observed,349.572181,349.572181,349.572181,349.572181
2025-04-26 08:00:00,observed,313.970363,313.970363,313.970363,313.970363
2025-04-26 09:00:00,observed,341.390382,341.390382,341.390382,341.390382
2025-04-26 10:00:00,observed,335.31188,335.31188,335.31188,335.31188
2025-04-26 11:00:00,observed,337.7718,337.7718,337.7718,337.7718
2025-04-26 12:00:00,observed,302.845371,302.845371,302.845371,302.845371
2025-04-26 13:00:00,observed,288.842249,288.842249,288.842249,288.842249
2025-04-26 14:00:00,observed,313.299161,313.299161,313.299161,313.299161
2025-04-26 15:00:00,observed,375.900277,375.900277,375.900277,375.900277
2025-04-26 16:00:00,observed,431.689497,431.689497,431.689497,431.689497
2025-04-26 17:00:00,observed,478.017369,478.017369,478.017369,478.017369
2025-04-26 18:00:00,observed,509.749344,509.749344,509.749344,509.749344
2025-04-26 19:00:00,observed,545.329825,545.329825,545.329825,545.329825
2025-04-26 20:00:00,observed,554.021773,554.021773,554.021773,554.021773
2025-04-26 21:00:00,observed,555.473038,555.473038,555.473038,555.473038
2025-04-26 22:00:00,observed,509.435159,509.435159,509.435159,509.435159
2025-04-26 23:00:00,observed,445.483059,445.483059,445.483059,445.483059
2025-04-27 00:00:00,observed,392.394338,392.394338,392.394338,392.394338
2025-04-27 01:00:00,observed,383.612183,383.612183,383.612183,383.612183
2025-04-27 02:00:00,observed,353.058764,353.058764,353.058764,353.058764
2025-04-27 03:00:00,observed,325.435379,325.435379,325.435379,325.435379
2025-04-27 04:00:00,observed,314.054967,314.054967,314.054967,314.054967
2025-04-27 05:00:00,observed,320.260955,320.260955,320.260955,320.260955
2025-04-27 06:00:00,observed,361.47574,361.47574,361.47574,361.47574
2025-04-27 07:00:00,observed,408.886733,408.886733,408.886733,408.886733
2025-04-27 08:00:00,observed,395.831969,395.831969,395.831969,395.831969
2025-04-27 09:00:00,observed,452.471731,452.471731,452.471731,452.471731
2025-04-27 10:00:00,observed,420.580641,420.580641,420.580641,420.580641
2025-04-27 11:00:00,observed,389.790886,389.790886,389.790886,389.790886
2025-04-27 12:00:00,observed,319.820729,319.820729,319.820729,319.820729
2025-04-27 13:00:00,observed,306.689401,306.689401,306.689401,306.689401
2025-04-27 14:00:00,observed,330.705409,330.705409,330.705409,330.705409
2025-04-27 15:00:00,observed,397.865246,397.865246,397.865246,397.865246
2025-04-27 16:00:00,observed,415.72791,415.72791,415.72791,415.72791
2025-04-27 17:00:00,observed,477.112204,477.112204,477.112204,477.112204
2025-04-27 18:00:00,observed,520.194679,520.194679,520.194679,520.194679
2025-04-27 19:00:00,observed,562.628651,562.628651,562.628651,562.628651
2025-04-27 20:00:00,observed,561.756619,561.756619,561.756619,561.756619
2025-04-27 21:00:00,observed,563.975553,563.975553,563.975553,563.975553
2025-04-27 22:00:00,observed,514.130695,514.130695,514.130695,514.130695
2025-04-27 23:00:00,observed,455.552418,455.552418,455.552418,455.552418
2025-04-28 00:00:00,observed,392.394338,392.394338,392.394338,392.394338
2025-04-28 01:00:00,observed,388.712869,388.712869,388.712869,388.712869
2025-04-28 02:00:00,observed,351.78555,351.78555,351.78555,351.78555
2025-04-28 03:00:00,observed,330.807433,330.807433,330.807433,330.807433
2025-04-28 04:00:00,observed,313.855018,313.855018,313.855018,313.855018
2025-04-28 05:00:00,observed,321.594654,321.594654,321.594654,321.594654
2025-04-28 06:00:00,observed,363.198202,363.198202,363.198202,363.198202
2025-04-28 07:00:00,observed,375.42302,375.42302,375.42302,375.42302
2025-04-28 08:00:00,observed,343.803446,343.803446,343.803446,343.803446
2025-04-28 09:00:00,observed,373.869634,373.869634,373.869634,373.869634
2025-04-28 10:00:00,observed,366.847377,366.847377,366.847377,366.847377
2025-04-28 11:00:00,observed,358.000492,358.000492,358.000492,358.000492
2025-04-28 12:00:00,observed,318.844681,318.844681,318.844681,318.844681
2025-04-28 13:00:00,observed,285.592419,285.592419,285.592419,285.592419
2025-04-28 14:00:00,observed,364.028613,364.028613,364.028613,364.028613
2025-04-28 15:00:00,observed,351.848732,351.848732,351.848732,351.848732
2025-04-28 16:00:00,observed,418.20547,418.20547,418.20547,418.20547
2025-04-28 17:00:00,observed,468.059676,468.059676,468.059676,468.059676
2025-04-28 18:00:00,observed,530.455736,530.455736,530.455736,530.455736
2025-04-28 19:00:00,observed,561.259889,561.259889,561.259889,561.259889
2025-04-28 20:00:00,observed,569.375788,569.375788,569.375788,569.375788
2025-04-28 21:00:00,observed,563.556717,563.556717,563.556717,563.556717
2025-04-28 22:00:00,observed,515.050201,515.050201,515.050201,515.050201
2025-04-28 23:00:00,observed,456.809602,456.809602,456.809602,456.809602
2025-04-29 00:00:00,observed,405.011544,405.011544,405.011544,405.011544
2025-04-29 01:00:00,observed,398.956005,398.956005,398.956005,398.956005
2025-04-29 02:00:00,observed,363.971156,363.971156,363.971156,363.971156
2025-04-29 03:00:00,observed,340.127337,340.127337,340.127337,340.127337
2025-04-29 04:00:00,observed,327.574732,327.574732,327.574732,327.574732
2025-04-29 05:00:00,observed,328.758038,328.758038,328.758038,328.758038
2025-04-29 06:00:00,observed,369.38671,369.38671,369.38671,369.38671
2025-04-29 07:00:00,observed,379.470578,379.470578,379.470578,379.470578
2025-04-29 08:00:00,observed,347.341126,347.341126,347.341126,347.341126
2025-04-29 09:00:00,observed,376.870538,376.870538,376.870538,376.870538
2025-04-29 10:00:00,observed,405.428532,405.428532,405.428532,405.428532
2025-04-29 11:00:00,observed,391.569715,391.569715,391.569715,391.569715
2025-04-29 12:00:00,observed,335.579389,335.579389,335.579389,335.579389
2025-04-29 13:00:00,observed,347.461061,347.461061,347.461061,347.461061
2025-04-29 14:00:00,observed,399.820069,399.820069,399.820069,399.820069
2025-04-29 15:00:00,observed,417.067762,417.067762,417.067762,417.067762
2025-04-29 16:00:00,observed,458.941053,458.941053,458.941053,458.941053
2025-04-29 17:00:00,observed,509.020015,509.020015,509.020015,509.020015
2025-04-29 18:00:00,observed,537.006946,537.006946,537.006946,537.006946
2025-04-29 19:00:00,observed,570.104685,570.104685,570.104685,570.104685
2025-04-29 20:00:00,observed,570.87553,570.87553,570.87553,570.87553
2025-04-29 21:00:00,observed,570.179943,570.179943,570.179943,570.179943
2025-04-29 22:00:00,observed,527.023243,527.023243,527.023243,527.023243
2025-04-29 23:00:00,observed,469.490135,469.490135,469.490135,469.490135
2025-04-30 00:00:00,observed,415.2185,415.2185,415.2185,415.2185
2025-04-30 01:00:00,observed,405.380982,405.380982,405.380982,405.380982
2025-04-30 02:00:00,observed,368.581399,368.581399,368.581399,368.581399
2025-04-30 03:00:00,observed,341.776992,341.776992,341.776992,341.776992
2025-04-30 04:00:00,observed,328.39828,328.39828,328.39828,328.39828
2025-04-30 05:00:00,observed,324.691967,324.691967,324.691967,324.691967
2025-04-30 06:00:00,observed,369.515207,369.515207,369.515207,369.515207
2025-04-30 07:00:00,observed,388.258082,388.258082,388.258082,388.258082
2025-04-30 08:00:00,observed,343.531654,343.531654,343.531654,343.531654
2025-04-30 09:00:00,observed,390.286773,390.286773,390.286773,390.286773
2025-04-30 10:00:00,observed,394.035046,394.035046,394.035046,394.035046
2025-04-30 11:00:00,observed,395.062973,395.062973,395.062973,395.062973
2025-04-30 12:00:00,observed,366.96998,366.96998,366.96998,366.96998
2025-04-30 13:00:00,observed,348.410812,348.410812,348.410812,348.410812
2025-04-30 14:00:00,observed,380.089294,380.089294,380.089294,380.089294
2025-04-30 15:00:00,observed,409.417575,409.417575,409.417575,409.417575
2025-04-30 16:00:00,observed,450.03225,450.03225,450.03225,450.03225
2025-04-30 17:00:00,observed,508.781966,508.781966,508.781966,508.781966
2025-04-30 18:00:00,observed,540.895246,540.895246,540.895246,540.895246
2025-04-30 19:00:00,observed,578.697943,578.697943,578.697943,578.697943
2025-04-30 20:00:00,observed,585.236267,585.236267,585.236267,585.236267
2025-04-30 21:00:00,observed,574.77077,574.77077,574.77077,574.77077
2025-04-30 22:00:00,observed,530.645341,530.645341,530.645341,530.645341
2025-04-30 23:00:00,observed,473.130866,473.130866,473.130866,473.130866
2025-05-01 00:00:00,observed,417.062753,417.062753,417.062753,417.062753
2025-05-01 01:00:00,observed,403.334973,403.334973,403.334973,403.334973
2025-05-01 02:00:00,observed,366.417903,366.417903,366.417903,366.417903
2025-05-01 03:00:00,observed,338.299206,338.299206,338.299206,338.299206
2025-05-01 04:00:00,observed,324.996794,324.996794,324.996794,324.996794
2025-05-01 05:00:00,observed,324.400654,324.400654,324.400654,324.400654
2025-05-01 06:00:00,observed,338.919135,338.919135,338.919135,338.919135
2025-05-01 07:00:00,observed,331.38864,331.38864,331.38864,331.38864
2025-05-01 08:00:00,observed,343.531654,343.531654,343.531654,343.531654
2025-05-01 09:00:00,observed,285.680903,285.680903,285.680903,285.680903
2025-05-01 10:00:00,observed,276.72737,276.72737,276.72737,276.72737
2025-05-01 11:00:00,observed,274.634343,274.634343,274.634343,274.634343
2025-05-01 12:00:00,observed,271.446709,271.446709,271.446709,271.446709
2025-05-01 13:00:00,observed,260.011248,260.011248,260.011248,260.011248
2025-05-01 14:00:00,observed,265.46421,265.46421,265.46421,265.46421
2025-05-01 15:00:00,observed,286.481122,286.481122,286.481122,286.481122
2025-05-01 16:00:00,observed,333.622131,333.622131,333.622131,333.622131
2025-05-01 17:00:00,observed,398.303692,398.303692,398.303692,398.303692
2025-05-01 18:00:00,observed,468.126552,468.126552,468.126552,468.126552
2025-05-01 19:00:00,observed,499.057142,499.057142,499.057142,499.057142
2025-05-01 20:00:00,observed,505.600726,505.600726,505.600726,505.600726
2025-05-01 21:00:00,observed,509.575925,509.575925,509.575925,509.575925
2025-05-01 22:00:00,observed,479.909289,479.909289,479.909289,479.909289
2025-05-01 23:00:00,observed,439.610733,439.610733,439.610733,439.610733
2025-05-02 00:00:00,observed,393.246371,393.246371,393.246371,393.246371
2025-05-02 01:00:00,observed,386.678724,386.678724,386.678724,386.678724
2025-05-02 02:00:00,observed,347.82294,347.82294,347.82294,347.82294
2025-05-02 03:00:00,observed,326.048028,326.048028,326.048028,326.048028
2025-05-02 04:00:00,observed,308.920051,308.920051,308.920051,308.920051
2025-05-02 05:00:00,observed,308.269719,308.269719,308.269719,308.269719
2025-05-02 06:00:00,observed,325.304288,325.304288,325.304288,325.304288
2025-05-02 07:00:00,observed,313.775775,313.775775,313.775775,313.775775
2025-05-02 08:00:00,observed,285.770548,285.770548,285.770548,285.770548
2025-05-02 09:00:00,observed,283.102782,283.102782,283.102782,283.102782
2025-05-02 10:00:00,observed,286.568806,286.568806,286.568806,286.568806
2025-05-02 11:00:00,observed,288.3064,288.3064,288.3064,288.3064
2025-05-02 12:00:00,observed,300.608802,300.608802,300.608802,300.608802
2025-05-02 13:00:00,observed,295.654191,295.654191,295.654191,295.654191
2025-05-02 14:00:00,observed,336.918217,336.918217,336.918217,336.918217
2025-05-02 15:00:00,observed,370.416746,370.416746,370.416746,370.416746
2025-05-02 16:00:00,observed,390.042603,390.042603,390.042603,390.042603
2025-05-02 17:00:00,observed,457.608199,457.608199,457.608199,457.608199
2025-05-02 18:00:00,observed,519.773698,519.773698,519.773698,519.773698
2025-05-02 19:00:00,observed,548.751847,548.751847,548.751847,548.751847
2025-05-02 20:00:00,observed,556.073704,556.073704,556.073704,556.073704
2025-05-02 21:00:00,observed,553.617199,553.617199,553.617199,553.617199
2025-05-02 22:00:00,observed,509.564307,509.564307,509.564307,509.564307
2025-05-02 23:00:00,observed,455.62804,455.62804,455.62804,455.62804
2025-05-03 00:00:00,observed,401.022401,401.022401,401.022401,401.022401
2025-05-03 01:00:00,observed,387.116435,387.116435,387.116435,387.116435
2025-05-03 02:00:00,observed,358.963258,358.963258,358.963258,358.963258
2025-05-03 03:00:00,observed,324.911897,324.911897,324.911897,324.911897
2025-05-03 04:00:00,observed,307.644363,307.644363,307.644363,307.644363
2025-05-03 05:00:00,observed,310.208396,310.208396,310.208396,310.208396
2025-05-03 06:00:00,observed,327.812289,327.812289,327.812289,327.812289
2025-05-03 07:00:00,observed,312.68839,312.68839,312.68839,312.68839
2025-05-03 08:00:00,observed,294.497738,294.497738,294.497738,294.497738
2025-05-03 09:00:00,observed,292.714961,292.714961,292.714961,292.714961
2025-05-03 10:00:00,observed,281.44765,281.44765,281.44765,281.44765
2025-05-03 11:00:00,observed,276.556032,276.556032,276.556032,276.556032
2025-05-03 12:00:00,observed,253.885639,253.885639,253.885639,253.885639
2025-05-03 13:00:00,observed,241.864274,241.864274,241.864274,241.864274
2025-05-03 14:00:00,observed,271.209776,271.209776,271.209776,271.209776
2025-05-03 15:00:00,observed,289.80352,289.80352,289.80352,289.80352
2025-05-03 16:00:00,observed,341.556167,341.556167,341.556167,341.556167
2025-05-03 17:00:00,observed,410.529361,410.529361,410.529361,410.529361
2025-05-03 18:00:00,observed,481.831124,481.831124,481.831124,481.831124
2025-05-03 19:00:00,observed,514.178416,514.178416,514.178416,514.178416
2025-05-03 20:00:00,observed,522.234185,522.234185,522.234185,522.234185
2025-05-03 21:00:00,observed,515.230253,515.230253,515.230253,515.230253
2025-05-03 22:00:00,observed,484.066751,484.066751,484.066751,484.066751
2025-05-03 23:00:00,observed,443.451014,443.451014,443.451014,443.451014
2025-05-04 00:00:00,observed,394.751383,394.751383,394.751383,394.751383
2025-05-04 01:00:00,observed,389.275063,389.275063,389.275063,389.275063
2025-05-04 02:00:00,observed,350.726052,350.726052,350.726052,350.726052
2025-05-04 03:00:00,observed,329.757166,329.757166,329.757166,329.757166
2025-05-04 04:00:00,observed,314.236898,314.236898,314.236898,314.236898
2025-05-04 05:00:00,observed,313.035456,313.035456,313.035456,313.035456
2025-05-04 06:00:00,observed,331.365153,331.365153,331.365153,331.365153
2025-05-04 07:00:00,observed,322.087192,322.087192,322.087192,322.087192
2025-05-04 08:00:00,observed,283.15955,283.15955,283.15955,283.15955
2025-05-04 09:00:00,observed,310.040883,310.040883,310.040883,310.040883
2025-05-04 10:00:00,observed,304.747143,304.747143,304.747143,304.747143
2025-05-04 11:00:00,observed,295.017369,295.017369,295.017369,295.017369
2025-05-04 12:00:00,observed,279.505361,279.505361,279.505361,279.505361
2025-05-04 13:00:00,observed,264.310675,264.310675,264.310675,264.310675
2025-05-04 14:00:00,observed,296.01332,296.01332,296.01332,296.01332
2025-05-04 15:00:00,observed,328.185905,328.185905,328.185905,328.185905
2025-05-04 16:00:00,observed,381.761818,381.761818,381.761818,381.761818
2025-05-04 17:00:00,observed,466.864964,466.864964,466.864964,466.864964
2025-05-04 18:00:00,observed,498.257029,498.257029,498.257029,498.257029
2025-05-04 19:00:00,observed,527.042424,527.042424,527.042424,527.042424
2025-05-04 20:00:00,observed,534.060237,534.060237,534.060237,534.060237
2025-05-04 21:00:00,observed,530.257429,530.257429,530.257429,530.257429
2025-05-04 22:00:00,observed,495.275559,495.275559,495.275559,495.275559
2025-05-04 23:00:00,observed,453.001458,453.001458,453.001458,453.001458
2025-05-05 00:00:00,observed,392.609945,392.609945,392.609945,392.609945
2025-05-05 01:00:00,observed,378.383267,378.383267,378.383267,378.383267
2025-05-05 02:00:00,observed,349.778277,349.778277,349.778277,349.778277
2025-05-05 03:00:00,observed,329.757166,329.757166,329.757166,329.757166
2025-05-05 04:00:00,observed,310.899006,310.899006,310.899006,310.899006
2025-05-05 05:00:00,observed,311.748076,311.748076,311.748076,311.748076
2025-05-05 06:00:00,observed,336.34819,336.34819,336.34819,336.34819
2025-05-05 07:00:00,observed,323.001801,323.001801,323.001801,323.001801
2025-05-05 08:00:00,observed,316.881218,316.881218,316.881218,316.881218
2025-05-05 09:00:00,observed,367.953384,367.953384,367.953384,367.953384
2025-05-05 10:00:00,observed,354.505983,354.505983,354.505983,354.505983
2025-05-05 11:00:00,observed,361.676541,361.676541,361.676541,361.676541
2025-05-05 12:00:00,observed,328.356752,328.356752,328.356752,328.356752
2025-05-05 13:00:00,observed,315.655083,315.655083,315.655083,315.655083
2025-05-05 14:00:00,observed,365.092761,365.092761,365.092761,365.092761
2025-05-05 15:00:00,observed,368.511097,368.511097,368.511097,368.511097
2025-05-05 16:00:00,observed,410.402891,410.402891,410.402891,410.402891
2025-05-05 17:00:00,observed,489.432346,489.432346,489.432346,489.432346
2025-05-05 18:00:00,observed,537.642527,537.642527,537.642527,537.642527
2025-05-05 19:00:00,observed,545.9213,545.9213,545.9213,545.9213
2025-05-05 20:00:00,observed,558.145614,558.145614,558.145614,558.145614
2025-05-05 21:00:00,observed,554.532599,554.532599,554.532599,554.532599
2025-05-05 22:00:00,observed,512.290519,512.290519,512.290519,512.290519
2025-05-05 23:00:00,observed,452.106571,452.106571,452.106571,452.106571
2025-05-06 00:00:00,observed,393.49208,393.49208,393.49208,393.49208
2025-05-06 01:00:00,observed,392.222935,392.222935,392.222935,392.222935
2025-05-06 02:00:00,observed,357.484957,357.484957,357.484957,357.484957
2025-05-06 03:00:00,observed,332.308937,332.308937,332.308937,332.308937
2025-05-06 04:00:00,observed,319.281054,319.281054,319.281054,319.281054
2025-05-06 05:00:00,observed,325.458567,325.458567,325.458567,325.458567
2025-05-06 06:00:00,observed,359.848743,359.848743,359.848743,359.848743
2025-05-06 07:00:00,observed,370.673849,370.673849,370.673849,370.673849
2025-05-06 08:00:00,observed,316.881218,316.881218,316.881218,316.881218
2025-05-06 09:00:00,observed,369.437222,369.437222,369.437222,369.437222
2025-05-06 10:00:00,observed,359.788341,359.788341,359.788341,359.788341
2025-05-06 11:00:00,observed,348.269629,348.269629,348.269629,348.269629
2025-05-06 12:00:00,observed,306.344188,306.344188,306.344188,306.344188
2025-05-06 13:00:00,observed,281.3089,281.3089,281.3089,281.3089
2025-05-06 14:00:00,observed,315.180122,315.180122,315.180122,315.180122
2025-05-06 15:00:00,observed,344.567797,344.567797,344.567797,344.567797
2025-05-06 16:00:00,observed,451.575016,451.575016,451.575016,451.575016
2025-05-06 17:00:00,observed,490.620891,490.620891,490.620891,490.620891
2025-05-06 18:00:00,observed,523.955376,523.955376,523.955376,523.955376
2025-05-06 19:00:00,observed,550.034242,550.034242,550.034242,550.034242
2025-05-06 20:00:00,observed,557.229449,557.229449,557.229449,557.229449
2025-05-06 21:00:00,observed,547.817271,547.817271,547.817271,547.817271
2025-05-06 22:00:00,observed,506.309636,506.309636,506.309636,506.309636
2025-05-06 23:00:00,observed,448.17131,448.17131,448.17131,448.17131
2025-05-07 00:00:00,observed,399.328933,399.328933,399.328933,399.328933
2025-05-07 01:00:00,observed,383.95073,383.95073,383.95073,383.95073
2025-05-07 02:00:00,observed,357.902184,357.902184,357.902184,357.902184
2025-05-07 03:00:00,observed,332.308937,332.308937,332.308937,332.308937
2025-05-07 04:00:00,observed,317.930326,317.930326,317.930326,317.930326
2025-05-07 05:00:00,observed,324.608628,324.608628,324.608628,324.608628
2025-05-07 06:00:00,observed,364.650958,364.650958,364.650958,364.650958
2025-05-07 07:00:00,observed,372.015388,372.015388,372.015388,372.015388
2025-05-07 08:00:00,observed,343.546198,343.546198,343.546198,343.546198
2025-05-07 09:00:00,observed,381.23359,381.23359,381.23359,381.23359
2025-05-07 10:00:00,observed,364.598482,364.598482,364.598482,364.598482
2025-05-07 11:00:00,observed,364.652299,364.652299,364.652299,364.652299
2025-05-07 12:00:00,observed,333.139474,333.139474,333.139474,333.139474
2025-05-07 13:00:00,observed,302.443249,302.443249,302.443249,302.443249
2025-05-07 14:00:00,observed,348.502358,348.502358,348.502358,348.502358
2025-05-07 15:00:00,observed,371.430413,371.430413,371.430413,371.430413
2025-05-07 16:00:00,observed,421.905182,421.905182,421.905182,421.905182
2025-05-07 17:00:00,observed,488.355529,488.355529,488.355529,488.355529
2025-05-07 18:00:00,observed,528.038416,528.038416,528.038416,528.038416
2025-05-07 19:00:00,observed,572.269493,572.269493,572.269493,572.269493
2025-05-07 20:00:00,observed,569.79276,569.79276,569.79276,569.79276
2025-05-07 21:00:00,observed,566.464299,566.464299,566.464299,566.464299
2025-05-07 22:00:00,observed,519.572923,519.572923,519.572923,519.572923
2025-05-07 23:00:00,observed,462.190075,462.190075,462.190075,462.190075
2025-05-08 00:00:00,observed,409.821523,409.821523,409.821523,409.821523
2025-05-08 01:00:00,observed,397.840015,397.840015,397.840015,397.840015
2025-05-08 02:00:00,observed,366.684875,366.684875,366.684875,366.684875
2025-05-08 03:00:00,observed,341.107709,341.107709,341.107709,341.107709
2025-05-08 04:00:00,observed,324.728503,324.728503,324.728503,324.728503
2025-05-08 05:00:00,observed,332.686937,332.686937,332.686937,332.686937
2025-05-08 06:00:00,observed,371.18329,371.18329,371.18329,371.18329
2025-05-08 07:00:00,observed,383.340632,383.340632,383.340632,383.340632
2025-05-08 08:00:00,observed,386.831113,386.831113,386.831113,386.831113
2025-05-08 09:00:00,observed,474.435162,474.435162,474.435162,474.435162
2025-05-08 10:00:00,observed,473.507164,473.507164,473.507164,473.507164
2025-05-08 11:00:00,observed,507.86501,507.86501,507.86501,507.86501
2025-05-08 12:00:00,observed,467.098825,467.098825,467.098825,467.098825
2025-05-08 13:00:00,observed,452.144637,452.144637,452.144637,452.144637
2025-05-08 14:00:00,observed,499.926918,499.926918,499.926918,499.926918
2025-05-08 15:00:00,observed,492.693685,492.693685,492.693685,492.693685
2025-05-08 16:00:00,observed,515.395903,515.395903,515.395903,515.395903
2025-05-08 17:00:00,observed,537.623485,537.623485,537.623485,537.623485
2025-05-08 18:00:00,observed,549.701899,549.701899,549.701899,549.701899
2025-05-08 19:00:00,observed,548.11238,548.11238,548.11238,548.11238
2025-05-08 20:00:00,observed,545.836918,545.836918,545.836918,545.836918
2025-05-08 21:00:00,observed,526.338802,526.338802,526.338802,526.338802
2025-05-08 22:00:00,observed,474.645235,474.645235,474.645235,474.645235
2025-05-08 23:00:00,observed,418.736267,418.736267,418.736267,418.736267
2025-05-09 00:00:00,observed,378.104991,378.104991,378.104991,378.104991
2025-05-09 01:00:00,observed,375.886747,375.886747,375.886747,375.886747
2025-05-09 02:00:00,observed,348.273988,348.273988,348.273988,348.273988
2025-05-09 03:00:00,observed,325.782297,325.782297,325.782297,325.782297
2025-05-09 04:00:00,observed,316.202514,316.202514,316.202514,316.202514
2025-05-09 05:00:00,observed,319.153029,319.153029,319.153029,319.153029
2025-05-09 06:00:00,observed,369.436616,369.436616,369.436616,369.436616
2025-05-09 07:00:00,observed,413.631382,413.631382,413.631382,413.631382
2025-05-09 08:00:00,observed,401.846288,401.846288,401.846288,401.846288
2025-05-09 09:00:00,observed,458.519734,458.519734,458.519734,458.519734
2025-05-09 10:00:00,observed,485.469054,485.469054,485.469054,485.469054
2025-05-09 11:00:00,observed,524.602301,524.602301,524.602301,524.602301
2025-05-09 12:00:00,observed,434.638623,434.638623,434.638623,434.638623
2025-05-09 13:00:00,observed,342.493525,342.493525,342.493525,342.493525
2025-05-09 14:00:00,observed,446.5414,446.5414,446.5414,446.5414
2025-05-09 15:00:00,observed,384.045034,384.045034,384.045034,384.045034
2025-05-09 16:00:00,observed,421.845714,421.845714,421.845714,421.845714
2025-05-09 17:00:00,observed,491.731852,491.731852,491.731852,491.731852
2025-05-09 18:00:00,observed,535.158079,535.158079,535.158079,535.158079
2025-05-09 19:00:00,observed,545.072376,545.072376,545.072376,545.072376
2025-05-09 20:00:00,observed,551.130376,551.130376,551.130376,551.130376
2025-05-09 21:00:00,observed,543.246289,543.246289,543.246289,543.246289
2025-05-09 22:00:00,observed,506.133275,506.133275,506.133275,506.133275
2025-05-09 23:00:00,observed,456.332145,456.332145,456.332145,456.332145
2025-05-10 00:00:00,observed,402.793288,402.793288,402.793288,402.793288
2025-05-10 01:00:00,observed,395.328961,395.328961,395.328961,395.328961
2025-05-10 02:00:00,observed,360.39447,360.39447,360.39447,360.39447
2025-05-10 03:00:00,observed,335.817661,335.817661,335.817661,335.817661
2025-05-10 04:00:00,observed,322.316966,322.316966,322.316966,322.316966
2025-05-10 05:00:00,observed,323.050823,323.050823,323.050823,323.050823
2025-05-10 06:00:00,observed,349.275335,349.275335,349.275335,349.275335
2025-05-10 07:00:00,observed,385.505065,385.505065,385.505065,385.505065
2025-05-10 08:00:00,observed,378.159302,378.159302,378.159302,378.159302
2025-05-10 09:00:00,observed,365.045719,365.045719,365.045719,365.045719
2025-05-10 10:00:00,observed,312.922246,312.922246,312.922246,312.922246
2025-05-10 11:00:00,observed,453.977061,453.977061,453.977061,453.977061
2025-05-10 12:00:00,observed,353.970594,353.970594,353.970594,353.970594
2025-05-10 13:00:00,observed,320.387269,320.387269,320.387269,320.387269
2025-05-10 14:00:00,observed,295.291343,295.291343,295.291343,295.291343
2025-05-10 15:00:00,observed,346.068527,346.068527,346.068527,346.068527
2025-05-10 16:00:00,observed,358.061055,358.061055,358.061055,358.061055
2025-05-10 17:00:00,observed,435.8613,435.8613,435.8613,435.8613
2025-05-10 18:00:00,observed,487.55853,487.55853,487.55853,487.55853
2025-05-10 19:00:00,observed,518.759033,518.759033,518.759033,518.759033
2025-05-10 20:00:00,observed,539.006694,539.006694,539.006694,539.006694
2025-05-10 21:00:00,observed,528.178512,528.178512,528.178512,528.178512
2025-05-10 22:00:00,observed,507.364816,507.364816,507.364816,507.364816
2025-05-10 23:00:00,observed,456.966014,456.966014,456.966014,456.966014
2025-05-11 00:00:00,observed,401.740736,401.740736,401.740736,401.740736
2025-05-11 01:00:00,observed,388.617432,388.617432,388.617432,388.617432
2025-05-11 02:00:00,observed,350.395032,350.395032,350.395032,350.395032
2025-05-11 03:00:00,observed,328.494844,328.494844,328.494844,328.494844
2025-05-11 04:00:00,observed,310.274572,310.274572,310.274572,310.274572
2025-05-11 05:00:00,observed,308.350592,308.350592,308.350592,308.350592
2025-05-11 06:00:00,observed,330.133606,330.133606,330.133606,330.133606
2025-05-11 07:00:00,observed,312.195681,312.195681,312.195681,312.195681
2025-05-11 08:00:00,observed,276.047899,276.047899,276.047899,276.047899
2025-05-11 09:00:00,observed,302.134798,302.134798,302.134798,302.134798
2025-05-11 10:00:00,observed,289.945724,289.945724,289.945724,289.945724
2025-05-11 11:00:00,observed,292.155045,292.155045,292.155045,292.155045
2025-05-11 12:00:00,observed,271.965519,271.965519,271.965519,271.965519
2025-05-11 13:00:00,observed,250.553537,250.553537,250.553537,250.553537
2025-05-11 14:00:00,observed,278.679732,278.679732,278.679732,278.679732
2025-05-11 15:00:00,observed,297.241386,297.241386,297.241386,297.241386
2025-05-11 16:00:00,observed,350.747767,350.747767,350.747767,350.747767
2025-05-11 17:00:00,observed,422.040607,422.040607,422.040607,422.040607
2025-05-11 18:00:00,observed,492.831984,492.831984,492.831984,492.831984
2025-05-11 19:00:00,observed,518.759033,518.759033,518.759033,518.759033
2025-05-11 20:00:00,observed,533.527609,533.527609,533.527609,533.527609
2025-05-11 21:00:00,observed,537.387602,537.387602,537.387602,537.387602
2025-05-11 22:00:00,observed,506.604852,506.604852,506.604852,506.604852
2025-05-11 23:00:00,observed,446.120891,446.120891,446.120891,446.120891
2025-05-12 00:00:00,observed,383.782335,383.782335,383.782335,383.782335
2025-05-12 01:00:00,observed,377.456292,377.456292,377.456292,377.456292
2025-05-12 02:00:00,observed,343.075673,343.075673,343.075673,343.075673
2025-05-12 03:00:00,observed,317.712234,317.712234,317.712234,317.712234
2025-05-12 04:00:00,observed,306.478,306.478,306.478,306.478
2025-05-12 05:00:00,observed,311.552968,311.552968,311.552968,311.552968
2025-05-12 06:00:00,observed,347.382363,347.382363,347.382363,347.382363
2025-05-12 07:00:00,observed,350.071409,350.071409,350.071409,350.071409
2025-05-12 08:00:00,observed,321.487379,321.487379,321.487379,321.487379
2025-05-12 09:00:00,observed,364.269007,364.269007,364.269007,364.269007
2025-05-12 10:00:00,observed,358.895915,358.895915,358.895915,358.895915
2025-05-12 11:00:00,observed,365.663854,365.663854,365.663854,365.663854
2025-05-12 12:00:00,observed,345.448001,345.448001,345.448001,345.448001
2025-05-12 13:00:00,observed,335.418364,335.418364,335.418364,335.418364
2025-05-12 14:00:00,observed,379.730804,379.730804,379.730804,379.730804
2025-05-12 15:00:00,observed,372.707274,372.707274,372.707274,372.707274
2025-05-12 16:00:00,observed,438.959033,438.959033,438.959033,438.959033
2025-05-12 17:00:00,observed,487.942646,487.942646,487.942646,487.942646
2025-05-12 18:00:00,observed,547.145144,547.145144,547.145144,547.145144
2025-05-12 19:00:00,observed,567.250986,567.250986,567.250986,567.250986
2025-05-12 20:00:00,observed,577.862079,577.862079,577.862079,577.862079
2025-05-12 21:00:00,observed,567.822907,567.822907,567.822907,567.822907
2025-05-12 22:00:00,observed,528.047561,528.047561,528.047561,528.047561
2025-05-12 23:00:00,observed,462.485775,462.485775,462.485775,462.485775
2025-05-13 00:00:00,observed,414.161314,414.161314,414.161314,414.161314
2025-05-13 01:00:00,observed,399.897084,399.897084,399.897084,399.897084
2025-05-13 02:00:00,observed,367.110297,367.110297,367.110297,367.110297
2025-05-13 03:00:00,observed,339.803804,339.803804,339.803804,339.803804
2025-05-13 04:00:00,observed,322.816525,322.816525,322.816525,322.816525
2025-05-13 05:00:00,observed,328.004228,328.004228,328.004228,328.004228
2025-05-13 06:00:00,observed,368.989971,368.989971,368.989971,368.989971
2025-05-13 07:00:00,observed,381.267649,381.267649,381.267649,381.267649
2025-05-13 08:00:00,observed,358.354525,358.354525,358.354525,358.354525
2025-05-13 09:00:00,observed,434.635031,434.635031,434.635031,434.635031
2025-05-13 10:00:00,observed,437.404587,437.404587,437.404587,437.404587
2025-05-13 11:00:00,observed,458.82876,458.82876,458.82876,458.82876
2025-05-13 12:00:00,observed,398.378468,398.378468,398.378468,398.378468
2025-05-13 13:00:00,observed,404.712493,404.712493,404.712493,404.712493
2025-05-13 14:00:00,observed,429.794616,429.794616,429.794616,429.794616
2025-05-13 15:00:00,observed,425.362496,425.362496,425.362496,425.362496
2025-05-13 16:00:00,observed,440.179864,440.179864,440.179864,440.179864
2025-05-13 17:00:00,observed,518.324668,518.324668,518.324668,518.324668
2025-05-13 18:00:00,observed,549.062961,549.062961,549.062961,549.062961
2025-05-13 19:00:00,observed,579.094894,579.094894,579.094894,579.094894
2025-05-13 20:00:00,observed,591.792435,591.792435,591.792435,591.792435
2025-05-13 21:00:00,observed,582.317624,582.317624,582.317624,582.317624
2025-05-13 22:00:00,observed,539.023403,539.023403,539.023403,539.023403
2025-05-13 23:00:00,observed,480.891217,480.891217,480.891217,480.891217
2025-05-14 00:00:00,observed,420.819063,420.819063,420.819063,420.819063
2025-05-14 01:00:00,observed,407.312497,407.312497,407.312497,407.312497
2025-05-14 02:00:00,observed,374.514142,374.514142,374.514142,374.514142
2025-05-14 03:00:00,observed,349.871133,349.871133,349.871133,349.871133
2025-05-14 04:00:00,observed,335.836642,335.836642,335.836642,335.836642
2025-05-14 05:00:00,observed,338.604606,338.604606,338.604606,338.604606
2025-05-14 06:00:00,observed,387.520797,387.520797,387.520797,387.520797
2025-05-14 07:00:00,observed,444.137169,444.137169,444.137169,444.137169
2025-05-14 08:00:00,observed,453.302473,453.302473,453.302473,453.302473
2025-05-14 09:00:00,observed,521.848975,521.848975,521.848975,521.848975
2025-05-14 10:00:00,observed,544.068128,544.068128,544.068128,544.068128
2025-05-14 11:00:00,observed,570.52663,570.52663,570.52663,570.52663
2025-05-14 12:00:00,observed,406.185059,406.185059,406.185059,406.185059
2025-05-14 13:00:00,observed,414.585503,414.585503,414.585503,414.585503
2025-05-14 14:00:00,observed,421.799396,421.799396,421.799396,421.799396
2025-05-14 15:00:00,observed,458.029877,458.029877,458.029877,458.029877
2025-05-14 16:00:00,observed,489.524384,489.524384,489.524384,489.524384
2025-05-14 17:00:00,observed,532.940036,532.940036,532.940036,532.940036
2025-05-14 18:00:00,observed,584.574047,584.574047,584.574047,584.574047
2025-05-14 19:00:00,observed,608.741899,608.741899,608.741899,608.741899
2025-05-14 20:00:00,observed,610.973774,610.973774,610.973774,610.973774
2025-05-14 21:00:00,observed,603.11494,603.11494,603.11494,603.11494
2025-05-14 22:00:00,observed,558.543952,558.543952,558.543952,558.543952
2025-05-14 23:00:00,observed,495.416075,495.416075,495.416075,495.416075
2025-05-15 00:00:00,observed,432.022543,432.022543,432.022543,432.022543
2025-05-15 01:00:00,observed,423.056056,423.056056,423.056056,423.056056
2025-05-15 02:00:00,observed,386.092091,386.092091,386.092091,386.092091
2025-05-15 03:00:00,observed,363.747872,363.747872,363.747872,363.747872
2025-05-15 04:00:00,observed,340.593009,340.593009,340.593009,340.593009
2025-05-15 05:00:00,observed,346.784214,346.784214,346.784214,346.784214
2025-05-15 06:00:00,observed,379.12355,379.12355,379.12355,379.12355
2025-05-15 07:00:00,observed,399.122228,399.122228,399.122228,399.122228
2025-05-15 08:00:00,observed,378.579897,378.579897,378.579897,378.579897
2025-05-15 09:00:00,observed,440.761469,440.761469,440.761469,440.761469
2025-05-15 10:00:00,observed,390.78156,390.78156,390.78156,390.78156
2025-05-15 11:00:00,observed,407.783833,407.783833,407.783833,407.783833
2025-05-15 12:00:00,observed,418.900081,418.900081,418.900081,418.900081
2025-05-15 13:00:00,observed,338.287086,338.287086,338.287086,338.287086
2025-05-15 14:00:00,observed,408.377426,408.377426,408.377426,408.377426
2025-05-15 15:00:00,observed,445.859232,445.859232,445.859232,445.859232
2025-05-15 16:00:00,observed,503.088058,503.088058,503.088058,503.088058
2025-05-15 17:00:00,observed,545.308475,545.308475,545.308475,545.308475
2025-05-15 18:00:00,observed,575.505647,575.505647,575.505647,575.505647
2025-05-15 19:00:00,observed,598.612427,598.612427,598.612427,598.612427
2025-05-15 20:00:00,observed,608.528474,608.528474,608.528474,608.528474
2025-05-15 21:00:00,observed,595.480139,595.480139,595.480139,595.480139
2025-05-15 22:00:00,observed,548.987126,548.987126,548.987126,548.987126
2025-05-15 23:00:00,observed,492.531295,492.531295,492.531295,492.531295
2025-05-16 00:00:00,observed,434.795739,434.795739,434.795739,434.795739
2025-05-16 01:00:00,observed,421.577689,421.577689,421.577689,421.577689
2025-05-16 02:00:00,observed,388.44586,388.44586,388.44586,388.44586
2025-05-16 03:00:00,observed,360.528073,360.528073,360.528073,360.528073
2025-05-16 04:00:00,observed,345.498914,345.498914,345.498914,345.498914
2025-05-16 05:00:00,observed,351.177689,351.177689,351.177689,351.177689
2025-05-16 06:00:00,observed,386.121439,386.121439,386.121439,386.121439
2025-05-16 07:00:00,observed,425.574728,425.574728,425.574728,425.574728
2025-05-16 08:00:00,observed,439.507913,439.507913,439.507913,439.507913
2025-05-16 09:00:00,observed,509.748091,509.748091,509.748091,509.748091
2025-05-16 10:00:00,observed,524.940997,524.940997,524.940997,524.940997
2025-05-16 11:00:00,observed,463.643987,463.643987,463.643987,463.643987
2025-05-16 12:00:00,observed,390.334302,390.334302,390.334302,390.334302
2025-05-16 13:00:00,observed,358.426421,358.426421,358.426421,358.426421
2025-05-16 14:00:00,observed,393.150408,393.150408,393.150408,393.150408
2025-05-16 15:00:00,observed,430.720407,430.720407,430.720407,430.720407
2025-05-16 16:00:00,observed,494.8411,494.8411,494.8411,494.8411
2025-05-16 17:00:00,observed,561.501772,561.501772,561.501772,561.501772
2025-05-16 18:00:00,observed,586.19382,586.19382,586.19382,586.19382
2025-05-16 19:00:00,observed,610.671943,610.671943,610.671943,610.671943
2025-05-16 20:00:00,observed,615.582659,615.582659,615.582659,615.582659
2025-05-16 21:00:00,observed,607.059914,607.059914,607.059914,607.059914
2025-05-16 22:00:00,observed,569.492283,569.492283,569.492283,569.492283
2025-05-16 23:00:00,observed,522.650879,522.650879,522.650879,522.650879
2025-05-17 00:00:00,observed,460.199698,460.199698,460.199698,460.199698
2025-05-17 01:00:00,observed,441.412131,441.412131,441.412131,441.412131
2025-05-17 02:00:00,observed,409.261676,409.261676,409.261676,409.261676
2025-05-17 03:00:00,observed,378.850631,378.850631,378.850631,378.850631
2025-05-17 04:00:00,observed,359.77846,359.77846,359.77846,359.77846
2025-05-17 05:00:00,observed,361.639322,361.639322,361.639322,361.639322
2025-05-17 06:00:00,observed,375.042223,375.042223,375.042223,375.042223
2025-05-17 07:00:00,observed,366.522372,366.522372,366.522372,366.522372
2025-05-17 08:00:00,observed,362.973397,362.973397,362.973397,362.973397
2025-05-17 09:00:00,observed,405.405963,405.405963,405.405963,405.405963
2025-05-17 10:00:00,observed,437.848586,437.848586,437.848586,437.848586
2025-05-17 11:00:00,observed,484.199021,484.199021,484.199021,484.199021
2025-05-17 12:00:00,observed,445.771609,445.771609,445.771609,445.771609
2025-05-17 13:00:00,observed,416.940818,416.940818,416.940818,416.940818
2025-05-17 14:00:00,observed,449.205982,449.205982,449.205982,449.205982
2025-05-17 15:00:00,observed,395.325533,395.325533,395.325533,395.325533
2025-05-17 16:00:00,observed,452.678644,452.678644,452.678644,452.678644
2025-05-17 17:00:00,observed,507.63556,507.63556,507.63556,507.63556
2025-05-17 18:00:00,observed,531.110063,531.110063,531.110063,531.110063
2025-05-17 19:00:00,observed,556.303522,556.303522,556.303522,556.303522
2025-05-17 20:00:00,observed,564.378422,564.378422,564.378422,564.378422
2025-05-17 21:00:00,observed,552.972234,552.972234,552.972234,552.972234
2025-05-17 22:00:00,observed,527.947868,527.947868,527.947868,527.947868
2025-05-17 23:00:00,observed,473.634297,473.634297,473.634297,473.634297
2025-05-18 00:00:00,observed,427.444897,427.444897,427.444897,427.444897
2025-05-18 01:00:00,observed,416.660591,416.660591,416.660591,416.660591
2025-05-18 02:00:00,observed,380.783803,380.783803,380.783803,380.783803
2025-05-18 03:00:00,observed,350.33058,350.33058,350.33058,350.33058
2025-05-18 04:00:00,observed,337.614764,337.614764,337.614764,337.614764
2025-05-18 05:00:00,observed,338.143187,338.143187,338.143187,338.143187
2025-05-18 06:00:00,observed,347.107464,347.107464,347.107464,347.107464
2025-05-18 07:00:00,observed,346.096639,346.096639,346.096639,346.096639
2025-05-18 08:00:00,observed,307.085042,307.085042,307.085042,307.085042
2025-05-18 09:00:00,observed,320.354903,320.354903,320.354903,320.354903
2025-05-18 10:00:00,observed,385.971765,385.971765,385.971765,385.971765
2025-05-18 11:00:00,observed,324.567902,324.567902,324.567902,324.567902
2025-05-18 12:00:00,observed,320.107054,320.107054,320.107054,320.107054
2025-05-18 13:00:00,observed,295.615988,295.615988,295.615988,295.615988
2025-05-18 14:00:00,observed,306.348213,306.348213,306.348213,306.348213
2025-05-18 15:00:00,observed,338.478796,338.478796,338.478796,338.478796
2025-05-18 16:00:00,observed,391.422772,391.422772,391.422772,391.422772
2025-05-18 17:00:00,observed,457.573615,457.573615,457.573615,457.573615
2025-05-18 18:00:00,observed,503.419153,503.419153,503.419153,503.419153
2025-05-18 19:00:00,observed,541.437606,541.437606,541.437606,541.437606
2025-05-18 20:00:00,observed,557.100636,557.100636,557.100636,557.100636
2025-05-18 21:00:00,observed,552.100662,552.100662,552.100662,552.100662
2025-05-18 22:00:00,observed,515.446841,515.446841,515.446841,515.446841
2025-05-18 23:00:00,observed,459.459973,459.459973,459.459973,459.459973
2025-05-19 00:00:00,observed,402.651848,402.651848,402.651848,402.651848
2025-05-19 01:00:00,observed,394.7393,394.7393,394.7393,394.7393
2025-05-19 02:00:00,observed,362.430448,362.430448,362.430448,362.430448
2025-05-19 03:00:00,observed,334.876102,334.876102,334.876102,334.876102
2025-05-19 04:00:00,observed,325.36639,325.36639,325.36639,325.36639
2025-05-19 05:00:00,observed,330.830998,330.830998,330.830998,330.830998
2025-05-19 06:00:00,observed,361.461757,361.461757,361.461757,361.461757
2025-05-19 07:00:00,observed,372.55047,372.55047,372.55047,372.55047
2025-05-19 08:00:00,observed,360.341364,360.341364,360.341364,360.341364
2025-05-19 09:00:00,observed,433.610619,433.610619,433.610619,433.610619
2025-05-19 10:00:00,observed,460.334115,460.334115,460.334115,460.334115
2025-05-19 11:00:00,observed,486.756273,486.756273,486.756273,486.756273
2025-05-19 12:00:00,observed,468.429646,468.429646,468.429646,468.429646
2025-05-19 13:00:00,observed,461.024031,461.024031,461.024031,461.024031
2025-05-19 14:00:00,observed,488.616966,488.616966,488.616966,488.616966
2025-05-19 15:00:00,observed,524.227458,524.227458,524.227458,524.227458
2025-05-19 16:00:00,observed,584.178728,584.178728,584.178728,584.178728
2025-05-19 17:00:00,observed,638.740396,638.740396,638.740396,638.740396
2025-05-19 18:00:00,observed,656.785552,656.785552,656.785552,656.785552
2025-05-19 19:00:00,observed,682.947874,682.947874,682.947874,682.947874
2025-05-19 20:00:00,observed,690.196236,690.196236,690.196236,690.196236
2025-05-19 21:00:00,observed,674.253123,674.253123,674.253123,674.253123
2025-05-19 22:00:00,observed,624.775773,624.775773,624.775773,624.775773
2025-05-19 23:00:00,observed,564.497227,564.497227,564.497227,564.497227
2025-05-20 00:00:00,observed,499.643799,499.643799,499.643799,499.643799
2025-05-20 01:00:00,observed,477.892515,477.892515,477.892515,477.892515
2025-05-20 02:00:00,observed,439.459548,439.459548,439.459548,439.459548
2025-05-20 03:00:00,observed,411.760299,411.760299,411.760299,411.760299
2025-05-20 04:00:00,observed,325.36639,325.36639,325.36639,325.36639
2025-05-20 05:00:00,observed,386.375033,386.375033,386.375033,386.375033
2025-05-20 06:00:00,observed,414.684067,414.684067,414.684067,414.684067
2025-05-20 07:00:00,observed,425.836164,425.836164,425.836164,425.836164
2025-05-20 08:00:00,observed,411.921134,411.921134,411.921134,411.921134
2025-05-20 09:00:00,observed,513.208988,513.208988,513.208988,513.208988
2025-05-20 10:00:00,observed,556.750888,556.750888,556.750888,556.750888
2025-05-20 11:00:00,observed,580.962756,580.962756,580.962756,580.962756
2025-05-20 12:00:00,observed,579.889062,579.889062,579.889062,579.889062
2025-05-20 13:00:00,observed,602.177152,602.177152,602.177152,602.177152
2025-05-20 14:00:00,observed,625.465451,625.465451,625.465451,625.465451
2025-05-20 15:00:00,observed,697.724188,697.724188,697.724188,697.724188
2025-05-20 16:00:00,observed,704.959741,704.959741,704.959741,704.959741
2025-05-20 17:00:00,observed,743.014506,743.014506,743.014506,743.014506
2025-05-20 18:00:00,observed,716.430919,716.430919,716.430919,716.430919
2025-05-20 19:00:00,observed,755.964218,755.964218,755.964218,755.964218
2025-05-20 20:00:00,observed,780.766376,780.766376,780.766376,780.766376
2025-05-20 21:00:00,observed,779.167924,779.167924,779.167924,779.167924
2025-05-20 22:00:00,observed,747.452645,747.452645,747.452645,747.452645
2025-05-20 23:00:00,observed,678.447862,678.447862,678.447862,678.447862
2025-05-21 00:00:00,observed,594.118533,594.118533,594.118533,594.118533
2025-05-21 01:00:00,observed,563.678984,563.678984,563.678984,563.678984
2025-05-21 02:00:00,observed,512.181209,512.181209,512.181209,512.181209
2025-05-21 03:00:00,observed,478.69847,478.69847,478.69847,478.69847
2025-05-21 04:00:00,observed,450.745406,450.745406,450.745406,450.745406
2025-05-21 05:00:00,observed,440.599603,440.599603,440.599603,440.599603
2025-05-21 06:00:00,observed,470.28856,470.28856,470.28856,470.28856
2025-05-21 07:00:00,observed,485.172485,485.172485,485.172485,485.172485
2025-05-21 08:00:00,observed,489.391582,489.391582,489.391582,489.391582
2025-05-21 09:00:00,observed,619.898084,619.898084,619.898084,619.898084
2025-05-21 10:00:00,observed,662.918768,662.918768,662.918768,662.918768
2025-05-21 11:00:00,observed,702.606663,702.606663,702.606663,702.606663
2025-05-21 12:00:00,observed,692.912355,692.912355,692.912355,692.912355
2025-05-21 13:00:00,observed,711.111211,711.111211,711.111211,711.111211
2025-05-21 14:00:00,observed,740.216776,740.216776,740.216776,740.216776
2025-05-21 15:00:00,observed,754.3653,754.3653,754.3653,754.3653
2025-05-21 16:00:00,observed,778.591277,778.591277,778.591277,778.591277
2025-05-21 17:00:00,observed,824.258132,824.258132,824.258132,824.258132
2025-05-21 18:00:00,observed,839.427672,839.427672,839.427672,839.427672
2025-05-21 19:00:00,observed,876.639216,876.639216,876.639216,876.639216
2025-05-21 20:00:00,observed,900.155651,900.155651,900.155651,900.155651
2025-05-21 21:00:00,observed,893.554884,893.554884,893.554884,893.554884
2025-05-21 22:00:00,observed,847.793952,847.793952,847.793952,847.793952
2025-05-21 23:00:00,observed,759.623148,759.623148,759.623148,759.623148
2025-05-22 00:00:00,observed,675.09951,675.09951,675.09951,675.09951
2025-05-22 01:00:00,observed,634.050179,634.050179,634.050179,634.050179
2025-05-22 02:00:00,observed,586.189821,586.189821,586.189821,586.189821
2025-05-22 03:00:00,observed,537.300877,537.300877,537.300877,537.300877
2025-05-22 04:00:00,observed,500.288222,500.288222,500.288222,500.288222
2025-05-22 05:00:00,observed,483.432473,483.432473,483.432473,483.432473
2025-05-22 06:00:00,observed,495.4,495.4,495.4,495.4
2025-05-22 07:00:00,observed,483.300131,483.300131,483.300131,483.300131
2025-05-22 08:00:00,observed,489.231965,489.231965,489.231965,489.231965
2025-05-22 09:00:00,observed,607.816352,607.816352,607.816352,607.816352
2025-05-22 10:00:00,observed,601.350007,601.350007,601.350007,601.350007
2025-05-22 11:00:00,observed,601.058503,601.058503,601.058503,601.058503
2025-05-22 12:00:00,observed,638.19338,638.19338,638.19338,638.19338
2025-05-22 13:00:00,observed,595.058467,595.058467,595.058467,595.058467
2025-05-22 14:00:00,observed,605.823511,605.823511,605.823511,605.823511
2025-05-22 15:00:00,observed,607.990384,607.990384,607.990384,607.990384
2025-05-22 16:00:00,observed,778.591277,778.591277,778.591277,778.591277
2025-05-22 17:00:00,observed,702.031876,702.031876,702.031876,702.031876
2025-05-22 18:00:00,observed,669.41706,669.41706,669.41706,669.41706
2025-05-22 19:00:00,observed,656.41932,656.41932,656.41932,656.41932
2025-05-22 20:00:00,observed,648.560239,648.560239,648.560239,648.560239
2025-05-22 21:00:00,observed,622.813103,622.813103,622.813103,622.813103
2025-05-22 22:00:00,observed,573.36581,573.36581,573.36581,573.36581
2025-05-22 23:00:00,observed,524.39749,524.39749,524.39749,524.39749
2025-05-23 00:00:00,observed,468.180327,468.180327,468.180327,468.180327
2025-05-23 01:00:00,observed,452.703641,452.703641,452.703641,452.703641
2025-05-23 02:00:00,observed,416.973042,416.973042,416.973042,416.973042
2025-05-23 03:00:00,observed,393.978599,393.978599,393.978599,393.978599
2025-05-23 04:00:00,observed,375.396176,375.396176,375.396176,375.396176
2025-05-23 05:00:00,observed,370.511878,370.511878,370.511878,370.511878
2025-05-23 06:00:00,observed,409.220218,409.220218,409.220218,409.220218
2025-05-23 07:00:00,observed,431.537566,431.537566,431.537566,431.537566
2025-05-23 08:00:00,observed,410.807415,410.807415,410.807415,410.807415
2025-05-23 09:00:00,observed,510.538066,510.538066,510.538066,510.538066
2025-05-23 10:00:00,observed,537.527555,537.527555,537.527555,537.527555
2025-05-23 11:00:00,observed,546.139375,546.139375,546.139375,546.139375
2025-05-23 12:00:00,observed,499.047232,499.047232,499.047232,499.047232
2025-05-23 13:00:00,observed,436.925081,436.925081,436.925081,436.925081
2025-05-23 14:00:00,observed,460.932176,460.932176,460.932176,460.932176
2025-05-23 15:00:00,observed,435.205051,435.205051,435.205051,435.205051
2025-05-23 16:00:00,observed,501.383898,501.383898,501.383898,501.383898
2025-05-23 17:00:00,observed,533.409881,533.409881,533.409881,533.409881
2025-05-23 18:00:00,observed,567.368095,567.368095,567.368095,567.368095
2025-05-23 19:00:00,observed,574.272516,574.272516,574.272516,574.272516
2025-05-23 20:00:00,observed,585.878436,585.878436,585.878436,585.878436
2025-05-23 21:00:00,observed,573.219162,573.219162,573.219162,573.219162
2025-05-23 22:00:00,observed,541.335689,541.335689,541.335689,541.335689
2025-05-23 23:00:00,observed,499.860979,499.860979,499.860979,499.860979
2025-05-24 00:00:00,observed,448.299261,448.299261,448.299261,448.299261
2025-05-24 01:00:00,observed,435.062603,435.062603,435.062603,435.062603
2025-05-24 02:00:00,observed,396.158419,396.158419,396.158419,396.158419
2025-05-24 03:00:00,observed,372.516184,372.516184,372.516184,372.516184
2025-05-24 04:00:00,observed,357.233463,357.233463,357.233463,357.233463
2025-05-24 05:00:00,observed,355.092625,355.092625,355.092625,355.092625
2025-05-24 06:00:00,observed,371.141988,371.141988,371.141988,371.141988
2025-05-24 07:00:00,observed,370.51488,370.51488,370.51488,370.51488
2025-05-24 08:00:00,observed,332.601123,332.601123,332.601123,332.601123
2025-05-24 09:00:00,observed,378.230366,378.230366,378.230366,378.230366
2025-05-24 10:00:00,observed,384.176662,384.176662,384.176662,384.176662
2025-05-24 11:00:00,observed,384.124774,384.124774,384.124774,384.124774
2025-05-24 12:00:00,observed,388.79623,388.79623,388.79623,388.79623
2025-05-24 13:00:00,observed,384.693727,384.693727,384.693727,384.693727
2025-05-24 14:00:00,observed,407.402782,407.402782,407.402782,407.402782
2025-05-24 15:00:00,observed,420.759426,420.759426,420.759426,420.759426
2025-05-24 16:00:00,observed,453.81976,453.81976,453.81976,453.81976
2025-05-24 17:00:00,observed,488.878724,488.878724,488.878724,488.878724
2025-05-24 18:00:00,observed,529.828713,529.828713,529.828713,529.828713
2025-05-24 19:00:00,observed,561.51846,561.51846,561.51846,561.51846
2025-05-24 20:00:00,observed,581.511405,581.511405,581.511405,581.511405
2025-05-24 21:00:00,observed,565.200363,565.200363,565.200363,565.200363
2025-05-24 22:00:00,observed,529.460017,529.460017,529.460017,529.460017
2025-05-24 23:00:00,observed,488.652377,488.652377,488.652377,488.652377
2025-05-25 00:00:00,observed,438.085331,438.085331,438.085331,438.085331
2025-05-25 01:00:00,observed,425.072525,425.072525,425.072525,425.072525
2025-05-25 02:00:00,observed,390.145568,390.145568,390.145568,390.145568
2025-05-25 03:00:00,observed,362.056678,362.056678,362.056678,362.056678
2025-05-25 04:00:00,observed,342.066456,342.066456,342.066456,342.066456
2025-05-25 05:00:00,observed,341.813923,341.813923,341.813923,341.813923
2025-05-25 06:00:00,observed,352.927852,352.927852,352.927852,352.927852
2025-05-25 07:00:00,observed,339.697028,339.697028,339.697028,339.697028
2025-05-25 08:00:00,observed,311.242151,311.242151,311.242151,311.242151
2025-05-25 09:00:00,observed,340.339507,340.339507,340.339507,340.339507
2025-05-25 10:00:00,observed,348.913828,348.913828,348.913828,348.913828
2025-05-25 11:00:00,observed,368.06675,368.06675,368.06675,368.06675
2025-05-25 12:00:00,observed,356.419474,356.419474,356.419474,356.419474
2025-05-25 13:00:00,observed,379.243664,379.243664,379.243664,379.243664
2025-05-25 14:00:00,observed,410.799116,410.799116,410.799116,410.799116
2025-05-25 15:00:00,observed,414.907549,414.907549,414.907549,414.907549
2025-05-25 16:00:00,observed,442.211173,442.211173,442.211173,442.211173
2025-05-25 17:00:00,observed,459.533672,459.533672,459.533672,459.533672
2025-05-25 18:00:00,observed,547.463088,547.463088,547.463088,547.463088
2025-05-25 19:00:00,observed,567.293284,567.293284,567.293284,567.293284
2025-05-25 20:00:00,observed,579.808829,579.808829,579.808829,579.808829
2025-05-25 21:00:00,observed,580.941973,580.941973,580.941973,580.941973
2025-05-25 22:00:00,observed,542.370893,542.370893,542.370893,542.370893
2025-05-25 23:00:00,observed,487.193239,487.193239,487.193239,487.193239
2025-05-26 00:00:00,observed,434.541898,434.541898,434.541898,434.541898
2025-05-26 01:00:00,observed,426.104898,426.104898,426.104898,426.104898
2025-05-26 02:00:00,observed,391.098344,391.098344,391.098344,391.098344
2025-05-26 03:00:00,observed,366.644157,366.644157,366.644157,366.644157
2025-05-26 04:00:00,observed,349.137018,349.137018,349.137018,349.137018
2025-05-26 05:00:00,observed,347.909811,347.909811,347.909811,347.909811
2025-05-26 06:00:00,observed,390.566506,390.566506,390.566506,390.566506
2025-05-26 07:00:00,observed,436.654882,436.654882,436.654882,436.654882
2025-05-26 08:00:00,observed,453.693475,453.693475,453.693475,453.693475
2025-05-26 09:00:00,observed,524.563797,524.563797,524.563797,524.563797
2025-05-26 10:00:00,observed,513.315498,513.315498,513.315498,513.315498
2025-05-26 11:00:00,observed,483.462123,483.462123,483.462123,483.462123
2025-05-26 12:00:00,observed,405.267646,405.267646,405.267646,405.267646
2025-05-26 13:00:00,observed,344.275815,344.275815,344.275815,344.275815
2025-05-26 14:00:00,observed,385.993307,385.993307,385.993307,385.993307
2025-05-26 15:00:00,observed,414.030152,414.030152,414.030152,414.030152
2025-05-26 16:00:00,observed,468.482448,468.482448,468.482448,468.482448
2025-05-26 17:00:00,observed,530.361699,530.361699,530.361699,530.361699
2025-05-26 18:00:00,observed,563.958908,563.958908,563.958908,563.958908
2025-05-26 19:00:00,observed,584.283734,584.283734,584.283734,584.283734
2025-05-26 20:00:00,observed,598.927084,598.927084,598.927084,598.927084
2025-05-26 21:00:00,observed,584.623313,584.623313,584.623313,584.623313
2025-05-26 22:00:00,observed,545.156691,545.156691,545.156691,545.156691
2025-05-26 23:00:00,observed,492.812526,492.812526,492.812526,492.812526
2025-05-27 00:00:00,observed,438.609053,438.609053,438.609053,438.609053
2025-05-27 01:00:00,observed,428.928788,428.928788,428.928788,428.928788
2025-05-27 02:00:00,observed,392.022398,392.022398,392.022398,392.022398
2025-05-27 03:00:00,observed,368.760311,368.760311,368.760311,368.760311
2025-05-27 04:00:00,observed,351.250752,351.250752,351.250752,351.250752
2025-05-27 05:00:00,observed,348.731982,348.731982,348.731982,348.731982
2025-05-27 06:00:00,observed,378.998281,378.998281,378.998281,378.998281
2025-05-27 07:00:00,observed,383.755668,383.755668,383.755668,383.755668
2025-05-27 08:00:00,observed,377.581039,377.581039,377.581039,377.581039
2025-05-27 09:00:00,observed,440.922665,440.922665,440.922665,440.922665
2025-05-27 10:00:00,observed,472.834345,472.834345,472.834345,472.834345
2025-05-27 11:00:00,observed,467.926215,467.926215,467.926215,467.926215
2025-05-27 12:00:00,observed,454.678327,454.678327,454.678327,454.678327
2025-05-27 13:00:00,observed,436.171906,436.171906,436.171906,436.171906
2025-05-27 14:00:00,observed,437.81809,437.81809,437.81809,437.81809
2025-05-27 15:00:00,observed,469.229804,469.229804,469.229804,469.229804
2025-05-27 16:00:00,observed,518.496723,518.496723,518.496723,518.496723
2025-05-27 17:00:00,observed,577.88737,577.88737,577.88737,577.88737
2025-05-27 18:00:00,observed,591.34525,591.34525,591.34525,591.34525
2025-05-27 19:00:00,observed,613.304185,613.304185,613.304185,613.304185
2025-05-27 20:00:00,observed,621.571641,621.571641,621.571641,621.571641
2025-05-27 21:00:00,observed,613.40936,613.40936,613.40936,613.40936
2025-05-27 22:00:00,observed,559.801119,559.801119,559.801119,559.801119
2025-05-27 23:00:00,observed,512.667725,512.667725,512.667725,512.667725
2025-05-28 00:00:00,observed,449.916492,449.916492,449.916492,449.916492
2025-05-28 01:00:00,observed,440.567896,440.567896,440.567896,440.567896
2025-05-28 02:00:00,observed,404.643892,404.643892,404.643892,404.643892
2025-05-28 03:00:00,observed,370.88891,370.88891,370.88891,370.88891
2025-05-28 04:00:00,observed,355.893659,355.893659,355.893659,355.893659
2025-05-28 05:00:00,observed,357.640219,357.640219,357.640219,357.640219
2025-05-28 06:00:00,observed,386.865332,386.865332,386.865332,386.865332
2025-05-28 07:00:00,observed,389.464789,389.464789,389.464789,389.464789
2025-05-28 08:00:00,observed,374.693893,374.693893,374.693893,374.693893
2025-05-28 09:00:00,observed,437.703884,437.703884,437.703884,437.703884
2025-05-28 10:00:00,observed,448.886122,448.886122,448.886122,448.886122
2025-05-28 11:00:00,observed,467.005754,467.005754,467.005754,467.005754
2025-05-28 12:00:00,observed,428.716923,428.716923,428.716923,428.716923
2025-05-28 13:00:00,observed,420.689165,420.689165,420.689165,420.689165
2025-05-28 14:00:00,observed,451.629213,451.629213,451.629213,451.629213
2025-05-28 15:00:00,observed,468.612283,468.612283,468.612283,468.612283
2025-05-28 16:00:00,observed,522.412046,522.412046,522.412046,522.412046
2025-05-28 17:00:00,observed,580.536598,580.536598,580.536598,580.536598
2025-05-28 18:00:00,observed,609.285738,609.285738,609.285738,609.285738
2025-05-28 19:00:00,observed,626.345824,626.345824,626.345824,626.345824
2025-05-28 20:00:00,observed,635.613819,635.613819,635.613819,635.613819
2025-05-28 21:00:00,observed,624.061399,624.061399,624.061399,624.061399
2025-05-28 22:00:00,observed,586.178843,586.178843,586.178843,586.178843
2025-05-28 23:00:00,observed,527.104356,527.104356,527.104356,527.104356
2025-05-29 00:00:00,observed,467.466311,467.466311,467.466311,467.466311
2025-05-29 01:00:00,observed,452.570861,452.570861,452.570861,452.570861
2025-05-29 02:00:00,observed,412.259874,412.259874,412.259874,412.259874
2025-05-29 03:00:00,observed,388.956237,388.956237,388.956237,388.956237
2025-05-29 04:00:00,observed,370.0315,370.0315,370.0315,370.0315
2025-05-29 05:00:00,observed,371.648202,371.648202,371.648202,371.648202
2025-05-29 06:00:00,observed,397.273333,397.273333,397.273333,397.273333
2025-05-29 07:00:00,observed,399.270362,399.270362,399.270362,399.270362
2025-05-29 08:00:00,observed,379.106522,379.106522,379.106522,379.106522
2025-05-29 09:00:00,observed,454.114646,454.114646,454.114646,454.114646
2025-05-29 10:00:00,observed,474.802709,474.802709,474.802709,474.802709
2025-05-29 11:00:00,observed,496.761613,496.761613,496.761613,496.761613
2025-05-29 12:00:00,observed,468.909144,468.909144,468.909144,468.909144
2025-05-29 13:00:00,observed,457.014363,457.014363,457.014363,457.014363
2025-05-29 14:00:00,observed,486.820903,486.820903,486.820903,486.820903
2025-05-29 15:00:00,observed,510.783513,510.783513,510.783513,510.783513
2025-05-29 16:00:00,observed,552.835463,552.835463,552.835463,552.835463
2025-05-29 17:00:00,observed,604.274372,604.274372,604.274372,604.274372
2025-05-29 18:00:00,observed,624.602973,624.602973,624.602973,624.602973
2025-05-29 19:00:00,observed,640.882308,640.882308,640.882308,640.882308
2025-05-29 20:00:00,observed,653.258607,653.258607,653.258607,653.258607
2025-05-29 21:00:00,observed,643.012981,643.012981,643.012981,643.012981
2025-05-29 22:00:00,observed,605.273345,605.273345,605.273345,605.273345
2025-05-29 23:00:00,observed,555.88247,555.88247,555.88247,555.88247
2025-05-30 00:00:00,observed,491.704421,491.704421,491.704421,491.704421
2025-05-30 01:00:00,observed,475.502944,475.502944,475.502944,475.502944
2025-05-30 02:00:00,observed,436.065938,436.065938,436.065938,436.065938
2025-05-30 03:00:00,observed,406.866223,406.866223,406.866223,406.866223
2025-05-30 04:00:00,observed,381.227099,381.227099,381.227099,381.227099
2025-05-30 05:00:00,observed,382.470886,382.470886,382.470886,382.470886
2025-05-30 06:00:00,observed,411.25723,411.25723,411.25723,411.25723
2025-05-30 07:00:00,observed,411.664652,411.664652,411.664652,411.664652
2025-05-30 08:00:00,observed,398.00231,398.00231,398.00231,398.00231
2025-05-30 09:00:00,observed,472.060657,472.060657,472.060657,472.060657
2025-05-30 10:00:00,observed,486.723518,486.723518,486.723518,486.723518
2025-05-30 11:00:00,observed,504.055788,504.055788,504.055788,504.055788
2025-05-30 12:00:00,observed,485.676935,485.676935,485.676935,485.676935
2025-05-30 13:00:00,observed,477.037729,477.037729,477.037729,477.037729
2025-05-30 14:00:00,observed,496.528249,496.528249,496.528249,496.528249
2025-05-30 15:00:00,observed,554.842474,554.842474,554.842474,554.842474
2025-05-30 16:00:00,observed,597.772102,597.772102,597.772102,597.772102
2025-05-30 17:00:00,observed,614.13321,614.13321,614.13321,614.13321
2025-05-30 18:00:00,observed,623.632387,623.632387,623.632387,623.632387
2025-05-30 19:00:00,observed,637.126539,637.126539,637.126539,637.126539
2025-05-30 20:00:00,observed,643.360335,643.360335,643.360335,643.360335
2025-05-30 21:00:00,observed,631.731673,631.731673,631.731673,631.731673
2025-05-30 22:00:00,observed,603.116107,603.116107,603.116107,603.116107
2025-05-30 23:00:00,observed,560.651112,560.651112,560.651112,560.651112
2025-05-31 00:00:00,observed,500.323351,500.323351,500.323351,500.323351
2025-05-31 01:00:00,observed,488.016126,488.016126,488.016126,488.016126
2025-05-31 02:00:00,observed,442.275409,442.275409,442.275409,442.275409
2025-05-31 03:00:00,observed,414.12751,414.12751,414.12751,414.12751
2025-05-31 04:00:00,observed,389.745442,389.745442,389.745442,389.745442
2025-05-31 05:00:00,observed,381.685994,381.685994,381.685994,381.685994
2025-05-31 06:00:00,observed,400.116237,400.116237,400.116237,400.116237
2025-05-31 07:00:00,observed,402.980423,402.980423,402.980423,402.980423
2025-05-31 08:00:00,observed,387.682339,387.682339,387.682339,387.682339
2025-05-31 09:00:00,observed,445.784975,445.784975,445.784975,445.784975
2025-05-31 10:00:00,observed,487.759985,487.759985,487.759985,487.759985
2025-05-31 11:00:00,observed,484.632913,484.632913,484.632913,484.632913
2025-05-31 12:00:00,observed,452.228786,452.228786,452.228786,452.228786
2025-05-31 13:00:00,observed,469.337716,469.337716,469.337716,469.337716
2025-05-31 14:00:00,observed,488.917065,488.917065,488.917065,488.917065
2025-05-31 15:00:00,observed,460.072136,460.072136,460.072136,460.072136
2025-05-31 16:00:00,observed,474.310839,474.310839,474.310839,474.310839
2025-05-31 17:00:00,observed,510.282571,510.282571,510.282571,510.282571
2025-05-31 18:00:00,observed,520.633723,520.633723,520.633723,520.633723
2025-05-31 19:00:00,observed,524.823258,524.823258,524.823258,524.823258
2025-05-31 20:00:00,observed,532.022204,532.022204,532.022204,532.022204
2025-05-31 21:00:00,observed,522.677429,522.677429,522.677429,522.677429
2025-05-31 22:00:00,observed,497.510922,497.510922,497.510922,497.510922
2025-05-31 23:00:00,observed,455.480621,455.480621,455.480621,455.480621
2025-06-01 00:00:00,observed,410.294075,410.294075,410.294075,410.294075
2025-06-01 01:00:00,observed,397.238907,397.238907,397.238907,397.238907
2025-06-01 02:00:00,observed,366.833949,366.833949,366.833949,366.833949
2025-06-01 03:00:00,observed,352.520349,352.520349,352.520349,352.520349
2025-06-01 04:00:00,observed,337.475372,337.475372,337.475372,337.475372
2025-06-01 05:00:00,observed,333.274539,333.274539,333.274539,333.274539
2025-06-01 06:00:00,observed,345.094894,345.094894,345.094894,345.094894
2025-06-01 07:00:00,observed,349.684307,349.684307,349.684307,349.684307
2025-06-01 08:00:00,observed,394.685254,394.685254,394.685254,394.685254
2025-06-01 09:00:00,observed,437.914966,437.914966,437.914966,437.914966
2025-06-01 10:00:00,observed,415.877273,415.877273,415.877273,415.877273
2025-06-01 11:00:00,observed,409.851129,409.851129,409.851129,409.851129
2025-06-01 12:00:00,observed,491.436599,491.436599,491.436599,491.436599
2025-06-01 13:00:00,observed,474.440964,474.440964,474.440964,474.440964
2025-06-01 14:00:00,observed,482.141493,482.141493,482.141493,482.141493
2025-06-01 15:00:00,observed,473.328926,473.328926,473.328926,473.328926
2025-06-01 16:00:00,observed,469.665259,469.665259,469.665259,469.665259
2025-06-01 17:00:00,observed,498.236941,498.236941,498.236941,498.236941
2025-06-01 18:00:00,observed,524.270062,524.270062,524.270062,524.270062
2025-06-01 19:00:00,observed,529.244514,529.244514,529.244514,529.244514
2025-06-01 20:00:00,observed,544.239714,544.239714,544.239714,544.239714
2025-06-01 21:00:00,observed,528.21657,528.21657,528.21657,528.21657
2025-06-01 22:00:00,observed,492.879728,492.879728,492.879728,492.879728
2025-06-01 23:00:00,observed,439.467217,439.467217,439.467217,439.467217
2025-06-02 00:00:00,observed,393.808271,393.808271,393.808271,393.808271
2025-06-02 01:00:00,observed,375.340429,375.340429,375.340429,375.340429
2025-06-02 02:00:00,observed,346.979371,346.979371,346.979371,346.979371
2025-06-02 03:00:00,observed,334.341644,334.341644,334.341644,334.341644
2025-06-02 04:00:00,observed,320.527021,320.527021,320.527021,320.527021
2025-06-02 05:00:00,observed,319.712976,319.712976,319.712976,319.712976
2025-06-02 06:00:00,observed,337.481473,337.481473,337.481473,337.481473
2025-06-02 07:00:00,observed,366.072635,366.072635,366.072635,366.072635
2025-06-02 08:00:00,observed,372.627544,372.627544,372.627544,372.627544
2025-06-02 09:00:00,observed,375.24517,375.24517,375.24517,375.24517
2025-06-02 10:00:00,observed,390.708253,390.708253,390.708253,390.708253
2025-06-02 11:00:00,observed,392.639507,392.639507,392.639507,392.639507
2025-06-02 12:00:00,observed,336.782163,336.782163,336.782163,336.782163
2025-06-02 13:00:00,observed,345.771345,345.771345,345.771345,345.771345
2025-06-02 14:00:00,observed,414.371823,414.371823,414.371823,414.371823
2025-06-02 15:00:00,observed,369.943641,369.943641,369.943641,369.943641
2025-06-02 16:00:00,observed,411.794271,411.794271,411.794271,411.794271
2025-06-02 17:00:00,observed,499.598712,499.598712,499.598712,499.598712
2025-06-02 18:00:00,observed,526.503887,526.503887,526.503887,526.503887
2025-06-02 19:00:00,observed,565.763715,565.763715,565.763715,565.763715
2025-06-02 20:00:00,observed,582.327792,582.327792,582.327792,582.327792
2025-06-02 21:00:00,observed,580.681613,580.681613,580.681613,580.681613
2025-06-02 22:00:00,observed,544.156109,544.156109,544.156109,544.156109
2025-06-02 23:00:00,observed,483.62514,483.62514,483.62514,483.62514
2025-06-03 00:00:00,observed,429.232146,429.232146,429.232146,429.232146
2025-06-03 01:00:00,observed,409.401368,409.401368,409.401368,409.401368
2025-06-03 02:00:00,observed,376.529689,376.529689,376.529689,376.529689
2025-06-03 03:00:00,observed,360.405719,360.405719,360.405719,360.405719
2025-06-03 04:00:00,observed,342.602551,342.602551,342.602551,342.602551
2025-06-03 05:00:00,observed,342.576885,342.576885,342.576885,342.576885
2025-06-03 06:00:00,observed,366.39179,366.39179,366.39179,366.39179
2025-06-03 07:00:00,observed,378.740711,378.740711,378.740711,378.740711
2025-06-03 08:00:00,observed,369.499683,369.499683,369.499683,369.499683
2025-06-03 09:00:00,observed,440.782239,440.782239,440.782239,440.782239
2025-06-03 10:00:00,observed,456.391,456.391,456.391,456.391
2025-06-03 11:00:00,observed,470.68666,470.68666,470.68666,470.68666
2025-06-03 12:00:00,observed,445.627175,445.627175,445.627175,445.627175
2025-06-03 13:00:00,observed,470.800096,470.800096,470.800096,470.800096
2025-06-03 14:00:00,observed,504.271077,504.271077,504.271077,504.271077
2025-06-03 15:00:00,observed,561.262278,561.262278,561.262278,561.262278
2025-06-03 16:00:00,observed,566.580151,566.580151,566.580151,566.580151
2025-06-03 17:00:00,observed,593.181573,593.181573,593.181573,593.181573
2025-06-03 18:00:00,observed,604.169484,604.169484,604.169484,604.169484
2025-06-03 19:00:00,observed,625.032414,625.032414,625.032414,625.032414
2025-06-03 20:00:00,observed,632.489756,632.489756,632.489756,632.489756
2025-06-03 21:00:00,observed,626.568332,626.568332,626.568332,626.568332
2025-06-03 22:00:00,observed,580.746843,580.746843,580.746843,580.746843
2025-06-03 23:00:00,observed,523.688924,523.688924,523.688924,523.688924
2025-06-04 00:00:00,observed,462.408564,462.408564,462.408564,462.408564
2025-06-04 01:00:00,observed,441.981118,441.981118,441.981118,441.981118
2025-06-04 02:00:00,observed,407.577553,407.577553,407.577553,407.577553
2025-06-04 03:00:00,observed,391.240644,391.240644,391.240644,391.240644
2025-06-04 04:00:00,observed,371.732382,371.732382,371.732382,371.732382
2025-06-04 05:00:00,observed,373.613131,373.613131,373.613131,373.613131
2025-06-04 06:00:00,observed,389.535913,389.535913,389.535913,389.535913
2025-06-04 07:00:00,observed,383.450381,383.450381,383.450381,383.450381
2025-06-04 08:00:00,observed,387.872033,387.872033,387.872033,387.872033
2025-06-04 09:00:00,observed,475.80777,475.80777,475.80777,475.80777
2025-06-04 10:00:00,observed,497.818594,497.818594,497.818594,497.818594
2025-06-04 11:00:00,observed,518.34472,518.34472,518.34472,518.34472
2025-06-04 12:00:00,observed,494.223805,494.223805,494.223805,494.223805
2025-06-04 13:00:00,observed,474.321157,474.321157,474.321157,474.321157
2025-06-04 14:00:00,observed,506.180602,506.180602,506.180602,506.180602
2025-06-04 15:00:00,observed,548.718145,548.718145,548.718145,548.718145
2025-06-04 16:00:00,observed,587.194323,587.194323,587.194323,587.194323
2025-06-04 17:00:00,observed,646.552017,646.552017,646.552017,646.552017
2025-06-04 18:00:00,observed,656.184322,656.184322,656.184322,656.184322
2025-06-04 19:00:00,observed,685.204814,685.204814,685.204814,685.204814
2025-06-04 20:00:00,observed,707.307545,707.307545,707.307545,707.307545
2025-06-04 21:00:00,observed,703.912128,703.912128,703.912128,703.912128
2025-06-04 22:00:00,observed,663.324912,663.324912,663.324912,663.324912
2025-06-04 23:00:00,observed,605.285643,605.285643,605.285643,605.285643
2025-06-05 00:00:00,observed,536.133911,536.133911,536.133911,536.133911
2025-06-05 01:00:00,observed,507.146007,507.146007,507.146007,507.146007
2025-06-05 02:00:00,observed,467.631553,467.631553,467.631553,467.631553
2025-06-05 03:00:00,observed,447.235686,447.235686,447.235686,447.235686
2025-06-05 04:00:00,observed,422.633382,422.633382,422.633382,422.633382
2025-06-05 05:00:00,observed,416.493762,416.493762,416.493762,416.493762
2025-06-05 06:00:00,observed,428.297614,428.297614,428.297614,428.297614
2025-06-05 07:00:00,observed,424.737831,424.737831,424.737831,424.737831
2025-06-05 08:00:00,observed,456.024166,456.024166,456.024166,456.024166
2025-06-05 09:00:00,observed,541.509172,541.509172,541.509172,541.509172
2025-06-05 10:00:00,observed,567.235648,567.235648,567.235648,567.235648
2025-06-05 11:00:00,observed,603.050278,603.050278,603.050278,603.050278
2025-06-05 12:00:00,observed,621.998623,621.998623,621.998623,621.998623
2025-06-05 13:00:00,observed,617.413633,617.413633,617.413633,617.413633
2025-06-05 14:00:00,observed,614.147353,614.147353,614.147353,614.147353
2025-06-05 15:00:00,observed,629.692674,629.692674,629.692674,629.692674
2025-06-05 16:00:00,observed,652.688211,652.688211,652.688211,652.688211
2025-06-05 17:00:00,observed,734.775188,734.775188,734.775188,734.775188
2025-06-05 18:00:00,observed,732.777932,732.777932,732.777932,732.777932
2025-06-05 19:00:00,observed,746.627573,746.627573,746.627573,746.627573
2025-06-05 20:00:00,observed,771.402062,771.402062,771.402062,771.402062
2025-06-05 21:00:00,observed,783.374158,783.374158,783.374158,783.374158
2025-06-05 22:00:00,observed,743.735289,743.735289,743.735289,743.735289
2025-06-05 23:00:00,observed,685.436042,685.436042,685.436042,685.436042
2025-06-06 00:00:00,observed,611.801196,611.801196,611.801196,611.801196
2025-06-06 01:00:00,observed,574.997458,574.997458,574.997458,574.997458
2025-06-06 02:00:00,observed,532.528253,532.528253,532.528253,532.528253
2025-06-06 03:00:00,observed,507.120437,507.120437,507.120437,507.120437
2025-06-06 04:00:00,observed,472.766594,472.766594,472.766594,472.766594
2025-06-06 05:00:00,observed,466.704041,466.704041,466.704041,466.704041
2025-06-06 06:00:00,observed,476.27925,476.27925,476.27925,476.27925
2025-06-06 07:00:00,observed,482.318137,482.318137,482.318137,482.318137
2025-06-06 08:00:00,observed,548.32857,548.32857,548.32857,548.32857
2025-06-06 09:00:00,observed,669.97862,669.97862,669.97862,669.97862
2025-06-06 10:00:00,observed,684.600015,684.600015,684.600015,684.600015
2025-06-06 11:00:00,observed,760.250811,760.250811,760.250811,760.250811
2025-06-06 12:00:00,observed,776.655442,776.655442,776.655442,776.655442
2025-06-06 13:00:00,observed,716.311817,716.311817,716.311817,716.311817
2025-06-06 14:00:00,observed,741.29051,741.29051,741.29051,741.29051
2025-06-06 15:00:00,observed,757.255569,757.255569,757.255569,757.255569
2025-06-06 16:00:00,observed,771.035809,771.035809,771.035809,771.035809
2025-06-06 17:00:00,observed,798.109873,798.109873,798.109873,798.109873
2025-06-06 18:00:00,observed,816.931584,816.931584,816.931584,816.931584
2025-06-06 19:00:00,observed,850.029489,850.029489,850.029489,850.029489
2025-06-06 20:00:00,observed,868.202333,868.202333,868.202333,868.202333
2025-06-06 21:00:00,observed,859.374667,859.374667,859.374667,859.374667
2025-06-06 22:00:00,observed,817.483362,817.483362,817.483362,817.483362
2025-06-06 23:00:00,observed,751.809568,751.809568,751.809568,751.809568
2025-06-07 00:00:00,observed,668.878401,668.878401,668.878401,668.878401
2025-06-07 01:00:00,observed,626.74498,626.74498,626.74498,626.74498
2025-06-07 02:00:00,observed,580.595476,580.595476,580.595476,580.595476
2025-06-07 03:00:00,observed,550.419939,550.419939,550.419939,550.419939
2025-06-07 04:00:00,observed,518.490932,518.490932,518.490932,518.490932
2025-06-07 05:00:00,observed,504.825199,504.825199,504.825199,504.825199
2025-06-07 06:00:00,observed,497.666211,497.666211,497.666211,497.666211
2025-06-07 07:00:00,observed,504.68534,504.68534,504.68534,504.68534
2025-06-07 08:00:00,observed,545.300841,545.300841,545.300841,545.300841
2025-06-07 09:00:00,observed,623.399941,623.399941,623.399941,623.399941
2025-06-07 10:00:00,observed,674.257598,674.257598,674.257598,674.257598
2025-06-07 11:00:00,observed,787.528254,787.528254,787.528254,787.528254
2025-06-07 12:00:00,observed,796.649762,796.649762,796.649762,796.649762
2025-06-07 13:00:00,observed,809.316149,809.316149,809.316149,809.316149
2025-06-07 14:00:00,observed,817.998873,817.998873,817.998873,817.998873
2025-06-07 15:00:00,observed,763.001661,763.001661,763.001661,763.001661
2025-06-07 16:00:00,observed,778.772826,778.772826,778.772826,778.772826
2025-06-07 17:00:00,observed,791.260271,791.260271,791.260271,791.260271
2025-06-07 18:00:00,observed,808.401952,808.401952,808.401952,808.401952
2025-06-07 19:00:00,observed,816.711467,816.711467,816.711467,816.711467
2025-06-07 20:00:00,observed,844.396879,844.396879,844.396879,844.396879
2025-06-07 21:00:00,observed,852.839789,852.839789,852.839789,852.839789
2025-06-07 22:00:00,observed,822.195477,822.195477,822.195477,822.195477
2025-06-07 23:00:00,observed,758.399753,758.399753,758.399753,758.399753
2025-06-08 00:00:00,observed,671.116676,671.116676,671.116676,671.116676
2025-06-08 01:00:00,observed,619.82936,619.82936,619.82936,619.82936
2025-06-08 02:00:00,observed,570.016029,570.016029,570.016029,570.016029
2025-06-08 03:00:00,observed,539.276764,539.276764,539.276764,539.276764
2025-06-08 04:00:00,observed,512.729073,512.729073,512.729073,512.729073
2025-06-08 05:00:00,observed,490.256356,490.256356,490.256356,490.256356
2025-06-08 06:00:00,observed,492.80214,492.80214,492.80214,492.80214
2025-06-08 07:00:00,observed,485.596881,485.596881,485.596881,485.596881
2025-06-08 08:00:00,observed,484.834928,484.834928,484.834928,484.834928
2025-06-08 09:00:00,observed,571.005403,571.005403,571.005403,571.005403
2025-06-08 10:00:00,observed,633.116486,633.116486,633.116486,633.116486
2025-06-08 11:00:00,observed,703.14469,703.14469,703.14469,703.14469
2025-06-08 12:00:00,observed,715.802759,715.802759,715.802759,715.802759
2025-06-08 13:00:00,observed,720.677909,720.677909,720.677909,720.677909
2025-06-08 14:00:00,observed,756.096609,756.096609,756.096609,756.096609
2025-06-08 15:00:00,observed,769.512503,769.512503,769.512503,769.512503
2025-06-08 16:00:00,observed,778.626792,778.626792,778.626792,778.626792
2025-06-08 17:00:00,observed,821.640419,821.640419,821.640419,821.640419
2025-06-08 18:00:00,observed,846.321968,846.321968,846.321968,846.321968
2025-06-08 19:00:00,observed,863.637526,863.637526,863.637526,863.637526
2025-06-08 20:00:00,observed,875.465839,875.465839,875.465839,875.465839
2025-06-08 21:00:00,observed,883.103723,883.103723,883.103723,883.103723
2025-06-08 22:00:00,observed,844.107396,844.107396,844.107396,844.107396
2025-06-08 23:00:00,observed,767.85506,767.85506,767.85506,767.85506
2025-06-09 00:00:00,observed,680.459329,680.459329,680.459329,680.459329
2025-06-09 01:00:00,observed,638.197441,638.197441,638.197441,638.197441
2025-06-09 02:00:00,observed,590.085568,590.085568,590.085568,590.085568
2025-06-09 03:00:00,observed,555.781763,555.781763,555.781763,555.781763
2025-06-09 04:00:00,observed,527.578408,527.578408,527.578408,527.578408
2025-06-09 05:00:00,observed,511.766071,511.766071,511.766071,511.766071
2025-06-09 06:00:00,observed,512.904754,512.904754,512.904754,512.904754
2025-06-09 07:00:00,observed,522.024961,522.024961,522.024961,522.024961
2025-06-09 08:00:00,observed,544.611675,544.611675,544.611675,544.611675
2025-06-09 09:00:00,observed,692.969505,692.969505,692.969505,692.969505
2025-06-09 10:00:00,observed,729.842009,729.842009,729.842009,729.842009
2025-06-09 11:00:00,observed,762.687527,762.687527,762.687527,762.687527
2025-06-09 12:00:00,observed,769.727349,769.727349,769.727349,769.727349
2025-06-09 13:00:00,observed,845.630097,845.630097,845.630097,845.630097
2025-06-09 14:00:00,observed,778.482558,778.482558,778.482558,778.482558
2025-06-09 15:00:00,observed,813.983029,813.983029,813.983029,813.983029
2025-06-09 16:00:00,observed,861.877657,861.877657,861.877657,861.877657
2025-06-09 17:00:00,observed,915.557617,915.557617,915.557617,915.557617
2025-06-09 18:00:00,observed,910.121881,910.121881,910.121881,910.121881
2025-06-09 19:00:00,observed,938.684852,938.684852,938.684852,938.684852
2025-06-09 20:00:00,observed,958.558715,958.558715,958.558715,958.558715
2025-06-09 21:00:00,observed,971.504391,971.504391,971.504391,971.504391
2025-06-09 22:00:00,observed,928.918547,928.918547,928.918547,928.918547
2025-06-09 23:00:00,observed,843.158328,843.158328,843.158328,843.158328
2025-06-10 00:00:00,observed,741.588068,741.588068,741.588068,741.588068
2025-06-10 01:00:00,observed,691.560787,691.560787,691.560787,691.560787
2025-06-10 02:00:00,observed,638.250773,638.250773,638.250773,638.250773
2025-06-10 03:00:00,observed,600.373686,600.373686,600.373686,600.373686
2025-06-10 04:00:00,observed,557.509909,557.509909,557.509909,557.509909
2025-06-10 05:00:00,observed,531.604385,531.604385,531.604385,531.604385
2025-06-10 06:00:00,observed,529.037714,529.037714,529.037714,529.037714
2025-06-10 07:00:00,observed,513.531457,513.531457,513.531457,513.531457
2025-06-10 08:00:00,observed,538.009052,538.009052,538.009052,538.009052
2025-06-10 09:00:00,observed,690.604591,690.604591,690.604591,690.604591
2025-06-10 10:00:00,observed,690.98754,690.98754,690.98754,690.98754
2025-06-10 11:00:00,observed,740.899476,740.899476,740.899476,740.899476
2025-06-10 12:00:00,observed,697.415787,697.415787,697.415787,697.415787
2025-06-10 13:00:00,observed,708.287353,708.287353,708.287353,708.287353
2025-06-10 14:00:00,observed,708.383554,708.383554,708.383554,708.383554
2025-06-10 15:00:00,observed,731.428642,731.428642,731.428642,731.428642
2025-06-10 16:00:00,observed,759.969311,759.969311,759.969311,759.969311
2025-06-10 17:00:00,observed,781.241446,781.241446,781.241446,781.241446
2025-06-10 18:00:00,observed,811.227631,811.227631,811.227631,811.227631
2025-06-10 19:00:00,observed,847.954635,847.954635,847.954635,847.954635
2025-06-10 20:00:00,observed,873.294757,873.294757,873.294757,873.294757
2025-06-10 21:00:00,observed,884.027754,884.027754,884.027754,884.027754
2025-06-10 22:00:00,observed,836.074217,836.074217,836.074217,836.074217
2025-06-10 23:00:00,observed,759.837089,759.837089,759.837089,759.837089
2025-06-11 00:00:00,observed,667.331511,667.331511,667.331511,667.331511
2025-06-11 01:00:00,observed,629.098146,629.098146,629.098146,629.098146
2025-06-11 02:00:00,observed,577.697282,577.697282,577.697282,577.697282
2025-06-11 03:00:00,observed,546.151361,546.151361,546.151361,546.151361
2025-06-11 04:00:00,observed,518.618246,518.618246,518.618246,518.618246
2025-06-11 05:00:00,observed,504.294865,504.294865,504.294865,504.294865
2025-06-11 06:00:00,observed,506.264951,506.264951,506.264951,506.264951
2025-06-11 07:00:00,observed,504.480609,504.480609,504.480609,504.480609
2025-06-11 08:00:00,observed,516.174943,516.174943,516.174943,516.174943
2025-06-11 09:00:00,observed,618.795213,618.795213,618.795213,618.795213
2025-06-11 10:00:00,observed,641.557131,641.557131,641.557131,641.557131
2025-06-11 11:00:00,observed,666.584507,666.584507,666.584507,666.584507
2025-06-11 12:00:00,observed,662.630671,662.630671,662.630671,662.630671
2025-06-11 13:00:00,observed,653.776046,653.776046,653.776046,653.776046
2025-06-11 14:00:00,observed,671.056784,671.056784,671.056784,671.056784
2025-06-11 15:00:00,observed,687.944801,687.944801,687.944801,687.944801
2025-06-11 16:00:00,observed,731.957249,731.957249,731.957249,731.957249
2025-06-11 17:00:00,observed,779.763895,779.763895,779.763895,779.763895
2025-06-11 18:00:00,observed,786.773739,786.773739,786.773739,786.773739
2025-06-11 19:00:00,observed,811.914452,811.914452,811.914452,811.914452
2025-06-11 20:00:00,observed,827.017777,827.017777,827.017777,827.017777
2025-06-11 21:00:00,observed,811.194188,811.194188,811.194188,811.194188
2025-06-11 22:00:00,observed,767.032365,767.032365,767.032365,767.032365
2025-06-11 23:00:00,observed,702.775271,702.775271,702.775271,702.775271
2025-06-12 00:00:00,observed,621.714215,621.714215,621.714215,621.714215
2025-06-12 01:00:00,observed,586.828118,586.828118,586.828118,586.828118
2025-06-12 02:00:00,observed,540.249395,540.249395,540.249395,540.249395
2025-06-12 03:00:00,observed,508.796686,508.796686,508.796686,508.796686
2025-06-12 04:00:00,observed,482.006015,482.006015,482.006015,482.006015
2025-06-12 05:00:00,observed,465.173871,465.173871,465.173871,465.173871
2025-06-12 06:00:00,observed,467.767731,467.767731,467.767731,467.767731
2025-06-12 07:00:00,observed,456.25612,456.25612,456.25612,456.25612
2025-06-12 08:00:00,observed,458.726629,458.726629,458.726629,458.726629
2025-06-12 09:00:00,observed,555.366276,555.366276,555.366276,555.366276
2025-06-12 10:00:00,observed,592.516429,592.516429,592.516429,592.516429
2025-06-12 11:00:00,observed,621.560831,621.560831,621.560831,621.560831
2025-06-12 12:00:00,observed,607.120088,607.120088,607.120088,607.120088
2025-06-12 13:00:00,observed,604.082379,604.082379,604.082379,604.082379
2025-06-12 14:00:00,observed,625.728777,625.728777,625.728777,625.728777
2025-06-12 15:00:00,observed,638.037307,638.037307,638.037307,638.037307
2025-06-12 16:00:00,observed,676.709218,676.709218,676.709218,676.709218
2025-06-12 17:00:00,observed,719.92172,719.92172,719.92172,719.92172
2025-06-12 18:00:00,observed,743.086245,743.086245,743.086245,743.086245
2025-06-12 19:00:00,observed,746.644237,746.644237,746.644237,746.644237
2025-06-12 20:00:00,observed,753.451533,753.451533,753.451533,753.451533
2025-06-12 21:00:00,observed,748.601031,748.601031,748.601031,748.601031
2025-06-12 22:00:00,observed,704.347108,704.347108,704.347108,704.347108
2025-06-12 23:00:00,observed,653.379464,653.379464,653.379464,653.379464
2025-06-13 00:00:00,observed,585.363078,585.363078,585.363078,585.363078
2025-06-13 01:00:00,observed,554.872622,554.872622,554.872622,554.872622
2025-06-13 02:00:00,observed,522.978282,522.978282,522.978282,522.978282
2025-06-13 03:00:00,observed,492.246887,492.246887,492.246887,492.246887
2025-06-13 04:00:00,observed,467.368418,467.368418,467.368418,467.368418
2025-06-13 05:00:00,observed,458.058932,458.058932,458.058932,458.058932
2025-06-13 06:00:00,observed,482.875704,482.875704,482.875704,482.875704
2025-06-13 07:00:00,observed,499.686859,499.686859,499.686859,499.686859
2025-06-13 08:00:00,observed,542.029999,542.029999,542.029999,542.029999
2025-06-13 09:00:00,observed,639.025651,639.025651,639.025651,639.025651
2025-06-13 10:00:00,observed,635.124976,635.124976,635.124976,635.124976
2025-06-13 11:00:00,observed,621.671397,621.671397,621.671397,621.671397
2025-06-13 12:00:00,observed,639.484709,639.484709,639.484709,639.484709
2025-06-13 13:00:00,observed,643.943293,643.943293,643.943293,643.943293
2025-06-13 14:00:00,observed,680.047891,680.047891,680.047891,680.047891
2025-06-13 15:00:00,observed,707.574129,707.574129,707.574129,707.574129
2025-06-13 16:00:00,observed,755.808232,755.808232,755.808232,755.808232
2025-06-13 17:00:00,observed,805.753041,805.753041,805.753041,805.753041
2025-06-13 18:00:00,observed,824.772551,824.772551,824.772551,824.772551
2025-06-13 19:00:00,observed,853.295418,853.295418,853.295418,853.295418
2025-06-13 20:00:00,observed,877.749748,877.749748,877.749748,877.749748
2025-06-13 21:00:00,observed,887.42046,887.42046,887.42046,887.42046
2025-06-13 22:00:00,observed,852.549253,852.549253,852.549253,852.549253
2025-06-13 23:00:00,observed,782.550503,782.550503,782.550503,782.550503
2025-06-14 00:00:00,observed,694.205806,694.205806,694.205806,694.205806
2025-06-14 01:00:00,observed,643.847188,643.847188,643.847188,643.847188
2025-06-14 02:00:00,observed,595.749996,595.749996,595.749996,595.749996
2025-06-14 03:00:00,observed,556.088931,556.088931,556.088931,556.088931
2025-06-14 04:00:00,observed,527.720639,527.720639,527.720639,527.720639
2025-06-14 05:00:00,observed,508.402259,508.402259,508.402259,508.402259
2025-06-14 06:00:00,observed,514.544558,514.544558,514.544558,514.544558
2025-06-14 07:00:00,observed,506.499919,506.499919,506.499919,506.499919
2025-06-14 08:00:00,observed,543.2942,543.2942,543.2942,543.2942
2025-06-14 09:00:00,observed,610.946773,610.946773,610.946773,610.946773
2025-06-14 10:00:00,observed,668.242506,668.242506,668.242506,668.242506
2025-06-14 11:00:00,observed,697.984952,697.984952,697.984952,697.984952
2025-06-14 12:00:00,observed,743.897633,743.897633,743.897633,743.897633
2025-06-14 13:00:00,observed,782.235952,782.235952,782.235952,782.235952
2025-06-14 14:00:00,observed,814.215798,814.215798,814.215798,814.215798
2025-06-14 15:00:00,observed,829.842792,829.842792,829.842792,829.842792
2025-06-14 16:00:00,observed,863.021415,863.021415,863.021415,863.021415
2025-06-14 17:00:00,observed,910.459813,910.459813,910.459813,910.459813
2025-06-14 18:00:00,observed,922.162945,922.162945,922.162945,922.162945
2025-06-14 19:00:00,observed,909.158579,909.158579,909.158579,909.158579
2025-06-14 20:00:00,observed,901.945373,901.945373,901.945373,901.945373
2025-06-14 21:00:00,observed,902.968137,902.968137,902.968137,902.968137
2025-06-14 22:00:00,observed,865.850024,865.850024,865.850024,865.850024
2025-06-14 23:00:00,observed,787.457841,787.457841,787.457841,787.457841
2025-06-15 00:00:00,observed,684.40403,684.40403,684.40403,684.40403
2025-06-15 01:00:00,observed,646.941292,646.941292,646.941292,646.941292
2025-06-15 02:00:00,observed,594.58423,594.58423,594.58423,594.58423
2025-06-15 03:00:00,observed,558.918795,558.918795,558.918795,558.918795
2025-06-15 04:00:00,observed,522.521484,522.521484,522.521484,522.521484
2025-06-15 05:00:00,observed,510.01957,510.01957,510.01957,510.01957
2025-06-15 06:00:00,observed,506.534976,506.534976,506.534976,506.534976
2025-06-15 07:00:00,observed,481.190481,481.190481,481.190481,481.190481
2025-06-15 08:00:00,observed,504.080457,504.080457,504.080457,504.080457
2025-06-15 09:00:00,observed,577.956488,577.956488,577.956488,577.956488
2025-06-15 10:00:00,observed,573.368235,573.368235,573.368235,573.368235
2025-06-15 11:00:00,observed,677.432439,677.432439,677.432439,677.432439
2025-06-15 12:00:00,observed,696.784189,696.784189,696.784189,696.784189
2025-06-15 13:00:00,observed,654.415638,654.415638,654.415638,654.415638
2025-06-15 14:00:00,observed,700.401103,700.401103,700.401103,700.401103
2025-06-15 15:00:00,observed,695.917936,695.917936,695.917936,695.917936
2025-06-15 16:00:00,observed,688.955446,688.955446,688.955446,688.955446
2025-06-15 17:00:00,observed,737.841659,737.841659,737.841659,737.841659
2025-06-15 18:00:00,observed,770.171423,770.171423,770.171423,770.171423
2025-06-15 19:00:00,observed,790.023282,790.023282,790.023282,790.023282
2025-06-15 20:00:00,observed,817.555048,817.555048,817.555048,817.555048
2025-06-15 21:00:00,observed,826.369672,826.369672,826.369672,826.369672
2025-06-15 22:00:00,observed,799.08968,799.08968,799.08968,799.08968
2025-06-15 23:00:00,observed,730.161475,730.161475,730.161475,730.161475
2025-06-16 00:00:00,observed,640.666499,640.666499,640.666499,640.666499
2025-06-16 01:00:00,observed,595.651124,595.651124,595.651124,595.651124
2025-06-16 02:00:00,observed,546.049744,546.049744,546.049744,546.049744
2025-06-16 03:00:00,observed,508.086435,508.086435,508.086435,508.086435
2025-06-16 04:00:00,observed,478.612664,478.612664,478.612664,478.612664
2025-06-16 05:00:00,observed,467.044254,467.044254,467.044254,467.044254
2025-06-16 06:00:00,observed,473.192691,473.192691,473.192691,473.192691
2025-06-16 07:00:00,observed,463.426548,463.426548,463.426548,463.426548
2025-06-16 08:00:00,observed,482.844033,482.844033,482.844033,482.844033
2025-06-16 09:00:00,observed,608.109169,608.109169,608.109169,608.109169
2025-06-16 10:00:00,observed,625.893685,625.893685,625.893685,625.893685
2025-06-16 11:00:00,observed,652.080299,652.080299,652.080299,652.080299
2025-06-16 12:00:00,observed,653.984907,653.984907,653.984907,653.984907
2025-06-16 13:00:00,observed,647.273249,647.273249,647.273249,647.273249
2025-06-16 14:00:00,observed,659.923143,659.923143,659.923143,659.923143
2025-06-16 15:00:00,observed,676.511109,676.511109,676.511109,676.511109
2025-06-16 16:00:00,observed,717.957468,717.957468,717.957468,717.957468
2025-06-16 17:00:00,observed,780.325138,780.325138,780.325138,780.325138
2025-06-16 18:00:00,observed,799.767337,799.767337,799.767337,799.767337
2025-06-16 19:00:00,observed,828.793796,828.793796,828.793796,828.793796
2025-06-16 20:00:00,observed,847.391244,847.391244,847.391244,847.391244
2025-06-16 21:00:00,observed,852.037233,852.037233,852.037233,852.037233
2025-06-16 22:00:00,observed,819.469757,819.469757,819.469757,819.469757
2025-06-16 23:00:00,observed,745.126501,745.126501,745.126501,745.126501
2025-06-17 00:00:00,observed,661.472069,661.472069,661.472069,661.472069
2025-06-17 01:00:00,observed,621.205255,621.205255,621.205255,621.205255
2025-06-17 02:00:00,observed,575.626755,575.626755,575.626755,575.626755
2025-06-17 03:00:00,observed,539.24481,539.24481,539.24481,539.24481
2025-06-17 04:00:00,observed,505.415382,505.415382,505.415382,505.415382
2025-06-17 05:00:00,observed,492.030653,492.030653,492.030653,492.030653
2025-06-17 06:00:00,observed,493.387413,493.387413,493.387413,493.387413
2025-06-17 07:00:00,observed,499.636881,499.636881,499.636881,499.636881
2025-06-17 08:00:00,observed,519.537166,519.537166,519.537166,519.537166
2025-06-17 09:00:00,observed,647.851867,647.851867,647.851867,647.851867
2025-06-17 10:00:00,observed,703.037759,703.037759,703.037759,703.037759
2025-06-17 11:00:00,observed,744.251185,744.251185,744.251185,744.251185
2025-06-17 12:00:00,observed,754.778564,754.778564,754.778564,754.778564
2025-06-17 13:00:00,observed,769.040589,769.040589,769.040589,769.040589
2025-06-17 14:00:00,observed,798.132044,798.132044,798.132044,798.132044
2025-06-17 15:00:00,observed,847.198035,847.198035,847.198035,847.198035
2025-06-17 16:00:00,observed,891.067629,891.067629,891.067629,891.067629
2025-06-17 17:00:00,observed,925.462417,925.462417,925.462417,925.462417
2025-06-17 18:00:00,observed,896.174397,896.174397,896.174397,896.174397
2025-06-17 19:00:00,observed,939.98471,939.98471,939.98471,939.98471
2025-06-17 20:00:00,observed,963.33315,963.33315,963.33315,963.33315
2025-06-17 21:00:00,observed,989.418012,989.418012,989.418012,989.418012
2025-06-17 22:00:00,observed,958.323439,958.323439,958.323439,958.323439
2025-06-17 23:00:00,observed,877.448902,877.448902,877.448902,877.448902
2025-06-18 00:00:00,observed,788.091038,788.091038,788.091038,788.091038
2025-06-18 01:00:00,observed,738.715644,738.715644,738.715644,738.715644
2025-06-18 02:00:00,observed,690.084004,690.084004,690.084004,690.084004
2025-06-18 03:00:00,observed,642.98932,642.98932,642.98932,642.98932
2025-06-18 04:00:00,observed,603.20718,603.20718,603.20718,603.20718
2025-06-18 05:00:00,observed,578.117497,578.117497,578.117497,578.117497
2025-06-18 06:00:00,observed,572.29248,572.29248,572.29248,572.29248
2025-06-18 07:00:00,observed,587.675209,587.675209,587.675209,587.675209
2025-06-18 08:00:00,observed,589.860816,589.860816,589.860816,589.860816
2025-06-18 09:00:00,observed,792.743292,792.743292,792.743292,792.743292
2025-06-18 10:00:00,observed,868.565124,868.565124,868.565124,868.565124
2025-06-18 11:00:00,observed,894.304001,894.304001,894.304001,894.304001
2025-06-18 12:00:00,observed,923.49402,923.49402,923.49402,923.49402
2025-06-18 13:00:00,observed,963.223728,963.223728,963.223728,963.223728
2025-06-18 14:00:00,observed,954.59326,954.59326,954.59326,954.59326
2025-06-18 15:00:00,observed,985.051719,985.051719,985.051719,985.051719
2025-06-18 16:00:00,observed,1011.18344,1011.18344,1011.18344,1011.18344
2025-06-18 17:00:00,observed,1038.876301,1038.876301,1038.876301,1038.876301
2025-06-18 18:00:00,observed,1030.564924,1030.564924,1030.564924,1030.564924
2025-06-18 19:00:00,observed,1066.026336,1066.026336,1066.026336,1066.026336
2025-06-18 20:00:00,observed,1089.336901,1089.336901,1089.336901,1089.336901
2025-06-18 21:00:00,observed,1083.403465,1083.403465,1083.403465,1083.403465
2025-06-18 22:00:00,observed,1023.017533,1023.017533,1023.017533,1023.017533
2025-06-18 23:00:00,observed,927.233292,927.233292,927.233292,927.233292
2025-06-19 00:00:00,observed,829.330559,829.330559,829.330559,829.330559
2025-06-19 01:00:00,observed,775.732877,775.732877,775.732877,775.732877
2025-06-19 02:00:00,observed,726.955655,726.955655,726.955655,726.955655
2025-06-19 03:00:00,observed,682.694041,682.694041,682.694041,682.694041
2025-06-19 04:00:00,observed,641.100128,641.100128,641.100128,641.100128
2025-06-19 05:00:00,observed,613.736973,613.736973,613.736973,613.736973
2025-06-19 06:00:00,observed,604.896283,604.896283,604.896283,604.896283
2025-06-19 07:00:00,observed,626.215946,626.215946,626.215946,626.215946
2025-06-19 08:00:00,observed,658.610183,658.610183,658.610183,658.610183
2025-06-19 09:00:00,observed,829.090344,829.090344,829.090344,829.090344
2025-06-19 10:00:00,observed,873.030032,873.030032,873.030032,873.030032
2025-06-19 11:00:00,observed,922.433891,922.433891,922.433891,922.433891
2025-06-19 12:00:00,observed,969.61925,969.61925,969.61925,969.61925
2025-06-19 13:00:00,observed,897.011915,897.011915,897.011915,897.011915
2025-06-19 14:00:00,observed,860.893367,860.893367,860.893367,860.893367
2025-06-19 15:00:00,observed,830.777336,830.777336,830.777336,830.777336
2025-06-19 16:00:00,observed,820.923782,820.923782,820.923782,820.923782
2025-06-19 17:00:00,observed,818.307943,818.307943,818.307943,818.307943
2025-06-19 18:00:00,observed,837.400865,837.400865,837.400865,837.400865
2025-06-19 19:00:00,observed,842.907741,842.907741,842.907741,842.907741
2025-06-19 20:00:00,observed,847.686178,847.686178,847.686178,847.686178
2025-06-19 21:00:00,observed,818.35955,818.35955,818.35955,818.35955
2025-06-19 22:00:00,observed,752.183847,752.183847,752.183847,752.183847
2025-06-19 23:00:00,observed,692.501399,692.501399,692.501399,692.501399
2025-06-20 00:00:00,observed,625.336801,625.336801,625.336801,625.336801
2025-06-20 01:00:00,observed,590.261177,590.261177,590.261177,590.261177
2025-06-20 02:00:00,observed,554.820194,554.820194,554.820194,554.820194
2025-06-20 03:00:00,observed,525.34658,525.34658,525.34658,525.34658
2025-06-20 04:00:00,observed,498.85015,498.85015,498.85015,498.85015
2025-06-20 05:00:00,observed,484.304517,484.304517,484.304517,484.304517
2025-06-20 06:00:00,observed,508.365822,508.365822,508.365822,508.365822
2025-06-20 07:00:00,observed,547.404272,547.404272,547.404272,547.404272
2025-06-20 08:00:00,observed,582.149558,582.149558,582.149558,582.149558
2025-06-20 09:00:00,observed,727.018999,727.018999,727.018999,727.018999
2025-06-20 10:00:00,observed,771.720851,771.720851,771.720851,771.720851
2025-06-20 11:00:00,observed,763.998473,763.998473,763.998473,763.998473
2025-06-20 12:00:00,observed,789.433168,789.433168,789.433168,789.433168
2025-06-20 13:00:00,observed,746.005487,746.005487,746.005487,746.005487
2025-06-20 14:00:00,observed,784.30091,784.30091,784.30091,784.30091
2025-06-20 15:00:00,observed,759.045539,759.045539,759.045539,759.045539
2025-06-20 16:00:00,observed,782.575677,782.575677,782.575677,782.575677
2025-06-20 17:00:00,observed,801.963388,801.963388,801.963388,801.963388
2025-06-20 18:00:00,observed,826.629621,826.629621,826.629621,826.629621
2025-06-20 19:00:00,observed,827.059881,827.059881,827.059881,827.059881
2025-06-20 20:00:00,observed,845.322151,845.322151,845.322151,845.322151
2025-06-20 21:00:00,observed,846.390588,846.390588,846.390588,846.390588
2025-06-20 22:00:00,observed,814.043344,814.043344,814.043344,814.043344
2025-06-20 23:00:00,observed,753.908291,753.908291,753.908291,753.908291
2025-06-21 00:00:00,observed,669.832536,669.832536,669.832536,669.832536
2025-06-21 01:00:00,observed,625.116518,625.116518,625.116518,625.116518
2025-06-21 02:00:00,observed,581.363356,581.363356,581.363356,581.363356
2025-06-21 03:00:00,observed,539.6729,539.6729,539.6729,539.6729
2025-06-21 04:00:00,observed,508.143487,508.143487,508.143487,508.143487
2025-06-21 05:00:00,observed,488.648264,488.648264,488.648264,488.648264
2025-06-21 06:00:00,observed,500.413937,500.413937,500.413937,500.413937
2025-06-21 07:00:00,observed,488.598693,488.598693,488.598693,488.598693
2025-06-21 08:00:00,observed,539.692006,539.692006,539.692006,539.692006
2025-06-21 09:00:00,observed,616.968966,616.968966,616.968966,616.968966
2025-06-21 10:00:00,observed,666.647407,666.647407,666.647407,666.647407
2025-06-21 11:00:00,observed,712.829689,712.829689,712.829689,712.829689
2025-06-21 12:00:00,observed,685.130122,685.130122,685.130122,685.130122
2025-06-21 13:00:00,observed,680.311475,680.311475,680.311475,680.311475
2025-06-21 14:00:00,observed,662.451421,662.451421,662.451421,662.451421
2025-06-21 15:00:00,observed,608.165365,608.165365,608.165365,608.165365
2025-06-21 16:00:00,observed,664.594161,664.594161,664.594161,664.594161
2025-06-21 17:00:00,observed,713.021533,713.021533,713.021533,713.021533
2025-06-21 18:00:00,observed,726.307098,726.307098,726.307098,726.307098
2025-06-21 19:00:00,observed,747.276468,747.276468,747.276468,747.276468
2025-06-21 20:00:00,observed,767.194227,767.194227,767.194227,767.194227
2025-06-21 21:00:00,observed,768.967864,768.967864,768.967864,768.967864
2025-06-21 22:00:00,observed,741.294489,741.294489,741.294489,741.294489
2025-06-21 23:00:00,observed,680.999416,680.999416,680.999416,680.999416
2025-06-22 00:00:00,observed,604.297679,604.297679,604.297679,604.297679
2025-06-22 01:00:00,observed,565.156007,565.156007,565.156007,565.156007
2025-06-22 02:00:00,observed,525.844528,525.844528,525.844528,525.844528
2025-06-22 03:00:00,observed,494.074152,494.074152,494.074152,494.074152
2025-06-22 04:00:00,observed,461.228838,461.228838,461.228838,461.228838
2025-06-22 05:00:00,observed,448.503505,448.503505,448.503505,448.503505
2025-06-22 06:00:00,observed,439.343593,439.343593,439.343593,439.343593
2025-06-22 07:00:00,observed,420.886438,420.886438,420.886438,420.886438
2025-06-22 08:00:00,observed,436.719103,436.719103,436.719103,436.719103
2025-06-22 09:00:00,observed,475.905679,475.905679,475.905679,475.905679
2025-06-22 10:00:00,observed,529.32418,529.32418,529.32418,529.32418
2025-06-22 11:00:00,observed,564.447559,564.447559,564.447559,564.447559
2025-06-22 12:00:00,observed,574.5992,574.5992,574.5992,574.5992
2025-06-22 13:00:00,observed,572.721783,572.721783,572.721783,572.721783
2025-06-22 14:00:00,observed,582.62024,582.62024,582.62024,582.62024
2025-06-22 15:00:00,observed,617.797948,617.797948,617.797948,617.797948
2025-06-22 16:00:00,observed,641.838925,641.838925,641.838925,641.838925
2025-06-22 17:00:00,observed,691.224025,691.224025,691.224025,691.224025
2025-06-22 18:00:00,observed,735.937727,735.937727,735.937727,735.937727
2025-06-22 19:00:00,observed,763.543503,763.543503,763.543503,763.543503
2025-06-22 20:00:00,observed,789.968722,789.968722,789.968722,789.968722
2025-06-22 21:00:00,observed,793.950419,793.950419,793.950419,793.950419
2025-06-22 22:00:00,observed,757.410686,757.410686,757.410686,757.410686
2025-06-22 23:00:00,observed,678.705805,678.705805,678.705805,678.705805
2025-06-23 00:00:00,observed,600.290482,600.290482,600.290482,600.290482
2025-06-23 01:00:00,observed,561.427192,561.427192,561.427192,561.427192
2025-06-23 02:00:00,observed,520.914572,520.914572,520.914572,520.914572
2025-06-23 03:00:00,observed,489.721694,489.721694,489.721694,489.721694
2025-06-23 04:00:00,observed,462.097619,462.097619,462.097619,462.097619
2025-06-23 05:00:00,observed,457.828541,457.828541,457.828541,457.828541
2025-06-23 06:00:00,observed,459.033952,459.033952,459.033952,459.033952
2025-06-23 07:00:00,observed,454.127032,454.127032,454.127032,454.127032
2025-06-23 08:00:00,observed,514.311612,514.311612,514.311612,514.311612
2025-06-23 09:00:00,observed,602.409849,602.409849,602.409849,602.409849
2025-06-23 10:00:00,observed,711.957693,711.957693,711.957693,711.957693
2025-06-23 11:00:00,observed,750.536814,750.536814,750.536814,750.536814
2025-06-23 12:00:00,observed,732.869484,732.869484,732.869484,732.869484
2025-06-23 13:00:00,observed,761.270217,761.270217,761.270217,761.270217
2025-06-23 14:00:00,observed,764.598386,764.598386,764.598386,764.598386
2025-06-23 15:00:00,observed,716.13652,716.13652,716.13652,716.13652
2025-06-23 16:00:00,observed,750.448727,750.448727,750.448727,750.448727
2025-06-23 17:00:00,observed,773.626381,773.626381,773.626381,773.626381
2025-06-23 18:00:00,observed,764.077687,764.077687,764.077687,764.077687
2025-06-23 19:00:00,observed,763.135739,763.135739,763.135739,763.135739
2025-06-23 20:00:00,observed,774.501492,774.501492,774.501492,774.501492
2025-06-23 21:00:00,observed,776.500511,776.500511,776.500511,776.500511
2025-06-23 22:00:00,observed,741.418862,741.418862,741.418862,741.418862
2025-06-23 23:00:00,observed,680.958631,680.958631,680.958631,680.958631
2025-06-24 00:00:00,observed,615.34523,615.34523,615.34523,615.34523
2025-06-24 01:00:00,observed,582.792871,582.792871,582.792871,582.792871
2025-06-24 02:00:00,observed,540.324421,540.324421,540.324421,540.324421
2025-06-24 03:00:00,observed,506.191777,506.191777,506.191777,506.191777
2025-06-24 04:00:00,observed,474.725273,474.725273,474.725273,474.725273
2025-06-24 05:00:00,observed,467.593392,467.593392,467.593392,467.593392
2025-06-24 06:00:00,observed,477.910474,477.910474,477.910474,477.910474
2025-06-24 07:00:00,observed,489.042904,489.042904,489.042904,489.042904
2025-06-24 08:00:00,observed,504.759289,504.759289,504.759289,504.759289
2025-06-24 09:00:00,observed,623.620252,623.620252,623.620252,623.620252
2025-06-24 10:00:00,observed,659.20918,659.20918,659.20918,659.20918
2025-06-24 11:00:00,observed,622.739837,622.739837,622.739837,622.739837
2025-06-24 12:00:00,observed,612.90958,612.90958,612.90958,612.90958
2025-06-24 13:00:00,observed,591.07113,591.07113,591.07113,591.07113
2025-06-24 14:00:00,observed,609.810557,609.810557,609.810557,609.810557
2025-06-24 15:00:00,observed,632.589927,632.589927,632.589927,632.589927
2025-06-24 16:00:00,observed,725.892981,725.892981,725.892981,725.892981
2025-06-24 17:00:00,observed,742.923126,742.923126,742.923126,742.923126
2025-06-24 18:00:00,observed,773.333985,773.333985,773.333985,773.333985
2025-06-24 19:00:00,observed,803.435615,803.435615,803.435615,803.435615
2025-06-24 20:00:00,observed,810.145513,810.145513,810.145513,810.145513
2025-06-24 21:00:00,observed,812.988952,812.988952,812.988952,812.988952
2025-06-24 22:00:00,observed,774.613441,774.613441,774.613441,774.613441
2025-06-24 23:00:00,observed,705.705082,705.705082,705.705082,705.705082
2025-06-25 00:00:00,observed,626.275256,626.275256,626.275256,626.275256
2025-06-25 01:00:00,observed,584.46518,584.46518,584.46518,584.46518
2025-06-25 02:00:00,observed,544.991272,544.991272,544.991272,544.991272
2025-06-25 03:00:00,observed,512.290263,512.290263,512.290263,512.290263
2025-06-25 04:00:00,observed,480.24119,480.24119,480.24119,480.24119
2025-06-25 05:00:00,observed,475.033775,475.033775,475.033775,475.033775
2025-06-25 06:00:00,observed,471.953076,471.953076,471.953076,471.953076
2025-06-25 07:00:00,observed,464.730696,464.730696,464.730696,464.730696
2025-06-25 08:00:00,observed,506.850653,506.850653,506.850653,506.850653
2025-06-25 09:00:00,observed,642.725775,642.725775,642.725775,642.725775
2025-06-25 10:00:00,observed,727.699504,727.699504,727.699504,727.699504
2025-06-25 11:00:00,observed,743.263998,743.263998,743.263998,743.263998
2025-06-25 12:00:00,observed,645.9035,645.9035,645.9035,645.9035
2025-06-25 13:00:00,observed,661.503233,661.503233,661.503233,661.503233
2025-06-25 14:00:00,observed,729.361916,729.361916,729.361916,729.361916
2025-06-25 15:00:00,observed,739.549465,739.549465,739.549465,739.549465
2025-06-25 16:00:00,observed,767.412299,767.412299,767.412299,767.412299
2025-06-25 17:00:00,observed,803.505061,803.505061,803.505061,803.505061
2025-06-25 18:00:00,observed,798.494192,798.494192,798.494192,798.494192
2025-06-25 19:00:00,observed,826.192086,826.192086,826.192086,826.192086
2025-06-25 20:00:00,observed,849.468562,849.468562,849.468562,849.468562
2025-06-25 21:00:00,observed,852.137392,852.137392,852.137392,852.137392
2025-06-25 22:00:00,observed,806.737547,806.737547,806.737547,806.737547
2025-06-25 23:00:00,observed,735.709972,735.709972,735.709972,735.709972
2025-06-26 00:00:00,observed,629.229459,629.229459,629.229459,629.229459
2025-06-26 01:00:00,observed,580.507537,580.507537,580.507537,580.507537
2025-06-26 02:00:00,observed,537.718192,537.718192,537.718192,537.718192
2025-06-26 03:00:00,observed,502.751153,502.751153,502.751153,502.751153
2025-06-26 04:00:00,observed,474.085451,474.085451,474.085451,474.085451
2025-06-26 05:00:00,observed,460.961903,460.961903,460.961903,460.961903
2025-06-26 06:00:00,observed,462.525559,462.525559,462.525559,462.525559
2025-06-26 07:00:00,observed,487.737559,487.737559,487.737559,487.737559
2025-06-26 08:00:00,observed,514.458791,514.458791,514.458791,514.458791
2025-06-26 09:00:00,observed,602.716074,602.716074,602.716074,602.716074
2025-06-26 10:00:00,observed,661.564775,661.564775,661.564775,661.564775
2025-06-26 11:00:00,observed,685.637464,685.637464,685.637464,685.637464
2025-06-26 12:00:00,observed,656.207451,656.207451,656.207451,656.207451
2025-06-26 13:00:00,observed,608.801827,608.801827,608.801827,608.801827
2025-06-26 14:00:00,observed,555.200751,555.200751,555.200751,555.200751
2025-06-26 15:00:00,observed,619.05463,619.05463,619.05463,619.05463
2025-06-26 16:00:00,observed,673.482297,673.482297,673.482297,673.482297
2025-06-26 17:00:00,observed,722.730594,722.730594,722.730594,722.730594
2025-06-26 18:00:00,observed,720.760128,720.760128,720.760128,720.760128
2025-06-26 19:00:00,observed,710.975078,710.975078,710.975078,710.975078
2025-06-26 20:00:00,observed,709.225857,709.225857,709.225857,709.225857
2025-06-26 21:00:00,observed,697.733643,697.733643,697.733643,697.733643
2025-06-26 22:00:00,observed,639.986659,639.986659,639.986659,639.986659
2025-06-26 23:00:00,observed,587.993989,587.993989,587.993989,587.993989
2025-06-27 00:00:00,observed,530.252648,530.252648,530.252648,530.252648
2025-06-27 01:00:00,observed,505.779853,505.779853,505.779853,505.779853
2025-06-27 02:00:00,observed,470.35828,470.35828,470.35828,470.35828
2025-06-27 03:00:00,observed,444.196708,444.196708,444.196708,444.196708
2025-06-27 04:00:00,observed,423.365214,423.365214,423.365214,423.365214
2025-06-27 05:00:00,observed,420.703724,420.703724,420.703724,420.703724
2025-06-27 06:00:00,observed,441.484053,441.484053,441.484053,441.484053
2025-06-27 07:00:00,observed,433.535487,433.535487,433.535487,433.535487
2025-06-27 08:00:00,observed,460.071518,460.071518,460.071518,460.071518
2025-06-27 09:00:00,observed,548.357123,548.357123,548.357123,548.357123
2025-06-27 10:00:00,observed,575.751931,575.751931,575.751931,575.751931
2025-06-27 11:00:00,observed,602.516955,602.516955,602.516955,602.516955
2025-06-27 12:00:00,observed,616.817146,616.817146,616.817146,616.817146
2025-06-27 13:00:00,observed,651.059486,651.059486,651.059486,651.059486
2025-06-27 14:00:00,observed,639.465838,639.465838,639.465838,639.465838
2025-06-27 15:00:00,observed,662.373507,662.373507,662.373507,662.373507
2025-06-27 16:00:00,observed,698.251007,698.251007,698.251007,698.251007
2025-06-27 17:00:00,observed,744.175324,744.175324,744.175324,744.175324
2025-06-27 18:00:00,observed,770.803396,770.803396,770.803396,770.803396
2025-06-27 19:00:00,observed,787.634963,787.634963,787.634963,787.634963
2025-06-27 20:00:00,observed,802.183813,802.183813,802.183813,802.183813
2025-06-27 21:00:00,observed,802.481046,802.481046,802.481046,802.481046
2025-06-27 22:00:00,observed,774.159252,774.159252,774.159252,774.159252
2025-06-27 23:00:00,observed,722.327413,722.327413,722.327413,722.327413
2025-06-28 00:00:00,observed,639.830482,639.830482,639.830482,639.830482
2025-06-28 01:00:00,observed,604.681244,604.681244,604.681244,604.681244
2025-06-28 02:00:00,observed,557.185834,557.185834,557.185834,557.185834
2025-06-28 03:00:00,observed,524.443668,524.443668,524.443668,524.443668
2025-06-28 04:00:00,observed,493.018495,493.018495,493.018495,493.018495
2025-06-28 05:00:00,observed,476.275202,476.275202,476.275202,476.275202
2025-06-28 06:00:00,observed,473.572242,473.572242,473.572242,473.572242
2025-06-28 07:00:00,observed,484.687312,484.687312,484.687312,484.687312
2025-06-28 08:00:00,observed,528.912923,528.912923,528.912923,528.912923
2025-06-28 09:00:00,observed,645.116157,645.116157,645.116157,645.116157
2025-06-28 10:00:00,observed,691.597354,691.597354,691.597354,691.597354
2025-06-28 11:00:00,observed,720.438231,720.438231,720.438231,720.438231
2025-06-28 12:00:00,observed,703.964013,703.964013,703.964013,703.964013
2025-06-28 13:00:00,observed,624.866908,624.866908,624.866908,624.866908
2025-06-28 14:00:00,observed,535.573781,535.573781,535.573781,535.573781
2025-06-28 15:00:00,observed,592.397491,592.397491,592.397491,592.397491
2025-06-28 16:00:00,observed,687.013376,687.013376,687.013376,687.013376
2025-06-28 17:00:00,observed,705.129557,705.129557,705.129557,705.129557
2025-06-28 18:00:00,observed,770.148967,770.148967,770.148967,770.148967
2025-06-28 19:00:00,observed,782.5374,782.5374,782.5374,782.5374
2025-06-28 20:00:00,observed,810.98436,810.98436,810.98436,810.98436
2025-06-28 21:00:00,observed,814.258324,814.258324,814.258324,814.258324
2025-06-28 22:00:00,observed,783.814876,783.814876,783.814876,783.814876
2025-06-28 23:00:00,observed,711.325651,711.325651,711.325651,711.325651
2025-06-29 00:00:00,observed,637.777089,637.777089,637.777089,637.777089
2025-06-29 01:00:00,observed,595.410842,595.410842,595.410842,595.410842
2025-06-29 02:00:00,observed,552.963917,552.963917,552.963917,552.963917
2025-06-29 03:00:00,observed,519.367021,519.367021,519.367021,519.367021
2025-06-29 04:00:00,observed,483.578255,483.578255,483.578255,483.578255
2025-06-29 05:00:00,observed,469.508399,469.508399,469.508399,469.508399
2025-06-29 06:00:00,observed,454.263475,454.263475,454.263475,454.263475
2025-06-29 07:00:00,observed,464.825907,464.825907,464.825907,464.825907
2025-06-29 08:00:00,observed,502.915459,502.915459,502.915459,502.915459
2025-06-29 09:00:00,observed,583.519416,583.519416,583.519416,583.519416
2025-06-29 10:00:00,observed,570.738424,570.738424,570.738424,570.738424
2025-06-29 11:00:00,observed,612.243097,612.243097,612.243097,612.243097
2025-06-29 12:00:00,observed,621.85378,621.85378,621.85378,621.85378
2025-06-29 13:00:00,observed,510.040291,510.040291,510.040291,510.040291
2025-06-29 14:00:00,observed,513.716978,513.716978,513.716978,513.716978
2025-06-29 15:00:00,observed,627.773512,627.773512,627.773512,627.773512
2025-06-29 16:00:00,observed,634.170683,634.170683,634.170683,634.170683
2025-06-29 17:00:00,observed,631.641773,631.641773,631.641773,631.641773
2025-06-29 18:00:00,observed,662.561253,662.561253,662.561253,662.561253
2025-06-29 19:00:00,observed,671.864069,671.864069,671.864069,671.864069
2025-06-29 20:00:00,observed,690.29162,690.29162,690.29162,690.29162
2025-06-29 21:00:00,observed,687.846948,687.846948,687.846948,687.846948
2025-06-29 22:00:00,observed,654.12878,654.12878,654.12878,654.12878
2025-06-29 23:00:00,observed,595.214333,595.214333,595.214333,595.214333
2025-06-30 00:00:00,observed,532.858328,532.858328,532.858328,532.858328
2025-06-30 01:00:00,observed,507.275417,507.275417,507.275417,507.275417
2025-06-30 02:00:00,observed,471.069104,471.069104,471.069104,471.069104
2025-06-30 03:00:00,observed,444.74128,444.74128,444.74128,444.74128
2025-06-30 04:00:00,observed,421.057718,421.057718,421.057718,421.057718
2025-06-30 05:00:00,observed,417.1504,417.1504,417.1504,417.1504
2025-06-30 06:00:00,observed,427.361169,427.361169,427.361169,427.361169
2025-06-30 07:00:00,observed,450.31921,450.31921,450.31921,450.31921
2025-06-30 08:00:00,observed,463.744857,463.744857,463.744857,463.744857
2025-06-30 09:00:00,observed,600.612172,600.612172,600.612172,600.612172
2025-06-30 10:00:00,observed,657.825263,657.825263,657.825263,657.825263
2025-06-30 11:00:00,observed,760.762138,760.762138,760.762138,760.762138
2025-06-30 12:00:00,observed,780.556749,780.556749,780.556749,780.556749
2025-06-30 13:00:00,observed,758.705846,758.705846,758.705846,758.705846
2025-06-30 14:00:00,observed,832.920041,832.920041,832.920041,832.920041
2025-06-30 15:00:00,observed,812.776911,812.776911,812.776911,812.776911
2025-06-30 16:00:00,observed,818.116309,818.116309,818.116309,818.116309
2025-06-30 17:00:00,observed,871.521511,871.521511,871.521511,871.521511
2025-06-30 18:00:00,observed,898.893841,898.893841,898.893841,898.893841
2025-06-30 19:00:00,observed,934.295484,934.295484,934.295484,934.295484
2025-06-30 20:00:00,observed,949.79744,949.79744,949.79744,949.79744
2025-06-30 21:00:00,observed,963.506131,963.506131,963.506131,963.506131
2025-06-30 22:00:00,observed,934.95249,934.95249,934.95249,934.95249
2025-06-30 23:00:00,observed,864.905204,864.905204,864.905204,864.905204
2025-07-01 00:00:00,observed,759.49052,759.49052,759.49052,759.49052
2025-07-01 01:00:00,observed,702.841551,702.841551,702.841551,702.841551
2025-07-01 02:00:00,observed,644.395651,644.395651,644.395651,644.395651
2025-07-01 03:00:00,observed,605.343569,605.343569,605.343569,605.343569
2025-07-01 04:00:00,observed,568.102097,568.102097,568.102097,568.102097
2025-07-01 05:00:00,observed,548.074767,548.074767,548.074767,548.074767
2025-07-01 06:00:00,observed,537.34508,537.34508,537.34508,537.34508
2025-07-01 07:00:00,observed,556.915151,556.915151,556.915151,556.915151
2025-07-01 08:00:00,observed,627.022716,627.022716,627.022716,627.022716
2025-07-01 09:00:00,observed,742.671276,742.671276,742.671276,742.671276
2025-07-01 10:00:00,observed,789.461725,789.461725,789.461725,789.461725
2025-07-01 11:00:00,observed,887.099902,887.099902,887.099902,887.099902
2025-07-01 12:00:00,observed,971.942332,971.942332,971.942332,971.942332
2025-07-01 13:00:00,observed,931.876752,931.876752,931.876752,931.876752
2025-07-01 14:00:00,observed,943.008421,943.008421,943.008421,943.008421
2025-07-01 15:00:00,observed,957.582071,957.582071,957.582071,957.582071
2025-07-01 16:00:00,observed,959.556582,959.556582,959.556582,959.556582
2025-07-01 17:00:00,observed,999.64036,999.64036,999.64036,999.64036
2025-07-01 18:00:00,observed,1017.233245,1017.233245,1017.233245,1017.233245
2025-07-01 19:00:00,observed,1035.745259,1035.745259,1035.745259,1035.745259
2025-07-01 20:00:00,observed,1065.86935,1065.86935,1065.86935,1065.86935
2025-07-01 21:00:00,observed,1079.537515,1079.537515,1079.537515,1079.537515
2025-07-01 22:00:00,observed,1044.45037,1044.45037,1044.45037,1044.45037
2025-07-01 23:00:00,observed,955.550663,955.550663,955.550663,955.550663
2025-07-02 00:00:00,observed,843.797158,843.797158,843.797158,843.797158
2025-07-02 01:00:00,observed,791.791001,791.791001,791.791001,791.791001
2025-07-02 02:00:00,observed,728.486546,728.486546,728.486546,728.486546
2025-07-02 03:00:00,observed,681.46044,681.46044,681.46044,681.46044
2025-07-02 04:00:00,observed,642.309576,642.309576,642.309576,642.309576
2025-07-02 05:00:00,observed,616.003435,616.003435,616.003435,616.003435
2025-07-02 06:00:00,observed,610.543712,610.543712,610.543712,610.543712
2025-07-02 07:00:00,observed,603.727736,603.727736,603.727736,603.727736
2025-07-02 08:00:00,observed,654.537054,654.537054,654.537054,654.537054
2025-07-02 09:00:00,observed,832.362984,832.362984,832.362984,832.362984
2025-07-02 10:00:00,observed,901.450359,901.450359,901.450359,901.450359
2025-07-02 11:00:00,observed,975.770532,975.770532,975.770532,975.770532
2025-07-02 12:00:00,observed,1035.331581,1035.331581,1035.331581,1035.331581
2025-07-02 13:00:00,observed,1017.616245,1017.616245,1017.616245,1017.616245
2025-07-02 14:00:00,observed,1002.381421,1002.381421,1002.381421,1002.381421
2025-07-02 15:00:00,observed,1006.294403,1006.294403,1006.294403,1006.294403
2025-07-02 16:00:00,observed,1039.753122,1039.753122,1039.753122,1039.753122
2025-07-02 17:00:00,observed,1075.680146,1075.680146,1075.680146,1075.680146
2025-07-02 18:00:00,observed,1097.861855,1097.861855,1097.861855,1097.861855
2025-07-02 19:00:00,observed,1125.786067,1125.786067,1125.786067,1125.786067
2025-07-02 20:00:00,observed,1150.380327,1150.380327,1150.380327,1150.380327
2025-07-02 21:00:00,observed,1167.571487,1167.571487,1167.571487,1167.571487
2025-07-02 22:00:00,observed,1124.86476,1124.86476,1124.86476,1124.86476
2025-07-02 23:00:00,observed,1039.926721,1039.926721,1039.926721,1039.926721
2025-07-03 00:00:00,observed,921.209348,921.209348,921.209348,921.209348
2025-07-03 01:00:00,observed,858.644404,858.644404,858.644404,858.644404
2025-07-03 02:00:00,observed,797.589477,797.589477,797.589477,797.589477
2025-07-03 03:00:00,observed,743.27354,743.27354,743.27354,743.27354
2025-07-03 04:00:00,observed,700.653515,700.653515,700.653515,700.653515
2025-07-03 05:00:00,observed,666.410843,666.410843,666.410843,666.410843
2025-07-03 06:00:00,observed,654.93183,654.93183,654.93183,654.93183
2025-07-03 07:00:00,observed,669.390653,669.390653,669.390653,669.390653
2025-07-03 08:00:00,observed,746.856946,746.856946,746.856946,746.856946
2025-07-03 09:00:00,observed,916.142457,916.142457,916.142457,916.142457
2025-07-03 10:00:00,observed,985.660849,985.660849,985.660849,985.660849
2025-07-03 11:00:00,observed,1068.845535,1068.845535,1068.845535,1068.845535
2025-07-03 12:00:00,observed,1091.516426,1091.516426,1091.516426,1091.516426
2025-07-03 13:00:00,observed,1072.473308,1072.473308,1072.473308,1072.473308
2025-07-03 14:00:00,observed,1077.399043,1077.399043,1077.399043,1077.399043
2025-07-03 15:00:00,observed,1065.374174,1065.374174,1065.374174,1065.374174
2025-07-03 16:00:00,observed,1097.649015,1097.649015,1097.649015,1097.649015
2025-07-03 17:00:00,observed,1148.841468,1148.841468,1148.841468,1148.841468
2025-07-03 18:00:00,observed,1162.956663,1162.956663,1162.956663,1162.956663
2025-07-03 19:00:00,observed,1195.670234,1195.670234,1195.670234,1195.670234
2025-07-03 20:00:00,observed,1218.061329,1218.061329,1218.061329,1218.061329
2025-07-03 21:00:00,observed,1240.97278,1240.97278,1240.97278,1240.97278
2025-07-03 22:00:00,observed,1196.498201,1196.498201,1196.498201,1196.498201
2025-07-03 23:00:00,observed,1107.58212,1107.58212,1107.58212,1107.58212
2025-07-04 00:00:00,observed,989.233151,989.233151,989.233151,989.233151
2025-07-04 01:00:00,observed,925.21566,925.21566,925.21566,925.21566
2025-07-04 02:00:00,observed,862.209434,862.209434,862.209434,862.209434
2025-07-04 03:00:00,observed,799.749806,799.749806,799.749806,799.749806
2025-07-04 04:00:00,observed,750.741289,750.741289,750.741289,750.741289
2025-07-04 05:00:00,observed,722.112294,722.112294,722.112294,722.112294
2025-07-04 06:00:00,observed,704.623201,704.623201,704.623201,704.623201
2025-07-04 07:00:00,observed,716.062401,716.062401,716.062401,716.062401
2025-07-04 08:00:00,observed,798.50172,798.50172,798.50172,798.50172
2025-07-04 09:00:00,observed,953.027764,953.027764,953.027764,953.027764
2025-07-04 10:00:00,observed,1016.707983,1016.707983,1016.707983,1016.707983
2025-07-04 11:00:00,observed,1089.220061,1089.220061,1089.220061,1089.220061
2025-07-04 12:00:00,observed,1095.127533,1095.127533,1095.127533,1095.127533
2025-07-04 13:00:00,observed,1089.533955,1089.533955,1089.533955,1089.533955
2025-07-04 14:00:00,observed,1107.341764,1107.341764,1107.341764,1107.341764
2025-07-04 15:00:00,observed,1105.569348,1105.569348,1105.569348,1105.569348
2025-07-04 16:00:00,observed,1123.347434,1123.347434,1123.347434,1123.347434
2025-07-04 17:00:00,observed,1185.580779,1185.580779,1185.580779,1185.580779
2025-07-04 18:00:00,observed,1202.878808,1202.878808,1202.878808,1202.878808
2025-07-04 19:00:00,observed,1221.693143,1221.693143,1221.693143,1221.693143
2025-07-04 20:00:00,observed,1241.465063,1241.465063,1241.465063,1241.465063
2025-07-04 21:00:00,observed,1250.689961,1250.689961,1250.689961,1250.689961
2025-07-04 22:00:00,observed,1220.732228,1220.732228,1220.732228,1220.732228
2025-07-04 23:00:00,observed,1132.847351,1132.847351,1132.847351,1132.847351
2025-07-05 00:00:00,observed,1020.171111,1020.171111,1020.171111,1020.171111
2025-07-05 01:00:00,observed,954.143304,954.143304,954.143304,954.143304
2025-07-05 02:00:00,observed,886.399058,886.399058,886.399058,886.399058
2025-07-05 03:00:00,observed,835.416348,835.416348,835.416348,835.416348
2025-07-05 04:00:00,observed,784.60599,784.60599,784.60599,784.60599
2025-07-05 05:00:00,observed,746.254136,746.254136,746.254136,746.254136
2025-07-05 06:00:00,observed,723.761536,723.761536,723.761536,723.761536
2025-07-05 07:00:00,observed,723.293649,723.293649,723.293649,723.293649
2025-07-05 08:00:00,observed,772.534228,772.534228,772.534228,772.534228
2025-07-05 09:00:00,observed,904.652429,904.652429,904.652429,904.652429
2025-07-05 10:00:00,observed,986.635091,986.635091,986.635091,986.635091
2025-07-05 11:00:00,observed,1055.178219,1055.178219,1055.178219,1055.178219
2025-07-05 12:00:00,observed,1081.749885,1081.749885,1081.749885,1081.749885
2025-07-05 13:00:00,observed,1072.023265,1072.023265,1072.023265,1072.023265
2025-07-05 14:00:00,observed,1073.793575,1073.793575,1073.793575,1073.793575
2025-07-05 15:00:00,observed,1076.691122,1076.691122,1076.691122,1076.691122
2025-07-05 16:00:00,observed,1108.618484,1108.618484,1108.618484,1108.618484
2025-07-05 17:00:00,observed,1154.040932,1154.040932,1154.040932,1154.040932
2025-07-05 18:00:00,observed,1185.858442,1185.858442,1185.858442,1185.858442
2025-07-05 19:00:00,observed,1203.23595,1203.23595,1203.23595,1203.23595
2025-07-05 20:00:00,observed,1231.571139,1231.571139,1231.571139,1231.571139
2025-07-05 21:00:00,observed,1250.960354,1250.960354,1250.960354,1250.960354
2025-07-05 22:00:00,observed,1219.486456,1219.486456,1219.486456,1219.486456
2025-07-05 23:00:00,observed,1149.4747,1149.4747,1149.4747,1149.4747
2025-07-06 00:00:00,observed,1042.123106,1042.123106,1042.123106,1042.123106
2025-07-06 01:00:00,observed,971.071228,971.071228,971.071228,971.071228
2025-07-06 02:00:00,observed,911.90762,911.90762,911.90762,911.90762
2025-07-06 03:00:00,observed,852.689591,852.689591,852.689591,852.689591
2025-07-06 04:00:00,observed,803.027074,803.027074,803.027074,803.027074
2025-07-06 05:00:00,observed,761.834669,761.834669,761.834669,761.834669
2025-07-06 06:00:00,observed,741.559747,741.559747,741.559747,741.559747
2025-07-06 07:00:00,observed,738.903291,738.903291,738.903291,738.903291
2025-07-06 08:00:00,observed,788.106648,788.106648,788.106648,788.106648
2025-07-06 09:00:00,observed,890.44782,890.44782,890.44782,890.44782
2025-07-06 10:00:00,observed,964.724038,964.724038,964.724038,964.724038
2025-07-06 11:00:00,observed,1031.286831,1031.286831,1031.286831,1031.286831
2025-07-06 12:00:00,observed,1086.021933,1086.021933,1086.021933,1086.021933
2025-07-06 13:00:00,observed,1078.37101,1078.37101,1078.37101,1078.37101
2025-07-06 14:00:00,observed,1071.531624,1071.531624,1071.531624,1071.531624
2025-07-06 15:00:00,observed,1079.259643,1079.259643,1079.259643,1079.259643
2025-07-06 16:00:00,observed,1098.084305,1098.084305,1098.084305,1098.084305
2025-07-06 17:00:00,observed,1164.197582,1164.197582,1164.197582,1164.197582
2025-07-06 18:00:00,observed,1176.634869,1176.634869,1176.634869,1176.634869
2025-07-06 19:00:00,observed,1147.21104,1147.21104,1147.21104,1147.21104
2025-07-06 20:00:00,observed,1139.211873,1139.211873,1139.211873,1139.211873
2025-07-06 21:00:00,observed,1150.050576,1150.050576,1150.050576,1150.050576
2025-07-06 22:00:00,observed,1113.000674,1113.000674,1113.000674,1113.000674
2025-07-06 23:00:00,observed,1034.334451,1034.334451,1034.334451,1034.334451
2025-07-07 00:00:00,observed,937.156836,937.156836,937.156836,937.156836
2025-07-07 01:00:00,observed,879.327055,879.327055,879.327055,879.327055
2025-07-07 02:00:00,observed,821.505182,821.505182,821.505182,821.505182
2025-07-07 03:00:00,observed,776.706761,776.706761,776.706761,776.706761
2025-07-07 04:00:00,observed,739.979104,739.979104,739.979104,739.979104
2025-07-07 05:00:00,observed,717.579072,717.579072,717.579072,717.579072
2025-07-07 06:00:00,observed,706.252555,706.252555,706.252555,706.252555
2025-07-07 07:00:00,observed,740.4541,740.4541,740.4541,740.4541
2025-07-07 08:00:00,observed,854.171568,854.171568,854.171568,854.171568
2025-07-07 09:00:00,observed,1064.894645,1064.894645,1064.894645,1064.894645
2025-07-07 10:00:00,observed,1156.801584,1156.801584,1156.801584,1156.801584
2025-07-07 11:00:00,observed,1190.893536,1190.893536,1190.893536,1190.893536
2025-07-07 12:00:00,observed,1168.045076,1168.045076,1168.045076,1168.045076
2025-07-07 13:00:00,observed,1194.105408,1194.105408,1194.105408,1194.105408
2025-07-07 14:00:00,observed,1221.747353,1221.747353,1221.747353,1221.747353
2025-07-07 15:00:00,observed,1182.043304,1182.043304,1182.043304,1182.043304
2025-07-07 16:00:00,observed,1114.999188,1114.999188,1114.999188,1114.999188
2025-07-07 17:00:00,observed,1087.271075,1087.271075,1087.271075,1087.271075
2025-07-07 18:00:00,observed,1042.152852,1042.152852,1042.152852,1042.152852
2025-07-07 19:00:00,observed,1051.449634,1051.449634,1051.449634,1051.449634
2025-07-07 20:00:00,observed,1082.05687,1082.05687,1082.05687,1082.05687
2025-07-07 21:00:00,observed,1092.302426,1092.302426,1092.302426,1092.302426
2025-07-07 22:00:00,observed,1063.393287,1063.393287,1063.393287,1063.393287
2025-07-07 23:00:00,observed,989.462062,989.462062,989.462062,989.462062
2025-07-08 00:00:00,observed,885.011701,885.011701,885.011701,885.011701
2025-07-08 01:00:00,observed,830.682087,830.682087,830.682087,830.682087
2025-07-08 02:00:00,observed,775.598325,775.598325,775.598325,775.598325
2025-07-08 03:00:00,observed,737.533937,737.533937,737.533937,737.533937
2025-07-08 04:00:00,observed,700.908495,700.908495,700.908495,700.908495
2025-07-08 05:00:00,observed,676.607648,676.607648,676.607648,676.607648
2025-07-08 06:00:00,observed,669.173021,669.173021,669.173021,669.173021
2025-07-08 07:00:00,observed,691.978652,691.978652,691.978652,691.978652
2025-07-08 08:00:00,observed,769.978418,769.978418,769.978418,769.978418
2025-07-08 09:00:00,observed,932.102168,932.102168,932.102168,932.102168
2025-07-08 10:00:00,observed,1024.142121,1024.142121,1024.142121,1024.142121
2025-07-08 11:00:00,observed,1110.177189,1110.177189,1110.177189,1110.177189
2025-07-08 12:00:00,observed,1143.18089,1143.18089,1143.18089,1143.18089
2025-07-08 13:00:00,observed,1109.542378,1109.542378,1109.542378,1109.542378
2025-07-08 14:00:00,observed,1070.433322,1070.433322,1070.433322,1070.433322
2025-07-08 15:00:00,observed,1055.715805,1055.715805,1055.715805,1055.715805
2025-07-08 16:00:00,observed,1062.452336,1062.452336,1062.452336,1062.452336
2025-07-08 17:00:00,observed,1111.649588,1111.649588,1111.649588,1111.649588
2025-07-08 18:00:00,observed,1139.34096,1139.34096,1139.34096,1139.34096
2025-07-08 19:00:00,observed,1157.038165,1157.038165,1157.038165,1157.038165
2025-07-08 20:00:00,observed,1164.391645,1164.391645,1164.391645,1164.391645
2025-07-08 21:00:00,observed,1187.72182,1187.72182,1187.72182,1187.72182
2025-07-08 22:00:00,observed,1157.081309,1157.081309,1157.081309,1157.081309
2025-07-08 23:00:00,observed,1064.962714,1064.962714,1064.962714,1064.962714
2025-07-09 00:00:00,observed,949.75991,949.75991,949.75991,949.75991
2025-07-09 01:00:00,observed,877.223127,877.223127,877.223127,877.223127
2025-07-09 02:00:00,observed,811.005209,811.005209,811.005209,811.005209
2025-07-09 03:00:00,observed,758.088318,758.088318,758.088318,758.088318
2025-07-09 04:00:00,observed,711.559591,711.559591,711.559591,711.559591
2025-07-09 05:00:00,observed,684.120926,684.120926,684.120926,684.120926
2025-07-09 06:00:00,observed,660.670813,660.670813,660.670813,660.670813
2025-07-09 07:00:00,observed,658.414704,658.414704,658.414704,658.414704
2025-07-09 08:00:00,observed,708.941781,708.941781,708.941781,708.941781
2025-07-09 09:00:00,observed,861.651774,861.651774,861.651774,861.651774
2025-07-09 10:00:00,observed,918.011769,918.011769,918.011769,918.011769
2025-07-09 11:00:00,observed,993.433934,993.433934,993.433934,993.433934
2025-07-09 12:00:00,observed,1035.311725,1035.311725,1035.311725,1035.311725
2025-07-09 13:00:00,observed,1036.436687,1036.436687,1036.436687,1036.436687
2025-07-09 14:00:00,observed,1028.038539,1028.038539,1028.038539,1028.038539
2025-07-09 15:00:00,observed,1012.444469,1012.444469,1012.444469,1012.444469
2025-07-09 16:00:00,observed,1043.395918,1043.395918,1043.395918,1043.395918
2025-07-09 17:00:00,observed,1067.400491,1067.400491,1067.400491,1067.400491
2025-07-09 18:00:00,observed,1083.127263,1083.127263,1083.127263,1083.127263
2025-07-09 19:00:00,observed,1113.226684,1113.226684,1113.226684,1113.226684
2025-07-09 20:00:00,observed,1135.016979,1135.016979,1135.016979,1135.016979
2025-07-09 21:00:00,observed,1141.966951,1141.966951,1141.966951,1141.966951
2025-07-09 22:00:00,observed,1100.678971,1100.678971,1100.678971,1100.678971
2025-07-09 23:00:00,observed,1009.586067,1009.586067,1009.586067,1009.586067
2025-07-10 00:00:00,observed,894.769415,894.769415,894.769415,894.769415
2025-07-10 01:00:00,observed,829.206667,829.206667,829.206667,829.206667
2025-07-10 02:00:00,observed,764.611732,764.611732,764.611732,764.611732
2025-07-10 03:00:00,observed,716.014095,716.014095,716.014095,716.014095
2025-07-10 04:00:00,observed,672.10974,672.10974,672.10974,672.10974
2025-07-10 05:00:00,observed,654.270526,654.270526,654.270526,654.270526
2025-07-10 06:00:00,observed,636.630627,636.630627,636.630627,636.630627
2025-07-10 07:00:00,observed,648.726374,648.726374,648.726374,648.726374
2025-07-10 08:00:00,observed,726.347237,726.347237,726.347237,726.347237
2025-07-10 09:00:00,observed,887.144849,887.144849,887.144849,887.144849
2025-07-10 10:00:00,observed,926.516454,926.516454,926.516454,926.516454
2025-07-10 11:00:00,observed,995.480481,995.480481,995.480481,995.480481
2025-07-10 12:00:00,observed,999.194018,999.194018,999.194018,999.194018
2025-07-10 13:00:00,observed,1002.549748,1002.549748,1002.549748,1002.549748
2025-07-10 14:00:00,observed,999.055659,999.055659,999.055659,999.055659
2025-07-10 15:00:00,observed,1009.302528,1009.302528,1009.302528,1009.302528
2025-07-10 16:00:00,observed,1033.493287,1033.493287,1033.493287,1033.493287
2025-07-10 17:00:00,observed,1083.762229,1083.762229,1083.762229,1083.762229
2025-07-10 18:00:00,observed,1087.775173,1087.775173,1087.775173,1087.775173
2025-07-10 19:00:00,observed,1111.352666,1111.352666,1111.352666,1111.352666
2025-07-10 20:00:00,observed,1128.913835,1128.913835,1128.913835,1128.913835
2025-07-10 21:00:00,observed,1135.197166,1135.197166,1135.197166,1135.197166
2025-07-10 22:00:00,observed,1088.95963,1088.95963,1088.95963,1088.95963
2025-07-10 23:00:00,observed,990.520246,990.520246,990.520246,990.520246
2025-07-11 00:00:00,observed,873.647251,873.647251,873.647251,873.647251
2025-07-11 01:00:00,observed,804.743239,804.743239,804.743239,804.743239
2025-07-11 02:00:00,observed,744.920049,744.920049,744.920049,744.920049
2025-07-11 03:00:00,observed,695.198558,695.198558,695.198558,695.198558
2025-07-11 04:00:00,observed,656.598074,656.598074,656.598074,656.598074
2025-07-11 05:00:00,observed,635.642356,635.642356,635.642356,635.642356
2025-07-11 06:00:00,observed,623.47262,623.47262,623.47262,623.47262
2025-07-11 07:00:00,observed,628.028737,628.028737,628.028737,628.028737
2025-07-11 08:00:00,observed,691.242724,691.242724,691.242724,691.242724
2025-07-11 09:00:00,observed,836.392421,836.392421,836.392421,836.392421
2025-07-11 10:00:00,observed,891.275788,891.275788,891.275788,891.275788
2025-07-11 11:00:00,observed,923.047124,923.047124,923.047124,923.047124
2025-07-11 12:00:00,observed,972.055216,972.055216,972.055216,972.055216
2025-07-11 13:00:00,observed,958.027919,958.027919,958.027919,958.027919
2025-07-11 14:00:00,observed,979.536123,979.536123,979.536123,979.536123
2025-07-11 15:00:00,observed,997.905144,997.905144,997.905144,997.905144
2025-07-11 16:00:00,observed,978.049375,978.049375,978.049375,978.049375
2025-07-11 17:00:00,observed,1030.456382,1030.456382,1030.456382,1030.456382
2025-07-11 18:00:00,observed,1034.47622,1034.47622,1034.47622,1034.47622
2025-07-11 19:00:00,observed,1048.442594,1048.442594,1048.442594,1048.442594
2025-07-11 20:00:00,observed,1053.867825,1053.867825,1053.867825,1053.867825
2025-07-11 21:00:00,observed,1059.396035,1059.396035,1059.396035,1059.396035
2025-07-11 22:00:00,observed,1027.225576,1027.225576,1027.225576,1027.225576
2025-07-11 23:00:00,observed,939.151377,939.151377,939.151377,939.151377
2025-07-12 00:00:00,observed,838.359405,838.359405,838.359405,838.359405
2025-07-12 01:00:00,observed,779.608608,779.608608,779.608608,779.608608
2025-07-12 02:00:00,observed,722.01903,722.01903,722.01903,722.01903
2025-07-12 03:00:00,observed,674.168937,674.168937,674.168937,674.168937
2025-07-12 04:00:00,observed,637.931857,637.931857,637.931857,637.931857
2025-07-12 05:00:00,observed,614.926055,614.926055,614.926055,614.926055
2025-07-12 06:00:00,observed,594.521204,594.521204,594.521204,594.521204
2025-07-12 07:00:00,observed,586.449665,586.449665,586.449665,586.449665
2025-07-12 08:00:00,observed,627.63653,627.63653,627.63653,627.63653
2025-07-12 09:00:00,observed,736.042485,736.042485,736.042485,736.042485
2025-07-12 10:00:00,observed,807.338212,807.338212,807.338212,807.338212
2025-07-12 11:00:00,observed,882.430385,882.430385,882.430385,882.430385
2025-07-12 12:00:00,observed,886.879334,886.879334,886.879334,886.879334
2025-07-12 13:00:00,observed,899.923237,899.923237,899.923237,899.923237
2025-07-12 14:00:00,observed,902.562772,902.562772,902.562772,902.562772
2025-07-12 15:00:00,observed,886.750672,886.750672,886.750672,886.750672
2025-07-12 16:00:00,observed,926.894887,926.894887,926.894887,926.894887
2025-07-12 17:00:00,observed,978.52163,978.52163,978.52163,978.52163
2025-07-12 18:00:00,observed,1007.848414,1007.848414,1007.848414,1007.848414
2025-07-12 19:00:00,observed,1023.769619,1023.769619,1023.769619,1023.769619
2025-07-12 20:00:00,observed,1052.80998,1052.80998,1052.80998,1052.80998
2025-07-12 21:00:00,observed,1067.047606,1067.047606,1067.047606,1067.047606
2025-07-12 22:00:00,observed,1044.325588,1044.325588,1044.325588,1044.325588
2025-07-12 23:00:00,observed,965.607714,965.607714,965.607714,965.607714
2025-07-13 00:00:00,observed,864.76421,864.76421,864.76421,864.76421
2025-07-13 01:00:00,observed,797.30772,797.30772,797.30772,797.30772
2025-07-13 02:00:00,observed,737.034215,737.034215,737.034215,737.034215
2025-07-13 03:00:00,observed,690.589924,690.589924,690.589924,690.589924
2025-07-13 04:00:00,observed,650.449123,650.449123,650.449123,650.449123
2025-07-13 05:00:00,observed,622.484873,622.484873,622.484873,622.484873
2025-07-13 06:00:00,observed,603.017896,603.017896,603.017896,603.017896
2025-07-13 07:00:00,observed,599.319244,599.319244,599.319244,599.319244
2025-07-13 08:00:00,observed,624.623405,624.623405,624.623405,624.623405
2025-07-13 09:00:00,observed,717.202131,717.202131,717.202131,717.202131
2025-07-13 10:00:00,observed,803.069988,803.069988,803.069988,803.069988
2025-07-13 11:00:00,observed,867.441576,867.441576,867.441576,867.441576
2025-07-13 12:00:00,observed,918.253592,918.253592,918.253592,918.253592
2025-07-13 13:00:00,observed,924.986652,924.986652,924.986652,924.986652
2025-07-13 14:00:00,observed,926.516544,926.516544,926.516544,926.516544
2025-07-13 15:00:00,observed,929.613709,929.613709,929.613709,929.613709
2025-07-13 16:00:00,observed,968.98086,968.98086,968.98086,968.98086
2025-07-13 17:00:00,observed,1015.944499,1015.944499,1015.944499,1015.944499
2025-07-13 18:00:00,observed,1056.113247,1056.113247,1056.113247,1056.113247
2025-07-13 19:00:00,observed,1077.382426,1077.382426,1077.382426,1077.382426
2025-07-13 20:00:00,observed,1110.995093,1110.995093,1110.995093,1110.995093
2025-07-13 21:00:00,observed,1142.230385,1142.230385,1142.230385,1142.230385
2025-07-13 22:00:00,observed,1114.249476,1114.249476,1114.249476,1114.249476
2025-07-13 23:00:00,observed,1030.419653,1030.419653,1030.419653,1030.419653
2025-07-14 00:00:00,observed,925.849744,925.849744,925.849744,925.849744
2025-07-14 01:00:00,observed,849.718725,849.718725,849.718725,849.718725
2025-07-14 02:00:00,observed,785.698545,785.698545,785.698545,785.698545
2025-07-14 03:00:00,observed,734.111662,734.111662,734.111662,734.111662
2025-07-14 04:00:00,observed,687.405025,687.405025,687.405025,687.405025
2025-07-14 05:00:00,observed,660.228955,660.228955,660.228955,660.228955
2025-07-14 06:00:00,observed,641.141444,641.141444,641.141444,641.141444
2025-07-14 07:00:00,observed,636.144229,636.144229,636.144229,636.144229
2025-07-14 08:00:00,observed,691.084803,691.084803,691.084803,691.084803
2025-07-14 09:00:00,observed,821.263895,821.263895,821.263895,821.263895
2025-07-14 10:00:00,observed,880.232277,880.232277,880.232277,880.232277
2025-07-14 11:00:00,observed,988.235797,988.235797,988.235797,988.235797
2025-07-14 12:00:00,observed,950.984574,950.984574,950.984574,950.984574
2025-07-14 13:00:00,observed,961.983411,961.983411,961.983411,961.983411
2025-07-14 14:00:00,observed,975.893552,975.893552,975.893552,975.893552
2025-07-14 15:00:00,observed,943.271151,943.271151,943.271151,943.271151
2025-07-14 16:00:00,observed,957.965671,957.965671,957.965671,957.965671
2025-07-14 17:00:00,observed,1018.318198,1018.318198,1018.318198,1018.318198
2025-07-14 18:00:00,observed,1030.024819,1030.024819,1030.024819,1030.024819
2025-07-14 19:00:00,observed,1043.993279,1043.993279,1043.993279,1043.993279
2025-07-14 20:00:00,observed,1066.900623,1066.900623,1066.900623,1066.900623
2025-07-14 21:00:00,observed,1079.913656,1079.913656,1079.913656,1079.913656
2025-07-14 22:00:00,observed,1046.091216,1046.091216,1046.091216,1046.091216
2025-07-14 23:00:00,observed,965.938708,965.938708,965.938708,965.938708
2025-07-15 00:00:00,observed,869.925704,869.925704,869.925704,869.925704
2025-07-15 01:00:00,observed,810.689665,810.689665,810.689665,810.689665
2025-07-15 02:00:00,observed,748.736872,748.736872,748.736872,748.736872
2025-07-15 03:00:00,observed,700.179578,700.179578,700.179578,700.179578
2025-07-15 04:00:00,observed,665.462896,665.462896,665.462896,665.462896
2025-07-15 05:00:00,observed,637.590986,637.590986,637.590986,637.590986
2025-07-15 06:00:00,observed,632.310534,632.310534,632.310534,632.310534
2025-07-15 07:00:00,observed,646.087391,646.087391,646.087391,646.087391
2025-07-15 08:00:00,observed,703.174946,703.174946,703.174946,703.174946
2025-07-15 09:00:00,observed,891.884532,891.884532,891.884532,891.884532
2025-07-15 10:00:00,observed,932.288049,932.288049,932.288049,932.288049
2025-07-15 11:00:00,observed,946.783723,946.783723,946.783723,946.783723
2025-07-15 12:00:00,observed,1032.345698,1032.345698,1032.345698,1032.345698
2025-07-15 13:00:00,observed,1085.531196,1085.531196,1085.531196,1085.531196
2025-07-15 14:00:00,observed,1104.181663,1104.181663,1104.181663,1104.181663
2025-07-15 15:00:00,observed,1107.721765,1107.721765,1107.721765,1107.721765
2025-07-15 16:00:00,observed,1089.107729,1089.107729,1089.107729,1089.107729
2025-07-15 17:00:00,observed,1116.182545,1116.182545,1116.182545,1116.182545
2025-07-15 18:00:00,observed,1149.269516,1149.269516,1149.269516,1149.269516
2025-07-15 19:00:00,observed,1167.924484,1167.924484,1167.924484,1167.924484
2025-07-15 20:00:00,observed,1199.163225,1199.163225,1199.163225,1199.163225
2025-07-15 21:00:00,observed,1221.88614,1221.88614,1221.88614,1221.88614
2025-07-15 22:00:00,observed,1182.293531,1182.293531,1182.293531,1182.293531
2025-07-15 23:00:00,observed,1084.471788,1084.471788,1084.471788,1084.471788
2025-07-16 00:00:00,observed,977.692725,977.692725,977.692725,977.692725
2025-07-16 01:00:00,observed,915.871058,915.871058,915.871058,915.871058
2025-07-16 02:00:00,observed,859.65575,859.65575,859.65575,859.65575
2025-07-16 03:00:00,observed,817.057275,817.057275,817.057275,817.057275
2025-07-16 04:00:00,observed,771.911257,771.911257,771.911257,771.911257
2025-07-16 05:00:00,observed,746.036514,746.036514,746.036514,746.036514
2025-07-16 06:00:00,observed,743.088214,743.088214,743.088214,743.088214
2025-07-16 07:00:00,observed,771.769951,771.769951,771.769951,771.769951
2025-07-16 08:00:00,observed,846.654639,846.654639,846.654639,846.654639
2025-07-16 09:00:00,observed,1058.517452,1058.517452,1058.517452,1058.517452
2025-07-16 10:00:00,observed,1093.313368,1093.313368,1093.313368,1093.313368
2025-07-16 11:00:00,observed,1170.102209,1170.102209,1170.102209,1170.102209
2025-07-16 12:00:00,observed,1138.511423,1138.511423,1138.511423,1138.511423
2025-07-16 13:00:00,observed,1155.527735,1155.527735,1155.527735,1155.527735
2025-07-16 14:00:00,observed,1175.639175,1175.639175,1175.639175,1175.639175
2025-07-16 15:00:00,observed,1189.507486,1189.507486,1189.507486,1189.507486
2025-07-16 16:00:00,observed,1166.517647,1166.517647,1166.517647,1166.517647
2025-07-16 17:00:00,observed,1220.213206,1220.213206,1220.213206,1220.213206
2025-07-16 18:00:00,observed,1227.011361,1227.011361,1227.011361,1227.011361
2025-07-16 19:00:00,observed,1220.714607,1220.714607,1220.714607,1220.714607
2025-07-16 20:00:00,observed,1238.146357,1238.146357,1238.146357,1238.146357
2025-07-16 21:00:00,observed,1233.838538,1233.838538,1233.838538,1233.838538
2025-07-16 22:00:00,observed,1175.39578,1175.39578,1175.39578,1175.39578
2025-07-16 23:00:00,observed,1055.029256,1055.029256,1055.029256,1055.029256
2025-07-17 00:00:00,observed,937.202902,937.202902,937.202902,937.202902
2025-07-17 01:00:00,observed,867.239205,867.239205,867.239205,867.239205
2025-07-17 02:00:00,observed,803.08291,803.08291,803.08291,803.08291
2025-07-17 03:00:00,observed,751.355969,751.355969,751.355969,751.355969
2025-07-17 04:00:00,observed,702.187151,702.187151,702.187151,702.187151
2025-07-17 05:00:00,observed,674.826689,674.826689,674.826689,674.826689
2025-07-17 06:00:00,observed,656.852377,656.852377,656.852377,656.852377
2025-07-17 07:00:00,observed,648.169124,648.169124,648.169124,648.169124
2025-07-17 08:00:00,observed,703.526486,703.526486,703.526486,703.526486
2025-07-17 09:00:00,observed,838.409997,838.409997,838.409997,838.409997
2025-07-17 10:00:00,observed,896.176989,896.176989,896.176989,896.176989
2025-07-17 11:00:00,observed,959.874244,959.874244,959.874244,959.874244
2025-07-17 12:00:00,observed,990.80445,990.80445,990.80445,990.80445
2025-07-17 13:00:00,observed,975.165686,975.165686,975.165686,975.165686
2025-07-17 14:00:00,observed,988.930924,988.930924,988.930924,988.930924
2025-07-17 15:00:00,observed,988.971336,988.971336,988.971336,988.971336
2025-07-17 16:00:00,observed,1030.476126,1030.476126,1030.476126,1030.476126
2025-07-17 17:00:00,observed,1066.652289,1066.652289,1066.652289,1066.652289
2025-07-17 18:00:00,observed,1076.171393,1076.171393,1076.171393,1076.171393
2025-07-17 19:00:00,observed,1080.357583,1080.357583,1080.357583,1080.357583
2025-07-17 20:00:00,observed,1097.620025,1097.620025,1097.620025,1097.620025
2025-07-17 21:00:00,observed,1097.189665,1097.189665,1097.189665,1097.189665
2025-07-17 22:00:00,observed,1056.242061,1056.242061,1056.242061,1056.242061
2025-07-17 23:00:00,observed,981.671629,981.671629,981.671629,981.671629
2025-07-18 00:00:00,observed,876.327399,876.327399,876.327399,876.327399
2025-07-18 01:00:00,observed,822.09317,822.09317,822.09317,822.09317
2025-07-18 02:00:00,observed,762.104195,762.104195,762.104195,762.104195
2025-07-18 03:00:00,observed,717.572633,717.572633,717.572633,717.572633
2025-07-18 04:00:00,observed,672.553716,672.553716,672.553716,672.553716
2025-07-18 05:00:00,observed,644.577525,644.577525,644.577525,644.577525
2025-07-18 06:00:00,observed,631.896766,631.896766,631.896766,631.896766
2025-07-18 07:00:00,observed,640.175678,640.175678,640.175678,640.175678
2025-07-18 08:00:00,observed,688.87463,688.87463,688.87463,688.87463
2025-07-18 09:00:00,observed,831.565419,831.565419,831.565419,831.565419
2025-07-18 10:00:00,observed,882.353583,882.353583,882.353583,882.353583
2025-07-18 11:00:00,observed,961.905193,961.905193,961.905193,961.905193
2025-07-18 12:00:00,observed,983.928872,983.928872,983.928872,983.928872
2025-07-18 13:00:00,observed,984.790903,984.790903,984.790903,984.790903
2025-07-18 14:00:00,observed,961.951281,961.951281,961.951281,961.951281
2025-07-18 15:00:00,observed,979.07644,979.07644,979.07644,979.07644
2025-07-18 16:00:00,observed,1006.017799,1006.017799,1006.017799,1006.017799
2025-07-18 17:00:00,observed,1041.834336,1041.834336,1041.834336,1041.834336
2025-07-18 18:00:00,observed,1044.65686,1044.65686,1044.65686,1044.65686
2025-07-18 19:00:00,observed,1060.043736,1060.043736,1060.043736,1060.043736
2025-07-18 20:00:00,observed,1076.321794,1076.321794,1076.321794,1076.321794
2025-07-18 21:00:00,observed,1094.226054,1094.226054,1094.226054,1094.226054
2025-07-18 22:00:00,observed,1061.789718,1061.789718,1061.789718,1061.789718
2025-07-18 23:00:00,observed,986.7787,986.7787,986.7787,986.7787
2025-07-19 00:00:00,observed,889.675964,889.675964,889.675964,889.675964
2025-07-19 01:00:00,observed,834.288687,834.288687,834.288687,834.288687
2025-07-19 02:00:00,observed,773.283698,773.283698,773.283698,773.283698
2025-07-19 03:00:00,observed,725.179926,725.179926,725.179926,725.179926
2025-07-19 04:00:00,observed,674.975936,674.975936,674.975936,674.975936
2025-07-19 05:00:00,observed,650.387033,650.387033,650.387033,650.387033
2025-07-19 06:00:00,observed,627.983847,627.983847,627.983847,627.983847
2025-07-19 07:00:00,observed,623.904668,623.904668,623.904668,623.904668
2025-07-19 08:00:00,observed,670.972776,670.972776,670.972776,670.972776
2025-07-19 09:00:00,observed,780.579818,780.579818,780.579818,780.579818
2025-07-19 10:00:00,observed,845.867289,845.867289,845.867289,845.867289
2025-07-19 11:00:00,observed,900.075448,900.075448,900.075448,900.075448
2025-07-19 12:00:00,observed,934.776726,934.776726,934.776726,934.776726
2025-07-19 13:00:00,observed,906.556587,906.556587,906.556587,906.556587
2025-07-19 14:00:00,observed,909.66529,909.66529,909.66529,909.66529
2025-07-19 15:00:00,observed,913.609587,913.609587,913.609587,913.609587
2025-07-19 16:00:00,observed,942.413913,942.413913,942.413913,942.413913
2025-07-19 17:00:00,observed,984.749877,984.749877,984.749877,984.749877
2025-07-19 18:00:00,observed,1008.451641,1008.451641,1008.451641,1008.451641
2025-07-19 19:00:00,observed,1017.499082,1017.499082,1017.499082,1017.499082
2025-07-19 20:00:00,observed,1039.484168,1039.484168,1039.484168,1039.484168
2025-07-19 21:00:00,observed,1052.651034,1052.651034,1052.651034,1052.651034
2025-07-19 22:00:00,observed,1051.533706,1051.533706,1051.533706,1051.533706
2025-07-19 23:00:00,observed,990.090235,990.090235,990.090235,990.090235
2025-07-20 00:00:00,observed,887.52856,887.52856,887.52856,887.52856
2025-07-20 01:00:00,observed,834.794551,834.794551,834.794551,834.794551
2025-07-20 02:00:00,observed,778.262797,778.262797,778.262797,778.262797
2025-07-20 03:00:00,observed,732.637945,732.637945,732.637945,732.637945
2025-07-20 04:00:00,observed,687.474639,687.474639,687.474639,687.474639
2025-07-20 05:00:00,observed,663.624448,663.624448,663.624448,663.624448
2025-07-20 06:00:00,observed,648.114171,648.114171,648.114171,648.114171
2025-07-20 07:00:00,observed,660.398464,660.398464,660.398464,660.398464
2025-07-20 08:00:00,observed,695.09674,695.09674,695.09674,695.09674
2025-07-20 09:00:00,observed,787.742311,787.742311,787.742311,787.742311
2025-07-20 10:00:00,observed,862.232456,862.232456,862.232456,862.232456
2025-07-20 11:00:00,observed,936.765984,936.765984,936.765984,936.765984
2025-07-20 12:00:00,observed,989.082803,989.082803,989.082803,989.082803
2025-07-20 13:00:00,observed,992.345213,992.345213,992.345213,992.345213
2025-07-20 14:00:00,observed,1010.30697,1010.30697,1010.30697,1010.30697
2025-07-20 15:00:00,observed,1011.589446,1011.589446,1011.589446,1011.589446
2025-07-20 16:00:00,observed,1051.604957,1051.604957,1051.604957,1051.604957
2025-07-20 17:00:00,observed,1095.650341,1095.650341,1095.650341,1095.650341
2025-07-20 18:00:00,observed,1129.495563,1129.495563,1129.495563,1129.495563
2025-07-20 19:00:00,observed,1128.618321,1128.618321,1128.618321,1128.618321
2025-07-20 20:00:00,observed,1158.400795,1158.400795,1158.400795,1158.400795
2025-07-20 21:00:00,observed,1170.850663,1170.850663,1170.850663,1170.850663
2025-07-20 22:00:00,observed,1153.102166,1153.102166,1153.102166,1153.102166
2025-07-20 23:00:00,observed,1059.391946,1059.391946,1059.391946,1059.391946
2025-07-21 00:00:00,observed,948.814288,948.814288,948.814288,948.814288
2025-07-21 01:00:00,observed,888.800779,888.800779,888.800779,888.800779
2025-07-21 02:00:00,observed,829.722003,829.722003,829.722003,829.722003
2025-07-21 03:00:00,observed,780.005051,780.005051,780.005051,780.005051
2025-07-21 04:00:00,observed,738.913453,738.913453,738.913453,738.913453
2025-07-21 05:00:00,observed,711.821265,711.821265,711.821265,711.821265
2025-07-21 06:00:00,observed,687.939573,687.939573,687.939573,687.939573
2025-07-21 07:00:00,observed,718.653853,718.653853,718.653853,718.653853
2025-07-21 08:00:00,observed,788.500911,788.500911,788.500911,788.500911
2025-07-21 09:00:00,observed,986.657549,986.657549,986.657549,986.657549
2025-07-21 10:00:00,observed,1031.984596,1031.984596,1031.984596,1031.984596
2025-07-21 11:00:00,observed,1069.564119,1069.564119,1069.564119,1069.564119
2025-07-21 12:00:00,observed,1144.824181,1144.824181,1144.824181,1144.824181
2025-07-21 13:00:00,observed,1149.453034,1149.453034,1149.453034,1149.453034
2025-07-21 14:00:00,observed,1115.130603,1115.130603,1115.130603,1115.130603
2025-07-21 15:00:00,observed,1106.470555,1106.470555,1106.470555,1106.470555
2025-07-21 16:00:00,observed,1139.843882,1139.843882,1139.843882,1139.843882
2025-07-21 17:00:00,observed,1156.810185,1156.810185,1156.810185,1156.810185
2025-07-21 18:00:00,observed,1157.382882,1157.382882,1157.382882,1157.382882
2025-07-21 19:00:00,observed,1183.984907,1183.984907,1183.984907,1183.984907
2025-07-21 20:00:00,observed,1198.243265,1198.243265,1198.243265,1198.243265
2025-07-21 21:00:00,observed,1212.349413,1212.349413,1212.349413,1212.349413
2025-07-21 22:00:00,observed,1168.010531,1168.010531,1168.010531,1168.010531
2025-07-21 23:00:00,observed,1072.799801,1072.799801,1072.799801,1072.799801
2025-07-22 00:00:00,observed,963.12378,963.12378,963.12378,963.12378
2025-07-22 01:00:00,observed,906.427844,906.427844,906.427844,906.427844
2025-07-22 02:00:00,observed,834.108333,834.108333,834.108333,834.108333
2025-07-22 03:00:00,observed,783.628191,783.628191,783.628191,783.628191
2025-07-22 04:00:00,observed,736.686682,736.686682,736.686682,736.686682
2025-07-22 05:00:00,observed,711.022627,711.022627,711.022627,711.022627
2025-07-22 06:00:00,observed,695.35117,695.35117,695.35117,695.35117
2025-07-22 07:00:00,observed,722.764678,722.764678,722.764678,722.764678
2025-07-22 08:00:00,observed,774.530546,774.530546,774.530546,774.530546
2025-07-22 09:00:00,observed,924.307188,924.307188,924.307188,924.307188
2025-07-22 10:00:00,observed,1008.447356,1008.447356,1008.447356,1008.447356
2025-07-22 11:00:00,observed,1047.578494,1047.578494,1047.578494,1047.578494
2025-07-22 12:00:00,observed,1111.93865,1111.93865,1111.93865,1111.93865
2025-07-22 13:00:00,observed,1132.901242,1132.901242,1132.901242,1132.901242
2025-07-22 14:00:00,observed,1076.999161,1076.999161,1076.999161,1076.999161
2025-07-22 15:00:00,observed,1085.138232,1085.138232,1085.138232,1085.138232
2025-07-22 16:00:00,observed,1113.659234,1113.659234,1113.659234,1113.659234
2025-07-22 17:00:00,observed,1150.352862,1150.352862,1150.352862,1150.352862
2025-07-22 18:00:00,observed,1153.890245,1153.890245,1153.890245,1153.890245
2025-07-22 19:00:00,observed,1170.855629,1170.855629,1170.855629,1170.855629
2025-07-22 20:00:00,observed,1200.77803,1200.77803,1200.77803,1200.77803
2025-07-22 21:00:00,observed,1208.859932,1208.859932,1208.859932,1208.859932
2025-07-22 22:00:00,observed,1168.850995,1168.850995,1168.850995,1168.850995
2025-07-22 23:00:00,observed,1076.763765,1076.763765,1076.763765,1076.763765
2025-07-23 00:00:00,observed,960.860518,960.860518,960.860518,960.860518
2025-07-23 01:00:00,observed,894.252251,894.252251,894.252251,894.252251
2025-07-23 02:00:00,observed,832.445572,832.445572,832.445572,832.445572
2025-07-23 03:00:00,observed,786.347465,786.347465,786.347465,786.347465
2025-07-23 04:00:00,observed,735.035455,735.035455,735.035455,735.035455
2025-07-23 05:00:00,observed,710.705227,710.705227,710.705227,710.705227
2025-07-23 06:00:00,observed,700.414009,700.414009,700.414009,700.414009
2025-07-23 07:00:00,observed,719.903295,719.903295,719.903295,719.903295
2025-07-23 08:00:00,observed,771.377582,771.377582,771.377582,771.377582
2025-07-23 09:00:00,observed,943.061645,943.061645,943.061645,943.061645
2025-07-23 10:00:00,observed,998.905424,998.905424,998.905424,998.905424
2025-07-23 11:00:00,observed,1075.282135,1075.282135,1075.282135,1075.282135
2025-07-23 12:00:00,observed,1085.205526,1085.205526,1085.205526,1085.205526
2025-07-23 13:00:00,observed,1071.035434,1071.035434,1071.035434,1071.035434
2025-07-23 14:00:00,observed,1066.270864,1066.270864,1066.270864,1066.270864
2025-07-23 15:00:00,observed,1072.121347,1072.121347,1072.121347,1072.121347
2025-07-23 16:00:00,observed,1086.059056,1086.059056,1086.059056,1086.059056
2025-07-23 17:00:00,observed,1111.709706,1111.709706,1111.709706,1111.709706
2025-07-23 18:00:00,observed,1123.569773,1123.569773,1123.569773,1123.569773
2025-07-23 19:00:00,observed,1151.445959,1151.445959,1151.445959,1151.445959
2025-07-23 20:00:00,observed,1166.026773,1166.026773,1166.026773,1166.026773
2025-07-23 21:00:00,observed,1167.613012,1167.613012,1167.613012,1167.613012
2025-07-23 22:00:00,observed,1130.981888,1130.981888,1130.981888,1130.981888
2025-07-23 23:00:00,observed,1049.25111,1049.25111,1049.25111,1049.25111
2025-07-24 00:00:00,observed,943.394927,943.394927,943.394927,943.394927
2025-07-24 01:00:00,observed,887.951181,887.951181,887.951181,887.951181
2025-07-24 02:00:00,observed,827.568082,827.568082,827.568082,827.568082
2025-07-24 03:00:00,observed,778.91499,778.91499,778.91499,778.91499
2025-07-24 04:00:00,observed,730.659089,730.659089,730.659089,730.659089
2025-07-24 05:00:00,observed,704.225925,704.225925,704.225925,704.225925
2025-07-24 06:00:00,observed,688.765192,688.765192,688.765192,688.765192
2025-07-24 07:00:00,observed,691.952327,691.952327,691.952327,691.952327
2025-07-24 08:00:00,observed,743.97412,743.97412,743.97412,743.97412
2025-07-24 09:00:00,observed,903.956669,903.956669,903.956669,903.956669
2025-07-24 10:00:00,observed,967.807601,967.807601,967.807601,967.807601
2025-07-24 11:00:00,observed,1052.68619,1052.68619,1052.68619,1052.68619
2025-07-24 12:00:00,observed,1084.892352,1084.892352,1084.892352,1084.892352
2025-07-24 13:00:00,observed,1080.349103,1080.349103,1080.349103,1080.349103
2025-07-24 14:00:00,observed,1078.391332,1078.391332,1078.391332,1078.391332
2025-07-24 15:00:00,observed,1074.468846,1074.468846,1074.468846,1074.468846
2025-07-24 16:00:00,observed,1096.991729,1096.991729,1096.991729,1096.991729
2025-07-24 17:00:00,observed,1130.132345,1130.132345,1130.132345,1130.132345
2025-07-24 18:00:00,observed,1131.736783,1131.736783,1131.736783,1131.736783
2025-07-24 19:00:00,observed,1138.843168,1138.843168,1138.843168,1138.843168
2025-07-24 20:00:00,observed,1151.471534,1151.471534,1151.471534,1151.471534
2025-07-24 21:00:00,observed,1160.740951,1160.740951,1160.740951,1160.740951
2025-07-24 22:00:00,observed,1115.993335,1115.993335,1115.993335,1115.993335
2025-07-24 23:00:00,observed,1035.953147,1035.953147,1035.953147,1035.953147
2025-07-25 00:00:00,observed,930.484435,930.484435,930.484435,930.484435
2025-07-25 01:00:00,observed,869.718023,869.718023,869.718023,869.718023
2025-07-25 02:00:00,observed,808.159468,808.159468,808.159468,808.159468
2025-07-25 03:00:00,observed,759.484551,759.484551,759.484551,759.484551
2025-07-25 04:00:00,observed,710.671778,710.671778,710.671778,710.671778
2025-07-25 05:00:00,observed,682.896131,682.896131,682.896131,682.896131
2025-07-25 06:00:00,observed,671.375239,671.375239,671.375239,671.375239
2025-07-25 07:00:00,observed,683.560711,683.560711,683.560711,683.560711
2025-07-25 08:00:00,observed,735.446478,735.446478,735.446478,735.446478
2025-07-25 09:00:00,observed,905.037245,905.037245,905.037245,905.037245
2025-07-25 10:00:00,observed,959.608361,959.608361,959.608361,959.608361
2025-07-25 11:00:00,observed,1047.566786,1047.566786,1047.566786,1047.566786
2025-07-25 12:00:00,observed,1076.303881,1076.303881,1076.303881,1076.303881
2025-07-25 13:00:00,observed,1064.060384,1064.060384,1064.060384,1064.060384
2025-07-25 14:00:00,observed,1058.781913,1058.781913,1058.781913,1058.781913
2025-07-25 15:00:00,observed,1048.100089,1048.100089,1048.100089,1048.100089
2025-07-25 16:00:00,observed,1076.382007,1076.382007,1076.382007,1076.382007
2025-07-25 17:00:00,observed,1104.84232,1104.84232,1104.84232,1104.84232
2025-07-25 18:00:00,observed,1102.212179,1102.212179,1102.212179,1102.212179
2025-07-25 19:00:00,observed,1115.318443,1115.318443,1115.318443,1115.318443
2025-07-25 20:00:00,observed,1136.323551,1136.323551,1136.323551,1136.323551
2025-07-25 21:00:00,observed,1146.117532,1146.117532,1146.117532,1146.117532
2025-07-25 22:00:00,observed,1104.793509,1104.793509,1104.793509,1104.793509
2025-07-25 23:00:00,observed,1023.056383,1023.056383,1023.056383,1023.056383
2025-07-26 00:00:00,observed,913.056658,913.056658,913.056658,913.056658
2025-07-26 01:00:00,observed,851.27604,851.27604,851.27604,851.27604
2025-07-26 02:00:00,observed,784.967023,784.967023,784.967023,784.967023
2025-07-26 03:00:00,observed,736.662527,736.662527,736.662527,736.662527
2025-07-26 04:00:00,observed,690.929512,690.929512,690.929512,690.929512
2025-07-26 05:00:00,observed,663.994042,663.994042,663.994042,663.994042
2025-07-26 06:00:00,observed,642.111837,642.111837,642.111837,642.111837
2025-07-26 07:00:00,observed,637.264531,637.264531,637.264531,637.264531
2025-07-26 08:00:00,observed,679.890811,679.890811,679.890811,679.890811
2025-07-26 09:00:00,observed,806.508704,806.508704,806.508704,806.508704
2025-07-26 10:00:00,observed,893.109183,893.109183,893.109183,893.109183
2025-07-26 11:00:00,observed,958.583046,958.583046,958.583046,958.583046
2025-07-26 12:00:00,observed,1004.665782,1004.665782,1004.665782,1004.665782
2025-07-26 13:00:00,observed,1013.161257,1013.161257,1013.161257,1013.161257
2025-07-26 14:00:00,observed,997.038284,997.038284,997.038284,997.038284
2025-07-26 15:00:00,observed,1014.893938,1014.893938,1014.893938,1014.893938
2025-07-26 16:00:00,observed,1015.664485,1015.664485,1015.664485,1015.664485
2025-07-26 17:00:00,observed,1056.869899,1056.869899,1056.869899,1056.869899
2025-07-26 18:00:00,observed,1079.521199,1079.521199,1079.521199,1079.521199
2025-07-26 19:00:00,observed,1078.243003,1078.243003,1078.243003,1078.243003
2025-07-26 20:00:00,observed,1091.184229,1091.184229,1091.184229,1091.184229
2025-07-26 21:00:00,observed,1105.156959,1105.156959,1105.156959,1105.156959
2025-07-26 22:00:00,observed,1073.249335,1073.249335,1073.249335,1073.249335
2025-07-26 23:00:00,observed,998.859317,998.859317,998.859317,998.859317
2025-07-27 00:00:00,observed,898.896027,898.896027,898.896027,898.896027
2025-07-27 01:00:00,observed,837.120825,837.120825,837.120825,837.120825
2025-07-27 02:00:00,observed,771.740456,771.740456,771.740456,771.740456
2025-07-27 03:00:00,observed,725.046448,725.046448,725.046448,725.046448
2025-07-27 04:00:00,observed,681.138216,681.138216,681.138216,681.138216
2025-07-27 05:00:00,observed,660.123323,660.123323,660.123323,660.123323
2025-07-27 06:00:00,observed,638.241447,638.241447,638.241447,638.241447
2025-07-27 07:00:00,observed,631.033164,631.033164,631.033164,631.033164
2025-07-27 08:00:00,observed,664.83124,664.83124,664.83124,664.83124
2025-07-27 09:00:00,observed,772.095809,772.095809,772.095809,772.095809
2025-07-27 10:00:00,observed,851.85995,851.85995,851.85995,851.85995
2025-07-27 11:00:00,observed,896.968048,896.968048,896.968048,896.968048
2025-07-27 12:00:00,observed,972.17721,972.17721,972.17721,972.17721
2025-07-27 13:00:00,observed,931.319994,931.319994,931.319994,931.319994
2025-07-27 14:00:00,observed,923.47804,923.47804,923.47804,923.47804
2025-07-27 15:00:00,observed,927.487345,927.487345,927.487345,927.487345
2025-07-27 16:00:00,observed,966.884468,966.884468,966.884468,966.884468
2025-07-27 17:00:00,observed,1008.16925,1008.16925,1008.16925,1008.16925
2025-07-27 18:00:00,observed,1042.349821,1042.349821,1042.349821,1042.349821
2025-07-27 19:00:00,observed,1066.331102,1066.331102,1066.331102,1066.331102
2025-07-27 20:00:00,observed,1089.785403,1089.785403,1089.785403,1089.785403
2025-07-27 21:00:00,observed,1098.155747,1098.155747,1098.155747,1098.155747
2025-07-27 22:00:00,observed,1068.455898,1068.455898,1068.455898,1068.455898
2025-07-27 23:00:00,observed,979.050237,979.050237,979.050237,979.050237
2025-07-28 00:00:00,observed,878.53281,878.53281,878.53281,878.53281
2025-07-28 01:00:00,observed,821.156206,821.156206,821.156206,821.156206
2025-07-28 02:00:00,observed,762.103995,762.103995,762.103995,762.103995
2025-07-28 03:00:00,observed,717.293123,717.293123,717.293123,717.293123
2025-07-28 04:00:00,observed,675.325873,675.325873,675.325873,675.325873
2025-07-28 05:00:00,observed,652.544523,652.544523,652.544523,652.544523
2025-07-28 06:00:00,observed,643.473817,643.473817,643.473817,643.473817
2025-07-28 07:00:00,observed,659.767584,659.767584,659.767584,659.767584
2025-07-28 08:00:00,observed,746.226589,746.226589,746.226589,746.226589
2025-07-28 09:00:00,observed,885.438465,885.438465,885.438465,885.438465
2025-07-28 10:00:00,observed,961.301817,961.301817,961.301817,961.301817
2025-07-28 11:00:00,observed,1024.403275,1024.403275,1024.403275,1024.403275
2025-07-28 12:00:00,observed,1076.086773,1076.086773,1076.086773,1076.086773
2025-07-28 13:00:00,observed,1051.714719,1051.714719,1051.714719,1051.714719
2025-07-28 14:00:00,observed,1031.79203,1031.79203,1031.79203,1031.79203
2025-07-28 15:00:00,observed,1052.758251,1052.758251,1052.758251,1052.758251
2025-07-28 16:00:00,observed,1065.384647,1065.384647,1065.384647,1065.384647
2025-07-28 17:00:00,observed,1098.883879,1098.883879,1098.883879,1098.883879
2025-07-28 18:00:00,observed,1088.405003,1088.405003,1088.405003,1088.405003
2025-07-28 19:00:00,observed,1072.363088,1072.363088,1072.363088,1072.363088
2025-07-28 20:00:00,observed,1099.123634,1099.123634,1099.123634,1099.123634
2025-07-28 21:00:00,observed,1102.949156,1102.949156,1102.949156,1102.949156
2025-07-28 22:00:00,observed,1059.477089,1059.477089,1059.477089,1059.477089
2025-07-28 23:00:00,observed,986.768151,986.768151,986.768151,986.768151
2025-07-29 00:00:00,observed,878.118423,878.118423,878.118423,878.118423
2025-07-29 01:00:00,observed,824.514916,824.514916,824.514916,824.514916
2025-07-29 02:00:00,observed,770.753983,770.753983,770.753983,770.753983
2025-07-29 03:00:00,observed,731.683904,731.683904,731.683904,731.683904
2025-07-29 04:00:00,observed,685.742999,685.742999,685.742999,685.742999
2025-07-29 05:00:00,observed,663.656453,663.656453,663.656453,663.656453
2025-07-29 06:00:00,observed,661.144257,661.144257,661.144257,661.144257
2025-07-29 07:00:00,observed,663.085906,663.085906,663.085906,663.085906
2025-07-29 08:00:00,observed,717.804657,717.804657,717.804657,717.804657
2025-07-29 09:00:00,observed,881.543216,881.543216,881.543216,881.543216
2025-07-29 10:00:00,observed,947.516912,947.516912,947.516912,947.516912
2025-07-29 11:00:00,observed,1014.720787,1014.720787,1014.720787,1014.720787
2025-07-29 12:00:00,observed,1067.896328,1067.896328,1067.896328,1067.896328
2025-07-29 13:00:00,observed,1006.306092,1006.306092,1006.306092,1006.306092
2025-07-29 14:00:00,observed,1042.156952,1042.156952,1042.156952,1042.156952
2025-07-29 15:00:00,observed,1064.831291,1064.831291,1064.831291,1064.831291
2025-07-29 16:00:00,observed,1077.481092,1077.481092,1077.481092,1077.481092
2025-07-29 17:00:00,observed,1092.042246,1092.042246,1092.042246,1092.042246
2025-07-29 18:00:00,observed,1081.850887,1081.850887,1081.850887,1081.850887
2025-07-29 19:00:00,observed,1090.028404,1090.028404,1090.028404,1090.028404
2025-07-29 20:00:00,observed,1104.887165,1104.887165,1104.887165,1104.887165
2025-07-29 21:00:00,observed,1099.555109,1099.555109,1099.555109,1099.555109
2025-07-29 22:00:00,observed,1058.15163,1058.15163,1058.15163,1058.15163
2025-07-29 23:00:00,observed,976.361526,976.361526,976.361526,976.361526
2025-07-30 00:00:00,observed,875.871142,875.871142,875.871142,875.871142
2025-07-30 01:00:00,observed,827.888864,827.888864,827.888864,827.888864
2025-07-30 02:00:00,observed,768.154263,768.154263,768.154263,768.154263
2025-07-30 03:00:00,observed,725.447294,725.447294,725.447294,725.447294
2025-07-30 04:00:00,observed,674.498669,674.498669,674.498669,674.498669
2025-07-30 05:00:00,observed,656.314847,656.314847,656.314847,656.314847
2025-07-30 06:00:00,observed,645.178151,645.178151,645.178151,645.178151
2025-07-30 07:00:00,observed,661.1327,661.1327,661.1327,661.1327
2025-07-30 08:00:00,observed,715.569014,715.569014,715.569014,715.569014
2025-07-30 09:00:00,observed,881.115202,881.115202,881.115202,881.115202
2025-07-30 10:00:00,observed,946.303961,946.303961,946.303961,946.303961
2025-07-30 11:00:00,observed,1044.512728,1044.512728,1044.512728,1044.512728
2025-07-30 12:00:00,observed,1073.403387,1073.403387,1073.403387,1073.403387
2025-07-30 13:00:00,observed,1078.676412,1078.676412,1078.676412,1078.676412
2025-07-30 14:00:00,observed,1065.603481,1065.603481,1065.603481,1065.603481
2025-07-30 15:00:00,observed,1032.343682,1032.343682,1032.343682,1032.343682
2025-07-30 16:00:00,observed,1044.339217,1044.339217,1044.339217,1044.339217
2025-07-30 17:00:00,observed,1080.119129,1080.119129,1080.119129,1080.119129
2025-07-30 18:00:00,observed,1057.357943,1057.357943,1057.357943,1057.357943
2025-07-30 19:00:00,observed,1067.330061,1067.330061,1067.330061,1067.330061
2025-07-30 20:00:00,observed,1081.738019,1081.738019,1081.738019,1081.738019
2025-07-30 21:00:00,observed,1079.894223,1079.894223,1079.894223,1079.894223
2025-07-30 22:00:00,observed,1033.959666,1033.959666,1033.959666,1033.959666
2025-07-30 23:00:00,observed,950.1084,950.1084,950.1084,950.1084
2025-07-31 00:00:00,observed,857.033953,857.033953,857.033953,857.033953
2025-07-31 01:00:00,observed,807.893313,807.893313,807.893313,807.893313
2025-07-31 02:00:00,observed,749.634204,749.634204,749.634204,749.634204
2025-07-31 03:00:00,observed,703.211316,703.211316,703.211316,703.211316
2025-07-31 04:00:00,observed,669.865599,669.865599,669.865599,669.865599
2025-07-31 05:00:00,observed,646.360034,646.360034,646.360034,646.360034
2025-07-31 06:00:00,observed,640.547147,640.547147,640.547147,640.547147
2025-07-31 07:00:00,observed,660.043744,660.043744,660.043744,660.043744
2025-07-31 08:00:00,observed,698.781888,698.781888,698.781888,698.781888
2025-07-31 09:00:00,observed,863.0142,863.0142,863.0142,863.0142
2025-07-31 10:00:00,observed,955.015546,955.015546,955.015546,955.015546
2025-07-31 11:00:00,observed,968.686188,968.686188,968.686188,968.686188
2025-07-31 12:00:00,observed,960.412958,960.412958,960.412958,960.412958
2025-07-31 13:00:00,observed,898.995424,898.995424,898.995424,898.995424
2025-07-31 14:00:00,observed,951.502743,951.502743,951.502743,951.502743
2025-07-31 15:00:00,observed,915.221973,915.221973,915.221973,915.221973
2025-07-31 16:00:00,observed,974.293968,974.293968,974.293968,974.293968
2025-07-31 17:00:00,observed,977.333319,977.333319,977.333319,977.333319
2025-07-31 18:00:00,observed,987.816114,987.816114,987.816114,987.816114
2025-07-31 19:00:00,observed,1000.097877,1000.097877,1000.097877,1000.097877
2025-07-31 20:00:00,observed,1034.340818,1034.340818,1034.340818,1034.340818
2025-07-31 21:00:00,observed,1039.988568,1039.988568,1039.988568,1039.988568
2025-07-31 22:00:00,observed,1009.81569,1009.81569,1009.81569,1009.81569
2025-07-31 23:00:00,observed,925.764588,925.764588,925.764588,925.764588
2025-08-01 00:00:00,observed,824.65541,824.65541,824.65541,824.65541
2025-08-01 01:00:00,observed,760.546881,760.546881,760.546881,760.546881
2025-08-01 02:00:00,observed,705.535827,705.535827,705.535827,705.535827
2025-08-01 03:00:00,observed,665.110005,665.110005,665.110005,665.110005
2025-08-01 04:00:00,observed,634.768145,634.768145,634.768145,634.768145
2025-08-01 05:00:00,observed,619.39379,619.39379,619.39379,619.39379
2025-08-01 06:00:00,observed,615.726286,615.726286,615.726286,615.726286
2025-08-01 07:00:00,observed,632.322518,632.322518,632.322518,632.322518
2025-08-01 08:00:00,observed,725.751934,725.751934,725.751934,725.751934
2025-08-01 09:00:00,observed,881.941943,881.941943,881.941943,881.941943
2025-08-01 10:00:00,observed,932.460534,932.460534,932.460534,932.460534
2025-08-01 11:00:00,observed,985.610152,985.610152,985.610152,985.610152
2025-08-01 12:00:00,observed,1027.935651,1027.935651,1027.935651,1027.935651
2025-08-01 13:00:00,observed,986.553041,986.553041,986.553041,986.553041
2025-08-01 14:00:00,observed,941.203625,941.203625,941.203625,941.203625
2025-08-01 15:00:00,observed,918.040411,918.040411,918.040411,918.040411
2025-08-01 16:00:00,observed,969.793306,969.793306,969.793306,969.793306
2025-08-01 17:00:00,observed,955.267949,955.267949,955.267949,955.267949
2025-08-01 18:00:00,observed,933.091612,933.091612,933.091612,933.091612
2025-08-01 19:00:00,observed,958.669195,958.669195,958.669195,958.669195
2025-08-01 20:00:00,observed,993.02221,993.02221,993.02221,993.02221
2025-08-01 21:00:00,observed,993.158807,993.158807,993.158807,993.158807
2025-08-01 22:00:00,observed,939.593136,939.593136,939.593136,939.593136
2025-08-01 23:00:00,observed,862.026846,862.026846,862.026846,862.026846
2025-08-02 00:00:00,observed,769.24506,769.24506,769.24506,769.24506
2025-08-02 01:00:00,observed,731.875066,731.875066,731.875066,731.875066
2025-08-02 02:00:00,observed,682.574966,682.574966,682.574966,682.574966
2025-08-02 03:00:00,observed,645.176047,645.176047,645.176047,645.176047
2025-08-02 04:00:00,observed,611.88601,611.88601,611.88601,611.88601
2025-08-02 05:00:00,observed,574.928122,574.928122,574.928122,574.928122
2025-08-02 06:00:00,observed,578.024809,578.024809,578.024809,578.024809
2025-08-02 07:00:00,observed,592.749707,592.749707,592.749707,592.749707
2025-08-02 08:00:00,observed,637.78245,637.78245,637.78245,637.78245
2025-08-02 09:00:00,observed,770.940692,770.940692,770.940692,770.940692
2025-08-02 10:00:00,observed,806.024615,806.024615,806.024615,806.024615
2025-08-02 11:00:00,observed,893.086892,893.086892,893.086892,893.086892
2025-08-02 12:00:00,observed,965.66036,965.66036,965.66036,965.66036
2025-08-02 13:00:00,observed,931.137888,931.137888,931.137888,931.137888
2025-08-02 14:00:00,observed,919.025432,919.025432,919.025432,919.025432
2025-08-02 15:00:00,observed,826.951673,826.951673,826.951673,826.951673
2025-08-02 16:00:00,observed,835.38577,835.38577,835.38577,835.38577
2025-08-02 17:00:00,observed,949.500718,949.500718,949.500718,949.500718
2025-08-02 18:00:00,observed,927.123381,927.123381,927.123381,927.123381
2025-08-02 19:00:00,observed,934.525447,934.525447,934.525447,934.525447
2025-08-02 20:00:00,observed,944.932317,944.932317,944.932317,944.932317
2025-08-02 21:00:00,observed,948.342904,948.342904,948.342904,948.342904
2025-08-02 22:00:00,observed,902.655275,902.655275,902.655275,902.655275
2025-08-02 23:00:00,observed,842.296453,842.296453,842.296453,842.296453
2025-08-03 00:00:00,observed,758.484403,758.484403,758.484403,758.484403
2025-08-03 01:00:00,observed,715.43835,715.43835,715.43835,715.43835
2025-08-03 02:00:00,observed,662.974044,662.974044,662.974044,662.974044
2025-08-03 03:00:00,observed,616.498494,616.498494,616.498494,616.498494
2025-08-03 04:00:00,observed,586.893938,586.893938,586.893938,586.893938
2025-08-03 05:00:00,observed,565.966641,565.966641,565.966641,565.966641
2025-08-03 06:00:00,observed,561.495376,561.495376,561.495376,561.495376
2025-08-03 07:00:00,observed,556.269403,556.269403,556.269403,556.269403
2025-08-03 08:00:00,observed,579.541495,579.541495,579.541495,579.541495
2025-08-03 09:00:00,observed,672.142663,672.142663,672.142663,672.142663
2025-08-03 10:00:00,observed,737.735832,737.735832,737.735832,737.735832
2025-08-03 11:00:00,observed,821.016632,821.016632,821.016632,821.016632
2025-08-03 12:00:00,observed,866.185187,866.185187,866.185187,866.185187
2025-08-03 13:00:00,observed,878.211388,878.211388,878.211388,878.211388
2025-08-03 14:00:00,observed,865.64178,865.64178,865.64178,865.64178
2025-08-03 15:00:00,observed,879.163539,879.163539,879.163539,879.163539
2025-08-03 16:00:00,observed,911.027308,911.027308,911.027308,911.027308
2025-08-03 17:00:00,observed,976.794782,976.794782,976.794782,976.794782
2025-08-03 18:00:00,observed,1010.279898,1010.279898,1010.279898,1010.279898
2025-08-03 19:00:00,observed,1030.560909,1030.560909,1030.560909,1030.560909
2025-08-03 20:00:00,observed,1064.759571,1064.759571,1064.759571,1064.759571
2025-08-03 21:00:00,observed,1072.428095,1072.428095,1072.428095,1072.428095
2025-08-03 22:00:00,observed,1047.050942,1047.050942,1047.050942,1047.050942
2025-08-03 23:00:00,observed,957.249586,957.249586,957.249586,957.249586
2025-08-04 00:00:00,observed,859.396258,859.396258,859.396258,859.396258
2025-08-04 01:00:00,observed,804.511757,804.511757,804.511757,804.511757
2025-08-04 02:00:00,observed,741.766128,741.766128,741.766128,741.766128
2025-08-04 03:00:00,observed,696.735659,696.735659,696.735659,696.735659
2025-08-04 04:00:00,observed,661.503045,661.503045,661.503045,661.503045
2025-08-04 05:00:00,observed,642.056466,642.056466,642.056466,642.056466
2025-08-04 06:00:00,observed,637.251766,637.251766,637.251766,637.251766
2025-08-04 07:00:00,observed,667.618507,667.618507,667.618507,667.618507
2025-08-04 08:00:00,observed,748.956338,748.956338,748.956338,748.956338
2025-08-04 09:00:00,observed,919.983881,919.983881,919.983881,919.983881
2025-08-04 10:00:00,observed,1012.31287,1012.31287,1012.31287,1012.31287
2025-08-04 11:00:00,observed,1126.979558,1126.979558,1126.979558,1126.979558
2025-08-04 12:00:00,observed,1164.315423,1164.315423,1164.315423,1164.315423
2025-08-04 13:00:00,observed,1164.707095,1164.707095,1164.707095,1164.707095
2025-08-04 14:00:00,observed,1040.573004,1040.573004,1040.573004,1040.573004
2025-08-04 15:00:00,observed,994.442918,994.442918,994.442918,994.442918
2025-08-04 16:00:00,observed,1052.57864,1052.57864,1052.57864,1052.57864
2025-08-04 17:00:00,observed,1089.407761,1089.407761,1089.407761,1089.407761
2025-08-04 18:00:00,observed,1114.95314,1114.95314,1114.95314,1114.95314
2025-08-04 19:00:00,observed,1126.348969,1126.348969,1126.348969,1126.348969
2025-08-04 20:00:00,observed,1149.441559,1149.441559,1149.441559,1149.441559
2025-08-04 21:00:00,observed,1140.652911,1140.652911,1140.652911,1140.652911
2025-08-04 22:00:00,observed,1086.085662,1086.085662,1086.085662,1086.085662
2025-08-04 23:00:00,observed,999.301523,999.301523,999.301523,999.301523
2025-08-05 00:00:00,observed,889.791226,889.791226,889.791226,889.791226
2025-08-05 01:00:00,observed,838.697549,838.697549,838.697549,838.697549
2025-08-05 02:00:00,observed,783.658727,783.658727,783.658727,783.658727
2025-08-05 03:00:00,observed,739.43054,739.43054,739.43054,739.43054
2025-08-05 04:00:00,observed,699.87183,699.87183,699.87183,699.87183
2025-08-05 05:00:00,observed,674.338708,674.338708,674.338708,674.338708
2025-08-05 06:00:00,observed,671.294011,671.294011,671.294011,671.294011
2025-08-05 07:00:00,observed,701.170536,701.170536,701.170536,701.170536
2025-08-05 08:00:00,observed,757.391443,757.391443,757.391443,757.391443
2025-08-05 09:00:00,observed,925.604308,925.604308,925.604308,925.604308
2025-08-05 10:00:00,observed,990.880474,990.880474,990.880474,990.880474
2025-08-05 11:00:00,observed,1062.946629,1062.946629,1062.946629,1062.946629
2025-08-05 12:00:00,observed,1102.786605,1102.786605,1102.786605,1102.786605
2025-08-05 13:00:00,observed,1098.868814,1098.868814,1098.868814,1098.868814
2025-08-05 14:00:00,observed,1085.179903,1085.179903,1085.179903,1085.179903
2025-08-05 15:00:00,observed,1080.129288,1080.129288,1080.129288,1080.129288
2025-08-05 16:00:00,observed,1096.176393,1096.176393,1096.176393,1096.176393
2025-08-05 17:00:00,observed,1151.500269,1151.500269,1151.500269,1151.500269
2025-08-05 18:00:00,observed,1156.057113,1156.057113,1156.057113,1156.057113
2025-08-05 19:00:00,observed,1164.623987,1164.623987,1164.623987,1164.623987
2025-08-05 20:00:00,observed,1190.298929,1190.298929,1190.298929,1190.298929
2025-08-05 21:00:00,observed,1194.332505,1194.332505,1194.332505,1194.332505
2025-08-05 22:00:00,observed,1131.495042,1131.495042,1131.495042,1131.495042
2025-08-05 23:00:00,observed,1048.140635,1048.140635,1048.140635,1048.140635
2025-08-06 00:00:00,observed,943.644751,943.644751,943.644751,943.644751
2025-08-06 01:00:00,observed,885.17065,885.17065,885.17065,885.17065
2025-08-06 02:00:00,observed,823.05072,823.05072,823.05072,823.05072
2025-08-06 03:00:00,observed,776.491135,776.491135,776.491135,776.491135
2025-08-06 04:00:00,observed,734.19947,734.19947,734.19947,734.19947
2025-08-06 05:00:00,observed,713.401995,713.401995,713.401995,713.401995
2025-08-06 06:00:00,observed,703.718801,703.718801,703.718801,703.718801
2025-08-06 07:00:00,observed,719.737828,719.737828,719.737828,719.737828
2025-08-06 08:00:00,observed,816.429696,816.429696,816.429696,816.429696
2025-08-06 09:00:00,observed,970.510482,970.510482,970.510482,970.510482
2025-08-06 10:00:00,observed,1095.597958,1095.597958,1095.597958,1095.597958
2025-08-06 11:00:00,observed,1207.227603,1207.227603,1207.227603,1207.227603
2025-08-06 12:00:00,observed,1208.11332,1208.11332,1208.11332,1208.11332
2025-08-06 13:00:00,observed,1161.547734,1161.547734,1161.547734,1161.547734
2025-08-06 14:00:00,observed,1164.70984,1164.70984,1164.70984,1164.70984
2025-08-06 15:00:00,observed,1125.531911,1125.531911,1125.531911,1125.531911
2025-08-06 16:00:00,observed,1097.692135,1097.692135,1097.692135,1097.692135
2025-08-06 17:00:00,observed,1136.632018,1136.632018,1136.632018,1136.632018
2025-08-06 18:00:00,observed,1133.71392,1133.71392,1133.71392,1133.71392
2025-08-06 19:00:00,observed,1164.912505,1164.912505,1164.912505,1164.912505
2025-08-06 20:00:00,observed,1159.018923,1159.018923,1159.018923,1159.018923
2025-08-06 21:00:00,observed,1134.376841,1134.376841,1134.376841,1134.376841
2025-08-06 22:00:00,observed,1015.260652,1015.260652,1015.260652,1015.260652
2025-08-06 23:00:00,observed,938.354725,938.354725,938.354725,938.354725
2025-08-07 00:00:00,observed,860.256539,860.256539,860.256539,860.256539
2025-08-07 01:00:00,observed,799.64514,799.64514,799.64514,799.64514
2025-08-07 02:00:00,observed,744.606978,744.606978,744.606978,744.606978
2025-08-07 03:00:00,observed,700.715244,700.715244,700.715244,700.715244
2025-08-07 04:00:00,observed,663.451489,663.451489,663.451489,663.451489
2025-08-07 05:00:00,observed,642.353189,642.353189,642.353189,642.353189
2025-08-07 06:00:00,observed,652.707087,652.707087,652.707087,652.707087
2025-08-07 07:00:00,observed,677.757432,677.757432,677.757432,677.757432
2025-08-07 08:00:00,observed,757.639338,757.639338,757.639338,757.639338
2025-08-07 09:00:00,observed,930.069217,930.069217,930.069217,930.069217
2025-08-07 10:00:00,observed,992.340603,992.340603,992.340603,992.340603
2025-08-07 11:00:00,observed,1049.540036,1049.540036,1049.540036,1049.540036
2025-08-07 12:00:00,observed,1090.76485,1090.76485,1090.76485,1090.76485
2025-08-07 13:00:00,observed,1076.219566,1076.219566,1076.219566,1076.219566
2025-08-07 14:00:00,observed,1048.00213,1048.00213,1048.00213,1048.00213
2025-08-07 15:00:00,observed,1046.605297,1046.605297,1046.605297,1046.605297
2025-08-07 16:00:00,observed,1051.266663,1051.266663,1051.266663,1051.266663
2025-08-07 17:00:00,observed,1113.050395,1113.050395,1113.050395,1113.050395
2025-08-07 18:00:00,observed,1047.57287,1047.57287,1047.57287,1047.57287
2025-08-07 19:00:00,observed,1053.833581,1053.833581,1053.833581,1053.833581
2025-08-07 20:00:00,observed,1076.703046,1076.703046,1076.703046,1076.703046
2025-08-07 21:00:00,observed,1082.891269,1082.891269,1082.891269,1082.891269
2025-08-07 22:00:00,observed,1042.602469,1042.602469,1042.602469,1042.602469
2025-08-07 23:00:00,observed,966.597654,966.597654,966.597654,966.597654
2025-08-08 00:00:00,observed,862.159284,862.159284,862.159284,862.159284
2025-08-08 01:00:00,observed,816.102574,816.102574,816.102574,816.102574
2025-08-08 02:00:00,observed,758.038235,758.038235,758.038235,758.038235
2025-08-08 03:00:00,observed,714.050759,714.050759,714.050759,714.050759
2025-08-08 04:00:00,observed,682.187106,682.187106,682.187106,682.187106
2025-08-08 05:00:00,observed,658.641727,658.641727,658.641727,658.641727
2025-08-08 06:00:00,observed,661.952209,661.952209,661.952209,661.952209
2025-08-08 07:00:00,observed,683.08939,683.08939,683.08939,683.08939
2025-08-08 08:00:00,observed,764.97068,764.97068,764.97068,764.97068
2025-08-08 09:00:00,observed,947.930371,947.930371,947.930371,947.930371
2025-08-08 10:00:00,observed,1003.345879,1003.345879,1003.345879,1003.345879
2025-08-08 11:00:00,observed,1069.628423,1069.628423,1069.628423,1069.628423
2025-08-08 12:00:00,observed,1101.630391,1101.630391,1101.630391,1101.630391
2025-08-08 13:00:00,observed,1075.980889,1075.980889,1075.980889,1075.980889
2025-08-08 14:00:00,observed,1054.611509,1054.611509,1054.611509,1054.611509
2025-08-08 15:00:00,observed,1055.195098,1055.195098,1055.195098,1055.195098
2025-08-08 16:00:00,observed,1080.944604,1080.944604,1080.944604,1080.944604
2025-08-08 17:00:00,observed,1047.455723,1047.455723,1047.455723,1047.455723
2025-08-08 18:00:00,observed,1046.410267,1046.410267,1046.410267,1046.410267
2025-08-08 19:00:00,observed,1064.576778,1064.576778,1064.576778,1064.576778
2025-08-08 20:00:00,observed,1091.104745,1091.104745,1091.104745,1091.104745
2025-08-08 21:00:00,observed,1087.274693,1087.274693,1087.274693,1087.274693
2025-08-08 22:00:00,observed,1031.765163,1031.765163,1031.765163,1031.765163
2025-08-08 23:00:00,observed,943.614065,943.614065,943.614065,943.614065
2025-08-09 00:00:00,observed,849.386209,849.386209,849.386209,849.386209
2025-08-09 01:00:00,observed,797.201954,797.201954,797.201954,797.201954
2025-08-09 02:00:00,observed,738.927135,738.927135,738.927135,738.927135
2025-08-09 03:00:00,observed,696.643332,696.643332,696.643332,696.643332
2025-08-09 04:00:00,observed,664.806707,664.806707,664.806707,664.806707
2025-08-09 05:00:00,observed,647.071518,647.071518,647.071518,647.071518
2025-08-09 06:00:00,observed,645.858367,645.858367,645.858367,645.858367
2025-08-09 07:00:00,observed,664.201866,664.201866,664.201866,664.201866
2025-08-09 08:00:00,observed,731.584838,731.584838,731.584838,731.584838
2025-08-09 09:00:00,observed,859.409836,859.409836,859.409836,859.409836
2025-08-09 10:00:00,observed,884.321571,884.321571,884.321571,884.321571
2025-08-09 11:00:00,observed,933.632423,933.632423,933.632423,933.632423
2025-08-09 12:00:00,observed,920.428204,920.428204,920.428204,920.428204
2025-08-09 13:00:00,observed,885.096979,885.096979,885.096979,885.096979
2025-08-09 14:00:00,observed,900.321036,900.321036,900.321036,900.321036
2025-08-09 15:00:00,observed,862.799167,862.799167,862.799167,862.799167
2025-08-09 16:00:00,observed,894.141141,894.141141,894.141141,894.141141
2025-08-09 17:00:00,observed,881.509274,881.509274,881.509274,881.509274
2025-08-09 18:00:00,observed,896.656502,896.656502,896.656502,896.656502
2025-08-09 19:00:00,observed,901.688465,901.688465,901.688465,901.688465
2025-08-09 20:00:00,observed,920.432186,920.432186,920.432186,920.432186
2025-08-09 21:00:00,observed,915.609903,915.609903,915.609903,915.609903
2025-08-09 22:00:00,observed,871.331271,871.331271,871.331271,871.331271
2025-08-09 23:00:00,observed,781.196863,781.196863,781.196863,781.196863
2025-08-10 00:00:00,observed,707.357596,707.357596,707.357596,707.357596
2025-08-10 01:00:00,observed,656.31094,656.31094,656.31094,656.31094
2025-08-10 02:00:00,observed,612.027573,612.027573,612.027573,612.027573
2025-08-10 03:00:00,observed,569.159414,569.159414,569.159414,569.159414
2025-08-10 04:00:00,observed,545.400883,545.400883,545.400883,545.400883
2025-08-10 05:00:00,observed,533.452352,533.452352,533.452352,533.452352
2025-08-10 06:00:00,observed,529.039062,529.039062,529.039062,529.039062
2025-08-10 07:00:00,observed,523.354663,523.354663,523.354663,523.354663
2025-08-10 08:00:00,observed,541.959228,541.959228,541.959228,541.959228
2025-08-10 09:00:00,observed,609.151574,609.151574,609.151574,609.151574
2025-08-10 10:00:00,observed,675.065454,675.065454,675.065454,675.065454
2025-08-10 11:00:00,observed,743.140894,743.140894,743.140894,743.140894
2025-08-10 12:00:00,observed,795.137804,795.137804,795.137804,795.137804
2025-08-10 13:00:00,observed,799.388897,799.388897,799.388897,799.388897
2025-08-10 14:00:00,observed,769.647791,769.647791,769.647791,769.647791
2025-08-10 15:00:00,observed,753.881649,753.881649,753.881649,753.881649
2025-08-10 16:00:00,observed,780.331455,780.331455,780.331455,780.331455
2025-08-10 17:00:00,observed,788.369986,788.369986,788.369986,788.369986
2025-08-10 18:00:00,observed,811.01704,811.01704,811.01704,811.01704
2025-08-10 19:00:00,observed,806.607346,806.607346,806.607346,806.607346
2025-08-10 20:00:00,observed,824.43643,824.43643,824.43643,824.43643
2025-08-10 21:00:00,observed,809.571507,809.571507,809.571507,809.571507
2025-08-10 22:00:00,observed,754.892459,754.892459,754.892459,754.892459
2025-08-10 23:00:00,observed,699.662486,699.662486,699.662486,699.662486
2025-08-11 00:00:00,observed,628.088223,628.088223,628.088223,628.088223
2025-08-11 01:00:00,observed,584.955958,584.955958,584.955958,584.955958
2025-08-11 02:00:00,observed,552.868737,552.868737,552.868737,552.868737
2025-08-11 03:00:00,observed,511.80734,511.80734,511.80734,511.80734
2025-08-11 04:00:00,observed,480.913259,480.913259,480.913259,480.913259
2025-08-11 05:00:00,observed,466.67926,466.67926,466.67926,466.67926
2025-08-11 06:00:00,observed,480.81692,480.81692,480.81692,480.81692
2025-08-11 07:00:00,observed,520.904489,520.904489,520.904489,520.904489
2025-08-11 08:00:00,observed,545.768191,545.768191,545.768191,545.768191
2025-08-11 09:00:00,observed,646.883247,646.883247,646.883247,646.883247
2025-08-11 10:00:00,observed,624.267045,624.267045,624.267045,624.267045
2025-08-11 11:00:00,observed,778.705423,778.705423,778.705423,778.705423
2025-08-11 12:00:00,observed,638.67846,638.67846,638.67846,638.67846
2025-08-11 13:00:00,observed,620.31326,620.31326,620.31326,620.31326
2025-08-11 14:00:00,observed,634.26815,634.26815,634.26815,634.26815
2025-08-11 15:00:00,observed,696.941673,696.941673,696.941673,696.941673
2025-08-11 16:00:00,observed,769.852857,769.852857,769.852857,769.852857
2025-08-11 17:00:00,observed,776.429917,776.429917,776.429917,776.429917
2025-08-11 18:00:00,observed,784.311725,784.311725,784.311725,784.311725
2025-08-11 19:00:00,observed,790.870851,790.870851,790.870851,790.870851
2025-08-11 20:00:00,observed,796.045351,796.045351,796.045351,796.045351
2025-08-11 21:00:00,observed,786.498599,786.498599,786.498599,786.498599
2025-08-11 22:00:00,observed,739.246103,739.246103,739.246103,739.246103
2025-08-11 23:00:00,observed,682.492542,682.492542,682.492542,682.492542
2025-08-12 00:00:00,observed,610.682553,610.682553,610.682553,610.682553
2025-08-12 01:00:00,observed,574.546539,574.546539,574.546539,574.546539
2025-08-12 02:00:00,observed,531.675603,531.675603,531.675603,531.675603
2025-08-12 03:00:00,observed,500.656762,500.656762,500.656762,500.656762
2025-08-12 04:00:00,observed,472.075454,472.075454,472.075454,472.075454
2025-08-12 05:00:00,observed,463.604985,463.604985,463.604985,463.604985
2025-08-12 06:00:00,observed,481.927014,481.927014,481.927014,481.927014
2025-08-12 07:00:00,observed,473.138577,473.138577,473.138577,473.138577
2025-08-12 08:00:00,observed,507.701623,507.701623,507.701623,507.701623
2025-08-12 09:00:00,observed,636.309378,636.309378,636.309378,636.309378
2025-08-12 10:00:00,observed,729.163361,729.163361,729.163361,729.163361
2025-08-12 11:00:00,observed,776.00998,776.00998,776.00998,776.00998
2025-08-12 12:00:00,observed,828.877403,828.877403,828.877403,828.877403
2025-08-12 13:00:00,observed,731.180335,731.180335,731.180335,731.180335
2025-08-12 14:00:00,observed,780.093181,780.093181,780.093181,780.093181
2025-08-12 15:00:00,observed,770.979643,770.979643,770.979643,770.979643
2025-08-12 16:00:00,observed,731.569198,731.569198,731.569198,731.569198
2025-08-12 17:00:00,observed,816.546371,816.546371,816.546371,816.546371
2025-08-12 18:00:00,observed,813.905268,813.905268,813.905268,813.905268
2025-08-12 19:00:00,observed,829.931944,829.931944,829.931944,829.931944
2025-08-12 20:00:00,observed,846.307978,846.307978,846.307978,846.307978
2025-08-12 21:00:00,observed,843.305229,843.305229,843.305229,843.305229
2025-08-12 22:00:00,observed,775.99801,775.99801,775.99801,775.99801
2025-08-12 23:00:00,observed,713.527418,713.527418,713.527418,713.527418
2025-08-13 00:00:00,observed,635.897905,635.897905,635.897905,635.897905
2025-08-13 01:00:00,observed,591.085138,591.085138,591.085138,591.085138
2025-08-13 02:00:00,observed,544.24243,544.24243,544.24243,544.24243
2025-08-13 03:00:00,observed,507.83223,507.83223,507.83223,507.83223
2025-08-13 04:00:00,observed,480.02006,480.02006,480.02006,480.02006
2025-08-13 05:00:00,observed,467.156259,467.156259,467.156259,467.156259
2025-08-13 06:00:00,observed,481.057789,481.057789,481.057789,481.057789
2025-08-13 07:00:00,observed,506.996902,506.996902,506.996902,506.996902
2025-08-13 08:00:00,observed,550.445015,550.445015,550.445015,550.445015
2025-08-13 09:00:00,observed,642.525164,642.525164,642.525164,642.525164
2025-08-13 10:00:00,observed,678.376323,678.376323,678.376323,678.376323
2025-08-13 11:00:00,observed,745.202104,745.202104,745.202104,745.202104
2025-08-13 12:00:00,observed,767.865214,767.865214,767.865214,767.865214
2025-08-13 13:00:00,observed,781.15591,781.15591,781.15591,781.15591
2025-08-13 14:00:00,observed,726.603185,726.603185,726.603185,726.603185
2025-08-13 15:00:00,observed,746.241199,746.241199,746.241199,746.241199
2025-08-13 16:00:00,observed,806.619581,806.619581,806.619581,806.619581
2025-08-13 17:00:00,observed,836.080554,836.080554,836.080554,836.080554
2025-08-13 18:00:00,observed,860.565427,860.565427,860.565427,860.565427
2025-08-13 19:00:00,observed,877.799597,877.799597,877.799597,877.799597
2025-08-13 20:00:00,observed,893.940779,893.940779,893.940779,893.940779
2025-08-13 21:00:00,observed,884.925058,884.925058,884.925058,884.925058
2025-08-13 22:00:00,observed,840.047609,840.047609,840.047609,840.047609
2025-08-13 23:00:00,observed,777.010751,777.010751,777.010751,777.010751
2025-08-14 00:00:00,observed,689.393852,689.393852,689.393852,689.393852
2025-08-14 01:00:00,observed,640.942088,640.942088,640.942088,640.942088
2025-08-14 02:00:00,observed,593.834791,593.834791,593.834791,593.834791
2025-08-14 03:00:00,observed,558.566457,558.566457,558.566457,558.566457
2025-08-14 04:00:00,observed,530.654649,530.654649,530.654649,530.654649
2025-08-14 05:00:00,observed,516.166291,516.166291,516.166291,516.166291
2025-08-14 06:00:00,observed,532.56479,532.56479,532.56479,532.56479
2025-08-14 07:00:00,observed,562.894824,562.894824,562.894824,562.894824
2025-08-14 08:00:00,observed,623.865216,623.865216,623.865216,623.865216
2025-08-14 09:00:00,observed,751.900761,751.900761,751.900761,751.900761
2025-08-14 10:00:00,observed,863.162034,863.162034,863.162034,863.162034
2025-08-14 11:00:00,observed,873.747426,873.747426,873.747426,873.747426
2025-08-14 12:00:00,observed,814.767695,814.767695,814.767695,814.767695
2025-08-14 13:00:00,observed,686.258378,686.258378,686.258378,686.258378
2025-08-14 14:00:00,observed,682.060579,682.060579,682.060579,682.060579
2025-08-14 15:00:00,observed,664.305271,664.305271,664.305271,664.305271
2025-08-14 16:00:00,observed,729.290647,729.290647,729.290647,729.290647
2025-08-14 17:00:00,observed,798.599447,798.599447,798.599447,798.599447
2025-08-14 18:00:00,observed,841.503049,841.503049,841.503049,841.503049
2025-08-14 19:00:00,observed,858.373241,858.373241,858.373241,858.373241
2025-08-14 20:00:00,observed,883.925322,883.925322,883.925322,883.925322
2025-08-14 21:00:00,observed,875.314182,875.314182,875.314182,875.314182
2025-08-14 22:00:00,observed,822.651571,822.651571,822.651571,822.651571
2025-08-14 23:00:00,observed,763.768518,763.768518,763.768518,763.768518
2025-08-15 00:00:00,observed,671.35932,671.35932,671.35932,671.35932
2025-08-15 01:00:00,observed,629.763082,629.763082,629.763082,629.763082
2025-08-15 02:00:00,observed,585.722248,585.722248,585.722248,585.722248
2025-08-15 03:00:00,observed,549.076579,549.076579,549.076579,549.076579
2025-08-15 04:00:00,observed,518.48419,518.48419,518.48419,518.48419
2025-08-15 05:00:00,observed,513.810149,513.810149,513.810149,513.810149
2025-08-15 06:00:00,observed,534.344105,534.344105,534.344105,534.344105
2025-08-15 07:00:00,observed,559.599358,559.599358,559.599358,559.599358
2025-08-15 08:00:00,observed,610.757672,610.757672,610.757672,610.757672
2025-08-15 09:00:00,observed,745.932677,745.932677,745.932677,745.932677
2025-08-15 10:00:00,observed,820.081113,820.081113,820.081113,820.081113
2025-08-15 11:00:00,observed,895.838423,895.838423,895.838423,895.838423
2025-08-15 12:00:00,observed,949.659383,949.659383,949.659383,949.659383
2025-08-15 13:00:00,observed,955.831241,955.831241,955.831241,955.831241
2025-08-15 14:00:00,observed,957.089309,957.089309,957.089309,957.089309
2025-08-15 15:00:00,observed,961.739002,961.739002,961.739002,961.739002
2025-08-15 16:00:00,observed,979.220571,979.220571,979.220571,979.220571
2025-08-15 17:00:00,observed,1024.350023,1024.350023,1024.350023,1024.350023
2025-08-15 18:00:00,observed,1041.268232,1041.268232,1041.268232,1041.268232
2025-08-15 19:00:00,observed,1057.944841,1057.944841,1057.944841,1057.944841
2025-08-15 20:00:00,observed,1086.57487,1086.57487,1086.57487,1086.57487
2025-08-15 21:00:00,observed,1088.675115,1088.675115,1088.675115,1088.675115
2025-08-15 22:00:00,observed,1034.694771,1034.694771,1034.694771,1034.694771
2025-08-15 23:00:00,observed,954.370831,954.370831,954.370831,954.370831
2025-08-16 00:00:00,observed,848.977175,848.977175,848.977175,848.977175
2025-08-16 01:00:00,observed,785.092164,785.092164,785.092164,785.092164
2025-08-16 02:00:00,observed,724.815906,724.815906,724.815906,724.815906
2025-08-16 03:00:00,observed,676.790415,676.790415,676.790415,676.790415
2025-08-16 04:00:00,observed,640.152196,640.152196,640.152196,640.152196
2025-08-16 05:00:00,observed,610.588484,610.588484,610.588484,610.588484
2025-08-16 06:00:00,observed,612.05585,612.05585,612.05585,612.05585
2025-08-16 07:00:00,observed,608.825227,608.825227,608.825227,608.825227
2025-08-16 08:00:00,observed,635.268288,635.268288,635.268288,635.268288
2025-08-16 09:00:00,observed,766.463085,766.463085,766.463085,766.463085
2025-08-16 10:00:00,observed,853.551064,853.551064,853.551064,853.551064
2025-08-16 11:00:00,observed,932.231765,932.231765,932.231765,932.231765
2025-08-16 12:00:00,observed,977.777344,977.777344,977.777344,977.777344
2025-08-16 13:00:00,observed,975.409643,975.409643,975.409643,975.409643
2025-08-16 14:00:00,observed,1012.66833,1012.66833,1012.66833,1012.66833
2025-08-16 15:00:00,observed,1014.978716,1014.978716,1014.978716,1014.978716
2025-08-16 16:00:00,observed,1008.662849,1008.662849,1008.662849,1008.662849
2025-08-16 17:00:00,observed,1044.627767,1044.627767,1044.627767,1044.627767
2025-08-16 18:00:00,observed,1076.346223,1076.346223,1076.346223,1076.346223
2025-08-16 19:00:00,observed,1084.167746,1084.167746,1084.167746,1084.167746
2025-08-16 20:00:00,observed,1108.376872,1108.376872,1108.376872,1108.376872
2025-08-16 21:00:00,observed,1102.886945,1102.886945,1102.886945,1102.886945
2025-08-16 22:00:00,observed,1068.460981,1068.460981,1068.460981,1068.460981
2025-08-16 23:00:00,observed,991.020784,991.020784,991.020784,991.020784
2025-08-17 00:00:00,observed,887.482158,887.482158,887.482158,887.482158
2025-08-17 01:00:00,observed,825.044654,825.044654,825.044654,825.044654
2025-08-17 02:00:00,observed,767.458422,767.458422,767.458422,767.458422
2025-08-17 03:00:00,observed,715.238761,715.238761,715.238761,715.238761
2025-08-17 04:00:00,observed,672.764623,672.764623,672.764623,672.764623
2025-08-17 05:00:00,observed,647.442148,647.442148,647.442148,647.442148
2025-08-17 06:00:00,observed,636.803838,636.803838,636.803838,636.803838
2025-08-17 07:00:00,observed,637.656342,637.656342,637.656342,637.656342
2025-08-17 08:00:00,observed,665.237964,665.237964,665.237964,665.237964
2025-08-17 09:00:00,observed,767.262785,767.262785,767.262785,767.262785
2025-08-17 10:00:00,observed,858.88394,858.88394,858.88394,858.88394
2025-08-17 11:00:00,observed,946.958249,946.958249,946.958249,946.958249
2025-08-17 12:00:00,observed,989.286444,989.286444,989.286444,989.286444
2025-08-17 13:00:00,observed,1040.122794,1040.122794,1040.122794,1040.122794
2025-08-17 14:00:00,observed,1009.96438,1009.96438,1009.96438,1009.96438
2025-08-17 15:00:00,observed,1015.699601,1015.699601,1015.699601,1015.699601
2025-08-17 16:00:00,observed,1015.796875,1015.796875,1015.796875,1015.796875
2025-08-17 17:00:00,observed,1054.098626,1054.098626,1054.098626,1054.098626
2025-08-17 18:00:00,observed,1085.405475,1085.405475,1085.405475,1085.405475
2025-08-17 19:00:00,observed,1102.01211,1102.01211,1102.01211,1102.01211
2025-08-17 20:00:00,observed,1132.41955,1132.41955,1132.41955,1132.41955
2025-08-17 21:00:00,observed,1140.997407,1140.997407,1140.997407,1140.997407
2025-08-17 22:00:00,observed,1103.299239,1103.299239,1103.299239,1103.299239
2025-08-17 23:00:00,observed,1019.129956,1019.129956,1019.129956,1019.129956
2025-08-18 00:00:00,observed,905.912098,905.912098,905.912098,905.912098
2025-08-18 01:00:00,observed,849.1286,849.1286,849.1286,849.1286
2025-08-18 02:00:00,observed,783.493287,783.493287,783.493287,783.493287
2025-08-18 03:00:00,observed,734.51043,734.51043,734.51043,734.51043
2025-08-18 04:00:00,observed,695.996755,695.996755,695.996755,695.996755
2025-08-18 05:00:00,observed,673.082804,673.082804,673.082804,673.082804
2025-08-18 06:00:00,observed,674.175406,674.175406,674.175406,674.175406
2025-08-18 07:00:00,observed,690.479808,690.479808,690.479808,690.479808
2025-08-18 08:00:00,observed,763.602495,763.602495,763.602495,763.602495
2025-08-18 09:00:00,observed,923.062766,923.062766,923.062766,923.062766
2025-08-18 10:00:00,observed,1001.514798,1001.514798,1001.514798,1001.514798
2025-08-18 11:00:00,observed,1079.57588,1079.57588,1079.57588,1079.57588
2025-08-18 12:00:00,observed,1102.565264,1102.565264,1102.565264,1102.565264
2025-08-18 13:00:00,observed,1109.84972,1109.84972,1109.84972,1109.84972
2025-08-18 14:00:00,observed,1104.629504,1104.629504,1104.629504,1104.629504
2025-08-18 15:00:00,observed,1098.385596,1098.385596,1098.385596,1098.385596
2025-08-18 16:00:00,observed,1116.312157,1116.312157,1116.312157,1116.312157
2025-08-18 17:00:00,observed,1163.307552,1163.307552,1163.307552,1163.307552
2025-08-18 18:00:00,observed,1171.852349,1171.852349,1171.852349,1171.852349
2025-08-18 19:00:00,observed,1185.191925,1185.191925,1185.191925,1185.191925
2025-08-18 20:00:00,observed,1208.324386,1208.324386,1208.324386,1208.324386
2025-08-18 21:00:00,observed,1206.941182,1206.941182,1206.941182,1206.941182
2025-08-18 22:00:00,observed,1150.582127,1150.582127,1150.582127,1150.582127
2025-08-18 23:00:00,observed,1066.937213,1066.937213,1066.937213,1066.937213
2025-08-19 00:00:00,observed,961.226765,961.226765,961.226765,961.226765
2025-08-19 01:00:00,observed,905.869571,905.869571,905.869571,905.869571
2025-08-19 02:00:00,observed,836.128027,836.128027,836.128027,836.128027
2025-08-19 03:00:00,observed,782.948734,782.948734,782.948734,782.948734
2025-08-19 04:00:00,observed,740.190669,740.190669,740.190669,740.190669
2025-08-19 05:00:00,observed,711.356854,711.356854,711.356854,711.356854
2025-08-19 06:00:00,observed,707.731913,707.731913,707.731913,707.731913
2025-08-19 07:00:00,observed,731.16393,731.16393,731.16393,731.16393
2025-08-19 08:00:00,observed,793.25474,793.25474,793.25474,793.25474
2025-08-19 09:00:00,observed,955.667098,955.667098,955.667098,955.667098
2025-08-19 10:00:00,observed,1034.42485,1034.42485,1034.42485,1034.42485
2025-08-19 11:00:00,observed,1114.059194,1114.059194,1114.059194,1114.059194
2025-08-19 12:00:00,observed,1169.830404,1169.830404,1169.830404,1169.830404
2025-08-19 13:00:00,observed,1197.488492,1197.488492,1197.488492,1197.488492
2025-08-19 14:00:00,observed,1177.658738,1177.658738,1177.658738,1177.658738
2025-08-19 15:00:00,observed,1141.193288,1141.193288,1141.193288,1141.193288
2025-08-19 16:00:00,observed,1183.299416,1183.299416,1183.299416,1183.299416
2025-08-19 17:00:00,observed,1194.793199,1194.793199,1194.793199,1194.793199
2025-08-19 18:00:00,observed,1199.115182,1199.115182,1199.115182,1199.115182
2025-08-19 19:00:00,observed,1206.390037,1206.390037,1206.390037,1206.390037
2025-08-19 20:00:00,observed,1219.809491,1219.809491,1219.809491,1219.809491
2025-08-19 21:00:00,observed,1219.521722,1219.521722,1219.521722,1219.521722
2025-08-19 22:00:00,observed,1173.192298,1173.192298,1173.192298,1173.192298
2025-08-19 23:00:00,observed,1079.453792,1079.453792,1079.453792,1079.453792
2025-08-20 00:00:00,observed,972.377728,972.377728,972.377728,972.377728
2025-08-20 01:00:00,observed,915.217553,915.217553,915.217553,915.217553
2025-08-20 02:00:00,observed,844.639548,844.639548,844.639548,844.639548
2025-08-20 03:00:00,observed,796.168626,796.168626,796.168626,796.168626
2025-08-20 04:00:00,observed,753.087644,753.087644,753.087644,753.087644
2025-08-20 05:00:00,observed,724.989183,724.989183,724.989183,724.989183
2025-08-20 06:00:00,observed,718.983533,718.983533,718.983533,718.983533
2025-08-20 07:00:00,observed,741.477181,741.477181,741.477181,741.477181
2025-08-20 08:00:00,observed,781.066718,781.066718,781.066718,781.066718
2025-08-20 09:00:00,observed,947.030162,947.030162,947.030162,947.030162
2025-08-20 10:00:00,observed,1034.298549,1034.298549,1034.298549,1034.298549
2025-08-20 11:00:00,observed,1118.20098,1118.20098,1118.20098,1118.20098
2025-08-20 12:00:00,observed,1178.039558,1178.039558,1178.039558,1178.039558
2025-08-20 13:00:00,observed,1200.426405,1200.426405,1200.426405,1200.426405
2025-08-20 14:00:00,observed,1172.106033,1172.106033,1172.106033,1172.106033
2025-08-20 15:00:00,observed,1142.875019,1142.875019,1142.875019,1142.875019
2025-08-20 16:00:00,observed,1180.32398,1180.32398,1180.32398,1180.32398
2025-08-20 17:00:00,observed,1218.833011,1218.833011,1218.833011,1218.833011
2025-08-20 18:00:00,observed,1214.711335,1214.711335,1214.711335,1214.711335
2025-08-20 19:00:00,observed,1240.208684,1240.208684,1240.208684,1240.208684
2025-08-20 20:00:00,observed,1266.254725,1266.254725,1266.254725,1266.254725
2025-08-20 21:00:00,observed,1260.222727,1260.222727,1260.222727,1260.222727
2025-08-20 22:00:00,observed,1216.286527,1216.286527,1216.286527,1216.286527
2025-08-20 23:00:00,observed,1121.781651,1121.781651,1121.781651,1121.781651
2025-08-21 00:00:00,observed,1013.95394,1013.95394,1013.95394,1013.95394
2025-08-21 01:00:00,observed,949.979231,949.979231,949.979231,949.979231
2025-08-21 02:00:00,observed,880.789537,880.789537,880.789537,880.789537
2025-08-21 03:00:00,observed,826.83837,826.83837,826.83837,826.83837
2025-08-21 04:00:00,observed,780.020717,780.020717,780.020717,780.020717
2025-08-21 05:00:00,observed,749.699979,749.699979,749.699979,749.699979
2025-08-21 06:00:00,observed,743.023535,743.023535,743.023535,743.023535
2025-08-21 07:00:00,observed,766.189039,766.189039,766.189039,766.189039
2025-08-21 08:00:00,observed,824.970522,824.970522,824.970522,824.970522
2025-08-21 09:00:00,observed,990.242851,990.242851,990.242851,990.242851
2025-08-21 10:00:00,observed,1077.297021,1077.297021,1077.297021,1077.297021
2025-08-21 11:00:00,observed,1154.99461,1154.99461,1154.99461,1154.99461
2025-08-21 12:00:00,observed,1202.953997,1202.953997,1202.953997,1202.953997
2025-08-21 13:00:00,observed,1197.600399,1197.600399,1197.600399,1197.600399
2025-08-21 14:00:00,observed,1190.573278,1190.573278,1190.573278,1190.573278
2025-08-21 15:00:00,observed,1185.911598,1185.911598,1185.911598,1185.911598
2025-08-21 16:00:00,observed,1221.590716,1221.590716,1221.590716,1221.590716
2025-08-21 17:00:00,observed,1248.307577,1248.307577,1248.307577,1248.307577
2025-08-21 18:00:00,observed,1247.670361,1247.670361,1247.670361,1247.670361
2025-08-21 19:00:00,observed,1276.853594,1276.853594,1276.853594,1276.853594
2025-08-21 20:00:00,observed,1306.373808,1306.373808,1306.373808,1306.373808
2025-08-21 21:00:00,observed,1307.315366,1307.315366,1307.315366,1307.315366
2025-08-21 22:00:00,observed,1252.542377,1252.542377,1252.542377,1252.542377
2025-08-21 23:00:00,observed,1149.481427,1149.481427,1149.481427,1149.481427
2025-08-22 00:00:00,observed,1035.406636,1035.406636,1035.406636,1035.406636
2025-08-22 01:00:00,observed,970.805284,970.805284,970.805284,970.805284
2025-08-22 02:00:00,observed,902.231682,902.231682,902.231682,902.231682
2025-08-22 03:00:00,observed,854.149564,854.149564,854.149564,854.149564
2025-08-22 04:00:00,observed,801.920654,801.920654,801.920654,801.920654
2025-08-22 05:00:00,observed,775.129102,775.129102,775.129102,775.129102
2025-08-22 06:00:00,observed,764.048512,764.048512,764.048512,764.048512
2025-08-22 07:00:00,observed,784.456964,784.456964,784.456964,784.456964
2025-08-22 08:00:00,observed,857.454181,857.454181,857.454181,857.454181
2025-08-22 09:00:00,observed,1023.152242,1023.152242,1023.152242,1023.152242
2025-08-22 10:00:00,observed,1103.58643,1103.58643,1103.58643,1103.58643
2025-08-22 11:00:00,observed,1200.843567,1200.843567,1200.843567,1200.843567
2025-08-22 12:00:00,observed,1251.873502,1251.873502,1251.873502,1251.873502
2025-08-22 13:00:00,observed,1233.167103,1233.167103,1233.167103,1233.167103
2025-08-22 14:00:00,observed,1230.169011,1230.169011,1230.169011,1230.169011
2025-08-22 15:00:00,observed,1093.411844,1093.411844,1093.411844,1093.411844
2025-08-22 16:00:00,observed,1120.362861,1120.362861,1120.362861,1120.362861
2025-08-22 17:00:00,observed,1144.624121,1144.624121,1144.624121,1144.624121
2025-08-22 18:00:00,observed,1119.106006,1119.106006,1119.106006,1119.106006
2025-08-22 19:00:00,observed,1096.691513,1096.691513,1096.691513,1096.691513
2025-08-22 20:00:00,observed,1113.22827,1113.22827,1113.22827,1113.22827
2025-08-22 21:00:00,observed,1100.779475,1100.779475,1100.779475,1100.779475
2025-08-22 22:00:00,observed,1056.56334,1056.56334,1056.56334,1056.56334
2025-08-22 23:00:00,observed,986.61873,986.61873,986.61873,986.61873
2025-08-23 00:00:00,observed,889.16844,889.16844,889.16844,889.16844
2025-08-23 01:00:00,observed,844.134389,844.134389,844.134389,844.134389
2025-08-23 02:00:00,observed,789.030444,789.030444,789.030444,789.030444
2025-08-23 03:00:00,observed,746.397511,746.397511,746.397511,746.397511
2025-08-23 04:00:00,observed,703.102084,703.102084,703.102084,703.102084
2025-08-23 05:00:00,observed,672.995356,672.995356,672.995356,672.995356
2025-08-23 06:00:00,observed,658.952314,658.952314,658.952314,658.952314
2025-08-23 07:00:00,observed,658.234747,658.234747,658.234747,658.234747
2025-08-23 08:00:00,observed,691.245633,691.245633,691.245633,691.245633
2025-08-23 09:00:00,observed,822.233433,822.233433,822.233433,822.233433
2025-08-23 10:00:00,observed,905.894066,905.894066,905.894066,905.894066
2025-08-23 11:00:00,observed,1012.159884,1012.159884,1012.159884,1012.159884
2025-08-23 12:00:00,observed,1049.414481,1049.414481,1049.414481,1049.414481
2025-08-23 13:00:00,observed,1051.437062,1051.437062,1051.437062,1051.437062
2025-08-23 14:00:00,observed,1038.433467,1038.433467,1038.433467,1038.433467
2025-08-23 15:00:00,observed,1019.464591,1019.464591,1019.464591,1019.464591
2025-08-23 16:00:00,observed,1024.23763,1024.23763,1024.23763,1024.23763
2025-08-23 17:00:00,observed,1021.972833,1021.972833,1021.972833,1021.972833
2025-08-23 18:00:00,observed,1042.698795,1042.698795,1042.698795,1042.698795
2025-08-23 19:00:00,observed,1066.605717,1066.605717,1066.605717,1066.605717
2025-08-23 20:00:00,observed,1077.567666,1077.567666,1077.567666,1077.567666
2025-08-23 21:00:00,observed,1067.265637,1067.265637,1067.265637,1067.265637
2025-08-23 22:00:00,observed,1024.01528,1024.01528,1024.01528,1024.01528
2025-08-23 23:00:00,observed,958.581975,958.581975,958.581975,958.581975
2025-08-24 00:00:00,observed,857.182247,857.182247,857.182247,857.182247
2025-08-24 01:00:00,observed,805.654852,805.654852,805.654852,805.654852
2025-08-24 02:00:00,observed,746.49323,746.49323,746.49323,746.49323
2025-08-24 03:00:00,observed,700.310137,700.310137,700.310137,700.310137
2025-08-24 04:00:00,observed,660.623163,660.623163,660.623163,660.623163
2025-08-24 05:00:00,observed,636.318519,636.318519,636.318519,636.318519
2025-08-24 06:00:00,observed,626.497307,626.497307,626.497307,626.497307
2025-08-24 07:00:00,observed,623.333666,623.333666,623.333666,623.333666
2025-08-24 08:00:00,observed,639.121964,639.121964,639.121964,639.121964
2025-08-24 09:00:00,observed,754.789702,754.789702,754.789702,754.789702
2025-08-24 10:00:00,observed,799.108889,799.108889,799.108889,799.108889
2025-08-24 11:00:00,observed,904.200161,904.200161,904.200161,904.200161
2025-08-24 12:00:00,observed,1021.346903,1021.346903,1021.346903,1021.346903
2025-08-24 13:00:00,observed,945.056796,945.056796,945.056796,945.056796
2025-08-24 14:00:00,observed,962.422244,962.422244,962.422244,962.422244
2025-08-24 15:00:00,observed,922.495506,922.495506,922.495506,922.495506
2025-08-24 16:00:00,observed,939.663202,939.663202,939.663202,939.663202
2025-08-24 17:00:00,observed,893.618047,893.618047,893.618047,893.618047
2025-08-24 18:00:00,observed,878.818815,878.818815,878.818815,878.818815
2025-08-24 19:00:00,observed,891.241047,891.241047,891.241047,891.241047
2025-08-24 20:00:00,observed,917.781844,917.781844,917.781844,917.781844
2025-08-24 21:00:00,observed,903.133408,903.133408,903.133408,903.133408
2025-08-24 22:00:00,observed,860.601321,860.601321,860.601321,860.601321
2025-08-24 23:00:00,observed,787.860649,787.860649,787.860649,787.860649
2025-08-25 00:00:00,observed,715.196098,715.196098,715.196098,715.196098
2025-08-25 01:00:00,observed,675.773423,675.773423,675.773423,675.773423
2025-08-25 02:00:00,observed,626.010242,626.010242,626.010242,626.010242
2025-08-25 03:00:00,observed,594.58278,594.58278,594.58278,594.58278
2025-08-25 04:00:00,observed,560.98162,560.98162,560.98162,560.98162
2025-08-25 05:00:00,observed,549.131348,549.131348,549.131348,549.131348
2025-08-25 06:00:00,observed,557.854394,557.854394,557.854394,557.854394
2025-08-25 07:00:00,observed,580.65248,580.65248,580.65248,580.65248
2025-08-25 08:00:00,observed,643.345264,643.345264,643.345264,643.345264
2025-08-25 09:00:00,observed,771.96368,771.96368,771.96368,771.96368
2025-08-25 10:00:00,observed,808.995006,808.995006,808.995006,808.995006
2025-08-25 11:00:00,observed,807.109976,807.109976,807.109976,807.109976
2025-08-25 12:00:00,observed,840.335192,840.335192,840.335192,840.335192
2025-08-25 13:00:00,observed,860.695625,860.695625,860.695625,860.695625
2025-08-25 14:00:00,observed,831.016577,831.016577,831.016577,831.016577
2025-08-25 15:00:00,observed,823.165258,823.165258,823.165258,823.165258
2025-08-25 16:00:00,observed,837.339034,837.339034,837.339034,837.339034
2025-08-25 17:00:00,observed,878.676135,878.676135,878.676135,878.676135
2025-08-25 18:00:00,observed,866.910451,866.910451,866.910451,866.910451
2025-08-25 19:00:00,observed,914.531732,914.531732,914.531732,914.531732
2025-08-25 20:00:00,observed,926.163336,926.163336,926.163336,926.163336
2025-08-25 21:00:00,observed,916.33919,916.33919,916.33919,916.33919
2025-08-25 22:00:00,observed,869.051318,869.051318,869.051318,869.051318
2025-08-25 23:00:00,observed,799.311756,799.311756,799.311756,799.311756
2025-08-26 00:00:00,observed,710.960592,710.960592,710.960592,710.960592
2025-08-26 01:00:00,observed,673.721877,673.721877,673.721877,673.721877
2025-08-26 02:00:00,observed,626.349755,626.349755,626.349755,626.349755
2025-08-26 03:00:00,observed,584.886972,584.886972,584.886972,584.886972
2025-08-26 04:00:00,observed,555.028043,555.028043,555.028043,555.028043
2025-08-26 05:00:00,observed,545.76906,545.76906,545.76906,545.76906
2025-08-26 06:00:00,observed,554.497257,554.497257,554.497257,554.497257
2025-08-26 07:00:00,observed,573.069473,573.069473,573.069473,573.069473
2025-08-26 08:00:00,observed,620.505615,620.505615,620.505615,620.505615
2025-08-26 09:00:00,observed,761.598238,761.598238,761.598238,761.598238
2025-08-26 10:00:00,observed,873.588954,873.588954,873.588954,873.588954
2025-08-26 11:00:00,observed,939.423155,939.423155,939.423155,939.423155
2025-08-26 12:00:00,observed,892.174497,892.174497,892.174497,892.174497
2025-08-26 13:00:00,observed,920.419787,920.419787,920.419787,920.419787
2025-08-26 14:00:00,observed,889.89824,889.89824,889.89824,889.89824
2025-08-26 15:00:00,observed,860.367567,860.367567,860.367567,860.367567
2025-08-26 16:00:00,observed,914.205665,914.205665,914.205665,914.205665
2025-08-26 17:00:00,observed,942.64556,942.64556,942.64556,942.64556
2025-08-26 18:00:00,observed,918.71923,918.71923,918.71923,918.71923
2025-08-26 19:00:00,observed,940.720025,940.720025,940.720025,940.720025
2025-08-26 20:00:00,observed,941.625995,941.625995,941.625995,941.625995
2025-08-26 21:00:00,observed,913.125445,913.125445,913.125445,913.125445
2025-08-26 22:00:00,observed,852.651935,852.651935,852.651935,852.651935
2025-08-26 23:00:00,observed,786.912981,786.912981,786.912981,786.912981
2025-08-27 00:00:00,observed,703.086702,703.086702,703.086702,703.086702
2025-08-27 01:00:00,observed,667.990921,667.990921,667.990921,667.990921
2025-08-27 02:00:00,observed,618.348186,618.348186,618.348186,618.348186
2025-08-27 03:00:00,observed,586.245786,586.245786,586.245786,586.245786
2025-08-27 04:00:00,observed,551.217542,551.217542,551.217542,551.217542
2025-08-27 05:00:00,observed,538.661515,538.661515,538.661515,538.661515
2025-08-27 06:00:00,observed,553.881333,553.881333,553.881333,553.881333
2025-08-27 07:00:00,observed,556.627246,556.627246,556.627246,556.627246
2025-08-27 08:00:00,observed,636.859999,636.859999,636.859999,636.859999
2025-08-27 09:00:00,observed,748.66219,748.66219,748.66219,748.66219
2025-08-27 10:00:00,observed,836.255293,836.255293,836.255293,836.255293
2025-08-27 11:00:00,observed,916.914029,916.914029,916.914029,916.914029
2025-08-27 12:00:00,observed,932.484915,932.484915,932.484915,932.484915
2025-08-27 13:00:00,observed,950.091498,950.091498,950.091498,950.091498
2025-08-27 14:00:00,observed,956.28294,956.28294,956.28294,956.28294
2025-08-27 15:00:00,observed,970.764816,970.764816,970.764816,970.764816
2025-08-27 16:00:00,observed,947.260324,947.260324,947.260324,947.260324
2025-08-27 17:00:00,observed,1017.872221,1017.872221,1017.872221,1017.872221
2025-08-27 18:00:00,observed,1038.651778,1038.651778,1038.651778,1038.651778
2025-08-27 19:00:00,observed,1081.417773,1081.417773,1081.417773,1081.417773
2025-08-27 20:00:00,observed,1092.158364,1092.158364,1092.158364,1092.158364
2025-08-27 21:00:00,observed,1084.40472,1084.40472,1084.40472,1084.40472
2025-08-27 22:00:00,observed,1037.455884,1037.455884,1037.455884,1037.455884
2025-08-27 23:00:00,observed,948.203131,948.203131,948.203131,948.203131
2025-08-28 00:00:00,observed,804.424337,804.424337,804.424337,804.424337
2025-08-28 01:00:00,observed,750.26294,750.26294,750.26294,750.26294
2025-08-28 02:00:00,observed,726.195933,726.195933,726.195933,726.195933
2025-08-28 03:00:00,observed,677.599919,677.599919,677.599919,677.599919
2025-08-28 04:00:00,observed,637.685236,637.685236,637.685236,637.685236
2025-08-28 05:00:00,observed,618.629946,618.629946,618.629946,618.629946
2025-08-28 06:00:00,observed,619.162427,619.162427,619.162427,619.162427
2025-08-28 07:00:00,observed,635.821529,635.821529,635.821529,635.821529
2025-08-28 08:00:00,observed,706.413584,706.413584,706.413584,706.413584
2025-08-28 09:00:00,observed,875.585158,875.585158,875.585158,875.585158
2025-08-28 10:00:00,observed,959.875522,959.875522,959.875522,959.875522
2025-08-28 11:00:00,observed,1039.770211,1039.770211,1039.770211,1039.770211
2025-08-28 12:00:00,observed,1129.742288,1129.742288,1129.742288,1129.742288
2025-08-28 13:00:00,observed,1076.717177,1076.717177,1076.717177,1076.717177
2025-08-28 14:00:00,observed,1085.473458,1085.473458,1085.473458,1085.473458
2025-08-28 15:00:00,observed,1079.431896,1079.431896,1079.431896,1079.431896
2025-08-28 16:00:00,observed,1103.711634,1103.711634,1103.711634,1103.711634
2025-08-28 17:00:00,observed,1136.054003,1136.054003,1136.054003,1136.054003
2025-08-28 18:00:00,observed,1126.675893,1126.675893,1126.675893,1126.675893
2025-08-28 19:00:00,observed,1156.340509,1156.340509,1156.340509,1156.340509
2025-08-28 20:00:00,observed,1170.648183,1170.648183,1170.648183,1170.648183
2025-08-28 21:00:00,observed,1160.353359,1160.353359,1160.353359,1160.353359
2025-08-28 22:00:00,observed,1099.423707,1099.423707,1099.423707,1099.423707
2025-08-28 23:00:00,observed,1014.550315,1014.550315,1014.550315,1014.550315
2025-08-29 00:00:00,observed,910.434776,910.434776,910.434776,910.434776
2025-08-29 01:00:00,observed,848.559128,848.559128,848.559128,848.559128
2025-08-29 02:00:00,observed,786.678272,786.678272,786.678272,786.678272
2025-08-29 03:00:00,observed,735.650183,735.650183,735.650183,735.650183
2025-08-29 04:00:00,observed,690.07469,690.07469,690.07469,690.07469
2025-08-29 05:00:00,observed,669.14662,669.14662,669.14662,669.14662
2025-08-29 06:00:00,observed,669.453795,669.453795,669.453795,669.453795
2025-08-29 07:00:00,observed,682.538596,682.538596,682.538596,682.538596
2025-08-29 08:00:00,observed,761.508568,761.508568,761.508568,761.508568
2025-08-29 09:00:00,observed,920.651373,920.651373,920.651373,920.651373
2025-08-29 10:00:00,observed,1007.816503,1007.816503,1007.816503,1007.816503
2025-08-29 11:00:00,observed,1093.468833,1093.468833,1093.468833,1093.468833
2025-08-29 12:00:00,observed,1150.813776,1150.813776,1150.813776,1150.813776
2025-08-29 13:00:00,observed,1110.564145,1110.564145,1110.564145,1110.564145
2025-08-29 14:00:00,observed,1048.392327,1048.392327,1048.392327,1048.392327
2025-08-29 15:00:00,observed,998.412102,998.412102,998.412102,998.412102
2025-08-29 16:00:00,observed,936.161821,936.161821,936.161821,936.161821
2025-08-29 17:00:00,observed,957.810294,957.810294,957.810294,957.810294
2025-08-29 18:00:00,observed,960.818817,960.818817,960.818817,960.818817
2025-08-29 19:00:00,observed,991.141448,991.141448,991.141448,991.141448
2025-08-29 20:00:00,observed,1019.873579,1019.873579,1019.873579,1019.873579
2025-08-29 21:00:00,observed,952.404295,952.404295,952.404295,952.404295
2025-08-29 22:00:00,observed,877.651654,877.651654,877.651654,877.651654
2025-08-29 23:00:00,observed,819.636051,819.636051,819.636051,819.636051
2025-08-30 00:00:00,observed,739.948138,739.948138,739.948138,739.948138
2025-08-30 01:00:00,observed,710.905948,710.905948,710.905948,710.905948
2025-08-30 02:00:00,observed,657.714066,657.714066,657.714066,657.714066
2025-08-30 03:00:00,observed,623.484405,623.484405,623.484405,623.484405
2025-08-30 04:00:00,observed,590.664417,590.664417,590.664417,590.664417
2025-08-30 05:00:00,observed,572.413326,572.413326,572.413326,572.413326
2025-08-30 06:00:00,observed,576.352786,576.352786,576.352786,576.352786
2025-08-30 07:00:00,observed,594.020689,594.020689,594.020689,594.020689
2025-08-30 08:00:00,observed,636.513315,636.513315,636.513315,636.513315
2025-08-30 09:00:00,observed,761.1262,761.1262,761.1262,761.1262
2025-08-30 10:00:00,observed,790.064682,790.064682,790.064682,790.064682
2025-08-30 11:00:00,observed,846.328307,846.328307,846.328307,846.328307
2025-08-30 12:00:00,observed,928.585202,928.585202,928.585202,928.585202
2025-08-30 13:00:00,observed,930.191683,930.191683,930.191683,930.191683
2025-08-30 14:00:00,observed,945.874368,945.874368,945.874368,945.874368
2025-08-30 15:00:00,observed,920.521527,920.521527,920.521527,920.521527
2025-08-30 16:00:00,observed,972.265786,972.265786,972.265786,972.265786
2025-08-30 17:00:00,observed,937.879604,937.879604,937.879604,937.879604
2025-08-30 18:00:00,observed,889.486083,889.486083,889.486083,889.486083
2025-08-30 19:00:00,observed,890.819322,890.819322,890.819322,890.819322
2025-08-30 20:00:00,observed,894.621644,894.621644,894.621644,894.621644
2025-08-30 21:00:00,observed,878.759126,878.759126,878.759126,878.759126
2025-08-30 22:00:00,observed,823.418237,823.418237,823.418237,823.418237
2025-08-30 23:00:00,observed,757.529036,757.529036,757.529036,757.529036
2025-08-31 00:00:00,observed,679.346434,679.346434,679.346434,679.346434
2025-08-31 01:00:00,observed,643.655032,643.655032,643.655032,643.655032
2025-08-31 02:00:00,observed,602.655119,602.655119,602.655119,602.655119
2025-08-31 03:00:00,observed,569.35982,569.35982,569.35982,569.35982
2025-08-31 04:00:00,observed,539.818592,539.818592,539.818592,539.818592
2025-08-31 05:00:00,observed,528.551547,528.551547,528.551547,528.551547
2025-08-31 06:00:00,observed,531.349522,531.349522,531.349522,531.349522
2025-08-31 07:00:00,observed,544.946873,544.946873,544.946873,544.946873
2025-08-31 08:00:00,observed,586.887836,586.887836,586.887836,586.887836
2025-08-31 09:00:00,observed,634.573008,634.573008,634.573008,634.573008
2025-08-31 10:00:00,observed,733.182695,733.182695,733.182695,733.182695
2025-08-31 11:00:00,observed,747.35543,747.35543,747.35543,747.35543
2025-08-31 12:00:00,observed,814.4322,814.4322,814.4322,814.4322
2025-08-31 13:00:00,observed,759.358907,759.358907,759.358907,759.358907
2025-08-31 14:00:00,observed,727.689446,727.689446,727.689446,727.689446
2025-08-31 15:00:00,observed,701.478214,701.478214,701.478214,701.478214
2025-08-31 16:00:00,observed,650.756234,650.756234,650.756234,650.756234
2025-08-31 17:00:00,observed,716.732441,716.732441,716.732441,716.732441
2025-08-31 18:00:00,observed,767.17046,767.17046,767.17046,767.17046
2025-08-31 19:00:00,observed,798.97354,798.97354,798.97354,798.97354
2025-08-31 20:00:00,observed,804.481589,804.481589,804.481589,804.481589
2025-08-31 21:00:00,observed,786.759175,786.759175,786.759175,786.759175
2025-08-31 22:00:00,observed,731.12712,731.12712,731.12712,731.12712
2025-08-31 23:00:00,observed,658.54181,658.54181,658.54181,658.54181
2025-09-01 00:00:00,observed,586.015375,586.015375,586.015375,586.015375
2025-09-01 01:00:00,observed,549.991823,549.991823,549.991823,549.991823
2025-09-01 02:00:00,observed,512.332168,512.332168,512.332168,512.332168
2025-09-01 03:00:00,observed,483.761345,483.761345,483.761345,483.761345
2025-09-01 04:00:00,observed,464.121366,464.121366,464.121366,464.121366
2025-09-01 05:00:00,observed,454.875549,454.875549,454.875549,454.875549
2025-09-01 06:00:00,observed,479.821643,479.821643,479.821643,479.821643
2025-09-01 07:00:00,observed,495.928206,495.928206,495.928206,495.928206
2025-09-01 08:00:00,observed,529.335847,529.335847,529.335847,529.335847
2025-09-01 09:00:00,observed,626.681132,626.681132,626.681132,626.681132
2025-09-01 10:00:00,observed,670.834839,670.834839,670.834839,670.834839
2025-09-01 11:00:00,observed,684.224791,684.224791,684.224791,684.224791
2025-09-01 12:00:00,observed,675.283268,675.283268,675.283268,675.283268
2025-09-01 13:00:00,observed,669.638001,669.638001,669.638001,669.638001
2025-09-01 14:00:00,observed,682.416599,682.416599,682.416599,682.416599
2025-09-01 15:00:00,observed,698.723173,698.723173,698.723173,698.723173
2025-09-01 16:00:00,observed,740.549908,740.549908,740.549908,740.549908
2025-09-01 17:00:00,observed,805.030565,805.030565,805.030565,805.030565
2025-09-01 18:00:00,observed,824.316999,824.316999,824.316999,824.316999
2025-09-01 19:00:00,observed,856.590958,856.590958,856.590958,856.590958
2025-09-01 20:00:00,observed,857.980172,857.980172,857.980172,857.980172
2025-09-01 21:00:00,observed,828.550221,828.550221,828.550221,828.550221
2025-09-01 22:00:00,observed,774.926521,774.926521,774.926521,774.926521
2025-09-01 23:00:00,observed,707.636555,707.636555,707.636555,707.636555
2025-09-02 00:00:00,observed,623.923517,623.923517,623.923517,623.923517
2025-09-02 01:00:00,observed,581.442634,581.442634,581.442634,581.442634
2025-09-02 02:00:00,observed,538.12555,538.12555,538.12555,538.12555
2025-09-02 03:00:00,observed,515.779736,515.779736,515.779736,515.779736
2025-09-02 04:00:00,observed,494.376312,494.376312,494.376312,494.376312
2025-09-02 05:00:00,observed,481.495844,481.495844,481.495844,481.495844
2025-09-02 06:00:00,observed,497.622107,497.622107,497.622107,497.622107
2025-09-02 07:00:00,observed,507.665528,507.665528,507.665528,507.665528
2025-09-02 08:00:00,observed,535.983407,535.983407,535.983407,535.983407
2025-09-02 09:00:00,observed,659.376135,659.376135,659.376135,659.376135
2025-09-02 10:00:00,observed,697.400073,697.400073,697.400073,697.400073
2025-09-02 11:00:00,observed,738.248486,738.248486,738.248486,738.248486
2025-09-02 12:00:00,observed,746.100508,746.100508,746.100508,746.100508
2025-09-02 13:00:00,observed,713.709345,713.709345,713.709345,713.709345
2025-09-02 14:00:00,observed,731.773577,731.773577,731.773577,731.773577
2025-09-02 15:00:00,observed,801.177533,801.177533,801.177533,801.177533
2025-09-02 16:00:00,observed,831.887959,831.887959,831.887959,831.887959
2025-09-02 17:00:00,observed,871.639781,871.639781,871.639781,871.639781
2025-09-02 18:00:00,observed,829.18673,829.18673,829.18673,829.18673
2025-09-02 19:00:00,observed,864.030559,864.030559,864.030559,864.030559
2025-09-02 20:00:00,observed,868.948428,868.948428,868.948428,868.948428
2025-09-02 21:00:00,observed,839.934586,839.934586,839.934586,839.934586
2025-09-02 22:00:00,observed,786.98762,786.98762,786.98762,786.98762
2025-09-02 23:00:00,observed,719.787297,719.787297,719.787297,719.787297
2025-09-03 00:00:00,observed,637.087822,637.087822,637.087822,637.087822
2025-09-03 01:00:00,observed,587.653271,587.653271,587.653271,587.653271
2025-09-03 02:00:00,observed,553.828255,553.828255,553.828255,553.828255
2025-09-03 03:00:00,observed,536.447912,536.447912,536.447912,536.447912
2025-09-03 04:00:00,observed,509.790833,509.790833,509.790833,509.790833
2025-09-03 05:00:00,observed,498.712125,498.712125,498.712125,498.712125
2025-09-03 06:00:00,observed,523.68668,523.68668,523.68668,523.68668
2025-09-03 07:00:00,observed,543.200077,543.200077,543.200077,543.200077
2025-09-03 08:00:00,observed,607.202117,607.202117,607.202117,607.202117
2025-09-03 09:00:00,observed,755.587078,755.587078,755.587078,755.587078
2025-09-03 10:00:00,observed,782.120887,782.120887,782.120887,782.120887
2025-09-03 11:00:00,observed,825.755927,825.755927,825.755927,825.755927
2025-09-03 12:00:00,observed,802.448036,802.448036,802.448036,802.448036
2025-09-03 13:00:00,observed,800.175466,800.175466,800.175466,800.175466
2025-09-03 14:00:00,observed,787.404823,787.404823,787.404823,787.404823
2025-09-03 15:00:00,observed,790.78762,790.78762,790.78762,790.78762
2025-09-03 16:00:00,observed,781.351776,781.351776,781.351776,781.351776
2025-09-03 17:00:00,observed,816.457194,816.457194,816.457194,816.457194
2025-09-03 18:00:00,observed,830.710127,830.710127,830.710127,830.710127
2025-09-03 19:00:00,observed,871.485947,871.485947,871.485947,871.485947
2025-09-03 20:00:00,observed,858.700567,858.700567,858.700567,858.700567
2025-09-03 21:00:00,observed,824.652671,824.652671,824.652671,824.652671
2025-09-03 22:00:00,observed,762.564879,762.564879,762.564879,762.564879
2025-09-03 23:00:00,observed,704.299512,704.299512,704.299512,704.299512
2025-09-04 00:00:00,observed,622.178693,622.178693,622.178693,622.178693
2025-09-04 01:00:00,observed,578.677203,578.677203,578.677203,578.677203
2025-09-04 02:00:00,observed,542.170865,542.170865,542.170865,542.170865
2025-09-04 03:00:00,observed,522.45458,522.45458,522.45458,522.45458
2025-09-04 04:00:00,observed,499.93014,499.93014,499.93014,499.93014
2025-09-04 05:00:00,observed,483.785599,483.785599,483.785599,483.785599
2025-09-04 06:00:00,observed,505.320362,505.320362,505.320362,505.320362
2025-09-04 07:00:00,observed,525.41484,525.41484,525.41484,525.41484
2025-09-04 08:00:00,observed,563.008467,563.008467,563.008467,563.008467
2025-09-04 09:00:00,observed,692.628106,692.628106,692.628106,692.628106
2025-09-04 10:00:00,observed,698.607702,698.607702,698.607702,698.607702
2025-09-04 11:00:00,observed,723.343118,723.343118,723.343118,723.343118
2025-09-04 12:00:00,observed,815.631221,815.631221,815.631221,815.631221
2025-09-04 13:00:00,observed,775.433578,775.433578,775.433578,775.433578
2025-09-04 14:00:00,observed,749.69411,749.69411,749.69411,749.69411
2025-09-04 15:00:00,observed,780.123715,780.123715,780.123715,780.123715
2025-09-04 16:00:00,observed,803.262482,803.262482,803.262482,803.262482
2025-09-04 17:00:00,observed,811.117958,811.117958,811.117958,811.117958
2025-09-04 18:00:00,observed,829.770935,829.770935,829.770935,829.770935
2025-09-04 19:00:00,observed,862.241822,862.241822,862.241822,862.241822
2025-09-04 20:00:00,observed,870.895333,870.895333,870.895333,870.895333
2025-09-04 21:00:00,observed,852.920935,852.920935,852.920935,852.920935
2025-09-04 22:00:00,observed,794.452249,794.452249,794.452249,794.452249
2025-09-04 23:00:00,observed,734.647147,734.647147,734.647147,734.647147
2025-09-05 00:00:00,observed,646.486401,646.486401,646.486401,646.486401
2025-09-05 01:00:00,observed,600.705759,600.705759,600.705759,600.705759
2025-09-05 02:00:00,observed,559.608737,559.608737,559.608737,559.608737
2025-09-05 03:00:00,observed,535.401713,535.401713,535.401713,535.401713
2025-09-05 04:00:00,observed,512.829582,512.829582,512.829582,512.829582
2025-09-05 05:00:00,observed,501.853767,501.853767,501.853767,501.853767
2025-09-05 06:00:00,observed,524.795086,524.795086,524.795086,524.795086
2025-09-05 07:00:00,observed,544.10218,544.10218,544.10218,544.10218
2025-09-05 08:00:00,observed,585.516555,585.516555,585.516555,585.516555
2025-09-05 09:00:00,observed,698.756611,698.756611,698.756611,698.756611
2025-09-05 10:00:00,observed,771.785772,771.785772,771.785772,771.785772
2025-09-05 11:00:00,observed,853.339483,853.339483,853.339483,853.339483
2025-09-05 12:00:00,observed,924.663089,924.663089,924.663089,924.663089
2025-09-05 13:00:00,observed,896.815949,896.815949,896.815949,896.815949
2025-09-05 14:00:00,observed,871.810295,871.810295,871.810295,871.810295
2025-09-05 15:00:00,observed,910.200781,910.200781,910.200781,910.200781
2025-09-05 16:00:00,observed,925.308256,925.308256,925.308256,925.308256
2025-09-05 17:00:00,observed,892.151103,892.151103,892.151103,892.151103
2025-09-05 18:00:00,observed,908.098151,908.098151,908.098151,908.098151
2025-09-05 19:00:00,observed,946.525876,946.525876,946.525876,946.525876
2025-09-05 20:00:00,observed,938.65242,938.65242,938.65242,938.65242
2025-09-05 21:00:00,observed,893.81301,893.81301,893.81301,893.81301
2025-09-05 22:00:00,observed,792.473052,792.473052,792.473052,792.473052
2025-09-05 23:00:00,observed,745.139828,745.139828,745.139828,745.139828
2025-09-06 00:00:00,observed,665.39294,665.39294,665.39294,665.39294
2025-09-06 01:00:00,observed,618.48756,618.48756,618.48756,618.48756
2025-09-06 02:00:00,observed,575.216026,575.216026,575.216026,575.216026
2025-09-06 03:00:00,observed,551.08308,551.08308,551.08308,551.08308
2025-09-06 04:00:00,observed,518.680973,518.680973,518.680973,518.680973
2025-09-06 05:00:00,observed,496.568816,496.568816,496.568816,496.568816
2025-09-06 06:00:00,observed,499.162233,499.162233,499.162233,499.162233
2025-09-06 07:00:00,observed,511.860625,511.860625,511.860625,511.860625
2025-09-06 08:00:00,observed,522.998443,522.998443,522.998443,522.998443
2025-09-06 09:00:00,observed,621.776481,621.776481,621.776481,621.776481
2025-09-06 10:00:00,observed,633.004106,633.004106,633.004106,633.004106
2025-09-06 11:00:00,observed,681.708944,681.708944,681.708944,681.708944
2025-09-06 12:00:00,observed,640.661224,640.661224,640.661224,640.661224
2025-09-06 13:00:00,observed,663.582821,663.582821,663.582821,663.582821
2025-09-06 14:00:00,observed,618.052081,618.052081,618.052081,618.052081
2025-09-06 15:00:00,observed,666.573137,666.573137,666.573137,666.573137
2025-09-06 16:00:00,observed,677.858658,677.858658,677.858658,677.858658
2025-09-06 17:00:00,observed,709.949746,709.949746,709.949746,709.949746
2025-09-06 18:00:00,observed,758.119133,758.119133,758.119133,758.119133
2025-09-06 19:00:00,observed,797.222376,797.222376,797.222376,797.222376
2025-09-06 20:00:00,observed,789.199048,789.199048,789.199048,789.199048
2025-09-06 21:00:00,observed,758.773296,758.773296,758.773296,758.773296
2025-09-06 22:00:00,observed,704.097146,704.097146,704.097146,704.097146
2025-09-06 23:00:00,observed,638.776611,638.776611,638.776611,638.776611
2025-09-07 00:00:00,observed,563.974017,563.974017,563.974017,563.974017
2025-09-07 01:00:00,observed,527.372959,527.372959,527.372959,527.372959
2025-09-07 02:00:00,observed,496.5414,496.5414,496.5414,496.5414
2025-09-07 03:00:00,observed,476.625382,476.625382,476.625382,476.625382
2025-09-07 04:00:00,observed,454.871786,454.871786,454.871786,454.871786
2025-09-07 05:00:00,observed,446.695259,446.695259,446.695259,446.695259
2025-09-07 06:00:00,observed,455.709397,455.709397,455.709397,455.709397
2025-09-07 07:00:00,observed,467.36888,467.36888,467.36888,467.36888
2025-09-07 08:00:00,observed,483.815176,483.815176,483.815176,483.815176
2025-09-07 09:00:00,observed,527.204519,527.204519,527.204519,527.204519
2025-09-07 10:00:00,observed,620.515653,620.515653,620.515653,620.515653
2025-09-07 11:00:00,observed,654.954272,654.954272,654.954272,654.954272
2025-09-07 12:00:00,observed,625.673032,625.673032,625.673032,625.673032
2025-09-07 13:00:00,observed,655.024437,655.024437,655.024437,655.024437
2025-09-07 14:00:00,observed,594.841294,594.841294,594.841294,594.841294
2025-09-07 15:00:00,observed,616.751622,616.751622,616.751622,616.751622
2025-09-07 16:00:00,observed,624.500288,624.500288,624.500288,624.500288
2025-09-07 17:00:00,observed,686.61112,686.61112,686.61112,686.61112
2025-09-07 18:00:00,observed,716.830606,716.830606,716.830606,716.830606
2025-09-07 19:00:00,observed,739.684385,739.684385,739.684385,739.684385
2025-09-07 20:00:00,observed,729.531312,729.531312,729.531312,729.531312
2025-09-07 21:00:00,observed,711.658654,711.658654,711.658654,711.658654
2025-09-07 22:00:00,observed,657.298066,657.298066,657.298066,657.298066
2025-09-07 23:00:00,observed,596.360615,596.360615,596.360615,596.360615
2025-09-08 00:00:00,observed,528.53299,528.53299,528.53299,528.53299
2025-09-08 01:00:00,observed,499.767105,499.767105,499.767105,499.767105
2025-09-08 02:00:00,observed,464.917429,464.917429,464.917429,464.917429
2025-09-08 03:00:00,observed,445.581604,445.581604,445.581604,445.581604
2025-09-08 04:00:00,observed,422.795953,422.795953,422.795953,422.795953
2025-09-08 05:00:00,observed,407.861608,407.861608,407.861608,407.861608
2025-09-08 06:00:00,observed,438.24169,438.24169,438.24169,438.24169
2025-09-08 07:00:00,observed,482.058551,482.058551,482.058551,482.058551
2025-09-08 08:00:00,observed,513.164498,513.164498,513.164498,513.164498
2025-09-08 09:00:00,observed,628.900745,628.900745,628.900745,628.900745
2025-09-08 10:00:00,observed,666.368739,666.368739,666.368739,666.368739
2025-09-08 11:00:00,observed,714.719556,714.719556,714.719556,714.719556
2025-09-08 12:00:00,observed,678.748861,678.748861,678.748861,678.748861
2025-09-08 13:00:00,observed,645.673647,645.673647,645.673647,645.673647
2025-09-08 14:00:00,observed,635.217755,635.217755,635.217755,635.217755
2025-09-08 15:00:00,observed,634.605748,634.605748,634.605748,634.605748
2025-09-08 16:00:00,observed,641.670695,641.670695,641.670695,641.670695
2025-09-08 17:00:00,observed,660.707319,660.707319,660.707319,660.707319
2025-09-08 18:00:00,observed,635.906523,635.906523,635.906523,635.906523
2025-09-08 19:00:00,observed,647.516352,647.516352,647.516352,647.516352
2025-09-08 20:00:00,observed,635.748984,635.748984,635.748984,635.748984
2025-09-08 21:00:00,observed,610.373292,610.373292,610.373292,610.373292
2025-09-08 22:00:00,observed,558.302354,558.302354,558.302354,558.302354
2025-09-08 23:00:00,observed,517.019734,517.019734,517.019734,517.019734
2025-09-09 00:00:00,observed,463.877919,463.877919,463.877919,463.877919
2025-09-09 01:00:00,observed,438.428156,438.428156,438.428156,438.428156
2025-09-09 02:00:00,observed,416.678277,416.678277,416.678277,416.678277
2025-09-09 03:00:00,observed,403.835906,403.835906,403.835906,403.835906
2025-09-09 04:00:00,observed,388.034627,388.034627,388.034627,388.034627
2025-09-09 05:00:00,observed,388.535245,388.535245,388.535245,388.535245
2025-09-09 06:00:00,observed,425.068526,425.068526,425.068526,425.068526
2025-09-09 07:00:00,observed,439.760169,439.760169,439.760169,439.760169
2025-09-09 08:00:00,observed,435.055315,435.055315,435.055315,435.055315
2025-09-09 09:00:00,observed,504.535532,504.535532,504.535532,504.535532
2025-09-09 10:00:00,observed,521.999087,521.999087,521.999087,521.999087
2025-09-09 11:00:00,observed,549.761994,549.761994,549.761994,549.761994
2025-09-09 12:00:00,observed,546.871723,546.871723,546.871723,546.871723
2025-09-09 13:00:00,observed,538.633079,538.633079,538.633079,538.633079
2025-09-09 14:00:00,observed,567.572806,567.572806,567.572806,567.572806
2025-09-09 15:00:00,observed,598.976695,598.976695,598.976695,598.976695
2025-09-09 16:00:00,observed,646.899622,646.899622,646.899622,646.899622
2025-09-09 17:00:00,observed,711.328731,711.328731,711.328731,711.328731
2025-09-09 18:00:00,observed,714.655557,714.655557,714.655557,714.655557
2025-09-09 19:00:00,observed,736.798167,736.798167,736.798167,736.798167
2025-09-09 20:00:00,observed,719.348046,719.348046,719.348046,719.348046
2025-09-09 21:00:00,observed,694.018566,694.018566,694.018566,694.018566
2025-09-09 22:00:00,observed,643.055066,643.055066,643.055066,643.055066
2025-09-09 23:00:00,observed,588.579209,588.579209,588.579209,588.579209
2025-09-10 00:00:00,observed,520.410143,520.410143,520.410143,520.410143
2025-09-10 01:00:00,observed,482.099674,482.099674,482.099674,482.099674
2025-09-10 02:00:00,observed,452.406301,452.406301,452.406301,452.406301
2025-09-10 03:00:00,observed,445.361862,445.361862,445.361862,445.361862
2025-09-10 04:00:00,observed,418.749274,418.749274,418.749274,418.749274
2025-09-10 05:00:00,observed,412.744291,412.744291,412.744291,412.744291
2025-09-10 06:00:00,observed,438.246725,438.246725,438.246725,438.246725
2025-09-10 07:00:00,observed,471.284388,471.284388,471.284388,471.284388
2025-09-10 08:00:00,observed,466.156431,466.156431,466.156431,466.156431
2025-09-10 09:00:00,observed,540.771572,540.771572,540.771572,540.771572
2025-09-10 10:00:00,observed,560.569554,560.569554,560.569554,560.569554
2025-09-10 11:00:00,observed,633.191161,633.191161,633.191161,633.191161
2025-09-10 12:00:00,observed,597.3979,597.3979,597.3979,597.3979
2025-09-10 13:00:00,observed,541.129325,541.129325,541.129325,541.129325
2025-09-10 14:00:00,observed,540.271113,540.271113,540.271113,540.271113
2025-09-10 15:00:00,observed,641.623566,641.623566,641.623566,641.623566
2025-09-10 16:00:00,observed,644.049139,644.049139,644.049139,644.049139
2025-09-10 17:00:00,observed,712.763669,712.763669,712.763669,712.763669
2025-09-10 18:00:00,observed,735.392168,735.392168,735.392168,735.392168
2025-09-10 19:00:00,observed,754.990865,754.990865,754.990865,754.990865
2025-09-10 20:00:00,observed,738.047256,738.047256,738.047256,738.047256
2025-09-10 21:00:00,observed,714.146058,714.146058,714.146058,714.146058
2025-09-10 22:00:00,observed,664.668996,664.668996,664.668996,664.668996
2025-09-10 23:00:00,observed,607.537858,607.537858,607.537858,607.537858
2025-09-11 00:00:00,observed,541.482716,541.482716,541.482716,541.482716
2025-09-11 01:00:00,observed,503.81023,503.81023,503.81023,503.81023
2025-09-11 02:00:00,observed,472.248568,472.248568,472.248568,472.248568
2025-09-11 03:00:00,observed,453.312345,453.312345,453.312345,453.312345
2025-09-11 04:00:00,observed,429.838543,429.838543,429.838543,429.838543
2025-09-11 05:00:00,observed,421.825258,421.825258,421.825258,421.825258
2025-09-11 06:00:00,observed,448.809302,448.809302,448.809302,448.809302
2025-09-11 07:00:00,observed,488.051463,488.051463,488.051463,488.051463
2025-09-11 08:00:00,observed,533.025309,533.025309,533.025309,533.025309
2025-09-11 09:00:00,observed,650.821503,650.821503,650.821503,650.821503
2025-09-11 10:00:00,observed,683.981577,683.981577,683.981577,683.981577
2025-09-11 11:00:00,observed,701.458336,701.458336,701.458336,701.458336
2025-09-11 12:00:00,observed,652.649191,652.649191,652.649191,652.649191
2025-09-11 13:00:00,observed,592.327207,592.327207,592.327207,592.327207
2025-09-11 14:00:00,observed,593.160752,593.160752,593.160752,593.160752
2025-09-11 15:00:00,observed,564.31655,564.31655,564.31655,564.31655
2025-09-11 16:00:00,observed,580.70244,580.70244,580.70244,580.70244
2025-09-11 17:00:00,observed,600.997488,600.997488,600.997488,600.997488
2025-09-11 18:00:00,observed,588.707753,588.707753,588.707753,588.707753
2025-09-11 19:00:00,observed,601.24712,601.24712,601.24712,601.24712
2025-09-11 20:00:00,observed,586.911622,586.911622,586.911622,586.911622
2025-09-11 21:00:00,observed,553.794297,553.794297,553.794297,553.794297
2025-09-11 22:00:00,observed,507.967023,507.967023,507.967023,507.967023
2025-09-11 23:00:00,observed,470.28996,470.28996,470.28996,470.28996
2025-09-12 00:00:00,observed,425.81808,425.81808,425.81808,425.81808
2025-09-12 01:00:00,observed,403.494018,403.494018,403.494018,403.494018
2025-09-12 02:00:00,observed,380.55291,380.55291,380.55291,380.55291
2025-09-12 03:00:00,observed,369.628862,369.628862,369.628862,369.628862
2025-09-12 04:00:00,observed,352.814319,352.814319,352.814319,352.814319
2025-09-12 05:00:00,observed,354.919945,354.919945,354.919945,354.919945
2025-09-12 06:00:00,observed,385.617018,385.617018,385.617018,385.617018
2025-09-12 07:00:00,observed,442.680994,442.680994,442.680994,442.680994
2025-09-12 08:00:00,observed,474.884606,474.884606,474.884606,474.884606
2025-09-12 09:00:00,observed,557.379983,557.379983,557.379983,557.379983
2025-09-12 10:00:00,observed,588.786156,588.786156,588.786156,588.786156
2025-09-12 11:00:00,observed,622.759663,622.759663,622.759663,622.759663
2025-09-12 12:00:00,observed,551.069953,551.069953,551.069953,551.069953
2025-09-12 13:00:00,observed,535.415533,535.415533,535.415533,535.415533
2025-09-12 14:00:00,observed,538.652878,538.652878,538.652878,538.652878
2025-09-12 15:00:00,observed,541.284375,541.284375,541.284375,541.284375
2025-09-12 16:00:00,observed,551.435346,551.435346,551.435346,551.435346
2025-09-12 17:00:00,observed,571.598057,571.598057,571.598057,571.598057
2025-09-12 18:00:00,observed,590.618507,590.618507,590.618507,590.618507
2025-09-12 19:00:00,observed,608.44516,608.44516,608.44516,608.44516
2025-09-12 20:00:00,observed,603.642187,603.642187,603.642187,603.642187
2025-09-12 21:00:00,observed,580.152157,580.152157,580.152157,580.152157
2025-09-12 22:00:00,observed,544.60744,544.60744,544.60744,544.60744
2025-09-12 23:00:00,observed,508.072892,508.072892,508.072892,508.072892
2025-09-13 00:00:00,observed,461.098602,461.098602,461.098602,461.098602
2025-09-13 01:00:00,observed,428.708256,428.708256,428.708256,428.708256
2025-09-13 02:00:00,observed,398.989618,398.989618,398.989618,398.989618
2025-09-13 03:00:00,observed,393.132395,393.132395,393.132395,393.132395
2025-09-13 04:00:00,observed,371.073534,371.073534,371.073534,371.073534
2025-09-13 05:00:00,observed,365.347922,365.347922,365.347922,365.347922
2025-09-13 06:00:00,observed,385.622574,385.622574,385.622574,385.622574
2025-09-13 07:00:00,observed,395.575769,395.575769,395.575769,395.575769
2025-09-13 08:00:00,observed,415.903967,415.903967,415.903967,415.903967
2025-09-13 09:00:00,observed,459.767547,459.767547,459.767547,459.767547
2025-09-13 10:00:00,observed,477.150573,477.150573,477.150573,477.150573
2025-09-13 11:00:00,observed,479.67216,479.67216,479.67216,479.67216
2025-09-13 12:00:00,observed,510.052359,510.052359,510.052359,510.052359
2025-09-13 13:00:00,observed,445.277635,445.277635,445.277635,445.277635
2025-09-13 14:00:00,observed,449.084582,449.084582,449.084582,449.084582
2025-09-13 15:00:00,observed,486.420478,486.420478,486.420478,486.420478
2025-09-13 16:00:00,observed,510.916196,510.916196,510.916196,510.916196
2025-09-13 17:00:00,observed,584.30094,584.30094,584.30094,584.30094
2025-09-13 18:00:00,observed,624.557066,624.557066,624.557066,624.557066
2025-09-13 19:00:00,observed,653.517951,653.517951,653.517951,653.517951
2025-09-13 20:00:00,observed,642.908678,642.908678,642.908678,642.908678
2025-09-13 21:00:00,observed,620.560151,620.560151,620.560151,620.560151
2025-09-13 22:00:00,observed,583.458414,583.458414,583.458414,583.458414
2025-09-13 23:00:00,observed,534.971468,534.971468,534.971468,534.971468
2025-09-14 00:00:00,observed,475.428447,475.428447,475.428447,475.428447
2025-09-14 01:00:00,observed,438.317223,438.317223,438.317223,438.317223
2025-09-14 02:00:00,observed,407.671321,407.671321,407.671321,407.671321
2025-09-14 03:00:00,observed,395.087608,395.087608,395.087608,395.087608
2025-09-14 04:00:00,observed,372.522294,372.522294,372.522294,372.522294
2025-09-14 05:00:00,observed,364.964256,364.964256,364.964256,364.964256
2025-09-14 06:00:00,observed,377.380733,377.380733,377.380733,377.380733
2025-09-14 07:00:00,observed,384.270382,384.270382,384.270382,384.270382
2025-09-14 08:00:00,observed,388.936993,388.936993,388.936993,388.936993
2025-09-14 09:00:00,observed,408.894402,408.894402,408.894402,408.894402
2025-09-14 10:00:00,observed,408.288323,408.288323,408.288323,408.288323
2025-09-14 11:00:00,observed,491.621511,491.621511,491.621511,491.621511
2025-09-14 12:00:00,observed,484.235739,484.235739,484.235739,484.235739
2025-09-14 13:00:00,observed,523.095595,523.095595,523.095595,523.095595
2025-09-14 14:00:00,observed,500.946018,500.946018,500.946018,500.946018
2025-09-14 15:00:00,observed,541.100222,541.100222,541.100222,541.100222
2025-09-14 16:00:00,observed,562.290667,562.290667,562.290667,562.290667
2025-09-14 17:00:00,observed,606.206171,606.206171,606.206171,606.206171
2025-09-14 18:00:00,observed,637.536512,637.536512,637.536512,637.536512
2025-09-14 19:00:00,observed,663.761046,663.761046,663.761046,663.761046
2025-09-14 20:00:00,observed,654.022234,654.022234,654.022234,654.022234
2025-09-14 21:00:00,observed,632.992573,632.992573,632.992573,632.992573
2025-09-14 22:00:00,observed,581.8065,581.8065,581.8065,581.8065
2025-09-14 23:00:00,observed,528.90129,528.90129,528.90129,528.90129
2025-09-15 00:00:00,observed,468.460352,468.460352,468.460352,468.460352
2025-09-15 01:00:00,observed,436.089872,436.089872,436.089872,436.089872
2025-09-15 02:00:00,observed,411.629302,411.629302,411.629302,411.629302
2025-09-15 03:00:00,observed,399.721589,399.721589,399.721589,399.721589
2025-09-15 04:00:00,observed,378.83154,378.83154,378.83154,378.83154
2025-09-15 05:00:00,observed,382.286215,382.286215,382.286215,382.286215
2025-09-15 06:00:00,observed,416.351014,416.351014,416.351014,416.351014
2025-09-15 07:00:00,observed,468.364868,468.364868,468.364868,468.364868
2025-09-15 08:00:00,observed,503.023252,503.023252,503.023252,503.023252
2025-09-15 09:00:00,observed,611.558731,611.558731,611.558731,611.558731
2025-09-15 10:00:00,observed,648.773608,648.773608,648.773608,648.773608
2025-09-15 11:00:00,observed,679.920214,679.920214,679.920214,679.920214
2025-09-15 12:00:00,observed,661.773977,661.773977,661.773977,661.773977
2025-09-15 13:00:00,observed,601.230715,601.230715,601.230715,601.230715
2025-09-15 14:00:00,observed,591.375656,591.375656,591.375656,591.375656
2025-09-15 15:00:00,observed,575.745698,575.745698,575.745698,575.745698
2025-09-15 16:00:00,observed,657.019352,657.019352,657.019352,657.019352
2025-09-15 17:00:00,observed,720.165571,720.165571,720.165571,720.165571
2025-09-15 18:00:00,observed,719.813117,719.813117,719.813117,719.813117
2025-09-15 19:00:00,observed,736.957941,736.957941,736.957941,736.957941
2025-09-15 20:00:00,observed,719.00357,719.00357,719.00357,719.00357
2025-09-15 21:00:00,observed,694.173473,694.173473,694.173473,694.173473
2025-09-15 22:00:00,observed,640.795732,640.795732,640.795732,640.795732
2025-09-15 23:00:00,weekly_analog_estimate,,457.349005,491.584937,525.820869
2025-09-16 00:00:00,weekly_analog_estimate,,403.996429,437.344162,470.691896
2025-09-16 01:00:00,weekly_analog_estimate,,381.576743,412.968947,444.361151
2025-09-16 02:00:00,weekly_analog_estimate,,359.033999,389.724793,420.415586
2025-09-16 03:00:00,weekly_analog_estimate,,350.400231,380.129919,409.859606
2025-09-16 04:00:00,weekly_analog_estimate,,334.639786,363.413285,392.186785
2025-09-16 05:00:00,weekly_analog_estimate,,335.430074,366.582962,397.735849
2025-09-16 06:00:00,weekly_analog_estimate,,369.748606,399.486502,429.224398
2025-09-16 07:00:00,weekly_analog_estimate,,403.990845,438.280599,472.570354
2025-09-16 08:00:00,observed,546.405231,546.405231,546.405231,546.405231
2025-09-16 09:00:00,observed,653.129843,653.129843,653.129843,653.129843
2025-09-16 10:00:00,observed,663.566009,663.566009,663.566009,663.566009
2025-09-16 11:00:00,observed,705.433558,705.433558,705.433558,705.433558
2025-09-16 12:00:00,observed,722.070042,722.070042,722.070042,722.070042
2025-09-16 13:00:00,observed,794.874495,794.874495,794.874495,794.874495
2025-09-16 14:00:00,observed,827.511129,827.511129,827.511129,827.511129
2025-09-16 15:00:00,observed,779.997046,779.997046,779.997046,779.997046
2025-09-16 16:00:00,observed,762.415672,762.415672,762.415672,762.415672
2025-09-16 17:00:00,observed,766.840745,766.840745,766.840745,766.840745
2025-09-16 18:00:00,observed,753.195289,753.195289,753.195289,753.195289
2025-09-16 19:00:00,observed,746.6096,746.6096,746.6096,746.6096
2025-09-16 20:00:00,observed,707.141948,707.141948,707.141948,707.141948
2025-09-16 21:00:00,observed,675.173285,675.173285,675.173285,675.173285
2025-09-16 22:00:00,observed,608.384434,608.384434,608.384434,608.384434
2025-09-16 23:00:00,observed,558.22265,558.22265,558.22265,558.22265
2025-09-17 00:00:00,observed,496.168528,496.168528,496.168528,496.168528
2025-09-17 01:00:00,observed,467.668194,467.668194,467.668194,467.668194
2025-09-17 02:00:00,observed,439.995528,439.995528,439.995528,439.995528
2025-09-17 03:00:00,observed,423.411711,423.411711,423.411711,423.411711
2025-09-17 04:00:00,observed,403.738422,403.738422,403.738422,403.738422
2025-09-17 05:00:00,observed,401.496986,401.496986,401.496986,401.496986
2025-09-17 06:00:00,observed,431.342597,431.342597,431.342597,431.342597
2025-09-17 07:00:00,observed,467.389719,467.389719,467.389719,467.389719
2025-09-17 08:00:00,observed,497.684723,497.684723,497.684723,497.684723
2025-09-17 09:00:00,observed,536.057561,536.057561,536.057561,536.057561
2025-09-17 10:00:00,observed,563.612773,563.612773,563.612773,563.612773
2025-09-17 11:00:00,observed,578.346903,578.346903,578.346903,578.346903
2025-09-17 12:00:00,observed,589.847106,589.847106,589.847106,589.847106
2025-09-17 13:00:00,observed,508.210316,508.210316,508.210316,508.210316
2025-09-17 14:00:00,observed,574.133829,574.133829,574.133829,574.133829
2025-09-17 15:00:00,observed,553.130515,553.130515,553.130515,553.130515
2025-09-17 16:00:00,observed,583.830683,583.830683,583.830683,583.830683
2025-09-17 17:00:00,observed,626.292996,626.292996,626.292996,626.292996
2025-09-17 18:00:00,observed,639.724513,639.724513,639.724513,639.724513
2025-09-17 19:00:00,observed,648.832612,648.832612,648.832612,648.832612
2025-09-17 20:00:00,observed,636.743058,636.743058,636.743058,636.743058
2025-09-17 21:00:00,observed,609.729393,609.729393,609.729393,609.729393
2025-09-17 22:00:00,observed,567.636577,567.636577,567.636577,567.636577
2025-09-17 23:00:00,observed,507.128644,507.128644,507.128644,507.128644
2025-09-18 00:00:00,observed,454.788733,454.788733,454.788733,454.788733
2025-09-18 01:00:00,observed,421.386478,421.386478,421.386478,421.386478
2025-09-18 02:00:00,observed,397.460461,397.460461,397.460461,397.460461
2025-09-18 03:00:00,observed,377.334654,377.334654,377.334654,377.334654
2025-09-18 04:00:00,observed,362.939406,362.939406,362.939406,362.939406
2025-09-18 05:00:00,observed,361.978839,361.978839,361.978839,361.978839
2025-09-18 06:00:00,observed,393.590106,393.590106,393.590106,393.590106
2025-09-18 07:00:00,observed,427.471482,427.471482,427.471482,427.471482
2025-09-18 08:00:00,observed,449.290894,449.290894,449.290894,449.290894
2025-09-18 09:00:00,observed,501.965109,501.965109,501.965109,501.965109
2025-09-18 10:00:00,observed,495.046649,495.046649,495.046649,495.046649
2025-09-18 11:00:00,observed,539.792959,539.792959,539.792959,539.792959
2025-09-18 12:00:00,observed,482.095802,482.095802,482.095802,482.095802
2025-09-18 13:00:00,observed,403.803954,403.803954,403.803954,403.803954
2025-09-18 14:00:00,observed,539.395797,539.395797,539.395797,539.395797
2025-09-18 15:00:00,observed,531.117332,531.117332,531.117332,531.117332
2025-09-18 16:00:00,observed,545.70862,545.70862,545.70862,545.70862
2025-09-18 17:00:00,observed,576.881986,576.881986,576.881986,576.881986
2025-09-18 18:00:00,observed,607.456448,607.456448,607.456448,607.456448
2025-09-18 19:00:00,observed,611.712872,611.712872,611.712872,611.712872
2025-09-18 20:00:00,observed,595.511348,595.511348,595.511348,595.511348
2025-09-18 21:00:00,observed,580.46103,580.46103,580.46103,580.46103
2025-09-18 22:00:00,observed,535.836407,535.836407,535.836407,535.836407
2025-09-18 23:00:00,observed,489.93527,489.93527,489.93527,489.93527
2025-09-19 00:00:00,observed,430.194388,430.194388,430.194388,430.194388
2025-09-19 01:00:00,observed,403.540098,403.540098,403.540098,403.540098
2025-09-19 02:00:00,observed,374.583763,374.583763,374.583763,374.583763
2025-09-19 03:00:00,observed,362.321693,362.321693,362.321693,362.321693
2025-09-19 04:00:00,observed,348.468111,348.468111,348.468111,348.468111
2025-09-19 05:00:00,observed,345.685591,345.685591,345.685591,345.685591
2025-09-19 06:00:00,observed,377.08673,377.08673,377.08673,377.08673
2025-09-19 07:00:00,observed,443.463532,443.463532,443.463532,443.463532
2025-09-19 08:00:00,observed,471.120956,471.120956,471.120956,471.120956
2025-09-19 09:00:00,observed,555.91556,555.91556,555.91556,555.91556
2025-09-19 10:00:00,observed,578.724667,578.724667,578.724667,578.724667
2025-09-19 11:00:00,observed,606.978528,606.978528,606.978528,606.978528
2025-09-19 12:00:00,observed,570.929286,570.929286,570.929286,570.929286
2025-09-19 13:00:00,observed,511.420353,511.420353,511.420353,511.420353
2025-09-19 14:00:00,observed,534.370148,534.370148,534.370148,534.370148
2025-09-19 15:00:00,observed,519.517258,519.517258,519.517258,519.517258
2025-09-19 16:00:00,observed,526.861071,526.861071,526.861071,526.861071
2025-09-19 17:00:00,observed,549.955005,549.955005,549.955005,549.955005
2025-09-19 18:00:00,observed,562.906389,562.906389,562.906389,562.906389
2025-09-19 19:00:00,observed,572.756775,572.756775,572.756775,572.756775
2025-09-19 20:00:00,observed,560.585953,560.585953,560.585953,560.585953
2025-09-19 21:00:00,observed,547.915508,547.915508,547.915508,547.915508
2025-09-19 22:00:00,observed,514.774939,514.774939,514.774939,514.774939
2025-09-19 23:00:00,observed,469.753953,469.753953,469.753953,469.753953
2025-09-20 00:00:00,observed,423.375074,423.375074,423.375074,423.375074
2025-09-20 01:00:00,observed,394.238385,394.238385,394.238385,394.238385
2025-09-20 02:00:00,observed,370.782616,370.782616,370.782616,370.782616
2025-09-20 03:00:00,observed,361.233902,361.233902,361.233902,361.233902
2025-09-20 04:00:00,observed,341.390897,341.390897,341.390897,341.390897
2025-09-20 05:00:00,observed,343.345731,343.345731,343.345731,343.345731
2025-09-20 06:00:00,observed,356.455213,356.455213,356.455213,356.455213
2025-09-20 07:00:00,observed,389.379613,389.379613,389.379613,389.379613
2025-09-20 08:00:00,observed,381.557884,381.557884,381.557884,381.557884
2025-09-20 09:00:00,observed,422.27992,422.27992,422.27992,422.27992
2025-09-20 10:00:00,observed,414.123633,414.123633,414.123633,414.123633
2025-09-20 11:00:00,observed,433.136485,433.136485,433.136485,433.136485
2025-09-20 12:00:00,observed,357.967038,357.967038,357.967038,357.967038
2025-09-20 13:00:00,observed,353.72192,353.72192,353.72192,353.72192
2025-09-20 14:00:00,observed,377.444854,377.444854,377.444854,377.444854
2025-09-20 15:00:00,observed,401.251591,401.251591,401.251591,401.251591
2025-09-20 16:00:00,observed,448.883507,448.883507,448.883507,448.883507
2025-09-20 17:00:00,observed,520.990682,520.990682,520.990682,520.990682
2025-09-20 18:00:00,observed,571.129616,571.129616,571.129616,571.129616
2025-09-20 19:00:00,observed,594.34169,594.34169,594.34169,594.34169
2025-09-20 20:00:00,observed,582.373438,582.373438,582.373438,582.373438
2025-09-20 21:00:00,observed,566.4501,566.4501,566.4501,566.4501
2025-09-20 22:00:00,observed,539.423373,539.423373,539.423373,539.423373
2025-09-20 23:00:00,observed,507.845425,507.845425,507.845425,507.845425
2025-09-21 00:00:00,observed,444.386231,444.386231,444.386231,444.386231
2025-09-21 01:00:00,observed,409.632572,409.632572,409.632572,409.632572
2025-09-21 02:00:00,observed,381.413161,381.413161,381.413161,381.413161
2025-09-21 03:00:00,observed,365.875773,365.875773,365.875773,365.875773
2025-09-21 04:00:00,observed,349.361938,349.361938,349.361938,349.361938
2025-09-21 05:00:00,observed,349.269174,349.269174,349.269174,349.269174
2025-09-21 06:00:00,observed,360.250708,360.250708,360.250708,360.250708
2025-09-21 07:00:00,observed,363.837046,363.837046,363.837046,363.837046
2025-09-21 08:00:00,observed,375.673769,375.673769,375.673769,375.673769
2025-09-21 09:00:00,observed,346.282969,346.282969,346.282969,346.282969
2025-09-21 10:00:00,observed,388.85944,388.85944,388.85944,388.85944
2025-09-21 11:00:00,observed,385.160199,385.160199,385.160199,385.160199
2025-09-21 12:00:00,observed,359.029425,359.029425,359.029425,359.029425
2025-09-21 13:00:00,observed,373.12757,373.12757,373.12757,373.12757
2025-09-21 14:00:00,observed,409.378293,409.378293,409.378293,409.378293
2025-09-21 15:00:00,observed,393.188858,393.188858,393.188858,393.188858
2025-09-21 16:00:00,observed,457.608088,457.608088,457.608088,457.608088
2025-09-21 17:00:00,observed,517.740058,517.740058,517.740058,517.740058
2025-09-21 18:00:00,observed,556.772579,556.772579,556.772579,556.772579
2025-09-21 19:00:00,observed,578.325814,578.325814,578.325814,578.325814
2025-09-21 20:00:00,observed,566.368972,566.368972,566.368972,566.368972
2025-09-21 21:00:00,observed,560.074614,560.074614,560.074614,560.074614
2025-09-21 22:00:00,observed,518.337745,518.337745,518.337745,518.337745
2025-09-21 23:00:00,observed,468.673451,468.673451,468.673451,468.673451
2025-09-22 00:00:00,observed,413.797471,413.797471,413.797471,413.797471
2025-09-22 01:00:00,observed,383.813263,383.813263,383.813263,383.813263
2025-09-22 02:00:00,observed,362.848586,362.848586,362.848586,362.848586
2025-09-22 03:00:00,observed,350.997454,350.997454,350.997454,350.997454
2025-09-22 04:00:00,observed,333.128986,333.128986,333.128986,333.128986
2025-09-22 05:00:00,observed,337.23591,337.23591,337.23591,337.23591
2025-09-22 06:00:00,observed,369.843602,369.843602,369.843602,369.843602
2025-09-22 07:00:00,observed,433.774163,433.774163,433.774163,433.774163
2025-09-22 08:00:00,observed,473.021814,473.021814,473.021814,473.021814
2025-09-22 09:00:00,observed,552.207338,552.207338,552.207338,552.207338
2025-09-22 10:00:00,observed,560.951231,560.951231,560.951231,560.951231
2025-09-22 11:00:00,observed,583.075348,583.075348,583.075348,583.075348
2025-09-22 12:00:00,observed,546.379669,546.379669,546.379669,546.379669
2025-09-22 13:00:00,observed,518.59206,518.59206,518.59206,518.59206
2025-09-22 14:00:00,observed,527.478356,527.478356,527.478356,527.478356
2025-09-22 15:00:00,observed,515.500939,515.500939,515.500939,515.500939
2025-09-22 16:00:00,observed,534.313247,534.313247,534.313247,534.313247
2025-09-22 17:00:00,observed,561.08398,561.08398,561.08398,561.08398
2025-09-22 18:00:00,observed,590.041641,590.041641,590.041641,590.041641
2025-09-22 19:00:00,observed,592.086222,592.086222,592.086222,592.086222
2025-09-22 20:00:00,observed,580.378384,580.378384,580.378384,580.378384
2025-09-22 21:00:00,observed,554.936548,554.936548,554.936548,554.936548
2025-09-22 22:00:00,observed,505.436901,505.436901,505.436901,505.436901
2025-09-22 23:00:00,observed,466.15014,466.15014,466.15014,466.15014
2025-09-23 00:00:00,observed,410.810406,410.810406,410.810406,410.810406
2025-09-23 01:00:00,observed,387.509738,387.509738,387.509738,387.509738
2025-09-23 02:00:00,observed,362.771308,362.771308,362.771308,362.771308
2025-09-23 03:00:00,observed,356.423931,356.423931,356.423931,356.423931
2025-09-23 04:00:00,observed,338.791944,338.791944,338.791944,338.791944
2025-09-23 05:00:00,observed,344.630678,344.630678,344.630678,344.630678
2025-09-23 06:00:00,observed,373.904478,373.904478,373.904478,373.904478
2025-09-23 07:00:00,observed,436.80103,436.80103,436.80103,436.80103
2025-09-23 08:00:00,observed,467.719168,467.719168,467.719168,467.719168
2025-09-23 09:00:00,observed,536.915526,536.915526,536.915526,536.915526
2025-09-23 10:00:00,observed,575.390882,575.390882,575.390882,575.390882
2025-09-23 11:00:00,observed,608.855327,608.855327,608.855327,608.855327
2025-09-23 12:00:00,observed,536.21283,536.21283,536.21283,536.21283
2025-09-23 13:00:00,observed,511.305758,511.305758,511.305758,511.305758
2025-09-23 14:00:00,observed,529.272407,529.272407,529.272407,529.272407
2025-09-23 15:00:00,observed,540.464957,540.464957,540.464957,540.464957
2025-09-23 16:00:00,observed,537.699719,537.699719,537.699719,537.699719
2025-09-23 17:00:00,observed,571.123302,571.123302,571.123302,571.123302
2025-09-23 18:00:00,observed,590.827829,590.827829,590.827829,590.827829
2025-09-23 19:00:00,observed,592.100571,592.100571,592.100571,592.100571
2025-09-23 20:00:00,observed,582.409204,582.409204,582.409204,582.409204
2025-09-23 21:00:00,observed,565.150062,565.150062,565.150062,565.150062
2025-09-23 22:00:00,observed,520.653125,520.653125,520.653125,520.653125
2025-09-23 23:00:00,observed,473.281664,473.281664,473.281664,473.281664
2025-09-24 00:00:00,observed,416.704919,416.704919,416.704919,416.704919
2025-09-24 01:00:00,observed,388.070291,388.070291,388.070291,388.070291
2025-09-24 02:00:00,observed,367.061698,367.061698,367.061698,367.061698
2025-09-24 03:00:00,observed,361.22665,361.22665,361.22665,361.22665
2025-09-24 04:00:00,observed,343.809097,343.809097,343.809097,343.809097
2025-09-24 05:00:00,observed,344.535486,344.535486,344.535486,344.535486
2025-09-24 06:00:00,observed,380.7546,380.7546,380.7546,380.7546
2025-09-24 07:00:00,observed,425.828007,425.828007,425.828007,425.828007
2025-09-24 08:00:00,observed,429.987427,429.987427,429.987427,429.987427
2025-09-24 09:00:00,observed,507.674248,507.674248,507.674248,507.674248
2025-09-24 10:00:00,observed,516.67915,516.67915,516.67915,516.67915
2025-09-24 11:00:00,observed,497.890127,497.890127,497.890127,497.890127
2025-09-24 12:00:00,observed,469.204197,469.204197,469.204197,469.204197
2025-09-24 13:00:00,observed,391.471329,391.471329,391.471329,391.471329
2025-09-24 14:00:00,observed,410.032063,410.032063,410.032063,410.032063
2025-09-24 15:00:00,observed,445.232253,445.232253,445.232253,445.232253
2025-09-24 16:00:00,observed,485.355097,485.355097,485.355097,485.355097
2025-09-24 17:00:00,observed,559.049802,559.049802,559.049802,559.049802
2025-09-24 18:00:00,observed,589.662381,589.662381,589.662381,589.662381
2025-09-24 19:00:00,observed,615.514987,615.514987,615.514987,615.514987
2025-09-24 20:00:00,observed,599.571823,599.571823,599.571823,599.571823
2025-09-24 21:00:00,observed,588.538505,588.538505,588.538505,588.538505
2025-09-24 22:00:00,observed,548.500452,548.500452,548.500452,548.500452
2025-09-24 23:00:00,observed,498.37458,498.37458,498.37458,498.37458
2025-09-25 00:00:00,observed,436.219171,436.219171,436.219171,436.219171
2025-09-25 01:00:00,observed,406.820535,406.820535,406.820535,406.820535
2025-09-25 02:00:00,observed,376.68338,376.68338,376.68338,376.68338
2025-09-25 03:00:00,observed,370.96146,370.96146,370.96146,370.96146
2025-09-25 04:00:00,observed,354.874116,354.874116,354.874116,354.874116
2025-09-25 05:00:00,observed,352.030257,352.030257,352.030257,352.030257
2025-09-25 06:00:00,observed,390.739383,390.739383,390.739383,390.739383
2025-09-25 07:00:00,observed,422.301087,422.301087,422.301087,422.301087
2025-09-25 08:00:00,observed,393.645068,393.645068,393.645068,393.645068
2025-09-25 09:00:00,observed,420.116203,420.116203,420.116203,420.116203
2025-09-25 10:00:00,observed,398.52954,398.52954,398.52954,398.52954
2025-09-25 11:00:00,observed,481.202295,481.202295,481.202295,481.202295
2025-09-25 12:00:00,observed,440.342212,440.342212,440.342212,440.342212
2025-09-25 13:00:00,observed,397.291544,397.291544,397.291544,397.291544
2025-09-25 14:00:00,observed,453.279073,453.279073,453.279073,453.279073
2025-09-25 15:00:00,observed,473.113112,473.113112,473.113112,473.113112
2025-09-25 16:00:00,observed,495.935866,495.935866,495.935866,495.935866
2025-09-25 17:00:00,observed,546.728528,546.728528,546.728528,546.728528
2025-09-25 18:00:00,observed,585.014457,585.014457,585.014457,585.014457
2025-09-25 19:00:00,observed,602.719573,602.719573,602.719573,602.719573
2025-09-25 20:00:00,observed,589.088716,589.088716,589.088716,589.088716
2025-09-25 21:00:00,observed,579.883036,579.883036,579.883036,579.883036
2025-09-25 22:00:00,observed,541.245157,541.245157,541.245157,541.245157
2025-09-25 23:00:00,observed,490.856084,490.856084,490.856084,490.856084
2025-09-26 00:00:00,observed,435.870914,435.870914,435.870914,435.870914
2025-09-26 01:00:00,observed,408.922455,408.922455,408.922455,408.922455
2025-09-26 02:00:00,observed,382.671883,382.671883,382.671883,382.671883
2025-09-26 03:00:00,observed,374.326708,374.326708,374.326708,374.326708
2025-09-26 04:00:00,observed,349.122766,349.122766,349.122766,349.122766
2025-09-26 05:00:00,observed,353.454599,353.454599,353.454599,353.454599
2025-09-26 06:00:00,observed,384.890202,384.890202,384.890202,384.890202
2025-09-26 07:00:00,observed,438.45681,438.45681,438.45681,438.45681
2025-09-26 08:00:00,observed,473.95225,473.95225,473.95225,473.95225
2025-09-26 09:00:00,observed,522.788942,522.788942,522.788942,522.788942
2025-09-26 10:00:00,observed,549.188644,549.188644,549.188644,549.188644
2025-09-26 11:00:00,observed,581.302214,581.302214,581.302214,581.302214
2025-09-26 12:00:00,observed,487.537938,487.537938,487.537938,487.537938
2025-09-26 13:00:00,observed,464.197255,464.197255,464.197255,464.197255
2025-09-26 14:00:00,observed,484.207309,484.207309,484.207309,484.207309
2025-09-26 15:00:00,observed,470.482994,470.482994,470.482994,470.482994
2025-09-26 16:00:00,observed,498.578657,498.578657,498.578657,498.578657
2025-09-26 17:00:00,observed,547.836461,547.836461,547.836461,547.836461
2025-09-26 18:00:00,observed,590.060534,590.060534,590.060534,590.060534
2025-09-26 19:00:00,observed,596.382389,596.382389,596.382389,596.382389
2025-09-26 20:00:00,observed,594.519075,594.519075,594.519075,594.519075
2025-09-26 21:00:00,observed,577.514699,577.514699,577.514699,577.514699
2025-09-26 22:00:00,observed,539.501234,539.501234,539.501234,539.501234
2025-09-26 23:00:00,observed,491.524338,491.524338,491.524338,491.524338
2025-09-27 00:00:00,observed,444.95169,444.95169,444.95169,444.95169
2025-09-27 01:00:00,observed,406.429898,406.429898,406.429898,406.429898
2025-09-27 02:00:00,observed,384.073446,384.073446,384.073446,384.073446
2025-09-27 03:00:00,observed,371.623391,371.623391,371.623391,371.623391
2025-09-27 04:00:00,observed,357.712586,357.712586,357.712586,357.712586
2025-09-27 05:00:00,observed,356.413513,356.413513,356.413513,356.413513
2025-09-27 06:00:00,observed,367.571634,367.571634,367.571634,367.571634
2025-09-27 07:00:00,observed,404.318982,404.318982,404.318982,404.318982
2025-09-27 08:00:00,observed,446.44133,446.44133,446.44133,446.44133
2025-09-27 09:00:00,observed,507.985987,507.985987,507.985987,507.985987
2025-09-27 10:00:00,observed,547.010192,547.010192,547.010192,547.010192
2025-09-27 11:00:00,observed,559.011175,559.011175,559.011175,559.011175
2025-09-27 12:00:00,observed,519.086786,519.086786,519.086786,519.086786
2025-09-27 13:00:00,observed,529.25152,529.25152,529.25152,529.25152
2025-09-27 14:00:00,observed,511.741187,511.741187,511.741187,511.741187
2025-09-27 15:00:00,observed,498.981517,498.981517,498.981517,498.981517
2025-09-27 16:00:00,observed,524.146533,524.146533,524.146533,524.146533
2025-09-27 17:00:00,observed,558.562221,558.562221,558.562221,558.562221
2025-09-27 18:00:00,observed,592.401474,592.401474,592.401474,592.401474
2025-09-27 19:00:00,observed,596.903284,596.903284,596.903284,596.903284
2025-09-27 20:00:00,observed,590.753854,590.753854,590.753854,590.753854
2025-09-27 21:00:00,observed,569.05581,569.05581,569.05581,569.05581
2025-09-27 22:00:00,observed,523.211973,523.211973,523.211973,523.211973
2025-09-27 23:00:00,observed,468.214207,468.214207,468.214207,468.214207
2025-09-28 00:00:00,observed,421.975758,421.975758,421.975758,421.975758
2025-09-28 01:00:00,observed,389.32184,389.32184,389.32184,389.32184
2025-09-28 02:00:00,observed,367.869637,367.869637,367.869637,367.869637
2025-09-28 03:00:00,observed,361.049263,361.049263,361.049263,361.049263
2025-09-28 04:00:00,observed,347.554868,347.554868,347.554868,347.554868
2025-09-28 05:00:00,observed,343.938356,343.938356,343.938356,343.938356
2025-09-28 06:00:00,observed,371.865568,371.865568,371.865568,371.865568
2025-09-28 07:00:00,observed,423.046781,423.046781,423.046781,423.046781
2025-09-28 08:00:00,observed,459.001062,459.001062,459.001062,459.001062
2025-09-28 09:00:00,observed,536.548302,536.548302,536.548302,536.548302
2025-09-28 10:00:00,observed,541.913569,541.913569,541.913569,541.913569
2025-09-28 11:00:00,observed,570.296073,570.296073,570.296073,570.296073
2025-09-28 12:00:00,observed,527.795165,527.795165,527.795165,527.795165
2025-09-28 13:00:00,observed,496.190763,496.190763,496.190763,496.190763
2025-09-28 14:00:00,observed,516.547312,516.547312,516.547312,516.547312
2025-09-28 15:00:00,observed,508.902809,508.902809,508.902809,508.902809
2025-09-28 16:00:00,observed,531.710297,531.710297,531.710297,531.710297
2025-09-28 17:00:00,observed,572.628182,572.628182,572.628182,572.628182
2025-09-28 18:00:00,observed,590.913593,590.913593,590.913593,590.913593
2025-09-28 19:00:00,observed,602.875993,602.875993,602.875993,602.875993
2025-09-28 20:00:00,observed,594.622713,594.622713,594.622713,594.622713
2025-09-28 21:00:00,observed,575.844405,575.844405,575.844405,575.844405
2025-09-28 22:00:00,observed,531.20061,531.20061,531.20061,531.20061
2025-09-28 23:00:00,observed,480.632573,480.632573,480.632573,480.632573
2025-09-29 00:00:00,observed,431.649334,431.649334,431.649334,431.649334
2025-09-29 01:00:00,observed,401.496897,401.496897,401.496897,401.496897
2025-09-29 02:00:00,observed,374.015146,374.015146,374.015146,374.015146
2025-09-29 03:00:00,observed,369.756211,369.756211,369.756211,369.756211
2025-09-29 04:00:00,observed,353.224101,353.224101,353.224101,353.224101
2025-09-29 05:00:00,observed,352.385902,352.385902,352.385902,352.385902
2025-09-29 06:00:00,observed,379.410927,379.410927,379.410927,379.410927
2025-09-29 07:00:00,observed,438.852666,438.852666,438.852666,438.852666
2025-09-29 08:00:00,observed,452.109196,452.109196,452.109196,452.109196
2025-09-29 09:00:00,observed,517.659874,517.659874,517.659874,517.659874
2025-09-29 10:00:00,observed,561.084894,561.084894,561.084894,561.084894
2025-09-29 11:00:00,observed,516.601498,516.601498,516.601498,516.601498
2025-09-29 12:00:00,observed,428.650355,428.650355,428.650355,428.650355
2025-09-29 13:00:00,observed,415.690846,415.690846,415.690846,415.690846
2025-09-29 14:00:00,observed,428.102302,428.102302,428.102302,428.102302
2025-09-29 15:00:00,observed,468.445218,468.445218,468.445218,468.445218
2025-09-29 16:00:00,observed,486.638142,486.638142,486.638142,486.638142
2025-09-29 17:00:00,observed,548.384221,548.384221,548.384221,548.384221
2025-09-29 18:00:00,observed,594.695767,594.695767,594.695767,594.695767
2025-09-29 19:00:00,observed,610.972835,610.972835,610.972835,610.972835
2025-09-29 20:00:00,observed,597.407371,597.407371,597.407371,597.407371
2025-09-29 21:00:00,observed,593.531715,593.531715,593.531715,593.531715
2025-09-29 22:00:00,observed,552.588921,552.588921,552.588921,552.588921
2025-09-29 23:00:00,observed,501.073188,501.073188,501.073188,501.073188
2025-09-30 00:00:00,observed,443.807146,443.807146,443.807146,443.807146
2025-09-30 01:00:00,observed,411.838419,411.838419,411.838419,411.838419
2025-09-30 02:00:00,observed,382.352858,382.352858,382.352858,382.352858
2025-09-30 03:00:00,observed,372.071146,372.071146,372.071146,372.071146
2025-09-30 04:00:00,observed,353.585219,353.585219,353.585219,353.585219
2025-09-30 05:00:00,observed,353.764044,353.764044,353.764044,353.764044
2025-09-30 06:00:00,observed,380.990555,380.990555,380.990555,380.990555
2025-09-30 07:00:00,observed,420.843801,420.843801,420.843801,420.843801
2025-09-30 08:00:00,observed,388.32266,388.32266,388.32266,388.32266
2025-09-30 09:00:00,observed,419.671174,419.671174,419.671174,419.671174
2025-09-30 10:00:00,observed,413.089362,413.089362,413.089362,413.089362
2025-09-30 11:00:00,observed,425.629311,425.629311,425.629311,425.629311
2025-09-30 12:00:00,observed,412.001874,412.001874,412.001874,412.001874
2025-09-30 13:00:00,observed,403.35458,403.35458,403.35458,403.35458
2025-09-30 14:00:00,observed,400.559295,400.559295,400.559295,400.559295
2025-09-30 15:00:00,observed,422.789591,422.789591,422.789591,422.789591
2025-09-30 16:00:00,observed,480.523733,480.523733,480.523733,480.523733
2025-09-30 17:00:00,observed,540.025233,540.025233,540.025233,540.025233
2025-09-30 18:00:00,observed,575.37751,575.37751,575.37751,575.37751
2025-09-30 19:00:00,observed,592.243865,592.243865,592.243865,592.243865
2025-09-30 20:00:00,observed,586.266584,586.266584,586.266584,586.266584
2025-09-30 21:00:00,observed,569.268102,569.268102,569.268102,569.268102
2025-09-30 22:00:00,observed,536.871247,536.871247,536.871247,536.871247
2025-09-30 23:00:00,observed,497.309868,497.309868,497.309868,497.309868
2025-10-01 00:00:00,observed,444.756112,444.756112,444.756112,444.756112
2025-10-01 01:00:00,observed,406.210305,406.210305,406.210305,406.210305
2025-10-01 02:00:00,observed,378.306733,378.306733,378.306733,378.306733
2025-10-01 03:00:00,observed,362.62846,362.62846,362.62846,362.62846
2025-10-01 04:00:00,observed,345.344031,345.344031,345.344031,345.344031
2025-10-01 05:00:00,observed,340.177131,340.177131,340.177131,340.177131
2025-10-01 06:00:00,observed,348.479649,348.479649,348.479649,348.479649
2025-10-01 07:00:00,observed,367.850385,367.850385,367.850385,367.850385
2025-10-01 08:00:00,observed,399.895124,399.895124,399.895124,399.895124
2025-10-01 09:00:00,observed,423.483458,423.483458,423.483458,423.483458
2025-10-01 10:00:00,observed,349.853162,349.853162,349.853162,349.853162
2025-10-01 11:00:00,observed,396.225493,396.225493,396.225493,396.225493
2025-10-01 12:00:00,observed,456.691214,456.691214,456.691214,456.691214
2025-10-01 13:00:00,observed,443.501097,443.501097,443.501097,443.501097
2025-10-01 14:00:00,observed,462.332582,462.332582,462.332582,462.332582
2025-10-01 15:00:00,observed,443.205294,443.205294,443.205294,443.205294
2025-10-01 16:00:00,observed,440.8885,440.8885,440.8885,440.8885
2025-10-01 17:00:00,observed,485.875642,485.875642,485.875642,485.875642
2025-10-01 18:00:00,observed,514.857531,514.857531,514.857531,514.857531
2025-10-01 19:00:00,observed,524.38457,524.38457,524.38457,524.38457
2025-10-01 20:00:00,observed,516.608941,516.608941,516.608941,516.608941
2025-10-01 21:00:00,observed,499.113517,499.113517,499.113517,499.113517
2025-10-01 22:00:00,observed,472.698543,472.698543,472.698543,472.698543
2025-10-01 23:00:00,observed,417.027215,417.027215,417.027215,417.027215
2025-10-02 00:00:00,observed,376.764776,376.764776,376.764776,376.764776
2025-10-02 01:00:00,observed,352.032319,352.032319,352.032319,352.032319
2025-10-02 02:00:00,observed,329.962812,329.962812,329.962812,329.962812
2025-10-02 03:00:00,observed,321.153584,321.153584,321.153584,321.153584
2025-10-02 04:00:00,observed,302.816318,302.816318,302.816318,302.816318
2025-10-02 05:00:00,observed,302.545651,302.545651,302.545651,302.545651
2025-10-02 06:00:00,observed,311.443556,311.443556,311.443556,311.443556
2025-10-02 07:00:00,observed,351.969694,351.969694,351.969694,351.969694
2025-10-02 08:00:00,observed,380.239731,380.239731,380.239731,380.239731
2025-10-02 09:00:00,observed,432.593738,432.593738,432.593738,432.593738
2025-10-02 10:00:00,observed,451.147397,451.147397,451.147397,451.147397
2025-10-02 11:00:00,observed,477.948278,477.948278,477.948278,477.948278
2025-10-02 12:00:00,observed,478.378535,478.378535,478.378535,478.378535
2025-10-02 13:00:00,observed,449.757992,449.757992,449.757992,449.757992
2025-10-02 14:00:00,observed,444.638748,444.638748,444.638748,444.638748
2025-10-02 15:00:00,observed,441.189149,441.189149,441.189149,441.189149
2025-10-02 16:00:00,observed,444.180229,444.180229,444.180229,444.180229
2025-10-02 17:00:00,observed,473.623234,473.623234,473.623234,473.623234
2025-10-02 18:00:00,observed,507.862743,507.862743,507.862743,507.862743
2025-10-02 19:00:00,observed,518.288245,518.288245,518.288245,518.288245
2025-10-02 20:00:00,observed,508.199804,508.199804,508.199804,508.199804
2025-10-02 21:00:00,observed,495.802962,495.802962,495.802962,495.802962
2025-10-02 22:00:00,observed,464.499916,464.499916,464.499916,464.499916
2025-10-02 23:00:00,observed,427.837477,427.837477,427.837477,427.837477
2025-10-03 00:00:00,observed,380.949928,380.949928,380.949928,380.949928
2025-10-03 01:00:00,observed,348.794429,348.794429,348.794429,348.794429
2025-10-03 02:00:00,observed,327.515698,327.515698,327.515698,327.515698
2025-10-03 03:00:00,observed,319.802798,319.802798,319.802798,319.802798
2025-10-03 04:00:00,observed,300.38717,300.38717,300.38717,300.38717
2025-10-03 05:00:00,observed,305.550769,305.550769,305.550769,305.550769
2025-10-03 06:00:00,observed,322.969173,322.969173,322.969173,322.969173
2025-10-03 07:00:00,observed,352.768137,352.768137,352.768137,352.768137
2025-10-03 08:00:00,observed,377.904508,377.904508,377.904508,377.904508
2025-10-03 09:00:00,observed,407.848415,407.848415,407.848415,407.848415
2025-10-03 10:00:00,observed,402.522359,402.522359,402.522359,402.522359
2025-10-03 11:00:00,observed,437.178119,437.178119,437.178119,437.178119
2025-10-03 12:00:00,observed,433.087865,433.087865,433.087865,433.087865
2025-10-03 13:00:00,observed,417.316261,417.316261,417.316261,417.316261
2025-10-03 14:00:00,observed,446.786003,446.786003,446.786003,446.786003
2025-10-03 15:00:00,observed,429.972461,429.972461,429.972461,429.972461
2025-10-03 16:00:00,observed,426.475417,426.475417,426.475417,426.475417
2025-10-03 17:00:00,observed,482.725614,482.725614,482.725614,482.725614
2025-10-03 18:00:00,observed,532.497398,532.497398,532.497398,532.497398
2025-10-03 19:00:00,observed,537.118788,537.118788,537.118788,537.118788
2025-10-03 20:00:00,observed,530.197567,530.197567,530.197567,530.197567
2025-10-03 21:00:00,observed,523.877213,523.877213,523.877213,523.877213
2025-10-03 22:00:00,observed,497.661163,497.661163,497.661163,497.661163
2025-10-03 23:00:00,observed,460.51428,460.51428,460.51428,460.51428
2025-10-04 00:00:00,observed,403.877933,403.877933,403.877933,403.877933
2025-10-04 01:00:00,observed,365.393052,365.393052,365.393052,365.393052
2025-10-04 02:00:00,observed,338.636702,338.636702,338.636702,338.636702
2025-10-04 03:00:00,observed,326.391822,326.391822,326.391822,326.391822
2025-10-04 04:00:00,observed,310.601312,310.601312,310.601312,310.601312
2025-10-04 05:00:00,observed,303.239306,303.239306,303.239306,303.239306
2025-10-04 06:00:00,observed,325.886905,325.886905,325.886905,325.886905
2025-10-04 07:00:00,observed,362.505544,362.505544,362.505544,362.505544
2025-10-04 08:00:00,observed,395.924915,395.924915,395.924915,395.924915
2025-10-04 09:00:00,observed,453.991027,453.991027,453.991027,453.991027
2025-10-04 10:00:00,observed,493.347387,493.347387,493.347387,493.347387
2025-10-04 11:00:00,observed,500.731181,500.731181,500.731181,500.731181
2025-10-04 12:00:00,observed,492.540499,492.540499,492.540499,492.540499
2025-10-04 13:00:00,observed,485.107923,485.107923,485.107923,485.107923
2025-10-04 14:00:00,observed,490.354483,490.354483,490.354483,490.354483
2025-10-04 15:00:00,observed,484.811283,484.811283,484.811283,484.811283
2025-10-04 16:00:00,observed,487.679826,487.679826,487.679826,487.679826
2025-10-04 17:00:00,observed,515.608884,515.608884,515.608884,515.608884
2025-10-04 18:00:00,observed,557.337268,557.337268,557.337268,557.337268
2025-10-04 19:00:00,observed,548.528733,548.528733,548.528733,548.528733
2025-10-04 20:00:00,observed,551.882419,551.882419,551.882419,551.882419
2025-10-04 21:00:00,observed,538.284167,538.284167,538.284167,538.284167
2025-10-04 22:00:00,observed,505.959498,505.959498,505.959498,505.959498
2025-10-04 23:00:00,observed,464.086799,464.086799,464.086799,464.086799
2025-10-05 00:00:00,observed,403.39528,403.39528,403.39528,403.39528
2025-10-05 01:00:00,observed,372.754376,372.754376,372.754376,372.754376
2025-10-05 02:00:00,observed,343.120395,343.120395,343.120395,343.120395
2025-10-05 03:00:00,observed,328.996627,328.996627,328.996627,328.996627
2025-10-05 04:00:00,observed,316.724726,316.724726,316.724726,316.724726
2025-10-05 05:00:00,observed,310.631513,310.631513,310.631513,310.631513
2025-10-05 06:00:00,observed,328.52671,328.52671,328.52671,328.52671
2025-10-05 07:00:00,observed,357.435383,357.435383,357.435383,357.435383
2025-10-05 08:00:00,observed,392.414314,392.414314,392.414314,392.414314
2025-10-05 09:00:00,observed,437.46599,437.46599,437.46599,437.46599
2025-10-05 10:00:00,observed,465.732513,465.732513,465.732513,465.732513
2025-10-05 11:00:00,observed,488.928448,488.928448,488.928448,488.928448
2025-10-05 12:00:00,observed,437.491504,437.491504,437.491504,437.491504
2025-10-05 13:00:00,observed,417.128986,417.128986,417.128986,417.128986
2025-10-05 14:00:00,observed,426.943708,426.943708,426.943708,426.943708
2025-10-05 15:00:00,observed,470.723803,470.723803,470.723803,470.723803
2025-10-05 16:00:00,observed,492.105743,492.105743,492.105743,492.105743
2025-10-05 17:00:00,observed,532.249494,532.249494,532.249494,532.249494
2025-10-05 18:00:00,observed,578.554129,578.554129,578.554129,578.554129
2025-10-05 19:00:00,observed,585.141132,585.141132,585.141132,585.141132
2025-10-05 20:00:00,observed,570.153612,570.153612,570.153612,570.153612
2025-10-05 21:00:00,observed,550.212236,550.212236,550.212236,550.212236
2025-10-05 22:00:00,observed,526.507722,526.507722,526.507722,526.507722
2025-10-05 23:00:00,observed,484.768673,484.768673,484.768673,484.768673
2025-10-06 00:00:00,observed,422.738515,422.738515,422.738515,422.738515
2025-10-06 01:00:00,observed,383.515783,383.515783,383.515783,383.515783
2025-10-06 02:00:00,observed,355.24009,355.24009,355.24009,355.24009
2025-10-06 03:00:00,observed,341.469472,341.469472,341.469472,341.469472
2025-10-06 04:00:00,observed,318.825845,318.825845,318.825845,318.825845
2025-10-06 05:00:00,observed,316.561386,316.561386,316.561386,316.561386
2025-10-06 06:00:00,observed,328.394617,328.394617,328.394617,328.394617
2025-10-06 07:00:00,observed,348.229957,348.229957,348.229957,348.229957
2025-10-06 08:00:00,observed,348.511573,348.511573,348.511573,348.511573
2025-10-06 09:00:00,observed,380.648107,380.648107,380.648107,380.648107
2025-10-06 10:00:00,observed,368.370106,368.370106,368.370106,368.370106
2025-10-06 11:00:00,observed,413.59846,413.59846,413.59846,413.59846
2025-10-06 12:00:00,observed,400.671989,400.671989,400.671989,400.671989
2025-10-06 13:00:00,observed,369.707354,369.707354,369.707354,369.707354
2025-10-06 14:00:00,observed,356.025912,356.025912,356.025912,356.025912
2025-10-06 15:00:00,observed,354.73971,354.73971,354.73971,354.73971
2025-10-06 16:00:00,observed,419.781896,419.781896,419.781896,419.781896
2025-10-06 17:00:00,observed,456.246663,456.246663,456.246663,456.246663
2025-10-06 18:00:00,observed,495.791986,495.791986,495.791986,495.791986
2025-10-06 19:00:00,observed,474.647681,474.647681,474.647681,474.647681
2025-10-06 20:00:00,observed,470.259579,470.259579,470.259579,470.259579
2025-10-06 21:00:00,observed,469.505373,469.505373,469.505373,469.505373
2025-10-06 22:00:00,observed,460.945599,460.945599,460.945599,460.945599
2025-10-06 23:00:00,observed,412.722055,412.722055,412.722055,412.722055
2025-10-07 00:00:00,observed,361.562704,361.562704,361.562704,361.562704
2025-10-07 01:00:00,observed,330.216758,330.216758,330.216758,330.216758
2025-10-07 02:00:00,observed,303.796077,303.796077,303.796077,303.796077
2025-10-07 03:00:00,observed,290.655795,290.655795,290.655795,290.655795
2025-10-07 04:00:00,observed,276.832723,276.832723,276.832723,276.832723
2025-10-07 05:00:00,observed,281.479948,281.479948,281.479948,281.479948
2025-10-07 06:00:00,observed,299.309916,299.309916,299.309916,299.309916
2025-10-07 07:00:00,observed,336.627278,336.627278,336.627278,336.627278
2025-10-07 08:00:00,observed,359.267408,359.267408,359.267408,359.267408
2025-10-07 09:00:00,observed,405.04942,405.04942,405.04942,405.04942
2025-10-07 10:00:00,observed,468.968798,468.968798,468.968798,468.968798
2025-10-07 11:00:00,observed,520.428962,520.428962,520.428962,520.428962
2025-10-07 12:00:00,observed,498.853533,498.853533,498.853533,498.853533
2025-10-07 13:00:00,observed,449.823204,449.823204,449.823204,449.823204
2025-10-07 14:00:00,observed,433.881508,433.881508,433.881508,433.881508
2025-10-07 15:00:00,observed,447.149467,447.149467,447.149467,447.149467
2025-10-07 16:00:00,observed,486.691108,486.691108,486.691108,486.691108
2025-10-07 17:00:00,observed,540.586532,540.586532,540.586532,540.586532
2025-10-07 18:00:00,observed,584.596141,584.596141,584.596141,584.596141
2025-10-07 19:00:00,observed,583.505172,583.505172,583.505172,583.505172
2025-10-07 20:00:00,observed,572.638387,572.638387,572.638387,572.638387
2025-10-07 21:00:00,observed,550.404962,550.404962,550.404962,550.404962
2025-10-07 22:00:00,observed,524.386624,524.386624,524.386624,524.386624
2025-10-07 23:00:00,observed,478.103014,478.103014,478.103014,478.103014
2025-10-08 00:00:00,observed,424.178622,424.178622,424.178622,424.178622
2025-10-08 01:00:00,observed,388.559347,388.559347,388.559347,388.559347
2025-10-08 02:00:00,observed,360.824389,360.824389,360.824389,360.824389
2025-10-08 03:00:00,observed,346.596108,346.596108,346.596108,346.596108
2025-10-08 04:00:00,observed,326.28591,326.28591,326.28591,326.28591
2025-10-08 05:00:00,observed,327.217706,327.217706,327.217706,327.217706
2025-10-08 06:00:00,observed,341.549028,341.549028,341.549028,341.549028
2025-10-08 07:00:00,observed,380.153505,380.153505,380.153505,380.153505
2025-10-08 08:00:00,observed,405.376006,405.376006,405.376006,405.376006
2025-10-08 09:00:00,observed,453.937761,453.937761,453.937761,453.937761
2025-10-08 10:00:00,observed,484.131506,484.131506,484.131506,484.131506
2025-10-08 11:00:00,observed,521.196293,521.196293,521.196293,521.196293
2025-10-08 12:00:00,observed,470.055397,470.055397,470.055397,470.055397
2025-10-08 13:00:00,observed,446.772892,446.772892,446.772892,446.772892
2025-10-08 14:00:00,observed,488.343042,488.343042,488.343042,488.343042
2025-10-08 15:00:00,observed,483.969152,483.969152,483.969152,483.969152
2025-10-08 16:00:00,observed,497.421497,497.421497,497.421497,497.421497
2025-10-08 17:00:00,observed,549.266298,549.266298,549.266298,549.266298
2025-10-08 18:00:00,observed,611.1404,611.1404,611.1404,611.1404
2025-10-08 19:00:00,observed,614.090644,614.090644,614.090644,614.090644
2025-10-08 20:00:00,observed,594.598337,594.598337,594.598337,594.598337
2025-10-08 21:00:00,observed,578.988663,578.988663,578.988663,578.988663
2025-10-08 22:00:00,observed,538.360396,538.360396,538.360396,538.360396
2025-10-08 23:00:00,observed,481.204338,481.204338,481.204338,481.204338
2025-10-09 00:00:00,observed,419.665884,419.665884,419.665884,419.665884
2025-10-09 01:00:00,observed,391.862113,391.862113,391.862113,391.862113
2025-10-09 02:00:00,observed,363.453329,363.453329,363.453329,363.453329
2025-10-09 03:00:00,observed,357.74031,357.74031,357.74031,357.74031
2025-10-09 04:00:00,observed,341.417086,341.417086,341.417086,341.417086
2025-10-09 05:00:00,observed,339.46047,339.46047,339.46047,339.46047
2025-10-09 06:00:00,observed,371.617126,371.617126,371.617126,371.617126
2025-10-09 07:00:00,observed,418.427038,418.427038,418.427038,418.427038
2025-10-09 08:00:00,observed,416.333593,416.333593,416.333593,416.333593
2025-10-09 09:00:00,observed,450.315245,450.315245,450.315245,450.315245
2025-10-09 10:00:00,observed,422.619147,422.619147,422.619147,422.619147
2025-10-09 11:00:00,observed,439.171573,439.171573,439.171573,439.171573
2025-10-09 12:00:00,observed,416.059065,416.059065,416.059065,416.059065
2025-10-09 13:00:00,observed,411.738685,411.738685,411.738685,411.738685
2025-10-09 14:00:00,observed,456.443734,456.443734,456.443734,456.443734
2025-10-09 15:00:00,observed,498.036814,498.036814,498.036814,498.036814
2025-10-09 16:00:00,observed,538.168992,538.168992,538.168992,538.168992
2025-10-09 17:00:00,observed,574.566595,574.566595,574.566595,574.566595
2025-10-09 18:00:00,observed,620.806394,620.806394,620.806394,620.806394
2025-10-09 19:00:00,observed,602.489201,602.489201,602.489201,602.489201
2025-10-09 20:00:00,observed,582.355626,582.355626,582.355626,582.355626
2025-10-09 21:00:00,observed,560.893389,560.893389,560.893389,560.893389
2025-10-09 22:00:00,observed,517.303607,517.303607,517.303607,517.303607
2025-10-09 23:00:00,observed,472.014874,472.014874,472.014874,472.014874
2025-10-10 00:00:00,observed,410.298582,410.298582,410.298582,410.298582
2025-10-10 01:00:00,observed,380.225515,380.225515,380.225515,380.225515
2025-10-10 02:00:00,observed,352.905859,352.905859,352.905859,352.905859
2025-10-10 03:00:00,observed,342.590873,342.590873,342.590873,342.590873
2025-10-10 04:00:00,observed,322.518079,322.518079,322.518079,322.518079
2025-10-10 05:00:00,observed,327.375791,327.375791,327.375791,327.375791
2025-10-10 06:00:00,observed,359.647424,359.647424,359.647424,359.647424
2025-10-10 07:00:00,observed,424.362142,424.362142,424.362142,424.362142
2025-10-10 08:00:00,observed,449.246676,449.246676,449.246676,449.246676
2025-10-10 09:00:00,observed,518.585121,518.585121,518.585121,518.585121
2025-10-10 10:00:00,observed,516.126626,516.126626,516.126626,516.126626
2025-10-10 11:00:00,observed,497.620553,497.620553,497.620553,497.620553
2025-10-10 12:00:00,observed,477.534099,477.534099,477.534099,477.534099
2025-10-10 13:00:00,observed,422.922354,422.922354,422.922354,422.922354
2025-10-10 14:00:00,observed,477.421813,477.421813,477.421813,477.421813
2025-10-10 15:00:00,observed,470.403372,470.403372,470.403372,470.403372
2025-10-10 16:00:00,observed,490.219521,490.219521,490.219521,490.219521
2025-10-10 17:00:00,observed,532.097759,532.097759,532.097759,532.097759
2025-10-10 18:00:00,observed,588.034356,588.034356,588.034356,588.034356
2025-10-10 19:00:00,observed,581.199668,581.199668,581.199668,581.199668
2025-10-10 20:00:00,observed,570.457816,570.457816,570.457816,570.457816
2025-10-10 21:00:00,observed,560.40067,560.40067,560.40067,560.40067
2025-10-10 22:00:00,observed,520.721239,520.721239,520.721239,520.721239
2025-10-10 23:00:00,observed,465.786056,465.786056,465.786056,465.786056
2025-10-11 00:00:00,observed,407.504932,407.504932,407.504932,407.504932
2025-10-11 01:00:00,observed,385.098346,385.098346,385.098346,385.098346
2025-10-11 02:00:00,observed,358.47323,358.47323,358.47323,358.47323
2025-10-11 03:00:00,observed,350.511049,350.511049,350.511049,350.511049
2025-10-11 04:00:00,observed,333.018708,333.018708,333.018708,333.018708
2025-10-11 05:00:00,observed,331.386497,331.386497,331.386497,331.386497
2025-10-11 06:00:00,observed,359.730263,359.730263,359.730263,359.730263
2025-10-11 07:00:00,observed,418.078452,418.078452,418.078452,418.078452
2025-10-11 08:00:00,observed,455.776009,455.776009,455.776009,455.776009
2025-10-11 09:00:00,observed,518.585121,518.585121,518.585121,518.585121
2025-10-11 10:00:00,observed,546.151047,546.151047,546.151047,546.151047
2025-10-11 11:00:00,observed,567.47047,567.47047,567.47047,567.47047
2025-10-11 12:00:00,observed,495.095486,495.095486,495.095486,495.095486
2025-10-11 13:00:00,observed,444.520455,444.520455,444.520455,444.520455
2025-10-11 14:00:00,observed,471.046671,471.046671,471.046671,471.046671
2025-10-11 15:00:00,observed,486.439722,486.439722,486.439722,486.439722
2025-10-11 16:00:00,observed,498.521576,498.521576,498.521576,498.521576
2025-10-11 17:00:00,observed,535.787293,535.787293,535.787293,535.787293
2025-10-11 18:00:00,observed,587.630785,587.630785,587.630785,587.630785
2025-10-11 19:00:00,observed,579.449094,579.449094,579.449094,579.449094
2025-10-11 20:00:00,observed,565.714627,565.714627,565.714627,565.714627
2025-10-11 21:00:00,observed,551.624321,551.624321,551.624321,551.624321
2025-10-11 22:00:00,observed,520.068336,520.068336,520.068336,520.068336
2025-10-11 23:00:00,observed,475.771863,475.771863,475.771863,475.771863
2025-10-12 00:00:00,observed,416.783005,416.783005,416.783005,416.783005
2025-10-12 01:00:00,observed,386.174128,386.174128,386.174128,386.174128
2025-10-12 02:00:00,observed,359.650097,359.650097,359.650097,359.650097
2025-10-12 03:00:00,observed,344.827993,344.827993,344.827993,344.827993
2025-10-12 04:00:00,observed,327.443742,327.443742,327.443742,327.443742
2025-10-12 05:00:00,observed,322.881261,322.881261,322.881261,322.881261
2025-10-12 06:00:00,observed,332.196402,332.196402,332.196402,332.196402
2025-10-12 07:00:00,observed,373.423783,373.423783,373.423783,373.423783
2025-10-12 08:00:00,observed,414.076894,414.076894,414.076894,414.076894
2025-10-12 09:00:00,observed,483.984459,483.984459,483.984459,483.984459
2025-10-12 10:00:00,observed,508.995194,508.995194,508.995194,508.995194
2025-10-12 11:00:00,observed,553.068196,553.068196,553.068196,553.068196
2025-10-12 12:00:00,observed,521.923851,521.923851,521.923851,521.923851
2025-10-12 13:00:00,observed,500.98903,500.98903,500.98903,500.98903
2025-10-12 14:00:00,observed,498.863308,498.863308,498.863308,498.863308
2025-10-12 15:00:00,observed,482.241605,482.241605,482.241605,482.241605
2025-10-12 16:00:00,observed,486.375521,486.375521,486.375521,486.375521
2025-10-12 17:00:00,observed,532.53872,532.53872,532.53872,532.53872
2025-10-12 18:00:00,observed,568.958056,568.958056,568.958056,568.958056
2025-10-12 19:00:00,observed,562.845791,562.845791,562.845791,562.845791
2025-10-12 20:00:00,observed,552.866138,552.866138,552.866138,552.866138
2025-10-12 21:00:00,observed,536.906844,536.906844,536.906844,536.906844
2025-10-12 22:00:00,observed,490.804004,490.804004,490.804004,490.804004
2025-10-12 23:00:00,observed,432.2434,432.2434,432.2434,432.2434
2025-10-13 00:00:00,observed,378.07217,378.07217,378.07217,378.07217
2025-10-13 01:00:00,observed,356.807235,356.807235,356.807235,356.807235
2025-10-13 02:00:00,observed,333.254652,333.254652,333.254652,333.254652
2025-10-13 03:00:00,observed,328.308382,328.308382,328.308382,328.308382
2025-10-13 04:00:00,observed,311.775407,311.775407,311.775407,311.775407
2025-10-13 05:00:00,observed,312.907394,312.907394,312.907394,312.907394
2025-10-13 06:00:00,observed,348.117105,348.117105,348.117105,348.117105
2025-10-13 07:00:00,observed,419.812628,419.812628,419.812628,419.812628
2025-10-13 08:00:00,observed,457.779825,457.779825,457.779825,457.779825
2025-10-13 09:00:00,observed,543.176086,543.176086,543.176086,543.176086
2025-10-13 10:00:00,observed,557.841272,557.841272,557.841272,557.841272
2025-10-13 11:00:00,observed,597.269665,597.269665,597.269665,597.269665
2025-10-13 12:00:00,observed,526.673251,526.673251,526.673251,526.673251
2025-10-13 13:00:00,observed,483.558373,483.558373,483.558373,483.558373
2025-10-13 14:00:00,observed,494.258044,494.258044,494.258044,494.258044
2025-10-13 15:00:00,observed,494.402807,494.402807,494.402807,494.402807
2025-10-13 16:00:00,observed,510.479404,510.479404,510.479404,510.479404
2025-10-13 17:00:00,observed,556.73309,556.73309,556.73309,556.73309
2025-10-13 18:00:00,observed,595.25083,595.25083,595.25083,595.25083
2025-10-13 19:00:00,observed,586.546485,586.546485,586.546485,586.546485
2025-10-13 20:00:00,observed,567.882573,567.882573,567.882573,567.882573
2025-10-13 21:00:00,observed,568.921153,568.921153,568.921153,568.921153
2025-10-13 22:00:00,observed,521.221279,521.221279,521.221279,521.221279
2025-10-13 23:00:00,observed,467.931977,467.931977,467.931977,467.931977
2025-10-14 00:00:00,observed,407.117017,407.117017,407.117017,407.117017
2025-10-14 01:00:00,observed,376.644458,376.644458,376.644458,376.644458
2025-10-14 02:00:00,observed,349.296225,349.296225,349.296225,349.296225
2025-10-14 03:00:00,observed,346.902988,346.902988,346.902988,346.902988
2025-10-14 04:00:00,observed,325.691106,325.691106,325.691106,325.691106
2025-10-14 05:00:00,observed,329.19812,329.19812,329.19812,329.19812
2025-10-14 06:00:00,observed,365.792747,365.792747,365.792747,365.792747
2025-10-14 07:00:00,observed,423.767644,423.767644,423.767644,423.767644
2025-10-14 08:00:00,observed,404.57156,404.57156,404.57156,404.57156
2025-10-14 09:00:00,observed,441.650352,441.650352,441.650352,441.650352
2025-10-14 10:00:00,observed,410.67461,410.67461,410.67461,410.67461
2025-10-14 11:00:00,observed,397.510754,397.510754,397.510754,397.510754
2025-10-14 12:00:00,observed,346.544678,346.544678,346.544678,346.544678
2025-10-14 13:00:00,observed,324.990127,324.990127,324.990127,324.990127
2025-10-14 14:00:00,observed,369.076068,369.076068,369.076068,369.076068
2025-10-14 15:00:00,observed,396.331561,396.331561,396.331561,396.331561
2025-10-14 16:00:00,observed,466.047878,466.047878,466.047878,466.047878
2025-10-14 17:00:00,observed,542.213351,542.213351,542.213351,542.213351
2025-10-14 18:00:00,observed,601.89019,601.89019,601.89019,601.89019
2025-10-14 19:00:00,observed,593.38617,593.38617,593.38617,593.38617
2025-10-14 20:00:00,observed,576.605613,576.605613,576.605613,576.605613
2025-10-14 21:00:00,observed,571.587591,571.587591,571.587591,571.587591
2025-10-14 22:00:00,observed,526.101186,526.101186,526.101186,526.101186
2025-10-14 23:00:00,observed,472.481539,472.481539,472.481539,472.481539
2025-10-15 00:00:00,observed,412.609709,412.609709,412.609709,412.609709
2025-10-15 01:00:00,observed,377.858896,377.858896,377.858896,377.858896
2025-10-15 02:00:00,observed,348.166057,348.166057,348.166057,348.166057
2025-10-15 03:00:00,observed,349.176299,349.176299,349.176299,349.176299
2025-10-15 04:00:00,observed,333.305277,333.305277,333.305277,333.305277
2025-10-15 05:00:00,observed,333.140003,333.140003,333.140003,333.140003
2025-10-15 06:00:00,observed,358.130892,358.130892,358.130892,358.130892
2025-10-15 07:00:00,observed,421.987433,421.987433,421.987433,421.987433
2025-10-15 08:00:00,observed,462.164528,462.164528,462.164528,462.164528
2025-10-15 09:00:00,observed,543.595769,543.595769,543.595769,543.595769
2025-10-15 10:00:00,observed,568.982149,568.982149,568.982149,568.982149
2025-10-15 11:00:00,observed,590.585746,590.585746,590.585746,590.585746
2025-10-15 12:00:00,observed,559.322717,559.322717,559.322717,559.322717
2025-10-15 13:00:00,observed,531.726169,531.726169,531.726169,531.726169
2025-10-15 14:00:00,observed,516.409671,516.409671,516.409671,516.409671
2025-10-15 15:00:00,observed,524.210136,524.210136,524.210136,524.210136
2025-10-15 16:00:00,observed,526.711383,526.711383,526.711383,526.711383
2025-10-15 17:00:00,observed,560.499859,560.499859,560.499859,560.499859
2025-10-15 18:00:00,observed,602.1768,602.1768,602.1768,602.1768
2025-10-15 19:00:00,observed,588.313958,588.313958,588.313958,588.313958
2025-10-15 20:00:00,observed,578.096203,578.096203,578.096203,578.096203
2025-10-15 21:00:00,observed,563.146112,563.146112,563.146112,563.146112
2025-10-15 22:00:00,observed,516.016449,516.016449,516.016449,516.016449
2025-10-15 23:00:00,observed,466.490278,466.490278,466.490278,466.490278
2025-10-16 00:00:00,observed,406.094896,406.094896,406.094896,406.094896
2025-10-16 01:00:00,observed,376.321901,376.321901,376.321901,376.321901
2025-10-16 02:00:00,observed,351.962872,351.962872,351.962872,351.962872
2025-10-16 03:00:00,observed,349.290163,349.290163,349.290163,349.290163
2025-10-16 04:00:00,observed,330.095587,330.095587,330.095587,330.095587
2025-10-16 05:00:00,observed,332.270747,332.270747,332.270747,332.270747
2025-10-16 06:00:00,observed,365.026197,365.026197,365.026197,365.026197
2025-10-16 07:00:00,observed,423.442915,423.442915,423.442915,423.442915
2025-10-16 08:00:00,observed,446.892307,446.892307,446.892307,446.892307
2025-10-16 09:00:00,observed,485.042409,485.042409,485.042409,485.042409
2025-10-16 10:00:00,observed,512.152005,512.152005,512.152005,512.152005
2025-10-16 11:00:00,observed,523.106281,523.106281,523.106281,523.106281
2025-10-16 12:00:00,observed,440.408821,440.408821,440.408821,440.408821
2025-10-16 13:00:00,observed,338.139407,338.139407,338.139407,338.139407
2025-10-16 14:00:00,observed,414.7881,414.7881,414.7881,414.7881
2025-10-16 15:00:00,observed,485.659973,485.659973,485.659973,485.659973
2025-10-16 16:00:00,observed,503.610938,503.610938,503.610938,503.610938
2025-10-16 17:00:00,observed,541.765177,541.765177,541.765177,541.765177
2025-10-16 18:00:00,observed,609.545033,609.545033,609.545033,609.545033
2025-10-16 19:00:00,observed,598.784201,598.784201,598.784201,598.784201
2025-10-16 20:00:00,observed,581.803073,581.803073,581.803073,581.803073
2025-10-16 21:00:00,observed,577.574509,577.574509,577.574509,577.574509
2025-10-16 22:00:00,observed,531.011227,531.011227,531.011227,531.011227
2025-10-16 23:00:00,observed,479.018712,479.018712,479.018712,479.018712
2025-10-17 00:00:00,observed,418.0667,418.0667,418.0667,418.0667
2025-10-17 01:00:00,observed,384.785824,384.785824,384.785824,384.785824
2025-10-17 02:00:00,observed,354.068126,354.068126,354.068126,354.068126
2025-10-17 03:00:00,observed,354.720977,354.720977,354.720977,354.720977
2025-10-17 04:00:00,observed,336.179804,336.179804,336.179804,336.179804
2025-10-17 05:00:00,observed,333.93955,333.93955,333.93955,333.93955
2025-10-17 06:00:00,observed,367.852804,367.852804,367.852804,367.852804
2025-10-17 07:00:00,observed,434.010091,434.010091,434.010091,434.010091
2025-10-17 08:00:00,observed,466.403538,466.403538,466.403538,466.403538
2025-10-17 09:00:00,observed,556.216895,556.216895,556.216895,556.216895
2025-10-17 10:00:00,observed,577.08763,577.08763,577.08763,577.08763
2025-10-17 11:00:00,observed,611.858996,611.858996,611.858996,611.858996
2025-10-17 12:00:00,observed,553.845355,553.845355,553.845355,553.845355
2025-10-17 13:00:00,observed,525.270808,525.270808,525.270808,525.270808
2025-10-17 14:00:00,observed,543.009498,543.009498,543.009498,543.009498
2025-10-17 15:00:00,observed,530.077733,530.077733,530.077733,530.077733
2025-10-17 16:00:00,observed,536.667974,536.667974,536.667974,536.667974
2025-10-17 17:00:00,observed,563.672599,563.672599,563.672599,563.672599
2025-10-17 18:00:00,observed,600.616964,600.616964,600.616964,600.616964
2025-10-17 19:00:00,observed,584.923014,584.923014,584.923014,584.923014
2025-10-17 20:00:00,observed,569.44171,569.44171,569.44171,569.44171
2025-10-17 21:00:00,observed,552.274685,552.274685,552.274685,552.274685
2025-10-17 22:00:00,observed,510.644809,510.644809,510.644809,510.644809
2025-10-17 23:00:00,observed,470.203056,470.203056,470.203056,470.203056
2025-10-18 00:00:00,observed,413.420995,413.420995,413.420995,413.420995
2025-10-18 01:00:00,observed,387.176085,387.176085,387.176085,387.176085
2025-10-18 02:00:00,observed,358.105407,358.105407,358.105407,358.105407
2025-10-18 03:00:00,observed,359.769524,359.769524,359.769524,359.769524
2025-10-18 04:00:00,observed,342.600247,342.600247,342.600247,342.600247
2025-10-18 05:00:00,observed,336.130018,336.130018,336.130018,336.130018
2025-10-18 06:00:00,observed,353.244293,353.244293,353.244293,353.244293
2025-10-18 07:00:00,observed,397.335408,397.335408,397.335408,397.335408
2025-10-18 08:00:00,observed,423.903037,423.903037,423.903037,423.903037
2025-10-18 09:00:00,observed,440.162757,440.162757,440.162757,440.162757
2025-10-18 10:00:00,observed,456.410665,456.410665,456.410665,456.410665
2025-10-18 11:00:00,observed,484.97197,484.97197,484.97197,484.97197
2025-10-18 12:00:00,observed,408.055959,408.055959,408.055959,408.055959
2025-10-18 13:00:00,observed,402.40519,402.40519,402.40519,402.40519
2025-10-18 14:00:00,observed,427.189562,427.189562,427.189562,427.189562
2025-10-18 15:00:00,observed,469.162691,469.162691,469.162691,469.162691
2025-10-18 16:00:00,observed,492.844804,492.844804,492.844804,492.844804
2025-10-18 17:00:00,observed,547.171066,547.171066,547.171066,547.171066
2025-10-18 18:00:00,observed,591.789202,591.789202,591.789202,591.789202
2025-10-18 19:00:00,observed,584.88271,584.88271,584.88271,584.88271
2025-10-18 20:00:00,observed,572.459444,572.459444,572.459444,572.459444
2025-10-18 21:00:00,observed,564.888274,564.888274,564.888274,564.888274
2025-10-18 22:00:00,observed,543.304637,543.304637,543.304637,543.304637
2025-10-18 23:00:00,observed,492.736896,492.736896,492.736896,492.736896
2025-10-19 00:00:00,observed,431.633606,431.633606,431.633606,431.633606
2025-10-19 01:00:00,observed,395.922445,395.922445,395.922445,395.922445
2025-10-19 02:00:00,observed,363.55716,363.55716,363.55716,363.55716
2025-10-19 03:00:00,observed,362.882811,362.882811,362.882811,362.882811
2025-10-19 04:00:00,observed,340.241309,340.241309,340.241309,340.241309
2025-10-19 05:00:00,observed,334.869625,334.869625,334.869625,334.869625
2025-10-19 06:00:00,observed,344.522851,344.522851,344.522851,344.522851
2025-10-19 07:00:00,observed,384.123156,384.123156,384.123156,384.123156
2025-10-19 08:00:00,observed,408.075912,408.075912,408.075912,408.075912
2025-10-19 09:00:00,observed,425.937827,425.937827,425.937827,425.937827
2025-10-19 10:00:00,observed,460.31252,460.31252,460.31252,460.31252
2025-10-19 11:00:00,observed,426.453307,426.453307,426.453307,426.453307
2025-10-19 12:00:00,observed,417.302157,417.302157,417.302157,417.302157
2025-10-19 13:00:00,observed,365.335703,365.335703,365.335703,365.335703
2025-10-19 14:00:00,observed,413.918485,413.918485,413.918485,413.918485
2025-10-19 15:00:00,observed,456.814719,456.814719,456.814719,456.814719
2025-10-19 16:00:00,observed,462.75529,462.75529,462.75529,462.75529
2025-10-19 17:00:00,observed,515.983636,515.983636,515.983636,515.983636
2025-10-19 18:00:00,observed,582.860509,582.860509,582.860509,582.860509
2025-10-19 19:00:00,observed,576.232303,576.232303,576.232303,576.232303
2025-10-19 20:00:00,observed,574.093625,574.093625,574.093625,574.093625
2025-10-19 21:00:00,observed,571.123967,571.123967,571.123967,571.123967
2025-10-19 22:00:00,observed,527.157711,527.157711,527.157711,527.157711
2025-10-19 23:00:00,observed,459.510973,459.510973,459.510973,459.510973
2025-10-20 00:00:00,observed,403.037213,403.037213,403.037213,403.037213
2025-10-20 01:00:00,observed,371.997857,371.997857,371.997857,371.997857
2025-10-20 02:00:00,observed,340.243883,340.243883,340.243883,340.243883
2025-10-20 03:00:00,observed,339.297193,339.297193,339.297193,339.297193
2025-10-20 04:00:00,observed,320.893668,320.893668,320.893668,320.893668
2025-10-20 05:00:00,observed,324.097239,324.097239,324.097239,324.097239
2025-10-20 06:00:00,observed,358.749231,358.749231,358.749231,358.749231
2025-10-20 07:00:00,observed,432.62948,432.62948,432.62948,432.62948
2025-10-20 08:00:00,observed,479.268631,479.268631,479.268631,479.268631
2025-10-20 09:00:00,observed,560.256177,560.256177,560.256177,560.256177
2025-10-20 10:00:00,observed,558.889137,558.889137,558.889137,558.889137
2025-10-20 11:00:00,observed,595.92917,595.92917,595.92917,595.92917
2025-10-20 12:00:00,observed,556.96136,556.96136,556.96136,556.96136
2025-10-20 13:00:00,observed,497.736129,497.736129,497.736129,497.736129
2025-10-20 14:00:00,observed,523.98816,523.98816,523.98816,523.98816
2025-10-20 15:00:00,observed,524.819254,524.819254,524.819254,524.819254
2025-10-20 16:00:00,observed,561.697538,561.697538,561.697538,561.697538
2025-10-20 17:00:00,observed,597.924859,597.924859,597.924859,597.924859
2025-10-20 18:00:00,observed,642.866008,642.866008,642.866008,642.866008
2025-10-20 19:00:00,observed,628.017968,628.017968,628.017968,628.017968
2025-10-20 20:00:00,observed,618.908736,618.908736,618.908736,618.908736
2025-10-20 21:00:00,observed,610.239079,610.239079,610.239079,610.239079
2025-10-20 22:00:00,observed,567.388271,567.388271,567.388271,567.388271
2025-10-20 23:00:00,observed,503.989792,503.989792,503.989792,503.989792
2025-10-21 00:00:00,observed,435.352948,435.352948,435.352948,435.352948
2025-10-21 01:00:00,observed,399.801884,399.801884,399.801884,399.801884
2025-10-21 02:00:00,observed,370.335352,370.335352,370.335352,370.335352
2025-10-21 03:00:00,observed,360.829754,360.829754,360.829754,360.829754
2025-10-21 04:00:00,observed,345.531299,345.531299,345.531299,345.531299
2025-10-21 05:00:00,observed,345.279875,345.279875,345.279875,345.279875
2025-10-21 06:00:00,observed,383.785293,383.785293,383.785293,383.785293
2025-10-21 07:00:00,observed,455.425239,455.425239,455.425239,455.425239
2025-10-21 08:00:00,observed,484.721733,484.721733,484.721733,484.721733
2025-10-21 09:00:00,observed,562.393511,562.393511,562.393511,562.393511
2025-10-21 10:00:00,observed,548.802392,548.802392,548.802392,548.802392
2025-10-21 11:00:00,observed,490.841231,490.841231,490.841231,490.841231
2025-10-21 12:00:00,observed,414.560985,414.560985,414.560985,414.560985
2025-10-21 13:00:00,observed,389.490741,389.490741,389.490741,389.490741
2025-10-21 14:00:00,observed,415.516381,415.516381,415.516381,415.516381
2025-10-21 15:00:00,observed,422.379411,422.379411,422.379411,422.379411
2025-10-21 16:00:00,observed,484.111828,484.111828,484.111828,484.111828
2025-10-21 17:00:00,observed,561.435825,561.435825,561.435825,561.435825
2025-10-21 18:00:00,observed,634.1502,634.1502,634.1502,634.1502
2025-10-21 19:00:00,observed,625.582992,625.582992,625.582992,625.582992
2025-10-21 20:00:00,observed,627.165876,627.165876,627.165876,627.165876
2025-10-21 21:00:00,observed,629.134252,629.134252,629.134252,629.134252
2025-10-21 22:00:00,observed,584.203379,584.203379,584.203379,584.203379
2025-10-21 23:00:00,observed,522.096622,522.096622,522.096622,522.096622
2025-10-22 00:00:00,observed,451.278902,451.278902,451.278902,451.278902
2025-10-22 01:00:00,observed,408.995165,408.995165,408.995165,408.995165
2025-10-22 02:00:00,observed,377.196775,377.196775,377.196775,377.196775
2025-10-22 03:00:00,observed,372.949336,372.949336,372.949336,372.949336
2025-10-22 04:00:00,observed,353.804571,353.804571,353.804571,353.804571
2025-10-22 05:00:00,observed,358.368489,358.368489,358.368489,358.368489
2025-10-22 06:00:00,observed,399.095636,399.095636,399.095636,399.095636
2025-10-22 07:00:00,observed,466.707074,466.707074,466.707074,466.707074
2025-10-22 08:00:00,observed,445.585075,445.585075,445.585075,445.585075
2025-10-22 09:00:00,observed,468.454139,468.454139,468.454139,468.454139
2025-10-22 10:00:00,observed,434.590776,434.590776,434.590776,434.590776
2025-10-22 11:00:00,observed,428.667582,428.667582,428.667582,428.667582
2025-10-22 12:00:00,observed,387.912932,387.912932,387.912932,387.912932
2025-10-22 13:00:00,observed,360.99069,360.99069,360.99069,360.99069
2025-10-22 14:00:00,observed,384.652242,384.652242,384.652242,384.652242
2025-10-22 15:00:00,observed,417.083887,417.083887,417.083887,417.083887
2025-10-22 16:00:00,observed,482.143398,482.143398,482.143398,482.143398
2025-10-22 17:00:00,observed,554.571137,554.571137,554.571137,554.571137
2025-10-22 18:00:00,observed,635.621869,635.621869,635.621869,635.621869
2025-10-22 19:00:00,observed,619.851278,619.851278,619.851278,619.851278
2025-10-22 20:00:00,observed,627.889427,627.889427,627.889427,627.889427
2025-10-22 21:00:00,observed,629.939277,629.939277,629.939277,629.939277
2025-10-22 22:00:00,observed,583.971675,583.971675,583.971675,583.971675
2025-10-22 23:00:00,observed,522.792023,522.792023,522.792023,522.792023
2025-10-23 00:00:00,weekly_analog_estimate,,392.061023,452.105602,512.150181
2025-10-23 01:00:00,weekly_analog_estimate,,362.48271,417.86976,473.25681
2025-10-23 02:00:00,weekly_analog_estimate,,338.127585,389.036121,439.944657
2025-10-23 03:00:00,weekly_analog_estimate,,337.190446,386.460479,435.730512
2025-10-23 04:00:00,weekly_analog_estimate,,318.215181,370.898632,423.582082
2025-10-23 05:00:00,weekly_analog_estimate,,320.798372,371.917074,423.035776
2025-10-23 06:00:00,weekly_analog_estimate,,352.678939,407.488618,462.298297
2025-10-23 07:00:00,weekly_analog_estimate,,410.946713,481.413662,551.880611
2025-10-23 08:00:00,weekly_analog_estimate,,435.94038,514.350859,592.761338
2025-10-23 09:00:00,weekly_analog_estimate,,474.035027,560.882404,647.72978
2025-10-23 10:00:00,weekly_analog_estimate,,491.575898,563.581798,635.587698
2025-10-23 11:00:00,weekly_analog_estimate,,494.982844,567.525845,640.068847
2025-10-23 12:00:00,weekly_analog_estimate,,425.278211,505.611133,585.944056
2025-10-23 13:00:00,weekly_analog_estimate,,336.925667,436.313139,535.700612
2025-10-23 14:00:00,weekly_analog_estimate,,407.162035,481.671418,556.180801
2025-10-23 15:00:00,weekly_analog_estimate,,462.274855,522.803585,583.332315
2025-10-23 16:00:00,weekly_analog_estimate,,486.395717,561.347622,636.299528
2025-10-23 17:00:00,weekly_analog_estimate,,526.580181,615.865712,705.151243
2025-10-23 18:00:00,weekly_analog_estimate,,586.932891,675.772354,764.611816
2025-10-23 19:00:00,weekly_analog_estimate,,583.392,667.814898,752.237795
2025-10-23 20:00:00,weekly_analog_estimate,,575.372977,661.446258,747.51954
2025-10-23 21:00:00,weekly_analog_estimate,,573.149773,654.676448,736.203124
2025-10-23 22:00:00,weekly_analog_estimate,,523.304785,600.315579,677.326372
2025-10-23 23:00:00,weekly_analog_estimate,,470.099646,543.088502,616.077358
2025-10-24 00:00:00,observed,449.380471,449.380471,449.380471,449.380471
2025-10-24 01:00:00,observed,412.695725,412.695725,412.695725,412.695725
2025-10-24 02:00:00,observed,378.180898,378.180898,378.180898,378.180898
2025-10-24 03:00:00,observed,375.428686,375.428686,375.428686,375.428686
2025-10-24 04:00:00,observed,358.281261,358.281261,358.281261,358.281261
2025-10-24 05:00:00,observed,360.825443,360.825443,360.825443,360.825443
2025-10-24 06:00:00,observed,397.179726,397.179726,397.179726,397.179726
2025-10-24 07:00:00,observed,467.453616,467.453616,467.453616,467.453616
2025-10-24 08:00:00,observed,494.981929,494.981929,494.981929,494.981929
2025-10-24 09:00:00,observed,565.463382,565.463382,565.463382,565.463382
2025-10-24 10:00:00,observed,573.052553,573.052553,573.052553,573.052553
2025-10-24 11:00:00,observed,558.621205,558.621205,558.621205,558.621205
2025-10-24 12:00:00,observed,464.001098,464.001098,464.001098,464.001098
2025-10-24 13:00:00,observed,391.595346,391.595346,391.595346,391.595346
2025-10-24 14:00:00,observed,407.609296,407.609296,407.609296,407.609296
2025-10-24 15:00:00,observed,451.172078,451.172078,451.172078,451.172078
2025-10-24 16:00:00,observed,516.948839,516.948839,516.948839,516.948839
2025-10-24 17:00:00,observed,561.677483,561.677483,561.677483,561.677483
2025-10-24 18:00:00,observed,628.837065,628.837065,628.837065,628.837065
2025-10-24 19:00:00,observed,624.978172,624.978172,624.978172,624.978172
2025-10-24 20:00:00,observed,626.690551,626.690551,626.690551,626.690551
2025-10-24 21:00:00,observed,620.693488,620.693488,620.693488,620.693488
2025-10-24 22:00:00,observed,587.204201,587.204201,587.204201,587.204201
2025-10-24 23:00:00,observed,539.760191,539.760191,539.760191,539.760191
2025-10-25 00:00:00,weekly_analog_estimate,,410.895152,439.396995,467.898837
2025-10-25 01:00:00,weekly_analog_estimate,,381.974432,404.220436,426.466439
2025-10-25 02:00:00,weekly_analog_estimate,,349.872896,371.557507,393.242118
2025-10-25 03:00:00,weekly_analog_estimate,,352.516031,372.037419,391.558808
2025-10-25 04:00:00,weekly_analog_estimate,,338.962459,354.018592,369.074724
2025-10-25 05:00:00,weekly_analog_estimate,,332.787124,350.669753,368.552382
2025-10-25 06:00:00,weekly_analog_estimate,,349.696956,363.480783,377.26461
2025-10-25 07:00:00,weekly_analog_estimate,,383.864215,406.476725,429.089236
2025-10-25 08:00:00,weekly_analog_estimate,,402.095101,425.841133,449.587164
2025-10-25 09:00:00,weekly_analog_estimate,,427.11092,451.247308,475.383696
2025-10-25 10:00:00,weekly_analog_estimate,,445.026414,473.731981,502.437548
2025-10-25 11:00:00,weekly_analog_estimate,,478.147247,512.712255,547.277263
2025-10-25 12:00:00,weekly_analog_estimate,,405.900705,466.289184,526.677662
2025-10-25 13:00:00,weekly_analog_estimate,,398.798613,449.308651,499.818689
2025-10-25 14:00:00,weekly_analog_estimate,,425.909162,456.594921,487.28068
2025-10-25 15:00:00,weekly_analog_estimate,,457.699197,477.356099,497.013001
2025-10-25 16:00:00,weekly_analog_estimate,,478.585895,495.608822,512.63175
2025-10-25 17:00:00,weekly_analog_estimate,,538.203345,553.102379,568.001413
2025-10-25 18:00:00,weekly_analog_estimate,,581.564664,603.267533,624.970402
2025-10-25 19:00:00,weekly_analog_estimate,,571.920614,591.770607,611.6206
2025-10-25 20:00:00,weekly_analog_estimate,,561.672773,581.750187,601.8276
2025-10-25 21:00:00,weekly_analog_estimate,,556.288505,580.164911,604.041317
2025-10-25 22:00:00,weekly_analog_estimate,,530.279701,554.122804,577.965907
2025-10-25 23:00:00,weekly_analog_estimate,,484.631737,502.099118,519.566499
2025-10-26 00:00:00,observed,450.97975,450.97975,450.97975,450.97975
2025-10-26 01:00:00,observed,411.534682,411.534682,411.534682,411.534682
2025-10-26 02:00:00,observed,377.260715,377.260715,377.260715,377.260715
2025-10-26 03:00:00,observed,382.609651,382.609651,382.609651,382.609651
2025-10-26 04:00:00,observed,358.645679,358.645679,358.645679,358.645679
2025-10-26 05:00:00,observed,357.165262,357.165262,357.165262,357.165262
2025-10-26 06:00:00,observed,361.841776,361.841776,361.841776,361.841776
2025-10-26 07:00:00,observed,399.717919,399.717919,399.717919,399.717919
2025-10-26 08:00:00,observed,418.151826,418.151826,418.151826,418.151826
2025-10-26 09:00:00,observed,460.611284,460.611284,460.611284,460.611284
2025-10-26 10:00:00,observed,451.479178,451.479178,451.479178,451.479178
2025-10-26 11:00:00,observed,515.621245,515.621245,515.621245,515.621245
2025-10-26 12:00:00,observed,508.959641,508.959641,508.959641,508.959641
2025-10-26 13:00:00,observed,488.155118,488.155118,488.155118,488.155118
2025-10-26 14:00:00,observed,492.718164,492.718164,492.718164,492.718164
2025-10-26 15:00:00,observed,498.655175,498.655175,498.655175,498.655175
2025-10-26 16:00:00,observed,516.857278,516.857278,516.857278,516.857278
2025-10-26 17:00:00,observed,573.439956,573.439956,573.439956,573.439956
2025-10-26 18:00:00,observed,621.318175,621.318175,621.318175,621.318175
2025-10-26 19:00:00,observed,612.472714,612.472714,612.472714,612.472714
2025-10-26 20:00:00,observed,618.348121,618.348121,618.348121,618.348121
2025-10-26 21:00:00,observed,618.129595,618.129595,618.129595,618.129595
2025-10-26 22:00:00,observed,569.735251,569.735251,569.735251,569.735251
2025-10-26 23:00:00,observed,511.92256,511.92256,511.92256,511.92256
2025-10-27 00:00:00,weekly_analog_estimate,,393.534309,405.617933,417.701558
2025-10-27 01:00:00,weekly_analog_estimate,,363.246514,374.347311,385.448108
2025-10-27 02:00:00,weekly_analog_estimate,,335.373494,342.482805,349.592116
2025-10-27 03:00:00,weekly_analog_estimate,,334.823023,344.84487,354.866716
2025-10-27 04:00:00,weekly_analog_estimate,,317.20212,328.164253,339.126387
2025-10-27 05:00:00,weekly_analog_estimate,,316.632918,328.846804,341.060689
2025-10-27 06:00:00,weekly_analog_estimate,,354.03766,366.636077,379.234495
2025-10-27 07:00:00,weekly_analog_estimate,,429.547904,443.136918,456.725932
2025-10-27 08:00:00,weekly_analog_estimate,,442.487858,466.417905,490.347951
2025-10-27 09:00:00,weekly_analog_estimate,,480.202721,524.532622,568.862523
2025-10-27 10:00:00,weekly_analog_estimate,,453.902525,509.123835,564.345145
2025-10-27 11:00:00,weekly_analog_estimate,,460.955124,529.584292,598.21346
2025-10-27 12:00:00,weekly_analog_estimate,,413.724603,485.994971,558.265338
2025-10-27 13:00:00,weekly_analog_estimate,,386.828407,444.288338,501.748269
2025-10-27 14:00:00,weekly_analog_estimate,,411.072808,467.540585,524.008361
2025-10-27 15:00:00,weekly_analog_estimate,,433.759908,479.46202,525.164132
2025-10-27 16:00:00,weekly_analog_estimate,,494.449624,529.15166,563.853696
2025-10-27 17:00:00,weekly_analog_estimate,,564.037778,583.231085,602.424392
2025-10-27 18:00:00,weekly_analog_estimate,,624.260963,635.167319,646.073676
2025-10-27 19:00:00,weekly_analog_estimate,,612.087261,621.163145,630.239029
2025-10-27 20:00:00,weekly_analog_estimate,,610.72865,616.618345,622.508039
2025-10-27 21:00:00,weekly_analog_estimate,,605.013657,610.279417,615.545177
2025-10-27 22:00:00,weekly_analog_estimate,,558.54282,565.495534,572.448249
2025-10-27 23:00:00,weekly_analog_estimate,,500.994599,506.409252,511.823906
2025-10-28 00:00:00,observed,448.958342,448.958342,448.958342,448.958342
2025-10-28 01:00:00,observed,406.624236,406.624236,406.624236,406.624236
2025-10-28 02:00:00,observed,373.755622,373.755622,373.755622,373.755622
2025-10-28 03:00:00,observed,377.940671,377.940671,377.940671,377.940671
2025-10-28 04:00:00,observed,358.996968,358.996968,358.996968,358.996968
2025-10-28 05:00:00,observed,358.451016,358.451016,358.451016,358.451016
2025-10-28 06:00:00,observed,396.285982,396.285982,396.285982,396.285982
2025-10-28 07:00:00,observed,469.536224,469.536224,469.536224,469.536224
2025-10-28 08:00:00,observed,453.811653,453.811653,453.811653,453.811653
2025-10-28 09:00:00,observed,484.762911,484.762911,484.762911,484.762911
2025-10-28 10:00:00,observed,450.638146,450.638146,450.638146,450.638146
2025-10-28 11:00:00,observed,453.375865,453.375865,453.375865,453.375865
2025-10-28 12:00:00,observed,403.900758,403.900758,403.900758,403.900758
2025-10-28 13:00:00,observed,370.214471,370.214471,370.214471,370.214471
2025-10-28 14:00:00,observed,400.174508,400.174508,400.174508,400.174508
2025-10-28 15:00:00,observed,434.071225,434.071225,434.071225,434.071225
2025-10-28 16:00:00,observed,480.46552,480.46552,480.46552,480.46552
2025-10-28 17:00:00,observed,553.243401,553.243401,553.243401,553.243401
2025-10-28 18:00:00,observed,619.955142,619.955142,619.955142,619.955142
2025-10-28 19:00:00,observed,612.397692,612.397692,612.397692,612.397692
2025-10-28 20:00:00,observed,614.477133,614.477133,614.477133,614.477133
2025-10-28 21:00:00,observed,617.603847,617.603847,617.603847,617.603847
2025-10-28 22:00:00,observed,578.674581,578.674581,578.674581,578.674581
2025-10-28 23:00:00,observed,520.753802,520.753802,520.753802,520.753802
2025-10-29 00:00:00,observed,443.387118,443.387118,443.387118,443.387118
2025-10-29 01:00:00,observed,407.265927,407.265927,407.265927,407.265927
2025-10-29 02:00:00,observed,372.742872,372.742872,372.742872,372.742872
2025-10-29 03:00:00,observed,378.257147,378.257147,378.257147,378.257147
2025-10-29 04:00:00,observed,358.173857,358.173857,358.173857,358.173857
2025-10-29 05:00:00,observed,360.661121,360.661121,360.661121,360.661121
2025-10-29 06:00:00,observed,391.704474,391.704474,391.704474,391.704474
2025-10-29 07:00:00,observed,463.301159,463.301159,463.301159,463.301159
2025-10-29 08:00:00,observed,440.645062,440.645062,440.645062,440.645062
2025-10-29 09:00:00,observed,466.973819,466.973819,466.973819,466.973819
2025-10-29 10:00:00,observed,453.320628,453.320628,453.320628,453.320628
2025-10-29 11:00:00,observed,472.905865,472.905865,472.905865,472.905865
2025-10-29 12:00:00,observed,392.722847,392.722847,392.722847,392.722847
2025-10-29 13:00:00,observed,417.398554,417.398554,417.398554,417.398554
2025-10-29 14:00:00,observed,423.788021,423.788021,423.788021,423.788021
2025-10-29 15:00:00,observed,464.92653,464.92653,464.92653,464.92653
2025-10-29 16:00:00,observed,510.377037,510.377037,510.377037,510.377037
2025-10-29 17:00:00,observed,568.119696,568.119696,568.119696,568.119696
2025-10-29 18:00:00,observed,620.729357,620.729357,620.729357,620.729357
2025-10-29 19:00:00,observed,610.372958,610.372958,610.372958,610.372958
2025-10-29 20:00:00,observed,605.765752,605.765752,605.765752,605.765752
2025-10-29 21:00:00,observed,611.159178,611.159178,611.159178,611.159178
2025-10-29 22:00:00,observed,570.480008,570.480008,570.480008,570.480008
2025-10-29 23:00:00,observed,503.801938,503.801938,503.801938,503.801938
2025-10-30 00:00:00,weekly_analog_estimate,,392.061023,452.105602,512.150181
2025-10-30 01:00:00,weekly_analog_estimate,,362.48271,417.86976,473.25681
2025-10-30 02:00:00,weekly_analog_estimate,,338.127585,389.036121,439.944657
2025-10-30 03:00:00,weekly_analog_estimate,,337.190446,386.460479,435.730512
2025-10-30 04:00:00,weekly_analog_estimate,,318.215181,370.898632,423.582082
2025-10-30 05:00:00,weekly_analog_estimate,,320.798372,371.917074,423.035776
2025-10-30 06:00:00,weekly_analog_estimate,,352.678939,407.488618,462.298297
2025-10-30 07:00:00,weekly_analog_estimate,,410.946713,481.413662,551.880611
2025-10-30 08:00:00,weekly_analog_estimate,,435.94038,514.350859,592.761338
2025-10-30 09:00:00,weekly_analog_estimate,,474.035027,560.882404,647.72978
2025-10-30 10:00:00,weekly_analog_estimate,,491.575898,563.581798,635.587698
2025-10-30 11:00:00,weekly_analog_estimate,,494.982844,567.525845,640.068847
2025-10-30 12:00:00,weekly_analog_estimate,,425.278211,505.611133,585.944056
2025-10-30 13:00:00,weekly_analog_estimate,,336.925667,436.313139,535.700612
2025-10-30 14:00:00,weekly_analog_estimate,,407.162035,481.671418,556.180801
2025-10-30 15:00:00,weekly_analog_estimate,,462.274855,522.803585,583.332315
2025-10-30 16:00:00,weekly_analog_estimate,,486.395717,561.347622,636.299528
2025-10-30 17:00:00,weekly_analog_estimate,,526.580181,615.865712,705.151243
2025-10-30 18:00:00,weekly_analog_estimate,,586.932891,675.772354,764.611816
2025-10-30 19:00:00,weekly_analog_estimate,,583.392,667.814898,752.237795
2025-10-30 20:00:00,weekly_analog_estimate,,575.372977,661.446258,747.51954
2025-10-30 21:00:00,weekly_analog_estimate,,573.149773,654.676448,736.203124
2025-10-30 22:00:00,weekly_analog_estimate,,523.304785,600.315579,677.326372
2025-10-30 23:00:00,weekly_analog_estimate,,470.099646,543.088502,616.077358
2025-10-31 00:00:00,observed,432.759693,432.759693,432.759693,432.759693
2025-10-31 01:00:00,observed,401.160438,401.160438,401.160438,401.160438
2025-10-31 02:00:00,observed,366.59955,366.59955,366.59955,366.59955
2025-10-31 03:00:00,observed,365.031655,365.031655,365.031655,365.031655
2025-10-31 04:00:00,observed,353.083735,353.083735,353.083735,353.083735
2025-10-31 05:00:00,observed,354.457258,354.457258,354.457258,354.457258
2025-10-31 06:00:00,observed,385.85247,385.85247,385.85247,385.85247
2025-10-31 07:00:00,observed,454.972357,454.972357,454.972357,454.972357
2025-10-31 08:00:00,observed,468.502735,468.502735,468.502735,468.502735
2025-10-31 09:00:00,observed,533.665288,533.665288,533.665288,533.665288
2025-10-31 10:00:00,observed,518.783559,518.783559,518.783559,518.783559
2025-10-31 11:00:00,observed,552.698444,552.698444,552.698444,552.698444
2025-10-31 12:00:00,observed,528.569717,528.569717,528.569717,528.569717
2025-10-31 13:00:00,observed,464.19016,464.19016,464.19016,464.19016
2025-10-31 14:00:00,observed,491.195137,491.195137,491.195137,491.195137
2025-10-31 15:00:00,observed,487.534466,487.534466,487.534466,487.534466
2025-10-31 16:00:00,observed,504.555586,504.555586,504.555586,504.555586
2025-10-31 17:00:00,observed,563.678344,563.678344,563.678344,563.678344
2025-10-31 18:00:00,observed,619.689069,619.689069,619.689069,619.689069
2025-10-31 19:00:00,observed,611.088579,611.088579,611.088579,611.088579
2025-10-31 20:00:00,observed,602.405207,602.405207,602.405207,602.405207
2025-10-31 21:00:00,observed,601.127119,601.127119,601.127119,601.127119
2025-10-31 22:00:00,observed,581.166522,581.166522,581.166522,581.166522
2025-10-31 23:00:00,observed,531.592477,531.592477,531.592477,531.592477
2025-11-01 00:00:00,weekly_analog_estimate,,410.895152,439.396995,467.898837
2025-11-01 01:00:00,weekly_analog_estimate,,381.974432,404.220436,426.466439
2025-11-01 02:00:00,weekly_analog_estimate,,349.872896,371.557507,393.242118
2025-11-01 03:00:00,weekly_analog_estimate,,352.516031,372.037419,391.558808
2025-11-01 04:00:00,weekly_analog_estimate,,338.962459,354.018592,369.074724
2025-11-01 05:00:00,weekly_analog_estimate,,332.787124,350.669753,368.552382
2025-11-01 06:00:00,weekly_analog_estimate,,349.696956,363.480783,377.26461
2025-11-01 07:00:00,weekly_analog_estimate,,383.864215,406.476725,429.089236
2025-11-01 08:00:00,weekly_analog_estimate,,402.095101,425.841133,449.587164
2025-11-01 09:00:00,weekly_analog_estimate,,427.11092,451.247308,475.383696
2025-11-01 10:00:00,weekly_analog_estimate,,445.026414,473.731981,502.437548
2025-11-01 11:00:00,weekly_analog_estimate,,478.147247,512.712255,547.277263
2025-11-01 12:00:00,weekly_analog_estimate,,405.900705,466.289184,526.677662
2025-11-01 13:00:00,weekly_analog_estimate,,398.798613,449.308651,499.818689
2025-11-01 14:00:00,weekly_analog_estimate,,425.909162,456.594921,487.28068
2025-11-01 15:00:00,weekly_analog_estimate,,457.699197,477.356099,497.013001
2025-11-01 16:00:00,weekly_analog_estimate,,478.585895,495.608822,512.63175
2025-11-01 17:00:00,weekly_analog_estimate,,538.203345,553.102379,568.001413
2025-11-01 18:00:00,weekly_analog_estimate,,581.564664,603.267533,624.970402
2025-11-01 19:00:00,weekly_analog_estimate,,571.920614,591.770607,611.6206
2025-11-01 20:00:00,weekly_analog_estimate,,561.672773,581.750187,601.8276
2025-11-01 21:00:00,weekly_analog_estimate,,556.288505,580.164911,604.041317
2025-11-01 22:00:00,weekly_analog_estimate,,530.279701,554.122804,577.965907
2025-11-01 23:00:00,weekly_analog_estimate,,484.631737,502.099118,519.566499
2025-11-02 00:00:00,observed,434.229027,434.229027,434.229027,434.229027
2025-11-02 01:00:00,observed,395.689842,395.689842,395.689842,395.689842
2025-11-02 02:00:00,observed,361.209931,361.209931,361.209931,361.209931
2025-11-02 03:00:00,observed,362.398372,362.398372,362.398372,362.398372
2025-11-02 04:00:00,observed,347.488192,347.488192,347.488192,347.488192
2025-11-02 05:00:00,observed,337.931844,337.931844,337.931844,337.931844
2025-11-02 06:00:00,observed,349.11676,349.11676,349.11676,349.11676
2025-11-02 07:00:00,observed,388.372504,388.372504,388.372504,388.372504
2025-11-02 08:00:00,observed,389.146763,389.146763,389.146763,389.146763
2025-11-02 09:00:00,observed,387.060011,387.060011,387.060011,387.060011
2025-11-02 10:00:00,observed,371.905207,371.905207,371.905207,371.905207
2025-11-02 11:00:00,observed,384.528085,384.528085,384.528085,384.528085
2025-11-02 12:00:00,observed,352.127507,352.127507,352.127507,352.127507
2025-11-02 13:00:00,observed,334.794467,334.794467,334.794467,334.794467
2025-11-02 14:00:00,observed,348.681981,348.681981,348.681981,348.681981
2025-11-02 15:00:00,observed,375.339509,375.339509,375.339509,375.339509
2025-11-02 16:00:00,observed,435.88429,435.88429,435.88429,435.88429
2025-11-02 17:00:00,observed,510.969687,510.969687,510.969687,510.969687
2025-11-02 18:00:00,observed,586.51132,586.51132,586.51132,586.51132
2025-11-02 19:00:00,observed,582.863374,582.863374,582.863374,582.863374
2025-11-02 20:00:00,observed,577.885849,577.885849,577.885849,577.885849
2025-11-02 21:00:00,observed,583.084721,583.084721,583.084721,583.084721
2025-11-02 22:00:00,observed,542.042951,542.042951,542.042951,542.042951
2025-11-02 23:00:00,observed,479.379553,479.379553,479.379553,479.379553
2025-11-03 00:00:00,observed,408.198654,408.198654,408.198654,408.198654
2025-11-03 01:00:00,observed,376.696765,376.696765,376.696765,376.696765
2025-11-03 02:00:00,observed,344.721727,344.721727,344.721727,344.721727
2025-11-03 03:00:00,observed,350.392546,350.392546,350.392546,350.392546
2025-11-03 04:00:00,observed,335.434839,335.434839,335.434839,335.434839
2025-11-03 05:00:00,observed,333.596368,333.596368,333.596368,333.596368
2025-11-03 06:00:00,observed,374.522924,374.522924,374.522924,374.522924
2025-11-03 07:00:00,observed,453.644356,453.644356,453.644356,453.644356
2025-11-03 08:00:00,observed,453.567178,453.567178,453.567178,453.567178
2025-11-03 09:00:00,observed,488.809067,488.809067,488.809067,488.809067
2025-11-03 10:00:00,observed,459.358533,459.358533,459.358533,459.358533
2025-11-03 11:00:00,observed,463.239414,463.239414,463.239414,463.239414
2025-11-03 12:00:00,observed,415.028581,415.028581,415.028581,415.028581
2025-11-03 13:00:00,observed,390.840547,390.840547,390.840547,390.840547
2025-11-03 14:00:00,observed,411.093009,411.093009,411.093009,411.093009
2025-11-03 15:00:00,observed,434.104786,434.104786,434.104786,434.104786
2025-11-03 16:00:00,observed,496.605782,496.605782,496.605782,496.605782
2025-11-03 17:00:00,observed,568.537311,568.537311,568.537311,568.537311
2025-11-03 18:00:00,observed,627.468631,627.468631,627.468631,627.468631
2025-11-03 19:00:00,observed,614.308322,614.308322,614.308322,614.308322
2025-11-03 20:00:00,observed,614.327953,614.327953,614.327953,614.327953
2025-11-03 21:00:00,observed,610.319755,610.319755,610.319755,610.319755
2025-11-03 22:00:00,observed,563.602798,563.602798,563.602798,563.602798
2025-11-03 23:00:00,observed,508.828713,508.828713,508.828713,508.828713
2025-11-04 00:00:00,weekly_analog_estimate,,436.801297,445.86464,454.927982
2025-11-04 01:00:00,weekly_analog_estimate,,397.447004,411.21842,424.989836
2025-11-04 02:00:00,weekly_analog_estimate,,366.650095,378.332234,390.014372
2025-11-04 03:00:00,weekly_analog_estimate,,368.242754,376.086184,383.929614
2025-11-04 04:00:00,weekly_analog_estimate,,353.366664,359.668188,365.969712
2025-11-04 05:00:00,weekly_analog_estimate,,351.874222,359.969307,368.064391
2025-11-04 06:00:00,weekly_analog_estimate,,386.435535,395.830609,405.225684
2025-11-04 07:00:00,weekly_analog_estimate,,456.669277,468.073975,479.478672
2025-11-04 08:00:00,weekly_analog_estimate,,448.330981,470.623755,492.916529
2025-11-04 09:00:00,weekly_analog_estimate,,480.401998,499.002111,517.602223
2025-11-04 10:00:00,weekly_analog_estimate,,447.210294,484.290629,521.370964
2025-11-04 11:00:00,weekly_analog_estimate,,446.811127,476.747681,506.684236
2025-11-04 12:00:00,weekly_analog_estimate,,395.761882,440.217981,484.67408
2025-11-04 13:00:00,weekly_analog_estimate,,367.760069,405.379908,442.999747
2025-11-04 14:00:00,weekly_analog_estimate,,397.040083,416.890857,436.741632
2025-11-04 15:00:00,weekly_analog_estimate,,423.947068,436.953671,449.960275
2025-11-04 16:00:00,weekly_analog_estimate,,474.377105,490.368864,506.360624
2025-11-04 17:00:00,weekly_analog_estimate,,541.125415,557.326112,573.526808
2025-11-04 18:00:00,weekly_analog_estimate,,610.894413,627.587967,644.281521
2025-11-04 19:00:00,weekly_analog_estimate,,607.16127,621.184372,635.207475
2025-11-04 20:00:00,weekly_analog_estimate,,603.647437,617.189236,630.731036
2025-11-04 21:00:00,weekly_analog_estimate,,605.433157,620.413577,635.393997
2025-11-04 22:00:00,weekly_analog_estimate,,567.323384,579.865886,592.408388
2025-11-04 23:00:00,weekly_analog_estimate,,512.75142,523.844114,534.936808
2025-11-05 00:00:00,observed,442.608926,442.608926,442.608926,442.608926
2025-11-05 01:00:00,observed,407.576384,407.576384,407.576384,407.576384
2025-11-05 02:00:00,observed,376.736464,376.736464,376.736464,376.736464
2025-11-05 03:00:00,observed,378.225181,378.225181,378.225181,378.225181
2025-11-05 04:00:00,observed,355.085186,355.085186,355.085186,355.085186
2025-11-05 05:00:00,observed,364.361564,364.361564,364.361564,364.361564
2025-11-05 06:00:00,observed,395.867385,395.867385,395.867385,395.867385
2025-11-05 07:00:00,observed,470.830884,470.830884,470.830884,470.830884
2025-11-05 08:00:00,observed,455.873322,455.873322,455.873322,455.873322
2025-11-05 09:00:00,observed,475.686954,475.686954,475.686954,475.686954
2025-11-05 10:00:00,observed,446.292373,446.292373,446.292373,446.292373
2025-11-05 11:00:00,observed,447.927966,447.927966,447.927966,447.927966
2025-11-05 12:00:00,observed,400.500734,400.500734,400.500734,400.500734
2025-11-05 13:00:00,observed,370.872424,370.872424,370.872424,370.872424
2025-11-05 14:00:00,observed,408.127261,408.127261,408.127261,408.127261
2025-11-05 15:00:00,observed,435.985802,435.985802,435.985802,435.985802
2025-11-05 16:00:00,observed,490.664543,490.664543,490.664543,490.664543
2025-11-05 17:00:00,observed,562.798738,562.798738,562.798738,562.798738
2025-11-05 18:00:00,observed,630.102099,630.102099,630.102099,630.102099
2025-11-05 19:00:00,observed,617.207901,617.207901,617.207901,617.207901
2025-11-05 20:00:00,observed,618.749296,618.749296,618.749296,618.749296
2025-11-05 21:00:00,observed,614.612985,614.612985,614.612985,614.612985
2025-11-05 22:00:00,observed,565.851557,565.851557,565.851557,565.851557
2025-11-05 23:00:00,observed,508.98299,508.98299,508.98299,508.98299
2025-11-06 00:00:00,weekly_analog_estimate,,392.061023,452.105602,512.150181
2025-11-06 01:00:00,weekly_analog_estimate,,362.48271,417.86976,473.25681
2025-11-06 02:00:00,weekly_analog_estimate,,338.127585,389.036121,439.944657
2025-11-06 03:00:00,weekly_analog_estimate,,337.190446,386.460479,435.730512
2025-11-06 04:00:00,weekly_analog_estimate,,318.215181,370.898632,423.582082
2025-11-06 05:00:00,weekly_analog_estimate,,320.798372,371.917074,423.035776
2025-11-06 06:00:00,weekly_analog_estimate,,352.678939,407.488618,462.298297
2025-11-06 07:00:00,weekly_analog_estimate,,410.946713,481.413662,551.880611
2025-11-06 08:00:00,weekly_analog_estimate,,435.94038,514.350859,592.761338
2025-11-06 09:00:00,weekly_analog_estimate,,474.035027,560.882404,647.72978
2025-11-06 10:00:00,weekly_analog_estimate,,491.575898,563.581798,635.587698
2025-11-06 11:00:00,weekly_analog_estimate,,494.982844,567.525845,640.068847
2025-11-06 12:00:00,weekly_analog_estimate,,425.278211,505.611133,585.944056
2025-11-06 13:00:00,weekly_analog_estimate,,336.925667,436.313139,535.700612
2025-11-06 14:00:00,weekly_analog_estimate,,407.162035,481.671418,556.180801
2025-11-06 15:00:00,weekly_analog_estimate,,462.274855,522.803585,583.332315
2025-11-06 16:00:00,weekly_analog_estimate,,486.395717,561.347622,636.299528
2025-11-06 17:00:00,weekly_analog_estimate,,526.580181,615.865712,705.151243
2025-11-06 18:00:00,weekly_analog_estimate,,586.932891,675.772354,764.611816
2025-11-06 19:00:00,weekly_analog_estimate,,583.392,667.814898,752.237795
2025-11-06 20:00:00,weekly_analog_estimate,,575.372977,661.446258,747.51954
2025-11-06 21:00:00,weekly_analog_estimate,,573.149773,654.676448,736.203124
2025-11-06 22:00:00,weekly_analog_estimate,,523.304785,600.315579,677.326372
2025-11-06 23:00:00,weekly_analog_estimate,,470.099646,543.088502,616.077358
2025-11-07 00:00:00,weekly_analog_estimate,,430.804053,440.230164,449.656274
2025-11-07 01:00:00,weekly_analog_estimate,,396.858784,404.644756,412.430729
2025-11-07 02:00:00,weekly_analog_estimate,,363.339434,371.526072,379.712709
2025-11-07 03:00:00,weekly_analog_estimate,,364.479237,373.289656,382.100075
2025-11-07 04:00:00,weekly_analog_estimate,,348.833862,358.258485,367.683108
2025-11-07 05:00:00,weekly_analog_estimate,,350.628818,360.48316,370.337503
2025-11-07 06:00:00,weekly_analog_estimate,,381.859738,393.284476,404.709214
2025-11-07 07:00:00,weekly_analog_estimate,,452.384982,465.007542,477.630101
2025-11-07 08:00:00,weekly_analog_estimate,,458.019162,474.131741,490.244321
2025-11-07 09:00:00,weekly_analog_estimate,,498.214335,518.643006,539.071678
2025-11-07 10:00:00,weekly_analog_estimate,,479.932458,501.991598,524.050738
2025-11-07 11:00:00,weekly_analog_estimate,,485.222105,521.04216,556.862215
2025-11-07 12:00:00,weekly_analog_estimate,,442.496196,487.302904,532.109611
2025-11-07 13:00:00,weekly_analog_estimate,,420.146011,444.052608,467.959205
2025-11-07 14:00:00,weekly_analog_estimate,,449.80499,472.836635,495.86828
2025-11-07 15:00:00,weekly_analog_estimate,,478.59281,492.246063,505.899316
2025-11-07 16:00:00,weekly_analog_estimate,,497.444593,513.867971,530.291349
2025-11-07 17:00:00,weekly_analog_estimate,,555.83985,569.15897,582.478089
2025-11-07 18:00:00,weekly_analog_estimate,,606.864966,620.597474,634.329982
2025-11-07 19:00:00,weekly_analog_estimate,,598.855306,611.630108,624.404909
2025-11-07 20:00:00,weekly_analog_estimate,,587.351401,600.49716,613.642919
2025-11-07 21:00:00,weekly_analog_estimate,,590.771407,603.775371,616.779334
2025-11-07 22:00:00,weekly_analog_estimate,,570.03461,581.979813,593.925017
2025-11-07 23:00:00,weekly_analog_estimate,,522.327444,533.002654,543.677864
2025-11-08 00:00:00,weekly_analog_estimate,,410.895152,439.396995,467.898837
2025-11-08 01:00:00,weekly_analog_estimate,,381.974432,404.220436,426.466439
2025-11-08 02:00:00,weekly_analog_estimate,,349.872896,371.557507,393.242118
2025-11-08 03:00:00,weekly_analog_estimate,,352.516031,372.037419,391.558808
2025-11-08 04:00:00,weekly_analog_estimate,,338.962459,354.018592,369.074724
2025-11-08 05:00:00,weekly_analog_estimate,,332.787124,350.669753,368.552382
2025-11-08 06:00:00,weekly_analog_estimate,,349.696956,363.480783,377.26461
2025-11-08 07:00:00,weekly_analog_estimate,,383.864215,406.476725,429.089236
2025-11-08 08:00:00,weekly_analog_estimate,,402.095101,425.841133,449.587164
2025-11-08 09:00:00,weekly_analog_estimate,,427.11092,451.247308,475.383696
2025-11-08 10:00:00,weekly_analog_estimate,,445.026414,473.731981,502.437548
2025-11-08 11:00:00,weekly_analog_estimate,,478.147247,512.712255,547.277263
2025-11-08 12:00:00,weekly_analog_estimate,,405.900705,466.289184,526.677662
2025-11-08 13:00:00,weekly_analog_estimate,,398.798613,449.308651,499.818689
2025-11-08 14:00:00,weekly_analog_estimate,,425.909162,456.594921,487.28068
2025-11-08 15:00:00,weekly_analog_estimate,,457.699197,477.356099,497.013001
2025-11-08 16:00:00,weekly_analog_estimate,,478.585895,495.608822,512.63175
2025-11-08 17:00:00,weekly_analog_estimate,,538.203345,553.102379,568.001413
2025-11-08 18:00:00,weekly_analog_estimate,,581.564664,603.267533,624.970402
2025-11-08 19:00:00,weekly_analog_estimate,,571.920614,591.770607,611.6206
2025-11-08 20:00:00,weekly_analog_estimate,,561.672773,581.750187,601.8276
2025-11-08 21:00:00,weekly_analog_estimate,,556.288505,580.164911,604.041317
2025-11-08 22:00:00,weekly_analog_estimate,,530.279701,554.122804,577.965907
2025-11-08 23:00:00,weekly_analog_estimate,,484.631737,502.099118,519.566499
2025-11-09 00:00:00,observed,450.58451,450.58451,450.58451,450.58451
2025-11-09 01:00:00,observed,410.074777,410.074777,410.074777,410.074777
2025-11-09 02:00:00,observed,375.735008,375.735008,375.735008,375.735008
2025-11-09 03:00:00,observed,376.943709,376.943709,376.943709,376.943709
2025-11-09 04:00:00,observed,357.475889,357.475889,357.475889,357.475889
2025-11-09 05:00:00,observed,352.497066,352.497066,352.497066,352.497066
2025-11-09 06:00:00,observed,363.848877,363.848877,363.848877,363.848877
2025-11-09 07:00:00,observed,396.445054,396.445054,396.445054,396.445054
2025-11-09 08:00:00,observed,440.254302,440.254302,440.254302,440.254302
2025-11-09 09:00:00,observed,484.705605,484.705605,484.705605,484.705605
2025-11-09 10:00:00,observed,500.185492,500.185492,500.185492,500.185492
2025-11-09 11:00:00,observed,470.236392,470.236392,470.236392,470.236392
2025-11-09 12:00:00,observed,394.584515,394.584515,394.584515,394.584515
2025-11-09 13:00:00,observed,370.194673,370.194673,370.194673,370.194673
2025-11-09 14:00:00,observed,380.878723,380.878723,380.878723,380.878723
2025-11-09 15:00:00,observed,402.697296,402.697296,402.697296,402.697296
2025-11-09 16:00:00,observed,459.028028,459.028028,459.028028,459.028028
2025-11-09 17:00:00,observed,529.894634,529.894634,529.894634,529.894634
2025-11-09 18:00:00,observed,606.676829,606.676829,606.676829,606.676829
2025-11-09 19:00:00,observed,589.346729,589.346729,589.346729,589.346729
2025-11-09 20:00:00,observed,598.755465,598.755465,598.755465,598.755465
2025-11-09 21:00:00,observed,605.264312,605.264312,605.264312,605.264312
2025-11-09 22:00:00,observed,563.642959,563.642959,563.642959,563.642959
2025-11-09 23:00:00,observed,494.559564,494.559564,494.559564,494.559564
2025-11-10 00:00:00,observed,426.712047,426.712047,426.712047,426.712047
2025-11-10 01:00:00,observed,392.7848,392.7848,392.7848,392.7848
2025-11-10 02:00:00,observed,360.490971,360.490971,360.490971,360.490971
2025-11-10 03:00:00,observed,364.877929,364.877929,364.877929,364.877929
2025-11-10 04:00:00,observed,345.803816,345.803816,345.803816,345.803816
2025-11-10 05:00:00,observed,347.45116,347.45116,347.45116,347.45116
2025-11-10 06:00:00,observed,385.809453,385.809453,385.809453,385.809453
2025-11-10 07:00:00,observed,465.556629,465.556629,465.556629,465.556629
2025-11-10 08:00:00,observed,467.158613,467.158613,467.158613,467.158613
2025-11-10 09:00:00,observed,487.982059,487.982059,487.982059,487.982059
2025-11-10 10:00:00,observed,454.772808,454.772808,454.772808,454.772808
2025-11-10 11:00:00,observed,468.985916,468.985916,468.985916,468.985916
2025-11-10 12:00:00,observed,425.490922,425.490922,425.490922,425.490922
2025-11-10 13:00:00,observed,396.703176,396.703176,396.703176,396.703176
2025-11-10 14:00:00,observed,457.535261,457.535261,457.535261,457.535261
2025-11-10 15:00:00,observed,450.473648,450.473648,450.473648,450.473648
2025-11-10 16:00:00,observed,520.625829,520.625829,520.625829,520.625829
2025-11-10 17:00:00,observed,590.318926,590.318926,590.318926,590.318926
2025-11-10 18:00:00,observed,635.297427,635.297427,635.297427,635.297427
2025-11-10 19:00:00,observed,622.293131,622.293131,622.293131,622.293131
2025-11-10 20:00:00,observed,617.11152,617.11152,617.11152,617.11152
2025-11-10 21:00:00,observed,616.131165,616.131165,616.131165,616.131165
2025-11-10 22:00:00,observed,573.281672,573.281672,573.281672,573.281672
2025-11-10 23:00:00,observed,520.706204,520.706204,520.706204,520.706204
2025-11-11 00:00:00,observed,442.770937,442.770937,442.770937,442.770937
2025-11-11 01:00:00,observed,415.812604,415.812604,415.812604,415.812604
2025-11-11 02:00:00,observed,382.908845,382.908845,382.908845,382.908845
2025-11-11 03:00:00,observed,374.231697,374.231697,374.231697,374.231697
2025-11-11 04:00:00,observed,360.339408,360.339408,360.339408,360.339408
2025-11-11 05:00:00,observed,361.487597,361.487597,361.487597,361.487597
2025-11-11 06:00:00,observed,395.375237,395.375237,395.375237,395.375237
2025-11-11 07:00:00,observed,466.611725,466.611725,466.611725,466.611725
2025-11-11 08:00:00,observed,487.435857,487.435857,487.435857,487.435857
2025-11-11 09:00:00,observed,513.24131,513.24131,513.24131,513.24131
2025-11-11 10:00:00,observed,517.943112,517.943112,517.943112,517.943112
2025-11-11 11:00:00,observed,500.119498,500.119498,500.119498,500.119498
2025-11-11 12:00:00,observed,476.535204,476.535204,476.535204,476.535204
2025-11-11 13:00:00,observed,440.545345,440.545345,440.545345,440.545345
2025-11-11 14:00:00,observed,433.607207,433.607207,433.607207,433.607207
2025-11-11 15:00:00,observed,439.836118,439.836118,439.836118,439.836118
2025-11-11 16:00:00,observed,500.272209,500.272209,500.272209,500.272209
2025-11-11 17:00:00,observed,561.408822,561.408822,561.408822,561.408822
2025-11-11 18:00:00,observed,635.220792,635.220792,635.220792,635.220792
2025-11-11 19:00:00,observed,629.971053,629.971053,629.971053,629.971053
2025-11-11 20:00:00,observed,619.90134,619.90134,619.90134,619.90134
2025-11-11 21:00:00,observed,623.223307,623.223307,623.223307,623.223307
2025-11-11 22:00:00,observed,581.057191,581.057191,581.057191,581.057191
2025-11-11 23:00:00,observed,526.934426,526.934426,526.934426,526.934426
2025-11-12 00:00:00,observed,446.292968,446.292968,446.292968,446.292968
2025-11-12 01:00:00,observed,406.344074,406.344074,406.344074,406.344074
2025-11-12 02:00:00,observed,377.101975,377.101975,377.101975,377.101975
2025-11-12 03:00:00,observed,376.43203,376.43203,376.43203,376.43203
2025-11-12 04:00:00,observed,360.557576,360.557576,360.557576,360.557576
2025-11-12 05:00:00,observed,359.1409,359.1409,359.1409,359.1409
2025-11-12 06:00:00,observed,398.460029,398.460029,398.460029,398.460029
2025-11-12 07:00:00,observed,471.611816,471.611816,471.611816,471.611816
2025-11-12 08:00:00,observed,467.171018,467.171018,467.171018,467.171018
2025-11-12 09:00:00,observed,484.536997,484.536997,484.536997,484.536997
2025-11-12 10:00:00,observed,459.504249,459.504249,459.504249,459.504249
2025-11-12 11:00:00,observed,466.604395,466.604395,466.604395,466.604395
2025-11-12 12:00:00,observed,421.150634,421.150634,421.150634,421.150634
2025-11-12 13:00:00,observed,386.376268,386.376268,386.376268,386.376268
2025-11-12 14:00:00,observed,417.332703,417.332703,417.332703,417.332703
2025-11-12 15:00:00,observed,444.38768,444.38768,444.38768,444.38768
2025-11-12 16:00:00,observed,498.942146,498.942146,498.942146,498.942146
2025-11-12 17:00:00,observed,571.788109,571.788109,571.788109,571.788109
2025-11-12 18:00:00,observed,632.892362,632.892362,632.892362,632.892362
2025-11-12 19:00:00,observed,618.361502,618.361502,618.361502,618.361502
2025-11-12 20:00:00,observed,617.453861,617.453861,617.453861,617.453861
2025-11-12 21:00:00,observed,619.576856,619.576856,619.576856,619.576856
2025-11-12 22:00:00,observed,568.559788,568.559788,568.559788,568.559788
2025-11-12 23:00:00,observed,516.308413,516.308413,516.308413,516.308413
2025-11-13 00:00:00,weekly_analog_estimate,,392.061023,452.105602,512.150181
2025-11-13 01:00:00,weekly_analog_estimate,,362.48271,417.86976,473.25681
2025-11-13 02:00:00,weekly_analog_estimate,,338.127585,389.036121,439.944657
2025-11-13 03:00:00,weekly_analog_estimate,,337.190446,386.460479,435.730512
2025-11-13 04:00:00,weekly_analog_estimate,,318.215181,370.898632,423.582082
2025-11-13 05:00:00,weekly_analog_estimate,,320.798372,371.917074,423.035776
2025-11-13 06:00:00,weekly_analog_estimate,,352.678939,407.488618,462.298297
2025-11-13 07:00:00,weekly_analog_estimate,,410.946713,481.413662,551.880611
2025-11-13 08:00:00,weekly_analog_estimate,,435.94038,514.350859,592.761338
2025-11-13 09:00:00,weekly_analog_estimate,,474.035027,560.882404,647.72978
2025-11-13 10:00:00,weekly_analog_estimate,,491.575898,563.581798,635.587698
2025-11-13 11:00:00,weekly_analog_estimate,,494.982844,567.525845,640.068847
2025-11-13 12:00:00,weekly_analog_estimate,,425.278211,505.611133,585.944056
2025-11-13 13:00:00,weekly_analog_estimate,,336.925667,436.313139,535.700612
2025-11-13 14:00:00,weekly_analog_estimate,,407.162035,481.671418,556.180801
2025-11-13 15:00:00,weekly_analog_estimate,,462.274855,522.803585,583.332315
2025-11-13 16:00:00,weekly_analog_estimate,,486.395717,561.347622,636.299528
2025-11-13 17:00:00,weekly_analog_estimate,,526.580181,615.865712,705.151243
2025-11-13 18:00:00,weekly_analog_estimate,,586.932891,675.772354,764.611816
2025-11-13 19:00:00,weekly_analog_estimate,,583.392,667.814898,752.237795
2025-11-13 20:00:00,weekly_analog_estimate,,575.372977,661.446258,747.51954
2025-11-13 21:00:00,weekly_analog_estimate,,573.149773,654.676448,736.203124
2025-11-13 22:00:00,weekly_analog_estimate,,523.304785,600.315579,677.326372
2025-11-13 23:00:00,weekly_analog_estimate,,470.099646,543.088502,616.077358
2025-11-14 00:00:00,observed,447.700634,447.700634,447.700634,447.700634
2025-11-14 01:00:00,observed,408.129075,408.129075,408.129075,408.129075
2025-11-14 02:00:00,observed,376.452593,376.452593,376.452593,376.452593
2025-11-14 03:00:00,observed,381.547657,381.547657,381.547657,381.547657
2025-11-14 04:00:00,observed,363.433235,363.433235,363.433235,363.433235
2025-11-14 05:00:00,observed,366.509063,366.509063,366.509063,366.509063
2025-11-14 06:00:00,observed,400.716482,400.716482,400.716482,400.716482
2025-11-14 07:00:00,observed,475.042726,475.042726,475.042726,475.042726
2025-11-14 08:00:00,observed,479.760748,479.760748,479.760748,479.760748
2025-11-14 09:00:00,observed,503.620725,503.620725,503.620725,503.620725
2025-11-14 10:00:00,observed,485.199637,485.199637,485.199637,485.199637
2025-11-14 11:00:00,observed,489.385876,489.385876,489.385876,489.385876
2025-11-14 12:00:00,observed,446.03609,446.03609,446.03609,446.03609
2025-11-14 13:00:00,observed,423.915056,423.915056,423.915056,423.915056
2025-11-14 14:00:00,observed,454.478133,454.478133,454.478133,454.478133
2025-11-14 15:00:00,observed,496.95766,496.95766,496.95766,496.95766
2025-11-14 16:00:00,observed,523.180356,523.180356,523.180356,523.180356
2025-11-14 17:00:00,observed,574.639595,574.639595,574.639595,574.639595
2025-11-14 18:00:00,observed,621.505879,621.505879,621.505879,621.505879
2025-11-14 19:00:00,observed,612.171636,612.171636,612.171636,612.171636
2025-11-14 20:00:00,observed,598.589113,598.589113,598.589113,598.589113
2025-11-14 21:00:00,observed,606.423622,606.423622,606.423622,606.423622
2025-11-14 22:00:00,observed,582.793105,582.793105,582.793105,582.793105
2025-11-14 23:00:00,observed,534.412831,534.412831,534.412831,534.412831
2025-11-15 00:00:00,observed,465.372994,465.372994,465.372994,465.372994
2025-11-15 01:00:00,observed,421.264786,421.264786,421.264786,421.264786
2025-11-15 02:00:00,observed,385.009607,385.009607,385.009607,385.009607
2025-11-15 03:00:00,observed,384.305315,384.305315,384.305315,384.305315
2025-11-15 04:00:00,observed,365.436936,365.436936,365.436936,365.436936
2025-11-15 05:00:00,observed,365.209488,365.209488,365.209488,365.209488
2025-11-15 06:00:00,observed,373.717273,373.717273,373.717273,373.717273
2025-11-15 07:00:00,observed,415.618043,415.618043,415.618043,415.618043
2025-11-15 08:00:00,observed,427.779228,427.779228,427.779228,427.779228
2025-11-15 09:00:00,observed,462.331859,462.331859,462.331859,462.331859
2025-11-15 10:00:00,observed,491.053297,491.053297,491.053297,491.053297
2025-11-15 11:00:00,observed,540.45254,540.45254,540.45254,540.45254
2025-11-15 12:00:00,observed,524.522408,524.522408,524.522408,524.522408
2025-11-15 13:00:00,observed,496.212112,496.212112,496.212112,496.212112
2025-11-15 14:00:00,observed,486.00028,486.00028,486.00028,486.00028
2025-11-15 15:00:00,observed,485.549507,485.549507,485.549507,485.549507
2025-11-15 16:00:00,observed,498.372841,498.372841,498.372841,498.372841
2025-11-15 17:00:00,observed,559.033692,559.033692,559.033692,559.033692
2025-11-15 18:00:00,observed,614.745864,614.745864,614.745864,614.745864
2025-11-15 19:00:00,observed,598.658504,598.658504,598.658504,598.658504
2025-11-15 20:00:00,observed,591.040929,591.040929,591.040929,591.040929
2025-11-15 21:00:00,observed,595.441548,595.441548,595.441548,595.441548
2025-11-15 22:00:00,observed,564.940971,564.940971,564.940971,564.940971
2025-11-15 23:00:00,observed,511.46134,511.46134,511.46134,511.46134
2025-11-16 00:00:00,observed,450.298848,450.298848,450.298848,450.298848
2025-11-16 01:00:00,observed,402.635415,402.635415,402.635415,402.635415
2025-11-16 02:00:00,observed,371.385446,371.385446,371.385446,371.385446
2025-11-16 03:00:00,observed,374.201534,374.201534,374.201534,374.201534
2025-11-16 04:00:00,observed,355.810703,355.810703,355.810703,355.810703
2025-11-16 05:00:00,observed,350.009173,350.009173,350.009173,350.009173
2025-11-16 06:00:00,observed,361.056939,361.056939,361.056939,361.056939
2025-11-16 07:00:00,observed,401.65555,401.65555,401.65555,401.65555
2025-11-16 08:00:00,observed,415.208819,415.208819,415.208819,415.208819
2025-11-16 09:00:00,observed,422.95247,422.95247,422.95247,422.95247
2025-11-16 10:00:00,observed,405.736212,405.736212,405.736212,405.736212
2025-11-16 11:00:00,observed,421.266953,421.266953,421.266953,421.266953
2025-11-16 12:00:00,observed,396.058286,396.058286,396.058286,396.058286
2025-11-16 13:00:00,observed,388.382859,388.382859,388.382859,388.382859
2025-11-16 14:00:00,observed,398.085996,398.085996,398.085996,398.085996
2025-11-16 15:00:00,observed,418.912554,418.912554,418.912554,418.912554
2025-11-16 16:00:00,observed,472.719329,472.719329,472.719329,472.719329
2025-11-16 17:00:00,observed,541.618043,541.618043,541.618043,541.618043
2025-11-16 18:00:00,observed,607.697921,607.697921,607.697921,607.697921
2025-11-16 19:00:00,observed,606.663373,606.663373,606.663373,606.663373
2025-11-16 20:00:00,observed,611.828264,611.828264,611.828264,611.828264
2025-11-16 21:00:00,observed,616.950541,616.950541,616.950541,616.950541
2025-11-16 22:00:00,observed,560.590637,560.590637,560.590637,560.590637
2025-11-16 23:00:00,observed,493.178187,493.178187,493.178187,493.178187
2025-11-17 00:00:00,weekly_analog_estimate,,421.882118,440.970012,460.057906
2025-11-17 01:00:00,weekly_analog_estimate,,383.818577,406.802365,429.786152
2025-11-17 02:00:00,weekly_analog_estimate,,356.662342,374.809683,392.957023
2025-11-17 03:00:00,weekly_analog_estimate,,355.380737,377.191877,399.003018
2025-11-17 04:00:00,weekly_analog_estimate,,337.368375,361.367391,385.366408
2025-11-17 05:00:00,weekly_analog_estimate,,339.300914,361.268702,383.236489
2025-11-17 06:00:00,weekly_analog_estimate,,379.144233,402.483736,425.823239
2025-11-17 07:00:00,weekly_analog_estimate,,457.209341,484.145634,511.081927
2025-11-17 08:00:00,weekly_analog_estimate,,461.803551,500.346102,538.888653
2025-11-17 09:00:00,weekly_analog_estimate,,486.794938,537.086476,587.378013
2025-11-17 10:00:00,weekly_analog_estimate,,453.079248,504.426813,555.774378
2025-11-17 11:00:00,weekly_analog_estimate,,464.596256,509.047703,553.499149
2025-11-17 12:00:00,weekly_analog_estimate,,422.553922,466.908301,511.262681
2025-11-17 13:00:00,weekly_analog_estimate,,394.178676,436.93891,479.699143
2025-11-17 14:00:00,weekly_analog_estimate,,446.854691,476.336397,505.818103
2025-11-17 15:00:00,weekly_analog_estimate,,449.463407,484.023239,518.583071
2025-11-17 16:00:00,weekly_analog_estimate,,512.289509,545.055777,577.822046
2025-11-17 17:00:00,weekly_analog_estimate,,576.683028,611.766914,646.8508
2025-11-17 18:00:00,weekly_analog_estimate,,626.496965,661.774692,697.052419
2025-11-17 19:00:00,weekly_analog_estimate,,611.534497,648.153221,684.771946
2025-11-17 20:00:00,weekly_analog_estimate,,608.380544,645.064652,681.74876
2025-11-17 21:00:00,weekly_analog_estimate,,608.889129,641.581001,674.272874
2025-11-17 22:00:00,weekly_analog_estimate,,562.845643,594.383259,625.920874
2025-11-17 23:00:00,weekly_analog_estimate,,505.653673,533.118323,560.582973
2025-11-18 00:00:00,weekly_analog_estimate,,432.752049,459.468238,486.184427
2025-11-18 01:00:00,weekly_analog_estimate,,402.478142,430.11547,457.752798
2025-11-18 02:00:00,weekly_analog_estimate,,371.338345,397.787467,424.236589
2025-11-18 03:00:00,weekly_analog_estimate,,363.592302,395.587974,427.583646
2025-11-18 04:00:00,weekly_analog_estimate,,349.350284,378.715036,408.079788
2025-11-18 05:00:00,weekly_analog_estimate,,350.494483,380.347639,410.200794
2025-11-18 06:00:00,weekly_analog_estimate,,387.14392,419.602104,452.060289
2025-11-18 07:00:00,weekly_analog_estimate,,460.267828,501.197948,542.128069
2025-11-18 08:00:00,weekly_analog_estimate,,479.104845,523.973005,568.841165
2025-11-18 09:00:00,weekly_analog_estimate,,503.655925,559.039194,614.422463
2025-11-18 10:00:00,weekly_analog_estimate,,491.268897,549.840242,608.411587
2025-11-18 11:00:00,weekly_analog_estimate,,482.197619,539.649048,597.100477
2025-11-18 12:00:00,weekly_analog_estimate,,444.281844,506.579727,568.87761
2025-11-18 13:00:00,weekly_analog_estimate,,416.120049,472.294691,528.469333
2025-11-18 14:00:00,weekly_analog_estimate,,425.218258,476.098642,526.979027
2025-11-18 15:00:00,weekly_analog_estimate,,435.115913,486.821149,538.526386
2025-11-18 16:00:00,weekly_analog_estimate,,494.504444,545.948765,597.393085
2025-11-18 17:00:00,weekly_analog_estimate,,559.877372,616.427363,672.977355
2025-11-18 18:00:00,weekly_analog_estimate,,629.798574,681.217125,732.635677
2025-11-18 19:00:00,weekly_analog_estimate,,614.83783,670.069937,725.302044
2025-11-18 20:00:00,weekly_analog_estimate,,612.910076,665.24845,717.586824
2025-11-18 21:00:00,weekly_analog_estimate,,616.314906,667.283716,718.252526
2025-11-18 22:00:00,weekly_analog_estimate,,574.678518,616.818006,658.957493
2025-11-18 23:00:00,weekly_analog_estimate,,514.445938,554.486156,594.526374
2025-11-19 00:00:00,weekly_analog_estimate,,437.539783,473.753009,509.966235
2025-11-19 01:00:00,weekly_analog_estimate,,399.041115,437.19742,475.353724
2025-11-19 02:00:00,weekly_analog_estimate,,368.476781,404.364307,440.251834
2025-11-19 03:00:00,weekly_analog_estimate,,365.746434,402.870139,439.993845
2025-11-19 04:00:00,weekly_analog_estimate,,350.794371,385.643816,420.493261
2025-11-19 05:00:00,weekly_analog_estimate,,350.83487,386.122763,421.410655
2025-11-19 06:00:00,weekly_analog_estimate,,392.10094,428.034838,463.968735
2025-11-19 07:00:00,weekly_analog_estimate,,463.144537,505.441837,547.739137
2025-11-19 08:00:00,weekly_analog_estimate,,461.433262,523.236807,585.040352
2025-11-19 09:00:00,weekly_analog_estimate,,483.806959,553.001737,622.196516
2025-11-19 10:00:00,weekly_analog_estimate,,456.974798,527.588757,598.202715
2025-11-19 11:00:00,weekly_analog_estimate,,459.793555,531.76453,603.735505
2025-11-19 12:00:00,weekly_analog_estimate,,417.217466,483.657508,550.097549
2025-11-19 13:00:00,weekly_analog_estimate,,383.889081,448.096457,512.303833
2025-11-19 14:00:00,weekly_analog_estimate,,410.899623,468.257557,525.61549
2025-11-19 15:00:00,weekly_analog_estimate,,439.91588,486.136855,532.357829
2025-11-19 16:00:00,weekly_analog_estimate,,495.204994,543.439823,591.674652
2025-11-19 17:00:00,weekly_analog_estimate,,563.845849,615.711139,667.576428
2025-11-19 18:00:00,weekly_analog_estimate,,617.193441,665.868516,714.543591
2025-11-19 19:00:00,weekly_analog_estimate,,604.994104,657.535618,710.077132
2025-11-19 20:00:00,weekly_analog_estimate,,607.515801,648.963447,690.411093
2025-11-19 21:00:00,weekly_analog_estimate,,609.195671,651.576037,693.956404
2025-11-19 22:00:00,weekly_analog_estimate,,562.960012,601.970789,640.981566
2025-11-19 23:00:00,weekly_analog_estimate,,505.519873,543.291311,581.062748
2025-11-20 00:00:00,weekly_analog_estimate,,392.061023,452.105602,512.150181
2025-11-20 01:00:00,weekly_analog_estimate,,362.48271,417.86976,473.25681
2025-11-20 02:00:00,weekly_analog_estimate,,338.127585,389.036121,439.944657
2025-11-20 03:00:00,weekly_analog_estimate,,337.190446,386.460479,435.730512
2025-11-20 04:00:00,weekly_analog_estimate,,318.215181,370.898632,423.582082
2025-11-20 05:00:00,weekly_analog_estimate,,320.798372,371.917074,423.035776
2025-11-20 06:00:00,weekly_analog_estimate,,352.678939,407.488618,462.298297
2025-11-20 07:00:00,weekly_analog_estimate,,410.946713,481.413662,551.880611
2025-11-20 08:00:00,weekly_analog_estimate,,435.94038,514.350859,592.761338
2025-11-20 09:00:00,weekly_analog_estimate,,474.035027,560.882404,647.72978
2025-11-20 10:00:00,weekly_analog_estimate,,491.575898,563.581798,635.587698
2025-11-20 11:00:00,weekly_analog_estimate,,494.982844,567.525845,640.068847
2025-11-20 12:00:00,weekly_analog_estimate,,425.278211,505.611133,585.944056
2025-11-20 13:00:00,weekly_analog_estimate,,336.925667,436.313139,535.700612
2025-11-20 14:00:00,weekly_analog_estimate,,407.162035,481.671418,556.180801
2025-11-20 15:00:00,weekly_analog_estimate,,462.274855,522.803585,583.332315
2025-11-20 16:00:00,weekly_analog_estimate,,486.395717,561.347622,636.299528
2025-11-20 17:00:00,weekly_analog_estimate,,526.580181,615.865712,705.151243
2025-11-20 18:00:00,weekly_analog_estimate,,586.932891,675.772354,764.611816
2025-11-20 19:00:00,weekly_analog_estimate,,583.392,667.814898,752.237795
2025-11-20 20:00:00,weekly_analog_estimate,,575.372977,661.446258,747.51954
2025-11-20 21:00:00,weekly_analog_estimate,,573.149773,654.676448,736.203124
2025-11-20 22:00:00,weekly_analog_estimate,,523.304785,600.315579,677.326372
2025-11-20 23:00:00,weekly_analog_estimate,,470.099646,543.088502,616.077358
2025-11-21 00:00:00,weekly_analog_estimate,,446.752655,486.511842,526.271029
2025-11-21 01:00:00,weekly_analog_estimate,,406.522006,450.610158,494.698309
2025-11-21 02:00:00,weekly_analog_estimate,,376.270008,418.887931,461.505854
2025-11-21 03:00:00,weekly_analog_estimate,,381.261452,419.740184,458.218915
2025-11-21 04:00:00,weekly_analog_estimate,,363.295269,400.935298,438.575328
2025-11-21 05:00:00,weekly_analog_estimate,,364.997005,403.025355,441.053706
2025-11-21 06:00:00,weekly_analog_estimate,,400.445082,437.541588,474.638094
2025-11-21 07:00:00,weekly_analog_estimate,,475.006098,520.058534,565.110971
2025-11-21 08:00:00,weekly_analog_estimate,,474.326209,540.256821,606.187432
2025-11-21 09:00:00,weekly_analog_estimate,,503.18258,578.517704,653.852828
2025-11-21 10:00:00,weekly_analog_estimate,,479.918317,555.389953,630.861589
2025-11-21 11:00:00,weekly_analog_estimate,,484.773546,550.667844,616.562142
2025-11-21 12:00:00,weekly_analog_estimate,,445.856674,505.109512,564.362351
2025-11-21 13:00:00,weekly_analog_estimate,,421.741638,474.279898,526.818158
2025-11-21 14:00:00,weekly_analog_estimate,,449.179517,494.059995,538.940472
2025-11-21 15:00:00,weekly_analog_estimate,,477.019669,516.303734,555.587798
2025-11-21 16:00:00,weekly_analog_estimate,,516.890791,551.847389,586.803988
2025-11-21 17:00:00,weekly_analog_estimate,,565.229259,607.946022,650.662784
2025-11-21 18:00:00,weekly_analog_estimate,,614.179798,657.368098,700.556399
2025-11-21 19:00:00,weekly_analog_estimate,,599.790241,645.252081,690.71392
2025-11-21 20:00:00,weekly_analog_estimate,,597.345114,641.995904,686.646693
2025-11-21 21:00:00,weekly_analog_estimate,,601.211919,640.632132,680.052345
2025-11-21 22:00:00,weekly_analog_estimate,,577.340404,615.442652,653.5449
2025-11-21 23:00:00,weekly_analog_estimate,,528.894622,564.966846,601.03907
2025-11-22 00:00:00,observed,520.94751,520.94751,520.94751,520.94751
2025-11-22 01:00:00,observed,481.98046,481.98046,481.98046,481.98046
2025-11-22 02:00:00,observed,441.437587,441.437587,441.437587,441.437587
2025-11-22 03:00:00,observed,435.080071,435.080071,435.080071,435.080071
2025-11-22 04:00:00,observed,412.594973,412.594973,412.594973,412.594973
2025-11-22 05:00:00,observed,410.772196,410.772196,410.772196,410.772196
2025-11-22 06:00:00,observed,429.320266,429.320266,429.320266,429.320266
2025-11-22 07:00:00,observed,482.218638,482.218638,482.218638,482.218638
2025-11-22 08:00:00,observed,493.683237,493.683237,493.683237,493.683237
2025-11-22 09:00:00,observed,532.002054,532.002054,532.002054,532.002054
2025-11-22 10:00:00,observed,506.112049,506.112049,506.112049,506.112049
2025-11-22 11:00:00,observed,509.381043,509.381043,509.381043,509.381043
2025-11-22 12:00:00,observed,470.469692,470.469692,470.469692,470.469692
2025-11-22 13:00:00,observed,451.440095,451.440095,451.440095,451.440095
2025-11-22 14:00:00,observed,468.070969,468.070969,468.070969,468.070969
2025-11-22 15:00:00,observed,469.312223,469.312223,469.312223,469.312223
2025-11-22 16:00:00,observed,527.381728,527.381728,527.381728,527.381728
2025-11-22 17:00:00,observed,610.505028,610.505028,610.505028,610.505028
2025-11-22 18:00:00,observed,677.279349,677.279349,677.279349,677.279349
2025-11-22 19:00:00,observed,661.010744,661.010744,661.010744,661.010744
2025-11-22 20:00:00,observed,657.064692,657.064692,657.064692,657.064692
2025-11-22 21:00:00,observed,652.020688,652.020688,652.020688,652.020688
2025-11-22 22:00:00,observed,624.464321,624.464321,624.464321,624.464321
2025-11-22 23:00:00,observed,561.774783,561.774783,561.774783,561.774783
2025-11-23 00:00:00,observed,487.435806,487.435806,487.435806,487.435806
2025-11-23 01:00:00,observed,445.822859,445.822859,445.822859,445.822859
2025-11-23 02:00:00,observed,408.817755,408.817755,408.817755,408.817755
2025-11-23 03:00:00,observed,406.804837,406.804837,406.804837,406.804837
2025-11-23 04:00:00,observed,386.468345,386.468345,386.468345,386.468345
2025-11-23 05:00:00,observed,382.726042,382.726042,382.726042,382.726042
2025-11-23 06:00:00,observed,395.708462,395.708462,395.708462,395.708462
2025-11-23 07:00:00,observed,439.684067,439.684067,439.684067,439.684067
2025-11-23 08:00:00,observed,475.557907,475.557907,475.557907,475.557907
2025-11-23 09:00:00,observed,532.781578,532.781578,532.781578,532.781578
2025-11-23 10:00:00,observed,545.081607,545.081607,545.081607,545.081607
2025-11-23 11:00:00,observed,575.229279,575.229279,575.229279,575.229279
2025-11-23 12:00:00,observed,515.977912,515.977912,515.977912,515.977912
2025-11-23 13:00:00,observed,459.517635,459.517635,459.517635,459.517635
2025-11-23 14:00:00,observed,492.727429,492.727429,492.727429,492.727429
2025-11-23 15:00:00,observed,473.40471,473.40471,473.40471,473.40471
2025-11-23 16:00:00,observed,517.052759,517.052759,517.052759,517.052759
2025-11-23 17:00:00,observed,587.424207,587.424207,587.424207,587.424207
2025-11-23 18:00:00,observed,650.598151,650.598151,650.598151,650.598151
2025-11-23 19:00:00,observed,637.076243,637.076243,637.076243,637.076243
2025-11-23 20:00:00,observed,643.370478,643.370478,643.370478,643.370478
2025-11-23 21:00:00,observed,642.56289,642.56289,642.56289,642.56289
2025-11-23 22:00:00,observed,593.945015,593.945015,593.945015,593.945015
2025-11-23 23:00:00,observed,523.807836,523.807836,523.807836,523.807836
2025-11-24 00:00:00,observed,455.227977,455.227977,455.227977,455.227977
2025-11-24 01:00:00,observed,420.819929,420.819929,420.819929,420.819929
2025-11-24 02:00:00,observed,389.128394,389.128394,389.128394,389.128394
2025-11-24 03:00:00,observed,389.505826,389.505826,389.505826,389.505826
2025-11-24 04:00:00,observed,376.930967,376.930967,376.930967,376.930967
2025-11-24 05:00:00,observed,375.086243,375.086243,375.086243,375.086243
2025-11-24 06:00:00,observed,419.158019,419.158019,419.158019,419.158019
2025-11-24 07:00:00,observed,502.734639,502.734639,502.734639,502.734639
2025-11-24 08:00:00,observed,533.533591,533.533591,533.533591,533.533591
2025-11-24 09:00:00,observed,586.190892,586.190892,586.190892,586.190892
2025-11-24 10:00:00,observed,554.080818,554.080818,554.080818,554.080818
2025-11-24 11:00:00,observed,549.109489,549.109489,549.109489,549.109489
2025-11-24 12:00:00,observed,508.325681,508.325681,508.325681,508.325681
2025-11-24 13:00:00,observed,477.174643,477.174643,477.174643,477.174643
2025-11-24 14:00:00,observed,495.137533,495.137533,495.137533,495.137533
2025-11-24 15:00:00,observed,517.57283,517.57283,517.57283,517.57283
2025-11-24 16:00:00,observed,569.485726,569.485726,569.485726,569.485726
2025-11-24 17:00:00,observed,633.214902,633.214902,633.214902,633.214902
2025-11-24 18:00:00,observed,688.251957,688.251957,688.251957,688.251957
2025-11-24 19:00:00,observed,674.013312,674.013312,674.013312,674.013312
2025-11-24 20:00:00,observed,673.017784,673.017784,673.017784,673.017784
2025-11-24 21:00:00,observed,667.030838,667.030838,667.030838,667.030838
2025-11-24 22:00:00,observed,615.484845,615.484845,615.484845,615.484845
2025-11-24 23:00:00,observed,545.530442,545.530442,545.530442,545.530442
2025-11-25 00:00:00,observed,476.165539,476.165539,476.165539,476.165539
2025-11-25 01:00:00,observed,444.418336,444.418336,444.418336,444.418336
2025-11-25 02:00:00,observed,412.666089,412.666089,412.666089,412.666089
2025-11-25 03:00:00,observed,416.944251,416.944251,416.944251,416.944251
2025-11-25 04:00:00,observed,397.090664,397.090664,397.090664,397.090664
2025-11-25 05:00:00,observed,399.20768,399.20768,399.20768,399.20768
2025-11-25 06:00:00,observed,443.828972,443.828972,443.828972,443.828972
2025-11-25 07:00:00,observed,535.784172,535.784172,535.784172,535.784172
2025-11-25 08:00:00,observed,560.510153,560.510153,560.510153,560.510153
2025-11-25 09:00:00,observed,604.837078,604.837078,604.837078,604.837078
2025-11-25 10:00:00,observed,581.737372,581.737372,581.737372,581.737372
2025-11-25 11:00:00,observed,579.178598,579.178598,579.178598,579.178598
2025-11-25 12:00:00,observed,536.62425,536.62425,536.62425,536.62425
2025-11-25 13:00:00,observed,504.044037,504.044037,504.044037,504.044037
2025-11-25 14:00:00,observed,518.590078,518.590078,518.590078,518.590078
2025-11-25 15:00:00,observed,533.806181,533.806181,533.806181,533.806181
2025-11-25 16:00:00,observed,591.62532,591.62532,591.62532,591.62532
2025-11-25 17:00:00,observed,671.445905,671.445905,671.445905,671.445905
2025-11-25 18:00:00,observed,727.213459,727.213459,727.213459,727.213459
2025-11-25 19:00:00,observed,710.168821,710.168821,710.168821,710.168821
2025-11-25 20:00:00,observed,710.59556,710.59556,710.59556,710.59556
2025-11-25 21:00:00,observed,711.344125,711.344125,711.344125,711.344125
2025-11-25 22:00:00,observed,652.57882,652.57882,652.57882,652.57882
2025-11-25 23:00:00,observed,582.037886,582.037886,582.037886,582.037886
2025-11-26 00:00:00,observed,501.21305,501.21305,501.21305,501.21305
2025-11-26 01:00:00,observed,468.050765,468.050765,468.050765,468.050765
2025-11-26 02:00:00,observed,431.62664,431.62664,431.62664,431.62664
2025-11-26 03:00:00,observed,429.308249,429.308249,429.308249,429.308249
2025-11-26 04:00:00,observed,410.730056,410.730056,410.730056,410.730056
2025-11-26 05:00:00,observed,413.104625,413.104625,413.104625,413.104625
2025-11-26 06:00:00,observed,457.609646,457.609646,457.609646,457.609646
2025-11-26 07:00:00,observed,539.271858,539.271858,539.271858,539.271858
2025-11-26 08:00:00,observed,579.302596,579.302596,579.302596,579.302596
2025-11-26 09:00:00,observed,621.466478,621.466478,621.466478,621.466478
2025-11-26 10:00:00,observed,595.673264,595.673264,595.673264,595.673264
2025-11-26 11:00:00,observed,596.924665,596.924665,596.924665,596.924665
2025-11-26 12:00:00,observed,546.164381,546.164381,546.164381,546.164381
2025-11-26 13:00:00,observed,509.816646,509.816646,509.816646,509.816646
2025-11-26 14:00:00,observed,519.18241,519.18241,519.18241,519.18241
2025-11-26 15:00:00,observed,527.886029,527.886029,527.886029,527.886029
2025-11-26 16:00:00,observed,587.9375,587.9375,587.9375,587.9375
2025-11-26 17:00:00,observed,659.634168,659.634168,659.634168,659.634168
2025-11-26 18:00:00,observed,698.84467,698.84467,698.84467,698.84467
2025-11-26 19:00:00,observed,696.709734,696.709734,696.709734,696.709734
2025-11-26 20:00:00,observed,680.473033,680.473033,680.473033,680.473033
2025-11-26 21:00:00,observed,683.575219,683.575219,683.575219,683.575219
2025-11-26 22:00:00,observed,635.38179,635.38179,635.38179,635.38179
2025-11-26 23:00:00,observed,570.274208,570.274208,570.274208,570.274208
2025-11-27 00:00:00,observed,498.116308,498.116308,498.116308,498.116308
2025-11-27 01:00:00,observed,459.417619,459.417619,459.417619,459.417619
2025-11-27 02:00:00,observed,426.10937,426.10937,426.10937,426.10937
2025-11-27 03:00:00,observed,423.630795,423.630795,423.630795,423.630795
2025-11-27 04:00:00,observed,411.701676,411.701676,411.701676,411.701676
2025-11-27 05:00:00,observed,411.563401,411.563401,411.563401,411.563401
2025-11-27 06:00:00,observed,449.951039,449.951039,449.951039,449.951039
2025-11-27 07:00:00,observed,539.384409,539.384409,539.384409,539.384409
2025-11-27 08:00:00,observed,581.809411,581.809411,581.809411,581.809411
2025-11-27 09:00:00,observed,636.722398,636.722398,636.722398,636.722398
2025-11-27 10:00:00,observed,615.011591,615.011591,615.011591,615.011591
2025-11-27 11:00:00,observed,611.94541,611.94541,611.94541,611.94541
2025-11-27 12:00:00,observed,570.813446,570.813446,570.813446,570.813446
2025-11-27 13:00:00,observed,534.486872,534.486872,534.486872,534.486872
2025-11-27 14:00:00,observed,548.554736,548.554736,548.554736,548.554736
2025-11-27 15:00:00,observed,559.947197,559.947197,559.947197,559.947197
2025-11-27 16:00:00,observed,619.084307,619.084307,619.084307,619.084307
2025-11-27 17:00:00,observed,689.966247,689.966247,689.966247,689.966247
2025-11-27 18:00:00,observed,741.999674,741.999674,741.999674,741.999674
2025-11-27 19:00:00,observed,736.845594,736.845594,736.845594,736.845594
2025-11-27 20:00:00,observed,741.089444,741.089444,741.089444,741.089444
2025-11-27 21:00:00,observed,731.778388,731.778388,731.778388,731.778388
2025-11-27 22:00:00,observed,669.61993,669.61993,669.61993,669.61993
2025-11-27 23:00:00,observed,607.158292,607.158292,607.158292,607.158292
2025-11-28 00:00:00,observed,525.32305,525.32305,525.32305,525.32305
2025-11-28 01:00:00,observed,493.09124,493.09124,493.09124,493.09124
2025-11-28 02:00:00,observed,461.323269,461.323269,461.323269,461.323269
2025-11-28 03:00:00,observed,457.93271,457.93271,457.93271,457.93271
2025-11-28 04:00:00,observed,438.437362,438.437362,438.437362,438.437362
2025-11-28 05:00:00,observed,439.541648,439.541648,439.541648,439.541648
2025-11-28 06:00:00,observed,474.366694,474.366694,474.366694,474.366694
2025-11-28 07:00:00,observed,565.074343,565.074343,565.074343,565.074343
2025-11-28 08:00:00,observed,600.752893,600.752893,600.752893,600.752893
2025-11-28 09:00:00,observed,653.414683,653.414683,653.414683,653.414683
2025-11-28 10:00:00,observed,625.580269,625.580269,625.580269,625.580269
2025-11-28 11:00:00,observed,611.949812,611.949812,611.949812,611.949812
2025-11-28 12:00:00,observed,564.182935,564.182935,564.182935,564.182935
2025-11-28 13:00:00,observed,524.64474,524.64474,524.64474,524.64474
2025-11-28 14:00:00,observed,533.641856,533.641856,533.641856,533.641856
2025-11-28 15:00:00,observed,535.649807,535.649807,535.649807,535.649807
2025-11-28 16:00:00,observed,580.514423,580.514423,580.514423,580.514423
2025-11-28 17:00:00,observed,641.252448,641.252448,641.252448,641.252448
2025-11-28 18:00:00,observed,693.230318,693.230318,693.230318,693.230318
2025-11-28 19:00:00,observed,678.332525,678.332525,678.332525,678.332525
2025-11-28 20:00:00,observed,685.402694,685.402694,685.402694,685.402694
2025-11-28 21:00:00,observed,674.840642,674.840642,674.840642,674.840642
2025-11-28 22:00:00,observed,648.092199,648.092199,648.092199,648.092199
2025-11-28 23:00:00,observed,595.520861,595.520861,595.520861,595.520861
2025-11-29 00:00:00,observed,516.622747,516.622747,516.622747,516.622747
2025-11-29 01:00:00,observed,482.067479,482.067479,482.067479,482.067479
2025-11-29 02:00:00,observed,443.102594,443.102594,443.102594,443.102594
2025-11-29 03:00:00,observed,437.776801,437.776801,437.776801,437.776801
2025-11-29 04:00:00,observed,415.840122,415.840122,415.840122,415.840122
2025-11-29 05:00:00,observed,410.938147,410.938147,410.938147,410.938147
2025-11-29 06:00:00,observed,427.794562,427.794562,427.794562,427.794562
2025-11-29 07:00:00,observed,475.373503,475.373503,475.373503,475.373503
2025-11-29 08:00:00,observed,510.187669,510.187669,510.187669,510.187669
2025-11-29 09:00:00,observed,541.982083,541.982083,541.982083,541.982083
2025-11-29 10:00:00,observed,515.176992,515.176992,515.176992,515.176992
2025-11-29 11:00:00,observed,515.816928,515.816928,515.816928,515.816928
2025-11-29 12:00:00,observed,475.101434,475.101434,475.101434,475.101434
2025-11-29 13:00:00,observed,450.946616,450.946616,450.946616,450.946616
2025-11-29 14:00:00,observed,468.046137,468.046137,468.046137,468.046137
2025-11-29 15:00:00,observed,481.516392,481.516392,481.516392,481.516392
2025-11-29 16:00:00,observed,523.212843,523.212843,523.212843,523.212843
2025-11-29 17:00:00,observed,600.347739,600.347739,600.347739,600.347739
2025-11-29 18:00:00,observed,660.992985,660.992985,660.992985,660.992985
2025-11-29 19:00:00,observed,645.909839,645.909839,645.909839,645.909839
2025-11-29 20:00:00,observed,648.439391,648.439391,648.439391,648.439391
2025-11-29 21:00:00,observed,642.22757,642.22757,642.22757,642.22757
2025-11-29 22:00:00,observed,612.888205,612.888205,612.888205,612.888205
2025-11-29 23:00:00,observed,556.155971,556.155971,556.155971,556.155971
2025-11-30 00:00:00,observed,489.60353,489.60353,489.60353,489.60353
2025-11-30 01:00:00,observed,462.091385,462.091385,462.091385,462.091385
2025-11-30 02:00:00,observed,421.556026,421.556026,421.556026,421.556026
2025-11-30 03:00:00,observed,420.645077,420.645077,420.645077,420.645077
2025-11-30 04:00:00,observed,402.200888,402.200888,402.200888,402.200888
2025-11-30 05:00:00,observed,397.554475,397.554475,397.554475,397.554475
2025-11-30 06:00:00,observed,406.276173,406.276173,406.276173,406.276173
2025-11-30 07:00:00,observed,451.458305,451.458305,451.458305,451.458305
2025-11-30 08:00:00,observed,481.570637,481.570637,481.570637,481.570637
2025-11-30 09:00:00,observed,493.806597,493.806597,493.806597,493.806597
2025-11-30 10:00:00,observed,475.114735,475.114735,475.114735,475.114735
2025-11-30 11:00:00,observed,480.821866,480.821866,480.821866,480.821866
2025-11-30 12:00:00,observed,473.589232,473.589232,473.589232,473.589232
2025-11-30 13:00:00,observed,428.191853,428.191853,428.191853,428.191853
2025-11-30 14:00:00,observed,433.613015,433.613015,433.613015,433.613015
2025-11-30 15:00:00,observed,458.925909,458.925909,458.925909,458.925909
2025-11-30 16:00:00,observed,502.987401,502.987401,502.987401,502.987401
2025-11-30 17:00:00,observed,584.966932,584.966932,584.966932,584.966932
2025-11-30 18:00:00,observed,644.592024,644.592024,644.592024,644.592024
2025-11-30 19:00:00,observed,632.861629,632.861629,632.861629,632.861629
2025-11-30 20:00:00,observed,641.895323,641.895323,641.895323,641.895323
2025-11-30 21:00:00,observed,631.563483,631.563483,631.563483,631.563483
2025-11-30 22:00:00,observed,585.558982,585.558982,585.558982,585.558982
2025-11-30 23:00:00,observed,527.302885,527.302885,527.302885,527.302885
2025-12-01 00:00:00,observed,458.198371,458.198371,458.198371,458.198371
2025-12-01 01:00:00,observed,442.039406,442.039406,442.039406,442.039406
2025-12-01 02:00:00,observed,413.161161,413.161161,413.161161,413.161161
2025-12-01 03:00:00,observed,402.13248,402.13248,402.13248,402.13248
2025-12-01 04:00:00,observed,383.807628,383.807628,383.807628,383.807628
2025-12-01 05:00:00,observed,383.549999,383.549999,383.549999,383.549999
2025-12-01 06:00:00,observed,432.783035,432.783035,432.783035,432.783035
2025-12-01 07:00:00,observed,522.605176,522.605176,522.605176,522.605176
2025-12-01 08:00:00,observed,573.752909,573.752909,573.752909,573.752909
2025-12-01 09:00:00,observed,626.428604,626.428604,626.428604,626.428604
2025-12-01 10:00:00,observed,603.352348,603.352348,603.352348,603.352348
2025-12-01 11:00:00,observed,587.051567,587.051567,587.051567,587.051567
2025-12-01 12:00:00,observed,557.976582,557.976582,557.976582,557.976582
2025-12-01 13:00:00,observed,528.450413,528.450413,528.450413,528.450413
2025-12-01 14:00:00,observed,537.466131,537.466131,537.466131,537.466131
2025-12-01 15:00:00,observed,556.354566,556.354566,556.354566,556.354566
2025-12-01 16:00:00,observed,601.27026,601.27026,601.27026,601.27026
2025-12-01 17:00:00,observed,671.537841,671.537841,671.537841,671.537841
2025-12-01 18:00:00,observed,713.328697,713.328697,713.328697,713.328697
2025-12-01 19:00:00,observed,692.839756,692.839756,692.839756,692.839756
2025-12-01 20:00:00,observed,684.950946,684.950946,684.950946,684.950946
2025-12-01 21:00:00,observed,672.8375,672.8375,672.8375,672.8375
2025-12-01 22:00:00,observed,616.443558,616.443558,616.443558,616.443558
2025-12-01 23:00:00,observed,563.312927,563.312927,563.312927,563.312927
2025-12-02 00:00:00,observed,496.359645,496.359645,496.359645,496.359645
2025-12-02 01:00:00,observed,472.560552,472.560552,472.560552,472.560552
2025-12-02 02:00:00,observed,439.947128,439.947128,439.947128,439.947128
2025-12-02 03:00:00,observed,425.631492,425.631492,425.631492,425.631492
2025-12-02 04:00:00,observed,410.239579,410.239579,410.239579,410.239579
2025-12-02 05:00:00,observed,405.986951,405.986951,405.986951,405.986951
2025-12-02 06:00:00,observed,449.880527,449.880527,449.880527,449.880527
2025-12-02 07:00:00,observed,538.686749,538.686749,538.686749,538.686749
2025-12-02 08:00:00,observed,569.735631,569.735631,569.735631,569.735631
2025-12-02 09:00:00,observed,648.248221,648.248221,648.248221,648.248221
2025-12-02 10:00:00,observed,647.091623,647.091623,647.091623,647.091623
2025-12-02 11:00:00,observed,646.666592,646.666592,646.666592,646.666592
2025-12-02 12:00:00,observed,624.67397,624.67397,624.67397,624.67397
2025-12-02 13:00:00,observed,565.193568,565.193568,565.193568,565.193568
2025-12-02 14:00:00,observed,627.65293,627.65293,627.65293,627.65293
2025-12-02 15:00:00,observed,631.989472,631.989472,631.989472,631.989472
2025-12-02 16:00:00,observed,660.064502,660.064502,660.064502,660.064502
2025-12-02 17:00:00,observed,713.495222,713.495222,713.495222,713.495222
2025-12-02 18:00:00,observed,761.082963,761.082963,761.082963,761.082963
2025-12-02 19:00:00,observed,745.051815,745.051815,745.051815,745.051815
2025-12-02 20:00:00,observed,752.312852,752.312852,752.312852,752.312852
2025-12-02 21:00:00,observed,737.765532,737.765532,737.765532,737.765532
2025-12-02 22:00:00,observed,677.382082,677.382082,677.382082,677.382082
2025-12-02 23:00:00,observed,606.555475,606.555475,606.555475,606.555475
2025-12-03 00:00:00,observed,530.360192,530.360192,530.360192,530.360192
2025-12-03 01:00:00,observed,509.228689,509.228689,509.228689,509.228689
2025-12-03 02:00:00,observed,472.146557,472.146557,472.146557,472.146557
2025-12-03 03:00:00,observed,457.98633,457.98633,457.98633,457.98633
2025-12-03 04:00:00,observed,443.51506,443.51506,443.51506,443.51506
2025-12-03 05:00:00,observed,447.615198,447.615198,447.615198,447.615198
2025-12-03 06:00:00,observed,488.220547,488.220547,488.220547,488.220547
2025-12-03 07:00:00,observed,588.728128,588.728128,588.728128,588.728128
2025-12-03 08:00:00,observed,629.727316,629.727316,629.727316,629.727316
2025-12-03 09:00:00,observed,704.471076,704.471076,704.471076,704.471076
2025-12-03 10:00:00,observed,676.72953,676.72953,676.72953,676.72953
2025-12-03 11:00:00,observed,672.665522,672.665522,672.665522,672.665522
2025-12-03 12:00:00,observed,631.055849,631.055849,631.055849,631.055849
2025-12-03 13:00:00,observed,591.133668,591.133668,591.133668,591.133668
2025-12-03 14:00:00,observed,602.066501,602.066501,602.066501,602.066501
2025-12-03 15:00:00,observed,622.668496,622.668496,622.668496,622.668496
2025-12-03 16:00:00,observed,683.59674,683.59674,683.59674,683.59674
2025-12-03 17:00:00,observed,753.54569,753.54569,753.54569,753.54569
2025-12-03 18:00:00,observed,805.687722,805.687722,805.687722,805.687722
2025-12-03 19:00:00,observed,789.260219,789.260219,789.260219,789.260219
2025-12-03 20:00:00,observed,798.191058,798.191058,798.191058,798.191058
2025-12-03 21:00:00,observed,787.82733,787.82733,787.82733,787.82733
2025-12-03 22:00:00,observed,724.852062,724.852062,724.852062,724.852062
2025-12-03 23:00:00,observed,655.852914,655.852914,655.852914,655.852914
2025-12-04 00:00:00,observed,561.534076,561.534076,561.534076,561.534076
2025-12-04 01:00:00,observed,535.092669,535.092669,535.092669,535.092669
2025-12-04 02:00:00,observed,486.719648,486.719648,486.719648,486.719648
2025-12-04 03:00:00,observed,473.668416,473.668416,473.668416,473.668416
2025-12-04 04:00:00,observed,452.434237,452.434237,452.434237,452.434237
2025-12-04 05:00:00,observed,457.73066,457.73066,457.73066,457.73066
2025-12-04 06:00:00,observed,509.292632,509.292632,509.292632,509.292632
2025-12-04 07:00:00,observed,587.647465,587.647465,587.647465,587.647465
2025-12-04 08:00:00,observed,650.548991,650.548991,650.548991,650.548991
2025-12-04 09:00:00,observed,720.45779,720.45779,720.45779,720.45779
2025-12-04 10:00:00,observed,692.041558,692.041558,692.041558,692.041558
2025-12-04 11:00:00,observed,677.653444,677.653444,677.653444,677.653444
2025-12-04 12:00:00,observed,647.871934,647.871934,647.871934,647.871934
2025-12-04 13:00:00,observed,680.723956,680.723956,680.723956,680.723956
2025-12-04 14:00:00,observed,637.456119,637.456119,637.456119,637.456119
2025-12-04 15:00:00,observed,637.443981,637.443981,637.443981,637.443981
2025-12-04 16:00:00,observed,681.797388,681.797388,681.797388,681.797388
2025-12-04 17:00:00,observed,751.99523,751.99523,751.99523,751.99523
2025-12-04 18:00:00,observed,803.616789,803.616789,803.616789,803.616789
2025-12-04 19:00:00,observed,795.984213,795.984213,795.984213,795.984213
2025-12-04 20:00:00,observed,796.339808,796.339808,796.339808,796.339808
2025-12-04 21:00:00,observed,785.967579,785.967579,785.967579,785.967579
2025-12-04 22:00:00,observed,720.831378,720.831378,720.831378,720.831378
2025-12-04 23:00:00,observed,647.586088,647.586088,647.586088,647.586088
2025-12-05 00:00:00,observed,565.361053,565.361053,565.361053,565.361053
2025-12-05 01:00:00,observed,533.431993,533.431993,533.431993,533.431993
2025-12-05 02:00:00,observed,493.280156,493.280156,493.280156,493.280156
2025-12-05 03:00:00,observed,477.188573,477.188573,477.188573,477.188573
2025-12-05 04:00:00,observed,458.931903,458.931903,458.931903,458.931903
2025-12-05 05:00:00,observed,462.063423,462.063423,462.063423,462.063423
2025-12-05 06:00:00,observed,506.64835,506.64835,506.64835,506.64835
2025-12-05 07:00:00,observed,598.749385,598.749385,598.749385,598.749385
2025-12-05 08:00:00,observed,649.821403,649.821403,649.821403,649.821403
2025-12-05 09:00:00,observed,726.023813,726.023813,726.023813,726.023813
2025-12-05 10:00:00,observed,696.219731,696.219731,696.219731,696.219731
2025-12-05 11:00:00,observed,675.785454,675.785454,675.785454,675.785454
2025-12-05 12:00:00,observed,641.679767,641.679767,641.679767,641.679767
2025-12-05 13:00:00,observed,602.027478,602.027478,602.027478,602.027478
2025-12-05 14:00:00,observed,603.996741,603.996741,603.996741,603.996741
2025-12-05 15:00:00,observed,622.751274,622.751274,622.751274,622.751274
2025-12-05 16:00:00,observed,671.952347,671.952347,671.952347,671.952347
2025-12-05 17:00:00,observed,749.250543,749.250543,749.250543,749.250543
2025-12-05 18:00:00,observed,796.194838,796.194838,796.194838,796.194838
2025-12-05 19:00:00,observed,781.267223,781.267223,781.267223,781.267223
2025-12-05 20:00:00,observed,786.617853,786.617853,786.617853,786.617853
2025-12-05 21:00:00,observed,775.363614,775.363614,775.363614,775.363614
2025-12-05 22:00:00,observed,734.400699,734.400699,734.400699,734.400699
2025-12-05 23:00:00,observed,671.887963,671.887963,671.887963,671.887963
2025-12-06 00:00:00,observed,585.024017,585.024017,585.024017,585.024017
2025-12-06 01:00:00,observed,549.453579,549.453579,549.453579,549.453579
2025-12-06 02:00:00,observed,507.118569,507.118569,507.118569,507.118569
2025-12-06 03:00:00,observed,481.754894,481.754894,481.754894,481.754894
2025-12-06 04:00:00,observed,461.111447,461.111447,461.111447,461.111447
2025-12-06 05:00:00,observed,455.623811,455.623811,455.623811,455.623811
2025-12-06 06:00:00,observed,472.042712,472.042712,472.042712,472.042712
2025-12-06 07:00:00,observed,525.937705,525.937705,525.937705,525.937705
2025-12-06 08:00:00,observed,585.656505,585.656505,585.656505,585.656505
2025-12-06 09:00:00,observed,623.112598,623.112598,623.112598,623.112598
2025-12-06 10:00:00,observed,601.994987,601.994987,601.994987,601.994987
2025-12-06 11:00:00,observed,597.479378,597.479378,597.479378,597.479378
2025-12-06 12:00:00,observed,565.216818,565.216818,565.216818,565.216818
2025-12-06 13:00:00,observed,528.022066,528.022066,528.022066,528.022066
2025-12-06 14:00:00,observed,530.740661,530.740661,530.740661,530.740661
2025-12-06 15:00:00,observed,557.580752,557.580752,557.580752,557.580752
2025-12-06 16:00:00,observed,598.606815,598.606815,598.606815,598.606815
2025-12-06 17:00:00,observed,687.95178,687.95178,687.95178,687.95178
2025-12-06 18:00:00,observed,737.774158,737.774158,737.774158,737.774158
2025-12-06 19:00:00,observed,722.853038,722.853038,722.853038,722.853038
2025-12-06 20:00:00,observed,723.305828,723.305828,723.305828,723.305828
2025-12-06 21:00:00,observed,720.314715,720.314715,720.314715,720.314715
2025-12-06 22:00:00,observed,684.89539,684.89539,684.89539,684.89539
2025-12-06 23:00:00,observed,619.254242,619.254242,619.254242,619.254242
2025-12-07 00:00:00,observed,539.968971,539.968971,539.968971,539.968971
2025-12-07 01:00:00,observed,509.13582,509.13582,509.13582,509.13582
2025-12-07 02:00:00,observed,467.485107,467.485107,467.485107,467.485107
2025-12-07 03:00:00,observed,447.716353,447.716353,447.716353,447.716353
2025-12-07 04:00:00,observed,427.362481,427.362481,427.362481,427.362481
2025-12-07 05:00:00,observed,427.365589,427.365589,427.365589,427.365589
2025-12-07 06:00:00,observed,438.288818,438.288818,438.288818,438.288818
2025-12-07 07:00:00,observed,478.922062,478.922062,478.922062,478.922062
2025-12-07 08:00:00,observed,531.364728,531.364728,531.364728,531.364728
2025-12-07 09:00:00,observed,542.041062,542.041062,542.041062,542.041062
2025-12-07 10:00:00,observed,595.501529,595.501529,595.501529,595.501529
2025-12-07 11:00:00,observed,605.91317,605.91317,605.91317,605.91317
2025-12-07 12:00:00,observed,600.435273,600.435273,600.435273,600.435273
2025-12-07 13:00:00,observed,554.911647,554.911647,554.911647,554.911647
2025-12-07 14:00:00,observed,522.676744,522.676744,522.676744,522.676744
2025-12-07 15:00:00,observed,528.257902,528.257902,528.257902,528.257902
2025-12-07 16:00:00,observed,576.461215,576.461215,576.461215,576.461215
2025-12-07 17:00:00,observed,648.711162,648.711162,648.711162,648.711162
2025-12-07 18:00:00,observed,713.852266,713.852266,713.852266,713.852266
2025-12-07 19:00:00,observed,700.551681,700.551681,700.551681,700.551681
2025-12-07 20:00:00,observed,703.129885,703.129885,703.129885,703.129885
2025-12-07 21:00:00,observed,703.030061,703.030061,703.030061,703.030061
2025-12-07 22:00:00,observed,646.230982,646.230982,646.230982,646.230982
2025-12-07 23:00:00,observed,573.108206,573.108206,573.108206,573.108206
2025-12-08 00:00:00,observed,499.431249,499.431249,499.431249,499.431249
2025-12-08 01:00:00,observed,473.664587,473.664587,473.664587,473.664587
2025-12-08 02:00:00,observed,436.148269,436.148269,436.148269,436.148269
2025-12-08 03:00:00,observed,427.346603,427.346603,427.346603,427.346603
2025-12-08 04:00:00,observed,408.698253,408.698253,408.698253,408.698253
2025-12-08 05:00:00,observed,408.878722,408.878722,408.878722,408.878722
2025-12-08 06:00:00,observed,456.702071,456.702071,456.702071,456.702071
2025-12-08 07:00:00,observed,553.840525,553.840525,553.840525,553.840525
2025-12-08 08:00:00,observed,617.384364,617.384364,617.384364,617.384364
2025-12-08 09:00:00,observed,703.377376,703.377376,703.377376,703.377376
2025-12-08 10:00:00,observed,671.505685,671.505685,671.505685,671.505685
2025-12-08 11:00:00,observed,664.12662,664.12662,664.12662,664.12662
2025-12-08 12:00:00,observed,625.962738,625.962738,625.962738,625.962738
2025-12-08 13:00:00,observed,602.402905,602.402905,602.402905,602.402905
2025-12-08 14:00:00,observed,599.394468,599.394468,599.394468,599.394468
2025-12-08 15:00:00,observed,607.705999,607.705999,607.705999,607.705999
2025-12-08 16:00:00,observed,655.618925,655.618925,655.618925,655.618925
2025-12-08 17:00:00,observed,721.672889,721.672889,721.672889,721.672889
2025-12-08 18:00:00,observed,767.521682,767.521682,767.521682,767.521682
2025-12-08 19:00:00,observed,748.801604,748.801604,748.801604,748.801604
2025-12-08 20:00:00,observed,744.190745,744.190745,744.190745,744.190745
2025-12-08 21:00:00,observed,734.309865,734.309865,734.309865,734.309865
2025-12-08 22:00:00,observed,681.900568,681.900568,681.900568,681.900568
2025-12-08 23:00:00,observed,621.607396,621.607396,621.607396,621.607396
2025-12-09 00:00:00,observed,534.044081,534.044081,534.044081,534.044081
2025-12-09 01:00:00,observed,508.393554,508.393554,508.393554,508.393554
2025-12-09 02:00:00,observed,467.966838,467.966838,467.966838,467.966838
2025-12-09 03:00:00,observed,455.855971,455.855971,455.855971,455.855971
2025-12-09 04:00:00,observed,438.379432,438.379432,438.379432,438.379432
2025-12-09 05:00:00,observed,442.914178,442.914178,442.914178,442.914178
2025-12-09 06:00:00,observed,483.264492,483.264492,483.264492,483.264492
2025-12-09 07:00:00,observed,572.318352,572.318352,572.318352,572.318352
2025-12-09 08:00:00,observed,617.380169,617.380169,617.380169,617.380169
2025-12-09 09:00:00,observed,697.76866,697.76866,697.76866,697.76866
2025-12-09 10:00:00,observed,679.381261,679.381261,679.381261,679.381261
2025-12-09 11:00:00,observed,660.315282,660.315282,660.315282,660.315282
2025-12-09 12:00:00,observed,628.994005,628.994005,628.994005,628.994005
2025-12-09 13:00:00,observed,570.469166,570.469166,570.469166,570.469166
2025-12-09 14:00:00,observed,588.415314,588.415314,588.415314,588.415314
2025-12-09 15:00:00,observed,589.367755,589.367755,589.367755,589.367755
2025-12-09 16:00:00,observed,649.108795,649.108795,649.108795,649.108795
2025-12-09 17:00:00,observed,714.519083,714.519083,714.519083,714.519083
2025-12-09 18:00:00,observed,752.976467,752.976467,752.976467,752.976467
2025-12-09 19:00:00,observed,737.447836,737.447836,737.447836,737.447836
2025-12-09 20:00:00,observed,742.32848,742.32848,742.32848,742.32848
2025-12-09 21:00:00,observed,735.067061,735.067061,735.067061,735.067061
2025-12-09 22:00:00,observed,674.567886,674.567886,674.567886,674.567886
2025-12-09 23:00:00,observed,609.512311,609.512311,609.512311,609.512311
2025-12-10 00:00:00,observed,522.702942,522.702942,522.702942,522.702942
2025-12-10 01:00:00,observed,502.853052,502.853052,502.853052,502.853052
2025-12-10 02:00:00,observed,465.725741,465.725741,465.725741,465.725741
2025-12-10 03:00:00,observed,450.367704,450.367704,450.367704,450.367704
2025-12-10 04:00:00,observed,430.649882,430.649882,430.649882,430.649882
2025-12-10 05:00:00,observed,432.248479,432.248479,432.248479,432.248479
2025-12-10 06:00:00,observed,481.706539,481.706539,481.706539,481.706539
2025-12-10 07:00:00,observed,562.65924,562.65924,562.65924,562.65924
2025-12-10 08:00:00,observed,623.454434,623.454434,623.454434,623.454434
2025-12-10 09:00:00,observed,700.812575,700.812575,700.812575,700.812575
2025-12-10 10:00:00,observed,676.464876,676.464876,676.464876,676.464876
2025-12-10 11:00:00,observed,672.196032,672.196032,672.196032,672.196032
2025-12-10 12:00:00,observed,639.389189,639.389189,639.389189,639.389189
2025-12-10 13:00:00,observed,588.944039,588.944039,588.944039,588.944039
2025-12-10 14:00:00,observed,588.502025,588.502025,588.502025,588.502025
2025-12-10 15:00:00,observed,595.544327,595.544327,595.544327,595.544327
2025-12-10 16:00:00,observed,631.048512,631.048512,631.048512,631.048512
2025-12-10 17:00:00,observed,692.790723,692.790723,692.790723,692.790723
2025-12-10 18:00:00,observed,751.39245,751.39245,751.39245,751.39245
2025-12-10 19:00:00,observed,728.191096,728.191096,728.191096,728.191096
2025-12-10 20:00:00,observed,728.741673,728.741673,728.741673,728.741673
2025-12-10 21:00:00,observed,726.286354,726.286354,726.286354,726.286354
2025-12-10 22:00:00,observed,671.262555,671.262555,671.262555,671.262555
2025-12-10 23:00:00,observed,607.808017,607.808017,607.808017,607.808017
2025-12-11 00:00:00,observed,524.913025,524.913025,524.913025,524.913025
2025-12-11 01:00:00,observed,503.928159,503.928159,503.928159,503.928159
2025-12-11 02:00:00,observed,462.762783,462.762783,462.762783,462.762783
2025-12-11 03:00:00,observed,445.329025,445.329025,445.329025,445.329025
2025-12-11 04:00:00,observed,426.683858,426.683858,426.683858,426.683858
2025-12-11 05:00:00,observed,431.551283,431.551283,431.551283,431.551283
2025-12-11 06:00:00,observed,478.132701,478.132701,478.132701,478.132701
2025-12-11 07:00:00,observed,562.425007,562.425007,562.425007,562.425007
2025-12-11 08:00:00,observed,616.74884,616.74884,616.74884,616.74884
2025-12-11 09:00:00,observed,686.887487,686.887487,686.887487,686.887487
2025-12-11 10:00:00,observed,680.041194,680.041194,680.041194,680.041194
2025-12-11 11:00:00,observed,677.917087,677.917087,677.917087,677.917087
2025-12-11 12:00:00,observed,651.960441,651.960441,651.960441,651.960441
2025-12-11 13:00:00,observed,611.453043,611.453043,611.453043,611.453043
2025-12-11 14:00:00,observed,625.91901,625.91901,625.91901,625.91901
2025-12-11 15:00:00,observed,632.239289,632.239289,632.239289,632.239289
2025-12-11 16:00:00,observed,682.060666,682.060666,682.060666,682.060666
2025-12-11 17:00:00,observed,757.370672,757.370672,757.370672,757.370672
2025-12-11 18:00:00,observed,810.96024,810.96024,810.96024,810.96024
2025-12-11 19:00:00,observed,803.503544,803.503544,803.503544,803.503544
2025-12-11 20:00:00,observed,811.456667,811.456667,811.456667,811.456667
2025-12-11 21:00:00,observed,804.488623,804.488623,804.488623,804.488623
2025-12-11 22:00:00,observed,741.842462,741.842462,741.842462,741.842462
2025-12-11 23:00:00,observed,668.119196,668.119196,668.119196,668.119196
2025-12-12 00:00:00,observed,580.559662,580.559662,580.559662,580.559662
2025-12-12 01:00:00,observed,546.471611,546.471611,546.471611,546.471611
2025-12-12 02:00:00,observed,504.450638,504.450638,504.450638,504.450638
2025-12-12 03:00:00,observed,485.579166,485.579166,485.579166,485.579166
2025-12-12 04:00:00,observed,466.546976,466.546976,466.546976,466.546976
2025-12-12 05:00:00,observed,470.778366,470.778366,470.778366,470.778366
2025-12-12 06:00:00,observed,513.872121,513.872121,513.872121,513.872121
2025-12-12 07:00:00,observed,608.080689,608.080689,608.080689,608.080689
2025-12-12 08:00:00,observed,688.629214,688.629214,688.629214,688.629214
2025-12-12 09:00:00,observed,825.943209,825.943209,825.943209,825.943209
2025-12-12 10:00:00,observed,853.213987,853.213987,853.213987,853.213987
2025-12-12 11:00:00,observed,875.500918,875.500918,875.500918,875.500918
2025-12-12 12:00:00,observed,838.444892,838.444892,838.444892,838.444892
2025-12-12 13:00:00,observed,791.335108,791.335108,791.335108,791.335108
2025-12-12 14:00:00,observed,820.666202,820.666202,820.666202,820.666202
2025-12-12 15:00:00,observed,818.160247,818.160247,818.160247,818.160247
2025-12-12 16:00:00,observed,839.721594,839.721594,839.721594,839.721594
2025-12-12 17:00:00,observed,885.763814,885.763814,885.763814,885.763814
2025-12-12 18:00:00,observed,895.525275,895.525275,895.525275,895.525275
2025-12-12 19:00:00,observed,891.326431,891.326431,891.326431,891.326431
2025-12-12 20:00:00,observed,887.053755,887.053755,887.053755,887.053755
2025-12-12 21:00:00,observed,864.402256,864.402256,864.402256,864.402256
2025-12-12 22:00:00,observed,807.490241,807.490241,807.490241,807.490241
2025-12-12 23:00:00,observed,739.550378,739.550378,739.550378,739.550378
2025-12-13 00:00:00,observed,637.664121,637.664121,637.664121,637.664121
2025-12-13 01:00:00,observed,598.85168,598.85168,598.85168,598.85168
2025-12-13 02:00:00,observed,551.375626,551.375626,551.375626,551.375626
2025-12-13 03:00:00,observed,530.075357,530.075357,530.075357,530.075357
2025-12-13 04:00:00,observed,504.690836,504.690836,504.690836,504.690836
2025-12-13 05:00:00,observed,499.552005,499.552005,499.552005,499.552005
2025-12-13 06:00:00,observed,523.30191,523.30191,523.30191,523.30191
2025-12-13 07:00:00,observed,571.924461,571.924461,571.924461,571.924461
2025-12-13 08:00:00,observed,668.428875,668.428875,668.428875,668.428875
2025-12-13 09:00:00,observed,796.53953,796.53953,796.53953,796.53953
2025-12-13 10:00:00,observed,848.860431,848.860431,848.860431,848.860431
2025-12-13 11:00:00,observed,890.75413,890.75413,890.75413,890.75413
2025-12-13 12:00:00,observed,892.675308,892.675308,892.675308,892.675308
2025-12-13 13:00:00,observed,881.571667,881.571667,881.571667,881.571667
2025-12-13 14:00:00,observed,829.468383,829.468383,829.468383,829.468383
2025-12-13 15:00:00,observed,833.873218,833.873218,833.873218,833.873218
2025-12-13 16:00:00,observed,827.589184,827.589184,827.589184,827.589184
2025-12-13 17:00:00,observed,877.955884,877.955884,877.955884,877.955884
2025-12-13 18:00:00,observed,938.482187,938.482187,938.482187,938.482187
2025-12-13 19:00:00,observed,922.120238,922.120238,922.120238,922.120238
2025-12-13 20:00:00,observed,913.369542,913.369542,913.369542,913.369542
2025-12-13 21:00:00,observed,893.822373,893.822373,893.822373,893.822373
2025-12-13 22:00:00,observed,838.560229,838.560229,838.560229,838.560229
2025-12-13 23:00:00,observed,750.053573,750.053573,750.053573,750.053573
2025-12-14 00:00:00,observed,657.536015,657.536015,657.536015,657.536015
2025-12-14 01:00:00,observed,611.109126,611.109126,611.109126,611.109126
2025-12-14 02:00:00,observed,560.150655,560.150655,560.150655,560.150655
2025-12-14 03:00:00,observed,532.561768,532.561768,532.561768,532.561768
2025-12-14 04:00:00,observed,512.953903,512.953903,512.953903,512.953903
2025-12-14 05:00:00,observed,506.726963,506.726963,506.726963,506.726963
2025-12-14 06:00:00,observed,521.562514,521.562514,521.562514,521.562514
2025-12-14 07:00:00,observed,567.062447,567.062447,567.062447,567.062447
2025-12-14 08:00:00,observed,638.543676,638.543676,638.543676,638.543676
2025-12-14 09:00:00,observed,704.444714,704.444714,704.444714,704.444714
2025-12-14 10:00:00,observed,708.958256,708.958256,708.958256,708.958256
2025-12-14 11:00:00,observed,693.289274,693.289274,693.289274,693.289274
2025-12-14 12:00:00,observed,653.819924,653.819924,653.819924,653.819924
2025-12-14 13:00:00,observed,596.559999,596.559999,596.559999,596.559999
2025-12-14 14:00:00,observed,592.811731,592.811731,592.811731,592.811731
2025-12-14 15:00:00,observed,605.236904,605.236904,605.236904,605.236904
2025-12-14 16:00:00,observed,667.918191,667.918191,667.918191,667.918191
2025-12-14 17:00:00,observed,764.085015,764.085015,764.085015,764.085015
2025-12-14 18:00:00,observed,845.991598,845.991598,845.991598,845.991598
2025-12-14 19:00:00,observed,848.043475,848.043475,848.043475,848.043475
2025-12-14 20:00:00,observed,856.693528,856.693528,856.693528,856.693528
2025-12-14 21:00:00,observed,848.974819,848.974819,848.974819,848.974819
2025-12-14 22:00:00,observed,782.582508,782.582508,782.582508,782.582508
2025-12-14 23:00:00,observed,690.610911,690.610911,690.610911,690.610911
2025-12-15 00:00:00,observed,592.0682,592.0682,592.0682,592.0682
2025-12-15 01:00:00,observed,550.325994,550.325994,550.325994,550.325994
2025-12-15 02:00:00,observed,510.510554,510.510554,510.510554,510.510554
2025-12-15 03:00:00,observed,490.337733,490.337733,490.337733,490.337733
2025-12-15 04:00:00,observed,473.853454,473.853454,473.853454,473.853454
2025-12-15 05:00:00,observed,473.914283,473.914283,473.914283,473.914283
2025-12-15 06:00:00,observed,524.18121,524.18121,524.18121,524.18121
2025-12-15 07:00:00,observed,623.558633,623.558633,623.558633,623.558633
2025-12-15 08:00:00,observed,699.683712,699.683712,699.683712,699.683712
2025-12-15 09:00:00,observed,791.545716,791.545716,791.545716,791.545716
2025-12-15 10:00:00,observed,771.707281,771.707281,771.707281,771.707281
2025-12-15 11:00:00,observed,759.835196,759.835196,759.835196,759.835196
2025-12-15 12:00:00,observed,705.387779,705.387779,705.387779,705.387779
2025-12-15 13:00:00,observed,654.683681,654.683681,654.683681,654.683681
2025-12-15 14:00:00,observed,665.878082,665.878082,665.878082,665.878082
2025-12-15 15:00:00,observed,667.171406,667.171406,667.171406,667.171406
2025-12-15 16:00:00,observed,718.293377,718.293377,718.293377,718.293377
2025-12-15 17:00:00,observed,793.615882,793.615882,793.615882,793.615882
2025-12-15 18:00:00,observed,842.09982,842.09982,842.09982,842.09982
2025-12-15 19:00:00,observed,826.297615,826.297615,826.297615,826.297615
2025-12-15 20:00:00,observed,829.667044,829.667044,829.667044,829.667044
2025-12-15 21:00:00,observed,830.971196,830.971196,830.971196,830.971196
2025-12-15 22:00:00,observed,771.227963,771.227963,771.227963,771.227963
2025-12-15 23:00:00,observed,682.400652,682.400652,682.400652,682.400652
2025-12-16 00:00:00,observed,591.829012,591.829012,591.829012,591.829012
2025-12-16 01:00:00,observed,556.157367,556.157367,556.157367,556.157367
2025-12-16 02:00:00,observed,519.251221,519.251221,519.251221,519.251221
2025-12-16 03:00:00,observed,494.193879,494.193879,494.193879,494.193879
2025-12-16 04:00:00,observed,475.314597,475.314597,475.314597,475.314597
2025-12-16 05:00:00,observed,480.49554,480.49554,480.49554,480.49554
2025-12-16 06:00:00,observed,528.78115,528.78115,528.78115,528.78115
2025-12-16 07:00:00,observed,624.874948,624.874948,624.874948,624.874948
2025-12-16 08:00:00,observed,680.830473,680.830473,680.830473,680.830473
2025-12-16 09:00:00,observed,759.6597,759.6597,759.6597,759.6597
2025-12-16 10:00:00,observed,727.5299,727.5299,727.5299,727.5299
2025-12-16 11:00:00,observed,712.903901,712.903901,712.903901,712.903901
2025-12-16 12:00:00,observed,662.892896,662.892896,662.892896,662.892896
2025-12-16 13:00:00,observed,623.07676,623.07676,623.07676,623.07676
2025-12-16 14:00:00,observed,619.117784,619.117784,619.117784,619.117784
2025-12-16 15:00:00,observed,631.668778,631.668778,631.668778,631.668778
2025-12-16 16:00:00,observed,679.98018,679.98018,679.98018,679.98018
2025-12-16 17:00:00,observed,759.67644,759.67644,759.67644,759.67644
2025-12-16 18:00:00,observed,810.22431,810.22431,810.22431,810.22431
2025-12-16 19:00:00,observed,801.930014,801.930014,801.930014,801.930014
2025-12-16 20:00:00,observed,810.246778,810.246778,810.246778,810.246778
2025-12-16 21:00:00,observed,810.399805,810.399805,810.399805,810.399805
2025-12-16 22:00:00,observed,750.031153,750.031153,750.031153,750.031153
2025-12-16 23:00:00,observed,671.323859,671.323859,671.323859,671.323859
2025-12-17 00:00:00,observed,580.511843,580.511843,580.511843,580.511843
2025-12-17 01:00:00,observed,542.350968,542.350968,542.350968,542.350968
2025-12-17 02:00:00,observed,501.490432,501.490432,501.490432,501.490432
2025-12-17 03:00:00,observed,480.446646,480.446646,480.446646,480.446646
2025-12-17 04:00:00,observed,460.481014,460.481014,460.481014,460.481014
2025-12-17 05:00:00,observed,460.911381,460.911381,460.911381,460.911381
2025-12-17 06:00:00,observed,515.19336,515.19336,515.19336,515.19336
2025-12-17 07:00:00,observed,607.754469,607.754469,607.754469,607.754469
2025-12-17 08:00:00,observed,682.695238,682.695238,682.695238,682.695238
2025-12-17 09:00:00,observed,766.26983,766.26983,766.26983,766.26983
2025-12-17 10:00:00,observed,751.279514,751.279514,751.279514,751.279514
2025-12-17 11:00:00,observed,736.975505,736.975505,736.975505,736.975505
2025-12-17 12:00:00,observed,691.615764,691.615764,691.615764,691.615764
2025-12-17 13:00:00,observed,644.339302,644.339302,644.339302,644.339302
2025-12-17 14:00:00,observed,645.810169,645.810169,645.810169,645.810169
2025-12-17 15:00:00,observed,655.29338,655.29338,655.29338,655.29338
2025-12-17 16:00:00,observed,705.546176,705.546176,705.546176,705.546176
2025-12-17 17:00:00,observed,785.370777,785.370777,785.370777,785.370777
2025-12-17 18:00:00,observed,844.413153,844.413153,844.413153,844.413153
2025-12-17 19:00:00,observed,833.466656,833.466656,833.466656,833.466656
2025-12-17 20:00:00,observed,842.678878,842.678878,842.678878,842.678878
2025-12-17 21:00:00,observed,843.855925,843.855925,843.855925,843.855925
2025-12-17 22:00:00,observed,775.023517,775.023517,775.023517,775.023517
2025-12-17 23:00:00,observed,695.68187,695.68187,695.68187,695.68187
2025-12-18 00:00:00,observed,600.243504,600.243504,600.243504,600.243504
2025-12-18 01:00:00,observed,556.429038,556.429038,556.429038,556.429038
2025-12-18 02:00:00,observed,523.609021,523.609021,523.609021,523.609021
2025-12-18 03:00:00,observed,492.313074,492.313074,492.313074,492.313074
2025-12-18 04:00:00,observed,478.971212,478.971212,478.971212,478.971212
2025-12-18 05:00:00,observed,473.068381,473.068381,473.068381,473.068381
2025-12-18 06:00:00,observed,526.058931,526.058931,526.058931,526.058931
2025-12-18 07:00:00,observed,620.286491,620.286491,620.286491,620.286491
2025-12-18 08:00:00,observed,687.300754,687.300754,687.300754,687.300754
2025-12-18 09:00:00,observed,772.050269,772.050269,772.050269,772.050269
2025-12-18 10:00:00,observed,747.977179,747.977179,747.977179,747.977179
2025-12-18 11:00:00,observed,738.066493,738.066493,738.066493,738.066493
2025-12-18 12:00:00,observed,695.900999,695.900999,695.900999,695.900999
2025-12-18 13:00:00,observed,638.820715,638.820715,638.820715,638.820715
2025-12-18 14:00:00,observed,633.004522,633.004522,633.004522,633.004522
2025-12-18 15:00:00,observed,648.872091,648.872091,648.872091,648.872091
2025-12-18 16:00:00,observed,699.216845,699.216845,699.216845,699.216845
2025-12-18 17:00:00,observed,772.456619,772.456619,772.456619,772.456619
2025-12-18 18:00:00,observed,828.379086,828.379086,828.379086,828.379086
2025-12-18 19:00:00,observed,810.791976,810.791976,810.791976,810.791976
2025-12-18 20:00:00,observed,820.295669,820.295669,820.295669,820.295669
2025-12-18 21:00:00,observed,814.428788,814.428788,814.428788,814.428788
2025-12-18 22:00:00,observed,756.594605,756.594605,756.594605,756.594605
2025-12-18 23:00:00,observed,678.653177,678.653177,678.653177,678.653177
2025-12-19 00:00:00,observed,587.738833,587.738833,587.738833,587.738833
2025-12-19 01:00:00,observed,550.934941,550.934941,550.934941,550.934941
2025-12-19 02:00:00,observed,511.826105,511.826105,511.826105,511.826105
2025-12-19 03:00:00,observed,484.068328,484.068328,484.068328,484.068328
2025-12-19 04:00:00,observed,459.612164,459.612164,459.612164,459.612164
2025-12-19 05:00:00,observed,454.732398,454.732398,454.732398,454.732398
2025-12-19 06:00:00,observed,505.320673,505.320673,505.320673,505.320673
2025-12-19 07:00:00,observed,601.077908,601.077908,601.077908,601.077908
2025-12-19 08:00:00,observed,659.568075,659.568075,659.568075,659.568075
2025-12-19 09:00:00,observed,744.559298,744.559298,744.559298,744.559298
2025-12-19 10:00:00,observed,714.166525,714.166525,714.166525,714.166525
2025-12-19 11:00:00,observed,714.792735,714.792735,714.792735,714.792735
2025-12-19 12:00:00,observed,679.178593,679.178593,679.178593,679.178593
2025-12-19 13:00:00,observed,614.948263,614.948263,614.948263,614.948263
2025-12-19 14:00:00,observed,617.363912,617.363912,617.363912,617.363912
2025-12-19 15:00:00,observed,620.694524,620.694524,620.694524,620.694524
2025-12-19 16:00:00,observed,656.030729,656.030729,656.030729,656.030729
2025-12-19 17:00:00,observed,729.190572,729.190572,729.190572,729.190572
2025-12-19 18:00:00,observed,768.602846,768.602846,768.602846,768.602846
2025-12-19 19:00:00,observed,758.638762,758.638762,758.638762,758.638762
2025-12-19 20:00:00,observed,765.279053,765.279053,765.279053,765.279053
2025-12-19 21:00:00,observed,770.078451,770.078451,770.078451,770.078451
2025-12-19 22:00:00,observed,742.106513,742.106513,742.106513,742.106513
2025-12-19 23:00:00,observed,680.939061,680.939061,680.939061,680.939061
2025-12-20 00:00:00,observed,591.064106,591.064106,591.064106,591.064106
2025-12-20 01:00:00,observed,554.122335,554.122335,554.122335,554.122335
2025-12-20 02:00:00,observed,511.028421,511.028421,511.028421,511.028421
2025-12-20 03:00:00,observed,484.068328,484.068328,484.068328,484.068328
2025-12-20 04:00:00,observed,459.612164,459.612164,459.612164,459.612164
2025-12-20 05:00:00,observed,454.732398,454.732398,454.732398,454.732398
2025-12-20 06:00:00,observed,505.320673,505.320673,505.320673,505.320673
2025-12-20 07:00:00,observed,601.077908,601.077908,601.077908,601.077908
2025-12-20 08:00:00,observed,659.568075,659.568075,659.568075,659.568075
2025-12-20 09:00:00,observed,744.559298,744.559298,744.559298,744.559298
2025-12-20 10:00:00,observed,681.763179,681.763179,681.763179,681.763179
2025-12-20 11:00:00,observed,672.590488,672.590488,672.590488,672.590488
2025-12-20 12:00:00,observed,705.609023,705.609023,705.609023,705.609023
2025-12-20 13:00:00,observed,648.103446,648.103446,648.103446,648.103446
2025-12-20 14:00:00,observed,645.063544,645.063544,645.063544,645.063544
2025-12-20 15:00:00,observed,622.477671,622.477671,622.477671,622.477671
2025-12-20 16:00:00,observed,672.002372,672.002372,672.002372,672.002372
2025-12-20 17:00:00,observed,741.892944,741.892944,741.892944,741.892944
2025-12-20 18:00:00,observed,799.329769,799.329769,799.329769,799.329769
2025-12-20 19:00:00,observed,783.893147,783.893147,783.893147,783.893147
2025-12-20 20:00:00,observed,782.355986,782.355986,782.355986,782.355986
2025-12-20 21:00:00,observed,784.94857,784.94857,784.94857,784.94857
2025-12-20 22:00:00,observed,743.060149,743.060149,743.060149,743.060149
2025-12-20 23:00:00,observed,672.998834,672.998834,672.998834,672.998834
2025-12-21 00:00:00,observed,586.480297,586.480297,586.480297,586.480297
2025-12-21 01:00:00,observed,552.142029,552.142029,552.142029,552.142029
2025-12-21 02:00:00,observed,509.148964,509.148964,509.148964,509.148964
2025-12-21 03:00:00,observed,483.914899,483.914899,483.914899,483.914899
2025-12-21 04:00:00,observed,462.765016,462.765016,462.765016,462.765016
2025-12-21 05:00:00,observed,459.17079,459.17079,459.17079,459.17079
2025-12-21 06:00:00,observed,482.335338,482.335338,482.335338,482.335338
2025-12-21 07:00:00,observed,526.952678,526.952678,526.952678,526.952678
2025-12-21 08:00:00,observed,597.475379,597.475379,597.475379,597.475379
2025-12-21 09:00:00,observed,643.741196,643.741196,643.741196,643.741196
2025-12-21 10:00:00,observed,629.685472,629.685472,629.685472,629.685472
2025-12-21 11:00:00,observed,629.563524,629.563524,629.563524,629.563524
2025-12-21 12:00:00,observed,628.44259,628.44259,628.44259,628.44259
2025-12-21 13:00:00,observed,580.075067,580.075067,580.075067,580.075067
2025-12-21 14:00:00,observed,606.788284,606.788284,606.788284,606.788284
2025-12-21 15:00:00,observed,608.468718,608.468718,608.468718,608.468718
2025-12-21 16:00:00,observed,651.436732,651.436732,651.436732,651.436732
2025-12-21 17:00:00,observed,748.475656,748.475656,748.475656,748.475656
2025-12-21 18:00:00,observed,819.488734,819.488734,819.488734,819.488734
2025-12-21 19:00:00,observed,816.267213,816.267213,816.267213,816.267213
2025-12-21 20:00:00,observed,826.280105,826.280105,826.280105,826.280105
2025-12-21 21:00:00,observed,821.887873,821.887873,821.887873,821.887873
2025-12-21 22:00:00,observed,754.86181,754.86181,754.86181,754.86181
2025-12-21 23:00:00,observed,660.942819,660.942819,660.942819,660.942819
2025-12-22 00:00:00,observed,578.350323,578.350323,578.350323,578.350323
2025-12-22 01:00:00,observed,540.649202,540.649202,540.649202,540.649202
2025-12-22 02:00:00,observed,507.595342,507.595342,507.595342,507.595342
2025-12-22 03:00:00,observed,486.067089,486.067089,486.067089,486.067089
2025-12-22 04:00:00,observed,464.934326,464.934326,464.934326,464.934326
2025-12-22 05:00:00,observed,468.434544,468.434544,468.434544,468.434544
2025-12-22 06:00:00,observed,519.691103,519.691103,519.691103,519.691103
2025-12-22 07:00:00,observed,613.124916,613.124916,613.124916,613.124916
2025-12-22 08:00:00,observed,706.948679,706.948679,706.948679,706.948679
2025-12-22 09:00:00,observed,842.617877,842.617877,842.617877,842.617877
2025-12-22 10:00:00,observed,870.086016,870.086016,870.086016,870.086016
2025-12-22 11:00:00,observed,901.459129,901.459129,901.459129,901.459129
2025-12-22 12:00:00,observed,891.599601,891.599601,891.599601,891.599601
2025-12-22 13:00:00,observed,850.521083,850.521083,850.521083,850.521083
2025-12-22 14:00:00,observed,817.956295,817.956295,817.956295,817.956295
2025-12-22 15:00:00,observed,809.262333,809.262333,809.262333,809.262333
2025-12-22 16:00:00,observed,836.973332,836.973332,836.973332,836.973332
2025-12-22 17:00:00,observed,879.810019,879.810019,879.810019,879.810019
2025-12-22 18:00:00,observed,901.433504,901.433504,901.433504,901.433504
2025-12-22 19:00:00,observed,874.459022,874.459022,874.459022,874.459022
2025-12-22 20:00:00,observed,866.664131,866.664131,866.664131,866.664131
2025-12-22 21:00:00,observed,855.678293,855.678293,855.678293,855.678293
2025-12-22 22:00:00,observed,777.350775,777.350775,777.350775,777.350775
2025-12-22 23:00:00,observed,698.237057,698.237057,698.237057,698.237057
2025-12-23 00:00:00,observed,602.268988,602.268988,602.268988,602.268988
2025-12-23 01:00:00,observed,568.987977,568.987977,568.987977,568.987977
2025-12-23 02:00:00,observed,530.996126,530.996126,530.996126,530.996126
2025-12-23 03:00:00,observed,507.852926,507.852926,507.852926,507.852926
2025-12-23 04:00:00,observed,486.691654,486.691654,486.691654,486.691654
2025-12-23 05:00:00,observed,483.063637,483.063637,483.063637,483.063637
2025-12-23 06:00:00,observed,528.413718,528.413718,528.413718,528.413718
2025-12-23 07:00:00,observed,621.550024,621.550024,621.550024,621.550024
2025-12-23 08:00:00,observed,691.48634,691.48634,691.48634,691.48634
2025-12-23 09:00:00,observed,844.362086,844.362086,844.362086,844.362086
2025-12-23 10:00:00,observed,878.887161,878.887161,878.887161,878.887161
2025-12-23 11:00:00,observed,904.92657,904.92657,904.92657,904.92657
2025-12-23 12:00:00,observed,887.126139,887.126139,887.126139,887.126139
2025-12-23 13:00:00,observed,870.269526,870.269526,870.269526,870.269526
2025-12-23 14:00:00,observed,854.895693,854.895693,854.895693,854.895693
2025-12-23 15:00:00,observed,824.791767,824.791767,824.791767,824.791767
2025-12-23 16:00:00,observed,823.707613,823.707613,823.707613,823.707613
2025-12-23 17:00:00,observed,871.753789,871.753789,871.753789,871.753789
2025-12-23 18:00:00,observed,903.131623,903.131623,903.131623,903.131623
2025-12-23 19:00:00,observed,888.838738,888.838738,888.838738,888.838738
2025-12-23 20:00:00,observed,891.94804,891.94804,891.94804,891.94804
2025-12-23 21:00:00,observed,875.824686,875.824686,875.824686,875.824686
2025-12-23 22:00:00,observed,808.330701,808.330701,808.330701,808.330701
2025-12-23 23:00:00,observed,718.480109,718.480109,718.480109,718.480109
2025-12-24 00:00:00,observed,625.36093,625.36093,625.36093,625.36093
2025-12-24 01:00:00,observed,589.432475,589.432475,589.432475,589.432475
2025-12-24 02:00:00,observed,552.606741,552.606741,552.606741,552.606741
2025-12-24 03:00:00,observed,523.895368,523.895368,523.895368,523.895368
2025-12-24 04:00:00,observed,505.138235,505.138235,505.138235,505.138235
2025-12-24 05:00:00,observed,500.875841,500.875841,500.875841,500.875841
2025-12-24 06:00:00,observed,547.761728,547.761728,547.761728,547.761728
2025-12-24 07:00:00,observed,652.290576,652.290576,652.290576,652.290576
2025-12-24 08:00:00,observed,723.635311,723.635311,723.635311,723.635311
2025-12-24 09:00:00,observed,850.343517,850.343517,850.343517,850.343517
2025-12-24 10:00:00,observed,828.512012,828.512012,828.512012,828.512012
2025-12-24 11:00:00,observed,807.553372,807.553372,807.553372,807.553372
2025-12-24 12:00:00,observed,762.263427,762.263427,762.263427,762.263427
2025-12-24 13:00:00,observed,727.293783,727.293783,727.293783,727.293783
2025-12-24 14:00:00,observed,696.844983,696.844983,696.844983,696.844983
2025-12-24 15:00:00,observed,706.291365,706.291365,706.291365,706.291365
2025-12-24 16:00:00,observed,777.236609,777.236609,777.236609,777.236609
2025-12-24 17:00:00,observed,838.74208,838.74208,838.74208,838.74208
2025-12-24 18:00:00,observed,893.465699,893.465699,893.465699,893.465699
2025-12-24 19:00:00,observed,888.892034,888.892034,888.892034,888.892034
2025-12-24 20:00:00,observed,896.24349,896.24349,896.24349,896.24349
2025-12-24 21:00:00,observed,888.380899,888.380899,888.380899,888.380899
2025-12-24 22:00:00,observed,831.207855,831.207855,831.207855,831.207855
2025-12-24 23:00:00,observed,740.681687,740.681687,740.681687,740.681687
2025-12-25 00:00:00,observed,642.604508,642.604508,642.604508,642.604508
2025-12-25 01:00:00,observed,606.677548,606.677548,606.677548,606.677548
2025-12-25 02:00:00,observed,568.305205,568.305205,568.305205,568.305205
2025-12-25 03:00:00,observed,536.180116,536.180116,536.180116,536.180116
2025-12-25 04:00:00,observed,516.987793,516.987793,516.987793,516.987793
2025-12-25 05:00:00,observed,518.367727,518.367727,518.367727,518.367727
2025-12-25 06:00:00,observed,561.793398,561.793398,561.793398,561.793398
2025-12-25 07:00:00,observed,659.516156,659.516156,659.516156,659.516156
2025-12-25 08:00:00,observed,719.390691,719.390691,719.390691,719.390691
2025-12-25 09:00:00,observed,809.794006,809.794006,809.794006,809.794006
2025-12-25 10:00:00,observed,776.129174,776.129174,776.129174,776.129174
2025-12-25 11:00:00,observed,766.881462,766.881462,766.881462,766.881462
2025-12-25 12:00:00,observed,723.133213,723.133213,723.133213,723.133213
2025-12-25 13:00:00,observed,685.10809,685.10809,685.10809,685.10809
2025-12-25 14:00:00,observed,680.382314,680.382314,680.382314,680.382314
2025-12-25 15:00:00,observed,690.248297,690.248297,690.248297,690.248297
2025-12-25 16:00:00,observed,760.387597,760.387597,760.387597,760.387597
2025-12-25 17:00:00,observed,851.986803,851.986803,851.986803,851.986803
2025-12-25 18:00:00,observed,918.938894,918.938894,918.938894,918.938894
2025-12-25 19:00:00,observed,920.458443,920.458443,920.458443,920.458443
2025-12-25 20:00:00,observed,926.48412,926.48412,926.48412,926.48412
2025-12-25 21:00:00,observed,922.64629,922.64629,922.64629,922.64629
2025-12-25 22:00:00,observed,850.694198,850.694198,850.694198,850.694198
2025-12-25 23:00:00,observed,763.269013,763.269013,763.269013,763.269013
2025-12-26 00:00:00,observed,664.178504,664.178504,664.178504,664.178504
2025-12-26 01:00:00,observed,623.013805,623.013805,623.013805,623.013805
2025-12-26 02:00:00,observed,579.899809,579.899809,579.899809,579.899809
2025-12-26 03:00:00,observed,551.629184,551.629184,551.629184,551.629184
2025-12-26 04:00:00,observed,534.276379,534.276379,534.276379,534.276379
2025-12-26 05:00:00,observed,531.337761,531.337761,531.337761,531.337761
2025-12-26 06:00:00,observed,584.305338,584.305338,584.305338,584.305338
2025-12-26 07:00:00,observed,691.235375,691.235375,691.235375,691.235375
2025-12-26 08:00:00,observed,751.564944,751.564944,751.564944,751.564944
2025-12-26 09:00:00,observed,853.877648,853.877648,853.877648,853.877648
2025-12-26 10:00:00,observed,822.191734,822.191734,822.191734,822.191734
2025-12-26 11:00:00,observed,812.03468,812.03468,812.03468,812.03468
2025-12-26 12:00:00,observed,782.177907,782.177907,782.177907,782.177907
2025-12-26 13:00:00,observed,771.151105,771.151105,771.151105,771.151105
2025-12-26 14:00:00,observed,771.115485,771.115485,771.115485,771.115485
2025-12-26 15:00:00,observed,783.663571,783.663571,783.663571,783.663571
2025-12-26 16:00:00,observed,819.138539,819.138539,819.138539,819.138539
2025-12-26 17:00:00,observed,891.432902,891.432902,891.432902,891.432902
2025-12-26 18:00:00,observed,946.112306,946.112306,946.112306,946.112306
2025-12-26 19:00:00,observed,943.414274,943.414274,943.414274,943.414274
2025-12-26 20:00:00,observed,945.070689,945.070689,945.070689,945.070689
2025-12-26 21:00:00,observed,935.951953,935.951953,935.951953,935.951953
2025-12-26 22:00:00,observed,877.644528,877.644528,877.644528,877.644528
2025-12-26 23:00:00,observed,800.455178,800.455178,800.455178,800.455178
2025-12-27 00:00:00,observed,689.95802,689.95802,689.95802,689.95802
2025-12-27 01:00:00,observed,641.99255,641.99255,641.99255,641.99255
2025-12-27 02:00:00,observed,596.265744,596.265744,596.265744,596.265744
2025-12-27 03:00:00,observed,564.590159,564.590159,564.590159,564.590159
2025-12-27 04:00:00,observed,540.932162,540.932162,540.932162,540.932162
2025-12-27 05:00:00,observed,531.397676,531.397676,531.397676,531.397676
2025-12-27 06:00:00,observed,557.783763,557.783763,557.783763,557.783763
2025-12-27 07:00:00,observed,617.54527,617.54527,617.54527,617.54527
2025-12-27 08:00:00,observed,700.735722,700.735722,700.735722,700.735722
2025-12-27 09:00:00,observed,781.601972,781.601972,781.601972,781.601972
2025-12-27 10:00:00,observed,758.344202,758.344202,758.344202,758.344202
2025-12-27 11:00:00,observed,743.174808,743.174808,743.174808,743.174808
2025-12-27 12:00:00,observed,710.859607,710.859607,710.859607,710.859607
2025-12-27 13:00:00,observed,662.409104,662.409104,662.409104,662.409104
2025-12-27 14:00:00,observed,661.232638,661.232638,661.232638,661.232638
2025-12-27 15:00:00,observed,666.520418,666.520418,666.520418,666.520418
2025-12-27 16:00:00,observed,718.637979,718.637979,718.637979,718.637979
2025-12-27 17:00:00,observed,807.044999,807.044999,807.044999,807.044999
2025-12-27 18:00:00,observed,882.600255,882.600255,882.600255,882.600255
2025-12-27 19:00:00,observed,872.414109,872.414109,872.414109,872.414109
2025-12-27 20:00:00,observed,879.718955,879.718955,879.718955,879.718955
2025-12-27 21:00:00,observed,873.615909,873.615909,873.615909,873.615909
2025-12-27 22:00:00,observed,828.653301,828.653301,828.653301,828.653301
2025-12-27 23:00:00,observed,744.38067,744.38067,744.38067,744.38067
2025-12-28 00:00:00,observed,645.090667,645.090667,645.090667,645.090667
2025-12-28 01:00:00,observed,601.647276,601.647276,601.647276,601.647276
2025-12-28 02:00:00,observed,552.363285,552.363285,552.363285,552.363285
2025-12-28 03:00:00,observed,529.878307,529.878307,529.878307,529.878307
2025-12-28 04:00:00,observed,501.761558,501.761558,501.761558,501.761558
2025-12-28 05:00:00,observed,497.987524,497.987524,497.987524,497.987524
2025-12-28 06:00:00,observed,516.285317,516.285317,516.285317,516.285317
2025-12-28 07:00:00,observed,567.748561,567.748561,567.748561,567.748561
2025-12-28 08:00:00,observed,636.371689,636.371689,636.371689,636.371689
2025-12-28 09:00:00,observed,688.349853,688.349853,688.349853,688.349853
2025-12-28 10:00:00,observed,670.008134,670.008134,670.008134,670.008134
2025-12-28 11:00:00,observed,658.761285,658.761285,658.761285,658.761285
2025-12-28 12:00:00,observed,624.914938,624.914938,624.914938,624.914938
2025-12-28 13:00:00,observed,570.434247,570.434247,570.434247,570.434247
2025-12-28 14:00:00,observed,570.282414,570.282414,570.282414,570.282414
2025-12-28 15:00:00,observed,586.067247,586.067247,586.067247,586.067247
2025-12-28 16:00:00,observed,641.403866,641.403866,641.403866,641.403866
2025-12-28 17:00:00,observed,729.450286,729.450286,729.450286,729.450286
2025-12-28 18:00:00,observed,808.345978,808.345978,808.345978,808.345978
2025-12-28 19:00:00,observed,807.182795,807.182795,807.182795,807.182795
2025-12-28 20:00:00,observed,821.162977,821.162977,821.162977,821.162977
2025-12-28 21:00:00,observed,819.240694,819.240694,819.240694,819.240694
2025-12-28 22:00:00,observed,754.717304,754.717304,754.717304,754.717304
2025-12-28 23:00:00,observed,670.28804,670.28804,670.28804,670.28804
2025-12-29 00:00:00,observed,578.196625,578.196625,578.196625,578.196625
2025-12-29 01:00:00,observed,544.336745,544.336745,544.336745,544.336745
2025-12-29 02:00:00,observed,509.666267,509.666267,509.666267,509.666267
2025-12-29 03:00:00,observed,486.808885,486.808885,486.808885,486.808885
2025-12-29 04:00:00,observed,467.399784,467.399784,467.399784,467.399784
2025-12-29 05:00:00,observed,468.563383,468.563383,468.563383,468.563383
2025-12-29 06:00:00,observed,518.081773,518.081773,518.081773,518.081773
2025-12-29 07:00:00,observed,617.508282,617.508282,617.508282,617.508282
2025-12-29 08:00:00,observed,696.057854,696.057854,696.057854,696.057854
2025-12-29 09:00:00,observed,782.397003,782.397003,782.397003,782.397003
2025-12-29 10:00:00,observed,759.547654,759.547654,759.547654,759.547654
2025-12-29 11:00:00,observed,741.67186,741.67186,741.67186,741.67186
2025-12-29 12:00:00,observed,700.899089,700.899089,700.899089,700.899089
2025-12-29 13:00:00,observed,645.468548,645.468548,645.468548,645.468548
2025-12-29 14:00:00,observed,645.440577,645.440577,645.440577,645.440577
2025-12-29 15:00:00,observed,657.203964,657.203964,657.203964,657.203964
2025-12-29 16:00:00,observed,708.594201,708.594201,708.594201,708.594201
2025-12-29 17:00:00,observed,786.226182,786.226182,786.226182,786.226182
2025-12-29 18:00:00,observed,840.448275,840.448275,840.448275,840.448275
2025-12-29 19:00:00,observed,827.906317,827.906317,827.906317,827.906317
2025-12-29 20:00:00,observed,830.230703,830.230703,830.230703,830.230703
2025-12-29 21:00:00,observed,827.967461,827.967461,827.967461,827.967461
2025-12-29 22:00:00,observed,770.053999,770.053999,770.053999,770.053999
2025-12-29 23:00:00,observed,691.92221,691.92221,691.92221,691.92221
2025-12-30 00:00:00,observed,594.487533,594.487533,594.487533,594.487533
2025-12-30 01:00:00,observed,560.569677,560.569677,560.569677,560.569677
2025-12-30 02:00:00,observed,525.825134,525.825134,525.825134,525.825134
2025-12-30 03:00:00,observed,496.840531,496.840531,496.840531,496.840531
2025-12-30 04:00:00,observed,477.237382,477.237382,477.237382,477.237382
2025-12-30 05:00:00,observed,478.405266,478.405266,478.405266,478.405266
2025-12-30 06:00:00,observed,527.918711,527.918711,527.918711,527.918711
2025-12-30 07:00:00,observed,619.693618,619.693618,619.693618,619.693618
2025-12-30 08:00:00,observed,699.5905,699.5905,699.5905,699.5905
2025-12-30 09:00:00,observed,791.820454,791.820454,791.820454,791.820454
2025-12-30 10:00:00,observed,767.775918,767.775918,767.775918,767.775918
2025-12-30 11:00:00,observed,744.900098,744.900098,744.900098,744.900098
2025-12-30 12:00:00,observed,707.289198,707.289198,707.289198,707.289198
2025-12-30 13:00:00,observed,647.803162,647.803162,647.803162,647.803162
2025-12-30 14:00:00,observed,653.412259,653.412259,653.412259,653.412259
2025-12-30 15:00:00,observed,663.626028,663.626028,663.626028,663.626028
2025-12-30 16:00:00,observed,711.457785,711.457785,711.457785,711.457785
2025-12-30 17:00:00,observed,796.498124,796.498124,796.498124,796.498124
2025-12-30 18:00:00,observed,848.911117,848.911117,848.911117,848.911117
2025-12-30 19:00:00,observed,836.342099,836.342099,836.342099,836.342099
2025-12-30 20:00:00,observed,845.097997,845.097997,845.097997,845.097997
2025-12-30 21:00:00,observed,846.089116,846.089116,846.089116,846.089116
2025-12-30 22:00:00,observed,788.735705,788.735705,788.735705,788.735705
2025-12-30 23:00:00,observed,717.731898,717.731898,717.731898,717.731898
2025-12-31 00:00:00,observed,617.91367,617.91367,617.91367,617.91367
2025-12-31 01:00:00,observed,570.716205,570.716205,570.716205,570.716205
2025-12-31 02:00:00,observed,535.051658,535.051658,535.051658,535.051658
2025-12-31 03:00:00,observed,507.553025,507.553025,507.553025,507.553025
2025-12-31 04:00:00,observed,486.103905,486.103905,486.103905,486.103905
2025-12-31 05:00:00,observed,489.128808,489.128808,489.128808,489.128808
2025-12-31 06:00:00,observed,536.703795,536.703795,536.703795,536.703795
2025-12-31 07:00:00,observed,626.320294,626.320294,626.320294,626.320294
2025-12-31 08:00:00,observed,718.478345,718.478345,718.478345,718.478345
2025-12-31 09:00:00,observed,868.637284,868.637284,868.637284,868.637284
2025-12-31 10:00:00,observed,902.078151,902.078151,902.078151,902.078151
2025-12-31 11:00:00,observed,911.719338,911.719338,911.719338,911.719338
2025-12-31 12:00:00,observed,902.492009,902.492009,902.492009,902.492009
2025-12-31 13:00:00,observed,900.547289,900.547289,900.547289,900.547289
2025-12-31 14:00:00,observed,845.629597,845.629597,845.629597,845.629597
2025-12-31 15:00:00,observed,836.176736,836.176736,836.176736,836.176736
2025-12-31 16:00:00,observed,872.899744,872.899744,872.899744,872.899744
2025-12-31 17:00:00,observed,933.907853,933.907853,933.907853,933.907853
2025-12-31 18:00:00,observed,951.457956,951.457956,951.457956,951.457956
2025-12-31 19:00:00,observed,923.738738,923.738738,923.738738,923.738738
2025-12-31 20:00:00,observed,913.705615,913.705615,913.705615,913.705615
2025-12-31 21:00:00,observed,893.564923,893.564923,893.564923,893.564923
2025-12-31 22:00:00,observed,845.750817,845.750817,845.750817,845.750817
2025-12-31 23:00:00,observed,796.688321,796.688321,796.688321,796.688321
