scenario_id,scenario_family,study_region_id,voltage_kv,year,scheme,preferred_scheme_by_full_path_cost,source_load_ratio_2025_region_shared_proxy,source_ratio_scope,net_peak_mw,net_peak_growth_from_2021_fraction,net_peak_cagr_from_2021_fraction,transformer_cost_scale,storage_cost_scale,normalized_transformer_to_storage_price_scale,forward_h95_hours_2025_template,forward_h95_scenario_hours,h95_status,tie_transfer_limit_scale,forward_d95_duration_scale,reverse_peak_scale,simulated_capacity_mva,simulated_clr,storage_modules_in_service,forward_tie_transfer_mw,scheme_full_path_npv_10k_cny,cost_advantage_rigid_minus_elastic_10k_cny,matrix_status
base,reference,QX-00005,35,2022,rigid,elastic,0.797333,region_shared_2025_proxy_not_voltage_specific,124.717665,0.54429996,0.54429996,1.0,1.0,1.0,4,4,2025_template_simulation_not_target_year_observation,1.0,1.0,1.0,168.0,1.347042538,0,0,3544.92913424,1154.72164401,conditional_simulation_not_universal_empirical_recommendation
base,reference,QX-00005,35,2023,rigid,elastic,0.797333,region_shared_2025_proxy_not_voltage_specific,86.7,0.07355126,0.03612319,1.0,1.0,1.0,4,4,2025_template_simulation_not_target_year_observation,1.0,1.0,1.0,168.0,1.937716263,0,0,3544.92913424,1154.72164401,conditional_simulation_not_universal_empirical_recommendation
base,reference,QX-00005,35,2024,rigid,elastic,0.797333,region_shared_2025_proxy_not_voltage_specific,128.361542,0.58941979,0.16702333,1.0,1.0,1.0,4,4,2025_template_simulation_not_target_year_observation,1.0,1.0,1.0,178.0,1.386708178,19,0,3544.92913424,1154.72164401,conditional_simulation_not_universal_empirical_recommendation
base,reference,QX-00005,35,2025,rigid,elastic,0.797333,region_shared_2025_proxy_not_voltage_specific,147.57,0.82726597,0.16265387,1.0,1.0,1.0,4,4,2025_template_simulation_not_target_year_observation,1.0,1.0,1.0,224.0,1.517923697,34,0,3544.92913424,1154.72164401,conditional_simulation_not_universal_empirical_recommendation
base,reference,QX-00005,35,2022,elastic,elastic,0.797333,region_shared_2025_proxy_not_voltage_specific,124.717665,0.54429996,0.54429996,1.0,1.0,1.0,4,4,2025_template_simulation_not_target_year_observation,1.0,1.0,1.0,172.0,1.379114979,0,0,2390.20749023,1154.72164401,conditional_simulation_not_universal_empirical_recommendation
base,reference,QX-00005,35,2023,elastic,elastic,0.797333,region_shared_2025_proxy_not_voltage_specific,86.7,0.07355126,0.03612319,1.0,1.0,1.0,4,4,2025_template_simulation_not_target_year_observation,1.0,1.0,1.0,172.0,1.983852364,0,0,2390.20749023,1154.72164401,conditional_simulation_not_universal_empirical_recommendation
base,reference,QX-00005,35,2024,elastic,elastic,0.797333,region_shared_2025_proxy_not_voltage_specific,128.361542,0.58941979,0.16702333,1.0,1.0,1.0,4,4,2025_template_simulation_not_target_year_observation,1.0,1.0,1.0,213.0,1.659375516,0,0,2390.20749023,1154.72164401,conditional_simulation_not_universal_empirical_recommendation
base,reference,QX-00005,35,2025,elastic,elastic,0.797333,region_shared_2025_proxy_not_voltage_specific,147.57,0.82726597,0.16265387,1.0,1.0,1.0,4,4,2025_template_simulation_not_target_year_observation,1.0,1.0,1.0,235.0,1.592464593,10,0,2390.20749023,1154.72164401,conditional_simulation_not_universal_empirical_recommendation
base,reference,QX-00005,110,2022,rigid,elastic,0.797333,region_shared_2025_proxy_not_voltage_specific,825.004193,0.12740915,0.12740915,1.0,1.0,1.0,7,7,2025_template_simulation_not_target_year_observation,1.0,1.0,1.0,1472.0,1.784233356,0,0,4578.39360678,567.29533279,conditional_simulation_not_universal_empirical_recommendation
base,reference,QX-00005,110,2023,rigid,elastic,0.797333,region_shared_2025_proxy_not_voltage_specific,761.231803,0.04026102,0.01993187,1.0,1.0,1.0,7,7,2025_template_simulation_not_target_year_observation,1.0,1.0,1.0,1472.0,1.933707964,0,0,4578.39360678,567.29533279,conditional_simulation_not_universal_empirical_recommendation
base,reference,QX-00005,110,2024,rigid,elastic,0.797333,region_shared_2025_proxy_not_voltage_specific,862.661537,0.17886978,0.05638432,1.0,1.0,1.0,7,7,2025_template_simulation_not_target_year_observation,1.0,1.0,1.0,1472.0,1.706347086,6,0,4578.39360678,567.29533279,conditional_simulation_not_universal_empirical_recommendation
base,reference,QX-00005,110,2025,rigid,elastic,0.797333,region_shared_2025_proxy_not_voltage_specific,951.66,0.30049059,0.0678907,1.0,1.0,1.0,7,7,2025_template_simulation_not_target_year_observation,1.0,1.0,1.0,1526.5,1.604039258,6,4.496512,4578.39360678,567.29533279,conditional_simulation_not_universal_empirical_recommendation
base,reference,QX-00005,110,2022,elastic,elastic,0.797333,region_shared_2025_proxy_not_voltage_specific,825.004193,0.12740915,0.12740915,1.0,1.0,1.0,7,7,2025_template_simulation_not_target_year_observation,1.0,1.0,1.0,1499.5,1.81756652,0,0,4011.09827399,567.29533279,conditional_simulation_not_universal_empirical_recommendation
base,reference,QX-00005,110,2023,elastic,elastic,0.797333,region_shared_2025_proxy_not_voltage_specific,761.231803,0.04026102,0.01993187,1.0,1.0,1.0,7,7,2025_template_simulation_not_target_year_observation,1.0,1.0,1.0,1499.5,1.969833622,0,0,4011.09827399,567.29533279,conditional_simulation_not_universal_empirical_recommendation
base,reference,QX-00005,110,2024,elastic,elastic,0.797333,region_shared_2025_proxy_not_voltage_specific,862.661537,0.17886978,0.05638432,1.0,1.0,1.0,7,7,2025_template_simulation_not_target_year_observation,1.0,1.0,1.0,1499.5,1.738225174,0,0,4011.09827399,567.29533279,conditional_simulation_not_universal_empirical_recommendation
base,reference,QX-00005,110,2025,elastic,elastic,0.797333,region_shared_2025_proxy_not_voltage_specific,951.66,0.30049059,0.0678907,1.0,1.0,1.0,7,7,2025_template_simulation_not_target_year_observation,1.0,1.0,1.0,1545.5,1.624004371,0,0,4011.09827399,567.29533279,conditional_simulation_not_universal_empirical_recommendation
base,reference,QX-00007,110,2022,rigid,cost_tie,0.303297,region_shared_2025_proxy_not_voltage_specific,1224.839602,-0.01200192,-0.01200192,1.0,1.0,1.0,11,11,2025_template_simulation_not_target_year_observation,1.0,1.0,1.0,2442.0,1.993730441,0,0,2664.61017127,0.0,conditional_simulation_not_universal_empirical_recommendation
base,reference,QX-00007,110,2023,rigid,cost_tie,0.303297,region_shared_2025_proxy_not_voltage_specific,1318.771113,0.06376649,0.03139056,1.0,1.0,1.0,11,11,2025_template_simulation_not_target_year_observation,1.0,1.0,1.0,2475.0,1.876747205,0,0,2664.61017127,0.0,conditional_simulation_not_universal_empirical_recommendation
base,reference,QX-00007,110,2024,rigid,cost_tie,0.303297,region_shared_2025_proxy_not_voltage_specific,1239.403553,-0.00025413,-8.472e-05,1.0,1.0,1.0,11,11,2025_template_simulation_not_target_year_observation,1.0,1.0,1.0,2475.0,1.996928276,0,0,2664.61017127,0.0,conditional_simulation_not_universal_empirical_recommendation
base,reference,QX-00007,110,2025,rigid,cost_tie,0.303297,region_shared_2025_proxy_not_voltage_specific,1307.315366,0.05452589,0.01336129,1.0,1.0,1.0,11,11,2025_template_simulation_not_target_year_observation,1.0,1.0,1.0,2475.0,1.893192771,0,0,2664.61017127,0.0,conditional_simulation_not_universal_empirical_recommendation
base,reference,QX-00007,110,2022,elastic,cost_tie,0.303297,region_shared_2025_proxy_not_voltage_specific,1224.839602,-0.01200192,-0.01200192,1.0,1.0,1.0,11,11,2025_template_simulation_not_target_year_observation,1.0,1.0,1.0,2442.0,1.993730441,0,0,2664.61017127,0.0,conditional_simulation_not_universal_empirical_recommendation
base,reference,QX-00007,110,2023,elastic,cost_tie,0.303297,region_shared_2025_proxy_not_voltage_specific,1318.771113,0.06376649,0.03139056,1.0,1.0,1.0,11,11,2025_template_simulation_not_target_year_observation,1.0,1.0,1.0,2475.0,1.876747205,0,0,2664.61017127,0.0,conditional_simulation_not_universal_empirical_recommendation
base,reference,QX-00007,110,2024,elastic,cost_tie,0.303297,region_shared_2025_proxy_not_voltage_specific,1239.403553,-0.00025413,-8.472e-05,1.0,1.0,1.0,11,11,2025_template_simulation_not_target_year_observation,1.0,1.0,1.0,2475.0,1.996928276,0,0,2664.61017127,0.0,conditional_simulation_not_universal_empirical_recommendation
base,reference,QX-00007,110,2025,elastic,cost_tie,0.303297,region_shared_2025_proxy_not_voltage_specific,1307.315366,0.05452589,0.01336129,1.0,1.0,1.0,11,11,2025_template_simulation_not_target_year_observation,1.0,1.0,1.0,2475.0,1.893192771,0,0,2664.61017127,0.0,conditional_simulation_not_universal_empirical_recommendation
forward_growth_minus10pct,net_forward_growth_stress,QX-00005,35,2022,elastic,elastic_only_feasible,0.797333,region_shared_2025_proxy_not_voltage_specific,121.599723375,0.50569246,0.50569246,1.0,1.0,1.0,4,4,2025_template_simulation_not_target_year_observation,1.0,1.0,1.0,172.0,1.414476902,0,0,1855.72096911,,conditional_simulation_not_universal_empirical_recommendation
forward_growth_minus10pct,net_forward_growth_stress,QX-00005,35,2023,elastic,elastic_only_feasible,0.797333,region_shared_2025_proxy_not_voltage_specific,82.365,0.0198737,0.00988796,1.0,1.0,1.0,4,4,2025_template_simulation_not_target_year_observation,1.0,1.0,1.0,172.0,2.088265647,0,0,1855.72096911,,conditional_simulation_not_universal_empirical_recommendation
forward_growth_minus10pct,net_forward_growth_stress,QX-00005,35,2024,elastic,elastic_only_feasible,0.797333,region_shared_2025_proxy_not_voltage_specific,118.73442634999999,0.4702133,0.13708636,1.0,1.0,1.0,4,4,2025_template_simulation_not_target_year_observation,1.0,1.0,1.0,204.0,1.718120062,0,0,1855.72096911,,conditional_simulation_not_universal_empirical_recommendation
forward_growth_minus10pct,net_forward_growth_stress,QX-00005,35,2025,elastic,elastic_only_feasible,0.797333,region_shared_2025_proxy_not_voltage_specific,132.813,0.64453938,0.13242923,1.0,1.0,1.0,4,4,2025_template_simulation_not_target_year_observation,1.0,1.0,1.0,215.0,1.618817435,10,0,1855.72096911,,conditional_simulation_not_universal_empirical_recommendation
forward_growth_minus10pct,net_forward_growth_stress,QX-00005,110,2022,elastic,elastic_only_feasible,0.797333,region_shared_2025_proxy_not_voltage_specific,804.379088175,0.09922392,0.09922392,1.0,1.0,1.0,7,7,2025_template_simulation_not_target_year_observation,1.0,1.0,1.0,1472.0,1.829982929,0,0,2544.93591814,,conditional_simulation_not_universal_empirical_recommendation
forward_growth_minus10pct,net_forward_growth_stress,QX-00005,110,2023,elastic,elastic_only_feasible,0.797333,region_shared_2025_proxy_not_voltage_specific,723.17021285,-0.01175204,-0.00589338,1.0,1.0,1.0,7,7,2025_template_simulation_not_target_year_observation,1.0,1.0,1.0,1472.0,2.035482067,0,0,2544.93591814,,conditional_simulation_not_universal_empirical_recommendation
forward_growth_minus10pct,net_forward_growth_stress,QX-00005,110,2024,elastic,elastic_only_feasible,0.797333,region_shared_2025_proxy_not_voltage_specific,797.961921725,0.09045454,0.0292855,1.0,1.0,1.0,7,7,2025_template_simulation_not_target_year_observation,1.0,1.0,1.0,1472.0,1.844699553,0,0,2544.93591814,,conditional_simulation_not_universal_empirical_recommendation
forward_growth_minus10pct,net_forward_growth_stress,QX-00005,110,2025,elastic,elastic_only_feasible,0.797333,region_shared_2025_proxy_not_voltage_specific,856.494,0.17044153,0.04012954,1.0,1.0,1.0,7,7,2025_template_simulation_not_target_year_observation,1.0,1.0,1.0,1495.0,1.745488001,2,0,2544.93591814,,conditional_simulation_not_universal_empirical_recommendation
forward_growth_minus10pct,net_forward_growth_stress,QX-00007,110,2022,elastic,elastic_only_feasible,0.303297,region_shared_2025_proxy_not_voltage_specific,1194.21861195,-0.03670187,-0.03670187,1.0,1.0,1.0,11,11,2025_template_simulation_not_target_year_observation,1.0,1.0,1.0,2442.0,2.044851734,0,0,113.84416487,,conditional_simulation_not_universal_empirical_recommendation
forward_growth_minus10pct,net_forward_growth_stress,QX-00007,110,2023,elastic,elastic_only_feasible,0.303297,region_shared_2025_proxy_not_voltage_specific,1252.83255735,0.01057817,0.00527517,1.0,1.0,1.0,11,11,2025_template_simulation_not_target_year_observation,1.0,1.0,1.0,2442.0,1.949183062,3,0,113.84416487,,conditional_simulation_not_universal_empirical_recommendation
forward_growth_minus10pct,net_forward_growth_stress,QX-00007,110,2024,elastic,elastic_only_feasible,0.303297,region_shared_2025_proxy_not_voltage_specific,1146.4482865250002,-0.07523507,-0.02573496,1.0,1.0,1.0,11,11,2025_template_simulation_not_target_year_observation,1.0,1.0,1.0,2442.0,2.130056827,3,0,113.84416487,,conditional_simulation_not_universal_empirical_recommendation
forward_growth_minus10pct,net_forward_growth_stress,QX-00007,110,2025,elastic,elastic_only_feasible,0.303297,region_shared_2025_proxy_not_voltage_specific,1176.5838294,-0.0509267,-0.0129823,1.0,1.0,1.0,11,11,2025_template_simulation_not_target_year_observation,1.0,1.0,1.0,2442.0,2.075500223,3,0,113.84416487,,conditional_simulation_not_universal_empirical_recommendation
forward_growth_plus10pct,net_forward_growth_stress,QX-00005,35,2022,rigid,elastic,0.797333,region_shared_2025_proxy_not_voltage_specific,127.83560662499998,0.58290746,0.58290746,1.0,1.0,1.0,4,4,2025_template_simulation_not_target_year_observation,1.0,1.0,1.0,168.0,1.314187842,8,0,4752.44827574,2276.88483483,conditional_simulation_not_universal_empirical_recommendation
forward_growth_plus10pct,net_forward_growth_stress,QX-00005,35,2023,rigid,elastic,0.797333,region_shared_2025_proxy_not_voltage_specific,91.03500000000001,0.12722883,0.06171033,1.0,1.0,1.0,4,4,2025_template_simulation_not_target_year_observation,1.0,1.0,1.0,168.0,1.84544406,8,0,4752.44827574,2276.88483483,conditional_simulation_not_universal_empirical_recommendation
forward_growth_plus10pct,net_forward_growth_stress,QX-00005,35,2024,rigid,elastic,0.797333,region_shared_2025_proxy_not_voltage_specific,137.98865764999996,0.70862627,0.19549848,1.0,1.0,1.0,4,4,2025_template_simulation_not_target_year_observation,1.0,1.0,1.0,182.0,1.318948985,32,0,4752.44827574,2276.88483483,conditional_simulation_not_universal_empirical_recommendation
forward_growth_plus10pct,net_forward_growth_stress,QX-00005,35,2025,rigid,elastic,0.797333,region_shared_2025_proxy_not_voltage_specific,162.327,1.00999257,0.19068974,1.0,1.0,1.0,4,4,2025_template_simulation_not_target_year_observation,1.0,1.0,1.0,232.0,1.429213871,49,0,4752.44827574,2276.88483483,conditional_simulation_not_universal_empirical_recommendation
forward_growth_plus10pct,net_forward_growth_stress,QX-00005,35,2022,elastic,elastic,0.797333,region_shared_2025_proxy_not_voltage_specific,127.83560662499998,0.58290746,0.58290746,1.0,1.0,1.0,4,4,2025_template_simulation_not_target_year_observation,1.0,1.0,1.0,186.0,1.454993682,0,0,2475.56344091,2276.88483483,conditional_simulation_not_universal_empirical_recommendation
forward_growth_plus10pct,net_forward_growth_stress,QX-00005,35,2023,elastic,elastic,0.797333,region_shared_2025_proxy_not_voltage_specific,91.03500000000001,0.12722883,0.06171033,1.0,1.0,1.0,4,4,2025_template_simulation_not_target_year_observation,1.0,1.0,1.0,186.0,2.043170209,0,0,2475.56344091,2276.88483483,conditional_simulation_not_universal_empirical_recommendation
forward_growth_plus10pct,net_forward_growth_stress,QX-00005,35,2024,elastic,elastic,0.797333,region_shared_2025_proxy_not_voltage_specific,137.98865764999996,0.70862627,0.19549848,1.0,1.0,1.0,4,4,2025_template_simulation_not_target_year_observation,1.0,1.0,1.0,234.0,1.695791553,0,0,2475.56344091,2276.88483483,conditional_simulation_not_universal_empirical_recommendation
forward_growth_plus10pct,net_forward_growth_stress,QX-00005,35,2025,elastic,elastic,0.797333,region_shared_2025_proxy_not_voltage_specific,162.327,1.00999257,0.19068974,1.0,1.0,1.0,4,4,2025_template_simulation_not_target_year_observation,1.0,1.0,1.0,240.0,1.478497108,8,0,2475.56344091,2276.88483483,conditional_simulation_not_universal_empirical_recommendation
forward_growth_plus10pct,net_forward_growth_stress,QX-00005,110,2022,rigid,elastic,0.797333,region_shared_2025_proxy_not_voltage_specific,845.6292978249999,0.15559438,0.15559438,1.0,1.0,1.0,7,7,2025_template_simulation_not_target_year_observation,1.0,1.0,1.0,1472.0,1.740715469,0,0,7668.54174992,2459.41141246,conditional_simulation_not_universal_empirical_recommendation
forward_growth_plus10pct,net_forward_growth_stress,QX-00005,110,2023,rigid,elastic,0.797333,region_shared_2025_proxy_not_voltage_specific,799.29339315,0.09227407,0.04511916,1.0,1.0,1.0,7,7,2025_template_simulation_not_target_year_observation,1.0,1.0,1.0,1472.0,1.841626632,0,0,7668.54174992,2459.41141246,conditional_simulation_not_universal_empirical_recommendation
forward_growth_plus10pct,net_forward_growth_stress,QX-00005,110,2024,rigid,elastic,0.797333,region_shared_2025_proxy_not_voltage_specific,927.3611522749999,0.26728501,0.08215989,1.0,1.0,1.0,7,7,2025_template_simulation_not_target_year_observation,1.0,1.0,1.0,1492.0,1.608866186,8,0,7668.54174992,2459.41141246,conditional_simulation_not_universal_empirical_recommendation
forward_growth_plus10pct,net_forward_growth_stress,QX-00005,110,2025,rigid,elastic,0.797333,region_shared_2025_proxy_not_voltage_specific,1046.826,0.43053965,0.09364148,1.0,1.0,1.0,7,7,2025_template_simulation_not_target_year_observation,1.0,1.0,1.0,1568.0,1.497861154,8,4.496512,7668.54174992,2459.41141246,conditional_simulation_not_universal_empirical_recommendation
forward_growth_plus10pct,net_forward_growth_stress,QX-00005,110,2022,elastic,elastic,0.797333,region_shared_2025_proxy_not_voltage_specific,845.6292978249999,0.15559438,0.15559438,1.0,1.0,1.0,7,7,2025_template_simulation_not_target_year_observation,1.0,1.0,1.0,1533.5,1.813442372,0,0,5209.13033746,2459.41141246,conditional_simulation_not_universal_empirical_recommendation
forward_growth_plus10pct,net_forward_growth_stress,QX-00005,110,2023,elastic,elastic,0.797333,region_shared_2025_proxy_not_voltage_specific,799.29339315,0.09227407,0.04511916,1.0,1.0,1.0,7,7,2025_template_simulation_not_target_year_observation,1.0,1.0,1.0,1533.5,1.918569593,0,0,5209.13033746,2459.41141246,conditional_simulation_not_universal_empirical_recommendation
forward_growth_plus10pct,net_forward_growth_stress,QX-00005,110,2024,elastic,elastic,0.797333,region_shared_2025_proxy_not_voltage_specific,927.3611522749999,0.26728501,0.08215989,1.0,1.0,1.0,7,7,2025_template_simulation_not_target_year_observation,1.0,1.0,1.0,1545.0,1.666017599,0,0,5209.13033746,2459.41141246,conditional_simulation_not_universal_empirical_recommendation
forward_growth_plus10pct,net_forward_growth_stress,QX-00005,110,2025,elastic,elastic,0.797333,region_shared_2025_proxy_not_voltage_specific,1046.826,0.43053965,0.09364148,1.0,1.0,1.0,7,7,2025_template_simulation_not_target_year_observation,1.0,1.0,1.0,1588.0,1.516966525,0,0,5209.13033746,2459.41141246,conditional_simulation_not_universal_empirical_recommendation
forward_growth_plus10pct,net_forward_growth_stress,QX-00007,110,2022,rigid,elastic,0.303297,region_shared_2025_proxy_not_voltage_specific,1255.4605920499998,0.01269803,0.01269803,1.0,1.0,1.0,11,11,2025_template_simulation_not_target_year_observation,1.0,1.0,1.0,2442.0,1.945102869,5,0,8083.15491974,658.38717402,conditional_simulation_not_universal_empirical_recommendation
forward_growth_plus10pct,net_forward_growth_stress,QX-00007,110,2023,rigid,elastic,0.303297,region_shared_2025_proxy_not_voltage_specific,1384.7096686500001,0.11695482,0.05686083,1.0,1.0,1.0,11,11,2025_template_simulation_not_target_year_observation,1.0,1.0,1.0,2512.0,1.814098693,8,0,8083.15491974,658.38717402,conditional_simulation_not_universal_empirical_recommendation
forward_growth_plus10pct,net_forward_growth_stress,QX-00007,110,2024,rigid,elastic,0.303297,region_shared_2025_proxy_not_voltage_specific,1332.358819475,0.07472681,0.02431302,1.0,1.0,1.0,11,11,2025_template_simulation_not_target_year_observation,1.0,1.0,1.0,2512.0,1.885377995,8,0,8083.15491974,658.38717402,conditional_simulation_not_universal_empirical_recommendation
forward_growth_plus10pct,net_forward_growth_stress,QX-00007,110,2025,rigid,elastic,0.303297,region_shared_2025_proxy_not_voltage_specific,1438.0469026,0.15997848,0.03779717,1.0,1.0,1.0,11,11,2025_template_simulation_not_target_year_observation,1.0,1.0,1.0,2542.0,1.767675307,8,0,8083.15491974,658.38717402,conditional_simulation_not_universal_empirical_recommendation
forward_growth_plus10pct,net_forward_growth_stress,QX-00007,110,2022,elastic,elastic,0.303297,region_shared_2025_proxy_not_voltage_specific,1255.4605920499998,0.01269803,0.01269803,1.0,1.0,1.0,11,11,2025_template_simulation_not_target_year_observation,1.0,1.0,1.0,2465.0,1.963422839,0,0,7424.76774572,658.38717402,conditional_simulation_not_universal_empirical_recommendation
forward_growth_plus10pct,net_forward_growth_stress,QX-00007,110,2023,elastic,elastic,0.303297,region_shared_2025_proxy_not_voltage_specific,1384.7096686500001,0.11695482,0.05686083,1.0,1.0,1.0,11,11,2025_template_simulation_not_target_year_observation,1.0,1.0,1.0,2535.0,1.830708673,0,0,7424.76774572,658.38717402,conditional_simulation_not_universal_empirical_recommendation
forward_growth_plus10pct,net_forward_growth_stress,QX-00007,110,2024,elastic,elastic,0.303297,region_shared_2025_proxy_not_voltage_specific,1332.358819475,0.07472681,0.02431302,1.0,1.0,1.0,11,11,2025_template_simulation_not_target_year_observation,1.0,1.0,1.0,2535.0,1.902640612,0,0,7424.76774572,658.38717402,conditional_simulation_not_universal_empirical_recommendation
forward_growth_plus10pct,net_forward_growth_stress,QX-00007,110,2025,elastic,elastic,0.303297,region_shared_2025_proxy_not_voltage_specific,1438.0469026,0.15997848,0.03779717,1.0,1.0,1.0,11,11,2025_template_simulation_not_target_year_observation,1.0,1.0,1.0,2545.0,1.76976147,0,0,7424.76774572,658.38717402,conditional_simulation_not_universal_empirical_recommendation
transformer_price_70pct,price_stress,QX-00005,35,2022,rigid,elastic,0.797333,region_shared_2025_proxy_not_voltage_specific,124.717665,0.54429996,0.54429996,0.7,1.0,0.7,4,4,2025_template_simulation_not_target_year_observation,1.0,1.0,1.0,168.0,1.347042538,0,0,2817.80381062,1061.45190824,conditional_simulation_not_universal_empirical_recommendation
transformer_price_70pct,price_stress,QX-00005,35,2023,rigid,elastic,0.797333,region_shared_2025_proxy_not_voltage_specific,86.7,0.07355126,0.03612319,0.7,1.0,0.7,4,4,2025_template_simulation_not_target_year_observation,1.0,1.0,1.0,168.0,1.937716263,0,0,2817.80381062,1061.45190824,conditional_simulation_not_universal_empirical_recommendation
transformer_price_70pct,price_stress,QX-00005,35,2024,rigid,elastic,0.797333,region_shared_2025_proxy_not_voltage_specific,128.361542,0.58941979,0.16702333,0.7,1.0,0.7,4,4,2025_template_simulation_not_target_year_observation,1.0,1.0,1.0,178.0,1.386708178,19,0,2817.80381062,1061.45190824,conditional_simulation_not_universal_empirical_recommendation
transformer_price_70pct,price_stress,QX-00005,35,2025,rigid,elastic,0.797333,region_shared_2025_proxy_not_voltage_specific,147.57,0.82726597,0.16265387,0.7,1.0,0.7,4,4,2025_template_simulation_not_target_year_observation,1.0,1.0,1.0,224.0,1.517923697,34,0,2817.80381062,1061.45190824,conditional_simulation_not_universal_empirical_recommendation
transformer_price_70pct,price_stress,QX-00005,35,2022,elastic,elastic,0.797333,region_shared_2025_proxy_not_voltage_specific,124.717665,0.54429996,0.54429996,0.7,1.0,0.7,4,4,2025_template_simulation_not_target_year_observation,1.0,1.0,1.0,177.0,1.419205531,0,0,1756.35190238,1061.45190824,conditional_simulation_not_universal_empirical_recommendation
transformer_price_70pct,price_stress,QX-00005,35,2023,elastic,elastic,0.797333,region_shared_2025_proxy_not_voltage_specific,86.7,0.07355126,0.03612319,0.7,1.0,0.7,4,4,2025_template_simulation_not_target_year_observation,1.0,1.0,1.0,177.0,2.041522491,0,0,1756.35190238,1061.45190824,conditional_simulation_not_universal_empirical_recommendation
transformer_price_70pct,price_stress,QX-00005,35,2024,elastic,elastic,0.797333,region_shared_2025_proxy_not_voltage_specific,128.361542,0.58941979,0.16702333,0.7,1.0,0.7,4,4,2025_template_simulation_not_target_year_observation,1.0,1.0,1.0,218.0,1.698327993,0,0,1756.35190238,1061.45190824,conditional_simulation_not_universal_empirical_recommendation
transformer_price_70pct,price_stress,QX-00005,35,2025,elastic,elastic,0.797333,region_shared_2025_proxy_not_voltage_specific,147.57,0.82726597,0.16265387,0.7,1.0,0.7,4,4,2025_template_simulation_not_target_year_observation,1.0,1.0,1.0,242.0,1.639899709,5,0,1756.35190238,1061.45190824,conditional_simulation_not_universal_empirical_recommendation
transformer_price_70pct,price_stress,QX-00005,110,2022,rigid,elastic,0.797333,region_shared_2025_proxy_not_voltage_specific,825.004193,0.12740915,0.12740915,0.7,1.0,0.7,7,7,2025_template_simulation_not_target_year_observation,1.0,1.0,1.0,1472.0,1.784233356,0,0,3265.73033445,457.96154266,conditional_simulation_not_universal_empirical_recommendation
transformer_price_70pct,price_stress,QX-00005,110,2023,rigid,elastic,0.797333,region_shared_2025_proxy_not_voltage_specific,761.231803,0.04026102,0.01993187,0.7,1.0,0.7,7,7,2025_template_simulation_not_target_year_observation,1.0,1.0,1.0,1472.0,1.933707964,0,0,3265.73033445,457.96154266,conditional_simulation_not_universal_empirical_recommendation
transformer_price_70pct,price_stress,QX-00005,110,2024,rigid,elastic,0.797333,region_shared_2025_proxy_not_voltage_specific,862.661537,0.17886978,0.05638432,0.7,1.0,0.7,7,7,2025_template_simulation_not_target_year_observation,1.0,1.0,1.0,1472.0,1.706347086,6,0,3265.73033445,457.96154266,conditional_simulation_not_universal_empirical_recommendation
transformer_price_70pct,price_stress,QX-00005,110,2025,rigid,elastic,0.797333,region_shared_2025_proxy_not_voltage_specific,951.66,0.30049059,0.0678907,0.7,1.0,0.7,7,7,2025_template_simulation_not_target_year_observation,1.0,1.0,1.0,1526.5,1.604039258,6,4.496512,3265.73033445,457.96154266,conditional_simulation_not_universal_empirical_recommendation
transformer_price_70pct,price_stress,QX-00005,110,2022,elastic,elastic,0.797333,region_shared_2025_proxy_not_voltage_specific,825.004193,0.12740915,0.12740915,0.7,1.0,0.7,7,7,2025_template_simulation_not_target_year_observation,1.0,1.0,1.0,1499.5,1.81756652,0,0,2807.76879179,457.96154266,conditional_simulation_not_universal_empirical_recommendation
transformer_price_70pct,price_stress,QX-00005,110,2023,elastic,elastic,0.797333,region_shared_2025_proxy_not_voltage_specific,761.231803,0.04026102,0.01993187,0.7,1.0,0.7,7,7,2025_template_simulation_not_target_year_observation,1.0,1.0,1.0,1499.5,1.969833622,0,0,2807.76879179,457.96154266,conditional_simulation_not_universal_empirical_recommendation
transformer_price_70pct,price_stress,QX-00005,110,2024,elastic,elastic,0.797333,region_shared_2025_proxy_not_voltage_specific,862.661537,0.17886978,0.05638432,0.7,1.0,0.7,7,7,2025_template_simulation_not_target_year_observation,1.0,1.0,1.0,1499.5,1.738225174,0,0,2807.76879179,457.96154266,conditional_simulation_not_universal_empirical_recommendation
transformer_price_70pct,price_stress,QX-00005,110,2025,elastic,elastic,0.797333,region_shared_2025_proxy_not_voltage_specific,951.66,0.30049059,0.0678907,0.7,1.0,0.7,7,7,2025_template_simulation_not_target_year_observation,1.0,1.0,1.0,1545.5,1.624004371,0,0,2807.76879179,457.96154266,conditional_simulation_not_universal_empirical_recommendation
transformer_price_70pct,price_stress,QX-00007,110,2022,rigid,cost_tie,0.303297,region_shared_2025_proxy_not_voltage_specific,1224.839602,-0.01200192,-0.01200192,0.7,1.0,0.7,11,11,2025_template_simulation_not_target_year_observation,1.0,1.0,1.0,2442.0,1.993730441,0,0,1865.22711989,0.0,conditional_simulation_not_universal_empirical_recommendation
transformer_price_70pct,price_stress,QX-00007,110,2023,rigid,cost_tie,0.303297,region_shared_2025_proxy_not_voltage_specific,1318.771113,0.06376649,0.03139056,0.7,1.0,0.7,11,11,2025_template_simulation_not_target_year_observation,1.0,1.0,1.0,2475.0,1.876747205,0,0,1865.22711989,0.0,conditional_simulation_not_universal_empirical_recommendation
transformer_price_70pct,price_stress,QX-00007,110,2024,rigid,cost_tie,0.303297,region_shared_2025_proxy_not_voltage_specific,1239.403553,-0.00025413,-8.472e-05,0.7,1.0,0.7,11,11,2025_template_simulation_not_target_year_observation,1.0,1.0,1.0,2475.0,1.996928276,0,0,1865.22711989,0.0,conditional_simulation_not_universal_empirical_recommendation
transformer_price_70pct,price_stress,QX-00007,110,2025,rigid,cost_tie,0.303297,region_shared_2025_proxy_not_voltage_specific,1307.315366,0.05452589,0.01336129,0.7,1.0,0.7,11,11,2025_template_simulation_not_target_year_observation,1.0,1.0,1.0,2475.0,1.893192771,0,0,1865.22711989,0.0,conditional_simulation_not_universal_empirical_recommendation
transformer_price_70pct,price_stress,QX-00007,110,2022,elastic,cost_tie,0.303297,region_shared_2025_proxy_not_voltage_specific,1224.839602,-0.01200192,-0.01200192,0.7,1.0,0.7,11,11,2025_template_simulation_not_target_year_observation,1.0,1.0,1.0,2442.0,1.993730441,0,0,1865.22711989,0.0,conditional_simulation_not_universal_empirical_recommendation
transformer_price_70pct,price_stress,QX-00007,110,2023,elastic,cost_tie,0.303297,region_shared_2025_proxy_not_voltage_specific,1318.771113,0.06376649,0.03139056,0.7,1.0,0.7,11,11,2025_template_simulation_not_target_year_observation,1.0,1.0,1.0,2475.0,1.876747205,0,0,1865.22711989,0.0,conditional_simulation_not_universal_empirical_recommendation
transformer_price_70pct,price_stress,QX-00007,110,2024,elastic,cost_tie,0.303297,region_shared_2025_proxy_not_voltage_specific,1239.403553,-0.00025413,-8.472e-05,0.7,1.0,0.7,11,11,2025_template_simulation_not_target_year_observation,1.0,1.0,1.0,2475.0,1.996928276,0,0,1865.22711989,0.0,conditional_simulation_not_universal_empirical_recommendation
transformer_price_70pct,price_stress,QX-00007,110,2025,elastic,cost_tie,0.303297,region_shared_2025_proxy_not_voltage_specific,1307.315366,0.05452589,0.01336129,0.7,1.0,0.7,11,11,2025_template_simulation_not_target_year_observation,1.0,1.0,1.0,2475.0,1.893192771,0,0,1865.22711989,0.0,conditional_simulation_not_universal_empirical_recommendation
transformer_price_150pct,price_stress,QX-00005,35,2022,rigid,elastic,0.797333,region_shared_2025_proxy_not_voltage_specific,124.717665,0.54429996,0.54429996,1.5,1.0,1.5,4,4,2025_template_simulation_not_target_year_observation,1.0,1.0,1.0,168.0,1.347042538,0,0,4756.80467361,1341.78120603,conditional_simulation_not_universal_empirical_recommendation
transformer_price_150pct,price_stress,QX-00005,35,2023,rigid,elastic,0.797333,region_shared_2025_proxy_not_voltage_specific,86.7,0.07355126,0.03612319,1.5,1.0,1.5,4,4,2025_template_simulation_not_target_year_observation,1.0,1.0,1.0,168.0,1.937716263,0,0,4756.80467361,1341.78120603,conditional_simulation_not_universal_empirical_recommendation
transformer_price_150pct,price_stress,QX-00005,35,2024,rigid,elastic,0.797333,region_shared_2025_proxy_not_voltage_specific,128.361542,0.58941979,0.16702333,1.5,1.0,1.5,4,4,2025_template_simulation_not_target_year_observation,1.0,1.0,1.0,178.0,1.386708178,19,0,4756.80467361,1341.78120603,conditional_simulation_not_universal_empirical_recommendation
transformer_price_150pct,price_stress,QX-00005,35,2025,rigid,elastic,0.797333,region_shared_2025_proxy_not_voltage_specific,147.57,0.82726597,0.16265387,1.5,1.0,1.5,4,4,2025_template_simulation_not_target_year_observation,1.0,1.0,1.0,224.0,1.517923697,34,0,4756.80467361,1341.78120603,conditional_simulation_not_universal_empirical_recommendation
transformer_price_150pct,price_stress,QX-00005,35,2022,elastic,elastic,0.797333,region_shared_2025_proxy_not_voltage_specific,124.717665,0.54429996,0.54429996,1.5,1.0,1.5,4,4,2025_template_simulation_not_target_year_observation,1.0,1.0,1.0,172.0,1.379114979,0,0,3415.02346758,1341.78120603,conditional_simulation_not_universal_empirical_recommendation
transformer_price_150pct,price_stress,QX-00005,35,2023,elastic,elastic,0.797333,region_shared_2025_proxy_not_voltage_specific,86.7,0.07355126,0.03612319,1.5,1.0,1.5,4,4,2025_template_simulation_not_target_year_observation,1.0,1.0,1.0,172.0,1.983852364,0,0,3415.02346758,1341.78120603,conditional_simulation_not_universal_empirical_recommendation
transformer_price_150pct,price_stress,QX-00005,35,2024,elastic,elastic,0.797333,region_shared_2025_proxy_not_voltage_specific,128.361542,0.58941979,0.16702333,1.5,1.0,1.5,4,4,2025_template_simulation_not_target_year_observation,1.0,1.0,1.0,213.0,1.659375516,0,0,3415.02346758,1341.78120603,conditional_simulation_not_universal_empirical_recommendation
transformer_price_150pct,price_stress,QX-00005,35,2025,elastic,elastic,0.797333,region_shared_2025_proxy_not_voltage_specific,147.57,0.82726597,0.16265387,1.5,1.0,1.5,4,4,2025_template_simulation_not_target_year_observation,1.0,1.0,1.0,235.0,1.592464593,10,0,3415.02346758,1341.78120603,conditional_simulation_not_universal_empirical_recommendation
transformer_price_150pct,price_stress,QX-00005,110,2022,rigid,elastic,0.797333,region_shared_2025_proxy_not_voltage_specific,825.004193,0.12740915,0.12740915,1.5,1.0,1.5,7,7,2025_template_simulation_not_target_year_observation,1.0,1.0,1.0,1472.0,1.784233356,0,0,6766.16572732,749.51831633,conditional_simulation_not_universal_empirical_recommendation
transformer_price_150pct,price_stress,QX-00005,110,2023,rigid,elastic,0.797333,region_shared_2025_proxy_not_voltage_specific,761.231803,0.04026102,0.01993187,1.5,1.0,1.5,7,7,2025_template_simulation_not_target_year_observation,1.0,1.0,1.0,1472.0,1.933707964,0,0,6766.16572732,749.51831633,conditional_simulation_not_universal_empirical_recommendation
transformer_price_150pct,price_stress,QX-00005,110,2024,rigid,elastic,0.797333,region_shared_2025_proxy_not_voltage_specific,862.661537,0.17886978,0.05638432,1.5,1.0,1.5,7,7,2025_template_simulation_not_target_year_observation,1.0,1.0,1.0,1472.0,1.706347086,6,0,6766.16572732,749.51831633,conditional_simulation_not_universal_empirical_recommendation
transformer_price_150pct,price_stress,QX-00005,110,2025,rigid,elastic,0.797333,region_shared_2025_proxy_not_voltage_specific,951.66,0.30049059,0.0678907,1.5,1.0,1.5,7,7,2025_template_simulation_not_target_year_observation,1.0,1.0,1.0,1526.5,1.604039258,6,4.496512,6766.16572732,749.51831633,conditional_simulation_not_universal_empirical_recommendation
transformer_price_150pct,price_stress,QX-00005,110,2022,elastic,elastic,0.797333,region_shared_2025_proxy_not_voltage_specific,825.004193,0.12740915,0.12740915,1.5,1.0,1.5,7,7,2025_template_simulation_not_target_year_observation,1.0,1.0,1.0,1499.5,1.81756652,0,0,6016.64741099,749.51831633,conditional_simulation_not_universal_empirical_recommendation
transformer_price_150pct,price_stress,QX-00005,110,2023,elastic,elastic,0.797333,region_shared_2025_proxy_not_voltage_specific,761.231803,0.04026102,0.01993187,1.5,1.0,1.5,7,7,2025_template_simulation_not_target_year_observation,1.0,1.0,1.0,1499.5,1.969833622,0,0,6016.64741099,749.51831633,conditional_simulation_not_universal_empirical_recommendation
transformer_price_150pct,price_stress,QX-00005,110,2024,elastic,elastic,0.797333,region_shared_2025_proxy_not_voltage_specific,862.661537,0.17886978,0.05638432,1.5,1.0,1.5,7,7,2025_template_simulation_not_target_year_observation,1.0,1.0,1.0,1499.5,1.738225174,0,0,6016.64741099,749.51831633,conditional_simulation_not_universal_empirical_recommendation
transformer_price_150pct,price_stress,QX-00005,110,2025,elastic,elastic,0.797333,region_shared_2025_proxy_not_voltage_specific,951.66,0.30049059,0.0678907,1.5,1.0,1.5,7,7,2025_template_simulation_not_target_year_observation,1.0,1.0,1.0,1545.5,1.624004371,0,0,6016.64741099,749.51831633,conditional_simulation_not_universal_empirical_recommendation
transformer_price_150pct,price_stress,QX-00007,110,2022,rigid,cost_tie,0.303297,region_shared_2025_proxy_not_voltage_specific,1224.839602,-0.01200192,-0.01200192,1.5,1.0,1.5,11,11,2025_template_simulation_not_target_year_observation,1.0,1.0,1.0,2442.0,1.993730441,0,0,3996.9152569,0.0,conditional_simulation_not_universal_empirical_recommendation
transformer_price_150pct,price_stress,QX-00007,110,2023,rigid,cost_tie,0.303297,region_shared_2025_proxy_not_voltage_specific,1318.771113,0.06376649,0.03139056,1.5,1.0,1.5,11,11,2025_template_simulation_not_target_year_observation,1.0,1.0,1.0,2475.0,1.876747205,0,0,3996.9152569,0.0,conditional_simulation_not_universal_empirical_recommendation
transformer_price_150pct,price_stress,QX-00007,110,2024,rigid,cost_tie,0.303297,region_shared_2025_proxy_not_voltage_specific,1239.403553,-0.00025413,-8.472e-05,1.5,1.0,1.5,11,11,2025_template_simulation_not_target_year_observation,1.0,1.0,1.0,2475.0,1.996928276,0,0,3996.9152569,0.0,conditional_simulation_not_universal_empirical_recommendation
transformer_price_150pct,price_stress,QX-00007,110,2025,rigid,cost_tie,0.303297,region_shared_2025_proxy_not_voltage_specific,1307.315366,0.05452589,0.01336129,1.5,1.0,1.5,11,11,2025_template_simulation_not_target_year_observation,1.0,1.0,1.0,2475.0,1.893192771,0,0,3996.9152569,0.0,conditional_simulation_not_universal_empirical_recommendation
transformer_price_150pct,price_stress,QX-00007,110,2022,elastic,cost_tie,0.303297,region_shared_2025_proxy_not_voltage_specific,1224.839602,-0.01200192,-0.01200192,1.5,1.0,1.5,11,11,2025_template_simulation_not_target_year_observation,1.0,1.0,1.0,2442.0,1.993730441,0,0,3996.9152569,0.0,conditional_simulation_not_universal_empirical_recommendation
transformer_price_150pct,price_stress,QX-00007,110,2023,elastic,cost_tie,0.303297,region_shared_2025_proxy_not_voltage_specific,1318.771113,0.06376649,0.03139056,1.5,1.0,1.5,11,11,2025_template_simulation_not_target_year_observation,1.0,1.0,1.0,2475.0,1.876747205,0,0,3996.9152569,0.0,conditional_simulation_not_universal_empirical_recommendation
transformer_price_150pct,price_stress,QX-00007,110,2024,elastic,cost_tie,0.303297,region_shared_2025_proxy_not_voltage_specific,1239.403553,-0.00025413,-8.472e-05,1.5,1.0,1.5,11,11,2025_template_simulation_not_target_year_observation,1.0,1.0,1.0,2475.0,1.996928276,0,0,3996.9152569,0.0,conditional_simulation_not_universal_empirical_recommendation
transformer_price_150pct,price_stress,QX-00007,110,2025,elastic,cost_tie,0.303297,region_shared_2025_proxy_not_voltage_specific,1307.315366,0.05452589,0.01336129,1.5,1.0,1.5,11,11,2025_template_simulation_not_target_year_observation,1.0,1.0,1.0,2475.0,1.893192771,0,0,3996.9152569,0.0,conditional_simulation_not_universal_empirical_recommendation
storage_price_70pct,price_stress,QX-00005,35,2022,rigid,elastic,0.797333,region_shared_2025_proxy_not_voltage_specific,124.717665,0.54429996,0.54429996,1.0,0.7,1.428571,4,4,2025_template_simulation_not_target_year_observation,1.0,1.0,1.0,168.0,1.347042538,0,0,3208.57571759,920.54088802,conditional_simulation_not_universal_empirical_recommendation
storage_price_70pct,price_stress,QX-00005,35,2023,rigid,elastic,0.797333,region_shared_2025_proxy_not_voltage_specific,86.7,0.07355126,0.03612319,1.0,0.7,1.428571,4,4,2025_template_simulation_not_target_year_observation,1.0,1.0,1.0,168.0,1.937716263,0,0,3208.57571759,920.54088802,conditional_simulation_not_universal_empirical_recommendation
storage_price_70pct,price_stress,QX-00005,35,2024,rigid,elastic,0.797333,region_shared_2025_proxy_not_voltage_specific,128.361542,0.58941979,0.16702333,1.0,0.7,1.428571,4,4,2025_template_simulation_not_target_year_observation,1.0,1.0,1.0,178.0,1.386708178,19,0,3208.57571759,920.54088802,conditional_simulation_not_universal_empirical_recommendation
storage_price_70pct,price_stress,QX-00005,35,2025,rigid,elastic,0.797333,region_shared_2025_proxy_not_voltage_specific,147.57,0.82726597,0.16265387,1.0,0.7,1.428571,4,4,2025_template_simulation_not_target_year_observation,1.0,1.0,1.0,224.0,1.517923697,34,0,3208.57571759,920.54088802,conditional_simulation_not_universal_empirical_recommendation
storage_price_70pct,price_stress,QX-00005,35,2022,elastic,elastic,0.797333,region_shared_2025_proxy_not_voltage_specific,124.717665,0.54429996,0.54429996,1.0,0.7,1.428571,4,4,2025_template_simulation_not_target_year_observation,1.0,1.0,1.0,172.0,1.379114979,0,0,2288.03482957,920.54088802,conditional_simulation_not_universal_empirical_recommendation
storage_price_70pct,price_stress,QX-00005,35,2023,elastic,elastic,0.797333,region_shared_2025_proxy_not_voltage_specific,86.7,0.07355126,0.03612319,1.0,0.7,1.428571,4,4,2025_template_simulation_not_target_year_observation,1.0,1.0,1.0,172.0,1.983852364,0,0,2288.03482957,920.54088802,conditional_simulation_not_universal_empirical_recommendation
storage_price_70pct,price_stress,QX-00005,35,2024,elastic,elastic,0.797333,region_shared_2025_proxy_not_voltage_specific,128.361542,0.58941979,0.16702333,1.0,0.7,1.428571,4,4,2025_template_simulation_not_target_year_observation,1.0,1.0,1.0,213.0,1.659375516,0,0,2288.03482957,920.54088802,conditional_simulation_not_universal_empirical_recommendation
storage_price_70pct,price_stress,QX-00005,35,2025,elastic,elastic,0.797333,region_shared_2025_proxy_not_voltage_specific,147.57,0.82726597,0.16265387,1.0,0.7,1.428571,4,4,2025_template_simulation_not_target_year_observation,1.0,1.0,1.0,235.0,1.592464593,10,0,2288.03482957,920.54088802,conditional_simulation_not_universal_empirical_recommendation
storage_price_70pct,price_stress,QX-00005,110,2022,rigid,elastic,0.797333,region_shared_2025_proxy_not_voltage_specific,825.004193,0.12740915,0.12740915,1.0,0.7,1.428571,7,7,2025_template_simulation_not_target_year_observation,1.0,1.0,1.0,1472.0,1.784233356,0,0,4517.53879707,506.44052308,conditional_simulation_not_universal_empirical_recommendation
storage_price_70pct,price_stress,QX-00005,110,2023,rigid,elastic,0.797333,region_shared_2025_proxy_not_voltage_specific,761.231803,0.04026102,0.01993187,1.0,0.7,1.428571,7,7,2025_template_simulation_not_target_year_observation,1.0,1.0,1.0,1472.0,1.933707964,0,0,4517.53879707,506.44052308,conditional_simulation_not_universal_empirical_recommendation
storage_price_70pct,price_stress,QX-00005,110,2024,rigid,elastic,0.797333,region_shared_2025_proxy_not_voltage_specific,862.661537,0.17886978,0.05638432,1.0,0.7,1.428571,7,7,2025_template_simulation_not_target_year_observation,1.0,1.0,1.0,1472.0,1.706347086,6,0,4517.53879707,506.44052308,conditional_simulation_not_universal_empirical_recommendation
storage_price_70pct,price_stress,QX-00005,110,2025,rigid,elastic,0.797333,region_shared_2025_proxy_not_voltage_specific,951.66,0.30049059,0.0678907,1.0,0.7,1.428571,7,7,2025_template_simulation_not_target_year_observation,1.0,1.0,1.0,1526.5,1.604039258,6,4.496512,4517.53879707,506.44052308,conditional_simulation_not_universal_empirical_recommendation
storage_price_70pct,price_stress,QX-00005,110,2022,elastic,elastic,0.797333,region_shared_2025_proxy_not_voltage_specific,825.004193,0.12740915,0.12740915,1.0,0.7,1.428571,7,7,2025_template_simulation_not_target_year_observation,1.0,1.0,1.0,1499.5,1.81756652,0,0,4011.09827399,506.44052308,conditional_simulation_not_universal_empirical_recommendation
storage_price_70pct,price_stress,QX-00005,110,2023,elastic,elastic,0.797333,region_shared_2025_proxy_not_voltage_specific,761.231803,0.04026102,0.01993187,1.0,0.7,1.428571,7,7,2025_template_simulation_not_target_year_observation,1.0,1.0,1.0,1499.5,1.969833622,0,0,4011.09827399,506.44052308,conditional_simulation_not_universal_empirical_recommendation
storage_price_70pct,price_stress,QX-00005,110,2024,elastic,elastic,0.797333,region_shared_2025_proxy_not_voltage_specific,862.661537,0.17886978,0.05638432,1.0,0.7,1.428571,7,7,2025_template_simulation_not_target_year_observation,1.0,1.0,1.0,1499.5,1.738225174,0,0,4011.09827399,506.44052308,conditional_simulation_not_universal_empirical_recommendation
storage_price_70pct,price_stress,QX-00005,110,2025,elastic,elastic,0.797333,region_shared_2025_proxy_not_voltage_specific,951.66,0.30049059,0.0678907,1.0,0.7,1.428571,7,7,2025_template_simulation_not_target_year_observation,1.0,1.0,1.0,1545.5,1.624004371,0,0,4011.09827399,506.44052308,conditional_simulation_not_universal_empirical_recommendation
storage_price_70pct,price_stress,QX-00007,110,2022,rigid,cost_tie,0.303297,region_shared_2025_proxy_not_voltage_specific,1224.839602,-0.01200192,-0.01200192,1.0,0.7,1.428571,11,11,2025_template_simulation_not_target_year_observation,1.0,1.0,1.0,2442.0,1.993730441,0,0,2664.61017127,0.0,conditional_simulation_not_universal_empirical_recommendation
storage_price_70pct,price_stress,QX-00007,110,2023,rigid,cost_tie,0.303297,region_shared_2025_proxy_not_voltage_specific,1318.771113,0.06376649,0.03139056,1.0,0.7,1.428571,11,11,2025_template_simulation_not_target_year_observation,1.0,1.0,1.0,2475.0,1.876747205,0,0,2664.61017127,0.0,conditional_simulation_not_universal_empirical_recommendation
storage_price_70pct,price_stress,QX-00007,110,2024,rigid,cost_tie,0.303297,region_shared_2025_proxy_not_voltage_specific,1239.403553,-0.00025413,-8.472e-05,1.0,0.7,1.428571,11,11,2025_template_simulation_not_target_year_observation,1.0,1.0,1.0,2475.0,1.996928276,0,0,2664.61017127,0.0,conditional_simulation_not_universal_empirical_recommendation
storage_price_70pct,price_stress,QX-00007,110,2025,rigid,cost_tie,0.303297,region_shared_2025_proxy_not_voltage_specific,1307.315366,0.05452589,0.01336129,1.0,0.7,1.428571,11,11,2025_template_simulation_not_target_year_observation,1.0,1.0,1.0,2475.0,1.893192771,0,0,2664.61017127,0.0,conditional_simulation_not_universal_empirical_recommendation
storage_price_70pct,price_stress,QX-00007,110,2022,elastic,cost_tie,0.303297,region_shared_2025_proxy_not_voltage_specific,1224.839602,-0.01200192,-0.01200192,1.0,0.7,1.428571,11,11,2025_template_simulation_not_target_year_observation,1.0,1.0,1.0,2442.0,1.993730441,0,0,2664.61017127,0.0,conditional_simulation_not_universal_empirical_recommendation
storage_price_70pct,price_stress,QX-00007,110,2023,elastic,cost_tie,0.303297,region_shared_2025_proxy_not_voltage_specific,1318.771113,0.06376649,0.03139056,1.0,0.7,1.428571,11,11,2025_template_simulation_not_target_year_observation,1.0,1.0,1.0,2475.0,1.876747205,0,0,2664.61017127,0.0,conditional_simulation_not_universal_empirical_recommendation
storage_price_70pct,price_stress,QX-00007,110,2024,elastic,cost_tie,0.303297,region_shared_2025_proxy_not_voltage_specific,1239.403553,-0.00025413,-8.472e-05,1.0,0.7,1.428571,11,11,2025_template_simulation_not_target_year_observation,1.0,1.0,1.0,2475.0,1.996928276,0,0,2664.61017127,0.0,conditional_simulation_not_universal_empirical_recommendation
storage_price_70pct,price_stress,QX-00007,110,2025,elastic,cost_tie,0.303297,region_shared_2025_proxy_not_voltage_specific,1307.315366,0.05452589,0.01336129,1.0,0.7,1.428571,11,11,2025_template_simulation_not_target_year_observation,1.0,1.0,1.0,2475.0,1.893192771,0,0,2664.61017127,0.0,conditional_simulation_not_universal_empirical_recommendation
storage_price_150pct,price_stress,QX-00005,35,2022,rigid,elastic,0.797333,region_shared_2025_proxy_not_voltage_specific,124.717665,0.54429996,0.54429996,1.0,1.5,0.666667,4,4,2025_template_simulation_not_target_year_observation,1.0,1.0,1.0,168.0,1.347042538,0,0,4105.518162,1590.2978943,conditional_simulation_not_universal_empirical_recommendation
storage_price_150pct,price_stress,QX-00005,35,2023,rigid,elastic,0.797333,region_shared_2025_proxy_not_voltage_specific,86.7,0.07355126,0.03612319,1.0,1.5,0.666667,4,4,2025_template_simulation_not_target_year_observation,1.0,1.0,1.0,168.0,1.937716263,0,0,4105.518162,1590.2978943,conditional_simulation_not_universal_empirical_recommendation
storage_price_150pct,price_stress,QX-00005,35,2024,rigid,elastic,0.797333,region_shared_2025_proxy_not_voltage_specific,128.361542,0.58941979,0.16702333,1.0,1.5,0.666667,4,4,2025_template_simulation_not_target_year_observation,1.0,1.0,1.0,178.0,1.386708178,19,0,4105.518162,1590.2978943,conditional_simulation_not_universal_empirical_recommendation
storage_price_150pct,price_stress,QX-00005,35,2025,rigid,elastic,0.797333,region_shared_2025_proxy_not_voltage_specific,147.57,0.82726597,0.16265387,1.0,1.5,0.666667,4,4,2025_template_simulation_not_target_year_observation,1.0,1.0,1.0,224.0,1.517923697,34,0,4105.518162,1590.2978943,conditional_simulation_not_universal_empirical_recommendation
storage_price_150pct,price_stress,QX-00005,35,2022,elastic,elastic,0.797333,region_shared_2025_proxy_not_voltage_specific,124.717665,0.54429996,0.54429996,1.0,1.5,0.666667,4,4,2025_template_simulation_not_target_year_observation,1.0,1.0,1.0,177.0,1.419205531,0,0,2515.2202677,1590.2978943,conditional_simulation_not_universal_empirical_recommendation
storage_price_150pct,price_stress,QX-00005,35,2023,elastic,elastic,0.797333,region_shared_2025_proxy_not_voltage_specific,86.7,0.07355126,0.03612319,1.0,1.5,0.666667,4,4,2025_template_simulation_not_target_year_observation,1.0,1.0,1.0,177.0,2.041522491,0,0,2515.2202677,1590.2978943,conditional_simulation_not_universal_empirical_recommendation
storage_price_150pct,price_stress,QX-00005,35,2024,elastic,elastic,0.797333,region_shared_2025_proxy_not_voltage_specific,128.361542,0.58941979,0.16702333,1.0,1.5,0.666667,4,4,2025_template_simulation_not_target_year_observation,1.0,1.0,1.0,213.0,1.659375516,0,0,2515.2202677,1590.2978943,conditional_simulation_not_universal_empirical_recommendation
storage_price_150pct,price_stress,QX-00005,35,2025,elastic,elastic,0.797333,region_shared_2025_proxy_not_voltage_specific,147.57,0.82726597,0.16265387,1.0,1.5,0.666667,4,4,2025_template_simulation_not_target_year_observation,1.0,1.0,1.0,243.0,1.646676154,2,0,2515.2202677,1590.2978943,conditional_simulation_not_universal_empirical_recommendation
storage_price_150pct,price_stress,QX-00005,110,2022,rigid,elastic,0.797333,region_shared_2025_proxy_not_voltage_specific,825.004193,0.12740915,0.12740915,1.0,1.5,0.666667,7,7,2025_template_simulation_not_target_year_observation,1.0,1.0,1.0,1472.0,1.784233356,0,0,4679.81828963,668.72001564,conditional_simulation_not_universal_empirical_recommendation
storage_price_150pct,price_stress,QX-00005,110,2023,rigid,elastic,0.797333,region_shared_2025_proxy_not_voltage_specific,761.231803,0.04026102,0.01993187,1.0,1.5,0.666667,7,7,2025_template_simulation_not_target_year_observation,1.0,1.0,1.0,1472.0,1.933707964,0,0,4679.81828963,668.72001564,conditional_simulation_not_universal_empirical_recommendation
storage_price_150pct,price_stress,QX-00005,110,2024,rigid,elastic,0.797333,region_shared_2025_proxy_not_voltage_specific,862.661537,0.17886978,0.05638432,1.0,1.5,0.666667,7,7,2025_template_simulation_not_target_year_observation,1.0,1.0,1.0,1472.0,1.706347086,6,0,4679.81828963,668.72001564,conditional_simulation_not_universal_empirical_recommendation
storage_price_150pct,price_stress,QX-00005,110,2025,rigid,elastic,0.797333,region_shared_2025_proxy_not_voltage_specific,951.66,0.30049059,0.0678907,1.0,1.5,0.666667,7,7,2025_template_simulation_not_target_year_observation,1.0,1.0,1.0,1526.5,1.604039258,6,4.496512,4679.81828963,668.72001564,conditional_simulation_not_universal_empirical_recommendation
storage_price_150pct,price_stress,QX-00005,110,2022,elastic,elastic,0.797333,region_shared_2025_proxy_not_voltage_specific,825.004193,0.12740915,0.12740915,1.0,1.5,0.666667,7,7,2025_template_simulation_not_target_year_observation,1.0,1.0,1.0,1499.5,1.81756652,0,0,4011.09827399,668.72001564,conditional_simulation_not_universal_empirical_recommendation
storage_price_150pct,price_stress,QX-00005,110,2023,elastic,elastic,0.797333,region_shared_2025_proxy_not_voltage_specific,761.231803,0.04026102,0.01993187,1.0,1.5,0.666667,7,7,2025_template_simulation_not_target_year_observation,1.0,1.0,1.0,1499.5,1.969833622,0,0,4011.09827399,668.72001564,conditional_simulation_not_universal_empirical_recommendation
storage_price_150pct,price_stress,QX-00005,110,2024,elastic,elastic,0.797333,region_shared_2025_proxy_not_voltage_specific,862.661537,0.17886978,0.05638432,1.0,1.5,0.666667,7,7,2025_template_simulation_not_target_year_observation,1.0,1.0,1.0,1499.5,1.738225174,0,0,4011.09827399,668.72001564,conditional_simulation_not_universal_empirical_recommendation
storage_price_150pct,price_stress,QX-00005,110,2025,elastic,elastic,0.797333,region_shared_2025_proxy_not_voltage_specific,951.66,0.30049059,0.0678907,1.0,1.5,0.666667,7,7,2025_template_simulation_not_target_year_observation,1.0,1.0,1.0,1545.5,1.624004371,0,0,4011.09827399,668.72001564,conditional_simulation_not_universal_empirical_recommendation
storage_price_150pct,price_stress,QX-00007,110,2022,rigid,cost_tie,0.303297,region_shared_2025_proxy_not_voltage_specific,1224.839602,-0.01200192,-0.01200192,1.0,1.5,0.666667,11,11,2025_template_simulation_not_target_year_observation,1.0,1.0,1.0,2442.0,1.993730441,0,0,2664.61017127,0.0,conditional_simulation_not_universal_empirical_recommendation
storage_price_150pct,price_stress,QX-00007,110,2023,rigid,cost_tie,0.303297,region_shared_2025_proxy_not_voltage_specific,1318.771113,0.06376649,0.03139056,1.0,1.5,0.666667,11,11,2025_template_simulation_not_target_year_observation,1.0,1.0,1.0,2475.0,1.876747205,0,0,2664.61017127,0.0,conditional_simulation_not_universal_empirical_recommendation
storage_price_150pct,price_stress,QX-00007,110,2024,rigid,cost_tie,0.303297,region_shared_2025_proxy_not_voltage_specific,1239.403553,-0.00025413,-8.472e-05,1.0,1.5,0.666667,11,11,2025_template_simulation_not_target_year_observation,1.0,1.0,1.0,2475.0,1.996928276,0,0,2664.61017127,0.0,conditional_simulation_not_universal_empirical_recommendation
storage_price_150pct,price_stress,QX-00007,110,2025,rigid,cost_tie,0.303297,region_shared_2025_proxy_not_voltage_specific,1307.315366,0.05452589,0.01336129,1.0,1.5,0.666667,11,11,2025_template_simulation_not_target_year_observation,1.0,1.0,1.0,2475.0,1.893192771,0,0,2664.61017127,0.0,conditional_simulation_not_universal_empirical_recommendation
storage_price_150pct,price_stress,QX-00007,110,2022,elastic,cost_tie,0.303297,region_shared_2025_proxy_not_voltage_specific,1224.839602,-0.01200192,-0.01200192,1.0,1.5,0.666667,11,11,2025_template_simulation_not_target_year_observation,1.0,1.0,1.0,2442.0,1.993730441,0,0,2664.61017127,0.0,conditional_simulation_not_universal_empirical_recommendation
storage_price_150pct,price_stress,QX-00007,110,2023,elastic,cost_tie,0.303297,region_shared_2025_proxy_not_voltage_specific,1318.771113,0.06376649,0.03139056,1.0,1.5,0.666667,11,11,2025_template_simulation_not_target_year_observation,1.0,1.0,1.0,2475.0,1.876747205,0,0,2664.61017127,0.0,conditional_simulation_not_universal_empirical_recommendation
storage_price_150pct,price_stress,QX-00007,110,2024,elastic,cost_tie,0.303297,region_shared_2025_proxy_not_voltage_specific,1239.403553,-0.00025413,-8.472e-05,1.0,1.5,0.666667,11,11,2025_template_simulation_not_target_year_observation,1.0,1.0,1.0,2475.0,1.996928276,0,0,2664.61017127,0.0,conditional_simulation_not_universal_empirical_recommendation
storage_price_150pct,price_stress,QX-00007,110,2025,elastic,cost_tie,0.303297,region_shared_2025_proxy_not_voltage_specific,1307.315366,0.05452589,0.01336129,1.0,1.5,0.666667,11,11,2025_template_simulation_not_target_year_observation,1.0,1.0,1.0,2475.0,1.893192771,0,0,2664.61017127,0.0,conditional_simulation_not_universal_empirical_recommendation
tie_capacity_40pct,tie_capacity_stress,QX-00005,35,2022,rigid,elastic,0.797333,region_shared_2025_proxy_not_voltage_specific,124.717665,0.54429996,0.54429996,1.0,1.0,1.0,4,4,2025_template_simulation_not_target_year_observation,0.4,1.0,1.0,168.0,1.347042538,0,0,3544.92913424,1154.72164401,conditional_simulation_not_universal_empirical_recommendation
tie_capacity_40pct,tie_capacity_stress,QX-00005,35,2023,rigid,elastic,0.797333,region_shared_2025_proxy_not_voltage_specific,86.7,0.07355126,0.03612319,1.0,1.0,1.0,4,4,2025_template_simulation_not_target_year_observation,0.4,1.0,1.0,168.0,1.937716263,0,0,3544.92913424,1154.72164401,conditional_simulation_not_universal_empirical_recommendation
tie_capacity_40pct,tie_capacity_stress,QX-00005,35,2024,rigid,elastic,0.797333,region_shared_2025_proxy_not_voltage_specific,128.361542,0.58941979,0.16702333,1.0,1.0,1.0,4,4,2025_template_simulation_not_target_year_observation,0.4,1.0,1.0,178.0,1.386708178,19,0,3544.92913424,1154.72164401,conditional_simulation_not_universal_empirical_recommendation
tie_capacity_40pct,tie_capacity_stress,QX-00005,35,2025,rigid,elastic,0.797333,region_shared_2025_proxy_not_voltage_specific,147.57,0.82726597,0.16265387,1.0,1.0,1.0,4,4,2025_template_simulation_not_target_year_observation,0.4,1.0,1.0,224.0,1.517923697,34,0,3544.92913424,1154.72164401,conditional_simulation_not_universal_empirical_recommendation
tie_capacity_40pct,tie_capacity_stress,QX-00005,35,2022,elastic,elastic,0.797333,region_shared_2025_proxy_not_voltage_specific,124.717665,0.54429996,0.54429996,1.0,1.0,1.0,4,4,2025_template_simulation_not_target_year_observation,0.4,1.0,1.0,172.0,1.379114979,0,0,2390.20749023,1154.72164401,conditional_simulation_not_universal_empirical_recommendation
tie_capacity_40pct,tie_capacity_stress,QX-00005,35,2023,elastic,elastic,0.797333,region_shared_2025_proxy_not_voltage_specific,86.7,0.07355126,0.03612319,1.0,1.0,1.0,4,4,2025_template_simulation_not_target_year_observation,0.4,1.0,1.0,172.0,1.983852364,0,0,2390.20749023,1154.72164401,conditional_simulation_not_universal_empirical_recommendation
tie_capacity_40pct,tie_capacity_stress,QX-00005,35,2024,elastic,elastic,0.797333,region_shared_2025_proxy_not_voltage_specific,128.361542,0.58941979,0.16702333,1.0,1.0,1.0,4,4,2025_template_simulation_not_target_year_observation,0.4,1.0,1.0,213.0,1.659375516,0,0,2390.20749023,1154.72164401,conditional_simulation_not_universal_empirical_recommendation
tie_capacity_40pct,tie_capacity_stress,QX-00005,35,2025,elastic,elastic,0.797333,region_shared_2025_proxy_not_voltage_specific,147.57,0.82726597,0.16265387,1.0,1.0,1.0,4,4,2025_template_simulation_not_target_year_observation,0.4,1.0,1.0,235.0,1.592464593,10,0,2390.20749023,1154.72164401,conditional_simulation_not_universal_empirical_recommendation
tie_capacity_40pct,tie_capacity_stress,QX-00005,110,2022,rigid,elastic,0.797333,region_shared_2025_proxy_not_voltage_specific,825.004193,0.12740915,0.12740915,1.0,1.0,1.0,7,7,2025_template_simulation_not_target_year_observation,0.4,1.0,1.0,1472.0,1.784233356,0,0,5301.10846102,1290.01018703,conditional_simulation_not_universal_empirical_recommendation
tie_capacity_40pct,tie_capacity_stress,QX-00005,110,2023,rigid,elastic,0.797333,region_shared_2025_proxy_not_voltage_specific,761.231803,0.04026102,0.01993187,1.0,1.0,1.0,7,7,2025_template_simulation_not_target_year_observation,0.4,1.0,1.0,1472.0,1.933707964,0,0,5301.10846102,1290.01018703,conditional_simulation_not_universal_empirical_recommendation
tie_capacity_40pct,tie_capacity_stress,QX-00005,110,2024,rigid,elastic,0.797333,region_shared_2025_proxy_not_voltage_specific,862.661537,0.17886978,0.05638432,1.0,1.0,1.0,7,7,2025_template_simulation_not_target_year_observation,0.4,1.0,1.0,1472.0,1.706347086,6,0,5301.10846102,1290.01018703,conditional_simulation_not_universal_empirical_recommendation
tie_capacity_40pct,tie_capacity_stress,QX-00005,110,2025,rigid,elastic,0.797333,region_shared_2025_proxy_not_voltage_specific,951.66,0.30049059,0.0678907,1.0,1.0,1.0,7,7,2025_template_simulation_not_target_year_observation,0.4,1.0,1.0,1536.5,1.614547212,6,0,5301.10846102,1290.01018703,conditional_simulation_not_universal_empirical_recommendation
tie_capacity_40pct,tie_capacity_stress,QX-00005,110,2022,elastic,elastic,0.797333,region_shared_2025_proxy_not_voltage_specific,825.004193,0.12740915,0.12740915,1.0,1.0,1.0,7,7,2025_template_simulation_not_target_year_observation,0.4,1.0,1.0,1499.5,1.81756652,0,0,4011.09827399,1290.01018703,conditional_simulation_not_universal_empirical_recommendation
tie_capacity_40pct,tie_capacity_stress,QX-00005,110,2023,elastic,elastic,0.797333,region_shared_2025_proxy_not_voltage_specific,761.231803,0.04026102,0.01993187,1.0,1.0,1.0,7,7,2025_template_simulation_not_target_year_observation,0.4,1.0,1.0,1499.5,1.969833622,0,0,4011.09827399,1290.01018703,conditional_simulation_not_universal_empirical_recommendation
tie_capacity_40pct,tie_capacity_stress,QX-00005,110,2024,elastic,elastic,0.797333,region_shared_2025_proxy_not_voltage_specific,862.661537,0.17886978,0.05638432,1.0,1.0,1.0,7,7,2025_template_simulation_not_target_year_observation,0.4,1.0,1.0,1499.5,1.738225174,0,0,4011.09827399,1290.01018703,conditional_simulation_not_universal_empirical_recommendation
tie_capacity_40pct,tie_capacity_stress,QX-00005,110,2025,elastic,elastic,0.797333,region_shared_2025_proxy_not_voltage_specific,951.66,0.30049059,0.0678907,1.0,1.0,1.0,7,7,2025_template_simulation_not_target_year_observation,0.4,1.0,1.0,1545.5,1.624004371,0,0,4011.09827399,1290.01018703,conditional_simulation_not_universal_empirical_recommendation
tie_capacity_40pct,tie_capacity_stress,QX-00007,110,2022,rigid,cost_tie,0.303297,region_shared_2025_proxy_not_voltage_specific,1224.839602,-0.01200192,-0.01200192,1.0,1.0,1.0,11,11,2025_template_simulation_not_target_year_observation,0.4,1.0,1.0,2442.0,1.993730441,0,0,2664.61017127,0.0,conditional_simulation_not_universal_empirical_recommendation
tie_capacity_40pct,tie_capacity_stress,QX-00007,110,2023,rigid,cost_tie,0.303297,region_shared_2025_proxy_not_voltage_specific,1318.771113,0.06376649,0.03139056,1.0,1.0,1.0,11,11,2025_template_simulation_not_target_year_observation,0.4,1.0,1.0,2475.0,1.876747205,0,0,2664.61017127,0.0,conditional_simulation_not_universal_empirical_recommendation
tie_capacity_40pct,tie_capacity_stress,QX-00007,110,2024,rigid,cost_tie,0.303297,region_shared_2025_proxy_not_voltage_specific,1239.403553,-0.00025413,-8.472e-05,1.0,1.0,1.0,11,11,2025_template_simulation_not_target_year_observation,0.4,1.0,1.0,2475.0,1.996928276,0,0,2664.61017127,0.0,conditional_simulation_not_universal_empirical_recommendation
tie_capacity_40pct,tie_capacity_stress,QX-00007,110,2025,rigid,cost_tie,0.303297,region_shared_2025_proxy_not_voltage_specific,1307.315366,0.05452589,0.01336129,1.0,1.0,1.0,11,11,2025_template_simulation_not_target_year_observation,0.4,1.0,1.0,2475.0,1.893192771,0,0,2664.61017127,0.0,conditional_simulation_not_universal_empirical_recommendation
tie_capacity_40pct,tie_capacity_stress,QX-00007,110,2022,elastic,cost_tie,0.303297,region_shared_2025_proxy_not_voltage_specific,1224.839602,-0.01200192,-0.01200192,1.0,1.0,1.0,11,11,2025_template_simulation_not_target_year_observation,0.4,1.0,1.0,2442.0,1.993730441,0,0,2664.61017127,0.0,conditional_simulation_not_universal_empirical_recommendation
tie_capacity_40pct,tie_capacity_stress,QX-00007,110,2023,elastic,cost_tie,0.303297,region_shared_2025_proxy_not_voltage_specific,1318.771113,0.06376649,0.03139056,1.0,1.0,1.0,11,11,2025_template_simulation_not_target_year_observation,0.4,1.0,1.0,2475.0,1.876747205,0,0,2664.61017127,0.0,conditional_simulation_not_universal_empirical_recommendation
tie_capacity_40pct,tie_capacity_stress,QX-00007,110,2024,elastic,cost_tie,0.303297,region_shared_2025_proxy_not_voltage_specific,1239.403553,-0.00025413,-8.472e-05,1.0,1.0,1.0,11,11,2025_template_simulation_not_target_year_observation,0.4,1.0,1.0,2475.0,1.996928276,0,0,2664.61017127,0.0,conditional_simulation_not_universal_empirical_recommendation
tie_capacity_40pct,tie_capacity_stress,QX-00007,110,2025,elastic,cost_tie,0.303297,region_shared_2025_proxy_not_voltage_specific,1307.315366,0.05452589,0.01336129,1.0,1.0,1.0,11,11,2025_template_simulation_not_target_year_observation,0.4,1.0,1.0,2475.0,1.893192771,0,0,2664.61017127,0.0,conditional_simulation_not_universal_empirical_recommendation
tie_capacity_70pct,tie_capacity_stress,QX-00005,35,2022,rigid,elastic,0.797333,region_shared_2025_proxy_not_voltage_specific,124.717665,0.54429996,0.54429996,1.0,1.0,1.0,4,4,2025_template_simulation_not_target_year_observation,0.7,1.0,1.0,168.0,1.347042538,0,0,3544.92913424,1154.72164401,conditional_simulation_not_universal_empirical_recommendation
tie_capacity_70pct,tie_capacity_stress,QX-00005,35,2023,rigid,elastic,0.797333,region_shared_2025_proxy_not_voltage_specific,86.7,0.07355126,0.03612319,1.0,1.0,1.0,4,4,2025_template_simulation_not_target_year_observation,0.7,1.0,1.0,168.0,1.937716263,0,0,3544.92913424,1154.72164401,conditional_simulation_not_universal_empirical_recommendation
tie_capacity_70pct,tie_capacity_stress,QX-00005,35,2024,rigid,elastic,0.797333,region_shared_2025_proxy_not_voltage_specific,128.361542,0.58941979,0.16702333,1.0,1.0,1.0,4,4,2025_template_simulation_not_target_year_observation,0.7,1.0,1.0,178.0,1.386708178,19,0,3544.92913424,1154.72164401,conditional_simulation_not_universal_empirical_recommendation
tie_capacity_70pct,tie_capacity_stress,QX-00005,35,2025,rigid,elastic,0.797333,region_shared_2025_proxy_not_voltage_specific,147.57,0.82726597,0.16265387,1.0,1.0,1.0,4,4,2025_template_simulation_not_target_year_observation,0.7,1.0,1.0,224.0,1.517923697,34,0,3544.92913424,1154.72164401,conditional_simulation_not_universal_empirical_recommendation
tie_capacity_70pct,tie_capacity_stress,QX-00005,35,2022,elastic,elastic,0.797333,region_shared_2025_proxy_not_voltage_specific,124.717665,0.54429996,0.54429996,1.0,1.0,1.0,4,4,2025_template_simulation_not_target_year_observation,0.7,1.0,1.0,172.0,1.379114979,0,0,2390.20749023,1154.72164401,conditional_simulation_not_universal_empirical_recommendation
tie_capacity_70pct,tie_capacity_stress,QX-00005,35,2023,elastic,elastic,0.797333,region_shared_2025_proxy_not_voltage_specific,86.7,0.07355126,0.03612319,1.0,1.0,1.0,4,4,2025_template_simulation_not_target_year_observation,0.7,1.0,1.0,172.0,1.983852364,0,0,2390.20749023,1154.72164401,conditional_simulation_not_universal_empirical_recommendation
tie_capacity_70pct,tie_capacity_stress,QX-00005,35,2024,elastic,elastic,0.797333,region_shared_2025_proxy_not_voltage_specific,128.361542,0.58941979,0.16702333,1.0,1.0,1.0,4,4,2025_template_simulation_not_target_year_observation,0.7,1.0,1.0,213.0,1.659375516,0,0,2390.20749023,1154.72164401,conditional_simulation_not_universal_empirical_recommendation
tie_capacity_70pct,tie_capacity_stress,QX-00005,35,2025,elastic,elastic,0.797333,region_shared_2025_proxy_not_voltage_specific,147.57,0.82726597,0.16265387,1.0,1.0,1.0,4,4,2025_template_simulation_not_target_year_observation,0.7,1.0,1.0,235.0,1.592464593,10,0,2390.20749023,1154.72164401,conditional_simulation_not_universal_empirical_recommendation
tie_capacity_70pct,tie_capacity_stress,QX-00005,110,2022,rigid,elastic,0.797333,region_shared_2025_proxy_not_voltage_specific,825.004193,0.12740915,0.12740915,1.0,1.0,1.0,7,7,2025_template_simulation_not_target_year_observation,0.7,1.0,1.0,1472.0,1.784233356,0,0,5301.10846102,1290.01018703,conditional_simulation_not_universal_empirical_recommendation
tie_capacity_70pct,tie_capacity_stress,QX-00005,110,2023,rigid,elastic,0.797333,region_shared_2025_proxy_not_voltage_specific,761.231803,0.04026102,0.01993187,1.0,1.0,1.0,7,7,2025_template_simulation_not_target_year_observation,0.7,1.0,1.0,1472.0,1.933707964,0,0,5301.10846102,1290.01018703,conditional_simulation_not_universal_empirical_recommendation
tie_capacity_70pct,tie_capacity_stress,QX-00005,110,2024,rigid,elastic,0.797333,region_shared_2025_proxy_not_voltage_specific,862.661537,0.17886978,0.05638432,1.0,1.0,1.0,7,7,2025_template_simulation_not_target_year_observation,0.7,1.0,1.0,1472.0,1.706347086,6,0,5301.10846102,1290.01018703,conditional_simulation_not_universal_empirical_recommendation
tie_capacity_70pct,tie_capacity_stress,QX-00005,110,2025,rigid,elastic,0.797333,region_shared_2025_proxy_not_voltage_specific,951.66,0.30049059,0.0678907,1.0,1.0,1.0,7,7,2025_template_simulation_not_target_year_observation,0.7,1.0,1.0,1536.5,1.614547212,6,0,5301.10846102,1290.01018703,conditional_simulation_not_universal_empirical_recommendation
tie_capacity_70pct,tie_capacity_stress,QX-00005,110,2022,elastic,elastic,0.797333,region_shared_2025_proxy_not_voltage_specific,825.004193,0.12740915,0.12740915,1.0,1.0,1.0,7,7,2025_template_simulation_not_target_year_observation,0.7,1.0,1.0,1499.5,1.81756652,0,0,4011.09827399,1290.01018703,conditional_simulation_not_universal_empirical_recommendation
tie_capacity_70pct,tie_capacity_stress,QX-00005,110,2023,elastic,elastic,0.797333,region_shared_2025_proxy_not_voltage_specific,761.231803,0.04026102,0.01993187,1.0,1.0,1.0,7,7,2025_template_simulation_not_target_year_observation,0.7,1.0,1.0,1499.5,1.969833622,0,0,4011.09827399,1290.01018703,conditional_simulation_not_universal_empirical_recommendation
tie_capacity_70pct,tie_capacity_stress,QX-00005,110,2024,elastic,elastic,0.797333,region_shared_2025_proxy_not_voltage_specific,862.661537,0.17886978,0.05638432,1.0,1.0,1.0,7,7,2025_template_simulation_not_target_year_observation,0.7,1.0,1.0,1499.5,1.738225174,0,0,4011.09827399,1290.01018703,conditional_simulation_not_universal_empirical_recommendation
tie_capacity_70pct,tie_capacity_stress,QX-00005,110,2025,elastic,elastic,0.797333,region_shared_2025_proxy_not_voltage_specific,951.66,0.30049059,0.0678907,1.0,1.0,1.0,7,7,2025_template_simulation_not_target_year_observation,0.7,1.0,1.0,1545.5,1.624004371,0,0,4011.09827399,1290.01018703,conditional_simulation_not_universal_empirical_recommendation
tie_capacity_70pct,tie_capacity_stress,QX-00007,110,2022,rigid,cost_tie,0.303297,region_shared_2025_proxy_not_voltage_specific,1224.839602,-0.01200192,-0.01200192,1.0,1.0,1.0,11,11,2025_template_simulation_not_target_year_observation,0.7,1.0,1.0,2442.0,1.993730441,0,0,2664.61017127,0.0,conditional_simulation_not_universal_empirical_recommendation
tie_capacity_70pct,tie_capacity_stress,QX-00007,110,2023,rigid,cost_tie,0.303297,region_shared_2025_proxy_not_voltage_specific,1318.771113,0.06376649,0.03139056,1.0,1.0,1.0,11,11,2025_template_simulation_not_target_year_observation,0.7,1.0,1.0,2475.0,1.876747205,0,0,2664.61017127,0.0,conditional_simulation_not_universal_empirical_recommendation
tie_capacity_70pct,tie_capacity_stress,QX-00007,110,2024,rigid,cost_tie,0.303297,region_shared_2025_proxy_not_voltage_specific,1239.403553,-0.00025413,-8.472e-05,1.0,1.0,1.0,11,11,2025_template_simulation_not_target_year_observation,0.7,1.0,1.0,2475.0,1.996928276,0,0,2664.61017127,0.0,conditional_simulation_not_universal_empirical_recommendation
tie_capacity_70pct,tie_capacity_stress,QX-00007,110,2025,rigid,cost_tie,0.303297,region_shared_2025_proxy_not_voltage_specific,1307.315366,0.05452589,0.01336129,1.0,1.0,1.0,11,11,2025_template_simulation_not_target_year_observation,0.7,1.0,1.0,2475.0,1.893192771,0,0,2664.61017127,0.0,conditional_simulation_not_universal_empirical_recommendation
tie_capacity_70pct,tie_capacity_stress,QX-00007,110,2022,elastic,cost_tie,0.303297,region_shared_2025_proxy_not_voltage_specific,1224.839602,-0.01200192,-0.01200192,1.0,1.0,1.0,11,11,2025_template_simulation_not_target_year_observation,0.7,1.0,1.0,2442.0,1.993730441,0,0,2664.61017127,0.0,conditional_simulation_not_universal_empirical_recommendation
tie_capacity_70pct,tie_capacity_stress,QX-00007,110,2023,elastic,cost_tie,0.303297,region_shared_2025_proxy_not_voltage_specific,1318.771113,0.06376649,0.03139056,1.0,1.0,1.0,11,11,2025_template_simulation_not_target_year_observation,0.7,1.0,1.0,2475.0,1.876747205,0,0,2664.61017127,0.0,conditional_simulation_not_universal_empirical_recommendation
tie_capacity_70pct,tie_capacity_stress,QX-00007,110,2024,elastic,cost_tie,0.303297,region_shared_2025_proxy_not_voltage_specific,1239.403553,-0.00025413,-8.472e-05,1.0,1.0,1.0,11,11,2025_template_simulation_not_target_year_observation,0.7,1.0,1.0,2475.0,1.996928276,0,0,2664.61017127,0.0,conditional_simulation_not_universal_empirical_recommendation
tie_capacity_70pct,tie_capacity_stress,QX-00007,110,2025,elastic,cost_tie,0.303297,region_shared_2025_proxy_not_voltage_specific,1307.315366,0.05452589,0.01336129,1.0,1.0,1.0,11,11,2025_template_simulation_not_target_year_observation,0.7,1.0,1.0,2475.0,1.893192771,0,0,2664.61017127,0.0,conditional_simulation_not_universal_empirical_recommendation
tie_capacity_90pct,tie_capacity_stress,QX-00005,35,2022,rigid,elastic,0.797333,region_shared_2025_proxy_not_voltage_specific,124.717665,0.54429996,0.54429996,1.0,1.0,1.0,4,4,2025_template_simulation_not_target_year_observation,0.9,1.0,1.0,168.0,1.347042538,0,0,3544.92913424,1154.72164401,conditional_simulation_not_universal_empirical_recommendation
tie_capacity_90pct,tie_capacity_stress,QX-00005,35,2023,rigid,elastic,0.797333,region_shared_2025_proxy_not_voltage_specific,86.7,0.07355126,0.03612319,1.0,1.0,1.0,4,4,2025_template_simulation_not_target_year_observation,0.9,1.0,1.0,168.0,1.937716263,0,0,3544.92913424,1154.72164401,conditional_simulation_not_universal_empirical_recommendation
tie_capacity_90pct,tie_capacity_stress,QX-00005,35,2024,rigid,elastic,0.797333,region_shared_2025_proxy_not_voltage_specific,128.361542,0.58941979,0.16702333,1.0,1.0,1.0,4,4,2025_template_simulation_not_target_year_observation,0.9,1.0,1.0,178.0,1.386708178,19,0,3544.92913424,1154.72164401,conditional_simulation_not_universal_empirical_recommendation
tie_capacity_90pct,tie_capacity_stress,QX-00005,35,2025,rigid,elastic,0.797333,region_shared_2025_proxy_not_voltage_specific,147.57,0.82726597,0.16265387,1.0,1.0,1.0,4,4,2025_template_simulation_not_target_year_observation,0.9,1.0,1.0,224.0,1.517923697,34,0,3544.92913424,1154.72164401,conditional_simulation_not_universal_empirical_recommendation
tie_capacity_90pct,tie_capacity_stress,QX-00005,35,2022,elastic,elastic,0.797333,region_shared_2025_proxy_not_voltage_specific,124.717665,0.54429996,0.54429996,1.0,1.0,1.0,4,4,2025_template_simulation_not_target_year_observation,0.9,1.0,1.0,172.0,1.379114979,0,0,2390.20749023,1154.72164401,conditional_simulation_not_universal_empirical_recommendation
tie_capacity_90pct,tie_capacity_stress,QX-00005,35,2023,elastic,elastic,0.797333,region_shared_2025_proxy_not_voltage_specific,86.7,0.07355126,0.03612319,1.0,1.0,1.0,4,4,2025_template_simulation_not_target_year_observation,0.9,1.0,1.0,172.0,1.983852364,0,0,2390.20749023,1154.72164401,conditional_simulation_not_universal_empirical_recommendation
tie_capacity_90pct,tie_capacity_stress,QX-00005,35,2024,elastic,elastic,0.797333,region_shared_2025_proxy_not_voltage_specific,128.361542,0.58941979,0.16702333,1.0,1.0,1.0,4,4,2025_template_simulation_not_target_year_observation,0.9,1.0,1.0,213.0,1.659375516,0,0,2390.20749023,1154.72164401,conditional_simulation_not_universal_empirical_recommendation
tie_capacity_90pct,tie_capacity_stress,QX-00005,35,2025,elastic,elastic,0.797333,region_shared_2025_proxy_not_voltage_specific,147.57,0.82726597,0.16265387,1.0,1.0,1.0,4,4,2025_template_simulation_not_target_year_observation,0.9,1.0,1.0,235.0,1.592464593,10,0,2390.20749023,1154.72164401,conditional_simulation_not_universal_empirical_recommendation
tie_capacity_90pct,tie_capacity_stress,QX-00005,110,2022,rigid,elastic,0.797333,region_shared_2025_proxy_not_voltage_specific,825.004193,0.12740915,0.12740915,1.0,1.0,1.0,7,7,2025_template_simulation_not_target_year_observation,0.9,1.0,1.0,1472.0,1.784233356,0,0,5301.10846102,1290.01018703,conditional_simulation_not_universal_empirical_recommendation
tie_capacity_90pct,tie_capacity_stress,QX-00005,110,2023,rigid,elastic,0.797333,region_shared_2025_proxy_not_voltage_specific,761.231803,0.04026102,0.01993187,1.0,1.0,1.0,7,7,2025_template_simulation_not_target_year_observation,0.9,1.0,1.0,1472.0,1.933707964,0,0,5301.10846102,1290.01018703,conditional_simulation_not_universal_empirical_recommendation
tie_capacity_90pct,tie_capacity_stress,QX-00005,110,2024,rigid,elastic,0.797333,region_shared_2025_proxy_not_voltage_specific,862.661537,0.17886978,0.05638432,1.0,1.0,1.0,7,7,2025_template_simulation_not_target_year_observation,0.9,1.0,1.0,1472.0,1.706347086,6,0,5301.10846102,1290.01018703,conditional_simulation_not_universal_empirical_recommendation
tie_capacity_90pct,tie_capacity_stress,QX-00005,110,2025,rigid,elastic,0.797333,region_shared_2025_proxy_not_voltage_specific,951.66,0.30049059,0.0678907,1.0,1.0,1.0,7,7,2025_template_simulation_not_target_year_observation,0.9,1.0,1.0,1536.5,1.614547212,6,0,5301.10846102,1290.01018703,conditional_simulation_not_universal_empirical_recommendation
tie_capacity_90pct,tie_capacity_stress,QX-00005,110,2022,elastic,elastic,0.797333,region_shared_2025_proxy_not_voltage_specific,825.004193,0.12740915,0.12740915,1.0,1.0,1.0,7,7,2025_template_simulation_not_target_year_observation,0.9,1.0,1.0,1499.5,1.81756652,0,0,4011.09827399,1290.01018703,conditional_simulation_not_universal_empirical_recommendation
tie_capacity_90pct,tie_capacity_stress,QX-00005,110,2023,elastic,elastic,0.797333,region_shared_2025_proxy_not_voltage_specific,761.231803,0.04026102,0.01993187,1.0,1.0,1.0,7,7,2025_template_simulation_not_target_year_observation,0.9,1.0,1.0,1499.5,1.969833622,0,0,4011.09827399,1290.01018703,conditional_simulation_not_universal_empirical_recommendation
tie_capacity_90pct,tie_capacity_stress,QX-00005,110,2024,elastic,elastic,0.797333,region_shared_2025_proxy_not_voltage_specific,862.661537,0.17886978,0.05638432,1.0,1.0,1.0,7,7,2025_template_simulation_not_target_year_observation,0.9,1.0,1.0,1499.5,1.738225174,0,0,4011.09827399,1290.01018703,conditional_simulation_not_universal_empirical_recommendation
tie_capacity_90pct,tie_capacity_stress,QX-00005,110,2025,elastic,elastic,0.797333,region_shared_2025_proxy_not_voltage_specific,951.66,0.30049059,0.0678907,1.0,1.0,1.0,7,7,2025_template_simulation_not_target_year_observation,0.9,1.0,1.0,1545.5,1.624004371,0,0,4011.09827399,1290.01018703,conditional_simulation_not_universal_empirical_recommendation
tie_capacity_90pct,tie_capacity_stress,QX-00007,110,2022,rigid,cost_tie,0.303297,region_shared_2025_proxy_not_voltage_specific,1224.839602,-0.01200192,-0.01200192,1.0,1.0,1.0,11,11,2025_template_simulation_not_target_year_observation,0.9,1.0,1.0,2442.0,1.993730441,0,0,2664.61017127,0.0,conditional_simulation_not_universal_empirical_recommendation
tie_capacity_90pct,tie_capacity_stress,QX-00007,110,2023,rigid,cost_tie,0.303297,region_shared_2025_proxy_not_voltage_specific,1318.771113,0.06376649,0.03139056,1.0,1.0,1.0,11,11,2025_template_simulation_not_target_year_observation,0.9,1.0,1.0,2475.0,1.876747205,0,0,2664.61017127,0.0,conditional_simulation_not_universal_empirical_recommendation
tie_capacity_90pct,tie_capacity_stress,QX-00007,110,2024,rigid,cost_tie,0.303297,region_shared_2025_proxy_not_voltage_specific,1239.403553,-0.00025413,-8.472e-05,1.0,1.0,1.0,11,11,2025_template_simulation_not_target_year_observation,0.9,1.0,1.0,2475.0,1.996928276,0,0,2664.61017127,0.0,conditional_simulation_not_universal_empirical_recommendation
tie_capacity_90pct,tie_capacity_stress,QX-00007,110,2025,rigid,cost_tie,0.303297,region_shared_2025_proxy_not_voltage_specific,1307.315366,0.05452589,0.01336129,1.0,1.0,1.0,11,11,2025_template_simulation_not_target_year_observation,0.9,1.0,1.0,2475.0,1.893192771,0,0,2664.61017127,0.0,conditional_simulation_not_universal_empirical_recommendation
tie_capacity_90pct,tie_capacity_stress,QX-00007,110,2022,elastic,cost_tie,0.303297,region_shared_2025_proxy_not_voltage_specific,1224.839602,-0.01200192,-0.01200192,1.0,1.0,1.0,11,11,2025_template_simulation_not_target_year_observation,0.9,1.0,1.0,2442.0,1.993730441,0,0,2664.61017127,0.0,conditional_simulation_not_universal_empirical_recommendation
tie_capacity_90pct,tie_capacity_stress,QX-00007,110,2023,elastic,cost_tie,0.303297,region_shared_2025_proxy_not_voltage_specific,1318.771113,0.06376649,0.03139056,1.0,1.0,1.0,11,11,2025_template_simulation_not_target_year_observation,0.9,1.0,1.0,2475.0,1.876747205,0,0,2664.61017127,0.0,conditional_simulation_not_universal_empirical_recommendation
tie_capacity_90pct,tie_capacity_stress,QX-00007,110,2024,elastic,cost_tie,0.303297,region_shared_2025_proxy_not_voltage_specific,1239.403553,-0.00025413,-8.472e-05,1.0,1.0,1.0,11,11,2025_template_simulation_not_target_year_observation,0.9,1.0,1.0,2475.0,1.996928276,0,0,2664.61017127,0.0,conditional_simulation_not_universal_empirical_recommendation
tie_capacity_90pct,tie_capacity_stress,QX-00007,110,2025,elastic,cost_tie,0.303297,region_shared_2025_proxy_not_voltage_specific,1307.315366,0.05452589,0.01336129,1.0,1.0,1.0,11,11,2025_template_simulation_not_target_year_observation,0.9,1.0,1.0,2475.0,1.893192771,0,0,2664.61017127,0.0,conditional_simulation_not_universal_empirical_recommendation
tie_capacity_95pct,tie_capacity_stress,QX-00005,35,2022,rigid,elastic,0.797333,region_shared_2025_proxy_not_voltage_specific,124.717665,0.54429996,0.54429996,1.0,1.0,1.0,4,4,2025_template_simulation_not_target_year_observation,0.95,1.0,1.0,168.0,1.347042538,0,0,3544.92913424,1154.72164401,conditional_simulation_not_universal_empirical_recommendation
tie_capacity_95pct,tie_capacity_stress,QX-00005,35,2023,rigid,elastic,0.797333,region_shared_2025_proxy_not_voltage_specific,86.7,0.07355126,0.03612319,1.0,1.0,1.0,4,4,2025_template_simulation_not_target_year_observation,0.95,1.0,1.0,168.0,1.937716263,0,0,3544.92913424,1154.72164401,conditional_simulation_not_universal_empirical_recommendation
tie_capacity_95pct,tie_capacity_stress,QX-00005,35,2024,rigid,elastic,0.797333,region_shared_2025_proxy_not_voltage_specific,128.361542,0.58941979,0.16702333,1.0,1.0,1.0,4,4,2025_template_simulation_not_target_year_observation,0.95,1.0,1.0,178.0,1.386708178,19,0,3544.92913424,1154.72164401,conditional_simulation_not_universal_empirical_recommendation
tie_capacity_95pct,tie_capacity_stress,QX-00005,35,2025,rigid,elastic,0.797333,region_shared_2025_proxy_not_voltage_specific,147.57,0.82726597,0.16265387,1.0,1.0,1.0,4,4,2025_template_simulation_not_target_year_observation,0.95,1.0,1.0,224.0,1.517923697,34,0,3544.92913424,1154.72164401,conditional_simulation_not_universal_empirical_recommendation
tie_capacity_95pct,tie_capacity_stress,QX-00005,35,2022,elastic,elastic,0.797333,region_shared_2025_proxy_not_voltage_specific,124.717665,0.54429996,0.54429996,1.0,1.0,1.0,4,4,2025_template_simulation_not_target_year_observation,0.95,1.0,1.0,172.0,1.379114979,0,0,2390.20749023,1154.72164401,conditional_simulation_not_universal_empirical_recommendation
tie_capacity_95pct,tie_capacity_stress,QX-00005,35,2023,elastic,elastic,0.797333,region_shared_2025_proxy_not_voltage_specific,86.7,0.07355126,0.03612319,1.0,1.0,1.0,4,4,2025_template_simulation_not_target_year_observation,0.95,1.0,1.0,172.0,1.983852364,0,0,2390.20749023,1154.72164401,conditional_simulation_not_universal_empirical_recommendation
tie_capacity_95pct,tie_capacity_stress,QX-00005,35,2024,elastic,elastic,0.797333,region_shared_2025_proxy_not_voltage_specific,128.361542,0.58941979,0.16702333,1.0,1.0,1.0,4,4,2025_template_simulation_not_target_year_observation,0.95,1.0,1.0,213.0,1.659375516,0,0,2390.20749023,1154.72164401,conditional_simulation_not_universal_empirical_recommendation
tie_capacity_95pct,tie_capacity_stress,QX-00005,35,2025,elastic,elastic,0.797333,region_shared_2025_proxy_not_voltage_specific,147.57,0.82726597,0.16265387,1.0,1.0,1.0,4,4,2025_template_simulation_not_target_year_observation,0.95,1.0,1.0,235.0,1.592464593,10,0,2390.20749023,1154.72164401,conditional_simulation_not_universal_empirical_recommendation
tie_capacity_95pct,tie_capacity_stress,QX-00005,110,2022,rigid,elastic,0.797333,region_shared_2025_proxy_not_voltage_specific,825.004193,0.12740915,0.12740915,1.0,1.0,1.0,7,7,2025_template_simulation_not_target_year_observation,0.95,1.0,1.0,1472.0,1.784233356,0,0,4578.39360678,567.29533279,conditional_simulation_not_universal_empirical_recommendation
tie_capacity_95pct,tie_capacity_stress,QX-00005,110,2023,rigid,elastic,0.797333,region_shared_2025_proxy_not_voltage_specific,761.231803,0.04026102,0.01993187,1.0,1.0,1.0,7,7,2025_template_simulation_not_target_year_observation,0.95,1.0,1.0,1472.0,1.933707964,0,0,4578.39360678,567.29533279,conditional_simulation_not_universal_empirical_recommendation
tie_capacity_95pct,tie_capacity_stress,QX-00005,110,2024,rigid,elastic,0.797333,region_shared_2025_proxy_not_voltage_specific,862.661537,0.17886978,0.05638432,1.0,1.0,1.0,7,7,2025_template_simulation_not_target_year_observation,0.95,1.0,1.0,1472.0,1.706347086,6,0,4578.39360678,567.29533279,conditional_simulation_not_universal_empirical_recommendation
tie_capacity_95pct,tie_capacity_stress,QX-00005,110,2025,rigid,elastic,0.797333,region_shared_2025_proxy_not_voltage_specific,951.66,0.30049059,0.0678907,1.0,1.0,1.0,7,7,2025_template_simulation_not_target_year_observation,0.95,1.0,1.0,1526.5,1.604039258,6,4.496512,4578.39360678,567.29533279,conditional_simulation_not_universal_empirical_recommendation
tie_capacity_95pct,tie_capacity_stress,QX-00005,110,2022,elastic,elastic,0.797333,region_shared_2025_proxy_not_voltage_specific,825.004193,0.12740915,0.12740915,1.0,1.0,1.0,7,7,2025_template_simulation_not_target_year_observation,0.95,1.0,1.0,1499.5,1.81756652,0,0,4011.09827399,567.29533279,conditional_simulation_not_universal_empirical_recommendation
tie_capacity_95pct,tie_capacity_stress,QX-00005,110,2023,elastic,elastic,0.797333,region_shared_2025_proxy_not_voltage_specific,761.231803,0.04026102,0.01993187,1.0,1.0,1.0,7,7,2025_template_simulation_not_target_year_observation,0.95,1.0,1.0,1499.5,1.969833622,0,0,4011.09827399,567.29533279,conditional_simulation_not_universal_empirical_recommendation
tie_capacity_95pct,tie_capacity_stress,QX-00005,110,2024,elastic,elastic,0.797333,region_shared_2025_proxy_not_voltage_specific,862.661537,0.17886978,0.05638432,1.0,1.0,1.0,7,7,2025_template_simulation_not_target_year_observation,0.95,1.0,1.0,1499.5,1.738225174,0,0,4011.09827399,567.29533279,conditional_simulation_not_universal_empirical_recommendation
tie_capacity_95pct,tie_capacity_stress,QX-00005,110,2025,elastic,elastic,0.797333,region_shared_2025_proxy_not_voltage_specific,951.66,0.30049059,0.0678907,1.0,1.0,1.0,7,7,2025_template_simulation_not_target_year_observation,0.95,1.0,1.0,1545.5,1.624004371,0,0,4011.09827399,567.29533279,conditional_simulation_not_universal_empirical_recommendation
tie_capacity_95pct,tie_capacity_stress,QX-00007,110,2022,rigid,cost_tie,0.303297,region_shared_2025_proxy_not_voltage_specific,1224.839602,-0.01200192,-0.01200192,1.0,1.0,1.0,11,11,2025_template_simulation_not_target_year_observation,0.95,1.0,1.0,2442.0,1.993730441,0,0,2664.61017127,0.0,conditional_simulation_not_universal_empirical_recommendation
tie_capacity_95pct,tie_capacity_stress,QX-00007,110,2023,rigid,cost_tie,0.303297,region_shared_2025_proxy_not_voltage_specific,1318.771113,0.06376649,0.03139056,1.0,1.0,1.0,11,11,2025_template_simulation_not_target_year_observation,0.95,1.0,1.0,2475.0,1.876747205,0,0,2664.61017127,0.0,conditional_simulation_not_universal_empirical_recommendation
tie_capacity_95pct,tie_capacity_stress,QX-00007,110,2024,rigid,cost_tie,0.303297,region_shared_2025_proxy_not_voltage_specific,1239.403553,-0.00025413,-8.472e-05,1.0,1.0,1.0,11,11,2025_template_simulation_not_target_year_observation,0.95,1.0,1.0,2475.0,1.996928276,0,0,2664.61017127,0.0,conditional_simulation_not_universal_empirical_recommendation
tie_capacity_95pct,tie_capacity_stress,QX-00007,110,2025,rigid,cost_tie,0.303297,region_shared_2025_proxy_not_voltage_specific,1307.315366,0.05452589,0.01336129,1.0,1.0,1.0,11,11,2025_template_simulation_not_target_year_observation,0.95,1.0,1.0,2475.0,1.893192771,0,0,2664.61017127,0.0,conditional_simulation_not_universal_empirical_recommendation
tie_capacity_95pct,tie_capacity_stress,QX-00007,110,2022,elastic,cost_tie,0.303297,region_shared_2025_proxy_not_voltage_specific,1224.839602,-0.01200192,-0.01200192,1.0,1.0,1.0,11,11,2025_template_simulation_not_target_year_observation,0.95,1.0,1.0,2442.0,1.993730441,0,0,2664.61017127,0.0,conditional_simulation_not_universal_empirical_recommendation
tie_capacity_95pct,tie_capacity_stress,QX-00007,110,2023,elastic,cost_tie,0.303297,region_shared_2025_proxy_not_voltage_specific,1318.771113,0.06376649,0.03139056,1.0,1.0,1.0,11,11,2025_template_simulation_not_target_year_observation,0.95,1.0,1.0,2475.0,1.876747205,0,0,2664.61017127,0.0,conditional_simulation_not_universal_empirical_recommendation
tie_capacity_95pct,tie_capacity_stress,QX-00007,110,2024,elastic,cost_tie,0.303297,region_shared_2025_proxy_not_voltage_specific,1239.403553,-0.00025413,-8.472e-05,1.0,1.0,1.0,11,11,2025_template_simulation_not_target_year_observation,0.95,1.0,1.0,2475.0,1.996928276,0,0,2664.61017127,0.0,conditional_simulation_not_universal_empirical_recommendation
tie_capacity_95pct,tie_capacity_stress,QX-00007,110,2025,elastic,cost_tie,0.303297,region_shared_2025_proxy_not_voltage_specific,1307.315366,0.05452589,0.01336129,1.0,1.0,1.0,11,11,2025_template_simulation_not_target_year_observation,0.95,1.0,1.0,2475.0,1.893192771,0,0,2664.61017127,0.0,conditional_simulation_not_universal_empirical_recommendation
forward_duration_double,duration_stress,QX-00005,35,2022,rigid,elastic,0.797333,region_shared_2025_proxy_not_voltage_specific,124.717665,0.54429996,0.54429996,1.0,1.0,1.0,4,8,2025_template_simulation_not_target_year_observation,1.0,2.0,1.0,168.0,1.347042538,0,0,3924.06125285,1533.85376262,conditional_simulation_not_universal_empirical_recommendation
forward_duration_double,duration_stress,QX-00005,35,2023,rigid,elastic,0.797333,region_shared_2025_proxy_not_voltage_specific,86.7,0.07355126,0.03612319,1.0,1.0,1.0,4,8,2025_template_simulation_not_target_year_observation,1.0,2.0,1.0,168.0,1.937716263,0,0,3924.06125285,1533.85376262,conditional_simulation_not_universal_empirical_recommendation
forward_duration_double,duration_stress,QX-00005,35,2024,rigid,elastic,0.797333,region_shared_2025_proxy_not_voltage_specific,128.361542,0.58941979,0.16702333,1.0,1.0,1.0,4,8,2025_template_simulation_not_target_year_observation,1.0,2.0,1.0,180.0,1.402289169,17,0,3924.06125285,1533.85376262,conditional_simulation_not_universal_empirical_recommendation
forward_duration_double,duration_stress,QX-00005,35,2025,rigid,elastic,0.797333,region_shared_2025_proxy_not_voltage_specific,147.57,0.82726597,0.16265387,1.0,1.0,1.0,4,8,2025_template_simulation_not_target_year_observation,1.0,2.0,1.0,224.0,1.517923697,42,0,3924.06125285,1533.85376262,conditional_simulation_not_universal_empirical_recommendation
forward_duration_double,duration_stress,QX-00005,35,2022,elastic,elastic,0.797333,region_shared_2025_proxy_not_voltage_specific,124.717665,0.54429996,0.54429996,1.0,1.0,1.0,4,8,2025_template_simulation_not_target_year_observation,1.0,2.0,1.0,172.0,1.379114979,0,0,2390.20749023,1533.85376262,conditional_simulation_not_universal_empirical_recommendation
forward_duration_double,duration_stress,QX-00005,35,2023,elastic,elastic,0.797333,region_shared_2025_proxy_not_voltage_specific,86.7,0.07355126,0.03612319,1.0,1.0,1.0,4,8,2025_template_simulation_not_target_year_observation,1.0,2.0,1.0,172.0,1.983852364,0,0,2390.20749023,1533.85376262,conditional_simulation_not_universal_empirical_recommendation
forward_duration_double,duration_stress,QX-00005,35,2024,elastic,elastic,0.797333,region_shared_2025_proxy_not_voltage_specific,128.361542,0.58941979,0.16702333,1.0,1.0,1.0,4,8,2025_template_simulation_not_target_year_observation,1.0,2.0,1.0,213.0,1.659375516,0,0,2390.20749023,1533.85376262,conditional_simulation_not_universal_empirical_recommendation
forward_duration_double,duration_stress,QX-00005,35,2025,elastic,elastic,0.797333,region_shared_2025_proxy_not_voltage_specific,147.57,0.82726597,0.16265387,1.0,1.0,1.0,4,8,2025_template_simulation_not_target_year_observation,1.0,2.0,1.0,235.0,1.592464593,10,0,2390.20749023,1533.85376262,conditional_simulation_not_universal_empirical_recommendation
forward_duration_double,duration_stress,QX-00005,110,2022,rigid,elastic,0.797333,region_shared_2025_proxy_not_voltage_specific,825.004193,0.12740915,0.12740915,1.0,1.0,1.0,7,14,2025_template_simulation_not_target_year_observation,1.0,2.0,1.0,1472.0,1.784233356,0,0,4578.39360678,567.29533279,conditional_simulation_not_universal_empirical_recommendation
forward_duration_double,duration_stress,QX-00005,110,2023,rigid,elastic,0.797333,region_shared_2025_proxy_not_voltage_specific,761.231803,0.04026102,0.01993187,1.0,1.0,1.0,7,14,2025_template_simulation_not_target_year_observation,1.0,2.0,1.0,1472.0,1.933707964,0,0,4578.39360678,567.29533279,conditional_simulation_not_universal_empirical_recommendation
forward_duration_double,duration_stress,QX-00005,110,2024,rigid,elastic,0.797333,region_shared_2025_proxy_not_voltage_specific,862.661537,0.17886978,0.05638432,1.0,1.0,1.0,7,14,2025_template_simulation_not_target_year_observation,1.0,2.0,1.0,1472.0,1.706347086,6,0,4578.39360678,567.29533279,conditional_simulation_not_universal_empirical_recommendation
forward_duration_double,duration_stress,QX-00005,110,2025,rigid,elastic,0.797333,region_shared_2025_proxy_not_voltage_specific,951.66,0.30049059,0.0678907,1.0,1.0,1.0,7,14,2025_template_simulation_not_target_year_observation,1.0,2.0,1.0,1526.5,1.604039258,6,4.496512,4578.39360678,567.29533279,conditional_simulation_not_universal_empirical_recommendation
forward_duration_double,duration_stress,QX-00005,110,2022,elastic,elastic,0.797333,region_shared_2025_proxy_not_voltage_specific,825.004193,0.12740915,0.12740915,1.0,1.0,1.0,7,14,2025_template_simulation_not_target_year_observation,1.0,2.0,1.0,1499.5,1.81756652,0,0,4011.09827399,567.29533279,conditional_simulation_not_universal_empirical_recommendation
forward_duration_double,duration_stress,QX-00005,110,2023,elastic,elastic,0.797333,region_shared_2025_proxy_not_voltage_specific,761.231803,0.04026102,0.01993187,1.0,1.0,1.0,7,14,2025_template_simulation_not_target_year_observation,1.0,2.0,1.0,1499.5,1.969833622,0,0,4011.09827399,567.29533279,conditional_simulation_not_universal_empirical_recommendation
forward_duration_double,duration_stress,QX-00005,110,2024,elastic,elastic,0.797333,region_shared_2025_proxy_not_voltage_specific,862.661537,0.17886978,0.05638432,1.0,1.0,1.0,7,14,2025_template_simulation_not_target_year_observation,1.0,2.0,1.0,1499.5,1.738225174,0,0,4011.09827399,567.29533279,conditional_simulation_not_universal_empirical_recommendation
forward_duration_double,duration_stress,QX-00005,110,2025,elastic,elastic,0.797333,region_shared_2025_proxy_not_voltage_specific,951.66,0.30049059,0.0678907,1.0,1.0,1.0,7,14,2025_template_simulation_not_target_year_observation,1.0,2.0,1.0,1545.5,1.624004371,0,0,4011.09827399,567.29533279,conditional_simulation_not_universal_empirical_recommendation
forward_duration_double,duration_stress,QX-00007,110,2022,rigid,cost_tie,0.303297,region_shared_2025_proxy_not_voltage_specific,1224.839602,-0.01200192,-0.01200192,1.0,1.0,1.0,11,22,2025_template_simulation_not_target_year_observation,1.0,2.0,1.0,2442.0,1.993730441,0,0,2664.61017127,0.0,conditional_simulation_not_universal_empirical_recommendation
forward_duration_double,duration_stress,QX-00007,110,2023,rigid,cost_tie,0.303297,region_shared_2025_proxy_not_voltage_specific,1318.771113,0.06376649,0.03139056,1.0,1.0,1.0,11,22,2025_template_simulation_not_target_year_observation,1.0,2.0,1.0,2475.0,1.876747205,0,0,2664.61017127,0.0,conditional_simulation_not_universal_empirical_recommendation
forward_duration_double,duration_stress,QX-00007,110,2024,rigid,cost_tie,0.303297,region_shared_2025_proxy_not_voltage_specific,1239.403553,-0.00025413,-8.472e-05,1.0,1.0,1.0,11,22,2025_template_simulation_not_target_year_observation,1.0,2.0,1.0,2475.0,1.996928276,0,0,2664.61017127,0.0,conditional_simulation_not_universal_empirical_recommendation
forward_duration_double,duration_stress,QX-00007,110,2025,rigid,cost_tie,0.303297,region_shared_2025_proxy_not_voltage_specific,1307.315366,0.05452589,0.01336129,1.0,1.0,1.0,11,22,2025_template_simulation_not_target_year_observation,1.0,2.0,1.0,2475.0,1.893192771,0,0,2664.61017127,0.0,conditional_simulation_not_universal_empirical_recommendation
forward_duration_double,duration_stress,QX-00007,110,2022,elastic,cost_tie,0.303297,region_shared_2025_proxy_not_voltage_specific,1224.839602,-0.01200192,-0.01200192,1.0,1.0,1.0,11,22,2025_template_simulation_not_target_year_observation,1.0,2.0,1.0,2442.0,1.993730441,0,0,2664.61017127,0.0,conditional_simulation_not_universal_empirical_recommendation
forward_duration_double,duration_stress,QX-00007,110,2023,elastic,cost_tie,0.303297,region_shared_2025_proxy_not_voltage_specific,1318.771113,0.06376649,0.03139056,1.0,1.0,1.0,11,22,2025_template_simulation_not_target_year_observation,1.0,2.0,1.0,2475.0,1.876747205,0,0,2664.61017127,0.0,conditional_simulation_not_universal_empirical_recommendation
forward_duration_double,duration_stress,QX-00007,110,2024,elastic,cost_tie,0.303297,region_shared_2025_proxy_not_voltage_specific,1239.403553,-0.00025413,-8.472e-05,1.0,1.0,1.0,11,22,2025_template_simulation_not_target_year_observation,1.0,2.0,1.0,2475.0,1.996928276,0,0,2664.61017127,0.0,conditional_simulation_not_universal_empirical_recommendation
forward_duration_double,duration_stress,QX-00007,110,2025,elastic,cost_tie,0.303297,region_shared_2025_proxy_not_voltage_specific,1307.315366,0.05452589,0.01336129,1.0,1.0,1.0,11,22,2025_template_simulation_not_target_year_observation,1.0,2.0,1.0,2475.0,1.893192771,0,0,2664.61017127,0.0,conditional_simulation_not_universal_empirical_recommendation
pv_source_pressure_plus25pct,joint_pv_reverse_stress,QX-00005,35,2022,rigid,elastic,0.99666625,region_shared_2025_proxy_not_voltage_specific,124.717665,0.54429996,0.54429996,1.0,1.0,1.0,4,4,2025_template_simulation_not_target_year_observation,1.0,1.0,1.25,168.0,1.347042538,0,0,4772.20220279,1575.00604226,conditional_simulation_not_universal_empirical_recommendation
pv_source_pressure_plus25pct,joint_pv_reverse_stress,QX-00005,35,2023,rigid,elastic,0.99666625,region_shared_2025_proxy_not_voltage_specific,86.7,0.07355126,0.03612319,1.0,1.0,1.0,4,4,2025_template_simulation_not_target_year_observation,1.0,1.0,1.25,168.0,1.937716263,0,0,4772.20220279,1575.00604226,conditional_simulation_not_universal_empirical_recommendation
pv_source_pressure_plus25pct,joint_pv_reverse_stress,QX-00005,35,2024,rigid,elastic,0.99666625,region_shared_2025_proxy_not_voltage_specific,128.361542,0.58941979,0.16702333,1.0,1.0,1.0,4,4,2025_template_simulation_not_target_year_observation,1.0,1.0,1.25,188.0,1.464613132,22,0,4772.20220279,1575.00604226,conditional_simulation_not_universal_empirical_recommendation
pv_source_pressure_plus25pct,joint_pv_reverse_stress,QX-00005,35,2025,rigid,elastic,0.99666625,region_shared_2025_proxy_not_voltage_specific,147.57,0.82726597,0.16265387,1.0,1.0,1.0,4,4,2025_template_simulation_not_target_year_observation,1.0,1.0,1.25,262.0,1.77542861,33,0,4772.20220279,1575.00604226,conditional_simulation_not_universal_empirical_recommendation
pv_source_pressure_plus25pct,joint_pv_reverse_stress,QX-00005,35,2022,elastic,elastic,0.99666625,region_shared_2025_proxy_not_voltage_specific,124.717665,0.54429996,0.54429996,1.0,1.0,1.0,4,4,2025_template_simulation_not_target_year_observation,1.0,1.0,1.25,172.0,1.379114979,0,0,3197.19616053,1575.00604226,conditional_simulation_not_universal_empirical_recommendation
pv_source_pressure_plus25pct,joint_pv_reverse_stress,QX-00005,35,2023,elastic,elastic,0.99666625,region_shared_2025_proxy_not_voltage_specific,86.7,0.07355126,0.03612319,1.0,1.0,1.0,4,4,2025_template_simulation_not_target_year_observation,1.0,1.0,1.25,172.0,1.983852364,0,0,3197.19616053,1575.00604226,conditional_simulation_not_universal_empirical_recommendation
pv_source_pressure_plus25pct,joint_pv_reverse_stress,QX-00005,35,2024,elastic,elastic,0.99666625,region_shared_2025_proxy_not_voltage_specific,128.361542,0.58941979,0.16702333,1.0,1.0,1.0,4,4,2025_template_simulation_not_target_year_observation,1.0,1.0,1.25,213.0,1.659375516,0,0,3197.19616053,1575.00604226,conditional_simulation_not_universal_empirical_recommendation
pv_source_pressure_plus25pct,joint_pv_reverse_stress,QX-00005,35,2025,elastic,elastic,0.99666625,region_shared_2025_proxy_not_voltage_specific,147.57,0.82726597,0.16265387,1.0,1.0,1.0,4,4,2025_template_simulation_not_target_year_observation,1.0,1.0,1.25,278.0,1.883851731,0,0,3197.19616053,1575.00604226,conditional_simulation_not_universal_empirical_recommendation
pv_source_pressure_plus25pct,joint_pv_reverse_stress,QX-00005,110,2022,rigid,elastic,0.99666625,region_shared_2025_proxy_not_voltage_specific,825.004193,0.12740915,0.12740915,1.0,1.0,1.0,7,7,2025_template_simulation_not_target_year_observation,1.0,1.0,1.25,1473.5,1.786051529,0,0,5597.9005695,950.73755362,conditional_simulation_not_universal_empirical_recommendation
pv_source_pressure_plus25pct,joint_pv_reverse_stress,QX-00005,110,2023,rigid,elastic,0.99666625,region_shared_2025_proxy_not_voltage_specific,761.231803,0.04026102,0.01993187,1.0,1.0,1.0,7,7,2025_template_simulation_not_target_year_observation,1.0,1.0,1.25,1473.5,1.935678455,0,0,5597.9005695,950.73755362,conditional_simulation_not_universal_empirical_recommendation
pv_source_pressure_plus25pct,joint_pv_reverse_stress,QX-00005,110,2024,rigid,elastic,0.99666625,region_shared_2025_proxy_not_voltage_specific,862.661537,0.17886978,0.05638432,1.0,1.0,1.0,7,7,2025_template_simulation_not_target_year_observation,1.0,1.0,1.25,1482.0,1.717939118,0,0,5597.9005695,950.73755362,conditional_simulation_not_universal_empirical_recommendation
pv_source_pressure_plus25pct,joint_pv_reverse_stress,QX-00005,110,2025,rigid,elastic,0.99666625,region_shared_2025_proxy_not_voltage_specific,951.66,0.30049059,0.0678907,1.0,1.0,1.0,7,7,2025_template_simulation_not_target_year_observation,1.0,1.0,1.25,1556.5,1.635563121,0,4.496512,5597.9005695,950.73755362,conditional_simulation_not_universal_empirical_recommendation
pv_source_pressure_plus25pct,joint_pv_reverse_stress,QX-00005,110,2022,elastic,elastic,0.99666625,region_shared_2025_proxy_not_voltage_specific,825.004193,0.12740915,0.12740915,1.0,1.0,1.0,7,7,2025_template_simulation_not_target_year_observation,1.0,1.0,1.25,1499.5,1.81756652,0,0,4647.16301588,950.73755362,conditional_simulation_not_universal_empirical_recommendation
pv_source_pressure_plus25pct,joint_pv_reverse_stress,QX-00005,110,2023,elastic,elastic,0.99666625,region_shared_2025_proxy_not_voltage_specific,761.231803,0.04026102,0.01993187,1.0,1.0,1.0,7,7,2025_template_simulation_not_target_year_observation,1.0,1.0,1.25,1499.5,1.969833622,0,0,4647.16301588,950.73755362,conditional_simulation_not_universal_empirical_recommendation
pv_source_pressure_plus25pct,joint_pv_reverse_stress,QX-00005,110,2024,elastic,elastic,0.99666625,region_shared_2025_proxy_not_voltage_specific,862.661537,0.17886978,0.05638432,1.0,1.0,1.0,7,7,2025_template_simulation_not_target_year_observation,1.0,1.0,1.25,1531.0,1.774740074,0,0,4647.16301588,950.73755362,conditional_simulation_not_universal_empirical_recommendation
pv_source_pressure_plus25pct,joint_pv_reverse_stress,QX-00005,110,2025,elastic,elastic,0.99666625,region_shared_2025_proxy_not_voltage_specific,951.66,0.30049059,0.0678907,1.0,1.0,1.0,7,7,2025_template_simulation_not_target_year_observation,1.0,1.0,1.25,1574.0,1.653952042,0,0,4647.16301588,950.73755362,conditional_simulation_not_universal_empirical_recommendation
pv_source_pressure_plus25pct,joint_pv_reverse_stress,QX-00007,110,2022,rigid,cost_tie,0.37912125,region_shared_2025_proxy_not_voltage_specific,1224.839602,-0.01200192,-0.01200192,1.0,1.0,1.0,11,11,2025_template_simulation_not_target_year_observation,1.0,1.0,1.25,2442.0,1.993730441,0,0,2664.61017127,0.0,conditional_simulation_not_universal_empirical_recommendation
pv_source_pressure_plus25pct,joint_pv_reverse_stress,QX-00007,110,2023,rigid,cost_tie,0.37912125,region_shared_2025_proxy_not_voltage_specific,1318.771113,0.06376649,0.03139056,1.0,1.0,1.0,11,11,2025_template_simulation_not_target_year_observation,1.0,1.0,1.25,2475.0,1.876747205,0,0,2664.61017127,0.0,conditional_simulation_not_universal_empirical_recommendation
pv_source_pressure_plus25pct,joint_pv_reverse_stress,QX-00007,110,2024,rigid,cost_tie,0.37912125,region_shared_2025_proxy_not_voltage_specific,1239.403553,-0.00025413,-8.472e-05,1.0,1.0,1.0,11,11,2025_template_simulation_not_target_year_observation,1.0,1.0,1.25,2475.0,1.996928276,0,0,2664.61017127,0.0,conditional_simulation_not_universal_empirical_recommendation
pv_source_pressure_plus25pct,joint_pv_reverse_stress,QX-00007,110,2025,rigid,cost_tie,0.37912125,region_shared_2025_proxy_not_voltage_specific,1307.315366,0.05452589,0.01336129,1.0,1.0,1.0,11,11,2025_template_simulation_not_target_year_observation,1.0,1.0,1.25,2475.0,1.893192771,0,0,2664.61017127,0.0,conditional_simulation_not_universal_empirical_recommendation
pv_source_pressure_plus25pct,joint_pv_reverse_stress,QX-00007,110,2022,elastic,cost_tie,0.37912125,region_shared_2025_proxy_not_voltage_specific,1224.839602,-0.01200192,-0.01200192,1.0,1.0,1.0,11,11,2025_template_simulation_not_target_year_observation,1.0,1.0,1.25,2442.0,1.993730441,0,0,2664.61017127,0.0,conditional_simulation_not_universal_empirical_recommendation
pv_source_pressure_plus25pct,joint_pv_reverse_stress,QX-00007,110,2023,elastic,cost_tie,0.37912125,region_shared_2025_proxy_not_voltage_specific,1318.771113,0.06376649,0.03139056,1.0,1.0,1.0,11,11,2025_template_simulation_not_target_year_observation,1.0,1.0,1.25,2475.0,1.876747205,0,0,2664.61017127,0.0,conditional_simulation_not_universal_empirical_recommendation
pv_source_pressure_plus25pct,joint_pv_reverse_stress,QX-00007,110,2024,elastic,cost_tie,0.37912125,region_shared_2025_proxy_not_voltage_specific,1239.403553,-0.00025413,-8.472e-05,1.0,1.0,1.0,11,11,2025_template_simulation_not_target_year_observation,1.0,1.0,1.25,2475.0,1.996928276,0,0,2664.61017127,0.0,conditional_simulation_not_universal_empirical_recommendation
pv_source_pressure_plus25pct,joint_pv_reverse_stress,QX-00007,110,2025,elastic,cost_tie,0.37912125,region_shared_2025_proxy_not_voltage_specific,1307.315366,0.05452589,0.01336129,1.0,1.0,1.0,11,11,2025_template_simulation_not_target_year_observation,1.0,1.0,1.25,2475.0,1.893192771,0,0,2664.61017127,0.0,conditional_simulation_not_universal_empirical_recommendation
