study_region_id,voltage_kv,year,model_station_id,reverse_variant,estimated_station_forward_peak_mw,reverse_screen_mw,reverse_basis,prior_unit_1_mva,prior_unit_2_mva,selected_unit_1_mva,selected_unit_2_mva,selected_capacity_mva,capacity_increment_mva,equipment_change_not_costed,technical_status
QX-00005,35,2021,BDZ-00246,night_central,14.611994,0.0,historical_typical_window_proxy,8.0,16.0,8.0,16.0,24.0,0.0,no,transformer_only_aggregate_screen_not_guide_feasibility
QX-00005,35,2022,BDZ-00246,night_central,22.565302,0.0,historical_typical_window_proxy,8.0,16.0,8.0,16.0,24.0,0.0,no,transformer_only_aggregate_screen_not_guide_feasibility
QX-00005,35,2023,BDZ-00246,night_central,15.686725,3.198271,historical_typical_window_proxy,8.0,16.0,8.0,16.0,24.0,0.0,no,transformer_only_aggregate_screen_not_guide_feasibility
QX-00005,35,2024,BDZ-00246,night_central,23.224593,13.731423,historical_typical_window_proxy,8.0,16.0,10.0,16.0,26.0,2.0,yes,transformer_only_aggregate_screen_not_guide_feasibility
QX-00005,35,2025,BDZ-00246,night_central,26.714474,25.21,observed_2025_independent_station_peak,10.0,16.0,10.0,25.0,35.0,9.0,yes,transformer_only_aggregate_screen_not_guide_feasibility
QX-00005,35,2021,BDZ-00247,night_central,3.469665,0.0,historical_typical_window_proxy,8.0,8.0,8.0,8.0,16.0,0.0,no,transformer_only_aggregate_screen_not_guide_feasibility
QX-00005,35,2022,BDZ-00247,night_central,5.358203,0.0,historical_typical_window_proxy,8.0,8.0,8.0,8.0,16.0,0.0,no,transformer_only_aggregate_screen_not_guide_feasibility
QX-00005,35,2023,BDZ-00247,night_central,3.724863,0.0,historical_typical_window_proxy,8.0,8.0,8.0,8.0,16.0,0.0,no,transformer_only_aggregate_screen_not_guide_feasibility
QX-00005,35,2024,BDZ-00247,night_central,5.514754,0.0,historical_typical_window_proxy,8.0,8.0,8.0,8.0,16.0,0.0,no,transformer_only_aggregate_screen_not_guide_feasibility
QX-00005,35,2025,BDZ-00247,night_central,6.343437,0.1,observed_2025_independent_station_peak,8.0,8.0,8.0,8.0,16.0,0.0,no,transformer_only_aggregate_screen_not_guide_feasibility
QX-00005,35,2021,BDZ-00248,night_central,13.78015,0.0,historical_typical_window_proxy,8.0,16.0,8.0,16.0,24.0,0.0,no,transformer_only_aggregate_screen_not_guide_feasibility
QX-00005,35,2022,BDZ-00248,night_central,21.280686,0.0,historical_typical_window_proxy,8.0,16.0,8.0,16.0,24.0,0.0,no,transformer_only_aggregate_screen_not_guide_feasibility
QX-00005,35,2023,BDZ-00248,night_central,14.793698,1.766465,historical_typical_window_proxy,8.0,16.0,8.0,16.0,24.0,0.0,no,transformer_only_aggregate_screen_not_guide_feasibility
QX-00005,35,2024,BDZ-00248,night_central,21.902444,7.485366,historical_typical_window_proxy,8.0,16.0,8.0,16.0,24.0,0.0,no,transformer_only_aggregate_screen_not_guide_feasibility
QX-00005,35,2025,BDZ-00248,night_central,25.19365,13.16,observed_2025_independent_station_peak,8.0,16.0,8.0,20.0,28.0,4.0,yes,transformer_only_aggregate_screen_not_guide_feasibility
QX-00005,35,2021,BDZ-00255,night_central,14.508014,0.0,historical_typical_window_proxy,8.0,8.0,8.0,8.0,16.0,0.0,no,transformer_only_aggregate_screen_not_guide_feasibility
QX-00005,35,2022,BDZ-00255,night_central,22.404725,0.0,historical_typical_window_proxy,8.0,8.0,8.0,16.0,24.0,8.0,yes,transformer_only_aggregate_screen_not_guide_feasibility
QX-00005,35,2023,BDZ-00255,night_central,15.575097,3.665161,historical_typical_window_proxy,8.0,16.0,8.0,16.0,24.0,0.0,no,transformer_only_aggregate_screen_not_guide_feasibility
QX-00005,35,2024,BDZ-00255,night_central,23.059324,12.228694,historical_typical_window_proxy,8.0,16.0,10.0,16.0,26.0,2.0,yes,transformer_only_aggregate_screen_not_guide_feasibility
QX-00005,35,2025,BDZ-00255,night_central,26.524371,21.39,observed_2025_independent_station_peak,10.0,16.0,10.0,20.0,30.0,4.0,yes,transformer_only_aggregate_screen_not_guide_feasibility
QX-00005,35,2021,BDZ-00280,night_central,13.719951,0.0,historical_typical_window_proxy,8.0,16.0,8.0,16.0,24.0,0.0,no,transformer_only_aggregate_screen_not_guide_feasibility
QX-00005,35,2022,BDZ-00280,night_central,21.18772,0.0,historical_typical_window_proxy,8.0,16.0,8.0,16.0,24.0,0.0,no,transformer_only_aggregate_screen_not_guide_feasibility
QX-00005,35,2023,BDZ-00280,night_central,14.729071,1.292867,historical_typical_window_proxy,8.0,16.0,8.0,16.0,24.0,0.0,no,transformer_only_aggregate_screen_not_guide_feasibility
QX-00005,35,2024,BDZ-00280,night_central,21.806762,10.619481,historical_typical_window_proxy,8.0,16.0,8.0,16.0,24.0,0.0,no,transformer_only_aggregate_screen_not_guide_feasibility
QX-00005,35,2025,BDZ-00280,night_central,25.083591,19.76,observed_2025_independent_station_peak,8.0,16.0,8.0,20.0,28.0,4.0,yes,transformer_only_aggregate_screen_not_guide_feasibility
QX-00005,35,2021,BDZ-00290,night_central,8.832868,0.0,historical_typical_window_proxy,8.0,8.0,8.0,8.0,16.0,0.0,no,transformer_only_aggregate_screen_not_guide_feasibility
QX-00005,35,2022,BDZ-00290,night_central,13.640598,1.020706,historical_typical_window_proxy,8.0,8.0,8.0,8.0,16.0,0.0,no,transformer_only_aggregate_screen_not_guide_feasibility
QX-00005,35,2023,BDZ-00290,night_central,9.482537,6.803139,historical_typical_window_proxy,8.0,8.0,8.0,8.0,16.0,0.0,no,transformer_only_aggregate_screen_not_guide_feasibility
QX-00005,35,2024,BDZ-00290,night_central,14.039136,16.097112,historical_typical_window_proxy,8.0,8.0,8.0,16.0,24.0,8.0,yes,transformer_only_aggregate_screen_not_guide_feasibility
QX-00005,35,2025,BDZ-00290,night_central,16.14875,25.37,observed_2025_independent_station_peak,8.0,16.0,10.0,25.0,35.0,11.0,yes,transformer_only_aggregate_screen_not_guide_feasibility
QX-00005,35,2021,BDZ-00314,night_central,11.158748,0.0,historical_typical_window_proxy,10.0,10.0,10.0,10.0,20.0,0.0,no,transformer_only_aggregate_screen_not_guide_feasibility
QX-00005,35,2022,BDZ-00314,night_central,17.232454,0.0,historical_typical_window_proxy,10.0,10.0,10.0,10.0,20.0,0.0,no,transformer_only_aggregate_screen_not_guide_feasibility
QX-00005,35,2023,BDZ-00314,night_central,11.979488,6.777031,historical_typical_window_proxy,10.0,10.0,10.0,10.0,20.0,0.0,no,transformer_only_aggregate_screen_not_guide_feasibility
QX-00005,35,2024,BDZ-00314,night_central,17.735934,18.868333,historical_typical_window_proxy,10.0,10.0,10.0,16.0,26.0,6.0,yes,transformer_only_aggregate_screen_not_guide_feasibility
QX-00005,35,2025,BDZ-00314,night_central,20.401054,26.87,observed_2025_independent_station_peak,10.0,16.0,16.0,20.0,36.0,10.0,yes,transformer_only_aggregate_screen_not_guide_feasibility
QX-00005,35,2021,BDZ-00325,night_central,11.027404,0.0,historical_typical_window_proxy,10.0,10.0,10.0,10.0,20.0,0.0,no,transformer_only_aggregate_screen_not_guide_feasibility
QX-00005,35,2022,BDZ-00325,night_central,17.02962,0.0,historical_typical_window_proxy,10.0,10.0,10.0,10.0,20.0,0.0,no,transformer_only_aggregate_screen_not_guide_feasibility
QX-00005,35,2023,BDZ-00325,night_central,11.838483,0.0,historical_typical_window_proxy,10.0,10.0,10.0,10.0,20.0,0.0,no,transformer_only_aggregate_screen_not_guide_feasibility
QX-00005,35,2024,BDZ-00325,night_central,17.527174,0.995622,historical_typical_window_proxy,10.0,10.0,10.0,10.0,20.0,0.0,no,transformer_only_aggregate_screen_not_guide_feasibility
QX-00005,35,2025,BDZ-00325,night_central,20.160924,2.77,observed_2025_independent_station_peak,10.0,10.0,10.0,16.0,26.0,6.0,yes,transformer_only_aggregate_screen_not_guide_feasibility
QX-00005,110,2021,BDZ-00005,night_central,28.481559,0.0,historical_typical_window_proxy,20.0,50.0,20.0,50.0,70.0,0.0,no,transformer_only_aggregate_screen_not_guide_feasibility
QX-00005,110,2022,BDZ-00005,night_central,32.110371,0.0,historical_typical_window_proxy,20.0,50.0,20.0,50.0,70.0,0.0,no,transformer_only_aggregate_screen_not_guide_feasibility
QX-00005,110,2023,BDZ-00005,night_central,29.628256,1.34858,historical_typical_window_proxy,20.0,50.0,20.0,50.0,70.0,0.0,no,transformer_only_aggregate_screen_not_guide_feasibility
QX-00005,110,2024,BDZ-00005,night_central,33.57605,9.320599,historical_typical_window_proxy,20.0,50.0,20.0,50.0,70.0,0.0,no,transformer_only_aggregate_screen_not_guide_feasibility
QX-00005,110,2025,BDZ-00005,night_central,37.226434,19.02,observed_2025_independent_station_peak,20.0,50.0,20.0,50.0,70.0,0.0,no,transformer_only_aggregate_screen_not_guide_feasibility
QX-00005,110,2021,BDZ-00016,night_central,53.126105,0.0,historical_typical_window_proxy,40.0,63.0,40.0,63.0,103.0,0.0,no,transformer_only_aggregate_screen_not_guide_feasibility
QX-00005,110,2022,BDZ-00016,night_central,59.894857,0.0,historical_typical_window_proxy,40.0,63.0,40.0,63.0,103.0,0.0,no,transformer_only_aggregate_screen_not_guide_feasibility
QX-00005,110,2023,BDZ-00016,night_central,55.265016,0.0,historical_typical_window_proxy,40.0,63.0,40.0,63.0,103.0,0.0,no,transformer_only_aggregate_screen_not_guide_feasibility
QX-00005,110,2024,BDZ-00016,night_central,62.62876,15.175379,historical_typical_window_proxy,40.0,63.0,40.0,63.0,103.0,0.0,no,transformer_only_aggregate_screen_not_guide_feasibility
QX-00005,110,2025,BDZ-00016,night_central,69.437751,31.61,observed_2025_independent_station_peak,40.0,63.0,40.0,63.0,103.0,0.0,no,transformer_only_aggregate_screen_not_guide_feasibility
QX-00005,110,2021,BDZ-00021,night_central,23.183559,0.0,historical_typical_window_proxy,20.0,50.0,20.0,50.0,70.0,0.0,no,transformer_only_aggregate_screen_not_guide_feasibility
QX-00005,110,2022,BDZ-00021,night_central,26.137356,0.0,historical_typical_window_proxy,20.0,50.0,20.0,50.0,70.0,0.0,no,transformer_only_aggregate_screen_not_guide_feasibility
QX-00005,110,2023,BDZ-00021,night_central,24.116952,0.0,historical_typical_window_proxy,20.0,50.0,20.0,50.0,70.0,0.0,no,transformer_only_aggregate_screen_not_guide_feasibility
QX-00005,110,2024,BDZ-00021,night_central,27.330397,11.708854,historical_typical_window_proxy,20.0,50.0,20.0,50.0,70.0,0.0,no,transformer_only_aggregate_screen_not_guide_feasibility
QX-00005,110,2025,BDZ-00021,night_central,30.301754,24.34,observed_2025_independent_station_peak,20.0,50.0,20.0,50.0,70.0,0.0,no,transformer_only_aggregate_screen_not_guide_feasibility
QX-00005,110,2021,BDZ-00022,night_central,23.406551,0.0,historical_typical_window_proxy,20.0,31.5,20.0,31.5,51.5,0.0,no,transformer_only_aggregate_screen_not_guide_feasibility
QX-00005,110,2022,BDZ-00022,night_central,26.38876,0.679466,historical_typical_window_proxy,20.0,31.5,20.0,31.5,51.5,0.0,no,transformer_only_aggregate_screen_not_guide_feasibility
QX-00005,110,2023,BDZ-00022,night_central,24.348923,11.446331,historical_typical_window_proxy,20.0,31.5,20.0,31.5,51.5,0.0,no,transformer_only_aggregate_screen_not_guide_feasibility
QX-00005,110,2024,BDZ-00022,night_central,27.593276,33.528634,historical_typical_window_proxy,20.0,31.5,20.0,31.5,51.5,0.0,no,transformer_only_aggregate_screen_not_guide_feasibility
QX-00005,110,2025,BDZ-00022,night_central,30.593214,47.23,observed_2025_independent_station_peak,20.0,31.5,31.5,31.5,63.0,11.5,yes,transformer_only_aggregate_screen_not_guide_feasibility
QX-00005,110,2021,BDZ-00026,night_central,70.434958,0.0,historical_typical_window_proxy,40.0,40.0,40.0,40.0,80.0,0.0,no,transformer_only_aggregate_screen_not_guide_feasibility
QX-00005,110,2022,BDZ-00026,night_central,79.409016,0.0,historical_typical_window_proxy,40.0,40.0,40.0,50.0,90.0,10.0,yes,transformer_only_aggregate_screen_not_guide_feasibility
QX-00005,110,2023,BDZ-00026,night_central,73.270741,0.0,historical_typical_window_proxy,40.0,50.0,40.0,50.0,90.0,0.0,no,transformer_only_aggregate_screen_not_guide_feasibility
QX-00005,110,2024,BDZ-00026,night_central,83.033643,5.182533,historical_typical_window_proxy,40.0,50.0,40.0,50.0,90.0,0.0,no,transformer_only_aggregate_screen_not_guide_feasibility
QX-00005,110,2025,BDZ-00026,night_central,92.061051,18.04,observed_2025_independent_station_peak,40.0,50.0,50.0,50.0,100.0,10.0,yes,transformer_only_aggregate_screen_not_guide_feasibility
QX-00005,110,2021,BDZ-00027,night_central,45.536662,0.0,historical_typical_window_proxy,20.0,50.0,20.0,50.0,70.0,0.0,no,transformer_only_aggregate_screen_not_guide_feasibility
QX-00005,110,2022,BDZ-00027,night_central,51.338449,0.0,historical_typical_window_proxy,20.0,50.0,20.0,50.0,70.0,0.0,no,transformer_only_aggregate_screen_not_guide_feasibility
QX-00005,110,2023,BDZ-00027,night_central,47.370014,0.0,historical_typical_window_proxy,20.0,50.0,20.0,50.0,70.0,0.0,no,transformer_only_aggregate_screen_not_guide_feasibility
QX-00005,110,2024,BDZ-00027,night_central,53.681794,14.618257,historical_typical_window_proxy,20.0,50.0,20.0,50.0,70.0,0.0,no,transformer_only_aggregate_screen_not_guide_feasibility
QX-00005,110,2025,BDZ-00027,night_central,59.518073,35.27,observed_2025_independent_station_peak,20.0,50.0,20.0,50.0,70.0,0.0,no,transformer_only_aggregate_screen_not_guide_feasibility
QX-00005,110,2021,BDZ-00028,night_central,79.231638,0.0,historical_typical_window_proxy,31.5,80.0,31.5,80.0,111.5,0.0,no,transformer_only_aggregate_screen_not_guide_feasibility
QX-00005,110,2022,BDZ-00028,night_central,89.326474,0.0,historical_typical_window_proxy,31.5,80.0,31.5,80.0,111.5,0.0,no,transformer_only_aggregate_screen_not_guide_feasibility
QX-00005,110,2023,BDZ-00028,night_central,82.421584,0.0,historical_typical_window_proxy,31.5,80.0,31.5,80.0,111.5,0.0,no,transformer_only_aggregate_screen_not_guide_feasibility
QX-00005,110,2024,BDZ-00028,night_central,93.403784,0.0,historical_typical_window_proxy,31.5,80.0,31.5,80.0,111.5,0.0,no,transformer_only_aggregate_screen_not_guide_feasibility
QX-00005,110,2025,BDZ-00028,night_central,103.558632,0.0,observed_2025_independent_station_peak,31.5,80.0,31.5,80.0,111.5,0.0,no,transformer_only_aggregate_screen_not_guide_feasibility
QX-00005,110,2021,BDZ-00031,night_central,30.519252,0.0,historical_typical_window_proxy,31.5,40.0,31.5,40.0,71.5,0.0,no,transformer_only_aggregate_screen_not_guide_feasibility
QX-00005,110,2022,BDZ-00031,night_central,34.407684,0.0,historical_typical_window_proxy,31.5,40.0,31.5,40.0,71.5,0.0,no,transformer_only_aggregate_screen_not_guide_feasibility
QX-00005,110,2023,BDZ-00031,night_central,31.747988,0.05848,historical_typical_window_proxy,31.5,40.0,31.5,40.0,71.5,0.0,no,transformer_only_aggregate_screen_not_guide_feasibility
QX-00005,110,2024,BDZ-00031,night_central,35.978224,15.973454,historical_typical_window_proxy,31.5,40.0,31.5,40.0,71.5,0.0,no,transformer_only_aggregate_screen_not_guide_feasibility
QX-00005,110,2025,BDZ-00031,night_central,39.889772,29.53,observed_2025_independent_station_peak,31.5,40.0,31.5,40.0,71.5,0.0,no,transformer_only_aggregate_screen_not_guide_feasibility
QX-00005,110,2021,BDZ-00037,night_central,21.068972,0.0,historical_typical_window_proxy,20.0,50.0,20.0,50.0,70.0,0.0,no,transformer_only_aggregate_screen_not_guide_feasibility
QX-00005,110,2022,BDZ-00037,night_central,23.753352,0.0,historical_typical_window_proxy,20.0,50.0,20.0,50.0,70.0,0.0,no,transformer_only_aggregate_screen_not_guide_feasibility
QX-00005,110,2023,BDZ-00037,night_central,21.91723,0.882244,historical_typical_window_proxy,20.0,50.0,20.0,50.0,70.0,0.0,no,transformer_only_aggregate_screen_not_guide_feasibility
QX-00005,110,2024,BDZ-00037,night_central,24.837574,13.799819,historical_typical_window_proxy,20.0,50.0,20.0,50.0,70.0,0.0,no,transformer_only_aggregate_screen_not_guide_feasibility
QX-00005,110,2025,BDZ-00037,night_central,27.537913,26.86,observed_2025_independent_station_peak,20.0,50.0,20.0,50.0,70.0,0.0,no,transformer_only_aggregate_screen_not_guide_feasibility
QX-00005,110,2021,BDZ-00048,night_central,55.932738,0.0,historical_typical_window_proxy,20.0,80.0,20.0,80.0,100.0,0.0,no,transformer_only_aggregate_screen_not_guide_feasibility
QX-00005,110,2022,BDZ-00048,night_central,63.059081,0.0,historical_typical_window_proxy,20.0,80.0,20.0,80.0,100.0,0.0,no,transformer_only_aggregate_screen_not_guide_feasibility
QX-00005,110,2023,BDZ-00048,night_central,58.184647,0.0,historical_typical_window_proxy,20.0,80.0,20.0,80.0,100.0,0.0,no,transformer_only_aggregate_screen_not_guide_feasibility
QX-00005,110,2024,BDZ-00048,night_central,65.937415,0.0,historical_typical_window_proxy,20.0,80.0,20.0,80.0,100.0,0.0,no,transformer_only_aggregate_screen_not_guide_feasibility
QX-00005,110,2025,BDZ-00048,night_central,73.106123,4.56,observed_2025_independent_station_peak,20.0,80.0,20.0,80.0,100.0,0.0,no,transformer_only_aggregate_screen_not_guide_feasibility
QX-00005,110,2021,BDZ-00095,night_central,17.524156,0.0,historical_typical_window_proxy,20.0,50.0,20.0,50.0,70.0,0.0,no,transformer_only_aggregate_screen_not_guide_feasibility
QX-00005,110,2022,BDZ-00095,night_central,19.756894,0.0,historical_typical_window_proxy,20.0,50.0,20.0,50.0,70.0,0.0,no,transformer_only_aggregate_screen_not_guide_feasibility
QX-00005,110,2023,BDZ-00095,night_central,18.229696,5.175982,historical_typical_window_proxy,20.0,50.0,20.0,50.0,70.0,0.0,no,transformer_only_aggregate_screen_not_guide_feasibility
QX-00005,110,2024,BDZ-00095,night_central,20.658698,19.009203,historical_typical_window_proxy,20.0,50.0,20.0,50.0,70.0,0.0,no,transformer_only_aggregate_screen_not_guide_feasibility
QX-00005,110,2025,BDZ-00095,night_central,22.904709,30.81,observed_2025_independent_station_peak,20.0,50.0,20.0,50.0,70.0,0.0,no,transformer_only_aggregate_screen_not_guide_feasibility
QX-00005,110,2021,BDZ-00096,night_central,53.087658,0.0,historical_typical_window_proxy,31.5,80.0,31.5,80.0,111.5,0.0,no,transformer_only_aggregate_screen_not_guide_feasibility
QX-00005,110,2022,BDZ-00096,night_central,59.851512,0.0,historical_typical_window_proxy,31.5,80.0,31.5,80.0,111.5,0.0,no,transformer_only_aggregate_screen_not_guide_feasibility
QX-00005,110,2023,BDZ-00096,night_central,55.225021,0.0,historical_typical_window_proxy,31.5,80.0,31.5,80.0,111.5,0.0,no,transformer_only_aggregate_screen_not_guide_feasibility
QX-00005,110,2024,BDZ-00096,night_central,62.583436,0.0,historical_typical_window_proxy,31.5,80.0,31.5,80.0,111.5,0.0,no,transformer_only_aggregate_screen_not_guide_feasibility
QX-00005,110,2025,BDZ-00096,night_central,69.3875,0.0,observed_2025_independent_station_peak,31.5,80.0,31.5,80.0,111.5,0.0,no,transformer_only_aggregate_screen_not_guide_feasibility
QX-00005,110,2021,BDZ-00124,night_central,46.997649,0.0,historical_typical_window_proxy,31.5,40.0,31.5,40.0,71.5,0.0,no,transformer_only_aggregate_screen_not_guide_feasibility
QX-00005,110,2022,BDZ-00124,night_central,52.985579,0.0,historical_typical_window_proxy,31.5,40.0,31.5,40.0,71.5,0.0,no,transformer_only_aggregate_screen_not_guide_feasibility
QX-00005,110,2023,BDZ-00124,night_central,48.889822,1.64051,historical_typical_window_proxy,31.5,40.0,31.5,40.0,71.5,0.0,no,transformer_only_aggregate_screen_not_guide_feasibility
QX-00005,110,2024,BDZ-00124,night_central,55.404108,16.09665,historical_typical_window_proxy,31.5,40.0,31.5,40.0,71.5,0.0,no,transformer_only_aggregate_screen_not_guide_feasibility
QX-00005,110,2025,BDZ-00124,night_central,61.427636,30.65,observed_2025_independent_station_peak,31.5,40.0,31.5,40.0,71.5,0.0,no,transformer_only_aggregate_screen_not_guide_feasibility
QX-00005,110,2021,BDZ-00135,night_central,64.898586,0.0,historical_typical_window_proxy,31.5,40.0,31.5,40.0,71.5,0.0,no,transformer_only_aggregate_screen_not_guide_feasibility
QX-00005,110,2022,BDZ-00135,night_central,73.167259,0.0,historical_typical_window_proxy,31.5,40.0,40.0,40.0,80.0,8.5,yes,transformer_only_aggregate_screen_not_guide_feasibility
QX-00005,110,2023,BDZ-00135,night_central,67.511469,2.720648,historical_typical_window_proxy,40.0,40.0,40.0,40.0,80.0,0.0,no,transformer_only_aggregate_screen_not_guide_feasibility
QX-00005,110,2024,BDZ-00135,night_central,76.506981,29.264219,historical_typical_window_proxy,40.0,40.0,40.0,50.0,90.0,10.0,yes,transformer_only_aggregate_screen_not_guide_feasibility
QX-00005,110,2025,BDZ-00135,night_central,84.824811,56.92,observed_2025_independent_station_peak,40.0,50.0,40.0,50.0,90.0,0.0,no,transformer_only_aggregate_screen_not_guide_feasibility
QX-00005,110,2021,BDZ-00141,night_central,30.503873,0.0,historical_typical_window_proxy,20.0,50.0,20.0,50.0,70.0,0.0,no,transformer_only_aggregate_screen_not_guide_feasibility
QX-00005,110,2022,BDZ-00141,night_central,34.390346,0.0,historical_typical_window_proxy,20.0,50.0,20.0,50.0,70.0,0.0,no,transformer_only_aggregate_screen_not_guide_feasibility
QX-00005,110,2023,BDZ-00141,night_central,31.73199,1.985083,historical_typical_window_proxy,20.0,50.0,20.0,50.0,70.0,0.0,no,transformer_only_aggregate_screen_not_guide_feasibility
QX-00005,110,2024,BDZ-00141,night_central,35.960094,21.138431,historical_typical_window_proxy,20.0,50.0,20.0,50.0,70.0,0.0,no,transformer_only_aggregate_screen_not_guide_feasibility
QX-00005,110,2025,BDZ-00141,night_central,39.869671,37.46,observed_2025_independent_station_peak,20.0,50.0,20.0,50.0,70.0,0.0,no,transformer_only_aggregate_screen_not_guide_feasibility
QX-00005,110,2021,BDZ-00146,night_central,19.838667,0.0,historical_typical_window_proxy,20.0,31.5,20.0,31.5,51.5,0.0,no,transformer_only_aggregate_screen_not_guide_feasibility
QX-00005,110,2022,BDZ-00146,night_central,22.366295,0.0,historical_typical_window_proxy,20.0,31.5,20.0,31.5,51.5,0.0,no,transformer_only_aggregate_screen_not_guide_feasibility
QX-00005,110,2023,BDZ-00146,night_central,20.637392,4.610378,historical_typical_window_proxy,20.0,31.5,20.0,31.5,51.5,0.0,no,transformer_only_aggregate_screen_not_guide_feasibility
QX-00005,110,2024,BDZ-00146,night_central,23.387205,16.562452,historical_typical_window_proxy,20.0,31.5,20.0,31.5,51.5,0.0,no,transformer_only_aggregate_screen_not_guide_feasibility
QX-00005,110,2025,BDZ-00146,night_central,25.929859,28.8,observed_2025_independent_station_peak,20.0,31.5,20.0,31.5,51.5,0.0,no,transformer_only_aggregate_screen_not_guide_feasibility
QX-00005,110,2021,BDZ-00147,night_central,38.416272,0.0,historical_typical_window_proxy,20.0,50.0,20.0,50.0,70.0,0.0,no,transformer_only_aggregate_screen_not_guide_feasibility
QX-00005,110,2022,BDZ-00147,night_central,43.310856,0.0,historical_typical_window_proxy,20.0,50.0,20.0,50.0,70.0,0.0,no,transformer_only_aggregate_screen_not_guide_feasibility
QX-00005,110,2023,BDZ-00147,night_central,39.96295,0.0,historical_typical_window_proxy,20.0,50.0,20.0,50.0,70.0,0.0,no,transformer_only_aggregate_screen_not_guide_feasibility
QX-00005,110,2024,BDZ-00147,night_central,45.287782,0.0,historical_typical_window_proxy,20.0,50.0,20.0,50.0,70.0,0.0,no,transformer_only_aggregate_screen_not_guide_feasibility
QX-00005,110,2025,BDZ-00147,night_central,50.211464,0.0,observed_2025_independent_station_peak,20.0,50.0,20.0,50.0,70.0,0.0,no,transformer_only_aggregate_screen_not_guide_feasibility
QX-00005,110,2021,BDZ-00162,night_central,14.686765,0.0,historical_typical_window_proxy,20.0,20.0,20.0,20.0,40.0,0.0,no,transformer_only_aggregate_screen_not_guide_feasibility
QX-00005,110,2022,BDZ-00162,night_central,16.557993,0.393072,historical_typical_window_proxy,20.0,20.0,20.0,20.0,40.0,0.0,no,transformer_only_aggregate_screen_not_guide_feasibility
QX-00005,110,2023,BDZ-00162,night_central,15.278069,6.109757,historical_typical_window_proxy,20.0,20.0,20.0,20.0,40.0,0.0,no,transformer_only_aggregate_screen_not_guide_feasibility
QX-00005,110,2024,BDZ-00162,night_central,17.313784,19.733348,historical_typical_window_proxy,20.0,20.0,20.0,20.0,40.0,0.0,no,transformer_only_aggregate_screen_not_guide_feasibility
QX-00005,110,2025,BDZ-00162,night_central,19.196136,35.2,observed_2025_independent_station_peak,20.0,20.0,20.0,31.5,51.5,11.5,yes,transformer_only_aggregate_screen_not_guide_feasibility
QX-00005,110,2021,BDZ-00164,night_central,29.950236,0.0,historical_typical_window_proxy,20.0,20.0,20.0,20.0,40.0,0.0,no,transformer_only_aggregate_screen_not_guide_feasibility
QX-00005,110,2022,BDZ-00164,night_central,33.76617,0.0,historical_typical_window_proxy,20.0,20.0,20.0,20.0,40.0,0.0,no,transformer_only_aggregate_screen_not_guide_feasibility
QX-00005,110,2023,BDZ-00164,night_central,31.156063,1.275759,historical_typical_window_proxy,20.0,20.0,20.0,20.0,40.0,0.0,no,transformer_only_aggregate_screen_not_guide_feasibility
QX-00005,110,2024,BDZ-00164,night_central,35.307428,17.060353,historical_typical_window_proxy,20.0,20.0,20.0,20.0,40.0,0.0,no,transformer_only_aggregate_screen_not_guide_feasibility
QX-00005,110,2025,BDZ-00164,night_central,39.146047,30.51,observed_2025_independent_station_peak,20.0,20.0,20.0,31.5,51.5,11.5,yes,transformer_only_aggregate_screen_not_guide_feasibility
QX-00005,110,2021,BDZ-00172,night_central,26.343905,0.0,historical_typical_window_proxy,20.0,50.0,20.0,50.0,70.0,0.0,no,transformer_only_aggregate_screen_not_guide_feasibility
QX-00005,110,2022,BDZ-00172,night_central,29.700359,0.0,historical_typical_window_proxy,20.0,50.0,20.0,50.0,70.0,0.0,no,transformer_only_aggregate_screen_not_guide_feasibility
QX-00005,110,2023,BDZ-00172,night_central,27.404537,0.0,historical_typical_window_proxy,20.0,50.0,20.0,50.0,70.0,0.0,no,transformer_only_aggregate_screen_not_guide_feasibility
QX-00005,110,2024,BDZ-00172,night_central,31.056033,10.769679,historical_typical_window_proxy,20.0,50.0,20.0,50.0,70.0,0.0,no,transformer_only_aggregate_screen_not_guide_feasibility
QX-00005,110,2025,BDZ-00172,night_central,34.432441,22.78,observed_2025_independent_station_peak,20.0,50.0,20.0,50.0,70.0,0.0,no,transformer_only_aggregate_screen_not_guide_feasibility
QX-00007,110,2021,BDZ-00023,night_central,83.46246,0.0,historical_typical_window_proxy,40.0,63.0,40.0,63.0,103.0,0.0,no,transformer_only_aggregate_screen_not_guide_feasibility
QX-00007,110,2022,BDZ-00023,night_central,82.46075,0.0,historical_typical_window_proxy,40.0,63.0,40.0,63.0,103.0,0.0,no,transformer_only_aggregate_screen_not_guide_feasibility
QX-00007,110,2023,BDZ-00023,night_central,88.784568,0.0,historical_typical_window_proxy,40.0,63.0,40.0,63.0,103.0,0.0,no,transformer_only_aggregate_screen_not_guide_feasibility
QX-00007,110,2024,BDZ-00023,night_central,83.44125,0.0,historical_typical_window_proxy,40.0,63.0,40.0,63.0,103.0,0.0,no,transformer_only_aggregate_screen_not_guide_feasibility
QX-00007,110,2025,BDZ-00023,night_central,88.013325,0.0,observed_2025_independent_station_peak,40.0,63.0,40.0,63.0,103.0,0.0,no,transformer_only_aggregate_screen_not_guide_feasibility
QX-00007,110,2021,BDZ-00012,night_central,26.1828,0.0,historical_typical_window_proxy,40.0,40.0,40.0,40.0,80.0,0.0,no,transformer_only_aggregate_screen_not_guide_feasibility
QX-00007,110,2022,BDZ-00012,night_central,25.868556,0.0,historical_typical_window_proxy,40.0,40.0,40.0,40.0,80.0,0.0,no,transformer_only_aggregate_screen_not_guide_feasibility
QX-00007,110,2023,BDZ-00012,night_central,27.852385,4.959644,historical_typical_window_proxy,40.0,40.0,40.0,40.0,80.0,0.0,no,transformer_only_aggregate_screen_not_guide_feasibility
QX-00007,110,2024,BDZ-00012,night_central,26.176146,14.99623,historical_typical_window_proxy,40.0,40.0,40.0,40.0,80.0,0.0,no,transformer_only_aggregate_screen_not_guide_feasibility
QX-00007,110,2025,BDZ-00012,night_central,27.61044,30.55668,observed_2025_independent_station_peak,40.0,40.0,40.0,40.0,80.0,0.0,no,transformer_only_aggregate_screen_not_guide_feasibility
QX-00007,110,2021,BDZ-00013,night_central,57.019175,0.0,historical_typical_window_proxy,40.0,40.0,40.0,40.0,80.0,0.0,no,transformer_only_aggregate_screen_not_guide_feasibility
QX-00007,110,2022,BDZ-00013,night_central,56.334835,0.0,historical_typical_window_proxy,40.0,40.0,40.0,40.0,80.0,0.0,no,transformer_only_aggregate_screen_not_guide_feasibility
QX-00007,110,2023,BDZ-00013,night_central,60.655088,0.0,historical_typical_window_proxy,40.0,40.0,40.0,40.0,80.0,0.0,no,transformer_only_aggregate_screen_not_guide_feasibility
QX-00007,110,2024,BDZ-00013,night_central,57.004684,0.0,historical_typical_window_proxy,40.0,40.0,40.0,40.0,80.0,0.0,no,transformer_only_aggregate_screen_not_guide_feasibility
QX-00007,110,2025,BDZ-00013,night_central,60.128196,7.436468,observed_2025_independent_station_peak,40.0,40.0,40.0,40.0,80.0,0.0,no,transformer_only_aggregate_screen_not_guide_feasibility
QX-00007,110,2021,BDZ-00042,night_central,68.195058,0.0,historical_typical_window_proxy,40.0,40.0,40.0,40.0,80.0,0.0,no,transformer_only_aggregate_screen_not_guide_feasibility
QX-00007,110,2022,BDZ-00042,night_central,67.376586,0.0,historical_typical_window_proxy,40.0,40.0,40.0,40.0,80.0,0.0,no,transformer_only_aggregate_screen_not_guide_feasibility
QX-00007,110,2023,BDZ-00042,night_central,72.543617,0.0,historical_typical_window_proxy,40.0,40.0,40.0,40.0,80.0,0.0,no,transformer_only_aggregate_screen_not_guide_feasibility
QX-00007,110,2024,BDZ-00042,night_central,68.177727,0.0,historical_typical_window_proxy,40.0,40.0,40.0,40.0,80.0,0.0,no,transformer_only_aggregate_screen_not_guide_feasibility
QX-00007,110,2025,BDZ-00042,night_central,71.913454,0.0,observed_2025_independent_station_peak,40.0,40.0,40.0,40.0,80.0,0.0,no,transformer_only_aggregate_screen_not_guide_feasibility
QX-00007,110,2021,BDZ-00053,night_central,69.159646,0.0,historical_typical_window_proxy,40.0,40.0,40.0,40.0,80.0,0.0,no,transformer_only_aggregate_screen_not_guide_feasibility
QX-00007,110,2022,BDZ-00053,night_central,68.329597,0.0,historical_typical_window_proxy,40.0,40.0,40.0,40.0,80.0,0.0,no,transformer_only_aggregate_screen_not_guide_feasibility
QX-00007,110,2023,BDZ-00053,night_central,73.569714,0.0,historical_typical_window_proxy,40.0,40.0,40.0,40.0,80.0,0.0,no,transformer_only_aggregate_screen_not_guide_feasibility
QX-00007,110,2024,BDZ-00053,night_central,69.14207,0.0,historical_typical_window_proxy,40.0,40.0,40.0,40.0,80.0,0.0,no,transformer_only_aggregate_screen_not_guide_feasibility
QX-00007,110,2025,BDZ-00053,night_central,72.930637,0.0,observed_2025_independent_station_peak,40.0,40.0,40.0,40.0,80.0,0.0,no,transformer_only_aggregate_screen_not_guide_feasibility
QX-00007,110,2021,BDZ-00051,night_central,51.552581,0.0,historical_typical_window_proxy,40.0,40.0,40.0,40.0,80.0,0.0,no,transformer_only_aggregate_screen_not_guide_feasibility
QX-00007,110,2022,BDZ-00051,night_central,50.933851,0.0,historical_typical_window_proxy,40.0,40.0,40.0,40.0,80.0,0.0,no,transformer_only_aggregate_screen_not_guide_feasibility
QX-00007,110,2023,BDZ-00051,night_central,54.839908,0.0,historical_typical_window_proxy,40.0,40.0,40.0,40.0,80.0,0.0,no,transformer_only_aggregate_screen_not_guide_feasibility
QX-00007,110,2024,BDZ-00051,night_central,51.539479,0.0,historical_typical_window_proxy,40.0,40.0,40.0,40.0,80.0,0.0,no,transformer_only_aggregate_screen_not_guide_feasibility
QX-00007,110,2025,BDZ-00051,night_central,54.363531,0.0,observed_2025_independent_station_peak,40.0,40.0,40.0,40.0,80.0,0.0,no,transformer_only_aggregate_screen_not_guide_feasibility
QX-00007,110,2021,BDZ-00055,night_central,37.352141,0.0,historical_typical_window_proxy,40.0,40.0,40.0,40.0,80.0,0.0,no,transformer_only_aggregate_screen_not_guide_feasibility
QX-00007,110,2022,BDZ-00055,night_central,36.903844,0.0,historical_typical_window_proxy,40.0,40.0,40.0,40.0,80.0,0.0,no,transformer_only_aggregate_screen_not_guide_feasibility
QX-00007,110,2023,BDZ-00055,night_central,39.733956,0.0,historical_typical_window_proxy,40.0,40.0,40.0,40.0,80.0,0.0,no,transformer_only_aggregate_screen_not_guide_feasibility
QX-00007,110,2024,BDZ-00055,night_central,37.342649,0.0,historical_typical_window_proxy,40.0,40.0,40.0,40.0,80.0,0.0,no,transformer_only_aggregate_screen_not_guide_feasibility
QX-00007,110,2025,BDZ-00055,night_central,39.3888,5.8212,observed_2025_independent_station_peak,40.0,40.0,40.0,40.0,80.0,0.0,no,transformer_only_aggregate_screen_not_guide_feasibility
QX-00007,110,2021,SIM-CITY-KL,night_central,13.049465,0.306658,historical_typical_window_proxy,40.0,40.0,40.0,40.0,80.0,0.0,no,transformer_only_aggregate_screen_not_guide_feasibility
QX-00007,110,2022,SIM-CITY-KL,night_central,12.892847,0.532819,historical_typical_window_proxy,40.0,40.0,40.0,40.0,80.0,0.0,no,transformer_only_aggregate_screen_not_guide_feasibility
QX-00007,110,2023,SIM-CITY-KL,night_central,13.881584,0.840994,historical_typical_window_proxy,40.0,40.0,40.0,40.0,80.0,0.0,no,transformer_only_aggregate_screen_not_guide_feasibility
QX-00007,110,2024,SIM-CITY-KL,night_central,13.046149,1.320219,historical_typical_window_proxy,40.0,40.0,40.0,40.0,80.0,0.0,no,transformer_only_aggregate_screen_not_guide_feasibility
QX-00007,110,2025,SIM-CITY-KL,night_central,13.760999,4.06692,observed_2025_independent_station_peak,40.0,40.0,40.0,40.0,80.0,0.0,no,transformer_only_aggregate_screen_not_guide_feasibility
QX-00007,110,2021,BDZ-00065,night_central,67.900443,0.0,historical_typical_window_proxy,40.0,40.0,40.0,40.0,80.0,0.0,no,transformer_only_aggregate_screen_not_guide_feasibility
QX-00007,110,2022,BDZ-00065,night_central,67.085507,0.0,historical_typical_window_proxy,40.0,40.0,40.0,40.0,80.0,0.0,no,transformer_only_aggregate_screen_not_guide_feasibility
QX-00007,110,2023,BDZ-00065,night_central,72.230216,0.0,historical_typical_window_proxy,40.0,40.0,40.0,40.0,80.0,0.0,no,transformer_only_aggregate_screen_not_guide_feasibility
QX-00007,110,2024,BDZ-00065,night_central,67.883187,0.0,historical_typical_window_proxy,40.0,40.0,40.0,40.0,80.0,0.0,no,transformer_only_aggregate_screen_not_guide_feasibility
QX-00007,110,2025,BDZ-00065,night_central,71.602775,0.0,observed_2025_independent_station_peak,40.0,40.0,40.0,40.0,80.0,0.0,no,transformer_only_aggregate_screen_not_guide_feasibility
QX-00007,110,2021,BDZ-00062,night_central,45.604773,0.0,historical_typical_window_proxy,40.0,40.0,40.0,40.0,80.0,0.0,no,transformer_only_aggregate_screen_not_guide_feasibility
QX-00007,110,2022,BDZ-00062,night_central,45.057428,0.0,historical_typical_window_proxy,40.0,40.0,40.0,40.0,80.0,0.0,no,transformer_only_aggregate_screen_not_guide_feasibility
QX-00007,110,2023,BDZ-00062,night_central,48.51283,0.0,historical_typical_window_proxy,40.0,40.0,40.0,40.0,80.0,0.0,no,transformer_only_aggregate_screen_not_guide_feasibility
QX-00007,110,2024,BDZ-00062,night_central,45.593183,0.0,historical_typical_window_proxy,40.0,40.0,40.0,40.0,80.0,0.0,no,transformer_only_aggregate_screen_not_guide_feasibility
QX-00007,110,2025,BDZ-00062,night_central,48.091414,0.0,observed_2025_independent_station_peak,40.0,40.0,40.0,40.0,80.0,0.0,no,transformer_only_aggregate_screen_not_guide_feasibility
QX-00007,110,2021,BDZ-00076,night_central,25.811136,0.0,historical_typical_window_proxy,40.0,40.0,40.0,40.0,80.0,0.0,no,transformer_only_aggregate_screen_not_guide_feasibility
QX-00007,110,2022,BDZ-00076,night_central,25.501353,0.0,historical_typical_window_proxy,40.0,40.0,40.0,40.0,80.0,0.0,no,transformer_only_aggregate_screen_not_guide_feasibility
QX-00007,110,2023,BDZ-00076,night_central,27.457021,0.0,historical_typical_window_proxy,40.0,40.0,40.0,40.0,80.0,0.0,no,transformer_only_aggregate_screen_not_guide_feasibility
QX-00007,110,2024,BDZ-00076,night_central,25.804576,0.0,historical_typical_window_proxy,40.0,40.0,40.0,40.0,80.0,0.0,no,transformer_only_aggregate_screen_not_guide_feasibility
QX-00007,110,2025,BDZ-00076,night_central,27.218511,0.0,observed_2025_independent_station_peak,40.0,40.0,40.0,40.0,80.0,0.0,no,transformer_only_aggregate_screen_not_guide_feasibility
QX-00007,110,2021,BDZ-00074,night_central,57.752789,0.0,historical_typical_window_proxy,40.0,40.0,40.0,40.0,80.0,0.0,no,transformer_only_aggregate_screen_not_guide_feasibility
QX-00007,110,2022,BDZ-00074,night_central,57.059644,0.0,historical_typical_window_proxy,40.0,40.0,40.0,40.0,80.0,0.0,no,transformer_only_aggregate_screen_not_guide_feasibility
QX-00007,110,2023,BDZ-00074,night_central,61.435482,0.0,historical_typical_window_proxy,40.0,40.0,40.0,40.0,80.0,0.0,no,transformer_only_aggregate_screen_not_guide_feasibility
QX-00007,110,2024,BDZ-00074,night_central,57.738112,0.579525,historical_typical_window_proxy,40.0,40.0,40.0,40.0,80.0,0.0,no,transformer_only_aggregate_screen_not_guide_feasibility
QX-00007,110,2025,BDZ-00074,night_central,60.901811,11.379447,observed_2025_independent_station_peak,40.0,40.0,40.0,40.0,80.0,0.0,no,transformer_only_aggregate_screen_not_guide_feasibility
QX-00007,110,2021,BDZ-00094,night_central,52.644116,0.0,historical_typical_window_proxy,40.0,40.0,40.0,40.0,80.0,0.0,no,transformer_only_aggregate_screen_not_guide_feasibility
QX-00007,110,2022,BDZ-00094,night_central,52.012285,0.0,historical_typical_window_proxy,40.0,40.0,40.0,40.0,80.0,0.0,no,transformer_only_aggregate_screen_not_guide_feasibility
QX-00007,110,2023,BDZ-00094,night_central,56.001046,0.0,historical_typical_window_proxy,40.0,40.0,40.0,40.0,80.0,0.0,no,transformer_only_aggregate_screen_not_guide_feasibility
QX-00007,110,2024,BDZ-00094,night_central,52.630737,0.0,historical_typical_window_proxy,40.0,40.0,40.0,40.0,80.0,0.0,no,transformer_only_aggregate_screen_not_guide_feasibility
QX-00007,110,2025,BDZ-00094,night_central,55.514583,0.0,observed_2025_independent_station_peak,40.0,40.0,40.0,40.0,80.0,0.0,no,transformer_only_aggregate_screen_not_guide_feasibility
QX-00007,110,2021,BDZ-00092,night_central,9.080321,0.0,historical_typical_window_proxy,40.0,40.0,40.0,40.0,80.0,0.0,no,transformer_only_aggregate_screen_not_guide_feasibility
QX-00007,110,2022,BDZ-00092,night_central,8.97134,0.0,historical_typical_window_proxy,40.0,40.0,40.0,40.0,80.0,0.0,no,transformer_only_aggregate_screen_not_guide_feasibility
QX-00007,110,2023,BDZ-00092,night_central,9.659342,0.0,historical_typical_window_proxy,40.0,40.0,40.0,40.0,80.0,0.0,no,transformer_only_aggregate_screen_not_guide_feasibility
QX-00007,110,2024,BDZ-00092,night_central,9.078014,2.551347,historical_typical_window_proxy,40.0,40.0,40.0,40.0,80.0,0.0,no,transformer_only_aggregate_screen_not_guide_feasibility
QX-00007,110,2025,BDZ-00092,night_central,9.575434,6.055777,observed_2025_independent_station_peak,40.0,40.0,40.0,40.0,80.0,0.0,no,transformer_only_aggregate_screen_not_guide_feasibility
QX-00007,110,2021,BDZ-00103,night_central,53.326458,0.0,historical_typical_window_proxy,40.0,40.0,40.0,40.0,80.0,0.0,no,transformer_only_aggregate_screen_not_guide_feasibility
QX-00007,110,2022,BDZ-00103,night_central,52.686438,0.0,historical_typical_window_proxy,40.0,40.0,40.0,40.0,80.0,0.0,no,transformer_only_aggregate_screen_not_guide_feasibility
QX-00007,110,2023,BDZ-00103,night_central,56.7269,0.0,historical_typical_window_proxy,40.0,40.0,40.0,40.0,80.0,0.0,no,transformer_only_aggregate_screen_not_guide_feasibility
QX-00007,110,2024,BDZ-00103,night_central,53.312906,0.0,historical_typical_window_proxy,40.0,40.0,40.0,40.0,80.0,0.0,no,transformer_only_aggregate_screen_not_guide_feasibility
QX-00007,110,2025,BDZ-00103,night_central,56.234131,0.0,observed_2025_independent_station_peak,40.0,40.0,40.0,40.0,80.0,0.0,no,transformer_only_aggregate_screen_not_guide_feasibility
QX-00007,110,2021,BDZ-00110,night_central,31.095991,0.0,historical_typical_window_proxy,40.0,63.0,40.0,63.0,103.0,0.0,no,transformer_only_aggregate_screen_not_guide_feasibility
QX-00007,110,2022,BDZ-00110,night_central,30.72278,0.0,historical_typical_window_proxy,40.0,63.0,40.0,63.0,103.0,0.0,no,transformer_only_aggregate_screen_not_guide_feasibility
QX-00007,110,2023,BDZ-00110,night_central,33.078874,0.0,historical_typical_window_proxy,40.0,63.0,40.0,63.0,103.0,0.0,no,transformer_only_aggregate_screen_not_guide_feasibility
QX-00007,110,2024,BDZ-00110,night_central,31.088089,0.0,historical_typical_window_proxy,40.0,63.0,40.0,63.0,103.0,0.0,no,transformer_only_aggregate_screen_not_guide_feasibility
QX-00007,110,2025,BDZ-00110,night_central,32.791528,0.0,observed_2025_independent_station_peak,40.0,63.0,40.0,63.0,103.0,0.0,no,transformer_only_aggregate_screen_not_guide_feasibility
QX-00007,110,2021,BDZ-00106,night_central,4.704464,0.0,historical_typical_window_proxy,40.0,40.0,40.0,40.0,80.0,0.0,no,transformer_only_aggregate_screen_not_guide_feasibility
QX-00007,110,2022,BDZ-00106,night_central,4.648001,0.0,historical_typical_window_proxy,40.0,40.0,40.0,40.0,80.0,0.0,no,transformer_only_aggregate_screen_not_guide_feasibility
QX-00007,110,2023,BDZ-00106,night_central,5.004451,0.0,historical_typical_window_proxy,40.0,40.0,40.0,40.0,80.0,0.0,no,transformer_only_aggregate_screen_not_guide_feasibility
QX-00007,110,2024,BDZ-00106,night_central,4.703268,0.0,historical_typical_window_proxy,40.0,40.0,40.0,40.0,80.0,0.0,no,transformer_only_aggregate_screen_not_guide_feasibility
QX-00007,110,2025,BDZ-00106,night_central,4.960979,0.0,observed_2025_independent_station_peak,40.0,40.0,40.0,40.0,80.0,0.0,no,transformer_only_aggregate_screen_not_guide_feasibility
QX-00007,110,2021,BDZ-00114,night_central,89.213383,0.0,historical_typical_window_proxy,40.0,63.0,40.0,63.0,103.0,0.0,no,transformer_only_aggregate_screen_not_guide_feasibility
QX-00007,110,2022,BDZ-00114,night_central,88.142651,0.0,historical_typical_window_proxy,40.0,63.0,40.0,63.0,103.0,0.0,no,transformer_only_aggregate_screen_not_guide_feasibility
QX-00007,110,2023,BDZ-00114,night_central,94.902207,0.0,historical_typical_window_proxy,40.0,63.0,40.0,63.0,103.0,0.0,no,transformer_only_aggregate_screen_not_guide_feasibility
QX-00007,110,2024,BDZ-00114,night_central,89.190711,0.0,historical_typical_window_proxy,40.0,63.0,40.0,63.0,103.0,0.0,no,transformer_only_aggregate_screen_not_guide_feasibility
QX-00007,110,2025,BDZ-00114,night_central,94.077822,9.364173,observed_2025_independent_station_peak,40.0,63.0,40.0,63.0,103.0,0.0,no,transformer_only_aggregate_screen_not_guide_feasibility
QX-00007,110,2021,BDZ-00115,night_central,59.576882,0.0,historical_typical_window_proxy,40.0,40.0,40.0,40.0,80.0,0.0,no,transformer_only_aggregate_screen_not_guide_feasibility
QX-00007,110,2022,BDZ-00115,night_central,58.861845,0.0,historical_typical_window_proxy,40.0,40.0,40.0,40.0,80.0,0.0,no,transformer_only_aggregate_screen_not_guide_feasibility
QX-00007,110,2023,BDZ-00115,night_central,63.375891,0.0,historical_typical_window_proxy,40.0,40.0,40.0,40.0,80.0,0.0,no,transformer_only_aggregate_screen_not_guide_feasibility
QX-00007,110,2024,BDZ-00115,night_central,59.561742,0.0,historical_typical_window_proxy,40.0,40.0,40.0,40.0,80.0,0.0,no,transformer_only_aggregate_screen_not_guide_feasibility
QX-00007,110,2025,BDZ-00115,night_central,62.825365,0.0,observed_2025_independent_station_peak,40.0,40.0,40.0,40.0,80.0,0.0,no,transformer_only_aggregate_screen_not_guide_feasibility
QX-00007,110,2021,BDZ-00139,night_central,75.36896,0.0,historical_typical_window_proxy,40.0,40.0,40.0,40.0,80.0,0.0,no,transformer_only_aggregate_screen_not_guide_feasibility
QX-00007,110,2022,BDZ-00139,night_central,74.464388,0.0,historical_typical_window_proxy,40.0,40.0,40.0,40.0,80.0,0.0,no,transformer_only_aggregate_screen_not_guide_feasibility
QX-00007,110,2023,BDZ-00139,night_central,80.174975,0.0,historical_typical_window_proxy,40.0,40.0,40.0,50.0,90.0,10.0,yes,transformer_only_aggregate_screen_not_guide_feasibility
QX-00007,110,2024,BDZ-00139,night_central,75.349807,0.0,historical_typical_window_proxy,40.0,50.0,40.0,50.0,90.0,0.0,no,transformer_only_aggregate_screen_not_guide_feasibility
QX-00007,110,2025,BDZ-00139,night_central,79.47852,0.0,observed_2025_independent_station_peak,40.0,50.0,40.0,50.0,90.0,0.0,no,transformer_only_aggregate_screen_not_guide_feasibility
QX-00007,110,2021,BDZ-00148,night_central,83.537008,0.0,historical_typical_window_proxy,40.0,50.0,40.0,50.0,90.0,0.0,no,transformer_only_aggregate_screen_not_guide_feasibility
QX-00007,110,2022,BDZ-00148,night_central,82.534404,0.0,historical_typical_window_proxy,40.0,50.0,40.0,50.0,90.0,0.0,no,transformer_only_aggregate_screen_not_guide_feasibility
QX-00007,110,2023,BDZ-00148,night_central,88.86387,0.0,historical_typical_window_proxy,40.0,50.0,50.0,50.0,100.0,10.0,yes,transformer_only_aggregate_screen_not_guide_feasibility
QX-00007,110,2024,BDZ-00148,night_central,83.515779,0.0,historical_typical_window_proxy,50.0,50.0,50.0,50.0,100.0,0.0,no,transformer_only_aggregate_screen_not_guide_feasibility
QX-00007,110,2025,BDZ-00148,night_central,88.091938,0.0,observed_2025_independent_station_peak,50.0,50.0,50.0,50.0,100.0,0.0,no,transformer_only_aggregate_screen_not_guide_feasibility
QX-00007,110,2021,BDZ-00154,night_central,15.70776,0.0,historical_typical_window_proxy,40.0,40.0,40.0,40.0,80.0,0.0,no,transformer_only_aggregate_screen_not_guide_feasibility
QX-00007,110,2022,BDZ-00154,night_central,15.519237,0.0,historical_typical_window_proxy,40.0,40.0,40.0,40.0,80.0,0.0,no,transformer_only_aggregate_screen_not_guide_feasibility
QX-00007,110,2023,BDZ-00154,night_central,16.709389,0.0,historical_typical_window_proxy,40.0,40.0,40.0,40.0,80.0,0.0,no,transformer_only_aggregate_screen_not_guide_feasibility
QX-00007,110,2024,BDZ-00154,night_central,15.703769,0.0,historical_typical_window_proxy,40.0,40.0,40.0,40.0,80.0,0.0,no,transformer_only_aggregate_screen_not_guide_feasibility
QX-00007,110,2025,BDZ-00154,night_central,16.56424,0.0,observed_2025_independent_station_peak,40.0,40.0,40.0,40.0,80.0,0.0,no,transformer_only_aggregate_screen_not_guide_feasibility
QX-00007,110,2021,BDZ-00151,night_central,104.013066,0.0,historical_typical_window_proxy,50.0,63.0,50.0,63.0,113.0,0.0,no,transformer_only_aggregate_screen_not_guide_feasibility
QX-00007,110,2022,BDZ-00151,night_central,102.764709,0.0,historical_typical_window_proxy,50.0,63.0,50.0,63.0,113.0,0.0,no,transformer_only_aggregate_screen_not_guide_feasibility
QX-00007,110,2023,BDZ-00151,night_central,110.645614,0.0,historical_typical_window_proxy,50.0,63.0,63.0,63.0,126.0,13.0,yes,transformer_only_aggregate_screen_not_guide_feasibility
QX-00007,110,2024,BDZ-00151,night_central,103.986633,0.0,historical_typical_window_proxy,63.0,63.0,63.0,63.0,126.0,0.0,no,transformer_only_aggregate_screen_not_guide_feasibility
QX-00007,110,2025,BDZ-00151,night_central,109.684471,0.0,observed_2025_independent_station_peak,63.0,63.0,63.0,63.0,126.0,0.0,no,transformer_only_aggregate_screen_not_guide_feasibility
QX-00007,110,2021,BDZ-00155,night_central,43.068439,0.0,historical_typical_window_proxy,40.0,40.0,40.0,40.0,80.0,0.0,no,transformer_only_aggregate_screen_not_guide_feasibility
QX-00007,110,2022,BDZ-00155,night_central,42.551535,0.0,historical_typical_window_proxy,40.0,40.0,40.0,40.0,80.0,0.0,no,transformer_only_aggregate_screen_not_guide_feasibility
QX-00007,110,2023,BDZ-00155,night_central,45.814762,0.0,historical_typical_window_proxy,40.0,40.0,40.0,40.0,80.0,0.0,no,transformer_only_aggregate_screen_not_guide_feasibility
QX-00007,110,2024,BDZ-00155,night_central,43.057494,0.0,historical_typical_window_proxy,40.0,40.0,40.0,40.0,80.0,0.0,no,transformer_only_aggregate_screen_not_guide_feasibility
QX-00007,110,2025,BDZ-00155,night_central,45.416784,0.0,observed_2025_independent_station_peak,40.0,40.0,40.0,40.0,80.0,0.0,no,transformer_only_aggregate_screen_not_guide_feasibility
QX-00007,110,2021,SIM-CITY-XSZ,night_central,11.044167,0.0,historical_typical_window_proxy,40.0,40.0,40.0,40.0,80.0,0.0,no,transformer_only_aggregate_screen_not_guide_feasibility
QX-00007,110,2022,SIM-CITY-XSZ,night_central,10.911616,0.0,historical_typical_window_proxy,40.0,40.0,40.0,40.0,80.0,0.0,no,transformer_only_aggregate_screen_not_guide_feasibility
QX-00007,110,2023,SIM-CITY-XSZ,night_central,11.748415,0.0,historical_typical_window_proxy,40.0,40.0,40.0,40.0,80.0,0.0,no,transformer_only_aggregate_screen_not_guide_feasibility
QX-00007,110,2024,SIM-CITY-XSZ,night_central,11.04136,0.519838,historical_typical_window_proxy,40.0,40.0,40.0,40.0,80.0,0.0,no,transformer_only_aggregate_screen_not_guide_feasibility
QX-00007,110,2025,SIM-CITY-XSZ,night_central,11.64636,2.86374,observed_2025_independent_station_peak,40.0,40.0,40.0,40.0,80.0,0.0,no,transformer_only_aggregate_screen_not_guide_feasibility
QX-00007,110,2021,SIM-CITY-YQ,night_central,17.027519,0.0,historical_typical_window_proxy,40.0,40.0,40.0,40.0,80.0,0.0,no,transformer_only_aggregate_screen_not_guide_feasibility
QX-00007,110,2022,SIM-CITY-YQ,night_central,16.823156,0.0,historical_typical_window_proxy,40.0,40.0,40.0,40.0,80.0,0.0,no,transformer_only_aggregate_screen_not_guide_feasibility
QX-00007,110,2023,SIM-CITY-YQ,night_central,18.113305,0.0,historical_typical_window_proxy,40.0,40.0,40.0,40.0,80.0,0.0,no,transformer_only_aggregate_screen_not_guide_feasibility
QX-00007,110,2024,SIM-CITY-YQ,night_central,17.023192,0.0,historical_typical_window_proxy,40.0,40.0,40.0,40.0,80.0,0.0,no,transformer_only_aggregate_screen_not_guide_feasibility
QX-00007,110,2025,SIM-CITY-YQ,night_central,17.95596,0.0,observed_2025_independent_station_peak,40.0,40.0,40.0,40.0,80.0,0.0,no,transformer_only_aggregate_screen_not_guide_feasibility
QX-00007,110,2021,BDZ-00175,night_central,36.511846,0.0,historical_typical_window_proxy,40.0,40.0,40.0,40.0,80.0,0.0,no,transformer_only_aggregate_screen_not_guide_feasibility
QX-00007,110,2022,BDZ-00175,night_central,36.073634,0.0,historical_typical_window_proxy,40.0,40.0,40.0,40.0,80.0,0.0,no,transformer_only_aggregate_screen_not_guide_feasibility
QX-00007,110,2023,BDZ-00175,night_central,38.840078,0.0,historical_typical_window_proxy,40.0,40.0,40.0,40.0,80.0,0.0,no,transformer_only_aggregate_screen_not_guide_feasibility
QX-00007,110,2024,BDZ-00175,night_central,36.502567,0.0,historical_typical_window_proxy,40.0,40.0,40.0,40.0,80.0,0.0,no,transformer_only_aggregate_screen_not_guide_feasibility
QX-00007,110,2025,BDZ-00175,night_central,38.502687,0.0,observed_2025_independent_station_peak,40.0,40.0,40.0,40.0,80.0,0.0,no,transformer_only_aggregate_screen_not_guide_feasibility
QX-00007,110,2021,BDZ-00024,night_central,77.542936,0.0,historical_typical_window_proxy,40.0,50.0,40.0,50.0,90.0,0.0,no,transformer_only_aggregate_screen_not_guide_feasibility
QX-00007,110,2022,BDZ-00024,night_central,76.612272,0.0,historical_typical_window_proxy,40.0,50.0,40.0,50.0,90.0,0.0,no,transformer_only_aggregate_screen_not_guide_feasibility
QX-00007,110,2023,BDZ-00024,night_central,82.487577,0.0,historical_typical_window_proxy,40.0,50.0,40.0,50.0,90.0,0.0,no,transformer_only_aggregate_screen_not_guide_feasibility
QX-00007,110,2024,BDZ-00024,night_central,77.52323,0.0,historical_typical_window_proxy,40.0,50.0,40.0,50.0,90.0,0.0,no,transformer_only_aggregate_screen_not_guide_feasibility
QX-00007,110,2025,BDZ-00024,night_central,81.771034,0.0,observed_2025_independent_station_peak,40.0,50.0,40.0,50.0,90.0,0.0,no,transformer_only_aggregate_screen_not_guide_feasibility
QX-00007,110,2021,BDZ-00183,night_central,13.352356,0.0,historical_typical_window_proxy,40.0,40.0,40.0,40.0,80.0,0.0,no,transformer_only_aggregate_screen_not_guide_feasibility
QX-00007,110,2022,BDZ-00183,night_central,13.192102,0.0,historical_typical_window_proxy,40.0,40.0,40.0,40.0,80.0,0.0,no,transformer_only_aggregate_screen_not_guide_feasibility
QX-00007,110,2023,BDZ-00183,night_central,14.203789,0.452403,historical_typical_window_proxy,40.0,40.0,40.0,40.0,80.0,0.0,no,transformer_only_aggregate_screen_not_guide_feasibility
QX-00007,110,2024,BDZ-00183,night_central,13.348963,2.347,historical_typical_window_proxy,40.0,40.0,40.0,40.0,80.0,0.0,no,transformer_only_aggregate_screen_not_guide_feasibility
QX-00007,110,2025,BDZ-00183,night_central,14.080405,4.796019,observed_2025_independent_station_peak,40.0,40.0,40.0,40.0,80.0,0.0,no,transformer_only_aggregate_screen_not_guide_feasibility
QX-00005,35,2021,BDZ-00246,early_pv_high,14.611994,3.512036,historical_typical_window_proxy,8.0,16.0,8.0,16.0,24.0,0.0,no,transformer_only_aggregate_screen_not_guide_feasibility
QX-00005,35,2022,BDZ-00246,early_pv_high,22.565302,1.190088,historical_typical_window_proxy,8.0,16.0,8.0,16.0,24.0,0.0,no,transformer_only_aggregate_screen_not_guide_feasibility
QX-00005,35,2023,BDZ-00246,early_pv_high,15.686725,3.198271,historical_typical_window_proxy,8.0,16.0,8.0,16.0,24.0,0.0,no,transformer_only_aggregate_screen_not_guide_feasibility
QX-00005,35,2024,BDZ-00246,early_pv_high,23.224593,13.731423,historical_typical_window_proxy,8.0,16.0,10.0,16.0,26.0,2.0,yes,transformer_only_aggregate_screen_not_guide_feasibility
QX-00005,35,2025,BDZ-00246,early_pv_high,26.714474,25.21,observed_2025_independent_station_peak,10.0,16.0,10.0,25.0,35.0,9.0,yes,transformer_only_aggregate_screen_not_guide_feasibility
QX-00005,35,2021,BDZ-00247,early_pv_high,3.469665,0.0,historical_typical_window_proxy,8.0,8.0,8.0,8.0,16.0,0.0,no,transformer_only_aggregate_screen_not_guide_feasibility
QX-00005,35,2022,BDZ-00247,early_pv_high,5.358203,0.0,historical_typical_window_proxy,8.0,8.0,8.0,8.0,16.0,0.0,no,transformer_only_aggregate_screen_not_guide_feasibility
QX-00005,35,2023,BDZ-00247,early_pv_high,3.724863,0.0,historical_typical_window_proxy,8.0,8.0,8.0,8.0,16.0,0.0,no,transformer_only_aggregate_screen_not_guide_feasibility
QX-00005,35,2024,BDZ-00247,early_pv_high,5.514754,0.0,historical_typical_window_proxy,8.0,8.0,8.0,8.0,16.0,0.0,no,transformer_only_aggregate_screen_not_guide_feasibility
QX-00005,35,2025,BDZ-00247,early_pv_high,6.343437,0.1,observed_2025_independent_station_peak,8.0,8.0,8.0,8.0,16.0,0.0,no,transformer_only_aggregate_screen_not_guide_feasibility
QX-00005,35,2021,BDZ-00248,early_pv_high,13.78015,1.933913,historical_typical_window_proxy,8.0,16.0,8.0,16.0,24.0,0.0,no,transformer_only_aggregate_screen_not_guide_feasibility
QX-00005,35,2022,BDZ-00248,early_pv_high,21.280686,0.694746,historical_typical_window_proxy,8.0,16.0,8.0,16.0,24.0,0.0,no,transformer_only_aggregate_screen_not_guide_feasibility
QX-00005,35,2023,BDZ-00248,early_pv_high,14.793698,1.766465,historical_typical_window_proxy,8.0,16.0,8.0,16.0,24.0,0.0,no,transformer_only_aggregate_screen_not_guide_feasibility
QX-00005,35,2024,BDZ-00248,early_pv_high,21.902444,7.485366,historical_typical_window_proxy,8.0,16.0,8.0,16.0,24.0,0.0,no,transformer_only_aggregate_screen_not_guide_feasibility
QX-00005,35,2025,BDZ-00248,early_pv_high,25.19365,13.16,observed_2025_independent_station_peak,8.0,16.0,8.0,20.0,28.0,4.0,yes,transformer_only_aggregate_screen_not_guide_feasibility
QX-00005,35,2021,BDZ-00255,early_pv_high,14.508014,3.836031,historical_typical_window_proxy,8.0,8.0,8.0,8.0,16.0,0.0,no,transformer_only_aggregate_screen_not_guide_feasibility
QX-00005,35,2022,BDZ-00255,early_pv_high,22.404725,2.571544,historical_typical_window_proxy,8.0,8.0,8.0,16.0,24.0,8.0,yes,transformer_only_aggregate_screen_not_guide_feasibility
QX-00005,35,2023,BDZ-00255,early_pv_high,15.575097,3.665161,historical_typical_window_proxy,8.0,16.0,8.0,16.0,24.0,0.0,no,transformer_only_aggregate_screen_not_guide_feasibility
QX-00005,35,2024,BDZ-00255,early_pv_high,23.059324,12.228694,historical_typical_window_proxy,8.0,16.0,10.0,16.0,26.0,2.0,yes,transformer_only_aggregate_screen_not_guide_feasibility
QX-00005,35,2025,BDZ-00255,early_pv_high,26.524371,21.39,observed_2025_independent_station_peak,10.0,16.0,10.0,20.0,30.0,4.0,yes,transformer_only_aggregate_screen_not_guide_feasibility
QX-00005,35,2021,BDZ-00280,early_pv_high,13.719951,1.719942,historical_typical_window_proxy,8.0,16.0,8.0,16.0,24.0,0.0,no,transformer_only_aggregate_screen_not_guide_feasibility
QX-00005,35,2022,BDZ-00280,early_pv_high,21.18772,0.0,historical_typical_window_proxy,8.0,16.0,8.0,16.0,24.0,0.0,no,transformer_only_aggregate_screen_not_guide_feasibility
QX-00005,35,2023,BDZ-00280,early_pv_high,14.729071,1.292867,historical_typical_window_proxy,8.0,16.0,8.0,16.0,24.0,0.0,no,transformer_only_aggregate_screen_not_guide_feasibility
QX-00005,35,2024,BDZ-00280,early_pv_high,21.806762,10.619481,historical_typical_window_proxy,8.0,16.0,8.0,16.0,24.0,0.0,no,transformer_only_aggregate_screen_not_guide_feasibility
QX-00005,35,2025,BDZ-00280,early_pv_high,25.083591,19.76,observed_2025_independent_station_peak,8.0,16.0,8.0,20.0,28.0,4.0,yes,transformer_only_aggregate_screen_not_guide_feasibility
QX-00005,35,2021,BDZ-00290,early_pv_high,8.832868,6.954084,historical_typical_window_proxy,8.0,8.0,8.0,8.0,16.0,0.0,no,transformer_only_aggregate_screen_not_guide_feasibility
QX-00005,35,2022,BDZ-00290,early_pv_high,13.640598,5.837046,historical_typical_window_proxy,8.0,8.0,8.0,8.0,16.0,0.0,no,transformer_only_aggregate_screen_not_guide_feasibility
QX-00005,35,2023,BDZ-00290,early_pv_high,9.482537,6.803139,historical_typical_window_proxy,8.0,8.0,8.0,8.0,16.0,0.0,no,transformer_only_aggregate_screen_not_guide_feasibility
QX-00005,35,2024,BDZ-00290,early_pv_high,14.039136,16.097112,historical_typical_window_proxy,8.0,8.0,8.0,16.0,24.0,8.0,yes,transformer_only_aggregate_screen_not_guide_feasibility
QX-00005,35,2025,BDZ-00290,early_pv_high,16.14875,25.37,observed_2025_independent_station_peak,8.0,16.0,10.0,25.0,35.0,11.0,yes,transformer_only_aggregate_screen_not_guide_feasibility
QX-00005,35,2021,BDZ-00314,early_pv_high,11.158748,7.09301,historical_typical_window_proxy,10.0,10.0,10.0,10.0,20.0,0.0,no,transformer_only_aggregate_screen_not_guide_feasibility
QX-00005,35,2022,BDZ-00314,early_pv_high,17.232454,4.754678,historical_typical_window_proxy,10.0,10.0,10.0,10.0,20.0,0.0,no,transformer_only_aggregate_screen_not_guide_feasibility
QX-00005,35,2023,BDZ-00314,early_pv_high,11.979488,6.777031,historical_typical_window_proxy,10.0,10.0,10.0,10.0,20.0,0.0,no,transformer_only_aggregate_screen_not_guide_feasibility
QX-00005,35,2024,BDZ-00314,early_pv_high,17.735934,18.868333,historical_typical_window_proxy,10.0,10.0,10.0,16.0,26.0,6.0,yes,transformer_only_aggregate_screen_not_guide_feasibility
QX-00005,35,2025,BDZ-00314,early_pv_high,20.401054,26.87,observed_2025_independent_station_peak,10.0,16.0,16.0,20.0,36.0,10.0,yes,transformer_only_aggregate_screen_not_guide_feasibility
QX-00005,35,2021,BDZ-00325,early_pv_high,11.027404,0.0,historical_typical_window_proxy,10.0,10.0,10.0,10.0,20.0,0.0,no,transformer_only_aggregate_screen_not_guide_feasibility
QX-00005,35,2022,BDZ-00325,early_pv_high,17.02962,0.0,historical_typical_window_proxy,10.0,10.0,10.0,10.0,20.0,0.0,no,transformer_only_aggregate_screen_not_guide_feasibility
QX-00005,35,2023,BDZ-00325,early_pv_high,11.838483,0.0,historical_typical_window_proxy,10.0,10.0,10.0,10.0,20.0,0.0,no,transformer_only_aggregate_screen_not_guide_feasibility
QX-00005,35,2024,BDZ-00325,early_pv_high,17.527174,0.995622,historical_typical_window_proxy,10.0,10.0,10.0,10.0,20.0,0.0,no,transformer_only_aggregate_screen_not_guide_feasibility
QX-00005,35,2025,BDZ-00325,early_pv_high,20.160924,2.77,observed_2025_independent_station_peak,10.0,10.0,10.0,16.0,26.0,6.0,yes,transformer_only_aggregate_screen_not_guide_feasibility
QX-00005,110,2021,BDZ-00005,early_pv_high,28.481559,1.59315,historical_typical_window_proxy,20.0,50.0,20.0,50.0,70.0,0.0,no,transformer_only_aggregate_screen_not_guide_feasibility
QX-00005,110,2022,BDZ-00005,early_pv_high,32.110371,0.819187,historical_typical_window_proxy,20.0,50.0,20.0,50.0,70.0,0.0,no,transformer_only_aggregate_screen_not_guide_feasibility
QX-00005,110,2023,BDZ-00005,early_pv_high,29.628256,1.34858,historical_typical_window_proxy,20.0,50.0,20.0,50.0,70.0,0.0,no,transformer_only_aggregate_screen_not_guide_feasibility
QX-00005,110,2024,BDZ-00005,early_pv_high,33.57605,9.320599,historical_typical_window_proxy,20.0,50.0,20.0,50.0,70.0,0.0,no,transformer_only_aggregate_screen_not_guide_feasibility
QX-00005,110,2025,BDZ-00005,early_pv_high,37.226434,19.02,observed_2025_independent_station_peak,20.0,50.0,20.0,50.0,70.0,0.0,no,transformer_only_aggregate_screen_not_guide_feasibility
QX-00005,110,2021,BDZ-00016,early_pv_high,53.126105,0.0,historical_typical_window_proxy,40.0,63.0,40.0,63.0,103.0,0.0,no,transformer_only_aggregate_screen_not_guide_feasibility
QX-00005,110,2022,BDZ-00016,early_pv_high,59.894857,0.0,historical_typical_window_proxy,40.0,63.0,40.0,63.0,103.0,0.0,no,transformer_only_aggregate_screen_not_guide_feasibility
QX-00005,110,2023,BDZ-00016,early_pv_high,55.265016,0.0,historical_typical_window_proxy,40.0,63.0,40.0,63.0,103.0,0.0,no,transformer_only_aggregate_screen_not_guide_feasibility
QX-00005,110,2024,BDZ-00016,early_pv_high,62.62876,15.175379,historical_typical_window_proxy,40.0,63.0,40.0,63.0,103.0,0.0,no,transformer_only_aggregate_screen_not_guide_feasibility
QX-00005,110,2025,BDZ-00016,early_pv_high,69.437751,31.61,observed_2025_independent_station_peak,40.0,63.0,40.0,63.0,103.0,0.0,no,transformer_only_aggregate_screen_not_guide_feasibility
QX-00005,110,2021,BDZ-00021,early_pv_high,23.183559,0.0,historical_typical_window_proxy,20.0,50.0,20.0,50.0,70.0,0.0,no,transformer_only_aggregate_screen_not_guide_feasibility
QX-00005,110,2022,BDZ-00021,early_pv_high,26.137356,0.0,historical_typical_window_proxy,20.0,50.0,20.0,50.0,70.0,0.0,no,transformer_only_aggregate_screen_not_guide_feasibility
QX-00005,110,2023,BDZ-00021,early_pv_high,24.116952,0.0,historical_typical_window_proxy,20.0,50.0,20.0,50.0,70.0,0.0,no,transformer_only_aggregate_screen_not_guide_feasibility
QX-00005,110,2024,BDZ-00021,early_pv_high,27.330397,11.708854,historical_typical_window_proxy,20.0,50.0,20.0,50.0,70.0,0.0,no,transformer_only_aggregate_screen_not_guide_feasibility
QX-00005,110,2025,BDZ-00021,early_pv_high,30.301754,24.34,observed_2025_independent_station_peak,20.0,50.0,20.0,50.0,70.0,0.0,no,transformer_only_aggregate_screen_not_guide_feasibility
QX-00005,110,2021,BDZ-00022,early_pv_high,23.406551,11.711799,historical_typical_window_proxy,20.0,31.5,20.0,31.5,51.5,0.0,no,transformer_only_aggregate_screen_not_guide_feasibility
QX-00005,110,2022,BDZ-00022,early_pv_high,26.38876,10.871705,historical_typical_window_proxy,20.0,31.5,20.0,31.5,51.5,0.0,no,transformer_only_aggregate_screen_not_guide_feasibility
QX-00005,110,2023,BDZ-00022,early_pv_high,24.348923,11.446331,historical_typical_window_proxy,20.0,31.5,20.0,31.5,51.5,0.0,no,transformer_only_aggregate_screen_not_guide_feasibility
QX-00005,110,2024,BDZ-00022,early_pv_high,27.593276,33.528634,historical_typical_window_proxy,20.0,31.5,20.0,31.5,51.5,0.0,no,transformer_only_aggregate_screen_not_guide_feasibility
QX-00005,110,2025,BDZ-00022,early_pv_high,30.593214,47.23,observed_2025_independent_station_peak,20.0,31.5,31.5,31.5,63.0,11.5,yes,transformer_only_aggregate_screen_not_guide_feasibility
QX-00005,110,2021,BDZ-00026,early_pv_high,70.434958,0.0,historical_typical_window_proxy,40.0,40.0,40.0,40.0,80.0,0.0,no,transformer_only_aggregate_screen_not_guide_feasibility
QX-00005,110,2022,BDZ-00026,early_pv_high,79.409016,0.0,historical_typical_window_proxy,40.0,40.0,40.0,50.0,90.0,10.0,yes,transformer_only_aggregate_screen_not_guide_feasibility
QX-00005,110,2023,BDZ-00026,early_pv_high,73.270741,0.0,historical_typical_window_proxy,40.0,50.0,40.0,50.0,90.0,0.0,no,transformer_only_aggregate_screen_not_guide_feasibility
QX-00005,110,2024,BDZ-00026,early_pv_high,83.033643,5.182533,historical_typical_window_proxy,40.0,50.0,40.0,50.0,90.0,0.0,no,transformer_only_aggregate_screen_not_guide_feasibility
QX-00005,110,2025,BDZ-00026,early_pv_high,92.061051,18.04,observed_2025_independent_station_peak,40.0,50.0,50.0,50.0,100.0,10.0,yes,transformer_only_aggregate_screen_not_guide_feasibility
QX-00005,110,2021,BDZ-00027,early_pv_high,45.536662,0.0,historical_typical_window_proxy,20.0,50.0,20.0,50.0,70.0,0.0,no,transformer_only_aggregate_screen_not_guide_feasibility
QX-00005,110,2022,BDZ-00027,early_pv_high,51.338449,0.0,historical_typical_window_proxy,20.0,50.0,20.0,50.0,70.0,0.0,no,transformer_only_aggregate_screen_not_guide_feasibility
QX-00005,110,2023,BDZ-00027,early_pv_high,47.370014,0.0,historical_typical_window_proxy,20.0,50.0,20.0,50.0,70.0,0.0,no,transformer_only_aggregate_screen_not_guide_feasibility
QX-00005,110,2024,BDZ-00027,early_pv_high,53.681794,14.618257,historical_typical_window_proxy,20.0,50.0,20.0,50.0,70.0,0.0,no,transformer_only_aggregate_screen_not_guide_feasibility
QX-00005,110,2025,BDZ-00027,early_pv_high,59.518073,35.27,observed_2025_independent_station_peak,20.0,50.0,20.0,50.0,70.0,0.0,no,transformer_only_aggregate_screen_not_guide_feasibility
QX-00005,110,2021,BDZ-00028,early_pv_high,79.231638,0.0,historical_typical_window_proxy,31.5,80.0,31.5,80.0,111.5,0.0,no,transformer_only_aggregate_screen_not_guide_feasibility
QX-00005,110,2022,BDZ-00028,early_pv_high,89.326474,0.0,historical_typical_window_proxy,31.5,80.0,31.5,80.0,111.5,0.0,no,transformer_only_aggregate_screen_not_guide_feasibility
QX-00005,110,2023,BDZ-00028,early_pv_high,82.421584,0.0,historical_typical_window_proxy,31.5,80.0,31.5,80.0,111.5,0.0,no,transformer_only_aggregate_screen_not_guide_feasibility
QX-00005,110,2024,BDZ-00028,early_pv_high,93.403784,0.0,historical_typical_window_proxy,31.5,80.0,31.5,80.0,111.5,0.0,no,transformer_only_aggregate_screen_not_guide_feasibility
QX-00005,110,2025,BDZ-00028,early_pv_high,103.558632,0.0,observed_2025_independent_station_peak,31.5,80.0,31.5,80.0,111.5,0.0,no,transformer_only_aggregate_screen_not_guide_feasibility
QX-00005,110,2021,BDZ-00031,early_pv_high,30.519252,0.465582,historical_typical_window_proxy,31.5,40.0,31.5,40.0,71.5,0.0,no,transformer_only_aggregate_screen_not_guide_feasibility
QX-00005,110,2022,BDZ-00031,early_pv_high,34.407684,0.0,historical_typical_window_proxy,31.5,40.0,31.5,40.0,71.5,0.0,no,transformer_only_aggregate_screen_not_guide_feasibility
QX-00005,110,2023,BDZ-00031,early_pv_high,31.747988,0.05848,historical_typical_window_proxy,31.5,40.0,31.5,40.0,71.5,0.0,no,transformer_only_aggregate_screen_not_guide_feasibility
QX-00005,110,2024,BDZ-00031,early_pv_high,35.978224,15.973454,historical_typical_window_proxy,31.5,40.0,31.5,40.0,71.5,0.0,no,transformer_only_aggregate_screen_not_guide_feasibility
QX-00005,110,2025,BDZ-00031,early_pv_high,39.889772,29.53,observed_2025_independent_station_peak,31.5,40.0,31.5,40.0,71.5,0.0,no,transformer_only_aggregate_screen_not_guide_feasibility
QX-00005,110,2021,BDZ-00037,early_pv_high,21.068972,1.18935,historical_typical_window_proxy,20.0,50.0,20.0,50.0,70.0,0.0,no,transformer_only_aggregate_screen_not_guide_feasibility
QX-00005,110,2022,BDZ-00037,early_pv_high,23.753352,0.217487,historical_typical_window_proxy,20.0,50.0,20.0,50.0,70.0,0.0,no,transformer_only_aggregate_screen_not_guide_feasibility
QX-00005,110,2023,BDZ-00037,early_pv_high,21.91723,0.882244,historical_typical_window_proxy,20.0,50.0,20.0,50.0,70.0,0.0,no,transformer_only_aggregate_screen_not_guide_feasibility
QX-00005,110,2024,BDZ-00037,early_pv_high,24.837574,13.799819,historical_typical_window_proxy,20.0,50.0,20.0,50.0,70.0,0.0,no,transformer_only_aggregate_screen_not_guide_feasibility
QX-00005,110,2025,BDZ-00037,early_pv_high,27.537913,26.86,observed_2025_independent_station_peak,20.0,50.0,20.0,50.0,70.0,0.0,no,transformer_only_aggregate_screen_not_guide_feasibility
QX-00005,110,2021,BDZ-00048,early_pv_high,55.932738,0.0,historical_typical_window_proxy,20.0,80.0,20.0,80.0,100.0,0.0,no,transformer_only_aggregate_screen_not_guide_feasibility
QX-00005,110,2022,BDZ-00048,early_pv_high,63.059081,0.0,historical_typical_window_proxy,20.0,80.0,20.0,80.0,100.0,0.0,no,transformer_only_aggregate_screen_not_guide_feasibility
QX-00005,110,2023,BDZ-00048,early_pv_high,58.184647,0.0,historical_typical_window_proxy,20.0,80.0,20.0,80.0,100.0,0.0,no,transformer_only_aggregate_screen_not_guide_feasibility
QX-00005,110,2024,BDZ-00048,early_pv_high,65.937415,0.0,historical_typical_window_proxy,20.0,80.0,20.0,80.0,100.0,0.0,no,transformer_only_aggregate_screen_not_guide_feasibility
QX-00005,110,2025,BDZ-00048,early_pv_high,73.106123,4.56,observed_2025_independent_station_peak,20.0,80.0,20.0,80.0,100.0,0.0,no,transformer_only_aggregate_screen_not_guide_feasibility
QX-00005,110,2021,BDZ-00095,early_pv_high,17.524156,5.313901,historical_typical_window_proxy,20.0,50.0,20.0,50.0,70.0,0.0,no,transformer_only_aggregate_screen_not_guide_feasibility
QX-00005,110,2022,BDZ-00095,early_pv_high,19.756894,4.877445,historical_typical_window_proxy,20.0,50.0,20.0,50.0,70.0,0.0,no,transformer_only_aggregate_screen_not_guide_feasibility
QX-00005,110,2023,BDZ-00095,early_pv_high,18.229696,5.175982,historical_typical_window_proxy,20.0,50.0,20.0,50.0,70.0,0.0,no,transformer_only_aggregate_screen_not_guide_feasibility
QX-00005,110,2024,BDZ-00095,early_pv_high,20.658698,19.009203,historical_typical_window_proxy,20.0,50.0,20.0,50.0,70.0,0.0,no,transformer_only_aggregate_screen_not_guide_feasibility
QX-00005,110,2025,BDZ-00095,early_pv_high,22.904709,30.81,observed_2025_independent_station_peak,20.0,50.0,20.0,50.0,70.0,0.0,no,transformer_only_aggregate_screen_not_guide_feasibility
QX-00005,110,2021,BDZ-00096,early_pv_high,53.087658,0.0,historical_typical_window_proxy,31.5,80.0,31.5,80.0,111.5,0.0,no,transformer_only_aggregate_screen_not_guide_feasibility
QX-00005,110,2022,BDZ-00096,early_pv_high,59.851512,0.0,historical_typical_window_proxy,31.5,80.0,31.5,80.0,111.5,0.0,no,transformer_only_aggregate_screen_not_guide_feasibility
QX-00005,110,2023,BDZ-00096,early_pv_high,55.225021,0.0,historical_typical_window_proxy,31.5,80.0,31.5,80.0,111.5,0.0,no,transformer_only_aggregate_screen_not_guide_feasibility
QX-00005,110,2024,BDZ-00096,early_pv_high,62.583436,0.0,historical_typical_window_proxy,31.5,80.0,31.5,80.0,111.5,0.0,no,transformer_only_aggregate_screen_not_guide_feasibility
QX-00005,110,2025,BDZ-00096,early_pv_high,69.3875,0.0,observed_2025_independent_station_peak,31.5,80.0,31.5,80.0,111.5,0.0,no,transformer_only_aggregate_screen_not_guide_feasibility
QX-00005,110,2021,BDZ-00124,early_pv_high,46.997649,1.956594,historical_typical_window_proxy,31.5,40.0,31.5,40.0,71.5,0.0,no,transformer_only_aggregate_screen_not_guide_feasibility
QX-00005,110,2022,BDZ-00124,early_pv_high,52.985579,0.95632,historical_typical_window_proxy,31.5,40.0,31.5,40.0,71.5,0.0,no,transformer_only_aggregate_screen_not_guide_feasibility
QX-00005,110,2023,BDZ-00124,early_pv_high,48.889822,1.64051,historical_typical_window_proxy,31.5,40.0,31.5,40.0,71.5,0.0,no,transformer_only_aggregate_screen_not_guide_feasibility
QX-00005,110,2024,BDZ-00124,early_pv_high,55.404108,16.09665,historical_typical_window_proxy,31.5,40.0,31.5,40.0,71.5,0.0,no,transformer_only_aggregate_screen_not_guide_feasibility
QX-00005,110,2025,BDZ-00124,early_pv_high,61.427636,30.65,observed_2025_independent_station_peak,31.5,40.0,31.5,40.0,71.5,0.0,no,transformer_only_aggregate_screen_not_guide_feasibility
QX-00005,110,2021,BDZ-00135,early_pv_high,64.898586,3.313345,historical_typical_window_proxy,31.5,40.0,31.5,40.0,71.5,0.0,no,transformer_only_aggregate_screen_not_guide_feasibility
QX-00005,110,2022,BDZ-00135,early_pv_high,73.167259,1.437708,historical_typical_window_proxy,31.5,40.0,40.0,40.0,80.0,8.5,yes,transformer_only_aggregate_screen_not_guide_feasibility
QX-00005,110,2023,BDZ-00135,early_pv_high,67.511469,2.720648,historical_typical_window_proxy,40.0,40.0,40.0,40.0,80.0,0.0,no,transformer_only_aggregate_screen_not_guide_feasibility
QX-00005,110,2024,BDZ-00135,early_pv_high,76.506981,29.264219,historical_typical_window_proxy,40.0,40.0,40.0,50.0,90.0,10.0,yes,transformer_only_aggregate_screen_not_guide_feasibility
QX-00005,110,2025,BDZ-00135,early_pv_high,84.824811,56.92,observed_2025_independent_station_peak,40.0,50.0,40.0,50.0,90.0,0.0,no,transformer_only_aggregate_screen_not_guide_feasibility
QX-00005,110,2021,BDZ-00141,early_pv_high,30.503873,2.394352,historical_typical_window_proxy,20.0,50.0,20.0,50.0,70.0,0.0,no,transformer_only_aggregate_screen_not_guide_feasibility
QX-00005,110,2022,BDZ-00141,early_pv_high,34.390346,1.099188,historical_typical_window_proxy,20.0,50.0,20.0,50.0,70.0,0.0,no,transformer_only_aggregate_screen_not_guide_feasibility
QX-00005,110,2023,BDZ-00141,early_pv_high,31.73199,1.985083,historical_typical_window_proxy,20.0,50.0,20.0,50.0,70.0,0.0,no,transformer_only_aggregate_screen_not_guide_feasibility
QX-00005,110,2024,BDZ-00141,early_pv_high,35.960094,21.138431,historical_typical_window_proxy,20.0,50.0,20.0,50.0,70.0,0.0,no,transformer_only_aggregate_screen_not_guide_feasibility
QX-00005,110,2025,BDZ-00141,early_pv_high,39.869671,37.46,observed_2025_independent_station_peak,20.0,50.0,20.0,50.0,70.0,0.0,no,transformer_only_aggregate_screen_not_guide_feasibility
QX-00005,110,2021,BDZ-00146,early_pv_high,19.838667,4.734211,historical_typical_window_proxy,20.0,31.5,20.0,31.5,51.5,0.0,no,transformer_only_aggregate_screen_not_guide_feasibility
QX-00005,110,2022,BDZ-00146,early_pv_high,22.366295,4.342331,historical_typical_window_proxy,20.0,31.5,20.0,31.5,51.5,0.0,no,transformer_only_aggregate_screen_not_guide_feasibility
QX-00005,110,2023,BDZ-00146,early_pv_high,20.637392,4.610378,historical_typical_window_proxy,20.0,31.5,20.0,31.5,51.5,0.0,no,transformer_only_aggregate_screen_not_guide_feasibility
QX-00005,110,2024,BDZ-00146,early_pv_high,23.387205,16.562452,historical_typical_window_proxy,20.0,31.5,20.0,31.5,51.5,0.0,no,transformer_only_aggregate_screen_not_guide_feasibility
QX-00005,110,2025,BDZ-00146,early_pv_high,25.929859,28.8,observed_2025_independent_station_peak,20.0,31.5,20.0,31.5,51.5,0.0,no,transformer_only_aggregate_screen_not_guide_feasibility
QX-00005,110,2021,BDZ-00147,early_pv_high,38.416272,0.0,historical_typical_window_proxy,20.0,50.0,20.0,50.0,70.0,0.0,no,transformer_only_aggregate_screen_not_guide_feasibility
QX-00005,110,2022,BDZ-00147,early_pv_high,43.310856,0.0,historical_typical_window_proxy,20.0,50.0,20.0,50.0,70.0,0.0,no,transformer_only_aggregate_screen_not_guide_feasibility
QX-00005,110,2023,BDZ-00147,early_pv_high,39.96295,0.0,historical_typical_window_proxy,20.0,50.0,20.0,50.0,70.0,0.0,no,transformer_only_aggregate_screen_not_guide_feasibility
QX-00005,110,2024,BDZ-00147,early_pv_high,45.287782,0.0,historical_typical_window_proxy,20.0,50.0,20.0,50.0,70.0,0.0,no,transformer_only_aggregate_screen_not_guide_feasibility
QX-00005,110,2025,BDZ-00147,early_pv_high,50.211464,0.0,observed_2025_independent_station_peak,20.0,50.0,20.0,50.0,70.0,0.0,no,transformer_only_aggregate_screen_not_guide_feasibility
QX-00005,110,2021,BDZ-00162,early_pv_high,14.686765,6.221207,historical_typical_window_proxy,20.0,20.0,20.0,20.0,40.0,0.0,no,transformer_only_aggregate_screen_not_guide_feasibility
QX-00005,110,2022,BDZ-00162,early_pv_high,16.557993,5.868515,historical_typical_window_proxy,20.0,20.0,20.0,20.0,40.0,0.0,no,transformer_only_aggregate_screen_not_guide_feasibility
QX-00005,110,2023,BDZ-00162,early_pv_high,15.278069,6.109757,historical_typical_window_proxy,20.0,20.0,20.0,20.0,40.0,0.0,no,transformer_only_aggregate_screen_not_guide_feasibility
QX-00005,110,2024,BDZ-00162,early_pv_high,17.313784,19.733348,historical_typical_window_proxy,20.0,20.0,20.0,20.0,40.0,0.0,no,transformer_only_aggregate_screen_not_guide_feasibility
QX-00005,110,2025,BDZ-00162,early_pv_high,19.196136,35.2,observed_2025_independent_station_peak,20.0,20.0,20.0,31.5,51.5,11.5,yes,transformer_only_aggregate_screen_not_guide_feasibility
QX-00005,110,2021,BDZ-00164,early_pv_high,29.950236,1.62822,historical_typical_window_proxy,20.0,20.0,20.0,20.0,40.0,0.0,no,transformer_only_aggregate_screen_not_guide_feasibility
QX-00005,110,2022,BDZ-00164,early_pv_high,33.76617,0.512831,historical_typical_window_proxy,20.0,20.0,20.0,20.0,40.0,0.0,no,transformer_only_aggregate_screen_not_guide_feasibility
QX-00005,110,2023,BDZ-00164,early_pv_high,31.156063,1.275759,historical_typical_window_proxy,20.0,20.0,20.0,20.0,40.0,0.0,no,transformer_only_aggregate_screen_not_guide_feasibility
QX-00005,110,2024,BDZ-00164,early_pv_high,35.307428,17.060353,historical_typical_window_proxy,20.0,20.0,20.0,20.0,40.0,0.0,no,transformer_only_aggregate_screen_not_guide_feasibility
QX-00005,110,2025,BDZ-00164,early_pv_high,39.146047,30.51,observed_2025_independent_station_peak,20.0,20.0,20.0,31.5,51.5,11.5,yes,transformer_only_aggregate_screen_not_guide_feasibility
QX-00005,110,2021,BDZ-00172,early_pv_high,26.343905,0.0,historical_typical_window_proxy,20.0,50.0,20.0,50.0,70.0,0.0,no,transformer_only_aggregate_screen_not_guide_feasibility
QX-00005,110,2022,BDZ-00172,early_pv_high,29.700359,0.0,historical_typical_window_proxy,20.0,50.0,20.0,50.0,70.0,0.0,no,transformer_only_aggregate_screen_not_guide_feasibility
QX-00005,110,2023,BDZ-00172,early_pv_high,27.404537,0.0,historical_typical_window_proxy,20.0,50.0,20.0,50.0,70.0,0.0,no,transformer_only_aggregate_screen_not_guide_feasibility
QX-00005,110,2024,BDZ-00172,early_pv_high,31.056033,10.769679,historical_typical_window_proxy,20.0,50.0,20.0,50.0,70.0,0.0,no,transformer_only_aggregate_screen_not_guide_feasibility
QX-00005,110,2025,BDZ-00172,early_pv_high,34.432441,22.78,observed_2025_independent_station_peak,20.0,50.0,20.0,50.0,70.0,0.0,no,transformer_only_aggregate_screen_not_guide_feasibility
QX-00007,110,2021,BDZ-00023,early_pv_high,83.46246,0.0,historical_typical_window_proxy,40.0,63.0,40.0,63.0,103.0,0.0,no,transformer_only_aggregate_screen_not_guide_feasibility
QX-00007,110,2022,BDZ-00023,early_pv_high,82.46075,0.0,historical_typical_window_proxy,40.0,63.0,40.0,63.0,103.0,0.0,no,transformer_only_aggregate_screen_not_guide_feasibility
QX-00007,110,2023,BDZ-00023,early_pv_high,88.784568,0.0,historical_typical_window_proxy,40.0,63.0,40.0,63.0,103.0,0.0,no,transformer_only_aggregate_screen_not_guide_feasibility
QX-00007,110,2024,BDZ-00023,early_pv_high,83.44125,0.0,historical_typical_window_proxy,40.0,63.0,40.0,63.0,103.0,0.0,no,transformer_only_aggregate_screen_not_guide_feasibility
QX-00007,110,2025,BDZ-00023,early_pv_high,88.013325,0.0,observed_2025_independent_station_peak,40.0,63.0,40.0,63.0,103.0,0.0,no,transformer_only_aggregate_screen_not_guide_feasibility
QX-00007,110,2021,BDZ-00012,early_pv_high,26.1828,5.783402,historical_typical_window_proxy,40.0,40.0,40.0,40.0,80.0,0.0,no,transformer_only_aggregate_screen_not_guide_feasibility
QX-00007,110,2022,BDZ-00012,early_pv_high,25.868556,5.938447,historical_typical_window_proxy,40.0,40.0,40.0,40.0,80.0,0.0,no,transformer_only_aggregate_screen_not_guide_feasibility
QX-00007,110,2023,BDZ-00012,early_pv_high,27.852385,4.959644,historical_typical_window_proxy,40.0,40.0,40.0,40.0,80.0,0.0,no,transformer_only_aggregate_screen_not_guide_feasibility
QX-00007,110,2024,BDZ-00012,early_pv_high,26.176146,14.99623,historical_typical_window_proxy,40.0,40.0,40.0,40.0,80.0,0.0,no,transformer_only_aggregate_screen_not_guide_feasibility
QX-00007,110,2025,BDZ-00012,early_pv_high,27.61044,30.55668,observed_2025_independent_station_peak,40.0,40.0,40.0,40.0,80.0,0.0,no,transformer_only_aggregate_screen_not_guide_feasibility
QX-00007,110,2021,BDZ-00013,early_pv_high,57.019175,0.0,historical_typical_window_proxy,40.0,40.0,40.0,40.0,80.0,0.0,no,transformer_only_aggregate_screen_not_guide_feasibility
QX-00007,110,2022,BDZ-00013,early_pv_high,56.334835,0.0,historical_typical_window_proxy,40.0,40.0,40.0,40.0,80.0,0.0,no,transformer_only_aggregate_screen_not_guide_feasibility
QX-00007,110,2023,BDZ-00013,early_pv_high,60.655088,0.0,historical_typical_window_proxy,40.0,40.0,40.0,40.0,80.0,0.0,no,transformer_only_aggregate_screen_not_guide_feasibility
QX-00007,110,2024,BDZ-00013,early_pv_high,57.004684,0.0,historical_typical_window_proxy,40.0,40.0,40.0,40.0,80.0,0.0,no,transformer_only_aggregate_screen_not_guide_feasibility
QX-00007,110,2025,BDZ-00013,early_pv_high,60.128196,7.436468,observed_2025_independent_station_peak,40.0,40.0,40.0,40.0,80.0,0.0,no,transformer_only_aggregate_screen_not_guide_feasibility
QX-00007,110,2021,BDZ-00042,early_pv_high,68.195058,0.0,historical_typical_window_proxy,40.0,40.0,40.0,40.0,80.0,0.0,no,transformer_only_aggregate_screen_not_guide_feasibility
QX-00007,110,2022,BDZ-00042,early_pv_high,67.376586,0.0,historical_typical_window_proxy,40.0,40.0,40.0,40.0,80.0,0.0,no,transformer_only_aggregate_screen_not_guide_feasibility
QX-00007,110,2023,BDZ-00042,early_pv_high,72.543617,0.0,historical_typical_window_proxy,40.0,40.0,40.0,40.0,80.0,0.0,no,transformer_only_aggregate_screen_not_guide_feasibility
QX-00007,110,2024,BDZ-00042,early_pv_high,68.177727,0.0,historical_typical_window_proxy,40.0,40.0,40.0,40.0,80.0,0.0,no,transformer_only_aggregate_screen_not_guide_feasibility
QX-00007,110,2025,BDZ-00042,early_pv_high,71.913454,0.0,observed_2025_independent_station_peak,40.0,40.0,40.0,40.0,80.0,0.0,no,transformer_only_aggregate_screen_not_guide_feasibility
QX-00007,110,2021,BDZ-00053,early_pv_high,69.159646,0.0,historical_typical_window_proxy,40.0,40.0,40.0,40.0,80.0,0.0,no,transformer_only_aggregate_screen_not_guide_feasibility
QX-00007,110,2022,BDZ-00053,early_pv_high,68.329597,0.0,historical_typical_window_proxy,40.0,40.0,40.0,40.0,80.0,0.0,no,transformer_only_aggregate_screen_not_guide_feasibility
QX-00007,110,2023,BDZ-00053,early_pv_high,73.569714,0.0,historical_typical_window_proxy,40.0,40.0,40.0,40.0,80.0,0.0,no,transformer_only_aggregate_screen_not_guide_feasibility
QX-00007,110,2024,BDZ-00053,early_pv_high,69.14207,0.0,historical_typical_window_proxy,40.0,40.0,40.0,40.0,80.0,0.0,no,transformer_only_aggregate_screen_not_guide_feasibility
QX-00007,110,2025,BDZ-00053,early_pv_high,72.930637,0.0,observed_2025_independent_station_peak,40.0,40.0,40.0,40.0,80.0,0.0,no,transformer_only_aggregate_screen_not_guide_feasibility
QX-00007,110,2021,BDZ-00051,early_pv_high,51.552581,0.0,historical_typical_window_proxy,40.0,40.0,40.0,40.0,80.0,0.0,no,transformer_only_aggregate_screen_not_guide_feasibility
QX-00007,110,2022,BDZ-00051,early_pv_high,50.933851,0.0,historical_typical_window_proxy,40.0,40.0,40.0,40.0,80.0,0.0,no,transformer_only_aggregate_screen_not_guide_feasibility
QX-00007,110,2023,BDZ-00051,early_pv_high,54.839908,0.0,historical_typical_window_proxy,40.0,40.0,40.0,40.0,80.0,0.0,no,transformer_only_aggregate_screen_not_guide_feasibility
QX-00007,110,2024,BDZ-00051,early_pv_high,51.539479,0.0,historical_typical_window_proxy,40.0,40.0,40.0,40.0,80.0,0.0,no,transformer_only_aggregate_screen_not_guide_feasibility
QX-00007,110,2025,BDZ-00051,early_pv_high,54.363531,0.0,observed_2025_independent_station_peak,40.0,40.0,40.0,40.0,80.0,0.0,no,transformer_only_aggregate_screen_not_guide_feasibility
QX-00007,110,2021,BDZ-00055,early_pv_high,37.352141,0.0,historical_typical_window_proxy,40.0,40.0,40.0,40.0,80.0,0.0,no,transformer_only_aggregate_screen_not_guide_feasibility
QX-00007,110,2022,BDZ-00055,early_pv_high,36.903844,0.0,historical_typical_window_proxy,40.0,40.0,40.0,40.0,80.0,0.0,no,transformer_only_aggregate_screen_not_guide_feasibility
QX-00007,110,2023,BDZ-00055,early_pv_high,39.733956,0.0,historical_typical_window_proxy,40.0,40.0,40.0,40.0,80.0,0.0,no,transformer_only_aggregate_screen_not_guide_feasibility
QX-00007,110,2024,BDZ-00055,early_pv_high,37.342649,0.0,historical_typical_window_proxy,40.0,40.0,40.0,40.0,80.0,0.0,no,transformer_only_aggregate_screen_not_guide_feasibility
QX-00007,110,2025,BDZ-00055,early_pv_high,39.3888,5.8212,observed_2025_independent_station_peak,40.0,40.0,40.0,40.0,80.0,0.0,no,transformer_only_aggregate_screen_not_guide_feasibility
QX-00007,110,2021,SIM-CITY-KL,early_pv_high,13.049465,0.853585,historical_typical_window_proxy,40.0,40.0,40.0,40.0,80.0,0.0,no,transformer_only_aggregate_screen_not_guide_feasibility
QX-00007,110,2022,SIM-CITY-KL,early_pv_high,12.892847,0.855955,historical_typical_window_proxy,40.0,40.0,40.0,40.0,80.0,0.0,no,transformer_only_aggregate_screen_not_guide_feasibility
QX-00007,110,2023,SIM-CITY-KL,early_pv_high,13.881584,0.840994,historical_typical_window_proxy,40.0,40.0,40.0,40.0,80.0,0.0,no,transformer_only_aggregate_screen_not_guide_feasibility
QX-00007,110,2024,SIM-CITY-KL,early_pv_high,13.046149,1.320219,historical_typical_window_proxy,40.0,40.0,40.0,40.0,80.0,0.0,no,transformer_only_aggregate_screen_not_guide_feasibility
QX-00007,110,2025,SIM-CITY-KL,early_pv_high,13.760999,4.06692,observed_2025_independent_station_peak,40.0,40.0,40.0,40.0,80.0,0.0,no,transformer_only_aggregate_screen_not_guide_feasibility
QX-00007,110,2021,BDZ-00065,early_pv_high,67.900443,0.0,historical_typical_window_proxy,40.0,40.0,40.0,40.0,80.0,0.0,no,transformer_only_aggregate_screen_not_guide_feasibility
QX-00007,110,2022,BDZ-00065,early_pv_high,67.085507,0.0,historical_typical_window_proxy,40.0,40.0,40.0,40.0,80.0,0.0,no,transformer_only_aggregate_screen_not_guide_feasibility
QX-00007,110,2023,BDZ-00065,early_pv_high,72.230216,0.0,historical_typical_window_proxy,40.0,40.0,40.0,40.0,80.0,0.0,no,transformer_only_aggregate_screen_not_guide_feasibility
QX-00007,110,2024,BDZ-00065,early_pv_high,67.883187,0.0,historical_typical_window_proxy,40.0,40.0,40.0,40.0,80.0,0.0,no,transformer_only_aggregate_screen_not_guide_feasibility
QX-00007,110,2025,BDZ-00065,early_pv_high,71.602775,0.0,observed_2025_independent_station_peak,40.0,40.0,40.0,40.0,80.0,0.0,no,transformer_only_aggregate_screen_not_guide_feasibility
QX-00007,110,2021,BDZ-00062,early_pv_high,45.604773,0.0,historical_typical_window_proxy,40.0,40.0,40.0,40.0,80.0,0.0,no,transformer_only_aggregate_screen_not_guide_feasibility
QX-00007,110,2022,BDZ-00062,early_pv_high,45.057428,0.0,historical_typical_window_proxy,40.0,40.0,40.0,40.0,80.0,0.0,no,transformer_only_aggregate_screen_not_guide_feasibility
QX-00007,110,2023,BDZ-00062,early_pv_high,48.51283,0.0,historical_typical_window_proxy,40.0,40.0,40.0,40.0,80.0,0.0,no,transformer_only_aggregate_screen_not_guide_feasibility
QX-00007,110,2024,BDZ-00062,early_pv_high,45.593183,0.0,historical_typical_window_proxy,40.0,40.0,40.0,40.0,80.0,0.0,no,transformer_only_aggregate_screen_not_guide_feasibility
QX-00007,110,2025,BDZ-00062,early_pv_high,48.091414,0.0,observed_2025_independent_station_peak,40.0,40.0,40.0,40.0,80.0,0.0,no,transformer_only_aggregate_screen_not_guide_feasibility
QX-00007,110,2021,BDZ-00076,early_pv_high,25.811136,0.0,historical_typical_window_proxy,40.0,40.0,40.0,40.0,80.0,0.0,no,transformer_only_aggregate_screen_not_guide_feasibility
QX-00007,110,2022,BDZ-00076,early_pv_high,25.501353,0.0,historical_typical_window_proxy,40.0,40.0,40.0,40.0,80.0,0.0,no,transformer_only_aggregate_screen_not_guide_feasibility
QX-00007,110,2023,BDZ-00076,early_pv_high,27.457021,0.0,historical_typical_window_proxy,40.0,40.0,40.0,40.0,80.0,0.0,no,transformer_only_aggregate_screen_not_guide_feasibility
QX-00007,110,2024,BDZ-00076,early_pv_high,25.804576,0.0,historical_typical_window_proxy,40.0,40.0,40.0,40.0,80.0,0.0,no,transformer_only_aggregate_screen_not_guide_feasibility
QX-00007,110,2025,BDZ-00076,early_pv_high,27.218511,0.0,observed_2025_independent_station_peak,40.0,40.0,40.0,40.0,80.0,0.0,no,transformer_only_aggregate_screen_not_guide_feasibility
QX-00007,110,2021,BDZ-00074,early_pv_high,57.752789,0.0,historical_typical_window_proxy,40.0,40.0,40.0,40.0,80.0,0.0,no,transformer_only_aggregate_screen_not_guide_feasibility
QX-00007,110,2022,BDZ-00074,early_pv_high,57.059644,0.0,historical_typical_window_proxy,40.0,40.0,40.0,40.0,80.0,0.0,no,transformer_only_aggregate_screen_not_guide_feasibility
QX-00007,110,2023,BDZ-00074,early_pv_high,61.435482,0.0,historical_typical_window_proxy,40.0,40.0,40.0,40.0,80.0,0.0,no,transformer_only_aggregate_screen_not_guide_feasibility
QX-00007,110,2024,BDZ-00074,early_pv_high,57.738112,0.579525,historical_typical_window_proxy,40.0,40.0,40.0,40.0,80.0,0.0,no,transformer_only_aggregate_screen_not_guide_feasibility
QX-00007,110,2025,BDZ-00074,early_pv_high,60.901811,11.379447,observed_2025_independent_station_peak,40.0,40.0,40.0,40.0,80.0,0.0,no,transformer_only_aggregate_screen_not_guide_feasibility
QX-00007,110,2021,BDZ-00094,early_pv_high,52.644116,0.0,historical_typical_window_proxy,40.0,40.0,40.0,40.0,80.0,0.0,no,transformer_only_aggregate_screen_not_guide_feasibility
QX-00007,110,2022,BDZ-00094,early_pv_high,52.012285,0.0,historical_typical_window_proxy,40.0,40.0,40.0,40.0,80.0,0.0,no,transformer_only_aggregate_screen_not_guide_feasibility
QX-00007,110,2023,BDZ-00094,early_pv_high,56.001046,0.0,historical_typical_window_proxy,40.0,40.0,40.0,40.0,80.0,0.0,no,transformer_only_aggregate_screen_not_guide_feasibility
QX-00007,110,2024,BDZ-00094,early_pv_high,52.630737,0.0,historical_typical_window_proxy,40.0,40.0,40.0,40.0,80.0,0.0,no,transformer_only_aggregate_screen_not_guide_feasibility
QX-00007,110,2025,BDZ-00094,early_pv_high,55.514583,0.0,observed_2025_independent_station_peak,40.0,40.0,40.0,40.0,80.0,0.0,no,transformer_only_aggregate_screen_not_guide_feasibility
QX-00007,110,2021,BDZ-00092,early_pv_high,9.080321,0.26807,historical_typical_window_proxy,40.0,40.0,40.0,40.0,80.0,0.0,no,transformer_only_aggregate_screen_not_guide_feasibility
QX-00007,110,2022,BDZ-00092,early_pv_high,8.97134,0.320474,historical_typical_window_proxy,40.0,40.0,40.0,40.0,80.0,0.0,no,transformer_only_aggregate_screen_not_guide_feasibility
QX-00007,110,2023,BDZ-00092,early_pv_high,9.659342,0.0,historical_typical_window_proxy,40.0,40.0,40.0,40.0,80.0,0.0,no,transformer_only_aggregate_screen_not_guide_feasibility
QX-00007,110,2024,BDZ-00092,early_pv_high,9.078014,2.551347,historical_typical_window_proxy,40.0,40.0,40.0,40.0,80.0,0.0,no,transformer_only_aggregate_screen_not_guide_feasibility
QX-00007,110,2025,BDZ-00092,early_pv_high,9.575434,6.055777,observed_2025_independent_station_peak,40.0,40.0,40.0,40.0,80.0,0.0,no,transformer_only_aggregate_screen_not_guide_feasibility
QX-00007,110,2021,BDZ-00103,early_pv_high,53.326458,0.0,historical_typical_window_proxy,40.0,40.0,40.0,40.0,80.0,0.0,no,transformer_only_aggregate_screen_not_guide_feasibility
QX-00007,110,2022,BDZ-00103,early_pv_high,52.686438,0.0,historical_typical_window_proxy,40.0,40.0,40.0,40.0,80.0,0.0,no,transformer_only_aggregate_screen_not_guide_feasibility
QX-00007,110,2023,BDZ-00103,early_pv_high,56.7269,0.0,historical_typical_window_proxy,40.0,40.0,40.0,40.0,80.0,0.0,no,transformer_only_aggregate_screen_not_guide_feasibility
QX-00007,110,2024,BDZ-00103,early_pv_high,53.312906,0.0,historical_typical_window_proxy,40.0,40.0,40.0,40.0,80.0,0.0,no,transformer_only_aggregate_screen_not_guide_feasibility
QX-00007,110,2025,BDZ-00103,early_pv_high,56.234131,0.0,observed_2025_independent_station_peak,40.0,40.0,40.0,40.0,80.0,0.0,no,transformer_only_aggregate_screen_not_guide_feasibility
QX-00007,110,2021,BDZ-00110,early_pv_high,31.095991,0.0,historical_typical_window_proxy,40.0,63.0,40.0,63.0,103.0,0.0,no,transformer_only_aggregate_screen_not_guide_feasibility
QX-00007,110,2022,BDZ-00110,early_pv_high,30.72278,0.0,historical_typical_window_proxy,40.0,63.0,40.0,63.0,103.0,0.0,no,transformer_only_aggregate_screen_not_guide_feasibility
QX-00007,110,2023,BDZ-00110,early_pv_high,33.078874,0.0,historical_typical_window_proxy,40.0,63.0,40.0,63.0,103.0,0.0,no,transformer_only_aggregate_screen_not_guide_feasibility
QX-00007,110,2024,BDZ-00110,early_pv_high,31.088089,0.0,historical_typical_window_proxy,40.0,63.0,40.0,63.0,103.0,0.0,no,transformer_only_aggregate_screen_not_guide_feasibility
QX-00007,110,2025,BDZ-00110,early_pv_high,32.791528,0.0,observed_2025_independent_station_peak,40.0,63.0,40.0,63.0,103.0,0.0,no,transformer_only_aggregate_screen_not_guide_feasibility
QX-00007,110,2021,BDZ-00106,early_pv_high,4.704464,0.0,historical_typical_window_proxy,40.0,40.0,40.0,40.0,80.0,0.0,no,transformer_only_aggregate_screen_not_guide_feasibility
QX-00007,110,2022,BDZ-00106,early_pv_high,4.648001,0.0,historical_typical_window_proxy,40.0,40.0,40.0,40.0,80.0,0.0,no,transformer_only_aggregate_screen_not_guide_feasibility
QX-00007,110,2023,BDZ-00106,early_pv_high,5.004451,0.0,historical_typical_window_proxy,40.0,40.0,40.0,40.0,80.0,0.0,no,transformer_only_aggregate_screen_not_guide_feasibility
QX-00007,110,2024,BDZ-00106,early_pv_high,4.703268,0.0,historical_typical_window_proxy,40.0,40.0,40.0,40.0,80.0,0.0,no,transformer_only_aggregate_screen_not_guide_feasibility
QX-00007,110,2025,BDZ-00106,early_pv_high,4.960979,0.0,observed_2025_independent_station_peak,40.0,40.0,40.0,40.0,80.0,0.0,no,transformer_only_aggregate_screen_not_guide_feasibility
QX-00007,110,2021,BDZ-00114,early_pv_high,89.213383,0.0,historical_typical_window_proxy,40.0,63.0,40.0,63.0,103.0,0.0,no,transformer_only_aggregate_screen_not_guide_feasibility
QX-00007,110,2022,BDZ-00114,early_pv_high,88.142651,0.0,historical_typical_window_proxy,40.0,63.0,40.0,63.0,103.0,0.0,no,transformer_only_aggregate_screen_not_guide_feasibility
QX-00007,110,2023,BDZ-00114,early_pv_high,94.902207,0.0,historical_typical_window_proxy,40.0,63.0,40.0,63.0,103.0,0.0,no,transformer_only_aggregate_screen_not_guide_feasibility
QX-00007,110,2024,BDZ-00114,early_pv_high,89.190711,0.0,historical_typical_window_proxy,40.0,63.0,40.0,63.0,103.0,0.0,no,transformer_only_aggregate_screen_not_guide_feasibility
QX-00007,110,2025,BDZ-00114,early_pv_high,94.077822,9.364173,observed_2025_independent_station_peak,40.0,63.0,40.0,63.0,103.0,0.0,no,transformer_only_aggregate_screen_not_guide_feasibility
QX-00007,110,2021,BDZ-00115,early_pv_high,59.576882,0.0,historical_typical_window_proxy,40.0,40.0,40.0,40.0,80.0,0.0,no,transformer_only_aggregate_screen_not_guide_feasibility
QX-00007,110,2022,BDZ-00115,early_pv_high,58.861845,0.0,historical_typical_window_proxy,40.0,40.0,40.0,40.0,80.0,0.0,no,transformer_only_aggregate_screen_not_guide_feasibility
QX-00007,110,2023,BDZ-00115,early_pv_high,63.375891,0.0,historical_typical_window_proxy,40.0,40.0,40.0,40.0,80.0,0.0,no,transformer_only_aggregate_screen_not_guide_feasibility
QX-00007,110,2024,BDZ-00115,early_pv_high,59.561742,0.0,historical_typical_window_proxy,40.0,40.0,40.0,40.0,80.0,0.0,no,transformer_only_aggregate_screen_not_guide_feasibility
QX-00007,110,2025,BDZ-00115,early_pv_high,62.825365,0.0,observed_2025_independent_station_peak,40.0,40.0,40.0,40.0,80.0,0.0,no,transformer_only_aggregate_screen_not_guide_feasibility
QX-00007,110,2021,BDZ-00139,early_pv_high,75.36896,0.0,historical_typical_window_proxy,40.0,40.0,40.0,40.0,80.0,0.0,no,transformer_only_aggregate_screen_not_guide_feasibility
QX-00007,110,2022,BDZ-00139,early_pv_high,74.464388,0.0,historical_typical_window_proxy,40.0,40.0,40.0,40.0,80.0,0.0,no,transformer_only_aggregate_screen_not_guide_feasibility
QX-00007,110,2023,BDZ-00139,early_pv_high,80.174975,0.0,historical_typical_window_proxy,40.0,40.0,40.0,50.0,90.0,10.0,yes,transformer_only_aggregate_screen_not_guide_feasibility
QX-00007,110,2024,BDZ-00139,early_pv_high,75.349807,0.0,historical_typical_window_proxy,40.0,50.0,40.0,50.0,90.0,0.0,no,transformer_only_aggregate_screen_not_guide_feasibility
QX-00007,110,2025,BDZ-00139,early_pv_high,79.47852,0.0,observed_2025_independent_station_peak,40.0,50.0,40.0,50.0,90.0,0.0,no,transformer_only_aggregate_screen_not_guide_feasibility
QX-00007,110,2021,BDZ-00148,early_pv_high,83.537008,0.0,historical_typical_window_proxy,40.0,50.0,40.0,50.0,90.0,0.0,no,transformer_only_aggregate_screen_not_guide_feasibility
QX-00007,110,2022,BDZ-00148,early_pv_high,82.534404,0.0,historical_typical_window_proxy,40.0,50.0,40.0,50.0,90.0,0.0,no,transformer_only_aggregate_screen_not_guide_feasibility
QX-00007,110,2023,BDZ-00148,early_pv_high,88.86387,0.0,historical_typical_window_proxy,40.0,50.0,50.0,50.0,100.0,10.0,yes,transformer_only_aggregate_screen_not_guide_feasibility
QX-00007,110,2024,BDZ-00148,early_pv_high,83.515779,0.0,historical_typical_window_proxy,50.0,50.0,50.0,50.0,100.0,0.0,no,transformer_only_aggregate_screen_not_guide_feasibility
QX-00007,110,2025,BDZ-00148,early_pv_high,88.091938,0.0,observed_2025_independent_station_peak,50.0,50.0,50.0,50.0,100.0,0.0,no,transformer_only_aggregate_screen_not_guide_feasibility
QX-00007,110,2021,BDZ-00154,early_pv_high,15.70776,0.0,historical_typical_window_proxy,40.0,40.0,40.0,40.0,80.0,0.0,no,transformer_only_aggregate_screen_not_guide_feasibility
QX-00007,110,2022,BDZ-00154,early_pv_high,15.519237,0.0,historical_typical_window_proxy,40.0,40.0,40.0,40.0,80.0,0.0,no,transformer_only_aggregate_screen_not_guide_feasibility
QX-00007,110,2023,BDZ-00154,early_pv_high,16.709389,0.0,historical_typical_window_proxy,40.0,40.0,40.0,40.0,80.0,0.0,no,transformer_only_aggregate_screen_not_guide_feasibility
QX-00007,110,2024,BDZ-00154,early_pv_high,15.703769,0.0,historical_typical_window_proxy,40.0,40.0,40.0,40.0,80.0,0.0,no,transformer_only_aggregate_screen_not_guide_feasibility
QX-00007,110,2025,BDZ-00154,early_pv_high,16.56424,0.0,observed_2025_independent_station_peak,40.0,40.0,40.0,40.0,80.0,0.0,no,transformer_only_aggregate_screen_not_guide_feasibility
QX-00007,110,2021,BDZ-00151,early_pv_high,104.013066,0.0,historical_typical_window_proxy,50.0,63.0,50.0,63.0,113.0,0.0,no,transformer_only_aggregate_screen_not_guide_feasibility
QX-00007,110,2022,BDZ-00151,early_pv_high,102.764709,0.0,historical_typical_window_proxy,50.0,63.0,50.0,63.0,113.0,0.0,no,transformer_only_aggregate_screen_not_guide_feasibility
QX-00007,110,2023,BDZ-00151,early_pv_high,110.645614,0.0,historical_typical_window_proxy,50.0,63.0,63.0,63.0,126.0,13.0,yes,transformer_only_aggregate_screen_not_guide_feasibility
QX-00007,110,2024,BDZ-00151,early_pv_high,103.986633,0.0,historical_typical_window_proxy,63.0,63.0,63.0,63.0,126.0,0.0,no,transformer_only_aggregate_screen_not_guide_feasibility
QX-00007,110,2025,BDZ-00151,early_pv_high,109.684471,0.0,observed_2025_independent_station_peak,63.0,63.0,63.0,63.0,126.0,0.0,no,transformer_only_aggregate_screen_not_guide_feasibility
QX-00007,110,2021,BDZ-00155,early_pv_high,43.068439,0.0,historical_typical_window_proxy,40.0,40.0,40.0,40.0,80.0,0.0,no,transformer_only_aggregate_screen_not_guide_feasibility
QX-00007,110,2022,BDZ-00155,early_pv_high,42.551535,0.0,historical_typical_window_proxy,40.0,40.0,40.0,40.0,80.0,0.0,no,transformer_only_aggregate_screen_not_guide_feasibility
QX-00007,110,2023,BDZ-00155,early_pv_high,45.814762,0.0,historical_typical_window_proxy,40.0,40.0,40.0,40.0,80.0,0.0,no,transformer_only_aggregate_screen_not_guide_feasibility
QX-00007,110,2024,BDZ-00155,early_pv_high,43.057494,0.0,historical_typical_window_proxy,40.0,40.0,40.0,40.0,80.0,0.0,no,transformer_only_aggregate_screen_not_guide_feasibility
QX-00007,110,2025,BDZ-00155,early_pv_high,45.416784,0.0,observed_2025_independent_station_peak,40.0,40.0,40.0,40.0,80.0,0.0,no,transformer_only_aggregate_screen_not_guide_feasibility
QX-00007,110,2021,SIM-CITY-XSZ,early_pv_high,11.044167,0.0,historical_typical_window_proxy,40.0,40.0,40.0,40.0,80.0,0.0,no,transformer_only_aggregate_screen_not_guide_feasibility
QX-00007,110,2022,SIM-CITY-XSZ,early_pv_high,10.911616,0.0,historical_typical_window_proxy,40.0,40.0,40.0,40.0,80.0,0.0,no,transformer_only_aggregate_screen_not_guide_feasibility
QX-00007,110,2023,SIM-CITY-XSZ,early_pv_high,11.748415,0.0,historical_typical_window_proxy,40.0,40.0,40.0,40.0,80.0,0.0,no,transformer_only_aggregate_screen_not_guide_feasibility
QX-00007,110,2024,SIM-CITY-XSZ,early_pv_high,11.04136,0.519838,historical_typical_window_proxy,40.0,40.0,40.0,40.0,80.0,0.0,no,transformer_only_aggregate_screen_not_guide_feasibility
QX-00007,110,2025,SIM-CITY-XSZ,early_pv_high,11.64636,2.86374,observed_2025_independent_station_peak,40.0,40.0,40.0,40.0,80.0,0.0,no,transformer_only_aggregate_screen_not_guide_feasibility
QX-00007,110,2021,SIM-CITY-YQ,early_pv_high,17.027519,0.0,historical_typical_window_proxy,40.0,40.0,40.0,40.0,80.0,0.0,no,transformer_only_aggregate_screen_not_guide_feasibility
QX-00007,110,2022,SIM-CITY-YQ,early_pv_high,16.823156,0.0,historical_typical_window_proxy,40.0,40.0,40.0,40.0,80.0,0.0,no,transformer_only_aggregate_screen_not_guide_feasibility
QX-00007,110,2023,SIM-CITY-YQ,early_pv_high,18.113305,0.0,historical_typical_window_proxy,40.0,40.0,40.0,40.0,80.0,0.0,no,transformer_only_aggregate_screen_not_guide_feasibility
QX-00007,110,2024,SIM-CITY-YQ,early_pv_high,17.023192,0.0,historical_typical_window_proxy,40.0,40.0,40.0,40.0,80.0,0.0,no,transformer_only_aggregate_screen_not_guide_feasibility
QX-00007,110,2025,SIM-CITY-YQ,early_pv_high,17.95596,0.0,observed_2025_independent_station_peak,40.0,40.0,40.0,40.0,80.0,0.0,no,transformer_only_aggregate_screen_not_guide_feasibility
QX-00007,110,2021,BDZ-00175,early_pv_high,36.511846,0.0,historical_typical_window_proxy,40.0,40.0,40.0,40.0,80.0,0.0,no,transformer_only_aggregate_screen_not_guide_feasibility
QX-00007,110,2022,BDZ-00175,early_pv_high,36.073634,0.0,historical_typical_window_proxy,40.0,40.0,40.0,40.0,80.0,0.0,no,transformer_only_aggregate_screen_not_guide_feasibility
QX-00007,110,2023,BDZ-00175,early_pv_high,38.840078,0.0,historical_typical_window_proxy,40.0,40.0,40.0,40.0,80.0,0.0,no,transformer_only_aggregate_screen_not_guide_feasibility
QX-00007,110,2024,BDZ-00175,early_pv_high,36.502567,0.0,historical_typical_window_proxy,40.0,40.0,40.0,40.0,80.0,0.0,no,transformer_only_aggregate_screen_not_guide_feasibility
QX-00007,110,2025,BDZ-00175,early_pv_high,38.502687,0.0,observed_2025_independent_station_peak,40.0,40.0,40.0,40.0,80.0,0.0,no,transformer_only_aggregate_screen_not_guide_feasibility
QX-00007,110,2021,BDZ-00024,early_pv_high,77.542936,0.0,historical_typical_window_proxy,40.0,50.0,40.0,50.0,90.0,0.0,no,transformer_only_aggregate_screen_not_guide_feasibility
QX-00007,110,2022,BDZ-00024,early_pv_high,76.612272,0.0,historical_typical_window_proxy,40.0,50.0,40.0,50.0,90.0,0.0,no,transformer_only_aggregate_screen_not_guide_feasibility
QX-00007,110,2023,BDZ-00024,early_pv_high,82.487577,0.0,historical_typical_window_proxy,40.0,50.0,40.0,50.0,90.0,0.0,no,transformer_only_aggregate_screen_not_guide_feasibility
QX-00007,110,2024,BDZ-00024,early_pv_high,77.52323,0.0,historical_typical_window_proxy,40.0,50.0,40.0,50.0,90.0,0.0,no,transformer_only_aggregate_screen_not_guide_feasibility
QX-00007,110,2025,BDZ-00024,early_pv_high,81.771034,0.0,observed_2025_independent_station_peak,40.0,50.0,40.0,50.0,90.0,0.0,no,transformer_only_aggregate_screen_not_guide_feasibility
QX-00007,110,2021,BDZ-00183,early_pv_high,13.352356,0.633747,historical_typical_window_proxy,40.0,40.0,40.0,40.0,80.0,0.0,no,transformer_only_aggregate_screen_not_guide_feasibility
QX-00007,110,2022,BDZ-00183,early_pv_high,13.192102,0.667879,historical_typical_window_proxy,40.0,40.0,40.0,40.0,80.0,0.0,no,transformer_only_aggregate_screen_not_guide_feasibility
QX-00007,110,2023,BDZ-00183,early_pv_high,14.203789,0.452403,historical_typical_window_proxy,40.0,40.0,40.0,40.0,80.0,0.0,no,transformer_only_aggregate_screen_not_guide_feasibility
QX-00007,110,2024,BDZ-00183,early_pv_high,13.348963,2.347,historical_typical_window_proxy,40.0,40.0,40.0,40.0,80.0,0.0,no,transformer_only_aggregate_screen_not_guide_feasibility
QX-00007,110,2025,BDZ-00183,early_pv_high,14.080405,4.796019,observed_2025_independent_station_peak,40.0,40.0,40.0,40.0,80.0,0.0,no,transformer_only_aggregate_screen_not_guide_feasibility
