region_id,voltage_kv,scheme,station_id,direction,capacity_before_mva,expansion_delta_mva,largest_unit_after_mva,remaining_capacity_mva,stress_mw,contingency_limit_mw,loading_pct,pressure_over_100pct,screen_status,method,source_ref,source_version,transformation,scenario_id,quality_flag,source_sha256
QX-00001,110,A,BDZ-00015,forward,100,0,50,50,20.53,47.5,43.22105263,False,screened,capacity_network_contingency_screen_no_impedance,network_lines_110kv.csv+transformer_master.csv+real_plan_actions.csv+real_plan_dispatch_playback.csv.gz,电网建模数据_Agent整合版_V1.2,"internal current-capacity, topology-cut and transformer remaining-capacity contingency screen",real_2025_internal_capacity_network_screen,internal_transformer_capacity_screen,78b6a476a4210567b65bb0c79647bfd8aee8d99aed60795a84c4cd864db56825
QX-00001,110,A,BDZ-00015,reverse,100,0,50,50,4.93,47.5,10.37894737,False,screened,capacity_network_contingency_screen_no_impedance,network_lines_110kv.csv+transformer_master.csv+real_plan_actions.csv+real_plan_dispatch_playback.csv.gz,电网建模数据_Agent整合版_V1.2,"internal current-capacity, topology-cut and transformer remaining-capacity contingency screen",real_2025_internal_capacity_network_screen,internal_transformer_capacity_screen,78b6a476a4210567b65bb0c79647bfd8aee8d99aed60795a84c4cd864db56825
QX-00001,110,A,BDZ-00033,forward,90,0,50,40,67.23,38,176.9210526,True,screened,capacity_network_contingency_screen_no_impedance,network_lines_110kv.csv+transformer_master.csv+real_plan_actions.csv+real_plan_dispatch_playback.csv.gz,电网建模数据_Agent整合版_V1.2,"internal current-capacity, topology-cut and transformer remaining-capacity contingency screen",real_2025_internal_capacity_network_screen,internal_transformer_capacity_screen,78b6a476a4210567b65bb0c79647bfd8aee8d99aed60795a84c4cd864db56825
QX-00001,110,A,BDZ-00033,reverse,90,0,50,40,13.79,38,36.28947368,False,screened,capacity_network_contingency_screen_no_impedance,network_lines_110kv.csv+transformer_master.csv+real_plan_actions.csv+real_plan_dispatch_playback.csv.gz,电网建模数据_Agent整合版_V1.2,"internal current-capacity, topology-cut and transformer remaining-capacity contingency screen",real_2025_internal_capacity_network_screen,internal_transformer_capacity_screen,78b6a476a4210567b65bb0c79647bfd8aee8d99aed60795a84c4cd864db56825
QX-00001,110,A,BDZ-00034,forward,100,0,50,50,38.96,47.5,82.02105263,False,screened,capacity_network_contingency_screen_no_impedance,network_lines_110kv.csv+transformer_master.csv+real_plan_actions.csv+real_plan_dispatch_playback.csv.gz,电网建模数据_Agent整合版_V1.2,"internal current-capacity, topology-cut and transformer remaining-capacity contingency screen",real_2025_internal_capacity_network_screen,internal_transformer_capacity_screen,78b6a476a4210567b65bb0c79647bfd8aee8d99aed60795a84c4cd864db56825
QX-00001,110,A,BDZ-00034,reverse,100,0,50,50,23.06,47.5,48.54736842,False,screened,capacity_network_contingency_screen_no_impedance,network_lines_110kv.csv+transformer_master.csv+real_plan_actions.csv+real_plan_dispatch_playback.csv.gz,电网建模数据_Agent整合版_V1.2,"internal current-capacity, topology-cut and transformer remaining-capacity contingency screen",real_2025_internal_capacity_network_screen,internal_transformer_capacity_screen,78b6a476a4210567b65bb0c79647bfd8aee8d99aed60795a84c4cd864db56825
QX-00001,110,A,BDZ-00046,forward,130,0,80,50,98.92,47.5,208.2526316,True,screened,capacity_network_contingency_screen_no_impedance,network_lines_110kv.csv+transformer_master.csv+real_plan_actions.csv+real_plan_dispatch_playback.csv.gz,电网建模数据_Agent整合版_V1.2,"internal current-capacity, topology-cut and transformer remaining-capacity contingency screen",real_2025_internal_capacity_network_screen,internal_transformer_capacity_screen,78b6a476a4210567b65bb0c79647bfd8aee8d99aed60795a84c4cd864db56825
QX-00001,110,A,BDZ-00046,reverse,130,0,80,50,-0,47.5,-0,False,screened,capacity_network_contingency_screen_no_impedance,network_lines_110kv.csv+transformer_master.csv+real_plan_actions.csv+real_plan_dispatch_playback.csv.gz,电网建模数据_Agent整合版_V1.2,"internal current-capacity, topology-cut and transformer remaining-capacity contingency screen",real_2025_internal_capacity_network_screen,internal_transformer_capacity_screen,78b6a476a4210567b65bb0c79647bfd8aee8d99aed60795a84c4cd864db56825
QX-00001,110,A,BDZ-00058,forward,70,0,50,20,35.08,19,184.6315789,True,screened,capacity_network_contingency_screen_no_impedance,network_lines_110kv.csv+transformer_master.csv+real_plan_actions.csv+real_plan_dispatch_playback.csv.gz,电网建模数据_Agent整合版_V1.2,"internal current-capacity, topology-cut and transformer remaining-capacity contingency screen",real_2025_internal_capacity_network_screen,internal_transformer_capacity_screen,78b6a476a4210567b65bb0c79647bfd8aee8d99aed60795a84c4cd864db56825
QX-00001,110,A,BDZ-00058,reverse,70,0,50,20,19,19,100,False,screened,capacity_network_contingency_screen_no_impedance,network_lines_110kv.csv+transformer_master.csv+real_plan_actions.csv+real_plan_dispatch_playback.csv.gz,电网建模数据_Agent整合版_V1.2,"internal current-capacity, topology-cut and transformer remaining-capacity contingency screen",real_2025_internal_capacity_network_screen,internal_transformer_capacity_screen,78b6a476a4210567b65bb0c79647bfd8aee8d99aed60795a84c4cd864db56825
QX-00001,110,A,BDZ-00072,forward,71.5,0,40,31.5,48.91,29.925,163.4419382,True,screened,capacity_network_contingency_screen_no_impedance,network_lines_110kv.csv+transformer_master.csv+real_plan_actions.csv+real_plan_dispatch_playback.csv.gz,电网建模数据_Agent整合版_V1.2,"internal current-capacity, topology-cut and transformer remaining-capacity contingency screen",real_2025_internal_capacity_network_screen,internal_transformer_capacity_screen,78b6a476a4210567b65bb0c79647bfd8aee8d99aed60795a84c4cd864db56825
QX-00001,110,A,BDZ-00072,reverse,71.5,0,40,31.5,7.08,29.925,23.65914787,False,screened,capacity_network_contingency_screen_no_impedance,network_lines_110kv.csv+transformer_master.csv+real_plan_actions.csv+real_plan_dispatch_playback.csv.gz,电网建模数据_Agent整合版_V1.2,"internal current-capacity, topology-cut and transformer remaining-capacity contingency screen",real_2025_internal_capacity_network_screen,internal_transformer_capacity_screen,78b6a476a4210567b65bb0c79647bfd8aee8d99aed60795a84c4cd864db56825
QX-00001,110,A,BDZ-00105,forward,111.5,0,80,31.5,63.35,29.925,211.6959064,True,screened,capacity_network_contingency_screen_no_impedance,network_lines_110kv.csv+transformer_master.csv+real_plan_actions.csv+real_plan_dispatch_playback.csv.gz,电网建模数据_Agent整合版_V1.2,"internal current-capacity, topology-cut and transformer remaining-capacity contingency screen",real_2025_internal_capacity_network_screen,internal_transformer_capacity_screen,78b6a476a4210567b65bb0c79647bfd8aee8d99aed60795a84c4cd864db56825
QX-00001,110,A,BDZ-00105,reverse,111.5,0,80,31.5,29.925,29.925,100,True,screened,capacity_network_contingency_screen_no_impedance,network_lines_110kv.csv+transformer_master.csv+real_plan_actions.csv+real_plan_dispatch_playback.csv.gz,电网建模数据_Agent整合版_V1.2,"internal current-capacity, topology-cut and transformer remaining-capacity contingency screen",real_2025_internal_capacity_network_screen,internal_transformer_capacity_screen,78b6a476a4210567b65bb0c79647bfd8aee8d99aed60795a84c4cd864db56825
QX-00001,110,A,BDZ-00116,forward,100,0,50,50,29.74,47.5,62.61052632,False,screened,capacity_network_contingency_screen_no_impedance,network_lines_110kv.csv+transformer_master.csv+real_plan_actions.csv+real_plan_dispatch_playback.csv.gz,电网建模数据_Agent整合版_V1.2,"internal current-capacity, topology-cut and transformer remaining-capacity contingency screen",real_2025_internal_capacity_network_screen,internal_transformer_capacity_screen,78b6a476a4210567b65bb0c79647bfd8aee8d99aed60795a84c4cd864db56825
QX-00001,110,A,BDZ-00116,reverse,100,0,50,50,47.5,47.5,100,False,screened,capacity_network_contingency_screen_no_impedance,network_lines_110kv.csv+transformer_master.csv+real_plan_actions.csv+real_plan_dispatch_playback.csv.gz,电网建模数据_Agent整合版_V1.2,"internal current-capacity, topology-cut and transformer remaining-capacity contingency screen",real_2025_internal_capacity_network_screen,internal_transformer_capacity_screen,78b6a476a4210567b65bb0c79647bfd8aee8d99aed60795a84c4cd864db56825
QX-00001,110,A,BDZ-00117,forward,63,0,31.5,31.5,25,29.925,83.54218881,False,screened,capacity_network_contingency_screen_no_impedance,network_lines_110kv.csv+transformer_master.csv+real_plan_actions.csv+real_plan_dispatch_playback.csv.gz,电网建模数据_Agent整合版_V1.2,"internal current-capacity, topology-cut and transformer remaining-capacity contingency screen",real_2025_internal_capacity_network_screen,internal_transformer_capacity_screen,78b6a476a4210567b65bb0c79647bfd8aee8d99aed60795a84c4cd864db56825
QX-00001,110,A,BDZ-00117,reverse,63,0,31.5,31.5,19.7,29.925,65.83124478,False,screened,capacity_network_contingency_screen_no_impedance,network_lines_110kv.csv+transformer_master.csv+real_plan_actions.csv+real_plan_dispatch_playback.csv.gz,电网建模数据_Agent整合版_V1.2,"internal current-capacity, topology-cut and transformer remaining-capacity contingency screen",real_2025_internal_capacity_network_screen,internal_transformer_capacity_screen,78b6a476a4210567b65bb0c79647bfd8aee8d99aed60795a84c4cd864db56825
QX-00001,110,A,BDZ-00123,forward,113,0,63,50,38.74,47.5,81.55789474,False,screened,capacity_network_contingency_screen_no_impedance,network_lines_110kv.csv+transformer_master.csv+real_plan_actions.csv+real_plan_dispatch_playback.csv.gz,电网建模数据_Agent整合版_V1.2,"internal current-capacity, topology-cut and transformer remaining-capacity contingency screen",real_2025_internal_capacity_network_screen,internal_transformer_capacity_screen,78b6a476a4210567b65bb0c79647bfd8aee8d99aed60795a84c4cd864db56825
QX-00001,110,A,BDZ-00123,reverse,113,0,63,50,21.78,47.5,45.85263158,False,screened,capacity_network_contingency_screen_no_impedance,network_lines_110kv.csv+transformer_master.csv+real_plan_actions.csv+real_plan_dispatch_playback.csv.gz,电网建模数据_Agent整合版_V1.2,"internal current-capacity, topology-cut and transformer remaining-capacity contingency screen",real_2025_internal_capacity_network_screen,internal_transformer_capacity_screen,78b6a476a4210567b65bb0c79647bfd8aee8d99aed60795a84c4cd864db56825
QX-00001,110,A,BDZ-00126,forward,113,0,63,50,62.02,47.5,130.5684211,True,screened,capacity_network_contingency_screen_no_impedance,network_lines_110kv.csv+transformer_master.csv+real_plan_actions.csv+real_plan_dispatch_playback.csv.gz,电网建模数据_Agent整合版_V1.2,"internal current-capacity, topology-cut and transformer remaining-capacity contingency screen",real_2025_internal_capacity_network_screen,internal_transformer_capacity_screen,78b6a476a4210567b65bb0c79647bfd8aee8d99aed60795a84c4cd864db56825
QX-00001,110,A,BDZ-00126,reverse,113,0,63,50,43.97,47.5,92.56842105,False,screened,capacity_network_contingency_screen_no_impedance,network_lines_110kv.csv+transformer_master.csv+real_plan_actions.csv+real_plan_dispatch_playback.csv.gz,电网建模数据_Agent整合版_V1.2,"internal current-capacity, topology-cut and transformer remaining-capacity contingency screen",real_2025_internal_capacity_network_screen,internal_transformer_capacity_screen,78b6a476a4210567b65bb0c79647bfd8aee8d99aed60795a84c4cd864db56825
QX-00001,110,A,BDZ-00132,forward,100,0,50,50,19.51,47.5,41.07368421,False,screened,capacity_network_contingency_screen_no_impedance,network_lines_110kv.csv+transformer_master.csv+real_plan_actions.csv+real_plan_dispatch_playback.csv.gz,电网建模数据_Agent整合版_V1.2,"internal current-capacity, topology-cut and transformer remaining-capacity contingency screen",real_2025_internal_capacity_network_screen,internal_transformer_capacity_screen,78b6a476a4210567b65bb0c79647bfd8aee8d99aed60795a84c4cd864db56825
QX-00001,110,A,BDZ-00132,reverse,100,0,50,50,0.33,47.5,0.6947368421,False,screened,capacity_network_contingency_screen_no_impedance,network_lines_110kv.csv+transformer_master.csv+real_plan_actions.csv+real_plan_dispatch_playback.csv.gz,电网建模数据_Agent整合版_V1.2,"internal current-capacity, topology-cut and transformer remaining-capacity contingency screen",real_2025_internal_capacity_network_screen,internal_transformer_capacity_screen,78b6a476a4210567b65bb0c79647bfd8aee8d99aed60795a84c4cd864db56825
QX-00001,110,A,BDZ-00165,forward,100,0,50,50,60.44,47.5,127.2421053,True,screened,capacity_network_contingency_screen_no_impedance,network_lines_110kv.csv+transformer_master.csv+real_plan_actions.csv+real_plan_dispatch_playback.csv.gz,电网建模数据_Agent整合版_V1.2,"internal current-capacity, topology-cut and transformer remaining-capacity contingency screen",real_2025_internal_capacity_network_screen,internal_transformer_capacity_screen,78b6a476a4210567b65bb0c79647bfd8aee8d99aed60795a84c4cd864db56825
QX-00001,110,A,BDZ-00165,reverse,100,0,50,50,4.12,47.5,8.673684211,False,screened,capacity_network_contingency_screen_no_impedance,network_lines_110kv.csv+transformer_master.csv+real_plan_actions.csv+real_plan_dispatch_playback.csv.gz,电网建模数据_Agent整合版_V1.2,"internal current-capacity, topology-cut and transformer remaining-capacity contingency screen",real_2025_internal_capacity_network_screen,internal_transformer_capacity_screen,78b6a476a4210567b65bb0c79647bfd8aee8d99aed60795a84c4cd864db56825
QX-00001,110,A,BDZ-00174,forward,100,0,50,50,70.02,47.5,147.4105263,True,screened,capacity_network_contingency_screen_no_impedance,network_lines_110kv.csv+transformer_master.csv+real_plan_actions.csv+real_plan_dispatch_playback.csv.gz,电网建模数据_Agent整合版_V1.2,"internal current-capacity, topology-cut and transformer remaining-capacity contingency screen",real_2025_internal_capacity_network_screen,internal_transformer_capacity_screen,78b6a476a4210567b65bb0c79647bfd8aee8d99aed60795a84c4cd864db56825
QX-00001,110,A,BDZ-00174,reverse,100,0,50,50,23.61,47.5,49.70526316,False,screened,capacity_network_contingency_screen_no_impedance,network_lines_110kv.csv+transformer_master.csv+real_plan_actions.csv+real_plan_dispatch_playback.csv.gz,电网建模数据_Agent整合版_V1.2,"internal current-capacity, topology-cut and transformer remaining-capacity contingency screen",real_2025_internal_capacity_network_screen,internal_transformer_capacity_screen,78b6a476a4210567b65bb0c79647bfd8aee8d99aed60795a84c4cd864db56825
QX-00001,110,A,BDZ-00177,forward,63,0,31.5,31.5,7.26,29.925,24.26065163,False,screened,capacity_network_contingency_screen_no_impedance,network_lines_110kv.csv+transformer_master.csv+real_plan_actions.csv+real_plan_dispatch_playback.csv.gz,电网建模数据_Agent整合版_V1.2,"internal current-capacity, topology-cut and transformer remaining-capacity contingency screen",real_2025_internal_capacity_network_screen,internal_transformer_capacity_screen,78b6a476a4210567b65bb0c79647bfd8aee8d99aed60795a84c4cd864db56825
QX-00001,110,A,BDZ-00177,reverse,63,0,31.5,31.5,5.27,29.925,17.6106934,False,screened,capacity_network_contingency_screen_no_impedance,network_lines_110kv.csv+transformer_master.csv+real_plan_actions.csv+real_plan_dispatch_playback.csv.gz,电网建模数据_Agent整合版_V1.2,"internal current-capacity, topology-cut and transformer remaining-capacity contingency screen",real_2025_internal_capacity_network_screen,internal_transformer_capacity_screen,78b6a476a4210567b65bb0c79647bfd8aee8d99aed60795a84c4cd864db56825
QX-00001,110,B,BDZ-00015,forward,100,0,50,50,20.53,47.5,43.22105263,False,screened,capacity_network_contingency_screen_no_impedance,network_lines_110kv.csv+transformer_master.csv+real_plan_actions.csv+real_plan_dispatch_playback.csv.gz,电网建模数据_Agent整合版_V1.2,"internal current-capacity, topology-cut and transformer remaining-capacity contingency screen",real_2025_internal_capacity_network_screen,internal_transformer_capacity_screen,78b6a476a4210567b65bb0c79647bfd8aee8d99aed60795a84c4cd864db56825
QX-00001,110,B,BDZ-00015,reverse,100,0,50,50,4.93,47.5,10.37894737,False,screened,capacity_network_contingency_screen_no_impedance,network_lines_110kv.csv+transformer_master.csv+real_plan_actions.csv+real_plan_dispatch_playback.csv.gz,电网建模数据_Agent整合版_V1.2,"internal current-capacity, topology-cut and transformer remaining-capacity contingency screen",real_2025_internal_capacity_network_screen,internal_transformer_capacity_screen,78b6a476a4210567b65bb0c79647bfd8aee8d99aed60795a84c4cd864db56825
QX-00001,110,B,BDZ-00033,forward,90,0,50,40,67.23,38,176.9210526,True,screened,capacity_network_contingency_screen_no_impedance,network_lines_110kv.csv+transformer_master.csv+real_plan_actions.csv+real_plan_dispatch_playback.csv.gz,电网建模数据_Agent整合版_V1.2,"internal current-capacity, topology-cut and transformer remaining-capacity contingency screen",real_2025_internal_capacity_network_screen,internal_transformer_capacity_screen,78b6a476a4210567b65bb0c79647bfd8aee8d99aed60795a84c4cd864db56825
QX-00001,110,B,BDZ-00033,reverse,90,0,50,40,13.79,38,36.28947368,False,screened,capacity_network_contingency_screen_no_impedance,network_lines_110kv.csv+transformer_master.csv+real_plan_actions.csv+real_plan_dispatch_playback.csv.gz,电网建模数据_Agent整合版_V1.2,"internal current-capacity, topology-cut and transformer remaining-capacity contingency screen",real_2025_internal_capacity_network_screen,internal_transformer_capacity_screen,78b6a476a4210567b65bb0c79647bfd8aee8d99aed60795a84c4cd864db56825
QX-00001,110,B,BDZ-00034,forward,100,0,50,50,38.96,47.5,82.02105263,False,screened,capacity_network_contingency_screen_no_impedance,network_lines_110kv.csv+transformer_master.csv+real_plan_actions.csv+real_plan_dispatch_playback.csv.gz,电网建模数据_Agent整合版_V1.2,"internal current-capacity, topology-cut and transformer remaining-capacity contingency screen",real_2025_internal_capacity_network_screen,internal_transformer_capacity_screen,78b6a476a4210567b65bb0c79647bfd8aee8d99aed60795a84c4cd864db56825
QX-00001,110,B,BDZ-00034,reverse,100,0,50,50,23.06,47.5,48.54736842,False,screened,capacity_network_contingency_screen_no_impedance,network_lines_110kv.csv+transformer_master.csv+real_plan_actions.csv+real_plan_dispatch_playback.csv.gz,电网建模数据_Agent整合版_V1.2,"internal current-capacity, topology-cut and transformer remaining-capacity contingency screen",real_2025_internal_capacity_network_screen,internal_transformer_capacity_screen,78b6a476a4210567b65bb0c79647bfd8aee8d99aed60795a84c4cd864db56825
QX-00001,110,B,BDZ-00046,forward,130,0,80,50,98.92,47.5,208.2526316,True,screened,capacity_network_contingency_screen_no_impedance,network_lines_110kv.csv+transformer_master.csv+real_plan_actions.csv+real_plan_dispatch_playback.csv.gz,电网建模数据_Agent整合版_V1.2,"internal current-capacity, topology-cut and transformer remaining-capacity contingency screen",real_2025_internal_capacity_network_screen,internal_transformer_capacity_screen,78b6a476a4210567b65bb0c79647bfd8aee8d99aed60795a84c4cd864db56825
QX-00001,110,B,BDZ-00046,reverse,130,0,80,50,-0,47.5,-0,False,screened,capacity_network_contingency_screen_no_impedance,network_lines_110kv.csv+transformer_master.csv+real_plan_actions.csv+real_plan_dispatch_playback.csv.gz,电网建模数据_Agent整合版_V1.2,"internal current-capacity, topology-cut and transformer remaining-capacity contingency screen",real_2025_internal_capacity_network_screen,internal_transformer_capacity_screen,78b6a476a4210567b65bb0c79647bfd8aee8d99aed60795a84c4cd864db56825
QX-00001,110,B,BDZ-00058,forward,70,50,50,70,35.08,66.5,52.7518797,False,screened,capacity_network_contingency_screen_no_impedance,network_lines_110kv.csv+transformer_master.csv+real_plan_actions.csv+real_plan_dispatch_playback.csv.gz,电网建模数据_Agent整合版_V1.2,"internal current-capacity, topology-cut and transformer remaining-capacity contingency screen",real_2025_internal_capacity_network_screen,internal_transformer_capacity_screen,78b6a476a4210567b65bb0c79647bfd8aee8d99aed60795a84c4cd864db56825
QX-00001,110,B,BDZ-00058,reverse,70,50,50,70,25.08,66.5,37.71428571,False,screened,capacity_network_contingency_screen_no_impedance,network_lines_110kv.csv+transformer_master.csv+real_plan_actions.csv+real_plan_dispatch_playback.csv.gz,电网建模数据_Agent整合版_V1.2,"internal current-capacity, topology-cut and transformer remaining-capacity contingency screen",real_2025_internal_capacity_network_screen,internal_transformer_capacity_screen,78b6a476a4210567b65bb0c79647bfd8aee8d99aed60795a84c4cd864db56825
QX-00001,110,B,BDZ-00072,forward,71.5,0,40,31.5,48.91,29.925,163.4419382,True,screened,capacity_network_contingency_screen_no_impedance,network_lines_110kv.csv+transformer_master.csv+real_plan_actions.csv+real_plan_dispatch_playback.csv.gz,电网建模数据_Agent整合版_V1.2,"internal current-capacity, topology-cut and transformer remaining-capacity contingency screen",real_2025_internal_capacity_network_screen,internal_transformer_capacity_screen,78b6a476a4210567b65bb0c79647bfd8aee8d99aed60795a84c4cd864db56825
QX-00001,110,B,BDZ-00072,reverse,71.5,0,40,31.5,7.08,29.925,23.65914787,False,screened,capacity_network_contingency_screen_no_impedance,network_lines_110kv.csv+transformer_master.csv+real_plan_actions.csv+real_plan_dispatch_playback.csv.gz,电网建模数据_Agent整合版_V1.2,"internal current-capacity, topology-cut and transformer remaining-capacity contingency screen",real_2025_internal_capacity_network_screen,internal_transformer_capacity_screen,78b6a476a4210567b65bb0c79647bfd8aee8d99aed60795a84c4cd864db56825
QX-00001,110,B,BDZ-00105,forward,111.5,0,80,31.5,63.35,29.925,211.6959064,True,screened,capacity_network_contingency_screen_no_impedance,network_lines_110kv.csv+transformer_master.csv+real_plan_actions.csv+real_plan_dispatch_playback.csv.gz,电网建模数据_Agent整合版_V1.2,"internal current-capacity, topology-cut and transformer remaining-capacity contingency screen",real_2025_internal_capacity_network_screen,internal_transformer_capacity_screen,78b6a476a4210567b65bb0c79647bfd8aee8d99aed60795a84c4cd864db56825
QX-00001,110,B,BDZ-00105,reverse,111.5,0,80,31.5,29.925,29.925,100,True,screened,capacity_network_contingency_screen_no_impedance,network_lines_110kv.csv+transformer_master.csv+real_plan_actions.csv+real_plan_dispatch_playback.csv.gz,电网建模数据_Agent整合版_V1.2,"internal current-capacity, topology-cut and transformer remaining-capacity contingency screen",real_2025_internal_capacity_network_screen,internal_transformer_capacity_screen,78b6a476a4210567b65bb0c79647bfd8aee8d99aed60795a84c4cd864db56825
QX-00001,110,B,BDZ-00116,forward,100,0,50,50,29.74,47.5,62.61052632,False,screened,capacity_network_contingency_screen_no_impedance,network_lines_110kv.csv+transformer_master.csv+real_plan_actions.csv+real_plan_dispatch_playback.csv.gz,电网建模数据_Agent整合版_V1.2,"internal current-capacity, topology-cut and transformer remaining-capacity contingency screen",real_2025_internal_capacity_network_screen,internal_transformer_capacity_screen,78b6a476a4210567b65bb0c79647bfd8aee8d99aed60795a84c4cd864db56825
QX-00001,110,B,BDZ-00116,reverse,100,0,50,50,47.5,47.5,100,False,screened,capacity_network_contingency_screen_no_impedance,network_lines_110kv.csv+transformer_master.csv+real_plan_actions.csv+real_plan_dispatch_playback.csv.gz,电网建模数据_Agent整合版_V1.2,"internal current-capacity, topology-cut and transformer remaining-capacity contingency screen",real_2025_internal_capacity_network_screen,internal_transformer_capacity_screen,78b6a476a4210567b65bb0c79647bfd8aee8d99aed60795a84c4cd864db56825
QX-00001,110,B,BDZ-00117,forward,63,0,31.5,31.5,25,29.925,83.54218881,False,screened,capacity_network_contingency_screen_no_impedance,network_lines_110kv.csv+transformer_master.csv+real_plan_actions.csv+real_plan_dispatch_playback.csv.gz,电网建模数据_Agent整合版_V1.2,"internal current-capacity, topology-cut and transformer remaining-capacity contingency screen",real_2025_internal_capacity_network_screen,internal_transformer_capacity_screen,78b6a476a4210567b65bb0c79647bfd8aee8d99aed60795a84c4cd864db56825
QX-00001,110,B,BDZ-00117,reverse,63,0,31.5,31.5,19.7,29.925,65.83124478,False,screened,capacity_network_contingency_screen_no_impedance,network_lines_110kv.csv+transformer_master.csv+real_plan_actions.csv+real_plan_dispatch_playback.csv.gz,电网建模数据_Agent整合版_V1.2,"internal current-capacity, topology-cut and transformer remaining-capacity contingency screen",real_2025_internal_capacity_network_screen,internal_transformer_capacity_screen,78b6a476a4210567b65bb0c79647bfd8aee8d99aed60795a84c4cd864db56825
QX-00001,110,B,BDZ-00123,forward,113,0,63,50,38.74,47.5,81.55789474,False,screened,capacity_network_contingency_screen_no_impedance,network_lines_110kv.csv+transformer_master.csv+real_plan_actions.csv+real_plan_dispatch_playback.csv.gz,电网建模数据_Agent整合版_V1.2,"internal current-capacity, topology-cut and transformer remaining-capacity contingency screen",real_2025_internal_capacity_network_screen,internal_transformer_capacity_screen,78b6a476a4210567b65bb0c79647bfd8aee8d99aed60795a84c4cd864db56825
QX-00001,110,B,BDZ-00123,reverse,113,0,63,50,21.78,47.5,45.85263158,False,screened,capacity_network_contingency_screen_no_impedance,network_lines_110kv.csv+transformer_master.csv+real_plan_actions.csv+real_plan_dispatch_playback.csv.gz,电网建模数据_Agent整合版_V1.2,"internal current-capacity, topology-cut and transformer remaining-capacity contingency screen",real_2025_internal_capacity_network_screen,internal_transformer_capacity_screen,78b6a476a4210567b65bb0c79647bfd8aee8d99aed60795a84c4cd864db56825
QX-00001,110,B,BDZ-00126,forward,113,0,63,50,62.02,47.5,130.5684211,True,screened,capacity_network_contingency_screen_no_impedance,network_lines_110kv.csv+transformer_master.csv+real_plan_actions.csv+real_plan_dispatch_playback.csv.gz,电网建模数据_Agent整合版_V1.2,"internal current-capacity, topology-cut and transformer remaining-capacity contingency screen",real_2025_internal_capacity_network_screen,internal_transformer_capacity_screen,78b6a476a4210567b65bb0c79647bfd8aee8d99aed60795a84c4cd864db56825
QX-00001,110,B,BDZ-00126,reverse,113,0,63,50,43.97,47.5,92.56842105,False,screened,capacity_network_contingency_screen_no_impedance,network_lines_110kv.csv+transformer_master.csv+real_plan_actions.csv+real_plan_dispatch_playback.csv.gz,电网建模数据_Agent整合版_V1.2,"internal current-capacity, topology-cut and transformer remaining-capacity contingency screen",real_2025_internal_capacity_network_screen,internal_transformer_capacity_screen,78b6a476a4210567b65bb0c79647bfd8aee8d99aed60795a84c4cd864db56825
QX-00001,110,B,BDZ-00132,forward,100,0,50,50,19.51,47.5,41.07368421,False,screened,capacity_network_contingency_screen_no_impedance,network_lines_110kv.csv+transformer_master.csv+real_plan_actions.csv+real_plan_dispatch_playback.csv.gz,电网建模数据_Agent整合版_V1.2,"internal current-capacity, topology-cut and transformer remaining-capacity contingency screen",real_2025_internal_capacity_network_screen,internal_transformer_capacity_screen,78b6a476a4210567b65bb0c79647bfd8aee8d99aed60795a84c4cd864db56825
QX-00001,110,B,BDZ-00132,reverse,100,0,50,50,0.33,47.5,0.6947368421,False,screened,capacity_network_contingency_screen_no_impedance,network_lines_110kv.csv+transformer_master.csv+real_plan_actions.csv+real_plan_dispatch_playback.csv.gz,电网建模数据_Agent整合版_V1.2,"internal current-capacity, topology-cut and transformer remaining-capacity contingency screen",real_2025_internal_capacity_network_screen,internal_transformer_capacity_screen,78b6a476a4210567b65bb0c79647bfd8aee8d99aed60795a84c4cd864db56825
QX-00001,110,B,BDZ-00165,forward,100,0,50,50,60.44,47.5,127.2421053,True,screened,capacity_network_contingency_screen_no_impedance,network_lines_110kv.csv+transformer_master.csv+real_plan_actions.csv+real_plan_dispatch_playback.csv.gz,电网建模数据_Agent整合版_V1.2,"internal current-capacity, topology-cut and transformer remaining-capacity contingency screen",real_2025_internal_capacity_network_screen,internal_transformer_capacity_screen,78b6a476a4210567b65bb0c79647bfd8aee8d99aed60795a84c4cd864db56825
QX-00001,110,B,BDZ-00165,reverse,100,0,50,50,4.12,47.5,8.673684211,False,screened,capacity_network_contingency_screen_no_impedance,network_lines_110kv.csv+transformer_master.csv+real_plan_actions.csv+real_plan_dispatch_playback.csv.gz,电网建模数据_Agent整合版_V1.2,"internal current-capacity, topology-cut and transformer remaining-capacity contingency screen",real_2025_internal_capacity_network_screen,internal_transformer_capacity_screen,78b6a476a4210567b65bb0c79647bfd8aee8d99aed60795a84c4cd864db56825
QX-00001,110,B,BDZ-00174,forward,100,0,50,50,70.02,47.5,147.4105263,True,screened,capacity_network_contingency_screen_no_impedance,network_lines_110kv.csv+transformer_master.csv+real_plan_actions.csv+real_plan_dispatch_playback.csv.gz,电网建模数据_Agent整合版_V1.2,"internal current-capacity, topology-cut and transformer remaining-capacity contingency screen",real_2025_internal_capacity_network_screen,internal_transformer_capacity_screen,78b6a476a4210567b65bb0c79647bfd8aee8d99aed60795a84c4cd864db56825
QX-00001,110,B,BDZ-00174,reverse,100,0,50,50,23.61,47.5,49.70526316,False,screened,capacity_network_contingency_screen_no_impedance,network_lines_110kv.csv+transformer_master.csv+real_plan_actions.csv+real_plan_dispatch_playback.csv.gz,电网建模数据_Agent整合版_V1.2,"internal current-capacity, topology-cut and transformer remaining-capacity contingency screen",real_2025_internal_capacity_network_screen,internal_transformer_capacity_screen,78b6a476a4210567b65bb0c79647bfd8aee8d99aed60795a84c4cd864db56825
QX-00001,110,B,BDZ-00177,forward,63,0,31.5,31.5,7.26,29.925,24.26065163,False,screened,capacity_network_contingency_screen_no_impedance,network_lines_110kv.csv+transformer_master.csv+real_plan_actions.csv+real_plan_dispatch_playback.csv.gz,电网建模数据_Agent整合版_V1.2,"internal current-capacity, topology-cut and transformer remaining-capacity contingency screen",real_2025_internal_capacity_network_screen,internal_transformer_capacity_screen,78b6a476a4210567b65bb0c79647bfd8aee8d99aed60795a84c4cd864db56825
QX-00001,110,B,BDZ-00177,reverse,63,0,31.5,31.5,5.27,29.925,17.6106934,False,screened,capacity_network_contingency_screen_no_impedance,network_lines_110kv.csv+transformer_master.csv+real_plan_actions.csv+real_plan_dispatch_playback.csv.gz,电网建模数据_Agent整合版_V1.2,"internal current-capacity, topology-cut and transformer remaining-capacity contingency screen",real_2025_internal_capacity_network_screen,internal_transformer_capacity_screen,78b6a476a4210567b65bb0c79647bfd8aee8d99aed60795a84c4cd864db56825
QX-00001,110,C0,BDZ-00015,forward,100,0,50,50,20.53,47.5,43.22105263,False,screened,capacity_network_contingency_screen_no_impedance,network_lines_110kv.csv+transformer_master.csv+real_plan_actions.csv+real_plan_dispatch_playback.csv.gz,电网建模数据_Agent整合版_V1.2,"internal current-capacity, topology-cut and transformer remaining-capacity contingency screen",real_2025_internal_capacity_network_screen,internal_transformer_capacity_screen,78b6a476a4210567b65bb0c79647bfd8aee8d99aed60795a84c4cd864db56825
QX-00001,110,C0,BDZ-00015,reverse,100,0,50,50,4.93,47.5,10.37894737,False,screened,capacity_network_contingency_screen_no_impedance,network_lines_110kv.csv+transformer_master.csv+real_plan_actions.csv+real_plan_dispatch_playback.csv.gz,电网建模数据_Agent整合版_V1.2,"internal current-capacity, topology-cut and transformer remaining-capacity contingency screen",real_2025_internal_capacity_network_screen,internal_transformer_capacity_screen,78b6a476a4210567b65bb0c79647bfd8aee8d99aed60795a84c4cd864db56825
QX-00001,110,C0,BDZ-00033,forward,90,0,50,40,67.23,38,176.9210526,True,screened,capacity_network_contingency_screen_no_impedance,network_lines_110kv.csv+transformer_master.csv+real_plan_actions.csv+real_plan_dispatch_playback.csv.gz,电网建模数据_Agent整合版_V1.2,"internal current-capacity, topology-cut and transformer remaining-capacity contingency screen",real_2025_internal_capacity_network_screen,internal_transformer_capacity_screen,78b6a476a4210567b65bb0c79647bfd8aee8d99aed60795a84c4cd864db56825
QX-00001,110,C0,BDZ-00033,reverse,90,0,50,40,13.79,38,36.28947368,False,screened,capacity_network_contingency_screen_no_impedance,network_lines_110kv.csv+transformer_master.csv+real_plan_actions.csv+real_plan_dispatch_playback.csv.gz,电网建模数据_Agent整合版_V1.2,"internal current-capacity, topology-cut and transformer remaining-capacity contingency screen",real_2025_internal_capacity_network_screen,internal_transformer_capacity_screen,78b6a476a4210567b65bb0c79647bfd8aee8d99aed60795a84c4cd864db56825
QX-00001,110,C0,BDZ-00034,forward,100,0,50,50,38.96,47.5,82.02105263,False,screened,capacity_network_contingency_screen_no_impedance,network_lines_110kv.csv+transformer_master.csv+real_plan_actions.csv+real_plan_dispatch_playback.csv.gz,电网建模数据_Agent整合版_V1.2,"internal current-capacity, topology-cut and transformer remaining-capacity contingency screen",real_2025_internal_capacity_network_screen,internal_transformer_capacity_screen,78b6a476a4210567b65bb0c79647bfd8aee8d99aed60795a84c4cd864db56825
QX-00001,110,C0,BDZ-00034,reverse,100,0,50,50,23.06,47.5,48.54736842,False,screened,capacity_network_contingency_screen_no_impedance,network_lines_110kv.csv+transformer_master.csv+real_plan_actions.csv+real_plan_dispatch_playback.csv.gz,电网建模数据_Agent整合版_V1.2,"internal current-capacity, topology-cut and transformer remaining-capacity contingency screen",real_2025_internal_capacity_network_screen,internal_transformer_capacity_screen,78b6a476a4210567b65bb0c79647bfd8aee8d99aed60795a84c4cd864db56825
QX-00001,110,C0,BDZ-00046,forward,130,0,80,50,98.92,47.5,208.2526316,True,screened,capacity_network_contingency_screen_no_impedance,network_lines_110kv.csv+transformer_master.csv+real_plan_actions.csv+real_plan_dispatch_playback.csv.gz,电网建模数据_Agent整合版_V1.2,"internal current-capacity, topology-cut and transformer remaining-capacity contingency screen",real_2025_internal_capacity_network_screen,internal_transformer_capacity_screen,78b6a476a4210567b65bb0c79647bfd8aee8d99aed60795a84c4cd864db56825
QX-00001,110,C0,BDZ-00046,reverse,130,0,80,50,0,47.5,0,False,screened,capacity_network_contingency_screen_no_impedance,network_lines_110kv.csv+transformer_master.csv+real_plan_actions.csv+real_plan_dispatch_playback.csv.gz,电网建模数据_Agent整合版_V1.2,"internal current-capacity, topology-cut and transformer remaining-capacity contingency screen",real_2025_internal_capacity_network_screen,internal_transformer_capacity_screen,78b6a476a4210567b65bb0c79647bfd8aee8d99aed60795a84c4cd864db56825
QX-00001,110,C0,BDZ-00058,forward,70,0,50,20,35.08,19,184.6315789,True,screened,capacity_network_contingency_screen_no_impedance,network_lines_110kv.csv+transformer_master.csv+real_plan_actions.csv+real_plan_dispatch_playback.csv.gz,电网建模数据_Agent整合版_V1.2,"internal current-capacity, topology-cut and transformer remaining-capacity contingency screen",real_2025_internal_capacity_network_screen,internal_transformer_capacity_screen,78b6a476a4210567b65bb0c79647bfd8aee8d99aed60795a84c4cd864db56825
QX-00001,110,C0,BDZ-00058,reverse,70,0,50,20,25.08,19,132,True,screened,capacity_network_contingency_screen_no_impedance,network_lines_110kv.csv+transformer_master.csv+real_plan_actions.csv+real_plan_dispatch_playback.csv.gz,电网建模数据_Agent整合版_V1.2,"internal current-capacity, topology-cut and transformer remaining-capacity contingency screen",real_2025_internal_capacity_network_screen,internal_transformer_capacity_screen,78b6a476a4210567b65bb0c79647bfd8aee8d99aed60795a84c4cd864db56825
QX-00001,110,C0,BDZ-00072,forward,71.5,0,40,31.5,48.91,29.925,163.4419382,True,screened,capacity_network_contingency_screen_no_impedance,network_lines_110kv.csv+transformer_master.csv+real_plan_actions.csv+real_plan_dispatch_playback.csv.gz,电网建模数据_Agent整合版_V1.2,"internal current-capacity, topology-cut and transformer remaining-capacity contingency screen",real_2025_internal_capacity_network_screen,internal_transformer_capacity_screen,78b6a476a4210567b65bb0c79647bfd8aee8d99aed60795a84c4cd864db56825
QX-00001,110,C0,BDZ-00072,reverse,71.5,0,40,31.5,7.08,29.925,23.65914787,False,screened,capacity_network_contingency_screen_no_impedance,network_lines_110kv.csv+transformer_master.csv+real_plan_actions.csv+real_plan_dispatch_playback.csv.gz,电网建模数据_Agent整合版_V1.2,"internal current-capacity, topology-cut and transformer remaining-capacity contingency screen",real_2025_internal_capacity_network_screen,internal_transformer_capacity_screen,78b6a476a4210567b65bb0c79647bfd8aee8d99aed60795a84c4cd864db56825
QX-00001,110,C0,BDZ-00105,forward,111.5,0,80,31.5,63.35,29.925,211.6959064,True,screened,capacity_network_contingency_screen_no_impedance,network_lines_110kv.csv+transformer_master.csv+real_plan_actions.csv+real_plan_dispatch_playback.csv.gz,电网建模数据_Agent整合版_V1.2,"internal current-capacity, topology-cut and transformer remaining-capacity contingency screen",real_2025_internal_capacity_network_screen,internal_transformer_capacity_screen,78b6a476a4210567b65bb0c79647bfd8aee8d99aed60795a84c4cd864db56825
QX-00001,110,C0,BDZ-00105,reverse,111.5,0,80,31.5,31.14,29.925,104.0601504,True,screened,capacity_network_contingency_screen_no_impedance,network_lines_110kv.csv+transformer_master.csv+real_plan_actions.csv+real_plan_dispatch_playback.csv.gz,电网建模数据_Agent整合版_V1.2,"internal current-capacity, topology-cut and transformer remaining-capacity contingency screen",real_2025_internal_capacity_network_screen,internal_transformer_capacity_screen,78b6a476a4210567b65bb0c79647bfd8aee8d99aed60795a84c4cd864db56825
QX-00001,110,C0,BDZ-00116,forward,100,0,50,50,29.74,47.5,62.61052632,False,screened,capacity_network_contingency_screen_no_impedance,network_lines_110kv.csv+transformer_master.csv+real_plan_actions.csv+real_plan_dispatch_playback.csv.gz,电网建模数据_Agent整合版_V1.2,"internal current-capacity, topology-cut and transformer remaining-capacity contingency screen",real_2025_internal_capacity_network_screen,internal_transformer_capacity_screen,78b6a476a4210567b65bb0c79647bfd8aee8d99aed60795a84c4cd864db56825
QX-00001,110,C0,BDZ-00116,reverse,100,0,50,50,48.09,47.5,101.2421053,True,screened,capacity_network_contingency_screen_no_impedance,network_lines_110kv.csv+transformer_master.csv+real_plan_actions.csv+real_plan_dispatch_playback.csv.gz,电网建模数据_Agent整合版_V1.2,"internal current-capacity, topology-cut and transformer remaining-capacity contingency screen",real_2025_internal_capacity_network_screen,internal_transformer_capacity_screen,78b6a476a4210567b65bb0c79647bfd8aee8d99aed60795a84c4cd864db56825
QX-00001,110,C0,BDZ-00117,forward,63,0,31.5,31.5,25,29.925,83.54218881,False,screened,capacity_network_contingency_screen_no_impedance,network_lines_110kv.csv+transformer_master.csv+real_plan_actions.csv+real_plan_dispatch_playback.csv.gz,电网建模数据_Agent整合版_V1.2,"internal current-capacity, topology-cut and transformer remaining-capacity contingency screen",real_2025_internal_capacity_network_screen,internal_transformer_capacity_screen,78b6a476a4210567b65bb0c79647bfd8aee8d99aed60795a84c4cd864db56825
QX-00001,110,C0,BDZ-00117,reverse,63,0,31.5,31.5,19.7,29.925,65.83124478,False,screened,capacity_network_contingency_screen_no_impedance,network_lines_110kv.csv+transformer_master.csv+real_plan_actions.csv+real_plan_dispatch_playback.csv.gz,电网建模数据_Agent整合版_V1.2,"internal current-capacity, topology-cut and transformer remaining-capacity contingency screen",real_2025_internal_capacity_network_screen,internal_transformer_capacity_screen,78b6a476a4210567b65bb0c79647bfd8aee8d99aed60795a84c4cd864db56825
QX-00001,110,C0,BDZ-00123,forward,113,0,63,50,38.74,47.5,81.55789474,False,screened,capacity_network_contingency_screen_no_impedance,network_lines_110kv.csv+transformer_master.csv+real_plan_actions.csv+real_plan_dispatch_playback.csv.gz,电网建模数据_Agent整合版_V1.2,"internal current-capacity, topology-cut and transformer remaining-capacity contingency screen",real_2025_internal_capacity_network_screen,internal_transformer_capacity_screen,78b6a476a4210567b65bb0c79647bfd8aee8d99aed60795a84c4cd864db56825
QX-00001,110,C0,BDZ-00123,reverse,113,0,63,50,21.78,47.5,45.85263158,False,screened,capacity_network_contingency_screen_no_impedance,network_lines_110kv.csv+transformer_master.csv+real_plan_actions.csv+real_plan_dispatch_playback.csv.gz,电网建模数据_Agent整合版_V1.2,"internal current-capacity, topology-cut and transformer remaining-capacity contingency screen",real_2025_internal_capacity_network_screen,internal_transformer_capacity_screen,78b6a476a4210567b65bb0c79647bfd8aee8d99aed60795a84c4cd864db56825
QX-00001,110,C0,BDZ-00126,forward,113,0,63,50,62.02,47.5,130.5684211,True,screened,capacity_network_contingency_screen_no_impedance,network_lines_110kv.csv+transformer_master.csv+real_plan_actions.csv+real_plan_dispatch_playback.csv.gz,电网建模数据_Agent整合版_V1.2,"internal current-capacity, topology-cut and transformer remaining-capacity contingency screen",real_2025_internal_capacity_network_screen,internal_transformer_capacity_screen,78b6a476a4210567b65bb0c79647bfd8aee8d99aed60795a84c4cd864db56825
QX-00001,110,C0,BDZ-00126,reverse,113,0,63,50,43.97,47.5,92.56842105,False,screened,capacity_network_contingency_screen_no_impedance,network_lines_110kv.csv+transformer_master.csv+real_plan_actions.csv+real_plan_dispatch_playback.csv.gz,电网建模数据_Agent整合版_V1.2,"internal current-capacity, topology-cut and transformer remaining-capacity contingency screen",real_2025_internal_capacity_network_screen,internal_transformer_capacity_screen,78b6a476a4210567b65bb0c79647bfd8aee8d99aed60795a84c4cd864db56825
QX-00001,110,C0,BDZ-00132,forward,100,0,50,50,19.51,47.5,41.07368421,False,screened,capacity_network_contingency_screen_no_impedance,network_lines_110kv.csv+transformer_master.csv+real_plan_actions.csv+real_plan_dispatch_playback.csv.gz,电网建模数据_Agent整合版_V1.2,"internal current-capacity, topology-cut and transformer remaining-capacity contingency screen",real_2025_internal_capacity_network_screen,internal_transformer_capacity_screen,78b6a476a4210567b65bb0c79647bfd8aee8d99aed60795a84c4cd864db56825
QX-00001,110,C0,BDZ-00132,reverse,100,0,50,50,0.33,47.5,0.6947368421,False,screened,capacity_network_contingency_screen_no_impedance,network_lines_110kv.csv+transformer_master.csv+real_plan_actions.csv+real_plan_dispatch_playback.csv.gz,电网建模数据_Agent整合版_V1.2,"internal current-capacity, topology-cut and transformer remaining-capacity contingency screen",real_2025_internal_capacity_network_screen,internal_transformer_capacity_screen,78b6a476a4210567b65bb0c79647bfd8aee8d99aed60795a84c4cd864db56825
QX-00001,110,C0,BDZ-00165,forward,100,0,50,50,60.44,47.5,127.2421053,True,screened,capacity_network_contingency_screen_no_impedance,network_lines_110kv.csv+transformer_master.csv+real_plan_actions.csv+real_plan_dispatch_playback.csv.gz,电网建模数据_Agent整合版_V1.2,"internal current-capacity, topology-cut and transformer remaining-capacity contingency screen",real_2025_internal_capacity_network_screen,internal_transformer_capacity_screen,78b6a476a4210567b65bb0c79647bfd8aee8d99aed60795a84c4cd864db56825
QX-00001,110,C0,BDZ-00165,reverse,100,0,50,50,4.12,47.5,8.673684211,False,screened,capacity_network_contingency_screen_no_impedance,network_lines_110kv.csv+transformer_master.csv+real_plan_actions.csv+real_plan_dispatch_playback.csv.gz,电网建模数据_Agent整合版_V1.2,"internal current-capacity, topology-cut and transformer remaining-capacity contingency screen",real_2025_internal_capacity_network_screen,internal_transformer_capacity_screen,78b6a476a4210567b65bb0c79647bfd8aee8d99aed60795a84c4cd864db56825
QX-00001,110,C0,BDZ-00174,forward,100,0,50,50,70.02,47.5,147.4105263,True,screened,capacity_network_contingency_screen_no_impedance,network_lines_110kv.csv+transformer_master.csv+real_plan_actions.csv+real_plan_dispatch_playback.csv.gz,电网建模数据_Agent整合版_V1.2,"internal current-capacity, topology-cut and transformer remaining-capacity contingency screen",real_2025_internal_capacity_network_screen,internal_transformer_capacity_screen,78b6a476a4210567b65bb0c79647bfd8aee8d99aed60795a84c4cd864db56825
QX-00001,110,C0,BDZ-00174,reverse,100,0,50,50,23.61,47.5,49.70526316,False,screened,capacity_network_contingency_screen_no_impedance,network_lines_110kv.csv+transformer_master.csv+real_plan_actions.csv+real_plan_dispatch_playback.csv.gz,电网建模数据_Agent整合版_V1.2,"internal current-capacity, topology-cut and transformer remaining-capacity contingency screen",real_2025_internal_capacity_network_screen,internal_transformer_capacity_screen,78b6a476a4210567b65bb0c79647bfd8aee8d99aed60795a84c4cd864db56825
QX-00001,110,C0,BDZ-00177,forward,63,0,31.5,31.5,7.26,29.925,24.26065163,False,screened,capacity_network_contingency_screen_no_impedance,network_lines_110kv.csv+transformer_master.csv+real_plan_actions.csv+real_plan_dispatch_playback.csv.gz,电网建模数据_Agent整合版_V1.2,"internal current-capacity, topology-cut and transformer remaining-capacity contingency screen",real_2025_internal_capacity_network_screen,internal_transformer_capacity_screen,78b6a476a4210567b65bb0c79647bfd8aee8d99aed60795a84c4cd864db56825
QX-00001,110,C0,BDZ-00177,reverse,63,0,31.5,31.5,5.27,29.925,17.6106934,False,screened,capacity_network_contingency_screen_no_impedance,network_lines_110kv.csv+transformer_master.csv+real_plan_actions.csv+real_plan_dispatch_playback.csv.gz,电网建模数据_Agent整合版_V1.2,"internal current-capacity, topology-cut and transformer remaining-capacity contingency screen",real_2025_internal_capacity_network_screen,internal_transformer_capacity_screen,78b6a476a4210567b65bb0c79647bfd8aee8d99aed60795a84c4cd864db56825
QX-00003,110,A,BDZ-00007,forward,81.5,0,50,31.5,43.38,29.925,144.962406,True,screened,capacity_network_contingency_screen_no_impedance,network_lines_110kv.csv+transformer_master.csv+real_plan_actions.csv+real_plan_dispatch_playback.csv.gz,电网建模数据_Agent整合版_V1.2,"internal current-capacity, topology-cut and transformer remaining-capacity contingency screen",real_2025_internal_capacity_network_screen,internal_transformer_capacity_screen,78b6a476a4210567b65bb0c79647bfd8aee8d99aed60795a84c4cd864db56825
QX-00003,110,A,BDZ-00007,reverse,81.5,0,50,31.5,29.925,29.925,100,True,screened,capacity_network_contingency_screen_no_impedance,network_lines_110kv.csv+transformer_master.csv+real_plan_actions.csv+real_plan_dispatch_playback.csv.gz,电网建模数据_Agent整合版_V1.2,"internal current-capacity, topology-cut and transformer remaining-capacity contingency screen",real_2025_internal_capacity_network_screen,internal_transformer_capacity_screen,78b6a476a4210567b65bb0c79647bfd8aee8d99aed60795a84c4cd864db56825
QX-00003,110,A,BDZ-00010,forward,100,0,50,50,29.94,47.5,63.03157895,False,screened,capacity_network_contingency_screen_no_impedance,network_lines_110kv.csv+transformer_master.csv+real_plan_actions.csv+real_plan_dispatch_playback.csv.gz,电网建模数据_Agent整合版_V1.2,"internal current-capacity, topology-cut and transformer remaining-capacity contingency screen",real_2025_internal_capacity_network_screen,internal_transformer_capacity_screen,78b6a476a4210567b65bb0c79647bfd8aee8d99aed60795a84c4cd864db56825
QX-00003,110,A,BDZ-00010,reverse,100,0,50,50,24.32,47.5,51.2,False,screened,capacity_network_contingency_screen_no_impedance,network_lines_110kv.csv+transformer_master.csv+real_plan_actions.csv+real_plan_dispatch_playback.csv.gz,电网建模数据_Agent整合版_V1.2,"internal current-capacity, topology-cut and transformer remaining-capacity contingency screen",real_2025_internal_capacity_network_screen,internal_transformer_capacity_screen,78b6a476a4210567b65bb0c79647bfd8aee8d99aed60795a84c4cd864db56825
QX-00003,110,A,BDZ-00017,forward,100,0,50,50,35.82,47.5,75.41052632,False,screened,capacity_network_contingency_screen_no_impedance,network_lines_110kv.csv+transformer_master.csv+real_plan_actions.csv+real_plan_dispatch_playback.csv.gz,电网建模数据_Agent整合版_V1.2,"internal current-capacity, topology-cut and transformer remaining-capacity contingency screen",real_2025_internal_capacity_network_screen,internal_transformer_capacity_screen,78b6a476a4210567b65bb0c79647bfd8aee8d99aed60795a84c4cd864db56825
QX-00003,110,A,BDZ-00017,reverse,100,0,50,50,4.24,47.5,8.926315789,False,screened,capacity_network_contingency_screen_no_impedance,network_lines_110kv.csv+transformer_master.csv+real_plan_actions.csv+real_plan_dispatch_playback.csv.gz,电网建模数据_Agent整合版_V1.2,"internal current-capacity, topology-cut and transformer remaining-capacity contingency screen",real_2025_internal_capacity_network_screen,internal_transformer_capacity_screen,78b6a476a4210567b65bb0c79647bfd8aee8d99aed60795a84c4cd864db56825
QX-00003,110,A,BDZ-00019,forward,126,0,63,63,30.6,59.85,51.12781955,False,screened,capacity_network_contingency_screen_no_impedance,network_lines_110kv.csv+transformer_master.csv+real_plan_actions.csv+real_plan_dispatch_playback.csv.gz,电网建模数据_Agent整合版_V1.2,"internal current-capacity, topology-cut and transformer remaining-capacity contingency screen",real_2025_internal_capacity_network_screen,internal_transformer_capacity_screen,78b6a476a4210567b65bb0c79647bfd8aee8d99aed60795a84c4cd864db56825
QX-00003,110,A,BDZ-00019,reverse,126,0,63,63,14.7,59.85,24.56140351,False,screened,capacity_network_contingency_screen_no_impedance,network_lines_110kv.csv+transformer_master.csv+real_plan_actions.csv+real_plan_dispatch_playback.csv.gz,电网建模数据_Agent整合版_V1.2,"internal current-capacity, topology-cut and transformer remaining-capacity contingency screen",real_2025_internal_capacity_network_screen,internal_transformer_capacity_screen,78b6a476a4210567b65bb0c79647bfd8aee8d99aed60795a84c4cd864db56825
QX-00003,110,A,BDZ-00025,forward,126,0,63,63,96.51,59.85,161.2531328,True,screened,capacity_network_contingency_screen_no_impedance,network_lines_110kv.csv+transformer_master.csv+real_plan_actions.csv+real_plan_dispatch_playback.csv.gz,电网建模数据_Agent整合版_V1.2,"internal current-capacity, topology-cut and transformer remaining-capacity contingency screen",real_2025_internal_capacity_network_screen,internal_transformer_capacity_screen,78b6a476a4210567b65bb0c79647bfd8aee8d99aed60795a84c4cd864db56825
QX-00003,110,A,BDZ-00025,reverse,126,0,63,63,20.8,59.85,34.75355054,False,screened,capacity_network_contingency_screen_no_impedance,network_lines_110kv.csv+transformer_master.csv+real_plan_actions.csv+real_plan_dispatch_playback.csv.gz,电网建模数据_Agent整合版_V1.2,"internal current-capacity, topology-cut and transformer remaining-capacity contingency screen",real_2025_internal_capacity_network_screen,internal_transformer_capacity_screen,78b6a476a4210567b65bb0c79647bfd8aee8d99aed60795a84c4cd864db56825
QX-00003,110,A,BDZ-00060,forward,70,0,50,20,12.72,19,66.94736842,False,screened,capacity_network_contingency_screen_no_impedance,network_lines_110kv.csv+transformer_master.csv+real_plan_actions.csv+real_plan_dispatch_playback.csv.gz,电网建模数据_Agent整合版_V1.2,"internal current-capacity, topology-cut and transformer remaining-capacity contingency screen",real_2025_internal_capacity_network_screen,internal_transformer_capacity_screen,78b6a476a4210567b65bb0c79647bfd8aee8d99aed60795a84c4cd864db56825
QX-00003,110,A,BDZ-00060,reverse,70,0,50,20,1.67,19,8.789473684,False,screened,capacity_network_contingency_screen_no_impedance,network_lines_110kv.csv+transformer_master.csv+real_plan_actions.csv+real_plan_dispatch_playback.csv.gz,电网建模数据_Agent整合版_V1.2,"internal current-capacity, topology-cut and transformer remaining-capacity contingency screen",real_2025_internal_capacity_network_screen,internal_transformer_capacity_screen,78b6a476a4210567b65bb0c79647bfd8aee8d99aed60795a84c4cd864db56825
QX-00003,110,A,BDZ-00101,forward,81.5,0,50,31.5,22.86,29.925,76.39097744,False,screened,capacity_network_contingency_screen_no_impedance,network_lines_110kv.csv+transformer_master.csv+real_plan_actions.csv+real_plan_dispatch_playback.csv.gz,电网建模数据_Agent整合版_V1.2,"internal current-capacity, topology-cut and transformer remaining-capacity contingency screen",real_2025_internal_capacity_network_screen,internal_transformer_capacity_screen,78b6a476a4210567b65bb0c79647bfd8aee8d99aed60795a84c4cd864db56825
QX-00003,110,A,BDZ-00101,reverse,81.5,0,50,31.5,28.34,29.925,94.70342523,False,screened,capacity_network_contingency_screen_no_impedance,network_lines_110kv.csv+transformer_master.csv+real_plan_actions.csv+real_plan_dispatch_playback.csv.gz,电网建模数据_Agent整合版_V1.2,"internal current-capacity, topology-cut and transformer remaining-capacity contingency screen",real_2025_internal_capacity_network_screen,internal_transformer_capacity_screen,78b6a476a4210567b65bb0c79647bfd8aee8d99aed60795a84c4cd864db56825
QX-00003,110,A,BDZ-00153,forward,100,0,50,50,27.87,47.5,58.67368421,False,screened,capacity_network_contingency_screen_no_impedance,network_lines_110kv.csv+transformer_master.csv+real_plan_actions.csv+real_plan_dispatch_playback.csv.gz,电网建模数据_Agent整合版_V1.2,"internal current-capacity, topology-cut and transformer remaining-capacity contingency screen",real_2025_internal_capacity_network_screen,internal_transformer_capacity_screen,78b6a476a4210567b65bb0c79647bfd8aee8d99aed60795a84c4cd864db56825
QX-00003,110,A,BDZ-00153,reverse,100,0,50,50,17.07,47.5,35.93684211,False,screened,capacity_network_contingency_screen_no_impedance,network_lines_110kv.csv+transformer_master.csv+real_plan_actions.csv+real_plan_dispatch_playback.csv.gz,电网建模数据_Agent整合版_V1.2,"internal current-capacity, topology-cut and transformer remaining-capacity contingency screen",real_2025_internal_capacity_network_screen,internal_transformer_capacity_screen,78b6a476a4210567b65bb0c79647bfd8aee8d99aed60795a84c4cd864db56825
QX-00003,110,A,BDZ-00158,forward,100,0,50,50,40.64,47.5,85.55789474,False,screened,capacity_network_contingency_screen_no_impedance,network_lines_110kv.csv+transformer_master.csv+real_plan_actions.csv+real_plan_dispatch_playback.csv.gz,电网建模数据_Agent整合版_V1.2,"internal current-capacity, topology-cut and transformer remaining-capacity contingency screen",real_2025_internal_capacity_network_screen,internal_transformer_capacity_screen,78b6a476a4210567b65bb0c79647bfd8aee8d99aed60795a84c4cd864db56825
QX-00003,110,A,BDZ-00158,reverse,100,0,50,50,-0,47.5,-0,False,screened,capacity_network_contingency_screen_no_impedance,network_lines_110kv.csv+transformer_master.csv+real_plan_actions.csv+real_plan_dispatch_playback.csv.gz,电网建模数据_Agent整合版_V1.2,"internal current-capacity, topology-cut and transformer remaining-capacity contingency screen",real_2025_internal_capacity_network_screen,internal_transformer_capacity_screen,78b6a476a4210567b65bb0c79647bfd8aee8d99aed60795a84c4cd864db56825
QX-00003,110,A,BDZ-00183,forward,100,0,50,50,14.63,47.5,30.8,False,screened,capacity_network_contingency_screen_no_impedance,network_lines_110kv.csv+transformer_master.csv+real_plan_actions.csv+real_plan_dispatch_playback.csv.gz,电网建模数据_Agent整合版_V1.2,"internal current-capacity, topology-cut and transformer remaining-capacity contingency screen",real_2025_internal_capacity_network_screen,internal_transformer_capacity_screen,78b6a476a4210567b65bb0c79647bfd8aee8d99aed60795a84c4cd864db56825
QX-00003,110,A,BDZ-00183,reverse,100,0,50,50,5.41,47.5,11.38947368,False,screened,capacity_network_contingency_screen_no_impedance,network_lines_110kv.csv+transformer_master.csv+real_plan_actions.csv+real_plan_dispatch_playback.csv.gz,电网建模数据_Agent整合版_V1.2,"internal current-capacity, topology-cut and transformer remaining-capacity contingency screen",real_2025_internal_capacity_network_screen,internal_transformer_capacity_screen,78b6a476a4210567b65bb0c79647bfd8aee8d99aed60795a84c4cd864db56825
QX-00003,110,B,BDZ-00007,forward,81.5,0,50,31.5,43.38,29.925,144.962406,True,screened,capacity_network_contingency_screen_no_impedance,network_lines_110kv.csv+transformer_master.csv+real_plan_actions.csv+real_plan_dispatch_playback.csv.gz,电网建模数据_Agent整合版_V1.2,"internal current-capacity, topology-cut and transformer remaining-capacity contingency screen",real_2025_internal_capacity_network_screen,internal_transformer_capacity_screen,78b6a476a4210567b65bb0c79647bfd8aee8d99aed60795a84c4cd864db56825
QX-00003,110,B,BDZ-00007,reverse,81.5,0,50,31.5,29.925,29.925,100,True,screened,capacity_network_contingency_screen_no_impedance,network_lines_110kv.csv+transformer_master.csv+real_plan_actions.csv+real_plan_dispatch_playback.csv.gz,电网建模数据_Agent整合版_V1.2,"internal current-capacity, topology-cut and transformer remaining-capacity contingency screen",real_2025_internal_capacity_network_screen,internal_transformer_capacity_screen,78b6a476a4210567b65bb0c79647bfd8aee8d99aed60795a84c4cd864db56825
QX-00003,110,B,BDZ-00010,forward,100,0,50,50,29.94,47.5,63.03157895,False,screened,capacity_network_contingency_screen_no_impedance,network_lines_110kv.csv+transformer_master.csv+real_plan_actions.csv+real_plan_dispatch_playback.csv.gz,电网建模数据_Agent整合版_V1.2,"internal current-capacity, topology-cut and transformer remaining-capacity contingency screen",real_2025_internal_capacity_network_screen,internal_transformer_capacity_screen,78b6a476a4210567b65bb0c79647bfd8aee8d99aed60795a84c4cd864db56825
QX-00003,110,B,BDZ-00010,reverse,100,0,50,50,24.32,47.5,51.2,False,screened,capacity_network_contingency_screen_no_impedance,network_lines_110kv.csv+transformer_master.csv+real_plan_actions.csv+real_plan_dispatch_playback.csv.gz,电网建模数据_Agent整合版_V1.2,"internal current-capacity, topology-cut and transformer remaining-capacity contingency screen",real_2025_internal_capacity_network_screen,internal_transformer_capacity_screen,78b6a476a4210567b65bb0c79647bfd8aee8d99aed60795a84c4cd864db56825
QX-00003,110,B,BDZ-00017,forward,100,0,50,50,35.82,47.5,75.41052632,False,screened,capacity_network_contingency_screen_no_impedance,network_lines_110kv.csv+transformer_master.csv+real_plan_actions.csv+real_plan_dispatch_playback.csv.gz,电网建模数据_Agent整合版_V1.2,"internal current-capacity, topology-cut and transformer remaining-capacity contingency screen",real_2025_internal_capacity_network_screen,internal_transformer_capacity_screen,78b6a476a4210567b65bb0c79647bfd8aee8d99aed60795a84c4cd864db56825
QX-00003,110,B,BDZ-00017,reverse,100,0,50,50,4.24,47.5,8.926315789,False,screened,capacity_network_contingency_screen_no_impedance,network_lines_110kv.csv+transformer_master.csv+real_plan_actions.csv+real_plan_dispatch_playback.csv.gz,电网建模数据_Agent整合版_V1.2,"internal current-capacity, topology-cut and transformer remaining-capacity contingency screen",real_2025_internal_capacity_network_screen,internal_transformer_capacity_screen,78b6a476a4210567b65bb0c79647bfd8aee8d99aed60795a84c4cd864db56825
QX-00003,110,B,BDZ-00019,forward,126,0,63,63,30.6,59.85,51.12781955,False,screened,capacity_network_contingency_screen_no_impedance,network_lines_110kv.csv+transformer_master.csv+real_plan_actions.csv+real_plan_dispatch_playback.csv.gz,电网建模数据_Agent整合版_V1.2,"internal current-capacity, topology-cut and transformer remaining-capacity contingency screen",real_2025_internal_capacity_network_screen,internal_transformer_capacity_screen,78b6a476a4210567b65bb0c79647bfd8aee8d99aed60795a84c4cd864db56825
QX-00003,110,B,BDZ-00019,reverse,126,0,63,63,14.7,59.85,24.56140351,False,screened,capacity_network_contingency_screen_no_impedance,network_lines_110kv.csv+transformer_master.csv+real_plan_actions.csv+real_plan_dispatch_playback.csv.gz,电网建模数据_Agent整合版_V1.2,"internal current-capacity, topology-cut and transformer remaining-capacity contingency screen",real_2025_internal_capacity_network_screen,internal_transformer_capacity_screen,78b6a476a4210567b65bb0c79647bfd8aee8d99aed60795a84c4cd864db56825
QX-00003,110,B,BDZ-00025,forward,126,0,63,63,96.51,59.85,161.2531328,True,screened,capacity_network_contingency_screen_no_impedance,network_lines_110kv.csv+transformer_master.csv+real_plan_actions.csv+real_plan_dispatch_playback.csv.gz,电网建模数据_Agent整合版_V1.2,"internal current-capacity, topology-cut and transformer remaining-capacity contingency screen",real_2025_internal_capacity_network_screen,internal_transformer_capacity_screen,78b6a476a4210567b65bb0c79647bfd8aee8d99aed60795a84c4cd864db56825
QX-00003,110,B,BDZ-00025,reverse,126,0,63,63,20.8,59.85,34.75355054,False,screened,capacity_network_contingency_screen_no_impedance,network_lines_110kv.csv+transformer_master.csv+real_plan_actions.csv+real_plan_dispatch_playback.csv.gz,电网建模数据_Agent整合版_V1.2,"internal current-capacity, topology-cut and transformer remaining-capacity contingency screen",real_2025_internal_capacity_network_screen,internal_transformer_capacity_screen,78b6a476a4210567b65bb0c79647bfd8aee8d99aed60795a84c4cd864db56825
QX-00003,110,B,BDZ-00060,forward,70,0,50,20,12.72,19,66.94736842,False,screened,capacity_network_contingency_screen_no_impedance,network_lines_110kv.csv+transformer_master.csv+real_plan_actions.csv+real_plan_dispatch_playback.csv.gz,电网建模数据_Agent整合版_V1.2,"internal current-capacity, topology-cut and transformer remaining-capacity contingency screen",real_2025_internal_capacity_network_screen,internal_transformer_capacity_screen,78b6a476a4210567b65bb0c79647bfd8aee8d99aed60795a84c4cd864db56825
QX-00003,110,B,BDZ-00060,reverse,70,0,50,20,1.67,19,8.789473684,False,screened,capacity_network_contingency_screen_no_impedance,network_lines_110kv.csv+transformer_master.csv+real_plan_actions.csv+real_plan_dispatch_playback.csv.gz,电网建模数据_Agent整合版_V1.2,"internal current-capacity, topology-cut and transformer remaining-capacity contingency screen",real_2025_internal_capacity_network_screen,internal_transformer_capacity_screen,78b6a476a4210567b65bb0c79647bfd8aee8d99aed60795a84c4cd864db56825
QX-00003,110,B,BDZ-00101,forward,81.5,0,50,31.5,22.86,29.925,76.39097744,False,screened,capacity_network_contingency_screen_no_impedance,network_lines_110kv.csv+transformer_master.csv+real_plan_actions.csv+real_plan_dispatch_playback.csv.gz,电网建模数据_Agent整合版_V1.2,"internal current-capacity, topology-cut and transformer remaining-capacity contingency screen",real_2025_internal_capacity_network_screen,internal_transformer_capacity_screen,78b6a476a4210567b65bb0c79647bfd8aee8d99aed60795a84c4cd864db56825
QX-00003,110,B,BDZ-00101,reverse,81.5,0,50,31.5,28.34,29.925,94.70342523,False,screened,capacity_network_contingency_screen_no_impedance,network_lines_110kv.csv+transformer_master.csv+real_plan_actions.csv+real_plan_dispatch_playback.csv.gz,电网建模数据_Agent整合版_V1.2,"internal current-capacity, topology-cut and transformer remaining-capacity contingency screen",real_2025_internal_capacity_network_screen,internal_transformer_capacity_screen,78b6a476a4210567b65bb0c79647bfd8aee8d99aed60795a84c4cd864db56825
QX-00003,110,B,BDZ-00153,forward,100,0,50,50,27.87,47.5,58.67368421,False,screened,capacity_network_contingency_screen_no_impedance,network_lines_110kv.csv+transformer_master.csv+real_plan_actions.csv+real_plan_dispatch_playback.csv.gz,电网建模数据_Agent整合版_V1.2,"internal current-capacity, topology-cut and transformer remaining-capacity contingency screen",real_2025_internal_capacity_network_screen,internal_transformer_capacity_screen,78b6a476a4210567b65bb0c79647bfd8aee8d99aed60795a84c4cd864db56825
QX-00003,110,B,BDZ-00153,reverse,100,0,50,50,17.07,47.5,35.93684211,False,screened,capacity_network_contingency_screen_no_impedance,network_lines_110kv.csv+transformer_master.csv+real_plan_actions.csv+real_plan_dispatch_playback.csv.gz,电网建模数据_Agent整合版_V1.2,"internal current-capacity, topology-cut and transformer remaining-capacity contingency screen",real_2025_internal_capacity_network_screen,internal_transformer_capacity_screen,78b6a476a4210567b65bb0c79647bfd8aee8d99aed60795a84c4cd864db56825
QX-00003,110,B,BDZ-00158,forward,100,0,50,50,40.64,47.5,85.55789474,False,screened,capacity_network_contingency_screen_no_impedance,network_lines_110kv.csv+transformer_master.csv+real_plan_actions.csv+real_plan_dispatch_playback.csv.gz,电网建模数据_Agent整合版_V1.2,"internal current-capacity, topology-cut and transformer remaining-capacity contingency screen",real_2025_internal_capacity_network_screen,internal_transformer_capacity_screen,78b6a476a4210567b65bb0c79647bfd8aee8d99aed60795a84c4cd864db56825
QX-00003,110,B,BDZ-00158,reverse,100,0,50,50,-0,47.5,-0,False,screened,capacity_network_contingency_screen_no_impedance,network_lines_110kv.csv+transformer_master.csv+real_plan_actions.csv+real_plan_dispatch_playback.csv.gz,电网建模数据_Agent整合版_V1.2,"internal current-capacity, topology-cut and transformer remaining-capacity contingency screen",real_2025_internal_capacity_network_screen,internal_transformer_capacity_screen,78b6a476a4210567b65bb0c79647bfd8aee8d99aed60795a84c4cd864db56825
QX-00003,110,B,BDZ-00183,forward,100,0,50,50,14.63,47.5,30.8,False,screened,capacity_network_contingency_screen_no_impedance,network_lines_110kv.csv+transformer_master.csv+real_plan_actions.csv+real_plan_dispatch_playback.csv.gz,电网建模数据_Agent整合版_V1.2,"internal current-capacity, topology-cut and transformer remaining-capacity contingency screen",real_2025_internal_capacity_network_screen,internal_transformer_capacity_screen,78b6a476a4210567b65bb0c79647bfd8aee8d99aed60795a84c4cd864db56825
QX-00003,110,B,BDZ-00183,reverse,100,0,50,50,5.41,47.5,11.38947368,False,screened,capacity_network_contingency_screen_no_impedance,network_lines_110kv.csv+transformer_master.csv+real_plan_actions.csv+real_plan_dispatch_playback.csv.gz,电网建模数据_Agent整合版_V1.2,"internal current-capacity, topology-cut and transformer remaining-capacity contingency screen",real_2025_internal_capacity_network_screen,internal_transformer_capacity_screen,78b6a476a4210567b65bb0c79647bfd8aee8d99aed60795a84c4cd864db56825
QX-00003,110,C0,BDZ-00007,forward,81.5,0,50,31.5,43.38,29.925,144.962406,True,screened,capacity_network_contingency_screen_no_impedance,network_lines_110kv.csv+transformer_master.csv+real_plan_actions.csv+real_plan_dispatch_playback.csv.gz,电网建模数据_Agent整合版_V1.2,"internal current-capacity, topology-cut and transformer remaining-capacity contingency screen",real_2025_internal_capacity_network_screen,internal_transformer_capacity_screen,78b6a476a4210567b65bb0c79647bfd8aee8d99aed60795a84c4cd864db56825
QX-00003,110,C0,BDZ-00007,reverse,81.5,0,50,31.5,39.38,29.925,131.5956558,True,screened,capacity_network_contingency_screen_no_impedance,network_lines_110kv.csv+transformer_master.csv+real_plan_actions.csv+real_plan_dispatch_playback.csv.gz,电网建模数据_Agent整合版_V1.2,"internal current-capacity, topology-cut and transformer remaining-capacity contingency screen",real_2025_internal_capacity_network_screen,internal_transformer_capacity_screen,78b6a476a4210567b65bb0c79647bfd8aee8d99aed60795a84c4cd864db56825
QX-00003,110,C0,BDZ-00010,forward,100,0,50,50,29.94,47.5,63.03157895,False,screened,capacity_network_contingency_screen_no_impedance,network_lines_110kv.csv+transformer_master.csv+real_plan_actions.csv+real_plan_dispatch_playback.csv.gz,电网建模数据_Agent整合版_V1.2,"internal current-capacity, topology-cut and transformer remaining-capacity contingency screen",real_2025_internal_capacity_network_screen,internal_transformer_capacity_screen,78b6a476a4210567b65bb0c79647bfd8aee8d99aed60795a84c4cd864db56825
QX-00003,110,C0,BDZ-00010,reverse,100,0,50,50,24.32,47.5,51.2,False,screened,capacity_network_contingency_screen_no_impedance,network_lines_110kv.csv+transformer_master.csv+real_plan_actions.csv+real_plan_dispatch_playback.csv.gz,电网建模数据_Agent整合版_V1.2,"internal current-capacity, topology-cut and transformer remaining-capacity contingency screen",real_2025_internal_capacity_network_screen,internal_transformer_capacity_screen,78b6a476a4210567b65bb0c79647bfd8aee8d99aed60795a84c4cd864db56825
QX-00003,110,C0,BDZ-00017,forward,100,0,50,50,35.82,47.5,75.41052632,False,screened,capacity_network_contingency_screen_no_impedance,network_lines_110kv.csv+transformer_master.csv+real_plan_actions.csv+real_plan_dispatch_playback.csv.gz,电网建模数据_Agent整合版_V1.2,"internal current-capacity, topology-cut and transformer remaining-capacity contingency screen",real_2025_internal_capacity_network_screen,internal_transformer_capacity_screen,78b6a476a4210567b65bb0c79647bfd8aee8d99aed60795a84c4cd864db56825
QX-00003,110,C0,BDZ-00017,reverse,100,0,50,50,4.24,47.5,8.926315789,False,screened,capacity_network_contingency_screen_no_impedance,network_lines_110kv.csv+transformer_master.csv+real_plan_actions.csv+real_plan_dispatch_playback.csv.gz,电网建模数据_Agent整合版_V1.2,"internal current-capacity, topology-cut and transformer remaining-capacity contingency screen",real_2025_internal_capacity_network_screen,internal_transformer_capacity_screen,78b6a476a4210567b65bb0c79647bfd8aee8d99aed60795a84c4cd864db56825
QX-00003,110,C0,BDZ-00019,forward,126,0,63,63,30.6,59.85,51.12781955,False,screened,capacity_network_contingency_screen_no_impedance,network_lines_110kv.csv+transformer_master.csv+real_plan_actions.csv+real_plan_dispatch_playback.csv.gz,电网建模数据_Agent整合版_V1.2,"internal current-capacity, topology-cut and transformer remaining-capacity contingency screen",real_2025_internal_capacity_network_screen,internal_transformer_capacity_screen,78b6a476a4210567b65bb0c79647bfd8aee8d99aed60795a84c4cd864db56825
QX-00003,110,C0,BDZ-00019,reverse,126,0,63,63,14.7,59.85,24.56140351,False,screened,capacity_network_contingency_screen_no_impedance,network_lines_110kv.csv+transformer_master.csv+real_plan_actions.csv+real_plan_dispatch_playback.csv.gz,电网建模数据_Agent整合版_V1.2,"internal current-capacity, topology-cut and transformer remaining-capacity contingency screen",real_2025_internal_capacity_network_screen,internal_transformer_capacity_screen,78b6a476a4210567b65bb0c79647bfd8aee8d99aed60795a84c4cd864db56825
QX-00003,110,C0,BDZ-00025,forward,126,0,63,63,96.51,59.85,161.2531328,True,screened,capacity_network_contingency_screen_no_impedance,network_lines_110kv.csv+transformer_master.csv+real_plan_actions.csv+real_plan_dispatch_playback.csv.gz,电网建模数据_Agent整合版_V1.2,"internal current-capacity, topology-cut and transformer remaining-capacity contingency screen",real_2025_internal_capacity_network_screen,internal_transformer_capacity_screen,78b6a476a4210567b65bb0c79647bfd8aee8d99aed60795a84c4cd864db56825
QX-00003,110,C0,BDZ-00025,reverse,126,0,63,63,20.8,59.85,34.75355054,False,screened,capacity_network_contingency_screen_no_impedance,network_lines_110kv.csv+transformer_master.csv+real_plan_actions.csv+real_plan_dispatch_playback.csv.gz,电网建模数据_Agent整合版_V1.2,"internal current-capacity, topology-cut and transformer remaining-capacity contingency screen",real_2025_internal_capacity_network_screen,internal_transformer_capacity_screen,78b6a476a4210567b65bb0c79647bfd8aee8d99aed60795a84c4cd864db56825
QX-00003,110,C0,BDZ-00060,forward,70,0,50,20,12.72,19,66.94736842,False,screened,capacity_network_contingency_screen_no_impedance,network_lines_110kv.csv+transformer_master.csv+real_plan_actions.csv+real_plan_dispatch_playback.csv.gz,电网建模数据_Agent整合版_V1.2,"internal current-capacity, topology-cut and transformer remaining-capacity contingency screen",real_2025_internal_capacity_network_screen,internal_transformer_capacity_screen,78b6a476a4210567b65bb0c79647bfd8aee8d99aed60795a84c4cd864db56825
QX-00003,110,C0,BDZ-00060,reverse,70,0,50,20,1.67,19,8.789473684,False,screened,capacity_network_contingency_screen_no_impedance,network_lines_110kv.csv+transformer_master.csv+real_plan_actions.csv+real_plan_dispatch_playback.csv.gz,电网建模数据_Agent整合版_V1.2,"internal current-capacity, topology-cut and transformer remaining-capacity contingency screen",real_2025_internal_capacity_network_screen,internal_transformer_capacity_screen,78b6a476a4210567b65bb0c79647bfd8aee8d99aed60795a84c4cd864db56825
QX-00003,110,C0,BDZ-00101,forward,81.5,0,50,31.5,22.86,29.925,76.39097744,False,screened,capacity_network_contingency_screen_no_impedance,network_lines_110kv.csv+transformer_master.csv+real_plan_actions.csv+real_plan_dispatch_playback.csv.gz,电网建模数据_Agent整合版_V1.2,"internal current-capacity, topology-cut and transformer remaining-capacity contingency screen",real_2025_internal_capacity_network_screen,internal_transformer_capacity_screen,78b6a476a4210567b65bb0c79647bfd8aee8d99aed60795a84c4cd864db56825
QX-00003,110,C0,BDZ-00101,reverse,81.5,0,50,31.5,28.34,29.925,94.70342523,False,screened,capacity_network_contingency_screen_no_impedance,network_lines_110kv.csv+transformer_master.csv+real_plan_actions.csv+real_plan_dispatch_playback.csv.gz,电网建模数据_Agent整合版_V1.2,"internal current-capacity, topology-cut and transformer remaining-capacity contingency screen",real_2025_internal_capacity_network_screen,internal_transformer_capacity_screen,78b6a476a4210567b65bb0c79647bfd8aee8d99aed60795a84c4cd864db56825
QX-00003,110,C0,BDZ-00153,forward,100,0,50,50,27.87,47.5,58.67368421,False,screened,capacity_network_contingency_screen_no_impedance,network_lines_110kv.csv+transformer_master.csv+real_plan_actions.csv+real_plan_dispatch_playback.csv.gz,电网建模数据_Agent整合版_V1.2,"internal current-capacity, topology-cut and transformer remaining-capacity contingency screen",real_2025_internal_capacity_network_screen,internal_transformer_capacity_screen,78b6a476a4210567b65bb0c79647bfd8aee8d99aed60795a84c4cd864db56825
QX-00003,110,C0,BDZ-00153,reverse,100,0,50,50,17.07,47.5,35.93684211,False,screened,capacity_network_contingency_screen_no_impedance,network_lines_110kv.csv+transformer_master.csv+real_plan_actions.csv+real_plan_dispatch_playback.csv.gz,电网建模数据_Agent整合版_V1.2,"internal current-capacity, topology-cut and transformer remaining-capacity contingency screen",real_2025_internal_capacity_network_screen,internal_transformer_capacity_screen,78b6a476a4210567b65bb0c79647bfd8aee8d99aed60795a84c4cd864db56825
QX-00003,110,C0,BDZ-00158,forward,100,0,50,50,40.64,47.5,85.55789474,False,screened,capacity_network_contingency_screen_no_impedance,network_lines_110kv.csv+transformer_master.csv+real_plan_actions.csv+real_plan_dispatch_playback.csv.gz,电网建模数据_Agent整合版_V1.2,"internal current-capacity, topology-cut and transformer remaining-capacity contingency screen",real_2025_internal_capacity_network_screen,internal_transformer_capacity_screen,78b6a476a4210567b65bb0c79647bfd8aee8d99aed60795a84c4cd864db56825
QX-00003,110,C0,BDZ-00158,reverse,100,0,50,50,0,47.5,0,False,screened,capacity_network_contingency_screen_no_impedance,network_lines_110kv.csv+transformer_master.csv+real_plan_actions.csv+real_plan_dispatch_playback.csv.gz,电网建模数据_Agent整合版_V1.2,"internal current-capacity, topology-cut and transformer remaining-capacity contingency screen",real_2025_internal_capacity_network_screen,internal_transformer_capacity_screen,78b6a476a4210567b65bb0c79647bfd8aee8d99aed60795a84c4cd864db56825
QX-00003,110,C0,BDZ-00183,forward,100,0,50,50,14.63,47.5,30.8,False,screened,capacity_network_contingency_screen_no_impedance,network_lines_110kv.csv+transformer_master.csv+real_plan_actions.csv+real_plan_dispatch_playback.csv.gz,电网建模数据_Agent整合版_V1.2,"internal current-capacity, topology-cut and transformer remaining-capacity contingency screen",real_2025_internal_capacity_network_screen,internal_transformer_capacity_screen,78b6a476a4210567b65bb0c79647bfd8aee8d99aed60795a84c4cd864db56825
QX-00003,110,C0,BDZ-00183,reverse,100,0,50,50,5.41,47.5,11.38947368,False,screened,capacity_network_contingency_screen_no_impedance,network_lines_110kv.csv+transformer_master.csv+real_plan_actions.csv+real_plan_dispatch_playback.csv.gz,电网建模数据_Agent整合版_V1.2,"internal current-capacity, topology-cut and transformer remaining-capacity contingency screen",real_2025_internal_capacity_network_screen,internal_transformer_capacity_screen,78b6a476a4210567b65bb0c79647bfd8aee8d99aed60795a84c4cd864db56825
QX-00004,110,A,BDZ-00001,forward,100,0,50,50,30.78,47.5,64.8,False,screened,capacity_network_contingency_screen_no_impedance,network_lines_110kv.csv+transformer_master.csv+real_plan_actions.csv+real_plan_dispatch_playback.csv.gz,电网建模数据_Agent整合版_V1.2,"internal current-capacity, topology-cut and transformer remaining-capacity contingency screen",real_2025_internal_capacity_network_screen,internal_transformer_capacity_screen,78b6a476a4210567b65bb0c79647bfd8aee8d99aed60795a84c4cd864db56825
QX-00004,110,A,BDZ-00001,reverse,100,0,50,50,5.46,47.5,11.49473684,False,screened,capacity_network_contingency_screen_no_impedance,network_lines_110kv.csv+transformer_master.csv+real_plan_actions.csv+real_plan_dispatch_playback.csv.gz,电网建模数据_Agent整合版_V1.2,"internal current-capacity, topology-cut and transformer remaining-capacity contingency screen",real_2025_internal_capacity_network_screen,internal_transformer_capacity_screen,78b6a476a4210567b65bb0c79647bfd8aee8d99aed60795a84c4cd864db56825
QX-00004,110,A,BDZ-00002,forward,100,0,50,50,5,47.5,10.52631579,False,screened,capacity_network_contingency_screen_no_impedance,network_lines_110kv.csv+transformer_master.csv+real_plan_actions.csv+real_plan_dispatch_playback.csv.gz,电网建模数据_Agent整合版_V1.2,"internal current-capacity, topology-cut and transformer remaining-capacity contingency screen",real_2025_internal_capacity_network_screen,internal_transformer_capacity_screen,78b6a476a4210567b65bb0c79647bfd8aee8d99aed60795a84c4cd864db56825
QX-00004,110,A,BDZ-00002,reverse,100,0,50,50,10.83,47.5,22.8,False,screened,capacity_network_contingency_screen_no_impedance,network_lines_110kv.csv+transformer_master.csv+real_plan_actions.csv+real_plan_dispatch_playback.csv.gz,电网建模数据_Agent整合版_V1.2,"internal current-capacity, topology-cut and transformer remaining-capacity contingency screen",real_2025_internal_capacity_network_screen,internal_transformer_capacity_screen,78b6a476a4210567b65bb0c79647bfd8aee8d99aed60795a84c4cd864db56825
QX-00004,110,A,BDZ-00008,forward,100,0,50,50,38.22,47.5,80.46315789,False,screened,capacity_network_contingency_screen_no_impedance,network_lines_110kv.csv+transformer_master.csv+real_plan_actions.csv+real_plan_dispatch_playback.csv.gz,电网建模数据_Agent整合版_V1.2,"internal current-capacity, topology-cut and transformer remaining-capacity contingency screen",real_2025_internal_capacity_network_screen,internal_transformer_capacity_screen,78b6a476a4210567b65bb0c79647bfd8aee8d99aed60795a84c4cd864db56825
QX-00004,110,A,BDZ-00008,reverse,100,0,50,50,-0,47.5,-0,False,screened,capacity_network_contingency_screen_no_impedance,network_lines_110kv.csv+transformer_master.csv+real_plan_actions.csv+real_plan_dispatch_playback.csv.gz,电网建模数据_Agent整合版_V1.2,"internal current-capacity, topology-cut and transformer remaining-capacity contingency screen",real_2025_internal_capacity_network_screen,internal_transformer_capacity_screen,78b6a476a4210567b65bb0c79647bfd8aee8d99aed60795a84c4cd864db56825
QX-00004,110,A,BDZ-00029,forward,100,0,50,50,32.59,47.5,68.61052632,False,screened,capacity_network_contingency_screen_no_impedance,network_lines_110kv.csv+transformer_master.csv+real_plan_actions.csv+real_plan_dispatch_playback.csv.gz,电网建模数据_Agent整合版_V1.2,"internal current-capacity, topology-cut and transformer remaining-capacity contingency screen",real_2025_internal_capacity_network_screen,internal_transformer_capacity_screen,78b6a476a4210567b65bb0c79647bfd8aee8d99aed60795a84c4cd864db56825
QX-00004,110,A,BDZ-00029,reverse,100,0,50,50,5.83,47.5,12.27368421,False,screened,capacity_network_contingency_screen_no_impedance,network_lines_110kv.csv+transformer_master.csv+real_plan_actions.csv+real_plan_dispatch_playback.csv.gz,电网建模数据_Agent整合版_V1.2,"internal current-capacity, topology-cut and transformer remaining-capacity contingency screen",real_2025_internal_capacity_network_screen,internal_transformer_capacity_screen,78b6a476a4210567b65bb0c79647bfd8aee8d99aed60795a84c4cd864db56825
QX-00004,110,A,BDZ-00041,forward,100,0,50,50,46.3,47.5,97.47368421,False,screened,capacity_network_contingency_screen_no_impedance,network_lines_110kv.csv+transformer_master.csv+real_plan_actions.csv+real_plan_dispatch_playback.csv.gz,电网建模数据_Agent整合版_V1.2,"internal current-capacity, topology-cut and transformer remaining-capacity contingency screen",real_2025_internal_capacity_network_screen,internal_transformer_capacity_screen,78b6a476a4210567b65bb0c79647bfd8aee8d99aed60795a84c4cd864db56825
QX-00004,110,A,BDZ-00041,reverse,100,0,50,50,11.8,47.5,24.84210526,False,screened,capacity_network_contingency_screen_no_impedance,network_lines_110kv.csv+transformer_master.csv+real_plan_actions.csv+real_plan_dispatch_playback.csv.gz,电网建模数据_Agent整合版_V1.2,"internal current-capacity, topology-cut and transformer remaining-capacity contingency screen",real_2025_internal_capacity_network_screen,internal_transformer_capacity_screen,78b6a476a4210567b65bb0c79647bfd8aee8d99aed60795a84c4cd864db56825
QX-00004,110,A,BDZ-00047,forward,100,0,50,50,49.82,47.5,104.8842105,True,screened,capacity_network_contingency_screen_no_impedance,network_lines_110kv.csv+transformer_master.csv+real_plan_actions.csv+real_plan_dispatch_playback.csv.gz,电网建模数据_Agent整合版_V1.2,"internal current-capacity, topology-cut and transformer remaining-capacity contingency screen",real_2025_internal_capacity_network_screen,internal_transformer_capacity_screen,78b6a476a4210567b65bb0c79647bfd8aee8d99aed60795a84c4cd864db56825
QX-00004,110,A,BDZ-00047,reverse,100,0,50,50,-0,47.5,-0,False,screened,capacity_network_contingency_screen_no_impedance,network_lines_110kv.csv+transformer_master.csv+real_plan_actions.csv+real_plan_dispatch_playback.csv.gz,电网建模数据_Agent整合版_V1.2,"internal current-capacity, topology-cut and transformer remaining-capacity contingency screen",real_2025_internal_capacity_network_screen,internal_transformer_capacity_screen,78b6a476a4210567b65bb0c79647bfd8aee8d99aed60795a84c4cd864db56825
QX-00004,110,A,BDZ-00061,forward,126,0,63,63,36.44,59.85,60.8855472,False,screened,capacity_network_contingency_screen_no_impedance,network_lines_110kv.csv+transformer_master.csv+real_plan_actions.csv+real_plan_dispatch_playback.csv.gz,电网建模数据_Agent整合版_V1.2,"internal current-capacity, topology-cut and transformer remaining-capacity contingency screen",real_2025_internal_capacity_network_screen,internal_transformer_capacity_screen,78b6a476a4210567b65bb0c79647bfd8aee8d99aed60795a84c4cd864db56825
QX-00004,110,A,BDZ-00061,reverse,126,0,63,63,21.08,59.85,35.2213868,False,screened,capacity_network_contingency_screen_no_impedance,network_lines_110kv.csv+transformer_master.csv+real_plan_actions.csv+real_plan_dispatch_playback.csv.gz,电网建模数据_Agent整合版_V1.2,"internal current-capacity, topology-cut and transformer remaining-capacity contingency screen",real_2025_internal_capacity_network_screen,internal_transformer_capacity_screen,78b6a476a4210567b65bb0c79647bfd8aee8d99aed60795a84c4cd864db56825
QX-00004,110,A,BDZ-00064,forward,100,0,50,50,35.41,47.5,74.54736842,False,screened,capacity_network_contingency_screen_no_impedance,network_lines_110kv.csv+transformer_master.csv+real_plan_actions.csv+real_plan_dispatch_playback.csv.gz,电网建模数据_Agent整合版_V1.2,"internal current-capacity, topology-cut and transformer remaining-capacity contingency screen",real_2025_internal_capacity_network_screen,internal_transformer_capacity_screen,78b6a476a4210567b65bb0c79647bfd8aee8d99aed60795a84c4cd864db56825
QX-00004,110,A,BDZ-00064,reverse,100,0,50,50,45.38,47.5,95.53684211,False,screened,capacity_network_contingency_screen_no_impedance,network_lines_110kv.csv+transformer_master.csv+real_plan_actions.csv+real_plan_dispatch_playback.csv.gz,电网建模数据_Agent整合版_V1.2,"internal current-capacity, topology-cut and transformer remaining-capacity contingency screen",real_2025_internal_capacity_network_screen,internal_transformer_capacity_screen,78b6a476a4210567b65bb0c79647bfd8aee8d99aed60795a84c4cd864db56825
QX-00004,110,A,BDZ-00075,forward,130,0,80,50,37.58,47.5,79.11578947,False,screened,capacity_network_contingency_screen_no_impedance,network_lines_110kv.csv+transformer_master.csv+real_plan_actions.csv+real_plan_dispatch_playback.csv.gz,电网建模数据_Agent整合版_V1.2,"internal current-capacity, topology-cut and transformer remaining-capacity contingency screen",real_2025_internal_capacity_network_screen,internal_transformer_capacity_screen,78b6a476a4210567b65bb0c79647bfd8aee8d99aed60795a84c4cd864db56825
QX-00004,110,A,BDZ-00075,reverse,130,0,80,50,1.54,47.5,3.242105263,False,screened,capacity_network_contingency_screen_no_impedance,network_lines_110kv.csv+transformer_master.csv+real_plan_actions.csv+real_plan_dispatch_playback.csv.gz,电网建模数据_Agent整合版_V1.2,"internal current-capacity, topology-cut and transformer remaining-capacity contingency screen",real_2025_internal_capacity_network_screen,internal_transformer_capacity_screen,78b6a476a4210567b65bb0c79647bfd8aee8d99aed60795a84c4cd864db56825
QX-00004,110,A,BDZ-00082,forward,100,0,50,50,20.43,47.5,43.01052632,False,screened,capacity_network_contingency_screen_no_impedance,network_lines_110kv.csv+transformer_master.csv+real_plan_actions.csv+real_plan_dispatch_playback.csv.gz,电网建模数据_Agent整合版_V1.2,"internal current-capacity, topology-cut and transformer remaining-capacity contingency screen",real_2025_internal_capacity_network_screen,internal_transformer_capacity_screen,78b6a476a4210567b65bb0c79647bfd8aee8d99aed60795a84c4cd864db56825
QX-00004,110,A,BDZ-00082,reverse,100,0,50,50,22.28,47.5,46.90526316,False,screened,capacity_network_contingency_screen_no_impedance,network_lines_110kv.csv+transformer_master.csv+real_plan_actions.csv+real_plan_dispatch_playback.csv.gz,电网建模数据_Agent整合版_V1.2,"internal current-capacity, topology-cut and transformer remaining-capacity contingency screen",real_2025_internal_capacity_network_screen,internal_transformer_capacity_screen,78b6a476a4210567b65bb0c79647bfd8aee8d99aed60795a84c4cd864db56825
QX-00004,110,A,BDZ-00083,forward,126,0,63,63,50.29,59.85,84.0267335,False,screened,capacity_network_contingency_screen_no_impedance,network_lines_110kv.csv+transformer_master.csv+real_plan_actions.csv+real_plan_dispatch_playback.csv.gz,电网建模数据_Agent整合版_V1.2,"internal current-capacity, topology-cut and transformer remaining-capacity contingency screen",real_2025_internal_capacity_network_screen,internal_transformer_capacity_screen,78b6a476a4210567b65bb0c79647bfd8aee8d99aed60795a84c4cd864db56825
QX-00004,110,A,BDZ-00083,reverse,126,0,63,63,4.63,59.85,7.736006683,False,screened,capacity_network_contingency_screen_no_impedance,network_lines_110kv.csv+transformer_master.csv+real_plan_actions.csv+real_plan_dispatch_playback.csv.gz,电网建模数据_Agent整合版_V1.2,"internal current-capacity, topology-cut and transformer remaining-capacity contingency screen",real_2025_internal_capacity_network_screen,internal_transformer_capacity_screen,78b6a476a4210567b65bb0c79647bfd8aee8d99aed60795a84c4cd864db56825
QX-00004,110,A,BDZ-00093,forward,126,0,63,63,45.34,59.85,75.75605681,False,screened,capacity_network_contingency_screen_no_impedance,network_lines_110kv.csv+transformer_master.csv+real_plan_actions.csv+real_plan_dispatch_playback.csv.gz,电网建模数据_Agent整合版_V1.2,"internal current-capacity, topology-cut and transformer remaining-capacity contingency screen",real_2025_internal_capacity_network_screen,internal_transformer_capacity_screen,78b6a476a4210567b65bb0c79647bfd8aee8d99aed60795a84c4cd864db56825
QX-00004,110,A,BDZ-00093,reverse,126,0,63,63,0.9,59.85,1.503759398,False,screened,capacity_network_contingency_screen_no_impedance,network_lines_110kv.csv+transformer_master.csv+real_plan_actions.csv+real_plan_dispatch_playback.csv.gz,电网建模数据_Agent整合版_V1.2,"internal current-capacity, topology-cut and transformer remaining-capacity contingency screen",real_2025_internal_capacity_network_screen,internal_transformer_capacity_screen,78b6a476a4210567b65bb0c79647bfd8aee8d99aed60795a84c4cd864db56825
QX-00004,110,A,BDZ-00098,forward,100,0,50,50,33.51,47.5,70.54736842,False,screened,capacity_network_contingency_screen_no_impedance,network_lines_110kv.csv+transformer_master.csv+real_plan_actions.csv+real_plan_dispatch_playback.csv.gz,电网建模数据_Agent整合版_V1.2,"internal current-capacity, topology-cut and transformer remaining-capacity contingency screen",real_2025_internal_capacity_network_screen,internal_transformer_capacity_screen,78b6a476a4210567b65bb0c79647bfd8aee8d99aed60795a84c4cd864db56825
QX-00004,110,A,BDZ-00098,reverse,100,0,50,50,47.5,47.5,100,False,screened,capacity_network_contingency_screen_no_impedance,network_lines_110kv.csv+transformer_master.csv+real_plan_actions.csv+real_plan_dispatch_playback.csv.gz,电网建模数据_Agent整合版_V1.2,"internal current-capacity, topology-cut and transformer remaining-capacity contingency screen",real_2025_internal_capacity_network_screen,internal_transformer_capacity_screen,78b6a476a4210567b65bb0c79647bfd8aee8d99aed60795a84c4cd864db56825
QX-00004,110,A,BDZ-00130,forward,70,0,50,20,23.9,19,125.7894737,True,screened,capacity_network_contingency_screen_no_impedance,network_lines_110kv.csv+transformer_master.csv+real_plan_actions.csv+real_plan_dispatch_playback.csv.gz,电网建模数据_Agent整合版_V1.2,"internal current-capacity, topology-cut and transformer remaining-capacity contingency screen",real_2025_internal_capacity_network_screen,internal_transformer_capacity_screen,78b6a476a4210567b65bb0c79647bfd8aee8d99aed60795a84c4cd864db56825
QX-00004,110,A,BDZ-00130,reverse,70,0,50,20,16.03,19,84.36842105,False,screened,capacity_network_contingency_screen_no_impedance,network_lines_110kv.csv+transformer_master.csv+real_plan_actions.csv+real_plan_dispatch_playback.csv.gz,电网建模数据_Agent整合版_V1.2,"internal current-capacity, topology-cut and transformer remaining-capacity contingency screen",real_2025_internal_capacity_network_screen,internal_transformer_capacity_screen,78b6a476a4210567b65bb0c79647bfd8aee8d99aed60795a84c4cd864db56825
QX-00004,110,A,BDZ-00140,forward,126,0,63,63,79.67,59.85,133.1161236,True,screened,capacity_network_contingency_screen_no_impedance,network_lines_110kv.csv+transformer_master.csv+real_plan_actions.csv+real_plan_dispatch_playback.csv.gz,电网建模数据_Agent整合版_V1.2,"internal current-capacity, topology-cut and transformer remaining-capacity contingency screen",real_2025_internal_capacity_network_screen,internal_transformer_capacity_screen,78b6a476a4210567b65bb0c79647bfd8aee8d99aed60795a84c4cd864db56825
QX-00004,110,A,BDZ-00140,reverse,126,0,63,63,-0,59.85,-0,False,screened,capacity_network_contingency_screen_no_impedance,network_lines_110kv.csv+transformer_master.csv+real_plan_actions.csv+real_plan_dispatch_playback.csv.gz,电网建模数据_Agent整合版_V1.2,"internal current-capacity, topology-cut and transformer remaining-capacity contingency screen",real_2025_internal_capacity_network_screen,internal_transformer_capacity_screen,78b6a476a4210567b65bb0c79647bfd8aee8d99aed60795a84c4cd864db56825
QX-00004,110,A,BDZ-00149,forward,90,0,50,40,49.24,38,129.5789474,True,screened,capacity_network_contingency_screen_no_impedance,network_lines_110kv.csv+transformer_master.csv+real_plan_actions.csv+real_plan_dispatch_playback.csv.gz,电网建模数据_Agent整合版_V1.2,"internal current-capacity, topology-cut and transformer remaining-capacity contingency screen",real_2025_internal_capacity_network_screen,internal_transformer_capacity_screen,78b6a476a4210567b65bb0c79647bfd8aee8d99aed60795a84c4cd864db56825
QX-00004,110,A,BDZ-00149,reverse,90,0,50,40,38,38,100,False,screened,capacity_network_contingency_screen_no_impedance,network_lines_110kv.csv+transformer_master.csv+real_plan_actions.csv+real_plan_dispatch_playback.csv.gz,电网建模数据_Agent整合版_V1.2,"internal current-capacity, topology-cut and transformer remaining-capacity contingency screen",real_2025_internal_capacity_network_screen,internal_transformer_capacity_screen,78b6a476a4210567b65bb0c79647bfd8aee8d99aed60795a84c4cd864db56825
QX-00004,110,A,BDZ-00152,forward,100,0,50,50,36.1,47.5,76,False,screened,capacity_network_contingency_screen_no_impedance,network_lines_110kv.csv+transformer_master.csv+real_plan_actions.csv+real_plan_dispatch_playback.csv.gz,电网建模数据_Agent整合版_V1.2,"internal current-capacity, topology-cut and transformer remaining-capacity contingency screen",real_2025_internal_capacity_network_screen,internal_transformer_capacity_screen,78b6a476a4210567b65bb0c79647bfd8aee8d99aed60795a84c4cd864db56825
QX-00004,110,A,BDZ-00152,reverse,100,0,50,50,18.19,47.5,38.29473684,False,screened,capacity_network_contingency_screen_no_impedance,network_lines_110kv.csv+transformer_master.csv+real_plan_actions.csv+real_plan_dispatch_playback.csv.gz,电网建模数据_Agent整合版_V1.2,"internal current-capacity, topology-cut and transformer remaining-capacity contingency screen",real_2025_internal_capacity_network_screen,internal_transformer_capacity_screen,78b6a476a4210567b65bb0c79647bfd8aee8d99aed60795a84c4cd864db56825
QX-00004,110,A,BDZ-00169,forward,100,0,50,50,60.01,47.5,126.3368421,True,screened,capacity_network_contingency_screen_no_impedance,network_lines_110kv.csv+transformer_master.csv+real_plan_actions.csv+real_plan_dispatch_playback.csv.gz,电网建模数据_Agent整合版_V1.2,"internal current-capacity, topology-cut and transformer remaining-capacity contingency screen",real_2025_internal_capacity_network_screen,internal_transformer_capacity_screen,78b6a476a4210567b65bb0c79647bfd8aee8d99aed60795a84c4cd864db56825
QX-00004,110,A,BDZ-00169,reverse,100,0,50,50,-0,47.5,-0,False,screened,capacity_network_contingency_screen_no_impedance,network_lines_110kv.csv+transformer_master.csv+real_plan_actions.csv+real_plan_dispatch_playback.csv.gz,电网建模数据_Agent整合版_V1.2,"internal current-capacity, topology-cut and transformer remaining-capacity contingency screen",real_2025_internal_capacity_network_screen,internal_transformer_capacity_screen,78b6a476a4210567b65bb0c79647bfd8aee8d99aed60795a84c4cd864db56825
QX-00004,110,A,BDZ-00181,forward,113,0,63,50,25.82,47.5,54.35789474,False,screened,capacity_network_contingency_screen_no_impedance,network_lines_110kv.csv+transformer_master.csv+real_plan_actions.csv+real_plan_dispatch_playback.csv.gz,电网建模数据_Agent整合版_V1.2,"internal current-capacity, topology-cut and transformer remaining-capacity contingency screen",real_2025_internal_capacity_network_screen,internal_transformer_capacity_screen,78b6a476a4210567b65bb0c79647bfd8aee8d99aed60795a84c4cd864db56825
QX-00004,110,A,BDZ-00181,reverse,113,0,63,50,22.41,47.5,47.17894737,False,screened,capacity_network_contingency_screen_no_impedance,network_lines_110kv.csv+transformer_master.csv+real_plan_actions.csv+real_plan_dispatch_playback.csv.gz,电网建模数据_Agent整合版_V1.2,"internal current-capacity, topology-cut and transformer remaining-capacity contingency screen",real_2025_internal_capacity_network_screen,internal_transformer_capacity_screen,78b6a476a4210567b65bb0c79647bfd8aee8d99aed60795a84c4cd864db56825
QX-00004,110,A,BDZ-00182,forward,100,0,50,50,39.99,47.5,84.18947368,False,screened,capacity_network_contingency_screen_no_impedance,network_lines_110kv.csv+transformer_master.csv+real_plan_actions.csv+real_plan_dispatch_playback.csv.gz,电网建模数据_Agent整合版_V1.2,"internal current-capacity, topology-cut and transformer remaining-capacity contingency screen",real_2025_internal_capacity_network_screen,internal_transformer_capacity_screen,78b6a476a4210567b65bb0c79647bfd8aee8d99aed60795a84c4cd864db56825
QX-00004,110,A,BDZ-00182,reverse,100,0,50,50,37.58,47.5,79.11578947,False,screened,capacity_network_contingency_screen_no_impedance,network_lines_110kv.csv+transformer_master.csv+real_plan_actions.csv+real_plan_dispatch_playback.csv.gz,电网建模数据_Agent整合版_V1.2,"internal current-capacity, topology-cut and transformer remaining-capacity contingency screen",real_2025_internal_capacity_network_screen,internal_transformer_capacity_screen,78b6a476a4210567b65bb0c79647bfd8aee8d99aed60795a84c4cd864db56825
QX-00004,110,B,BDZ-00001,forward,100,0,50,50,30.78,47.5,64.8,False,screened,capacity_network_contingency_screen_no_impedance,network_lines_110kv.csv+transformer_master.csv+real_plan_actions.csv+real_plan_dispatch_playback.csv.gz,电网建模数据_Agent整合版_V1.2,"internal current-capacity, topology-cut and transformer remaining-capacity contingency screen",real_2025_internal_capacity_network_screen,internal_transformer_capacity_screen,78b6a476a4210567b65bb0c79647bfd8aee8d99aed60795a84c4cd864db56825
QX-00004,110,B,BDZ-00001,reverse,100,0,50,50,5.46,47.5,11.49473684,False,screened,capacity_network_contingency_screen_no_impedance,network_lines_110kv.csv+transformer_master.csv+real_plan_actions.csv+real_plan_dispatch_playback.csv.gz,电网建模数据_Agent整合版_V1.2,"internal current-capacity, topology-cut and transformer remaining-capacity contingency screen",real_2025_internal_capacity_network_screen,internal_transformer_capacity_screen,78b6a476a4210567b65bb0c79647bfd8aee8d99aed60795a84c4cd864db56825
QX-00004,110,B,BDZ-00002,forward,100,0,50,50,5,47.5,10.52631579,False,screened,capacity_network_contingency_screen_no_impedance,network_lines_110kv.csv+transformer_master.csv+real_plan_actions.csv+real_plan_dispatch_playback.csv.gz,电网建模数据_Agent整合版_V1.2,"internal current-capacity, topology-cut and transformer remaining-capacity contingency screen",real_2025_internal_capacity_network_screen,internal_transformer_capacity_screen,78b6a476a4210567b65bb0c79647bfd8aee8d99aed60795a84c4cd864db56825
QX-00004,110,B,BDZ-00002,reverse,100,0,50,50,10.83,47.5,22.8,False,screened,capacity_network_contingency_screen_no_impedance,network_lines_110kv.csv+transformer_master.csv+real_plan_actions.csv+real_plan_dispatch_playback.csv.gz,电网建模数据_Agent整合版_V1.2,"internal current-capacity, topology-cut and transformer remaining-capacity contingency screen",real_2025_internal_capacity_network_screen,internal_transformer_capacity_screen,78b6a476a4210567b65bb0c79647bfd8aee8d99aed60795a84c4cd864db56825
QX-00004,110,B,BDZ-00008,forward,100,0,50,50,38.22,47.5,80.46315789,False,screened,capacity_network_contingency_screen_no_impedance,network_lines_110kv.csv+transformer_master.csv+real_plan_actions.csv+real_plan_dispatch_playback.csv.gz,电网建模数据_Agent整合版_V1.2,"internal current-capacity, topology-cut and transformer remaining-capacity contingency screen",real_2025_internal_capacity_network_screen,internal_transformer_capacity_screen,78b6a476a4210567b65bb0c79647bfd8aee8d99aed60795a84c4cd864db56825
QX-00004,110,B,BDZ-00008,reverse,100,0,50,50,-0,47.5,-0,False,screened,capacity_network_contingency_screen_no_impedance,network_lines_110kv.csv+transformer_master.csv+real_plan_actions.csv+real_plan_dispatch_playback.csv.gz,电网建模数据_Agent整合版_V1.2,"internal current-capacity, topology-cut and transformer remaining-capacity contingency screen",real_2025_internal_capacity_network_screen,internal_transformer_capacity_screen,78b6a476a4210567b65bb0c79647bfd8aee8d99aed60795a84c4cd864db56825
QX-00004,110,B,BDZ-00029,forward,100,0,50,50,32.59,47.5,68.61052632,False,screened,capacity_network_contingency_screen_no_impedance,network_lines_110kv.csv+transformer_master.csv+real_plan_actions.csv+real_plan_dispatch_playback.csv.gz,电网建模数据_Agent整合版_V1.2,"internal current-capacity, topology-cut and transformer remaining-capacity contingency screen",real_2025_internal_capacity_network_screen,internal_transformer_capacity_screen,78b6a476a4210567b65bb0c79647bfd8aee8d99aed60795a84c4cd864db56825
QX-00004,110,B,BDZ-00029,reverse,100,0,50,50,5.83,47.5,12.27368421,False,screened,capacity_network_contingency_screen_no_impedance,network_lines_110kv.csv+transformer_master.csv+real_plan_actions.csv+real_plan_dispatch_playback.csv.gz,电网建模数据_Agent整合版_V1.2,"internal current-capacity, topology-cut and transformer remaining-capacity contingency screen",real_2025_internal_capacity_network_screen,internal_transformer_capacity_screen,78b6a476a4210567b65bb0c79647bfd8aee8d99aed60795a84c4cd864db56825
QX-00004,110,B,BDZ-00041,forward,100,0,50,50,46.3,47.5,97.47368421,False,screened,capacity_network_contingency_screen_no_impedance,network_lines_110kv.csv+transformer_master.csv+real_plan_actions.csv+real_plan_dispatch_playback.csv.gz,电网建模数据_Agent整合版_V1.2,"internal current-capacity, topology-cut and transformer remaining-capacity contingency screen",real_2025_internal_capacity_network_screen,internal_transformer_capacity_screen,78b6a476a4210567b65bb0c79647bfd8aee8d99aed60795a84c4cd864db56825
QX-00004,110,B,BDZ-00041,reverse,100,0,50,50,11.8,47.5,24.84210526,False,screened,capacity_network_contingency_screen_no_impedance,network_lines_110kv.csv+transformer_master.csv+real_plan_actions.csv+real_plan_dispatch_playback.csv.gz,电网建模数据_Agent整合版_V1.2,"internal current-capacity, topology-cut and transformer remaining-capacity contingency screen",real_2025_internal_capacity_network_screen,internal_transformer_capacity_screen,78b6a476a4210567b65bb0c79647bfd8aee8d99aed60795a84c4cd864db56825
QX-00004,110,B,BDZ-00047,forward,100,0,50,50,49.82,47.5,104.8842105,True,screened,capacity_network_contingency_screen_no_impedance,network_lines_110kv.csv+transformer_master.csv+real_plan_actions.csv+real_plan_dispatch_playback.csv.gz,电网建模数据_Agent整合版_V1.2,"internal current-capacity, topology-cut and transformer remaining-capacity contingency screen",real_2025_internal_capacity_network_screen,internal_transformer_capacity_screen,78b6a476a4210567b65bb0c79647bfd8aee8d99aed60795a84c4cd864db56825
QX-00004,110,B,BDZ-00047,reverse,100,0,50,50,-0,47.5,-0,False,screened,capacity_network_contingency_screen_no_impedance,network_lines_110kv.csv+transformer_master.csv+real_plan_actions.csv+real_plan_dispatch_playback.csv.gz,电网建模数据_Agent整合版_V1.2,"internal current-capacity, topology-cut and transformer remaining-capacity contingency screen",real_2025_internal_capacity_network_screen,internal_transformer_capacity_screen,78b6a476a4210567b65bb0c79647bfd8aee8d99aed60795a84c4cd864db56825
QX-00004,110,B,BDZ-00061,forward,126,0,63,63,36.44,59.85,60.8855472,False,screened,capacity_network_contingency_screen_no_impedance,network_lines_110kv.csv+transformer_master.csv+real_plan_actions.csv+real_plan_dispatch_playback.csv.gz,电网建模数据_Agent整合版_V1.2,"internal current-capacity, topology-cut and transformer remaining-capacity contingency screen",real_2025_internal_capacity_network_screen,internal_transformer_capacity_screen,78b6a476a4210567b65bb0c79647bfd8aee8d99aed60795a84c4cd864db56825
QX-00004,110,B,BDZ-00061,reverse,126,0,63,63,21.08,59.85,35.2213868,False,screened,capacity_network_contingency_screen_no_impedance,network_lines_110kv.csv+transformer_master.csv+real_plan_actions.csv+real_plan_dispatch_playback.csv.gz,电网建模数据_Agent整合版_V1.2,"internal current-capacity, topology-cut and transformer remaining-capacity contingency screen",real_2025_internal_capacity_network_screen,internal_transformer_capacity_screen,78b6a476a4210567b65bb0c79647bfd8aee8d99aed60795a84c4cd864db56825
QX-00004,110,B,BDZ-00064,forward,100,0,50,50,35.41,47.5,74.54736842,False,screened,capacity_network_contingency_screen_no_impedance,network_lines_110kv.csv+transformer_master.csv+real_plan_actions.csv+real_plan_dispatch_playback.csv.gz,电网建模数据_Agent整合版_V1.2,"internal current-capacity, topology-cut and transformer remaining-capacity contingency screen",real_2025_internal_capacity_network_screen,internal_transformer_capacity_screen,78b6a476a4210567b65bb0c79647bfd8aee8d99aed60795a84c4cd864db56825
QX-00004,110,B,BDZ-00064,reverse,100,0,50,50,45.38,47.5,95.53684211,False,screened,capacity_network_contingency_screen_no_impedance,network_lines_110kv.csv+transformer_master.csv+real_plan_actions.csv+real_plan_dispatch_playback.csv.gz,电网建模数据_Agent整合版_V1.2,"internal current-capacity, topology-cut and transformer remaining-capacity contingency screen",real_2025_internal_capacity_network_screen,internal_transformer_capacity_screen,78b6a476a4210567b65bb0c79647bfd8aee8d99aed60795a84c4cd864db56825
QX-00004,110,B,BDZ-00075,forward,130,0,80,50,37.58,47.5,79.11578947,False,screened,capacity_network_contingency_screen_no_impedance,network_lines_110kv.csv+transformer_master.csv+real_plan_actions.csv+real_plan_dispatch_playback.csv.gz,电网建模数据_Agent整合版_V1.2,"internal current-capacity, topology-cut and transformer remaining-capacity contingency screen",real_2025_internal_capacity_network_screen,internal_transformer_capacity_screen,78b6a476a4210567b65bb0c79647bfd8aee8d99aed60795a84c4cd864db56825
QX-00004,110,B,BDZ-00075,reverse,130,0,80,50,1.54,47.5,3.242105263,False,screened,capacity_network_contingency_screen_no_impedance,network_lines_110kv.csv+transformer_master.csv+real_plan_actions.csv+real_plan_dispatch_playback.csv.gz,电网建模数据_Agent整合版_V1.2,"internal current-capacity, topology-cut and transformer remaining-capacity contingency screen",real_2025_internal_capacity_network_screen,internal_transformer_capacity_screen,78b6a476a4210567b65bb0c79647bfd8aee8d99aed60795a84c4cd864db56825
QX-00004,110,B,BDZ-00082,forward,100,0,50,50,20.43,47.5,43.01052632,False,screened,capacity_network_contingency_screen_no_impedance,network_lines_110kv.csv+transformer_master.csv+real_plan_actions.csv+real_plan_dispatch_playback.csv.gz,电网建模数据_Agent整合版_V1.2,"internal current-capacity, topology-cut and transformer remaining-capacity contingency screen",real_2025_internal_capacity_network_screen,internal_transformer_capacity_screen,78b6a476a4210567b65bb0c79647bfd8aee8d99aed60795a84c4cd864db56825
QX-00004,110,B,BDZ-00082,reverse,100,0,50,50,22.28,47.5,46.90526316,False,screened,capacity_network_contingency_screen_no_impedance,network_lines_110kv.csv+transformer_master.csv+real_plan_actions.csv+real_plan_dispatch_playback.csv.gz,电网建模数据_Agent整合版_V1.2,"internal current-capacity, topology-cut and transformer remaining-capacity contingency screen",real_2025_internal_capacity_network_screen,internal_transformer_capacity_screen,78b6a476a4210567b65bb0c79647bfd8aee8d99aed60795a84c4cd864db56825
QX-00004,110,B,BDZ-00083,forward,126,0,63,63,50.29,59.85,84.0267335,False,screened,capacity_network_contingency_screen_no_impedance,network_lines_110kv.csv+transformer_master.csv+real_plan_actions.csv+real_plan_dispatch_playback.csv.gz,电网建模数据_Agent整合版_V1.2,"internal current-capacity, topology-cut and transformer remaining-capacity contingency screen",real_2025_internal_capacity_network_screen,internal_transformer_capacity_screen,78b6a476a4210567b65bb0c79647bfd8aee8d99aed60795a84c4cd864db56825
QX-00004,110,B,BDZ-00083,reverse,126,0,63,63,4.63,59.85,7.736006683,False,screened,capacity_network_contingency_screen_no_impedance,network_lines_110kv.csv+transformer_master.csv+real_plan_actions.csv+real_plan_dispatch_playback.csv.gz,电网建模数据_Agent整合版_V1.2,"internal current-capacity, topology-cut and transformer remaining-capacity contingency screen",real_2025_internal_capacity_network_screen,internal_transformer_capacity_screen,78b6a476a4210567b65bb0c79647bfd8aee8d99aed60795a84c4cd864db56825
QX-00004,110,B,BDZ-00093,forward,126,0,63,63,45.34,59.85,75.75605681,False,screened,capacity_network_contingency_screen_no_impedance,network_lines_110kv.csv+transformer_master.csv+real_plan_actions.csv+real_plan_dispatch_playback.csv.gz,电网建模数据_Agent整合版_V1.2,"internal current-capacity, topology-cut and transformer remaining-capacity contingency screen",real_2025_internal_capacity_network_screen,internal_transformer_capacity_screen,78b6a476a4210567b65bb0c79647bfd8aee8d99aed60795a84c4cd864db56825
QX-00004,110,B,BDZ-00093,reverse,126,0,63,63,0.9,59.85,1.503759398,False,screened,capacity_network_contingency_screen_no_impedance,network_lines_110kv.csv+transformer_master.csv+real_plan_actions.csv+real_plan_dispatch_playback.csv.gz,电网建模数据_Agent整合版_V1.2,"internal current-capacity, topology-cut and transformer remaining-capacity contingency screen",real_2025_internal_capacity_network_screen,internal_transformer_capacity_screen,78b6a476a4210567b65bb0c79647bfd8aee8d99aed60795a84c4cd864db56825
QX-00004,110,B,BDZ-00098,forward,100,0,50,50,33.51,47.5,70.54736842,False,screened,capacity_network_contingency_screen_no_impedance,network_lines_110kv.csv+transformer_master.csv+real_plan_actions.csv+real_plan_dispatch_playback.csv.gz,电网建模数据_Agent整合版_V1.2,"internal current-capacity, topology-cut and transformer remaining-capacity contingency screen",real_2025_internal_capacity_network_screen,internal_transformer_capacity_screen,78b6a476a4210567b65bb0c79647bfd8aee8d99aed60795a84c4cd864db56825
QX-00004,110,B,BDZ-00098,reverse,100,0,50,50,47.5,47.5,100,False,screened,capacity_network_contingency_screen_no_impedance,network_lines_110kv.csv+transformer_master.csv+real_plan_actions.csv+real_plan_dispatch_playback.csv.gz,电网建模数据_Agent整合版_V1.2,"internal current-capacity, topology-cut and transformer remaining-capacity contingency screen",real_2025_internal_capacity_network_screen,internal_transformer_capacity_screen,78b6a476a4210567b65bb0c79647bfd8aee8d99aed60795a84c4cd864db56825
QX-00004,110,B,BDZ-00130,forward,70,0,50,20,23.9,19,125.7894737,True,screened,capacity_network_contingency_screen_no_impedance,network_lines_110kv.csv+transformer_master.csv+real_plan_actions.csv+real_plan_dispatch_playback.csv.gz,电网建模数据_Agent整合版_V1.2,"internal current-capacity, topology-cut and transformer remaining-capacity contingency screen",real_2025_internal_capacity_network_screen,internal_transformer_capacity_screen,78b6a476a4210567b65bb0c79647bfd8aee8d99aed60795a84c4cd864db56825
QX-00004,110,B,BDZ-00130,reverse,70,0,50,20,16.03,19,84.36842105,False,screened,capacity_network_contingency_screen_no_impedance,network_lines_110kv.csv+transformer_master.csv+real_plan_actions.csv+real_plan_dispatch_playback.csv.gz,电网建模数据_Agent整合版_V1.2,"internal current-capacity, topology-cut and transformer remaining-capacity contingency screen",real_2025_internal_capacity_network_screen,internal_transformer_capacity_screen,78b6a476a4210567b65bb0c79647bfd8aee8d99aed60795a84c4cd864db56825
QX-00004,110,B,BDZ-00140,forward,126,0,63,63,79.67,59.85,133.1161236,True,screened,capacity_network_contingency_screen_no_impedance,network_lines_110kv.csv+transformer_master.csv+real_plan_actions.csv+real_plan_dispatch_playback.csv.gz,电网建模数据_Agent整合版_V1.2,"internal current-capacity, topology-cut and transformer remaining-capacity contingency screen",real_2025_internal_capacity_network_screen,internal_transformer_capacity_screen,78b6a476a4210567b65bb0c79647bfd8aee8d99aed60795a84c4cd864db56825
QX-00004,110,B,BDZ-00140,reverse,126,0,63,63,-0,59.85,-0,False,screened,capacity_network_contingency_screen_no_impedance,network_lines_110kv.csv+transformer_master.csv+real_plan_actions.csv+real_plan_dispatch_playback.csv.gz,电网建模数据_Agent整合版_V1.2,"internal current-capacity, topology-cut and transformer remaining-capacity contingency screen",real_2025_internal_capacity_network_screen,internal_transformer_capacity_screen,78b6a476a4210567b65bb0c79647bfd8aee8d99aed60795a84c4cd864db56825
QX-00004,110,B,BDZ-00149,forward,90,0,50,40,49.24,38,129.5789474,True,screened,capacity_network_contingency_screen_no_impedance,network_lines_110kv.csv+transformer_master.csv+real_plan_actions.csv+real_plan_dispatch_playback.csv.gz,电网建模数据_Agent整合版_V1.2,"internal current-capacity, topology-cut and transformer remaining-capacity contingency screen",real_2025_internal_capacity_network_screen,internal_transformer_capacity_screen,78b6a476a4210567b65bb0c79647bfd8aee8d99aed60795a84c4cd864db56825
QX-00004,110,B,BDZ-00149,reverse,90,0,50,40,38,38,100,False,screened,capacity_network_contingency_screen_no_impedance,network_lines_110kv.csv+transformer_master.csv+real_plan_actions.csv+real_plan_dispatch_playback.csv.gz,电网建模数据_Agent整合版_V1.2,"internal current-capacity, topology-cut and transformer remaining-capacity contingency screen",real_2025_internal_capacity_network_screen,internal_transformer_capacity_screen,78b6a476a4210567b65bb0c79647bfd8aee8d99aed60795a84c4cd864db56825
QX-00004,110,B,BDZ-00152,forward,100,0,50,50,36.1,47.5,76,False,screened,capacity_network_contingency_screen_no_impedance,network_lines_110kv.csv+transformer_master.csv+real_plan_actions.csv+real_plan_dispatch_playback.csv.gz,电网建模数据_Agent整合版_V1.2,"internal current-capacity, topology-cut and transformer remaining-capacity contingency screen",real_2025_internal_capacity_network_screen,internal_transformer_capacity_screen,78b6a476a4210567b65bb0c79647bfd8aee8d99aed60795a84c4cd864db56825
QX-00004,110,B,BDZ-00152,reverse,100,0,50,50,18.19,47.5,38.29473684,False,screened,capacity_network_contingency_screen_no_impedance,network_lines_110kv.csv+transformer_master.csv+real_plan_actions.csv+real_plan_dispatch_playback.csv.gz,电网建模数据_Agent整合版_V1.2,"internal current-capacity, topology-cut and transformer remaining-capacity contingency screen",real_2025_internal_capacity_network_screen,internal_transformer_capacity_screen,78b6a476a4210567b65bb0c79647bfd8aee8d99aed60795a84c4cd864db56825
QX-00004,110,B,BDZ-00169,forward,100,0,50,50,60.01,47.5,126.3368421,True,screened,capacity_network_contingency_screen_no_impedance,network_lines_110kv.csv+transformer_master.csv+real_plan_actions.csv+real_plan_dispatch_playback.csv.gz,电网建模数据_Agent整合版_V1.2,"internal current-capacity, topology-cut and transformer remaining-capacity contingency screen",real_2025_internal_capacity_network_screen,internal_transformer_capacity_screen,78b6a476a4210567b65bb0c79647bfd8aee8d99aed60795a84c4cd864db56825
QX-00004,110,B,BDZ-00169,reverse,100,0,50,50,-0,47.5,-0,False,screened,capacity_network_contingency_screen_no_impedance,network_lines_110kv.csv+transformer_master.csv+real_plan_actions.csv+real_plan_dispatch_playback.csv.gz,电网建模数据_Agent整合版_V1.2,"internal current-capacity, topology-cut and transformer remaining-capacity contingency screen",real_2025_internal_capacity_network_screen,internal_transformer_capacity_screen,78b6a476a4210567b65bb0c79647bfd8aee8d99aed60795a84c4cd864db56825
QX-00004,110,B,BDZ-00181,forward,113,0,63,50,25.82,47.5,54.35789474,False,screened,capacity_network_contingency_screen_no_impedance,network_lines_110kv.csv+transformer_master.csv+real_plan_actions.csv+real_plan_dispatch_playback.csv.gz,电网建模数据_Agent整合版_V1.2,"internal current-capacity, topology-cut and transformer remaining-capacity contingency screen",real_2025_internal_capacity_network_screen,internal_transformer_capacity_screen,78b6a476a4210567b65bb0c79647bfd8aee8d99aed60795a84c4cd864db56825
QX-00004,110,B,BDZ-00181,reverse,113,0,63,50,22.41,47.5,47.17894737,False,screened,capacity_network_contingency_screen_no_impedance,network_lines_110kv.csv+transformer_master.csv+real_plan_actions.csv+real_plan_dispatch_playback.csv.gz,电网建模数据_Agent整合版_V1.2,"internal current-capacity, topology-cut and transformer remaining-capacity contingency screen",real_2025_internal_capacity_network_screen,internal_transformer_capacity_screen,78b6a476a4210567b65bb0c79647bfd8aee8d99aed60795a84c4cd864db56825
QX-00004,110,B,BDZ-00182,forward,100,0,50,50,39.99,47.5,84.18947368,False,screened,capacity_network_contingency_screen_no_impedance,network_lines_110kv.csv+transformer_master.csv+real_plan_actions.csv+real_plan_dispatch_playback.csv.gz,电网建模数据_Agent整合版_V1.2,"internal current-capacity, topology-cut and transformer remaining-capacity contingency screen",real_2025_internal_capacity_network_screen,internal_transformer_capacity_screen,78b6a476a4210567b65bb0c79647bfd8aee8d99aed60795a84c4cd864db56825
QX-00004,110,B,BDZ-00182,reverse,100,0,50,50,37.58,47.5,79.11578947,False,screened,capacity_network_contingency_screen_no_impedance,network_lines_110kv.csv+transformer_master.csv+real_plan_actions.csv+real_plan_dispatch_playback.csv.gz,电网建模数据_Agent整合版_V1.2,"internal current-capacity, topology-cut and transformer remaining-capacity contingency screen",real_2025_internal_capacity_network_screen,internal_transformer_capacity_screen,78b6a476a4210567b65bb0c79647bfd8aee8d99aed60795a84c4cd864db56825
QX-00004,110,C0,BDZ-00001,forward,100,0,50,50,30.78,47.5,64.8,False,screened,capacity_network_contingency_screen_no_impedance,network_lines_110kv.csv+transformer_master.csv+real_plan_actions.csv+real_plan_dispatch_playback.csv.gz,电网建模数据_Agent整合版_V1.2,"internal current-capacity, topology-cut and transformer remaining-capacity contingency screen",real_2025_internal_capacity_network_screen,internal_transformer_capacity_screen,78b6a476a4210567b65bb0c79647bfd8aee8d99aed60795a84c4cd864db56825
QX-00004,110,C0,BDZ-00001,reverse,100,0,50,50,5.46,47.5,11.49473684,False,screened,capacity_network_contingency_screen_no_impedance,network_lines_110kv.csv+transformer_master.csv+real_plan_actions.csv+real_plan_dispatch_playback.csv.gz,电网建模数据_Agent整合版_V1.2,"internal current-capacity, topology-cut and transformer remaining-capacity contingency screen",real_2025_internal_capacity_network_screen,internal_transformer_capacity_screen,78b6a476a4210567b65bb0c79647bfd8aee8d99aed60795a84c4cd864db56825
QX-00004,110,C0,BDZ-00002,forward,100,0,50,50,5,47.5,10.52631579,False,screened,capacity_network_contingency_screen_no_impedance,network_lines_110kv.csv+transformer_master.csv+real_plan_actions.csv+real_plan_dispatch_playback.csv.gz,电网建模数据_Agent整合版_V1.2,"internal current-capacity, topology-cut and transformer remaining-capacity contingency screen",real_2025_internal_capacity_network_screen,internal_transformer_capacity_screen,78b6a476a4210567b65bb0c79647bfd8aee8d99aed60795a84c4cd864db56825
QX-00004,110,C0,BDZ-00002,reverse,100,0,50,50,10.83,47.5,22.8,False,screened,capacity_network_contingency_screen_no_impedance,network_lines_110kv.csv+transformer_master.csv+real_plan_actions.csv+real_plan_dispatch_playback.csv.gz,电网建模数据_Agent整合版_V1.2,"internal current-capacity, topology-cut and transformer remaining-capacity contingency screen",real_2025_internal_capacity_network_screen,internal_transformer_capacity_screen,78b6a476a4210567b65bb0c79647bfd8aee8d99aed60795a84c4cd864db56825
QX-00004,110,C0,BDZ-00008,forward,100,0,50,50,38.22,47.5,80.46315789,False,screened,capacity_network_contingency_screen_no_impedance,network_lines_110kv.csv+transformer_master.csv+real_plan_actions.csv+real_plan_dispatch_playback.csv.gz,电网建模数据_Agent整合版_V1.2,"internal current-capacity, topology-cut and transformer remaining-capacity contingency screen",real_2025_internal_capacity_network_screen,internal_transformer_capacity_screen,78b6a476a4210567b65bb0c79647bfd8aee8d99aed60795a84c4cd864db56825
QX-00004,110,C0,BDZ-00008,reverse,100,0,50,50,0,47.5,0,False,screened,capacity_network_contingency_screen_no_impedance,network_lines_110kv.csv+transformer_master.csv+real_plan_actions.csv+real_plan_dispatch_playback.csv.gz,电网建模数据_Agent整合版_V1.2,"internal current-capacity, topology-cut and transformer remaining-capacity contingency screen",real_2025_internal_capacity_network_screen,internal_transformer_capacity_screen,78b6a476a4210567b65bb0c79647bfd8aee8d99aed60795a84c4cd864db56825
QX-00004,110,C0,BDZ-00029,forward,100,0,50,50,32.59,47.5,68.61052632,False,screened,capacity_network_contingency_screen_no_impedance,network_lines_110kv.csv+transformer_master.csv+real_plan_actions.csv+real_plan_dispatch_playback.csv.gz,电网建模数据_Agent整合版_V1.2,"internal current-capacity, topology-cut and transformer remaining-capacity contingency screen",real_2025_internal_capacity_network_screen,internal_transformer_capacity_screen,78b6a476a4210567b65bb0c79647bfd8aee8d99aed60795a84c4cd864db56825
QX-00004,110,C0,BDZ-00029,reverse,100,0,50,50,5.83,47.5,12.27368421,False,screened,capacity_network_contingency_screen_no_impedance,network_lines_110kv.csv+transformer_master.csv+real_plan_actions.csv+real_plan_dispatch_playback.csv.gz,电网建模数据_Agent整合版_V1.2,"internal current-capacity, topology-cut and transformer remaining-capacity contingency screen",real_2025_internal_capacity_network_screen,internal_transformer_capacity_screen,78b6a476a4210567b65bb0c79647bfd8aee8d99aed60795a84c4cd864db56825
QX-00004,110,C0,BDZ-00041,forward,100,0,50,50,46.3,47.5,97.47368421,False,screened,capacity_network_contingency_screen_no_impedance,network_lines_110kv.csv+transformer_master.csv+real_plan_actions.csv+real_plan_dispatch_playback.csv.gz,电网建模数据_Agent整合版_V1.2,"internal current-capacity, topology-cut and transformer remaining-capacity contingency screen",real_2025_internal_capacity_network_screen,internal_transformer_capacity_screen,78b6a476a4210567b65bb0c79647bfd8aee8d99aed60795a84c4cd864db56825
QX-00004,110,C0,BDZ-00041,reverse,100,0,50,50,11.8,47.5,24.84210526,False,screened,capacity_network_contingency_screen_no_impedance,network_lines_110kv.csv+transformer_master.csv+real_plan_actions.csv+real_plan_dispatch_playback.csv.gz,电网建模数据_Agent整合版_V1.2,"internal current-capacity, topology-cut and transformer remaining-capacity contingency screen",real_2025_internal_capacity_network_screen,internal_transformer_capacity_screen,78b6a476a4210567b65bb0c79647bfd8aee8d99aed60795a84c4cd864db56825
QX-00004,110,C0,BDZ-00047,forward,100,0,50,50,49.82,47.5,104.8842105,True,screened,capacity_network_contingency_screen_no_impedance,network_lines_110kv.csv+transformer_master.csv+real_plan_actions.csv+real_plan_dispatch_playback.csv.gz,电网建模数据_Agent整合版_V1.2,"internal current-capacity, topology-cut and transformer remaining-capacity contingency screen",real_2025_internal_capacity_network_screen,internal_transformer_capacity_screen,78b6a476a4210567b65bb0c79647bfd8aee8d99aed60795a84c4cd864db56825
QX-00004,110,C0,BDZ-00047,reverse,100,0,50,50,0,47.5,0,False,screened,capacity_network_contingency_screen_no_impedance,network_lines_110kv.csv+transformer_master.csv+real_plan_actions.csv+real_plan_dispatch_playback.csv.gz,电网建模数据_Agent整合版_V1.2,"internal current-capacity, topology-cut and transformer remaining-capacity contingency screen",real_2025_internal_capacity_network_screen,internal_transformer_capacity_screen,78b6a476a4210567b65bb0c79647bfd8aee8d99aed60795a84c4cd864db56825
QX-00004,110,C0,BDZ-00061,forward,126,0,63,63,36.44,59.85,60.8855472,False,screened,capacity_network_contingency_screen_no_impedance,network_lines_110kv.csv+transformer_master.csv+real_plan_actions.csv+real_plan_dispatch_playback.csv.gz,电网建模数据_Agent整合版_V1.2,"internal current-capacity, topology-cut and transformer remaining-capacity contingency screen",real_2025_internal_capacity_network_screen,internal_transformer_capacity_screen,78b6a476a4210567b65bb0c79647bfd8aee8d99aed60795a84c4cd864db56825
QX-00004,110,C0,BDZ-00061,reverse,126,0,63,63,21.08,59.85,35.2213868,False,screened,capacity_network_contingency_screen_no_impedance,network_lines_110kv.csv+transformer_master.csv+real_plan_actions.csv+real_plan_dispatch_playback.csv.gz,电网建模数据_Agent整合版_V1.2,"internal current-capacity, topology-cut and transformer remaining-capacity contingency screen",real_2025_internal_capacity_network_screen,internal_transformer_capacity_screen,78b6a476a4210567b65bb0c79647bfd8aee8d99aed60795a84c4cd864db56825
QX-00004,110,C0,BDZ-00064,forward,100,0,50,50,35.41,47.5,74.54736842,False,screened,capacity_network_contingency_screen_no_impedance,network_lines_110kv.csv+transformer_master.csv+real_plan_actions.csv+real_plan_dispatch_playback.csv.gz,电网建模数据_Agent整合版_V1.2,"internal current-capacity, topology-cut and transformer remaining-capacity contingency screen",real_2025_internal_capacity_network_screen,internal_transformer_capacity_screen,78b6a476a4210567b65bb0c79647bfd8aee8d99aed60795a84c4cd864db56825
QX-00004,110,C0,BDZ-00064,reverse,100,0,50,50,45.38,47.5,95.53684211,False,screened,capacity_network_contingency_screen_no_impedance,network_lines_110kv.csv+transformer_master.csv+real_plan_actions.csv+real_plan_dispatch_playback.csv.gz,电网建模数据_Agent整合版_V1.2,"internal current-capacity, topology-cut and transformer remaining-capacity contingency screen",real_2025_internal_capacity_network_screen,internal_transformer_capacity_screen,78b6a476a4210567b65bb0c79647bfd8aee8d99aed60795a84c4cd864db56825
QX-00004,110,C0,BDZ-00075,forward,130,0,80,50,37.58,47.5,79.11578947,False,screened,capacity_network_contingency_screen_no_impedance,network_lines_110kv.csv+transformer_master.csv+real_plan_actions.csv+real_plan_dispatch_playback.csv.gz,电网建模数据_Agent整合版_V1.2,"internal current-capacity, topology-cut and transformer remaining-capacity contingency screen",real_2025_internal_capacity_network_screen,internal_transformer_capacity_screen,78b6a476a4210567b65bb0c79647bfd8aee8d99aed60795a84c4cd864db56825
QX-00004,110,C0,BDZ-00075,reverse,130,0,80,50,1.54,47.5,3.242105263,False,screened,capacity_network_contingency_screen_no_impedance,network_lines_110kv.csv+transformer_master.csv+real_plan_actions.csv+real_plan_dispatch_playback.csv.gz,电网建模数据_Agent整合版_V1.2,"internal current-capacity, topology-cut and transformer remaining-capacity contingency screen",real_2025_internal_capacity_network_screen,internal_transformer_capacity_screen,78b6a476a4210567b65bb0c79647bfd8aee8d99aed60795a84c4cd864db56825
QX-00004,110,C0,BDZ-00082,forward,100,0,50,50,20.43,47.5,43.01052632,False,screened,capacity_network_contingency_screen_no_impedance,network_lines_110kv.csv+transformer_master.csv+real_plan_actions.csv+real_plan_dispatch_playback.csv.gz,电网建模数据_Agent整合版_V1.2,"internal current-capacity, topology-cut and transformer remaining-capacity contingency screen",real_2025_internal_capacity_network_screen,internal_transformer_capacity_screen,78b6a476a4210567b65bb0c79647bfd8aee8d99aed60795a84c4cd864db56825
QX-00004,110,C0,BDZ-00082,reverse,100,0,50,50,22.28,47.5,46.90526316,False,screened,capacity_network_contingency_screen_no_impedance,network_lines_110kv.csv+transformer_master.csv+real_plan_actions.csv+real_plan_dispatch_playback.csv.gz,电网建模数据_Agent整合版_V1.2,"internal current-capacity, topology-cut and transformer remaining-capacity contingency screen",real_2025_internal_capacity_network_screen,internal_transformer_capacity_screen,78b6a476a4210567b65bb0c79647bfd8aee8d99aed60795a84c4cd864db56825
QX-00004,110,C0,BDZ-00083,forward,126,0,63,63,50.29,59.85,84.0267335,False,screened,capacity_network_contingency_screen_no_impedance,network_lines_110kv.csv+transformer_master.csv+real_plan_actions.csv+real_plan_dispatch_playback.csv.gz,电网建模数据_Agent整合版_V1.2,"internal current-capacity, topology-cut and transformer remaining-capacity contingency screen",real_2025_internal_capacity_network_screen,internal_transformer_capacity_screen,78b6a476a4210567b65bb0c79647bfd8aee8d99aed60795a84c4cd864db56825
QX-00004,110,C0,BDZ-00083,reverse,126,0,63,63,4.63,59.85,7.736006683,False,screened,capacity_network_contingency_screen_no_impedance,network_lines_110kv.csv+transformer_master.csv+real_plan_actions.csv+real_plan_dispatch_playback.csv.gz,电网建模数据_Agent整合版_V1.2,"internal current-capacity, topology-cut and transformer remaining-capacity contingency screen",real_2025_internal_capacity_network_screen,internal_transformer_capacity_screen,78b6a476a4210567b65bb0c79647bfd8aee8d99aed60795a84c4cd864db56825
QX-00004,110,C0,BDZ-00093,forward,126,0,63,63,45.34,59.85,75.75605681,False,screened,capacity_network_contingency_screen_no_impedance,network_lines_110kv.csv+transformer_master.csv+real_plan_actions.csv+real_plan_dispatch_playback.csv.gz,电网建模数据_Agent整合版_V1.2,"internal current-capacity, topology-cut and transformer remaining-capacity contingency screen",real_2025_internal_capacity_network_screen,internal_transformer_capacity_screen,78b6a476a4210567b65bb0c79647bfd8aee8d99aed60795a84c4cd864db56825
QX-00004,110,C0,BDZ-00093,reverse,126,0,63,63,0.9,59.85,1.503759398,False,screened,capacity_network_contingency_screen_no_impedance,network_lines_110kv.csv+transformer_master.csv+real_plan_actions.csv+real_plan_dispatch_playback.csv.gz,电网建模数据_Agent整合版_V1.2,"internal current-capacity, topology-cut and transformer remaining-capacity contingency screen",real_2025_internal_capacity_network_screen,internal_transformer_capacity_screen,78b6a476a4210567b65bb0c79647bfd8aee8d99aed60795a84c4cd864db56825
QX-00004,110,C0,BDZ-00098,forward,100,0,50,50,33.51,47.5,70.54736842,False,screened,capacity_network_contingency_screen_no_impedance,network_lines_110kv.csv+transformer_master.csv+real_plan_actions.csv+real_plan_dispatch_playback.csv.gz,电网建模数据_Agent整合版_V1.2,"internal current-capacity, topology-cut and transformer remaining-capacity contingency screen",real_2025_internal_capacity_network_screen,internal_transformer_capacity_screen,78b6a476a4210567b65bb0c79647bfd8aee8d99aed60795a84c4cd864db56825
QX-00004,110,C0,BDZ-00098,reverse,100,0,50,50,49.91,47.5,105.0736842,True,screened,capacity_network_contingency_screen_no_impedance,network_lines_110kv.csv+transformer_master.csv+real_plan_actions.csv+real_plan_dispatch_playback.csv.gz,电网建模数据_Agent整合版_V1.2,"internal current-capacity, topology-cut and transformer remaining-capacity contingency screen",real_2025_internal_capacity_network_screen,internal_transformer_capacity_screen,78b6a476a4210567b65bb0c79647bfd8aee8d99aed60795a84c4cd864db56825
QX-00004,110,C0,BDZ-00130,forward,70,0,50,20,23.9,19,125.7894737,True,screened,capacity_network_contingency_screen_no_impedance,network_lines_110kv.csv+transformer_master.csv+real_plan_actions.csv+real_plan_dispatch_playback.csv.gz,电网建模数据_Agent整合版_V1.2,"internal current-capacity, topology-cut and transformer remaining-capacity contingency screen",real_2025_internal_capacity_network_screen,internal_transformer_capacity_screen,78b6a476a4210567b65bb0c79647bfd8aee8d99aed60795a84c4cd864db56825
QX-00004,110,C0,BDZ-00130,reverse,70,0,50,20,16.03,19,84.36842105,False,screened,capacity_network_contingency_screen_no_impedance,network_lines_110kv.csv+transformer_master.csv+real_plan_actions.csv+real_plan_dispatch_playback.csv.gz,电网建模数据_Agent整合版_V1.2,"internal current-capacity, topology-cut and transformer remaining-capacity contingency screen",real_2025_internal_capacity_network_screen,internal_transformer_capacity_screen,78b6a476a4210567b65bb0c79647bfd8aee8d99aed60795a84c4cd864db56825
QX-00004,110,C0,BDZ-00140,forward,126,0,63,63,79.67,59.85,133.1161236,True,screened,capacity_network_contingency_screen_no_impedance,network_lines_110kv.csv+transformer_master.csv+real_plan_actions.csv+real_plan_dispatch_playback.csv.gz,电网建模数据_Agent整合版_V1.2,"internal current-capacity, topology-cut and transformer remaining-capacity contingency screen",real_2025_internal_capacity_network_screen,internal_transformer_capacity_screen,78b6a476a4210567b65bb0c79647bfd8aee8d99aed60795a84c4cd864db56825
QX-00004,110,C0,BDZ-00140,reverse,126,0,63,63,0,59.85,0,False,screened,capacity_network_contingency_screen_no_impedance,network_lines_110kv.csv+transformer_master.csv+real_plan_actions.csv+real_plan_dispatch_playback.csv.gz,电网建模数据_Agent整合版_V1.2,"internal current-capacity, topology-cut and transformer remaining-capacity contingency screen",real_2025_internal_capacity_network_screen,internal_transformer_capacity_screen,78b6a476a4210567b65bb0c79647bfd8aee8d99aed60795a84c4cd864db56825
QX-00004,110,C0,BDZ-00149,forward,90,0,50,40,49.24,38,129.5789474,True,screened,capacity_network_contingency_screen_no_impedance,network_lines_110kv.csv+transformer_master.csv+real_plan_actions.csv+real_plan_dispatch_playback.csv.gz,电网建模数据_Agent整合版_V1.2,"internal current-capacity, topology-cut and transformer remaining-capacity contingency screen",real_2025_internal_capacity_network_screen,internal_transformer_capacity_screen,78b6a476a4210567b65bb0c79647bfd8aee8d99aed60795a84c4cd864db56825
QX-00004,110,C0,BDZ-00149,reverse,90,0,50,40,46.05,38,121.1842105,True,screened,capacity_network_contingency_screen_no_impedance,network_lines_110kv.csv+transformer_master.csv+real_plan_actions.csv+real_plan_dispatch_playback.csv.gz,电网建模数据_Agent整合版_V1.2,"internal current-capacity, topology-cut and transformer remaining-capacity contingency screen",real_2025_internal_capacity_network_screen,internal_transformer_capacity_screen,78b6a476a4210567b65bb0c79647bfd8aee8d99aed60795a84c4cd864db56825
QX-00004,110,C0,BDZ-00152,forward,100,0,50,50,36.1,47.5,76,False,screened,capacity_network_contingency_screen_no_impedance,network_lines_110kv.csv+transformer_master.csv+real_plan_actions.csv+real_plan_dispatch_playback.csv.gz,电网建模数据_Agent整合版_V1.2,"internal current-capacity, topology-cut and transformer remaining-capacity contingency screen",real_2025_internal_capacity_network_screen,internal_transformer_capacity_screen,78b6a476a4210567b65bb0c79647bfd8aee8d99aed60795a84c4cd864db56825
QX-00004,110,C0,BDZ-00152,reverse,100,0,50,50,18.19,47.5,38.29473684,False,screened,capacity_network_contingency_screen_no_impedance,network_lines_110kv.csv+transformer_master.csv+real_plan_actions.csv+real_plan_dispatch_playback.csv.gz,电网建模数据_Agent整合版_V1.2,"internal current-capacity, topology-cut and transformer remaining-capacity contingency screen",real_2025_internal_capacity_network_screen,internal_transformer_capacity_screen,78b6a476a4210567b65bb0c79647bfd8aee8d99aed60795a84c4cd864db56825
QX-00004,110,C0,BDZ-00169,forward,100,0,50,50,60.01,47.5,126.3368421,True,screened,capacity_network_contingency_screen_no_impedance,network_lines_110kv.csv+transformer_master.csv+real_plan_actions.csv+real_plan_dispatch_playback.csv.gz,电网建模数据_Agent整合版_V1.2,"internal current-capacity, topology-cut and transformer remaining-capacity contingency screen",real_2025_internal_capacity_network_screen,internal_transformer_capacity_screen,78b6a476a4210567b65bb0c79647bfd8aee8d99aed60795a84c4cd864db56825
QX-00004,110,C0,BDZ-00169,reverse,100,0,50,50,0,47.5,0,False,screened,capacity_network_contingency_screen_no_impedance,network_lines_110kv.csv+transformer_master.csv+real_plan_actions.csv+real_plan_dispatch_playback.csv.gz,电网建模数据_Agent整合版_V1.2,"internal current-capacity, topology-cut and transformer remaining-capacity contingency screen",real_2025_internal_capacity_network_screen,internal_transformer_capacity_screen,78b6a476a4210567b65bb0c79647bfd8aee8d99aed60795a84c4cd864db56825
QX-00004,110,C0,BDZ-00181,forward,113,0,63,50,25.82,47.5,54.35789474,False,screened,capacity_network_contingency_screen_no_impedance,network_lines_110kv.csv+transformer_master.csv+real_plan_actions.csv+real_plan_dispatch_playback.csv.gz,电网建模数据_Agent整合版_V1.2,"internal current-capacity, topology-cut and transformer remaining-capacity contingency screen",real_2025_internal_capacity_network_screen,internal_transformer_capacity_screen,78b6a476a4210567b65bb0c79647bfd8aee8d99aed60795a84c4cd864db56825
QX-00004,110,C0,BDZ-00181,reverse,113,0,63,50,22.41,47.5,47.17894737,False,screened,capacity_network_contingency_screen_no_impedance,network_lines_110kv.csv+transformer_master.csv+real_plan_actions.csv+real_plan_dispatch_playback.csv.gz,电网建模数据_Agent整合版_V1.2,"internal current-capacity, topology-cut and transformer remaining-capacity contingency screen",real_2025_internal_capacity_network_screen,internal_transformer_capacity_screen,78b6a476a4210567b65bb0c79647bfd8aee8d99aed60795a84c4cd864db56825
QX-00004,110,C0,BDZ-00182,forward,100,0,50,50,39.99,47.5,84.18947368,False,screened,capacity_network_contingency_screen_no_impedance,network_lines_110kv.csv+transformer_master.csv+real_plan_actions.csv+real_plan_dispatch_playback.csv.gz,电网建模数据_Agent整合版_V1.2,"internal current-capacity, topology-cut and transformer remaining-capacity contingency screen",real_2025_internal_capacity_network_screen,internal_transformer_capacity_screen,78b6a476a4210567b65bb0c79647bfd8aee8d99aed60795a84c4cd864db56825
QX-00004,110,C0,BDZ-00182,reverse,100,0,50,50,37.58,47.5,79.11578947,False,screened,capacity_network_contingency_screen_no_impedance,network_lines_110kv.csv+transformer_master.csv+real_plan_actions.csv+real_plan_dispatch_playback.csv.gz,电网建模数据_Agent整合版_V1.2,"internal current-capacity, topology-cut and transformer remaining-capacity contingency screen",real_2025_internal_capacity_network_screen,internal_transformer_capacity_screen,78b6a476a4210567b65bb0c79647bfd8aee8d99aed60795a84c4cd864db56825
QX-00005,110,A,BDZ-00005,forward,100,0,50,50,37.24,47.5,78.4,False,screened,capacity_network_contingency_screen_no_impedance,network_lines_110kv.csv+transformer_master.csv+real_plan_actions.csv+real_plan_dispatch_playback.csv.gz,电网建模数据_Agent整合版_V1.2,"internal current-capacity, topology-cut and transformer remaining-capacity contingency screen",real_2025_internal_capacity_network_screen,internal_transformer_capacity_screen,78b6a476a4210567b65bb0c79647bfd8aee8d99aed60795a84c4cd864db56825
QX-00005,110,A,BDZ-00005,reverse,100,0,50,50,19.36,47.5,40.75789474,False,screened,capacity_network_contingency_screen_no_impedance,network_lines_110kv.csv+transformer_master.csv+real_plan_actions.csv+real_plan_dispatch_playback.csv.gz,电网建模数据_Agent整合版_V1.2,"internal current-capacity, topology-cut and transformer remaining-capacity contingency screen",real_2025_internal_capacity_network_screen,internal_transformer_capacity_screen,78b6a476a4210567b65bb0c79647bfd8aee8d99aed60795a84c4cd864db56825
QX-00005,110,A,BDZ-00016,forward,150,0,100,50,70.26,47.5,147.9157895,True,screened,capacity_network_contingency_screen_no_impedance,network_lines_110kv.csv+transformer_master.csv+real_plan_actions.csv+real_plan_dispatch_playback.csv.gz,电网建模数据_Agent整合版_V1.2,"internal current-capacity, topology-cut and transformer remaining-capacity contingency screen",real_2025_internal_capacity_network_screen,internal_transformer_capacity_screen,78b6a476a4210567b65bb0c79647bfd8aee8d99aed60795a84c4cd864db56825
QX-00005,110,A,BDZ-00016,reverse,150,0,100,50,33.5,47.5,70.52631579,False,screened,capacity_network_contingency_screen_no_impedance,network_lines_110kv.csv+transformer_master.csv+real_plan_actions.csv+real_plan_dispatch_playback.csv.gz,电网建模数据_Agent整合版_V1.2,"internal current-capacity, topology-cut and transformer remaining-capacity contingency screen",real_2025_internal_capacity_network_screen,internal_transformer_capacity_screen,78b6a476a4210567b65bb0c79647bfd8aee8d99aed60795a84c4cd864db56825
QX-00005,110,A,BDZ-00021,forward,100,0,50,50,31.28,47.5,65.85263158,False,screened,capacity_network_contingency_screen_no_impedance,network_lines_110kv.csv+transformer_master.csv+real_plan_actions.csv+real_plan_dispatch_playback.csv.gz,电网建模数据_Agent整合版_V1.2,"internal current-capacity, topology-cut and transformer remaining-capacity contingency screen",real_2025_internal_capacity_network_screen,internal_transformer_capacity_screen,78b6a476a4210567b65bb0c79647bfd8aee8d99aed60795a84c4cd864db56825
QX-00005,110,A,BDZ-00021,reverse,100,0,50,50,24.82,47.5,52.25263158,False,screened,capacity_network_contingency_screen_no_impedance,network_lines_110kv.csv+transformer_master.csv+real_plan_actions.csv+real_plan_dispatch_playback.csv.gz,电网建模数据_Agent整合版_V1.2,"internal current-capacity, topology-cut and transformer remaining-capacity contingency screen",real_2025_internal_capacity_network_screen,internal_transformer_capacity_screen,78b6a476a4210567b65bb0c79647bfd8aee8d99aed60795a84c4cd864db56825
QX-00005,110,A,BDZ-00022,forward,81.5,0,50,31.5,30.76,29.925,102.7903091,True,screened,capacity_network_contingency_screen_no_impedance,network_lines_110kv.csv+transformer_master.csv+real_plan_actions.csv+real_plan_dispatch_playback.csv.gz,电网建模数据_Agent整合版_V1.2,"internal current-capacity, topology-cut and transformer remaining-capacity contingency screen",real_2025_internal_capacity_network_screen,internal_transformer_capacity_screen,78b6a476a4210567b65bb0c79647bfd8aee8d99aed60795a84c4cd864db56825
QX-00005,110,A,BDZ-00022,reverse,81.5,0,50,31.5,29.925,29.925,100,True,screened,capacity_network_contingency_screen_no_impedance,network_lines_110kv.csv+transformer_master.csv+real_plan_actions.csv+real_plan_dispatch_playback.csv.gz,电网建模数据_Agent整合版_V1.2,"internal current-capacity, topology-cut and transformer remaining-capacity contingency screen",real_2025_internal_capacity_network_screen,internal_transformer_capacity_screen,78b6a476a4210567b65bb0c79647bfd8aee8d99aed60795a84c4cd864db56825
QX-00005,110,A,BDZ-00026,forward,113,0,63,50,92.67,47.5,195.0947368,True,screened,capacity_network_contingency_screen_no_impedance,network_lines_110kv.csv+transformer_master.csv+real_plan_actions.csv+real_plan_dispatch_playback.csv.gz,电网建模数据_Agent整合版_V1.2,"internal current-capacity, topology-cut and transformer remaining-capacity contingency screen",real_2025_internal_capacity_network_screen,internal_transformer_capacity_screen,78b6a476a4210567b65bb0c79647bfd8aee8d99aed60795a84c4cd864db56825
QX-00005,110,A,BDZ-00026,reverse,113,0,63,50,19.31,47.5,40.65263158,False,screened,capacity_network_contingency_screen_no_impedance,network_lines_110kv.csv+transformer_master.csv+real_plan_actions.csv+real_plan_dispatch_playback.csv.gz,电网建模数据_Agent整合版_V1.2,"internal current-capacity, topology-cut and transformer remaining-capacity contingency screen",real_2025_internal_capacity_network_screen,internal_transformer_capacity_screen,78b6a476a4210567b65bb0c79647bfd8aee8d99aed60795a84c4cd864db56825
QX-00005,110,A,BDZ-00027,forward,100,0,50,50,59.21,47.5,124.6526316,True,screened,capacity_network_contingency_screen_no_impedance,network_lines_110kv.csv+transformer_master.csv+real_plan_actions.csv+real_plan_dispatch_playback.csv.gz,电网建模数据_Agent整合版_V1.2,"internal current-capacity, topology-cut and transformer remaining-capacity contingency screen",real_2025_internal_capacity_network_screen,internal_transformer_capacity_screen,78b6a476a4210567b65bb0c79647bfd8aee8d99aed60795a84c4cd864db56825
QX-00005,110,A,BDZ-00027,reverse,100,0,50,50,37.27,47.5,78.46315789,False,screened,capacity_network_contingency_screen_no_impedance,network_lines_110kv.csv+transformer_master.csv+real_plan_actions.csv+real_plan_dispatch_playback.csv.gz,电网建模数据_Agent整合版_V1.2,"internal current-capacity, topology-cut and transformer remaining-capacity contingency screen",real_2025_internal_capacity_network_screen,internal_transformer_capacity_screen,78b6a476a4210567b65bb0c79647bfd8aee8d99aed60795a84c4cd864db56825
QX-00005,110,A,BDZ-00028,forward,163,0,100,63,103.04,59.85,172.1637427,True,screened,capacity_network_contingency_screen_no_impedance,network_lines_110kv.csv+transformer_master.csv+real_plan_actions.csv+real_plan_dispatch_playback.csv.gz,电网建模数据_Agent整合版_V1.2,"internal current-capacity, topology-cut and transformer remaining-capacity contingency screen",real_2025_internal_capacity_network_screen,internal_transformer_capacity_screen,78b6a476a4210567b65bb0c79647bfd8aee8d99aed60795a84c4cd864db56825
QX-00005,110,A,BDZ-00028,reverse,163,0,100,63,-0,59.85,-0,False,screened,capacity_network_contingency_screen_no_impedance,network_lines_110kv.csv+transformer_master.csv+real_plan_actions.csv+real_plan_dispatch_playback.csv.gz,电网建模数据_Agent整合版_V1.2,"internal current-capacity, topology-cut and transformer remaining-capacity contingency screen",real_2025_internal_capacity_network_screen,internal_transformer_capacity_screen,78b6a476a4210567b65bb0c79647bfd8aee8d99aed60795a84c4cd864db56825
QX-00005,110,A,BDZ-00031,forward,113,0,63,50,40.58,47.5,85.43157895,False,screened,capacity_network_contingency_screen_no_impedance,network_lines_110kv.csv+transformer_master.csv+real_plan_actions.csv+real_plan_dispatch_playback.csv.gz,电网建模数据_Agent整合版_V1.2,"internal current-capacity, topology-cut and transformer remaining-capacity contingency screen",real_2025_internal_capacity_network_screen,internal_transformer_capacity_screen,78b6a476a4210567b65bb0c79647bfd8aee8d99aed60795a84c4cd864db56825
QX-00005,110,A,BDZ-00031,reverse,113,0,63,50,30.62,47.5,64.46315789,False,screened,capacity_network_contingency_screen_no_impedance,network_lines_110kv.csv+transformer_master.csv+real_plan_actions.csv+real_plan_dispatch_playback.csv.gz,电网建模数据_Agent整合版_V1.2,"internal current-capacity, topology-cut and transformer remaining-capacity contingency screen",real_2025_internal_capacity_network_screen,internal_transformer_capacity_screen,78b6a476a4210567b65bb0c79647bfd8aee8d99aed60795a84c4cd864db56825
QX-00005,110,A,BDZ-00037,forward,100,0,50,50,28,47.5,58.94736842,False,screened,capacity_network_contingency_screen_no_impedance,network_lines_110kv.csv+transformer_master.csv+real_plan_actions.csv+real_plan_dispatch_playback.csv.gz,电网建模数据_Agent整合版_V1.2,"internal current-capacity, topology-cut and transformer remaining-capacity contingency screen",real_2025_internal_capacity_network_screen,internal_transformer_capacity_screen,78b6a476a4210567b65bb0c79647bfd8aee8d99aed60795a84c4cd864db56825
QX-00005,110,A,BDZ-00037,reverse,100,0,50,50,27.6,47.5,58.10526316,False,screened,capacity_network_contingency_screen_no_impedance,network_lines_110kv.csv+transformer_master.csv+real_plan_actions.csv+real_plan_dispatch_playback.csv.gz,电网建模数据_Agent整合版_V1.2,"internal current-capacity, topology-cut and transformer remaining-capacity contingency screen",real_2025_internal_capacity_network_screen,internal_transformer_capacity_screen,78b6a476a4210567b65bb0c79647bfd8aee8d99aed60795a84c4cd864db56825
QX-00005,110,A,BDZ-00048,forward,150,0,100,50,73.74,47.5,155.2421053,True,screened,capacity_network_contingency_screen_no_impedance,network_lines_110kv.csv+transformer_master.csv+real_plan_actions.csv+real_plan_dispatch_playback.csv.gz,电网建模数据_Agent整合版_V1.2,"internal current-capacity, topology-cut and transformer remaining-capacity contingency screen",real_2025_internal_capacity_network_screen,internal_transformer_capacity_screen,78b6a476a4210567b65bb0c79647bfd8aee8d99aed60795a84c4cd864db56825
QX-00005,110,A,BDZ-00048,reverse,150,0,100,50,5.22,47.5,10.98947368,False,screened,capacity_network_contingency_screen_no_impedance,network_lines_110kv.csv+transformer_master.csv+real_plan_actions.csv+real_plan_dispatch_playback.csv.gz,电网建模数据_Agent整合版_V1.2,"internal current-capacity, topology-cut and transformer remaining-capacity contingency screen",real_2025_internal_capacity_network_screen,internal_transformer_capacity_screen,78b6a476a4210567b65bb0c79647bfd8aee8d99aed60795a84c4cd864db56825
QX-00005,110,A,BDZ-00095,forward,100,0,50,50,22.87,47.5,48.14736842,False,screened,capacity_network_contingency_screen_no_impedance,network_lines_110kv.csv+transformer_master.csv+real_plan_actions.csv+real_plan_dispatch_playback.csv.gz,电网建模数据_Agent整合版_V1.2,"internal current-capacity, topology-cut and transformer remaining-capacity contingency screen",real_2025_internal_capacity_network_screen,internal_transformer_capacity_screen,78b6a476a4210567b65bb0c79647bfd8aee8d99aed60795a84c4cd864db56825
QX-00005,110,A,BDZ-00095,reverse,100,0,50,50,31.72,47.5,66.77894737,False,screened,capacity_network_contingency_screen_no_impedance,network_lines_110kv.csv+transformer_master.csv+real_plan_actions.csv+real_plan_dispatch_playback.csv.gz,电网建模数据_Agent整合版_V1.2,"internal current-capacity, topology-cut and transformer remaining-capacity contingency screen",real_2025_internal_capacity_network_screen,internal_transformer_capacity_screen,78b6a476a4210567b65bb0c79647bfd8aee8d99aed60795a84c4cd864db56825
QX-00005,110,A,BDZ-00096,forward,160,0,80,80,69.44,76,91.36842105,False,screened,capacity_network_contingency_screen_no_impedance,network_lines_110kv.csv+transformer_master.csv+real_plan_actions.csv+real_plan_dispatch_playback.csv.gz,电网建模数据_Agent整合版_V1.2,"internal current-capacity, topology-cut and transformer remaining-capacity contingency screen",real_2025_internal_capacity_network_screen,internal_transformer_capacity_screen,78b6a476a4210567b65bb0c79647bfd8aee8d99aed60795a84c4cd864db56825
QX-00005,110,A,BDZ-00096,reverse,160,0,80,80,-0,76,-0,False,screened,capacity_network_contingency_screen_no_impedance,network_lines_110kv.csv+transformer_master.csv+real_plan_actions.csv+real_plan_dispatch_playback.csv.gz,电网建模数据_Agent整合版_V1.2,"internal current-capacity, topology-cut and transformer remaining-capacity contingency screen",real_2025_internal_capacity_network_screen,internal_transformer_capacity_screen,78b6a476a4210567b65bb0c79647bfd8aee8d99aed60795a84c4cd864db56825
QX-00005,110,A,BDZ-00124,forward,113,0,63,50,61.93,47.5,130.3789474,True,screened,capacity_network_contingency_screen_no_impedance,network_lines_110kv.csv+transformer_master.csv+real_plan_actions.csv+real_plan_dispatch_playback.csv.gz,电网建模数据_Agent整合版_V1.2,"internal current-capacity, topology-cut and transformer remaining-capacity contingency screen",real_2025_internal_capacity_network_screen,internal_transformer_capacity_screen,78b6a476a4210567b65bb0c79647bfd8aee8d99aed60795a84c4cd864db56825
QX-00005,110,A,BDZ-00124,reverse,113,0,63,50,30.96,47.5,65.17894737,False,screened,capacity_network_contingency_screen_no_impedance,network_lines_110kv.csv+transformer_master.csv+real_plan_actions.csv+real_plan_dispatch_playback.csv.gz,电网建模数据_Agent整合版_V1.2,"internal current-capacity, topology-cut and transformer remaining-capacity contingency screen",real_2025_internal_capacity_network_screen,internal_transformer_capacity_screen,78b6a476a4210567b65bb0c79647bfd8aee8d99aed60795a84c4cd864db56825
QX-00005,110,A,BDZ-00135,forward,113,0,63,50,84.4,47.5,177.6842105,True,screened,capacity_network_contingency_screen_no_impedance,network_lines_110kv.csv+transformer_master.csv+real_plan_actions.csv+real_plan_dispatch_playback.csv.gz,电网建模数据_Agent整合版_V1.2,"internal current-capacity, topology-cut and transformer remaining-capacity contingency screen",real_2025_internal_capacity_network_screen,internal_transformer_capacity_screen,78b6a476a4210567b65bb0c79647bfd8aee8d99aed60795a84c4cd864db56825
QX-00005,110,A,BDZ-00135,reverse,113,0,63,50,47.5,47.5,100,False,screened,capacity_network_contingency_screen_no_impedance,network_lines_110kv.csv+transformer_master.csv+real_plan_actions.csv+real_plan_dispatch_playback.csv.gz,电网建模数据_Agent整合版_V1.2,"internal current-capacity, topology-cut and transformer remaining-capacity contingency screen",real_2025_internal_capacity_network_screen,internal_transformer_capacity_screen,78b6a476a4210567b65bb0c79647bfd8aee8d99aed60795a84c4cd864db56825
QX-00005,110,A,BDZ-00141,forward,100,0,50,50,40.34,47.5,84.92631579,False,screened,capacity_network_contingency_screen_no_impedance,network_lines_110kv.csv+transformer_master.csv+real_plan_actions.csv+real_plan_dispatch_playback.csv.gz,电网建模数据_Agent整合版_V1.2,"internal current-capacity, topology-cut and transformer remaining-capacity contingency screen",real_2025_internal_capacity_network_screen,internal_transformer_capacity_screen,78b6a476a4210567b65bb0c79647bfd8aee8d99aed60795a84c4cd864db56825
QX-00005,110,A,BDZ-00141,reverse,100,0,50,50,37.96,47.5,79.91578947,False,screened,capacity_network_contingency_screen_no_impedance,network_lines_110kv.csv+transformer_master.csv+real_plan_actions.csv+real_plan_dispatch_playback.csv.gz,电网建模数据_Agent整合版_V1.2,"internal current-capacity, topology-cut and transformer remaining-capacity contingency screen",real_2025_internal_capacity_network_screen,internal_transformer_capacity_screen,78b6a476a4210567b65bb0c79647bfd8aee8d99aed60795a84c4cd864db56825
QX-00005,110,A,BDZ-00146,forward,80,0,40,40,25.9,38,68.15789474,False,screened,capacity_network_contingency_screen_no_impedance,network_lines_110kv.csv+transformer_master.csv+real_plan_actions.csv+real_plan_dispatch_playback.csv.gz,电网建模数据_Agent整合版_V1.2,"internal current-capacity, topology-cut and transformer remaining-capacity contingency screen",real_2025_internal_capacity_network_screen,internal_transformer_capacity_screen,78b6a476a4210567b65bb0c79647bfd8aee8d99aed60795a84c4cd864db56825
QX-00005,110,A,BDZ-00146,reverse,80,0,40,40,29.1,38,76.57894737,False,screened,capacity_network_contingency_screen_no_impedance,network_lines_110kv.csv+transformer_master.csv+real_plan_actions.csv+real_plan_dispatch_playback.csv.gz,电网建模数据_Agent整合版_V1.2,"internal current-capacity, topology-cut and transformer remaining-capacity contingency screen",real_2025_internal_capacity_network_screen,internal_transformer_capacity_screen,78b6a476a4210567b65bb0c79647bfd8aee8d99aed60795a84c4cd864db56825
QX-00005,110,A,BDZ-00147,forward,100,0,50,50,51.19,47.5,107.7684211,True,screened,capacity_network_contingency_screen_no_impedance,network_lines_110kv.csv+transformer_master.csv+real_plan_actions.csv+real_plan_dispatch_playback.csv.gz,电网建模数据_Agent整合版_V1.2,"internal current-capacity, topology-cut and transformer remaining-capacity contingency screen",real_2025_internal_capacity_network_screen,internal_transformer_capacity_screen,78b6a476a4210567b65bb0c79647bfd8aee8d99aed60795a84c4cd864db56825
QX-00005,110,A,BDZ-00147,reverse,100,0,50,50,-0,47.5,-0,False,screened,capacity_network_contingency_screen_no_impedance,network_lines_110kv.csv+transformer_master.csv+real_plan_actions.csv+real_plan_dispatch_playback.csv.gz,电网建模数据_Agent整合版_V1.2,"internal current-capacity, topology-cut and transformer remaining-capacity contingency screen",real_2025_internal_capacity_network_screen,internal_transformer_capacity_screen,78b6a476a4210567b65bb0c79647bfd8aee8d99aed60795a84c4cd864db56825
QX-00005,110,A,BDZ-00162,forward,40,0,20,20,19.4,19,102.1052632,True,screened,capacity_network_contingency_screen_no_impedance,network_lines_110kv.csv+transformer_master.csv+real_plan_actions.csv+real_plan_dispatch_playback.csv.gz,电网建模数据_Agent整合版_V1.2,"internal current-capacity, topology-cut and transformer remaining-capacity contingency screen",real_2025_internal_capacity_network_screen,internal_transformer_capacity_screen,78b6a476a4210567b65bb0c79647bfd8aee8d99aed60795a84c4cd864db56825
QX-00005,110,A,BDZ-00162,reverse,40,0,20,20,19,19,100,False,screened,capacity_network_contingency_screen_no_impedance,network_lines_110kv.csv+transformer_master.csv+real_plan_actions.csv+real_plan_dispatch_playback.csv.gz,电网建模数据_Agent整合版_V1.2,"internal current-capacity, topology-cut and transformer remaining-capacity contingency screen",real_2025_internal_capacity_network_screen,internal_transformer_capacity_screen,78b6a476a4210567b65bb0c79647bfd8aee8d99aed60795a84c4cd864db56825
QX-00005,110,A,BDZ-00164,forward,63,0,31.5,31.5,39.34,29.925,131.4619883,True,screened,capacity_network_contingency_screen_no_impedance,network_lines_110kv.csv+transformer_master.csv+real_plan_actions.csv+real_plan_dispatch_playback.csv.gz,电网建模数据_Agent整合版_V1.2,"internal current-capacity, topology-cut and transformer remaining-capacity contingency screen",real_2025_internal_capacity_network_screen,internal_transformer_capacity_screen,78b6a476a4210567b65bb0c79647bfd8aee8d99aed60795a84c4cd864db56825
QX-00005,110,A,BDZ-00164,reverse,63,0,31.5,31.5,29.925,29.925,100,True,screened,capacity_network_contingency_screen_no_impedance,network_lines_110kv.csv+transformer_master.csv+real_plan_actions.csv+real_plan_dispatch_playback.csv.gz,电网建模数据_Agent整合版_V1.2,"internal current-capacity, topology-cut and transformer remaining-capacity contingency screen",real_2025_internal_capacity_network_screen,internal_transformer_capacity_screen,78b6a476a4210567b65bb0c79647bfd8aee8d99aed60795a84c4cd864db56825
QX-00005,110,A,BDZ-00172,forward,100,0,50,50,34.83,47.5,73.32631579,False,screened,capacity_network_contingency_screen_no_impedance,network_lines_110kv.csv+transformer_master.csv+real_plan_actions.csv+real_plan_dispatch_playback.csv.gz,电网建模数据_Agent整合版_V1.2,"internal current-capacity, topology-cut and transformer remaining-capacity contingency screen",real_2025_internal_capacity_network_screen,internal_transformer_capacity_screen,78b6a476a4210567b65bb0c79647bfd8aee8d99aed60795a84c4cd864db56825
QX-00005,110,A,BDZ-00172,reverse,100,0,50,50,23.24,47.5,48.92631579,False,screened,capacity_network_contingency_screen_no_impedance,network_lines_110kv.csv+transformer_master.csv+real_plan_actions.csv+real_plan_dispatch_playback.csv.gz,电网建模数据_Agent整合版_V1.2,"internal current-capacity, topology-cut and transformer remaining-capacity contingency screen",real_2025_internal_capacity_network_screen,internal_transformer_capacity_screen,78b6a476a4210567b65bb0c79647bfd8aee8d99aed60795a84c4cd864db56825
QX-00005,110,B,BDZ-00005,forward,100,0,50,50,37.24,47.5,78.4,False,screened,capacity_network_contingency_screen_no_impedance,network_lines_110kv.csv+transformer_master.csv+real_plan_actions.csv+real_plan_dispatch_playback.csv.gz,电网建模数据_Agent整合版_V1.2,"internal current-capacity, topology-cut and transformer remaining-capacity contingency screen",real_2025_internal_capacity_network_screen,internal_transformer_capacity_screen,78b6a476a4210567b65bb0c79647bfd8aee8d99aed60795a84c4cd864db56825
QX-00005,110,B,BDZ-00005,reverse,100,0,50,50,19.36,47.5,40.75789474,False,screened,capacity_network_contingency_screen_no_impedance,network_lines_110kv.csv+transformer_master.csv+real_plan_actions.csv+real_plan_dispatch_playback.csv.gz,电网建模数据_Agent整合版_V1.2,"internal current-capacity, topology-cut and transformer remaining-capacity contingency screen",real_2025_internal_capacity_network_screen,internal_transformer_capacity_screen,78b6a476a4210567b65bb0c79647bfd8aee8d99aed60795a84c4cd864db56825
QX-00005,110,B,BDZ-00016,forward,150,0,100,50,70.26,47.5,147.9157895,True,screened,capacity_network_contingency_screen_no_impedance,network_lines_110kv.csv+transformer_master.csv+real_plan_actions.csv+real_plan_dispatch_playback.csv.gz,电网建模数据_Agent整合版_V1.2,"internal current-capacity, topology-cut and transformer remaining-capacity contingency screen",real_2025_internal_capacity_network_screen,internal_transformer_capacity_screen,78b6a476a4210567b65bb0c79647bfd8aee8d99aed60795a84c4cd864db56825
QX-00005,110,B,BDZ-00016,reverse,150,0,100,50,33.5,47.5,70.52631579,False,screened,capacity_network_contingency_screen_no_impedance,network_lines_110kv.csv+transformer_master.csv+real_plan_actions.csv+real_plan_dispatch_playback.csv.gz,电网建模数据_Agent整合版_V1.2,"internal current-capacity, topology-cut and transformer remaining-capacity contingency screen",real_2025_internal_capacity_network_screen,internal_transformer_capacity_screen,78b6a476a4210567b65bb0c79647bfd8aee8d99aed60795a84c4cd864db56825
QX-00005,110,B,BDZ-00021,forward,100,0,50,50,31.28,47.5,65.85263158,False,screened,capacity_network_contingency_screen_no_impedance,network_lines_110kv.csv+transformer_master.csv+real_plan_actions.csv+real_plan_dispatch_playback.csv.gz,电网建模数据_Agent整合版_V1.2,"internal current-capacity, topology-cut and transformer remaining-capacity contingency screen",real_2025_internal_capacity_network_screen,internal_transformer_capacity_screen,78b6a476a4210567b65bb0c79647bfd8aee8d99aed60795a84c4cd864db56825
QX-00005,110,B,BDZ-00021,reverse,100,0,50,50,24.82,47.5,52.25263158,False,screened,capacity_network_contingency_screen_no_impedance,network_lines_110kv.csv+transformer_master.csv+real_plan_actions.csv+real_plan_dispatch_playback.csv.gz,电网建模数据_Agent整合版_V1.2,"internal current-capacity, topology-cut and transformer remaining-capacity contingency screen",real_2025_internal_capacity_network_screen,internal_transformer_capacity_screen,78b6a476a4210567b65bb0c79647bfd8aee8d99aed60795a84c4cd864db56825
QX-00005,110,B,BDZ-00022,forward,81.5,0,50,31.5,30.76,29.925,102.7903091,True,screened,capacity_network_contingency_screen_no_impedance,network_lines_110kv.csv+transformer_master.csv+real_plan_actions.csv+real_plan_dispatch_playback.csv.gz,电网建模数据_Agent整合版_V1.2,"internal current-capacity, topology-cut and transformer remaining-capacity contingency screen",real_2025_internal_capacity_network_screen,internal_transformer_capacity_screen,78b6a476a4210567b65bb0c79647bfd8aee8d99aed60795a84c4cd864db56825
QX-00005,110,B,BDZ-00022,reverse,81.5,0,50,31.5,29.925,29.925,100,True,screened,capacity_network_contingency_screen_no_impedance,network_lines_110kv.csv+transformer_master.csv+real_plan_actions.csv+real_plan_dispatch_playback.csv.gz,电网建模数据_Agent整合版_V1.2,"internal current-capacity, topology-cut and transformer remaining-capacity contingency screen",real_2025_internal_capacity_network_screen,internal_transformer_capacity_screen,78b6a476a4210567b65bb0c79647bfd8aee8d99aed60795a84c4cd864db56825
QX-00005,110,B,BDZ-00026,forward,113,0,63,50,92.67,47.5,195.0947368,True,screened,capacity_network_contingency_screen_no_impedance,network_lines_110kv.csv+transformer_master.csv+real_plan_actions.csv+real_plan_dispatch_playback.csv.gz,电网建模数据_Agent整合版_V1.2,"internal current-capacity, topology-cut and transformer remaining-capacity contingency screen",real_2025_internal_capacity_network_screen,internal_transformer_capacity_screen,78b6a476a4210567b65bb0c79647bfd8aee8d99aed60795a84c4cd864db56825
QX-00005,110,B,BDZ-00026,reverse,113,0,63,50,19.31,47.5,40.65263158,False,screened,capacity_network_contingency_screen_no_impedance,network_lines_110kv.csv+transformer_master.csv+real_plan_actions.csv+real_plan_dispatch_playback.csv.gz,电网建模数据_Agent整合版_V1.2,"internal current-capacity, topology-cut and transformer remaining-capacity contingency screen",real_2025_internal_capacity_network_screen,internal_transformer_capacity_screen,78b6a476a4210567b65bb0c79647bfd8aee8d99aed60795a84c4cd864db56825
QX-00005,110,B,BDZ-00027,forward,100,0,50,50,59.21,47.5,124.6526316,True,screened,capacity_network_contingency_screen_no_impedance,network_lines_110kv.csv+transformer_master.csv+real_plan_actions.csv+real_plan_dispatch_playback.csv.gz,电网建模数据_Agent整合版_V1.2,"internal current-capacity, topology-cut and transformer remaining-capacity contingency screen",real_2025_internal_capacity_network_screen,internal_transformer_capacity_screen,78b6a476a4210567b65bb0c79647bfd8aee8d99aed60795a84c4cd864db56825
QX-00005,110,B,BDZ-00027,reverse,100,0,50,50,37.27,47.5,78.46315789,False,screened,capacity_network_contingency_screen_no_impedance,network_lines_110kv.csv+transformer_master.csv+real_plan_actions.csv+real_plan_dispatch_playback.csv.gz,电网建模数据_Agent整合版_V1.2,"internal current-capacity, topology-cut and transformer remaining-capacity contingency screen",real_2025_internal_capacity_network_screen,internal_transformer_capacity_screen,78b6a476a4210567b65bb0c79647bfd8aee8d99aed60795a84c4cd864db56825
QX-00005,110,B,BDZ-00028,forward,163,0,100,63,103.04,59.85,172.1637427,True,screened,capacity_network_contingency_screen_no_impedance,network_lines_110kv.csv+transformer_master.csv+real_plan_actions.csv+real_plan_dispatch_playback.csv.gz,电网建模数据_Agent整合版_V1.2,"internal current-capacity, topology-cut and transformer remaining-capacity contingency screen",real_2025_internal_capacity_network_screen,internal_transformer_capacity_screen,78b6a476a4210567b65bb0c79647bfd8aee8d99aed60795a84c4cd864db56825
QX-00005,110,B,BDZ-00028,reverse,163,0,100,63,-0,59.85,-0,False,screened,capacity_network_contingency_screen_no_impedance,network_lines_110kv.csv+transformer_master.csv+real_plan_actions.csv+real_plan_dispatch_playback.csv.gz,电网建模数据_Agent整合版_V1.2,"internal current-capacity, topology-cut and transformer remaining-capacity contingency screen",real_2025_internal_capacity_network_screen,internal_transformer_capacity_screen,78b6a476a4210567b65bb0c79647bfd8aee8d99aed60795a84c4cd864db56825
QX-00005,110,B,BDZ-00031,forward,113,0,63,50,40.58,47.5,85.43157895,False,screened,capacity_network_contingency_screen_no_impedance,network_lines_110kv.csv+transformer_master.csv+real_plan_actions.csv+real_plan_dispatch_playback.csv.gz,电网建模数据_Agent整合版_V1.2,"internal current-capacity, topology-cut and transformer remaining-capacity contingency screen",real_2025_internal_capacity_network_screen,internal_transformer_capacity_screen,78b6a476a4210567b65bb0c79647bfd8aee8d99aed60795a84c4cd864db56825
QX-00005,110,B,BDZ-00031,reverse,113,0,63,50,30.62,47.5,64.46315789,False,screened,capacity_network_contingency_screen_no_impedance,network_lines_110kv.csv+transformer_master.csv+real_plan_actions.csv+real_plan_dispatch_playback.csv.gz,电网建模数据_Agent整合版_V1.2,"internal current-capacity, topology-cut and transformer remaining-capacity contingency screen",real_2025_internal_capacity_network_screen,internal_transformer_capacity_screen,78b6a476a4210567b65bb0c79647bfd8aee8d99aed60795a84c4cd864db56825
QX-00005,110,B,BDZ-00037,forward,100,0,50,50,28,47.5,58.94736842,False,screened,capacity_network_contingency_screen_no_impedance,network_lines_110kv.csv+transformer_master.csv+real_plan_actions.csv+real_plan_dispatch_playback.csv.gz,电网建模数据_Agent整合版_V1.2,"internal current-capacity, topology-cut and transformer remaining-capacity contingency screen",real_2025_internal_capacity_network_screen,internal_transformer_capacity_screen,78b6a476a4210567b65bb0c79647bfd8aee8d99aed60795a84c4cd864db56825
QX-00005,110,B,BDZ-00037,reverse,100,0,50,50,27.6,47.5,58.10526316,False,screened,capacity_network_contingency_screen_no_impedance,network_lines_110kv.csv+transformer_master.csv+real_plan_actions.csv+real_plan_dispatch_playback.csv.gz,电网建模数据_Agent整合版_V1.2,"internal current-capacity, topology-cut and transformer remaining-capacity contingency screen",real_2025_internal_capacity_network_screen,internal_transformer_capacity_screen,78b6a476a4210567b65bb0c79647bfd8aee8d99aed60795a84c4cd864db56825
QX-00005,110,B,BDZ-00048,forward,150,0,100,50,73.74,47.5,155.2421053,True,screened,capacity_network_contingency_screen_no_impedance,network_lines_110kv.csv+transformer_master.csv+real_plan_actions.csv+real_plan_dispatch_playback.csv.gz,电网建模数据_Agent整合版_V1.2,"internal current-capacity, topology-cut and transformer remaining-capacity contingency screen",real_2025_internal_capacity_network_screen,internal_transformer_capacity_screen,78b6a476a4210567b65bb0c79647bfd8aee8d99aed60795a84c4cd864db56825
QX-00005,110,B,BDZ-00048,reverse,150,0,100,50,5.22,47.5,10.98947368,False,screened,capacity_network_contingency_screen_no_impedance,network_lines_110kv.csv+transformer_master.csv+real_plan_actions.csv+real_plan_dispatch_playback.csv.gz,电网建模数据_Agent整合版_V1.2,"internal current-capacity, topology-cut and transformer remaining-capacity contingency screen",real_2025_internal_capacity_network_screen,internal_transformer_capacity_screen,78b6a476a4210567b65bb0c79647bfd8aee8d99aed60795a84c4cd864db56825
QX-00005,110,B,BDZ-00095,forward,100,0,50,50,22.87,47.5,48.14736842,False,screened,capacity_network_contingency_screen_no_impedance,network_lines_110kv.csv+transformer_master.csv+real_plan_actions.csv+real_plan_dispatch_playback.csv.gz,电网建模数据_Agent整合版_V1.2,"internal current-capacity, topology-cut and transformer remaining-capacity contingency screen",real_2025_internal_capacity_network_screen,internal_transformer_capacity_screen,78b6a476a4210567b65bb0c79647bfd8aee8d99aed60795a84c4cd864db56825
QX-00005,110,B,BDZ-00095,reverse,100,0,50,50,31.72,47.5,66.77894737,False,screened,capacity_network_contingency_screen_no_impedance,network_lines_110kv.csv+transformer_master.csv+real_plan_actions.csv+real_plan_dispatch_playback.csv.gz,电网建模数据_Agent整合版_V1.2,"internal current-capacity, topology-cut and transformer remaining-capacity contingency screen",real_2025_internal_capacity_network_screen,internal_transformer_capacity_screen,78b6a476a4210567b65bb0c79647bfd8aee8d99aed60795a84c4cd864db56825
QX-00005,110,B,BDZ-00096,forward,160,0,80,80,69.44,76,91.36842105,False,screened,capacity_network_contingency_screen_no_impedance,network_lines_110kv.csv+transformer_master.csv+real_plan_actions.csv+real_plan_dispatch_playback.csv.gz,电网建模数据_Agent整合版_V1.2,"internal current-capacity, topology-cut and transformer remaining-capacity contingency screen",real_2025_internal_capacity_network_screen,internal_transformer_capacity_screen,78b6a476a4210567b65bb0c79647bfd8aee8d99aed60795a84c4cd864db56825
QX-00005,110,B,BDZ-00096,reverse,160,0,80,80,-0,76,-0,False,screened,capacity_network_contingency_screen_no_impedance,network_lines_110kv.csv+transformer_master.csv+real_plan_actions.csv+real_plan_dispatch_playback.csv.gz,电网建模数据_Agent整合版_V1.2,"internal current-capacity, topology-cut and transformer remaining-capacity contingency screen",real_2025_internal_capacity_network_screen,internal_transformer_capacity_screen,78b6a476a4210567b65bb0c79647bfd8aee8d99aed60795a84c4cd864db56825
QX-00005,110,B,BDZ-00124,forward,113,0,63,50,61.93,47.5,130.3789474,True,screened,capacity_network_contingency_screen_no_impedance,network_lines_110kv.csv+transformer_master.csv+real_plan_actions.csv+real_plan_dispatch_playback.csv.gz,电网建模数据_Agent整合版_V1.2,"internal current-capacity, topology-cut and transformer remaining-capacity contingency screen",real_2025_internal_capacity_network_screen,internal_transformer_capacity_screen,78b6a476a4210567b65bb0c79647bfd8aee8d99aed60795a84c4cd864db56825
QX-00005,110,B,BDZ-00124,reverse,113,0,63,50,30.96,47.5,65.17894737,False,screened,capacity_network_contingency_screen_no_impedance,network_lines_110kv.csv+transformer_master.csv+real_plan_actions.csv+real_plan_dispatch_playback.csv.gz,电网建模数据_Agent整合版_V1.2,"internal current-capacity, topology-cut and transformer remaining-capacity contingency screen",real_2025_internal_capacity_network_screen,internal_transformer_capacity_screen,78b6a476a4210567b65bb0c79647bfd8aee8d99aed60795a84c4cd864db56825
QX-00005,110,B,BDZ-00135,forward,113,0,63,50,84.4,47.5,177.6842105,True,screened,capacity_network_contingency_screen_no_impedance,network_lines_110kv.csv+transformer_master.csv+real_plan_actions.csv+real_plan_dispatch_playback.csv.gz,电网建模数据_Agent整合版_V1.2,"internal current-capacity, topology-cut and transformer remaining-capacity contingency screen",real_2025_internal_capacity_network_screen,internal_transformer_capacity_screen,78b6a476a4210567b65bb0c79647bfd8aee8d99aed60795a84c4cd864db56825
QX-00005,110,B,BDZ-00135,reverse,113,0,63,50,47.5,47.5,100,False,screened,capacity_network_contingency_screen_no_impedance,network_lines_110kv.csv+transformer_master.csv+real_plan_actions.csv+real_plan_dispatch_playback.csv.gz,电网建模数据_Agent整合版_V1.2,"internal current-capacity, topology-cut and transformer remaining-capacity contingency screen",real_2025_internal_capacity_network_screen,internal_transformer_capacity_screen,78b6a476a4210567b65bb0c79647bfd8aee8d99aed60795a84c4cd864db56825
QX-00005,110,B,BDZ-00141,forward,100,0,50,50,40.34,47.5,84.92631579,False,screened,capacity_network_contingency_screen_no_impedance,network_lines_110kv.csv+transformer_master.csv+real_plan_actions.csv+real_plan_dispatch_playback.csv.gz,电网建模数据_Agent整合版_V1.2,"internal current-capacity, topology-cut and transformer remaining-capacity contingency screen",real_2025_internal_capacity_network_screen,internal_transformer_capacity_screen,78b6a476a4210567b65bb0c79647bfd8aee8d99aed60795a84c4cd864db56825
QX-00005,110,B,BDZ-00141,reverse,100,0,50,50,37.96,47.5,79.91578947,False,screened,capacity_network_contingency_screen_no_impedance,network_lines_110kv.csv+transformer_master.csv+real_plan_actions.csv+real_plan_dispatch_playback.csv.gz,电网建模数据_Agent整合版_V1.2,"internal current-capacity, topology-cut and transformer remaining-capacity contingency screen",real_2025_internal_capacity_network_screen,internal_transformer_capacity_screen,78b6a476a4210567b65bb0c79647bfd8aee8d99aed60795a84c4cd864db56825
QX-00005,110,B,BDZ-00146,forward,80,0,40,40,25.9,38,68.15789474,False,screened,capacity_network_contingency_screen_no_impedance,network_lines_110kv.csv+transformer_master.csv+real_plan_actions.csv+real_plan_dispatch_playback.csv.gz,电网建模数据_Agent整合版_V1.2,"internal current-capacity, topology-cut and transformer remaining-capacity contingency screen",real_2025_internal_capacity_network_screen,internal_transformer_capacity_screen,78b6a476a4210567b65bb0c79647bfd8aee8d99aed60795a84c4cd864db56825
QX-00005,110,B,BDZ-00146,reverse,80,0,40,40,29.1,38,76.57894737,False,screened,capacity_network_contingency_screen_no_impedance,network_lines_110kv.csv+transformer_master.csv+real_plan_actions.csv+real_plan_dispatch_playback.csv.gz,电网建模数据_Agent整合版_V1.2,"internal current-capacity, topology-cut and transformer remaining-capacity contingency screen",real_2025_internal_capacity_network_screen,internal_transformer_capacity_screen,78b6a476a4210567b65bb0c79647bfd8aee8d99aed60795a84c4cd864db56825
QX-00005,110,B,BDZ-00147,forward,100,0,50,50,51.19,47.5,107.7684211,True,screened,capacity_network_contingency_screen_no_impedance,network_lines_110kv.csv+transformer_master.csv+real_plan_actions.csv+real_plan_dispatch_playback.csv.gz,电网建模数据_Agent整合版_V1.2,"internal current-capacity, topology-cut and transformer remaining-capacity contingency screen",real_2025_internal_capacity_network_screen,internal_transformer_capacity_screen,78b6a476a4210567b65bb0c79647bfd8aee8d99aed60795a84c4cd864db56825
QX-00005,110,B,BDZ-00147,reverse,100,0,50,50,-0,47.5,-0,False,screened,capacity_network_contingency_screen_no_impedance,network_lines_110kv.csv+transformer_master.csv+real_plan_actions.csv+real_plan_dispatch_playback.csv.gz,电网建模数据_Agent整合版_V1.2,"internal current-capacity, topology-cut and transformer remaining-capacity contingency screen",real_2025_internal_capacity_network_screen,internal_transformer_capacity_screen,78b6a476a4210567b65bb0c79647bfd8aee8d99aed60795a84c4cd864db56825
QX-00005,110,B,BDZ-00162,forward,40,50,50,40,19.4,38,51.05263158,False,screened,capacity_network_contingency_screen_no_impedance,network_lines_110kv.csv+transformer_master.csv+real_plan_actions.csv+real_plan_dispatch_playback.csv.gz,电网建模数据_Agent整合版_V1.2,"internal current-capacity, topology-cut and transformer remaining-capacity contingency screen",real_2025_internal_capacity_network_screen,internal_transformer_capacity_screen,78b6a476a4210567b65bb0c79647bfd8aee8d99aed60795a84c4cd864db56825
QX-00005,110,B,BDZ-00162,reverse,40,50,50,40,38,38,100,False,screened,capacity_network_contingency_screen_no_impedance,network_lines_110kv.csv+transformer_master.csv+real_plan_actions.csv+real_plan_dispatch_playback.csv.gz,电网建模数据_Agent整合版_V1.2,"internal current-capacity, topology-cut and transformer remaining-capacity contingency screen",real_2025_internal_capacity_network_screen,internal_transformer_capacity_screen,78b6a476a4210567b65bb0c79647bfd8aee8d99aed60795a84c4cd864db56825
QX-00005,110,B,BDZ-00164,forward,63,0,31.5,31.5,39.34,29.925,131.4619883,True,screened,capacity_network_contingency_screen_no_impedance,network_lines_110kv.csv+transformer_master.csv+real_plan_actions.csv+real_plan_dispatch_playback.csv.gz,电网建模数据_Agent整合版_V1.2,"internal current-capacity, topology-cut and transformer remaining-capacity contingency screen",real_2025_internal_capacity_network_screen,internal_transformer_capacity_screen,78b6a476a4210567b65bb0c79647bfd8aee8d99aed60795a84c4cd864db56825
QX-00005,110,B,BDZ-00164,reverse,63,0,31.5,31.5,29.925,29.925,100,True,screened,capacity_network_contingency_screen_no_impedance,network_lines_110kv.csv+transformer_master.csv+real_plan_actions.csv+real_plan_dispatch_playback.csv.gz,电网建模数据_Agent整合版_V1.2,"internal current-capacity, topology-cut and transformer remaining-capacity contingency screen",real_2025_internal_capacity_network_screen,internal_transformer_capacity_screen,78b6a476a4210567b65bb0c79647bfd8aee8d99aed60795a84c4cd864db56825
QX-00005,110,B,BDZ-00172,forward,100,0,50,50,34.83,47.5,73.32631579,False,screened,capacity_network_contingency_screen_no_impedance,network_lines_110kv.csv+transformer_master.csv+real_plan_actions.csv+real_plan_dispatch_playback.csv.gz,电网建模数据_Agent整合版_V1.2,"internal current-capacity, topology-cut and transformer remaining-capacity contingency screen",real_2025_internal_capacity_network_screen,internal_transformer_capacity_screen,78b6a476a4210567b65bb0c79647bfd8aee8d99aed60795a84c4cd864db56825
QX-00005,110,B,BDZ-00172,reverse,100,0,50,50,23.24,47.5,48.92631579,False,screened,capacity_network_contingency_screen_no_impedance,network_lines_110kv.csv+transformer_master.csv+real_plan_actions.csv+real_plan_dispatch_playback.csv.gz,电网建模数据_Agent整合版_V1.2,"internal current-capacity, topology-cut and transformer remaining-capacity contingency screen",real_2025_internal_capacity_network_screen,internal_transformer_capacity_screen,78b6a476a4210567b65bb0c79647bfd8aee8d99aed60795a84c4cd864db56825
QX-00005,110,C0,BDZ-00005,forward,100,0,50,50,37.24,47.5,78.4,False,screened,capacity_network_contingency_screen_no_impedance,network_lines_110kv.csv+transformer_master.csv+real_plan_actions.csv+real_plan_dispatch_playback.csv.gz,电网建模数据_Agent整合版_V1.2,"internal current-capacity, topology-cut and transformer remaining-capacity contingency screen",real_2025_internal_capacity_network_screen,internal_transformer_capacity_screen,78b6a476a4210567b65bb0c79647bfd8aee8d99aed60795a84c4cd864db56825
QX-00005,110,C0,BDZ-00005,reverse,100,0,50,50,19.36,47.5,40.75789474,False,screened,capacity_network_contingency_screen_no_impedance,network_lines_110kv.csv+transformer_master.csv+real_plan_actions.csv+real_plan_dispatch_playback.csv.gz,电网建模数据_Agent整合版_V1.2,"internal current-capacity, topology-cut and transformer remaining-capacity contingency screen",real_2025_internal_capacity_network_screen,internal_transformer_capacity_screen,78b6a476a4210567b65bb0c79647bfd8aee8d99aed60795a84c4cd864db56825
QX-00005,110,C0,BDZ-00016,forward,150,0,100,50,70.26,47.5,147.9157895,True,screened,capacity_network_contingency_screen_no_impedance,network_lines_110kv.csv+transformer_master.csv+real_plan_actions.csv+real_plan_dispatch_playback.csv.gz,电网建模数据_Agent整合版_V1.2,"internal current-capacity, topology-cut and transformer remaining-capacity contingency screen",real_2025_internal_capacity_network_screen,internal_transformer_capacity_screen,78b6a476a4210567b65bb0c79647bfd8aee8d99aed60795a84c4cd864db56825
QX-00005,110,C0,BDZ-00016,reverse,150,0,100,50,33.5,47.5,70.52631579,False,screened,capacity_network_contingency_screen_no_impedance,network_lines_110kv.csv+transformer_master.csv+real_plan_actions.csv+real_plan_dispatch_playback.csv.gz,电网建模数据_Agent整合版_V1.2,"internal current-capacity, topology-cut and transformer remaining-capacity contingency screen",real_2025_internal_capacity_network_screen,internal_transformer_capacity_screen,78b6a476a4210567b65bb0c79647bfd8aee8d99aed60795a84c4cd864db56825
QX-00005,110,C0,BDZ-00021,forward,100,0,50,50,31.28,47.5,65.85263158,False,screened,capacity_network_contingency_screen_no_impedance,network_lines_110kv.csv+transformer_master.csv+real_plan_actions.csv+real_plan_dispatch_playback.csv.gz,电网建模数据_Agent整合版_V1.2,"internal current-capacity, topology-cut and transformer remaining-capacity contingency screen",real_2025_internal_capacity_network_screen,internal_transformer_capacity_screen,78b6a476a4210567b65bb0c79647bfd8aee8d99aed60795a84c4cd864db56825
QX-00005,110,C0,BDZ-00021,reverse,100,0,50,50,24.82,47.5,52.25263158,False,screened,capacity_network_contingency_screen_no_impedance,network_lines_110kv.csv+transformer_master.csv+real_plan_actions.csv+real_plan_dispatch_playback.csv.gz,电网建模数据_Agent整合版_V1.2,"internal current-capacity, topology-cut and transformer remaining-capacity contingency screen",real_2025_internal_capacity_network_screen,internal_transformer_capacity_screen,78b6a476a4210567b65bb0c79647bfd8aee8d99aed60795a84c4cd864db56825
QX-00005,110,C0,BDZ-00022,forward,81.5,0,50,31.5,30.76,29.925,102.7903091,True,screened,capacity_network_contingency_screen_no_impedance,network_lines_110kv.csv+transformer_master.csv+real_plan_actions.csv+real_plan_dispatch_playback.csv.gz,电网建模数据_Agent整合版_V1.2,"internal current-capacity, topology-cut and transformer remaining-capacity contingency screen",real_2025_internal_capacity_network_screen,internal_transformer_capacity_screen,78b6a476a4210567b65bb0c79647bfd8aee8d99aed60795a84c4cd864db56825
QX-00005,110,C0,BDZ-00022,reverse,81.5,0,50,31.5,47.8,29.925,159.732665,True,screened,capacity_network_contingency_screen_no_impedance,network_lines_110kv.csv+transformer_master.csv+real_plan_actions.csv+real_plan_dispatch_playback.csv.gz,电网建模数据_Agent整合版_V1.2,"internal current-capacity, topology-cut and transformer remaining-capacity contingency screen",real_2025_internal_capacity_network_screen,internal_transformer_capacity_screen,78b6a476a4210567b65bb0c79647bfd8aee8d99aed60795a84c4cd864db56825
QX-00005,110,C0,BDZ-00026,forward,113,0,63,50,92.67,47.5,195.0947368,True,screened,capacity_network_contingency_screen_no_impedance,network_lines_110kv.csv+transformer_master.csv+real_plan_actions.csv+real_plan_dispatch_playback.csv.gz,电网建模数据_Agent整合版_V1.2,"internal current-capacity, topology-cut and transformer remaining-capacity contingency screen",real_2025_internal_capacity_network_screen,internal_transformer_capacity_screen,78b6a476a4210567b65bb0c79647bfd8aee8d99aed60795a84c4cd864db56825
QX-00005,110,C0,BDZ-00026,reverse,113,0,63,50,19.31,47.5,40.65263158,False,screened,capacity_network_contingency_screen_no_impedance,network_lines_110kv.csv+transformer_master.csv+real_plan_actions.csv+real_plan_dispatch_playback.csv.gz,电网建模数据_Agent整合版_V1.2,"internal current-capacity, topology-cut and transformer remaining-capacity contingency screen",real_2025_internal_capacity_network_screen,internal_transformer_capacity_screen,78b6a476a4210567b65bb0c79647bfd8aee8d99aed60795a84c4cd864db56825
QX-00005,110,C0,BDZ-00027,forward,100,0,50,50,59.21,47.5,124.6526316,True,screened,capacity_network_contingency_screen_no_impedance,network_lines_110kv.csv+transformer_master.csv+real_plan_actions.csv+real_plan_dispatch_playback.csv.gz,电网建模数据_Agent整合版_V1.2,"internal current-capacity, topology-cut and transformer remaining-capacity contingency screen",real_2025_internal_capacity_network_screen,internal_transformer_capacity_screen,78b6a476a4210567b65bb0c79647bfd8aee8d99aed60795a84c4cd864db56825
QX-00005,110,C0,BDZ-00027,reverse,100,0,50,50,37.27,47.5,78.46315789,False,screened,capacity_network_contingency_screen_no_impedance,network_lines_110kv.csv+transformer_master.csv+real_plan_actions.csv+real_plan_dispatch_playback.csv.gz,电网建模数据_Agent整合版_V1.2,"internal current-capacity, topology-cut and transformer remaining-capacity contingency screen",real_2025_internal_capacity_network_screen,internal_transformer_capacity_screen,78b6a476a4210567b65bb0c79647bfd8aee8d99aed60795a84c4cd864db56825
QX-00005,110,C0,BDZ-00028,forward,163,0,100,63,103.04,59.85,172.1637427,True,screened,capacity_network_contingency_screen_no_impedance,network_lines_110kv.csv+transformer_master.csv+real_plan_actions.csv+real_plan_dispatch_playback.csv.gz,电网建模数据_Agent整合版_V1.2,"internal current-capacity, topology-cut and transformer remaining-capacity contingency screen",real_2025_internal_capacity_network_screen,internal_transformer_capacity_screen,78b6a476a4210567b65bb0c79647bfd8aee8d99aed60795a84c4cd864db56825
QX-00005,110,C0,BDZ-00028,reverse,163,0,100,63,-0,59.85,-0,False,screened,capacity_network_contingency_screen_no_impedance,network_lines_110kv.csv+transformer_master.csv+real_plan_actions.csv+real_plan_dispatch_playback.csv.gz,电网建模数据_Agent整合版_V1.2,"internal current-capacity, topology-cut and transformer remaining-capacity contingency screen",real_2025_internal_capacity_network_screen,internal_transformer_capacity_screen,78b6a476a4210567b65bb0c79647bfd8aee8d99aed60795a84c4cd864db56825
QX-00005,110,C0,BDZ-00031,forward,113,0,63,50,40.58,47.5,85.43157895,False,screened,capacity_network_contingency_screen_no_impedance,network_lines_110kv.csv+transformer_master.csv+real_plan_actions.csv+real_plan_dispatch_playback.csv.gz,电网建模数据_Agent整合版_V1.2,"internal current-capacity, topology-cut and transformer remaining-capacity contingency screen",real_2025_internal_capacity_network_screen,internal_transformer_capacity_screen,78b6a476a4210567b65bb0c79647bfd8aee8d99aed60795a84c4cd864db56825
QX-00005,110,C0,BDZ-00031,reverse,113,0,63,50,30.62,47.5,64.46315789,False,screened,capacity_network_contingency_screen_no_impedance,network_lines_110kv.csv+transformer_master.csv+real_plan_actions.csv+real_plan_dispatch_playback.csv.gz,电网建模数据_Agent整合版_V1.2,"internal current-capacity, topology-cut and transformer remaining-capacity contingency screen",real_2025_internal_capacity_network_screen,internal_transformer_capacity_screen,78b6a476a4210567b65bb0c79647bfd8aee8d99aed60795a84c4cd864db56825
QX-00005,110,C0,BDZ-00037,forward,100,0,50,50,28,47.5,58.94736842,False,screened,capacity_network_contingency_screen_no_impedance,network_lines_110kv.csv+transformer_master.csv+real_plan_actions.csv+real_plan_dispatch_playback.csv.gz,电网建模数据_Agent整合版_V1.2,"internal current-capacity, topology-cut and transformer remaining-capacity contingency screen",real_2025_internal_capacity_network_screen,internal_transformer_capacity_screen,78b6a476a4210567b65bb0c79647bfd8aee8d99aed60795a84c4cd864db56825
QX-00005,110,C0,BDZ-00037,reverse,100,0,50,50,27.6,47.5,58.10526316,False,screened,capacity_network_contingency_screen_no_impedance,network_lines_110kv.csv+transformer_master.csv+real_plan_actions.csv+real_plan_dispatch_playback.csv.gz,电网建模数据_Agent整合版_V1.2,"internal current-capacity, topology-cut and transformer remaining-capacity contingency screen",real_2025_internal_capacity_network_screen,internal_transformer_capacity_screen,78b6a476a4210567b65bb0c79647bfd8aee8d99aed60795a84c4cd864db56825
QX-00005,110,C0,BDZ-00048,forward,150,0,100,50,73.74,47.5,155.2421053,True,screened,capacity_network_contingency_screen_no_impedance,network_lines_110kv.csv+transformer_master.csv+real_plan_actions.csv+real_plan_dispatch_playback.csv.gz,电网建模数据_Agent整合版_V1.2,"internal current-capacity, topology-cut and transformer remaining-capacity contingency screen",real_2025_internal_capacity_network_screen,internal_transformer_capacity_screen,78b6a476a4210567b65bb0c79647bfd8aee8d99aed60795a84c4cd864db56825
QX-00005,110,C0,BDZ-00048,reverse,150,0,100,50,5.22,47.5,10.98947368,False,screened,capacity_network_contingency_screen_no_impedance,network_lines_110kv.csv+transformer_master.csv+real_plan_actions.csv+real_plan_dispatch_playback.csv.gz,电网建模数据_Agent整合版_V1.2,"internal current-capacity, topology-cut and transformer remaining-capacity contingency screen",real_2025_internal_capacity_network_screen,internal_transformer_capacity_screen,78b6a476a4210567b65bb0c79647bfd8aee8d99aed60795a84c4cd864db56825
QX-00005,110,C0,BDZ-00095,forward,100,0,50,50,22.87,47.5,48.14736842,False,screened,capacity_network_contingency_screen_no_impedance,network_lines_110kv.csv+transformer_master.csv+real_plan_actions.csv+real_plan_dispatch_playback.csv.gz,电网建模数据_Agent整合版_V1.2,"internal current-capacity, topology-cut and transformer remaining-capacity contingency screen",real_2025_internal_capacity_network_screen,internal_transformer_capacity_screen,78b6a476a4210567b65bb0c79647bfd8aee8d99aed60795a84c4cd864db56825
QX-00005,110,C0,BDZ-00095,reverse,100,0,50,50,31.72,47.5,66.77894737,False,screened,capacity_network_contingency_screen_no_impedance,network_lines_110kv.csv+transformer_master.csv+real_plan_actions.csv+real_plan_dispatch_playback.csv.gz,电网建模数据_Agent整合版_V1.2,"internal current-capacity, topology-cut and transformer remaining-capacity contingency screen",real_2025_internal_capacity_network_screen,internal_transformer_capacity_screen,78b6a476a4210567b65bb0c79647bfd8aee8d99aed60795a84c4cd864db56825
QX-00005,110,C0,BDZ-00096,forward,160,0,80,80,69.44,76,91.36842105,False,screened,capacity_network_contingency_screen_no_impedance,network_lines_110kv.csv+transformer_master.csv+real_plan_actions.csv+real_plan_dispatch_playback.csv.gz,电网建模数据_Agent整合版_V1.2,"internal current-capacity, topology-cut and transformer remaining-capacity contingency screen",real_2025_internal_capacity_network_screen,internal_transformer_capacity_screen,78b6a476a4210567b65bb0c79647bfd8aee8d99aed60795a84c4cd864db56825
QX-00005,110,C0,BDZ-00096,reverse,160,0,80,80,-0,76,-0,False,screened,capacity_network_contingency_screen_no_impedance,network_lines_110kv.csv+transformer_master.csv+real_plan_actions.csv+real_plan_dispatch_playback.csv.gz,电网建模数据_Agent整合版_V1.2,"internal current-capacity, topology-cut and transformer remaining-capacity contingency screen",real_2025_internal_capacity_network_screen,internal_transformer_capacity_screen,78b6a476a4210567b65bb0c79647bfd8aee8d99aed60795a84c4cd864db56825
QX-00005,110,C0,BDZ-00124,forward,113,0,63,50,61.93,47.5,130.3789474,True,screened,capacity_network_contingency_screen_no_impedance,network_lines_110kv.csv+transformer_master.csv+real_plan_actions.csv+real_plan_dispatch_playback.csv.gz,电网建模数据_Agent整合版_V1.2,"internal current-capacity, topology-cut and transformer remaining-capacity contingency screen",real_2025_internal_capacity_network_screen,internal_transformer_capacity_screen,78b6a476a4210567b65bb0c79647bfd8aee8d99aed60795a84c4cd864db56825
QX-00005,110,C0,BDZ-00124,reverse,113,0,63,50,30.96,47.5,65.17894737,False,screened,capacity_network_contingency_screen_no_impedance,network_lines_110kv.csv+transformer_master.csv+real_plan_actions.csv+real_plan_dispatch_playback.csv.gz,电网建模数据_Agent整合版_V1.2,"internal current-capacity, topology-cut and transformer remaining-capacity contingency screen",real_2025_internal_capacity_network_screen,internal_transformer_capacity_screen,78b6a476a4210567b65bb0c79647bfd8aee8d99aed60795a84c4cd864db56825
QX-00005,110,C0,BDZ-00135,forward,113,0,63,50,84.4,47.5,177.6842105,True,screened,capacity_network_contingency_screen_no_impedance,network_lines_110kv.csv+transformer_master.csv+real_plan_actions.csv+real_plan_dispatch_playback.csv.gz,电网建模数据_Agent整合版_V1.2,"internal current-capacity, topology-cut and transformer remaining-capacity contingency screen",real_2025_internal_capacity_network_screen,internal_transformer_capacity_screen,78b6a476a4210567b65bb0c79647bfd8aee8d99aed60795a84c4cd864db56825
QX-00005,110,C0,BDZ-00135,reverse,113,0,63,50,59.9,47.5,126.1052632,True,screened,capacity_network_contingency_screen_no_impedance,network_lines_110kv.csv+transformer_master.csv+real_plan_actions.csv+real_plan_dispatch_playback.csv.gz,电网建模数据_Agent整合版_V1.2,"internal current-capacity, topology-cut and transformer remaining-capacity contingency screen",real_2025_internal_capacity_network_screen,internal_transformer_capacity_screen,78b6a476a4210567b65bb0c79647bfd8aee8d99aed60795a84c4cd864db56825
QX-00005,110,C0,BDZ-00141,forward,100,0,50,50,40.34,47.5,84.92631579,False,screened,capacity_network_contingency_screen_no_impedance,network_lines_110kv.csv+transformer_master.csv+real_plan_actions.csv+real_plan_dispatch_playback.csv.gz,电网建模数据_Agent整合版_V1.2,"internal current-capacity, topology-cut and transformer remaining-capacity contingency screen",real_2025_internal_capacity_network_screen,internal_transformer_capacity_screen,78b6a476a4210567b65bb0c79647bfd8aee8d99aed60795a84c4cd864db56825
QX-00005,110,C0,BDZ-00141,reverse,100,0,50,50,37.96,47.5,79.91578947,False,screened,capacity_network_contingency_screen_no_impedance,network_lines_110kv.csv+transformer_master.csv+real_plan_actions.csv+real_plan_dispatch_playback.csv.gz,电网建模数据_Agent整合版_V1.2,"internal current-capacity, topology-cut and transformer remaining-capacity contingency screen",real_2025_internal_capacity_network_screen,internal_transformer_capacity_screen,78b6a476a4210567b65bb0c79647bfd8aee8d99aed60795a84c4cd864db56825
QX-00005,110,C0,BDZ-00146,forward,80,0,40,40,25.9,38,68.15789474,False,screened,capacity_network_contingency_screen_no_impedance,network_lines_110kv.csv+transformer_master.csv+real_plan_actions.csv+real_plan_dispatch_playback.csv.gz,电网建模数据_Agent整合版_V1.2,"internal current-capacity, topology-cut and transformer remaining-capacity contingency screen",real_2025_internal_capacity_network_screen,internal_transformer_capacity_screen,78b6a476a4210567b65bb0c79647bfd8aee8d99aed60795a84c4cd864db56825
QX-00005,110,C0,BDZ-00146,reverse,80,0,40,40,29.1,38,76.57894737,False,screened,capacity_network_contingency_screen_no_impedance,network_lines_110kv.csv+transformer_master.csv+real_plan_actions.csv+real_plan_dispatch_playback.csv.gz,电网建模数据_Agent整合版_V1.2,"internal current-capacity, topology-cut and transformer remaining-capacity contingency screen",real_2025_internal_capacity_network_screen,internal_transformer_capacity_screen,78b6a476a4210567b65bb0c79647bfd8aee8d99aed60795a84c4cd864db56825
QX-00005,110,C0,BDZ-00147,forward,100,0,50,50,51.19,47.5,107.7684211,True,screened,capacity_network_contingency_screen_no_impedance,network_lines_110kv.csv+transformer_master.csv+real_plan_actions.csv+real_plan_dispatch_playback.csv.gz,电网建模数据_Agent整合版_V1.2,"internal current-capacity, topology-cut and transformer remaining-capacity contingency screen",real_2025_internal_capacity_network_screen,internal_transformer_capacity_screen,78b6a476a4210567b65bb0c79647bfd8aee8d99aed60795a84c4cd864db56825
QX-00005,110,C0,BDZ-00147,reverse,100,0,50,50,0,47.5,0,False,screened,capacity_network_contingency_screen_no_impedance,network_lines_110kv.csv+transformer_master.csv+real_plan_actions.csv+real_plan_dispatch_playback.csv.gz,电网建模数据_Agent整合版_V1.2,"internal current-capacity, topology-cut and transformer remaining-capacity contingency screen",real_2025_internal_capacity_network_screen,internal_transformer_capacity_screen,78b6a476a4210567b65bb0c79647bfd8aee8d99aed60795a84c4cd864db56825
QX-00005,110,C0,BDZ-00162,forward,40,0,20,20,19.4,19,102.1052632,True,screened,capacity_network_contingency_screen_no_impedance,network_lines_110kv.csv+transformer_master.csv+real_plan_actions.csv+real_plan_dispatch_playback.csv.gz,电网建模数据_Agent整合版_V1.2,"internal current-capacity, topology-cut and transformer remaining-capacity contingency screen",real_2025_internal_capacity_network_screen,internal_transformer_capacity_screen,78b6a476a4210567b65bb0c79647bfd8aee8d99aed60795a84c4cd864db56825
QX-00005,110,C0,BDZ-00162,reverse,40,0,20,20,39.5,19,207.8947368,True,screened,capacity_network_contingency_screen_no_impedance,network_lines_110kv.csv+transformer_master.csv+real_plan_actions.csv+real_plan_dispatch_playback.csv.gz,电网建模数据_Agent整合版_V1.2,"internal current-capacity, topology-cut and transformer remaining-capacity contingency screen",real_2025_internal_capacity_network_screen,internal_transformer_capacity_screen,78b6a476a4210567b65bb0c79647bfd8aee8d99aed60795a84c4cd864db56825
QX-00005,110,C0,BDZ-00164,forward,63,0,31.5,31.5,39.34,29.925,131.4619883,True,screened,capacity_network_contingency_screen_no_impedance,network_lines_110kv.csv+transformer_master.csv+real_plan_actions.csv+real_plan_dispatch_playback.csv.gz,电网建模数据_Agent整合版_V1.2,"internal current-capacity, topology-cut and transformer remaining-capacity contingency screen",real_2025_internal_capacity_network_screen,internal_transformer_capacity_screen,78b6a476a4210567b65bb0c79647bfd8aee8d99aed60795a84c4cd864db56825
QX-00005,110,C0,BDZ-00164,reverse,63,0,31.5,31.5,31.95,29.925,106.7669173,True,screened,capacity_network_contingency_screen_no_impedance,network_lines_110kv.csv+transformer_master.csv+real_plan_actions.csv+real_plan_dispatch_playback.csv.gz,电网建模数据_Agent整合版_V1.2,"internal current-capacity, topology-cut and transformer remaining-capacity contingency screen",real_2025_internal_capacity_network_screen,internal_transformer_capacity_screen,78b6a476a4210567b65bb0c79647bfd8aee8d99aed60795a84c4cd864db56825
QX-00005,110,C0,BDZ-00172,forward,100,0,50,50,34.83,47.5,73.32631579,False,screened,capacity_network_contingency_screen_no_impedance,network_lines_110kv.csv+transformer_master.csv+real_plan_actions.csv+real_plan_dispatch_playback.csv.gz,电网建模数据_Agent整合版_V1.2,"internal current-capacity, topology-cut and transformer remaining-capacity contingency screen",real_2025_internal_capacity_network_screen,internal_transformer_capacity_screen,78b6a476a4210567b65bb0c79647bfd8aee8d99aed60795a84c4cd864db56825
QX-00005,110,C0,BDZ-00172,reverse,100,0,50,50,23.24,47.5,48.92631579,False,screened,capacity_network_contingency_screen_no_impedance,network_lines_110kv.csv+transformer_master.csv+real_plan_actions.csv+real_plan_dispatch_playback.csv.gz,电网建模数据_Agent整合版_V1.2,"internal current-capacity, topology-cut and transformer remaining-capacity contingency screen",real_2025_internal_capacity_network_screen,internal_transformer_capacity_screen,78b6a476a4210567b65bb0c79647bfd8aee8d99aed60795a84c4cd864db56825
QX-00007,110,A,BDZ-00004,forward,100,0,50,50,36.77,47.5,77.41052632,False,screened,capacity_network_contingency_screen_no_impedance,network_lines_110kv.csv+transformer_master.csv+real_plan_actions.csv+real_plan_dispatch_playback.csv.gz,电网建模数据_Agent整合版_V1.2,"internal current-capacity, topology-cut and transformer remaining-capacity contingency screen",real_2025_internal_capacity_network_screen,internal_transformer_capacity_screen,78b6a476a4210567b65bb0c79647bfd8aee8d99aed60795a84c4cd864db56825
QX-00007,110,A,BDZ-00004,reverse,100,0,50,50,3.3,47.5,6.947368421,False,screened,capacity_network_contingency_screen_no_impedance,network_lines_110kv.csv+transformer_master.csv+real_plan_actions.csv+real_plan_dispatch_playback.csv.gz,电网建模数据_Agent整合版_V1.2,"internal current-capacity, topology-cut and transformer remaining-capacity contingency screen",real_2025_internal_capacity_network_screen,internal_transformer_capacity_screen,78b6a476a4210567b65bb0c79647bfd8aee8d99aed60795a84c4cd864db56825
QX-00007,110,A,BDZ-00012,forward,126,0,63,63,34.64,59.85,57.8780284,False,screened,capacity_network_contingency_screen_no_impedance,network_lines_110kv.csv+transformer_master.csv+real_plan_actions.csv+real_plan_dispatch_playback.csv.gz,电网建模数据_Agent整合版_V1.2,"internal current-capacity, topology-cut and transformer remaining-capacity contingency screen",real_2025_internal_capacity_network_screen,internal_transformer_capacity_screen,78b6a476a4210567b65bb0c79647bfd8aee8d99aed60795a84c4cd864db56825
QX-00007,110,A,BDZ-00012,reverse,126,0,63,63,32.21,59.85,53.81787803,False,screened,capacity_network_contingency_screen_no_impedance,network_lines_110kv.csv+transformer_master.csv+real_plan_actions.csv+real_plan_dispatch_playback.csv.gz,电网建模数据_Agent整合版_V1.2,"internal current-capacity, topology-cut and transformer remaining-capacity contingency screen",real_2025_internal_capacity_network_screen,internal_transformer_capacity_screen,78b6a476a4210567b65bb0c79647bfd8aee8d99aed60795a84c4cd864db56825
QX-00007,110,A,BDZ-00013,forward,113,0,63,50,61.2,47.5,128.8421053,True,screened,capacity_network_contingency_screen_no_impedance,network_lines_110kv.csv+transformer_master.csv+real_plan_actions.csv+real_plan_dispatch_playback.csv.gz,电网建模数据_Agent整合版_V1.2,"internal current-capacity, topology-cut and transformer remaining-capacity contingency screen",real_2025_internal_capacity_network_screen,internal_transformer_capacity_screen,78b6a476a4210567b65bb0c79647bfd8aee8d99aed60795a84c4cd864db56825
QX-00007,110,A,BDZ-00013,reverse,113,0,63,50,9.01,47.5,18.96842105,False,screened,capacity_network_contingency_screen_no_impedance,network_lines_110kv.csv+transformer_master.csv+real_plan_actions.csv+real_plan_dispatch_playback.csv.gz,电网建模数据_Agent整合版_V1.2,"internal current-capacity, topology-cut and transformer remaining-capacity contingency screen",real_2025_internal_capacity_network_screen,internal_transformer_capacity_screen,78b6a476a4210567b65bb0c79647bfd8aee8d99aed60795a84c4cd864db56825
QX-00007,110,A,BDZ-00023,forward,160,0,80,80,89.84,76,118.2105263,True,screened,capacity_network_contingency_screen_no_impedance,network_lines_110kv.csv+transformer_master.csv+real_plan_actions.csv+real_plan_dispatch_playback.csv.gz,电网建模数据_Agent整合版_V1.2,"internal current-capacity, topology-cut and transformer remaining-capacity contingency screen",real_2025_internal_capacity_network_screen,internal_transformer_capacity_screen,78b6a476a4210567b65bb0c79647bfd8aee8d99aed60795a84c4cd864db56825
QX-00007,110,A,BDZ-00023,reverse,160,0,80,80,-0,76,-0,False,screened,capacity_network_contingency_screen_no_impedance,network_lines_110kv.csv+transformer_master.csv+real_plan_actions.csv+real_plan_dispatch_playback.csv.gz,电网建模数据_Agent整合版_V1.2,"internal current-capacity, topology-cut and transformer remaining-capacity contingency screen",real_2025_internal_capacity_network_screen,internal_transformer_capacity_screen,78b6a476a4210567b65bb0c79647bfd8aee8d99aed60795a84c4cd864db56825
QX-00007,110,A,BDZ-00024,forward,143,0,80,63,83.17,59.85,138.9640769,True,screened,capacity_network_contingency_screen_no_impedance,network_lines_110kv.csv+transformer_master.csv+real_plan_actions.csv+real_plan_dispatch_playback.csv.gz,电网建模数据_Agent整合版_V1.2,"internal current-capacity, topology-cut and transformer remaining-capacity contingency screen",real_2025_internal_capacity_network_screen,internal_transformer_capacity_screen,78b6a476a4210567b65bb0c79647bfd8aee8d99aed60795a84c4cd864db56825
QX-00007,110,A,BDZ-00024,reverse,143,0,80,63,-0,59.85,-0,False,screened,capacity_network_contingency_screen_no_impedance,network_lines_110kv.csv+transformer_master.csv+real_plan_actions.csv+real_plan_dispatch_playback.csv.gz,电网建模数据_Agent整合版_V1.2,"internal current-capacity, topology-cut and transformer remaining-capacity contingency screen",real_2025_internal_capacity_network_screen,internal_transformer_capacity_screen,78b6a476a4210567b65bb0c79647bfd8aee8d99aed60795a84c4cd864db56825
QX-00007,110,A,BDZ-00036,forward,80,0,40,40,65.57,38,172.5526316,True,screened,capacity_network_contingency_screen_no_impedance,network_lines_110kv.csv+transformer_master.csv+real_plan_actions.csv+real_plan_dispatch_playback.csv.gz,电网建模数据_Agent整合版_V1.2,"internal current-capacity, topology-cut and transformer remaining-capacity contingency screen",real_2025_internal_capacity_network_screen,internal_transformer_capacity_screen,78b6a476a4210567b65bb0c79647bfd8aee8d99aed60795a84c4cd864db56825
QX-00007,110,A,BDZ-00036,reverse,80,0,40,40,-0,38,-0,False,screened,capacity_network_contingency_screen_no_impedance,network_lines_110kv.csv+transformer_master.csv+real_plan_actions.csv+real_plan_dispatch_playback.csv.gz,电网建模数据_Agent整合版_V1.2,"internal current-capacity, topology-cut and transformer remaining-capacity contingency screen",real_2025_internal_capacity_network_screen,internal_transformer_capacity_screen,78b6a476a4210567b65bb0c79647bfd8aee8d99aed60795a84c4cd864db56825
QX-00007,110,A,BDZ-00042,forward,160,0,80,80,73.01,76,96.06578947,False,screened,capacity_network_contingency_screen_no_impedance,network_lines_110kv.csv+transformer_master.csv+real_plan_actions.csv+real_plan_dispatch_playback.csv.gz,电网建模数据_Agent整合版_V1.2,"internal current-capacity, topology-cut and transformer remaining-capacity contingency screen",real_2025_internal_capacity_network_screen,internal_transformer_capacity_screen,78b6a476a4210567b65bb0c79647bfd8aee8d99aed60795a84c4cd864db56825
QX-00007,110,A,BDZ-00042,reverse,160,0,80,80,-0,76,-0,False,screened,capacity_network_contingency_screen_no_impedance,network_lines_110kv.csv+transformer_master.csv+real_plan_actions.csv+real_plan_dispatch_playback.csv.gz,电网建模数据_Agent整合版_V1.2,"internal current-capacity, topology-cut and transformer remaining-capacity contingency screen",real_2025_internal_capacity_network_screen,internal_transformer_capacity_screen,78b6a476a4210567b65bb0c79647bfd8aee8d99aed60795a84c4cd864db56825
QX-00007,110,A,BDZ-00051,forward,100,0,50,50,54.57,47.5,114.8842105,True,screened,capacity_network_contingency_screen_no_impedance,network_lines_110kv.csv+transformer_master.csv+real_plan_actions.csv+real_plan_dispatch_playback.csv.gz,电网建模数据_Agent整合版_V1.2,"internal current-capacity, topology-cut and transformer remaining-capacity contingency screen",real_2025_internal_capacity_network_screen,internal_transformer_capacity_screen,78b6a476a4210567b65bb0c79647bfd8aee8d99aed60795a84c4cd864db56825
QX-00007,110,A,BDZ-00051,reverse,100,0,50,50,-0,47.5,-0,False,screened,capacity_network_contingency_screen_no_impedance,network_lines_110kv.csv+transformer_master.csv+real_plan_actions.csv+real_plan_dispatch_playback.csv.gz,电网建模数据_Agent整合版_V1.2,"internal current-capacity, topology-cut and transformer remaining-capacity contingency screen",real_2025_internal_capacity_network_screen,internal_transformer_capacity_screen,78b6a476a4210567b65bb0c79647bfd8aee8d99aed60795a84c4cd864db56825
QX-00007,110,A,BDZ-00053,forward,126,0,63,63,74.32,59.85,124.1771094,True,screened,capacity_network_contingency_screen_no_impedance,network_lines_110kv.csv+transformer_master.csv+real_plan_actions.csv+real_plan_dispatch_playback.csv.gz,电网建模数据_Agent整合版_V1.2,"internal current-capacity, topology-cut and transformer remaining-capacity contingency screen",real_2025_internal_capacity_network_screen,internal_transformer_capacity_screen,78b6a476a4210567b65bb0c79647bfd8aee8d99aed60795a84c4cd864db56825
QX-00007,110,A,BDZ-00053,reverse,126,0,63,63,-0,59.85,-0,False,screened,capacity_network_contingency_screen_no_impedance,network_lines_110kv.csv+transformer_master.csv+real_plan_actions.csv+real_plan_dispatch_playback.csv.gz,电网建模数据_Agent整合版_V1.2,"internal current-capacity, topology-cut and transformer remaining-capacity contingency screen",real_2025_internal_capacity_network_screen,internal_transformer_capacity_screen,78b6a476a4210567b65bb0c79647bfd8aee8d99aed60795a84c4cd864db56825
QX-00007,110,A,BDZ-00062,forward,126,0,63,63,48.29,59.85,80.68504595,False,screened,capacity_network_contingency_screen_no_impedance,network_lines_110kv.csv+transformer_master.csv+real_plan_actions.csv+real_plan_dispatch_playback.csv.gz,电网建模数据_Agent整合版_V1.2,"internal current-capacity, topology-cut and transformer remaining-capacity contingency screen",real_2025_internal_capacity_network_screen,internal_transformer_capacity_screen,78b6a476a4210567b65bb0c79647bfd8aee8d99aed60795a84c4cd864db56825
QX-00007,110,A,BDZ-00062,reverse,126,0,63,63,-0,59.85,-0,False,screened,capacity_network_contingency_screen_no_impedance,network_lines_110kv.csv+transformer_master.csv+real_plan_actions.csv+real_plan_dispatch_playback.csv.gz,电网建模数据_Agent整合版_V1.2,"internal current-capacity, topology-cut and transformer remaining-capacity contingency screen",real_2025_internal_capacity_network_screen,internal_transformer_capacity_screen,78b6a476a4210567b65bb0c79647bfd8aee8d99aed60795a84c4cd864db56825
QX-00007,110,A,BDZ-00065,forward,160,0,80,80,73.08,76,96.15789474,False,screened,capacity_network_contingency_screen_no_impedance,network_lines_110kv.csv+transformer_master.csv+real_plan_actions.csv+real_plan_dispatch_playback.csv.gz,电网建模数据_Agent整合版_V1.2,"internal current-capacity, topology-cut and transformer remaining-capacity contingency screen",real_2025_internal_capacity_network_screen,internal_transformer_capacity_screen,78b6a476a4210567b65bb0c79647bfd8aee8d99aed60795a84c4cd864db56825
QX-00007,110,A,BDZ-00065,reverse,160,0,80,80,-0,76,-0,False,screened,capacity_network_contingency_screen_no_impedance,network_lines_110kv.csv+transformer_master.csv+real_plan_actions.csv+real_plan_dispatch_playback.csv.gz,电网建模数据_Agent整合版_V1.2,"internal current-capacity, topology-cut and transformer remaining-capacity contingency screen",real_2025_internal_capacity_network_screen,internal_transformer_capacity_screen,78b6a476a4210567b65bb0c79647bfd8aee8d99aed60795a84c4cd864db56825
QX-00007,110,A,BDZ-00074,forward,113,0,63,50,62.57,47.5,131.7263158,True,screened,capacity_network_contingency_screen_no_impedance,network_lines_110kv.csv+transformer_master.csv+real_plan_actions.csv+real_plan_dispatch_playback.csv.gz,电网建模数据_Agent整合版_V1.2,"internal current-capacity, topology-cut and transformer remaining-capacity contingency screen",real_2025_internal_capacity_network_screen,internal_transformer_capacity_screen,78b6a476a4210567b65bb0c79647bfd8aee8d99aed60795a84c4cd864db56825
QX-00007,110,A,BDZ-00074,reverse,113,0,63,50,12.69,47.5,26.71578947,False,screened,capacity_network_contingency_screen_no_impedance,network_lines_110kv.csv+transformer_master.csv+real_plan_actions.csv+real_plan_dispatch_playback.csv.gz,电网建模数据_Agent整合版_V1.2,"internal current-capacity, topology-cut and transformer remaining-capacity contingency screen",real_2025_internal_capacity_network_screen,internal_transformer_capacity_screen,78b6a476a4210567b65bb0c79647bfd8aee8d99aed60795a84c4cd864db56825
QX-00007,110,A,BDZ-00076,forward,100,0,50,50,28.23,47.5,59.43157895,False,screened,capacity_network_contingency_screen_no_impedance,network_lines_110kv.csv+transformer_master.csv+real_plan_actions.csv+real_plan_dispatch_playback.csv.gz,电网建模数据_Agent整合版_V1.2,"internal current-capacity, topology-cut and transformer remaining-capacity contingency screen",real_2025_internal_capacity_network_screen,internal_transformer_capacity_screen,78b6a476a4210567b65bb0c79647bfd8aee8d99aed60795a84c4cd864db56825
QX-00007,110,A,BDZ-00076,reverse,100,0,50,50,-0,47.5,-0,False,screened,capacity_network_contingency_screen_no_impedance,network_lines_110kv.csv+transformer_master.csv+real_plan_actions.csv+real_plan_dispatch_playback.csv.gz,电网建模数据_Agent整合版_V1.2,"internal current-capacity, topology-cut and transformer remaining-capacity contingency screen",real_2025_internal_capacity_network_screen,internal_transformer_capacity_screen,78b6a476a4210567b65bb0c79647bfd8aee8d99aed60795a84c4cd864db56825
QX-00007,110,A,BDZ-00085,forward,126,0,63,63,92.4,59.85,154.3859649,True,screened,capacity_network_contingency_screen_no_impedance,network_lines_110kv.csv+transformer_master.csv+real_plan_actions.csv+real_plan_dispatch_playback.csv.gz,电网建模数据_Agent整合版_V1.2,"internal current-capacity, topology-cut and transformer remaining-capacity contingency screen",real_2025_internal_capacity_network_screen,internal_transformer_capacity_screen,78b6a476a4210567b65bb0c79647bfd8aee8d99aed60795a84c4cd864db56825
QX-00007,110,A,BDZ-00085,reverse,126,0,63,63,9.11,59.85,15.2213868,False,screened,capacity_network_contingency_screen_no_impedance,network_lines_110kv.csv+transformer_master.csv+real_plan_actions.csv+real_plan_dispatch_playback.csv.gz,电网建模数据_Agent整合版_V1.2,"internal current-capacity, topology-cut and transformer remaining-capacity contingency screen",real_2025_internal_capacity_network_screen,internal_transformer_capacity_screen,78b6a476a4210567b65bb0c79647bfd8aee8d99aed60795a84c4cd864db56825
QX-00007,110,A,BDZ-00092,forward,100,0,50,50,10.68,47.5,22.48421053,False,screened,capacity_network_contingency_screen_no_impedance,network_lines_110kv.csv+transformer_master.csv+real_plan_actions.csv+real_plan_dispatch_playback.csv.gz,电网建模数据_Agent整合版_V1.2,"internal current-capacity, topology-cut and transformer remaining-capacity contingency screen",real_2025_internal_capacity_network_screen,internal_transformer_capacity_screen,78b6a476a4210567b65bb0c79647bfd8aee8d99aed60795a84c4cd864db56825
QX-00007,110,A,BDZ-00092,reverse,100,0,50,50,6.4,47.5,13.47368421,False,screened,capacity_network_contingency_screen_no_impedance,network_lines_110kv.csv+transformer_master.csv+real_plan_actions.csv+real_plan_dispatch_playback.csv.gz,电网建模数据_Agent整合版_V1.2,"internal current-capacity, topology-cut and transformer remaining-capacity contingency screen",real_2025_internal_capacity_network_screen,internal_transformer_capacity_screen,78b6a476a4210567b65bb0c79647bfd8aee8d99aed60795a84c4cd864db56825
QX-00007,110,A,BDZ-00094,forward,113,0,63,50,55.8,47.5,117.4736842,True,screened,capacity_network_contingency_screen_no_impedance,network_lines_110kv.csv+transformer_master.csv+real_plan_actions.csv+real_plan_dispatch_playback.csv.gz,电网建模数据_Agent整合版_V1.2,"internal current-capacity, topology-cut and transformer remaining-capacity contingency screen",real_2025_internal_capacity_network_screen,internal_transformer_capacity_screen,78b6a476a4210567b65bb0c79647bfd8aee8d99aed60795a84c4cd864db56825
QX-00007,110,A,BDZ-00094,reverse,113,0,63,50,-0,47.5,-0,False,screened,capacity_network_contingency_screen_no_impedance,network_lines_110kv.csv+transformer_master.csv+real_plan_actions.csv+real_plan_dispatch_playback.csv.gz,电网建模数据_Agent整合版_V1.2,"internal current-capacity, topology-cut and transformer remaining-capacity contingency screen",real_2025_internal_capacity_network_screen,internal_transformer_capacity_screen,78b6a476a4210567b65bb0c79647bfd8aee8d99aed60795a84c4cd864db56825
QX-00007,110,A,BDZ-00102,forward,100,0,50,50,18.56,47.5,39.07368421,False,screened,capacity_network_contingency_screen_no_impedance,network_lines_110kv.csv+transformer_master.csv+real_plan_actions.csv+real_plan_dispatch_playback.csv.gz,电网建模数据_Agent整合版_V1.2,"internal current-capacity, topology-cut and transformer remaining-capacity contingency screen",real_2025_internal_capacity_network_screen,internal_transformer_capacity_screen,78b6a476a4210567b65bb0c79647bfd8aee8d99aed60795a84c4cd864db56825
QX-00007,110,A,BDZ-00102,reverse,100,0,50,50,-0,47.5,-0,False,screened,capacity_network_contingency_screen_no_impedance,network_lines_110kv.csv+transformer_master.csv+real_plan_actions.csv+real_plan_dispatch_playback.csv.gz,电网建模数据_Agent整合版_V1.2,"internal current-capacity, topology-cut and transformer remaining-capacity contingency screen",real_2025_internal_capacity_network_screen,internal_transformer_capacity_screen,78b6a476a4210567b65bb0c79647bfd8aee8d99aed60795a84c4cd864db56825
QX-00007,110,A,BDZ-00103,forward,100,0,50,50,56.34,47.5,118.6105263,True,screened,capacity_network_contingency_screen_no_impedance,network_lines_110kv.csv+transformer_master.csv+real_plan_actions.csv+real_plan_dispatch_playback.csv.gz,电网建模数据_Agent整合版_V1.2,"internal current-capacity, topology-cut and transformer remaining-capacity contingency screen",real_2025_internal_capacity_network_screen,internal_transformer_capacity_screen,78b6a476a4210567b65bb0c79647bfd8aee8d99aed60795a84c4cd864db56825
QX-00007,110,A,BDZ-00103,reverse,100,0,50,50,-0,47.5,-0,False,screened,capacity_network_contingency_screen_no_impedance,network_lines_110kv.csv+transformer_master.csv+real_plan_actions.csv+real_plan_dispatch_playback.csv.gz,电网建模数据_Agent整合版_V1.2,"internal current-capacity, topology-cut and transformer remaining-capacity contingency screen",real_2025_internal_capacity_network_screen,internal_transformer_capacity_screen,78b6a476a4210567b65bb0c79647bfd8aee8d99aed60795a84c4cd864db56825
QX-00007,110,A,BDZ-00106,forward,100,0,50,50,9.32,47.5,19.62105263,False,screened,capacity_network_contingency_screen_no_impedance,network_lines_110kv.csv+transformer_master.csv+real_plan_actions.csv+real_plan_dispatch_playback.csv.gz,电网建模数据_Agent整合版_V1.2,"internal current-capacity, topology-cut and transformer remaining-capacity contingency screen",real_2025_internal_capacity_network_screen,internal_transformer_capacity_screen,78b6a476a4210567b65bb0c79647bfd8aee8d99aed60795a84c4cd864db56825
QX-00007,110,A,BDZ-00106,reverse,100,0,50,50,-0,47.5,-0,False,screened,capacity_network_contingency_screen_no_impedance,network_lines_110kv.csv+transformer_master.csv+real_plan_actions.csv+real_plan_dispatch_playback.csv.gz,电网建模数据_Agent整合版_V1.2,"internal current-capacity, topology-cut and transformer remaining-capacity contingency screen",real_2025_internal_capacity_network_screen,internal_transformer_capacity_screen,78b6a476a4210567b65bb0c79647bfd8aee8d99aed60795a84c4cd864db56825
QX-00007,110,A,BDZ-00110,forward,200,0,100,100,33.11,95,34.85263158,False,screened,capacity_network_contingency_screen_no_impedance,network_lines_110kv.csv+transformer_master.csv+real_plan_actions.csv+real_plan_dispatch_playback.csv.gz,电网建模数据_Agent整合版_V1.2,"internal current-capacity, topology-cut and transformer remaining-capacity contingency screen",real_2025_internal_capacity_network_screen,internal_transformer_capacity_screen,78b6a476a4210567b65bb0c79647bfd8aee8d99aed60795a84c4cd864db56825
QX-00007,110,A,BDZ-00110,reverse,200,0,100,100,-0,95,-0,False,screened,capacity_network_contingency_screen_no_impedance,network_lines_110kv.csv+transformer_master.csv+real_plan_actions.csv+real_plan_dispatch_playback.csv.gz,电网建模数据_Agent整合版_V1.2,"internal current-capacity, topology-cut and transformer remaining-capacity contingency screen",real_2025_internal_capacity_network_screen,internal_transformer_capacity_screen,78b6a476a4210567b65bb0c79647bfd8aee8d99aed60795a84c4cd864db56825
QX-00007,110,A,BDZ-00114,forward,176,0,63,113,95.29,107.35,88.76571961,False,screened,capacity_network_contingency_screen_no_impedance,network_lines_110kv.csv+transformer_master.csv+real_plan_actions.csv+real_plan_dispatch_playback.csv.gz,电网建模数据_Agent整合版_V1.2,"internal current-capacity, topology-cut and transformer remaining-capacity contingency screen",real_2025_internal_capacity_network_screen,internal_transformer_capacity_screen,78b6a476a4210567b65bb0c79647bfd8aee8d99aed60795a84c4cd864db56825
QX-00007,110,A,BDZ-00114,reverse,176,0,63,113,9.69,107.35,9.026548673,False,screened,capacity_network_contingency_screen_no_impedance,network_lines_110kv.csv+transformer_master.csv+real_plan_actions.csv+real_plan_dispatch_playback.csv.gz,电网建模数据_Agent整合版_V1.2,"internal current-capacity, topology-cut and transformer remaining-capacity contingency screen",real_2025_internal_capacity_network_screen,internal_transformer_capacity_screen,78b6a476a4210567b65bb0c79647bfd8aee8d99aed60795a84c4cd864db56825
QX-00007,110,A,BDZ-00115,forward,100,0,50,50,63.56,47.5,133.8105263,True,screened,capacity_network_contingency_screen_no_impedance,network_lines_110kv.csv+transformer_master.csv+real_plan_actions.csv+real_plan_dispatch_playback.csv.gz,电网建模数据_Agent整合版_V1.2,"internal current-capacity, topology-cut and transformer remaining-capacity contingency screen",real_2025_internal_capacity_network_screen,internal_transformer_capacity_screen,78b6a476a4210567b65bb0c79647bfd8aee8d99aed60795a84c4cd864db56825
QX-00007,110,A,BDZ-00115,reverse,100,0,50,50,-0,47.5,-0,False,screened,capacity_network_contingency_screen_no_impedance,network_lines_110kv.csv+transformer_master.csv+real_plan_actions.csv+real_plan_dispatch_playback.csv.gz,电网建模数据_Agent整合版_V1.2,"internal current-capacity, topology-cut and transformer remaining-capacity contingency screen",real_2025_internal_capacity_network_screen,internal_transformer_capacity_screen,78b6a476a4210567b65bb0c79647bfd8aee8d99aed60795a84c4cd864db56825
QX-00007,110,A,BDZ-00137,forward,100,0,50,50,84.78,47.5,178.4842105,True,screened,capacity_network_contingency_screen_no_impedance,network_lines_110kv.csv+transformer_master.csv+real_plan_actions.csv+real_plan_dispatch_playback.csv.gz,电网建模数据_Agent整合版_V1.2,"internal current-capacity, topology-cut and transformer remaining-capacity contingency screen",real_2025_internal_capacity_network_screen,internal_transformer_capacity_screen,78b6a476a4210567b65bb0c79647bfd8aee8d99aed60795a84c4cd864db56825
QX-00007,110,A,BDZ-00137,reverse,100,0,50,50,-0,47.5,-0,False,screened,capacity_network_contingency_screen_no_impedance,network_lines_110kv.csv+transformer_master.csv+real_plan_actions.csv+real_plan_dispatch_playback.csv.gz,电网建模数据_Agent整合版_V1.2,"internal current-capacity, topology-cut and transformer remaining-capacity contingency screen",real_2025_internal_capacity_network_screen,internal_transformer_capacity_screen,78b6a476a4210567b65bb0c79647bfd8aee8d99aed60795a84c4cd864db56825
QX-00007,110,A,BDZ-00139,forward,100,0,50,50,79.56,47.5,167.4947368,True,screened,capacity_network_contingency_screen_no_impedance,network_lines_110kv.csv+transformer_master.csv+real_plan_actions.csv+real_plan_dispatch_playback.csv.gz,电网建模数据_Agent整合版_V1.2,"internal current-capacity, topology-cut and transformer remaining-capacity contingency screen",real_2025_internal_capacity_network_screen,internal_transformer_capacity_screen,78b6a476a4210567b65bb0c79647bfd8aee8d99aed60795a84c4cd864db56825
QX-00007,110,A,BDZ-00139,reverse,100,0,50,50,-0,47.5,-0,False,screened,capacity_network_contingency_screen_no_impedance,network_lines_110kv.csv+transformer_master.csv+real_plan_actions.csv+real_plan_dispatch_playback.csv.gz,电网建模数据_Agent整合版_V1.2,"internal current-capacity, topology-cut and transformer remaining-capacity contingency screen",real_2025_internal_capacity_network_screen,internal_transformer_capacity_screen,78b6a476a4210567b65bb0c79647bfd8aee8d99aed60795a84c4cd864db56825
QX-00007,110,A,BDZ-00148,forward,160,0,80,80,89.03,76,117.1447368,True,screened,capacity_network_contingency_screen_no_impedance,network_lines_110kv.csv+transformer_master.csv+real_plan_actions.csv+real_plan_dispatch_playback.csv.gz,电网建模数据_Agent整合版_V1.2,"internal current-capacity, topology-cut and transformer remaining-capacity contingency screen",real_2025_internal_capacity_network_screen,internal_transformer_capacity_screen,78b6a476a4210567b65bb0c79647bfd8aee8d99aed60795a84c4cd864db56825
QX-00007,110,A,BDZ-00148,reverse,160,0,80,80,-0,76,-0,False,screened,capacity_network_contingency_screen_no_impedance,network_lines_110kv.csv+transformer_master.csv+real_plan_actions.csv+real_plan_dispatch_playback.csv.gz,电网建模数据_Agent整合版_V1.2,"internal current-capacity, topology-cut and transformer remaining-capacity contingency screen",real_2025_internal_capacity_network_screen,internal_transformer_capacity_screen,78b6a476a4210567b65bb0c79647bfd8aee8d99aed60795a84c4cd864db56825
QX-00007,110,A,BDZ-00151,forward,143,0,80,63,110.71,59.85,184.9791145,True,screened,capacity_network_contingency_screen_no_impedance,network_lines_110kv.csv+transformer_master.csv+real_plan_actions.csv+real_plan_dispatch_playback.csv.gz,电网建模数据_Agent整合版_V1.2,"internal current-capacity, topology-cut and transformer remaining-capacity contingency screen",real_2025_internal_capacity_network_screen,internal_transformer_capacity_screen,78b6a476a4210567b65bb0c79647bfd8aee8d99aed60795a84c4cd864db56825
QX-00007,110,A,BDZ-00151,reverse,143,0,80,63,-0,59.85,-0,False,screened,capacity_network_contingency_screen_no_impedance,network_lines_110kv.csv+transformer_master.csv+real_plan_actions.csv+real_plan_dispatch_playback.csv.gz,电网建模数据_Agent整合版_V1.2,"internal current-capacity, topology-cut and transformer remaining-capacity contingency screen",real_2025_internal_capacity_network_screen,internal_transformer_capacity_screen,78b6a476a4210567b65bb0c79647bfd8aee8d99aed60795a84c4cd864db56825
QX-00007,110,A,BDZ-00154,forward,113,0,63,50,16.89,47.5,35.55789474,False,screened,capacity_network_contingency_screen_no_impedance,network_lines_110kv.csv+transformer_master.csv+real_plan_actions.csv+real_plan_dispatch_playback.csv.gz,电网建模数据_Agent整合版_V1.2,"internal current-capacity, topology-cut and transformer remaining-capacity contingency screen",real_2025_internal_capacity_network_screen,internal_transformer_capacity_screen,78b6a476a4210567b65bb0c79647bfd8aee8d99aed60795a84c4cd864db56825
QX-00007,110,A,BDZ-00154,reverse,113,0,63,50,-0,47.5,-0,False,screened,capacity_network_contingency_screen_no_impedance,network_lines_110kv.csv+transformer_master.csv+real_plan_actions.csv+real_plan_dispatch_playback.csv.gz,电网建模数据_Agent整合版_V1.2,"internal current-capacity, topology-cut and transformer remaining-capacity contingency screen",real_2025_internal_capacity_network_screen,internal_transformer_capacity_screen,78b6a476a4210567b65bb0c79647bfd8aee8d99aed60795a84c4cd864db56825
QX-00007,110,A,BDZ-00155,forward,100,0,50,50,47.71,47.5,100.4421053,True,screened,capacity_network_contingency_screen_no_impedance,network_lines_110kv.csv+transformer_master.csv+real_plan_actions.csv+real_plan_dispatch_playback.csv.gz,电网建模数据_Agent整合版_V1.2,"internal current-capacity, topology-cut and transformer remaining-capacity contingency screen",real_2025_internal_capacity_network_screen,internal_transformer_capacity_screen,78b6a476a4210567b65bb0c79647bfd8aee8d99aed60795a84c4cd864db56825
QX-00007,110,A,BDZ-00155,reverse,100,0,50,50,-0,47.5,-0,False,screened,capacity_network_contingency_screen_no_impedance,network_lines_110kv.csv+transformer_master.csv+real_plan_actions.csv+real_plan_dispatch_playback.csv.gz,电网建模数据_Agent整合版_V1.2,"internal current-capacity, topology-cut and transformer remaining-capacity contingency screen",real_2025_internal_capacity_network_screen,internal_transformer_capacity_screen,78b6a476a4210567b65bb0c79647bfd8aee8d99aed60795a84c4cd864db56825
QX-00007,110,A,BDZ-00156,forward,126,0,63,63,79.93,59.85,133.550543,True,screened,capacity_network_contingency_screen_no_impedance,network_lines_110kv.csv+transformer_master.csv+real_plan_actions.csv+real_plan_dispatch_playback.csv.gz,电网建模数据_Agent整合版_V1.2,"internal current-capacity, topology-cut and transformer remaining-capacity contingency screen",real_2025_internal_capacity_network_screen,internal_transformer_capacity_screen,78b6a476a4210567b65bb0c79647bfd8aee8d99aed60795a84c4cd864db56825
QX-00007,110,A,BDZ-00156,reverse,126,0,63,63,-0,59.85,-0,False,screened,capacity_network_contingency_screen_no_impedance,network_lines_110kv.csv+transformer_master.csv+real_plan_actions.csv+real_plan_dispatch_playback.csv.gz,电网建模数据_Agent整合版_V1.2,"internal current-capacity, topology-cut and transformer remaining-capacity contingency screen",real_2025_internal_capacity_network_screen,internal_transformer_capacity_screen,78b6a476a4210567b65bb0c79647bfd8aee8d99aed60795a84c4cd864db56825
QX-00007,110,A,BDZ-00175,forward,150,0,100,50,38.99,47.5,82.08421053,False,screened,capacity_network_contingency_screen_no_impedance,network_lines_110kv.csv+transformer_master.csv+real_plan_actions.csv+real_plan_dispatch_playback.csv.gz,电网建模数据_Agent整合版_V1.2,"internal current-capacity, topology-cut and transformer remaining-capacity contingency screen",real_2025_internal_capacity_network_screen,internal_transformer_capacity_screen,78b6a476a4210567b65bb0c79647bfd8aee8d99aed60795a84c4cd864db56825
QX-00007,110,A,BDZ-00175,reverse,150,0,100,50,-0,47.5,-0,False,screened,capacity_network_contingency_screen_no_impedance,network_lines_110kv.csv+transformer_master.csv+real_plan_actions.csv+real_plan_dispatch_playback.csv.gz,电网建模数据_Agent整合版_V1.2,"internal current-capacity, topology-cut and transformer remaining-capacity contingency screen",real_2025_internal_capacity_network_screen,internal_transformer_capacity_screen,78b6a476a4210567b65bb0c79647bfd8aee8d99aed60795a84c4cd864db56825
QX-00007,110,B,BDZ-00004,forward,100,0,50,50,36.77,47.5,77.41052632,False,screened,capacity_network_contingency_screen_no_impedance,network_lines_110kv.csv+transformer_master.csv+real_plan_actions.csv+real_plan_dispatch_playback.csv.gz,电网建模数据_Agent整合版_V1.2,"internal current-capacity, topology-cut and transformer remaining-capacity contingency screen",real_2025_internal_capacity_network_screen,internal_transformer_capacity_screen,78b6a476a4210567b65bb0c79647bfd8aee8d99aed60795a84c4cd864db56825
QX-00007,110,B,BDZ-00004,reverse,100,0,50,50,3.3,47.5,6.947368421,False,screened,capacity_network_contingency_screen_no_impedance,network_lines_110kv.csv+transformer_master.csv+real_plan_actions.csv+real_plan_dispatch_playback.csv.gz,电网建模数据_Agent整合版_V1.2,"internal current-capacity, topology-cut and transformer remaining-capacity contingency screen",real_2025_internal_capacity_network_screen,internal_transformer_capacity_screen,78b6a476a4210567b65bb0c79647bfd8aee8d99aed60795a84c4cd864db56825
QX-00007,110,B,BDZ-00012,forward,126,0,63,63,34.64,59.85,57.8780284,False,screened,capacity_network_contingency_screen_no_impedance,network_lines_110kv.csv+transformer_master.csv+real_plan_actions.csv+real_plan_dispatch_playback.csv.gz,电网建模数据_Agent整合版_V1.2,"internal current-capacity, topology-cut and transformer remaining-capacity contingency screen",real_2025_internal_capacity_network_screen,internal_transformer_capacity_screen,78b6a476a4210567b65bb0c79647bfd8aee8d99aed60795a84c4cd864db56825
QX-00007,110,B,BDZ-00012,reverse,126,0,63,63,32.21,59.85,53.81787803,False,screened,capacity_network_contingency_screen_no_impedance,network_lines_110kv.csv+transformer_master.csv+real_plan_actions.csv+real_plan_dispatch_playback.csv.gz,电网建模数据_Agent整合版_V1.2,"internal current-capacity, topology-cut and transformer remaining-capacity contingency screen",real_2025_internal_capacity_network_screen,internal_transformer_capacity_screen,78b6a476a4210567b65bb0c79647bfd8aee8d99aed60795a84c4cd864db56825
QX-00007,110,B,BDZ-00013,forward,113,0,63,50,61.2,47.5,128.8421053,True,screened,capacity_network_contingency_screen_no_impedance,network_lines_110kv.csv+transformer_master.csv+real_plan_actions.csv+real_plan_dispatch_playback.csv.gz,电网建模数据_Agent整合版_V1.2,"internal current-capacity, topology-cut and transformer remaining-capacity contingency screen",real_2025_internal_capacity_network_screen,internal_transformer_capacity_screen,78b6a476a4210567b65bb0c79647bfd8aee8d99aed60795a84c4cd864db56825
QX-00007,110,B,BDZ-00013,reverse,113,0,63,50,9.01,47.5,18.96842105,False,screened,capacity_network_contingency_screen_no_impedance,network_lines_110kv.csv+transformer_master.csv+real_plan_actions.csv+real_plan_dispatch_playback.csv.gz,电网建模数据_Agent整合版_V1.2,"internal current-capacity, topology-cut and transformer remaining-capacity contingency screen",real_2025_internal_capacity_network_screen,internal_transformer_capacity_screen,78b6a476a4210567b65bb0c79647bfd8aee8d99aed60795a84c4cd864db56825
QX-00007,110,B,BDZ-00023,forward,160,0,80,80,89.84,76,118.2105263,True,screened,capacity_network_contingency_screen_no_impedance,network_lines_110kv.csv+transformer_master.csv+real_plan_actions.csv+real_plan_dispatch_playback.csv.gz,电网建模数据_Agent整合版_V1.2,"internal current-capacity, topology-cut and transformer remaining-capacity contingency screen",real_2025_internal_capacity_network_screen,internal_transformer_capacity_screen,78b6a476a4210567b65bb0c79647bfd8aee8d99aed60795a84c4cd864db56825
QX-00007,110,B,BDZ-00023,reverse,160,0,80,80,-0,76,-0,False,screened,capacity_network_contingency_screen_no_impedance,network_lines_110kv.csv+transformer_master.csv+real_plan_actions.csv+real_plan_dispatch_playback.csv.gz,电网建模数据_Agent整合版_V1.2,"internal current-capacity, topology-cut and transformer remaining-capacity contingency screen",real_2025_internal_capacity_network_screen,internal_transformer_capacity_screen,78b6a476a4210567b65bb0c79647bfd8aee8d99aed60795a84c4cd864db56825
QX-00007,110,B,BDZ-00024,forward,143,0,80,63,83.17,59.85,138.9640769,True,screened,capacity_network_contingency_screen_no_impedance,network_lines_110kv.csv+transformer_master.csv+real_plan_actions.csv+real_plan_dispatch_playback.csv.gz,电网建模数据_Agent整合版_V1.2,"internal current-capacity, topology-cut and transformer remaining-capacity contingency screen",real_2025_internal_capacity_network_screen,internal_transformer_capacity_screen,78b6a476a4210567b65bb0c79647bfd8aee8d99aed60795a84c4cd864db56825
QX-00007,110,B,BDZ-00024,reverse,143,0,80,63,-0,59.85,-0,False,screened,capacity_network_contingency_screen_no_impedance,network_lines_110kv.csv+transformer_master.csv+real_plan_actions.csv+real_plan_dispatch_playback.csv.gz,电网建模数据_Agent整合版_V1.2,"internal current-capacity, topology-cut and transformer remaining-capacity contingency screen",real_2025_internal_capacity_network_screen,internal_transformer_capacity_screen,78b6a476a4210567b65bb0c79647bfd8aee8d99aed60795a84c4cd864db56825
QX-00007,110,B,BDZ-00036,forward,80,0,40,40,65.57,38,172.5526316,True,screened,capacity_network_contingency_screen_no_impedance,network_lines_110kv.csv+transformer_master.csv+real_plan_actions.csv+real_plan_dispatch_playback.csv.gz,电网建模数据_Agent整合版_V1.2,"internal current-capacity, topology-cut and transformer remaining-capacity contingency screen",real_2025_internal_capacity_network_screen,internal_transformer_capacity_screen,78b6a476a4210567b65bb0c79647bfd8aee8d99aed60795a84c4cd864db56825
QX-00007,110,B,BDZ-00036,reverse,80,0,40,40,-0,38,-0,False,screened,capacity_network_contingency_screen_no_impedance,network_lines_110kv.csv+transformer_master.csv+real_plan_actions.csv+real_plan_dispatch_playback.csv.gz,电网建模数据_Agent整合版_V1.2,"internal current-capacity, topology-cut and transformer remaining-capacity contingency screen",real_2025_internal_capacity_network_screen,internal_transformer_capacity_screen,78b6a476a4210567b65bb0c79647bfd8aee8d99aed60795a84c4cd864db56825
QX-00007,110,B,BDZ-00042,forward,160,0,80,80,73.01,76,96.06578947,False,screened,capacity_network_contingency_screen_no_impedance,network_lines_110kv.csv+transformer_master.csv+real_plan_actions.csv+real_plan_dispatch_playback.csv.gz,电网建模数据_Agent整合版_V1.2,"internal current-capacity, topology-cut and transformer remaining-capacity contingency screen",real_2025_internal_capacity_network_screen,internal_transformer_capacity_screen,78b6a476a4210567b65bb0c79647bfd8aee8d99aed60795a84c4cd864db56825
QX-00007,110,B,BDZ-00042,reverse,160,0,80,80,-0,76,-0,False,screened,capacity_network_contingency_screen_no_impedance,network_lines_110kv.csv+transformer_master.csv+real_plan_actions.csv+real_plan_dispatch_playback.csv.gz,电网建模数据_Agent整合版_V1.2,"internal current-capacity, topology-cut and transformer remaining-capacity contingency screen",real_2025_internal_capacity_network_screen,internal_transformer_capacity_screen,78b6a476a4210567b65bb0c79647bfd8aee8d99aed60795a84c4cd864db56825
QX-00007,110,B,BDZ-00051,forward,100,0,50,50,54.57,47.5,114.8842105,True,screened,capacity_network_contingency_screen_no_impedance,network_lines_110kv.csv+transformer_master.csv+real_plan_actions.csv+real_plan_dispatch_playback.csv.gz,电网建模数据_Agent整合版_V1.2,"internal current-capacity, topology-cut and transformer remaining-capacity contingency screen",real_2025_internal_capacity_network_screen,internal_transformer_capacity_screen,78b6a476a4210567b65bb0c79647bfd8aee8d99aed60795a84c4cd864db56825
QX-00007,110,B,BDZ-00051,reverse,100,0,50,50,-0,47.5,-0,False,screened,capacity_network_contingency_screen_no_impedance,network_lines_110kv.csv+transformer_master.csv+real_plan_actions.csv+real_plan_dispatch_playback.csv.gz,电网建模数据_Agent整合版_V1.2,"internal current-capacity, topology-cut and transformer remaining-capacity contingency screen",real_2025_internal_capacity_network_screen,internal_transformer_capacity_screen,78b6a476a4210567b65bb0c79647bfd8aee8d99aed60795a84c4cd864db56825
QX-00007,110,B,BDZ-00053,forward,126,0,63,63,74.32,59.85,124.1771094,True,screened,capacity_network_contingency_screen_no_impedance,network_lines_110kv.csv+transformer_master.csv+real_plan_actions.csv+real_plan_dispatch_playback.csv.gz,电网建模数据_Agent整合版_V1.2,"internal current-capacity, topology-cut and transformer remaining-capacity contingency screen",real_2025_internal_capacity_network_screen,internal_transformer_capacity_screen,78b6a476a4210567b65bb0c79647bfd8aee8d99aed60795a84c4cd864db56825
QX-00007,110,B,BDZ-00053,reverse,126,0,63,63,-0,59.85,-0,False,screened,capacity_network_contingency_screen_no_impedance,network_lines_110kv.csv+transformer_master.csv+real_plan_actions.csv+real_plan_dispatch_playback.csv.gz,电网建模数据_Agent整合版_V1.2,"internal current-capacity, topology-cut and transformer remaining-capacity contingency screen",real_2025_internal_capacity_network_screen,internal_transformer_capacity_screen,78b6a476a4210567b65bb0c79647bfd8aee8d99aed60795a84c4cd864db56825
QX-00007,110,B,BDZ-00062,forward,126,0,63,63,48.29,59.85,80.68504595,False,screened,capacity_network_contingency_screen_no_impedance,network_lines_110kv.csv+transformer_master.csv+real_plan_actions.csv+real_plan_dispatch_playback.csv.gz,电网建模数据_Agent整合版_V1.2,"internal current-capacity, topology-cut and transformer remaining-capacity contingency screen",real_2025_internal_capacity_network_screen,internal_transformer_capacity_screen,78b6a476a4210567b65bb0c79647bfd8aee8d99aed60795a84c4cd864db56825
QX-00007,110,B,BDZ-00062,reverse,126,0,63,63,-0,59.85,-0,False,screened,capacity_network_contingency_screen_no_impedance,network_lines_110kv.csv+transformer_master.csv+real_plan_actions.csv+real_plan_dispatch_playback.csv.gz,电网建模数据_Agent整合版_V1.2,"internal current-capacity, topology-cut and transformer remaining-capacity contingency screen",real_2025_internal_capacity_network_screen,internal_transformer_capacity_screen,78b6a476a4210567b65bb0c79647bfd8aee8d99aed60795a84c4cd864db56825
QX-00007,110,B,BDZ-00065,forward,160,0,80,80,73.08,76,96.15789474,False,screened,capacity_network_contingency_screen_no_impedance,network_lines_110kv.csv+transformer_master.csv+real_plan_actions.csv+real_plan_dispatch_playback.csv.gz,电网建模数据_Agent整合版_V1.2,"internal current-capacity, topology-cut and transformer remaining-capacity contingency screen",real_2025_internal_capacity_network_screen,internal_transformer_capacity_screen,78b6a476a4210567b65bb0c79647bfd8aee8d99aed60795a84c4cd864db56825
QX-00007,110,B,BDZ-00065,reverse,160,0,80,80,-0,76,-0,False,screened,capacity_network_contingency_screen_no_impedance,network_lines_110kv.csv+transformer_master.csv+real_plan_actions.csv+real_plan_dispatch_playback.csv.gz,电网建模数据_Agent整合版_V1.2,"internal current-capacity, topology-cut and transformer remaining-capacity contingency screen",real_2025_internal_capacity_network_screen,internal_transformer_capacity_screen,78b6a476a4210567b65bb0c79647bfd8aee8d99aed60795a84c4cd864db56825
QX-00007,110,B,BDZ-00074,forward,113,0,63,50,62.57,47.5,131.7263158,True,screened,capacity_network_contingency_screen_no_impedance,network_lines_110kv.csv+transformer_master.csv+real_plan_actions.csv+real_plan_dispatch_playback.csv.gz,电网建模数据_Agent整合版_V1.2,"internal current-capacity, topology-cut and transformer remaining-capacity contingency screen",real_2025_internal_capacity_network_screen,internal_transformer_capacity_screen,78b6a476a4210567b65bb0c79647bfd8aee8d99aed60795a84c4cd864db56825
QX-00007,110,B,BDZ-00074,reverse,113,0,63,50,12.69,47.5,26.71578947,False,screened,capacity_network_contingency_screen_no_impedance,network_lines_110kv.csv+transformer_master.csv+real_plan_actions.csv+real_plan_dispatch_playback.csv.gz,电网建模数据_Agent整合版_V1.2,"internal current-capacity, topology-cut and transformer remaining-capacity contingency screen",real_2025_internal_capacity_network_screen,internal_transformer_capacity_screen,78b6a476a4210567b65bb0c79647bfd8aee8d99aed60795a84c4cd864db56825
QX-00007,110,B,BDZ-00076,forward,100,0,50,50,28.23,47.5,59.43157895,False,screened,capacity_network_contingency_screen_no_impedance,network_lines_110kv.csv+transformer_master.csv+real_plan_actions.csv+real_plan_dispatch_playback.csv.gz,电网建模数据_Agent整合版_V1.2,"internal current-capacity, topology-cut and transformer remaining-capacity contingency screen",real_2025_internal_capacity_network_screen,internal_transformer_capacity_screen,78b6a476a4210567b65bb0c79647bfd8aee8d99aed60795a84c4cd864db56825
QX-00007,110,B,BDZ-00076,reverse,100,0,50,50,-0,47.5,-0,False,screened,capacity_network_contingency_screen_no_impedance,network_lines_110kv.csv+transformer_master.csv+real_plan_actions.csv+real_plan_dispatch_playback.csv.gz,电网建模数据_Agent整合版_V1.2,"internal current-capacity, topology-cut and transformer remaining-capacity contingency screen",real_2025_internal_capacity_network_screen,internal_transformer_capacity_screen,78b6a476a4210567b65bb0c79647bfd8aee8d99aed60795a84c4cd864db56825
QX-00007,110,B,BDZ-00085,forward,126,0,63,63,92.4,59.85,154.3859649,True,screened,capacity_network_contingency_screen_no_impedance,network_lines_110kv.csv+transformer_master.csv+real_plan_actions.csv+real_plan_dispatch_playback.csv.gz,电网建模数据_Agent整合版_V1.2,"internal current-capacity, topology-cut and transformer remaining-capacity contingency screen",real_2025_internal_capacity_network_screen,internal_transformer_capacity_screen,78b6a476a4210567b65bb0c79647bfd8aee8d99aed60795a84c4cd864db56825
QX-00007,110,B,BDZ-00085,reverse,126,0,63,63,9.11,59.85,15.2213868,False,screened,capacity_network_contingency_screen_no_impedance,network_lines_110kv.csv+transformer_master.csv+real_plan_actions.csv+real_plan_dispatch_playback.csv.gz,电网建模数据_Agent整合版_V1.2,"internal current-capacity, topology-cut and transformer remaining-capacity contingency screen",real_2025_internal_capacity_network_screen,internal_transformer_capacity_screen,78b6a476a4210567b65bb0c79647bfd8aee8d99aed60795a84c4cd864db56825
QX-00007,110,B,BDZ-00092,forward,100,0,50,50,10.68,47.5,22.48421053,False,screened,capacity_network_contingency_screen_no_impedance,network_lines_110kv.csv+transformer_master.csv+real_plan_actions.csv+real_plan_dispatch_playback.csv.gz,电网建模数据_Agent整合版_V1.2,"internal current-capacity, topology-cut and transformer remaining-capacity contingency screen",real_2025_internal_capacity_network_screen,internal_transformer_capacity_screen,78b6a476a4210567b65bb0c79647bfd8aee8d99aed60795a84c4cd864db56825
QX-00007,110,B,BDZ-00092,reverse,100,0,50,50,6.4,47.5,13.47368421,False,screened,capacity_network_contingency_screen_no_impedance,network_lines_110kv.csv+transformer_master.csv+real_plan_actions.csv+real_plan_dispatch_playback.csv.gz,电网建模数据_Agent整合版_V1.2,"internal current-capacity, topology-cut and transformer remaining-capacity contingency screen",real_2025_internal_capacity_network_screen,internal_transformer_capacity_screen,78b6a476a4210567b65bb0c79647bfd8aee8d99aed60795a84c4cd864db56825
QX-00007,110,B,BDZ-00094,forward,113,0,63,50,55.8,47.5,117.4736842,True,screened,capacity_network_contingency_screen_no_impedance,network_lines_110kv.csv+transformer_master.csv+real_plan_actions.csv+real_plan_dispatch_playback.csv.gz,电网建模数据_Agent整合版_V1.2,"internal current-capacity, topology-cut and transformer remaining-capacity contingency screen",real_2025_internal_capacity_network_screen,internal_transformer_capacity_screen,78b6a476a4210567b65bb0c79647bfd8aee8d99aed60795a84c4cd864db56825
QX-00007,110,B,BDZ-00094,reverse,113,0,63,50,-0,47.5,-0,False,screened,capacity_network_contingency_screen_no_impedance,network_lines_110kv.csv+transformer_master.csv+real_plan_actions.csv+real_plan_dispatch_playback.csv.gz,电网建模数据_Agent整合版_V1.2,"internal current-capacity, topology-cut and transformer remaining-capacity contingency screen",real_2025_internal_capacity_network_screen,internal_transformer_capacity_screen,78b6a476a4210567b65bb0c79647bfd8aee8d99aed60795a84c4cd864db56825
QX-00007,110,B,BDZ-00102,forward,100,0,50,50,18.56,47.5,39.07368421,False,screened,capacity_network_contingency_screen_no_impedance,network_lines_110kv.csv+transformer_master.csv+real_plan_actions.csv+real_plan_dispatch_playback.csv.gz,电网建模数据_Agent整合版_V1.2,"internal current-capacity, topology-cut and transformer remaining-capacity contingency screen",real_2025_internal_capacity_network_screen,internal_transformer_capacity_screen,78b6a476a4210567b65bb0c79647bfd8aee8d99aed60795a84c4cd864db56825
QX-00007,110,B,BDZ-00102,reverse,100,0,50,50,-0,47.5,-0,False,screened,capacity_network_contingency_screen_no_impedance,network_lines_110kv.csv+transformer_master.csv+real_plan_actions.csv+real_plan_dispatch_playback.csv.gz,电网建模数据_Agent整合版_V1.2,"internal current-capacity, topology-cut and transformer remaining-capacity contingency screen",real_2025_internal_capacity_network_screen,internal_transformer_capacity_screen,78b6a476a4210567b65bb0c79647bfd8aee8d99aed60795a84c4cd864db56825
QX-00007,110,B,BDZ-00103,forward,100,0,50,50,56.34,47.5,118.6105263,True,screened,capacity_network_contingency_screen_no_impedance,network_lines_110kv.csv+transformer_master.csv+real_plan_actions.csv+real_plan_dispatch_playback.csv.gz,电网建模数据_Agent整合版_V1.2,"internal current-capacity, topology-cut and transformer remaining-capacity contingency screen",real_2025_internal_capacity_network_screen,internal_transformer_capacity_screen,78b6a476a4210567b65bb0c79647bfd8aee8d99aed60795a84c4cd864db56825
QX-00007,110,B,BDZ-00103,reverse,100,0,50,50,-0,47.5,-0,False,screened,capacity_network_contingency_screen_no_impedance,network_lines_110kv.csv+transformer_master.csv+real_plan_actions.csv+real_plan_dispatch_playback.csv.gz,电网建模数据_Agent整合版_V1.2,"internal current-capacity, topology-cut and transformer remaining-capacity contingency screen",real_2025_internal_capacity_network_screen,internal_transformer_capacity_screen,78b6a476a4210567b65bb0c79647bfd8aee8d99aed60795a84c4cd864db56825
QX-00007,110,B,BDZ-00106,forward,100,0,50,50,9.32,47.5,19.62105263,False,screened,capacity_network_contingency_screen_no_impedance,network_lines_110kv.csv+transformer_master.csv+real_plan_actions.csv+real_plan_dispatch_playback.csv.gz,电网建模数据_Agent整合版_V1.2,"internal current-capacity, topology-cut and transformer remaining-capacity contingency screen",real_2025_internal_capacity_network_screen,internal_transformer_capacity_screen,78b6a476a4210567b65bb0c79647bfd8aee8d99aed60795a84c4cd864db56825
QX-00007,110,B,BDZ-00106,reverse,100,0,50,50,-0,47.5,-0,False,screened,capacity_network_contingency_screen_no_impedance,network_lines_110kv.csv+transformer_master.csv+real_plan_actions.csv+real_plan_dispatch_playback.csv.gz,电网建模数据_Agent整合版_V1.2,"internal current-capacity, topology-cut and transformer remaining-capacity contingency screen",real_2025_internal_capacity_network_screen,internal_transformer_capacity_screen,78b6a476a4210567b65bb0c79647bfd8aee8d99aed60795a84c4cd864db56825
QX-00007,110,B,BDZ-00110,forward,200,0,100,100,33.11,95,34.85263158,False,screened,capacity_network_contingency_screen_no_impedance,network_lines_110kv.csv+transformer_master.csv+real_plan_actions.csv+real_plan_dispatch_playback.csv.gz,电网建模数据_Agent整合版_V1.2,"internal current-capacity, topology-cut and transformer remaining-capacity contingency screen",real_2025_internal_capacity_network_screen,internal_transformer_capacity_screen,78b6a476a4210567b65bb0c79647bfd8aee8d99aed60795a84c4cd864db56825
QX-00007,110,B,BDZ-00110,reverse,200,0,100,100,-0,95,-0,False,screened,capacity_network_contingency_screen_no_impedance,network_lines_110kv.csv+transformer_master.csv+real_plan_actions.csv+real_plan_dispatch_playback.csv.gz,电网建模数据_Agent整合版_V1.2,"internal current-capacity, topology-cut and transformer remaining-capacity contingency screen",real_2025_internal_capacity_network_screen,internal_transformer_capacity_screen,78b6a476a4210567b65bb0c79647bfd8aee8d99aed60795a84c4cd864db56825
QX-00007,110,B,BDZ-00114,forward,176,0,63,113,95.29,107.35,88.76571961,False,screened,capacity_network_contingency_screen_no_impedance,network_lines_110kv.csv+transformer_master.csv+real_plan_actions.csv+real_plan_dispatch_playback.csv.gz,电网建模数据_Agent整合版_V1.2,"internal current-capacity, topology-cut and transformer remaining-capacity contingency screen",real_2025_internal_capacity_network_screen,internal_transformer_capacity_screen,78b6a476a4210567b65bb0c79647bfd8aee8d99aed60795a84c4cd864db56825
QX-00007,110,B,BDZ-00114,reverse,176,0,63,113,9.69,107.35,9.026548673,False,screened,capacity_network_contingency_screen_no_impedance,network_lines_110kv.csv+transformer_master.csv+real_plan_actions.csv+real_plan_dispatch_playback.csv.gz,电网建模数据_Agent整合版_V1.2,"internal current-capacity, topology-cut and transformer remaining-capacity contingency screen",real_2025_internal_capacity_network_screen,internal_transformer_capacity_screen,78b6a476a4210567b65bb0c79647bfd8aee8d99aed60795a84c4cd864db56825
QX-00007,110,B,BDZ-00115,forward,100,0,50,50,63.56,47.5,133.8105263,True,screened,capacity_network_contingency_screen_no_impedance,network_lines_110kv.csv+transformer_master.csv+real_plan_actions.csv+real_plan_dispatch_playback.csv.gz,电网建模数据_Agent整合版_V1.2,"internal current-capacity, topology-cut and transformer remaining-capacity contingency screen",real_2025_internal_capacity_network_screen,internal_transformer_capacity_screen,78b6a476a4210567b65bb0c79647bfd8aee8d99aed60795a84c4cd864db56825
QX-00007,110,B,BDZ-00115,reverse,100,0,50,50,-0,47.5,-0,False,screened,capacity_network_contingency_screen_no_impedance,network_lines_110kv.csv+transformer_master.csv+real_plan_actions.csv+real_plan_dispatch_playback.csv.gz,电网建模数据_Agent整合版_V1.2,"internal current-capacity, topology-cut and transformer remaining-capacity contingency screen",real_2025_internal_capacity_network_screen,internal_transformer_capacity_screen,78b6a476a4210567b65bb0c79647bfd8aee8d99aed60795a84c4cd864db56825
QX-00007,110,B,BDZ-00137,forward,100,0,50,50,84.78,47.5,178.4842105,True,screened,capacity_network_contingency_screen_no_impedance,network_lines_110kv.csv+transformer_master.csv+real_plan_actions.csv+real_plan_dispatch_playback.csv.gz,电网建模数据_Agent整合版_V1.2,"internal current-capacity, topology-cut and transformer remaining-capacity contingency screen",real_2025_internal_capacity_network_screen,internal_transformer_capacity_screen,78b6a476a4210567b65bb0c79647bfd8aee8d99aed60795a84c4cd864db56825
QX-00007,110,B,BDZ-00137,reverse,100,0,50,50,-0,47.5,-0,False,screened,capacity_network_contingency_screen_no_impedance,network_lines_110kv.csv+transformer_master.csv+real_plan_actions.csv+real_plan_dispatch_playback.csv.gz,电网建模数据_Agent整合版_V1.2,"internal current-capacity, topology-cut and transformer remaining-capacity contingency screen",real_2025_internal_capacity_network_screen,internal_transformer_capacity_screen,78b6a476a4210567b65bb0c79647bfd8aee8d99aed60795a84c4cd864db56825
QX-00007,110,B,BDZ-00139,forward,100,0,50,50,79.56,47.5,167.4947368,True,screened,capacity_network_contingency_screen_no_impedance,network_lines_110kv.csv+transformer_master.csv+real_plan_actions.csv+real_plan_dispatch_playback.csv.gz,电网建模数据_Agent整合版_V1.2,"internal current-capacity, topology-cut and transformer remaining-capacity contingency screen",real_2025_internal_capacity_network_screen,internal_transformer_capacity_screen,78b6a476a4210567b65bb0c79647bfd8aee8d99aed60795a84c4cd864db56825
QX-00007,110,B,BDZ-00139,reverse,100,0,50,50,-0,47.5,-0,False,screened,capacity_network_contingency_screen_no_impedance,network_lines_110kv.csv+transformer_master.csv+real_plan_actions.csv+real_plan_dispatch_playback.csv.gz,电网建模数据_Agent整合版_V1.2,"internal current-capacity, topology-cut and transformer remaining-capacity contingency screen",real_2025_internal_capacity_network_screen,internal_transformer_capacity_screen,78b6a476a4210567b65bb0c79647bfd8aee8d99aed60795a84c4cd864db56825
QX-00007,110,B,BDZ-00148,forward,160,0,80,80,89.03,76,117.1447368,True,screened,capacity_network_contingency_screen_no_impedance,network_lines_110kv.csv+transformer_master.csv+real_plan_actions.csv+real_plan_dispatch_playback.csv.gz,电网建模数据_Agent整合版_V1.2,"internal current-capacity, topology-cut and transformer remaining-capacity contingency screen",real_2025_internal_capacity_network_screen,internal_transformer_capacity_screen,78b6a476a4210567b65bb0c79647bfd8aee8d99aed60795a84c4cd864db56825
QX-00007,110,B,BDZ-00148,reverse,160,0,80,80,-0,76,-0,False,screened,capacity_network_contingency_screen_no_impedance,network_lines_110kv.csv+transformer_master.csv+real_plan_actions.csv+real_plan_dispatch_playback.csv.gz,电网建模数据_Agent整合版_V1.2,"internal current-capacity, topology-cut and transformer remaining-capacity contingency screen",real_2025_internal_capacity_network_screen,internal_transformer_capacity_screen,78b6a476a4210567b65bb0c79647bfd8aee8d99aed60795a84c4cd864db56825
QX-00007,110,B,BDZ-00151,forward,143,0,80,63,110.71,59.85,184.9791145,True,screened,capacity_network_contingency_screen_no_impedance,network_lines_110kv.csv+transformer_master.csv+real_plan_actions.csv+real_plan_dispatch_playback.csv.gz,电网建模数据_Agent整合版_V1.2,"internal current-capacity, topology-cut and transformer remaining-capacity contingency screen",real_2025_internal_capacity_network_screen,internal_transformer_capacity_screen,78b6a476a4210567b65bb0c79647bfd8aee8d99aed60795a84c4cd864db56825
QX-00007,110,B,BDZ-00151,reverse,143,0,80,63,-0,59.85,-0,False,screened,capacity_network_contingency_screen_no_impedance,network_lines_110kv.csv+transformer_master.csv+real_plan_actions.csv+real_plan_dispatch_playback.csv.gz,电网建模数据_Agent整合版_V1.2,"internal current-capacity, topology-cut and transformer remaining-capacity contingency screen",real_2025_internal_capacity_network_screen,internal_transformer_capacity_screen,78b6a476a4210567b65bb0c79647bfd8aee8d99aed60795a84c4cd864db56825
QX-00007,110,B,BDZ-00154,forward,113,0,63,50,16.89,47.5,35.55789474,False,screened,capacity_network_contingency_screen_no_impedance,network_lines_110kv.csv+transformer_master.csv+real_plan_actions.csv+real_plan_dispatch_playback.csv.gz,电网建模数据_Agent整合版_V1.2,"internal current-capacity, topology-cut and transformer remaining-capacity contingency screen",real_2025_internal_capacity_network_screen,internal_transformer_capacity_screen,78b6a476a4210567b65bb0c79647bfd8aee8d99aed60795a84c4cd864db56825
QX-00007,110,B,BDZ-00154,reverse,113,0,63,50,-0,47.5,-0,False,screened,capacity_network_contingency_screen_no_impedance,network_lines_110kv.csv+transformer_master.csv+real_plan_actions.csv+real_plan_dispatch_playback.csv.gz,电网建模数据_Agent整合版_V1.2,"internal current-capacity, topology-cut and transformer remaining-capacity contingency screen",real_2025_internal_capacity_network_screen,internal_transformer_capacity_screen,78b6a476a4210567b65bb0c79647bfd8aee8d99aed60795a84c4cd864db56825
QX-00007,110,B,BDZ-00155,forward,100,0,50,50,47.71,47.5,100.4421053,True,screened,capacity_network_contingency_screen_no_impedance,network_lines_110kv.csv+transformer_master.csv+real_plan_actions.csv+real_plan_dispatch_playback.csv.gz,电网建模数据_Agent整合版_V1.2,"internal current-capacity, topology-cut and transformer remaining-capacity contingency screen",real_2025_internal_capacity_network_screen,internal_transformer_capacity_screen,78b6a476a4210567b65bb0c79647bfd8aee8d99aed60795a84c4cd864db56825
QX-00007,110,B,BDZ-00155,reverse,100,0,50,50,-0,47.5,-0,False,screened,capacity_network_contingency_screen_no_impedance,network_lines_110kv.csv+transformer_master.csv+real_plan_actions.csv+real_plan_dispatch_playback.csv.gz,电网建模数据_Agent整合版_V1.2,"internal current-capacity, topology-cut and transformer remaining-capacity contingency screen",real_2025_internal_capacity_network_screen,internal_transformer_capacity_screen,78b6a476a4210567b65bb0c79647bfd8aee8d99aed60795a84c4cd864db56825
QX-00007,110,B,BDZ-00156,forward,126,0,63,63,79.93,59.85,133.550543,True,screened,capacity_network_contingency_screen_no_impedance,network_lines_110kv.csv+transformer_master.csv+real_plan_actions.csv+real_plan_dispatch_playback.csv.gz,电网建模数据_Agent整合版_V1.2,"internal current-capacity, topology-cut and transformer remaining-capacity contingency screen",real_2025_internal_capacity_network_screen,internal_transformer_capacity_screen,78b6a476a4210567b65bb0c79647bfd8aee8d99aed60795a84c4cd864db56825
QX-00007,110,B,BDZ-00156,reverse,126,0,63,63,-0,59.85,-0,False,screened,capacity_network_contingency_screen_no_impedance,network_lines_110kv.csv+transformer_master.csv+real_plan_actions.csv+real_plan_dispatch_playback.csv.gz,电网建模数据_Agent整合版_V1.2,"internal current-capacity, topology-cut and transformer remaining-capacity contingency screen",real_2025_internal_capacity_network_screen,internal_transformer_capacity_screen,78b6a476a4210567b65bb0c79647bfd8aee8d99aed60795a84c4cd864db56825
QX-00007,110,B,BDZ-00175,forward,150,0,100,50,38.99,47.5,82.08421053,False,screened,capacity_network_contingency_screen_no_impedance,network_lines_110kv.csv+transformer_master.csv+real_plan_actions.csv+real_plan_dispatch_playback.csv.gz,电网建模数据_Agent整合版_V1.2,"internal current-capacity, topology-cut and transformer remaining-capacity contingency screen",real_2025_internal_capacity_network_screen,internal_transformer_capacity_screen,78b6a476a4210567b65bb0c79647bfd8aee8d99aed60795a84c4cd864db56825
QX-00007,110,B,BDZ-00175,reverse,150,0,100,50,-0,47.5,-0,False,screened,capacity_network_contingency_screen_no_impedance,network_lines_110kv.csv+transformer_master.csv+real_plan_actions.csv+real_plan_dispatch_playback.csv.gz,电网建模数据_Agent整合版_V1.2,"internal current-capacity, topology-cut and transformer remaining-capacity contingency screen",real_2025_internal_capacity_network_screen,internal_transformer_capacity_screen,78b6a476a4210567b65bb0c79647bfd8aee8d99aed60795a84c4cd864db56825
QX-00007,110,C0,BDZ-00004,forward,100,0,50,50,36.77,47.5,77.41052632,False,screened,capacity_network_contingency_screen_no_impedance,network_lines_110kv.csv+transformer_master.csv+real_plan_actions.csv+real_plan_dispatch_playback.csv.gz,电网建模数据_Agent整合版_V1.2,"internal current-capacity, topology-cut and transformer remaining-capacity contingency screen",real_2025_internal_capacity_network_screen,internal_transformer_capacity_screen,78b6a476a4210567b65bb0c79647bfd8aee8d99aed60795a84c4cd864db56825
QX-00007,110,C0,BDZ-00004,reverse,100,0,50,50,3.3,47.5,6.947368421,False,screened,capacity_network_contingency_screen_no_impedance,network_lines_110kv.csv+transformer_master.csv+real_plan_actions.csv+real_plan_dispatch_playback.csv.gz,电网建模数据_Agent整合版_V1.2,"internal current-capacity, topology-cut and transformer remaining-capacity contingency screen",real_2025_internal_capacity_network_screen,internal_transformer_capacity_screen,78b6a476a4210567b65bb0c79647bfd8aee8d99aed60795a84c4cd864db56825
QX-00007,110,C0,BDZ-00012,forward,126,0,63,63,34.64,59.85,57.8780284,False,screened,capacity_network_contingency_screen_no_impedance,network_lines_110kv.csv+transformer_master.csv+real_plan_actions.csv+real_plan_dispatch_playback.csv.gz,电网建模数据_Agent整合版_V1.2,"internal current-capacity, topology-cut and transformer remaining-capacity contingency screen",real_2025_internal_capacity_network_screen,internal_transformer_capacity_screen,78b6a476a4210567b65bb0c79647bfd8aee8d99aed60795a84c4cd864db56825
QX-00007,110,C0,BDZ-00012,reverse,126,0,63,63,32.21,59.85,53.81787803,False,screened,capacity_network_contingency_screen_no_impedance,network_lines_110kv.csv+transformer_master.csv+real_plan_actions.csv+real_plan_dispatch_playback.csv.gz,电网建模数据_Agent整合版_V1.2,"internal current-capacity, topology-cut and transformer remaining-capacity contingency screen",real_2025_internal_capacity_network_screen,internal_transformer_capacity_screen,78b6a476a4210567b65bb0c79647bfd8aee8d99aed60795a84c4cd864db56825
QX-00007,110,C0,BDZ-00013,forward,113,0,63,50,61.2,47.5,128.8421053,True,screened,capacity_network_contingency_screen_no_impedance,network_lines_110kv.csv+transformer_master.csv+real_plan_actions.csv+real_plan_dispatch_playback.csv.gz,电网建模数据_Agent整合版_V1.2,"internal current-capacity, topology-cut and transformer remaining-capacity contingency screen",real_2025_internal_capacity_network_screen,internal_transformer_capacity_screen,78b6a476a4210567b65bb0c79647bfd8aee8d99aed60795a84c4cd864db56825
QX-00007,110,C0,BDZ-00013,reverse,113,0,63,50,9.01,47.5,18.96842105,False,screened,capacity_network_contingency_screen_no_impedance,network_lines_110kv.csv+transformer_master.csv+real_plan_actions.csv+real_plan_dispatch_playback.csv.gz,电网建模数据_Agent整合版_V1.2,"internal current-capacity, topology-cut and transformer remaining-capacity contingency screen",real_2025_internal_capacity_network_screen,internal_transformer_capacity_screen,78b6a476a4210567b65bb0c79647bfd8aee8d99aed60795a84c4cd864db56825
QX-00007,110,C0,BDZ-00023,forward,160,0,80,80,89.84,76,118.2105263,True,screened,capacity_network_contingency_screen_no_impedance,network_lines_110kv.csv+transformer_master.csv+real_plan_actions.csv+real_plan_dispatch_playback.csv.gz,电网建模数据_Agent整合版_V1.2,"internal current-capacity, topology-cut and transformer remaining-capacity contingency screen",real_2025_internal_capacity_network_screen,internal_transformer_capacity_screen,78b6a476a4210567b65bb0c79647bfd8aee8d99aed60795a84c4cd864db56825
QX-00007,110,C0,BDZ-00023,reverse,160,0,80,80,0,76,0,False,screened,capacity_network_contingency_screen_no_impedance,network_lines_110kv.csv+transformer_master.csv+real_plan_actions.csv+real_plan_dispatch_playback.csv.gz,电网建模数据_Agent整合版_V1.2,"internal current-capacity, topology-cut and transformer remaining-capacity contingency screen",real_2025_internal_capacity_network_screen,internal_transformer_capacity_screen,78b6a476a4210567b65bb0c79647bfd8aee8d99aed60795a84c4cd864db56825
QX-00007,110,C0,BDZ-00024,forward,143,0,80,63,83.17,59.85,138.9640769,True,screened,capacity_network_contingency_screen_no_impedance,network_lines_110kv.csv+transformer_master.csv+real_plan_actions.csv+real_plan_dispatch_playback.csv.gz,电网建模数据_Agent整合版_V1.2,"internal current-capacity, topology-cut and transformer remaining-capacity contingency screen",real_2025_internal_capacity_network_screen,internal_transformer_capacity_screen,78b6a476a4210567b65bb0c79647bfd8aee8d99aed60795a84c4cd864db56825
QX-00007,110,C0,BDZ-00024,reverse,143,0,80,63,0,59.85,0,False,screened,capacity_network_contingency_screen_no_impedance,network_lines_110kv.csv+transformer_master.csv+real_plan_actions.csv+real_plan_dispatch_playback.csv.gz,电网建模数据_Agent整合版_V1.2,"internal current-capacity, topology-cut and transformer remaining-capacity contingency screen",real_2025_internal_capacity_network_screen,internal_transformer_capacity_screen,78b6a476a4210567b65bb0c79647bfd8aee8d99aed60795a84c4cd864db56825
QX-00007,110,C0,BDZ-00036,forward,80,0,40,40,65.57,38,172.5526316,True,screened,capacity_network_contingency_screen_no_impedance,network_lines_110kv.csv+transformer_master.csv+real_plan_actions.csv+real_plan_dispatch_playback.csv.gz,电网建模数据_Agent整合版_V1.2,"internal current-capacity, topology-cut and transformer remaining-capacity contingency screen",real_2025_internal_capacity_network_screen,internal_transformer_capacity_screen,78b6a476a4210567b65bb0c79647bfd8aee8d99aed60795a84c4cd864db56825
QX-00007,110,C0,BDZ-00036,reverse,80,0,40,40,0,38,0,False,screened,capacity_network_contingency_screen_no_impedance,network_lines_110kv.csv+transformer_master.csv+real_plan_actions.csv+real_plan_dispatch_playback.csv.gz,电网建模数据_Agent整合版_V1.2,"internal current-capacity, topology-cut and transformer remaining-capacity contingency screen",real_2025_internal_capacity_network_screen,internal_transformer_capacity_screen,78b6a476a4210567b65bb0c79647bfd8aee8d99aed60795a84c4cd864db56825
QX-00007,110,C0,BDZ-00042,forward,160,0,80,80,73.01,76,96.06578947,False,screened,capacity_network_contingency_screen_no_impedance,network_lines_110kv.csv+transformer_master.csv+real_plan_actions.csv+real_plan_dispatch_playback.csv.gz,电网建模数据_Agent整合版_V1.2,"internal current-capacity, topology-cut and transformer remaining-capacity contingency screen",real_2025_internal_capacity_network_screen,internal_transformer_capacity_screen,78b6a476a4210567b65bb0c79647bfd8aee8d99aed60795a84c4cd864db56825
QX-00007,110,C0,BDZ-00042,reverse,160,0,80,80,0,76,0,False,screened,capacity_network_contingency_screen_no_impedance,network_lines_110kv.csv+transformer_master.csv+real_plan_actions.csv+real_plan_dispatch_playback.csv.gz,电网建模数据_Agent整合版_V1.2,"internal current-capacity, topology-cut and transformer remaining-capacity contingency screen",real_2025_internal_capacity_network_screen,internal_transformer_capacity_screen,78b6a476a4210567b65bb0c79647bfd8aee8d99aed60795a84c4cd864db56825
QX-00007,110,C0,BDZ-00051,forward,100,0,50,50,54.57,47.5,114.8842105,True,screened,capacity_network_contingency_screen_no_impedance,network_lines_110kv.csv+transformer_master.csv+real_plan_actions.csv+real_plan_dispatch_playback.csv.gz,电网建模数据_Agent整合版_V1.2,"internal current-capacity, topology-cut and transformer remaining-capacity contingency screen",real_2025_internal_capacity_network_screen,internal_transformer_capacity_screen,78b6a476a4210567b65bb0c79647bfd8aee8d99aed60795a84c4cd864db56825
QX-00007,110,C0,BDZ-00051,reverse,100,0,50,50,0,47.5,0,False,screened,capacity_network_contingency_screen_no_impedance,network_lines_110kv.csv+transformer_master.csv+real_plan_actions.csv+real_plan_dispatch_playback.csv.gz,电网建模数据_Agent整合版_V1.2,"internal current-capacity, topology-cut and transformer remaining-capacity contingency screen",real_2025_internal_capacity_network_screen,internal_transformer_capacity_screen,78b6a476a4210567b65bb0c79647bfd8aee8d99aed60795a84c4cd864db56825
QX-00007,110,C0,BDZ-00053,forward,126,0,63,63,74.32,59.85,124.1771094,True,screened,capacity_network_contingency_screen_no_impedance,network_lines_110kv.csv+transformer_master.csv+real_plan_actions.csv+real_plan_dispatch_playback.csv.gz,电网建模数据_Agent整合版_V1.2,"internal current-capacity, topology-cut and transformer remaining-capacity contingency screen",real_2025_internal_capacity_network_screen,internal_transformer_capacity_screen,78b6a476a4210567b65bb0c79647bfd8aee8d99aed60795a84c4cd864db56825
QX-00007,110,C0,BDZ-00053,reverse,126,0,63,63,-0,59.85,-0,False,screened,capacity_network_contingency_screen_no_impedance,network_lines_110kv.csv+transformer_master.csv+real_plan_actions.csv+real_plan_dispatch_playback.csv.gz,电网建模数据_Agent整合版_V1.2,"internal current-capacity, topology-cut and transformer remaining-capacity contingency screen",real_2025_internal_capacity_network_screen,internal_transformer_capacity_screen,78b6a476a4210567b65bb0c79647bfd8aee8d99aed60795a84c4cd864db56825
QX-00007,110,C0,BDZ-00062,forward,126,0,63,63,48.29,59.85,80.68504595,False,screened,capacity_network_contingency_screen_no_impedance,network_lines_110kv.csv+transformer_master.csv+real_plan_actions.csv+real_plan_dispatch_playback.csv.gz,电网建模数据_Agent整合版_V1.2,"internal current-capacity, topology-cut and transformer remaining-capacity contingency screen",real_2025_internal_capacity_network_screen,internal_transformer_capacity_screen,78b6a476a4210567b65bb0c79647bfd8aee8d99aed60795a84c4cd864db56825
QX-00007,110,C0,BDZ-00062,reverse,126,0,63,63,0,59.85,0,False,screened,capacity_network_contingency_screen_no_impedance,network_lines_110kv.csv+transformer_master.csv+real_plan_actions.csv+real_plan_dispatch_playback.csv.gz,电网建模数据_Agent整合版_V1.2,"internal current-capacity, topology-cut and transformer remaining-capacity contingency screen",real_2025_internal_capacity_network_screen,internal_transformer_capacity_screen,78b6a476a4210567b65bb0c79647bfd8aee8d99aed60795a84c4cd864db56825
QX-00007,110,C0,BDZ-00065,forward,160,0,80,80,73.08,76,96.15789474,False,screened,capacity_network_contingency_screen_no_impedance,network_lines_110kv.csv+transformer_master.csv+real_plan_actions.csv+real_plan_dispatch_playback.csv.gz,电网建模数据_Agent整合版_V1.2,"internal current-capacity, topology-cut and transformer remaining-capacity contingency screen",real_2025_internal_capacity_network_screen,internal_transformer_capacity_screen,78b6a476a4210567b65bb0c79647bfd8aee8d99aed60795a84c4cd864db56825
QX-00007,110,C0,BDZ-00065,reverse,160,0,80,80,0,76,0,False,screened,capacity_network_contingency_screen_no_impedance,network_lines_110kv.csv+transformer_master.csv+real_plan_actions.csv+real_plan_dispatch_playback.csv.gz,电网建模数据_Agent整合版_V1.2,"internal current-capacity, topology-cut and transformer remaining-capacity contingency screen",real_2025_internal_capacity_network_screen,internal_transformer_capacity_screen,78b6a476a4210567b65bb0c79647bfd8aee8d99aed60795a84c4cd864db56825
QX-00007,110,C0,BDZ-00074,forward,113,0,63,50,62.57,47.5,131.7263158,True,screened,capacity_network_contingency_screen_no_impedance,network_lines_110kv.csv+transformer_master.csv+real_plan_actions.csv+real_plan_dispatch_playback.csv.gz,电网建模数据_Agent整合版_V1.2,"internal current-capacity, topology-cut and transformer remaining-capacity contingency screen",real_2025_internal_capacity_network_screen,internal_transformer_capacity_screen,78b6a476a4210567b65bb0c79647bfd8aee8d99aed60795a84c4cd864db56825
QX-00007,110,C0,BDZ-00074,reverse,113,0,63,50,12.69,47.5,26.71578947,False,screened,capacity_network_contingency_screen_no_impedance,network_lines_110kv.csv+transformer_master.csv+real_plan_actions.csv+real_plan_dispatch_playback.csv.gz,电网建模数据_Agent整合版_V1.2,"internal current-capacity, topology-cut and transformer remaining-capacity contingency screen",real_2025_internal_capacity_network_screen,internal_transformer_capacity_screen,78b6a476a4210567b65bb0c79647bfd8aee8d99aed60795a84c4cd864db56825
QX-00007,110,C0,BDZ-00076,forward,100,0,50,50,28.23,47.5,59.43157895,False,screened,capacity_network_contingency_screen_no_impedance,network_lines_110kv.csv+transformer_master.csv+real_plan_actions.csv+real_plan_dispatch_playback.csv.gz,电网建模数据_Agent整合版_V1.2,"internal current-capacity, topology-cut and transformer remaining-capacity contingency screen",real_2025_internal_capacity_network_screen,internal_transformer_capacity_screen,78b6a476a4210567b65bb0c79647bfd8aee8d99aed60795a84c4cd864db56825
QX-00007,110,C0,BDZ-00076,reverse,100,0,50,50,0,47.5,0,False,screened,capacity_network_contingency_screen_no_impedance,network_lines_110kv.csv+transformer_master.csv+real_plan_actions.csv+real_plan_dispatch_playback.csv.gz,电网建模数据_Agent整合版_V1.2,"internal current-capacity, topology-cut and transformer remaining-capacity contingency screen",real_2025_internal_capacity_network_screen,internal_transformer_capacity_screen,78b6a476a4210567b65bb0c79647bfd8aee8d99aed60795a84c4cd864db56825
QX-00007,110,C0,BDZ-00085,forward,126,0,63,63,92.4,59.85,154.3859649,True,screened,capacity_network_contingency_screen_no_impedance,network_lines_110kv.csv+transformer_master.csv+real_plan_actions.csv+real_plan_dispatch_playback.csv.gz,电网建模数据_Agent整合版_V1.2,"internal current-capacity, topology-cut and transformer remaining-capacity contingency screen",real_2025_internal_capacity_network_screen,internal_transformer_capacity_screen,78b6a476a4210567b65bb0c79647bfd8aee8d99aed60795a84c4cd864db56825
QX-00007,110,C0,BDZ-00085,reverse,126,0,63,63,9.11,59.85,15.2213868,False,screened,capacity_network_contingency_screen_no_impedance,network_lines_110kv.csv+transformer_master.csv+real_plan_actions.csv+real_plan_dispatch_playback.csv.gz,电网建模数据_Agent整合版_V1.2,"internal current-capacity, topology-cut and transformer remaining-capacity contingency screen",real_2025_internal_capacity_network_screen,internal_transformer_capacity_screen,78b6a476a4210567b65bb0c79647bfd8aee8d99aed60795a84c4cd864db56825
QX-00007,110,C0,BDZ-00092,forward,100,0,50,50,10.68,47.5,22.48421053,False,screened,capacity_network_contingency_screen_no_impedance,network_lines_110kv.csv+transformer_master.csv+real_plan_actions.csv+real_plan_dispatch_playback.csv.gz,电网建模数据_Agent整合版_V1.2,"internal current-capacity, topology-cut and transformer remaining-capacity contingency screen",real_2025_internal_capacity_network_screen,internal_transformer_capacity_screen,78b6a476a4210567b65bb0c79647bfd8aee8d99aed60795a84c4cd864db56825
QX-00007,110,C0,BDZ-00092,reverse,100,0,50,50,6.4,47.5,13.47368421,False,screened,capacity_network_contingency_screen_no_impedance,network_lines_110kv.csv+transformer_master.csv+real_plan_actions.csv+real_plan_dispatch_playback.csv.gz,电网建模数据_Agent整合版_V1.2,"internal current-capacity, topology-cut and transformer remaining-capacity contingency screen",real_2025_internal_capacity_network_screen,internal_transformer_capacity_screen,78b6a476a4210567b65bb0c79647bfd8aee8d99aed60795a84c4cd864db56825
QX-00007,110,C0,BDZ-00094,forward,113,0,63,50,55.8,47.5,117.4736842,True,screened,capacity_network_contingency_screen_no_impedance,network_lines_110kv.csv+transformer_master.csv+real_plan_actions.csv+real_plan_dispatch_playback.csv.gz,电网建模数据_Agent整合版_V1.2,"internal current-capacity, topology-cut and transformer remaining-capacity contingency screen",real_2025_internal_capacity_network_screen,internal_transformer_capacity_screen,78b6a476a4210567b65bb0c79647bfd8aee8d99aed60795a84c4cd864db56825
QX-00007,110,C0,BDZ-00094,reverse,113,0,63,50,0,47.5,0,False,screened,capacity_network_contingency_screen_no_impedance,network_lines_110kv.csv+transformer_master.csv+real_plan_actions.csv+real_plan_dispatch_playback.csv.gz,电网建模数据_Agent整合版_V1.2,"internal current-capacity, topology-cut and transformer remaining-capacity contingency screen",real_2025_internal_capacity_network_screen,internal_transformer_capacity_screen,78b6a476a4210567b65bb0c79647bfd8aee8d99aed60795a84c4cd864db56825
QX-00007,110,C0,BDZ-00102,forward,100,0,50,50,18.56,47.5,39.07368421,False,screened,capacity_network_contingency_screen_no_impedance,network_lines_110kv.csv+transformer_master.csv+real_plan_actions.csv+real_plan_dispatch_playback.csv.gz,电网建模数据_Agent整合版_V1.2,"internal current-capacity, topology-cut and transformer remaining-capacity contingency screen",real_2025_internal_capacity_network_screen,internal_transformer_capacity_screen,78b6a476a4210567b65bb0c79647bfd8aee8d99aed60795a84c4cd864db56825
QX-00007,110,C0,BDZ-00102,reverse,100,0,50,50,0,47.5,0,False,screened,capacity_network_contingency_screen_no_impedance,network_lines_110kv.csv+transformer_master.csv+real_plan_actions.csv+real_plan_dispatch_playback.csv.gz,电网建模数据_Agent整合版_V1.2,"internal current-capacity, topology-cut and transformer remaining-capacity contingency screen",real_2025_internal_capacity_network_screen,internal_transformer_capacity_screen,78b6a476a4210567b65bb0c79647bfd8aee8d99aed60795a84c4cd864db56825
QX-00007,110,C0,BDZ-00103,forward,100,0,50,50,56.34,47.5,118.6105263,True,screened,capacity_network_contingency_screen_no_impedance,network_lines_110kv.csv+transformer_master.csv+real_plan_actions.csv+real_plan_dispatch_playback.csv.gz,电网建模数据_Agent整合版_V1.2,"internal current-capacity, topology-cut and transformer remaining-capacity contingency screen",real_2025_internal_capacity_network_screen,internal_transformer_capacity_screen,78b6a476a4210567b65bb0c79647bfd8aee8d99aed60795a84c4cd864db56825
QX-00007,110,C0,BDZ-00103,reverse,100,0,50,50,0,47.5,0,False,screened,capacity_network_contingency_screen_no_impedance,network_lines_110kv.csv+transformer_master.csv+real_plan_actions.csv+real_plan_dispatch_playback.csv.gz,电网建模数据_Agent整合版_V1.2,"internal current-capacity, topology-cut and transformer remaining-capacity contingency screen",real_2025_internal_capacity_network_screen,internal_transformer_capacity_screen,78b6a476a4210567b65bb0c79647bfd8aee8d99aed60795a84c4cd864db56825
QX-00007,110,C0,BDZ-00106,forward,100,0,50,50,9.32,47.5,19.62105263,False,screened,capacity_network_contingency_screen_no_impedance,network_lines_110kv.csv+transformer_master.csv+real_plan_actions.csv+real_plan_dispatch_playback.csv.gz,电网建模数据_Agent整合版_V1.2,"internal current-capacity, topology-cut and transformer remaining-capacity contingency screen",real_2025_internal_capacity_network_screen,internal_transformer_capacity_screen,78b6a476a4210567b65bb0c79647bfd8aee8d99aed60795a84c4cd864db56825
QX-00007,110,C0,BDZ-00106,reverse,100,0,50,50,-0,47.5,-0,False,screened,capacity_network_contingency_screen_no_impedance,network_lines_110kv.csv+transformer_master.csv+real_plan_actions.csv+real_plan_dispatch_playback.csv.gz,电网建模数据_Agent整合版_V1.2,"internal current-capacity, topology-cut and transformer remaining-capacity contingency screen",real_2025_internal_capacity_network_screen,internal_transformer_capacity_screen,78b6a476a4210567b65bb0c79647bfd8aee8d99aed60795a84c4cd864db56825
QX-00007,110,C0,BDZ-00110,forward,200,0,100,100,33.11,95,34.85263158,False,screened,capacity_network_contingency_screen_no_impedance,network_lines_110kv.csv+transformer_master.csv+real_plan_actions.csv+real_plan_dispatch_playback.csv.gz,电网建模数据_Agent整合版_V1.2,"internal current-capacity, topology-cut and transformer remaining-capacity contingency screen",real_2025_internal_capacity_network_screen,internal_transformer_capacity_screen,78b6a476a4210567b65bb0c79647bfd8aee8d99aed60795a84c4cd864db56825
QX-00007,110,C0,BDZ-00110,reverse,200,0,100,100,0,95,0,False,screened,capacity_network_contingency_screen_no_impedance,network_lines_110kv.csv+transformer_master.csv+real_plan_actions.csv+real_plan_dispatch_playback.csv.gz,电网建模数据_Agent整合版_V1.2,"internal current-capacity, topology-cut and transformer remaining-capacity contingency screen",real_2025_internal_capacity_network_screen,internal_transformer_capacity_screen,78b6a476a4210567b65bb0c79647bfd8aee8d99aed60795a84c4cd864db56825
QX-00007,110,C0,BDZ-00114,forward,176,0,63,113,95.29,107.35,88.76571961,False,screened,capacity_network_contingency_screen_no_impedance,network_lines_110kv.csv+transformer_master.csv+real_plan_actions.csv+real_plan_dispatch_playback.csv.gz,电网建模数据_Agent整合版_V1.2,"internal current-capacity, topology-cut and transformer remaining-capacity contingency screen",real_2025_internal_capacity_network_screen,internal_transformer_capacity_screen,78b6a476a4210567b65bb0c79647bfd8aee8d99aed60795a84c4cd864db56825
QX-00007,110,C0,BDZ-00114,reverse,176,0,63,113,9.69,107.35,9.026548673,False,screened,capacity_network_contingency_screen_no_impedance,network_lines_110kv.csv+transformer_master.csv+real_plan_actions.csv+real_plan_dispatch_playback.csv.gz,电网建模数据_Agent整合版_V1.2,"internal current-capacity, topology-cut and transformer remaining-capacity contingency screen",real_2025_internal_capacity_network_screen,internal_transformer_capacity_screen,78b6a476a4210567b65bb0c79647bfd8aee8d99aed60795a84c4cd864db56825
QX-00007,110,C0,BDZ-00115,forward,100,0,50,50,63.56,47.5,133.8105263,True,screened,capacity_network_contingency_screen_no_impedance,network_lines_110kv.csv+transformer_master.csv+real_plan_actions.csv+real_plan_dispatch_playback.csv.gz,电网建模数据_Agent整合版_V1.2,"internal current-capacity, topology-cut and transformer remaining-capacity contingency screen",real_2025_internal_capacity_network_screen,internal_transformer_capacity_screen,78b6a476a4210567b65bb0c79647bfd8aee8d99aed60795a84c4cd864db56825
QX-00007,110,C0,BDZ-00115,reverse,100,0,50,50,0,47.5,0,False,screened,capacity_network_contingency_screen_no_impedance,network_lines_110kv.csv+transformer_master.csv+real_plan_actions.csv+real_plan_dispatch_playback.csv.gz,电网建模数据_Agent整合版_V1.2,"internal current-capacity, topology-cut and transformer remaining-capacity contingency screen",real_2025_internal_capacity_network_screen,internal_transformer_capacity_screen,78b6a476a4210567b65bb0c79647bfd8aee8d99aed60795a84c4cd864db56825
QX-00007,110,C0,BDZ-00137,forward,100,0,50,50,84.78,47.5,178.4842105,True,screened,capacity_network_contingency_screen_no_impedance,network_lines_110kv.csv+transformer_master.csv+real_plan_actions.csv+real_plan_dispatch_playback.csv.gz,电网建模数据_Agent整合版_V1.2,"internal current-capacity, topology-cut and transformer remaining-capacity contingency screen",real_2025_internal_capacity_network_screen,internal_transformer_capacity_screen,78b6a476a4210567b65bb0c79647bfd8aee8d99aed60795a84c4cd864db56825
QX-00007,110,C0,BDZ-00137,reverse,100,0,50,50,0,47.5,0,False,screened,capacity_network_contingency_screen_no_impedance,network_lines_110kv.csv+transformer_master.csv+real_plan_actions.csv+real_plan_dispatch_playback.csv.gz,电网建模数据_Agent整合版_V1.2,"internal current-capacity, topology-cut and transformer remaining-capacity contingency screen",real_2025_internal_capacity_network_screen,internal_transformer_capacity_screen,78b6a476a4210567b65bb0c79647bfd8aee8d99aed60795a84c4cd864db56825
QX-00007,110,C0,BDZ-00139,forward,100,0,50,50,79.56,47.5,167.4947368,True,screened,capacity_network_contingency_screen_no_impedance,network_lines_110kv.csv+transformer_master.csv+real_plan_actions.csv+real_plan_dispatch_playback.csv.gz,电网建模数据_Agent整合版_V1.2,"internal current-capacity, topology-cut and transformer remaining-capacity contingency screen",real_2025_internal_capacity_network_screen,internal_transformer_capacity_screen,78b6a476a4210567b65bb0c79647bfd8aee8d99aed60795a84c4cd864db56825
QX-00007,110,C0,BDZ-00139,reverse,100,0,50,50,0,47.5,0,False,screened,capacity_network_contingency_screen_no_impedance,network_lines_110kv.csv+transformer_master.csv+real_plan_actions.csv+real_plan_dispatch_playback.csv.gz,电网建模数据_Agent整合版_V1.2,"internal current-capacity, topology-cut and transformer remaining-capacity contingency screen",real_2025_internal_capacity_network_screen,internal_transformer_capacity_screen,78b6a476a4210567b65bb0c79647bfd8aee8d99aed60795a84c4cd864db56825
QX-00007,110,C0,BDZ-00148,forward,160,0,80,80,89.03,76,117.1447368,True,screened,capacity_network_contingency_screen_no_impedance,network_lines_110kv.csv+transformer_master.csv+real_plan_actions.csv+real_plan_dispatch_playback.csv.gz,电网建模数据_Agent整合版_V1.2,"internal current-capacity, topology-cut and transformer remaining-capacity contingency screen",real_2025_internal_capacity_network_screen,internal_transformer_capacity_screen,78b6a476a4210567b65bb0c79647bfd8aee8d99aed60795a84c4cd864db56825
QX-00007,110,C0,BDZ-00148,reverse,160,0,80,80,0,76,0,False,screened,capacity_network_contingency_screen_no_impedance,network_lines_110kv.csv+transformer_master.csv+real_plan_actions.csv+real_plan_dispatch_playback.csv.gz,电网建模数据_Agent整合版_V1.2,"internal current-capacity, topology-cut and transformer remaining-capacity contingency screen",real_2025_internal_capacity_network_screen,internal_transformer_capacity_screen,78b6a476a4210567b65bb0c79647bfd8aee8d99aed60795a84c4cd864db56825
QX-00007,110,C0,BDZ-00151,forward,143,0,80,63,110.71,59.85,184.9791145,True,screened,capacity_network_contingency_screen_no_impedance,network_lines_110kv.csv+transformer_master.csv+real_plan_actions.csv+real_plan_dispatch_playback.csv.gz,电网建模数据_Agent整合版_V1.2,"internal current-capacity, topology-cut and transformer remaining-capacity contingency screen",real_2025_internal_capacity_network_screen,internal_transformer_capacity_screen,78b6a476a4210567b65bb0c79647bfd8aee8d99aed60795a84c4cd864db56825
QX-00007,110,C0,BDZ-00151,reverse,143,0,80,63,0,59.85,0,False,screened,capacity_network_contingency_screen_no_impedance,network_lines_110kv.csv+transformer_master.csv+real_plan_actions.csv+real_plan_dispatch_playback.csv.gz,电网建模数据_Agent整合版_V1.2,"internal current-capacity, topology-cut and transformer remaining-capacity contingency screen",real_2025_internal_capacity_network_screen,internal_transformer_capacity_screen,78b6a476a4210567b65bb0c79647bfd8aee8d99aed60795a84c4cd864db56825
QX-00007,110,C0,BDZ-00154,forward,113,0,63,50,16.89,47.5,35.55789474,False,screened,capacity_network_contingency_screen_no_impedance,network_lines_110kv.csv+transformer_master.csv+real_plan_actions.csv+real_plan_dispatch_playback.csv.gz,电网建模数据_Agent整合版_V1.2,"internal current-capacity, topology-cut and transformer remaining-capacity contingency screen",real_2025_internal_capacity_network_screen,internal_transformer_capacity_screen,78b6a476a4210567b65bb0c79647bfd8aee8d99aed60795a84c4cd864db56825
QX-00007,110,C0,BDZ-00154,reverse,113,0,63,50,0,47.5,0,False,screened,capacity_network_contingency_screen_no_impedance,network_lines_110kv.csv+transformer_master.csv+real_plan_actions.csv+real_plan_dispatch_playback.csv.gz,电网建模数据_Agent整合版_V1.2,"internal current-capacity, topology-cut and transformer remaining-capacity contingency screen",real_2025_internal_capacity_network_screen,internal_transformer_capacity_screen,78b6a476a4210567b65bb0c79647bfd8aee8d99aed60795a84c4cd864db56825
QX-00007,110,C0,BDZ-00155,forward,100,0,50,50,47.71,47.5,100.4421053,True,screened,capacity_network_contingency_screen_no_impedance,network_lines_110kv.csv+transformer_master.csv+real_plan_actions.csv+real_plan_dispatch_playback.csv.gz,电网建模数据_Agent整合版_V1.2,"internal current-capacity, topology-cut and transformer remaining-capacity contingency screen",real_2025_internal_capacity_network_screen,internal_transformer_capacity_screen,78b6a476a4210567b65bb0c79647bfd8aee8d99aed60795a84c4cd864db56825
QX-00007,110,C0,BDZ-00155,reverse,100,0,50,50,0,47.5,0,False,screened,capacity_network_contingency_screen_no_impedance,network_lines_110kv.csv+transformer_master.csv+real_plan_actions.csv+real_plan_dispatch_playback.csv.gz,电网建模数据_Agent整合版_V1.2,"internal current-capacity, topology-cut and transformer remaining-capacity contingency screen",real_2025_internal_capacity_network_screen,internal_transformer_capacity_screen,78b6a476a4210567b65bb0c79647bfd8aee8d99aed60795a84c4cd864db56825
QX-00007,110,C0,BDZ-00156,forward,126,0,63,63,79.93,59.85,133.550543,True,screened,capacity_network_contingency_screen_no_impedance,network_lines_110kv.csv+transformer_master.csv+real_plan_actions.csv+real_plan_dispatch_playback.csv.gz,电网建模数据_Agent整合版_V1.2,"internal current-capacity, topology-cut and transformer remaining-capacity contingency screen",real_2025_internal_capacity_network_screen,internal_transformer_capacity_screen,78b6a476a4210567b65bb0c79647bfd8aee8d99aed60795a84c4cd864db56825
QX-00007,110,C0,BDZ-00156,reverse,126,0,63,63,0,59.85,0,False,screened,capacity_network_contingency_screen_no_impedance,network_lines_110kv.csv+transformer_master.csv+real_plan_actions.csv+real_plan_dispatch_playback.csv.gz,电网建模数据_Agent整合版_V1.2,"internal current-capacity, topology-cut and transformer remaining-capacity contingency screen",real_2025_internal_capacity_network_screen,internal_transformer_capacity_screen,78b6a476a4210567b65bb0c79647bfd8aee8d99aed60795a84c4cd864db56825
QX-00007,110,C0,BDZ-00175,forward,150,0,100,50,38.99,47.5,82.08421053,False,screened,capacity_network_contingency_screen_no_impedance,network_lines_110kv.csv+transformer_master.csv+real_plan_actions.csv+real_plan_dispatch_playback.csv.gz,电网建模数据_Agent整合版_V1.2,"internal current-capacity, topology-cut and transformer remaining-capacity contingency screen",real_2025_internal_capacity_network_screen,internal_transformer_capacity_screen,78b6a476a4210567b65bb0c79647bfd8aee8d99aed60795a84c4cd864db56825
QX-00007,110,C0,BDZ-00175,reverse,150,0,100,50,0,47.5,0,False,screened,capacity_network_contingency_screen_no_impedance,network_lines_110kv.csv+transformer_master.csv+real_plan_actions.csv+real_plan_dispatch_playback.csv.gz,电网建模数据_Agent整合版_V1.2,"internal current-capacity, topology-cut and transformer remaining-capacity contingency screen",real_2025_internal_capacity_network_screen,internal_transformer_capacity_screen,78b6a476a4210567b65bb0c79647bfd8aee8d99aed60795a84c4cd864db56825
QX-00008,110,A,BDZ-00003,forward,100,0,50,50,,47.5,,False,not_run_scheme_infeasible,capacity_network_contingency_screen_no_impedance,network_lines_110kv.csv+transformer_master.csv+real_plan_actions.csv+real_plan_dispatch_playback.csv.gz,电网建模数据_Agent整合版_V1.2,"internal current-capacity, topology-cut and transformer remaining-capacity contingency screen",real_2025_internal_capacity_network_screen,internal_transformer_capacity_screen,78b6a476a4210567b65bb0c79647bfd8aee8d99aed60795a84c4cd864db56825
QX-00008,110,A,BDZ-00003,reverse,100,0,50,50,,47.5,,False,not_run_scheme_infeasible,capacity_network_contingency_screen_no_impedance,network_lines_110kv.csv+transformer_master.csv+real_plan_actions.csv+real_plan_dispatch_playback.csv.gz,电网建模数据_Agent整合版_V1.2,"internal current-capacity, topology-cut and transformer remaining-capacity contingency screen",real_2025_internal_capacity_network_screen,internal_transformer_capacity_screen,78b6a476a4210567b65bb0c79647bfd8aee8d99aed60795a84c4cd864db56825
QX-00008,110,A,BDZ-00030,forward,100,0,50,50,,47.5,,False,not_run_scheme_infeasible,capacity_network_contingency_screen_no_impedance,network_lines_110kv.csv+transformer_master.csv+real_plan_actions.csv+real_plan_dispatch_playback.csv.gz,电网建模数据_Agent整合版_V1.2,"internal current-capacity, topology-cut and transformer remaining-capacity contingency screen",real_2025_internal_capacity_network_screen,internal_transformer_capacity_screen,78b6a476a4210567b65bb0c79647bfd8aee8d99aed60795a84c4cd864db56825
QX-00008,110,A,BDZ-00030,reverse,100,0,50,50,,47.5,,False,not_run_scheme_infeasible,capacity_network_contingency_screen_no_impedance,network_lines_110kv.csv+transformer_master.csv+real_plan_actions.csv+real_plan_dispatch_playback.csv.gz,电网建模数据_Agent整合版_V1.2,"internal current-capacity, topology-cut and transformer remaining-capacity contingency screen",real_2025_internal_capacity_network_screen,internal_transformer_capacity_screen,78b6a476a4210567b65bb0c79647bfd8aee8d99aed60795a84c4cd864db56825
QX-00008,110,A,BDZ-00038,forward,100,0,50,50,,47.5,,False,not_run_scheme_infeasible,capacity_network_contingency_screen_no_impedance,network_lines_110kv.csv+transformer_master.csv+real_plan_actions.csv+real_plan_dispatch_playback.csv.gz,电网建模数据_Agent整合版_V1.2,"internal current-capacity, topology-cut and transformer remaining-capacity contingency screen",real_2025_internal_capacity_network_screen,internal_transformer_capacity_screen,78b6a476a4210567b65bb0c79647bfd8aee8d99aed60795a84c4cd864db56825
QX-00008,110,A,BDZ-00038,reverse,100,0,50,50,,47.5,,False,not_run_scheme_infeasible,capacity_network_contingency_screen_no_impedance,network_lines_110kv.csv+transformer_master.csv+real_plan_actions.csv+real_plan_dispatch_playback.csv.gz,电网建模数据_Agent整合版_V1.2,"internal current-capacity, topology-cut and transformer remaining-capacity contingency screen",real_2025_internal_capacity_network_screen,internal_transformer_capacity_screen,78b6a476a4210567b65bb0c79647bfd8aee8d99aed60795a84c4cd864db56825
QX-00008,110,A,BDZ-00043,forward,63,0,31.5,31.5,,29.925,,False,not_run_scheme_infeasible,capacity_network_contingency_screen_no_impedance,network_lines_110kv.csv+transformer_master.csv+real_plan_actions.csv+real_plan_dispatch_playback.csv.gz,电网建模数据_Agent整合版_V1.2,"internal current-capacity, topology-cut and transformer remaining-capacity contingency screen",real_2025_internal_capacity_network_screen,internal_transformer_capacity_screen,78b6a476a4210567b65bb0c79647bfd8aee8d99aed60795a84c4cd864db56825
QX-00008,110,A,BDZ-00043,reverse,63,0,31.5,31.5,,29.925,,False,not_run_scheme_infeasible,capacity_network_contingency_screen_no_impedance,network_lines_110kv.csv+transformer_master.csv+real_plan_actions.csv+real_plan_dispatch_playback.csv.gz,电网建模数据_Agent整合版_V1.2,"internal current-capacity, topology-cut and transformer remaining-capacity contingency screen",real_2025_internal_capacity_network_screen,internal_transformer_capacity_screen,78b6a476a4210567b65bb0c79647bfd8aee8d99aed60795a84c4cd864db56825
QX-00008,110,A,BDZ-00045,forward,100,0,50,50,,47.5,,False,not_run_scheme_infeasible,capacity_network_contingency_screen_no_impedance,network_lines_110kv.csv+transformer_master.csv+real_plan_actions.csv+real_plan_dispatch_playback.csv.gz,电网建模数据_Agent整合版_V1.2,"internal current-capacity, topology-cut and transformer remaining-capacity contingency screen",real_2025_internal_capacity_network_screen,internal_transformer_capacity_screen,78b6a476a4210567b65bb0c79647bfd8aee8d99aed60795a84c4cd864db56825
QX-00008,110,A,BDZ-00045,reverse,100,0,50,50,,47.5,,False,not_run_scheme_infeasible,capacity_network_contingency_screen_no_impedance,network_lines_110kv.csv+transformer_master.csv+real_plan_actions.csv+real_plan_dispatch_playback.csv.gz,电网建模数据_Agent整合版_V1.2,"internal current-capacity, topology-cut and transformer remaining-capacity contingency screen",real_2025_internal_capacity_network_screen,internal_transformer_capacity_screen,78b6a476a4210567b65bb0c79647bfd8aee8d99aed60795a84c4cd864db56825
QX-00008,110,A,BDZ-00063,forward,100,0,50,50,,47.5,,False,not_run_scheme_infeasible,capacity_network_contingency_screen_no_impedance,network_lines_110kv.csv+transformer_master.csv+real_plan_actions.csv+real_plan_dispatch_playback.csv.gz,电网建模数据_Agent整合版_V1.2,"internal current-capacity, topology-cut and transformer remaining-capacity contingency screen",real_2025_internal_capacity_network_screen,internal_transformer_capacity_screen,78b6a476a4210567b65bb0c79647bfd8aee8d99aed60795a84c4cd864db56825
QX-00008,110,A,BDZ-00063,reverse,100,0,50,50,,47.5,,False,not_run_scheme_infeasible,capacity_network_contingency_screen_no_impedance,network_lines_110kv.csv+transformer_master.csv+real_plan_actions.csv+real_plan_dispatch_playback.csv.gz,电网建模数据_Agent整合版_V1.2,"internal current-capacity, topology-cut and transformer remaining-capacity contingency screen",real_2025_internal_capacity_network_screen,internal_transformer_capacity_screen,78b6a476a4210567b65bb0c79647bfd8aee8d99aed60795a84c4cd864db56825
QX-00008,110,A,BDZ-00066,forward,100,0,50,50,,47.5,,False,not_run_scheme_infeasible,capacity_network_contingency_screen_no_impedance,network_lines_110kv.csv+transformer_master.csv+real_plan_actions.csv+real_plan_dispatch_playback.csv.gz,电网建模数据_Agent整合版_V1.2,"internal current-capacity, topology-cut and transformer remaining-capacity contingency screen",real_2025_internal_capacity_network_screen,internal_transformer_capacity_screen,78b6a476a4210567b65bb0c79647bfd8aee8d99aed60795a84c4cd864db56825
QX-00008,110,A,BDZ-00066,reverse,100,0,50,50,,47.5,,False,not_run_scheme_infeasible,capacity_network_contingency_screen_no_impedance,network_lines_110kv.csv+transformer_master.csv+real_plan_actions.csv+real_plan_dispatch_playback.csv.gz,电网建模数据_Agent整合版_V1.2,"internal current-capacity, topology-cut and transformer remaining-capacity contingency screen",real_2025_internal_capacity_network_screen,internal_transformer_capacity_screen,78b6a476a4210567b65bb0c79647bfd8aee8d99aed60795a84c4cd864db56825
QX-00008,110,A,BDZ-00067,forward,100,0,50,50,,47.5,,False,not_run_scheme_infeasible,capacity_network_contingency_screen_no_impedance,network_lines_110kv.csv+transformer_master.csv+real_plan_actions.csv+real_plan_dispatch_playback.csv.gz,电网建模数据_Agent整合版_V1.2,"internal current-capacity, topology-cut and transformer remaining-capacity contingency screen",real_2025_internal_capacity_network_screen,internal_transformer_capacity_screen,78b6a476a4210567b65bb0c79647bfd8aee8d99aed60795a84c4cd864db56825
QX-00008,110,A,BDZ-00067,reverse,100,0,50,50,,47.5,,False,not_run_scheme_infeasible,capacity_network_contingency_screen_no_impedance,network_lines_110kv.csv+transformer_master.csv+real_plan_actions.csv+real_plan_dispatch_playback.csv.gz,电网建模数据_Agent整合版_V1.2,"internal current-capacity, topology-cut and transformer remaining-capacity contingency screen",real_2025_internal_capacity_network_screen,internal_transformer_capacity_screen,78b6a476a4210567b65bb0c79647bfd8aee8d99aed60795a84c4cd864db56825
QX-00008,110,A,BDZ-00070,forward,100,0,50,50,,47.5,,False,not_run_scheme_infeasible,capacity_network_contingency_screen_no_impedance,network_lines_110kv.csv+transformer_master.csv+real_plan_actions.csv+real_plan_dispatch_playback.csv.gz,电网建模数据_Agent整合版_V1.2,"internal current-capacity, topology-cut and transformer remaining-capacity contingency screen",real_2025_internal_capacity_network_screen,internal_transformer_capacity_screen,78b6a476a4210567b65bb0c79647bfd8aee8d99aed60795a84c4cd864db56825
QX-00008,110,A,BDZ-00070,reverse,100,0,50,50,,47.5,,False,not_run_scheme_infeasible,capacity_network_contingency_screen_no_impedance,network_lines_110kv.csv+transformer_master.csv+real_plan_actions.csv+real_plan_dispatch_playback.csv.gz,电网建模数据_Agent整合版_V1.2,"internal current-capacity, topology-cut and transformer remaining-capacity contingency screen",real_2025_internal_capacity_network_screen,internal_transformer_capacity_screen,78b6a476a4210567b65bb0c79647bfd8aee8d99aed60795a84c4cd864db56825
QX-00008,110,A,BDZ-00073,forward,100,0,50,50,,47.5,,False,not_run_scheme_infeasible,capacity_network_contingency_screen_no_impedance,network_lines_110kv.csv+transformer_master.csv+real_plan_actions.csv+real_plan_dispatch_playback.csv.gz,电网建模数据_Agent整合版_V1.2,"internal current-capacity, topology-cut and transformer remaining-capacity contingency screen",real_2025_internal_capacity_network_screen,internal_transformer_capacity_screen,78b6a476a4210567b65bb0c79647bfd8aee8d99aed60795a84c4cd864db56825
QX-00008,110,A,BDZ-00073,reverse,100,0,50,50,,47.5,,False,not_run_scheme_infeasible,capacity_network_contingency_screen_no_impedance,network_lines_110kv.csv+transformer_master.csv+real_plan_actions.csv+real_plan_dispatch_playback.csv.gz,电网建模数据_Agent整合版_V1.2,"internal current-capacity, topology-cut and transformer remaining-capacity contingency screen",real_2025_internal_capacity_network_screen,internal_transformer_capacity_screen,78b6a476a4210567b65bb0c79647bfd8aee8d99aed60795a84c4cd864db56825
QX-00008,110,A,BDZ-00081,forward,63,0,31.5,31.5,,29.925,,False,not_run_scheme_infeasible,capacity_network_contingency_screen_no_impedance,network_lines_110kv.csv+transformer_master.csv+real_plan_actions.csv+real_plan_dispatch_playback.csv.gz,电网建模数据_Agent整合版_V1.2,"internal current-capacity, topology-cut and transformer remaining-capacity contingency screen",real_2025_internal_capacity_network_screen,internal_transformer_capacity_screen,78b6a476a4210567b65bb0c79647bfd8aee8d99aed60795a84c4cd864db56825
QX-00008,110,A,BDZ-00081,reverse,63,0,31.5,31.5,,29.925,,False,not_run_scheme_infeasible,capacity_network_contingency_screen_no_impedance,network_lines_110kv.csv+transformer_master.csv+real_plan_actions.csv+real_plan_dispatch_playback.csv.gz,电网建模数据_Agent整合版_V1.2,"internal current-capacity, topology-cut and transformer remaining-capacity contingency screen",real_2025_internal_capacity_network_screen,internal_transformer_capacity_screen,78b6a476a4210567b65bb0c79647bfd8aee8d99aed60795a84c4cd864db56825
QX-00008,110,A,BDZ-00100,forward,130,0,80,50,,47.5,,False,not_run_scheme_infeasible,capacity_network_contingency_screen_no_impedance,network_lines_110kv.csv+transformer_master.csv+real_plan_actions.csv+real_plan_dispatch_playback.csv.gz,电网建模数据_Agent整合版_V1.2,"internal current-capacity, topology-cut and transformer remaining-capacity contingency screen",real_2025_internal_capacity_network_screen,internal_transformer_capacity_screen,78b6a476a4210567b65bb0c79647bfd8aee8d99aed60795a84c4cd864db56825
QX-00008,110,A,BDZ-00100,reverse,130,0,80,50,,47.5,,False,not_run_scheme_infeasible,capacity_network_contingency_screen_no_impedance,network_lines_110kv.csv+transformer_master.csv+real_plan_actions.csv+real_plan_dispatch_playback.csv.gz,电网建模数据_Agent整合版_V1.2,"internal current-capacity, topology-cut and transformer remaining-capacity contingency screen",real_2025_internal_capacity_network_screen,internal_transformer_capacity_screen,78b6a476a4210567b65bb0c79647bfd8aee8d99aed60795a84c4cd864db56825
QX-00008,110,A,BDZ-00104,forward,81.5,0,50,31.5,,29.925,,False,not_run_scheme_infeasible,capacity_network_contingency_screen_no_impedance,network_lines_110kv.csv+transformer_master.csv+real_plan_actions.csv+real_plan_dispatch_playback.csv.gz,电网建模数据_Agent整合版_V1.2,"internal current-capacity, topology-cut and transformer remaining-capacity contingency screen",real_2025_internal_capacity_network_screen,internal_transformer_capacity_screen,78b6a476a4210567b65bb0c79647bfd8aee8d99aed60795a84c4cd864db56825
QX-00008,110,A,BDZ-00104,reverse,81.5,0,50,31.5,,29.925,,False,not_run_scheme_infeasible,capacity_network_contingency_screen_no_impedance,network_lines_110kv.csv+transformer_master.csv+real_plan_actions.csv+real_plan_dispatch_playback.csv.gz,电网建模数据_Agent整合版_V1.2,"internal current-capacity, topology-cut and transformer remaining-capacity contingency screen",real_2025_internal_capacity_network_screen,internal_transformer_capacity_screen,78b6a476a4210567b65bb0c79647bfd8aee8d99aed60795a84c4cd864db56825
QX-00008,110,A,BDZ-00107,forward,100,0,50,50,,47.5,,False,not_run_scheme_infeasible,capacity_network_contingency_screen_no_impedance,network_lines_110kv.csv+transformer_master.csv+real_plan_actions.csv+real_plan_dispatch_playback.csv.gz,电网建模数据_Agent整合版_V1.2,"internal current-capacity, topology-cut and transformer remaining-capacity contingency screen",real_2025_internal_capacity_network_screen,internal_transformer_capacity_screen,78b6a476a4210567b65bb0c79647bfd8aee8d99aed60795a84c4cd864db56825
QX-00008,110,A,BDZ-00107,reverse,100,0,50,50,,47.5,,False,not_run_scheme_infeasible,capacity_network_contingency_screen_no_impedance,network_lines_110kv.csv+transformer_master.csv+real_plan_actions.csv+real_plan_dispatch_playback.csv.gz,电网建模数据_Agent整合版_V1.2,"internal current-capacity, topology-cut and transformer remaining-capacity contingency screen",real_2025_internal_capacity_network_screen,internal_transformer_capacity_screen,78b6a476a4210567b65bb0c79647bfd8aee8d99aed60795a84c4cd864db56825
QX-00008,110,A,BDZ-00121,forward,90,0,50,40,,38,,False,not_run_scheme_infeasible,capacity_network_contingency_screen_no_impedance,network_lines_110kv.csv+transformer_master.csv+real_plan_actions.csv+real_plan_dispatch_playback.csv.gz,电网建模数据_Agent整合版_V1.2,"internal current-capacity, topology-cut and transformer remaining-capacity contingency screen",real_2025_internal_capacity_network_screen,internal_transformer_capacity_screen,78b6a476a4210567b65bb0c79647bfd8aee8d99aed60795a84c4cd864db56825
QX-00008,110,A,BDZ-00121,reverse,90,0,50,40,,38,,False,not_run_scheme_infeasible,capacity_network_contingency_screen_no_impedance,network_lines_110kv.csv+transformer_master.csv+real_plan_actions.csv+real_plan_dispatch_playback.csv.gz,电网建模数据_Agent整合版_V1.2,"internal current-capacity, topology-cut and transformer remaining-capacity contingency screen",real_2025_internal_capacity_network_screen,internal_transformer_capacity_screen,78b6a476a4210567b65bb0c79647bfd8aee8d99aed60795a84c4cd864db56825
QX-00008,110,A,BDZ-00125,forward,160,0,80,80,,76,,False,not_run_scheme_infeasible,capacity_network_contingency_screen_no_impedance,network_lines_110kv.csv+transformer_master.csv+real_plan_actions.csv+real_plan_dispatch_playback.csv.gz,电网建模数据_Agent整合版_V1.2,"internal current-capacity, topology-cut and transformer remaining-capacity contingency screen",real_2025_internal_capacity_network_screen,internal_transformer_capacity_screen,78b6a476a4210567b65bb0c79647bfd8aee8d99aed60795a84c4cd864db56825
QX-00008,110,A,BDZ-00125,reverse,160,0,80,80,,76,,False,not_run_scheme_infeasible,capacity_network_contingency_screen_no_impedance,network_lines_110kv.csv+transformer_master.csv+real_plan_actions.csv+real_plan_dispatch_playback.csv.gz,电网建模数据_Agent整合版_V1.2,"internal current-capacity, topology-cut and transformer remaining-capacity contingency screen",real_2025_internal_capacity_network_screen,internal_transformer_capacity_screen,78b6a476a4210567b65bb0c79647bfd8aee8d99aed60795a84c4cd864db56825
QX-00008,110,A,BDZ-00138,forward,100,0,50,50,,47.5,,False,not_run_scheme_infeasible,capacity_network_contingency_screen_no_impedance,network_lines_110kv.csv+transformer_master.csv+real_plan_actions.csv+real_plan_dispatch_playback.csv.gz,电网建模数据_Agent整合版_V1.2,"internal current-capacity, topology-cut and transformer remaining-capacity contingency screen",real_2025_internal_capacity_network_screen,internal_transformer_capacity_screen,78b6a476a4210567b65bb0c79647bfd8aee8d99aed60795a84c4cd864db56825
QX-00008,110,A,BDZ-00138,reverse,100,0,50,50,,47.5,,False,not_run_scheme_infeasible,capacity_network_contingency_screen_no_impedance,network_lines_110kv.csv+transformer_master.csv+real_plan_actions.csv+real_plan_dispatch_playback.csv.gz,电网建模数据_Agent整合版_V1.2,"internal current-capacity, topology-cut and transformer remaining-capacity contingency screen",real_2025_internal_capacity_network_screen,internal_transformer_capacity_screen,78b6a476a4210567b65bb0c79647bfd8aee8d99aed60795a84c4cd864db56825
QX-00008,110,A,BDZ-00166,forward,100,0,50,50,,47.5,,False,not_run_scheme_infeasible,capacity_network_contingency_screen_no_impedance,network_lines_110kv.csv+transformer_master.csv+real_plan_actions.csv+real_plan_dispatch_playback.csv.gz,电网建模数据_Agent整合版_V1.2,"internal current-capacity, topology-cut and transformer remaining-capacity contingency screen",real_2025_internal_capacity_network_screen,internal_transformer_capacity_screen,78b6a476a4210567b65bb0c79647bfd8aee8d99aed60795a84c4cd864db56825
QX-00008,110,A,BDZ-00166,reverse,100,0,50,50,,47.5,,False,not_run_scheme_infeasible,capacity_network_contingency_screen_no_impedance,network_lines_110kv.csv+transformer_master.csv+real_plan_actions.csv+real_plan_dispatch_playback.csv.gz,电网建模数据_Agent整合版_V1.2,"internal current-capacity, topology-cut and transformer remaining-capacity contingency screen",real_2025_internal_capacity_network_screen,internal_transformer_capacity_screen,78b6a476a4210567b65bb0c79647bfd8aee8d99aed60795a84c4cd864db56825
QX-00008,110,A,BDZ-00170,forward,70,0,50,20,,19,,False,not_run_scheme_infeasible,capacity_network_contingency_screen_no_impedance,network_lines_110kv.csv+transformer_master.csv+real_plan_actions.csv+real_plan_dispatch_playback.csv.gz,电网建模数据_Agent整合版_V1.2,"internal current-capacity, topology-cut and transformer remaining-capacity contingency screen",real_2025_internal_capacity_network_screen,internal_transformer_capacity_screen,78b6a476a4210567b65bb0c79647bfd8aee8d99aed60795a84c4cd864db56825
QX-00008,110,A,BDZ-00170,reverse,70,0,50,20,,19,,False,not_run_scheme_infeasible,capacity_network_contingency_screen_no_impedance,network_lines_110kv.csv+transformer_master.csv+real_plan_actions.csv+real_plan_dispatch_playback.csv.gz,电网建模数据_Agent整合版_V1.2,"internal current-capacity, topology-cut and transformer remaining-capacity contingency screen",real_2025_internal_capacity_network_screen,internal_transformer_capacity_screen,78b6a476a4210567b65bb0c79647bfd8aee8d99aed60795a84c4cd864db56825
QX-00008,110,B,BDZ-00003,forward,100,0,50,50,,47.5,,False,not_run_scheme_infeasible,capacity_network_contingency_screen_no_impedance,network_lines_110kv.csv+transformer_master.csv+real_plan_actions.csv+real_plan_dispatch_playback.csv.gz,电网建模数据_Agent整合版_V1.2,"internal current-capacity, topology-cut and transformer remaining-capacity contingency screen",real_2025_internal_capacity_network_screen,internal_transformer_capacity_screen,78b6a476a4210567b65bb0c79647bfd8aee8d99aed60795a84c4cd864db56825
QX-00008,110,B,BDZ-00003,reverse,100,0,50,50,,47.5,,False,not_run_scheme_infeasible,capacity_network_contingency_screen_no_impedance,network_lines_110kv.csv+transformer_master.csv+real_plan_actions.csv+real_plan_dispatch_playback.csv.gz,电网建模数据_Agent整合版_V1.2,"internal current-capacity, topology-cut and transformer remaining-capacity contingency screen",real_2025_internal_capacity_network_screen,internal_transformer_capacity_screen,78b6a476a4210567b65bb0c79647bfd8aee8d99aed60795a84c4cd864db56825
QX-00008,110,B,BDZ-00030,forward,100,0,50,50,,47.5,,False,not_run_scheme_infeasible,capacity_network_contingency_screen_no_impedance,network_lines_110kv.csv+transformer_master.csv+real_plan_actions.csv+real_plan_dispatch_playback.csv.gz,电网建模数据_Agent整合版_V1.2,"internal current-capacity, topology-cut and transformer remaining-capacity contingency screen",real_2025_internal_capacity_network_screen,internal_transformer_capacity_screen,78b6a476a4210567b65bb0c79647bfd8aee8d99aed60795a84c4cd864db56825
QX-00008,110,B,BDZ-00030,reverse,100,0,50,50,,47.5,,False,not_run_scheme_infeasible,capacity_network_contingency_screen_no_impedance,network_lines_110kv.csv+transformer_master.csv+real_plan_actions.csv+real_plan_dispatch_playback.csv.gz,电网建模数据_Agent整合版_V1.2,"internal current-capacity, topology-cut and transformer remaining-capacity contingency screen",real_2025_internal_capacity_network_screen,internal_transformer_capacity_screen,78b6a476a4210567b65bb0c79647bfd8aee8d99aed60795a84c4cd864db56825
QX-00008,110,B,BDZ-00038,forward,100,0,50,50,,47.5,,False,not_run_scheme_infeasible,capacity_network_contingency_screen_no_impedance,network_lines_110kv.csv+transformer_master.csv+real_plan_actions.csv+real_plan_dispatch_playback.csv.gz,电网建模数据_Agent整合版_V1.2,"internal current-capacity, topology-cut and transformer remaining-capacity contingency screen",real_2025_internal_capacity_network_screen,internal_transformer_capacity_screen,78b6a476a4210567b65bb0c79647bfd8aee8d99aed60795a84c4cd864db56825
QX-00008,110,B,BDZ-00038,reverse,100,0,50,50,,47.5,,False,not_run_scheme_infeasible,capacity_network_contingency_screen_no_impedance,network_lines_110kv.csv+transformer_master.csv+real_plan_actions.csv+real_plan_dispatch_playback.csv.gz,电网建模数据_Agent整合版_V1.2,"internal current-capacity, topology-cut and transformer remaining-capacity contingency screen",real_2025_internal_capacity_network_screen,internal_transformer_capacity_screen,78b6a476a4210567b65bb0c79647bfd8aee8d99aed60795a84c4cd864db56825
QX-00008,110,B,BDZ-00043,forward,63,0,31.5,31.5,,29.925,,False,not_run_scheme_infeasible,capacity_network_contingency_screen_no_impedance,network_lines_110kv.csv+transformer_master.csv+real_plan_actions.csv+real_plan_dispatch_playback.csv.gz,电网建模数据_Agent整合版_V1.2,"internal current-capacity, topology-cut and transformer remaining-capacity contingency screen",real_2025_internal_capacity_network_screen,internal_transformer_capacity_screen,78b6a476a4210567b65bb0c79647bfd8aee8d99aed60795a84c4cd864db56825
QX-00008,110,B,BDZ-00043,reverse,63,0,31.5,31.5,,29.925,,False,not_run_scheme_infeasible,capacity_network_contingency_screen_no_impedance,network_lines_110kv.csv+transformer_master.csv+real_plan_actions.csv+real_plan_dispatch_playback.csv.gz,电网建模数据_Agent整合版_V1.2,"internal current-capacity, topology-cut and transformer remaining-capacity contingency screen",real_2025_internal_capacity_network_screen,internal_transformer_capacity_screen,78b6a476a4210567b65bb0c79647bfd8aee8d99aed60795a84c4cd864db56825
QX-00008,110,B,BDZ-00045,forward,100,0,50,50,,47.5,,False,not_run_scheme_infeasible,capacity_network_contingency_screen_no_impedance,network_lines_110kv.csv+transformer_master.csv+real_plan_actions.csv+real_plan_dispatch_playback.csv.gz,电网建模数据_Agent整合版_V1.2,"internal current-capacity, topology-cut and transformer remaining-capacity contingency screen",real_2025_internal_capacity_network_screen,internal_transformer_capacity_screen,78b6a476a4210567b65bb0c79647bfd8aee8d99aed60795a84c4cd864db56825
QX-00008,110,B,BDZ-00045,reverse,100,0,50,50,,47.5,,False,not_run_scheme_infeasible,capacity_network_contingency_screen_no_impedance,network_lines_110kv.csv+transformer_master.csv+real_plan_actions.csv+real_plan_dispatch_playback.csv.gz,电网建模数据_Agent整合版_V1.2,"internal current-capacity, topology-cut and transformer remaining-capacity contingency screen",real_2025_internal_capacity_network_screen,internal_transformer_capacity_screen,78b6a476a4210567b65bb0c79647bfd8aee8d99aed60795a84c4cd864db56825
QX-00008,110,B,BDZ-00063,forward,100,0,50,50,,47.5,,False,not_run_scheme_infeasible,capacity_network_contingency_screen_no_impedance,network_lines_110kv.csv+transformer_master.csv+real_plan_actions.csv+real_plan_dispatch_playback.csv.gz,电网建模数据_Agent整合版_V1.2,"internal current-capacity, topology-cut and transformer remaining-capacity contingency screen",real_2025_internal_capacity_network_screen,internal_transformer_capacity_screen,78b6a476a4210567b65bb0c79647bfd8aee8d99aed60795a84c4cd864db56825
QX-00008,110,B,BDZ-00063,reverse,100,0,50,50,,47.5,,False,not_run_scheme_infeasible,capacity_network_contingency_screen_no_impedance,network_lines_110kv.csv+transformer_master.csv+real_plan_actions.csv+real_plan_dispatch_playback.csv.gz,电网建模数据_Agent整合版_V1.2,"internal current-capacity, topology-cut and transformer remaining-capacity contingency screen",real_2025_internal_capacity_network_screen,internal_transformer_capacity_screen,78b6a476a4210567b65bb0c79647bfd8aee8d99aed60795a84c4cd864db56825
QX-00008,110,B,BDZ-00066,forward,100,0,50,50,,47.5,,False,not_run_scheme_infeasible,capacity_network_contingency_screen_no_impedance,network_lines_110kv.csv+transformer_master.csv+real_plan_actions.csv+real_plan_dispatch_playback.csv.gz,电网建模数据_Agent整合版_V1.2,"internal current-capacity, topology-cut and transformer remaining-capacity contingency screen",real_2025_internal_capacity_network_screen,internal_transformer_capacity_screen,78b6a476a4210567b65bb0c79647bfd8aee8d99aed60795a84c4cd864db56825
QX-00008,110,B,BDZ-00066,reverse,100,0,50,50,,47.5,,False,not_run_scheme_infeasible,capacity_network_contingency_screen_no_impedance,network_lines_110kv.csv+transformer_master.csv+real_plan_actions.csv+real_plan_dispatch_playback.csv.gz,电网建模数据_Agent整合版_V1.2,"internal current-capacity, topology-cut and transformer remaining-capacity contingency screen",real_2025_internal_capacity_network_screen,internal_transformer_capacity_screen,78b6a476a4210567b65bb0c79647bfd8aee8d99aed60795a84c4cd864db56825
QX-00008,110,B,BDZ-00067,forward,100,0,50,50,,47.5,,False,not_run_scheme_infeasible,capacity_network_contingency_screen_no_impedance,network_lines_110kv.csv+transformer_master.csv+real_plan_actions.csv+real_plan_dispatch_playback.csv.gz,电网建模数据_Agent整合版_V1.2,"internal current-capacity, topology-cut and transformer remaining-capacity contingency screen",real_2025_internal_capacity_network_screen,internal_transformer_capacity_screen,78b6a476a4210567b65bb0c79647bfd8aee8d99aed60795a84c4cd864db56825
QX-00008,110,B,BDZ-00067,reverse,100,0,50,50,,47.5,,False,not_run_scheme_infeasible,capacity_network_contingency_screen_no_impedance,network_lines_110kv.csv+transformer_master.csv+real_plan_actions.csv+real_plan_dispatch_playback.csv.gz,电网建模数据_Agent整合版_V1.2,"internal current-capacity, topology-cut and transformer remaining-capacity contingency screen",real_2025_internal_capacity_network_screen,internal_transformer_capacity_screen,78b6a476a4210567b65bb0c79647bfd8aee8d99aed60795a84c4cd864db56825
QX-00008,110,B,BDZ-00070,forward,100,0,50,50,,47.5,,False,not_run_scheme_infeasible,capacity_network_contingency_screen_no_impedance,network_lines_110kv.csv+transformer_master.csv+real_plan_actions.csv+real_plan_dispatch_playback.csv.gz,电网建模数据_Agent整合版_V1.2,"internal current-capacity, topology-cut and transformer remaining-capacity contingency screen",real_2025_internal_capacity_network_screen,internal_transformer_capacity_screen,78b6a476a4210567b65bb0c79647bfd8aee8d99aed60795a84c4cd864db56825
QX-00008,110,B,BDZ-00070,reverse,100,0,50,50,,47.5,,False,not_run_scheme_infeasible,capacity_network_contingency_screen_no_impedance,network_lines_110kv.csv+transformer_master.csv+real_plan_actions.csv+real_plan_dispatch_playback.csv.gz,电网建模数据_Agent整合版_V1.2,"internal current-capacity, topology-cut and transformer remaining-capacity contingency screen",real_2025_internal_capacity_network_screen,internal_transformer_capacity_screen,78b6a476a4210567b65bb0c79647bfd8aee8d99aed60795a84c4cd864db56825
QX-00008,110,B,BDZ-00073,forward,100,0,50,50,,47.5,,False,not_run_scheme_infeasible,capacity_network_contingency_screen_no_impedance,network_lines_110kv.csv+transformer_master.csv+real_plan_actions.csv+real_plan_dispatch_playback.csv.gz,电网建模数据_Agent整合版_V1.2,"internal current-capacity, topology-cut and transformer remaining-capacity contingency screen",real_2025_internal_capacity_network_screen,internal_transformer_capacity_screen,78b6a476a4210567b65bb0c79647bfd8aee8d99aed60795a84c4cd864db56825
QX-00008,110,B,BDZ-00073,reverse,100,0,50,50,,47.5,,False,not_run_scheme_infeasible,capacity_network_contingency_screen_no_impedance,network_lines_110kv.csv+transformer_master.csv+real_plan_actions.csv+real_plan_dispatch_playback.csv.gz,电网建模数据_Agent整合版_V1.2,"internal current-capacity, topology-cut and transformer remaining-capacity contingency screen",real_2025_internal_capacity_network_screen,internal_transformer_capacity_screen,78b6a476a4210567b65bb0c79647bfd8aee8d99aed60795a84c4cd864db56825
QX-00008,110,B,BDZ-00081,forward,63,0,31.5,31.5,,29.925,,False,not_run_scheme_infeasible,capacity_network_contingency_screen_no_impedance,network_lines_110kv.csv+transformer_master.csv+real_plan_actions.csv+real_plan_dispatch_playback.csv.gz,电网建模数据_Agent整合版_V1.2,"internal current-capacity, topology-cut and transformer remaining-capacity contingency screen",real_2025_internal_capacity_network_screen,internal_transformer_capacity_screen,78b6a476a4210567b65bb0c79647bfd8aee8d99aed60795a84c4cd864db56825
QX-00008,110,B,BDZ-00081,reverse,63,0,31.5,31.5,,29.925,,False,not_run_scheme_infeasible,capacity_network_contingency_screen_no_impedance,network_lines_110kv.csv+transformer_master.csv+real_plan_actions.csv+real_plan_dispatch_playback.csv.gz,电网建模数据_Agent整合版_V1.2,"internal current-capacity, topology-cut and transformer remaining-capacity contingency screen",real_2025_internal_capacity_network_screen,internal_transformer_capacity_screen,78b6a476a4210567b65bb0c79647bfd8aee8d99aed60795a84c4cd864db56825
QX-00008,110,B,BDZ-00100,forward,130,0,80,50,,47.5,,False,not_run_scheme_infeasible,capacity_network_contingency_screen_no_impedance,network_lines_110kv.csv+transformer_master.csv+real_plan_actions.csv+real_plan_dispatch_playback.csv.gz,电网建模数据_Agent整合版_V1.2,"internal current-capacity, topology-cut and transformer remaining-capacity contingency screen",real_2025_internal_capacity_network_screen,internal_transformer_capacity_screen,78b6a476a4210567b65bb0c79647bfd8aee8d99aed60795a84c4cd864db56825
QX-00008,110,B,BDZ-00100,reverse,130,0,80,50,,47.5,,False,not_run_scheme_infeasible,capacity_network_contingency_screen_no_impedance,network_lines_110kv.csv+transformer_master.csv+real_plan_actions.csv+real_plan_dispatch_playback.csv.gz,电网建模数据_Agent整合版_V1.2,"internal current-capacity, topology-cut and transformer remaining-capacity contingency screen",real_2025_internal_capacity_network_screen,internal_transformer_capacity_screen,78b6a476a4210567b65bb0c79647bfd8aee8d99aed60795a84c4cd864db56825
QX-00008,110,B,BDZ-00104,forward,81.5,0,50,31.5,,29.925,,False,not_run_scheme_infeasible,capacity_network_contingency_screen_no_impedance,network_lines_110kv.csv+transformer_master.csv+real_plan_actions.csv+real_plan_dispatch_playback.csv.gz,电网建模数据_Agent整合版_V1.2,"internal current-capacity, topology-cut and transformer remaining-capacity contingency screen",real_2025_internal_capacity_network_screen,internal_transformer_capacity_screen,78b6a476a4210567b65bb0c79647bfd8aee8d99aed60795a84c4cd864db56825
QX-00008,110,B,BDZ-00104,reverse,81.5,0,50,31.5,,29.925,,False,not_run_scheme_infeasible,capacity_network_contingency_screen_no_impedance,network_lines_110kv.csv+transformer_master.csv+real_plan_actions.csv+real_plan_dispatch_playback.csv.gz,电网建模数据_Agent整合版_V1.2,"internal current-capacity, topology-cut and transformer remaining-capacity contingency screen",real_2025_internal_capacity_network_screen,internal_transformer_capacity_screen,78b6a476a4210567b65bb0c79647bfd8aee8d99aed60795a84c4cd864db56825
QX-00008,110,B,BDZ-00107,forward,100,0,50,50,,47.5,,False,not_run_scheme_infeasible,capacity_network_contingency_screen_no_impedance,network_lines_110kv.csv+transformer_master.csv+real_plan_actions.csv+real_plan_dispatch_playback.csv.gz,电网建模数据_Agent整合版_V1.2,"internal current-capacity, topology-cut and transformer remaining-capacity contingency screen",real_2025_internal_capacity_network_screen,internal_transformer_capacity_screen,78b6a476a4210567b65bb0c79647bfd8aee8d99aed60795a84c4cd864db56825
QX-00008,110,B,BDZ-00107,reverse,100,0,50,50,,47.5,,False,not_run_scheme_infeasible,capacity_network_contingency_screen_no_impedance,network_lines_110kv.csv+transformer_master.csv+real_plan_actions.csv+real_plan_dispatch_playback.csv.gz,电网建模数据_Agent整合版_V1.2,"internal current-capacity, topology-cut and transformer remaining-capacity contingency screen",real_2025_internal_capacity_network_screen,internal_transformer_capacity_screen,78b6a476a4210567b65bb0c79647bfd8aee8d99aed60795a84c4cd864db56825
QX-00008,110,B,BDZ-00121,forward,90,0,50,40,,38,,False,not_run_scheme_infeasible,capacity_network_contingency_screen_no_impedance,network_lines_110kv.csv+transformer_master.csv+real_plan_actions.csv+real_plan_dispatch_playback.csv.gz,电网建模数据_Agent整合版_V1.2,"internal current-capacity, topology-cut and transformer remaining-capacity contingency screen",real_2025_internal_capacity_network_screen,internal_transformer_capacity_screen,78b6a476a4210567b65bb0c79647bfd8aee8d99aed60795a84c4cd864db56825
QX-00008,110,B,BDZ-00121,reverse,90,0,50,40,,38,,False,not_run_scheme_infeasible,capacity_network_contingency_screen_no_impedance,network_lines_110kv.csv+transformer_master.csv+real_plan_actions.csv+real_plan_dispatch_playback.csv.gz,电网建模数据_Agent整合版_V1.2,"internal current-capacity, topology-cut and transformer remaining-capacity contingency screen",real_2025_internal_capacity_network_screen,internal_transformer_capacity_screen,78b6a476a4210567b65bb0c79647bfd8aee8d99aed60795a84c4cd864db56825
QX-00008,110,B,BDZ-00125,forward,160,0,80,80,,76,,False,not_run_scheme_infeasible,capacity_network_contingency_screen_no_impedance,network_lines_110kv.csv+transformer_master.csv+real_plan_actions.csv+real_plan_dispatch_playback.csv.gz,电网建模数据_Agent整合版_V1.2,"internal current-capacity, topology-cut and transformer remaining-capacity contingency screen",real_2025_internal_capacity_network_screen,internal_transformer_capacity_screen,78b6a476a4210567b65bb0c79647bfd8aee8d99aed60795a84c4cd864db56825
QX-00008,110,B,BDZ-00125,reverse,160,0,80,80,,76,,False,not_run_scheme_infeasible,capacity_network_contingency_screen_no_impedance,network_lines_110kv.csv+transformer_master.csv+real_plan_actions.csv+real_plan_dispatch_playback.csv.gz,电网建模数据_Agent整合版_V1.2,"internal current-capacity, topology-cut and transformer remaining-capacity contingency screen",real_2025_internal_capacity_network_screen,internal_transformer_capacity_screen,78b6a476a4210567b65bb0c79647bfd8aee8d99aed60795a84c4cd864db56825
QX-00008,110,B,BDZ-00138,forward,100,0,50,50,,47.5,,False,not_run_scheme_infeasible,capacity_network_contingency_screen_no_impedance,network_lines_110kv.csv+transformer_master.csv+real_plan_actions.csv+real_plan_dispatch_playback.csv.gz,电网建模数据_Agent整合版_V1.2,"internal current-capacity, topology-cut and transformer remaining-capacity contingency screen",real_2025_internal_capacity_network_screen,internal_transformer_capacity_screen,78b6a476a4210567b65bb0c79647bfd8aee8d99aed60795a84c4cd864db56825
QX-00008,110,B,BDZ-00138,reverse,100,0,50,50,,47.5,,False,not_run_scheme_infeasible,capacity_network_contingency_screen_no_impedance,network_lines_110kv.csv+transformer_master.csv+real_plan_actions.csv+real_plan_dispatch_playback.csv.gz,电网建模数据_Agent整合版_V1.2,"internal current-capacity, topology-cut and transformer remaining-capacity contingency screen",real_2025_internal_capacity_network_screen,internal_transformer_capacity_screen,78b6a476a4210567b65bb0c79647bfd8aee8d99aed60795a84c4cd864db56825
QX-00008,110,B,BDZ-00166,forward,100,0,50,50,,47.5,,False,not_run_scheme_infeasible,capacity_network_contingency_screen_no_impedance,network_lines_110kv.csv+transformer_master.csv+real_plan_actions.csv+real_plan_dispatch_playback.csv.gz,电网建模数据_Agent整合版_V1.2,"internal current-capacity, topology-cut and transformer remaining-capacity contingency screen",real_2025_internal_capacity_network_screen,internal_transformer_capacity_screen,78b6a476a4210567b65bb0c79647bfd8aee8d99aed60795a84c4cd864db56825
QX-00008,110,B,BDZ-00166,reverse,100,0,50,50,,47.5,,False,not_run_scheme_infeasible,capacity_network_contingency_screen_no_impedance,network_lines_110kv.csv+transformer_master.csv+real_plan_actions.csv+real_plan_dispatch_playback.csv.gz,电网建模数据_Agent整合版_V1.2,"internal current-capacity, topology-cut and transformer remaining-capacity contingency screen",real_2025_internal_capacity_network_screen,internal_transformer_capacity_screen,78b6a476a4210567b65bb0c79647bfd8aee8d99aed60795a84c4cd864db56825
QX-00008,110,B,BDZ-00170,forward,70,0,50,20,,19,,False,not_run_scheme_infeasible,capacity_network_contingency_screen_no_impedance,network_lines_110kv.csv+transformer_master.csv+real_plan_actions.csv+real_plan_dispatch_playback.csv.gz,电网建模数据_Agent整合版_V1.2,"internal current-capacity, topology-cut and transformer remaining-capacity contingency screen",real_2025_internal_capacity_network_screen,internal_transformer_capacity_screen,78b6a476a4210567b65bb0c79647bfd8aee8d99aed60795a84c4cd864db56825
QX-00008,110,B,BDZ-00170,reverse,70,0,50,20,,19,,False,not_run_scheme_infeasible,capacity_network_contingency_screen_no_impedance,network_lines_110kv.csv+transformer_master.csv+real_plan_actions.csv+real_plan_dispatch_playback.csv.gz,电网建模数据_Agent整合版_V1.2,"internal current-capacity, topology-cut and transformer remaining-capacity contingency screen",real_2025_internal_capacity_network_screen,internal_transformer_capacity_screen,78b6a476a4210567b65bb0c79647bfd8aee8d99aed60795a84c4cd864db56825
QX-00008,110,C0,BDZ-00003,forward,100,0,50,50,11.3,47.5,23.78947368,False,screened,capacity_network_contingency_screen_no_impedance,network_lines_110kv.csv+transformer_master.csv+real_plan_actions.csv+real_plan_dispatch_playback.csv.gz,电网建模数据_Agent整合版_V1.2,"internal current-capacity, topology-cut and transformer remaining-capacity contingency screen",real_2025_internal_capacity_network_screen,internal_transformer_capacity_screen,78b6a476a4210567b65bb0c79647bfd8aee8d99aed60795a84c4cd864db56825
QX-00008,110,C0,BDZ-00003,reverse,100,0,50,50,15.8,47.5,33.26315789,False,screened,capacity_network_contingency_screen_no_impedance,network_lines_110kv.csv+transformer_master.csv+real_plan_actions.csv+real_plan_dispatch_playback.csv.gz,电网建模数据_Agent整合版_V1.2,"internal current-capacity, topology-cut and transformer remaining-capacity contingency screen",real_2025_internal_capacity_network_screen,internal_transformer_capacity_screen,78b6a476a4210567b65bb0c79647bfd8aee8d99aed60795a84c4cd864db56825
QX-00008,110,C0,BDZ-00030,forward,100,0,50,50,52.68,47.5,110.9052632,True,screened,capacity_network_contingency_screen_no_impedance,network_lines_110kv.csv+transformer_master.csv+real_plan_actions.csv+real_plan_dispatch_playback.csv.gz,电网建模数据_Agent整合版_V1.2,"internal current-capacity, topology-cut and transformer remaining-capacity contingency screen",real_2025_internal_capacity_network_screen,internal_transformer_capacity_screen,78b6a476a4210567b65bb0c79647bfd8aee8d99aed60795a84c4cd864db56825
QX-00008,110,C0,BDZ-00030,reverse,100,0,50,50,3.76,47.5,7.915789474,False,screened,capacity_network_contingency_screen_no_impedance,network_lines_110kv.csv+transformer_master.csv+real_plan_actions.csv+real_plan_dispatch_playback.csv.gz,电网建模数据_Agent整合版_V1.2,"internal current-capacity, topology-cut and transformer remaining-capacity contingency screen",real_2025_internal_capacity_network_screen,internal_transformer_capacity_screen,78b6a476a4210567b65bb0c79647bfd8aee8d99aed60795a84c4cd864db56825
QX-00008,110,C0,BDZ-00038,forward,100,0,50,50,38.26,47.5,80.54736842,False,screened,capacity_network_contingency_screen_no_impedance,network_lines_110kv.csv+transformer_master.csv+real_plan_actions.csv+real_plan_dispatch_playback.csv.gz,电网建模数据_Agent整合版_V1.2,"internal current-capacity, topology-cut and transformer remaining-capacity contingency screen",real_2025_internal_capacity_network_screen,internal_transformer_capacity_screen,78b6a476a4210567b65bb0c79647bfd8aee8d99aed60795a84c4cd864db56825
QX-00008,110,C0,BDZ-00038,reverse,100,0,50,50,11.49,47.5,24.18947368,False,screened,capacity_network_contingency_screen_no_impedance,network_lines_110kv.csv+transformer_master.csv+real_plan_actions.csv+real_plan_dispatch_playback.csv.gz,电网建模数据_Agent整合版_V1.2,"internal current-capacity, topology-cut and transformer remaining-capacity contingency screen",real_2025_internal_capacity_network_screen,internal_transformer_capacity_screen,78b6a476a4210567b65bb0c79647bfd8aee8d99aed60795a84c4cd864db56825
QX-00008,110,C0,BDZ-00043,forward,63,0,31.5,31.5,39.93,29.925,133.433584,True,screened,capacity_network_contingency_screen_no_impedance,network_lines_110kv.csv+transformer_master.csv+real_plan_actions.csv+real_plan_dispatch_playback.csv.gz,电网建模数据_Agent整合版_V1.2,"internal current-capacity, topology-cut and transformer remaining-capacity contingency screen",real_2025_internal_capacity_network_screen,internal_transformer_capacity_screen,78b6a476a4210567b65bb0c79647bfd8aee8d99aed60795a84c4cd864db56825
QX-00008,110,C0,BDZ-00043,reverse,63,0,31.5,31.5,35.36,29.925,118.1620718,True,screened,capacity_network_contingency_screen_no_impedance,network_lines_110kv.csv+transformer_master.csv+real_plan_actions.csv+real_plan_dispatch_playback.csv.gz,电网建模数据_Agent整合版_V1.2,"internal current-capacity, topology-cut and transformer remaining-capacity contingency screen",real_2025_internal_capacity_network_screen,internal_transformer_capacity_screen,78b6a476a4210567b65bb0c79647bfd8aee8d99aed60795a84c4cd864db56825
QX-00008,110,C0,BDZ-00045,forward,100,0,50,50,45.76,47.5,96.33684211,False,screened,capacity_network_contingency_screen_no_impedance,network_lines_110kv.csv+transformer_master.csv+real_plan_actions.csv+real_plan_dispatch_playback.csv.gz,电网建模数据_Agent整合版_V1.2,"internal current-capacity, topology-cut and transformer remaining-capacity contingency screen",real_2025_internal_capacity_network_screen,internal_transformer_capacity_screen,78b6a476a4210567b65bb0c79647bfd8aee8d99aed60795a84c4cd864db56825
QX-00008,110,C0,BDZ-00045,reverse,100,0,50,50,51.05,47.5,107.4736842,True,screened,capacity_network_contingency_screen_no_impedance,network_lines_110kv.csv+transformer_master.csv+real_plan_actions.csv+real_plan_dispatch_playback.csv.gz,电网建模数据_Agent整合版_V1.2,"internal current-capacity, topology-cut and transformer remaining-capacity contingency screen",real_2025_internal_capacity_network_screen,internal_transformer_capacity_screen,78b6a476a4210567b65bb0c79647bfd8aee8d99aed60795a84c4cd864db56825
QX-00008,110,C0,BDZ-00063,forward,100,0,50,50,13.6,47.5,28.63157895,False,screened,capacity_network_contingency_screen_no_impedance,network_lines_110kv.csv+transformer_master.csv+real_plan_actions.csv+real_plan_dispatch_playback.csv.gz,电网建模数据_Agent整合版_V1.2,"internal current-capacity, topology-cut and transformer remaining-capacity contingency screen",real_2025_internal_capacity_network_screen,internal_transformer_capacity_screen,78b6a476a4210567b65bb0c79647bfd8aee8d99aed60795a84c4cd864db56825
QX-00008,110,C0,BDZ-00063,reverse,100,0,50,50,27.25,47.5,57.36842105,False,screened,capacity_network_contingency_screen_no_impedance,network_lines_110kv.csv+transformer_master.csv+real_plan_actions.csv+real_plan_dispatch_playback.csv.gz,电网建模数据_Agent整合版_V1.2,"internal current-capacity, topology-cut and transformer remaining-capacity contingency screen",real_2025_internal_capacity_network_screen,internal_transformer_capacity_screen,78b6a476a4210567b65bb0c79647bfd8aee8d99aed60795a84c4cd864db56825
QX-00008,110,C0,BDZ-00066,forward,100,0,50,50,0,47.5,0,False,screened,capacity_network_contingency_screen_no_impedance,network_lines_110kv.csv+transformer_master.csv+real_plan_actions.csv+real_plan_dispatch_playback.csv.gz,电网建模数据_Agent整合版_V1.2,"internal current-capacity, topology-cut and transformer remaining-capacity contingency screen",real_2025_internal_capacity_network_screen,internal_transformer_capacity_screen,78b6a476a4210567b65bb0c79647bfd8aee8d99aed60795a84c4cd864db56825
QX-00008,110,C0,BDZ-00066,reverse,100,0,50,50,-0,47.5,-0,False,screened,capacity_network_contingency_screen_no_impedance,network_lines_110kv.csv+transformer_master.csv+real_plan_actions.csv+real_plan_dispatch_playback.csv.gz,电网建模数据_Agent整合版_V1.2,"internal current-capacity, topology-cut and transformer remaining-capacity contingency screen",real_2025_internal_capacity_network_screen,internal_transformer_capacity_screen,78b6a476a4210567b65bb0c79647bfd8aee8d99aed60795a84c4cd864db56825
QX-00008,110,C0,BDZ-00067,forward,100,0,50,50,15.93,47.5,33.53684211,False,screened,capacity_network_contingency_screen_no_impedance,network_lines_110kv.csv+transformer_master.csv+real_plan_actions.csv+real_plan_dispatch_playback.csv.gz,电网建模数据_Agent整合版_V1.2,"internal current-capacity, topology-cut and transformer remaining-capacity contingency screen",real_2025_internal_capacity_network_screen,internal_transformer_capacity_screen,78b6a476a4210567b65bb0c79647bfd8aee8d99aed60795a84c4cd864db56825
QX-00008,110,C0,BDZ-00067,reverse,100,0,50,50,14.58,47.5,30.69473684,False,screened,capacity_network_contingency_screen_no_impedance,network_lines_110kv.csv+transformer_master.csv+real_plan_actions.csv+real_plan_dispatch_playback.csv.gz,电网建模数据_Agent整合版_V1.2,"internal current-capacity, topology-cut and transformer remaining-capacity contingency screen",real_2025_internal_capacity_network_screen,internal_transformer_capacity_screen,78b6a476a4210567b65bb0c79647bfd8aee8d99aed60795a84c4cd864db56825
QX-00008,110,C0,BDZ-00070,forward,100,0,50,50,82.87,47.5,174.4631579,True,screened,capacity_network_contingency_screen_no_impedance,network_lines_110kv.csv+transformer_master.csv+real_plan_actions.csv+real_plan_dispatch_playback.csv.gz,电网建模数据_Agent整合版_V1.2,"internal current-capacity, topology-cut and transformer remaining-capacity contingency screen",real_2025_internal_capacity_network_screen,internal_transformer_capacity_screen,78b6a476a4210567b65bb0c79647bfd8aee8d99aed60795a84c4cd864db56825
QX-00008,110,C0,BDZ-00070,reverse,100,0,50,50,0,47.5,0,False,screened,capacity_network_contingency_screen_no_impedance,network_lines_110kv.csv+transformer_master.csv+real_plan_actions.csv+real_plan_dispatch_playback.csv.gz,电网建模数据_Agent整合版_V1.2,"internal current-capacity, topology-cut and transformer remaining-capacity contingency screen",real_2025_internal_capacity_network_screen,internal_transformer_capacity_screen,78b6a476a4210567b65bb0c79647bfd8aee8d99aed60795a84c4cd864db56825
QX-00008,110,C0,BDZ-00073,forward,100,0,50,50,38.41,47.5,80.86315789,False,screened,capacity_network_contingency_screen_no_impedance,network_lines_110kv.csv+transformer_master.csv+real_plan_actions.csv+real_plan_dispatch_playback.csv.gz,电网建模数据_Agent整合版_V1.2,"internal current-capacity, topology-cut and transformer remaining-capacity contingency screen",real_2025_internal_capacity_network_screen,internal_transformer_capacity_screen,78b6a476a4210567b65bb0c79647bfd8aee8d99aed60795a84c4cd864db56825
QX-00008,110,C0,BDZ-00073,reverse,100,0,50,50,19.93,47.5,41.95789474,False,screened,capacity_network_contingency_screen_no_impedance,network_lines_110kv.csv+transformer_master.csv+real_plan_actions.csv+real_plan_dispatch_playback.csv.gz,电网建模数据_Agent整合版_V1.2,"internal current-capacity, topology-cut and transformer remaining-capacity contingency screen",real_2025_internal_capacity_network_screen,internal_transformer_capacity_screen,78b6a476a4210567b65bb0c79647bfd8aee8d99aed60795a84c4cd864db56825
QX-00008,110,C0,BDZ-00081,forward,63,0,31.5,31.5,33.25,29.925,111.1111111,True,screened,capacity_network_contingency_screen_no_impedance,network_lines_110kv.csv+transformer_master.csv+real_plan_actions.csv+real_plan_dispatch_playback.csv.gz,电网建模数据_Agent整合版_V1.2,"internal current-capacity, topology-cut and transformer remaining-capacity contingency screen",real_2025_internal_capacity_network_screen,internal_transformer_capacity_screen,78b6a476a4210567b65bb0c79647bfd8aee8d99aed60795a84c4cd864db56825
QX-00008,110,C0,BDZ-00081,reverse,63,0,31.5,31.5,33.46,29.925,111.8128655,True,screened,capacity_network_contingency_screen_no_impedance,network_lines_110kv.csv+transformer_master.csv+real_plan_actions.csv+real_plan_dispatch_playback.csv.gz,电网建模数据_Agent整合版_V1.2,"internal current-capacity, topology-cut and transformer remaining-capacity contingency screen",real_2025_internal_capacity_network_screen,internal_transformer_capacity_screen,78b6a476a4210567b65bb0c79647bfd8aee8d99aed60795a84c4cd864db56825
QX-00008,110,C0,BDZ-00100,forward,130,0,80,50,80.35,47.5,169.1578947,True,screened,capacity_network_contingency_screen_no_impedance,network_lines_110kv.csv+transformer_master.csv+real_plan_actions.csv+real_plan_dispatch_playback.csv.gz,电网建模数据_Agent整合版_V1.2,"internal current-capacity, topology-cut and transformer remaining-capacity contingency screen",real_2025_internal_capacity_network_screen,internal_transformer_capacity_screen,78b6a476a4210567b65bb0c79647bfd8aee8d99aed60795a84c4cd864db56825
QX-00008,110,C0,BDZ-00100,reverse,130,0,80,50,0,47.5,0,False,screened,capacity_network_contingency_screen_no_impedance,network_lines_110kv.csv+transformer_master.csv+real_plan_actions.csv+real_plan_dispatch_playback.csv.gz,电网建模数据_Agent整合版_V1.2,"internal current-capacity, topology-cut and transformer remaining-capacity contingency screen",real_2025_internal_capacity_network_screen,internal_transformer_capacity_screen,78b6a476a4210567b65bb0c79647bfd8aee8d99aed60795a84c4cd864db56825
QX-00008,110,C0,BDZ-00104,forward,81.5,0,50,31.5,45.12,29.925,150.7769424,True,screened,capacity_network_contingency_screen_no_impedance,network_lines_110kv.csv+transformer_master.csv+real_plan_actions.csv+real_plan_dispatch_playback.csv.gz,电网建模数据_Agent整合版_V1.2,"internal current-capacity, topology-cut and transformer remaining-capacity contingency screen",real_2025_internal_capacity_network_screen,internal_transformer_capacity_screen,78b6a476a4210567b65bb0c79647bfd8aee8d99aed60795a84c4cd864db56825
QX-00008,110,C0,BDZ-00104,reverse,81.5,0,50,31.5,0.63,29.925,2.105263158,False,screened,capacity_network_contingency_screen_no_impedance,network_lines_110kv.csv+transformer_master.csv+real_plan_actions.csv+real_plan_dispatch_playback.csv.gz,电网建模数据_Agent整合版_V1.2,"internal current-capacity, topology-cut and transformer remaining-capacity contingency screen",real_2025_internal_capacity_network_screen,internal_transformer_capacity_screen,78b6a476a4210567b65bb0c79647bfd8aee8d99aed60795a84c4cd864db56825
QX-00008,110,C0,BDZ-00107,forward,100,0,50,50,42.88,47.5,90.27368421,False,screened,capacity_network_contingency_screen_no_impedance,network_lines_110kv.csv+transformer_master.csv+real_plan_actions.csv+real_plan_dispatch_playback.csv.gz,电网建模数据_Agent整合版_V1.2,"internal current-capacity, topology-cut and transformer remaining-capacity contingency screen",real_2025_internal_capacity_network_screen,internal_transformer_capacity_screen,78b6a476a4210567b65bb0c79647bfd8aee8d99aed60795a84c4cd864db56825
QX-00008,110,C0,BDZ-00107,reverse,100,0,50,50,0,47.5,0,False,screened,capacity_network_contingency_screen_no_impedance,network_lines_110kv.csv+transformer_master.csv+real_plan_actions.csv+real_plan_dispatch_playback.csv.gz,电网建模数据_Agent整合版_V1.2,"internal current-capacity, topology-cut and transformer remaining-capacity contingency screen",real_2025_internal_capacity_network_screen,internal_transformer_capacity_screen,78b6a476a4210567b65bb0c79647bfd8aee8d99aed60795a84c4cd864db56825
QX-00008,110,C0,BDZ-00121,forward,90,0,50,40,42.18,38,111,True,screened,capacity_network_contingency_screen_no_impedance,network_lines_110kv.csv+transformer_master.csv+real_plan_actions.csv+real_plan_dispatch_playback.csv.gz,电网建模数据_Agent整合版_V1.2,"internal current-capacity, topology-cut and transformer remaining-capacity contingency screen",real_2025_internal_capacity_network_screen,internal_transformer_capacity_screen,78b6a476a4210567b65bb0c79647bfd8aee8d99aed60795a84c4cd864db56825
QX-00008,110,C0,BDZ-00121,reverse,90,0,50,40,28.91,38,76.07894737,False,screened,capacity_network_contingency_screen_no_impedance,network_lines_110kv.csv+transformer_master.csv+real_plan_actions.csv+real_plan_dispatch_playback.csv.gz,电网建模数据_Agent整合版_V1.2,"internal current-capacity, topology-cut and transformer remaining-capacity contingency screen",real_2025_internal_capacity_network_screen,internal_transformer_capacity_screen,78b6a476a4210567b65bb0c79647bfd8aee8d99aed60795a84c4cd864db56825
QX-00008,110,C0,BDZ-00125,forward,160,0,80,80,122.82,76,161.6052632,True,screened,capacity_network_contingency_screen_no_impedance,network_lines_110kv.csv+transformer_master.csv+real_plan_actions.csv+real_plan_dispatch_playback.csv.gz,电网建模数据_Agent整合版_V1.2,"internal current-capacity, topology-cut and transformer remaining-capacity contingency screen",real_2025_internal_capacity_network_screen,internal_transformer_capacity_screen,78b6a476a4210567b65bb0c79647bfd8aee8d99aed60795a84c4cd864db56825
QX-00008,110,C0,BDZ-00125,reverse,160,0,80,80,0,76,0,False,screened,capacity_network_contingency_screen_no_impedance,network_lines_110kv.csv+transformer_master.csv+real_plan_actions.csv+real_plan_dispatch_playback.csv.gz,电网建模数据_Agent整合版_V1.2,"internal current-capacity, topology-cut and transformer remaining-capacity contingency screen",real_2025_internal_capacity_network_screen,internal_transformer_capacity_screen,78b6a476a4210567b65bb0c79647bfd8aee8d99aed60795a84c4cd864db56825
QX-00008,110,C0,BDZ-00138,forward,100,0,50,50,34.42,47.5,72.46315789,False,screened,capacity_network_contingency_screen_no_impedance,network_lines_110kv.csv+transformer_master.csv+real_plan_actions.csv+real_plan_dispatch_playback.csv.gz,电网建模数据_Agent整合版_V1.2,"internal current-capacity, topology-cut and transformer remaining-capacity contingency screen",real_2025_internal_capacity_network_screen,internal_transformer_capacity_screen,78b6a476a4210567b65bb0c79647bfd8aee8d99aed60795a84c4cd864db56825
QX-00008,110,C0,BDZ-00138,reverse,100,0,50,50,0,47.5,0,False,screened,capacity_network_contingency_screen_no_impedance,network_lines_110kv.csv+transformer_master.csv+real_plan_actions.csv+real_plan_dispatch_playback.csv.gz,电网建模数据_Agent整合版_V1.2,"internal current-capacity, topology-cut and transformer remaining-capacity contingency screen",real_2025_internal_capacity_network_screen,internal_transformer_capacity_screen,78b6a476a4210567b65bb0c79647bfd8aee8d99aed60795a84c4cd864db56825
QX-00008,110,C0,BDZ-00166,forward,100,0,50,50,62.62,47.5,131.8315789,True,screened,capacity_network_contingency_screen_no_impedance,network_lines_110kv.csv+transformer_master.csv+real_plan_actions.csv+real_plan_dispatch_playback.csv.gz,电网建模数据_Agent整合版_V1.2,"internal current-capacity, topology-cut and transformer remaining-capacity contingency screen",real_2025_internal_capacity_network_screen,internal_transformer_capacity_screen,78b6a476a4210567b65bb0c79647bfd8aee8d99aed60795a84c4cd864db56825
QX-00008,110,C0,BDZ-00166,reverse,100,0,50,50,0,47.5,0,False,screened,capacity_network_contingency_screen_no_impedance,network_lines_110kv.csv+transformer_master.csv+real_plan_actions.csv+real_plan_dispatch_playback.csv.gz,电网建模数据_Agent整合版_V1.2,"internal current-capacity, topology-cut and transformer remaining-capacity contingency screen",real_2025_internal_capacity_network_screen,internal_transformer_capacity_screen,78b6a476a4210567b65bb0c79647bfd8aee8d99aed60795a84c4cd864db56825
QX-00008,110,C0,BDZ-00170,forward,70,0,50,20,27.07,19,142.4736842,True,screened,capacity_network_contingency_screen_no_impedance,network_lines_110kv.csv+transformer_master.csv+real_plan_actions.csv+real_plan_dispatch_playback.csv.gz,电网建模数据_Agent整合版_V1.2,"internal current-capacity, topology-cut and transformer remaining-capacity contingency screen",real_2025_internal_capacity_network_screen,internal_transformer_capacity_screen,78b6a476a4210567b65bb0c79647bfd8aee8d99aed60795a84c4cd864db56825
QX-00008,110,C0,BDZ-00170,reverse,70,0,50,20,-0,19,-0,False,screened,capacity_network_contingency_screen_no_impedance,network_lines_110kv.csv+transformer_master.csv+real_plan_actions.csv+real_plan_dispatch_playback.csv.gz,电网建模数据_Agent整合版_V1.2,"internal current-capacity, topology-cut and transformer remaining-capacity contingency screen",real_2025_internal_capacity_network_screen,internal_transformer_capacity_screen,78b6a476a4210567b65bb0c79647bfd8aee8d99aed60795a84c4cd864db56825
QX-00009,110,A,BDZ-00014,forward,100,0,50,50,,47.5,,False,not_run_scheme_infeasible,capacity_network_contingency_screen_no_impedance,network_lines_110kv.csv+transformer_master.csv+real_plan_actions.csv+real_plan_dispatch_playback.csv.gz,电网建模数据_Agent整合版_V1.2,"internal current-capacity, topology-cut and transformer remaining-capacity contingency screen",real_2025_internal_capacity_network_screen,internal_transformer_capacity_screen,78b6a476a4210567b65bb0c79647bfd8aee8d99aed60795a84c4cd864db56825
QX-00009,110,A,BDZ-00014,reverse,100,0,50,50,,47.5,,False,not_run_scheme_infeasible,capacity_network_contingency_screen_no_impedance,network_lines_110kv.csv+transformer_master.csv+real_plan_actions.csv+real_plan_dispatch_playback.csv.gz,电网建模数据_Agent整合版_V1.2,"internal current-capacity, topology-cut and transformer remaining-capacity contingency screen",real_2025_internal_capacity_network_screen,internal_transformer_capacity_screen,78b6a476a4210567b65bb0c79647bfd8aee8d99aed60795a84c4cd864db56825
QX-00009,110,A,BDZ-00020,forward,113,0,63,50,,47.5,,False,not_run_scheme_infeasible,capacity_network_contingency_screen_no_impedance,network_lines_110kv.csv+transformer_master.csv+real_plan_actions.csv+real_plan_dispatch_playback.csv.gz,电网建模数据_Agent整合版_V1.2,"internal current-capacity, topology-cut and transformer remaining-capacity contingency screen",real_2025_internal_capacity_network_screen,internal_transformer_capacity_screen,78b6a476a4210567b65bb0c79647bfd8aee8d99aed60795a84c4cd864db56825
QX-00009,110,A,BDZ-00020,reverse,113,0,63,50,,47.5,,False,not_run_scheme_infeasible,capacity_network_contingency_screen_no_impedance,network_lines_110kv.csv+transformer_master.csv+real_plan_actions.csv+real_plan_dispatch_playback.csv.gz,电网建模数据_Agent整合版_V1.2,"internal current-capacity, topology-cut and transformer remaining-capacity contingency screen",real_2025_internal_capacity_network_screen,internal_transformer_capacity_screen,78b6a476a4210567b65bb0c79647bfd8aee8d99aed60795a84c4cd864db56825
QX-00009,110,A,BDZ-00040,forward,126,0,63,63,,59.85,,False,not_run_scheme_infeasible,capacity_network_contingency_screen_no_impedance,network_lines_110kv.csv+transformer_master.csv+real_plan_actions.csv+real_plan_dispatch_playback.csv.gz,电网建模数据_Agent整合版_V1.2,"internal current-capacity, topology-cut and transformer remaining-capacity contingency screen",real_2025_internal_capacity_network_screen,internal_transformer_capacity_screen,78b6a476a4210567b65bb0c79647bfd8aee8d99aed60795a84c4cd864db56825
QX-00009,110,A,BDZ-00040,reverse,126,0,63,63,,59.85,,False,not_run_scheme_infeasible,capacity_network_contingency_screen_no_impedance,network_lines_110kv.csv+transformer_master.csv+real_plan_actions.csv+real_plan_dispatch_playback.csv.gz,电网建模数据_Agent整合版_V1.2,"internal current-capacity, topology-cut and transformer remaining-capacity contingency screen",real_2025_internal_capacity_network_screen,internal_transformer_capacity_screen,78b6a476a4210567b65bb0c79647bfd8aee8d99aed60795a84c4cd864db56825
QX-00009,110,A,BDZ-00055,forward,81.5,0,50,31.5,,29.925,,False,not_run_scheme_infeasible,capacity_network_contingency_screen_no_impedance,network_lines_110kv.csv+transformer_master.csv+real_plan_actions.csv+real_plan_dispatch_playback.csv.gz,电网建模数据_Agent整合版_V1.2,"internal current-capacity, topology-cut and transformer remaining-capacity contingency screen",real_2025_internal_capacity_network_screen,internal_transformer_capacity_screen,78b6a476a4210567b65bb0c79647bfd8aee8d99aed60795a84c4cd864db56825
QX-00009,110,A,BDZ-00055,reverse,81.5,0,50,31.5,,29.925,,False,not_run_scheme_infeasible,capacity_network_contingency_screen_no_impedance,network_lines_110kv.csv+transformer_master.csv+real_plan_actions.csv+real_plan_dispatch_playback.csv.gz,电网建模数据_Agent整合版_V1.2,"internal current-capacity, topology-cut and transformer remaining-capacity contingency screen",real_2025_internal_capacity_network_screen,internal_transformer_capacity_screen,78b6a476a4210567b65bb0c79647bfd8aee8d99aed60795a84c4cd864db56825
QX-00009,110,A,BDZ-00057,forward,150,0,100,50,,47.5,,False,not_run_scheme_infeasible,capacity_network_contingency_screen_no_impedance,network_lines_110kv.csv+transformer_master.csv+real_plan_actions.csv+real_plan_dispatch_playback.csv.gz,电网建模数据_Agent整合版_V1.2,"internal current-capacity, topology-cut and transformer remaining-capacity contingency screen",real_2025_internal_capacity_network_screen,internal_transformer_capacity_screen,78b6a476a4210567b65bb0c79647bfd8aee8d99aed60795a84c4cd864db56825
QX-00009,110,A,BDZ-00057,reverse,150,0,100,50,,47.5,,False,not_run_scheme_infeasible,capacity_network_contingency_screen_no_impedance,network_lines_110kv.csv+transformer_master.csv+real_plan_actions.csv+real_plan_dispatch_playback.csv.gz,电网建模数据_Agent整合版_V1.2,"internal current-capacity, topology-cut and transformer remaining-capacity contingency screen",real_2025_internal_capacity_network_screen,internal_transformer_capacity_screen,78b6a476a4210567b65bb0c79647bfd8aee8d99aed60795a84c4cd864db56825
QX-00009,110,A,BDZ-00068,forward,100,0,50,50,,47.5,,False,not_run_scheme_infeasible,capacity_network_contingency_screen_no_impedance,network_lines_110kv.csv+transformer_master.csv+real_plan_actions.csv+real_plan_dispatch_playback.csv.gz,电网建模数据_Agent整合版_V1.2,"internal current-capacity, topology-cut and transformer remaining-capacity contingency screen",real_2025_internal_capacity_network_screen,internal_transformer_capacity_screen,78b6a476a4210567b65bb0c79647bfd8aee8d99aed60795a84c4cd864db56825
QX-00009,110,A,BDZ-00068,reverse,100,0,50,50,,47.5,,False,not_run_scheme_infeasible,capacity_network_contingency_screen_no_impedance,network_lines_110kv.csv+transformer_master.csv+real_plan_actions.csv+real_plan_dispatch_playback.csv.gz,电网建模数据_Agent整合版_V1.2,"internal current-capacity, topology-cut and transformer remaining-capacity contingency screen",real_2025_internal_capacity_network_screen,internal_transformer_capacity_screen,78b6a476a4210567b65bb0c79647bfd8aee8d99aed60795a84c4cd864db56825
QX-00009,110,A,BDZ-00069,forward,113,0,63,50,,47.5,,False,not_run_scheme_infeasible,capacity_network_contingency_screen_no_impedance,network_lines_110kv.csv+transformer_master.csv+real_plan_actions.csv+real_plan_dispatch_playback.csv.gz,电网建模数据_Agent整合版_V1.2,"internal current-capacity, topology-cut and transformer remaining-capacity contingency screen",real_2025_internal_capacity_network_screen,internal_transformer_capacity_screen,78b6a476a4210567b65bb0c79647bfd8aee8d99aed60795a84c4cd864db56825
QX-00009,110,A,BDZ-00069,reverse,113,0,63,50,,47.5,,False,not_run_scheme_infeasible,capacity_network_contingency_screen_no_impedance,network_lines_110kv.csv+transformer_master.csv+real_plan_actions.csv+real_plan_dispatch_playback.csv.gz,电网建模数据_Agent整合版_V1.2,"internal current-capacity, topology-cut and transformer remaining-capacity contingency screen",real_2025_internal_capacity_network_screen,internal_transformer_capacity_screen,78b6a476a4210567b65bb0c79647bfd8aee8d99aed60795a84c4cd864db56825
QX-00009,110,A,BDZ-00077,forward,100,0,50,50,,47.5,,False,not_run_scheme_infeasible,capacity_network_contingency_screen_no_impedance,network_lines_110kv.csv+transformer_master.csv+real_plan_actions.csv+real_plan_dispatch_playback.csv.gz,电网建模数据_Agent整合版_V1.2,"internal current-capacity, topology-cut and transformer remaining-capacity contingency screen",real_2025_internal_capacity_network_screen,internal_transformer_capacity_screen,78b6a476a4210567b65bb0c79647bfd8aee8d99aed60795a84c4cd864db56825
QX-00009,110,A,BDZ-00077,reverse,100,0,50,50,,47.5,,False,not_run_scheme_infeasible,capacity_network_contingency_screen_no_impedance,network_lines_110kv.csv+transformer_master.csv+real_plan_actions.csv+real_plan_dispatch_playback.csv.gz,电网建模数据_Agent整合版_V1.2,"internal current-capacity, topology-cut and transformer remaining-capacity contingency screen",real_2025_internal_capacity_network_screen,internal_transformer_capacity_screen,78b6a476a4210567b65bb0c79647bfd8aee8d99aed60795a84c4cd864db56825
QX-00009,110,A,BDZ-00084,forward,63,0,31.5,31.5,,29.925,,False,not_run_scheme_infeasible,capacity_network_contingency_screen_no_impedance,network_lines_110kv.csv+transformer_master.csv+real_plan_actions.csv+real_plan_dispatch_playback.csv.gz,电网建模数据_Agent整合版_V1.2,"internal current-capacity, topology-cut and transformer remaining-capacity contingency screen",real_2025_internal_capacity_network_screen,internal_transformer_capacity_screen,78b6a476a4210567b65bb0c79647bfd8aee8d99aed60795a84c4cd864db56825
QX-00009,110,A,BDZ-00084,reverse,63,0,31.5,31.5,,29.925,,False,not_run_scheme_infeasible,capacity_network_contingency_screen_no_impedance,network_lines_110kv.csv+transformer_master.csv+real_plan_actions.csv+real_plan_dispatch_playback.csv.gz,电网建模数据_Agent整合版_V1.2,"internal current-capacity, topology-cut and transformer remaining-capacity contingency screen",real_2025_internal_capacity_network_screen,internal_transformer_capacity_screen,78b6a476a4210567b65bb0c79647bfd8aee8d99aed60795a84c4cd864db56825
QX-00009,110,A,BDZ-00086,forward,100,0,50,50,,47.5,,False,not_run_scheme_infeasible,capacity_network_contingency_screen_no_impedance,network_lines_110kv.csv+transformer_master.csv+real_plan_actions.csv+real_plan_dispatch_playback.csv.gz,电网建模数据_Agent整合版_V1.2,"internal current-capacity, topology-cut and transformer remaining-capacity contingency screen",real_2025_internal_capacity_network_screen,internal_transformer_capacity_screen,78b6a476a4210567b65bb0c79647bfd8aee8d99aed60795a84c4cd864db56825
QX-00009,110,A,BDZ-00086,reverse,100,0,50,50,,47.5,,False,not_run_scheme_infeasible,capacity_network_contingency_screen_no_impedance,network_lines_110kv.csv+transformer_master.csv+real_plan_actions.csv+real_plan_dispatch_playback.csv.gz,电网建模数据_Agent整合版_V1.2,"internal current-capacity, topology-cut and transformer remaining-capacity contingency screen",real_2025_internal_capacity_network_screen,internal_transformer_capacity_screen,78b6a476a4210567b65bb0c79647bfd8aee8d99aed60795a84c4cd864db56825
QX-00009,110,A,BDZ-00087,forward,63,0,31.5,31.5,,29.925,,False,not_run_scheme_infeasible,capacity_network_contingency_screen_no_impedance,network_lines_110kv.csv+transformer_master.csv+real_plan_actions.csv+real_plan_dispatch_playback.csv.gz,电网建模数据_Agent整合版_V1.2,"internal current-capacity, topology-cut and transformer remaining-capacity contingency screen",real_2025_internal_capacity_network_screen,internal_transformer_capacity_screen,78b6a476a4210567b65bb0c79647bfd8aee8d99aed60795a84c4cd864db56825
QX-00009,110,A,BDZ-00087,reverse,63,0,31.5,31.5,,29.925,,False,not_run_scheme_infeasible,capacity_network_contingency_screen_no_impedance,network_lines_110kv.csv+transformer_master.csv+real_plan_actions.csv+real_plan_dispatch_playback.csv.gz,电网建模数据_Agent整合版_V1.2,"internal current-capacity, topology-cut and transformer remaining-capacity contingency screen",real_2025_internal_capacity_network_screen,internal_transformer_capacity_screen,78b6a476a4210567b65bb0c79647bfd8aee8d99aed60795a84c4cd864db56825
QX-00009,110,A,BDZ-00091,forward,113,0,63,50,,47.5,,False,not_run_scheme_infeasible,capacity_network_contingency_screen_no_impedance,network_lines_110kv.csv+transformer_master.csv+real_plan_actions.csv+real_plan_dispatch_playback.csv.gz,电网建模数据_Agent整合版_V1.2,"internal current-capacity, topology-cut and transformer remaining-capacity contingency screen",real_2025_internal_capacity_network_screen,internal_transformer_capacity_screen,78b6a476a4210567b65bb0c79647bfd8aee8d99aed60795a84c4cd864db56825
QX-00009,110,A,BDZ-00091,reverse,113,0,63,50,,47.5,,False,not_run_scheme_infeasible,capacity_network_contingency_screen_no_impedance,network_lines_110kv.csv+transformer_master.csv+real_plan_actions.csv+real_plan_dispatch_playback.csv.gz,电网建模数据_Agent整合版_V1.2,"internal current-capacity, topology-cut and transformer remaining-capacity contingency screen",real_2025_internal_capacity_network_screen,internal_transformer_capacity_screen,78b6a476a4210567b65bb0c79647bfd8aee8d99aed60795a84c4cd864db56825
QX-00009,110,A,BDZ-00127,forward,100,0,50,50,,47.5,,False,not_run_scheme_infeasible,capacity_network_contingency_screen_no_impedance,network_lines_110kv.csv+transformer_master.csv+real_plan_actions.csv+real_plan_dispatch_playback.csv.gz,电网建模数据_Agent整合版_V1.2,"internal current-capacity, topology-cut and transformer remaining-capacity contingency screen",real_2025_internal_capacity_network_screen,internal_transformer_capacity_screen,78b6a476a4210567b65bb0c79647bfd8aee8d99aed60795a84c4cd864db56825
QX-00009,110,A,BDZ-00127,reverse,100,0,50,50,,47.5,,False,not_run_scheme_infeasible,capacity_network_contingency_screen_no_impedance,network_lines_110kv.csv+transformer_master.csv+real_plan_actions.csv+real_plan_dispatch_playback.csv.gz,电网建模数据_Agent整合版_V1.2,"internal current-capacity, topology-cut and transformer remaining-capacity contingency screen",real_2025_internal_capacity_network_screen,internal_transformer_capacity_screen,78b6a476a4210567b65bb0c79647bfd8aee8d99aed60795a84c4cd864db56825
QX-00009,110,A,BDZ-00128,forward,100,0,50,50,,47.5,,False,not_run_scheme_infeasible,capacity_network_contingency_screen_no_impedance,network_lines_110kv.csv+transformer_master.csv+real_plan_actions.csv+real_plan_dispatch_playback.csv.gz,电网建模数据_Agent整合版_V1.2,"internal current-capacity, topology-cut and transformer remaining-capacity contingency screen",real_2025_internal_capacity_network_screen,internal_transformer_capacity_screen,78b6a476a4210567b65bb0c79647bfd8aee8d99aed60795a84c4cd864db56825
QX-00009,110,A,BDZ-00128,reverse,100,0,50,50,,47.5,,False,not_run_scheme_infeasible,capacity_network_contingency_screen_no_impedance,network_lines_110kv.csv+transformer_master.csv+real_plan_actions.csv+real_plan_dispatch_playback.csv.gz,电网建模数据_Agent整合版_V1.2,"internal current-capacity, topology-cut and transformer remaining-capacity contingency screen",real_2025_internal_capacity_network_screen,internal_transformer_capacity_screen,78b6a476a4210567b65bb0c79647bfd8aee8d99aed60795a84c4cd864db56825
QX-00009,110,A,BDZ-00129,forward,80,0,40,40,,38,,False,not_run_scheme_infeasible,capacity_network_contingency_screen_no_impedance,network_lines_110kv.csv+transformer_master.csv+real_plan_actions.csv+real_plan_dispatch_playback.csv.gz,电网建模数据_Agent整合版_V1.2,"internal current-capacity, topology-cut and transformer remaining-capacity contingency screen",real_2025_internal_capacity_network_screen,internal_transformer_capacity_screen,78b6a476a4210567b65bb0c79647bfd8aee8d99aed60795a84c4cd864db56825
QX-00009,110,A,BDZ-00129,reverse,80,0,40,40,,38,,False,not_run_scheme_infeasible,capacity_network_contingency_screen_no_impedance,network_lines_110kv.csv+transformer_master.csv+real_plan_actions.csv+real_plan_dispatch_playback.csv.gz,电网建模数据_Agent整合版_V1.2,"internal current-capacity, topology-cut and transformer remaining-capacity contingency screen",real_2025_internal_capacity_network_screen,internal_transformer_capacity_screen,78b6a476a4210567b65bb0c79647bfd8aee8d99aed60795a84c4cd864db56825
QX-00009,110,A,BDZ-00134,forward,81.5,0,50,31.5,,29.925,,False,not_run_scheme_infeasible,capacity_network_contingency_screen_no_impedance,network_lines_110kv.csv+transformer_master.csv+real_plan_actions.csv+real_plan_dispatch_playback.csv.gz,电网建模数据_Agent整合版_V1.2,"internal current-capacity, topology-cut and transformer remaining-capacity contingency screen",real_2025_internal_capacity_network_screen,internal_transformer_capacity_screen,78b6a476a4210567b65bb0c79647bfd8aee8d99aed60795a84c4cd864db56825
QX-00009,110,A,BDZ-00134,reverse,81.5,0,50,31.5,,29.925,,False,not_run_scheme_infeasible,capacity_network_contingency_screen_no_impedance,network_lines_110kv.csv+transformer_master.csv+real_plan_actions.csv+real_plan_dispatch_playback.csv.gz,电网建模数据_Agent整合版_V1.2,"internal current-capacity, topology-cut and transformer remaining-capacity contingency screen",real_2025_internal_capacity_network_screen,internal_transformer_capacity_screen,78b6a476a4210567b65bb0c79647bfd8aee8d99aed60795a84c4cd864db56825
QX-00009,110,A,BDZ-00150,forward,100,0,50,50,,47.5,,False,not_run_scheme_infeasible,capacity_network_contingency_screen_no_impedance,network_lines_110kv.csv+transformer_master.csv+real_plan_actions.csv+real_plan_dispatch_playback.csv.gz,电网建模数据_Agent整合版_V1.2,"internal current-capacity, topology-cut and transformer remaining-capacity contingency screen",real_2025_internal_capacity_network_screen,internal_transformer_capacity_screen,78b6a476a4210567b65bb0c79647bfd8aee8d99aed60795a84c4cd864db56825
QX-00009,110,A,BDZ-00150,reverse,100,0,50,50,,47.5,,False,not_run_scheme_infeasible,capacity_network_contingency_screen_no_impedance,network_lines_110kv.csv+transformer_master.csv+real_plan_actions.csv+real_plan_dispatch_playback.csv.gz,电网建模数据_Agent整合版_V1.2,"internal current-capacity, topology-cut and transformer remaining-capacity contingency screen",real_2025_internal_capacity_network_screen,internal_transformer_capacity_screen,78b6a476a4210567b65bb0c79647bfd8aee8d99aed60795a84c4cd864db56825
QX-00009,110,A,BDZ-00159,forward,40,0,20,20,,19,,False,not_run_scheme_infeasible,capacity_network_contingency_screen_no_impedance,network_lines_110kv.csv+transformer_master.csv+real_plan_actions.csv+real_plan_dispatch_playback.csv.gz,电网建模数据_Agent整合版_V1.2,"internal current-capacity, topology-cut and transformer remaining-capacity contingency screen",real_2025_internal_capacity_network_screen,internal_transformer_capacity_screen,78b6a476a4210567b65bb0c79647bfd8aee8d99aed60795a84c4cd864db56825
QX-00009,110,A,BDZ-00159,reverse,40,0,20,20,,19,,False,not_run_scheme_infeasible,capacity_network_contingency_screen_no_impedance,network_lines_110kv.csv+transformer_master.csv+real_plan_actions.csv+real_plan_dispatch_playback.csv.gz,电网建模数据_Agent整合版_V1.2,"internal current-capacity, topology-cut and transformer remaining-capacity contingency screen",real_2025_internal_capacity_network_screen,internal_transformer_capacity_screen,78b6a476a4210567b65bb0c79647bfd8aee8d99aed60795a84c4cd864db56825
QX-00009,110,A,BDZ-00176,forward,113,0,63,50,,47.5,,False,not_run_scheme_infeasible,capacity_network_contingency_screen_no_impedance,network_lines_110kv.csv+transformer_master.csv+real_plan_actions.csv+real_plan_dispatch_playback.csv.gz,电网建模数据_Agent整合版_V1.2,"internal current-capacity, topology-cut and transformer remaining-capacity contingency screen",real_2025_internal_capacity_network_screen,internal_transformer_capacity_screen,78b6a476a4210567b65bb0c79647bfd8aee8d99aed60795a84c4cd864db56825
QX-00009,110,A,BDZ-00176,reverse,113,0,63,50,,47.5,,False,not_run_scheme_infeasible,capacity_network_contingency_screen_no_impedance,network_lines_110kv.csv+transformer_master.csv+real_plan_actions.csv+real_plan_dispatch_playback.csv.gz,电网建模数据_Agent整合版_V1.2,"internal current-capacity, topology-cut and transformer remaining-capacity contingency screen",real_2025_internal_capacity_network_screen,internal_transformer_capacity_screen,78b6a476a4210567b65bb0c79647bfd8aee8d99aed60795a84c4cd864db56825
QX-00009,110,A,BDZ-00178,forward,100,0,50,50,,47.5,,False,not_run_scheme_infeasible,capacity_network_contingency_screen_no_impedance,network_lines_110kv.csv+transformer_master.csv+real_plan_actions.csv+real_plan_dispatch_playback.csv.gz,电网建模数据_Agent整合版_V1.2,"internal current-capacity, topology-cut and transformer remaining-capacity contingency screen",real_2025_internal_capacity_network_screen,internal_transformer_capacity_screen,78b6a476a4210567b65bb0c79647bfd8aee8d99aed60795a84c4cd864db56825
QX-00009,110,A,BDZ-00178,reverse,100,0,50,50,,47.5,,False,not_run_scheme_infeasible,capacity_network_contingency_screen_no_impedance,network_lines_110kv.csv+transformer_master.csv+real_plan_actions.csv+real_plan_dispatch_playback.csv.gz,电网建模数据_Agent整合版_V1.2,"internal current-capacity, topology-cut and transformer remaining-capacity contingency screen",real_2025_internal_capacity_network_screen,internal_transformer_capacity_screen,78b6a476a4210567b65bb0c79647bfd8aee8d99aed60795a84c4cd864db56825
QX-00009,110,A,BDZ-00180,forward,40,0,20,20,,19,,False,not_run_scheme_infeasible,capacity_network_contingency_screen_no_impedance,network_lines_110kv.csv+transformer_master.csv+real_plan_actions.csv+real_plan_dispatch_playback.csv.gz,电网建模数据_Agent整合版_V1.2,"internal current-capacity, topology-cut and transformer remaining-capacity contingency screen",real_2025_internal_capacity_network_screen,internal_transformer_capacity_screen,78b6a476a4210567b65bb0c79647bfd8aee8d99aed60795a84c4cd864db56825
QX-00009,110,A,BDZ-00180,reverse,40,0,20,20,,19,,False,not_run_scheme_infeasible,capacity_network_contingency_screen_no_impedance,network_lines_110kv.csv+transformer_master.csv+real_plan_actions.csv+real_plan_dispatch_playback.csv.gz,电网建模数据_Agent整合版_V1.2,"internal current-capacity, topology-cut and transformer remaining-capacity contingency screen",real_2025_internal_capacity_network_screen,internal_transformer_capacity_screen,78b6a476a4210567b65bb0c79647bfd8aee8d99aed60795a84c4cd864db56825
QX-00009,110,B,BDZ-00014,forward,100,0,50,50,,47.5,,False,not_run_scheme_infeasible,capacity_network_contingency_screen_no_impedance,network_lines_110kv.csv+transformer_master.csv+real_plan_actions.csv+real_plan_dispatch_playback.csv.gz,电网建模数据_Agent整合版_V1.2,"internal current-capacity, topology-cut and transformer remaining-capacity contingency screen",real_2025_internal_capacity_network_screen,internal_transformer_capacity_screen,78b6a476a4210567b65bb0c79647bfd8aee8d99aed60795a84c4cd864db56825
QX-00009,110,B,BDZ-00014,reverse,100,0,50,50,,47.5,,False,not_run_scheme_infeasible,capacity_network_contingency_screen_no_impedance,network_lines_110kv.csv+transformer_master.csv+real_plan_actions.csv+real_plan_dispatch_playback.csv.gz,电网建模数据_Agent整合版_V1.2,"internal current-capacity, topology-cut and transformer remaining-capacity contingency screen",real_2025_internal_capacity_network_screen,internal_transformer_capacity_screen,78b6a476a4210567b65bb0c79647bfd8aee8d99aed60795a84c4cd864db56825
QX-00009,110,B,BDZ-00020,forward,113,0,63,50,,47.5,,False,not_run_scheme_infeasible,capacity_network_contingency_screen_no_impedance,network_lines_110kv.csv+transformer_master.csv+real_plan_actions.csv+real_plan_dispatch_playback.csv.gz,电网建模数据_Agent整合版_V1.2,"internal current-capacity, topology-cut and transformer remaining-capacity contingency screen",real_2025_internal_capacity_network_screen,internal_transformer_capacity_screen,78b6a476a4210567b65bb0c79647bfd8aee8d99aed60795a84c4cd864db56825
QX-00009,110,B,BDZ-00020,reverse,113,0,63,50,,47.5,,False,not_run_scheme_infeasible,capacity_network_contingency_screen_no_impedance,network_lines_110kv.csv+transformer_master.csv+real_plan_actions.csv+real_plan_dispatch_playback.csv.gz,电网建模数据_Agent整合版_V1.2,"internal current-capacity, topology-cut and transformer remaining-capacity contingency screen",real_2025_internal_capacity_network_screen,internal_transformer_capacity_screen,78b6a476a4210567b65bb0c79647bfd8aee8d99aed60795a84c4cd864db56825
QX-00009,110,B,BDZ-00040,forward,126,0,63,63,,59.85,,False,not_run_scheme_infeasible,capacity_network_contingency_screen_no_impedance,network_lines_110kv.csv+transformer_master.csv+real_plan_actions.csv+real_plan_dispatch_playback.csv.gz,电网建模数据_Agent整合版_V1.2,"internal current-capacity, topology-cut and transformer remaining-capacity contingency screen",real_2025_internal_capacity_network_screen,internal_transformer_capacity_screen,78b6a476a4210567b65bb0c79647bfd8aee8d99aed60795a84c4cd864db56825
QX-00009,110,B,BDZ-00040,reverse,126,0,63,63,,59.85,,False,not_run_scheme_infeasible,capacity_network_contingency_screen_no_impedance,network_lines_110kv.csv+transformer_master.csv+real_plan_actions.csv+real_plan_dispatch_playback.csv.gz,电网建模数据_Agent整合版_V1.2,"internal current-capacity, topology-cut and transformer remaining-capacity contingency screen",real_2025_internal_capacity_network_screen,internal_transformer_capacity_screen,78b6a476a4210567b65bb0c79647bfd8aee8d99aed60795a84c4cd864db56825
QX-00009,110,B,BDZ-00055,forward,81.5,0,50,31.5,,29.925,,False,not_run_scheme_infeasible,capacity_network_contingency_screen_no_impedance,network_lines_110kv.csv+transformer_master.csv+real_plan_actions.csv+real_plan_dispatch_playback.csv.gz,电网建模数据_Agent整合版_V1.2,"internal current-capacity, topology-cut and transformer remaining-capacity contingency screen",real_2025_internal_capacity_network_screen,internal_transformer_capacity_screen,78b6a476a4210567b65bb0c79647bfd8aee8d99aed60795a84c4cd864db56825
QX-00009,110,B,BDZ-00055,reverse,81.5,0,50,31.5,,29.925,,False,not_run_scheme_infeasible,capacity_network_contingency_screen_no_impedance,network_lines_110kv.csv+transformer_master.csv+real_plan_actions.csv+real_plan_dispatch_playback.csv.gz,电网建模数据_Agent整合版_V1.2,"internal current-capacity, topology-cut and transformer remaining-capacity contingency screen",real_2025_internal_capacity_network_screen,internal_transformer_capacity_screen,78b6a476a4210567b65bb0c79647bfd8aee8d99aed60795a84c4cd864db56825
QX-00009,110,B,BDZ-00057,forward,150,0,100,50,,47.5,,False,not_run_scheme_infeasible,capacity_network_contingency_screen_no_impedance,network_lines_110kv.csv+transformer_master.csv+real_plan_actions.csv+real_plan_dispatch_playback.csv.gz,电网建模数据_Agent整合版_V1.2,"internal current-capacity, topology-cut and transformer remaining-capacity contingency screen",real_2025_internal_capacity_network_screen,internal_transformer_capacity_screen,78b6a476a4210567b65bb0c79647bfd8aee8d99aed60795a84c4cd864db56825
QX-00009,110,B,BDZ-00057,reverse,150,0,100,50,,47.5,,False,not_run_scheme_infeasible,capacity_network_contingency_screen_no_impedance,network_lines_110kv.csv+transformer_master.csv+real_plan_actions.csv+real_plan_dispatch_playback.csv.gz,电网建模数据_Agent整合版_V1.2,"internal current-capacity, topology-cut and transformer remaining-capacity contingency screen",real_2025_internal_capacity_network_screen,internal_transformer_capacity_screen,78b6a476a4210567b65bb0c79647bfd8aee8d99aed60795a84c4cd864db56825
QX-00009,110,B,BDZ-00068,forward,100,0,50,50,,47.5,,False,not_run_scheme_infeasible,capacity_network_contingency_screen_no_impedance,network_lines_110kv.csv+transformer_master.csv+real_plan_actions.csv+real_plan_dispatch_playback.csv.gz,电网建模数据_Agent整合版_V1.2,"internal current-capacity, topology-cut and transformer remaining-capacity contingency screen",real_2025_internal_capacity_network_screen,internal_transformer_capacity_screen,78b6a476a4210567b65bb0c79647bfd8aee8d99aed60795a84c4cd864db56825
QX-00009,110,B,BDZ-00068,reverse,100,0,50,50,,47.5,,False,not_run_scheme_infeasible,capacity_network_contingency_screen_no_impedance,network_lines_110kv.csv+transformer_master.csv+real_plan_actions.csv+real_plan_dispatch_playback.csv.gz,电网建模数据_Agent整合版_V1.2,"internal current-capacity, topology-cut and transformer remaining-capacity contingency screen",real_2025_internal_capacity_network_screen,internal_transformer_capacity_screen,78b6a476a4210567b65bb0c79647bfd8aee8d99aed60795a84c4cd864db56825
QX-00009,110,B,BDZ-00069,forward,113,0,63,50,,47.5,,False,not_run_scheme_infeasible,capacity_network_contingency_screen_no_impedance,network_lines_110kv.csv+transformer_master.csv+real_plan_actions.csv+real_plan_dispatch_playback.csv.gz,电网建模数据_Agent整合版_V1.2,"internal current-capacity, topology-cut and transformer remaining-capacity contingency screen",real_2025_internal_capacity_network_screen,internal_transformer_capacity_screen,78b6a476a4210567b65bb0c79647bfd8aee8d99aed60795a84c4cd864db56825
QX-00009,110,B,BDZ-00069,reverse,113,0,63,50,,47.5,,False,not_run_scheme_infeasible,capacity_network_contingency_screen_no_impedance,network_lines_110kv.csv+transformer_master.csv+real_plan_actions.csv+real_plan_dispatch_playback.csv.gz,电网建模数据_Agent整合版_V1.2,"internal current-capacity, topology-cut and transformer remaining-capacity contingency screen",real_2025_internal_capacity_network_screen,internal_transformer_capacity_screen,78b6a476a4210567b65bb0c79647bfd8aee8d99aed60795a84c4cd864db56825
QX-00009,110,B,BDZ-00077,forward,100,0,50,50,,47.5,,False,not_run_scheme_infeasible,capacity_network_contingency_screen_no_impedance,network_lines_110kv.csv+transformer_master.csv+real_plan_actions.csv+real_plan_dispatch_playback.csv.gz,电网建模数据_Agent整合版_V1.2,"internal current-capacity, topology-cut and transformer remaining-capacity contingency screen",real_2025_internal_capacity_network_screen,internal_transformer_capacity_screen,78b6a476a4210567b65bb0c79647bfd8aee8d99aed60795a84c4cd864db56825
QX-00009,110,B,BDZ-00077,reverse,100,0,50,50,,47.5,,False,not_run_scheme_infeasible,capacity_network_contingency_screen_no_impedance,network_lines_110kv.csv+transformer_master.csv+real_plan_actions.csv+real_plan_dispatch_playback.csv.gz,电网建模数据_Agent整合版_V1.2,"internal current-capacity, topology-cut and transformer remaining-capacity contingency screen",real_2025_internal_capacity_network_screen,internal_transformer_capacity_screen,78b6a476a4210567b65bb0c79647bfd8aee8d99aed60795a84c4cd864db56825
QX-00009,110,B,BDZ-00084,forward,63,0,31.5,31.5,,29.925,,False,not_run_scheme_infeasible,capacity_network_contingency_screen_no_impedance,network_lines_110kv.csv+transformer_master.csv+real_plan_actions.csv+real_plan_dispatch_playback.csv.gz,电网建模数据_Agent整合版_V1.2,"internal current-capacity, topology-cut and transformer remaining-capacity contingency screen",real_2025_internal_capacity_network_screen,internal_transformer_capacity_screen,78b6a476a4210567b65bb0c79647bfd8aee8d99aed60795a84c4cd864db56825
QX-00009,110,B,BDZ-00084,reverse,63,0,31.5,31.5,,29.925,,False,not_run_scheme_infeasible,capacity_network_contingency_screen_no_impedance,network_lines_110kv.csv+transformer_master.csv+real_plan_actions.csv+real_plan_dispatch_playback.csv.gz,电网建模数据_Agent整合版_V1.2,"internal current-capacity, topology-cut and transformer remaining-capacity contingency screen",real_2025_internal_capacity_network_screen,internal_transformer_capacity_screen,78b6a476a4210567b65bb0c79647bfd8aee8d99aed60795a84c4cd864db56825
QX-00009,110,B,BDZ-00086,forward,100,0,50,50,,47.5,,False,not_run_scheme_infeasible,capacity_network_contingency_screen_no_impedance,network_lines_110kv.csv+transformer_master.csv+real_plan_actions.csv+real_plan_dispatch_playback.csv.gz,电网建模数据_Agent整合版_V1.2,"internal current-capacity, topology-cut and transformer remaining-capacity contingency screen",real_2025_internal_capacity_network_screen,internal_transformer_capacity_screen,78b6a476a4210567b65bb0c79647bfd8aee8d99aed60795a84c4cd864db56825
QX-00009,110,B,BDZ-00086,reverse,100,0,50,50,,47.5,,False,not_run_scheme_infeasible,capacity_network_contingency_screen_no_impedance,network_lines_110kv.csv+transformer_master.csv+real_plan_actions.csv+real_plan_dispatch_playback.csv.gz,电网建模数据_Agent整合版_V1.2,"internal current-capacity, topology-cut and transformer remaining-capacity contingency screen",real_2025_internal_capacity_network_screen,internal_transformer_capacity_screen,78b6a476a4210567b65bb0c79647bfd8aee8d99aed60795a84c4cd864db56825
QX-00009,110,B,BDZ-00087,forward,63,0,31.5,31.5,,29.925,,False,not_run_scheme_infeasible,capacity_network_contingency_screen_no_impedance,network_lines_110kv.csv+transformer_master.csv+real_plan_actions.csv+real_plan_dispatch_playback.csv.gz,电网建模数据_Agent整合版_V1.2,"internal current-capacity, topology-cut and transformer remaining-capacity contingency screen",real_2025_internal_capacity_network_screen,internal_transformer_capacity_screen,78b6a476a4210567b65bb0c79647bfd8aee8d99aed60795a84c4cd864db56825
QX-00009,110,B,BDZ-00087,reverse,63,0,31.5,31.5,,29.925,,False,not_run_scheme_infeasible,capacity_network_contingency_screen_no_impedance,network_lines_110kv.csv+transformer_master.csv+real_plan_actions.csv+real_plan_dispatch_playback.csv.gz,电网建模数据_Agent整合版_V1.2,"internal current-capacity, topology-cut and transformer remaining-capacity contingency screen",real_2025_internal_capacity_network_screen,internal_transformer_capacity_screen,78b6a476a4210567b65bb0c79647bfd8aee8d99aed60795a84c4cd864db56825
QX-00009,110,B,BDZ-00091,forward,113,0,63,50,,47.5,,False,not_run_scheme_infeasible,capacity_network_contingency_screen_no_impedance,network_lines_110kv.csv+transformer_master.csv+real_plan_actions.csv+real_plan_dispatch_playback.csv.gz,电网建模数据_Agent整合版_V1.2,"internal current-capacity, topology-cut and transformer remaining-capacity contingency screen",real_2025_internal_capacity_network_screen,internal_transformer_capacity_screen,78b6a476a4210567b65bb0c79647bfd8aee8d99aed60795a84c4cd864db56825
QX-00009,110,B,BDZ-00091,reverse,113,0,63,50,,47.5,,False,not_run_scheme_infeasible,capacity_network_contingency_screen_no_impedance,network_lines_110kv.csv+transformer_master.csv+real_plan_actions.csv+real_plan_dispatch_playback.csv.gz,电网建模数据_Agent整合版_V1.2,"internal current-capacity, topology-cut and transformer remaining-capacity contingency screen",real_2025_internal_capacity_network_screen,internal_transformer_capacity_screen,78b6a476a4210567b65bb0c79647bfd8aee8d99aed60795a84c4cd864db56825
QX-00009,110,B,BDZ-00127,forward,100,0,50,50,,47.5,,False,not_run_scheme_infeasible,capacity_network_contingency_screen_no_impedance,network_lines_110kv.csv+transformer_master.csv+real_plan_actions.csv+real_plan_dispatch_playback.csv.gz,电网建模数据_Agent整合版_V1.2,"internal current-capacity, topology-cut and transformer remaining-capacity contingency screen",real_2025_internal_capacity_network_screen,internal_transformer_capacity_screen,78b6a476a4210567b65bb0c79647bfd8aee8d99aed60795a84c4cd864db56825
QX-00009,110,B,BDZ-00127,reverse,100,0,50,50,,47.5,,False,not_run_scheme_infeasible,capacity_network_contingency_screen_no_impedance,network_lines_110kv.csv+transformer_master.csv+real_plan_actions.csv+real_plan_dispatch_playback.csv.gz,电网建模数据_Agent整合版_V1.2,"internal current-capacity, topology-cut and transformer remaining-capacity contingency screen",real_2025_internal_capacity_network_screen,internal_transformer_capacity_screen,78b6a476a4210567b65bb0c79647bfd8aee8d99aed60795a84c4cd864db56825
QX-00009,110,B,BDZ-00128,forward,100,0,50,50,,47.5,,False,not_run_scheme_infeasible,capacity_network_contingency_screen_no_impedance,network_lines_110kv.csv+transformer_master.csv+real_plan_actions.csv+real_plan_dispatch_playback.csv.gz,电网建模数据_Agent整合版_V1.2,"internal current-capacity, topology-cut and transformer remaining-capacity contingency screen",real_2025_internal_capacity_network_screen,internal_transformer_capacity_screen,78b6a476a4210567b65bb0c79647bfd8aee8d99aed60795a84c4cd864db56825
QX-00009,110,B,BDZ-00128,reverse,100,0,50,50,,47.5,,False,not_run_scheme_infeasible,capacity_network_contingency_screen_no_impedance,network_lines_110kv.csv+transformer_master.csv+real_plan_actions.csv+real_plan_dispatch_playback.csv.gz,电网建模数据_Agent整合版_V1.2,"internal current-capacity, topology-cut and transformer remaining-capacity contingency screen",real_2025_internal_capacity_network_screen,internal_transformer_capacity_screen,78b6a476a4210567b65bb0c79647bfd8aee8d99aed60795a84c4cd864db56825
QX-00009,110,B,BDZ-00129,forward,80,0,40,40,,38,,False,not_run_scheme_infeasible,capacity_network_contingency_screen_no_impedance,network_lines_110kv.csv+transformer_master.csv+real_plan_actions.csv+real_plan_dispatch_playback.csv.gz,电网建模数据_Agent整合版_V1.2,"internal current-capacity, topology-cut and transformer remaining-capacity contingency screen",real_2025_internal_capacity_network_screen,internal_transformer_capacity_screen,78b6a476a4210567b65bb0c79647bfd8aee8d99aed60795a84c4cd864db56825
QX-00009,110,B,BDZ-00129,reverse,80,0,40,40,,38,,False,not_run_scheme_infeasible,capacity_network_contingency_screen_no_impedance,network_lines_110kv.csv+transformer_master.csv+real_plan_actions.csv+real_plan_dispatch_playback.csv.gz,电网建模数据_Agent整合版_V1.2,"internal current-capacity, topology-cut and transformer remaining-capacity contingency screen",real_2025_internal_capacity_network_screen,internal_transformer_capacity_screen,78b6a476a4210567b65bb0c79647bfd8aee8d99aed60795a84c4cd864db56825
QX-00009,110,B,BDZ-00134,forward,81.5,0,50,31.5,,29.925,,False,not_run_scheme_infeasible,capacity_network_contingency_screen_no_impedance,network_lines_110kv.csv+transformer_master.csv+real_plan_actions.csv+real_plan_dispatch_playback.csv.gz,电网建模数据_Agent整合版_V1.2,"internal current-capacity, topology-cut and transformer remaining-capacity contingency screen",real_2025_internal_capacity_network_screen,internal_transformer_capacity_screen,78b6a476a4210567b65bb0c79647bfd8aee8d99aed60795a84c4cd864db56825
QX-00009,110,B,BDZ-00134,reverse,81.5,0,50,31.5,,29.925,,False,not_run_scheme_infeasible,capacity_network_contingency_screen_no_impedance,network_lines_110kv.csv+transformer_master.csv+real_plan_actions.csv+real_plan_dispatch_playback.csv.gz,电网建模数据_Agent整合版_V1.2,"internal current-capacity, topology-cut and transformer remaining-capacity contingency screen",real_2025_internal_capacity_network_screen,internal_transformer_capacity_screen,78b6a476a4210567b65bb0c79647bfd8aee8d99aed60795a84c4cd864db56825
QX-00009,110,B,BDZ-00150,forward,100,0,50,50,,47.5,,False,not_run_scheme_infeasible,capacity_network_contingency_screen_no_impedance,network_lines_110kv.csv+transformer_master.csv+real_plan_actions.csv+real_plan_dispatch_playback.csv.gz,电网建模数据_Agent整合版_V1.2,"internal current-capacity, topology-cut and transformer remaining-capacity contingency screen",real_2025_internal_capacity_network_screen,internal_transformer_capacity_screen,78b6a476a4210567b65bb0c79647bfd8aee8d99aed60795a84c4cd864db56825
QX-00009,110,B,BDZ-00150,reverse,100,0,50,50,,47.5,,False,not_run_scheme_infeasible,capacity_network_contingency_screen_no_impedance,network_lines_110kv.csv+transformer_master.csv+real_plan_actions.csv+real_plan_dispatch_playback.csv.gz,电网建模数据_Agent整合版_V1.2,"internal current-capacity, topology-cut and transformer remaining-capacity contingency screen",real_2025_internal_capacity_network_screen,internal_transformer_capacity_screen,78b6a476a4210567b65bb0c79647bfd8aee8d99aed60795a84c4cd864db56825
QX-00009,110,B,BDZ-00159,forward,40,0,20,20,,19,,False,not_run_scheme_infeasible,capacity_network_contingency_screen_no_impedance,network_lines_110kv.csv+transformer_master.csv+real_plan_actions.csv+real_plan_dispatch_playback.csv.gz,电网建模数据_Agent整合版_V1.2,"internal current-capacity, topology-cut and transformer remaining-capacity contingency screen",real_2025_internal_capacity_network_screen,internal_transformer_capacity_screen,78b6a476a4210567b65bb0c79647bfd8aee8d99aed60795a84c4cd864db56825
QX-00009,110,B,BDZ-00159,reverse,40,0,20,20,,19,,False,not_run_scheme_infeasible,capacity_network_contingency_screen_no_impedance,network_lines_110kv.csv+transformer_master.csv+real_plan_actions.csv+real_plan_dispatch_playback.csv.gz,电网建模数据_Agent整合版_V1.2,"internal current-capacity, topology-cut and transformer remaining-capacity contingency screen",real_2025_internal_capacity_network_screen,internal_transformer_capacity_screen,78b6a476a4210567b65bb0c79647bfd8aee8d99aed60795a84c4cd864db56825
QX-00009,110,B,BDZ-00176,forward,113,0,63,50,,47.5,,False,not_run_scheme_infeasible,capacity_network_contingency_screen_no_impedance,network_lines_110kv.csv+transformer_master.csv+real_plan_actions.csv+real_plan_dispatch_playback.csv.gz,电网建模数据_Agent整合版_V1.2,"internal current-capacity, topology-cut and transformer remaining-capacity contingency screen",real_2025_internal_capacity_network_screen,internal_transformer_capacity_screen,78b6a476a4210567b65bb0c79647bfd8aee8d99aed60795a84c4cd864db56825
QX-00009,110,B,BDZ-00176,reverse,113,0,63,50,,47.5,,False,not_run_scheme_infeasible,capacity_network_contingency_screen_no_impedance,network_lines_110kv.csv+transformer_master.csv+real_plan_actions.csv+real_plan_dispatch_playback.csv.gz,电网建模数据_Agent整合版_V1.2,"internal current-capacity, topology-cut and transformer remaining-capacity contingency screen",real_2025_internal_capacity_network_screen,internal_transformer_capacity_screen,78b6a476a4210567b65bb0c79647bfd8aee8d99aed60795a84c4cd864db56825
QX-00009,110,B,BDZ-00178,forward,100,0,50,50,,47.5,,False,not_run_scheme_infeasible,capacity_network_contingency_screen_no_impedance,network_lines_110kv.csv+transformer_master.csv+real_plan_actions.csv+real_plan_dispatch_playback.csv.gz,电网建模数据_Agent整合版_V1.2,"internal current-capacity, topology-cut and transformer remaining-capacity contingency screen",real_2025_internal_capacity_network_screen,internal_transformer_capacity_screen,78b6a476a4210567b65bb0c79647bfd8aee8d99aed60795a84c4cd864db56825
QX-00009,110,B,BDZ-00178,reverse,100,0,50,50,,47.5,,False,not_run_scheme_infeasible,capacity_network_contingency_screen_no_impedance,network_lines_110kv.csv+transformer_master.csv+real_plan_actions.csv+real_plan_dispatch_playback.csv.gz,电网建模数据_Agent整合版_V1.2,"internal current-capacity, topology-cut and transformer remaining-capacity contingency screen",real_2025_internal_capacity_network_screen,internal_transformer_capacity_screen,78b6a476a4210567b65bb0c79647bfd8aee8d99aed60795a84c4cd864db56825
QX-00009,110,B,BDZ-00180,forward,40,0,20,20,,19,,False,not_run_scheme_infeasible,capacity_network_contingency_screen_no_impedance,network_lines_110kv.csv+transformer_master.csv+real_plan_actions.csv+real_plan_dispatch_playback.csv.gz,电网建模数据_Agent整合版_V1.2,"internal current-capacity, topology-cut and transformer remaining-capacity contingency screen",real_2025_internal_capacity_network_screen,internal_transformer_capacity_screen,78b6a476a4210567b65bb0c79647bfd8aee8d99aed60795a84c4cd864db56825
QX-00009,110,B,BDZ-00180,reverse,40,0,20,20,,19,,False,not_run_scheme_infeasible,capacity_network_contingency_screen_no_impedance,network_lines_110kv.csv+transformer_master.csv+real_plan_actions.csv+real_plan_dispatch_playback.csv.gz,电网建模数据_Agent整合版_V1.2,"internal current-capacity, topology-cut and transformer remaining-capacity contingency screen",real_2025_internal_capacity_network_screen,internal_transformer_capacity_screen,78b6a476a4210567b65bb0c79647bfd8aee8d99aed60795a84c4cd864db56825
QX-00009,110,C0,BDZ-00014,forward,100,0,50,50,,47.5,,False,missing_station_stress,capacity_network_contingency_screen_no_impedance,network_lines_110kv.csv+transformer_master.csv+real_plan_actions.csv+real_plan_dispatch_playback.csv.gz,电网建模数据_Agent整合版_V1.2,"internal current-capacity, topology-cut and transformer remaining-capacity contingency screen",real_2025_internal_capacity_network_screen,internal_transformer_capacity_screen,78b6a476a4210567b65bb0c79647bfd8aee8d99aed60795a84c4cd864db56825
QX-00009,110,C0,BDZ-00014,reverse,100,0,50,50,,47.5,,False,missing_station_stress,capacity_network_contingency_screen_no_impedance,network_lines_110kv.csv+transformer_master.csv+real_plan_actions.csv+real_plan_dispatch_playback.csv.gz,电网建模数据_Agent整合版_V1.2,"internal current-capacity, topology-cut and transformer remaining-capacity contingency screen",real_2025_internal_capacity_network_screen,internal_transformer_capacity_screen,78b6a476a4210567b65bb0c79647bfd8aee8d99aed60795a84c4cd864db56825
QX-00009,110,C0,BDZ-00020,forward,113,0,63,50,55.32,47.5,116.4631579,True,screened,capacity_network_contingency_screen_no_impedance,network_lines_110kv.csv+transformer_master.csv+real_plan_actions.csv+real_plan_dispatch_playback.csv.gz,电网建模数据_Agent整合版_V1.2,"internal current-capacity, topology-cut and transformer remaining-capacity contingency screen",real_2025_internal_capacity_network_screen,internal_transformer_capacity_screen,78b6a476a4210567b65bb0c79647bfd8aee8d99aed60795a84c4cd864db56825
QX-00009,110,C0,BDZ-00020,reverse,113,0,63,50,27.63,47.5,58.16842105,False,screened,capacity_network_contingency_screen_no_impedance,network_lines_110kv.csv+transformer_master.csv+real_plan_actions.csv+real_plan_dispatch_playback.csv.gz,电网建模数据_Agent整合版_V1.2,"internal current-capacity, topology-cut and transformer remaining-capacity contingency screen",real_2025_internal_capacity_network_screen,internal_transformer_capacity_screen,78b6a476a4210567b65bb0c79647bfd8aee8d99aed60795a84c4cd864db56825
QX-00009,110,C0,BDZ-00040,forward,126,0,63,63,57.29,59.85,95.72263993,False,screened,capacity_network_contingency_screen_no_impedance,network_lines_110kv.csv+transformer_master.csv+real_plan_actions.csv+real_plan_dispatch_playback.csv.gz,电网建模数据_Agent整合版_V1.2,"internal current-capacity, topology-cut and transformer remaining-capacity contingency screen",real_2025_internal_capacity_network_screen,internal_transformer_capacity_screen,78b6a476a4210567b65bb0c79647bfd8aee8d99aed60795a84c4cd864db56825
QX-00009,110,C0,BDZ-00040,reverse,126,0,63,63,28.89,59.85,48.27067669,False,screened,capacity_network_contingency_screen_no_impedance,network_lines_110kv.csv+transformer_master.csv+real_plan_actions.csv+real_plan_dispatch_playback.csv.gz,电网建模数据_Agent整合版_V1.2,"internal current-capacity, topology-cut and transformer remaining-capacity contingency screen",real_2025_internal_capacity_network_screen,internal_transformer_capacity_screen,78b6a476a4210567b65bb0c79647bfd8aee8d99aed60795a84c4cd864db56825
QX-00009,110,C0,BDZ-00055,forward,81.5,0,50,31.5,39.78,29.925,132.9323308,True,screened,capacity_network_contingency_screen_no_impedance,network_lines_110kv.csv+transformer_master.csv+real_plan_actions.csv+real_plan_dispatch_playback.csv.gz,电网建模数据_Agent整合版_V1.2,"internal current-capacity, topology-cut and transformer remaining-capacity contingency screen",real_2025_internal_capacity_network_screen,internal_transformer_capacity_screen,78b6a476a4210567b65bb0c79647bfd8aee8d99aed60795a84c4cd864db56825
QX-00009,110,C0,BDZ-00055,reverse,81.5,0,50,31.5,57.93,29.925,193.5839599,True,screened,capacity_network_contingency_screen_no_impedance,network_lines_110kv.csv+transformer_master.csv+real_plan_actions.csv+real_plan_dispatch_playback.csv.gz,电网建模数据_Agent整合版_V1.2,"internal current-capacity, topology-cut and transformer remaining-capacity contingency screen",real_2025_internal_capacity_network_screen,internal_transformer_capacity_screen,78b6a476a4210567b65bb0c79647bfd8aee8d99aed60795a84c4cd864db56825
QX-00009,110,C0,BDZ-00057,forward,150,0,100,50,75.63,47.5,159.2210526,True,screened,capacity_network_contingency_screen_no_impedance,network_lines_110kv.csv+transformer_master.csv+real_plan_actions.csv+real_plan_dispatch_playback.csv.gz,电网建模数据_Agent整合版_V1.2,"internal current-capacity, topology-cut and transformer remaining-capacity contingency screen",real_2025_internal_capacity_network_screen,internal_transformer_capacity_screen,78b6a476a4210567b65bb0c79647bfd8aee8d99aed60795a84c4cd864db56825
QX-00009,110,C0,BDZ-00057,reverse,150,0,100,50,13.04,47.5,27.45263158,False,screened,capacity_network_contingency_screen_no_impedance,network_lines_110kv.csv+transformer_master.csv+real_plan_actions.csv+real_plan_dispatch_playback.csv.gz,电网建模数据_Agent整合版_V1.2,"internal current-capacity, topology-cut and transformer remaining-capacity contingency screen",real_2025_internal_capacity_network_screen,internal_transformer_capacity_screen,78b6a476a4210567b65bb0c79647bfd8aee8d99aed60795a84c4cd864db56825
QX-00009,110,C0,BDZ-00068,forward,100,0,50,50,59.34,47.5,124.9263158,True,screened,capacity_network_contingency_screen_no_impedance,network_lines_110kv.csv+transformer_master.csv+real_plan_actions.csv+real_plan_dispatch_playback.csv.gz,电网建模数据_Agent整合版_V1.2,"internal current-capacity, topology-cut and transformer remaining-capacity contingency screen",real_2025_internal_capacity_network_screen,internal_transformer_capacity_screen,78b6a476a4210567b65bb0c79647bfd8aee8d99aed60795a84c4cd864db56825
QX-00009,110,C0,BDZ-00068,reverse,100,0,50,50,1.99,47.5,4.189473684,False,screened,capacity_network_contingency_screen_no_impedance,network_lines_110kv.csv+transformer_master.csv+real_plan_actions.csv+real_plan_dispatch_playback.csv.gz,电网建模数据_Agent整合版_V1.2,"internal current-capacity, topology-cut and transformer remaining-capacity contingency screen",real_2025_internal_capacity_network_screen,internal_transformer_capacity_screen,78b6a476a4210567b65bb0c79647bfd8aee8d99aed60795a84c4cd864db56825
QX-00009,110,C0,BDZ-00069,forward,113,0,63,50,55.35,47.5,116.5263158,True,screened,capacity_network_contingency_screen_no_impedance,network_lines_110kv.csv+transformer_master.csv+real_plan_actions.csv+real_plan_dispatch_playback.csv.gz,电网建模数据_Agent整合版_V1.2,"internal current-capacity, topology-cut and transformer remaining-capacity contingency screen",real_2025_internal_capacity_network_screen,internal_transformer_capacity_screen,78b6a476a4210567b65bb0c79647bfd8aee8d99aed60795a84c4cd864db56825
QX-00009,110,C0,BDZ-00069,reverse,113,0,63,50,18.64,47.5,39.24210526,False,screened,capacity_network_contingency_screen_no_impedance,network_lines_110kv.csv+transformer_master.csv+real_plan_actions.csv+real_plan_dispatch_playback.csv.gz,电网建模数据_Agent整合版_V1.2,"internal current-capacity, topology-cut and transformer remaining-capacity contingency screen",real_2025_internal_capacity_network_screen,internal_transformer_capacity_screen,78b6a476a4210567b65bb0c79647bfd8aee8d99aed60795a84c4cd864db56825
QX-00009,110,C0,BDZ-00077,forward,100,0,50,50,43,47.5,90.52631579,False,screened,capacity_network_contingency_screen_no_impedance,network_lines_110kv.csv+transformer_master.csv+real_plan_actions.csv+real_plan_dispatch_playback.csv.gz,电网建模数据_Agent整合版_V1.2,"internal current-capacity, topology-cut and transformer remaining-capacity contingency screen",real_2025_internal_capacity_network_screen,internal_transformer_capacity_screen,78b6a476a4210567b65bb0c79647bfd8aee8d99aed60795a84c4cd864db56825
QX-00009,110,C0,BDZ-00077,reverse,100,0,50,50,1.45,47.5,3.052631579,False,screened,capacity_network_contingency_screen_no_impedance,network_lines_110kv.csv+transformer_master.csv+real_plan_actions.csv+real_plan_dispatch_playback.csv.gz,电网建模数据_Agent整合版_V1.2,"internal current-capacity, topology-cut and transformer remaining-capacity contingency screen",real_2025_internal_capacity_network_screen,internal_transformer_capacity_screen,78b6a476a4210567b65bb0c79647bfd8aee8d99aed60795a84c4cd864db56825
QX-00009,110,C0,BDZ-00084,forward,63,0,31.5,31.5,41.3,29.925,138.0116959,True,screened,capacity_network_contingency_screen_no_impedance,network_lines_110kv.csv+transformer_master.csv+real_plan_actions.csv+real_plan_dispatch_playback.csv.gz,电网建模数据_Agent整合版_V1.2,"internal current-capacity, topology-cut and transformer remaining-capacity contingency screen",real_2025_internal_capacity_network_screen,internal_transformer_capacity_screen,78b6a476a4210567b65bb0c79647bfd8aee8d99aed60795a84c4cd864db56825
QX-00009,110,C0,BDZ-00084,reverse,63,0,31.5,31.5,3.4,29.925,11.36173768,False,screened,capacity_network_contingency_screen_no_impedance,network_lines_110kv.csv+transformer_master.csv+real_plan_actions.csv+real_plan_dispatch_playback.csv.gz,电网建模数据_Agent整合版_V1.2,"internal current-capacity, topology-cut and transformer remaining-capacity contingency screen",real_2025_internal_capacity_network_screen,internal_transformer_capacity_screen,78b6a476a4210567b65bb0c79647bfd8aee8d99aed60795a84c4cd864db56825
QX-00009,110,C0,BDZ-00086,forward,100,0,50,50,67.63,47.5,142.3789474,True,screened,capacity_network_contingency_screen_no_impedance,network_lines_110kv.csv+transformer_master.csv+real_plan_actions.csv+real_plan_dispatch_playback.csv.gz,电网建模数据_Agent整合版_V1.2,"internal current-capacity, topology-cut and transformer remaining-capacity contingency screen",real_2025_internal_capacity_network_screen,internal_transformer_capacity_screen,78b6a476a4210567b65bb0c79647bfd8aee8d99aed60795a84c4cd864db56825
QX-00009,110,C0,BDZ-00086,reverse,100,0,50,50,10.43,47.5,21.95789474,False,screened,capacity_network_contingency_screen_no_impedance,network_lines_110kv.csv+transformer_master.csv+real_plan_actions.csv+real_plan_dispatch_playback.csv.gz,电网建模数据_Agent整合版_V1.2,"internal current-capacity, topology-cut and transformer remaining-capacity contingency screen",real_2025_internal_capacity_network_screen,internal_transformer_capacity_screen,78b6a476a4210567b65bb0c79647bfd8aee8d99aed60795a84c4cd864db56825
QX-00009,110,C0,BDZ-00087,forward,63,0,31.5,31.5,30.08,29.925,100.5179616,True,screened,capacity_network_contingency_screen_no_impedance,network_lines_110kv.csv+transformer_master.csv+real_plan_actions.csv+real_plan_dispatch_playback.csv.gz,电网建模数据_Agent整合版_V1.2,"internal current-capacity, topology-cut and transformer remaining-capacity contingency screen",real_2025_internal_capacity_network_screen,internal_transformer_capacity_screen,78b6a476a4210567b65bb0c79647bfd8aee8d99aed60795a84c4cd864db56825
QX-00009,110,C0,BDZ-00087,reverse,63,0,31.5,31.5,0,29.925,0,False,screened,capacity_network_contingency_screen_no_impedance,network_lines_110kv.csv+transformer_master.csv+real_plan_actions.csv+real_plan_dispatch_playback.csv.gz,电网建模数据_Agent整合版_V1.2,"internal current-capacity, topology-cut and transformer remaining-capacity contingency screen",real_2025_internal_capacity_network_screen,internal_transformer_capacity_screen,78b6a476a4210567b65bb0c79647bfd8aee8d99aed60795a84c4cd864db56825
QX-00009,110,C0,BDZ-00091,forward,113,0,63,50,70.23,47.5,147.8526316,True,screened,capacity_network_contingency_screen_no_impedance,network_lines_110kv.csv+transformer_master.csv+real_plan_actions.csv+real_plan_dispatch_playback.csv.gz,电网建模数据_Agent整合版_V1.2,"internal current-capacity, topology-cut and transformer remaining-capacity contingency screen",real_2025_internal_capacity_network_screen,internal_transformer_capacity_screen,78b6a476a4210567b65bb0c79647bfd8aee8d99aed60795a84c4cd864db56825
QX-00009,110,C0,BDZ-00091,reverse,113,0,63,50,0,47.5,0,False,screened,capacity_network_contingency_screen_no_impedance,network_lines_110kv.csv+transformer_master.csv+real_plan_actions.csv+real_plan_dispatch_playback.csv.gz,电网建模数据_Agent整合版_V1.2,"internal current-capacity, topology-cut and transformer remaining-capacity contingency screen",real_2025_internal_capacity_network_screen,internal_transformer_capacity_screen,78b6a476a4210567b65bb0c79647bfd8aee8d99aed60795a84c4cd864db56825
QX-00009,110,C0,BDZ-00127,forward,100,0,50,50,48.16,47.5,101.3894737,True,screened,capacity_network_contingency_screen_no_impedance,network_lines_110kv.csv+transformer_master.csv+real_plan_actions.csv+real_plan_dispatch_playback.csv.gz,电网建模数据_Agent整合版_V1.2,"internal current-capacity, topology-cut and transformer remaining-capacity contingency screen",real_2025_internal_capacity_network_screen,internal_transformer_capacity_screen,78b6a476a4210567b65bb0c79647bfd8aee8d99aed60795a84c4cd864db56825
QX-00009,110,C0,BDZ-00127,reverse,100,0,50,50,9.14,47.5,19.24210526,False,screened,capacity_network_contingency_screen_no_impedance,network_lines_110kv.csv+transformer_master.csv+real_plan_actions.csv+real_plan_dispatch_playback.csv.gz,电网建模数据_Agent整合版_V1.2,"internal current-capacity, topology-cut and transformer remaining-capacity contingency screen",real_2025_internal_capacity_network_screen,internal_transformer_capacity_screen,78b6a476a4210567b65bb0c79647bfd8aee8d99aed60795a84c4cd864db56825
QX-00009,110,C0,BDZ-00128,forward,100,0,50,50,17.62,47.5,37.09473684,False,screened,capacity_network_contingency_screen_no_impedance,network_lines_110kv.csv+transformer_master.csv+real_plan_actions.csv+real_plan_dispatch_playback.csv.gz,电网建模数据_Agent整合版_V1.2,"internal current-capacity, topology-cut and transformer remaining-capacity contingency screen",real_2025_internal_capacity_network_screen,internal_transformer_capacity_screen,78b6a476a4210567b65bb0c79647bfd8aee8d99aed60795a84c4cd864db56825
QX-00009,110,C0,BDZ-00128,reverse,100,0,50,50,23.55,47.5,49.57894737,False,screened,capacity_network_contingency_screen_no_impedance,network_lines_110kv.csv+transformer_master.csv+real_plan_actions.csv+real_plan_dispatch_playback.csv.gz,电网建模数据_Agent整合版_V1.2,"internal current-capacity, topology-cut and transformer remaining-capacity contingency screen",real_2025_internal_capacity_network_screen,internal_transformer_capacity_screen,78b6a476a4210567b65bb0c79647bfd8aee8d99aed60795a84c4cd864db56825
QX-00009,110,C0,BDZ-00129,forward,80,0,40,40,18.52,38,48.73684211,False,screened,capacity_network_contingency_screen_no_impedance,network_lines_110kv.csv+transformer_master.csv+real_plan_actions.csv+real_plan_dispatch_playback.csv.gz,电网建模数据_Agent整合版_V1.2,"internal current-capacity, topology-cut and transformer remaining-capacity contingency screen",real_2025_internal_capacity_network_screen,internal_transformer_capacity_screen,78b6a476a4210567b65bb0c79647bfd8aee8d99aed60795a84c4cd864db56825
QX-00009,110,C0,BDZ-00129,reverse,80,0,40,40,5.21,38,13.71052632,False,screened,capacity_network_contingency_screen_no_impedance,network_lines_110kv.csv+transformer_master.csv+real_plan_actions.csv+real_plan_dispatch_playback.csv.gz,电网建模数据_Agent整合版_V1.2,"internal current-capacity, topology-cut and transformer remaining-capacity contingency screen",real_2025_internal_capacity_network_screen,internal_transformer_capacity_screen,78b6a476a4210567b65bb0c79647bfd8aee8d99aed60795a84c4cd864db56825
QX-00009,110,C0,BDZ-00134,forward,81.5,0,50,31.5,37.9,29.925,126.6499582,True,screened,capacity_network_contingency_screen_no_impedance,network_lines_110kv.csv+transformer_master.csv+real_plan_actions.csv+real_plan_dispatch_playback.csv.gz,电网建模数据_Agent整合版_V1.2,"internal current-capacity, topology-cut and transformer remaining-capacity contingency screen",real_2025_internal_capacity_network_screen,internal_transformer_capacity_screen,78b6a476a4210567b65bb0c79647bfd8aee8d99aed60795a84c4cd864db56825
QX-00009,110,C0,BDZ-00134,reverse,81.5,0,50,31.5,9.9,29.925,33.08270677,False,screened,capacity_network_contingency_screen_no_impedance,network_lines_110kv.csv+transformer_master.csv+real_plan_actions.csv+real_plan_dispatch_playback.csv.gz,电网建模数据_Agent整合版_V1.2,"internal current-capacity, topology-cut and transformer remaining-capacity contingency screen",real_2025_internal_capacity_network_screen,internal_transformer_capacity_screen,78b6a476a4210567b65bb0c79647bfd8aee8d99aed60795a84c4cd864db56825
QX-00009,110,C0,BDZ-00150,forward,100,0,50,50,51.63,47.5,108.6947368,True,screened,capacity_network_contingency_screen_no_impedance,network_lines_110kv.csv+transformer_master.csv+real_plan_actions.csv+real_plan_dispatch_playback.csv.gz,电网建模数据_Agent整合版_V1.2,"internal current-capacity, topology-cut and transformer remaining-capacity contingency screen",real_2025_internal_capacity_network_screen,internal_transformer_capacity_screen,78b6a476a4210567b65bb0c79647bfd8aee8d99aed60795a84c4cd864db56825
QX-00009,110,C0,BDZ-00150,reverse,100,0,50,50,0,47.5,0,False,screened,capacity_network_contingency_screen_no_impedance,network_lines_110kv.csv+transformer_master.csv+real_plan_actions.csv+real_plan_dispatch_playback.csv.gz,电网建模数据_Agent整合版_V1.2,"internal current-capacity, topology-cut and transformer remaining-capacity contingency screen",real_2025_internal_capacity_network_screen,internal_transformer_capacity_screen,78b6a476a4210567b65bb0c79647bfd8aee8d99aed60795a84c4cd864db56825
QX-00009,110,C0,BDZ-00159,forward,40,0,20,20,30.28,19,159.3684211,True,screened,capacity_network_contingency_screen_no_impedance,network_lines_110kv.csv+transformer_master.csv+real_plan_actions.csv+real_plan_dispatch_playback.csv.gz,电网建模数据_Agent整合版_V1.2,"internal current-capacity, topology-cut and transformer remaining-capacity contingency screen",real_2025_internal_capacity_network_screen,internal_transformer_capacity_screen,78b6a476a4210567b65bb0c79647bfd8aee8d99aed60795a84c4cd864db56825
QX-00009,110,C0,BDZ-00159,reverse,40,0,20,20,21.65,19,113.9473684,True,screened,capacity_network_contingency_screen_no_impedance,network_lines_110kv.csv+transformer_master.csv+real_plan_actions.csv+real_plan_dispatch_playback.csv.gz,电网建模数据_Agent整合版_V1.2,"internal current-capacity, topology-cut and transformer remaining-capacity contingency screen",real_2025_internal_capacity_network_screen,internal_transformer_capacity_screen,78b6a476a4210567b65bb0c79647bfd8aee8d99aed60795a84c4cd864db56825
QX-00009,110,C0,BDZ-00176,forward,113,0,63,50,66.11,47.5,139.1789474,True,screened,capacity_network_contingency_screen_no_impedance,network_lines_110kv.csv+transformer_master.csv+real_plan_actions.csv+real_plan_dispatch_playback.csv.gz,电网建模数据_Agent整合版_V1.2,"internal current-capacity, topology-cut and transformer remaining-capacity contingency screen",real_2025_internal_capacity_network_screen,internal_transformer_capacity_screen,78b6a476a4210567b65bb0c79647bfd8aee8d99aed60795a84c4cd864db56825
QX-00009,110,C0,BDZ-00176,reverse,113,0,63,50,24.73,47.5,52.06315789,False,screened,capacity_network_contingency_screen_no_impedance,network_lines_110kv.csv+transformer_master.csv+real_plan_actions.csv+real_plan_dispatch_playback.csv.gz,电网建模数据_Agent整合版_V1.2,"internal current-capacity, topology-cut and transformer remaining-capacity contingency screen",real_2025_internal_capacity_network_screen,internal_transformer_capacity_screen,78b6a476a4210567b65bb0c79647bfd8aee8d99aed60795a84c4cd864db56825
QX-00009,110,C0,BDZ-00178,forward,100,0,50,50,52,47.5,109.4736842,True,screened,capacity_network_contingency_screen_no_impedance,network_lines_110kv.csv+transformer_master.csv+real_plan_actions.csv+real_plan_dispatch_playback.csv.gz,电网建模数据_Agent整合版_V1.2,"internal current-capacity, topology-cut and transformer remaining-capacity contingency screen",real_2025_internal_capacity_network_screen,internal_transformer_capacity_screen,78b6a476a4210567b65bb0c79647bfd8aee8d99aed60795a84c4cd864db56825
QX-00009,110,C0,BDZ-00178,reverse,100,0,50,50,15.4,47.5,32.42105263,False,screened,capacity_network_contingency_screen_no_impedance,network_lines_110kv.csv+transformer_master.csv+real_plan_actions.csv+real_plan_dispatch_playback.csv.gz,电网建模数据_Agent整合版_V1.2,"internal current-capacity, topology-cut and transformer remaining-capacity contingency screen",real_2025_internal_capacity_network_screen,internal_transformer_capacity_screen,78b6a476a4210567b65bb0c79647bfd8aee8d99aed60795a84c4cd864db56825
QX-00009,110,C0,BDZ-00180,forward,40,0,20,20,27.9,19,146.8421053,True,screened,capacity_network_contingency_screen_no_impedance,network_lines_110kv.csv+transformer_master.csv+real_plan_actions.csv+real_plan_dispatch_playback.csv.gz,电网建模数据_Agent整合版_V1.2,"internal current-capacity, topology-cut and transformer remaining-capacity contingency screen",real_2025_internal_capacity_network_screen,internal_transformer_capacity_screen,78b6a476a4210567b65bb0c79647bfd8aee8d99aed60795a84c4cd864db56825
QX-00009,110,C0,BDZ-00180,reverse,40,0,20,20,26.16,19,137.6842105,True,screened,capacity_network_contingency_screen_no_impedance,network_lines_110kv.csv+transformer_master.csv+real_plan_actions.csv+real_plan_dispatch_playback.csv.gz,电网建模数据_Agent整合版_V1.2,"internal current-capacity, topology-cut and transformer remaining-capacity contingency screen",real_2025_internal_capacity_network_screen,internal_transformer_capacity_screen,78b6a476a4210567b65bb0c79647bfd8aee8d99aed60795a84c4cd864db56825
QX-00010,110,A,BDZ-00009,forward,81.5,0,50,31.5,,29.925,,False,not_run_scheme_infeasible,capacity_network_contingency_screen_no_impedance,network_lines_110kv.csv+transformer_master.csv+real_plan_actions.csv+real_plan_dispatch_playback.csv.gz,电网建模数据_Agent整合版_V1.2,"internal current-capacity, topology-cut and transformer remaining-capacity contingency screen",real_2025_internal_capacity_network_screen,internal_transformer_capacity_screen,78b6a476a4210567b65bb0c79647bfd8aee8d99aed60795a84c4cd864db56825
QX-00010,110,A,BDZ-00009,reverse,81.5,0,50,31.5,,29.925,,False,not_run_scheme_infeasible,capacity_network_contingency_screen_no_impedance,network_lines_110kv.csv+transformer_master.csv+real_plan_actions.csv+real_plan_dispatch_playback.csv.gz,电网建模数据_Agent整合版_V1.2,"internal current-capacity, topology-cut and transformer remaining-capacity contingency screen",real_2025_internal_capacity_network_screen,internal_transformer_capacity_screen,78b6a476a4210567b65bb0c79647bfd8aee8d99aed60795a84c4cd864db56825
QX-00010,110,A,BDZ-00011,forward,100,0,50,50,,47.5,,False,not_run_scheme_infeasible,capacity_network_contingency_screen_no_impedance,network_lines_110kv.csv+transformer_master.csv+real_plan_actions.csv+real_plan_dispatch_playback.csv.gz,电网建模数据_Agent整合版_V1.2,"internal current-capacity, topology-cut and transformer remaining-capacity contingency screen",real_2025_internal_capacity_network_screen,internal_transformer_capacity_screen,78b6a476a4210567b65bb0c79647bfd8aee8d99aed60795a84c4cd864db56825
QX-00010,110,A,BDZ-00011,reverse,100,0,50,50,,47.5,,False,not_run_scheme_infeasible,capacity_network_contingency_screen_no_impedance,network_lines_110kv.csv+transformer_master.csv+real_plan_actions.csv+real_plan_dispatch_playback.csv.gz,电网建模数据_Agent整合版_V1.2,"internal current-capacity, topology-cut and transformer remaining-capacity contingency screen",real_2025_internal_capacity_network_screen,internal_transformer_capacity_screen,78b6a476a4210567b65bb0c79647bfd8aee8d99aed60795a84c4cd864db56825
QX-00010,110,A,BDZ-00035,forward,70,0,50,20,,19,,False,not_run_scheme_infeasible,capacity_network_contingency_screen_no_impedance,network_lines_110kv.csv+transformer_master.csv+real_plan_actions.csv+real_plan_dispatch_playback.csv.gz,电网建模数据_Agent整合版_V1.2,"internal current-capacity, topology-cut and transformer remaining-capacity contingency screen",real_2025_internal_capacity_network_screen,internal_transformer_capacity_screen,78b6a476a4210567b65bb0c79647bfd8aee8d99aed60795a84c4cd864db56825
QX-00010,110,A,BDZ-00035,reverse,70,0,50,20,,19,,False,not_run_scheme_infeasible,capacity_network_contingency_screen_no_impedance,network_lines_110kv.csv+transformer_master.csv+real_plan_actions.csv+real_plan_dispatch_playback.csv.gz,电网建模数据_Agent整合版_V1.2,"internal current-capacity, topology-cut and transformer remaining-capacity contingency screen",real_2025_internal_capacity_network_screen,internal_transformer_capacity_screen,78b6a476a4210567b65bb0c79647bfd8aee8d99aed60795a84c4cd864db56825
QX-00010,110,A,BDZ-00044,forward,100,0,50,50,,47.5,,False,not_run_scheme_infeasible,capacity_network_contingency_screen_no_impedance,network_lines_110kv.csv+transformer_master.csv+real_plan_actions.csv+real_plan_dispatch_playback.csv.gz,电网建模数据_Agent整合版_V1.2,"internal current-capacity, topology-cut and transformer remaining-capacity contingency screen",real_2025_internal_capacity_network_screen,internal_transformer_capacity_screen,78b6a476a4210567b65bb0c79647bfd8aee8d99aed60795a84c4cd864db56825
QX-00010,110,A,BDZ-00044,reverse,100,0,50,50,,47.5,,False,not_run_scheme_infeasible,capacity_network_contingency_screen_no_impedance,network_lines_110kv.csv+transformer_master.csv+real_plan_actions.csv+real_plan_dispatch_playback.csv.gz,电网建模数据_Agent整合版_V1.2,"internal current-capacity, topology-cut and transformer remaining-capacity contingency screen",real_2025_internal_capacity_network_screen,internal_transformer_capacity_screen,78b6a476a4210567b65bb0c79647bfd8aee8d99aed60795a84c4cd864db56825
QX-00010,110,A,BDZ-00049,forward,81.5,0,50,31.5,,29.925,,False,not_run_scheme_infeasible,capacity_network_contingency_screen_no_impedance,network_lines_110kv.csv+transformer_master.csv+real_plan_actions.csv+real_plan_dispatch_playback.csv.gz,电网建模数据_Agent整合版_V1.2,"internal current-capacity, topology-cut and transformer remaining-capacity contingency screen",real_2025_internal_capacity_network_screen,internal_transformer_capacity_screen,78b6a476a4210567b65bb0c79647bfd8aee8d99aed60795a84c4cd864db56825
QX-00010,110,A,BDZ-00049,reverse,81.5,0,50,31.5,,29.925,,False,not_run_scheme_infeasible,capacity_network_contingency_screen_no_impedance,network_lines_110kv.csv+transformer_master.csv+real_plan_actions.csv+real_plan_dispatch_playback.csv.gz,电网建模数据_Agent整合版_V1.2,"internal current-capacity, topology-cut and transformer remaining-capacity contingency screen",real_2025_internal_capacity_network_screen,internal_transformer_capacity_screen,78b6a476a4210567b65bb0c79647bfd8aee8d99aed60795a84c4cd864db56825
QX-00010,110,A,BDZ-00054,forward,113,0,63,50,,47.5,,False,not_run_scheme_infeasible,capacity_network_contingency_screen_no_impedance,network_lines_110kv.csv+transformer_master.csv+real_plan_actions.csv+real_plan_dispatch_playback.csv.gz,电网建模数据_Agent整合版_V1.2,"internal current-capacity, topology-cut and transformer remaining-capacity contingency screen",real_2025_internal_capacity_network_screen,internal_transformer_capacity_screen,78b6a476a4210567b65bb0c79647bfd8aee8d99aed60795a84c4cd864db56825
QX-00010,110,A,BDZ-00054,reverse,113,0,63,50,,47.5,,False,not_run_scheme_infeasible,capacity_network_contingency_screen_no_impedance,network_lines_110kv.csv+transformer_master.csv+real_plan_actions.csv+real_plan_dispatch_playback.csv.gz,电网建模数据_Agent整合版_V1.2,"internal current-capacity, topology-cut and transformer remaining-capacity contingency screen",real_2025_internal_capacity_network_screen,internal_transformer_capacity_screen,78b6a476a4210567b65bb0c79647bfd8aee8d99aed60795a84c4cd864db56825
QX-00010,110,A,BDZ-00089,forward,143,0,80,63,,59.85,,False,not_run_scheme_infeasible,capacity_network_contingency_screen_no_impedance,network_lines_110kv.csv+transformer_master.csv+real_plan_actions.csv+real_plan_dispatch_playback.csv.gz,电网建模数据_Agent整合版_V1.2,"internal current-capacity, topology-cut and transformer remaining-capacity contingency screen",real_2025_internal_capacity_network_screen,internal_transformer_capacity_screen,78b6a476a4210567b65bb0c79647bfd8aee8d99aed60795a84c4cd864db56825
QX-00010,110,A,BDZ-00089,reverse,143,0,80,63,,59.85,,False,not_run_scheme_infeasible,capacity_network_contingency_screen_no_impedance,network_lines_110kv.csv+transformer_master.csv+real_plan_actions.csv+real_plan_dispatch_playback.csv.gz,电网建模数据_Agent整合版_V1.2,"internal current-capacity, topology-cut and transformer remaining-capacity contingency screen",real_2025_internal_capacity_network_screen,internal_transformer_capacity_screen,78b6a476a4210567b65bb0c79647bfd8aee8d99aed60795a84c4cd864db56825
QX-00010,110,A,BDZ-00090,forward,100,0,50,50,,47.5,,False,not_run_scheme_infeasible,capacity_network_contingency_screen_no_impedance,network_lines_110kv.csv+transformer_master.csv+real_plan_actions.csv+real_plan_dispatch_playback.csv.gz,电网建模数据_Agent整合版_V1.2,"internal current-capacity, topology-cut and transformer remaining-capacity contingency screen",real_2025_internal_capacity_network_screen,internal_transformer_capacity_screen,78b6a476a4210567b65bb0c79647bfd8aee8d99aed60795a84c4cd864db56825
QX-00010,110,A,BDZ-00090,reverse,100,0,50,50,,47.5,,False,not_run_scheme_infeasible,capacity_network_contingency_screen_no_impedance,network_lines_110kv.csv+transformer_master.csv+real_plan_actions.csv+real_plan_dispatch_playback.csv.gz,电网建模数据_Agent整合版_V1.2,"internal current-capacity, topology-cut and transformer remaining-capacity contingency screen",real_2025_internal_capacity_network_screen,internal_transformer_capacity_screen,78b6a476a4210567b65bb0c79647bfd8aee8d99aed60795a84c4cd864db56825
QX-00010,110,A,BDZ-00097,forward,100,0,50,50,,47.5,,False,not_run_scheme_infeasible,capacity_network_contingency_screen_no_impedance,network_lines_110kv.csv+transformer_master.csv+real_plan_actions.csv+real_plan_dispatch_playback.csv.gz,电网建模数据_Agent整合版_V1.2,"internal current-capacity, topology-cut and transformer remaining-capacity contingency screen",real_2025_internal_capacity_network_screen,internal_transformer_capacity_screen,78b6a476a4210567b65bb0c79647bfd8aee8d99aed60795a84c4cd864db56825
QX-00010,110,A,BDZ-00097,reverse,100,0,50,50,,47.5,,False,not_run_scheme_infeasible,capacity_network_contingency_screen_no_impedance,network_lines_110kv.csv+transformer_master.csv+real_plan_actions.csv+real_plan_dispatch_playback.csv.gz,电网建模数据_Agent整合版_V1.2,"internal current-capacity, topology-cut and transformer remaining-capacity contingency screen",real_2025_internal_capacity_network_screen,internal_transformer_capacity_screen,78b6a476a4210567b65bb0c79647bfd8aee8d99aed60795a84c4cd864db56825
QX-00010,110,A,BDZ-00099,forward,113,0,63,50,,47.5,,False,not_run_scheme_infeasible,capacity_network_contingency_screen_no_impedance,network_lines_110kv.csv+transformer_master.csv+real_plan_actions.csv+real_plan_dispatch_playback.csv.gz,电网建模数据_Agent整合版_V1.2,"internal current-capacity, topology-cut and transformer remaining-capacity contingency screen",real_2025_internal_capacity_network_screen,internal_transformer_capacity_screen,78b6a476a4210567b65bb0c79647bfd8aee8d99aed60795a84c4cd864db56825
QX-00010,110,A,BDZ-00099,reverse,113,0,63,50,,47.5,,False,not_run_scheme_infeasible,capacity_network_contingency_screen_no_impedance,network_lines_110kv.csv+transformer_master.csv+real_plan_actions.csv+real_plan_dispatch_playback.csv.gz,电网建模数据_Agent整合版_V1.2,"internal current-capacity, topology-cut and transformer remaining-capacity contingency screen",real_2025_internal_capacity_network_screen,internal_transformer_capacity_screen,78b6a476a4210567b65bb0c79647bfd8aee8d99aed60795a84c4cd864db56825
QX-00010,110,A,BDZ-00108,forward,100,0,50,50,,47.5,,False,not_run_scheme_infeasible,capacity_network_contingency_screen_no_impedance,network_lines_110kv.csv+transformer_master.csv+real_plan_actions.csv+real_plan_dispatch_playback.csv.gz,电网建模数据_Agent整合版_V1.2,"internal current-capacity, topology-cut and transformer remaining-capacity contingency screen",real_2025_internal_capacity_network_screen,internal_transformer_capacity_screen,78b6a476a4210567b65bb0c79647bfd8aee8d99aed60795a84c4cd864db56825
QX-00010,110,A,BDZ-00108,reverse,100,0,50,50,,47.5,,False,not_run_scheme_infeasible,capacity_network_contingency_screen_no_impedance,network_lines_110kv.csv+transformer_master.csv+real_plan_actions.csv+real_plan_dispatch_playback.csv.gz,电网建模数据_Agent整合版_V1.2,"internal current-capacity, topology-cut and transformer remaining-capacity contingency screen",real_2025_internal_capacity_network_screen,internal_transformer_capacity_screen,78b6a476a4210567b65bb0c79647bfd8aee8d99aed60795a84c4cd864db56825
QX-00010,110,A,BDZ-00109,forward,100,0,50,50,,47.5,,False,not_run_scheme_infeasible,capacity_network_contingency_screen_no_impedance,network_lines_110kv.csv+transformer_master.csv+real_plan_actions.csv+real_plan_dispatch_playback.csv.gz,电网建模数据_Agent整合版_V1.2,"internal current-capacity, topology-cut and transformer remaining-capacity contingency screen",real_2025_internal_capacity_network_screen,internal_transformer_capacity_screen,78b6a476a4210567b65bb0c79647bfd8aee8d99aed60795a84c4cd864db56825
QX-00010,110,A,BDZ-00109,reverse,100,0,50,50,,47.5,,False,not_run_scheme_infeasible,capacity_network_contingency_screen_no_impedance,network_lines_110kv.csv+transformer_master.csv+real_plan_actions.csv+real_plan_dispatch_playback.csv.gz,电网建模数据_Agent整合版_V1.2,"internal current-capacity, topology-cut and transformer remaining-capacity contingency screen",real_2025_internal_capacity_network_screen,internal_transformer_capacity_screen,78b6a476a4210567b65bb0c79647bfd8aee8d99aed60795a84c4cd864db56825
QX-00010,110,A,BDZ-00113,forward,81.5,0,50,31.5,,29.925,,False,not_run_scheme_infeasible,capacity_network_contingency_screen_no_impedance,network_lines_110kv.csv+transformer_master.csv+real_plan_actions.csv+real_plan_dispatch_playback.csv.gz,电网建模数据_Agent整合版_V1.2,"internal current-capacity, topology-cut and transformer remaining-capacity contingency screen",real_2025_internal_capacity_network_screen,internal_transformer_capacity_screen,78b6a476a4210567b65bb0c79647bfd8aee8d99aed60795a84c4cd864db56825
QX-00010,110,A,BDZ-00113,reverse,81.5,0,50,31.5,,29.925,,False,not_run_scheme_infeasible,capacity_network_contingency_screen_no_impedance,network_lines_110kv.csv+transformer_master.csv+real_plan_actions.csv+real_plan_dispatch_playback.csv.gz,电网建模数据_Agent整合版_V1.2,"internal current-capacity, topology-cut and transformer remaining-capacity contingency screen",real_2025_internal_capacity_network_screen,internal_transformer_capacity_screen,78b6a476a4210567b65bb0c79647bfd8aee8d99aed60795a84c4cd864db56825
QX-00010,110,A,BDZ-00120,forward,40,0,20,20,,19,,False,not_run_scheme_infeasible,capacity_network_contingency_screen_no_impedance,network_lines_110kv.csv+transformer_master.csv+real_plan_actions.csv+real_plan_dispatch_playback.csv.gz,电网建模数据_Agent整合版_V1.2,"internal current-capacity, topology-cut and transformer remaining-capacity contingency screen",real_2025_internal_capacity_network_screen,internal_transformer_capacity_screen,78b6a476a4210567b65bb0c79647bfd8aee8d99aed60795a84c4cd864db56825
QX-00010,110,A,BDZ-00120,reverse,40,0,20,20,,19,,False,not_run_scheme_infeasible,capacity_network_contingency_screen_no_impedance,network_lines_110kv.csv+transformer_master.csv+real_plan_actions.csv+real_plan_dispatch_playback.csv.gz,电网建模数据_Agent整合版_V1.2,"internal current-capacity, topology-cut and transformer remaining-capacity contingency screen",real_2025_internal_capacity_network_screen,internal_transformer_capacity_screen,78b6a476a4210567b65bb0c79647bfd8aee8d99aed60795a84c4cd864db56825
QX-00010,110,A,BDZ-00122,forward,100,0,50,50,,47.5,,False,not_run_scheme_infeasible,capacity_network_contingency_screen_no_impedance,network_lines_110kv.csv+transformer_master.csv+real_plan_actions.csv+real_plan_dispatch_playback.csv.gz,电网建模数据_Agent整合版_V1.2,"internal current-capacity, topology-cut and transformer remaining-capacity contingency screen",real_2025_internal_capacity_network_screen,internal_transformer_capacity_screen,78b6a476a4210567b65bb0c79647bfd8aee8d99aed60795a84c4cd864db56825
QX-00010,110,A,BDZ-00122,reverse,100,0,50,50,,47.5,,False,not_run_scheme_infeasible,capacity_network_contingency_screen_no_impedance,network_lines_110kv.csv+transformer_master.csv+real_plan_actions.csv+real_plan_dispatch_playback.csv.gz,电网建模数据_Agent整合版_V1.2,"internal current-capacity, topology-cut and transformer remaining-capacity contingency screen",real_2025_internal_capacity_network_screen,internal_transformer_capacity_screen,78b6a476a4210567b65bb0c79647bfd8aee8d99aed60795a84c4cd864db56825
QX-00010,110,A,BDZ-00133,forward,113,0,63,50,,47.5,,False,not_run_scheme_infeasible,capacity_network_contingency_screen_no_impedance,network_lines_110kv.csv+transformer_master.csv+real_plan_actions.csv+real_plan_dispatch_playback.csv.gz,电网建模数据_Agent整合版_V1.2,"internal current-capacity, topology-cut and transformer remaining-capacity contingency screen",real_2025_internal_capacity_network_screen,internal_transformer_capacity_screen,78b6a476a4210567b65bb0c79647bfd8aee8d99aed60795a84c4cd864db56825
QX-00010,110,A,BDZ-00133,reverse,113,0,63,50,,47.5,,False,not_run_scheme_infeasible,capacity_network_contingency_screen_no_impedance,network_lines_110kv.csv+transformer_master.csv+real_plan_actions.csv+real_plan_dispatch_playback.csv.gz,电网建模数据_Agent整合版_V1.2,"internal current-capacity, topology-cut and transformer remaining-capacity contingency screen",real_2025_internal_capacity_network_screen,internal_transformer_capacity_screen,78b6a476a4210567b65bb0c79647bfd8aee8d99aed60795a84c4cd864db56825
QX-00010,110,A,BDZ-00145,forward,70,0,50,20,,19,,False,not_run_scheme_infeasible,capacity_network_contingency_screen_no_impedance,network_lines_110kv.csv+transformer_master.csv+real_plan_actions.csv+real_plan_dispatch_playback.csv.gz,电网建模数据_Agent整合版_V1.2,"internal current-capacity, topology-cut and transformer remaining-capacity contingency screen",real_2025_internal_capacity_network_screen,internal_transformer_capacity_screen,78b6a476a4210567b65bb0c79647bfd8aee8d99aed60795a84c4cd864db56825
QX-00010,110,A,BDZ-00145,reverse,70,0,50,20,,19,,False,not_run_scheme_infeasible,capacity_network_contingency_screen_no_impedance,network_lines_110kv.csv+transformer_master.csv+real_plan_actions.csv+real_plan_dispatch_playback.csv.gz,电网建模数据_Agent整合版_V1.2,"internal current-capacity, topology-cut and transformer remaining-capacity contingency screen",real_2025_internal_capacity_network_screen,internal_transformer_capacity_screen,78b6a476a4210567b65bb0c79647bfd8aee8d99aed60795a84c4cd864db56825
QX-00010,110,A,BDZ-00160,forward,100,0,50,50,,47.5,,False,not_run_scheme_infeasible,capacity_network_contingency_screen_no_impedance,network_lines_110kv.csv+transformer_master.csv+real_plan_actions.csv+real_plan_dispatch_playback.csv.gz,电网建模数据_Agent整合版_V1.2,"internal current-capacity, topology-cut and transformer remaining-capacity contingency screen",real_2025_internal_capacity_network_screen,internal_transformer_capacity_screen,78b6a476a4210567b65bb0c79647bfd8aee8d99aed60795a84c4cd864db56825
QX-00010,110,A,BDZ-00160,reverse,100,0,50,50,,47.5,,False,not_run_scheme_infeasible,capacity_network_contingency_screen_no_impedance,network_lines_110kv.csv+transformer_master.csv+real_plan_actions.csv+real_plan_dispatch_playback.csv.gz,电网建模数据_Agent整合版_V1.2,"internal current-capacity, topology-cut and transformer remaining-capacity contingency screen",real_2025_internal_capacity_network_screen,internal_transformer_capacity_screen,78b6a476a4210567b65bb0c79647bfd8aee8d99aed60795a84c4cd864db56825
QX-00010,110,A,BDZ-00179,forward,143,0,80,63,,59.85,,False,not_run_scheme_infeasible,capacity_network_contingency_screen_no_impedance,network_lines_110kv.csv+transformer_master.csv+real_plan_actions.csv+real_plan_dispatch_playback.csv.gz,电网建模数据_Agent整合版_V1.2,"internal current-capacity, topology-cut and transformer remaining-capacity contingency screen",real_2025_internal_capacity_network_screen,internal_transformer_capacity_screen,78b6a476a4210567b65bb0c79647bfd8aee8d99aed60795a84c4cd864db56825
QX-00010,110,A,BDZ-00179,reverse,143,0,80,63,,59.85,,False,not_run_scheme_infeasible,capacity_network_contingency_screen_no_impedance,network_lines_110kv.csv+transformer_master.csv+real_plan_actions.csv+real_plan_dispatch_playback.csv.gz,电网建模数据_Agent整合版_V1.2,"internal current-capacity, topology-cut and transformer remaining-capacity contingency screen",real_2025_internal_capacity_network_screen,internal_transformer_capacity_screen,78b6a476a4210567b65bb0c79647bfd8aee8d99aed60795a84c4cd864db56825
QX-00010,110,A,BDZ-00185,forward,143,0,80,63,,59.85,,False,not_run_scheme_infeasible,capacity_network_contingency_screen_no_impedance,network_lines_110kv.csv+transformer_master.csv+real_plan_actions.csv+real_plan_dispatch_playback.csv.gz,电网建模数据_Agent整合版_V1.2,"internal current-capacity, topology-cut and transformer remaining-capacity contingency screen",real_2025_internal_capacity_network_screen,internal_transformer_capacity_screen,78b6a476a4210567b65bb0c79647bfd8aee8d99aed60795a84c4cd864db56825
QX-00010,110,A,BDZ-00185,reverse,143,0,80,63,,59.85,,False,not_run_scheme_infeasible,capacity_network_contingency_screen_no_impedance,network_lines_110kv.csv+transformer_master.csv+real_plan_actions.csv+real_plan_dispatch_playback.csv.gz,电网建模数据_Agent整合版_V1.2,"internal current-capacity, topology-cut and transformer remaining-capacity contingency screen",real_2025_internal_capacity_network_screen,internal_transformer_capacity_screen,78b6a476a4210567b65bb0c79647bfd8aee8d99aed60795a84c4cd864db56825
QX-00010,110,B,BDZ-00009,forward,81.5,0,50,31.5,,29.925,,False,not_run_scheme_infeasible,capacity_network_contingency_screen_no_impedance,network_lines_110kv.csv+transformer_master.csv+real_plan_actions.csv+real_plan_dispatch_playback.csv.gz,电网建模数据_Agent整合版_V1.2,"internal current-capacity, topology-cut and transformer remaining-capacity contingency screen",real_2025_internal_capacity_network_screen,internal_transformer_capacity_screen,78b6a476a4210567b65bb0c79647bfd8aee8d99aed60795a84c4cd864db56825
QX-00010,110,B,BDZ-00009,reverse,81.5,0,50,31.5,,29.925,,False,not_run_scheme_infeasible,capacity_network_contingency_screen_no_impedance,network_lines_110kv.csv+transformer_master.csv+real_plan_actions.csv+real_plan_dispatch_playback.csv.gz,电网建模数据_Agent整合版_V1.2,"internal current-capacity, topology-cut and transformer remaining-capacity contingency screen",real_2025_internal_capacity_network_screen,internal_transformer_capacity_screen,78b6a476a4210567b65bb0c79647bfd8aee8d99aed60795a84c4cd864db56825
QX-00010,110,B,BDZ-00011,forward,100,0,50,50,,47.5,,False,not_run_scheme_infeasible,capacity_network_contingency_screen_no_impedance,network_lines_110kv.csv+transformer_master.csv+real_plan_actions.csv+real_plan_dispatch_playback.csv.gz,电网建模数据_Agent整合版_V1.2,"internal current-capacity, topology-cut and transformer remaining-capacity contingency screen",real_2025_internal_capacity_network_screen,internal_transformer_capacity_screen,78b6a476a4210567b65bb0c79647bfd8aee8d99aed60795a84c4cd864db56825
QX-00010,110,B,BDZ-00011,reverse,100,0,50,50,,47.5,,False,not_run_scheme_infeasible,capacity_network_contingency_screen_no_impedance,network_lines_110kv.csv+transformer_master.csv+real_plan_actions.csv+real_plan_dispatch_playback.csv.gz,电网建模数据_Agent整合版_V1.2,"internal current-capacity, topology-cut and transformer remaining-capacity contingency screen",real_2025_internal_capacity_network_screen,internal_transformer_capacity_screen,78b6a476a4210567b65bb0c79647bfd8aee8d99aed60795a84c4cd864db56825
QX-00010,110,B,BDZ-00035,forward,70,0,50,20,,19,,False,not_run_scheme_infeasible,capacity_network_contingency_screen_no_impedance,network_lines_110kv.csv+transformer_master.csv+real_plan_actions.csv+real_plan_dispatch_playback.csv.gz,电网建模数据_Agent整合版_V1.2,"internal current-capacity, topology-cut and transformer remaining-capacity contingency screen",real_2025_internal_capacity_network_screen,internal_transformer_capacity_screen,78b6a476a4210567b65bb0c79647bfd8aee8d99aed60795a84c4cd864db56825
QX-00010,110,B,BDZ-00035,reverse,70,0,50,20,,19,,False,not_run_scheme_infeasible,capacity_network_contingency_screen_no_impedance,network_lines_110kv.csv+transformer_master.csv+real_plan_actions.csv+real_plan_dispatch_playback.csv.gz,电网建模数据_Agent整合版_V1.2,"internal current-capacity, topology-cut and transformer remaining-capacity contingency screen",real_2025_internal_capacity_network_screen,internal_transformer_capacity_screen,78b6a476a4210567b65bb0c79647bfd8aee8d99aed60795a84c4cd864db56825
QX-00010,110,B,BDZ-00044,forward,100,0,50,50,,47.5,,False,not_run_scheme_infeasible,capacity_network_contingency_screen_no_impedance,network_lines_110kv.csv+transformer_master.csv+real_plan_actions.csv+real_plan_dispatch_playback.csv.gz,电网建模数据_Agent整合版_V1.2,"internal current-capacity, topology-cut and transformer remaining-capacity contingency screen",real_2025_internal_capacity_network_screen,internal_transformer_capacity_screen,78b6a476a4210567b65bb0c79647bfd8aee8d99aed60795a84c4cd864db56825
QX-00010,110,B,BDZ-00044,reverse,100,0,50,50,,47.5,,False,not_run_scheme_infeasible,capacity_network_contingency_screen_no_impedance,network_lines_110kv.csv+transformer_master.csv+real_plan_actions.csv+real_plan_dispatch_playback.csv.gz,电网建模数据_Agent整合版_V1.2,"internal current-capacity, topology-cut and transformer remaining-capacity contingency screen",real_2025_internal_capacity_network_screen,internal_transformer_capacity_screen,78b6a476a4210567b65bb0c79647bfd8aee8d99aed60795a84c4cd864db56825
QX-00010,110,B,BDZ-00049,forward,81.5,0,50,31.5,,29.925,,False,not_run_scheme_infeasible,capacity_network_contingency_screen_no_impedance,network_lines_110kv.csv+transformer_master.csv+real_plan_actions.csv+real_plan_dispatch_playback.csv.gz,电网建模数据_Agent整合版_V1.2,"internal current-capacity, topology-cut and transformer remaining-capacity contingency screen",real_2025_internal_capacity_network_screen,internal_transformer_capacity_screen,78b6a476a4210567b65bb0c79647bfd8aee8d99aed60795a84c4cd864db56825
QX-00010,110,B,BDZ-00049,reverse,81.5,0,50,31.5,,29.925,,False,not_run_scheme_infeasible,capacity_network_contingency_screen_no_impedance,network_lines_110kv.csv+transformer_master.csv+real_plan_actions.csv+real_plan_dispatch_playback.csv.gz,电网建模数据_Agent整合版_V1.2,"internal current-capacity, topology-cut and transformer remaining-capacity contingency screen",real_2025_internal_capacity_network_screen,internal_transformer_capacity_screen,78b6a476a4210567b65bb0c79647bfd8aee8d99aed60795a84c4cd864db56825
QX-00010,110,B,BDZ-00054,forward,113,0,63,50,,47.5,,False,not_run_scheme_infeasible,capacity_network_contingency_screen_no_impedance,network_lines_110kv.csv+transformer_master.csv+real_plan_actions.csv+real_plan_dispatch_playback.csv.gz,电网建模数据_Agent整合版_V1.2,"internal current-capacity, topology-cut and transformer remaining-capacity contingency screen",real_2025_internal_capacity_network_screen,internal_transformer_capacity_screen,78b6a476a4210567b65bb0c79647bfd8aee8d99aed60795a84c4cd864db56825
QX-00010,110,B,BDZ-00054,reverse,113,0,63,50,,47.5,,False,not_run_scheme_infeasible,capacity_network_contingency_screen_no_impedance,network_lines_110kv.csv+transformer_master.csv+real_plan_actions.csv+real_plan_dispatch_playback.csv.gz,电网建模数据_Agent整合版_V1.2,"internal current-capacity, topology-cut and transformer remaining-capacity contingency screen",real_2025_internal_capacity_network_screen,internal_transformer_capacity_screen,78b6a476a4210567b65bb0c79647bfd8aee8d99aed60795a84c4cd864db56825
QX-00010,110,B,BDZ-00089,forward,143,0,80,63,,59.85,,False,not_run_scheme_infeasible,capacity_network_contingency_screen_no_impedance,network_lines_110kv.csv+transformer_master.csv+real_plan_actions.csv+real_plan_dispatch_playback.csv.gz,电网建模数据_Agent整合版_V1.2,"internal current-capacity, topology-cut and transformer remaining-capacity contingency screen",real_2025_internal_capacity_network_screen,internal_transformer_capacity_screen,78b6a476a4210567b65bb0c79647bfd8aee8d99aed60795a84c4cd864db56825
QX-00010,110,B,BDZ-00089,reverse,143,0,80,63,,59.85,,False,not_run_scheme_infeasible,capacity_network_contingency_screen_no_impedance,network_lines_110kv.csv+transformer_master.csv+real_plan_actions.csv+real_plan_dispatch_playback.csv.gz,电网建模数据_Agent整合版_V1.2,"internal current-capacity, topology-cut and transformer remaining-capacity contingency screen",real_2025_internal_capacity_network_screen,internal_transformer_capacity_screen,78b6a476a4210567b65bb0c79647bfd8aee8d99aed60795a84c4cd864db56825
QX-00010,110,B,BDZ-00090,forward,100,0,50,50,,47.5,,False,not_run_scheme_infeasible,capacity_network_contingency_screen_no_impedance,network_lines_110kv.csv+transformer_master.csv+real_plan_actions.csv+real_plan_dispatch_playback.csv.gz,电网建模数据_Agent整合版_V1.2,"internal current-capacity, topology-cut and transformer remaining-capacity contingency screen",real_2025_internal_capacity_network_screen,internal_transformer_capacity_screen,78b6a476a4210567b65bb0c79647bfd8aee8d99aed60795a84c4cd864db56825
QX-00010,110,B,BDZ-00090,reverse,100,0,50,50,,47.5,,False,not_run_scheme_infeasible,capacity_network_contingency_screen_no_impedance,network_lines_110kv.csv+transformer_master.csv+real_plan_actions.csv+real_plan_dispatch_playback.csv.gz,电网建模数据_Agent整合版_V1.2,"internal current-capacity, topology-cut and transformer remaining-capacity contingency screen",real_2025_internal_capacity_network_screen,internal_transformer_capacity_screen,78b6a476a4210567b65bb0c79647bfd8aee8d99aed60795a84c4cd864db56825
QX-00010,110,B,BDZ-00097,forward,100,0,50,50,,47.5,,False,not_run_scheme_infeasible,capacity_network_contingency_screen_no_impedance,network_lines_110kv.csv+transformer_master.csv+real_plan_actions.csv+real_plan_dispatch_playback.csv.gz,电网建模数据_Agent整合版_V1.2,"internal current-capacity, topology-cut and transformer remaining-capacity contingency screen",real_2025_internal_capacity_network_screen,internal_transformer_capacity_screen,78b6a476a4210567b65bb0c79647bfd8aee8d99aed60795a84c4cd864db56825
QX-00010,110,B,BDZ-00097,reverse,100,0,50,50,,47.5,,False,not_run_scheme_infeasible,capacity_network_contingency_screen_no_impedance,network_lines_110kv.csv+transformer_master.csv+real_plan_actions.csv+real_plan_dispatch_playback.csv.gz,电网建模数据_Agent整合版_V1.2,"internal current-capacity, topology-cut and transformer remaining-capacity contingency screen",real_2025_internal_capacity_network_screen,internal_transformer_capacity_screen,78b6a476a4210567b65bb0c79647bfd8aee8d99aed60795a84c4cd864db56825
QX-00010,110,B,BDZ-00099,forward,113,0,63,50,,47.5,,False,not_run_scheme_infeasible,capacity_network_contingency_screen_no_impedance,network_lines_110kv.csv+transformer_master.csv+real_plan_actions.csv+real_plan_dispatch_playback.csv.gz,电网建模数据_Agent整合版_V1.2,"internal current-capacity, topology-cut and transformer remaining-capacity contingency screen",real_2025_internal_capacity_network_screen,internal_transformer_capacity_screen,78b6a476a4210567b65bb0c79647bfd8aee8d99aed60795a84c4cd864db56825
QX-00010,110,B,BDZ-00099,reverse,113,0,63,50,,47.5,,False,not_run_scheme_infeasible,capacity_network_contingency_screen_no_impedance,network_lines_110kv.csv+transformer_master.csv+real_plan_actions.csv+real_plan_dispatch_playback.csv.gz,电网建模数据_Agent整合版_V1.2,"internal current-capacity, topology-cut and transformer remaining-capacity contingency screen",real_2025_internal_capacity_network_screen,internal_transformer_capacity_screen,78b6a476a4210567b65bb0c79647bfd8aee8d99aed60795a84c4cd864db56825
QX-00010,110,B,BDZ-00108,forward,100,0,50,50,,47.5,,False,not_run_scheme_infeasible,capacity_network_contingency_screen_no_impedance,network_lines_110kv.csv+transformer_master.csv+real_plan_actions.csv+real_plan_dispatch_playback.csv.gz,电网建模数据_Agent整合版_V1.2,"internal current-capacity, topology-cut and transformer remaining-capacity contingency screen",real_2025_internal_capacity_network_screen,internal_transformer_capacity_screen,78b6a476a4210567b65bb0c79647bfd8aee8d99aed60795a84c4cd864db56825
QX-00010,110,B,BDZ-00108,reverse,100,0,50,50,,47.5,,False,not_run_scheme_infeasible,capacity_network_contingency_screen_no_impedance,network_lines_110kv.csv+transformer_master.csv+real_plan_actions.csv+real_plan_dispatch_playback.csv.gz,电网建模数据_Agent整合版_V1.2,"internal current-capacity, topology-cut and transformer remaining-capacity contingency screen",real_2025_internal_capacity_network_screen,internal_transformer_capacity_screen,78b6a476a4210567b65bb0c79647bfd8aee8d99aed60795a84c4cd864db56825
QX-00010,110,B,BDZ-00109,forward,100,0,50,50,,47.5,,False,not_run_scheme_infeasible,capacity_network_contingency_screen_no_impedance,network_lines_110kv.csv+transformer_master.csv+real_plan_actions.csv+real_plan_dispatch_playback.csv.gz,电网建模数据_Agent整合版_V1.2,"internal current-capacity, topology-cut and transformer remaining-capacity contingency screen",real_2025_internal_capacity_network_screen,internal_transformer_capacity_screen,78b6a476a4210567b65bb0c79647bfd8aee8d99aed60795a84c4cd864db56825
QX-00010,110,B,BDZ-00109,reverse,100,0,50,50,,47.5,,False,not_run_scheme_infeasible,capacity_network_contingency_screen_no_impedance,network_lines_110kv.csv+transformer_master.csv+real_plan_actions.csv+real_plan_dispatch_playback.csv.gz,电网建模数据_Agent整合版_V1.2,"internal current-capacity, topology-cut and transformer remaining-capacity contingency screen",real_2025_internal_capacity_network_screen,internal_transformer_capacity_screen,78b6a476a4210567b65bb0c79647bfd8aee8d99aed60795a84c4cd864db56825
QX-00010,110,B,BDZ-00113,forward,81.5,0,50,31.5,,29.925,,False,not_run_scheme_infeasible,capacity_network_contingency_screen_no_impedance,network_lines_110kv.csv+transformer_master.csv+real_plan_actions.csv+real_plan_dispatch_playback.csv.gz,电网建模数据_Agent整合版_V1.2,"internal current-capacity, topology-cut and transformer remaining-capacity contingency screen",real_2025_internal_capacity_network_screen,internal_transformer_capacity_screen,78b6a476a4210567b65bb0c79647bfd8aee8d99aed60795a84c4cd864db56825
QX-00010,110,B,BDZ-00113,reverse,81.5,0,50,31.5,,29.925,,False,not_run_scheme_infeasible,capacity_network_contingency_screen_no_impedance,network_lines_110kv.csv+transformer_master.csv+real_plan_actions.csv+real_plan_dispatch_playback.csv.gz,电网建模数据_Agent整合版_V1.2,"internal current-capacity, topology-cut and transformer remaining-capacity contingency screen",real_2025_internal_capacity_network_screen,internal_transformer_capacity_screen,78b6a476a4210567b65bb0c79647bfd8aee8d99aed60795a84c4cd864db56825
QX-00010,110,B,BDZ-00120,forward,40,0,20,20,,19,,False,not_run_scheme_infeasible,capacity_network_contingency_screen_no_impedance,network_lines_110kv.csv+transformer_master.csv+real_plan_actions.csv+real_plan_dispatch_playback.csv.gz,电网建模数据_Agent整合版_V1.2,"internal current-capacity, topology-cut and transformer remaining-capacity contingency screen",real_2025_internal_capacity_network_screen,internal_transformer_capacity_screen,78b6a476a4210567b65bb0c79647bfd8aee8d99aed60795a84c4cd864db56825
QX-00010,110,B,BDZ-00120,reverse,40,0,20,20,,19,,False,not_run_scheme_infeasible,capacity_network_contingency_screen_no_impedance,network_lines_110kv.csv+transformer_master.csv+real_plan_actions.csv+real_plan_dispatch_playback.csv.gz,电网建模数据_Agent整合版_V1.2,"internal current-capacity, topology-cut and transformer remaining-capacity contingency screen",real_2025_internal_capacity_network_screen,internal_transformer_capacity_screen,78b6a476a4210567b65bb0c79647bfd8aee8d99aed60795a84c4cd864db56825
QX-00010,110,B,BDZ-00122,forward,100,0,50,50,,47.5,,False,not_run_scheme_infeasible,capacity_network_contingency_screen_no_impedance,network_lines_110kv.csv+transformer_master.csv+real_plan_actions.csv+real_plan_dispatch_playback.csv.gz,电网建模数据_Agent整合版_V1.2,"internal current-capacity, topology-cut and transformer remaining-capacity contingency screen",real_2025_internal_capacity_network_screen,internal_transformer_capacity_screen,78b6a476a4210567b65bb0c79647bfd8aee8d99aed60795a84c4cd864db56825
QX-00010,110,B,BDZ-00122,reverse,100,0,50,50,,47.5,,False,not_run_scheme_infeasible,capacity_network_contingency_screen_no_impedance,network_lines_110kv.csv+transformer_master.csv+real_plan_actions.csv+real_plan_dispatch_playback.csv.gz,电网建模数据_Agent整合版_V1.2,"internal current-capacity, topology-cut and transformer remaining-capacity contingency screen",real_2025_internal_capacity_network_screen,internal_transformer_capacity_screen,78b6a476a4210567b65bb0c79647bfd8aee8d99aed60795a84c4cd864db56825
QX-00010,110,B,BDZ-00133,forward,113,0,63,50,,47.5,,False,not_run_scheme_infeasible,capacity_network_contingency_screen_no_impedance,network_lines_110kv.csv+transformer_master.csv+real_plan_actions.csv+real_plan_dispatch_playback.csv.gz,电网建模数据_Agent整合版_V1.2,"internal current-capacity, topology-cut and transformer remaining-capacity contingency screen",real_2025_internal_capacity_network_screen,internal_transformer_capacity_screen,78b6a476a4210567b65bb0c79647bfd8aee8d99aed60795a84c4cd864db56825
QX-00010,110,B,BDZ-00133,reverse,113,0,63,50,,47.5,,False,not_run_scheme_infeasible,capacity_network_contingency_screen_no_impedance,network_lines_110kv.csv+transformer_master.csv+real_plan_actions.csv+real_plan_dispatch_playback.csv.gz,电网建模数据_Agent整合版_V1.2,"internal current-capacity, topology-cut and transformer remaining-capacity contingency screen",real_2025_internal_capacity_network_screen,internal_transformer_capacity_screen,78b6a476a4210567b65bb0c79647bfd8aee8d99aed60795a84c4cd864db56825
QX-00010,110,B,BDZ-00145,forward,70,0,50,20,,19,,False,not_run_scheme_infeasible,capacity_network_contingency_screen_no_impedance,network_lines_110kv.csv+transformer_master.csv+real_plan_actions.csv+real_plan_dispatch_playback.csv.gz,电网建模数据_Agent整合版_V1.2,"internal current-capacity, topology-cut and transformer remaining-capacity contingency screen",real_2025_internal_capacity_network_screen,internal_transformer_capacity_screen,78b6a476a4210567b65bb0c79647bfd8aee8d99aed60795a84c4cd864db56825
QX-00010,110,B,BDZ-00145,reverse,70,0,50,20,,19,,False,not_run_scheme_infeasible,capacity_network_contingency_screen_no_impedance,network_lines_110kv.csv+transformer_master.csv+real_plan_actions.csv+real_plan_dispatch_playback.csv.gz,电网建模数据_Agent整合版_V1.2,"internal current-capacity, topology-cut and transformer remaining-capacity contingency screen",real_2025_internal_capacity_network_screen,internal_transformer_capacity_screen,78b6a476a4210567b65bb0c79647bfd8aee8d99aed60795a84c4cd864db56825
QX-00010,110,B,BDZ-00160,forward,100,0,50,50,,47.5,,False,not_run_scheme_infeasible,capacity_network_contingency_screen_no_impedance,network_lines_110kv.csv+transformer_master.csv+real_plan_actions.csv+real_plan_dispatch_playback.csv.gz,电网建模数据_Agent整合版_V1.2,"internal current-capacity, topology-cut and transformer remaining-capacity contingency screen",real_2025_internal_capacity_network_screen,internal_transformer_capacity_screen,78b6a476a4210567b65bb0c79647bfd8aee8d99aed60795a84c4cd864db56825
QX-00010,110,B,BDZ-00160,reverse,100,0,50,50,,47.5,,False,not_run_scheme_infeasible,capacity_network_contingency_screen_no_impedance,network_lines_110kv.csv+transformer_master.csv+real_plan_actions.csv+real_plan_dispatch_playback.csv.gz,电网建模数据_Agent整合版_V1.2,"internal current-capacity, topology-cut and transformer remaining-capacity contingency screen",real_2025_internal_capacity_network_screen,internal_transformer_capacity_screen,78b6a476a4210567b65bb0c79647bfd8aee8d99aed60795a84c4cd864db56825
QX-00010,110,B,BDZ-00179,forward,143,0,80,63,,59.85,,False,not_run_scheme_infeasible,capacity_network_contingency_screen_no_impedance,network_lines_110kv.csv+transformer_master.csv+real_plan_actions.csv+real_plan_dispatch_playback.csv.gz,电网建模数据_Agent整合版_V1.2,"internal current-capacity, topology-cut and transformer remaining-capacity contingency screen",real_2025_internal_capacity_network_screen,internal_transformer_capacity_screen,78b6a476a4210567b65bb0c79647bfd8aee8d99aed60795a84c4cd864db56825
QX-00010,110,B,BDZ-00179,reverse,143,0,80,63,,59.85,,False,not_run_scheme_infeasible,capacity_network_contingency_screen_no_impedance,network_lines_110kv.csv+transformer_master.csv+real_plan_actions.csv+real_plan_dispatch_playback.csv.gz,电网建模数据_Agent整合版_V1.2,"internal current-capacity, topology-cut and transformer remaining-capacity contingency screen",real_2025_internal_capacity_network_screen,internal_transformer_capacity_screen,78b6a476a4210567b65bb0c79647bfd8aee8d99aed60795a84c4cd864db56825
QX-00010,110,B,BDZ-00185,forward,143,0,80,63,,59.85,,False,not_run_scheme_infeasible,capacity_network_contingency_screen_no_impedance,network_lines_110kv.csv+transformer_master.csv+real_plan_actions.csv+real_plan_dispatch_playback.csv.gz,电网建模数据_Agent整合版_V1.2,"internal current-capacity, topology-cut and transformer remaining-capacity contingency screen",real_2025_internal_capacity_network_screen,internal_transformer_capacity_screen,78b6a476a4210567b65bb0c79647bfd8aee8d99aed60795a84c4cd864db56825
QX-00010,110,B,BDZ-00185,reverse,143,0,80,63,,59.85,,False,not_run_scheme_infeasible,capacity_network_contingency_screen_no_impedance,network_lines_110kv.csv+transformer_master.csv+real_plan_actions.csv+real_plan_dispatch_playback.csv.gz,电网建模数据_Agent整合版_V1.2,"internal current-capacity, topology-cut and transformer remaining-capacity contingency screen",real_2025_internal_capacity_network_screen,internal_transformer_capacity_screen,78b6a476a4210567b65bb0c79647bfd8aee8d99aed60795a84c4cd864db56825
QX-00010,110,C0,BDZ-00009,forward,81.5,0,50,31.5,22.99,29.925,76.82539683,False,screened,capacity_network_contingency_screen_no_impedance,network_lines_110kv.csv+transformer_master.csv+real_plan_actions.csv+real_plan_dispatch_playback.csv.gz,电网建模数据_Agent整合版_V1.2,"internal current-capacity, topology-cut and transformer remaining-capacity contingency screen",real_2025_internal_capacity_network_screen,internal_transformer_capacity_screen,78b6a476a4210567b65bb0c79647bfd8aee8d99aed60795a84c4cd864db56825
QX-00010,110,C0,BDZ-00009,reverse,81.5,0,50,31.5,34.32,29.925,114.6867168,True,screened,capacity_network_contingency_screen_no_impedance,network_lines_110kv.csv+transformer_master.csv+real_plan_actions.csv+real_plan_dispatch_playback.csv.gz,电网建模数据_Agent整合版_V1.2,"internal current-capacity, topology-cut and transformer remaining-capacity contingency screen",real_2025_internal_capacity_network_screen,internal_transformer_capacity_screen,78b6a476a4210567b65bb0c79647bfd8aee8d99aed60795a84c4cd864db56825
QX-00010,110,C0,BDZ-00011,forward,100,0,50,50,24.82,47.5,52.25263158,False,screened,capacity_network_contingency_screen_no_impedance,network_lines_110kv.csv+transformer_master.csv+real_plan_actions.csv+real_plan_dispatch_playback.csv.gz,电网建模数据_Agent整合版_V1.2,"internal current-capacity, topology-cut and transformer remaining-capacity contingency screen",real_2025_internal_capacity_network_screen,internal_transformer_capacity_screen,78b6a476a4210567b65bb0c79647bfd8aee8d99aed60795a84c4cd864db56825
QX-00010,110,C0,BDZ-00011,reverse,100,0,50,50,26.35,47.5,55.47368421,False,screened,capacity_network_contingency_screen_no_impedance,network_lines_110kv.csv+transformer_master.csv+real_plan_actions.csv+real_plan_dispatch_playback.csv.gz,电网建模数据_Agent整合版_V1.2,"internal current-capacity, topology-cut and transformer remaining-capacity contingency screen",real_2025_internal_capacity_network_screen,internal_transformer_capacity_screen,78b6a476a4210567b65bb0c79647bfd8aee8d99aed60795a84c4cd864db56825
QX-00010,110,C0,BDZ-00035,forward,70,0,50,20,28.24,19,148.6315789,True,screened,capacity_network_contingency_screen_no_impedance,network_lines_110kv.csv+transformer_master.csv+real_plan_actions.csv+real_plan_dispatch_playback.csv.gz,电网建模数据_Agent整合版_V1.2,"internal current-capacity, topology-cut and transformer remaining-capacity contingency screen",real_2025_internal_capacity_network_screen,internal_transformer_capacity_screen,78b6a476a4210567b65bb0c79647bfd8aee8d99aed60795a84c4cd864db56825
QX-00010,110,C0,BDZ-00035,reverse,70,0,50,20,33.6,19,176.8421053,True,screened,capacity_network_contingency_screen_no_impedance,network_lines_110kv.csv+transformer_master.csv+real_plan_actions.csv+real_plan_dispatch_playback.csv.gz,电网建模数据_Agent整合版_V1.2,"internal current-capacity, topology-cut and transformer remaining-capacity contingency screen",real_2025_internal_capacity_network_screen,internal_transformer_capacity_screen,78b6a476a4210567b65bb0c79647bfd8aee8d99aed60795a84c4cd864db56825
QX-00010,110,C0,BDZ-00044,forward,100,0,50,50,22.02,47.5,46.35789474,False,screened,capacity_network_contingency_screen_no_impedance,network_lines_110kv.csv+transformer_master.csv+real_plan_actions.csv+real_plan_dispatch_playback.csv.gz,电网建模数据_Agent整合版_V1.2,"internal current-capacity, topology-cut and transformer remaining-capacity contingency screen",real_2025_internal_capacity_network_screen,internal_transformer_capacity_screen,78b6a476a4210567b65bb0c79647bfd8aee8d99aed60795a84c4cd864db56825
QX-00010,110,C0,BDZ-00044,reverse,100,0,50,50,35.13,47.5,73.95789474,False,screened,capacity_network_contingency_screen_no_impedance,network_lines_110kv.csv+transformer_master.csv+real_plan_actions.csv+real_plan_dispatch_playback.csv.gz,电网建模数据_Agent整合版_V1.2,"internal current-capacity, topology-cut and transformer remaining-capacity contingency screen",real_2025_internal_capacity_network_screen,internal_transformer_capacity_screen,78b6a476a4210567b65bb0c79647bfd8aee8d99aed60795a84c4cd864db56825
QX-00010,110,C0,BDZ-00049,forward,81.5,0,50,31.5,43,29.925,143.6925647,True,screened,capacity_network_contingency_screen_no_impedance,network_lines_110kv.csv+transformer_master.csv+real_plan_actions.csv+real_plan_dispatch_playback.csv.gz,电网建模数据_Agent整合版_V1.2,"internal current-capacity, topology-cut and transformer remaining-capacity contingency screen",real_2025_internal_capacity_network_screen,internal_transformer_capacity_screen,78b6a476a4210567b65bb0c79647bfd8aee8d99aed60795a84c4cd864db56825
QX-00010,110,C0,BDZ-00049,reverse,81.5,0,50,31.5,20.66,29.925,69.03926483,False,screened,capacity_network_contingency_screen_no_impedance,network_lines_110kv.csv+transformer_master.csv+real_plan_actions.csv+real_plan_dispatch_playback.csv.gz,电网建模数据_Agent整合版_V1.2,"internal current-capacity, topology-cut and transformer remaining-capacity contingency screen",real_2025_internal_capacity_network_screen,internal_transformer_capacity_screen,78b6a476a4210567b65bb0c79647bfd8aee8d99aed60795a84c4cd864db56825
QX-00010,110,C0,BDZ-00054,forward,113,0,63,50,55.78,47.5,117.4315789,True,screened,capacity_network_contingency_screen_no_impedance,network_lines_110kv.csv+transformer_master.csv+real_plan_actions.csv+real_plan_dispatch_playback.csv.gz,电网建模数据_Agent整合版_V1.2,"internal current-capacity, topology-cut and transformer remaining-capacity contingency screen",real_2025_internal_capacity_network_screen,internal_transformer_capacity_screen,78b6a476a4210567b65bb0c79647bfd8aee8d99aed60795a84c4cd864db56825
QX-00010,110,C0,BDZ-00054,reverse,113,0,63,50,80.16,47.5,168.7578947,True,screened,capacity_network_contingency_screen_no_impedance,network_lines_110kv.csv+transformer_master.csv+real_plan_actions.csv+real_plan_dispatch_playback.csv.gz,电网建模数据_Agent整合版_V1.2,"internal current-capacity, topology-cut and transformer remaining-capacity contingency screen",real_2025_internal_capacity_network_screen,internal_transformer_capacity_screen,78b6a476a4210567b65bb0c79647bfd8aee8d99aed60795a84c4cd864db56825
QX-00010,110,C0,BDZ-00089,forward,143,0,80,63,51.16,59.85,85.48036759,False,screened,capacity_network_contingency_screen_no_impedance,network_lines_110kv.csv+transformer_master.csv+real_plan_actions.csv+real_plan_dispatch_playback.csv.gz,电网建模数据_Agent整合版_V1.2,"internal current-capacity, topology-cut and transformer remaining-capacity contingency screen",real_2025_internal_capacity_network_screen,internal_transformer_capacity_screen,78b6a476a4210567b65bb0c79647bfd8aee8d99aed60795a84c4cd864db56825
QX-00010,110,C0,BDZ-00089,reverse,143,0,80,63,3.26,59.85,5.44695071,False,screened,capacity_network_contingency_screen_no_impedance,network_lines_110kv.csv+transformer_master.csv+real_plan_actions.csv+real_plan_dispatch_playback.csv.gz,电网建模数据_Agent整合版_V1.2,"internal current-capacity, topology-cut and transformer remaining-capacity contingency screen",real_2025_internal_capacity_network_screen,internal_transformer_capacity_screen,78b6a476a4210567b65bb0c79647bfd8aee8d99aed60795a84c4cd864db56825
QX-00010,110,C0,BDZ-00090,forward,100,0,50,50,27.45,47.5,57.78947368,False,screened,capacity_network_contingency_screen_no_impedance,network_lines_110kv.csv+transformer_master.csv+real_plan_actions.csv+real_plan_dispatch_playback.csv.gz,电网建模数据_Agent整合版_V1.2,"internal current-capacity, topology-cut and transformer remaining-capacity contingency screen",real_2025_internal_capacity_network_screen,internal_transformer_capacity_screen,78b6a476a4210567b65bb0c79647bfd8aee8d99aed60795a84c4cd864db56825
QX-00010,110,C0,BDZ-00090,reverse,100,0,50,50,17.87,47.5,37.62105263,False,screened,capacity_network_contingency_screen_no_impedance,network_lines_110kv.csv+transformer_master.csv+real_plan_actions.csv+real_plan_dispatch_playback.csv.gz,电网建模数据_Agent整合版_V1.2,"internal current-capacity, topology-cut and transformer remaining-capacity contingency screen",real_2025_internal_capacity_network_screen,internal_transformer_capacity_screen,78b6a476a4210567b65bb0c79647bfd8aee8d99aed60795a84c4cd864db56825
QX-00010,110,C0,BDZ-00097,forward,100,0,50,50,33.06,47.5,69.6,False,screened,capacity_network_contingency_screen_no_impedance,network_lines_110kv.csv+transformer_master.csv+real_plan_actions.csv+real_plan_dispatch_playback.csv.gz,电网建模数据_Agent整合版_V1.2,"internal current-capacity, topology-cut and transformer remaining-capacity contingency screen",real_2025_internal_capacity_network_screen,internal_transformer_capacity_screen,78b6a476a4210567b65bb0c79647bfd8aee8d99aed60795a84c4cd864db56825
QX-00010,110,C0,BDZ-00097,reverse,100,0,50,50,31.38,47.5,66.06315789,False,screened,capacity_network_contingency_screen_no_impedance,network_lines_110kv.csv+transformer_master.csv+real_plan_actions.csv+real_plan_dispatch_playback.csv.gz,电网建模数据_Agent整合版_V1.2,"internal current-capacity, topology-cut and transformer remaining-capacity contingency screen",real_2025_internal_capacity_network_screen,internal_transformer_capacity_screen,78b6a476a4210567b65bb0c79647bfd8aee8d99aed60795a84c4cd864db56825
QX-00010,110,C0,BDZ-00099,forward,113,0,63,50,40.59,47.5,85.45263158,False,screened,capacity_network_contingency_screen_no_impedance,network_lines_110kv.csv+transformer_master.csv+real_plan_actions.csv+real_plan_dispatch_playback.csv.gz,电网建模数据_Agent整合版_V1.2,"internal current-capacity, topology-cut and transformer remaining-capacity contingency screen",real_2025_internal_capacity_network_screen,internal_transformer_capacity_screen,78b6a476a4210567b65bb0c79647bfd8aee8d99aed60795a84c4cd864db56825
QX-00010,110,C0,BDZ-00099,reverse,113,0,63,50,37.37,47.5,78.67368421,False,screened,capacity_network_contingency_screen_no_impedance,network_lines_110kv.csv+transformer_master.csv+real_plan_actions.csv+real_plan_dispatch_playback.csv.gz,电网建模数据_Agent整合版_V1.2,"internal current-capacity, topology-cut and transformer remaining-capacity contingency screen",real_2025_internal_capacity_network_screen,internal_transformer_capacity_screen,78b6a476a4210567b65bb0c79647bfd8aee8d99aed60795a84c4cd864db56825
QX-00010,110,C0,BDZ-00108,forward,100,0,50,50,59.39,47.5,125.0315789,True,screened,capacity_network_contingency_screen_no_impedance,network_lines_110kv.csv+transformer_master.csv+real_plan_actions.csv+real_plan_dispatch_playback.csv.gz,电网建模数据_Agent整合版_V1.2,"internal current-capacity, topology-cut and transformer remaining-capacity contingency screen",real_2025_internal_capacity_network_screen,internal_transformer_capacity_screen,78b6a476a4210567b65bb0c79647bfd8aee8d99aed60795a84c4cd864db56825
QX-00010,110,C0,BDZ-00108,reverse,100,0,50,50,63.42,47.5,133.5157895,True,screened,capacity_network_contingency_screen_no_impedance,network_lines_110kv.csv+transformer_master.csv+real_plan_actions.csv+real_plan_dispatch_playback.csv.gz,电网建模数据_Agent整合版_V1.2,"internal current-capacity, topology-cut and transformer remaining-capacity contingency screen",real_2025_internal_capacity_network_screen,internal_transformer_capacity_screen,78b6a476a4210567b65bb0c79647bfd8aee8d99aed60795a84c4cd864db56825
QX-00010,110,C0,BDZ-00109,forward,100,0,50,50,61.4,47.5,129.2631579,True,screened,capacity_network_contingency_screen_no_impedance,network_lines_110kv.csv+transformer_master.csv+real_plan_actions.csv+real_plan_dispatch_playback.csv.gz,电网建模数据_Agent整合版_V1.2,"internal current-capacity, topology-cut and transformer remaining-capacity contingency screen",real_2025_internal_capacity_network_screen,internal_transformer_capacity_screen,78b6a476a4210567b65bb0c79647bfd8aee8d99aed60795a84c4cd864db56825
QX-00010,110,C0,BDZ-00109,reverse,100,0,50,50,0,47.5,0,False,screened,capacity_network_contingency_screen_no_impedance,network_lines_110kv.csv+transformer_master.csv+real_plan_actions.csv+real_plan_dispatch_playback.csv.gz,电网建模数据_Agent整合版_V1.2,"internal current-capacity, topology-cut and transformer remaining-capacity contingency screen",real_2025_internal_capacity_network_screen,internal_transformer_capacity_screen,78b6a476a4210567b65bb0c79647bfd8aee8d99aed60795a84c4cd864db56825
QX-00010,110,C0,BDZ-00113,forward,81.5,0,50,31.5,31.78,29.925,106.1988304,True,screened,capacity_network_contingency_screen_no_impedance,network_lines_110kv.csv+transformer_master.csv+real_plan_actions.csv+real_plan_dispatch_playback.csv.gz,电网建模数据_Agent整合版_V1.2,"internal current-capacity, topology-cut and transformer remaining-capacity contingency screen",real_2025_internal_capacity_network_screen,internal_transformer_capacity_screen,78b6a476a4210567b65bb0c79647bfd8aee8d99aed60795a84c4cd864db56825
QX-00010,110,C0,BDZ-00113,reverse,81.5,0,50,31.5,29.8,29.925,99.58228906,False,screened,capacity_network_contingency_screen_no_impedance,network_lines_110kv.csv+transformer_master.csv+real_plan_actions.csv+real_plan_dispatch_playback.csv.gz,电网建模数据_Agent整合版_V1.2,"internal current-capacity, topology-cut and transformer remaining-capacity contingency screen",real_2025_internal_capacity_network_screen,internal_transformer_capacity_screen,78b6a476a4210567b65bb0c79647bfd8aee8d99aed60795a84c4cd864db56825
QX-00010,110,C0,BDZ-00120,forward,40,0,20,20,28.68,19,150.9473684,True,screened,capacity_network_contingency_screen_no_impedance,network_lines_110kv.csv+transformer_master.csv+real_plan_actions.csv+real_plan_dispatch_playback.csv.gz,电网建模数据_Agent整合版_V1.2,"internal current-capacity, topology-cut and transformer remaining-capacity contingency screen",real_2025_internal_capacity_network_screen,internal_transformer_capacity_screen,78b6a476a4210567b65bb0c79647bfd8aee8d99aed60795a84c4cd864db56825
QX-00010,110,C0,BDZ-00120,reverse,40,0,20,20,39.23,19,206.4736842,True,screened,capacity_network_contingency_screen_no_impedance,network_lines_110kv.csv+transformer_master.csv+real_plan_actions.csv+real_plan_dispatch_playback.csv.gz,电网建模数据_Agent整合版_V1.2,"internal current-capacity, topology-cut and transformer remaining-capacity contingency screen",real_2025_internal_capacity_network_screen,internal_transformer_capacity_screen,78b6a476a4210567b65bb0c79647bfd8aee8d99aed60795a84c4cd864db56825
QX-00010,110,C0,BDZ-00122,forward,100,0,50,50,25.85,47.5,54.42105263,False,screened,capacity_network_contingency_screen_no_impedance,network_lines_110kv.csv+transformer_master.csv+real_plan_actions.csv+real_plan_dispatch_playback.csv.gz,电网建模数据_Agent整合版_V1.2,"internal current-capacity, topology-cut and transformer remaining-capacity contingency screen",real_2025_internal_capacity_network_screen,internal_transformer_capacity_screen,78b6a476a4210567b65bb0c79647bfd8aee8d99aed60795a84c4cd864db56825
QX-00010,110,C0,BDZ-00122,reverse,100,0,50,50,42.92,47.5,90.35789474,False,screened,capacity_network_contingency_screen_no_impedance,network_lines_110kv.csv+transformer_master.csv+real_plan_actions.csv+real_plan_dispatch_playback.csv.gz,电网建模数据_Agent整合版_V1.2,"internal current-capacity, topology-cut and transformer remaining-capacity contingency screen",real_2025_internal_capacity_network_screen,internal_transformer_capacity_screen,78b6a476a4210567b65bb0c79647bfd8aee8d99aed60795a84c4cd864db56825
QX-00010,110,C0,BDZ-00133,forward,113,0,63,50,68.4,47.5,144,True,screened,capacity_network_contingency_screen_no_impedance,network_lines_110kv.csv+transformer_master.csv+real_plan_actions.csv+real_plan_dispatch_playback.csv.gz,电网建模数据_Agent整合版_V1.2,"internal current-capacity, topology-cut and transformer remaining-capacity contingency screen",real_2025_internal_capacity_network_screen,internal_transformer_capacity_screen,78b6a476a4210567b65bb0c79647bfd8aee8d99aed60795a84c4cd864db56825
QX-00010,110,C0,BDZ-00133,reverse,113,0,63,50,0,47.5,0,False,screened,capacity_network_contingency_screen_no_impedance,network_lines_110kv.csv+transformer_master.csv+real_plan_actions.csv+real_plan_dispatch_playback.csv.gz,电网建模数据_Agent整合版_V1.2,"internal current-capacity, topology-cut and transformer remaining-capacity contingency screen",real_2025_internal_capacity_network_screen,internal_transformer_capacity_screen,78b6a476a4210567b65bb0c79647bfd8aee8d99aed60795a84c4cd864db56825
QX-00010,110,C0,BDZ-00145,forward,70,0,50,20,,19,,False,missing_station_stress,capacity_network_contingency_screen_no_impedance,network_lines_110kv.csv+transformer_master.csv+real_plan_actions.csv+real_plan_dispatch_playback.csv.gz,电网建模数据_Agent整合版_V1.2,"internal current-capacity, topology-cut and transformer remaining-capacity contingency screen",real_2025_internal_capacity_network_screen,internal_transformer_capacity_screen,78b6a476a4210567b65bb0c79647bfd8aee8d99aed60795a84c4cd864db56825
QX-00010,110,C0,BDZ-00145,reverse,70,0,50,20,,19,,False,missing_station_stress,capacity_network_contingency_screen_no_impedance,network_lines_110kv.csv+transformer_master.csv+real_plan_actions.csv+real_plan_dispatch_playback.csv.gz,电网建模数据_Agent整合版_V1.2,"internal current-capacity, topology-cut and transformer remaining-capacity contingency screen",real_2025_internal_capacity_network_screen,internal_transformer_capacity_screen,78b6a476a4210567b65bb0c79647bfd8aee8d99aed60795a84c4cd864db56825
QX-00010,110,C0,BDZ-00160,forward,100,0,50,50,68.83,47.5,144.9052632,True,screened,capacity_network_contingency_screen_no_impedance,network_lines_110kv.csv+transformer_master.csv+real_plan_actions.csv+real_plan_dispatch_playback.csv.gz,电网建模数据_Agent整合版_V1.2,"internal current-capacity, topology-cut and transformer remaining-capacity contingency screen",real_2025_internal_capacity_network_screen,internal_transformer_capacity_screen,78b6a476a4210567b65bb0c79647bfd8aee8d99aed60795a84c4cd864db56825
QX-00010,110,C0,BDZ-00160,reverse,100,0,50,50,0,47.5,0,False,screened,capacity_network_contingency_screen_no_impedance,network_lines_110kv.csv+transformer_master.csv+real_plan_actions.csv+real_plan_dispatch_playback.csv.gz,电网建模数据_Agent整合版_V1.2,"internal current-capacity, topology-cut and transformer remaining-capacity contingency screen",real_2025_internal_capacity_network_screen,internal_transformer_capacity_screen,78b6a476a4210567b65bb0c79647bfd8aee8d99aed60795a84c4cd864db56825
QX-00010,110,C0,BDZ-00179,forward,143,0,80,63,46.35,59.85,77.44360902,False,screened,capacity_network_contingency_screen_no_impedance,network_lines_110kv.csv+transformer_master.csv+real_plan_actions.csv+real_plan_dispatch_playback.csv.gz,电网建模数据_Agent整合版_V1.2,"internal current-capacity, topology-cut and transformer remaining-capacity contingency screen",real_2025_internal_capacity_network_screen,internal_transformer_capacity_screen,78b6a476a4210567b65bb0c79647bfd8aee8d99aed60795a84c4cd864db56825
QX-00010,110,C0,BDZ-00179,reverse,143,0,80,63,0,59.85,0,False,screened,capacity_network_contingency_screen_no_impedance,network_lines_110kv.csv+transformer_master.csv+real_plan_actions.csv+real_plan_dispatch_playback.csv.gz,电网建模数据_Agent整合版_V1.2,"internal current-capacity, topology-cut and transformer remaining-capacity contingency screen",real_2025_internal_capacity_network_screen,internal_transformer_capacity_screen,78b6a476a4210567b65bb0c79647bfd8aee8d99aed60795a84c4cd864db56825
QX-00010,110,C0,BDZ-00185,forward,143,0,80,63,33.24,59.85,55.53884712,False,screened,capacity_network_contingency_screen_no_impedance,network_lines_110kv.csv+transformer_master.csv+real_plan_actions.csv+real_plan_dispatch_playback.csv.gz,电网建模数据_Agent整合版_V1.2,"internal current-capacity, topology-cut and transformer remaining-capacity contingency screen",real_2025_internal_capacity_network_screen,internal_transformer_capacity_screen,78b6a476a4210567b65bb0c79647bfd8aee8d99aed60795a84c4cd864db56825
QX-00010,110,C0,BDZ-00185,reverse,143,0,80,63,3.71,59.85,6.198830409,False,screened,capacity_network_contingency_screen_no_impedance,network_lines_110kv.csv+transformer_master.csv+real_plan_actions.csv+real_plan_dispatch_playback.csv.gz,电网建模数据_Agent整合版_V1.2,"internal current-capacity, topology-cut and transformer remaining-capacity contingency screen",real_2025_internal_capacity_network_screen,internal_transformer_capacity_screen,78b6a476a4210567b65bb0c79647bfd8aee8d99aed60795a84c4cd864db56825
