region_id,voltage_kv,line_id,from_node,to_node,current_limit_a,active_power_limit_mw,source_max_loading_pct,estimated_peak_flow_mw,residual_parallel_corridor_mw,parallel_corridor_loading_pct_after_outage,endpoint_incident_loading_pct_after_outage,connectivity_cut_after_outage,pressure_status,method,scheme_propagation_status,source_ref,source_version,transformation,scenario_id,quality_flag,source_sha256
QX-00001,110,XL-00011,BDZ-00193,BDZ-00046,660,119.4595442,30.83,36.82937748,0,,36.98541937,False,no_obvious_capacity_pressure,capacity_network_contingency_screen_no_impedance,not_propagated_without_approved_network_node_and_synchronous_flow_mapping,network_lines_110kv.csv+transformer_master.csv+real_plan_actions.csv+real_plan_dispatch_playback.csv.gz,电网建模数据_Agent整合版_V1.2,"internal current-capacity, topology-cut and transformer remaining-capacity contingency screen",real_2025_internal_capacity_network_screen,internal_topology_capacity_screen,78b6a476a4210567b65bb0c79647bfd8aee8d99aed60795a84c4cd864db56825
QX-00001,110,XL-00012,BDZ-00193,BDZ-00015,660,119.4595442,11.89,14.20373981,0,,29.92857143,False,no_obvious_capacity_pressure,capacity_network_contingency_screen_no_impedance,not_propagated_without_approved_network_node_and_synchronous_flow_mapping,network_lines_110kv.csv+transformer_master.csv+real_plan_actions.csv+real_plan_dispatch_playback.csv.gz,电网建模数据_Agent整合版_V1.2,"internal current-capacity, topology-cut and transformer remaining-capacity contingency screen",real_2025_internal_capacity_network_screen,internal_topology_capacity_screen,78b6a476a4210567b65bb0c79647bfd8aee8d99aed60795a84c4cd864db56825
QX-00001,110,XL-00013,BDZ-00193,BDZ-00032,660,119.4595442,23.38,27.92964143,0,,32.89166667,True,critical_connectivity_cut,capacity_network_contingency_screen_no_impedance,not_propagated_without_approved_network_node_and_synchronous_flow_mapping,network_lines_110kv.csv+transformer_master.csv+real_plan_actions.csv+real_plan_dispatch_playback.csv.gz,电网建模数据_Agent整合版_V1.2,"internal current-capacity, topology-cut and transformer remaining-capacity contingency screen",real_2025_internal_capacity_network_screen,internal_topology_capacity_screen,78b6a476a4210567b65bb0c79647bfd8aee8d99aed60795a84c4cd864db56825
QX-00001,110,XL-00014,BDZ-00193,BDZ-00105,660,119.4595442,31.66,37.82089169,0,,32.83,False,no_obvious_capacity_pressure,capacity_network_contingency_screen_no_impedance,not_propagated_without_approved_network_node_and_synchronous_flow_mapping,network_lines_110kv.csv+transformer_master.csv+real_plan_actions.csv+real_plan_dispatch_playback.csv.gz,电网建模数据_Agent整合版_V1.2,"internal current-capacity, topology-cut and transformer remaining-capacity contingency screen",real_2025_internal_capacity_network_screen,internal_topology_capacity_screen,78b6a476a4210567b65bb0c79647bfd8aee8d99aed60795a84c4cd864db56825
QX-00001,110,XL-00015,BDZ-00193,BDZ-00126,660,119.4595442,41.06,49.05008885,0,,35.69331181,False,no_obvious_capacity_pressure,capacity_network_contingency_screen_no_impedance,not_propagated_without_approved_network_node_and_synchronous_flow_mapping,network_lines_110kv.csv+transformer_master.csv+real_plan_actions.csv+real_plan_dispatch_playback.csv.gz,电网建模数据_Agent整合版_V1.2,"internal current-capacity, topology-cut and transformer remaining-capacity contingency screen",real_2025_internal_capacity_network_screen,internal_topology_capacity_screen,78b6a476a4210567b65bb0c79647bfd8aee8d99aed60795a84c4cd864db56825
QX-00001,110,XL-00016,BDZ-00193,BDZ-00177,660,119.4595442,15.97,19.07768921,0,,30.26428571,False,no_obvious_capacity_pressure,capacity_network_contingency_screen_no_impedance,not_propagated_without_approved_network_node_and_synchronous_flow_mapping,network_lines_110kv.csv+transformer_master.csv+real_plan_actions.csv+real_plan_dispatch_playback.csv.gz,电网建模数据_Agent整合版_V1.2,"internal current-capacity, topology-cut and transformer remaining-capacity contingency screen",real_2025_internal_capacity_network_screen,internal_topology_capacity_screen,78b6a476a4210567b65bb0c79647bfd8aee8d99aed60795a84c4cd864db56825
QX-00001,110,XL-00020,BDZ-00188,BDZ-00339,511,92.4906471,0.85,0.7861705003,92.4906471,34.24,38.57279426,False,no_obvious_capacity_pressure,capacity_network_contingency_screen_no_impedance,not_propagated_without_approved_network_node_and_synchronous_flow_mapping,network_lines_110kv.csv+transformer_master.csv+real_plan_actions.csv+real_plan_dispatch_playback.csv.gz,电网建模数据_Agent整合版_V1.2,"internal current-capacity, topology-cut and transformer remaining-capacity contingency screen",real_2025_internal_capacity_network_screen,internal_topology_capacity_screen,78b6a476a4210567b65bb0c79647bfd8aee8d99aed60795a84c4cd864db56825
QX-00001,110,XL-00021,BDZ-00188,BDZ-00339,511,92.4906471,33.39,30.88262707,92.4906471,34.24,38.57279426,False,no_obvious_capacity_pressure,capacity_network_contingency_screen_no_impedance,not_propagated_without_approved_network_node_and_synchronous_flow_mapping,network_lines_110kv.csv+transformer_master.csv+real_plan_actions.csv+real_plan_dispatch_playback.csv.gz,电网建模数据_Agent整合版_V1.2,"internal current-capacity, topology-cut and transformer remaining-capacity contingency screen",real_2025_internal_capacity_network_screen,internal_topology_capacity_screen,78b6a476a4210567b65bb0c79647bfd8aee8d99aed60795a84c4cd864db56825
QX-00001,110,XL-00022,BDZ-00188,BDZ-00033,376,68.05574033,57.98,39.45871824,0,,38.96584808,False,no_obvious_capacity_pressure,capacity_network_contingency_screen_no_impedance,not_propagated_without_approved_network_node_and_synchronous_flow_mapping,network_lines_110kv.csv+transformer_master.csv+real_plan_actions.csv+real_plan_dispatch_playback.csv.gz,电网建模数据_Agent整合版_V1.2,"internal current-capacity, topology-cut and transformer remaining-capacity contingency screen",real_2025_internal_capacity_network_screen,internal_topology_capacity_screen,78b6a476a4210567b65bb0c79647bfd8aee8d99aed60795a84c4cd864db56825
QX-00001,110,XL-00023,BDZ-00188,BDZ-00034,376,68.05574033,23.2,15.78893176,0,,34.80149864,False,no_obvious_capacity_pressure,capacity_network_contingency_screen_no_impedance,not_propagated_without_approved_network_node_and_synchronous_flow_mapping,network_lines_110kv.csv+transformer_master.csv+real_plan_actions.csv+real_plan_dispatch_playback.csv.gz,电网建模数据_Agent整合版_V1.2,"internal current-capacity, topology-cut and transformer remaining-capacity contingency screen",real_2025_internal_capacity_network_screen,internal_topology_capacity_screen,78b6a476a4210567b65bb0c79647bfd8aee8d99aed60795a84c4cd864db56825
QX-00001,110,XL-00024,BDZ-00188,BDZ-00197,1060,191.859268,42.7,81.92390742,0,,37.55411422,False,no_obvious_capacity_pressure,capacity_network_contingency_screen_no_impedance,not_propagated_without_approved_network_node_and_synchronous_flow_mapping,network_lines_110kv.csv+transformer_master.csv+real_plan_actions.csv+real_plan_dispatch_playback.csv.gz,电网建模数据_Agent整合版_V1.2,"internal current-capacity, topology-cut and transformer remaining-capacity contingency screen",real_2025_internal_capacity_network_screen,internal_topology_capacity_screen,78b6a476a4210567b65bb0c79647bfd8aee8d99aed60795a84c4cd864db56825
QX-00001,110,XL-00025,BDZ-00188,BDZ-00058,660,119.4595442,17.09,20.4156361,0,,39.30298691,True,critical_connectivity_cut,capacity_network_contingency_screen_no_impedance,not_propagated_without_approved_network_node_and_synchronous_flow_mapping,network_lines_110kv.csv+transformer_master.csv+real_plan_actions.csv+real_plan_dispatch_playback.csv.gz,电网建模数据_Agent整合版_V1.2,"internal current-capacity, topology-cut and transformer remaining-capacity contingency screen",real_2025_internal_capacity_network_screen,internal_topology_capacity_screen,78b6a476a4210567b65bb0c79647bfd8aee8d99aed60795a84c4cd864db56825
QX-00001,110,XL-00026,BDZ-00188,BDZ-00105,660,119.4595442,32.46,38.77656805,0,,38.71168796,False,no_obvious_capacity_pressure,capacity_network_contingency_screen_no_impedance,not_propagated_without_approved_network_node_and_synchronous_flow_mapping,network_lines_110kv.csv+transformer_master.csv+real_plan_actions.csv+real_plan_dispatch_playback.csv.gz,电网建模数据_Agent整合版_V1.2,"internal current-capacity, topology-cut and transformer remaining-capacity contingency screen",real_2025_internal_capacity_network_screen,internal_topology_capacity_screen,78b6a476a4210567b65bb0c79647bfd8aee8d99aed60795a84c4cd864db56825
QX-00001,110,XL-00027,BDZ-00188,BDZ-00116,1060,191.859268,48.22,92.51453901,0,,42.32957567,False,no_obvious_capacity_pressure,capacity_network_contingency_screen_no_impedance,not_propagated_without_approved_network_node_and_synchronous_flow_mapping,network_lines_110kv.csv+transformer_master.csv+real_plan_actions.csv+real_plan_dispatch_playback.csv.gz,电网建模数据_Agent整合版_V1.2,"internal current-capacity, topology-cut and transformer remaining-capacity contingency screen",real_2025_internal_capacity_network_screen,internal_topology_capacity_screen,78b6a476a4210567b65bb0c79647bfd8aee8d99aed60795a84c4cd864db56825
QX-00001,110,XL-00028,BDZ-00188,BDZ-00117,445,80.54469268,16.53,13.3140377,0,,36.49151727,False,no_obvious_capacity_pressure,capacity_network_contingency_screen_no_impedance,not_propagated_without_approved_network_node_and_synchronous_flow_mapping,network_lines_110kv.csv+transformer_master.csv+real_plan_actions.csv+real_plan_dispatch_playback.csv.gz,电网建模数据_Agent整合版_V1.2,"internal current-capacity, topology-cut and transformer remaining-capacity contingency screen",real_2025_internal_capacity_network_screen,internal_topology_capacity_screen,78b6a476a4210567b65bb0c79647bfd8aee8d99aed60795a84c4cd864db56825
QX-00001,110,XL-00029,BDZ-00188,BDZ-00123,376,68.05574033,88.64,60.32460823,0,,37.61272944,False,no_obvious_capacity_pressure,capacity_network_contingency_screen_no_impedance,not_propagated_without_approved_network_node_and_synchronous_flow_mapping,network_lines_110kv.csv+transformer_master.csv+real_plan_actions.csv+real_plan_dispatch_playback.csv.gz,电网建模数据_Agent整合版_V1.2,"internal current-capacity, topology-cut and transformer remaining-capacity contingency screen",real_2025_internal_capacity_network_screen,internal_topology_capacity_screen,78b6a476a4210567b65bb0c79647bfd8aee8d99aed60795a84c4cd864db56825
QX-00001,110,XL-00030,BDZ-00188,BDZ-00126,376,68.05574033,65.2,44.3723427,0,,38.16828247,False,no_obvious_capacity_pressure,capacity_network_contingency_screen_no_impedance,not_propagated_without_approved_network_node_and_synchronous_flow_mapping,network_lines_110kv.csv+transformer_master.csv+real_plan_actions.csv+real_plan_dispatch_playback.csv.gz,电网建模数据_Agent整合版_V1.2,"internal current-capacity, topology-cut and transformer remaining-capacity contingency screen",real_2025_internal_capacity_network_screen,internal_topology_capacity_screen,78b6a476a4210567b65bb0c79647bfd8aee8d99aed60795a84c4cd864db56825
QX-00001,110,XL-00031,BDZ-00188,BDZ-00174,1060,191.859268,33.91,65.05947776,191.859268,63.26,41.40728283,False,no_obvious_capacity_pressure,capacity_network_contingency_screen_no_impedance,not_propagated_without_approved_network_node_and_synchronous_flow_mapping,network_lines_110kv.csv+transformer_master.csv+real_plan_actions.csv+real_plan_dispatch_playback.csv.gz,电网建模数据_Agent整合版_V1.2,"internal current-capacity, topology-cut and transformer remaining-capacity contingency screen",real_2025_internal_capacity_network_screen,internal_topology_capacity_screen,78b6a476a4210567b65bb0c79647bfd8aee8d99aed60795a84c4cd864db56825
QX-00001,110,XL-00032,BDZ-00188,BDZ-00174,1060,191.859268,29.35,56.31069514,191.859268,63.26,41.40728283,False,no_obvious_capacity_pressure,capacity_network_contingency_screen_no_impedance,not_propagated_without_approved_network_node_and_synchronous_flow_mapping,network_lines_110kv.csv+transformer_master.csv+real_plan_actions.csv+real_plan_dispatch_playback.csv.gz,电网建模数据_Agent整合版_V1.2,"internal current-capacity, topology-cut and transformer remaining-capacity contingency screen",real_2025_internal_capacity_network_screen,internal_topology_capacity_screen,78b6a476a4210567b65bb0c79647bfd8aee8d99aed60795a84c4cd864db56825
QX-00001,110,XL-00033,BDZ-00190,BDZ-00034,1060,191.859268,10.7,20.52894167,0,,22.60698421,False,no_obvious_capacity_pressure,capacity_network_contingency_screen_no_impedance,not_propagated_without_approved_network_node_and_synchronous_flow_mapping,network_lines_110kv.csv+transformer_master.csv+real_plan_actions.csv+real_plan_dispatch_playback.csv.gz,电网建模数据_Agent整合版_V1.2,"internal current-capacity, topology-cut and transformer remaining-capacity contingency screen",real_2025_internal_capacity_network_screen,internal_topology_capacity_screen,78b6a476a4210567b65bb0c79647bfd8aee8d99aed60795a84c4cd864db56825
QX-00001,110,XL-00034,BDZ-00190,BDZ-00046,511,92.4906471,68.71,63.55032362,0,,21.51434961,False,no_obvious_capacity_pressure,capacity_network_contingency_screen_no_impedance,not_propagated_without_approved_network_node_and_synchronous_flow_mapping,network_lines_110kv.csv+transformer_master.csv+real_plan_actions.csv+real_plan_dispatch_playback.csv.gz,电网建模数据_Agent整合版_V1.2,"internal current-capacity, topology-cut and transformer remaining-capacity contingency screen",real_2025_internal_capacity_network_screen,internal_topology_capacity_screen,78b6a476a4210567b65bb0c79647bfd8aee8d99aed60795a84c4cd864db56825
QX-00001,110,XL-00035,BDZ-00190,BDZ-00197,660,119.4595442,1.06,1.266271168,0,,27.94441691,False,no_obvious_capacity_pressure,capacity_network_contingency_screen_no_impedance,not_propagated_without_approved_network_node_and_synchronous_flow_mapping,network_lines_110kv.csv+transformer_master.csv+real_plan_actions.csv+real_plan_dispatch_playback.csv.gz,电网建模数据_Agent整合版_V1.2,"internal current-capacity, topology-cut and transformer remaining-capacity contingency screen",real_2025_internal_capacity_network_screen,internal_topology_capacity_screen,78b6a476a4210567b65bb0c79647bfd8aee8d99aed60795a84c4cd864db56825
QX-00001,110,XL-00036,BDZ-00190,BDZ-00082,1060,191.859268,9.87,18.93650975,0,,22.56559309,True,critical_connectivity_cut,capacity_network_contingency_screen_no_impedance,not_propagated_without_approved_network_node_and_synchronous_flow_mapping,network_lines_110kv.csv+transformer_master.csv+real_plan_actions.csv+real_plan_dispatch_playback.csv.gz,电网建模数据_Agent整合版_V1.2,"internal current-capacity, topology-cut and transformer remaining-capacity contingency screen",real_2025_internal_capacity_network_screen,internal_topology_capacity_screen,78b6a476a4210567b65bb0c79647bfd8aee8d99aed60795a84c4cd864db56825
QX-00001,110,XL-00037,BDZ-00190,BDZ-00132,1060,191.859268,13.65,26.18879008,0,,23.42717192,False,no_obvious_capacity_pressure,capacity_network_contingency_screen_no_impedance,not_propagated_without_approved_network_node_and_synchronous_flow_mapping,network_lines_110kv.csv+transformer_master.csv+real_plan_actions.csv+real_plan_dispatch_playback.csv.gz,电网建模数据_Agent整合版_V1.2,"internal current-capacity, topology-cut and transformer remaining-capacity contingency screen",real_2025_internal_capacity_network_screen,internal_topology_capacity_screen,78b6a476a4210567b65bb0c79647bfd8aee8d99aed60795a84c4cd864db56825
QX-00001,110,XL-00041,BDZ-00190,BDZ-00177,660,119.4595442,14.5,17.32163391,0,,20.49031332,False,no_obvious_capacity_pressure,capacity_network_contingency_screen_no_impedance,not_propagated_without_approved_network_node_and_synchronous_flow_mapping,network_lines_110kv.csv+transformer_master.csv+real_plan_actions.csv+real_plan_dispatch_playback.csv.gz,电网建模数据_Agent整合版_V1.2,"internal current-capacity, topology-cut and transformer remaining-capacity contingency screen",real_2025_internal_capacity_network_screen,internal_topology_capacity_screen,78b6a476a4210567b65bb0c79647bfd8aee8d99aed60795a84c4cd864db56825
QX-00001,110,XL-00072,BDZ-00197,BDZ-00116,1060,191.859268,48.83,93.68488054,0,,43.39042017,False,no_obvious_capacity_pressure,capacity_network_contingency_screen_no_impedance,not_propagated_without_approved_network_node_and_synchronous_flow_mapping,network_lines_110kv.csv+transformer_master.csv+real_plan_actions.csv+real_plan_dispatch_playback.csv.gz,电网建模数据_Agent整合版_V1.2,"internal current-capacity, topology-cut and transformer remaining-capacity contingency screen",real_2025_internal_capacity_network_screen,internal_topology_capacity_screen,78b6a476a4210567b65bb0c79647bfd8aee8d99aed60795a84c4cd864db56825
QX-00001,110,XL-00073,BDZ-00197,BDZ-00117,660,119.4595442,14.85,17.73974231,0,,35.81541254,False,no_obvious_capacity_pressure,capacity_network_contingency_screen_no_impedance,not_propagated_without_approved_network_node_and_synchronous_flow_mapping,network_lines_110kv.csv+transformer_master.csv+real_plan_actions.csv+real_plan_dispatch_playback.csv.gz,电网建模数据_Agent整合版_V1.2,"internal current-capacity, topology-cut and transformer remaining-capacity contingency screen",real_2025_internal_capacity_network_screen,internal_topology_capacity_screen,78b6a476a4210567b65bb0c79647bfd8aee8d99aed60795a84c4cd864db56825
QX-00001,110,XL-00074,BDZ-00197,BDZ-00123,660,119.4595442,33.64,40.18619067,0,,42.17020554,False,no_obvious_capacity_pressure,capacity_network_contingency_screen_no_impedance,not_propagated_without_approved_network_node_and_synchronous_flow_mapping,network_lines_110kv.csv+transformer_master.csv+real_plan_actions.csv+real_plan_dispatch_playback.csv.gz,电网建模数据_Agent整合版_V1.2,"internal current-capacity, topology-cut and transformer remaining-capacity contingency screen",real_2025_internal_capacity_network_screen,internal_topology_capacity_screen,78b6a476a4210567b65bb0c79647bfd8aee8d99aed60795a84c4cd864db56825
QX-00001,110,XL-00079,BDZ-00197,BDZ-00165,660,119.4595442,38.94,46.51754651,0,,37.90858537,True,critical_connectivity_cut,capacity_network_contingency_screen_no_impedance,not_propagated_without_approved_network_node_and_synchronous_flow_mapping,network_lines_110kv.csv+transformer_master.csv+real_plan_actions.csv+real_plan_dispatch_playback.csv.gz,电网建模数据_Agent整合版_V1.2,"internal current-capacity, topology-cut and transformer remaining-capacity contingency screen",real_2025_internal_capacity_network_screen,internal_topology_capacity_screen,78b6a476a4210567b65bb0c79647bfd8aee8d99aed60795a84c4cd864db56825
QX-00001,110,XL-00137,BDZ-00193,BDZ-00088,660,119.4595442,42.56,50.84198201,0,,32.89166667,True,critical_connectivity_cut,capacity_network_contingency_screen_no_impedance,not_propagated_without_approved_network_node_and_synchronous_flow_mapping,network_lines_110kv.csv+transformer_master.csv+real_plan_actions.csv+real_plan_dispatch_playback.csv.gz,电网建模数据_Agent整合版_V1.2,"internal current-capacity, topology-cut and transformer remaining-capacity contingency screen",real_2025_internal_capacity_network_screen,internal_topology_capacity_screen,78b6a476a4210567b65bb0c79647bfd8aee8d99aed60795a84c4cd864db56825
QX-00001,110,XL-00138,BDZ-00208,BDZ-00015,660,119.4595442,12.15,14.51433462,0,,25.18889865,False,no_obvious_capacity_pressure,capacity_network_contingency_screen_no_impedance,not_propagated_without_approved_network_node_and_synchronous_flow_mapping,network_lines_110kv.csv+transformer_master.csv+real_plan_actions.csv+real_plan_dispatch_playback.csv.gz,电网建模数据_Agent整合版_V1.2,"internal current-capacity, topology-cut and transformer remaining-capacity contingency screen",real_2025_internal_capacity_network_screen,internal_topology_capacity_screen,78b6a476a4210567b65bb0c79647bfd8aee8d99aed60795a84c4cd864db56825
QX-00001,110,XL-00140,BDZ-00208,BDZ-00072,511,92.4906471,25.56,23.6406094,80.54469268,69.56092135,27.06637519,False,no_obvious_capacity_pressure,capacity_network_contingency_screen_no_impedance,not_propagated_without_approved_network_node_and_synchronous_flow_mapping,network_lines_110kv.csv+transformer_master.csv+real_plan_actions.csv+real_plan_dispatch_playback.csv.gz,电网建模数据_Agent整合版_V1.2,"internal current-capacity, topology-cut and transformer remaining-capacity contingency screen",real_2025_internal_capacity_network_screen,internal_topology_capacity_screen,78b6a476a4210567b65bb0c79647bfd8aee8d99aed60795a84c4cd864db56825
QX-00001,110,XL-00141,BDZ-00208,BDZ-00072,445,80.54469268,40.21,32.38702093,92.4906471,60.5765362,26.41488694,False,no_obvious_capacity_pressure,capacity_network_contingency_screen_no_impedance,not_propagated_without_approved_network_node_and_synchronous_flow_mapping,network_lines_110kv.csv+transformer_master.csv+real_plan_actions.csv+real_plan_dispatch_playback.csv.gz,电网建模数据_Agent整合版_V1.2,"internal current-capacity, topology-cut and transformer remaining-capacity contingency screen",real_2025_internal_capacity_network_screen,internal_topology_capacity_screen,78b6a476a4210567b65bb0c79647bfd8aee8d99aed60795a84c4cd864db56825
QX-00001,110,XL-00143,BDZ-00208,BDZ-00132,511,92.4906471,32.51,30.06870937,0,,23.25980193,False,no_obvious_capacity_pressure,capacity_network_contingency_screen_no_impedance,not_propagated_without_approved_network_node_and_synchronous_flow_mapping,network_lines_110kv.csv+transformer_master.csv+real_plan_actions.csv+real_plan_dispatch_playback.csv.gz,电网建模数据_Agent整合版_V1.2,"internal current-capacity, topology-cut and transformer remaining-capacity contingency screen",real_2025_internal_capacity_network_screen,internal_topology_capacity_screen,78b6a476a4210567b65bb0c79647bfd8aee8d99aed60795a84c4cd864db56825
QX-00001,110,XL-00144,BDZ-00208,BDZ-00190,1060,191.859268,15.89,30.48643768,0,,23.57560154,False,no_obvious_capacity_pressure,capacity_network_contingency_screen_no_impedance,not_propagated_without_approved_network_node_and_synchronous_flow_mapping,network_lines_110kv.csv+transformer_master.csv+real_plan_actions.csv+real_plan_dispatch_playback.csv.gz,电网建模数据_Agent整合版_V1.2,"internal current-capacity, topology-cut and transformer remaining-capacity contingency screen",real_2025_internal_capacity_network_screen,internal_topology_capacity_screen,78b6a476a4210567b65bb0c79647bfd8aee8d99aed60795a84c4cd864db56825
QX-00001,110,XL-00268,BDZ-00190,BDZ-00033,376,68.05574033,61.34,41.74539112,0,,22.23690554,False,no_obvious_capacity_pressure,capacity_network_contingency_screen_no_impedance,not_propagated_without_approved_network_node_and_synchronous_flow_mapping,network_lines_110kv.csv+transformer_master.csv+real_plan_actions.csv+real_plan_dispatch_playback.csv.gz,电网建模数据_Agent整合版_V1.2,"internal current-capacity, topology-cut and transformer remaining-capacity contingency screen",real_2025_internal_capacity_network_screen,internal_topology_capacity_screen,78b6a476a4210567b65bb0c79647bfd8aee8d99aed60795a84c4cd864db56825
QX-00003,110,XL-00060,BDZ-00192,BDZ-00183,660,119.4595442,12.11,14.4665508,0,,23.09,True,critical_connectivity_cut,capacity_network_contingency_screen_no_impedance,not_propagated_without_approved_network_node_and_synchronous_flow_mapping,network_lines_110kv.csv+transformer_master.csv+real_plan_actions.csv+real_plan_dispatch_playback.csv.gz,电网建模数据_Agent整合版_V1.2,"internal current-capacity, topology-cut and transformer remaining-capacity contingency screen",real_2025_internal_capacity_network_screen,internal_topology_capacity_screen,78b6a476a4210567b65bb0c79647bfd8aee8d99aed60795a84c4cd864db56825
QX-00003,110,XL-00111,BDZ-00204,BDZ-00019,511,92.4906471,34.11,31.54855973,0,,41.77782819,False,no_obvious_capacity_pressure,capacity_network_contingency_screen_no_impedance,not_propagated_without_approved_network_node_and_synchronous_flow_mapping,network_lines_110kv.csv+transformer_master.csv+real_plan_actions.csv+real_plan_dispatch_playback.csv.gz,电网建模数据_Agent整合版_V1.2,"internal current-capacity, topology-cut and transformer remaining-capacity contingency screen",real_2025_internal_capacity_network_screen,internal_topology_capacity_screen,78b6a476a4210567b65bb0c79647bfd8aee8d99aed60795a84c4cd864db56825
QX-00003,110,XL-00112,BDZ-00204,BDZ-00025,376,68.05574033,102.26,69.59380006,0,,48.7691416,False,no_obvious_capacity_pressure,capacity_network_contingency_screen_no_impedance,not_propagated_without_approved_network_node_and_synchronous_flow_mapping,network_lines_110kv.csv+transformer_master.csv+real_plan_actions.csv+real_plan_dispatch_playback.csv.gz,电网建模数据_Agent整合版_V1.2,"internal current-capacity, topology-cut and transformer remaining-capacity contingency screen",real_2025_internal_capacity_network_screen,internal_topology_capacity_screen,78b6a476a4210567b65bb0c79647bfd8aee8d99aed60795a84c4cd864db56825
QX-00003,110,XL-00113,BDZ-00204,BDZ-00101,376,68.05574033,26.27,17.87824298,0,,37.32990749,False,no_obvious_capacity_pressure,capacity_network_contingency_screen_no_impedance,not_propagated_without_approved_network_node_and_synchronous_flow_mapping,network_lines_110kv.csv+transformer_master.csv+real_plan_actions.csv+real_plan_dispatch_playback.csv.gz,电网建模数据_Agent整合版_V1.2,"internal current-capacity, topology-cut and transformer remaining-capacity contingency screen",real_2025_internal_capacity_network_screen,internal_topology_capacity_screen,78b6a476a4210567b65bb0c79647bfd8aee8d99aed60795a84c4cd864db56825
QX-00003,110,XL-00114,BDZ-00204,BDZ-00158,660,119.4595442,15.66,18.70736462,0,,47.2408395,True,critical_connectivity_cut,capacity_network_contingency_screen_no_impedance,not_propagated_without_approved_network_node_and_synchronous_flow_mapping,network_lines_110kv.csv+transformer_master.csv+real_plan_actions.csv+real_plan_dispatch_playback.csv.gz,电网建模数据_Agent整合版_V1.2,"internal current-capacity, topology-cut and transformer remaining-capacity contingency screen",real_2025_internal_capacity_network_screen,internal_topology_capacity_screen,78b6a476a4210567b65bb0c79647bfd8aee8d99aed60795a84c4cd864db56825
QX-00003,110,XL-00115,BDZ-00204,BDZ-00239,660,119.4595442,19.24,22.9840163,68.05574033,86.47234043,43.88154444,False,no_obvious_capacity_pressure,capacity_network_contingency_screen_no_impedance,not_propagated_without_approved_network_node_and_synchronous_flow_mapping,network_lines_110kv.csv+transformer_master.csv+real_plan_actions.csv+real_plan_dispatch_playback.csv.gz,电网建模数据_Agent整合版_V1.2,"internal current-capacity, topology-cut and transformer remaining-capacity contingency screen",real_2025_internal_capacity_network_screen,internal_topology_capacity_screen,78b6a476a4210567b65bb0c79647bfd8aee8d99aed60795a84c4cd864db56825
QX-00003,110,XL-00116,BDZ-00204,BDZ-00239,376,68.05574033,52.7,35.86537515,119.4595442,49.2630303,40.03869565,False,no_obvious_capacity_pressure,capacity_network_contingency_screen_no_impedance,not_propagated_without_approved_network_node_and_synchronous_flow_mapping,network_lines_110kv.csv+transformer_master.csv+real_plan_actions.csv+real_plan_dispatch_playback.csv.gz,电网建模数据_Agent整合版_V1.2,"internal current-capacity, topology-cut and transformer remaining-capacity contingency screen",real_2025_internal_capacity_network_screen,internal_topology_capacity_screen,78b6a476a4210567b65bb0c79647bfd8aee8d99aed60795a84c4cd864db56825
QX-00003,110,XL-00155,BDZ-00210,BDZ-00025,376,68.05574033,94.95,64.61892544,0,,34.96779874,False,no_obvious_capacity_pressure,capacity_network_contingency_screen_no_impedance,not_propagated_without_approved_network_node_and_synchronous_flow_mapping,network_lines_110kv.csv+transformer_master.csv+real_plan_actions.csv+real_plan_dispatch_playback.csv.gz,电网建模数据_Agent整合版_V1.2,"internal current-capacity, topology-cut and transformer remaining-capacity contingency screen",real_2025_internal_capacity_network_screen,internal_topology_capacity_screen,78b6a476a4210567b65bb0c79647bfd8aee8d99aed60795a84c4cd864db56825
QX-00003,110,XL-00157,BDZ-00210,BDZ-00007,376,68.05574033,78.13,53.17194992,0,,28.76027478,True,critical_connectivity_cut,capacity_network_contingency_screen_no_impedance,not_propagated_without_approved_network_node_and_synchronous_flow_mapping,network_lines_110kv.csv+transformer_master.csv+real_plan_actions.csv+real_plan_dispatch_playback.csv.gz,电网建模数据_Agent整合版_V1.2,"internal current-capacity, topology-cut and transformer remaining-capacity contingency screen",real_2025_internal_capacity_network_screen,internal_topology_capacity_screen,78b6a476a4210567b65bb0c79647bfd8aee8d99aed60795a84c4cd864db56825
QX-00003,110,XL-00159,BDZ-00210,BDZ-00017,1060,191.859268,17.71,33.97827635,0,,36.53287471,False,no_obvious_capacity_pressure,capacity_network_contingency_screen_no_impedance,not_propagated_without_approved_network_node_and_synchronous_flow_mapping,network_lines_110kv.csv+transformer_master.csv+real_plan_actions.csv+real_plan_dispatch_playback.csv.gz,电网建模数据_Agent整合版_V1.2,"internal current-capacity, topology-cut and transformer remaining-capacity contingency screen",real_2025_internal_capacity_network_screen,internal_topology_capacity_screen,78b6a476a4210567b65bb0c79647bfd8aee8d99aed60795a84c4cd864db56825
QX-00003,110,XL-00160,BDZ-00210,BDZ-00153,660,119.4595442,12.24,14.62184821,119.4595442,21.9,30.9142616,False,no_obvious_capacity_pressure,capacity_network_contingency_screen_no_impedance,not_propagated_without_approved_network_node_and_synchronous_flow_mapping,network_lines_110kv.csv+transformer_master.csv+real_plan_actions.csv+real_plan_dispatch_playback.csv.gz,电网建模数据_Agent整合版_V1.2,"internal current-capacity, topology-cut and transformer remaining-capacity contingency screen",real_2025_internal_capacity_network_screen,internal_topology_capacity_screen,78b6a476a4210567b65bb0c79647bfd8aee8d99aed60795a84c4cd864db56825
QX-00003,110,XL-00161,BDZ-00210,BDZ-00153,660,119.4595442,9.66,11.53979197,119.4595442,21.9,30.9142616,False,no_obvious_capacity_pressure,capacity_network_contingency_screen_no_impedance,not_propagated_without_approved_network_node_and_synchronous_flow_mapping,network_lines_110kv.csv+transformer_master.csv+real_plan_actions.csv+real_plan_dispatch_playback.csv.gz,电网建模数据_Agent整合版_V1.2,"internal current-capacity, topology-cut and transformer remaining-capacity contingency screen",real_2025_internal_capacity_network_screen,internal_topology_capacity_screen,78b6a476a4210567b65bb0c79647bfd8aee8d99aed60795a84c4cd864db56825
QX-00003,110,XL-00162,BDZ-00210,BDZ-00374,660,119.4595442,17.69,21.13239337,0,,30.9142616,True,critical_connectivity_cut,capacity_network_contingency_screen_no_impedance,not_propagated_without_approved_network_node_and_synchronous_flow_mapping,network_lines_110kv.csv+transformer_master.csv+real_plan_actions.csv+real_plan_dispatch_playback.csv.gz,电网建模数据_Agent整合版_V1.2,"internal current-capacity, topology-cut and transformer remaining-capacity contingency screen",real_2025_internal_capacity_network_screen,internal_topology_capacity_screen,78b6a476a4210567b65bb0c79647bfd8aee8d99aed60795a84c4cd864db56825
QX-00003,110,XL-00164,BDZ-00210,BDZ-00183,660,119.4595442,10.98,13.11665795,0,,28.12656783,True,critical_connectivity_cut,capacity_network_contingency_screen_no_impedance,not_propagated_without_approved_network_node_and_synchronous_flow_mapping,network_lines_110kv.csv+transformer_master.csv+real_plan_actions.csv+real_plan_dispatch_playback.csv.gz,电网建模数据_Agent整合版_V1.2,"internal current-capacity, topology-cut and transformer remaining-capacity contingency screen",real_2025_internal_capacity_network_screen,internal_topology_capacity_screen,78b6a476a4210567b65bb0c79647bfd8aee8d99aed60795a84c4cd864db56825
QX-00003,110,XL-00165,BDZ-00211,BDZ-00101,660,119.4595442,18.87,22.54201599,0,,25.76649298,False,no_obvious_capacity_pressure,capacity_network_contingency_screen_no_impedance,not_propagated_without_approved_network_node_and_synchronous_flow_mapping,network_lines_110kv.csv+transformer_master.csv+real_plan_actions.csv+real_plan_dispatch_playback.csv.gz,电网建模数据_Agent整合版_V1.2,"internal current-capacity, topology-cut and transformer remaining-capacity contingency screen",real_2025_internal_capacity_network_screen,internal_topology_capacity_screen,78b6a476a4210567b65bb0c79647bfd8aee8d99aed60795a84c4cd864db56825
QX-00003,110,XL-00166,BDZ-00211,BDZ-00060,660,119.4595442,7.03,8.398005957,119.4595442,13.9,25.66309667,False,no_obvious_capacity_pressure,capacity_network_contingency_screen_no_impedance,not_propagated_without_approved_network_node_and_synchronous_flow_mapping,network_lines_110kv.csv+transformer_master.csv+real_plan_actions.csv+real_plan_dispatch_playback.csv.gz,电网建模数据_Agent整合版_V1.2,"internal current-capacity, topology-cut and transformer remaining-capacity contingency screen",real_2025_internal_capacity_network_screen,internal_topology_capacity_screen,78b6a476a4210567b65bb0c79647bfd8aee8d99aed60795a84c4cd864db56825
QX-00003,110,XL-00167,BDZ-00211,BDZ-00060,660,119.4595442,6.87,8.206870686,119.4595442,13.9,25.66309667,False,no_obvious_capacity_pressure,capacity_network_contingency_screen_no_impedance,not_propagated_without_approved_network_node_and_synchronous_flow_mapping,network_lines_110kv.csv+transformer_master.csv+real_plan_actions.csv+real_plan_dispatch_playback.csv.gz,电网建模数据_Agent整合版_V1.2,"internal current-capacity, topology-cut and transformer remaining-capacity contingency screen",real_2025_internal_capacity_network_screen,internal_topology_capacity_screen,78b6a476a4210567b65bb0c79647bfd8aee8d99aed60795a84c4cd864db56825
QX-00003,110,XL-00169,BDZ-00211,BDZ-00017,511,92.4906471,49.63,45.90310816,0,,21.63214803,False,no_obvious_capacity_pressure,capacity_network_contingency_screen_no_impedance,not_propagated_without_approved_network_node_and_synchronous_flow_mapping,network_lines_110kv.csv+transformer_master.csv+real_plan_actions.csv+real_plan_dispatch_playback.csv.gz,电网建模数据_Agent整合版_V1.2,"internal current-capacity, topology-cut and transformer remaining-capacity contingency screen",real_2025_internal_capacity_network_screen,internal_topology_capacity_screen,78b6a476a4210567b65bb0c79647bfd8aee8d99aed60795a84c4cd864db56825
QX-00003,110,XL-00339,BDZ-00239,BDZ-00019,660,119.4595442,32.18,38.44208132,0,,46.01332256,False,no_obvious_capacity_pressure,capacity_network_contingency_screen_no_impedance,not_propagated_without_approved_network_node_and_synchronous_flow_mapping,network_lines_110kv.csv+transformer_master.csv+real_plan_actions.csv+real_plan_dispatch_playback.csv.gz,电网建模数据_Agent整合版_V1.2,"internal current-capacity, topology-cut and transformer remaining-capacity contingency screen",real_2025_internal_capacity_network_screen,internal_topology_capacity_screen,78b6a476a4210567b65bb0c79647bfd8aee8d99aed60795a84c4cd864db56825
QX-00004,110,XL-00038,BDZ-00213,BDZ-00152,376,68.05574033,0.47,0.3198619796,0,,43.02,True,critical_connectivity_cut,capacity_network_contingency_screen_no_impedance,not_propagated_without_approved_network_node_and_synchronous_flow_mapping,network_lines_110kv.csv+transformer_master.csv+real_plan_actions.csv+real_plan_dispatch_playback.csv.gz,电网建模数据_Agent整合版_V1.2,"internal current-capacity, topology-cut and transformer remaining-capacity contingency screen",real_2025_internal_capacity_network_screen,internal_topology_capacity_screen,78b6a476a4210567b65bb0c79647bfd8aee8d99aed60795a84c4cd864db56825
QX-00004,110,XL-00071,BDZ-00196,BDZ-00061,660,119.4595442,25.51,30.47412972,0,,30.47327144,True,critical_connectivity_cut,capacity_network_contingency_screen_no_impedance,not_propagated_without_approved_network_node_and_synchronous_flow_mapping,network_lines_110kv.csv+transformer_master.csv+real_plan_actions.csv+real_plan_dispatch_playback.csv.gz,电网建模数据_Agent整合版_V1.2,"internal current-capacity, topology-cut and transformer remaining-capacity contingency screen",real_2025_internal_capacity_network_screen,internal_topology_capacity_screen,78b6a476a4210567b65bb0c79647bfd8aee8d99aed60795a84c4cd864db56825
QX-00004,110,XL-00075,BDZ-00196,BDZ-00130,660,119.4595442,16.98,20.2842306,0,,24.42370132,False,no_obvious_capacity_pressure,capacity_network_contingency_screen_no_impedance,not_propagated_without_approved_network_node_and_synchronous_flow_mapping,network_lines_110kv.csv+transformer_master.csv+real_plan_actions.csv+real_plan_dispatch_playback.csv.gz,电网建模数据_Agent整合版_V1.2,"internal current-capacity, topology-cut and transformer remaining-capacity contingency screen",real_2025_internal_capacity_network_screen,internal_topology_capacity_screen,78b6a476a4210567b65bb0c79647bfd8aee8d99aed60795a84c4cd864db56825
QX-00004,110,XL-00076,BDZ-00047,BDZ-00140,511,92.4906471,28.1,25.98987183,119.4595442,31.69621212,31.84147028,False,no_obvious_capacity_pressure,capacity_network_contingency_screen_no_impedance,not_propagated_without_approved_network_node_and_synchronous_flow_mapping,network_lines_110kv.csv+transformer_master.csv+real_plan_actions.csv+real_plan_dispatch_playback.csv.gz,电网建模数据_Agent整合版_V1.2,"internal current-capacity, topology-cut and transformer remaining-capacity contingency screen",real_2025_internal_capacity_network_screen,internal_topology_capacity_screen,78b6a476a4210567b65bb0c79647bfd8aee8d99aed60795a84c4cd864db56825
QX-00004,110,XL-00077,BDZ-00047,BDZ-00140,660,119.4595442,9.94,11.87427869,92.4906471,40.93835616,33.14023269,False,no_obvious_capacity_pressure,capacity_network_contingency_screen_no_impedance,not_propagated_without_approved_network_node_and_synchronous_flow_mapping,network_lines_110kv.csv+transformer_master.csv+real_plan_actions.csv+real_plan_dispatch_playback.csv.gz,电网建模数据_Agent整合版_V1.2,"internal current-capacity, topology-cut and transformer remaining-capacity contingency screen",real_2025_internal_capacity_network_screen,internal_topology_capacity_screen,78b6a476a4210567b65bb0c79647bfd8aee8d99aed60795a84c4cd864db56825
QX-00004,110,XL-00078,BDZ-00196,BDZ-00149,660,119.4595442,27.99,33.43672642,0,,30.88666667,False,no_obvious_capacity_pressure,capacity_network_contingency_screen_no_impedance,not_propagated_without_approved_network_node_and_synchronous_flow_mapping,network_lines_110kv.csv+transformer_master.csv+real_plan_actions.csv+real_plan_dispatch_playback.csv.gz,电网建模数据_Agent整合版_V1.2,"internal current-capacity, topology-cut and transformer remaining-capacity contingency screen",real_2025_internal_capacity_network_screen,internal_topology_capacity_screen,78b6a476a4210567b65bb0c79647bfd8aee8d99aed60795a84c4cd864db56825
QX-00004,110,XL-00099,BDZ-00232,BDZ-00236,1060,191.859268,14.4,27.62773459,0,,25.51104496,False,no_obvious_capacity_pressure,capacity_network_contingency_screen_no_impedance,not_propagated_without_approved_network_node_and_synchronous_flow_mapping,network_lines_110kv.csv+transformer_master.csv+real_plan_actions.csv+real_plan_dispatch_playback.csv.gz,电网建模数据_Agent整合版_V1.2,"internal current-capacity, topology-cut and transformer remaining-capacity contingency screen",real_2025_internal_capacity_network_screen,internal_topology_capacity_screen,78b6a476a4210567b65bb0c79647bfd8aee8d99aed60795a84c4cd864db56825
QX-00004,110,XL-00126,BDZ-00206,BDZ-00008,660,119.4595442,16.94,20.23644679,119.4595442,66.59,29.80802591,False,no_obvious_capacity_pressure,capacity_network_contingency_screen_no_impedance,not_propagated_without_approved_network_node_and_synchronous_flow_mapping,network_lines_110kv.csv+transformer_master.csv+real_plan_actions.csv+real_plan_dispatch_playback.csv.gz,电网建模数据_Agent整合版_V1.2,"internal current-capacity, topology-cut and transformer remaining-capacity contingency screen",real_2025_internal_capacity_network_screen,internal_topology_capacity_screen,78b6a476a4210567b65bb0c79647bfd8aee8d99aed60795a84c4cd864db56825
QX-00004,110,XL-00127,BDZ-00206,BDZ-00008,660,119.4595442,49.65,59.31166369,119.4595442,66.59,29.80802591,False,no_obvious_capacity_pressure,capacity_network_contingency_screen_no_impedance,not_propagated_without_approved_network_node_and_synchronous_flow_mapping,network_lines_110kv.csv+transformer_master.csv+real_plan_actions.csv+real_plan_dispatch_playback.csv.gz,电网建模数据_Agent整合版_V1.2,"internal current-capacity, topology-cut and transformer remaining-capacity contingency screen",real_2025_internal_capacity_network_screen,internal_topology_capacity_screen,78b6a476a4210567b65bb0c79647bfd8aee8d99aed60795a84c4cd864db56825
QX-00004,110,XL-00128,BDZ-00206,BDZ-00047,511,92.4906471,25.5,23.58511501,191.859268,30.28292453,26.02500513,False,no_obvious_capacity_pressure,capacity_network_contingency_screen_no_impedance,not_propagated_without_approved_network_node_and_synchronous_flow_mapping,network_lines_110kv.csv+transformer_master.csv+real_plan_actions.csv+real_plan_dispatch_playback.csv.gz,电网建模数据_Agent整合版_V1.2,"internal current-capacity, topology-cut and transformer remaining-capacity contingency screen",real_2025_internal_capacity_network_screen,internal_topology_capacity_screen,78b6a476a4210567b65bb0c79647bfd8aee8d99aed60795a84c4cd864db56825
QX-00004,110,XL-00129,BDZ-00206,BDZ-00047,1060,191.859268,17.99,34.5154823,92.4906471,62.81780822,29.33081907,False,no_obvious_capacity_pressure,capacity_network_contingency_screen_no_impedance,not_propagated_without_approved_network_node_and_synchronous_flow_mapping,network_lines_110kv.csv+transformer_master.csv+real_plan_actions.csv+real_plan_dispatch_playback.csv.gz,电网建模数据_Agent整合版_V1.2,"internal current-capacity, topology-cut and transformer remaining-capacity contingency screen",real_2025_internal_capacity_network_screen,internal_topology_capacity_screen,78b6a476a4210567b65bb0c79647bfd8aee8d99aed60795a84c4cd864db56825
QX-00004,110,XL-00130,BDZ-00206,BDZ-00083,660,119.4595442,26.97,32.21823907,119.4595442,45.15,30.65811948,False,no_obvious_capacity_pressure,capacity_network_contingency_screen_no_impedance,not_propagated_without_approved_network_node_and_synchronous_flow_mapping,network_lines_110kv.csv+transformer_master.csv+real_plan_actions.csv+real_plan_dispatch_playback.csv.gz,电网建模数据_Agent整合版_V1.2,"internal current-capacity, topology-cut and transformer remaining-capacity contingency screen",real_2025_internal_capacity_network_screen,internal_topology_capacity_screen,78b6a476a4210567b65bb0c79647bfd8aee8d99aed60795a84c4cd864db56825
QX-00004,110,XL-00131,BDZ-00206,BDZ-00083,660,119.4595442,18.18,21.71774514,119.4595442,45.15,30.65811948,False,no_obvious_capacity_pressure,capacity_network_contingency_screen_no_impedance,not_propagated_without_approved_network_node_and_synchronous_flow_mapping,network_lines_110kv.csv+transformer_master.csv+real_plan_actions.csv+real_plan_dispatch_playback.csv.gz,电网建模数据_Agent整合版_V1.2,"internal current-capacity, topology-cut and transformer remaining-capacity contingency screen",real_2025_internal_capacity_network_screen,internal_topology_capacity_screen,78b6a476a4210567b65bb0c79647bfd8aee8d99aed60795a84c4cd864db56825
QX-00004,110,XL-00139,BDZ-00208,BDZ-00061,511,92.4906471,18.16,16.79630151,0,,25.32216495,True,critical_connectivity_cut,capacity_network_contingency_screen_no_impedance,not_propagated_without_approved_network_node_and_synchronous_flow_mapping,network_lines_110kv.csv+transformer_master.csv+real_plan_actions.csv+real_plan_dispatch_playback.csv.gz,电网建模数据_Agent整合版_V1.2,"internal current-capacity, topology-cut and transformer remaining-capacity contingency screen",real_2025_internal_capacity_network_screen,internal_topology_capacity_screen,78b6a476a4210567b65bb0c79647bfd8aee8d99aed60795a84c4cd864db56825
QX-00004,110,XL-00142,BDZ-00208,BDZ-00098,1060,191.859268,15.02,28.81726205,0,,38.80347358,True,critical_connectivity_cut,capacity_network_contingency_screen_no_impedance,not_propagated_without_approved_network_node_and_synchronous_flow_mapping,network_lines_110kv.csv+transformer_master.csv+real_plan_actions.csv+real_plan_dispatch_playback.csv.gz,电网建模数据_Agent整合版_V1.2,"internal current-capacity, topology-cut and transformer remaining-capacity contingency screen",real_2025_internal_capacity_network_screen,internal_topology_capacity_screen,78b6a476a4210567b65bb0c79647bfd8aee8d99aed60795a84c4cd864db56825
QX-00004,110,XL-00170,BDZ-00093,BDZ-00083,660,119.4595442,27.27,32.5766177,119.4595442,65.89,41.13399386,False,no_obvious_capacity_pressure,capacity_network_contingency_screen_no_impedance,not_propagated_without_approved_network_node_and_synchronous_flow_mapping,network_lines_110kv.csv+transformer_master.csv+real_plan_actions.csv+real_plan_dispatch_playback.csv.gz,电网建模数据_Agent整合版_V1.2,"internal current-capacity, topology-cut and transformer remaining-capacity contingency screen",real_2025_internal_capacity_network_screen,internal_topology_capacity_screen,78b6a476a4210567b65bb0c79647bfd8aee8d99aed60795a84c4cd864db56825
QX-00004,110,XL-00171,BDZ-00093,BDZ-00083,660,119.4595442,38.62,46.13527597,119.4595442,65.89,41.13399386,False,no_obvious_capacity_pressure,capacity_network_contingency_screen_no_impedance,not_propagated_without_approved_network_node_and_synchronous_flow_mapping,network_lines_110kv.csv+transformer_master.csv+real_plan_actions.csv+real_plan_dispatch_playback.csv.gz,电网建模数据_Agent整合版_V1.2,"internal current-capacity, topology-cut and transformer remaining-capacity contingency screen",real_2025_internal_capacity_network_screen,internal_topology_capacity_screen,78b6a476a4210567b65bb0c79647bfd8aee8d99aed60795a84c4cd864db56825
QX-00004,110,XL-00253,BDZ-00130,BDZ-00382,511,92.4906471,0.04,0.03699625884,0,,19.34048485,True,critical_connectivity_cut,capacity_network_contingency_screen_no_impedance,not_propagated_without_approved_network_node_and_synchronous_flow_mapping,network_lines_110kv.csv+transformer_master.csv+real_plan_actions.csv+real_plan_dispatch_playback.csv.gz,电网建模数据_Agent整合版_V1.2,"internal current-capacity, topology-cut and transformer remaining-capacity contingency screen",real_2025_internal_capacity_network_screen,internal_topology_capacity_screen,78b6a476a4210567b65bb0c79647bfd8aee8d99aed60795a84c4cd864db56825
QX-00004,110,XL-00269,BDZ-00227,BDZ-00001,660,119.4595442,15.49,18.5042834,119.4595442,33.76,21.20908719,False,no_obvious_capacity_pressure,capacity_network_contingency_screen_no_impedance,not_propagated_without_approved_network_node_and_synchronous_flow_mapping,network_lines_110kv.csv+transformer_master.csv+real_plan_actions.csv+real_plan_dispatch_playback.csv.gz,电网建模数据_Agent整合版_V1.2,"internal current-capacity, topology-cut and transformer remaining-capacity contingency screen",real_2025_internal_capacity_network_screen,internal_topology_capacity_screen,78b6a476a4210567b65bb0c79647bfd8aee8d99aed60795a84c4cd864db56825
QX-00004,110,XL-00270,BDZ-00227,BDZ-00001,660,119.4595442,18.27,21.82525872,119.4595442,33.76,21.20908719,False,no_obvious_capacity_pressure,capacity_network_contingency_screen_no_impedance,not_propagated_without_approved_network_node_and_synchronous_flow_mapping,network_lines_110kv.csv+transformer_master.csv+real_plan_actions.csv+real_plan_dispatch_playback.csv.gz,电网建模数据_Agent整合版_V1.2,"internal current-capacity, topology-cut and transformer remaining-capacity contingency screen",real_2025_internal_capacity_network_screen,internal_topology_capacity_screen,78b6a476a4210567b65bb0c79647bfd8aee8d99aed60795a84c4cd864db56825
QX-00004,110,XL-00271,BDZ-00227,BDZ-00075,1060,191.859268,20.31,38.96661732,0,,22.6645125,True,critical_connectivity_cut,capacity_network_contingency_screen_no_impedance,not_propagated_without_approved_network_node_and_synchronous_flow_mapping,network_lines_110kv.csv+transformer_master.csv+real_plan_actions.csv+real_plan_dispatch_playback.csv.gz,电网建模数据_Agent整合版_V1.2,"internal current-capacity, topology-cut and transformer remaining-capacity contingency screen",real_2025_internal_capacity_network_screen,internal_topology_capacity_screen,78b6a476a4210567b65bb0c79647bfd8aee8d99aed60795a84c4cd864db56825
QX-00004,110,XL-00272,BDZ-00227,BDZ-00029,1060,191.859268,19.17,36.77942167,0,,22.13438158,False,no_obvious_capacity_pressure,capacity_network_contingency_screen_no_impedance,not_propagated_without_approved_network_node_and_synchronous_flow_mapping,network_lines_110kv.csv+transformer_master.csv+real_plan_actions.csv+real_plan_dispatch_playback.csv.gz,电网建模数据_Agent整合版_V1.2,"internal current-capacity, topology-cut and transformer remaining-capacity contingency screen",real_2025_internal_capacity_network_screen,internal_topology_capacity_screen,78b6a476a4210567b65bb0c79647bfd8aee8d99aed60795a84c4cd864db56825
QX-00004,110,XL-00273,BDZ-00227,BDZ-00064,1060,191.859268,13.77,26.4190212,0,,21.3805875,False,no_obvious_capacity_pressure,capacity_network_contingency_screen_no_impedance,not_propagated_without_approved_network_node_and_synchronous_flow_mapping,network_lines_110kv.csv+transformer_master.csv+real_plan_actions.csv+real_plan_dispatch_playback.csv.gz,电网建模数据_Agent整合版_V1.2,"internal current-capacity, topology-cut and transformer remaining-capacity contingency screen",real_2025_internal_capacity_network_screen,internal_topology_capacity_screen,78b6a476a4210567b65bb0c79647bfd8aee8d99aed60795a84c4cd864db56825
QX-00004,110,XL-00274,BDZ-00227,BDZ-00169,660,119.4595442,31.49,37.61781047,0,,22.9317625,False,no_obvious_capacity_pressure,capacity_network_contingency_screen_no_impedance,not_propagated_without_approved_network_node_and_synchronous_flow_mapping,network_lines_110kv.csv+transformer_master.csv+real_plan_actions.csv+real_plan_dispatch_playback.csv.gz,电网建模数据_Agent整合版_V1.2,"internal current-capacity, topology-cut and transformer remaining-capacity contingency screen",real_2025_internal_capacity_network_screen,internal_topology_capacity_screen,78b6a476a4210567b65bb0c79647bfd8aee8d99aed60795a84c4cd864db56825
QX-00004,110,XL-00275,BDZ-00227,BDZ-00181,445,80.54469268,29.2,23.51905026,80.54469268,63.66,20.60551952,False,no_obvious_capacity_pressure,capacity_network_contingency_screen_no_impedance,not_propagated_without_approved_network_node_and_synchronous_flow_mapping,network_lines_110kv.csv+transformer_master.csv+real_plan_actions.csv+real_plan_dispatch_playback.csv.gz,电网建模数据_Agent整合版_V1.2,"internal current-capacity, topology-cut and transformer remaining-capacity contingency screen",real_2025_internal_capacity_network_screen,internal_topology_capacity_screen,78b6a476a4210567b65bb0c79647bfd8aee8d99aed60795a84c4cd864db56825
QX-00004,110,XL-00276,BDZ-00227,BDZ-00181,445,80.54469268,34.46,27.7557011,80.54469268,63.66,20.60551952,False,no_obvious_capacity_pressure,capacity_network_contingency_screen_no_impedance,not_propagated_without_approved_network_node_and_synchronous_flow_mapping,network_lines_110kv.csv+transformer_master.csv+real_plan_actions.csv+real_plan_dispatch_playback.csv.gz,电网建模数据_Agent整合版_V1.2,"internal current-capacity, topology-cut and transformer remaining-capacity contingency screen",real_2025_internal_capacity_network_screen,internal_topology_capacity_screen,78b6a476a4210567b65bb0c79647bfd8aee8d99aed60795a84c4cd864db56825
QX-00004,110,XL-00277,BDZ-00227,BDZ-00182,1060,191.859268,13.75,26.38064934,0,,21.1911125,False,no_obvious_capacity_pressure,capacity_network_contingency_screen_no_impedance,not_propagated_without_approved_network_node_and_synchronous_flow_mapping,network_lines_110kv.csv+transformer_master.csv+real_plan_actions.csv+real_plan_dispatch_playback.csv.gz,电网建模数据_Agent整合版_V1.2,"internal current-capacity, topology-cut and transformer remaining-capacity contingency screen",real_2025_internal_capacity_network_screen,internal_topology_capacity_screen,78b6a476a4210567b65bb0c79647bfd8aee8d99aed60795a84c4cd864db56825
QX-00004,110,XL-00284,BDZ-00229,BDZ-00130,660,119.4595442,21.67,25.88688323,0,,21.93787002,False,no_obvious_capacity_pressure,capacity_network_contingency_screen_no_impedance,not_propagated_without_approved_network_node_and_synchronous_flow_mapping,network_lines_110kv.csv+transformer_master.csv+real_plan_actions.csv+real_plan_dispatch_playback.csv.gz,电网建模数据_Agent整合版_V1.2,"internal current-capacity, topology-cut and transformer remaining-capacity contingency screen",real_2025_internal_capacity_network_screen,internal_topology_capacity_screen,78b6a476a4210567b65bb0c79647bfd8aee8d99aed60795a84c4cd864db56825
QX-00004,110,XL-00285,BDZ-00229,BDZ-00149,660,119.4595442,22.18,26.4961269,0,,35.92,False,no_obvious_capacity_pressure,capacity_network_contingency_screen_no_impedance,not_propagated_without_approved_network_node_and_synchronous_flow_mapping,network_lines_110kv.csv+transformer_master.csv+real_plan_actions.csv+real_plan_dispatch_playback.csv.gz,电网建模数据_Agent整合版_V1.2,"internal current-capacity, topology-cut and transformer remaining-capacity contingency screen",real_2025_internal_capacity_network_screen,internal_topology_capacity_screen,78b6a476a4210567b65bb0c79647bfd8aee8d99aed60795a84c4cd864db56825
QX-00004,110,XL-00297,BDZ-00232,BDZ-00041,1060,191.859268,17.82,34.18932155,0,,20.65741645,False,no_obvious_capacity_pressure,capacity_network_contingency_screen_no_impedance,not_propagated_without_approved_network_node_and_synchronous_flow_mapping,network_lines_110kv.csv+transformer_master.csv+real_plan_actions.csv+real_plan_dispatch_playback.csv.gz,电网建模数据_Agent整合版_V1.2,"internal current-capacity, topology-cut and transformer remaining-capacity contingency screen",real_2025_internal_capacity_network_screen,internal_topology_capacity_screen,78b6a476a4210567b65bb0c79647bfd8aee8d99aed60795a84c4cd864db56825
QX-00004,110,XL-00298,BDZ-00232,BDZ-00064,1060,191.859268,14.5,27.81959385,0,,20.17298343,False,no_obvious_capacity_pressure,capacity_network_contingency_screen_no_impedance,not_propagated_without_approved_network_node_and_synchronous_flow_mapping,network_lines_110kv.csv+transformer_master.csv+real_plan_actions.csv+real_plan_dispatch_playback.csv.gz,电网建模数据_Agent整合版_V1.2,"internal current-capacity, topology-cut and transformer remaining-capacity contingency screen",real_2025_internal_capacity_network_screen,internal_topology_capacity_screen,78b6a476a4210567b65bb0c79647bfd8aee8d99aed60795a84c4cd864db56825
QX-00004,110,XL-00300,BDZ-00232,BDZ-00082,1060,191.859268,14.17,27.18645827,0,,21.31521878,True,critical_connectivity_cut,capacity_network_contingency_screen_no_impedance,not_propagated_without_approved_network_node_and_synchronous_flow_mapping,network_lines_110kv.csv+transformer_master.csv+real_plan_actions.csv+real_plan_dispatch_playback.csv.gz,电网建模数据_Agent整合版_V1.2,"internal current-capacity, topology-cut and transformer remaining-capacity contingency screen",real_2025_internal_capacity_network_screen,internal_topology_capacity_screen,78b6a476a4210567b65bb0c79647bfd8aee8d99aed60795a84c4cd864db56825
QX-00004,110,XL-00301,BDZ-00232,BDZ-00208,511,92.4906471,28.29,26.16560406,0,,18.8360196,True,critical_connectivity_cut,capacity_network_contingency_screen_no_impedance,not_propagated_without_approved_network_node_and_synchronous_flow_mapping,network_lines_110kv.csv+transformer_master.csv+real_plan_actions.csv+real_plan_dispatch_playback.csv.gz,电网建模数据_Agent整合版_V1.2,"internal current-capacity, topology-cut and transformer remaining-capacity contingency screen",real_2025_internal_capacity_network_screen,internal_topology_capacity_screen,78b6a476a4210567b65bb0c79647bfd8aee8d99aed60795a84c4cd864db56825
QX-00004,110,XL-00302,BDZ-00232,BDZ-00093,301,54.48079213,68.24,37.17769255,0,,21.21212193,False,no_obvious_capacity_pressure,capacity_network_contingency_screen_no_impedance,not_propagated_without_approved_network_node_and_synchronous_flow_mapping,network_lines_110kv.csv+transformer_master.csv+real_plan_actions.csv+real_plan_dispatch_playback.csv.gz,电网建模数据_Agent整合版_V1.2,"internal current-capacity, topology-cut and transformer remaining-capacity contingency screen",real_2025_internal_capacity_network_screen,internal_topology_capacity_screen,78b6a476a4210567b65bb0c79647bfd8aee8d99aed60795a84c4cd864db56825
QX-00004,110,XL-00303,BDZ-00232,BDZ-00227,445,80.54469268,29.8,24.00231842,80.54469268,29.8,19.68747567,False,no_obvious_capacity_pressure,capacity_network_contingency_screen_no_impedance,not_propagated_without_approved_network_node_and_synchronous_flow_mapping,network_lines_110kv.csv+transformer_master.csv+real_plan_actions.csv+real_plan_dispatch_playback.csv.gz,电网建模数据_Agent整合版_V1.2,"internal current-capacity, topology-cut and transformer remaining-capacity contingency screen",real_2025_internal_capacity_network_screen,internal_topology_capacity_screen,78b6a476a4210567b65bb0c79647bfd8aee8d99aed60795a84c4cd864db56825
QX-00004,110,XL-00304,BDZ-00232,BDZ-00227,445,80.54469268,0,0,80.54469268,29.8,19.68747567,False,no_obvious_capacity_pressure,capacity_network_contingency_screen_no_impedance,not_propagated_without_approved_network_node_and_synchronous_flow_mapping,network_lines_110kv.csv+transformer_master.csv+real_plan_actions.csv+real_plan_dispatch_playback.csv.gz,电网建模数据_Agent整合版_V1.2,"internal current-capacity, topology-cut and transformer remaining-capacity contingency screen",real_2025_internal_capacity_network_screen,internal_topology_capacity_screen,78b6a476a4210567b65bb0c79647bfd8aee8d99aed60795a84c4cd864db56825
QX-00004,110,XL-00305,BDZ-00232,BDZ-00182,1060,191.859268,13.07,25.07600632,0,,20.16995573,False,no_obvious_capacity_pressure,capacity_network_contingency_screen_no_impedance,not_propagated_without_approved_network_node_and_synchronous_flow_mapping,network_lines_110kv.csv+transformer_master.csv+real_plan_actions.csv+real_plan_dispatch_playback.csv.gz,电网建模数据_Agent整合版_V1.2,"internal current-capacity, topology-cut and transformer remaining-capacity contingency screen",real_2025_internal_capacity_network_screen,internal_topology_capacity_screen,78b6a476a4210567b65bb0c79647bfd8aee8d99aed60795a84c4cd864db56825
QX-00004,110,XL-00320,BDZ-00236,BDZ-00002,660,119.4595442,19.16,22.88844867,119.4595442,40.36,30.47072433,False,no_obvious_capacity_pressure,capacity_network_contingency_screen_no_impedance,not_propagated_without_approved_network_node_and_synchronous_flow_mapping,network_lines_110kv.csv+transformer_master.csv+real_plan_actions.csv+real_plan_dispatch_playback.csv.gz,电网建模数据_Agent整合版_V1.2,"internal current-capacity, topology-cut and transformer remaining-capacity contingency screen",real_2025_internal_capacity_network_screen,internal_topology_capacity_screen,78b6a476a4210567b65bb0c79647bfd8aee8d99aed60795a84c4cd864db56825
QX-00004,110,XL-00321,BDZ-00236,BDZ-00002,660,119.4595442,21.2,25.32542337,119.4595442,40.36,30.47072433,False,no_obvious_capacity_pressure,capacity_network_contingency_screen_no_impedance,not_propagated_without_approved_network_node_and_synchronous_flow_mapping,network_lines_110kv.csv+transformer_master.csv+real_plan_actions.csv+real_plan_dispatch_playback.csv.gz,电网建模数据_Agent整合版_V1.2,"internal current-capacity, topology-cut and transformer remaining-capacity contingency screen",real_2025_internal_capacity_network_screen,internal_topology_capacity_screen,78b6a476a4210567b65bb0c79647bfd8aee8d99aed60795a84c4cd864db56825
QX-00004,110,XL-00322,BDZ-00236,BDZ-00029,660,119.4595442,19.01,22.70925935,0,,28.78523568,False,no_obvious_capacity_pressure,capacity_network_contingency_screen_no_impedance,not_propagated_without_approved_network_node_and_synchronous_flow_mapping,network_lines_110kv.csv+transformer_master.csv+real_plan_actions.csv+real_plan_dispatch_playback.csv.gz,电网建模数据_Agent整合版_V1.2,"internal current-capacity, topology-cut and transformer remaining-capacity contingency screen",real_2025_internal_capacity_network_screen,internal_topology_capacity_screen,78b6a476a4210567b65bb0c79647bfd8aee8d99aed60795a84c4cd864db56825
QX-00004,110,XL-00323,BDZ-00236,BDZ-00041,1060,191.859268,16.97,32.55851777,0,,30.28860444,False,no_obvious_capacity_pressure,capacity_network_contingency_screen_no_impedance,not_propagated_without_approved_network_node_and_synchronous_flow_mapping,network_lines_110kv.csv+transformer_master.csv+real_plan_actions.csv+real_plan_dispatch_playback.csv.gz,电网建模数据_Agent整合版_V1.2,"internal current-capacity, topology-cut and transformer remaining-capacity contingency screen",real_2025_internal_capacity_network_screen,internal_topology_capacity_screen,78b6a476a4210567b65bb0c79647bfd8aee8d99aed60795a84c4cd864db56825
QX-00004,110,XL-00324,BDZ-00236,BDZ-00140,1060,191.859268,27.76,53.26013278,92.4906471,133.1543444,30.09327809,False,parallel_corridor_capacity_pressure,capacity_network_contingency_screen_no_impedance,not_propagated_without_approved_network_node_and_synchronous_flow_mapping,network_lines_110kv.csv+transformer_master.csv+real_plan_actions.csv+real_plan_dispatch_playback.csv.gz,电网建模数据_Agent整合版_V1.2,"internal current-capacity, topology-cut and transformer remaining-capacity contingency screen",real_2025_internal_capacity_network_screen,internal_topology_capacity_screen,78b6a476a4210567b65bb0c79647bfd8aee8d99aed60795a84c4cd864db56825
QX-00004,110,XL-00325,BDZ-00236,BDZ-00140,511,92.4906471,75.57,69.89518201,191.859268,64.1904434,27.85068142,False,no_obvious_capacity_pressure,capacity_network_contingency_screen_no_impedance,not_propagated_without_approved_network_node_and_synchronous_flow_mapping,network_lines_110kv.csv+transformer_master.csv+real_plan_actions.csv+real_plan_dispatch_playback.csv.gz,电网建模数据_Agent整合版_V1.2,"internal current-capacity, topology-cut and transformer remaining-capacity contingency screen",real_2025_internal_capacity_network_screen,internal_topology_capacity_screen,78b6a476a4210567b65bb0c79647bfd8aee8d99aed60795a84c4cd864db56825
QX-00004,110,XL-00326,BDZ-00236,BDZ-00152,376,68.05574033,42.55,28.95771751,0,,27.4986119,True,critical_connectivity_cut,capacity_network_contingency_screen_no_impedance,not_propagated_without_approved_network_node_and_synchronous_flow_mapping,network_lines_110kv.csv+transformer_master.csv+real_plan_actions.csv+real_plan_dispatch_playback.csv.gz,电网建模数据_Agent整合版_V1.2,"internal current-capacity, topology-cut and transformer remaining-capacity contingency screen",real_2025_internal_capacity_network_screen,internal_topology_capacity_screen,78b6a476a4210567b65bb0c79647bfd8aee8d99aed60795a84c4cd864db56825
QX-00004,110,XL-00327,BDZ-00236,BDZ-00169,660,119.4595442,42.09,50.28052215,0,,30.57102579,False,no_obvious_capacity_pressure,capacity_network_contingency_screen_no_impedance,not_propagated_without_approved_network_node_and_synchronous_flow_mapping,network_lines_110kv.csv+transformer_master.csv+real_plan_actions.csv+real_plan_dispatch_playback.csv.gz,电网建模数据_Agent整合版_V1.2,"internal current-capacity, topology-cut and transformer remaining-capacity contingency screen",real_2025_internal_capacity_network_screen,internal_topology_capacity_screen,78b6a476a4210567b65bb0c79647bfd8aee8d99aed60795a84c4cd864db56825
QX-00004,110,XL-00357,BDZ-00243,BDZ-00075,1060,191.859268,24.19,46.41075692,0,,44.5,True,critical_connectivity_cut,capacity_network_contingency_screen_no_impedance,not_propagated_without_approved_network_node_and_synchronous_flow_mapping,network_lines_110kv.csv+transformer_master.csv+real_plan_actions.csv+real_plan_dispatch_playback.csv.gz,电网建模数据_Agent整合版_V1.2,"internal current-capacity, topology-cut and transformer remaining-capacity contingency screen",real_2025_internal_capacity_network_screen,internal_topology_capacity_screen,78b6a476a4210567b65bb0c79647bfd8aee8d99aed60795a84c4cd864db56825
QX-00005,110,XL-00001,BDZ-00186,BDZ-00095,660,119.4595442,30.06,35.90953899,0,,46.53645292,True,critical_connectivity_cut,capacity_network_contingency_screen_no_impedance,not_propagated_without_approved_network_node_and_synchronous_flow_mapping,network_lines_110kv.csv+transformer_master.csv+real_plan_actions.csv+real_plan_dispatch_playback.csv.gz,电网建模数据_Agent整合版_V1.2,"internal current-capacity, topology-cut and transformer remaining-capacity contingency screen",real_2025_internal_capacity_network_screen,internal_topology_capacity_screen,78b6a476a4210567b65bb0c79647bfd8aee8d99aed60795a84c4cd864db56825
QX-00005,110,XL-00002,BDZ-00186,BDZ-00022,660,119.4595442,64.54,77.09918983,0,,42.14798783,False,no_obvious_capacity_pressure,capacity_network_contingency_screen_no_impedance,not_propagated_without_approved_network_node_and_synchronous_flow_mapping,network_lines_110kv.csv+transformer_master.csv+real_plan_actions.csv+real_plan_dispatch_playback.csv.gz,电网建模数据_Agent整合版_V1.2,"internal current-capacity, topology-cut and transformer remaining-capacity contingency screen",real_2025_internal_capacity_network_screen,internal_topology_capacity_screen,78b6a476a4210567b65bb0c79647bfd8aee8d99aed60795a84c4cd864db56825
QX-00005,110,XL-00003,BDZ-00186,BDZ-00031,660,119.4595442,65.18,77.86373091,0,,46.53645292,True,critical_connectivity_cut,capacity_network_contingency_screen_no_impedance,not_propagated_without_approved_network_node_and_synchronous_flow_mapping,network_lines_110kv.csv+transformer_master.csv+real_plan_actions.csv+real_plan_dispatch_playback.csv.gz,电网建模数据_Agent整合版_V1.2,"internal current-capacity, topology-cut and transformer remaining-capacity contingency screen",real_2025_internal_capacity_network_screen,internal_topology_capacity_screen,78b6a476a4210567b65bb0c79647bfd8aee8d99aed60795a84c4cd864db56825
QX-00005,110,XL-00004,BDZ-00186,BDZ-00037,511,92.4906471,94.78,87.66263532,0,,46.62296857,False,no_obvious_capacity_pressure,capacity_network_contingency_screen_no_impedance,not_propagated_without_approved_network_node_and_synchronous_flow_mapping,network_lines_110kv.csv+transformer_master.csv+real_plan_actions.csv+real_plan_dispatch_playback.csv.gz,电网建模数据_Agent整合版_V1.2,"internal current-capacity, topology-cut and transformer remaining-capacity contingency screen",real_2025_internal_capacity_network_screen,internal_topology_capacity_screen,78b6a476a4210567b65bb0c79647bfd8aee8d99aed60795a84c4cd864db56825
QX-00005,110,XL-00005,BDZ-00186,BDZ-00348,660,119.4595442,69.17,82.63016672,0,,46.53645292,True,critical_connectivity_cut,capacity_network_contingency_screen_no_impedance,not_propagated_without_approved_network_node_and_synchronous_flow_mapping,network_lines_110kv.csv+transformer_master.csv+real_plan_actions.csv+real_plan_dispatch_playback.csv.gz,电网建模数据_Agent整合版_V1.2,"internal current-capacity, topology-cut and transformer remaining-capacity contingency screen",real_2025_internal_capacity_network_screen,internal_topology_capacity_screen,78b6a476a4210567b65bb0c79647bfd8aee8d99aed60795a84c4cd864db56825
QX-00005,110,XL-00006,BDZ-00186,BDZ-00135,660,119.4595442,52.81,63.08658529,0,,47.27354043,False,no_obvious_capacity_pressure,capacity_network_contingency_screen_no_impedance,not_propagated_without_approved_network_node_and_synchronous_flow_mapping,network_lines_110kv.csv+transformer_master.csv+real_plan_actions.csv+real_plan_dispatch_playback.csv.gz,电网建模数据_Agent整合版_V1.2,"internal current-capacity, topology-cut and transformer remaining-capacity contingency screen",real_2025_internal_capacity_network_screen,internal_topology_capacity_screen,78b6a476a4210567b65bb0c79647bfd8aee8d99aed60795a84c4cd864db56825
QX-00005,110,XL-00007,BDZ-00186,BDZ-00021,1060,191.859268,15.4,29.54632726,0,,49.75085132,True,critical_connectivity_cut,capacity_network_contingency_screen_no_impedance,not_propagated_without_approved_network_node_and_synchronous_flow_mapping,network_lines_110kv.csv+transformer_master.csv+real_plan_actions.csv+real_plan_dispatch_playback.csv.gz,电网建模数据_Agent整合版_V1.2,"internal current-capacity, topology-cut and transformer remaining-capacity contingency screen",real_2025_internal_capacity_network_screen,internal_topology_capacity_screen,78b6a476a4210567b65bb0c79647bfd8aee8d99aed60795a84c4cd864db56825
QX-00005,110,XL-00008,BDZ-00186,BDZ-00146,660,119.4595442,11.99,14.32319935,119.4595442,33.89,42.9665713,False,no_obvious_capacity_pressure,capacity_network_contingency_screen_no_impedance,not_propagated_without_approved_network_node_and_synchronous_flow_mapping,network_lines_110kv.csv+transformer_master.csv+real_plan_actions.csv+real_plan_dispatch_playback.csv.gz,电网建模数据_Agent整合版_V1.2,"internal current-capacity, topology-cut and transformer remaining-capacity contingency screen",real_2025_internal_capacity_network_screen,internal_topology_capacity_screen,78b6a476a4210567b65bb0c79647bfd8aee8d99aed60795a84c4cd864db56825
QX-00005,110,XL-00009,BDZ-00186,BDZ-00146,660,119.4595442,21.9,26.16164018,119.4595442,33.89,42.9665713,False,no_obvious_capacity_pressure,capacity_network_contingency_screen_no_impedance,not_propagated_without_approved_network_node_and_synchronous_flow_mapping,network_lines_110kv.csv+transformer_master.csv+real_plan_actions.csv+real_plan_dispatch_playback.csv.gz,电网建模数据_Agent整合版_V1.2,"internal current-capacity, topology-cut and transformer remaining-capacity contingency screen",real_2025_internal_capacity_network_screen,internal_topology_capacity_screen,78b6a476a4210567b65bb0c79647bfd8aee8d99aed60795a84c4cd864db56825
QX-00005,110,XL-00010,BDZ-00186,BDZ-00341,660,119.4595442,22.76,27.18899226,0,,46.53645292,True,critical_connectivity_cut,capacity_network_contingency_screen_no_impedance,not_propagated_without_approved_network_node_and_synchronous_flow_mapping,network_lines_110kv.csv+transformer_master.csv+real_plan_actions.csv+real_plan_dispatch_playback.csv.gz,电网建模数据_Agent整合版_V1.2,"internal current-capacity, topology-cut and transformer remaining-capacity contingency screen",real_2025_internal_capacity_network_screen,internal_topology_capacity_screen,78b6a476a4210567b65bb0c79647bfd8aee8d99aed60795a84c4cd864db56825
QX-00005,110,XL-00042,BDZ-00022,BDZ-00162,660,119.4595442,21.99,26.26915377,119.4595442,39.74,39.54465195,False,no_obvious_capacity_pressure,capacity_network_contingency_screen_no_impedance,not_propagated_without_approved_network_node_and_synchronous_flow_mapping,network_lines_110kv.csv+transformer_master.csv+real_plan_actions.csv+real_plan_dispatch_playback.csv.gz,电网建模数据_Agent整合版_V1.2,"internal current-capacity, topology-cut and transformer remaining-capacity contingency screen",real_2025_internal_capacity_network_screen,internal_topology_capacity_screen,78b6a476a4210567b65bb0c79647bfd8aee8d99aed60795a84c4cd864db56825
QX-00005,110,XL-00043,BDZ-00022,BDZ-00162,660,119.4595442,17.75,21.2040691,119.4595442,39.74,39.54465195,False,no_obvious_capacity_pressure,capacity_network_contingency_screen_no_impedance,not_propagated_without_approved_network_node_and_synchronous_flow_mapping,network_lines_110kv.csv+transformer_master.csv+real_plan_actions.csv+real_plan_dispatch_playback.csv.gz,电网建模数据_Agent整合版_V1.2,"internal current-capacity, topology-cut and transformer remaining-capacity contingency screen",real_2025_internal_capacity_network_screen,internal_topology_capacity_screen,78b6a476a4210567b65bb0c79647bfd8aee8d99aed60795a84c4cd864db56825
QX-00005,110,XL-00054,BDZ-00027,BDZ-00336,660,119.4595442,9.68,11.56368388,0,,24.96,True,critical_connectivity_cut,capacity_network_contingency_screen_no_impedance,not_propagated_without_approved_network_node_and_synchronous_flow_mapping,network_lines_110kv.csv+transformer_master.csv+real_plan_actions.csv+real_plan_dispatch_playback.csv.gz,电网建模数据_Agent整合版_V1.2,"internal current-capacity, topology-cut and transformer remaining-capacity contingency screen",real_2025_internal_capacity_network_screen,internal_topology_capacity_screen,78b6a476a4210567b65bb0c79647bfd8aee8d99aed60795a84c4cd864db56825
QX-00005,110,XL-00067,BDZ-00195,BDZ-00056,660,119.4595442,0,0,0,,50.38968224,False,no_obvious_capacity_pressure,capacity_network_contingency_screen_no_impedance,not_propagated_without_approved_network_node_and_synchronous_flow_mapping,network_lines_110kv.csv+transformer_master.csv+real_plan_actions.csv+real_plan_dispatch_playback.csv.gz,电网建模数据_Agent整合版_V1.2,"internal current-capacity, topology-cut and transformer remaining-capacity contingency screen",real_2025_internal_capacity_network_screen,internal_topology_capacity_screen,78b6a476a4210567b65bb0c79647bfd8aee8d99aed60795a84c4cd864db56825
QX-00005,110,XL-00068,BDZ-00195,BDZ-00028,376,68.05574033,84.47,57.48668386,0,,63.85399626,False,no_obvious_capacity_pressure,capacity_network_contingency_screen_no_impedance,not_propagated_without_approved_network_node_and_synchronous_flow_mapping,network_lines_110kv.csv+transformer_master.csv+real_plan_actions.csv+real_plan_dispatch_playback.csv.gz,电网建模数据_Agent整合版_V1.2,"internal current-capacity, topology-cut and transformer remaining-capacity contingency screen",real_2025_internal_capacity_network_screen,internal_topology_capacity_screen,78b6a476a4210567b65bb0c79647bfd8aee8d99aed60795a84c4cd864db56825
QX-00005,110,XL-00069,BDZ-00195,BDZ-00135,376,68.05574033,59.41,40.43191533,0,,57.33254478,False,no_obvious_capacity_pressure,capacity_network_contingency_screen_no_impedance,not_propagated_without_approved_network_node_and_synchronous_flow_mapping,network_lines_110kv.csv+transformer_master.csv+real_plan_actions.csv+real_plan_dispatch_playback.csv.gz,电网建模数据_Agent整合版_V1.2,"internal current-capacity, topology-cut and transformer remaining-capacity contingency screen",real_2025_internal_capacity_network_screen,internal_topology_capacity_screen,78b6a476a4210567b65bb0c79647bfd8aee8d99aed60795a84c4cd864db56825
QX-00005,110,XL-00070,BDZ-00195,BDZ-00147,511,92.4906471,92.72,85.75732799,0,,58.80588348,False,no_obvious_capacity_pressure,capacity_network_contingency_screen_no_impedance,not_propagated_without_approved_network_node_and_synchronous_flow_mapping,network_lines_110kv.csv+transformer_master.csv+real_plan_actions.csv+real_plan_dispatch_playback.csv.gz,电网建模数据_Agent整合版_V1.2,"internal current-capacity, topology-cut and transformer remaining-capacity contingency screen",real_2025_internal_capacity_network_screen,internal_topology_capacity_screen,78b6a476a4210567b65bb0c79647bfd8aee8d99aed60795a84c4cd864db56825
QX-00005,110,XL-00088,BDZ-00199,BDZ-00027,660,119.4595442,40.24,48.07052059,119.4595442,40.24,38.41102791,False,no_obvious_capacity_pressure,capacity_network_contingency_screen_no_impedance,not_propagated_without_approved_network_node_and_synchronous_flow_mapping,network_lines_110kv.csv+transformer_master.csv+real_plan_actions.csv+real_plan_dispatch_playback.csv.gz,电网建模数据_Agent整合版_V1.2,"internal current-capacity, topology-cut and transformer remaining-capacity contingency screen",real_2025_internal_capacity_network_screen,internal_topology_capacity_screen,78b6a476a4210567b65bb0c79647bfd8aee8d99aed60795a84c4cd864db56825
QX-00005,110,XL-00089,BDZ-00199,BDZ-00027,660,119.4595442,0,0,119.4595442,40.24,38.41102791,False,no_obvious_capacity_pressure,capacity_network_contingency_screen_no_impedance,not_propagated_without_approved_network_node_and_synchronous_flow_mapping,network_lines_110kv.csv+transformer_master.csv+real_plan_actions.csv+real_plan_dispatch_playback.csv.gz,电网建模数据_Agent整合版_V1.2,"internal current-capacity, topology-cut and transformer remaining-capacity contingency screen",real_2025_internal_capacity_network_screen,internal_topology_capacity_screen,78b6a476a4210567b65bb0c79647bfd8aee8d99aed60795a84c4cd864db56825
QX-00005,110,XL-00091,BDZ-00199,BDZ-00048,511,92.4906471,42.81,39.59524602,0,,46.15871125,False,no_obvious_capacity_pressure,capacity_network_contingency_screen_no_impedance,not_propagated_without_approved_network_node_and_synchronous_flow_mapping,network_lines_110kv.csv+transformer_master.csv+real_plan_actions.csv+real_plan_dispatch_playback.csv.gz,电网建模数据_Agent整合版_V1.2,"internal current-capacity, topology-cut and transformer remaining-capacity contingency screen",real_2025_internal_capacity_network_screen,internal_topology_capacity_screen,78b6a476a4210567b65bb0c79647bfd8aee8d99aed60795a84c4cd864db56825
QX-00005,110,XL-00092,BDZ-00199,BDZ-00056,660,119.4595442,0,0,0,,36.64567836,False,no_obvious_capacity_pressure,capacity_network_contingency_screen_no_impedance,not_propagated_without_approved_network_node_and_synchronous_flow_mapping,network_lines_110kv.csv+transformer_master.csv+real_plan_actions.csv+real_plan_dispatch_playback.csv.gz,电网建模数据_Agent整合版_V1.2,"internal current-capacity, topology-cut and transformer remaining-capacity contingency screen",real_2025_internal_capacity_network_screen,internal_topology_capacity_screen,78b6a476a4210567b65bb0c79647bfd8aee8d99aed60795a84c4cd864db56825
QX-00005,110,XL-00093,BDZ-00199,BDZ-00078,376,68.05574033,81.1,55.19320541,0,,42.45286334,False,no_obvious_capacity_pressure,capacity_network_contingency_screen_no_impedance,not_propagated_without_approved_network_node_and_synchronous_flow_mapping,network_lines_110kv.csv+transformer_master.csv+real_plan_actions.csv+real_plan_dispatch_playback.csv.gz,电网建模数据_Agent整合版_V1.2,"internal current-capacity, topology-cut and transformer remaining-capacity contingency screen",real_2025_internal_capacity_network_screen,internal_topology_capacity_screen,78b6a476a4210567b65bb0c79647bfd8aee8d99aed60795a84c4cd864db56825
QX-00005,110,XL-00094,BDZ-00199,BDZ-00028,376,68.05574033,95.79,65.19059366,0,,45.42178226,False,no_obvious_capacity_pressure,capacity_network_contingency_screen_no_impedance,not_propagated_without_approved_network_node_and_synchronous_flow_mapping,network_lines_110kv.csv+transformer_master.csv+real_plan_actions.csv+real_plan_dispatch_playback.csv.gz,电网建模数据_Agent整合版_V1.2,"internal current-capacity, topology-cut and transformer remaining-capacity contingency screen",real_2025_internal_capacity_network_screen,internal_topology_capacity_screen,78b6a476a4210567b65bb0c79647bfd8aee8d99aed60795a84c4cd864db56825
QX-00005,110,XL-00212,BDZ-00220,BDZ-00022,376,68.05574033,48.1,32.7348111,0,,49.8949393,False,no_obvious_capacity_pressure,capacity_network_contingency_screen_no_impedance,not_propagated_without_approved_network_node_and_synchronous_flow_mapping,network_lines_110kv.csv+transformer_master.csv+real_plan_actions.csv+real_plan_dispatch_playback.csv.gz,电网建模数据_Agent整合版_V1.2,"internal current-capacity, topology-cut and transformer remaining-capacity contingency screen",real_2025_internal_capacity_network_screen,internal_topology_capacity_screen,78b6a476a4210567b65bb0c79647bfd8aee8d99aed60795a84c4cd864db56825
QX-00005,110,XL-00213,BDZ-00220,BDZ-00167,376,68.05574033,58.31,39.68330219,0,,57.32543268,True,critical_connectivity_cut,capacity_network_contingency_screen_no_impedance,not_propagated_without_approved_network_node_and_synchronous_flow_mapping,network_lines_110kv.csv+transformer_master.csv+real_plan_actions.csv+real_plan_dispatch_playback.csv.gz,电网建模数据_Agent整合版_V1.2,"internal current-capacity, topology-cut and transformer remaining-capacity contingency screen",real_2025_internal_capacity_network_screen,internal_topology_capacity_screen,78b6a476a4210567b65bb0c79647bfd8aee8d99aed60795a84c4cd864db56825
QX-00005,110,XL-00214,BDZ-00220,BDZ-00375,376,68.05574033,46.15,31.40772416,0,,57.32543268,True,critical_connectivity_cut,capacity_network_contingency_screen_no_impedance,not_propagated_without_approved_network_node_and_synchronous_flow_mapping,network_lines_110kv.csv+transformer_master.csv+real_plan_actions.csv+real_plan_dispatch_playback.csv.gz,电网建模数据_Agent整合版_V1.2,"internal current-capacity, topology-cut and transformer remaining-capacity contingency screen",real_2025_internal_capacity_network_screen,internal_topology_capacity_screen,78b6a476a4210567b65bb0c79647bfd8aee8d99aed60795a84c4cd864db56825
QX-00005,110,XL-00215,BDZ-00220,BDZ-00026,511,92.4906471,71.49,66.12156361,0,,59.31079271,True,critical_connectivity_cut,capacity_network_contingency_screen_no_impedance,not_propagated_without_approved_network_node_and_synchronous_flow_mapping,network_lines_110kv.csv+transformer_master.csv+real_plan_actions.csv+real_plan_dispatch_playback.csv.gz,电网建模数据_Agent整合版_V1.2,"internal current-capacity, topology-cut and transformer remaining-capacity contingency screen",real_2025_internal_capacity_network_screen,internal_topology_capacity_screen,78b6a476a4210567b65bb0c79647bfd8aee8d99aed60795a84c4cd864db56825
QX-00005,110,XL-00216,BDZ-00220,BDZ-00078,445,80.54469268,53.81,43.34109913,0,,60.29655991,False,no_obvious_capacity_pressure,capacity_network_contingency_screen_no_impedance,not_propagated_without_approved_network_node_and_synchronous_flow_mapping,network_lines_110kv.csv+transformer_master.csv+real_plan_actions.csv+real_plan_dispatch_playback.csv.gz,电网建模数据_Agent整合版_V1.2,"internal current-capacity, topology-cut and transformer remaining-capacity contingency screen",real_2025_internal_capacity_network_screen,internal_topology_capacity_screen,78b6a476a4210567b65bb0c79647bfd8aee8d99aed60795a84c4cd864db56825
QX-00005,110,XL-00217,BDZ-00220,BDZ-00096,376,68.05574033,54.02,36.76371093,0,,58.53822183,False,no_obvious_capacity_pressure,capacity_network_contingency_screen_no_impedance,not_propagated_without_approved_network_node_and_synchronous_flow_mapping,network_lines_110kv.csv+transformer_master.csv+real_plan_actions.csv+real_plan_dispatch_playback.csv.gz,电网建模数据_Agent整合版_V1.2,"internal current-capacity, topology-cut and transformer remaining-capacity contingency screen",real_2025_internal_capacity_network_screen,internal_topology_capacity_screen,78b6a476a4210567b65bb0c79647bfd8aee8d99aed60795a84c4cd864db56825
QX-00005,110,XL-00218,BDZ-00220,BDZ-00199,376,68.05574033,47.01,31.99300353,0,,47.57262507,False,no_obvious_capacity_pressure,capacity_network_contingency_screen_no_impedance,not_propagated_without_approved_network_node_and_synchronous_flow_mapping,network_lines_110kv.csv+transformer_master.csv+real_plan_actions.csv+real_plan_dispatch_playback.csv.gz,电网建模数据_Agent整合版_V1.2,"internal current-capacity, topology-cut and transformer remaining-capacity contingency screen",real_2025_internal_capacity_network_screen,internal_topology_capacity_screen,78b6a476a4210567b65bb0c79647bfd8aee8d99aed60795a84c4cd864db56825
QX-00005,110,XL-00219,BDZ-00220,BDZ-00147,445,80.54469268,41.87,33.72406282,0,,62.25103687,False,no_obvious_capacity_pressure,capacity_network_contingency_screen_no_impedance,not_propagated_without_approved_network_node_and_synchronous_flow_mapping,network_lines_110kv.csv+transformer_master.csv+real_plan_actions.csv+real_plan_dispatch_playback.csv.gz,电网建模数据_Agent整合版_V1.2,"internal current-capacity, topology-cut and transformer remaining-capacity contingency screen",real_2025_internal_capacity_network_screen,internal_topology_capacity_screen,78b6a476a4210567b65bb0c79647bfd8aee8d99aed60795a84c4cd864db56825
QX-00005,110,XL-00220,BDZ-00220,BDZ-00124,376,68.05574033,62.29,42.39192065,0,,54.25702245,False,no_obvious_capacity_pressure,capacity_network_contingency_screen_no_impedance,not_propagated_without_approved_network_node_and_synchronous_flow_mapping,network_lines_110kv.csv+transformer_master.csv+real_plan_actions.csv+real_plan_dispatch_playback.csv.gz,电网建模数据_Agent整合版_V1.2,"internal current-capacity, topology-cut and transformer remaining-capacity contingency screen",real_2025_internal_capacity_network_screen,internal_topology_capacity_screen,78b6a476a4210567b65bb0c79647bfd8aee8d99aed60795a84c4cd864db56825
QX-00005,110,XL-00221,BDZ-00220,BDZ-00195,376,68.05574033,61.16,41.62289079,68.05574033,88.6,55.85498153,False,no_obvious_capacity_pressure,capacity_network_contingency_screen_no_impedance,not_propagated_without_approved_network_node_and_synchronous_flow_mapping,network_lines_110kv.csv+transformer_master.csv+real_plan_actions.csv+real_plan_dispatch_playback.csv.gz,电网建模数据_Agent整合版_V1.2,"internal current-capacity, topology-cut and transformer remaining-capacity contingency screen",real_2025_internal_capacity_network_screen,internal_topology_capacity_screen,78b6a476a4210567b65bb0c79647bfd8aee8d99aed60795a84c4cd864db56825
QX-00005,110,XL-00222,BDZ-00220,BDZ-00195,376,68.05574033,27.44,18.67449515,68.05574033,88.6,55.85498153,False,no_obvious_capacity_pressure,capacity_network_contingency_screen_no_impedance,not_propagated_without_approved_network_node_and_synchronous_flow_mapping,network_lines_110kv.csv+transformer_master.csv+real_plan_actions.csv+real_plan_dispatch_playback.csv.gz,电网建模数据_Agent整合版_V1.2,"internal current-capacity, topology-cut and transformer remaining-capacity contingency screen",real_2025_internal_capacity_network_screen,internal_topology_capacity_screen,78b6a476a4210567b65bb0c79647bfd8aee8d99aed60795a84c4cd864db56825
QX-00005,110,XL-00233,BDZ-00222,BDZ-00005,660,119.4595442,20.7,24.72812565,0,,42.6603582,False,no_obvious_capacity_pressure,capacity_network_contingency_screen_no_impedance,not_propagated_without_approved_network_node_and_synchronous_flow_mapping,network_lines_110kv.csv+transformer_master.csv+real_plan_actions.csv+real_plan_dispatch_playback.csv.gz,电网建模数据_Agent整合版_V1.2,"internal current-capacity, topology-cut and transformer remaining-capacity contingency screen",real_2025_internal_capacity_network_screen,internal_topology_capacity_screen,78b6a476a4210567b65bb0c79647bfd8aee8d99aed60795a84c4cd864db56825
QX-00005,110,XL-00234,BDZ-00222,BDZ-00037,660,119.4595442,57.96,69.23875182,0,,54.27055654,False,no_obvious_capacity_pressure,capacity_network_contingency_screen_no_impedance,not_propagated_without_approved_network_node_and_synchronous_flow_mapping,network_lines_110kv.csv+transformer_master.csv+real_plan_actions.csv+real_plan_dispatch_playback.csv.gz,电网建模数据_Agent整合版_V1.2,"internal current-capacity, topology-cut and transformer remaining-capacity contingency screen",real_2025_internal_capacity_network_screen,internal_topology_capacity_screen,78b6a476a4210567b65bb0c79647bfd8aee8d99aed60795a84c4cd864db56825
QX-00005,110,XL-00235,BDZ-00222,BDZ-00016,660,119.4595442,46.52,55.57257996,0,,43.36948115,False,no_obvious_capacity_pressure,capacity_network_contingency_screen_no_impedance,not_propagated_without_approved_network_node_and_synchronous_flow_mapping,network_lines_110kv.csv+transformer_master.csv+real_plan_actions.csv+real_plan_dispatch_playback.csv.gz,电网建模数据_Agent整合版_V1.2,"internal current-capacity, topology-cut and transformer remaining-capacity contingency screen",real_2025_internal_capacity_network_screen,internal_topology_capacity_screen,78b6a476a4210567b65bb0c79647bfd8aee8d99aed60795a84c4cd864db56825
QX-00005,110,XL-00236,BDZ-00222,BDZ-00007,376,68.05574033,58.62,39.89427498,0,,42.80969851,True,critical_connectivity_cut,capacity_network_contingency_screen_no_impedance,not_propagated_without_approved_network_node_and_synchronous_flow_mapping,network_lines_110kv.csv+transformer_master.csv+real_plan_actions.csv+real_plan_dispatch_playback.csv.gz,电网建模数据_Agent整合版_V1.2,"internal current-capacity, topology-cut and transformer remaining-capacity contingency screen",real_2025_internal_capacity_network_screen,internal_topology_capacity_screen,78b6a476a4210567b65bb0c79647bfd8aee8d99aed60795a84c4cd864db56825
QX-00005,110,XL-00237,BDZ-00222,BDZ-00164,660,119.4595442,22.55,26.93812722,0,,47.05035228,True,critical_connectivity_cut,capacity_network_contingency_screen_no_impedance,not_propagated_without_approved_network_node_and_synchronous_flow_mapping,network_lines_110kv.csv+transformer_master.csv+real_plan_actions.csv+real_plan_dispatch_playback.csv.gz,电网建模数据_Agent整合版_V1.2,"internal current-capacity, topology-cut and transformer remaining-capacity contingency screen",real_2025_internal_capacity_network_screen,internal_topology_capacity_screen,78b6a476a4210567b65bb0c79647bfd8aee8d99aed60795a84c4cd864db56825
QX-00005,110,XL-00238,BDZ-00222,BDZ-00124,511,92.4906471,30.04,27.78419039,0,,46.67287736,False,no_obvious_capacity_pressure,capacity_network_contingency_screen_no_impedance,not_propagated_without_approved_network_node_and_synchronous_flow_mapping,network_lines_110kv.csv+transformer_master.csv+real_plan_actions.csv+real_plan_dispatch_playback.csv.gz,电网建模数据_Agent整合版_V1.2,"internal current-capacity, topology-cut and transformer remaining-capacity contingency screen",real_2025_internal_capacity_network_screen,internal_topology_capacity_screen,78b6a476a4210567b65bb0c79647bfd8aee8d99aed60795a84c4cd864db56825
QX-00005,110,XL-00265,BDZ-00141,BDZ-00362,511,92.4906471,74.73,69.11826058,0,,99.4919053,True,critical_connectivity_cut,capacity_network_contingency_screen_no_impedance,not_propagated_without_approved_network_node_and_synchronous_flow_mapping,network_lines_110kv.csv+transformer_master.csv+real_plan_actions.csv+real_plan_dispatch_playback.csv.gz,电网建模数据_Agent整合版_V1.2,"internal current-capacity, topology-cut and transformer remaining-capacity contingency screen",real_2025_internal_capacity_network_screen,internal_topology_capacity_screen,78b6a476a4210567b65bb0c79647bfd8aee8d99aed60795a84c4cd864db56825
QX-00005,110,XL-00294,BDZ-00162,BDZ-00146,660,119.4595442,9.48,11.32476479,0,,20.7775,False,no_obvious_capacity_pressure,capacity_network_contingency_screen_no_impedance,not_propagated_without_approved_network_node_and_synchronous_flow_mapping,network_lines_110kv.csv+transformer_master.csv+real_plan_actions.csv+real_plan_dispatch_playback.csv.gz,电网建模数据_Agent整合版_V1.2,"internal current-capacity, topology-cut and transformer remaining-capacity contingency screen",real_2025_internal_capacity_network_screen,internal_topology_capacity_screen,78b6a476a4210567b65bb0c79647bfd8aee8d99aed60795a84c4cd864db56825
QX-00005,110,XL-00330,BDZ-00238,BDZ-00005,511,92.4906471,18.03,16.67606367,0,,42.67237609,False,no_obvious_capacity_pressure,capacity_network_contingency_screen_no_impedance,not_propagated_without_approved_network_node_and_synchronous_flow_mapping,network_lines_110kv.csv+transformer_master.csv+real_plan_actions.csv+real_plan_dispatch_playback.csv.gz,电网建模数据_Agent整合版_V1.2,"internal current-capacity, topology-cut and transformer remaining-capacity contingency screen",real_2025_internal_capacity_network_screen,internal_topology_capacity_screen,78b6a476a4210567b65bb0c79647bfd8aee8d99aed60795a84c4cd864db56825
QX-00005,110,XL-00332,BDZ-00238,BDZ-00048,376,68.05574033,74.99,51.03499967,0,,44.8204315,False,no_obvious_capacity_pressure,capacity_network_contingency_screen_no_impedance,not_propagated_without_approved_network_node_and_synchronous_flow_mapping,network_lines_110kv.csv+transformer_master.csv+real_plan_actions.csv+real_plan_dispatch_playback.csv.gz,电网建模数据_Agent整合版_V1.2,"internal current-capacity, topology-cut and transformer remaining-capacity contingency screen",real_2025_internal_capacity_network_screen,internal_topology_capacity_screen,78b6a476a4210567b65bb0c79647bfd8aee8d99aed60795a84c4cd864db56825
QX-00005,110,XL-00333,BDZ-00238,BDZ-00096,511,92.4906471,68.11,62.99537974,0,,47.57020355,False,no_obvious_capacity_pressure,capacity_network_contingency_screen_no_impedance,not_propagated_without_approved_network_node_and_synchronous_flow_mapping,network_lines_110kv.csv+transformer_master.csv+real_plan_actions.csv+real_plan_dispatch_playback.csv.gz,电网建模数据_Agent整合版_V1.2,"internal current-capacity, topology-cut and transformer remaining-capacity contingency screen",real_2025_internal_capacity_network_screen,internal_topology_capacity_screen,78b6a476a4210567b65bb0c79647bfd8aee8d99aed60795a84c4cd864db56825
QX-00005,110,XL-00334,BDZ-00238,BDZ-00016,660,119.4595442,27.38,32.7080232,0,,48.5708848,False,no_obvious_capacity_pressure,capacity_network_contingency_screen_no_impedance,not_propagated_without_approved_network_node_and_synchronous_flow_mapping,network_lines_110kv.csv+transformer_master.csv+real_plan_actions.csv+real_plan_dispatch_playback.csv.gz,电网建模数据_Agent整合版_V1.2,"internal current-capacity, topology-cut and transformer remaining-capacity contingency screen",real_2025_internal_capacity_network_screen,internal_topology_capacity_screen,78b6a476a4210567b65bb0c79647bfd8aee8d99aed60795a84c4cd864db56825
QX-00005,110,XL-00335,BDZ-00238,BDZ-00141,511,92.4906471,68.11,62.99537974,68.05574033,133.1443883,50.4574061,False,parallel_corridor_capacity_pressure,capacity_network_contingency_screen_no_impedance,not_propagated_without_approved_network_node_and_synchronous_flow_mapping,network_lines_110kv.csv+transformer_master.csv+real_plan_actions.csv+real_plan_dispatch_playback.csv.gz,电网建模数据_Agent整合版_V1.2,"internal current-capacity, topology-cut and transformer remaining-capacity contingency screen",real_2025_internal_capacity_network_screen,internal_topology_capacity_screen,78b6a476a4210567b65bb0c79647bfd8aee8d99aed60795a84c4cd864db56825
QX-00005,110,XL-00336,BDZ-00238,BDZ-00141,376,68.05574033,40.58,27.61701943,92.4906471,97.96925636,48.79681375,False,no_obvious_capacity_pressure,capacity_network_contingency_screen_no_impedance,not_propagated_without_approved_network_node_and_synchronous_flow_mapping,network_lines_110kv.csv+transformer_master.csv+real_plan_actions.csv+real_plan_dispatch_playback.csv.gz,电网建模数据_Agent整合版_V1.2,"internal current-capacity, topology-cut and transformer remaining-capacity contingency screen",real_2025_internal_capacity_network_screen,internal_topology_capacity_screen,78b6a476a4210567b65bb0c79647bfd8aee8d99aed60795a84c4cd864db56825
QX-00005,110,XL-00337,BDZ-00238,BDZ-00172,511,92.4906471,20.44,18.90508827,92.4906471,42.33,46.86848958,False,no_obvious_capacity_pressure,capacity_network_contingency_screen_no_impedance,not_propagated_without_approved_network_node_and_synchronous_flow_mapping,network_lines_110kv.csv+transformer_master.csv+real_plan_actions.csv+real_plan_dispatch_playback.csv.gz,电网建模数据_Agent整合版_V1.2,"internal current-capacity, topology-cut and transformer remaining-capacity contingency screen",real_2025_internal_capacity_network_screen,internal_topology_capacity_screen,78b6a476a4210567b65bb0c79647bfd8aee8d99aed60795a84c4cd864db56825
QX-00005,110,XL-00338,BDZ-00238,BDZ-00172,511,92.4906471,21.89,20.24620265,92.4906471,42.33,46.86848958,False,no_obvious_capacity_pressure,capacity_network_contingency_screen_no_impedance,not_propagated_without_approved_network_node_and_synchronous_flow_mapping,network_lines_110kv.csv+transformer_master.csv+real_plan_actions.csv+real_plan_dispatch_playback.csv.gz,电网建模数据_Agent整合版_V1.2,"internal current-capacity, topology-cut and transformer remaining-capacity contingency screen",real_2025_internal_capacity_network_screen,internal_topology_capacity_screen,78b6a476a4210567b65bb0c79647bfd8aee8d99aed60795a84c4cd864db56825
QX-00007,110,XL-00017,BDZ-00187,BDZ-00053,511,92.4906471,49.7,45.96785161,0,,72.38932299,False,no_obvious_capacity_pressure,capacity_network_contingency_screen_no_impedance,not_propagated_without_approved_network_node_and_synchronous_flow_mapping,network_lines_110kv.csv+transformer_master.csv+real_plan_actions.csv+real_plan_dispatch_playback.csv.gz,电网建模数据_Agent整合版_V1.2,"internal current-capacity, topology-cut and transformer remaining-capacity contingency screen",real_2025_internal_capacity_network_screen,internal_topology_capacity_screen,78b6a476a4210567b65bb0c79647bfd8aee8d99aed60795a84c4cd864db56825
QX-00007,110,XL-00018,BDZ-00187,BDZ-00068,660,119.4595442,62.49,74.65026917,0,,65.46175835,True,critical_connectivity_cut,capacity_network_contingency_screen_no_impedance,not_propagated_without_approved_network_node_and_synchronous_flow_mapping,network_lines_110kv.csv+transformer_master.csv+real_plan_actions.csv+real_plan_dispatch_playback.csv.gz,电网建模数据_Agent整合版_V1.2,"internal current-capacity, topology-cut and transformer remaining-capacity contingency screen",real_2025_internal_capacity_network_screen,internal_topology_capacity_screen,78b6a476a4210567b65bb0c79647bfd8aee8d99aed60795a84c4cd864db56825
QX-00007,110,XL-00019,BDZ-00187,BDZ-00139,445,80.54469268,82.58,66.51380721,0,,68.71809524,False,no_obvious_capacity_pressure,capacity_network_contingency_screen_no_impedance,not_propagated_without_approved_network_node_and_synchronous_flow_mapping,network_lines_110kv.csv+transformer_master.csv+real_plan_actions.csv+real_plan_dispatch_playback.csv.gz,电网建模数据_Agent整合版_V1.2,"internal current-capacity, topology-cut and transformer remaining-capacity contingency screen",real_2025_internal_capacity_network_screen,internal_topology_capacity_screen,78b6a476a4210567b65bb0c79647bfd8aee8d99aed60795a84c4cd864db56825
QX-00007,110,XL-00047,BDZ-00191,BDZ-00115,376,68.05574033,65.16,44.3451204,0,,66.51617577,False,no_obvious_capacity_pressure,capacity_network_contingency_screen_no_impedance,not_propagated_without_approved_network_node_and_synchronous_flow_mapping,network_lines_110kv.csv+transformer_master.csv+real_plan_actions.csv+real_plan_dispatch_playback.csv.gz,电网建模数据_Agent整合版_V1.2,"internal current-capacity, topology-cut and transformer remaining-capacity contingency screen",real_2025_internal_capacity_network_screen,internal_topology_capacity_screen,78b6a476a4210567b65bb0c79647bfd8aee8d99aed60795a84c4cd864db56825
QX-00007,110,XL-00048,BDZ-00191,BDZ-00134,376,68.05574033,46.56,31.6867527,0,,65.9774655,False,no_obvious_capacity_pressure,capacity_network_contingency_screen_no_impedance,not_propagated_without_approved_network_node_and_synchronous_flow_mapping,network_lines_110kv.csv+transformer_master.csv+real_plan_actions.csv+real_plan_dispatch_playback.csv.gz,电网建模数据_Agent整合版_V1.2,"internal current-capacity, topology-cut and transformer remaining-capacity contingency screen",real_2025_internal_capacity_network_screen,internal_topology_capacity_screen,78b6a476a4210567b65bb0c79647bfd8aee8d99aed60795a84c4cd864db56825
QX-00007,110,XL-00049,BDZ-00191,BDZ-00136,376,68.05574033,105.06,71.49936079,0,,72.4240397,True,critical_connectivity_cut,capacity_network_contingency_screen_no_impedance,not_propagated_without_approved_network_node_and_synchronous_flow_mapping,network_lines_110kv.csv+transformer_master.csv+real_plan_actions.csv+real_plan_dispatch_playback.csv.gz,电网建模数据_Agent整合版_V1.2,"internal current-capacity, topology-cut and transformer remaining-capacity contingency screen",real_2025_internal_capacity_network_screen,internal_topology_capacity_screen,78b6a476a4210567b65bb0c79647bfd8aee8d99aed60795a84c4cd864db56825
QX-00007,110,XL-00050,BDZ-00191,BDZ-00151,376,68.05574033,84.35,57.40501697,0,,69.02850242,False,no_obvious_capacity_pressure,capacity_network_contingency_screen_no_impedance,not_propagated_without_approved_network_node_and_synchronous_flow_mapping,network_lines_110kv.csv+transformer_master.csv+real_plan_actions.csv+real_plan_dispatch_playback.csv.gz,电网建模数据_Agent整合版_V1.2,"internal current-capacity, topology-cut and transformer remaining-capacity contingency screen",real_2025_internal_capacity_network_screen,internal_topology_capacity_screen,78b6a476a4210567b65bb0c79647bfd8aee8d99aed60795a84c4cd864db56825
QX-00007,110,XL-00053,BDZ-00191,BDZ-00175,511,92.4906471,28.92,26.74829514,0,,62.60458268,False,no_obvious_capacity_pressure,capacity_network_contingency_screen_no_impedance,not_propagated_without_approved_network_node_and_synchronous_flow_mapping,network_lines_110kv.csv+transformer_master.csv+real_plan_actions.csv+real_plan_dispatch_playback.csv.gz,电网建模数据_Agent整合版_V1.2,"internal current-capacity, topology-cut and transformer remaining-capacity contingency screen",real_2025_internal_capacity_network_screen,internal_topology_capacity_screen,78b6a476a4210567b65bb0c79647bfd8aee8d99aed60795a84c4cd864db56825
QX-00007,110,XL-00055,BDZ-00192,BDZ-00004,660,119.4595442,23.72,28.33580388,0,,29.73333333,False,no_obvious_capacity_pressure,capacity_network_contingency_screen_no_impedance,not_propagated_without_approved_network_node_and_synchronous_flow_mapping,network_lines_110kv.csv+transformer_master.csv+real_plan_actions.csv+real_plan_dispatch_playback.csv.gz,电网建模数据_Agent整合版_V1.2,"internal current-capacity, topology-cut and transformer remaining-capacity contingency screen",real_2025_internal_capacity_network_screen,internal_topology_capacity_screen,78b6a476a4210567b65bb0c79647bfd8aee8d99aed60795a84c4cd864db56825
QX-00007,110,XL-00056,BDZ-00192,BDZ-00013,660,119.4595442,33.71,40.26981235,0,,38.33604042,False,no_obvious_capacity_pressure,capacity_network_contingency_screen_no_impedance,not_propagated_without_approved_network_node_and_synchronous_flow_mapping,network_lines_110kv.csv+transformer_master.csv+real_plan_actions.csv+real_plan_dispatch_playback.csv.gz,电网建模数据_Agent整合版_V1.2,"internal current-capacity, topology-cut and transformer remaining-capacity contingency screen",real_2025_internal_capacity_network_screen,internal_topology_capacity_screen,78b6a476a4210567b65bb0c79647bfd8aee8d99aed60795a84c4cd864db56825
QX-00007,110,XL-00058,BDZ-00192,BDZ-00142,660,119.4595442,14.4,17.20217436,0,,20.778,True,critical_connectivity_cut,capacity_network_contingency_screen_no_impedance,not_propagated_without_approved_network_node_and_synchronous_flow_mapping,network_lines_110kv.csv+transformer_master.csv+real_plan_actions.csv+real_plan_dispatch_playback.csv.gz,电网建模数据_Agent整合版_V1.2,"internal current-capacity, topology-cut and transformer remaining-capacity contingency screen",real_2025_internal_capacity_network_screen,internal_topology_capacity_screen,78b6a476a4210567b65bb0c79647bfd8aee8d99aed60795a84c4cd864db56825
QX-00007,110,XL-00080,BDZ-00198,BDZ-00156,660,119.4595442,60.63,72.42832165,0,,77.10744231,False,no_obvious_capacity_pressure,capacity_network_contingency_screen_no_impedance,not_propagated_without_approved_network_node_and_synchronous_flow_mapping,network_lines_110kv.csv+transformer_master.csv+real_plan_actions.csv+real_plan_dispatch_playback.csv.gz,电网建模数据_Agent整合版_V1.2,"internal current-capacity, topology-cut and transformer remaining-capacity contingency screen",real_2025_internal_capacity_network_screen,internal_topology_capacity_screen,78b6a476a4210567b65bb0c79647bfd8aee8d99aed60795a84c4cd864db56825
QX-00007,110,XL-00081,BDZ-00198,BDZ-00036,376,68.05574033,75.11,51.11666656,0,,72.1256414,False,no_obvious_capacity_pressure,capacity_network_contingency_screen_no_impedance,not_propagated_without_approved_network_node_and_synchronous_flow_mapping,network_lines_110kv.csv+transformer_master.csv+real_plan_actions.csv+real_plan_dispatch_playback.csv.gz,电网建模数据_Agent整合版_V1.2,"internal current-capacity, topology-cut and transformer remaining-capacity contingency screen",real_2025_internal_capacity_network_screen,internal_topology_capacity_screen,78b6a476a4210567b65bb0c79647bfd8aee8d99aed60795a84c4cd864db56825
QX-00007,110,XL-00082,BDZ-00198,BDZ-00012,376,68.05574033,56.46,38.42427099,0,,72.34360058,False,no_obvious_capacity_pressure,capacity_network_contingency_screen_no_impedance,not_propagated_without_approved_network_node_and_synchronous_flow_mapping,network_lines_110kv.csv+transformer_master.csv+real_plan_actions.csv+real_plan_dispatch_playback.csv.gz,电网建模数据_Agent整合版_V1.2,"internal current-capacity, topology-cut and transformer remaining-capacity contingency screen",real_2025_internal_capacity_network_screen,internal_topology_capacity_screen,78b6a476a4210567b65bb0c79647bfd8aee8d99aed60795a84c4cd864db56825
QX-00007,110,XL-00083,BDZ-00198,BDZ-00085,376,68.05574033,64.96,44.20900892,0,,71.58788902,False,no_obvious_capacity_pressure,capacity_network_contingency_screen_no_impedance,not_propagated_without_approved_network_node_and_synchronous_flow_mapping,network_lines_110kv.csv+transformer_master.csv+real_plan_actions.csv+real_plan_dispatch_playback.csv.gz,电网建模数据_Agent整合版_V1.2,"internal current-capacity, topology-cut and transformer remaining-capacity contingency screen",real_2025_internal_capacity_network_screen,internal_topology_capacity_screen,78b6a476a4210567b65bb0c79647bfd8aee8d99aed60795a84c4cd864db56825
QX-00007,110,XL-00084,BDZ-00198,BDZ-00114,376,68.05574033,58.35,39.71052448,68.05574033,126.71,70.84682208,False,parallel_corridor_capacity_pressure,capacity_network_contingency_screen_no_impedance,not_propagated_without_approved_network_node_and_synchronous_flow_mapping,network_lines_110kv.csv+transformer_master.csv+real_plan_actions.csv+real_plan_dispatch_playback.csv.gz,电网建模数据_Agent整合版_V1.2,"internal current-capacity, topology-cut and transformer remaining-capacity contingency screen",real_2025_internal_capacity_network_screen,internal_topology_capacity_screen,78b6a476a4210567b65bb0c79647bfd8aee8d99aed60795a84c4cd864db56825
QX-00007,110,XL-00085,BDZ-00198,BDZ-00114,376,68.05574033,68.36,46.52290409,68.05574033,126.71,70.84682208,False,parallel_corridor_capacity_pressure,capacity_network_contingency_screen_no_impedance,not_propagated_without_approved_network_node_and_synchronous_flow_mapping,network_lines_110kv.csv+transformer_master.csv+real_plan_actions.csv+real_plan_dispatch_playback.csv.gz,电网建模数据_Agent整合版_V1.2,"internal current-capacity, topology-cut and transformer remaining-capacity contingency screen",real_2025_internal_capacity_network_screen,internal_topology_capacity_screen,78b6a476a4210567b65bb0c79647bfd8aee8d99aed60795a84c4cd864db56825
QX-00007,110,XL-00086,BDZ-00198,BDZ-00137,376,68.05574033,62.61,42.60969902,0,,74.20433962,False,no_obvious_capacity_pressure,capacity_network_contingency_screen_no_impedance,not_propagated_without_approved_network_node_and_synchronous_flow_mapping,network_lines_110kv.csv+transformer_master.csv+real_plan_actions.csv+real_plan_dispatch_playback.csv.gz,电网建模数据_Agent整合版_V1.2,"internal current-capacity, topology-cut and transformer remaining-capacity contingency screen",real_2025_internal_capacity_network_screen,internal_topology_capacity_screen,78b6a476a4210567b65bb0c79647bfd8aee8d99aed60795a84c4cd864db56825
QX-00007,110,XL-00087,BDZ-00198,BDZ-00155,445,80.54469268,67.16,54.0938156,0,,73.72482853,True,critical_connectivity_cut,capacity_network_contingency_screen_no_impedance,not_propagated_without_approved_network_node_and_synchronous_flow_mapping,network_lines_110kv.csv+transformer_master.csv+real_plan_actions.csv+real_plan_dispatch_playback.csv.gz,电网建模数据_Agent整合版_V1.2,"internal current-capacity, topology-cut and transformer remaining-capacity contingency screen",real_2025_internal_capacity_network_screen,internal_topology_capacity_screen,78b6a476a4210567b65bb0c79647bfd8aee8d99aed60795a84c4cd864db56825
QX-00007,110,XL-00100,BDZ-00203,BDZ-00094,376,68.05574033,44.19,30.07383165,0,,40.24658414,False,no_obvious_capacity_pressure,capacity_network_contingency_screen_no_impedance,not_propagated_without_approved_network_node_and_synchronous_flow_mapping,network_lines_110kv.csv+transformer_master.csv+real_plan_actions.csv+real_plan_dispatch_playback.csv.gz,电网建模数据_Agent整合版_V1.2,"internal current-capacity, topology-cut and transformer remaining-capacity contingency screen",real_2025_internal_capacity_network_screen,internal_topology_capacity_screen,78b6a476a4210567b65bb0c79647bfd8aee8d99aed60795a84c4cd864db56825
QX-00007,110,XL-00101,BDZ-00203,BDZ-00023,376,68.05574033,61.82,42.07205867,0,,42.48908046,False,no_obvious_capacity_pressure,capacity_network_contingency_screen_no_impedance,not_propagated_without_approved_network_node_and_synchronous_flow_mapping,network_lines_110kv.csv+transformer_master.csv+real_plan_actions.csv+real_plan_dispatch_playback.csv.gz,电网建模数据_Agent整合版_V1.2,"internal current-capacity, topology-cut and transformer remaining-capacity contingency screen",real_2025_internal_capacity_network_screen,internal_topology_capacity_screen,78b6a476a4210567b65bb0c79647bfd8aee8d99aed60795a84c4cd864db56825
QX-00007,110,XL-00104,BDZ-00203,BDZ-00051,445,80.54469268,31.25,25.17021646,0,,39.45182263,False,no_obvious_capacity_pressure,capacity_network_contingency_screen_no_impedance,not_propagated_without_approved_network_node_and_synchronous_flow_mapping,network_lines_110kv.csv+transformer_master.csv+real_plan_actions.csv+real_plan_dispatch_playback.csv.gz,电网建模数据_Agent整合版_V1.2,"internal current-capacity, topology-cut and transformer remaining-capacity contingency screen",real_2025_internal_capacity_network_screen,internal_topology_capacity_screen,78b6a476a4210567b65bb0c79647bfd8aee8d99aed60795a84c4cd864db56825
QX-00007,110,XL-00105,BDZ-00203,BDZ-00216,445,80.54469268,44.25,35.64102651,0,,46.68127311,False,no_obvious_capacity_pressure,capacity_network_contingency_screen_no_impedance,not_propagated_without_approved_network_node_and_synchronous_flow_mapping,network_lines_110kv.csv+transformer_master.csv+real_plan_actions.csv+real_plan_dispatch_playback.csv.gz,电网建模数据_Agent整合版_V1.2,"internal current-capacity, topology-cut and transformer remaining-capacity contingency screen",real_2025_internal_capacity_network_screen,internal_topology_capacity_screen,78b6a476a4210567b65bb0c79647bfd8aee8d99aed60795a84c4cd864db56825
QX-00007,110,XL-00106,BDZ-00203,BDZ-00115,511,92.4906471,43.22,39.97445768,0,,46.55118156,False,no_obvious_capacity_pressure,capacity_network_contingency_screen_no_impedance,not_propagated_without_approved_network_node_and_synchronous_flow_mapping,network_lines_110kv.csv+transformer_master.csv+real_plan_actions.csv+real_plan_dispatch_playback.csv.gz,电网建模数据_Agent整合版_V1.2,"internal current-capacity, topology-cut and transformer remaining-capacity contingency screen",real_2025_internal_capacity_network_screen,internal_topology_capacity_screen,78b6a476a4210567b65bb0c79647bfd8aee8d99aed60795a84c4cd864db56825
QX-00007,110,XL-00109,BDZ-00203,BDZ-00154,445,80.54469268,27.54,22.18200836,0,,38.96977136,False,no_obvious_capacity_pressure,capacity_network_contingency_screen_no_impedance,not_propagated_without_approved_network_node_and_synchronous_flow_mapping,network_lines_110kv.csv+transformer_master.csv+real_plan_actions.csv+real_plan_dispatch_playback.csv.gz,电网建模数据_Agent整合版_V1.2,"internal current-capacity, topology-cut and transformer remaining-capacity contingency screen",real_2025_internal_capacity_network_screen,internal_topology_capacity_screen,78b6a476a4210567b65bb0c79647bfd8aee8d99aed60795a84c4cd864db56825
QX-00007,110,XL-00110,BDZ-00203,BDZ-00175,660,119.4595442,19.82,23.67688166,0,,43.63374075,False,no_obvious_capacity_pressure,capacity_network_contingency_screen_no_impedance,not_propagated_without_approved_network_node_and_synchronous_flow_mapping,network_lines_110kv.csv+transformer_master.csv+real_plan_actions.csv+real_plan_dispatch_playback.csv.gz,电网建模数据_Agent整合版_V1.2,"internal current-capacity, topology-cut and transformer remaining-capacity contingency screen",real_2025_internal_capacity_network_screen,internal_topology_capacity_screen,78b6a476a4210567b65bb0c79647bfd8aee8d99aed60795a84c4cd864db56825
QX-00007,110,XL-00158,BDZ-00210,BDZ-00142,660,119.4595442,12.73,15.20719998,0,,15.48666667,True,critical_connectivity_cut,capacity_network_contingency_screen_no_impedance,not_propagated_without_approved_network_node_and_synchronous_flow_mapping,network_lines_110kv.csv+transformer_master.csv+real_plan_actions.csv+real_plan_dispatch_playback.csv.gz,电网建模数据_Agent整合版_V1.2,"internal current-capacity, topology-cut and transformer remaining-capacity contingency screen",real_2025_internal_capacity_network_screen,internal_topology_capacity_screen,78b6a476a4210567b65bb0c79647bfd8aee8d99aed60795a84c4cd864db56825
QX-00007,110,XL-00180,BDZ-00215,BDZ-00024,376,68.05574033,55.87,38.02274212,0,,54.29621672,False,no_obvious_capacity_pressure,capacity_network_contingency_screen_no_impedance,not_propagated_without_approved_network_node_and_synchronous_flow_mapping,network_lines_110kv.csv+transformer_master.csv+real_plan_actions.csv+real_plan_dispatch_playback.csv.gz,电网建模数据_Agent整合版_V1.2,"internal current-capacity, topology-cut and transformer remaining-capacity contingency screen",real_2025_internal_capacity_network_screen,internal_topology_capacity_screen,78b6a476a4210567b65bb0c79647bfd8aee8d99aed60795a84c4cd864db56825
QX-00007,110,XL-00182,BDZ-00215,BDZ-00110,660,119.4595442,15.3,18.27731026,119.4595442,54.87,56.76331445,False,no_obvious_capacity_pressure,capacity_network_contingency_screen_no_impedance,not_propagated_without_approved_network_node_and_synchronous_flow_mapping,network_lines_110kv.csv+transformer_master.csv+real_plan_actions.csv+real_plan_dispatch_playback.csv.gz,电网建模数据_Agent整合版_V1.2,"internal current-capacity, topology-cut and transformer remaining-capacity contingency screen",real_2025_internal_capacity_network_screen,internal_topology_capacity_screen,78b6a476a4210567b65bb0c79647bfd8aee8d99aed60795a84c4cd864db56825
QX-00007,110,XL-00183,BDZ-00215,BDZ-00110,660,119.4595442,39.57,47.27014164,119.4595442,54.87,56.76331445,False,no_obvious_capacity_pressure,capacity_network_contingency_screen_no_impedance,not_propagated_without_approved_network_node_and_synchronous_flow_mapping,network_lines_110kv.csv+transformer_master.csv+real_plan_actions.csv+real_plan_dispatch_playback.csv.gz,电网建模数据_Agent整合版_V1.2,"internal current-capacity, topology-cut and transformer remaining-capacity contingency screen",real_2025_internal_capacity_network_screen,internal_topology_capacity_screen,78b6a476a4210567b65bb0c79647bfd8aee8d99aed60795a84c4cd864db56825
QX-00007,110,XL-00184,BDZ-00215,BDZ-00139,376,68.05574033,60.98,41.50039045,0,,54.59967305,False,no_obvious_capacity_pressure,capacity_network_contingency_screen_no_impedance,not_propagated_without_approved_network_node_and_synchronous_flow_mapping,network_lines_110kv.csv+transformer_master.csv+real_plan_actions.csv+real_plan_dispatch_playback.csv.gz,电网建模数据_Agent整合版_V1.2,"internal current-capacity, topology-cut and transformer remaining-capacity contingency screen",real_2025_internal_capacity_network_screen,internal_topology_capacity_screen,78b6a476a4210567b65bb0c79647bfd8aee8d99aed60795a84c4cd864db56825
QX-00007,110,XL-00186,BDZ-00216,BDZ-00036,445,80.54469268,72.83,58.66069968,0,,57.79060697,False,no_obvious_capacity_pressure,capacity_network_contingency_screen_no_impedance,not_propagated_without_approved_network_node_and_synchronous_flow_mapping,network_lines_110kv.csv+transformer_master.csv+real_plan_actions.csv+real_plan_dispatch_playback.csv.gz,电网建模数据_Agent整合版_V1.2,"internal current-capacity, topology-cut and transformer remaining-capacity contingency screen",real_2025_internal_capacity_network_screen,internal_topology_capacity_screen,78b6a476a4210567b65bb0c79647bfd8aee8d99aed60795a84c4cd864db56825
QX-00007,110,XL-00187,BDZ-00216,BDZ-00074,511,92.4906471,45.4,41.99075378,0,,56.95585705,True,critical_connectivity_cut,capacity_network_contingency_screen_no_impedance,not_propagated_without_approved_network_node_and_synchronous_flow_mapping,network_lines_110kv.csv+transformer_master.csv+real_plan_actions.csv+real_plan_dispatch_playback.csv.gz,电网建模数据_Agent整合版_V1.2,"internal current-capacity, topology-cut and transformer remaining-capacity contingency screen",real_2025_internal_capacity_network_screen,internal_topology_capacity_screen,78b6a476a4210567b65bb0c79647bfd8aee8d99aed60795a84c4cd864db56825
QX-00007,110,XL-00188,BDZ-00216,BDZ-00114,511,92.4906471,63.99,59.18476508,0,,58.16372741,False,no_obvious_capacity_pressure,capacity_network_contingency_screen_no_impedance,not_propagated_without_approved_network_node_and_synchronous_flow_mapping,network_lines_110kv.csv+transformer_master.csv+real_plan_actions.csv+real_plan_dispatch_playback.csv.gz,电网建模数据_Agent整合版_V1.2,"internal current-capacity, topology-cut and transformer remaining-capacity contingency screen",real_2025_internal_capacity_network_screen,internal_topology_capacity_screen,78b6a476a4210567b65bb0c79647bfd8aee8d99aed60795a84c4cd864db56825
QX-00007,110,XL-00189,BDZ-00216,BDZ-00119,511,92.4906471,65.44,60.52587946,0,,55.09153887,False,no_obvious_capacity_pressure,capacity_network_contingency_screen_no_impedance,not_propagated_without_approved_network_node_and_synchronous_flow_mapping,network_lines_110kv.csv+transformer_master.csv+real_plan_actions.csv+real_plan_dispatch_playback.csv.gz,电网建模数据_Agent整合版_V1.2,"internal current-capacity, topology-cut and transformer remaining-capacity contingency screen",real_2025_internal_capacity_network_screen,internal_topology_capacity_screen,78b6a476a4210567b65bb0c79647bfd8aee8d99aed60795a84c4cd864db56825
QX-00007,110,XL-00201,BDZ-00218,BDZ-00068,660,119.4595442,31.43,37.54613474,0,,93.92,True,critical_connectivity_cut,capacity_network_contingency_screen_no_impedance,not_propagated_without_approved_network_node_and_synchronous_flow_mapping,network_lines_110kv.csv+transformer_master.csv+real_plan_actions.csv+real_plan_dispatch_playback.csv.gz,电网建模数据_Agent整合版_V1.2,"internal current-capacity, topology-cut and transformer remaining-capacity contingency screen",real_2025_internal_capacity_network_screen,internal_topology_capacity_screen,78b6a476a4210567b65bb0c79647bfd8aee8d99aed60795a84c4cd864db56825
QX-00007,110,XL-00208,BDZ-00219,BDZ-00094,511,92.4906471,30.68,28.37613053,0,,46.20284866,False,no_obvious_capacity_pressure,capacity_network_contingency_screen_no_impedance,not_propagated_without_approved_network_node_and_synchronous_flow_mapping,network_lines_110kv.csv+transformer_master.csv+real_plan_actions.csv+real_plan_dispatch_playback.csv.gz,电网建模数据_Agent整合版_V1.2,"internal current-capacity, topology-cut and transformer remaining-capacity contingency screen",real_2025_internal_capacity_network_screen,internal_topology_capacity_screen,78b6a476a4210567b65bb0c79647bfd8aee8d99aed60795a84c4cd864db56825
QX-00007,110,XL-00209,BDZ-00219,BDZ-00023,511,92.4906471,45.57,42.14798788,0,,49.01288682,False,no_obvious_capacity_pressure,capacity_network_contingency_screen_no_impedance,not_propagated_without_approved_network_node_and_synchronous_flow_mapping,network_lines_110kv.csv+transformer_master.csv+real_plan_actions.csv+real_plan_dispatch_playback.csv.gz,电网建模数据_Agent整合版_V1.2,"internal current-capacity, topology-cut and transformer remaining-capacity contingency screen",real_2025_internal_capacity_network_screen,internal_topology_capacity_screen,78b6a476a4210567b65bb0c79647bfd8aee8d99aed60795a84c4cd864db56825
QX-00007,110,XL-00210,BDZ-00219,BDZ-00051,660,119.4595442,24.45,29.20785856,0,,46.63594998,False,no_obvious_capacity_pressure,capacity_network_contingency_screen_no_impedance,not_propagated_without_approved_network_node_and_synchronous_flow_mapping,network_lines_110kv.csv+transformer_master.csv+real_plan_actions.csv+real_plan_dispatch_playback.csv.gz,电网建模数据_Agent整合版_V1.2,"internal current-capacity, topology-cut and transformer remaining-capacity contingency screen",real_2025_internal_capacity_network_screen,internal_topology_capacity_screen,78b6a476a4210567b65bb0c79647bfd8aee8d99aed60795a84c4cd864db56825
QX-00007,110,XL-00211,BDZ-00219,BDZ-00103,301,54.48079213,45.46,24.7669681,0,,46.24459323,False,no_obvious_capacity_pressure,capacity_network_contingency_screen_no_impedance,not_propagated_without_approved_network_node_and_synchronous_flow_mapping,network_lines_110kv.csv+transformer_master.csv+real_plan_actions.csv+real_plan_dispatch_playback.csv.gz,电网建模数据_Agent整合版_V1.2,"internal current-capacity, topology-cut and transformer remaining-capacity contingency screen",real_2025_internal_capacity_network_screen,internal_topology_capacity_screen,78b6a476a4210567b65bb0c79647bfd8aee8d99aed60795a84c4cd864db56825
QX-00007,110,XL-00225,BDZ-00221,BDZ-00004,660,119.4595442,17.37,20.75012283,0,,43.45049198,False,no_obvious_capacity_pressure,capacity_network_contingency_screen_no_impedance,not_propagated_without_approved_network_node_and_synchronous_flow_mapping,network_lines_110kv.csv+transformer_master.csv+real_plan_actions.csv+real_plan_dispatch_playback.csv.gz,电网建模数据_Agent整合版_V1.2,"internal current-capacity, topology-cut and transformer remaining-capacity contingency screen",real_2025_internal_capacity_network_screen,internal_topology_capacity_screen,78b6a476a4210567b65bb0c79647bfd8aee8d99aed60795a84c4cd864db56825
QX-00007,110,XL-00226,BDZ-00221,BDZ-00156,376,68.05574033,59.25,40.32302615,0,,46.4377336,False,no_obvious_capacity_pressure,capacity_network_contingency_screen_no_impedance,not_propagated_without_approved_network_node_and_synchronous_flow_mapping,network_lines_110kv.csv+transformer_master.csv+real_plan_actions.csv+real_plan_dispatch_playback.csv.gz,电网建模数据_Agent整合版_V1.2,"internal current-capacity, topology-cut and transformer remaining-capacity contingency screen",real_2025_internal_capacity_network_screen,internal_topology_capacity_screen,78b6a476a4210567b65bb0c79647bfd8aee8d99aed60795a84c4cd864db56825
QX-00007,110,XL-00227,BDZ-00221,BDZ-00187,511,92.4906471,29.56,27.34023528,0,,51.64867699,False,no_obvious_capacity_pressure,capacity_network_contingency_screen_no_impedance,not_propagated_without_approved_network_node_and_synchronous_flow_mapping,network_lines_110kv.csv+transformer_master.csv+real_plan_actions.csv+real_plan_dispatch_playback.csv.gz,电网建模数据_Agent整合版_V1.2,"internal current-capacity, topology-cut and transformer remaining-capacity contingency screen",real_2025_internal_capacity_network_screen,internal_topology_capacity_screen,78b6a476a4210567b65bb0c79647bfd8aee8d99aed60795a84c4cd864db56825
QX-00007,110,XL-00228,BDZ-00221,BDZ-00013,511,92.4906471,44.59,41.24157954,0,,43.48116225,False,no_obvious_capacity_pressure,capacity_network_contingency_screen_no_impedance,not_propagated_without_approved_network_node_and_synchronous_flow_mapping,network_lines_110kv.csv+transformer_master.csv+real_plan_actions.csv+real_plan_dispatch_playback.csv.gz,电网建模数据_Agent整合版_V1.2,"internal current-capacity, topology-cut and transformer remaining-capacity contingency screen",real_2025_internal_capacity_network_screen,internal_topology_capacity_screen,78b6a476a4210567b65bb0c79647bfd8aee8d99aed60795a84c4cd864db56825
QX-00007,110,XL-00229,BDZ-00221,BDZ-00053,511,92.4906471,69.43,64.21625628,0,,46.05517112,False,no_obvious_capacity_pressure,capacity_network_contingency_screen_no_impedance,not_propagated_without_approved_network_node_and_synchronous_flow_mapping,network_lines_110kv.csv+transformer_master.csv+real_plan_actions.csv+real_plan_dispatch_playback.csv.gz,电网建模数据_Agent整合版_V1.2,"internal current-capacity, topology-cut and transformer remaining-capacity contingency screen",real_2025_internal_capacity_network_screen,internal_topology_capacity_screen,78b6a476a4210567b65bb0c79647bfd8aee8d99aed60795a84c4cd864db56825
QX-00007,110,XL-00230,BDZ-00221,BDZ-00085,511,92.4906471,69.06,63.87404089,0,,47.51029126,False,no_obvious_capacity_pressure,capacity_network_contingency_screen_no_impedance,not_propagated_without_approved_network_node_and_synchronous_flow_mapping,network_lines_110kv.csv+transformer_master.csv+real_plan_actions.csv+real_plan_dispatch_playback.csv.gz,电网建模数据_Agent整合版_V1.2,"internal current-capacity, topology-cut and transformer remaining-capacity contingency screen",real_2025_internal_capacity_network_screen,internal_topology_capacity_screen,78b6a476a4210567b65bb0c79647bfd8aee8d99aed60795a84c4cd864db56825
QX-00007,110,XL-00231,BDZ-00221,BDZ-00106,660,119.4595442,6.74,8.051573279,0,,47.67845455,True,critical_connectivity_cut,capacity_network_contingency_screen_no_impedance,not_propagated_without_approved_network_node_and_synchronous_flow_mapping,network_lines_110kv.csv+transformer_master.csv+real_plan_actions.csv+real_plan_dispatch_playback.csv.gz,电网建模数据_Agent整合版_V1.2,"internal current-capacity, topology-cut and transformer remaining-capacity contingency screen",real_2025_internal_capacity_network_screen,internal_topology_capacity_screen,78b6a476a4210567b65bb0c79647bfd8aee8d99aed60795a84c4cd864db56825
QX-00007,110,XL-00239,BDZ-00223,BDZ-00191,376,68.05574033,47.69,32.45578256,0,,61.27529128,False,no_obvious_capacity_pressure,capacity_network_contingency_screen_no_impedance,not_propagated_without_approved_network_node_and_synchronous_flow_mapping,network_lines_110kv.csv+transformer_master.csv+real_plan_actions.csv+real_plan_dispatch_playback.csv.gz,电网建模数据_Agent整合版_V1.2,"internal current-capacity, topology-cut and transformer remaining-capacity contingency screen",real_2025_internal_capacity_network_screen,internal_topology_capacity_screen,78b6a476a4210567b65bb0c79647bfd8aee8d99aed60795a84c4cd864db56825
QX-00007,110,XL-00240,BDZ-00223,BDZ-00042,445,80.54469268,48.97,39.442736,0,,60.22403128,False,no_obvious_capacity_pressure,capacity_network_contingency_screen_no_impedance,not_propagated_without_approved_network_node_and_synchronous_flow_mapping,network_lines_110kv.csv+transformer_master.csv+real_plan_actions.csv+real_plan_dispatch_playback.csv.gz,电网建模数据_Agent整合版_V1.2,"internal current-capacity, topology-cut and transformer remaining-capacity contingency screen",real_2025_internal_capacity_network_screen,internal_topology_capacity_screen,78b6a476a4210567b65bb0c79647bfd8aee8d99aed60795a84c4cd864db56825
QX-00007,110,XL-00241,BDZ-00223,BDZ-00062,445,80.54469268,90.95,73.25539799,0,,56.98134057,False,no_obvious_capacity_pressure,capacity_network_contingency_screen_no_impedance,not_propagated_without_approved_network_node_and_synchronous_flow_mapping,network_lines_110kv.csv+transformer_master.csv+real_plan_actions.csv+real_plan_dispatch_playback.csv.gz,电网建模数据_Agent整合版_V1.2,"internal current-capacity, topology-cut and transformer remaining-capacity contingency screen",real_2025_internal_capacity_network_screen,internal_topology_capacity_screen,78b6a476a4210567b65bb0c79647bfd8aee8d99aed60795a84c4cd864db56825
QX-00007,110,XL-00242,BDZ-00223,BDZ-00103,376,68.05574033,70.28,47.8295743,0,,58.23615108,False,no_obvious_capacity_pressure,capacity_network_contingency_screen_no_impedance,not_propagated_without_approved_network_node_and_synchronous_flow_mapping,network_lines_110kv.csv+transformer_master.csv+real_plan_actions.csv+real_plan_dispatch_playback.csv.gz,电网建模数据_Agent整合版_V1.2,"internal current-capacity, topology-cut and transformer remaining-capacity contingency screen",real_2025_internal_capacity_network_screen,internal_topology_capacity_screen,78b6a476a4210567b65bb0c79647bfd8aee8d99aed60795a84c4cd864db56825
QX-00007,110,XL-00243,BDZ-00223,BDZ-00219,511,92.4906471,46.17,42.70293177,0,,50.6377633,False,no_obvious_capacity_pressure,capacity_network_contingency_screen_no_impedance,not_propagated_without_approved_network_node_and_synchronous_flow_mapping,network_lines_110kv.csv+transformer_master.csv+real_plan_actions.csv+real_plan_dispatch_playback.csv.gz,电网建模数据_Agent整合版_V1.2,"internal current-capacity, topology-cut and transformer remaining-capacity contingency screen",real_2025_internal_capacity_network_screen,internal_topology_capacity_screen,78b6a476a4210567b65bb0c79647bfd8aee8d99aed60795a84c4cd864db56825
QX-00007,110,XL-00244,BDZ-00223,BDZ-00151,469,84.8886761,54.44,46.21339527,0,,64.51259539,False,no_obvious_capacity_pressure,capacity_network_contingency_screen_no_impedance,not_propagated_without_approved_network_node_and_synchronous_flow_mapping,network_lines_110kv.csv+transformer_master.csv+real_plan_actions.csv+real_plan_dispatch_playback.csv.gz,电网建模数据_Agent整合版_V1.2,"internal current-capacity, topology-cut and transformer remaining-capacity contingency screen",real_2025_internal_capacity_network_screen,internal_topology_capacity_screen,78b6a476a4210567b65bb0c79647bfd8aee8d99aed60795a84c4cd864db56825
QX-00007,110,XL-00245,BDZ-00223,BDZ-00154,511,92.4906471,16.94,15.66791562,0,,57.59960548,False,no_obvious_capacity_pressure,capacity_network_contingency_screen_no_impedance,not_propagated_without_approved_network_node_and_synchronous_flow_mapping,network_lines_110kv.csv+transformer_master.csv+real_plan_actions.csv+real_plan_dispatch_playback.csv.gz,电网建模数据_Agent整合版_V1.2,"internal current-capacity, topology-cut and transformer remaining-capacity contingency screen",real_2025_internal_capacity_network_screen,internal_topology_capacity_screen,78b6a476a4210567b65bb0c79647bfd8aee8d99aed60795a84c4cd864db56825
QX-00007,110,XL-00247,BDZ-00233,BDZ-00216,660,119.4595442,22.45,26.81866767,119.4595442,64.61,44.93865203,False,no_obvious_capacity_pressure,capacity_network_contingency_screen_no_impedance,not_propagated_without_approved_network_node_and_synchronous_flow_mapping,network_lines_110kv.csv+transformer_master.csv+real_plan_actions.csv+real_plan_dispatch_playback.csv.gz,电网建模数据_Agent整合版_V1.2,"internal current-capacity, topology-cut and transformer remaining-capacity contingency screen",real_2025_internal_capacity_network_screen,internal_topology_capacity_screen,78b6a476a4210567b65bb0c79647bfd8aee8d99aed60795a84c4cd864db56825
QX-00007,110,XL-00248,BDZ-00233,BDZ-00216,660,119.4595442,42.16,50.36414383,119.4595442,64.61,44.93865203,False,no_obvious_capacity_pressure,capacity_network_contingency_screen_no_impedance,not_propagated_without_approved_network_node_and_synchronous_flow_mapping,network_lines_110kv.csv+transformer_master.csv+real_plan_actions.csv+real_plan_dispatch_playback.csv.gz,电网建模数据_Agent整合版_V1.2,"internal current-capacity, topology-cut and transformer remaining-capacity contingency screen",real_2025_internal_capacity_network_screen,internal_topology_capacity_screen,78b6a476a4210567b65bb0c79647bfd8aee8d99aed60795a84c4cd864db56825
QX-00007,110,XL-00249,BDZ-00233,BDZ-00137,301,54.48079213,95.86,52.22528733,0,,36.14531897,False,no_obvious_capacity_pressure,capacity_network_contingency_screen_no_impedance,not_propagated_without_approved_network_node_and_synchronous_flow_mapping,network_lines_110kv.csv+transformer_master.csv+real_plan_actions.csv+real_plan_dispatch_playback.csv.gz,电网建模数据_Agent整合版_V1.2,"internal current-capacity, topology-cut and transformer remaining-capacity contingency screen",real_2025_internal_capacity_network_screen,internal_topology_capacity_screen,78b6a476a4210567b65bb0c79647bfd8aee8d99aed60795a84c4cd864db56825
QX-00007,110,XL-00250,BDZ-00233,BDZ-00371,660,119.4595442,1.45,1.732163391,119.4595442,20.87,36.89308206,False,no_obvious_capacity_pressure,capacity_network_contingency_screen_no_impedance,not_propagated_without_approved_network_node_and_synchronous_flow_mapping,network_lines_110kv.csv+transformer_master.csv+real_plan_actions.csv+real_plan_dispatch_playback.csv.gz,电网建模数据_Agent整合版_V1.2,"internal current-capacity, topology-cut and transformer remaining-capacity contingency screen",real_2025_internal_capacity_network_screen,internal_topology_capacity_screen,78b6a476a4210567b65bb0c79647bfd8aee8d99aed60795a84c4cd864db56825
QX-00007,110,XL-00251,BDZ-00233,BDZ-00371,660,119.4595442,19.42,23.19904348,119.4595442,20.87,36.89308206,False,no_obvious_capacity_pressure,capacity_network_contingency_screen_no_impedance,not_propagated_without_approved_network_node_and_synchronous_flow_mapping,network_lines_110kv.csv+transformer_master.csv+real_plan_actions.csv+real_plan_dispatch_playback.csv.gz,电网建模数据_Agent整合版_V1.2,"internal current-capacity, topology-cut and transformer remaining-capacity contingency screen",real_2025_internal_capacity_network_screen,internal_topology_capacity_screen,78b6a476a4210567b65bb0c79647bfd8aee8d99aed60795a84c4cd864db56825
QX-00007,110,XL-00252,BDZ-00060,BDZ-00059,511,92.4906471,3.12,2.885708189,0,,inf,True,critical_connectivity_cut,capacity_network_contingency_screen_no_impedance,not_propagated_without_approved_network_node_and_synchronous_flow_mapping,network_lines_110kv.csv+transformer_master.csv+real_plan_actions.csv+real_plan_dispatch_playback.csv.gz,电网建模数据_Agent整合版_V1.2,"internal current-capacity, topology-cut and transformer remaining-capacity contingency screen",real_2025_internal_capacity_network_screen,internal_topology_capacity_screen,78b6a476a4210567b65bb0c79647bfd8aee8d99aed60795a84c4cd864db56825
QX-00007,110,XL-00255,BDZ-00224,BDZ-00119,511,92.4906471,43.3,40.04845019,0,,65.76346793,False,no_obvious_capacity_pressure,capacity_network_contingency_screen_no_impedance,not_propagated_without_approved_network_node_and_synchronous_flow_mapping,network_lines_110kv.csv+transformer_master.csv+real_plan_actions.csv+real_plan_dispatch_playback.csv.gz,电网建模数据_Agent整合版_V1.2,"internal current-capacity, topology-cut and transformer remaining-capacity contingency screen",real_2025_internal_capacity_network_screen,internal_topology_capacity_screen,78b6a476a4210567b65bb0c79647bfd8aee8d99aed60795a84c4cd864db56825
QX-00007,110,XL-00257,BDZ-00224,BDZ-00134,376,68.05574033,31.43,21.38991919,0,,53.14804434,False,no_obvious_capacity_pressure,capacity_network_contingency_screen_no_impedance,not_propagated_without_approved_network_node_and_synchronous_flow_mapping,network_lines_110kv.csv+transformer_master.csv+real_plan_actions.csv+real_plan_dispatch_playback.csv.gz,电网建模数据_Agent整合版_V1.2,"internal current-capacity, topology-cut and transformer remaining-capacity contingency screen",real_2025_internal_capacity_network_screen,internal_topology_capacity_screen,78b6a476a4210567b65bb0c79647bfd8aee8d99aed60795a84c4cd864db56825
QX-00007,110,XL-00258,BDZ-00224,BDZ-00229,376,68.05574033,41.69,28.37243814,0,,55.94072153,True,critical_connectivity_cut,capacity_network_contingency_screen_no_impedance,not_propagated_without_approved_network_node_and_synchronous_flow_mapping,network_lines_110kv.csv+transformer_master.csv+real_plan_actions.csv+real_plan_dispatch_playback.csv.gz,电网建模数据_Agent整合版_V1.2,"internal current-capacity, topology-cut and transformer remaining-capacity contingency screen",real_2025_internal_capacity_network_screen,internal_topology_capacity_screen,78b6a476a4210567b65bb0c79647bfd8aee8d99aed60795a84c4cd864db56825
QX-00007,110,XL-00266,BDZ-00142,BDZ-00372,660,119.4595442,8.77,10.47660203,119.4595442,19.33,15.48666667,False,no_obvious_capacity_pressure,capacity_network_contingency_screen_no_impedance,not_propagated_without_approved_network_node_and_synchronous_flow_mapping,network_lines_110kv.csv+transformer_master.csv+real_plan_actions.csv+real_plan_dispatch_playback.csv.gz,电网建模数据_Agent整合版_V1.2,"internal current-capacity, topology-cut and transformer remaining-capacity contingency screen",real_2025_internal_capacity_network_screen,internal_topology_capacity_screen,78b6a476a4210567b65bb0c79647bfd8aee8d99aed60795a84c4cd864db56825
QX-00007,110,XL-00267,BDZ-00142,BDZ-00372,660,119.4595442,10.56,12.61492787,119.4595442,19.33,15.48666667,False,no_obvious_capacity_pressure,capacity_network_contingency_screen_no_impedance,not_propagated_without_approved_network_node_and_synchronous_flow_mapping,network_lines_110kv.csv+transformer_master.csv+real_plan_actions.csv+real_plan_dispatch_playback.csv.gz,电网建模数据_Agent整合版_V1.2,"internal current-capacity, topology-cut and transformer remaining-capacity contingency screen",real_2025_internal_capacity_network_screen,internal_topology_capacity_screen,78b6a476a4210567b65bb0c79647bfd8aee8d99aed60795a84c4cd864db56825
QX-00007,110,XL-00306,BDZ-00233,BDZ-00012,445,80.54469268,74.51,60.01385052,0,,36.76911149,False,no_obvious_capacity_pressure,capacity_network_contingency_screen_no_impedance,not_propagated_without_approved_network_node_and_synchronous_flow_mapping,network_lines_110kv.csv+transformer_master.csv+real_plan_actions.csv+real_plan_dispatch_playback.csv.gz,电网建模数据_Agent整合版_V1.2,"internal current-capacity, topology-cut and transformer remaining-capacity contingency screen",real_2025_internal_capacity_network_screen,internal_topology_capacity_screen,78b6a476a4210567b65bb0c79647bfd8aee8d99aed60795a84c4cd864db56825
QX-00007,110,XL-00307,BDZ-00233,BDZ-00102,660,119.4595442,17.83,21.29963673,0,,36.89308206,True,critical_connectivity_cut,capacity_network_contingency_screen_no_impedance,not_propagated_without_approved_network_node_and_synchronous_flow_mapping,network_lines_110kv.csv+transformer_master.csv+real_plan_actions.csv+real_plan_dispatch_playback.csv.gz,电网建模数据_Agent整合版_V1.2,"internal current-capacity, topology-cut and transformer remaining-capacity contingency screen",real_2025_internal_capacity_network_screen,internal_topology_capacity_screen,78b6a476a4210567b65bb0c79647bfd8aee8d99aed60795a84c4cd864db56825
QX-00007,110,XL-00308,BDZ-00233,BDZ-00361,660,119.4595442,28.9,34.52380827,0,,36.89308206,True,critical_connectivity_cut,capacity_network_contingency_screen_no_impedance,not_propagated_without_approved_network_node_and_synchronous_flow_mapping,network_lines_110kv.csv+transformer_master.csv+real_plan_actions.csv+real_plan_dispatch_playback.csv.gz,电网建模数据_Agent整合版_V1.2,"internal current-capacity, topology-cut and transformer remaining-capacity contingency screen",real_2025_internal_capacity_network_screen,internal_topology_capacity_screen,78b6a476a4210567b65bb0c79647bfd8aee8d99aed60795a84c4cd864db56825
QX-00007,110,XL-00348,BDZ-00242,BDZ-00024,445,80.54469268,81.12,65.3378547,0,,57.62027829,False,no_obvious_capacity_pressure,capacity_network_contingency_screen_no_impedance,not_propagated_without_approved_network_node_and_synchronous_flow_mapping,network_lines_110kv.csv+transformer_master.csv+real_plan_actions.csv+real_plan_dispatch_playback.csv.gz,电网建模数据_Agent整合版_V1.2,"internal current-capacity, topology-cut and transformer remaining-capacity contingency screen",real_2025_internal_capacity_network_screen,internal_topology_capacity_screen,78b6a476a4210567b65bb0c79647bfd8aee8d99aed60795a84c4cd864db56825
QX-00007,110,XL-00349,BDZ-00242,BDZ-00042,445,80.54469268,54.56,43.94518433,0,,56.186,False,no_obvious_capacity_pressure,capacity_network_contingency_screen_no_impedance,not_propagated_without_approved_network_node_and_synchronous_flow_mapping,network_lines_110kv.csv+transformer_master.csv+real_plan_actions.csv+real_plan_dispatch_playback.csv.gz,电网建模数据_Agent整合版_V1.2,"internal current-capacity, topology-cut and transformer remaining-capacity contingency screen",real_2025_internal_capacity_network_screen,internal_topology_capacity_screen,78b6a476a4210567b65bb0c79647bfd8aee8d99aed60795a84c4cd864db56825
QX-00007,110,XL-00351,BDZ-00242,BDZ-00062,445,80.54469268,31.73,25.55683099,0,,64.582,False,no_obvious_capacity_pressure,capacity_network_contingency_screen_no_impedance,not_propagated_without_approved_network_node_and_synchronous_flow_mapping,network_lines_110kv.csv+transformer_master.csv+real_plan_actions.csv+real_plan_dispatch_playback.csv.gz,电网建模数据_Agent整合版_V1.2,"internal current-capacity, topology-cut and transformer remaining-capacity contingency screen",real_2025_internal_capacity_network_screen,internal_topology_capacity_screen,78b6a476a4210567b65bb0c79647bfd8aee8d99aed60795a84c4cd864db56825
QX-00007,110,XL-00352,BDZ-00242,BDZ-00356,445,80.54469268,21.86,17.60706982,0,,57.99,True,critical_connectivity_cut,capacity_network_contingency_screen_no_impedance,not_propagated_without_approved_network_node_and_synchronous_flow_mapping,network_lines_110kv.csv+transformer_master.csv+real_plan_actions.csv+real_plan_dispatch_playback.csv.gz,电网建模数据_Agent整合版_V1.2,"internal current-capacity, topology-cut and transformer remaining-capacity contingency screen",real_2025_internal_capacity_network_screen,internal_topology_capacity_screen,78b6a476a4210567b65bb0c79647bfd8aee8d99aed60795a84c4cd864db56825
QX-00007,110,XL-00354,BDZ-00242,BDZ-00148,445,80.54469268,42.69,34.3845293,0,,57.99,True,critical_connectivity_cut,capacity_network_contingency_screen_no_impedance,not_propagated_without_approved_network_node_and_synchronous_flow_mapping,network_lines_110kv.csv+transformer_master.csv+real_plan_actions.csv+real_plan_dispatch_playback.csv.gz,电网建模数据_Agent整合版_V1.2,"internal current-capacity, topology-cut and transformer remaining-capacity contingency screen",real_2025_internal_capacity_network_screen,internal_topology_capacity_screen,78b6a476a4210567b65bb0c79647bfd8aee8d99aed60795a84c4cd864db56825
QX-00008,110,XL-00061,BDZ-00038,BDZ-00373,660,119.4595442,48.09,57.4480948,0,,50.87686047,True,critical_connectivity_cut,capacity_network_contingency_screen_no_impedance,not_propagated_without_approved_network_node_and_synchronous_flow_mapping,network_lines_110kv.csv+transformer_master.csv+real_plan_actions.csv+real_plan_dispatch_playback.csv.gz,电网建模数据_Agent整合版_V1.2,"internal current-capacity, topology-cut and transformer remaining-capacity contingency screen",real_2025_internal_capacity_network_screen,internal_topology_capacity_screen,78b6a476a4210567b65bb0c79647bfd8aee8d99aed60795a84c4cd864db56825
QX-00008,110,XL-00145,BDZ-00209,BDZ-00038,1060,191.859268,36,69.06933646,0,,39.25725768,False,no_obvious_capacity_pressure,capacity_network_contingency_screen_no_impedance,not_propagated_without_approved_network_node_and_synchronous_flow_mapping,network_lines_110kv.csv+transformer_master.csv+real_plan_actions.csv+real_plan_dispatch_playback.csv.gz,电网建模数据_Agent整合版_V1.2,"internal current-capacity, topology-cut and transformer remaining-capacity contingency screen",real_2025_internal_capacity_network_screen,internal_topology_capacity_screen,78b6a476a4210567b65bb0c79647bfd8aee8d99aed60795a84c4cd864db56825
QX-00008,110,XL-00146,BDZ-00209,BDZ-00045,1060,191.859268,23.27,44.64565165,0,,39.60338936,True,critical_connectivity_cut,capacity_network_contingency_screen_no_impedance,not_propagated_without_approved_network_node_and_synchronous_flow_mapping,network_lines_110kv.csv+transformer_master.csv+real_plan_actions.csv+real_plan_dispatch_playback.csv.gz,电网建模数据_Agent整合版_V1.2,"internal current-capacity, topology-cut and transformer remaining-capacity contingency screen",real_2025_internal_capacity_network_screen,internal_topology_capacity_screen,78b6a476a4210567b65bb0c79647bfd8aee8d99aed60795a84c4cd864db56825
QX-00008,110,XL-00147,BDZ-00209,BDZ-00066,660,119.4595442,12.73,15.20719998,0,,36.3625122,False,no_obvious_capacity_pressure,capacity_network_contingency_screen_no_impedance,not_propagated_without_approved_network_node_and_synchronous_flow_mapping,network_lines_110kv.csv+transformer_master.csv+real_plan_actions.csv+real_plan_dispatch_playback.csv.gz,电网建模数据_Agent整合版_V1.2,"internal current-capacity, topology-cut and transformer remaining-capacity contingency screen",real_2025_internal_capacity_network_screen,internal_topology_capacity_screen,78b6a476a4210567b65bb0c79647bfd8aee8d99aed60795a84c4cd864db56825
QX-00008,110,XL-00148,BDZ-00209,BDZ-00070,660,119.4595442,57.73,68.96399487,0,,39.84441463,False,no_obvious_capacity_pressure,capacity_network_contingency_screen_no_impedance,not_propagated_without_approved_network_node_and_synchronous_flow_mapping,network_lines_110kv.csv+transformer_master.csv+real_plan_actions.csv+real_plan_dispatch_playback.csv.gz,电网建模数据_Agent整合版_V1.2,"internal current-capacity, topology-cut and transformer remaining-capacity contingency screen",real_2025_internal_capacity_network_screen,internal_topology_capacity_screen,78b6a476a4210567b65bb0c79647bfd8aee8d99aed60795a84c4cd864db56825
QX-00008,110,XL-00149,BDZ-00209,BDZ-00073,660,119.4595442,54.23,64.78291082,119.4595442,79.29,37.50241379,False,no_obvious_capacity_pressure,capacity_network_contingency_screen_no_impedance,not_propagated_without_approved_network_node_and_synchronous_flow_mapping,network_lines_110kv.csv+transformer_master.csv+real_plan_actions.csv+real_plan_dispatch_playback.csv.gz,电网建模数据_Agent整合版_V1.2,"internal current-capacity, topology-cut and transformer remaining-capacity contingency screen",real_2025_internal_capacity_network_screen,internal_topology_capacity_screen,78b6a476a4210567b65bb0c79647bfd8aee8d99aed60795a84c4cd864db56825
QX-00008,110,XL-00150,BDZ-00209,BDZ-00073,660,119.4595442,25.06,29.93656178,119.4595442,79.29,37.50241379,False,no_obvious_capacity_pressure,capacity_network_contingency_screen_no_impedance,not_propagated_without_approved_network_node_and_synchronous_flow_mapping,network_lines_110kv.csv+transformer_master.csv+real_plan_actions.csv+real_plan_dispatch_playback.csv.gz,电网建模数据_Agent整合版_V1.2,"internal current-capacity, topology-cut and transformer remaining-capacity contingency screen",real_2025_internal_capacity_network_screen,internal_topology_capacity_screen,78b6a476a4210567b65bb0c79647bfd8aee8d99aed60795a84c4cd864db56825
QX-00008,110,XL-00151,BDZ-00209,BDZ-00100,1060,191.859268,25.62,49.15434445,0,,43.40874401,False,no_obvious_capacity_pressure,capacity_network_contingency_screen_no_impedance,not_propagated_without_approved_network_node_and_synchronous_flow_mapping,network_lines_110kv.csv+transformer_master.csv+real_plan_actions.csv+real_plan_dispatch_playback.csv.gz,电网建模数据_Agent整合版_V1.2,"internal current-capacity, topology-cut and transformer remaining-capacity contingency screen",real_2025_internal_capacity_network_screen,internal_topology_capacity_screen,78b6a476a4210567b65bb0c79647bfd8aee8d99aed60795a84c4cd864db56825
QX-00008,110,XL-00152,BDZ-00209,BDZ-00104,660,119.4595442,50.52,60.35096173,0,,39.39609756,True,critical_connectivity_cut,capacity_network_contingency_screen_no_impedance,not_propagated_without_approved_network_node_and_synchronous_flow_mapping,network_lines_110kv.csv+transformer_master.csv+real_plan_actions.csv+real_plan_dispatch_playback.csv.gz,电网建模数据_Agent整合版_V1.2,"internal current-capacity, topology-cut and transformer remaining-capacity contingency screen",real_2025_internal_capacity_network_screen,internal_topology_capacity_screen,78b6a476a4210567b65bb0c79647bfd8aee8d99aed60795a84c4cd864db56825
QX-00008,110,XL-00153,BDZ-00209,BDZ-00379,660,119.4595442,55.74,66.58674994,0,,37.50241379,True,critical_connectivity_cut,capacity_network_contingency_screen_no_impedance,not_propagated_without_approved_network_node_and_synchronous_flow_mapping,network_lines_110kv.csv+transformer_master.csv+real_plan_actions.csv+real_plan_dispatch_playback.csv.gz,电网建模数据_Agent整合版_V1.2,"internal current-capacity, topology-cut and transformer remaining-capacity contingency screen",real_2025_internal_capacity_network_screen,internal_topology_capacity_screen,78b6a476a4210567b65bb0c79647bfd8aee8d99aed60795a84c4cd864db56825
QX-00008,110,XL-00154,BDZ-00209,BDZ-00244,1060,191.859268,22.47,43.11077751,0,,35.66687157,False,no_obvious_capacity_pressure,capacity_network_contingency_screen_no_impedance,not_propagated_without_approved_network_node_and_synchronous_flow_mapping,network_lines_110kv.csv+transformer_master.csv+real_plan_actions.csv+real_plan_dispatch_playback.csv.gz,电网建模数据_Agent整合版_V1.2,"internal current-capacity, topology-cut and transformer remaining-capacity contingency screen",real_2025_internal_capacity_network_screen,internal_topology_capacity_screen,78b6a476a4210567b65bb0c79647bfd8aee8d99aed60795a84c4cd864db56825
QX-00008,110,XL-00190,BDZ-00217,BDZ-00030,1060,191.859268,21.58,41.40323002,0,,47.92084683,False,no_obvious_capacity_pressure,capacity_network_contingency_screen_no_impedance,not_propagated_without_approved_network_node_and_synchronous_flow_mapping,network_lines_110kv.csv+transformer_master.csv+real_plan_actions.csv+real_plan_dispatch_playback.csv.gz,电网建模数据_Agent整合版_V1.2,"internal current-capacity, topology-cut and transformer remaining-capacity contingency screen",real_2025_internal_capacity_network_screen,internal_topology_capacity_screen,78b6a476a4210567b65bb0c79647bfd8aee8d99aed60795a84c4cd864db56825
QX-00008,110,XL-00191,BDZ-00217,BDZ-00226,660,119.4595442,42.04,50.22079238,0,,45.69297894,False,no_obvious_capacity_pressure,capacity_network_contingency_screen_no_impedance,not_propagated_without_approved_network_node_and_synchronous_flow_mapping,network_lines_110kv.csv+transformer_master.csv+real_plan_actions.csv+real_plan_dispatch_playback.csv.gz,电网建模数据_Agent整合版_V1.2,"internal current-capacity, topology-cut and transformer remaining-capacity contingency screen",real_2025_internal_capacity_network_screen,internal_topology_capacity_screen,78b6a476a4210567b65bb0c79647bfd8aee8d99aed60795a84c4cd864db56825
QX-00008,110,XL-00192,BDZ-00217,BDZ-00066,660,119.4595442,23.34,27.88185762,0,,42.31569219,False,no_obvious_capacity_pressure,capacity_network_contingency_screen_no_impedance,not_propagated_without_approved_network_node_and_synchronous_flow_mapping,network_lines_110kv.csv+transformer_master.csv+real_plan_actions.csv+real_plan_dispatch_playback.csv.gz,电网建模数据_Agent整合版_V1.2,"internal current-capacity, topology-cut and transformer remaining-capacity contingency screen",real_2025_internal_capacity_network_screen,internal_topology_capacity_screen,78b6a476a4210567b65bb0c79647bfd8aee8d99aed60795a84c4cd864db56825
QX-00008,110,XL-00193,BDZ-00217,BDZ-00230,511,92.4906471,66.62,61.6172691,0,,46.80831691,False,no_obvious_capacity_pressure,capacity_network_contingency_screen_no_impedance,not_propagated_without_approved_network_node_and_synchronous_flow_mapping,network_lines_110kv.csv+transformer_master.csv+real_plan_actions.csv+real_plan_dispatch_playback.csv.gz,电网建模数据_Agent整合版_V1.2,"internal current-capacity, topology-cut and transformer remaining-capacity contingency screen",real_2025_internal_capacity_network_screen,internal_topology_capacity_screen,78b6a476a4210567b65bb0c79647bfd8aee8d99aed60795a84c4cd864db56825
QX-00008,110,XL-00194,BDZ-00217,BDZ-00100,376,68.05574033,115.67,78.72007484,0,,40.64981033,False,no_obvious_capacity_pressure,capacity_network_contingency_screen_no_impedance,not_propagated_without_approved_network_node_and_synchronous_flow_mapping,network_lines_110kv.csv+transformer_master.csv+real_plan_actions.csv+real_plan_dispatch_playback.csv.gz,电网建模数据_Agent整合版_V1.2,"internal current-capacity, topology-cut and transformer remaining-capacity contingency screen",real_2025_internal_capacity_network_screen,internal_topology_capacity_screen,78b6a476a4210567b65bb0c79647bfd8aee8d99aed60795a84c4cd864db56825
QX-00008,110,XL-00195,BDZ-00217,BDZ-00107,660,119.4595442,19.77,23.61715189,0,,43.77857879,False,no_obvious_capacity_pressure,capacity_network_contingency_screen_no_impedance,not_propagated_without_approved_network_node_and_synchronous_flow_mapping,network_lines_110kv.csv+transformer_master.csv+real_plan_actions.csv+real_plan_dispatch_playback.csv.gz,电网建模数据_Agent整合版_V1.2,"internal current-capacity, topology-cut and transformer remaining-capacity contingency screen",real_2025_internal_capacity_network_screen,internal_topology_capacity_screen,78b6a476a4210567b65bb0c79647bfd8aee8d99aed60795a84c4cd864db56825
QX-00008,110,XL-00196,BDZ-00217,BDZ-00125,445,80.54469268,81.46,65.61170666,0,,45.92349779,False,no_obvious_capacity_pressure,capacity_network_contingency_screen_no_impedance,not_propagated_without_approved_network_node_and_synchronous_flow_mapping,network_lines_110kv.csv+transformer_master.csv+real_plan_actions.csv+real_plan_dispatch_playback.csv.gz,电网建模数据_Agent整合版_V1.2,"internal current-capacity, topology-cut and transformer remaining-capacity contingency screen",real_2025_internal_capacity_network_screen,internal_topology_capacity_screen,78b6a476a4210567b65bb0c79647bfd8aee8d99aed60795a84c4cd864db56825
QX-00008,110,XL-00197,BDZ-00217,BDZ-00166,1060,191.859268,26.98,51.76363049,0,,37.577109,False,no_obvious_capacity_pressure,capacity_network_contingency_screen_no_impedance,not_propagated_without_approved_network_node_and_synchronous_flow_mapping,network_lines_110kv.csv+transformer_master.csv+real_plan_actions.csv+real_plan_dispatch_playback.csv.gz,电网建模数据_Agent整合版_V1.2,"internal current-capacity, topology-cut and transformer remaining-capacity contingency screen",real_2025_internal_capacity_network_screen,internal_topology_capacity_screen,78b6a476a4210567b65bb0c79647bfd8aee8d99aed60795a84c4cd864db56825
QX-00008,110,XL-00199,BDZ-00104,BDZ-00349,660,119.4595442,61.03,72.90615982,0,,111.55,True,critical_connectivity_cut,capacity_network_contingency_screen_no_impedance,not_propagated_without_approved_network_node_and_synchronous_flow_mapping,network_lines_110kv.csv+transformer_master.csv+real_plan_actions.csv+real_plan_dispatch_playback.csv.gz,电网建模数据_Agent整合版_V1.2,"internal current-capacity, topology-cut and transformer remaining-capacity contingency screen",real_2025_internal_capacity_network_screen,internal_topology_capacity_screen,78b6a476a4210567b65bb0c79647bfd8aee8d99aed60795a84c4cd864db56825
QX-00008,110,XL-00260,BDZ-00226,BDZ-00038,660,119.4595442,26.68,31.87180639,0,,48.99613176,False,no_obvious_capacity_pressure,capacity_network_contingency_screen_no_impedance,not_propagated_without_approved_network_node_and_synchronous_flow_mapping,network_lines_110kv.csv+transformer_master.csv+real_plan_actions.csv+real_plan_dispatch_playback.csv.gz,电网建模数据_Agent整合版_V1.2,"internal current-capacity, topology-cut and transformer remaining-capacity contingency screen",real_2025_internal_capacity_network_screen,internal_topology_capacity_screen,78b6a476a4210567b65bb0c79647bfd8aee8d99aed60795a84c4cd864db56825
QX-00008,110,XL-00261,BDZ-00226,BDZ-00043,376,68.05574033,44.28,30.13508182,0,,46.77570642,True,critical_connectivity_cut,capacity_network_contingency_screen_no_impedance,not_propagated_without_approved_network_node_and_synchronous_flow_mapping,network_lines_110kv.csv+transformer_master.csv+real_plan_actions.csv+real_plan_dispatch_playback.csv.gz,电网建模数据_Agent整合版_V1.2,"internal current-capacity, topology-cut and transformer remaining-capacity contingency screen",real_2025_internal_capacity_network_screen,internal_topology_capacity_screen,78b6a476a4210567b65bb0c79647bfd8aee8d99aed60795a84c4cd864db56825
QX-00008,110,XL-00262,BDZ-00226,BDZ-00070,660,119.4595442,66.6,79.56005644,0,,54.47445049,False,no_obvious_capacity_pressure,capacity_network_contingency_screen_no_impedance,not_propagated_without_approved_network_node_and_synchronous_flow_mapping,network_lines_110kv.csv+transformer_master.csv+real_plan_actions.csv+real_plan_dispatch_playback.csv.gz,电网建模数据_Agent整合版_V1.2,"internal current-capacity, topology-cut and transformer remaining-capacity contingency screen",real_2025_internal_capacity_network_screen,internal_topology_capacity_screen,78b6a476a4210567b65bb0c79647bfd8aee8d99aed60795a84c4cd864db56825
QX-00008,110,XL-00263,BDZ-00226,BDZ-00107,660,119.4595442,24.77,29.5901291,0,,47.65899891,False,no_obvious_capacity_pressure,capacity_network_contingency_screen_no_impedance,not_propagated_without_approved_network_node_and_synchronous_flow_mapping,network_lines_110kv.csv+transformer_master.csv+real_plan_actions.csv+real_plan_dispatch_playback.csv.gz,电网建模数据_Agent整合版_V1.2,"internal current-capacity, topology-cut and transformer remaining-capacity contingency screen",real_2025_internal_capacity_network_screen,internal_topology_capacity_screen,78b6a476a4210567b65bb0c79647bfd8aee8d99aed60795a84c4cd864db56825
QX-00008,110,XL-00264,BDZ-00226,BDZ-00170,660,119.4595442,60.36,72.10578088,0,,53.76202918,True,critical_connectivity_cut,capacity_network_contingency_screen_no_impedance,not_propagated_without_approved_network_node_and_synchronous_flow_mapping,network_lines_110kv.csv+transformer_master.csv+real_plan_actions.csv+real_plan_dispatch_playback.csv.gz,电网建模数据_Agent整合版_V1.2,"internal current-capacity, topology-cut and transformer remaining-capacity contingency screen",real_2025_internal_capacity_network_screen,internal_topology_capacity_screen,78b6a476a4210567b65bb0c79647bfd8aee8d99aed60795a84c4cd864db56825
QX-00008,110,XL-00288,BDZ-00230,BDZ-00063,660,119.4595442,60.61,72.40442974,0,,84.52860922,True,critical_connectivity_cut,capacity_network_contingency_screen_no_impedance,not_propagated_without_approved_network_node_and_synchronous_flow_mapping,network_lines_110kv.csv+transformer_master.csv+real_plan_actions.csv+real_plan_dispatch_playback.csv.gz,电网建模数据_Agent整合版_V1.2,"internal current-capacity, topology-cut and transformer remaining-capacity contingency screen",real_2025_internal_capacity_network_screen,internal_topology_capacity_screen,78b6a476a4210567b65bb0c79647bfd8aee8d99aed60795a84c4cd864db56825
QX-00008,110,XL-00290,BDZ-00230,BDZ-00081,511,92.4906471,32.83,30.36467944,0,,58.08168386,False,no_obvious_capacity_pressure,capacity_network_contingency_screen_no_impedance,not_propagated_without_approved_network_node_and_synchronous_flow_mapping,network_lines_110kv.csv+transformer_master.csv+real_plan_actions.csv+real_plan_dispatch_playback.csv.gz,电网建模数据_Agent整合版_V1.2,"internal current-capacity, topology-cut and transformer remaining-capacity contingency screen",real_2025_internal_capacity_network_screen,internal_topology_capacity_screen,78b6a476a4210567b65bb0c79647bfd8aee8d99aed60795a84c4cd864db56825
QX-00008,110,XL-00292,BDZ-00230,BDZ-00121,301,54.48079213,69.8,38.0275929,0,,66.48712842,True,critical_connectivity_cut,capacity_network_contingency_screen_no_impedance,not_propagated_without_approved_network_node_and_synchronous_flow_mapping,network_lines_110kv.csv+transformer_master.csv+real_plan_actions.csv+real_plan_dispatch_playback.csv.gz,电网建模数据_Agent整合版_V1.2,"internal current-capacity, topology-cut and transformer remaining-capacity contingency screen",real_2025_internal_capacity_network_screen,internal_topology_capacity_screen,78b6a476a4210567b65bb0c79647bfd8aee8d99aed60795a84c4cd864db56825
QX-00008,110,XL-00295,BDZ-00166,BDZ-00333,660,119.4595442,11.51,13.74979354,119.4595442,21.26,21.89294964,False,no_obvious_capacity_pressure,capacity_network_contingency_screen_no_impedance,not_propagated_without_approved_network_node_and_synchronous_flow_mapping,network_lines_110kv.csv+transformer_master.csv+real_plan_actions.csv+real_plan_dispatch_playback.csv.gz,电网建模数据_Agent整合版_V1.2,"internal current-capacity, topology-cut and transformer remaining-capacity contingency screen",real_2025_internal_capacity_network_screen,internal_topology_capacity_screen,78b6a476a4210567b65bb0c79647bfd8aee8d99aed60795a84c4cd864db56825
QX-00008,110,XL-00296,BDZ-00166,BDZ-00333,660,119.4595442,9.75,11.64730556,119.4595442,21.26,21.89294964,False,no_obvious_capacity_pressure,capacity_network_contingency_screen_no_impedance,not_propagated_without_approved_network_node_and_synchronous_flow_mapping,network_lines_110kv.csv+transformer_master.csv+real_plan_actions.csv+real_plan_dispatch_playback.csv.gz,电网建模数据_Agent整合版_V1.2,"internal current-capacity, topology-cut and transformer remaining-capacity contingency screen",real_2025_internal_capacity_network_screen,internal_topology_capacity_screen,78b6a476a4210567b65bb0c79647bfd8aee8d99aed60795a84c4cd864db56825
QX-00008,110,XL-00319,BDZ-00235,BDZ-00381,660,119.4595442,26.84,32.06294166,0,,inf,True,critical_connectivity_cut,capacity_network_contingency_screen_no_impedance,not_propagated_without_approved_network_node_and_synchronous_flow_mapping,network_lines_110kv.csv+transformer_master.csv+real_plan_actions.csv+real_plan_dispatch_playback.csv.gz,电网建模数据_Agent整合版_V1.2,"internal current-capacity, topology-cut and transformer remaining-capacity contingency screen",real_2025_internal_capacity_network_screen,internal_topology_capacity_screen,78b6a476a4210567b65bb0c79647bfd8aee8d99aed60795a84c4cd864db56825
QX-00008,110,XL-00331,BDZ-00238,BDZ-00043,1060,191.859268,39.43,75.65010935,0,,155.4390426,True,critical_connectivity_cut,capacity_network_contingency_screen_no_impedance,not_propagated_without_approved_network_node_and_synchronous_flow_mapping,network_lines_110kv.csv+transformer_master.csv+real_plan_actions.csv+real_plan_dispatch_playback.csv.gz,电网建模数据_Agent整合版_V1.2,"internal current-capacity, topology-cut and transformer remaining-capacity contingency screen",real_2025_internal_capacity_network_screen,internal_topology_capacity_screen,78b6a476a4210567b65bb0c79647bfd8aee8d99aed60795a84c4cd864db56825
QX-00008,110,XL-00360,BDZ-00244,BDZ-00003,660,119.4595442,35.2,42.04975956,0,,32.98740794,True,critical_connectivity_cut,capacity_network_contingency_screen_no_impedance,not_propagated_without_approved_network_node_and_synchronous_flow_mapping,network_lines_110kv.csv+transformer_master.csv+real_plan_actions.csv+real_plan_dispatch_playback.csv.gz,电网建模数据_Agent整合版_V1.2,"internal current-capacity, topology-cut and transformer remaining-capacity contingency screen",real_2025_internal_capacity_network_screen,internal_topology_capacity_screen,78b6a476a4210567b65bb0c79647bfd8aee8d99aed60795a84c4cd864db56825
QX-00008,110,XL-00361,BDZ-00244,BDZ-00030,1060,191.859268,36.65,70.31642171,0,,33.13284113,False,no_obvious_capacity_pressure,capacity_network_contingency_screen_no_impedance,not_propagated_without_approved_network_node_and_synchronous_flow_mapping,network_lines_110kv.csv+transformer_master.csv+real_plan_actions.csv+real_plan_dispatch_playback.csv.gz,电网建模数据_Agent整合版_V1.2,"internal current-capacity, topology-cut and transformer remaining-capacity contingency screen",real_2025_internal_capacity_network_screen,internal_topology_capacity_screen,78b6a476a4210567b65bb0c79647bfd8aee8d99aed60795a84c4cd864db56825
QX-00008,110,XL-00362,BDZ-00244,BDZ-00369,660,119.4595442,79.07,94.4566616,0,,32.98740794,True,critical_connectivity_cut,capacity_network_contingency_screen_no_impedance,not_propagated_without_approved_network_node_and_synchronous_flow_mapping,network_lines_110kv.csv+transformer_master.csv+real_plan_actions.csv+real_plan_dispatch_playback.csv.gz,电网建模数据_Agent整合版_V1.2,"internal current-capacity, topology-cut and transformer remaining-capacity contingency screen",real_2025_internal_capacity_network_screen,internal_topology_capacity_screen,78b6a476a4210567b65bb0c79647bfd8aee8d99aed60795a84c4cd864db56825
QX-00008,110,XL-00363,BDZ-00244,BDZ-00067,660,119.4595442,12.11,14.4665508,119.4595442,23.99,32.98740794,False,no_obvious_capacity_pressure,capacity_network_contingency_screen_no_impedance,not_propagated_without_approved_network_node_and_synchronous_flow_mapping,network_lines_110kv.csv+transformer_master.csv+real_plan_actions.csv+real_plan_dispatch_playback.csv.gz,电网建模数据_Agent整合版_V1.2,"internal current-capacity, topology-cut and transformer remaining-capacity contingency screen",real_2025_internal_capacity_network_screen,internal_topology_capacity_screen,78b6a476a4210567b65bb0c79647bfd8aee8d99aed60795a84c4cd864db56825
QX-00008,110,XL-00364,BDZ-00244,BDZ-00067,660,119.4595442,11.88,14.19179385,119.4595442,23.99,32.98740794,False,no_obvious_capacity_pressure,capacity_network_contingency_screen_no_impedance,not_propagated_without_approved_network_node_and_synchronous_flow_mapping,network_lines_110kv.csv+transformer_master.csv+real_plan_actions.csv+real_plan_dispatch_playback.csv.gz,电网建模数据_Agent整合版_V1.2,"internal current-capacity, topology-cut and transformer remaining-capacity contingency screen",real_2025_internal_capacity_network_screen,internal_topology_capacity_screen,78b6a476a4210567b65bb0c79647bfd8aee8d99aed60795a84c4cd864db56825
QX-00008,110,XL-00365,BDZ-00244,BDZ-00081,660,119.4595442,18.18,21.71774514,0,,32.97659091,False,no_obvious_capacity_pressure,capacity_network_contingency_screen_no_impedance,not_propagated_without_approved_network_node_and_synchronous_flow_mapping,network_lines_110kv.csv+transformer_master.csv+real_plan_actions.csv+real_plan_dispatch_playback.csv.gz,电网建模数据_Agent整合版_V1.2,"internal current-capacity, topology-cut and transformer remaining-capacity contingency screen",real_2025_internal_capacity_network_screen,internal_topology_capacity_screen,78b6a476a4210567b65bb0c79647bfd8aee8d99aed60795a84c4cd864db56825
QX-00008,110,XL-00366,BDZ-00244,BDZ-00125,445,80.54469268,62.92,50.67872063,0,,34.89617666,False,no_obvious_capacity_pressure,capacity_network_contingency_screen_no_impedance,not_propagated_without_approved_network_node_and_synchronous_flow_mapping,network_lines_110kv.csv+transformer_master.csv+real_plan_actions.csv+real_plan_dispatch_playback.csv.gz,电网建模数据_Agent整合版_V1.2,"internal current-capacity, topology-cut and transformer remaining-capacity contingency screen",real_2025_internal_capacity_network_screen,internal_topology_capacity_screen,78b6a476a4210567b65bb0c79647bfd8aee8d99aed60795a84c4cd864db56825
QX-00008,110,XL-00367,BDZ-00244,BDZ-00138,660,119.4595442,24.68,29.48261551,0,,32.98740794,True,critical_connectivity_cut,capacity_network_contingency_screen_no_impedance,not_propagated_without_approved_network_node_and_synchronous_flow_mapping,network_lines_110kv.csv+transformer_master.csv+real_plan_actions.csv+real_plan_dispatch_playback.csv.gz,电网建模数据_Agent整合版_V1.2,"internal current-capacity, topology-cut and transformer remaining-capacity contingency screen",real_2025_internal_capacity_network_screen,internal_topology_capacity_screen,78b6a476a4210567b65bb0c79647bfd8aee8d99aed60795a84c4cd864db56825
QX-00008,110,XL-00368,BDZ-00244,BDZ-00166,1060,191.859268,17.2,32.99979409,0,,30.44,False,no_obvious_capacity_pressure,capacity_network_contingency_screen_no_impedance,not_propagated_without_approved_network_node_and_synchronous_flow_mapping,network_lines_110kv.csv+transformer_master.csv+real_plan_actions.csv+real_plan_dispatch_playback.csv.gz,电网建模数据_Agent整合版_V1.2,"internal current-capacity, topology-cut and transformer remaining-capacity contingency screen",real_2025_internal_capacity_network_screen,internal_topology_capacity_screen,78b6a476a4210567b65bb0c79647bfd8aee8d99aed60795a84c4cd864db56825
QX-00009,110,XL-00039,BDZ-00014,BDZ-00378,511,92.4906471,0,0,92.4906471,0,0,False,no_obvious_capacity_pressure,capacity_network_contingency_screen_no_impedance,not_propagated_without_approved_network_node_and_synchronous_flow_mapping,network_lines_110kv.csv+transformer_master.csv+real_plan_actions.csv+real_plan_dispatch_playback.csv.gz,电网建模数据_Agent整合版_V1.2,"internal current-capacity, topology-cut and transformer remaining-capacity contingency screen",real_2025_internal_capacity_network_screen,internal_topology_capacity_screen,78b6a476a4210567b65bb0c79647bfd8aee8d99aed60795a84c4cd864db56825
QX-00009,110,XL-00040,BDZ-00014,BDZ-00378,511,92.4906471,0,0,92.4906471,0,0,False,no_obvious_capacity_pressure,capacity_network_contingency_screen_no_impedance,not_propagated_without_approved_network_node_and_synchronous_flow_mapping,network_lines_110kv.csv+transformer_master.csv+real_plan_actions.csv+real_plan_dispatch_playback.csv.gz,电网建模数据_Agent整合版_V1.2,"internal current-capacity, topology-cut and transformer remaining-capacity contingency screen",real_2025_internal_capacity_network_screen,internal_topology_capacity_screen,78b6a476a4210567b65bb0c79647bfd8aee8d99aed60795a84c4cd864db56825
QX-00009,110,XL-00044,BDZ-00191,BDZ-00014,511,92.4906471,0,0,92.4906471,0,6.2749658,False,no_obvious_capacity_pressure,capacity_network_contingency_screen_no_impedance,not_propagated_without_approved_network_node_and_synchronous_flow_mapping,network_lines_110kv.csv+transformer_master.csv+real_plan_actions.csv+real_plan_dispatch_playback.csv.gz,电网建模数据_Agent整合版_V1.2,"internal current-capacity, topology-cut and transformer remaining-capacity contingency screen",real_2025_internal_capacity_network_screen,internal_topology_capacity_screen,78b6a476a4210567b65bb0c79647bfd8aee8d99aed60795a84c4cd864db56825
QX-00009,110,XL-00045,BDZ-00191,BDZ-00014,511,92.4906471,0,0,92.4906471,0,6.2749658,False,no_obvious_capacity_pressure,capacity_network_contingency_screen_no_impedance,not_propagated_without_approved_network_node_and_synchronous_flow_mapping,network_lines_110kv.csv+transformer_master.csv+real_plan_actions.csv+real_plan_dispatch_playback.csv.gz,电网建模数据_Agent整合版_V1.2,"internal current-capacity, topology-cut and transformer remaining-capacity contingency screen",real_2025_internal_capacity_network_screen,internal_topology_capacity_screen,78b6a476a4210567b65bb0c79647bfd8aee8d99aed60795a84c4cd864db56825
QX-00009,110,XL-00046,BDZ-00191,BDZ-00055,660,119.4595442,20.85,24.90731497,0,,21.92490552,True,critical_connectivity_cut,capacity_network_contingency_screen_no_impedance,not_propagated_without_approved_network_node_and_synchronous_flow_mapping,network_lines_110kv.csv+transformer_master.csv+real_plan_actions.csv+real_plan_dispatch_playback.csv.gz,电网建模数据_Agent整合版_V1.2,"internal current-capacity, topology-cut and transformer remaining-capacity contingency screen",real_2025_internal_capacity_network_screen,internal_topology_capacity_screen,78b6a476a4210567b65bb0c79647bfd8aee8d99aed60795a84c4cd864db56825
QX-00009,110,XL-00057,BDZ-00192,BDZ-00084,660,119.4595442,19,22.6973134,0,,46.17500679,False,no_obvious_capacity_pressure,capacity_network_contingency_screen_no_impedance,not_propagated_without_approved_network_node_and_synchronous_flow_mapping,network_lines_110kv.csv+transformer_master.csv+real_plan_actions.csv+real_plan_dispatch_playback.csv.gz,电网建模数据_Agent整合版_V1.2,"internal current-capacity, topology-cut and transformer remaining-capacity contingency screen",real_2025_internal_capacity_network_screen,internal_topology_capacity_screen,78b6a476a4210567b65bb0c79647bfd8aee8d99aed60795a84c4cd864db56825
QX-00009,110,XL-00059,BDZ-00192,BDZ-00020,301,54.48079213,52.95,28.84757943,0,,35.86189802,False,no_obvious_capacity_pressure,capacity_network_contingency_screen_no_impedance,not_propagated_without_approved_network_node_and_synchronous_flow_mapping,network_lines_110kv.csv+transformer_master.csv+real_plan_actions.csv+real_plan_dispatch_playback.csv.gz,电网建模数据_Agent整合版_V1.2,"internal current-capacity, topology-cut and transformer remaining-capacity contingency screen",real_2025_internal_capacity_network_screen,internal_topology_capacity_screen,78b6a476a4210567b65bb0c79647bfd8aee8d99aed60795a84c4cd864db56825
QX-00009,110,XL-00062,BDZ-00194,BDZ-00163,511,92.4906471,4.53,4.189826314,0,,32.80926405,True,critical_connectivity_cut,capacity_network_contingency_screen_no_impedance,not_propagated_without_approved_network_node_and_synchronous_flow_mapping,network_lines_110kv.csv+transformer_master.csv+real_plan_actions.csv+real_plan_dispatch_playback.csv.gz,电网建模数据_Agent整合版_V1.2,"internal current-capacity, topology-cut and transformer remaining-capacity contingency screen",real_2025_internal_capacity_network_screen,internal_topology_capacity_screen,78b6a476a4210567b65bb0c79647bfd8aee8d99aed60795a84c4cd864db56825
QX-00009,110,XL-00063,BDZ-00194,BDZ-00347,660,119.4595442,80.57,96.24855476,0,,34.72260274,True,critical_connectivity_cut,capacity_network_contingency_screen_no_impedance,not_propagated_without_approved_network_node_and_synchronous_flow_mapping,network_lines_110kv.csv+transformer_master.csv+real_plan_actions.csv+real_plan_dispatch_playback.csv.gz,电网建模数据_Agent整合版_V1.2,"internal current-capacity, topology-cut and transformer remaining-capacity contingency screen",real_2025_internal_capacity_network_screen,internal_topology_capacity_screen,78b6a476a4210567b65bb0c79647bfd8aee8d99aed60795a84c4cd864db56825
QX-00009,110,XL-00064,BDZ-00194,BDZ-00069,511,92.4906471,32.75,30.29068692,0,,33.64700778,False,no_obvious_capacity_pressure,capacity_network_contingency_screen_no_impedance,not_propagated_without_approved_network_node_and_synchronous_flow_mapping,network_lines_110kv.csv+transformer_master.csv+real_plan_actions.csv+real_plan_dispatch_playback.csv.gz,电网建模数据_Agent整合版_V1.2,"internal current-capacity, topology-cut and transformer remaining-capacity contingency screen",real_2025_internal_capacity_network_screen,internal_topology_capacity_screen,78b6a476a4210567b65bb0c79647bfd8aee8d99aed60795a84c4cd864db56825
QX-00009,110,XL-00065,BDZ-00194,BDZ-00358,511,92.4906471,0,0,0,,32.80926405,True,critical_connectivity_cut,capacity_network_contingency_screen_no_impedance,not_propagated_without_approved_network_node_and_synchronous_flow_mapping,network_lines_110kv.csv+transformer_master.csv+real_plan_actions.csv+real_plan_dispatch_playback.csv.gz,电网建模数据_Agent整合版_V1.2,"internal current-capacity, topology-cut and transformer remaining-capacity contingency screen",real_2025_internal_capacity_network_screen,internal_topology_capacity_screen,78b6a476a4210567b65bb0c79647bfd8aee8d99aed60795a84c4cd864db56825
QX-00009,110,XL-00066,BDZ-00194,BDZ-00087,511,92.4906471,22.01,20.35719143,0,,30.88935614,False,no_obvious_capacity_pressure,capacity_network_contingency_screen_no_impedance,not_propagated_without_approved_network_node_and_synchronous_flow_mapping,network_lines_110kv.csv+transformer_master.csv+real_plan_actions.csv+real_plan_dispatch_playback.csv.gz,电网建模数据_Agent整合版_V1.2,"internal current-capacity, topology-cut and transformer remaining-capacity contingency screen",real_2025_internal_capacity_network_screen,internal_topology_capacity_screen,78b6a476a4210567b65bb0c79647bfd8aee8d99aed60795a84c4cd864db56825
QX-00009,110,XL-00098,BDZ-00194,BDZ-00228,511,92.4906471,10.26,9.489540392,0,,29.1942602,True,critical_connectivity_cut,capacity_network_contingency_screen_no_impedance,not_propagated_without_approved_network_node_and_synchronous_flow_mapping,network_lines_110kv.csv+transformer_master.csv+real_plan_actions.csv+real_plan_dispatch_playback.csv.gz,电网建模数据_Agent整合版_V1.2,"internal current-capacity, topology-cut and transformer remaining-capacity contingency screen",real_2025_internal_capacity_network_screen,internal_topology_capacity_screen,78b6a476a4210567b65bb0c79647bfd8aee8d99aed60795a84c4cd864db56825
QX-00009,110,XL-00117,BDZ-00068,BDZ-00384,511,92.4906471,34.52,31.92777138,92.4906471,34.52,34.52,False,no_obvious_capacity_pressure,capacity_network_contingency_screen_no_impedance,not_propagated_without_approved_network_node_and_synchronous_flow_mapping,network_lines_110kv.csv+transformer_master.csv+real_plan_actions.csv+real_plan_dispatch_playback.csv.gz,电网建模数据_Agent整合版_V1.2,"internal current-capacity, topology-cut and transformer remaining-capacity contingency screen",real_2025_internal_capacity_network_screen,internal_topology_capacity_screen,78b6a476a4210567b65bb0c79647bfd8aee8d99aed60795a84c4cd864db56825
QX-00009,110,XL-00118,BDZ-00068,BDZ-00384,511,92.4906471,0,0,92.4906471,34.52,34.52,False,no_obvious_capacity_pressure,capacity_network_contingency_screen_no_impedance,not_propagated_without_approved_network_node_and_synchronous_flow_mapping,network_lines_110kv.csv+transformer_master.csv+real_plan_actions.csv+real_plan_dispatch_playback.csv.gz,电网建模数据_Agent整合版_V1.2,"internal current-capacity, topology-cut and transformer remaining-capacity contingency screen",real_2025_internal_capacity_network_screen,internal_topology_capacity_screen,78b6a476a4210567b65bb0c79647bfd8aee8d99aed60795a84c4cd864db56825
QX-00009,110,XL-00156,BDZ-00210,BDZ-00079,445,80.54469268,51.6,41.56106142,0,,49.64986425,False,no_obvious_capacity_pressure,capacity_network_contingency_screen_no_impedance,not_propagated_without_approved_network_node_and_synchronous_flow_mapping,network_lines_110kv.csv+transformer_master.csv+real_plan_actions.csv+real_plan_dispatch_playback.csv.gz,电网建模数据_Agent整合版_V1.2,"internal current-capacity, topology-cut and transformer remaining-capacity contingency screen",real_2025_internal_capacity_network_screen,internal_topology_capacity_screen,78b6a476a4210567b65bb0c79647bfd8aee8d99aed60795a84c4cd864db56825
QX-00009,110,XL-00163,BDZ-00210,BDZ-00020,445,80.54469268,28.38,22.85858378,0,,69.07379357,False,no_obvious_capacity_pressure,capacity_network_contingency_screen_no_impedance,not_propagated_without_approved_network_node_and_synchronous_flow_mapping,network_lines_110kv.csv+transformer_master.csv+real_plan_actions.csv+real_plan_dispatch_playback.csv.gz,电网建模数据_Agent整合版_V1.2,"internal current-capacity, topology-cut and transformer remaining-capacity contingency screen",real_2025_internal_capacity_network_screen,internal_topology_capacity_screen,78b6a476a4210567b65bb0c79647bfd8aee8d99aed60795a84c4cd864db56825
QX-00009,110,XL-00168,BDZ-00211,BDZ-00228,660,119.4595442,27.39,32.71996916,0,,29.08595719,True,critical_connectivity_cut,capacity_network_contingency_screen_no_impedance,not_propagated_without_approved_network_node_and_synchronous_flow_mapping,network_lines_110kv.csv+transformer_master.csv+real_plan_actions.csv+real_plan_dispatch_playback.csv.gz,电网建模数据_Agent整合版_V1.2,"internal current-capacity, topology-cut and transformer remaining-capacity contingency screen",real_2025_internal_capacity_network_screen,internal_topology_capacity_screen,78b6a476a4210567b65bb0c79647bfd8aee8d99aed60795a84c4cd864db56825
QX-00009,110,XL-00181,BDZ-00215,BDZ-00091,660,119.4595442,48.06,57.41225694,0,,65.61559846,False,no_obvious_capacity_pressure,capacity_network_contingency_screen_no_impedance,not_propagated_without_approved_network_node_and_synchronous_flow_mapping,network_lines_110kv.csv+transformer_master.csv+real_plan_actions.csv+real_plan_dispatch_playback.csv.gz,电网建模数据_Agent整合版_V1.2,"internal current-capacity, topology-cut and transformer remaining-capacity contingency screen",real_2025_internal_capacity_network_screen,internal_topology_capacity_screen,78b6a476a4210567b65bb0c79647bfd8aee8d99aed60795a84c4cd864db56825
QX-00009,110,XL-00185,BDZ-00215,BDZ-00150,660,119.4595442,23.74,28.35969579,0,,62.516139,False,no_obvious_capacity_pressure,capacity_network_contingency_screen_no_impedance,not_propagated_without_approved_network_node_and_synchronous_flow_mapping,network_lines_110kv.csv+transformer_master.csv+real_plan_actions.csv+real_plan_dispatch_playback.csv.gz,电网建模数据_Agent整合版_V1.2,"internal current-capacity, topology-cut and transformer remaining-capacity contingency screen",real_2025_internal_capacity_network_screen,internal_topology_capacity_screen,78b6a476a4210567b65bb0c79647bfd8aee8d99aed60795a84c4cd864db56825
QX-00009,110,XL-00198,BDZ-00218,BDZ-00040,511,92.4906471,42.63,39.42876286,0,,49.85332812,True,critical_connectivity_cut,capacity_network_contingency_screen_no_impedance,not_propagated_without_approved_network_node_and_synchronous_flow_mapping,network_lines_110kv.csv+transformer_master.csv+real_plan_actions.csv+real_plan_dispatch_playback.csv.gz,电网建模数据_Agent整合版_V1.2,"internal current-capacity, topology-cut and transformer remaining-capacity contingency screen",real_2025_internal_capacity_network_screen,internal_topology_capacity_screen,78b6a476a4210567b65bb0c79647bfd8aee8d99aed60795a84c4cd864db56825
QX-00009,110,XL-00200,BDZ-00218,BDZ-00057,376,68.05574033,75.89,51.64750134,0,,51.34448127,False,no_obvious_capacity_pressure,capacity_network_contingency_screen_no_impedance,not_propagated_without_approved_network_node_and_synchronous_flow_mapping,network_lines_110kv.csv+transformer_master.csv+real_plan_actions.csv+real_plan_dispatch_playback.csv.gz,电网建模数据_Agent整合版_V1.2,"internal current-capacity, topology-cut and transformer remaining-capacity contingency screen",real_2025_internal_capacity_network_screen,internal_topology_capacity_screen,78b6a476a4210567b65bb0c79647bfd8aee8d99aed60795a84c4cd864db56825
QX-00009,110,XL-00202,BDZ-00218,BDZ-00091,376,68.05574033,54.76,37.26732341,0,,47.872403,False,no_obvious_capacity_pressure,capacity_network_contingency_screen_no_impedance,not_propagated_without_approved_network_node_and_synchronous_flow_mapping,network_lines_110kv.csv+transformer_master.csv+real_plan_actions.csv+real_plan_dispatch_playback.csv.gz,电网建模数据_Agent整合版_V1.2,"internal current-capacity, topology-cut and transformer remaining-capacity contingency screen",real_2025_internal_capacity_network_screen,internal_topology_capacity_screen,78b6a476a4210567b65bb0c79647bfd8aee8d99aed60795a84c4cd864db56825
QX-00009,110,XL-00203,BDZ-00218,BDZ-00383,660,119.4595442,32.12,38.3704056,0,,52.28798755,True,critical_connectivity_cut,capacity_network_contingency_screen_no_impedance,not_propagated_without_approved_network_node_and_synchronous_flow_mapping,network_lines_110kv.csv+transformer_master.csv+real_plan_actions.csv+real_plan_dispatch_playback.csv.gz,电网建模数据_Agent整合版_V1.2,"internal current-capacity, topology-cut and transformer remaining-capacity contingency screen",real_2025_internal_capacity_network_screen,internal_topology_capacity_screen,78b6a476a4210567b65bb0c79647bfd8aee8d99aed60795a84c4cd864db56825
QX-00009,110,XL-00204,BDZ-00218,BDZ-00230,376,68.05574033,38.05,25.8952092,0,,45.11151841,True,critical_connectivity_cut,capacity_network_contingency_screen_no_impedance,not_propagated_without_approved_network_node_and_synchronous_flow_mapping,network_lines_110kv.csv+transformer_master.csv+real_plan_actions.csv+real_plan_dispatch_playback.csv.gz,电网建模数据_Agent整合版_V1.2,"internal current-capacity, topology-cut and transformer remaining-capacity contingency screen",real_2025_internal_capacity_network_screen,internal_topology_capacity_screen,78b6a476a4210567b65bb0c79647bfd8aee8d99aed60795a84c4cd864db56825
QX-00009,110,XL-00205,BDZ-00218,BDZ-00150,376,68.05574033,46.22,31.45536318,0,,43.85458073,False,no_obvious_capacity_pressure,capacity_network_contingency_screen_no_impedance,not_propagated_without_approved_network_node_and_synchronous_flow_mapping,network_lines_110kv.csv+transformer_master.csv+real_plan_actions.csv+real_plan_dispatch_playback.csv.gz,电网建模数据_Agent整合版_V1.2,"internal current-capacity, topology-cut and transformer remaining-capacity contingency screen",real_2025_internal_capacity_network_screen,internal_topology_capacity_screen,78b6a476a4210567b65bb0c79647bfd8aee8d99aed60795a84c4cd864db56825
QX-00009,110,XL-00206,BDZ-00218,BDZ-00237,376,68.05574033,63.1,42.94317215,0,,54.13570579,False,no_obvious_capacity_pressure,capacity_network_contingency_screen_no_impedance,not_propagated_without_approved_network_node_and_synchronous_flow_mapping,network_lines_110kv.csv+transformer_master.csv+real_plan_actions.csv+real_plan_dispatch_playback.csv.gz,电网建模数据_Agent整合版_V1.2,"internal current-capacity, topology-cut and transformer remaining-capacity contingency screen",real_2025_internal_capacity_network_screen,internal_topology_capacity_screen,78b6a476a4210567b65bb0c79647bfd8aee8d99aed60795a84c4cd864db56825
QX-00009,110,XL-00207,BDZ-00218,BDZ-00180,660,119.4595442,18.2,21.74163704,0,,52.28798755,True,critical_connectivity_cut,capacity_network_contingency_screen_no_impedance,not_propagated_without_approved_network_node_and_synchronous_flow_mapping,network_lines_110kv.csv+transformer_master.csv+real_plan_actions.csv+real_plan_dispatch_playback.csv.gz,电网建模数据_Agent整合版_V1.2,"internal current-capacity, topology-cut and transformer remaining-capacity contingency screen",real_2025_internal_capacity_network_screen,internal_topology_capacity_screen,78b6a476a4210567b65bb0c79647bfd8aee8d99aed60795a84c4cd864db56825
QX-00009,110,XL-00232,BDZ-00221,BDZ-00176,301,54.48079213,93.29,50.82513097,0,,128.9316438,True,critical_connectivity_cut,capacity_network_contingency_screen_no_impedance,not_propagated_without_approved_network_node_and_synchronous_flow_mapping,network_lines_110kv.csv+transformer_master.csv+real_plan_actions.csv+real_plan_dispatch_playback.csv.gz,电网建模数据_Agent整合版_V1.2,"internal current-capacity, topology-cut and transformer remaining-capacity contingency screen",real_2025_internal_capacity_network_screen,internal_topology_capacity_screen,78b6a476a4210567b65bb0c79647bfd8aee8d99aed60795a84c4cd864db56825
QX-00009,110,XL-00246,BDZ-00128,BDZ-00345,660,119.4595442,62.53,74.69805299,0,,132.36,True,critical_connectivity_cut,capacity_network_contingency_screen_no_impedance,not_propagated_without_approved_network_node_and_synchronous_flow_mapping,network_lines_110kv.csv+transformer_master.csv+real_plan_actions.csv+real_plan_dispatch_playback.csv.gz,电网建模数据_Agent整合版_V1.2,"internal current-capacity, topology-cut and transformer remaining-capacity contingency screen",real_2025_internal_capacity_network_screen,internal_topology_capacity_screen,78b6a476a4210567b65bb0c79647bfd8aee8d99aed60795a84c4cd864db56825
QX-00009,110,XL-00254,BDZ-00224,BDZ-00086,660,119.4595442,19.27,23.01985417,0,,33.23837264,False,no_obvious_capacity_pressure,capacity_network_contingency_screen_no_impedance,not_propagated_without_approved_network_node_and_synchronous_flow_mapping,network_lines_110kv.csv+transformer_master.csv+real_plan_actions.csv+real_plan_dispatch_playback.csv.gz,电网建模数据_Agent整合版_V1.2,"internal current-capacity, topology-cut and transformer remaining-capacity contingency screen",real_2025_internal_capacity_network_screen,internal_topology_capacity_screen,78b6a476a4210567b65bb0c79647bfd8aee8d99aed60795a84c4cd864db56825
QX-00009,110,XL-00256,BDZ-00224,BDZ-00127,660,119.4595442,24.97,29.82904819,0,,36.67990458,False,no_obvious_capacity_pressure,capacity_network_contingency_screen_no_impedance,not_propagated_without_approved_network_node_and_synchronous_flow_mapping,network_lines_110kv.csv+transformer_master.csv+real_plan_actions.csv+real_plan_dispatch_playback.csv.gz,电网建模数据_Agent整合版_V1.2,"internal current-capacity, topology-cut and transformer remaining-capacity contingency screen",real_2025_internal_capacity_network_screen,internal_topology_capacity_screen,78b6a476a4210567b65bb0c79647bfd8aee8d99aed60795a84c4cd864db56825
QX-00009,110,XL-00259,BDZ-00224,BDZ-00159,376,68.05574033,28.23,19.2121355,0,,30.16127273,True,critical_connectivity_cut,capacity_network_contingency_screen_no_impedance,not_propagated_without_approved_network_node_and_synchronous_flow_mapping,network_lines_110kv.csv+transformer_master.csv+real_plan_actions.csv+real_plan_dispatch_playback.csv.gz,电网建模数据_Agent整合版_V1.2,"internal current-capacity, topology-cut and transformer remaining-capacity contingency screen",real_2025_internal_capacity_network_screen,internal_topology_capacity_screen,78b6a476a4210567b65bb0c79647bfd8aee8d99aed60795a84c4cd864db56825
QX-00009,110,XL-00279,BDZ-00228,BDZ-00077,660,119.4595442,21.82,26.06607254,0,,29.08595719,True,critical_connectivity_cut,capacity_network_contingency_screen_no_impedance,not_propagated_without_approved_network_node_and_synchronous_flow_mapping,network_lines_110kv.csv+transformer_master.csv+real_plan_actions.csv+real_plan_dispatch_playback.csv.gz,电网建模数据_Agent整合版_V1.2,"internal current-capacity, topology-cut and transformer remaining-capacity contingency screen",real_2025_internal_capacity_network_screen,internal_topology_capacity_screen,78b6a476a4210567b65bb0c79647bfd8aee8d99aed60795a84c4cd864db56825
QX-00009,110,XL-00280,BDZ-00228,BDZ-00129,511,92.4906471,21.92,20.27394984,0,,26.29499773,True,critical_connectivity_cut,capacity_network_contingency_screen_no_impedance,not_propagated_without_approved_network_node_and_synchronous_flow_mapping,network_lines_110kv.csv+transformer_master.csv+real_plan_actions.csv+real_plan_dispatch_playback.csv.gz,电网建模数据_Agent整合版_V1.2,"internal current-capacity, topology-cut and transformer remaining-capacity contingency screen",real_2025_internal_capacity_network_screen,internal_topology_capacity_screen,78b6a476a4210567b65bb0c79647bfd8aee8d99aed60795a84c4cd864db56825
QX-00009,110,XL-00281,BDZ-00229,BDZ-00086,660,119.4595442,25.09,29.97239964,0,,34.33573295,False,no_obvious_capacity_pressure,capacity_network_contingency_screen_no_impedance,not_propagated_without_approved_network_node_and_synchronous_flow_mapping,network_lines_110kv.csv+transformer_master.csv+real_plan_actions.csv+real_plan_dispatch_playback.csv.gz,电网建模数据_Agent整合版_V1.2,"internal current-capacity, topology-cut and transformer remaining-capacity contingency screen",real_2025_internal_capacity_network_screen,internal_topology_capacity_screen,78b6a476a4210567b65bb0c79647bfd8aee8d99aed60795a84c4cd864db56825
QX-00009,110,XL-00282,BDZ-00229,BDZ-00127,1060,191.859268,34.97,67.093186,0,,41.7620034,False,no_obvious_capacity_pressure,capacity_network_contingency_screen_no_impedance,not_propagated_without_approved_network_node_and_synchronous_flow_mapping,network_lines_110kv.csv+transformer_master.csv+real_plan_actions.csv+real_plan_dispatch_playback.csv.gz,电网建模数据_Agent整合版_V1.2,"internal current-capacity, topology-cut and transformer remaining-capacity contingency screen",real_2025_internal_capacity_network_screen,internal_topology_capacity_screen,78b6a476a4210567b65bb0c79647bfd8aee8d99aed60795a84c4cd864db56825
QX-00009,110,XL-00283,BDZ-00229,BDZ-00129,376,68.05574033,24.23,16.48990588,0,,32.20760982,True,critical_connectivity_cut,capacity_network_contingency_screen_no_impedance,not_propagated_without_approved_network_node_and_synchronous_flow_mapping,network_lines_110kv.csv+transformer_master.csv+real_plan_actions.csv+real_plan_dispatch_playback.csv.gz,电网建模数据_Agent整合版_V1.2,"internal current-capacity, topology-cut and transformer remaining-capacity contingency screen",real_2025_internal_capacity_network_screen,internal_topology_capacity_screen,78b6a476a4210567b65bb0c79647bfd8aee8d99aed60795a84c4cd864db56825
QX-00009,110,XL-00286,BDZ-00229,BDZ-00178,660,119.4595442,29.05,34.70299759,0,,39.07971374,True,critical_connectivity_cut,capacity_network_contingency_screen_no_impedance,not_propagated_without_approved_network_node_and_synchronous_flow_mapping,network_lines_110kv.csv+transformer_master.csv+real_plan_actions.csv+real_plan_dispatch_playback.csv.gz,电网建模数据_Agent整合版_V1.2,"internal current-capacity, topology-cut and transformer remaining-capacity contingency screen",real_2025_internal_capacity_network_screen,internal_topology_capacity_screen,78b6a476a4210567b65bb0c79647bfd8aee8d99aed60795a84c4cd864db56825
QX-00009,110,XL-00287,BDZ-00192,BDZ-00230,660,119.4595442,33.62,40.16229876,0,,46.15839351,False,no_obvious_capacity_pressure,capacity_network_contingency_screen_no_impedance,not_propagated_without_approved_network_node_and_synchronous_flow_mapping,network_lines_110kv.csv+transformer_master.csv+real_plan_actions.csv+real_plan_dispatch_playback.csv.gz,电网建模数据_Agent整合版_V1.2,"internal current-capacity, topology-cut and transformer remaining-capacity contingency screen",real_2025_internal_capacity_network_screen,internal_topology_capacity_screen,78b6a476a4210567b65bb0c79647bfd8aee8d99aed60795a84c4cd864db56825
QX-00009,110,XL-00289,BDZ-00230,BDZ-00079,660,119.4595442,29.2,34.88218691,0,,53.4703316,False,no_obvious_capacity_pressure,capacity_network_contingency_screen_no_impedance,not_propagated_without_approved_network_node_and_synchronous_flow_mapping,network_lines_110kv.csv+transformer_master.csv+real_plan_actions.csv+real_plan_dispatch_playback.csv.gz,电网建模数据_Agent整合版_V1.2,"internal current-capacity, topology-cut and transformer remaining-capacity contingency screen",real_2025_internal_capacity_network_screen,internal_topology_capacity_screen,78b6a476a4210567b65bb0c79647bfd8aee8d99aed60795a84c4cd864db56825
QX-00009,110,XL-00291,BDZ-00230,BDZ-00084,511,92.4906471,33.86,31.31733311,0,,43.04647367,False,no_obvious_capacity_pressure,capacity_network_contingency_screen_no_impedance,not_propagated_without_approved_network_node_and_synchronous_flow_mapping,network_lines_110kv.csv+transformer_master.csv+real_plan_actions.csv+real_plan_dispatch_playback.csv.gz,电网建模数据_Agent整合版_V1.2,"internal current-capacity, topology-cut and transformer remaining-capacity contingency screen",real_2025_internal_capacity_network_screen,internal_topology_capacity_screen,78b6a476a4210567b65bb0c79647bfd8aee8d99aed60795a84c4cd864db56825
QX-00009,110,XL-00293,BDZ-00230,BDZ-00176,511,92.4906471,73.98,68.42458072,0,,55.40451754,True,critical_connectivity_cut,capacity_network_contingency_screen_no_impedance,not_propagated_without_approved_network_node_and_synchronous_flow_mapping,network_lines_110kv.csv+transformer_master.csv+real_plan_actions.csv+real_plan_dispatch_playback.csv.gz,电网建模数据_Agent整合版_V1.2,"internal current-capacity, topology-cut and transformer remaining-capacity contingency screen",real_2025_internal_capacity_network_screen,internal_topology_capacity_screen,78b6a476a4210567b65bb0c79647bfd8aee8d99aed60795a84c4cd864db56825
QX-00009,110,XL-00328,BDZ-00237,BDZ-00057,376,68.05574033,82.47,56.12556905,0,,91.61243626,False,no_obvious_capacity_pressure,capacity_network_contingency_screen_no_impedance,not_propagated_without_approved_network_node_and_synchronous_flow_mapping,network_lines_110kv.csv+transformer_master.csv+real_plan_actions.csv+real_plan_dispatch_playback.csv.gz,电网建模数据_Agent整合版_V1.2,"internal current-capacity, topology-cut and transformer remaining-capacity contingency screen",real_2025_internal_capacity_network_screen,internal_topology_capacity_screen,78b6a476a4210567b65bb0c79647bfd8aee8d99aed60795a84c4cd864db56825
QX-00009,110,XL-00329,BDZ-00237,BDZ-00128,660,119.4595442,69.83,83.41859971,0,,100.6316714,True,critical_connectivity_cut,capacity_network_contingency_screen_no_impedance,not_propagated_without_approved_network_node_and_synchronous_flow_mapping,network_lines_110kv.csv+transformer_master.csv+real_plan_actions.csv+real_plan_dispatch_playback.csv.gz,电网建模数据_Agent整合版_V1.2,"internal current-capacity, topology-cut and transformer remaining-capacity contingency screen",real_2025_internal_capacity_network_screen,internal_topology_capacity_screen,78b6a476a4210567b65bb0c79647bfd8aee8d99aed60795a84c4cd864db56825
QX-00009,110,XL-00340,BDZ-00239,BDZ-00069,511,92.4906471,38.08,35.22043842,0,,45.78,False,no_obvious_capacity_pressure,capacity_network_contingency_screen_no_impedance,not_propagated_without_approved_network_node_and_synchronous_flow_mapping,network_lines_110kv.csv+transformer_master.csv+real_plan_actions.csv+real_plan_dispatch_playback.csv.gz,电网建模数据_Agent整合版_V1.2,"internal current-capacity, topology-cut and transformer remaining-capacity contingency screen",real_2025_internal_capacity_network_screen,internal_topology_capacity_screen,78b6a476a4210567b65bb0c79647bfd8aee8d99aed60795a84c4cd864db56825
QX-00009,110,XL-00341,BDZ-00239,BDZ-00087,511,92.4906471,20.73,19.17331114,0,,40.41,False,no_obvious_capacity_pressure,capacity_network_contingency_screen_no_impedance,not_propagated_without_approved_network_node_and_synchronous_flow_mapping,network_lines_110kv.csv+transformer_master.csv+real_plan_actions.csv+real_plan_dispatch_playback.csv.gz,电网建模数据_Agent整合版_V1.2,"internal current-capacity, topology-cut and transformer remaining-capacity contingency screen",real_2025_internal_capacity_network_screen,internal_topology_capacity_screen,78b6a476a4210567b65bb0c79647bfd8aee8d99aed60795a84c4cd864db56825
QX-00009,110,XL-00350,BDZ-00242,BDZ-00055,301,54.48079213,50.65,27.59452121,0,,64.43367761,True,critical_connectivity_cut,capacity_network_contingency_screen_no_impedance,not_propagated_without_approved_network_node_and_synchronous_flow_mapping,network_lines_110kv.csv+transformer_master.csv+real_plan_actions.csv+real_plan_dispatch_playback.csv.gz,电网建模数据_Agent整合版_V1.2,"internal current-capacity, topology-cut and transformer remaining-capacity contingency screen",real_2025_internal_capacity_network_screen,internal_topology_capacity_screen,78b6a476a4210567b65bb0c79647bfd8aee8d99aed60795a84c4cd864db56825
QX-00009,110,XL-00353,BDZ-00242,BDZ-00136,376,68.05574033,100.39,68.32115772,0,,176.0541196,True,critical_connectivity_cut,capacity_network_contingency_screen_no_impedance,not_propagated_without_approved_network_node_and_synchronous_flow_mapping,network_lines_110kv.csv+transformer_master.csv+real_plan_actions.csv+real_plan_dispatch_playback.csv.gz,电网建模数据_Agent整合版_V1.2,"internal current-capacity, topology-cut and transformer remaining-capacity contingency screen",real_2025_internal_capacity_network_screen,internal_topology_capacity_screen,78b6a476a4210567b65bb0c79647bfd8aee8d99aed60795a84c4cd864db56825
QX-00010,110,XL-00095,BDZ-00199,BDZ-00044,660,119.4595442,20.46,24.44142274,0,,108.8358317,True,critical_connectivity_cut,capacity_network_contingency_screen_no_impedance,not_propagated_without_approved_network_node_and_synchronous_flow_mapping,network_lines_110kv.csv+transformer_master.csv+real_plan_actions.csv+real_plan_dispatch_playback.csv.gz,电网建模数据_Agent整合版_V1.2,"internal current-capacity, topology-cut and transformer remaining-capacity contingency screen",real_2025_internal_capacity_network_screen,internal_topology_capacity_screen,78b6a476a4210567b65bb0c79647bfd8aee8d99aed60795a84c4cd864db56825
QX-00010,110,XL-00096,BDZ-00234,BDZ-00200,511,92.4906471,33.47,30.95661958,0,,44.95322092,False,no_obvious_capacity_pressure,capacity_network_contingency_screen_no_impedance,not_propagated_without_approved_network_node_and_synchronous_flow_mapping,network_lines_110kv.csv+transformer_master.csv+real_plan_actions.csv+real_plan_dispatch_playback.csv.gz,电网建模数据_Agent整合版_V1.2,"internal current-capacity, topology-cut and transformer remaining-capacity contingency screen",real_2025_internal_capacity_network_screen,internal_topology_capacity_screen,78b6a476a4210567b65bb0c79647bfd8aee8d99aed60795a84c4cd864db56825
QX-00010,110,XL-00097,BDZ-00234,BDZ-00185,1060,191.859268,18.93,36.31895942,0,,40.31462148,False,no_obvious_capacity_pressure,capacity_network_contingency_screen_no_impedance,not_propagated_without_approved_network_node_and_synchronous_flow_mapping,network_lines_110kv.csv+transformer_master.csv+real_plan_actions.csv+real_plan_dispatch_playback.csv.gz,电网建模数据_Agent整合版_V1.2,"internal current-capacity, topology-cut and transformer remaining-capacity contingency screen",real_2025_internal_capacity_network_screen,internal_topology_capacity_screen,78b6a476a4210567b65bb0c79647bfd8aee8d99aed60795a84c4cd864db56825
QX-00010,110,XL-00102,BDZ-00200,BDZ-00340,660,119.4595442,73.78,88.13725171,0,,62.48419854,True,critical_connectivity_cut,capacity_network_contingency_screen_no_impedance,not_propagated_without_approved_network_node_and_synchronous_flow_mapping,network_lines_110kv.csv+transformer_master.csv+real_plan_actions.csv+real_plan_dispatch_playback.csv.gz,电网建模数据_Agent整合版_V1.2,"internal current-capacity, topology-cut and transformer remaining-capacity contingency screen",real_2025_internal_capacity_network_screen,internal_topology_capacity_screen,78b6a476a4210567b65bb0c79647bfd8aee8d99aed60795a84c4cd864db56825
QX-00010,110,XL-00103,BDZ-00200,BDZ-00049,511,92.4906471,73.57,68.04536907,0,,54.71698845,False,no_obvious_capacity_pressure,capacity_network_contingency_screen_no_impedance,not_propagated_without_approved_network_node_and_synchronous_flow_mapping,network_lines_110kv.csv+transformer_master.csv+real_plan_actions.csv+real_plan_dispatch_playback.csv.gz,电网建模数据_Agent整合版_V1.2,"internal current-capacity, topology-cut and transformer remaining-capacity contingency screen",real_2025_internal_capacity_network_screen,internal_topology_capacity_screen,78b6a476a4210567b65bb0c79647bfd8aee8d99aed60795a84c4cd864db56825
QX-00010,110,XL-00107,BDZ-00200,BDZ-00120,376,68.05574033,67.47,45.917208,0,,48.64680487,False,no_obvious_capacity_pressure,capacity_network_contingency_screen_no_impedance,not_propagated_without_approved_network_node_and_synchronous_flow_mapping,network_lines_110kv.csv+transformer_master.csv+real_plan_actions.csv+real_plan_dispatch_playback.csv.gz,电网建模数据_Agent整合版_V1.2,"internal current-capacity, topology-cut and transformer remaining-capacity contingency screen",real_2025_internal_capacity_network_screen,internal_topology_capacity_screen,78b6a476a4210567b65bb0c79647bfd8aee8d99aed60795a84c4cd864db56825
QX-00010,110,XL-00108,BDZ-00200,BDZ-00122,1060,191.859268,23.42,44.93344055,0,,69.01988014,False,no_obvious_capacity_pressure,capacity_network_contingency_screen_no_impedance,not_propagated_without_approved_network_node_and_synchronous_flow_mapping,network_lines_110kv.csv+transformer_master.csv+real_plan_actions.csv+real_plan_dispatch_playback.csv.gz,电网建模数据_Agent整合版_V1.2,"internal current-capacity, topology-cut and transformer remaining-capacity contingency screen",real_2025_internal_capacity_network_screen,internal_topology_capacity_screen,78b6a476a4210567b65bb0c79647bfd8aee8d99aed60795a84c4cd864db56825
QX-00010,110,XL-00119,BDZ-00205,BDZ-00054,660,119.4595442,32.99,39.40970363,0,,24.95593023,True,critical_connectivity_cut,capacity_network_contingency_screen_no_impedance,not_propagated_without_approved_network_node_and_synchronous_flow_mapping,network_lines_110kv.csv+transformer_master.csv+real_plan_actions.csv+real_plan_dispatch_playback.csv.gz,电网建模数据_Agent整合版_V1.2,"internal current-capacity, topology-cut and transformer remaining-capacity contingency screen",real_2025_internal_capacity_network_screen,internal_topology_capacity_screen,78b6a476a4210567b65bb0c79647bfd8aee8d99aed60795a84c4cd864db56825
QX-00010,110,XL-00120,BDZ-00205,BDZ-00089,1060,191.859268,14.23,27.30157383,0,,23.75878229,False,no_obvious_capacity_pressure,capacity_network_contingency_screen_no_impedance,not_propagated_without_approved_network_node_and_synchronous_flow_mapping,network_lines_110kv.csv+transformer_master.csv+real_plan_actions.csv+real_plan_dispatch_playback.csv.gz,电网建模数据_Agent整合版_V1.2,"internal current-capacity, topology-cut and transformer remaining-capacity contingency screen",real_2025_internal_capacity_network_screen,internal_topology_capacity_screen,78b6a476a4210567b65bb0c79647bfd8aee8d99aed60795a84c4cd864db56825
QX-00010,110,XL-00121,BDZ-00205,BDZ-00097,660,119.4595442,23.56,28.14466861,0,,24.95593023,True,critical_connectivity_cut,capacity_network_contingency_screen_no_impedance,not_propagated_without_approved_network_node_and_synchronous_flow_mapping,network_lines_110kv.csv+transformer_master.csv+real_plan_actions.csv+real_plan_dispatch_playback.csv.gz,电网建模数据_Agent整合版_V1.2,"internal current-capacity, topology-cut and transformer remaining-capacity contingency screen",real_2025_internal_capacity_network_screen,internal_topology_capacity_screen,78b6a476a4210567b65bb0c79647bfd8aee8d99aed60795a84c4cd864db56825
QX-00010,110,XL-00122,BDZ-00205,BDZ-00099,660,119.4595442,11.57,13.82146926,0,,25.39692294,False,no_obvious_capacity_pressure,capacity_network_contingency_screen_no_impedance,not_propagated_without_approved_network_node_and_synchronous_flow_mapping,network_lines_110kv.csv+transformer_master.csv+real_plan_actions.csv+real_plan_dispatch_playback.csv.gz,电网建模数据_Agent整合版_V1.2,"internal current-capacity, topology-cut and transformer remaining-capacity contingency screen",real_2025_internal_capacity_network_screen,internal_topology_capacity_screen,78b6a476a4210567b65bb0c79647bfd8aee8d99aed60795a84c4cd864db56825
QX-00010,110,XL-00123,BDZ-00205,BDZ-00011,660,119.4595442,9.86,11.77871106,0,,23.83030928,False,no_obvious_capacity_pressure,capacity_network_contingency_screen_no_impedance,not_propagated_without_approved_network_node_and_synchronous_flow_mapping,network_lines_110kv.csv+transformer_master.csv+real_plan_actions.csv+real_plan_dispatch_playback.csv.gz,电网建模数据_Agent整合版_V1.2,"internal current-capacity, topology-cut and transformer remaining-capacity contingency screen",real_2025_internal_capacity_network_screen,internal_topology_capacity_screen,78b6a476a4210567b65bb0c79647bfd8aee8d99aed60795a84c4cd864db56825
QX-00010,110,XL-00124,BDZ-00205,BDZ-00179,1060,191.859268,30.73,58.95835304,0,,27.20927477,False,no_obvious_capacity_pressure,capacity_network_contingency_screen_no_impedance,not_propagated_without_approved_network_node_and_synchronous_flow_mapping,network_lines_110kv.csv+transformer_master.csv+real_plan_actions.csv+real_plan_dispatch_playback.csv.gz,电网建模数据_Agent整合版_V1.2,"internal current-capacity, topology-cut and transformer remaining-capacity contingency screen",real_2025_internal_capacity_network_screen,internal_topology_capacity_screen,78b6a476a4210567b65bb0c79647bfd8aee8d99aed60795a84c4cd864db56825
QX-00010,110,XL-00125,BDZ-00205,BDZ-00185,1060,191.859268,27.97,53.66303725,0,,25.3505057,False,no_obvious_capacity_pressure,capacity_network_contingency_screen_no_impedance,not_propagated_without_approved_network_node_and_synchronous_flow_mapping,network_lines_110kv.csv+transformer_master.csv+real_plan_actions.csv+real_plan_dispatch_playback.csv.gz,电网建模数据_Agent整合版_V1.2,"internal current-capacity, topology-cut and transformer remaining-capacity contingency screen",real_2025_internal_capacity_network_screen,internal_topology_capacity_screen,78b6a476a4210567b65bb0c79647bfd8aee8d99aed60795a84c4cd864db56825
QX-00010,110,XL-00132,BDZ-00207,BDZ-00009,1060,191.859268,17.67,33.90153265,0,,44.24595345,False,no_obvious_capacity_pressure,capacity_network_contingency_screen_no_impedance,not_propagated_without_approved_network_node_and_synchronous_flow_mapping,network_lines_110kv.csv+transformer_master.csv+real_plan_actions.csv+real_plan_dispatch_playback.csv.gz,电网建模数据_Agent整合版_V1.2,"internal current-capacity, topology-cut and transformer remaining-capacity contingency screen",real_2025_internal_capacity_network_screen,internal_topology_capacity_screen,78b6a476a4210567b65bb0c79647bfd8aee8d99aed60795a84c4cd864db56825
QX-00010,110,XL-00133,BDZ-00207,BDZ-00099,511,92.4906471,29.85,27.60845816,0,,40.34161578,False,no_obvious_capacity_pressure,capacity_network_contingency_screen_no_impedance,not_propagated_without_approved_network_node_and_synchronous_flow_mapping,network_lines_110kv.csv+transformer_master.csv+real_plan_actions.csv+real_plan_dispatch_playback.csv.gz,电网建模数据_Agent整合版_V1.2,"internal current-capacity, topology-cut and transformer remaining-capacity contingency screen",real_2025_internal_capacity_network_screen,internal_topology_capacity_screen,78b6a476a4210567b65bb0c79647bfd8aee8d99aed60795a84c4cd864db56825
QX-00010,110,XL-00134,BDZ-00207,BDZ-00145,445,80.54469268,63.93,51.49222203,0,,38.98050922,False,no_obvious_capacity_pressure,capacity_network_contingency_screen_no_impedance,not_propagated_without_approved_network_node_and_synchronous_flow_mapping,network_lines_110kv.csv+transformer_master.csv+real_plan_actions.csv+real_plan_dispatch_playback.csv.gz,电网建模数据_Agent整合版_V1.2,"internal current-capacity, topology-cut and transformer remaining-capacity contingency screen",real_2025_internal_capacity_network_screen,internal_topology_capacity_screen,78b6a476a4210567b65bb0c79647bfd8aee8d99aed60795a84c4cd864db56825
QX-00010,110,XL-00135,BDZ-00207,BDZ-00035,660,119.4595442,43.44,51.893226,0,,43.56697964,False,no_obvious_capacity_pressure,capacity_network_contingency_screen_no_impedance,not_propagated_without_approved_network_node_and_synchronous_flow_mapping,network_lines_110kv.csv+transformer_master.csv+real_plan_actions.csv+real_plan_dispatch_playback.csv.gz,电网建模数据_Agent整合版_V1.2,"internal current-capacity, topology-cut and transformer remaining-capacity contingency screen",real_2025_internal_capacity_network_screen,internal_topology_capacity_screen,78b6a476a4210567b65bb0c79647bfd8aee8d99aed60795a84c4cd864db56825
QX-00010,110,XL-00136,BDZ-00207,BDZ-00179,660,119.4595442,70.31,83.99200553,0,,35.0596562,False,no_obvious_capacity_pressure,capacity_network_contingency_screen_no_impedance,not_propagated_without_approved_network_node_and_synchronous_flow_mapping,network_lines_110kv.csv+transformer_master.csv+real_plan_actions.csv+real_plan_dispatch_playback.csv.gz,电网建模数据_Agent整合版_V1.2,"internal current-capacity, topology-cut and transformer remaining-capacity contingency screen",real_2025_internal_capacity_network_screen,internal_topology_capacity_screen,78b6a476a4210567b65bb0c79647bfd8aee8d99aed60795a84c4cd864db56825
QX-00010,110,XL-00172,BDZ-00214,BDZ-00080,445,80.54469268,44.94,36.19678489,0,,44.44516018,False,no_obvious_capacity_pressure,capacity_network_contingency_screen_no_impedance,not_propagated_without_approved_network_node_and_synchronous_flow_mapping,network_lines_110kv.csv+transformer_master.csv+real_plan_actions.csv+real_plan_dispatch_playback.csv.gz,电网建模数据_Agent整合版_V1.2,"internal current-capacity, topology-cut and transformer remaining-capacity contingency screen",real_2025_internal_capacity_network_screen,internal_topology_capacity_screen,78b6a476a4210567b65bb0c79647bfd8aee8d99aed60795a84c4cd864db56825
QX-00010,110,XL-00173,BDZ-00214,BDZ-00109,376,68.05574033,66.15,45.01887223,0,,39.77153717,False,no_obvious_capacity_pressure,capacity_network_contingency_screen_no_impedance,not_propagated_without_approved_network_node_and_synchronous_flow_mapping,network_lines_110kv.csv+transformer_master.csv+real_plan_actions.csv+real_plan_dispatch_playback.csv.gz,电网建模数据_Agent整合版_V1.2,"internal current-capacity, topology-cut and transformer remaining-capacity contingency screen",real_2025_internal_capacity_network_screen,internal_topology_capacity_screen,78b6a476a4210567b65bb0c79647bfd8aee8d99aed60795a84c4cd864db56825
QX-00010,110,XL-00174,BDZ-00214,BDZ-00089,660,119.4595442,0,0,0,,35.7913578,False,no_obvious_capacity_pressure,capacity_network_contingency_screen_no_impedance,not_propagated_without_approved_network_node_and_synchronous_flow_mapping,network_lines_110kv.csv+transformer_master.csv+real_plan_actions.csv+real_plan_dispatch_playback.csv.gz,电网建模数据_Agent整合版_V1.2,"internal current-capacity, topology-cut and transformer remaining-capacity contingency screen",real_2025_internal_capacity_network_screen,internal_topology_capacity_screen,78b6a476a4210567b65bb0c79647bfd8aee8d99aed60795a84c4cd864db56825
QX-00010,110,XL-00175,BDZ-00214,BDZ-00090,511,92.4906471,11.77,10.88614916,0,,37.84332666,False,no_obvious_capacity_pressure,capacity_network_contingency_screen_no_impedance,not_propagated_without_approved_network_node_and_synchronous_flow_mapping,network_lines_110kv.csv+transformer_master.csv+real_plan_actions.csv+real_plan_dispatch_playback.csv.gz,电网建模数据_Agent整合版_V1.2,"internal current-capacity, topology-cut and transformer remaining-capacity contingency screen",real_2025_internal_capacity_network_screen,internal_topology_capacity_screen,78b6a476a4210567b65bb0c79647bfd8aee8d99aed60795a84c4cd864db56825
QX-00010,110,XL-00176,BDZ-00214,BDZ-00120,376,68.05574033,63.01,42.88192198,0,,39.10810839,False,no_obvious_capacity_pressure,capacity_network_contingency_screen_no_impedance,not_propagated_without_approved_network_node_and_synchronous_flow_mapping,network_lines_110kv.csv+transformer_master.csv+real_plan_actions.csv+real_plan_dispatch_playback.csv.gz,电网建模数据_Agent整合版_V1.2,"internal current-capacity, topology-cut and transformer remaining-capacity contingency screen",real_2025_internal_capacity_network_screen,internal_topology_capacity_screen,78b6a476a4210567b65bb0c79647bfd8aee8d99aed60795a84c4cd864db56825
QX-00010,110,XL-00177,BDZ-00214,BDZ-00133,376,68.05574033,40.57,27.61021385,0,,43.27903032,False,no_obvious_capacity_pressure,capacity_network_contingency_screen_no_impedance,not_propagated_without_approved_network_node_and_synchronous_flow_mapping,network_lines_110kv.csv+transformer_master.csv+real_plan_actions.csv+real_plan_dispatch_playback.csv.gz,电网建模数据_Agent整合版_V1.2,"internal current-capacity, topology-cut and transformer remaining-capacity contingency screen",real_2025_internal_capacity_network_screen,internal_topology_capacity_screen,78b6a476a4210567b65bb0c79647bfd8aee8d99aed60795a84c4cd864db56825
QX-00010,110,XL-00178,BDZ-00214,BDZ-00160,376,68.05574033,40.02,27.23590728,68.05574033,91.83,39.85875962,False,no_obvious_capacity_pressure,capacity_network_contingency_screen_no_impedance,not_propagated_without_approved_network_node_and_synchronous_flow_mapping,network_lines_110kv.csv+transformer_master.csv+real_plan_actions.csv+real_plan_dispatch_playback.csv.gz,电网建模数据_Agent整合版_V1.2,"internal current-capacity, topology-cut and transformer remaining-capacity contingency screen",real_2025_internal_capacity_network_screen,internal_topology_capacity_screen,78b6a476a4210567b65bb0c79647bfd8aee8d99aed60795a84c4cd864db56825
QX-00010,110,XL-00179,BDZ-00214,BDZ-00160,376,68.05574033,51.81,35.25967907,68.05574033,91.83,39.85875962,False,no_obvious_capacity_pressure,capacity_network_contingency_screen_no_impedance,not_propagated_without_approved_network_node_and_synchronous_flow_mapping,network_lines_110kv.csv+transformer_master.csv+real_plan_actions.csv+real_plan_dispatch_playback.csv.gz,电网建模数据_Agent整合版_V1.2,"internal current-capacity, topology-cut and transformer remaining-capacity contingency screen",real_2025_internal_capacity_network_screen,internal_topology_capacity_screen,78b6a476a4210567b65bb0c79647bfd8aee8d99aed60795a84c4cd864db56825
QX-00010,110,XL-00223,BDZ-00108,BDZ-00120,660,119.4595442,33.58,40.11451494,119.4595442,58.51,54.95022186,False,no_obvious_capacity_pressure,capacity_network_contingency_screen_no_impedance,not_propagated_without_approved_network_node_and_synchronous_flow_mapping,network_lines_110kv.csv+transformer_master.csv+real_plan_actions.csv+real_plan_dispatch_playback.csv.gz,电网建模数据_Agent整合版_V1.2,"internal current-capacity, topology-cut and transformer remaining-capacity contingency screen",real_2025_internal_capacity_network_screen,internal_topology_capacity_screen,78b6a476a4210567b65bb0c79647bfd8aee8d99aed60795a84c4cd864db56825
QX-00010,110,XL-00224,BDZ-00108,BDZ-00120,660,119.4595442,24.93,29.78126437,119.4595442,58.51,54.95022186,False,no_obvious_capacity_pressure,capacity_network_contingency_screen_no_impedance,not_propagated_without_approved_network_node_and_synchronous_flow_mapping,network_lines_110kv.csv+transformer_master.csv+real_plan_actions.csv+real_plan_dispatch_playback.csv.gz,电网建模数据_Agent整合版_V1.2,"internal current-capacity, topology-cut and transformer remaining-capacity contingency screen",real_2025_internal_capacity_network_screen,internal_topology_capacity_screen,78b6a476a4210567b65bb0c79647bfd8aee8d99aed60795a84c4cd864db56825
QX-00010,110,XL-00278,BDZ-00145,BDZ-00009,1060,191.859268,15.46,29.66144283,0,,43.74677831,False,no_obvious_capacity_pressure,capacity_network_contingency_screen_no_impedance,not_propagated_without_approved_network_node_and_synchronous_flow_mapping,network_lines_110kv.csv+transformer_master.csv+real_plan_actions.csv+real_plan_dispatch_playback.csv.gz,电网建模数据_Agent整合版_V1.2,"internal current-capacity, topology-cut and transformer remaining-capacity contingency screen",real_2025_internal_capacity_network_screen,internal_topology_capacity_screen,78b6a476a4210567b65bb0c79647bfd8aee8d99aed60795a84c4cd864db56825
QX-00010,110,XL-00309,BDZ-00234,BDZ-00049,511,92.4906471,33.31,30.80863455,0,,44.21199333,False,no_obvious_capacity_pressure,capacity_network_contingency_screen_no_impedance,not_propagated_without_approved_network_node_and_synchronous_flow_mapping,network_lines_110kv.csv+transformer_master.csv+real_plan_actions.csv+real_plan_dispatch_playback.csv.gz,电网建模数据_Agent整合版_V1.2,"internal current-capacity, topology-cut and transformer remaining-capacity contingency screen",real_2025_internal_capacity_network_screen,internal_topology_capacity_screen,78b6a476a4210567b65bb0c79647bfd8aee8d99aed60795a84c4cd864db56825
QX-00010,110,XL-00310,BDZ-00234,BDZ-00080,445,80.54469268,69.71,56.14770527,0,,41.41720775,False,no_obvious_capacity_pressure,capacity_network_contingency_screen_no_impedance,not_propagated_without_approved_network_node_and_synchronous_flow_mapping,network_lines_110kv.csv+transformer_master.csv+real_plan_actions.csv+real_plan_dispatch_playback.csv.gz,电网建模数据_Agent整合版_V1.2,"internal current-capacity, topology-cut and transformer remaining-capacity contingency screen",real_2025_internal_capacity_network_screen,internal_topology_capacity_screen,78b6a476a4210567b65bb0c79647bfd8aee8d99aed60795a84c4cd864db56825
QX-00010,110,XL-00311,BDZ-00234,BDZ-00109,445,80.54469268,39.16,31.54130165,0,,42.65887907,False,no_obvious_capacity_pressure,capacity_network_contingency_screen_no_impedance,not_propagated_without_approved_network_node_and_synchronous_flow_mapping,network_lines_110kv.csv+transformer_master.csv+real_plan_actions.csv+real_plan_dispatch_playback.csv.gz,电网建模数据_Agent整合版_V1.2,"internal current-capacity, topology-cut and transformer remaining-capacity contingency screen",real_2025_internal_capacity_network_screen,internal_topology_capacity_screen,78b6a476a4210567b65bb0c79647bfd8aee8d99aed60795a84c4cd864db56825
QX-00010,110,XL-00312,BDZ-00234,BDZ-00207,445,80.54469268,30.11,24.25200697,0,,41.17468597,False,no_obvious_capacity_pressure,capacity_network_contingency_screen_no_impedance,not_propagated_without_approved_network_node_and_synchronous_flow_mapping,network_lines_110kv.csv+transformer_master.csv+real_plan_actions.csv+real_plan_dispatch_playback.csv.gz,电网建模数据_Agent整合版_V1.2,"internal current-capacity, topology-cut and transformer remaining-capacity contingency screen",real_2025_internal_capacity_network_screen,internal_topology_capacity_screen,78b6a476a4210567b65bb0c79647bfd8aee8d99aed60795a84c4cd864db56825
QX-00010,110,XL-00313,BDZ-00234,BDZ-00108,511,92.4906471,41.58,38.45761106,92.4906471,90.16,39.32175088,False,no_obvious_capacity_pressure,capacity_network_contingency_screen_no_impedance,not_propagated_without_approved_network_node_and_synchronous_flow_mapping,network_lines_110kv.csv+transformer_master.csv+real_plan_actions.csv+real_plan_dispatch_playback.csv.gz,电网建模数据_Agent整合版_V1.2,"internal current-capacity, topology-cut and transformer remaining-capacity contingency screen",real_2025_internal_capacity_network_screen,internal_topology_capacity_screen,78b6a476a4210567b65bb0c79647bfd8aee8d99aed60795a84c4cd864db56825
QX-00010,110,XL-00314,BDZ-00234,BDZ-00108,511,92.4906471,48.58,44.93195636,92.4906471,90.16,39.32175088,False,no_obvious_capacity_pressure,capacity_network_contingency_screen_no_impedance,not_propagated_without_approved_network_node_and_synchronous_flow_mapping,network_lines_110kv.csv+transformer_master.csv+real_plan_actions.csv+real_plan_dispatch_playback.csv.gz,电网建模数据_Agent整合版_V1.2,"internal current-capacity, topology-cut and transformer remaining-capacity contingency screen",real_2025_internal_capacity_network_screen,internal_topology_capacity_screen,78b6a476a4210567b65bb0c79647bfd8aee8d99aed60795a84c4cd864db56825
QX-00010,110,XL-00315,BDZ-00234,BDZ-00122,445,80.54469268,43.08,34.69865361,0,,38.42998698,False,no_obvious_capacity_pressure,capacity_network_contingency_screen_no_impedance,not_propagated_without_approved_network_node_and_synchronous_flow_mapping,network_lines_110kv.csv+transformer_master.csv+real_plan_actions.csv+real_plan_dispatch_playback.csv.gz,电网建模数据_Agent整合版_V1.2,"internal current-capacity, topology-cut and transformer remaining-capacity contingency screen",real_2025_internal_capacity_network_screen,internal_topology_capacity_screen,78b6a476a4210567b65bb0c79647bfd8aee8d99aed60795a84c4cd864db56825
QX-00010,110,XL-00316,BDZ-00234,BDZ-00133,376,68.05574033,71.66,48.76874352,0,,40.66371665,False,no_obvious_capacity_pressure,capacity_network_contingency_screen_no_impedance,not_propagated_without_approved_network_node_and_synchronous_flow_mapping,network_lines_110kv.csv+transformer_master.csv+real_plan_actions.csv+real_plan_dispatch_playback.csv.gz,电网建模数据_Agent整合版_V1.2,"internal current-capacity, topology-cut and transformer remaining-capacity contingency screen",real_2025_internal_capacity_network_screen,internal_topology_capacity_screen,78b6a476a4210567b65bb0c79647bfd8aee8d99aed60795a84c4cd864db56825
QX-00010,110,XL-00317,BDZ-00234,BDZ-00145,376,68.05574033,49.79,33.88495311,0,,38.46476633,False,no_obvious_capacity_pressure,capacity_network_contingency_screen_no_impedance,not_propagated_without_approved_network_node_and_synchronous_flow_mapping,network_lines_110kv.csv+transformer_master.csv+real_plan_actions.csv+real_plan_dispatch_playback.csv.gz,电网建模数据_Agent整合版_V1.2,"internal current-capacity, topology-cut and transformer remaining-capacity contingency screen",real_2025_internal_capacity_network_screen,internal_topology_capacity_screen,78b6a476a4210567b65bb0c79647bfd8aee8d99aed60795a84c4cd864db56825
QX-00010,110,XL-00318,BDZ-00234,BDZ-00035,660,119.4595442,20.94,25.01482856,0,,42.7946061,False,no_obvious_capacity_pressure,capacity_network_contingency_screen_no_impedance,not_propagated_without_approved_network_node_and_synchronous_flow_mapping,network_lines_110kv.csv+transformer_master.csv+real_plan_actions.csv+real_plan_dispatch_playback.csv.gz,电网建模数据_Agent整合版_V1.2,"internal current-capacity, topology-cut and transformer remaining-capacity contingency screen",real_2025_internal_capacity_network_screen,internal_topology_capacity_screen,78b6a476a4210567b65bb0c79647bfd8aee8d99aed60795a84c4cd864db56825
QX-00010,110,XL-00342,BDZ-00241,BDZ-00368,660,119.4595442,42.44,50.69863056,0,,36.77109837,True,critical_connectivity_cut,capacity_network_contingency_screen_no_impedance,not_propagated_without_approved_network_node_and_synchronous_flow_mapping,network_lines_110kv.csv+transformer_master.csv+real_plan_actions.csv+real_plan_dispatch_playback.csv.gz,电网建模数据_Agent整合版_V1.2,"internal current-capacity, topology-cut and transformer remaining-capacity contingency screen",real_2025_internal_capacity_network_screen,internal_topology_capacity_screen,78b6a476a4210567b65bb0c79647bfd8aee8d99aed60795a84c4cd864db56825
QX-00010,110,XL-00343,BDZ-00241,BDZ-00090,511,92.4906471,15.54,14.37304656,0,,31.3446849,False,no_obvious_capacity_pressure,capacity_network_contingency_screen_no_impedance,not_propagated_without_approved_network_node_and_synchronous_flow_mapping,network_lines_110kv.csv+transformer_master.csv+real_plan_actions.csv+real_plan_dispatch_playback.csv.gz,电网建模数据_Agent整合版_V1.2,"internal current-capacity, topology-cut and transformer remaining-capacity contingency screen",real_2025_internal_capacity_network_screen,internal_topology_capacity_screen,78b6a476a4210567b65bb0c79647bfd8aee8d99aed60795a84c4cd864db56825
QX-00010,110,XL-00344,BDZ-00241,BDZ-00168,511,92.4906471,8.35,7.722969033,92.4906471,22.4,34.85070102,False,no_obvious_capacity_pressure,capacity_network_contingency_screen_no_impedance,not_propagated_without_approved_network_node_and_synchronous_flow_mapping,network_lines_110kv.csv+transformer_master.csv+real_plan_actions.csv+real_plan_dispatch_playback.csv.gz,电网建模数据_Agent整合版_V1.2,"internal current-capacity, topology-cut and transformer remaining-capacity contingency screen",real_2025_internal_capacity_network_screen,internal_topology_capacity_screen,78b6a476a4210567b65bb0c79647bfd8aee8d99aed60795a84c4cd864db56825
QX-00010,110,XL-00345,BDZ-00241,BDZ-00168,511,92.4906471,14.05,12.99493592,92.4906471,22.4,34.85070102,False,no_obvious_capacity_pressure,capacity_network_contingency_screen_no_impedance,not_propagated_without_approved_network_node_and_synchronous_flow_mapping,network_lines_110kv.csv+transformer_master.csv+real_plan_actions.csv+real_plan_dispatch_playback.csv.gz,电网建模数据_Agent整合版_V1.2,"internal current-capacity, topology-cut and transformer remaining-capacity contingency screen",real_2025_internal_capacity_network_screen,internal_topology_capacity_screen,78b6a476a4210567b65bb0c79647bfd8aee8d99aed60795a84c4cd864db56825
QX-00010,110,XL-00346,BDZ-00241,BDZ-00011,660,119.4595442,15.03,17.95476949,0,,31.49127527,False,no_obvious_capacity_pressure,capacity_network_contingency_screen_no_impedance,not_propagated_without_approved_network_node_and_synchronous_flow_mapping,network_lines_110kv.csv+transformer_master.csv+real_plan_actions.csv+real_plan_dispatch_playback.csv.gz,电网建模数据_Agent整合版_V1.2,"internal current-capacity, topology-cut and transformer remaining-capacity contingency screen",real_2025_internal_capacity_network_screen,internal_topology_capacity_screen,78b6a476a4210567b65bb0c79647bfd8aee8d99aed60795a84c4cd864db56825
QX-00010,110,XL-00347,BDZ-00241,BDZ-00044,511,92.4906471,82.41,76.22154227,0,,32.14706803,True,critical_connectivity_cut,capacity_network_contingency_screen_no_impedance,not_propagated_without_approved_network_node_and_synchronous_flow_mapping,network_lines_110kv.csv+transformer_master.csv+real_plan_actions.csv+real_plan_dispatch_playback.csv.gz,电网建模数据_Agent整合版_V1.2,"internal current-capacity, topology-cut and transformer remaining-capacity contingency screen",real_2025_internal_capacity_network_screen,internal_topology_capacity_screen,78b6a476a4210567b65bb0c79647bfd8aee8d99aed60795a84c4cd864db56825
QX-00010,110,XL-00355,BDZ-00179,BDZ-00355,511,92.4906471,2.03,1.877560136,0,,34.93173529,True,critical_connectivity_cut,capacity_network_contingency_screen_no_impedance,not_propagated_without_approved_network_node_and_synchronous_flow_mapping,network_lines_110kv.csv+transformer_master.csv+real_plan_actions.csv+real_plan_dispatch_playback.csv.gz,电网建模数据_Agent整合版_V1.2,"internal current-capacity, topology-cut and transformer remaining-capacity contingency screen",real_2025_internal_capacity_network_screen,internal_topology_capacity_screen,78b6a476a4210567b65bb0c79647bfd8aee8d99aed60795a84c4cd864db56825
QX-00010,110,XL-00356,BDZ-00179,BDZ-00366,660,119.4595442,4.73,5.650436441,0,,37.26469296,True,critical_connectivity_cut,capacity_network_contingency_screen_no_impedance,not_propagated_without_approved_network_node_and_synchronous_flow_mapping,network_lines_110kv.csv+transformer_master.csv+real_plan_actions.csv+real_plan_dispatch_playback.csv.gz,电网建模数据_Agent整合版_V1.2,"internal current-capacity, topology-cut and transformer remaining-capacity contingency screen",real_2025_internal_capacity_network_screen,internal_topology_capacity_screen,78b6a476a4210567b65bb0c79647bfd8aee8d99aed60795a84c4cd864db56825
QX-00010,110,XL-00358,BDZ-00185,BDZ-00157,511,92.4906471,24.08,22.27174782,92.4906471,48.16,28.24924363,False,no_obvious_capacity_pressure,capacity_network_contingency_screen_no_impedance,not_propagated_without_approved_network_node_and_synchronous_flow_mapping,network_lines_110kv.csv+transformer_master.csv+real_plan_actions.csv+real_plan_dispatch_playback.csv.gz,电网建模数据_Agent整合版_V1.2,"internal current-capacity, topology-cut and transformer remaining-capacity contingency screen",real_2025_internal_capacity_network_screen,internal_topology_capacity_screen,78b6a476a4210567b65bb0c79647bfd8aee8d99aed60795a84c4cd864db56825
QX-00010,110,XL-00359,BDZ-00185,BDZ-00157,511,92.4906471,24.08,22.27174782,92.4906471,48.16,28.24924363,False,no_obvious_capacity_pressure,capacity_network_contingency_screen_no_impedance,not_propagated_without_approved_network_node_and_synchronous_flow_mapping,network_lines_110kv.csv+transformer_master.csv+real_plan_actions.csv+real_plan_dispatch_playback.csv.gz,电网建模数据_Agent整合版_V1.2,"internal current-capacity, topology-cut and transformer remaining-capacity contingency screen",real_2025_internal_capacity_network_screen,internal_topology_capacity_screen,78b6a476a4210567b65bb0c79647bfd8aee8d99aed60795a84c4cd864db56825
