region_id,voltage_kv,station_id,transformer_uid,unit_id,capacity_mva,operation_mode,forward_peak_static_mw,reverse_peak_static_mw,forward_limit_mw,reverse_beta_split,reverse_limit_split_mw,forward_gap_static_mw,reverse_gap_split_static_mw,source_ref,source_version,transformation,scenario_id,quality_flag,source_sha256
QX-00001,35,BDZ-00249,QX-00001|35|BDZ-00249|#1,#1,20,unknown,13.11,19.24,19,0.8,15.2,0,4.04,transformer_master.csv+transformer_static_load.csv,电网建模数据_Agent整合版_V1.2,apply device-level forward S*cos(phi) and split/single reverse 0.8*S*cos(phi),real_2025_baseline,static_device_screen_not_synchronous,6f5703efcd735cc3517531ecdd1cf4c5108a7181917c904d976287a9c7390249
QX-00001,35,BDZ-00249,QX-00001|35|BDZ-00249|#2,#2,20,unknown,16.98,17.43,19,0.8,15.2,0,2.23,transformer_master.csv+transformer_static_load.csv,电网建模数据_Agent整合版_V1.2,apply device-level forward S*cos(phi) and split/single reverse 0.8*S*cos(phi),real_2025_baseline,static_device_screen_not_synchronous,6f5703efcd735cc3517531ecdd1cf4c5108a7181917c904d976287a9c7390249
QX-00001,35,BDZ-00252,QX-00001|35|BDZ-00252|#1,#1,20,unknown,11.27,4.6,19,0.8,15.2,0,0,transformer_master.csv+transformer_static_load.csv,电网建模数据_Agent整合版_V1.2,apply device-level forward S*cos(phi) and split/single reverse 0.8*S*cos(phi),real_2025_baseline,static_device_screen_not_synchronous,6f5703efcd735cc3517531ecdd1cf4c5108a7181917c904d976287a9c7390249
QX-00001,35,BDZ-00252,QX-00001|35|BDZ-00252|#2,#2,20,unknown,14.46,4.44,19,0.8,15.2,0,0,transformer_master.csv+transformer_static_load.csv,电网建模数据_Agent整合版_V1.2,apply device-level forward S*cos(phi) and split/single reverse 0.8*S*cos(phi),real_2025_baseline,static_device_screen_not_synchronous,6f5703efcd735cc3517531ecdd1cf4c5108a7181917c904d976287a9c7390249
QX-00001,35,BDZ-00261,QX-00001|35|BDZ-00261|#1,#1,8,unknown,2.18,-0,7.6,0.8,6.08,0,0,transformer_master.csv+transformer_static_load.csv,电网建模数据_Agent整合版_V1.2,apply device-level forward S*cos(phi) and split/single reverse 0.8*S*cos(phi),real_2025_baseline,static_device_screen_not_synchronous,6f5703efcd735cc3517531ecdd1cf4c5108a7181917c904d976287a9c7390249
QX-00001,35,BDZ-00261,QX-00001|35|BDZ-00261|#2,#2,12.5,unknown,11.4,9.47,11.875,0.8,9.5,0,0,transformer_master.csv+transformer_static_load.csv,电网建模数据_Agent整合版_V1.2,apply device-level forward S*cos(phi) and split/single reverse 0.8*S*cos(phi),real_2025_baseline,static_device_screen_not_synchronous,6f5703efcd735cc3517531ecdd1cf4c5108a7181917c904d976287a9c7390249
QX-00001,35,BDZ-00275,QX-00001|35|BDZ-00275|#1,#1,20,unknown,12.34,3.33,19,0.8,15.2,0,0,transformer_master.csv+transformer_static_load.csv,电网建模数据_Agent整合版_V1.2,apply device-level forward S*cos(phi) and split/single reverse 0.8*S*cos(phi),real_2025_baseline,static_device_screen_not_synchronous,6f5703efcd735cc3517531ecdd1cf4c5108a7181917c904d976287a9c7390249
QX-00001,35,BDZ-00275,QX-00001|35|BDZ-00275|#2,#2,20,unknown,11.19,7.21,19,0.8,15.2,0,0,transformer_master.csv+transformer_static_load.csv,电网建模数据_Agent整合版_V1.2,apply device-level forward S*cos(phi) and split/single reverse 0.8*S*cos(phi),real_2025_baseline,static_device_screen_not_synchronous,6f5703efcd735cc3517531ecdd1cf4c5108a7181917c904d976287a9c7390249
QX-00001,35,BDZ-00279,QX-00001|35|BDZ-00279|#1,#1,10,unknown,7.18,7.64,9.5,0.8,7.6,0,0.04,transformer_master.csv+transformer_static_load.csv,电网建模数据_Agent整合版_V1.2,apply device-level forward S*cos(phi) and split/single reverse 0.8*S*cos(phi),real_2025_baseline,static_device_screen_not_synchronous,6f5703efcd735cc3517531ecdd1cf4c5108a7181917c904d976287a9c7390249
QX-00001,35,BDZ-00279,QX-00001|35|BDZ-00279|#2,#2,20,unknown,4.69,7.32,19,0.8,15.2,0,0,transformer_master.csv+transformer_static_load.csv,电网建模数据_Agent整合版_V1.2,apply device-level forward S*cos(phi) and split/single reverse 0.8*S*cos(phi),real_2025_baseline,static_device_screen_not_synchronous,6f5703efcd735cc3517531ecdd1cf4c5108a7181917c904d976287a9c7390249
QX-00001,35,BDZ-00298,QX-00001|35|BDZ-00298|#1,#1,20,unknown,13.75,12.07,19,0.8,15.2,0,0,transformer_master.csv+transformer_static_load.csv,电网建模数据_Agent整合版_V1.2,apply device-level forward S*cos(phi) and split/single reverse 0.8*S*cos(phi),real_2025_baseline,static_device_screen_not_synchronous,6f5703efcd735cc3517531ecdd1cf4c5108a7181917c904d976287a9c7390249
QX-00001,35,BDZ-00298,QX-00001|35|BDZ-00298|#2,#2,10,unknown,8.51,9.71,9.5,0.8,7.6,0,2.11,transformer_master.csv+transformer_static_load.csv,电网建模数据_Agent整合版_V1.2,apply device-level forward S*cos(phi) and split/single reverse 0.8*S*cos(phi),real_2025_baseline,static_device_screen_not_synchronous,6f5703efcd735cc3517531ecdd1cf4c5108a7181917c904d976287a9c7390249
QX-00001,35,BDZ-00299,QX-00001|35|BDZ-00299|#1,#1,16,unknown,14.5,2.25,15.2,0.8,12.16,0,0,transformer_master.csv+transformer_static_load.csv,电网建模数据_Agent整合版_V1.2,apply device-level forward S*cos(phi) and split/single reverse 0.8*S*cos(phi),real_2025_baseline,static_device_screen_not_synchronous,6f5703efcd735cc3517531ecdd1cf4c5108a7181917c904d976287a9c7390249
QX-00001,35,BDZ-00299,QX-00001|35|BDZ-00299|#2,#2,20,unknown,15.42,7.74,19,0.8,15.2,0,0,transformer_master.csv+transformer_static_load.csv,电网建模数据_Agent整合版_V1.2,apply device-level forward S*cos(phi) and split/single reverse 0.8*S*cos(phi),real_2025_baseline,static_device_screen_not_synchronous,6f5703efcd735cc3517531ecdd1cf4c5108a7181917c904d976287a9c7390249
QX-00001,35,BDZ-00321,QX-00001|35|BDZ-00321|#1,#1,20,unknown,13.66,1.88,19,0.8,15.2,0,0,transformer_master.csv+transformer_static_load.csv,电网建模数据_Agent整合版_V1.2,apply device-level forward S*cos(phi) and split/single reverse 0.8*S*cos(phi),real_2025_baseline,static_device_screen_not_synchronous,6f5703efcd735cc3517531ecdd1cf4c5108a7181917c904d976287a9c7390249
QX-00001,35,BDZ-00321,QX-00001|35|BDZ-00321|#2,#2,20,unknown,11.31,3.06,19,0.8,15.2,0,0,transformer_master.csv+transformer_static_load.csv,电网建模数据_Agent整合版_V1.2,apply device-level forward S*cos(phi) and split/single reverse 0.8*S*cos(phi),real_2025_baseline,static_device_screen_not_synchronous,6f5703efcd735cc3517531ecdd1cf4c5108a7181917c904d976287a9c7390249
QX-00001,110,BDZ-00015,QX-00001|110|BDZ-00015|#1,#1,50,unknown,8.51,2.68,47.5,0.8,38,0,0,transformer_master.csv+transformer_static_load.csv,电网建模数据_Agent整合版_V1.2,apply device-level forward S*cos(phi) and split/single reverse 0.8*S*cos(phi),real_2025_baseline,static_device_screen_not_synchronous,6f5703efcd735cc3517531ecdd1cf4c5108a7181917c904d976287a9c7390249
QX-00001,110,BDZ-00015,QX-00001|110|BDZ-00015|#2,#2,50,unknown,13.33,3.44,47.5,0.8,38,0,0,transformer_master.csv+transformer_static_load.csv,电网建模数据_Agent整合版_V1.2,apply device-level forward S*cos(phi) and split/single reverse 0.8*S*cos(phi),real_2025_baseline,static_device_screen_not_synchronous,6f5703efcd735cc3517531ecdd1cf4c5108a7181917c904d976287a9c7390249
QX-00001,110,BDZ-00033,QX-00001|110|BDZ-00033|#1,#1,40,unknown,28.01,-0,38,0.8,30.4,0,0,transformer_master.csv+transformer_static_load.csv,电网建模数据_Agent整合版_V1.2,apply device-level forward S*cos(phi) and split/single reverse 0.8*S*cos(phi),real_2025_baseline,static_device_screen_not_synchronous,6f5703efcd735cc3517531ecdd1cf4c5108a7181917c904d976287a9c7390249
QX-00001,110,BDZ-00033,QX-00001|110|BDZ-00033|#2,#2,50,unknown,45.22,19.58,47.5,0.8,38,0,0,transformer_master.csv+transformer_static_load.csv,电网建模数据_Agent整合版_V1.2,apply device-level forward S*cos(phi) and split/single reverse 0.8*S*cos(phi),real_2025_baseline,static_device_screen_not_synchronous,6f5703efcd735cc3517531ecdd1cf4c5108a7181917c904d976287a9c7390249
QX-00001,110,BDZ-00034,QX-00001|110|BDZ-00034|#1,#1,50,unknown,22.63,20.43,47.5,0.8,38,0,0,transformer_master.csv+transformer_static_load.csv,电网建模数据_Agent整合版_V1.2,apply device-level forward S*cos(phi) and split/single reverse 0.8*S*cos(phi),real_2025_baseline,static_device_screen_not_synchronous,6f5703efcd735cc3517531ecdd1cf4c5108a7181917c904d976287a9c7390249
QX-00001,110,BDZ-00034,QX-00001|110|BDZ-00034|#2,#2,50,unknown,25.85,15.28,47.5,0.8,38,0,0,transformer_master.csv+transformer_static_load.csv,电网建模数据_Agent整合版_V1.2,apply device-level forward S*cos(phi) and split/single reverse 0.8*S*cos(phi),real_2025_baseline,static_device_screen_not_synchronous,6f5703efcd735cc3517531ecdd1cf4c5108a7181917c904d976287a9c7390249
QX-00001,110,BDZ-00046,QX-00001|110|BDZ-00046|#1,#1,80,unknown,58.44,-0,76,0.8,60.8,0,0,transformer_master.csv+transformer_static_load.csv,电网建模数据_Agent整合版_V1.2,apply device-level forward S*cos(phi) and split/single reverse 0.8*S*cos(phi),real_2025_baseline,static_device_screen_not_synchronous,6f5703efcd735cc3517531ecdd1cf4c5108a7181917c904d976287a9c7390249
QX-00001,110,BDZ-00046,QX-00001|110|BDZ-00046|#2,#2,50,unknown,40.65,0,47.5,0.8,38,0,0,transformer_master.csv+transformer_static_load.csv,电网建模数据_Agent整合版_V1.2,apply device-level forward S*cos(phi) and split/single reverse 0.8*S*cos(phi),real_2025_baseline,static_device_screen_not_synchronous,6f5703efcd735cc3517531ecdd1cf4c5108a7181917c904d976287a9c7390249
QX-00001,110,BDZ-00058,QX-00001|110|BDZ-00058|#1,#1,50,unknown,20.24,13.48,47.5,0.8,38,0,0,transformer_master.csv+transformer_static_load.csv,电网建模数据_Agent整合版_V1.2,apply device-level forward S*cos(phi) and split/single reverse 0.8*S*cos(phi),real_2025_baseline,static_device_screen_not_synchronous,6f5703efcd735cc3517531ecdd1cf4c5108a7181917c904d976287a9c7390249
QX-00001,110,BDZ-00058,QX-00001|110|BDZ-00058|#2,#2,20,unknown,19.3,18.12,19,0.8,15.2,0.3,2.92,transformer_master.csv+transformer_static_load.csv,电网建模数据_Agent整合版_V1.2,apply device-level forward S*cos(phi) and split/single reverse 0.8*S*cos(phi),real_2025_baseline,static_device_screen_not_synchronous,6f5703efcd735cc3517531ecdd1cf4c5108a7181917c904d976287a9c7390249
QX-00001,110,BDZ-00072,QX-00001|110|BDZ-00072|#1,#1,40,unknown,35.55,5,38,0.8,30.4,0,0,transformer_master.csv+transformer_static_load.csv,电网建模数据_Agent整合版_V1.2,apply device-level forward S*cos(phi) and split/single reverse 0.8*S*cos(phi),real_2025_baseline,static_device_screen_not_synchronous,6f5703efcd735cc3517531ecdd1cf4c5108a7181917c904d976287a9c7390249
QX-00001,110,BDZ-00072,QX-00001|110|BDZ-00072|#2,#2,31.5,unknown,13.5,3.05,29.925,0.8,23.94,0,0,transformer_master.csv+transformer_static_load.csv,电网建模数据_Agent整合版_V1.2,apply device-level forward S*cos(phi) and split/single reverse 0.8*S*cos(phi),real_2025_baseline,static_device_screen_not_synchronous,6f5703efcd735cc3517531ecdd1cf4c5108a7181917c904d976287a9c7390249
QX-00001,110,BDZ-00105,QX-00001|110|BDZ-00105|#1,#1,31.5,unknown,39.57,13.74,29.925,0.8,23.94,9.645,0,transformer_master.csv+transformer_static_load.csv,电网建模数据_Agent整合版_V1.2,apply device-level forward S*cos(phi) and split/single reverse 0.8*S*cos(phi),real_2025_baseline,static_device_screen_not_synchronous,6f5703efcd735cc3517531ecdd1cf4c5108a7181917c904d976287a9c7390249
QX-00001,110,BDZ-00105,QX-00001|110|BDZ-00105|#3,#3,80,unknown,46.74,39.57,76,0.8,60.8,0,0,transformer_master.csv+transformer_static_load.csv,电网建模数据_Agent整合版_V1.2,apply device-level forward S*cos(phi) and split/single reverse 0.8*S*cos(phi),real_2025_baseline,static_device_screen_not_synchronous,6f5703efcd735cc3517531ecdd1cf4c5108a7181917c904d976287a9c7390249
QX-00001,110,BDZ-00116,QX-00001|110|BDZ-00116|#1,#1,50,unknown,17.55,30.81,47.5,0.8,38,0,0,transformer_master.csv+transformer_static_load.csv,电网建模数据_Agent整合版_V1.2,apply device-level forward S*cos(phi) and split/single reverse 0.8*S*cos(phi),real_2025_baseline,static_device_screen_not_synchronous,6f5703efcd735cc3517531ecdd1cf4c5108a7181917c904d976287a9c7390249
QX-00001,110,BDZ-00116,QX-00001|110|BDZ-00116|#2,#2,50,unknown,17.82,19.89,47.5,0.8,38,0,0,transformer_master.csv+transformer_static_load.csv,电网建模数据_Agent整合版_V1.2,apply device-level forward S*cos(phi) and split/single reverse 0.8*S*cos(phi),real_2025_baseline,static_device_screen_not_synchronous,6f5703efcd735cc3517531ecdd1cf4c5108a7181917c904d976287a9c7390249
QX-00001,110,BDZ-00117,QX-00001|110|BDZ-00117|#1,#1,31.5,unknown,11.5,12.5,29.925,0.8,23.94,0,0,transformer_master.csv+transformer_static_load.csv,电网建模数据_Agent整合版_V1.2,apply device-level forward S*cos(phi) and split/single reverse 0.8*S*cos(phi),real_2025_baseline,static_device_screen_not_synchronous,6f5703efcd735cc3517531ecdd1cf4c5108a7181917c904d976287a9c7390249
QX-00001,110,BDZ-00117,QX-00001|110|BDZ-00117|#2,#2,31.5,unknown,13.5,14.5,29.925,0.8,23.94,0,0,transformer_master.csv+transformer_static_load.csv,电网建模数据_Agent整合版_V1.2,apply device-level forward S*cos(phi) and split/single reverse 0.8*S*cos(phi),real_2025_baseline,static_device_screen_not_synchronous,6f5703efcd735cc3517531ecdd1cf4c5108a7181917c904d976287a9c7390249
QX-00001,110,BDZ-00123,QX-00001|110|BDZ-00123|#1,#1,63,unknown,29.81,21.66,59.85,0.8,47.88,0,0,transformer_master.csv+transformer_static_load.csv,电网建模数据_Agent整合版_V1.2,apply device-level forward S*cos(phi) and split/single reverse 0.8*S*cos(phi),real_2025_baseline,static_device_screen_not_synchronous,6f5703efcd735cc3517531ecdd1cf4c5108a7181917c904d976287a9c7390249
QX-00001,110,BDZ-00123,QX-00001|110|BDZ-00123|#2,#2,50,unknown,16.41,3.74,47.5,0.8,38,0,0,transformer_master.csv+transformer_static_load.csv,电网建模数据_Agent整合版_V1.2,apply device-level forward S*cos(phi) and split/single reverse 0.8*S*cos(phi),real_2025_baseline,static_device_screen_not_synchronous,6f5703efcd735cc3517531ecdd1cf4c5108a7181917c904d976287a9c7390249
QX-00001,110,BDZ-00126,QX-00001|110|BDZ-00126|#1,#1,63,unknown,53.85,40.09,59.85,0.8,47.88,0,0,transformer_master.csv+transformer_static_load.csv,电网建模数据_Agent整合版_V1.2,apply device-level forward S*cos(phi) and split/single reverse 0.8*S*cos(phi),real_2025_baseline,static_device_screen_not_synchronous,6f5703efcd735cc3517531ecdd1cf4c5108a7181917c904d976287a9c7390249
QX-00001,110,BDZ-00126,QX-00001|110|BDZ-00126|#2,#2,50,unknown,28.69,12.25,47.5,0.8,38,0,0,transformer_master.csv+transformer_static_load.csv,电网建模数据_Agent整合版_V1.2,apply device-level forward S*cos(phi) and split/single reverse 0.8*S*cos(phi),real_2025_baseline,static_device_screen_not_synchronous,6f5703efcd735cc3517531ecdd1cf4c5108a7181917c904d976287a9c7390249
QX-00001,110,BDZ-00132,QX-00001|110|BDZ-00132|#1,#1,50,unknown,10.35,2.13,47.5,0.8,38,0,0,transformer_master.csv+transformer_static_load.csv,电网建模数据_Agent整合版_V1.2,apply device-level forward S*cos(phi) and split/single reverse 0.8*S*cos(phi),real_2025_baseline,static_device_screen_not_synchronous,6f5703efcd735cc3517531ecdd1cf4c5108a7181917c904d976287a9c7390249
QX-00001,110,BDZ-00132,QX-00001|110|BDZ-00132|#2,#2,50,unknown,18.19,0,47.5,0.8,38,0,0,transformer_master.csv+transformer_static_load.csv,电网建模数据_Agent整合版_V1.2,apply device-level forward S*cos(phi) and split/single reverse 0.8*S*cos(phi),real_2025_baseline,static_device_screen_not_synchronous,6f5703efcd735cc3517531ecdd1cf4c5108a7181917c904d976287a9c7390249
QX-00001,110,BDZ-00165,QX-00001|110|BDZ-00165|#1,#1,50,unknown,47.48,4.17,47.5,0.8,38,0,0,transformer_master.csv+transformer_static_load.csv,电网建模数据_Agent整合版_V1.2,apply device-level forward S*cos(phi) and split/single reverse 0.8*S*cos(phi),real_2025_baseline,static_device_screen_not_synchronous,6f5703efcd735cc3517531ecdd1cf4c5108a7181917c904d976287a9c7390249
QX-00001,110,BDZ-00165,QX-00001|110|BDZ-00165|#2,#2,50,unknown,33.94,-0,47.5,0.8,38,0,0,transformer_master.csv+transformer_static_load.csv,电网建模数据_Agent整合版_V1.2,apply device-level forward S*cos(phi) and split/single reverse 0.8*S*cos(phi),real_2025_baseline,static_device_screen_not_synchronous,6f5703efcd735cc3517531ecdd1cf4c5108a7181917c904d976287a9c7390249
QX-00001,110,BDZ-00174,QX-00001|110|BDZ-00174|#1,#1,50,unknown,40.13,20.25,47.5,0.8,38,0,0,transformer_master.csv+transformer_static_load.csv,电网建模数据_Agent整合版_V1.2,apply device-level forward S*cos(phi) and split/single reverse 0.8*S*cos(phi),real_2025_baseline,static_device_screen_not_synchronous,6f5703efcd735cc3517531ecdd1cf4c5108a7181917c904d976287a9c7390249
QX-00001,110,BDZ-00174,QX-00001|110|BDZ-00174|#3,#3,50,unknown,98.51,4.26,47.5,0.8,38,51.01,0,transformer_master.csv+transformer_static_load.csv,电网建模数据_Agent整合版_V1.2,apply device-level forward S*cos(phi) and split/single reverse 0.8*S*cos(phi),real_2025_baseline,static_device_screen_not_synchronous,6f5703efcd735cc3517531ecdd1cf4c5108a7181917c904d976287a9c7390249
QX-00001,110,BDZ-00177,QX-00001|110|BDZ-00177|#1,#1,31.5,unknown,6.44,4.23,29.925,0.8,23.94,0,0,transformer_master.csv+transformer_static_load.csv,电网建模数据_Agent整合版_V1.2,apply device-level forward S*cos(phi) and split/single reverse 0.8*S*cos(phi),real_2025_baseline,static_device_screen_not_synchronous,6f5703efcd735cc3517531ecdd1cf4c5108a7181917c904d976287a9c7390249
QX-00001,110,BDZ-00177,QX-00001|110|BDZ-00177|#2,#2,31.5,unknown,4.4,3.98,29.925,0.8,23.94,0,0,transformer_master.csv+transformer_static_load.csv,电网建模数据_Agent整合版_V1.2,apply device-level forward S*cos(phi) and split/single reverse 0.8*S*cos(phi),real_2025_baseline,static_device_screen_not_synchronous,6f5703efcd735cc3517531ecdd1cf4c5108a7181917c904d976287a9c7390249
QX-00003,35,BDZ-00254,QX-00003|35|BDZ-00254|#1,#1,20,unknown,13.84,4.33,19,0.8,15.2,0,0,transformer_master.csv+transformer_static_load.csv,电网建模数据_Agent整合版_V1.2,apply device-level forward S*cos(phi) and split/single reverse 0.8*S*cos(phi),real_2025_baseline,static_device_screen_not_synchronous,6f5703efcd735cc3517531ecdd1cf4c5108a7181917c904d976287a9c7390249
QX-00003,35,BDZ-00254,QX-00003|35|BDZ-00254|#2,#2,10,unknown,5.57,2.46,9.5,0.8,7.6,0,0,transformer_master.csv+transformer_static_load.csv,电网建模数据_Agent整合版_V1.2,apply device-level forward S*cos(phi) and split/single reverse 0.8*S*cos(phi),real_2025_baseline,static_device_screen_not_synchronous,6f5703efcd735cc3517531ecdd1cf4c5108a7181917c904d976287a9c7390249
QX-00003,35,BDZ-00258,QX-00003|35|BDZ-00258|#1,#1,20,unknown,8.44,6.77,19,0.8,15.2,0,0,transformer_master.csv+transformer_static_load.csv,电网建模数据_Agent整合版_V1.2,apply device-level forward S*cos(phi) and split/single reverse 0.8*S*cos(phi),real_2025_baseline,static_device_screen_not_synchronous,6f5703efcd735cc3517531ecdd1cf4c5108a7181917c904d976287a9c7390249
QX-00003,35,BDZ-00258,QX-00003|35|BDZ-00258|#2,#2,20,unknown,14.1,7.3,19,0.8,15.2,0,0,transformer_master.csv+transformer_static_load.csv,电网建模数据_Agent整合版_V1.2,apply device-level forward S*cos(phi) and split/single reverse 0.8*S*cos(phi),real_2025_baseline,static_device_screen_not_synchronous,6f5703efcd735cc3517531ecdd1cf4c5108a7181917c904d976287a9c7390249
QX-00003,35,BDZ-00267,QX-00003|35|BDZ-00267|#1,#1,8,unknown,4,2.5,7.6,0.8,6.08,0,0,transformer_master.csv+transformer_static_load.csv,电网建模数据_Agent整合版_V1.2,apply device-level forward S*cos(phi) and split/single reverse 0.8*S*cos(phi),real_2025_baseline,static_device_screen_not_synchronous,6f5703efcd735cc3517531ecdd1cf4c5108a7181917c904d976287a9c7390249
QX-00003,35,BDZ-00267,QX-00003|35|BDZ-00267|#2,#2,8,unknown,3.2,0,7.6,0.8,6.08,0,0,transformer_master.csv+transformer_static_load.csv,电网建模数据_Agent整合版_V1.2,apply device-level forward S*cos(phi) and split/single reverse 0.8*S*cos(phi),real_2025_baseline,static_device_screen_not_synchronous,6f5703efcd735cc3517531ecdd1cf4c5108a7181917c904d976287a9c7390249
QX-00003,35,BDZ-00268,QX-00003|35|BDZ-00268|#1,#1,16,unknown,5.51,6.61,15.2,0.8,12.16,0,0,transformer_master.csv+transformer_static_load.csv,电网建模数据_Agent整合版_V1.2,apply device-level forward S*cos(phi) and split/single reverse 0.8*S*cos(phi),real_2025_baseline,static_device_screen_not_synchronous,6f5703efcd735cc3517531ecdd1cf4c5108a7181917c904d976287a9c7390249
QX-00003,35,BDZ-00268,QX-00003|35|BDZ-00268|#2,#2,20,unknown,6.41,11.09,19,0.8,15.2,0,0,transformer_master.csv+transformer_static_load.csv,电网建模数据_Agent整合版_V1.2,apply device-level forward S*cos(phi) and split/single reverse 0.8*S*cos(phi),real_2025_baseline,static_device_screen_not_synchronous,6f5703efcd735cc3517531ecdd1cf4c5108a7181917c904d976287a9c7390249
QX-00003,35,BDZ-00282,QX-00003|35|BDZ-00282|#1,#1,8,unknown,3.62,3.17,7.6,0.8,6.08,0,0,transformer_master.csv+transformer_static_load.csv,电网建模数据_Agent整合版_V1.2,apply device-level forward S*cos(phi) and split/single reverse 0.8*S*cos(phi),real_2025_baseline,static_device_screen_not_synchronous,6f5703efcd735cc3517531ecdd1cf4c5108a7181917c904d976287a9c7390249
QX-00003,35,BDZ-00282,QX-00003|35|BDZ-00282|#2,#2,8,unknown,3.05,4.29,7.6,0.8,6.08,0,0,transformer_master.csv+transformer_static_load.csv,电网建模数据_Agent整合版_V1.2,apply device-level forward S*cos(phi) and split/single reverse 0.8*S*cos(phi),real_2025_baseline,static_device_screen_not_synchronous,6f5703efcd735cc3517531ecdd1cf4c5108a7181917c904d976287a9c7390249
QX-00003,35,BDZ-00286,QX-00003|35|BDZ-00286|#1,#1,16,unknown,6.68,4.42,15.2,0.8,12.16,0,0,transformer_master.csv+transformer_static_load.csv,电网建模数据_Agent整合版_V1.2,apply device-level forward S*cos(phi) and split/single reverse 0.8*S*cos(phi),real_2025_baseline,static_device_screen_not_synchronous,6f5703efcd735cc3517531ecdd1cf4c5108a7181917c904d976287a9c7390249
QX-00003,35,BDZ-00286,QX-00003|35|BDZ-00286|#2,#2,8,unknown,1.83,0,7.6,0.8,6.08,0,0,transformer_master.csv+transformer_static_load.csv,电网建模数据_Agent整合版_V1.2,apply device-level forward S*cos(phi) and split/single reverse 0.8*S*cos(phi),real_2025_baseline,static_device_screen_not_synchronous,6f5703efcd735cc3517531ecdd1cf4c5108a7181917c904d976287a9c7390249
QX-00003,35,BDZ-00294,QX-00003|35|BDZ-00294|#1,#1,10,unknown,7.41,5.99,9.5,0.8,7.6,0,0,transformer_master.csv+transformer_static_load.csv,电网建模数据_Agent整合版_V1.2,apply device-level forward S*cos(phi) and split/single reverse 0.8*S*cos(phi),real_2025_baseline,static_device_screen_not_synchronous,6f5703efcd735cc3517531ecdd1cf4c5108a7181917c904d976287a9c7390249
QX-00003,35,BDZ-00294,QX-00003|35|BDZ-00294|#2,#2,5,unknown,4.57,3.52,4.75,0.8,3.8,0,0,transformer_master.csv+transformer_static_load.csv,电网建模数据_Agent整合版_V1.2,apply device-level forward S*cos(phi) and split/single reverse 0.8*S*cos(phi),real_2025_baseline,static_device_screen_not_synchronous,6f5703efcd735cc3517531ecdd1cf4c5108a7181917c904d976287a9c7390249
QX-00003,35,BDZ-00302,QX-00003|35|BDZ-00302|#1,#1,20,unknown,10.98,4.58,19,0.8,15.2,0,0,transformer_master.csv+transformer_static_load.csv,电网建模数据_Agent整合版_V1.2,apply device-level forward S*cos(phi) and split/single reverse 0.8*S*cos(phi),real_2025_baseline,static_device_screen_not_synchronous,6f5703efcd735cc3517531ecdd1cf4c5108a7181917c904d976287a9c7390249
QX-00003,35,BDZ-00302,QX-00003|35|BDZ-00302|#2,#2,20,unknown,12.64,5.1,19,0.8,15.2,0,0,transformer_master.csv+transformer_static_load.csv,电网建模数据_Agent整合版_V1.2,apply device-level forward S*cos(phi) and split/single reverse 0.8*S*cos(phi),real_2025_baseline,static_device_screen_not_synchronous,6f5703efcd735cc3517531ecdd1cf4c5108a7181917c904d976287a9c7390249
QX-00003,35,BDZ-00305,QX-00003|35|BDZ-00305|#1,#1,20,unknown,16.39,9.48,19,0.8,15.2,0,0,transformer_master.csv+transformer_static_load.csv,电网建模数据_Agent整合版_V1.2,apply device-level forward S*cos(phi) and split/single reverse 0.8*S*cos(phi),real_2025_baseline,static_device_screen_not_synchronous,6f5703efcd735cc3517531ecdd1cf4c5108a7181917c904d976287a9c7390249
QX-00003,35,BDZ-00305,QX-00003|35|BDZ-00305|#2,#2,25,unknown,18.5,5.57,23.75,0.8,19,0,0,transformer_master.csv+transformer_static_load.csv,电网建模数据_Agent整合版_V1.2,apply device-level forward S*cos(phi) and split/single reverse 0.8*S*cos(phi),real_2025_baseline,static_device_screen_not_synchronous,6f5703efcd735cc3517531ecdd1cf4c5108a7181917c904d976287a9c7390249
QX-00003,35,BDZ-00311,QX-00003|35|BDZ-00311|#1,#1,20,unknown,12.53,0.18,19,0.8,15.2,0,0,transformer_master.csv+transformer_static_load.csv,电网建模数据_Agent整合版_V1.2,apply device-level forward S*cos(phi) and split/single reverse 0.8*S*cos(phi),real_2025_baseline,static_device_screen_not_synchronous,6f5703efcd735cc3517531ecdd1cf4c5108a7181917c904d976287a9c7390249
QX-00003,35,BDZ-00311,QX-00003|35|BDZ-00311|#2,#2,20,unknown,10.71,-0,19,0.8,15.2,0,0,transformer_master.csv+transformer_static_load.csv,电网建模数据_Agent整合版_V1.2,apply device-level forward S*cos(phi) and split/single reverse 0.8*S*cos(phi),real_2025_baseline,static_device_screen_not_synchronous,6f5703efcd735cc3517531ecdd1cf4c5108a7181917c904d976287a9c7390249
QX-00003,110,BDZ-00007,QX-00003|110|BDZ-00007|#1,#1,50,unknown,23.17,30.31,47.5,0.8,38,0,0,transformer_master.csv+transformer_static_load.csv,电网建模数据_Agent整合版_V1.2,apply device-level forward S*cos(phi) and split/single reverse 0.8*S*cos(phi),real_2025_baseline,static_device_screen_not_synchronous,6f5703efcd735cc3517531ecdd1cf4c5108a7181917c904d976287a9c7390249
QX-00003,110,BDZ-00007,QX-00003|110|BDZ-00007|#2,#2,31.5,unknown,30.83,29.01,29.925,0.8,23.94,0.905,5.07,transformer_master.csv+transformer_static_load.csv,电网建模数据_Agent整合版_V1.2,apply device-level forward S*cos(phi) and split/single reverse 0.8*S*cos(phi),real_2025_baseline,static_device_screen_not_synchronous,6f5703efcd735cc3517531ecdd1cf4c5108a7181917c904d976287a9c7390249
QX-00003,110,BDZ-00010,QX-00003|110|BDZ-00010|#1,#1,50,unknown,17.64,13.34,47.5,0.8,38,0,0,transformer_master.csv+transformer_static_load.csv,电网建模数据_Agent整合版_V1.2,apply device-level forward S*cos(phi) and split/single reverse 0.8*S*cos(phi),real_2025_baseline,static_device_screen_not_synchronous,6f5703efcd735cc3517531ecdd1cf4c5108a7181917c904d976287a9c7390249
QX-00003,110,BDZ-00010,QX-00003|110|BDZ-00010|#2,#2,50,unknown,13.85,14.87,47.5,0.8,38,0,0,transformer_master.csv+transformer_static_load.csv,电网建模数据_Agent整合版_V1.2,apply device-level forward S*cos(phi) and split/single reverse 0.8*S*cos(phi),real_2025_baseline,static_device_screen_not_synchronous,6f5703efcd735cc3517531ecdd1cf4c5108a7181917c904d976287a9c7390249
QX-00003,110,BDZ-00017,QX-00003|110|BDZ-00017|#1,#1,50,unknown,22.82,-0,47.5,0.8,38,0,0,transformer_master.csv+transformer_static_load.csv,电网建模数据_Agent整合版_V1.2,apply device-level forward S*cos(phi) and split/single reverse 0.8*S*cos(phi),real_2025_baseline,static_device_screen_not_synchronous,6f5703efcd735cc3517531ecdd1cf4c5108a7181917c904d976287a9c7390249
QX-00003,110,BDZ-00017,QX-00003|110|BDZ-00017|#2,#2,50,unknown,22.5,4.44,47.5,0.8,38,0,0,transformer_master.csv+transformer_static_load.csv,电网建模数据_Agent整合版_V1.2,apply device-level forward S*cos(phi) and split/single reverse 0.8*S*cos(phi),real_2025_baseline,static_device_screen_not_synchronous,6f5703efcd735cc3517531ecdd1cf4c5108a7181917c904d976287a9c7390249
QX-00003,110,BDZ-00019,QX-00003|110|BDZ-00019|#1,#1,63,unknown,14.5,10.5,59.85,0.8,47.88,0,0,transformer_master.csv+transformer_static_load.csv,电网建模数据_Agent整合版_V1.2,apply device-level forward S*cos(phi) and split/single reverse 0.8*S*cos(phi),real_2025_baseline,static_device_screen_not_synchronous,6f5703efcd735cc3517531ecdd1cf4c5108a7181917c904d976287a9c7390249
QX-00003,110,BDZ-00019,QX-00003|110|BDZ-00019|#2,#2,63,unknown,17.8,16.7,59.85,0.8,47.88,0,0,transformer_master.csv+transformer_static_load.csv,电网建模数据_Agent整合版_V1.2,apply device-level forward S*cos(phi) and split/single reverse 0.8*S*cos(phi),real_2025_baseline,static_device_screen_not_synchronous,6f5703efcd735cc3517531ecdd1cf4c5108a7181917c904d976287a9c7390249
QX-00003,110,BDZ-00025,QX-00003|110|BDZ-00025|#1,#1,63,unknown,60.64,14.88,59.85,0.8,47.88,0.79,0,transformer_master.csv+transformer_static_load.csv,电网建模数据_Agent整合版_V1.2,apply device-level forward S*cos(phi) and split/single reverse 0.8*S*cos(phi),real_2025_baseline,static_device_screen_not_synchronous,6f5703efcd735cc3517531ecdd1cf4c5108a7181917c904d976287a9c7390249
QX-00003,110,BDZ-00025,QX-00003|110|BDZ-00025|#2,#2,63,unknown,60.91,8.21,59.85,0.8,47.88,1.06,0,transformer_master.csv+transformer_static_load.csv,电网建模数据_Agent整合版_V1.2,apply device-level forward S*cos(phi) and split/single reverse 0.8*S*cos(phi),real_2025_baseline,static_device_screen_not_synchronous,6f5703efcd735cc3517531ecdd1cf4c5108a7181917c904d976287a9c7390249
QX-00003,110,BDZ-00060,QX-00003|110|BDZ-00060|#1,#1,20,unknown,7.34,0,19,0.8,15.2,0,0,transformer_master.csv+transformer_static_load.csv,电网建模数据_Agent整合版_V1.2,apply device-level forward S*cos(phi) and split/single reverse 0.8*S*cos(phi),real_2025_baseline,static_device_screen_not_synchronous,6f5703efcd735cc3517531ecdd1cf4c5108a7181917c904d976287a9c7390249
QX-00003,110,BDZ-00060,QX-00003|110|BDZ-00060|#2,#2,50,unknown,7.61,3.34,47.5,0.8,38,0,0,transformer_master.csv+transformer_static_load.csv,电网建模数据_Agent整合版_V1.2,apply device-level forward S*cos(phi) and split/single reverse 0.8*S*cos(phi),real_2025_baseline,static_device_screen_not_synchronous,6f5703efcd735cc3517531ecdd1cf4c5108a7181917c904d976287a9c7390249
QX-00003,110,BDZ-00101,QX-00003|110|BDZ-00101|#1,#1,50,unknown,14.86,24.66,47.5,0.8,38,0,0,transformer_master.csv+transformer_static_load.csv,电网建模数据_Agent整合版_V1.2,apply device-level forward S*cos(phi) and split/single reverse 0.8*S*cos(phi),real_2025_baseline,static_device_screen_not_synchronous,6f5703efcd735cc3517531ecdd1cf4c5108a7181917c904d976287a9c7390249
QX-00003,110,BDZ-00101,QX-00003|110|BDZ-00101|#2,#2,31.5,unknown,10.76,5.06,29.925,0.8,23.94,0,0,transformer_master.csv+transformer_static_load.csv,电网建模数据_Agent整合版_V1.2,apply device-level forward S*cos(phi) and split/single reverse 0.8*S*cos(phi),real_2025_baseline,static_device_screen_not_synchronous,6f5703efcd735cc3517531ecdd1cf4c5108a7181917c904d976287a9c7390249
QX-00003,110,BDZ-00153,QX-00003|110|BDZ-00153|#1,#1,50,unknown,15.73,10.77,47.5,0.8,38,0,0,transformer_master.csv+transformer_static_load.csv,电网建模数据_Agent整合版_V1.2,apply device-level forward S*cos(phi) and split/single reverse 0.8*S*cos(phi),real_2025_baseline,static_device_screen_not_synchronous,6f5703efcd735cc3517531ecdd1cf4c5108a7181917c904d976287a9c7390249
QX-00003,110,BDZ-00153,QX-00003|110|BDZ-00153|#2,#2,50,unknown,12.9,6.69,47.5,0.8,38,0,0,transformer_master.csv+transformer_static_load.csv,电网建模数据_Agent整合版_V1.2,apply device-level forward S*cos(phi) and split/single reverse 0.8*S*cos(phi),real_2025_baseline,static_device_screen_not_synchronous,6f5703efcd735cc3517531ecdd1cf4c5108a7181917c904d976287a9c7390249
QX-00003,110,BDZ-00158,QX-00003|110|BDZ-00158|#1,#1,50,unknown,20.72,1.09,47.5,0.8,38,0,0,transformer_master.csv+transformer_static_load.csv,电网建模数据_Agent整合版_V1.2,apply device-level forward S*cos(phi) and split/single reverse 0.8*S*cos(phi),real_2025_baseline,static_device_screen_not_synchronous,6f5703efcd735cc3517531ecdd1cf4c5108a7181917c904d976287a9c7390249
QX-00003,110,BDZ-00158,QX-00003|110|BDZ-00158|#3,#3,50,unknown,21.48,0,47.5,0.8,38,0,0,transformer_master.csv+transformer_static_load.csv,电网建模数据_Agent整合版_V1.2,apply device-level forward S*cos(phi) and split/single reverse 0.8*S*cos(phi),real_2025_baseline,static_device_screen_not_synchronous,6f5703efcd735cc3517531ecdd1cf4c5108a7181917c904d976287a9c7390249
QX-00003,110,BDZ-00183,QX-00003|110|BDZ-00183|#1,#1,50,unknown,14.63,4.61,47.5,0.8,38,0,0,transformer_master.csv+transformer_static_load.csv,电网建模数据_Agent整合版_V1.2,apply device-level forward S*cos(phi) and split/single reverse 0.8*S*cos(phi),real_2025_baseline,static_device_screen_not_synchronous,6f5703efcd735cc3517531ecdd1cf4c5108a7181917c904d976287a9c7390249
QX-00003,110,BDZ-00183,QX-00003|110|BDZ-00183|#2,#2,50,unknown,8.76,5.41,47.5,0.8,38,0,0,transformer_master.csv+transformer_static_load.csv,电网建模数据_Agent整合版_V1.2,apply device-level forward S*cos(phi) and split/single reverse 0.8*S*cos(phi),real_2025_baseline,static_device_screen_not_synchronous,6f5703efcd735cc3517531ecdd1cf4c5108a7181917c904d976287a9c7390249
QX-00004,35,BDZ-00250,QX-00004|35|BDZ-00250|#1,#1,20,unknown,13.13,-0,19,0.8,15.2,0,0,transformer_master.csv+transformer_static_load.csv,电网建模数据_Agent整合版_V1.2,apply device-level forward S*cos(phi) and split/single reverse 0.8*S*cos(phi),real_2025_baseline,static_device_screen_not_synchronous,6f5703efcd735cc3517531ecdd1cf4c5108a7181917c904d976287a9c7390249
QX-00004,35,BDZ-00250,QX-00004|35|BDZ-00250|#2,#2,20,unknown,14.19,-0,19,0.8,15.2,0,0,transformer_master.csv+transformer_static_load.csv,电网建模数据_Agent整合版_V1.2,apply device-level forward S*cos(phi) and split/single reverse 0.8*S*cos(phi),real_2025_baseline,static_device_screen_not_synchronous,6f5703efcd735cc3517531ecdd1cf4c5108a7181917c904d976287a9c7390249
QX-00004,35,BDZ-00262,QX-00004|35|BDZ-00262|#1,#1,20,unknown,11.92,19.68,19,0.8,15.2,0,4.48,transformer_master.csv+transformer_static_load.csv,电网建模数据_Agent整合版_V1.2,apply device-level forward S*cos(phi) and split/single reverse 0.8*S*cos(phi),real_2025_baseline,static_device_screen_not_synchronous,6f5703efcd735cc3517531ecdd1cf4c5108a7181917c904d976287a9c7390249
QX-00004,35,BDZ-00262,QX-00004|35|BDZ-00262|#2,#2,8,unknown,4.5,10.39,7.6,0.8,6.08,0,4.31,transformer_master.csv+transformer_static_load.csv,电网建模数据_Agent整合版_V1.2,apply device-level forward S*cos(phi) and split/single reverse 0.8*S*cos(phi),real_2025_baseline,static_device_screen_not_synchronous,6f5703efcd735cc3517531ecdd1cf4c5108a7181917c904d976287a9c7390249
QX-00004,35,BDZ-00263,QX-00004|35|BDZ-00263|#1,#1,8,unknown,4.11,8.34,7.6,0.8,6.08,0,2.26,transformer_master.csv+transformer_static_load.csv,电网建模数据_Agent整合版_V1.2,apply device-level forward S*cos(phi) and split/single reverse 0.8*S*cos(phi),real_2025_baseline,static_device_screen_not_synchronous,6f5703efcd735cc3517531ecdd1cf4c5108a7181917c904d976287a9c7390249
QX-00004,35,BDZ-00263,QX-00004|35|BDZ-00263|#2,#2,8,unknown,4.45,8.5,7.6,0.8,6.08,0,2.42,transformer_master.csv+transformer_static_load.csv,电网建模数据_Agent整合版_V1.2,apply device-level forward S*cos(phi) and split/single reverse 0.8*S*cos(phi),real_2025_baseline,static_device_screen_not_synchronous,6f5703efcd735cc3517531ecdd1cf4c5108a7181917c904d976287a9c7390249
QX-00004,35,BDZ-00265,QX-00004|35|BDZ-00265|#1,#1,20,unknown,8,15.8,19,0.8,15.2,0,0.6,transformer_master.csv+transformer_static_load.csv,电网建模数据_Agent整合版_V1.2,apply device-level forward S*cos(phi) and split/single reverse 0.8*S*cos(phi),real_2025_baseline,static_device_screen_not_synchronous,6f5703efcd735cc3517531ecdd1cf4c5108a7181917c904d976287a9c7390249
QX-00004,35,BDZ-00265,QX-00004|35|BDZ-00265|#2,#2,20,unknown,8.4,12.8,19,0.8,15.2,0,0,transformer_master.csv+transformer_static_load.csv,电网建模数据_Agent整合版_V1.2,apply device-level forward S*cos(phi) and split/single reverse 0.8*S*cos(phi),real_2025_baseline,static_device_screen_not_synchronous,6f5703efcd735cc3517531ecdd1cf4c5108a7181917c904d976287a9c7390249
QX-00004,35,BDZ-00285,QX-00004|35|BDZ-00285|#1,#1,10,unknown,9.24,4.65,9.5,0.8,7.6,0,0,transformer_master.csv+transformer_static_load.csv,电网建模数据_Agent整合版_V1.2,apply device-level forward S*cos(phi) and split/single reverse 0.8*S*cos(phi),real_2025_baseline,static_device_screen_not_synchronous,6f5703efcd735cc3517531ecdd1cf4c5108a7181917c904d976287a9c7390249
QX-00004,35,BDZ-00285,QX-00004|35|BDZ-00285|#2,#2,16,unknown,6.89,4.48,15.2,0.8,12.16,0,0,transformer_master.csv+transformer_static_load.csv,电网建模数据_Agent整合版_V1.2,apply device-level forward S*cos(phi) and split/single reverse 0.8*S*cos(phi),real_2025_baseline,static_device_screen_not_synchronous,6f5703efcd735cc3517531ecdd1cf4c5108a7181917c904d976287a9c7390249
QX-00004,35,BDZ-00287,QX-00004|35|BDZ-00287|#1,#1,20,unknown,9.4,16.3,19,0.8,15.2,0,1.1,transformer_master.csv+transformer_static_load.csv,电网建模数据_Agent整合版_V1.2,apply device-level forward S*cos(phi) and split/single reverse 0.8*S*cos(phi),real_2025_baseline,static_device_screen_not_synchronous,6f5703efcd735cc3517531ecdd1cf4c5108a7181917c904d976287a9c7390249
QX-00004,35,BDZ-00287,QX-00004|35|BDZ-00287|#2,#2,10,unknown,5.5,11.4,9.5,0.8,7.6,0,3.8,transformer_master.csv+transformer_static_load.csv,电网建模数据_Agent整合版_V1.2,apply device-level forward S*cos(phi) and split/single reverse 0.8*S*cos(phi),real_2025_baseline,static_device_screen_not_synchronous,6f5703efcd735cc3517531ecdd1cf4c5108a7181917c904d976287a9c7390249
QX-00004,35,BDZ-00289,QX-00004|35|BDZ-00289|#1,#1,8,unknown,3.97,-0,7.6,0.8,6.08,0,0,transformer_master.csv+transformer_static_load.csv,电网建模数据_Agent整合版_V1.2,apply device-level forward S*cos(phi) and split/single reverse 0.8*S*cos(phi),real_2025_baseline,static_device_screen_not_synchronous,6f5703efcd735cc3517531ecdd1cf4c5108a7181917c904d976287a9c7390249
QX-00004,35,BDZ-00289,QX-00004|35|BDZ-00289|#2,#2,8,unknown,1.54,1.05,7.6,0.8,6.08,0,0,transformer_master.csv+transformer_static_load.csv,电网建模数据_Agent整合版_V1.2,apply device-level forward S*cos(phi) and split/single reverse 0.8*S*cos(phi),real_2025_baseline,static_device_screen_not_synchronous,6f5703efcd735cc3517531ecdd1cf4c5108a7181917c904d976287a9c7390249
QX-00004,35,BDZ-00309,QX-00004|35|BDZ-00309|#1,#1,20,unknown,11.25,19.13,19,0.8,15.2,0,3.93,transformer_master.csv+transformer_static_load.csv,电网建模数据_Agent整合版_V1.2,apply device-level forward S*cos(phi) and split/single reverse 0.8*S*cos(phi),real_2025_baseline,static_device_screen_not_synchronous,6f5703efcd735cc3517531ecdd1cf4c5108a7181917c904d976287a9c7390249
QX-00004,35,BDZ-00309,QX-00004|35|BDZ-00309|#2,#2,16,unknown,12.02,13.82,15.2,0.8,12.16,0,1.66,transformer_master.csv+transformer_static_load.csv,电网建模数据_Agent整合版_V1.2,apply device-level forward S*cos(phi) and split/single reverse 0.8*S*cos(phi),real_2025_baseline,static_device_screen_not_synchronous,6f5703efcd735cc3517531ecdd1cf4c5108a7181917c904d976287a9c7390249
QX-00004,35,BDZ-00312,QX-00004|35|BDZ-00312|#1,#1,8,unknown,0.6,4.7,7.6,0.8,6.08,0,0,transformer_master.csv+transformer_static_load.csv,电网建模数据_Agent整合版_V1.2,apply device-level forward S*cos(phi) and split/single reverse 0.8*S*cos(phi),real_2025_baseline,static_device_screen_not_synchronous,6f5703efcd735cc3517531ecdd1cf4c5108a7181917c904d976287a9c7390249
QX-00004,35,BDZ-00312,QX-00004|35|BDZ-00312|#2,#2,10,unknown,1.7,7.4,9.5,0.8,7.6,0,0,transformer_master.csv+transformer_static_load.csv,电网建模数据_Agent整合版_V1.2,apply device-level forward S*cos(phi) and split/single reverse 0.8*S*cos(phi),real_2025_baseline,static_device_screen_not_synchronous,6f5703efcd735cc3517531ecdd1cf4c5108a7181917c904d976287a9c7390249
QX-00004,110,BDZ-00001,QX-00004|110|BDZ-00001|#1,#1,50,unknown,13.99,1.45,47.5,0.8,38,0,0,transformer_master.csv+transformer_static_load.csv,电网建模数据_Agent整合版_V1.2,apply device-level forward S*cos(phi) and split/single reverse 0.8*S*cos(phi),real_2025_baseline,static_device_screen_not_synchronous,6f5703efcd735cc3517531ecdd1cf4c5108a7181917c904d976287a9c7390249
QX-00004,110,BDZ-00001,QX-00004|110|BDZ-00001|#2,#2,50,unknown,23.77,5.46,47.5,0.8,38,0,0,transformer_master.csv+transformer_static_load.csv,电网建模数据_Agent整合版_V1.2,apply device-level forward S*cos(phi) and split/single reverse 0.8*S*cos(phi),real_2025_baseline,static_device_screen_not_synchronous,6f5703efcd735cc3517531ecdd1cf4c5108a7181917c904d976287a9c7390249
QX-00004,110,BDZ-00002,QX-00004|110|BDZ-00002|#1,#1,50,unknown,4.54,6.34,47.5,0.8,38,0,0,transformer_master.csv+transformer_static_load.csv,电网建模数据_Agent整合版_V1.2,apply device-level forward S*cos(phi) and split/single reverse 0.8*S*cos(phi),real_2025_baseline,static_device_screen_not_synchronous,6f5703efcd735cc3517531ecdd1cf4c5108a7181917c904d976287a9c7390249
QX-00004,110,BDZ-00002,QX-00004|110|BDZ-00002|#2,#2,50,unknown,2.09,4.91,47.5,0.8,38,0,0,transformer_master.csv+transformer_static_load.csv,电网建模数据_Agent整合版_V1.2,apply device-level forward S*cos(phi) and split/single reverse 0.8*S*cos(phi),real_2025_baseline,static_device_screen_not_synchronous,6f5703efcd735cc3517531ecdd1cf4c5108a7181917c904d976287a9c7390249
QX-00004,110,BDZ-00008,QX-00004|110|BDZ-00008|#1,#1,50,unknown,18.99,0,47.5,0.8,38,0,0,transformer_master.csv+transformer_static_load.csv,电网建模数据_Agent整合版_V1.2,apply device-level forward S*cos(phi) and split/single reverse 0.8*S*cos(phi),real_2025_baseline,static_device_screen_not_synchronous,6f5703efcd735cc3517531ecdd1cf4c5108a7181917c904d976287a9c7390249
QX-00004,110,BDZ-00008,QX-00004|110|BDZ-00008|#2,#2,50,unknown,23.24,1.38,47.5,0.8,38,0,0,transformer_master.csv+transformer_static_load.csv,电网建模数据_Agent整合版_V1.2,apply device-level forward S*cos(phi) and split/single reverse 0.8*S*cos(phi),real_2025_baseline,static_device_screen_not_synchronous,6f5703efcd735cc3517531ecdd1cf4c5108a7181917c904d976287a9c7390249
QX-00004,110,BDZ-00029,QX-00004|110|BDZ-00029|#1,#1,50,unknown,17.31,1,47.5,0.8,38,0,0,transformer_master.csv+transformer_static_load.csv,电网建模数据_Agent整合版_V1.2,apply device-level forward S*cos(phi) and split/single reverse 0.8*S*cos(phi),real_2025_baseline,static_device_screen_not_synchronous,6f5703efcd735cc3517531ecdd1cf4c5108a7181917c904d976287a9c7390249
QX-00004,110,BDZ-00029,QX-00004|110|BDZ-00029|#2,#2,50,unknown,15.77,6.5,47.5,0.8,38,0,0,transformer_master.csv+transformer_static_load.csv,电网建模数据_Agent整合版_V1.2,apply device-level forward S*cos(phi) and split/single reverse 0.8*S*cos(phi),real_2025_baseline,static_device_screen_not_synchronous,6f5703efcd735cc3517531ecdd1cf4c5108a7181917c904d976287a9c7390249
QX-00004,110,BDZ-00041,QX-00004|110|BDZ-00041|#1,#1,50,unknown,16.8,1.2,47.5,0.8,38,0,0,transformer_master.csv+transformer_static_load.csv,电网建模数据_Agent整合版_V1.2,apply device-level forward S*cos(phi) and split/single reverse 0.8*S*cos(phi),real_2025_baseline,static_device_screen_not_synchronous,6f5703efcd735cc3517531ecdd1cf4c5108a7181917c904d976287a9c7390249
QX-00004,110,BDZ-00041,QX-00004|110|BDZ-00041|#2,#2,50,unknown,34.7,12.7,47.5,0.8,38,0,0,transformer_master.csv+transformer_static_load.csv,电网建模数据_Agent整合版_V1.2,apply device-level forward S*cos(phi) and split/single reverse 0.8*S*cos(phi),real_2025_baseline,static_device_screen_not_synchronous,6f5703efcd735cc3517531ecdd1cf4c5108a7181917c904d976287a9c7390249
QX-00004,110,BDZ-00047,QX-00004|110|BDZ-00047|#1,#1,50,unknown,25.97,-0,47.5,0.8,38,0,0,transformer_master.csv+transformer_static_load.csv,电网建模数据_Agent整合版_V1.2,apply device-level forward S*cos(phi) and split/single reverse 0.8*S*cos(phi),real_2025_baseline,static_device_screen_not_synchronous,6f5703efcd735cc3517531ecdd1cf4c5108a7181917c904d976287a9c7390249
QX-00004,110,BDZ-00047,QX-00004|110|BDZ-00047|#2,#2,50,unknown,27.85,-0,47.5,0.8,38,0,0,transformer_master.csv+transformer_static_load.csv,电网建模数据_Agent整合版_V1.2,apply device-level forward S*cos(phi) and split/single reverse 0.8*S*cos(phi),real_2025_baseline,static_device_screen_not_synchronous,6f5703efcd735cc3517531ecdd1cf4c5108a7181917c904d976287a9c7390249
QX-00004,110,BDZ-00061,QX-00004|110|BDZ-00061|#1,#1,63,unknown,18.9,11.61,59.85,0.8,47.88,0,0,transformer_master.csv+transformer_static_load.csv,电网建模数据_Agent整合版_V1.2,apply device-level forward S*cos(phi) and split/single reverse 0.8*S*cos(phi),real_2025_baseline,static_device_screen_not_synchronous,6f5703efcd735cc3517531ecdd1cf4c5108a7181917c904d976287a9c7390249
QX-00004,110,BDZ-00061,QX-00004|110|BDZ-00061|#2,#2,63,unknown,33.39,21.05,59.85,0.8,47.88,0,0,transformer_master.csv+transformer_static_load.csv,电网建模数据_Agent整合版_V1.2,apply device-level forward S*cos(phi) and split/single reverse 0.8*S*cos(phi),real_2025_baseline,static_device_screen_not_synchronous,6f5703efcd735cc3517531ecdd1cf4c5108a7181917c904d976287a9c7390249
QX-00004,110,BDZ-00064,QX-00004|110|BDZ-00064|#1,#1,50,unknown,24.14,29.35,47.5,0.8,38,0,0,transformer_master.csv+transformer_static_load.csv,电网建模数据_Agent整合版_V1.2,apply device-level forward S*cos(phi) and split/single reverse 0.8*S*cos(phi),real_2025_baseline,static_device_screen_not_synchronous,6f5703efcd735cc3517531ecdd1cf4c5108a7181917c904d976287a9c7390249
QX-00004,110,BDZ-00064,QX-00004|110|BDZ-00064|#2,#2,50,unknown,26.16,30.14,47.5,0.8,38,0,0,transformer_master.csv+transformer_static_load.csv,电网建模数据_Agent整合版_V1.2,apply device-level forward S*cos(phi) and split/single reverse 0.8*S*cos(phi),real_2025_baseline,static_device_screen_not_synchronous,6f5703efcd735cc3517531ecdd1cf4c5108a7181917c904d976287a9c7390249
QX-00004,110,BDZ-00075,QX-00004|110|BDZ-00075|#2,#2,50,unknown,15.34,4.52,47.5,0.8,38,0,0,transformer_master.csv+transformer_static_load.csv,电网建模数据_Agent整合版_V1.2,apply device-level forward S*cos(phi) and split/single reverse 0.8*S*cos(phi),real_2025_baseline,static_device_screen_not_synchronous,6f5703efcd735cc3517531ecdd1cf4c5108a7181917c904d976287a9c7390249
QX-00004,110,BDZ-00075,QX-00004|110|BDZ-00075|#3,#3,80,unknown,25.36,2.28,76,0.8,60.8,0,0,transformer_master.csv+transformer_static_load.csv,电网建模数据_Agent整合版_V1.2,apply device-level forward S*cos(phi) and split/single reverse 0.8*S*cos(phi),real_2025_baseline,static_device_screen_not_synchronous,6f5703efcd735cc3517531ecdd1cf4c5108a7181917c904d976287a9c7390249
QX-00004,110,BDZ-00082,QX-00004|110|BDZ-00082|#1,#1,50,unknown,12.3,14.8,47.5,0.8,38,0,0,transformer_master.csv+transformer_static_load.csv,电网建模数据_Agent整合版_V1.2,apply device-level forward S*cos(phi) and split/single reverse 0.8*S*cos(phi),real_2025_baseline,static_device_screen_not_synchronous,6f5703efcd735cc3517531ecdd1cf4c5108a7181917c904d976287a9c7390249
QX-00004,110,BDZ-00082,QX-00004|110|BDZ-00082|#2,#2,50,unknown,11.58,10.53,47.5,0.8,38,0,0,transformer_master.csv+transformer_static_load.csv,电网建模数据_Agent整合版_V1.2,apply device-level forward S*cos(phi) and split/single reverse 0.8*S*cos(phi),real_2025_baseline,static_device_screen_not_synchronous,6f5703efcd735cc3517531ecdd1cf4c5108a7181917c904d976287a9c7390249
QX-00004,110,BDZ-00083,QX-00004|110|BDZ-00083|#1,#1,63,unknown,23.63,4.2,59.85,0.8,47.88,0,0,transformer_master.csv+transformer_static_load.csv,电网建模数据_Agent整合版_V1.2,apply device-level forward S*cos(phi) and split/single reverse 0.8*S*cos(phi),real_2025_baseline,static_device_screen_not_synchronous,6f5703efcd735cc3517531ecdd1cf4c5108a7181917c904d976287a9c7390249
QX-00004,110,BDZ-00083,QX-00004|110|BDZ-00083|#2,#2,63,unknown,34.9,8.11,59.85,0.8,47.88,0,0,transformer_master.csv+transformer_static_load.csv,电网建模数据_Agent整合版_V1.2,apply device-level forward S*cos(phi) and split/single reverse 0.8*S*cos(phi),real_2025_baseline,static_device_screen_not_synchronous,6f5703efcd735cc3517531ecdd1cf4c5108a7181917c904d976287a9c7390249
QX-00004,110,BDZ-00093,QX-00004|110|BDZ-00093|#1,#1,63,unknown,48.36,-0,59.85,0.8,47.88,0,0,transformer_master.csv+transformer_static_load.csv,电网建模数据_Agent整合版_V1.2,apply device-level forward S*cos(phi) and split/single reverse 0.8*S*cos(phi),real_2025_baseline,static_device_screen_not_synchronous,6f5703efcd735cc3517531ecdd1cf4c5108a7181917c904d976287a9c7390249
QX-00004,110,BDZ-00093,QX-00004|110|BDZ-00093|#2,#2,63,unknown,30.83,0.9,59.85,0.8,47.88,0,0,transformer_master.csv+transformer_static_load.csv,电网建模数据_Agent整合版_V1.2,apply device-level forward S*cos(phi) and split/single reverse 0.8*S*cos(phi),real_2025_baseline,static_device_screen_not_synchronous,6f5703efcd735cc3517531ecdd1cf4c5108a7181917c904d976287a9c7390249
QX-00004,110,BDZ-00098,QX-00004|110|BDZ-00098|#1,#1,50,unknown,31.1,26.6,47.5,0.8,38,0,0,transformer_master.csv+transformer_static_load.csv,电网建模数据_Agent整合版_V1.2,apply device-level forward S*cos(phi) and split/single reverse 0.8*S*cos(phi),real_2025_baseline,static_device_screen_not_synchronous,6f5703efcd735cc3517531ecdd1cf4c5108a7181917c904d976287a9c7390249
QX-00004,110,BDZ-00098,QX-00004|110|BDZ-00098|#2,#2,50,unknown,25.72,27.81,47.5,0.8,38,0,0,transformer_master.csv+transformer_static_load.csv,电网建模数据_Agent整合版_V1.2,apply device-level forward S*cos(phi) and split/single reverse 0.8*S*cos(phi),real_2025_baseline,static_device_screen_not_synchronous,6f5703efcd735cc3517531ecdd1cf4c5108a7181917c904d976287a9c7390249
QX-00004,110,BDZ-00130,QX-00004|110|BDZ-00130|#1,#1,50,unknown,17.88,8.77,47.5,0.8,38,0,0,transformer_master.csv+transformer_static_load.csv,电网建模数据_Agent整合版_V1.2,apply device-level forward S*cos(phi) and split/single reverse 0.8*S*cos(phi),real_2025_baseline,static_device_screen_not_synchronous,6f5703efcd735cc3517531ecdd1cf4c5108a7181917c904d976287a9c7390249
QX-00004,110,BDZ-00130,QX-00004|110|BDZ-00130|#2,#2,20,unknown,12.11,10.29,19,0.8,15.2,0,0,transformer_master.csv+transformer_static_load.csv,电网建模数据_Agent整合版_V1.2,apply device-level forward S*cos(phi) and split/single reverse 0.8*S*cos(phi),real_2025_baseline,static_device_screen_not_synchronous,6f5703efcd735cc3517531ecdd1cf4c5108a7181917c904d976287a9c7390249
QX-00004,110,BDZ-00140,QX-00004|110|BDZ-00140|#1,#1,63,unknown,46.63,5.92,59.85,0.8,47.88,0,0,transformer_master.csv+transformer_static_load.csv,电网建模数据_Agent整合版_V1.2,apply device-level forward S*cos(phi) and split/single reverse 0.8*S*cos(phi),real_2025_baseline,static_device_screen_not_synchronous,6f5703efcd735cc3517531ecdd1cf4c5108a7181917c904d976287a9c7390249
QX-00004,110,BDZ-00140,QX-00004|110|BDZ-00140|#2,#2,63,unknown,47.58,3.56,59.85,0.8,47.88,0,0,transformer_master.csv+transformer_static_load.csv,电网建模数据_Agent整合版_V1.2,apply device-level forward S*cos(phi) and split/single reverse 0.8*S*cos(phi),real_2025_baseline,static_device_screen_not_synchronous,6f5703efcd735cc3517531ecdd1cf4c5108a7181917c904d976287a9c7390249
QX-00004,110,BDZ-00149,QX-00004|110|BDZ-00149|#1,#1,50,unknown,21.23,31.23,47.5,0.8,38,0,0,transformer_master.csv+transformer_static_load.csv,电网建模数据_Agent整合版_V1.2,apply device-level forward S*cos(phi) and split/single reverse 0.8*S*cos(phi),real_2025_baseline,static_device_screen_not_synchronous,6f5703efcd735cc3517531ecdd1cf4c5108a7181917c904d976287a9c7390249
QX-00004,110,BDZ-00149,QX-00004|110|BDZ-00149|#2,#2,40,unknown,29.56,28.72,38,0.8,30.4,0,0,transformer_master.csv+transformer_static_load.csv,电网建模数据_Agent整合版_V1.2,apply device-level forward S*cos(phi) and split/single reverse 0.8*S*cos(phi),real_2025_baseline,static_device_screen_not_synchronous,6f5703efcd735cc3517531ecdd1cf4c5108a7181917c904d976287a9c7390249
QX-00004,110,BDZ-00152,QX-00004|110|BDZ-00152|#1,#1,50,unknown,31.35,18.51,47.5,0.8,38,0,0,transformer_master.csv+transformer_static_load.csv,电网建模数据_Agent整合版_V1.2,apply device-level forward S*cos(phi) and split/single reverse 0.8*S*cos(phi),real_2025_baseline,static_device_screen_not_synchronous,6f5703efcd735cc3517531ecdd1cf4c5108a7181917c904d976287a9c7390249
QX-00004,110,BDZ-00152,QX-00004|110|BDZ-00152|#2,#2,50,unknown,31.42,0.02,47.5,0.8,38,0,0,transformer_master.csv+transformer_static_load.csv,电网建模数据_Agent整合版_V1.2,apply device-level forward S*cos(phi) and split/single reverse 0.8*S*cos(phi),real_2025_baseline,static_device_screen_not_synchronous,6f5703efcd735cc3517531ecdd1cf4c5108a7181917c904d976287a9c7390249
QX-00004,110,BDZ-00169,QX-00004|110|BDZ-00169|#1,#1,50,unknown,41.02,1.77,47.5,0.8,38,0,0,transformer_master.csv+transformer_static_load.csv,电网建模数据_Agent整合版_V1.2,apply device-level forward S*cos(phi) and split/single reverse 0.8*S*cos(phi),real_2025_baseline,static_device_screen_not_synchronous,6f5703efcd735cc3517531ecdd1cf4c5108a7181917c904d976287a9c7390249
QX-00004,110,BDZ-00169,QX-00004|110|BDZ-00169|#2,#2,50,unknown,40.84,2.53,47.5,0.8,38,0,0,transformer_master.csv+transformer_static_load.csv,电网建模数据_Agent整合版_V1.2,apply device-level forward S*cos(phi) and split/single reverse 0.8*S*cos(phi),real_2025_baseline,static_device_screen_not_synchronous,6f5703efcd735cc3517531ecdd1cf4c5108a7181917c904d976287a9c7390249
QX-00004,110,BDZ-00181,QX-00004|110|BDZ-00181|#1,#1,63,unknown,24.76,12.22,59.85,0.8,47.88,0,0,transformer_master.csv+transformer_static_load.csv,电网建模数据_Agent整合版_V1.2,apply device-level forward S*cos(phi) and split/single reverse 0.8*S*cos(phi),real_2025_baseline,static_device_screen_not_synchronous,6f5703efcd735cc3517531ecdd1cf4c5108a7181917c904d976287a9c7390249
QX-00004,110,BDZ-00181,QX-00004|110|BDZ-00181|#2,#2,50,unknown,16.58,26.62,47.5,0.8,38,0,0,transformer_master.csv+transformer_static_load.csv,电网建模数据_Agent整合版_V1.2,apply device-level forward S*cos(phi) and split/single reverse 0.8*S*cos(phi),real_2025_baseline,static_device_screen_not_synchronous,6f5703efcd735cc3517531ecdd1cf4c5108a7181917c904d976287a9c7390249
QX-00004,110,BDZ-00182,QX-00004|110|BDZ-00182|#1,#1,50,unknown,29.34,24.31,47.5,0.8,38,0,0,transformer_master.csv+transformer_static_load.csv,电网建模数据_Agent整合版_V1.2,apply device-level forward S*cos(phi) and split/single reverse 0.8*S*cos(phi),real_2025_baseline,static_device_screen_not_synchronous,6f5703efcd735cc3517531ecdd1cf4c5108a7181917c904d976287a9c7390249
QX-00004,110,BDZ-00182,QX-00004|110|BDZ-00182|#2,#2,50,unknown,17.35,17.35,47.5,0.8,38,0,0,transformer_master.csv+transformer_static_load.csv,电网建模数据_Agent整合版_V1.2,apply device-level forward S*cos(phi) and split/single reverse 0.8*S*cos(phi),real_2025_baseline,static_device_screen_not_synchronous,6f5703efcd735cc3517531ecdd1cf4c5108a7181917c904d976287a9c7390249
QX-00005,35,BDZ-00246,QX-00005|35|BDZ-00246|#1,#1,20,unknown,20.12,27.06,19,0.8,15.2,1.12,11.86,transformer_master.csv+transformer_static_load.csv,电网建模数据_Agent整合版_V1.2,apply device-level forward S*cos(phi) and split/single reverse 0.8*S*cos(phi),real_2025_baseline,static_device_screen_not_synchronous,6f5703efcd735cc3517531ecdd1cf4c5108a7181917c904d976287a9c7390249
QX-00005,35,BDZ-00246,QX-00005|35|BDZ-00246|#2,#2,20,unknown,14.43,14.62,19,0.8,15.2,0,0,transformer_master.csv+transformer_static_load.csv,电网建模数据_Agent整合版_V1.2,apply device-level forward S*cos(phi) and split/single reverse 0.8*S*cos(phi),real_2025_baseline,static_device_screen_not_synchronous,6f5703efcd735cc3517531ecdd1cf4c5108a7181917c904d976287a9c7390249
QX-00005,35,BDZ-00247,QX-00005|35|BDZ-00247|#3,#3,8,unknown,6.36,0.01,7.6,0.8,6.08,0,0,transformer_master.csv+transformer_static_load.csv,电网建模数据_Agent整合版_V1.2,apply device-level forward S*cos(phi) and split/single reverse 0.8*S*cos(phi),real_2025_baseline,static_device_screen_not_synchronous,6f5703efcd735cc3517531ecdd1cf4c5108a7181917c904d976287a9c7390249
QX-00005,35,BDZ-00247,QX-00005|35|BDZ-00247|#4,#4,10,unknown,6.97,0.1,9.5,0.8,7.6,0,0,transformer_master.csv+transformer_static_load.csv,电网建模数据_Agent整合版_V1.2,apply device-level forward S*cos(phi) and split/single reverse 0.8*S*cos(phi),real_2025_baseline,static_device_screen_not_synchronous,6f5703efcd735cc3517531ecdd1cf4c5108a7181917c904d976287a9c7390249
QX-00005,35,BDZ-00248,QX-00005|35|BDZ-00248|#1,#1,20,unknown,12.32,3.86,19,0.8,15.2,0,0,transformer_master.csv+transformer_static_load.csv,电网建模数据_Agent整合版_V1.2,apply device-level forward S*cos(phi) and split/single reverse 0.8*S*cos(phi),real_2025_baseline,static_device_screen_not_synchronous,6f5703efcd735cc3517531ecdd1cf4c5108a7181917c904d976287a9c7390249
QX-00005,35,BDZ-00248,QX-00005|35|BDZ-00248|#2,#2,20,unknown,13.49,11.85,19,0.8,15.2,0,0,transformer_master.csv+transformer_static_load.csv,电网建模数据_Agent整合版_V1.2,apply device-level forward S*cos(phi) and split/single reverse 0.8*S*cos(phi),real_2025_baseline,static_device_screen_not_synchronous,6f5703efcd735cc3517531ecdd1cf4c5108a7181917c904d976287a9c7390249
QX-00005,35,BDZ-00255,QX-00005|35|BDZ-00255|#1,#1,20,unknown,19.12,15.19,19,0.8,15.2,0.12,0,transformer_master.csv+transformer_static_load.csv,电网建模数据_Agent整合版_V1.2,apply device-level forward S*cos(phi) and split/single reverse 0.8*S*cos(phi),real_2025_baseline,static_device_screen_not_synchronous,6f5703efcd735cc3517531ecdd1cf4c5108a7181917c904d976287a9c7390249
QX-00005,35,BDZ-00255,QX-00005|35|BDZ-00255|#2,#2,10,unknown,10.76,12.01,9.5,0.8,7.6,1.26,4.41,transformer_master.csv+transformer_static_load.csv,电网建模数据_Agent整合版_V1.2,apply device-level forward S*cos(phi) and split/single reverse 0.8*S*cos(phi),real_2025_baseline,static_device_screen_not_synchronous,6f5703efcd735cc3517531ecdd1cf4c5108a7181917c904d976287a9c7390249
QX-00005,35,BDZ-00280,QX-00005|35|BDZ-00280|#1,#1,25,unknown,16.88,12.06,23.75,0.8,19,0,0,transformer_master.csv+transformer_static_load.csv,电网建模数据_Agent整合版_V1.2,apply device-level forward S*cos(phi) and split/single reverse 0.8*S*cos(phi),real_2025_baseline,static_device_screen_not_synchronous,6f5703efcd735cc3517531ecdd1cf4c5108a7181917c904d976287a9c7390249
QX-00005,35,BDZ-00280,QX-00005|35|BDZ-00280|#2,#2,20,unknown,16.66,14.28,19,0.8,15.2,0,0,transformer_master.csv+transformer_static_load.csv,电网建模数据_Agent整合版_V1.2,apply device-level forward S*cos(phi) and split/single reverse 0.8*S*cos(phi),real_2025_baseline,static_device_screen_not_synchronous,6f5703efcd735cc3517531ecdd1cf4c5108a7181917c904d976287a9c7390249
QX-00005,35,BDZ-00290,QX-00005|35|BDZ-00290|#1,#1,20,unknown,11.11,17.9,19,0.8,15.2,0,2.7,transformer_master.csv+transformer_static_load.csv,电网建模数据_Agent整合版_V1.2,apply device-level forward S*cos(phi) and split/single reverse 0.8*S*cos(phi),real_2025_baseline,static_device_screen_not_synchronous,6f5703efcd735cc3517531ecdd1cf4c5108a7181917c904d976287a9c7390249
QX-00005,35,BDZ-00290,QX-00005|35|BDZ-00290|#2,#2,10,unknown,6.45,10.49,9.5,0.8,7.6,0,2.89,transformer_master.csv+transformer_static_load.csv,电网建模数据_Agent整合版_V1.2,apply device-level forward S*cos(phi) and split/single reverse 0.8*S*cos(phi),real_2025_baseline,static_device_screen_not_synchronous,6f5703efcd735cc3517531ecdd1cf4c5108a7181917c904d976287a9c7390249
QX-00005,35,BDZ-00314,QX-00005|35|BDZ-00314|#1,#1,16,unknown,14.73,16.93,15.2,0.8,12.16,0,4.77,transformer_master.csv+transformer_static_load.csv,电网建模数据_Agent整合版_V1.2,apply device-level forward S*cos(phi) and split/single reverse 0.8*S*cos(phi),real_2025_baseline,static_device_screen_not_synchronous,6f5703efcd735cc3517531ecdd1cf4c5108a7181917c904d976287a9c7390249
QX-00005,35,BDZ-00314,QX-00005|35|BDZ-00314|#2,#2,20,unknown,14.79,22.57,19,0.8,15.2,0,7.37,transformer_master.csv+transformer_static_load.csv,电网建模数据_Agent整合版_V1.2,apply device-level forward S*cos(phi) and split/single reverse 0.8*S*cos(phi),real_2025_baseline,static_device_screen_not_synchronous,6f5703efcd735cc3517531ecdd1cf4c5108a7181917c904d976287a9c7390249
QX-00005,35,BDZ-00325,QX-00005|35|BDZ-00325|#1,#1,20,unknown,11.5,2.76,19,0.8,15.2,0,0,transformer_master.csv+transformer_static_load.csv,电网建模数据_Agent整合版_V1.2,apply device-level forward S*cos(phi) and split/single reverse 0.8*S*cos(phi),real_2025_baseline,static_device_screen_not_synchronous,6f5703efcd735cc3517531ecdd1cf4c5108a7181917c904d976287a9c7390249
QX-00005,35,BDZ-00325,QX-00005|35|BDZ-00325|#2,#2,16,unknown,10.73,3.72,15.2,0.8,12.16,0,0,transformer_master.csv+transformer_static_load.csv,电网建模数据_Agent整合版_V1.2,apply device-level forward S*cos(phi) and split/single reverse 0.8*S*cos(phi),real_2025_baseline,static_device_screen_not_synchronous,6f5703efcd735cc3517531ecdd1cf4c5108a7181917c904d976287a9c7390249
QX-00005,110,BDZ-00005,QX-00005|110|BDZ-00005|#1,#1,50,unknown,14.33,7.03,47.5,0.8,38,0,0,transformer_master.csv+transformer_static_load.csv,电网建模数据_Agent整合版_V1.2,apply device-level forward S*cos(phi) and split/single reverse 0.8*S*cos(phi),real_2025_baseline,static_device_screen_not_synchronous,6f5703efcd735cc3517531ecdd1cf4c5108a7181917c904d976287a9c7390249
QX-00005,110,BDZ-00005,QX-00005|110|BDZ-00005|#2,#2,50,unknown,26.59,15.67,47.5,0.8,38,0,0,transformer_master.csv+transformer_static_load.csv,电网建模数据_Agent整合版_V1.2,apply device-level forward S*cos(phi) and split/single reverse 0.8*S*cos(phi),real_2025_baseline,static_device_screen_not_synchronous,6f5703efcd735cc3517531ecdd1cf4c5108a7181917c904d976287a9c7390249
QX-00005,110,BDZ-00016,QX-00005|110|BDZ-00016|#1,#1,100,unknown,58.2,13.9,95,0.8,76,0,0,transformer_master.csv+transformer_static_load.csv,电网建模数据_Agent整合版_V1.2,apply device-level forward S*cos(phi) and split/single reverse 0.8*S*cos(phi),real_2025_baseline,static_device_screen_not_synchronous,6f5703efcd735cc3517531ecdd1cf4c5108a7181917c904d976287a9c7390249
QX-00005,110,BDZ-00016,QX-00005|110|BDZ-00016|#2,#2,50,unknown,34.97,25.09,47.5,0.8,38,0,0,transformer_master.csv+transformer_static_load.csv,电网建模数据_Agent整合版_V1.2,apply device-level forward S*cos(phi) and split/single reverse 0.8*S*cos(phi),real_2025_baseline,static_device_screen_not_synchronous,6f5703efcd735cc3517531ecdd1cf4c5108a7181917c904d976287a9c7390249
QX-00005,110,BDZ-00021,QX-00005|110|BDZ-00021|#1,#1,50,unknown,18.59,28.6,47.5,0.8,38,0,0,transformer_master.csv+transformer_static_load.csv,电网建模数据_Agent整合版_V1.2,apply device-level forward S*cos(phi) and split/single reverse 0.8*S*cos(phi),real_2025_baseline,static_device_screen_not_synchronous,6f5703efcd735cc3517531ecdd1cf4c5108a7181917c904d976287a9c7390249
QX-00005,110,BDZ-00021,QX-00005|110|BDZ-00021|#3,#3,50,unknown,25.08,9.11,47.5,0.8,38,0,0,transformer_master.csv+transformer_static_load.csv,电网建模数据_Agent整合版_V1.2,apply device-level forward S*cos(phi) and split/single reverse 0.8*S*cos(phi),real_2025_baseline,static_device_screen_not_synchronous,6f5703efcd735cc3517531ecdd1cf4c5108a7181917c904d976287a9c7390249
QX-00005,110,BDZ-00022,QX-00005|110|BDZ-00022|#1,#1,31.5,unknown,17.73,20.38,29.925,0.8,23.94,0,0,transformer_master.csv+transformer_static_load.csv,电网建模数据_Agent整合版_V1.2,apply device-level forward S*cos(phi) and split/single reverse 0.8*S*cos(phi),real_2025_baseline,static_device_screen_not_synchronous,6f5703efcd735cc3517531ecdd1cf4c5108a7181917c904d976287a9c7390249
QX-00005,110,BDZ-00022,QX-00005|110|BDZ-00022|#2,#2,50,unknown,14.67,44.26,47.5,0.8,38,0,6.26,transformer_master.csv+transformer_static_load.csv,电网建模数据_Agent整合版_V1.2,apply device-level forward S*cos(phi) and split/single reverse 0.8*S*cos(phi),real_2025_baseline,static_device_screen_not_synchronous,6f5703efcd735cc3517531ecdd1cf4c5108a7181917c904d976287a9c7390249
QX-00005,110,BDZ-00026,QX-00005|110|BDZ-00026|#1,#1,63,unknown,55.64,2.53,59.85,0.8,47.88,0,0,transformer_master.csv+transformer_static_load.csv,电网建模数据_Agent整合版_V1.2,apply device-level forward S*cos(phi) and split/single reverse 0.8*S*cos(phi),real_2025_baseline,static_device_screen_not_synchronous,6f5703efcd735cc3517531ecdd1cf4c5108a7181917c904d976287a9c7390249
QX-00005,110,BDZ-00026,QX-00005|110|BDZ-00026|#2,#2,50,unknown,45.58,28.43,47.5,0.8,38,0,0,transformer_master.csv+transformer_static_load.csv,电网建模数据_Agent整合版_V1.2,apply device-level forward S*cos(phi) and split/single reverse 0.8*S*cos(phi),real_2025_baseline,static_device_screen_not_synchronous,6f5703efcd735cc3517531ecdd1cf4c5108a7181917c904d976287a9c7390249
QX-00005,110,BDZ-00027,QX-00005|110|BDZ-00027|#2,#2,50,unknown,42.34,12.31,47.5,0.8,38,0,0,transformer_master.csv+transformer_static_load.csv,电网建模数据_Agent整合版_V1.2,apply device-level forward S*cos(phi) and split/single reverse 0.8*S*cos(phi),real_2025_baseline,static_device_screen_not_synchronous,6f5703efcd735cc3517531ecdd1cf4c5108a7181917c904d976287a9c7390249
QX-00005,110,BDZ-00027,QX-00005|110|BDZ-00027|#3,#3,50,unknown,41.34,31.85,47.5,0.8,38,0,0,transformer_master.csv+transformer_static_load.csv,电网建模数据_Agent整合版_V1.2,apply device-level forward S*cos(phi) and split/single reverse 0.8*S*cos(phi),real_2025_baseline,static_device_screen_not_synchronous,6f5703efcd735cc3517531ecdd1cf4c5108a7181917c904d976287a9c7390249
QX-00005,110,BDZ-00028,QX-00005|110|BDZ-00028|#1,#1,63,unknown,58.21,-0,59.85,0.8,47.88,0,0,transformer_master.csv+transformer_static_load.csv,电网建模数据_Agent整合版_V1.2,apply device-level forward S*cos(phi) and split/single reverse 0.8*S*cos(phi),real_2025_baseline,static_device_screen_not_synchronous,6f5703efcd735cc3517531ecdd1cf4c5108a7181917c904d976287a9c7390249
QX-00005,110,BDZ-00028,QX-00005|110|BDZ-00028|#2,#2,100,unknown,67.81,-0,95,0.8,76,0,0,transformer_master.csv+transformer_static_load.csv,电网建模数据_Agent整合版_V1.2,apply device-level forward S*cos(phi) and split/single reverse 0.8*S*cos(phi),real_2025_baseline,static_device_screen_not_synchronous,6f5703efcd735cc3517531ecdd1cf4c5108a7181917c904d976287a9c7390249
QX-00005,110,BDZ-00031,QX-00005|110|BDZ-00031|#2,#2,50,unknown,19.35,15.81,47.5,0.8,38,0,0,transformer_master.csv+transformer_static_load.csv,电网建模数据_Agent整合版_V1.2,apply device-level forward S*cos(phi) and split/single reverse 0.8*S*cos(phi),real_2025_baseline,static_device_screen_not_synchronous,6f5703efcd735cc3517531ecdd1cf4c5108a7181917c904d976287a9c7390249
QX-00005,110,BDZ-00031,QX-00005|110|BDZ-00031|#3,#3,63,unknown,28.57,22.17,59.85,0.8,47.88,0,0,transformer_master.csv+transformer_static_load.csv,电网建模数据_Agent整合版_V1.2,apply device-level forward S*cos(phi) and split/single reverse 0.8*S*cos(phi),real_2025_baseline,static_device_screen_not_synchronous,6f5703efcd735cc3517531ecdd1cf4c5108a7181917c904d976287a9c7390249
QX-00005,110,BDZ-00037,QX-00005|110|BDZ-00037|#1,#1,50,unknown,10.92,11.92,47.5,0.8,38,0,0,transformer_master.csv+transformer_static_load.csv,电网建模数据_Agent整合版_V1.2,apply device-level forward S*cos(phi) and split/single reverse 0.8*S*cos(phi),real_2025_baseline,static_device_screen_not_synchronous,6f5703efcd735cc3517531ecdd1cf4c5108a7181917c904d976287a9c7390249
QX-00005,110,BDZ-00037,QX-00005|110|BDZ-00037|#3,#3,50,unknown,19.42,19.89,47.5,0.8,38,0,0,transformer_master.csv+transformer_static_load.csv,电网建模数据_Agent整合版_V1.2,apply device-level forward S*cos(phi) and split/single reverse 0.8*S*cos(phi),real_2025_baseline,static_device_screen_not_synchronous,6f5703efcd735cc3517531ecdd1cf4c5108a7181917c904d976287a9c7390249
QX-00005,110,BDZ-00048,QX-00005|110|BDZ-00048|#1,#1,100,unknown,51.91,2.61,95,0.8,76,0,0,transformer_master.csv+transformer_static_load.csv,电网建模数据_Agent整合版_V1.2,apply device-level forward S*cos(phi) and split/single reverse 0.8*S*cos(phi),real_2025_baseline,static_device_screen_not_synchronous,6f5703efcd735cc3517531ecdd1cf4c5108a7181917c904d976287a9c7390249
QX-00005,110,BDZ-00048,QX-00005|110|BDZ-00048|#2,#2,50,unknown,41.73,4.42,47.5,0.8,38,0,0,transformer_master.csv+transformer_static_load.csv,电网建模数据_Agent整合版_V1.2,apply device-level forward S*cos(phi) and split/single reverse 0.8*S*cos(phi),real_2025_baseline,static_device_screen_not_synchronous,6f5703efcd735cc3517531ecdd1cf4c5108a7181917c904d976287a9c7390249
QX-00005,110,BDZ-00056,QX-00005|110|BDZ-00056|#1,#1,50,unknown,,,47.5,0.8,38,,,transformer_master.csv+transformer_static_load.csv,电网建模数据_Agent整合版_V1.2,apply device-level forward S*cos(phi) and split/single reverse 0.8*S*cos(phi),real_2025_baseline,static_device_screen_not_synchronous,6f5703efcd735cc3517531ecdd1cf4c5108a7181917c904d976287a9c7390249
QX-00005,110,BDZ-00056,QX-00005|110|BDZ-00056|#2,#2,50,unknown,,,47.5,0.8,38,,,transformer_master.csv+transformer_static_load.csv,电网建模数据_Agent整合版_V1.2,apply device-level forward S*cos(phi) and split/single reverse 0.8*S*cos(phi),real_2025_baseline,static_device_screen_not_synchronous,6f5703efcd735cc3517531ecdd1cf4c5108a7181917c904d976287a9c7390249
QX-00005,110,BDZ-00095,QX-00005|110|BDZ-00095|#1,#1,50,unknown,22.87,17.14,47.5,0.8,38,0,0,transformer_master.csv+transformer_static_load.csv,电网建模数据_Agent整合版_V1.2,apply device-level forward S*cos(phi) and split/single reverse 0.8*S*cos(phi),real_2025_baseline,static_device_screen_not_synchronous,6f5703efcd735cc3517531ecdd1cf4c5108a7181917c904d976287a9c7390249
QX-00005,110,BDZ-00095,QX-00005|110|BDZ-00095|#2,#2,50,unknown,9.89,18.75,47.5,0.8,38,0,0,transformer_master.csv+transformer_static_load.csv,电网建模数据_Agent整合版_V1.2,apply device-level forward S*cos(phi) and split/single reverse 0.8*S*cos(phi),real_2025_baseline,static_device_screen_not_synchronous,6f5703efcd735cc3517531ecdd1cf4c5108a7181917c904d976287a9c7390249
QX-00005,110,BDZ-00096,QX-00005|110|BDZ-00096|#1,#1,80,unknown,39.53,-0,76,0.8,60.8,0,0,transformer_master.csv+transformer_static_load.csv,电网建模数据_Agent整合版_V1.2,apply device-level forward S*cos(phi) and split/single reverse 0.8*S*cos(phi),real_2025_baseline,static_device_screen_not_synchronous,6f5703efcd735cc3517531ecdd1cf4c5108a7181917c904d976287a9c7390249
QX-00005,110,BDZ-00096,QX-00005|110|BDZ-00096|#2,#2,80,unknown,45.76,-0,76,0.8,60.8,0,0,transformer_master.csv+transformer_static_load.csv,电网建模数据_Agent整合版_V1.2,apply device-level forward S*cos(phi) and split/single reverse 0.8*S*cos(phi),real_2025_baseline,static_device_screen_not_synchronous,6f5703efcd735cc3517531ecdd1cf4c5108a7181917c904d976287a9c7390249
QX-00005,110,BDZ-00124,QX-00005|110|BDZ-00124|#1,#1,50,unknown,22.5,28.25,47.5,0.8,38,0,0,transformer_master.csv+transformer_static_load.csv,电网建模数据_Agent整合版_V1.2,apply device-level forward S*cos(phi) and split/single reverse 0.8*S*cos(phi),real_2025_baseline,static_device_screen_not_synchronous,6f5703efcd735cc3517531ecdd1cf4c5108a7181917c904d976287a9c7390249
QX-00005,110,BDZ-00124,QX-00005|110|BDZ-00124|#2,#2,63,unknown,45.18,30.96,59.85,0.8,47.88,0,0,transformer_master.csv+transformer_static_load.csv,电网建模数据_Agent整合版_V1.2,apply device-level forward S*cos(phi) and split/single reverse 0.8*S*cos(phi),real_2025_baseline,static_device_screen_not_synchronous,6f5703efcd735cc3517531ecdd1cf4c5108a7181917c904d976287a9c7390249
QX-00005,110,BDZ-00135,QX-00005|110|BDZ-00135|#1,#1,63,unknown,56.81,38.84,59.85,0.8,47.88,0,0,transformer_master.csv+transformer_static_load.csv,电网建模数据_Agent整合版_V1.2,apply device-level forward S*cos(phi) and split/single reverse 0.8*S*cos(phi),real_2025_baseline,static_device_screen_not_synchronous,6f5703efcd735cc3517531ecdd1cf4c5108a7181917c904d976287a9c7390249
QX-00005,110,BDZ-00135,QX-00005|110|BDZ-00135|#2,#2,50,unknown,30.3,25.74,47.5,0.8,38,0,0,transformer_master.csv+transformer_static_load.csv,电网建模数据_Agent整合版_V1.2,apply device-level forward S*cos(phi) and split/single reverse 0.8*S*cos(phi),real_2025_baseline,static_device_screen_not_synchronous,6f5703efcd735cc3517531ecdd1cf4c5108a7181917c904d976287a9c7390249
QX-00005,110,BDZ-00141,QX-00005|110|BDZ-00141|#1,#1,50,unknown,22.31,21.2,47.5,0.8,38,0,0,transformer_master.csv+transformer_static_load.csv,电网建模数据_Agent整合版_V1.2,apply device-level forward S*cos(phi) and split/single reverse 0.8*S*cos(phi),real_2025_baseline,static_device_screen_not_synchronous,6f5703efcd735cc3517531ecdd1cf4c5108a7181917c904d976287a9c7390249
QX-00005,110,BDZ-00141,QX-00005|110|BDZ-00141|#2,#2,50,unknown,18.96,18.25,47.5,0.8,38,0,0,transformer_master.csv+transformer_static_load.csv,电网建模数据_Agent整合版_V1.2,apply device-level forward S*cos(phi) and split/single reverse 0.8*S*cos(phi),real_2025_baseline,static_device_screen_not_synchronous,6f5703efcd735cc3517531ecdd1cf4c5108a7181917c904d976287a9c7390249
QX-00005,110,BDZ-00146,QX-00005|110|BDZ-00146|#1,#1,40,unknown,11.4,15.2,38,0.8,30.4,0,0,transformer_master.csv+transformer_static_load.csv,电网建模数据_Agent整合版_V1.2,apply device-level forward S*cos(phi) and split/single reverse 0.8*S*cos(phi),real_2025_baseline,static_device_screen_not_synchronous,6f5703efcd735cc3517531ecdd1cf4c5108a7181917c904d976287a9c7390249
QX-00005,110,BDZ-00146,QX-00005|110|BDZ-00146|#2,#2,40,unknown,14.6,15.2,38,0.8,30.4,0,0,transformer_master.csv+transformer_static_load.csv,电网建模数据_Agent整合版_V1.2,apply device-level forward S*cos(phi) and split/single reverse 0.8*S*cos(phi),real_2025_baseline,static_device_screen_not_synchronous,6f5703efcd735cc3517531ecdd1cf4c5108a7181917c904d976287a9c7390249
QX-00005,110,BDZ-00147,QX-00005|110|BDZ-00147|#1,#1,50,unknown,36.77,0,47.5,0.8,38,0,0,transformer_master.csv+transformer_static_load.csv,电网建模数据_Agent整合版_V1.2,apply device-level forward S*cos(phi) and split/single reverse 0.8*S*cos(phi),real_2025_baseline,static_device_screen_not_synchronous,6f5703efcd735cc3517531ecdd1cf4c5108a7181917c904d976287a9c7390249
QX-00005,110,BDZ-00147,QX-00005|110|BDZ-00147|#2,#2,50,unknown,29.06,3.38,47.5,0.8,38,0,0,transformer_master.csv+transformer_static_load.csv,电网建模数据_Agent整合版_V1.2,apply device-level forward S*cos(phi) and split/single reverse 0.8*S*cos(phi),real_2025_baseline,static_device_screen_not_synchronous,6f5703efcd735cc3517531ecdd1cf4c5108a7181917c904d976287a9c7390249
QX-00005,110,BDZ-00162,QX-00005|110|BDZ-00162|#1,#1,20,unknown,10.8,22.5,19,0.8,15.2,0,7.3,transformer_master.csv+transformer_static_load.csv,电网建模数据_Agent整合版_V1.2,apply device-level forward S*cos(phi) and split/single reverse 0.8*S*cos(phi),real_2025_baseline,static_device_screen_not_synchronous,6f5703efcd735cc3517531ecdd1cf4c5108a7181917c904d976287a9c7390249
QX-00005,110,BDZ-00162,QX-00005|110|BDZ-00162|#2,#2,20,unknown,8.6,20.8,19,0.8,15.2,0,5.6,transformer_master.csv+transformer_static_load.csv,电网建模数据_Agent整合版_V1.2,apply device-level forward S*cos(phi) and split/single reverse 0.8*S*cos(phi),real_2025_baseline,static_device_screen_not_synchronous,6f5703efcd735cc3517531ecdd1cf4c5108a7181917c904d976287a9c7390249
QX-00005,110,BDZ-00164,QX-00005|110|BDZ-00164|#1,#1,31.5,unknown,22.01,24.45,29.925,0.8,23.94,0,0.51,transformer_master.csv+transformer_static_load.csv,电网建模数据_Agent整合版_V1.2,apply device-level forward S*cos(phi) and split/single reverse 0.8*S*cos(phi),real_2025_baseline,static_device_screen_not_synchronous,6f5703efcd735cc3517531ecdd1cf4c5108a7181917c904d976287a9c7390249
QX-00005,110,BDZ-00164,QX-00005|110|BDZ-00164|#2,#2,31.5,unknown,20.66,21.53,29.925,0.8,23.94,0,0,transformer_master.csv+transformer_static_load.csv,电网建模数据_Agent整合版_V1.2,apply device-level forward S*cos(phi) and split/single reverse 0.8*S*cos(phi),real_2025_baseline,static_device_screen_not_synchronous,6f5703efcd735cc3517531ecdd1cf4c5108a7181917c904d976287a9c7390249
QX-00005,110,BDZ-00172,QX-00005|110|BDZ-00172|#1,#1,50,unknown,21.37,13.9,47.5,0.8,38,0,0,transformer_master.csv+transformer_static_load.csv,电网建模数据_Agent整合版_V1.2,apply device-level forward S*cos(phi) and split/single reverse 0.8*S*cos(phi),real_2025_baseline,static_device_screen_not_synchronous,6f5703efcd735cc3517531ecdd1cf4c5108a7181917c904d976287a9c7390249
QX-00005,110,BDZ-00172,QX-00005|110|BDZ-00172|#2,#2,50,unknown,14.27,10.85,47.5,0.8,38,0,0,transformer_master.csv+transformer_static_load.csv,电网建模数据_Agent整合版_V1.2,apply device-level forward S*cos(phi) and split/single reverse 0.8*S*cos(phi),real_2025_baseline,static_device_screen_not_synchronous,6f5703efcd735cc3517531ecdd1cf4c5108a7181917c904d976287a9c7390249
QX-00007,35,BDZ-00271,QX-00007|35|BDZ-00271|#1,#1,20,unknown,6.71,10.62,19,0.8,15.2,0,0,transformer_master.csv+transformer_static_load.csv,电网建模数据_Agent整合版_V1.2,apply device-level forward S*cos(phi) and split/single reverse 0.8*S*cos(phi),real_2025_baseline,static_device_screen_not_synchronous,6f5703efcd735cc3517531ecdd1cf4c5108a7181917c904d976287a9c7390249
QX-00007,35,BDZ-00271,QX-00007|35|BDZ-00271|#2,#2,16,unknown,6.8,-0,15.2,0.8,12.16,0,0,transformer_master.csv+transformer_static_load.csv,电网建模数据_Agent整合版_V1.2,apply device-level forward S*cos(phi) and split/single reverse 0.8*S*cos(phi),real_2025_baseline,static_device_screen_not_synchronous,6f5703efcd735cc3517531ecdd1cf4c5108a7181917c904d976287a9c7390249
QX-00007,110,BDZ-00004,QX-00007|110|BDZ-00004|#1,#1,50,unknown,27.31,5.84,47.5,0.8,38,0,0,transformer_master.csv+transformer_static_load.csv,电网建模数据_Agent整合版_V1.2,apply device-level forward S*cos(phi) and split/single reverse 0.8*S*cos(phi),real_2025_baseline,static_device_screen_not_synchronous,6f5703efcd735cc3517531ecdd1cf4c5108a7181917c904d976287a9c7390249
QX-00007,110,BDZ-00004,QX-00007|110|BDZ-00004|#2,#2,50,unknown,16.17,0.81,47.5,0.8,38,0,0,transformer_master.csv+transformer_static_load.csv,电网建模数据_Agent整合版_V1.2,apply device-level forward S*cos(phi) and split/single reverse 0.8*S*cos(phi),real_2025_baseline,static_device_screen_not_synchronous,6f5703efcd735cc3517531ecdd1cf4c5108a7181917c904d976287a9c7390249
QX-00007,110,BDZ-00012,QX-00007|110|BDZ-00012|#1,#1,63,unknown,18.6,25.18,59.85,0.8,47.88,0,0,transformer_master.csv+transformer_static_load.csv,电网建模数据_Agent整合版_V1.2,apply device-level forward S*cos(phi) and split/single reverse 0.8*S*cos(phi),real_2025_baseline,static_device_screen_not_synchronous,6f5703efcd735cc3517531ecdd1cf4c5108a7181917c904d976287a9c7390249
QX-00007,110,BDZ-00012,QX-00007|110|BDZ-00012|#2,#2,63,unknown,22.17,15.86,59.85,0.8,47.88,0,0,transformer_master.csv+transformer_static_load.csv,电网建模数据_Agent整合版_V1.2,apply device-level forward S*cos(phi) and split/single reverse 0.8*S*cos(phi),real_2025_baseline,static_device_screen_not_synchronous,6f5703efcd735cc3517531ecdd1cf4c5108a7181917c904d976287a9c7390249
QX-00007,110,BDZ-00013,QX-00007|110|BDZ-00013|#1,#1,63,unknown,35.47,1.14,59.85,0.8,47.88,0,0,transformer_master.csv+transformer_static_load.csv,电网建模数据_Agent整合版_V1.2,apply device-level forward S*cos(phi) and split/single reverse 0.8*S*cos(phi),real_2025_baseline,static_device_screen_not_synchronous,6f5703efcd735cc3517531ecdd1cf4c5108a7181917c904d976287a9c7390249
QX-00007,110,BDZ-00013,QX-00007|110|BDZ-00013|#2,#2,50,unknown,42.91,9.92,47.5,0.8,38,0,0,transformer_master.csv+transformer_static_load.csv,电网建模数据_Agent整合版_V1.2,apply device-level forward S*cos(phi) and split/single reverse 0.8*S*cos(phi),real_2025_baseline,static_device_screen_not_synchronous,6f5703efcd735cc3517531ecdd1cf4c5108a7181917c904d976287a9c7390249
QX-00007,110,BDZ-00023,QX-00007|110|BDZ-00023|#1,#1,80,unknown,45.18,-0,76,0.8,60.8,0,0,transformer_master.csv+transformer_static_load.csv,电网建模数据_Agent整合版_V1.2,apply device-level forward S*cos(phi) and split/single reverse 0.8*S*cos(phi),real_2025_baseline,static_device_screen_not_synchronous,6f5703efcd735cc3517531ecdd1cf4c5108a7181917c904d976287a9c7390249
QX-00007,110,BDZ-00023,QX-00007|110|BDZ-00023|#2,#2,80,unknown,46.53,-0,76,0.8,60.8,0,0,transformer_master.csv+transformer_static_load.csv,电网建模数据_Agent整合版_V1.2,apply device-level forward S*cos(phi) and split/single reverse 0.8*S*cos(phi),real_2025_baseline,static_device_screen_not_synchronous,6f5703efcd735cc3517531ecdd1cf4c5108a7181917c904d976287a9c7390249
QX-00007,110,BDZ-00024,QX-00007|110|BDZ-00024|#1,#1,63,unknown,40.97,-0,59.85,0.8,47.88,0,0,transformer_master.csv+transformer_static_load.csv,电网建模数据_Agent整合版_V1.2,apply device-level forward S*cos(phi) and split/single reverse 0.8*S*cos(phi),real_2025_baseline,static_device_screen_not_synchronous,6f5703efcd735cc3517531ecdd1cf4c5108a7181917c904d976287a9c7390249
QX-00007,110,BDZ-00024,QX-00007|110|BDZ-00024|#2,#2,80,unknown,51.57,0,76,0.8,60.8,0,0,transformer_master.csv+transformer_static_load.csv,电网建模数据_Agent整合版_V1.2,apply device-level forward S*cos(phi) and split/single reverse 0.8*S*cos(phi),real_2025_baseline,static_device_screen_not_synchronous,6f5703efcd735cc3517531ecdd1cf4c5108a7181917c904d976287a9c7390249
QX-00007,110,BDZ-00036,QX-00007|110|BDZ-00036|#1,#1,40,unknown,34.49,0,38,0.8,30.4,0,0,transformer_master.csv+transformer_static_load.csv,电网建模数据_Agent整合版_V1.2,apply device-level forward S*cos(phi) and split/single reverse 0.8*S*cos(phi),real_2025_baseline,static_device_screen_not_synchronous,6f5703efcd735cc3517531ecdd1cf4c5108a7181917c904d976287a9c7390249
QX-00007,110,BDZ-00036,QX-00007|110|BDZ-00036|#2,#2,40,unknown,32.81,0,38,0.8,30.4,0,0,transformer_master.csv+transformer_static_load.csv,电网建模数据_Agent整合版_V1.2,apply device-level forward S*cos(phi) and split/single reverse 0.8*S*cos(phi),real_2025_baseline,static_device_screen_not_synchronous,6f5703efcd735cc3517531ecdd1cf4c5108a7181917c904d976287a9c7390249
QX-00007,110,BDZ-00042,QX-00007|110|BDZ-00042|#1,#1,80,unknown,41.82,-0,76,0.8,60.8,0,0,transformer_master.csv+transformer_static_load.csv,电网建模数据_Agent整合版_V1.2,apply device-level forward S*cos(phi) and split/single reverse 0.8*S*cos(phi),real_2025_baseline,static_device_screen_not_synchronous,6f5703efcd735cc3517531ecdd1cf4c5108a7181917c904d976287a9c7390249
QX-00007,110,BDZ-00042,QX-00007|110|BDZ-00042|#2,#2,80,unknown,47.69,-0,76,0.8,60.8,0,0,transformer_master.csv+transformer_static_load.csv,电网建模数据_Agent整合版_V1.2,apply device-level forward S*cos(phi) and split/single reverse 0.8*S*cos(phi),real_2025_baseline,static_device_screen_not_synchronous,6f5703efcd735cc3517531ecdd1cf4c5108a7181917c904d976287a9c7390249
QX-00007,110,BDZ-00051,QX-00007|110|BDZ-00051|#1,#1,50,unknown,23.42,0,47.5,0.8,38,0,0,transformer_master.csv+transformer_static_load.csv,电网建模数据_Agent整合版_V1.2,apply device-level forward S*cos(phi) and split/single reverse 0.8*S*cos(phi),real_2025_baseline,static_device_screen_not_synchronous,6f5703efcd735cc3517531ecdd1cf4c5108a7181917c904d976287a9c7390249
QX-00007,110,BDZ-00051,QX-00007|110|BDZ-00051|#2,#2,50,unknown,31.36,0,47.5,0.8,38,0,0,transformer_master.csv+transformer_static_load.csv,电网建模数据_Agent整合版_V1.2,apply device-level forward S*cos(phi) and split/single reverse 0.8*S*cos(phi),real_2025_baseline,static_device_screen_not_synchronous,6f5703efcd735cc3517531ecdd1cf4c5108a7181917c904d976287a9c7390249
QX-00007,110,BDZ-00053,QX-00007|110|BDZ-00053|#2,#2,63,unknown,28.99,-0,59.85,0.8,47.88,0,0,transformer_master.csv+transformer_static_load.csv,电网建模数据_Agent整合版_V1.2,apply device-level forward S*cos(phi) and split/single reverse 0.8*S*cos(phi),real_2025_baseline,static_device_screen_not_synchronous,6f5703efcd735cc3517531ecdd1cf4c5108a7181917c904d976287a9c7390249
QX-00007,110,BDZ-00053,QX-00007|110|BDZ-00053|#3,#3,63,unknown,45.9,-0,59.85,0.8,47.88,0,0,transformer_master.csv+transformer_static_load.csv,电网建模数据_Agent整合版_V1.2,apply device-level forward S*cos(phi) and split/single reverse 0.8*S*cos(phi),real_2025_baseline,static_device_screen_not_synchronous,6f5703efcd735cc3517531ecdd1cf4c5108a7181917c904d976287a9c7390249
QX-00007,110,BDZ-00062,QX-00007|110|BDZ-00062|#1,#1,63,unknown,22.54,-0,59.85,0.8,47.88,0,0,transformer_master.csv+transformer_static_load.csv,电网建模数据_Agent整合版_V1.2,apply device-level forward S*cos(phi) and split/single reverse 0.8*S*cos(phi),real_2025_baseline,static_device_screen_not_synchronous,6f5703efcd735cc3517531ecdd1cf4c5108a7181917c904d976287a9c7390249
QX-00007,110,BDZ-00062,QX-00007|110|BDZ-00062|#2,#2,63,unknown,28.13,-0,59.85,0.8,47.88,0,0,transformer_master.csv+transformer_static_load.csv,电网建模数据_Agent整合版_V1.2,apply device-level forward S*cos(phi) and split/single reverse 0.8*S*cos(phi),real_2025_baseline,static_device_screen_not_synchronous,6f5703efcd735cc3517531ecdd1cf4c5108a7181917c904d976287a9c7390249
QX-00007,110,BDZ-00065,QX-00007|110|BDZ-00065|#1,#1,80,unknown,32.22,0,76,0.8,60.8,0,0,transformer_master.csv+transformer_static_load.csv,电网建模数据_Agent整合版_V1.2,apply device-level forward S*cos(phi) and split/single reverse 0.8*S*cos(phi),real_2025_baseline,static_device_screen_not_synchronous,6f5703efcd735cc3517531ecdd1cf4c5108a7181917c904d976287a9c7390249
QX-00007,110,BDZ-00065,QX-00007|110|BDZ-00065|#2,#2,80,unknown,40.92,0,76,0.8,60.8,0,0,transformer_master.csv+transformer_static_load.csv,电网建模数据_Agent整合版_V1.2,apply device-level forward S*cos(phi) and split/single reverse 0.8*S*cos(phi),real_2025_baseline,static_device_screen_not_synchronous,6f5703efcd735cc3517531ecdd1cf4c5108a7181917c904d976287a9c7390249
QX-00007,110,BDZ-00074,QX-00007|110|BDZ-00074|#1,#1,63,unknown,28.74,10.81,59.85,0.8,47.88,0,0,transformer_master.csv+transformer_static_load.csv,电网建模数据_Agent整合版_V1.2,apply device-level forward S*cos(phi) and split/single reverse 0.8*S*cos(phi),real_2025_baseline,static_device_screen_not_synchronous,6f5703efcd735cc3517531ecdd1cf4c5108a7181917c904d976287a9c7390249
QX-00007,110,BDZ-00074,QX-00007|110|BDZ-00074|#2,#2,50,unknown,36.95,3.44,47.5,0.8,38,0,0,transformer_master.csv+transformer_static_load.csv,电网建模数据_Agent整合版_V1.2,apply device-level forward S*cos(phi) and split/single reverse 0.8*S*cos(phi),real_2025_baseline,static_device_screen_not_synchronous,6f5703efcd735cc3517531ecdd1cf4c5108a7181917c904d976287a9c7390249
QX-00007,110,BDZ-00076,QX-00007|110|BDZ-00076|#1,#1,50,unknown,20,0,47.5,0.8,38,0,0,transformer_master.csv+transformer_static_load.csv,电网建模数据_Agent整合版_V1.2,apply device-level forward S*cos(phi) and split/single reverse 0.8*S*cos(phi),real_2025_baseline,static_device_screen_not_synchronous,6f5703efcd735cc3517531ecdd1cf4c5108a7181917c904d976287a9c7390249
QX-00007,110,BDZ-00076,QX-00007|110|BDZ-00076|#2,#2,50,unknown,29.48,0,47.5,0.8,38,0,0,transformer_master.csv+transformer_static_load.csv,电网建模数据_Agent整合版_V1.2,apply device-level forward S*cos(phi) and split/single reverse 0.8*S*cos(phi),real_2025_baseline,static_device_screen_not_synchronous,6f5703efcd735cc3517531ecdd1cf4c5108a7181917c904d976287a9c7390249
QX-00007,110,BDZ-00085,QX-00007|110|BDZ-00085|#1,#1,63,unknown,41.03,9.11,59.85,0.8,47.88,0,0,transformer_master.csv+transformer_static_load.csv,电网建模数据_Agent整合版_V1.2,apply device-level forward S*cos(phi) and split/single reverse 0.8*S*cos(phi),real_2025_baseline,static_device_screen_not_synchronous,6f5703efcd735cc3517531ecdd1cf4c5108a7181917c904d976287a9c7390249
QX-00007,110,BDZ-00085,QX-00007|110|BDZ-00085|#2,#2,63,unknown,46.79,-0,59.85,0.8,47.88,0,0,transformer_master.csv+transformer_static_load.csv,电网建模数据_Agent整合版_V1.2,apply device-level forward S*cos(phi) and split/single reverse 0.8*S*cos(phi),real_2025_baseline,static_device_screen_not_synchronous,6f5703efcd735cc3517531ecdd1cf4c5108a7181917c904d976287a9c7390249
QX-00007,110,BDZ-00092,QX-00007|110|BDZ-00092|#1,#1,50,unknown,7.59,3.65,47.5,0.8,38,0,0,transformer_master.csv+transformer_static_load.csv,电网建模数据_Agent整合版_V1.2,apply device-level forward S*cos(phi) and split/single reverse 0.8*S*cos(phi),real_2025_baseline,static_device_screen_not_synchronous,6f5703efcd735cc3517531ecdd1cf4c5108a7181917c904d976287a9c7390249
QX-00007,110,BDZ-00092,QX-00007|110|BDZ-00092|#2,#2,50,unknown,7.9,4.55,47.5,0.8,38,0,0,transformer_master.csv+transformer_static_load.csv,电网建模数据_Agent整合版_V1.2,apply device-level forward S*cos(phi) and split/single reverse 0.8*S*cos(phi),real_2025_baseline,static_device_screen_not_synchronous,6f5703efcd735cc3517531ecdd1cf4c5108a7181917c904d976287a9c7390249
QX-00007,110,BDZ-00094,QX-00007|110|BDZ-00094|#1,#1,63,unknown,32.53,-0,59.85,0.8,47.88,0,0,transformer_master.csv+transformer_static_load.csv,电网建模数据_Agent整合版_V1.2,apply device-level forward S*cos(phi) and split/single reverse 0.8*S*cos(phi),real_2025_baseline,static_device_screen_not_synchronous,6f5703efcd735cc3517531ecdd1cf4c5108a7181917c904d976287a9c7390249
QX-00007,110,BDZ-00094,QX-00007|110|BDZ-00094|#2,#2,50,unknown,30.93,-0,47.5,0.8,38,0,0,transformer_master.csv+transformer_static_load.csv,电网建模数据_Agent整合版_V1.2,apply device-level forward S*cos(phi) and split/single reverse 0.8*S*cos(phi),real_2025_baseline,static_device_screen_not_synchronous,6f5703efcd735cc3517531ecdd1cf4c5108a7181917c904d976287a9c7390249
QX-00007,110,BDZ-00102,QX-00007|110|BDZ-00102|#1,#1,50,unknown,18.68,0,47.5,0.8,38,0,0,transformer_master.csv+transformer_static_load.csv,电网建模数据_Agent整合版_V1.2,apply device-level forward S*cos(phi) and split/single reverse 0.8*S*cos(phi),real_2025_baseline,static_device_screen_not_synchronous,6f5703efcd735cc3517531ecdd1cf4c5108a7181917c904d976287a9c7390249
QX-00007,110,BDZ-00102,QX-00007|110|BDZ-00102|#2,#2,50,unknown,9.52,3.17,47.5,0.8,38,0,0,transformer_master.csv+transformer_static_load.csv,电网建模数据_Agent整合版_V1.2,apply device-level forward S*cos(phi) and split/single reverse 0.8*S*cos(phi),real_2025_baseline,static_device_screen_not_synchronous,6f5703efcd735cc3517531ecdd1cf4c5108a7181917c904d976287a9c7390249
QX-00007,110,BDZ-00103,QX-00007|110|BDZ-00103|#1,#1,50,unknown,29.47,0,47.5,0.8,38,0,0,transformer_master.csv+transformer_static_load.csv,电网建模数据_Agent整合版_V1.2,apply device-level forward S*cos(phi) and split/single reverse 0.8*S*cos(phi),real_2025_baseline,static_device_screen_not_synchronous,6f5703efcd735cc3517531ecdd1cf4c5108a7181917c904d976287a9c7390249
QX-00007,110,BDZ-00103,QX-00007|110|BDZ-00103|#2,#2,50,unknown,26.85,0,47.5,0.8,38,0,0,transformer_master.csv+transformer_static_load.csv,电网建模数据_Agent整合版_V1.2,apply device-level forward S*cos(phi) and split/single reverse 0.8*S*cos(phi),real_2025_baseline,static_device_screen_not_synchronous,6f5703efcd735cc3517531ecdd1cf4c5108a7181917c904d976287a9c7390249
QX-00007,110,BDZ-00106,QX-00007|110|BDZ-00106|#1,#1,50,unknown,6.96,-0,47.5,0.8,38,0,0,transformer_master.csv+transformer_static_load.csv,电网建模数据_Agent整合版_V1.2,apply device-level forward S*cos(phi) and split/single reverse 0.8*S*cos(phi),real_2025_baseline,static_device_screen_not_synchronous,6f5703efcd735cc3517531ecdd1cf4c5108a7181917c904d976287a9c7390249
QX-00007,110,BDZ-00106,QX-00007|110|BDZ-00106|#2,#2,50,unknown,5.33,-0,47.5,0.8,38,0,0,transformer_master.csv+transformer_static_load.csv,电网建模数据_Agent整合版_V1.2,apply device-level forward S*cos(phi) and split/single reverse 0.8*S*cos(phi),real_2025_baseline,static_device_screen_not_synchronous,6f5703efcd735cc3517531ecdd1cf4c5108a7181917c904d976287a9c7390249
QX-00007,110,BDZ-00110,QX-00007|110|BDZ-00110|#1,#1,100,unknown,17.08,0,95,0.8,76,0,0,transformer_master.csv+transformer_static_load.csv,电网建模数据_Agent整合版_V1.2,apply device-level forward S*cos(phi) and split/single reverse 0.8*S*cos(phi),real_2025_baseline,static_device_screen_not_synchronous,6f5703efcd735cc3517531ecdd1cf4c5108a7181917c904d976287a9c7390249
QX-00007,110,BDZ-00110,QX-00007|110|BDZ-00110|#3,#3,100,unknown,18.77,0,95,0.8,76,0,0,transformer_master.csv+transformer_static_load.csv,电网建模数据_Agent整合版_V1.2,apply device-level forward S*cos(phi) and split/single reverse 0.8*S*cos(phi),real_2025_baseline,static_device_screen_not_synchronous,6f5703efcd735cc3517531ecdd1cf4c5108a7181917c904d976287a9c7390249
QX-00007,110,BDZ-00114,QX-00007|110|BDZ-00114|#1,#1,63,unknown,44.63,-0,59.85,0.8,47.88,0,0,transformer_master.csv+transformer_static_load.csv,电网建模数据_Agent整合版_V1.2,apply device-level forward S*cos(phi) and split/single reverse 0.8*S*cos(phi),real_2025_baseline,static_device_screen_not_synchronous,6f5703efcd735cc3517531ecdd1cf4c5108a7181917c904d976287a9c7390249
QX-00007,110,BDZ-00114,QX-00007|110|BDZ-00114|#2,#2,50,unknown,48.72,10.75,47.5,0.8,38,1.22,0,transformer_master.csv+transformer_static_load.csv,电网建模数据_Agent整合版_V1.2,apply device-level forward S*cos(phi) and split/single reverse 0.8*S*cos(phi),real_2025_baseline,static_device_screen_not_synchronous,6f5703efcd735cc3517531ecdd1cf4c5108a7181917c904d976287a9c7390249
QX-00007,110,BDZ-00114,QX-00007|110|BDZ-00114|#3,#3,63,unknown,19.87,5.11,59.85,0.8,47.88,0,0,transformer_master.csv+transformer_static_load.csv,电网建模数据_Agent整合版_V1.2,apply device-level forward S*cos(phi) and split/single reverse 0.8*S*cos(phi),real_2025_baseline,static_device_screen_not_synchronous,6f5703efcd735cc3517531ecdd1cf4c5108a7181917c904d976287a9c7390249
QX-00007,110,BDZ-00115,QX-00007|110|BDZ-00115|#1,#1,50,unknown,37.27,0.74,47.5,0.8,38,0,0,transformer_master.csv+transformer_static_load.csv,电网建模数据_Agent整合版_V1.2,apply device-level forward S*cos(phi) and split/single reverse 0.8*S*cos(phi),real_2025_baseline,static_device_screen_not_synchronous,6f5703efcd735cc3517531ecdd1cf4c5108a7181917c904d976287a9c7390249
QX-00007,110,BDZ-00115,QX-00007|110|BDZ-00115|#2,#2,50,unknown,27.03,-0,47.5,0.8,38,0,0,transformer_master.csv+transformer_static_load.csv,电网建模数据_Agent整合版_V1.2,apply device-level forward S*cos(phi) and split/single reverse 0.8*S*cos(phi),real_2025_baseline,static_device_screen_not_synchronous,6f5703efcd735cc3517531ecdd1cf4c5108a7181917c904d976287a9c7390249
QX-00007,110,BDZ-00137,QX-00007|110|BDZ-00137|#1,#1,50,unknown,45.57,0,47.5,0.8,38,0,0,transformer_master.csv+transformer_static_load.csv,电网建模数据_Agent整合版_V1.2,apply device-level forward S*cos(phi) and split/single reverse 0.8*S*cos(phi),real_2025_baseline,static_device_screen_not_synchronous,6f5703efcd735cc3517531ecdd1cf4c5108a7181917c904d976287a9c7390249
QX-00007,110,BDZ-00137,QX-00007|110|BDZ-00137|#3,#3,50,unknown,41.04,0,47.5,0.8,38,0,0,transformer_master.csv+transformer_static_load.csv,电网建模数据_Agent整合版_V1.2,apply device-level forward S*cos(phi) and split/single reverse 0.8*S*cos(phi),real_2025_baseline,static_device_screen_not_synchronous,6f5703efcd735cc3517531ecdd1cf4c5108a7181917c904d976287a9c7390249
QX-00007,110,BDZ-00139,QX-00007|110|BDZ-00139|#1,#1,50,unknown,45.32,0,47.5,0.8,38,0,0,transformer_master.csv+transformer_static_load.csv,电网建模数据_Agent整合版_V1.2,apply device-level forward S*cos(phi) and split/single reverse 0.8*S*cos(phi),real_2025_baseline,static_device_screen_not_synchronous,6f5703efcd735cc3517531ecdd1cf4c5108a7181917c904d976287a9c7390249
QX-00007,110,BDZ-00139,QX-00007|110|BDZ-00139|#2,#2,50,unknown,37.84,0,47.5,0.8,38,0,0,transformer_master.csv+transformer_static_load.csv,电网建模数据_Agent整合版_V1.2,apply device-level forward S*cos(phi) and split/single reverse 0.8*S*cos(phi),real_2025_baseline,static_device_screen_not_synchronous,6f5703efcd735cc3517531ecdd1cf4c5108a7181917c904d976287a9c7390249
QX-00007,110,BDZ-00148,QX-00007|110|BDZ-00148|#1,#1,80,unknown,52.44,0,76,0.8,60.8,0,0,transformer_master.csv+transformer_static_load.csv,电网建模数据_Agent整合版_V1.2,apply device-level forward S*cos(phi) and split/single reverse 0.8*S*cos(phi),real_2025_baseline,static_device_screen_not_synchronous,6f5703efcd735cc3517531ecdd1cf4c5108a7181917c904d976287a9c7390249
QX-00007,110,BDZ-00148,QX-00007|110|BDZ-00148|#2,#2,80,unknown,36.71,-0,76,0.8,60.8,0,0,transformer_master.csv+transformer_static_load.csv,电网建模数据_Agent整合版_V1.2,apply device-level forward S*cos(phi) and split/single reverse 0.8*S*cos(phi),real_2025_baseline,static_device_screen_not_synchronous,6f5703efcd735cc3517531ecdd1cf4c5108a7181917c904d976287a9c7390249
QX-00007,110,BDZ-00151,QX-00007|110|BDZ-00151|#1,#1,63,unknown,49.75,0,59.85,0.8,47.88,0,0,transformer_master.csv+transformer_static_load.csv,电网建模数据_Agent整合版_V1.2,apply device-level forward S*cos(phi) and split/single reverse 0.8*S*cos(phi),real_2025_baseline,static_device_screen_not_synchronous,6f5703efcd735cc3517531ecdd1cf4c5108a7181917c904d976287a9c7390249
QX-00007,110,BDZ-00151,QX-00007|110|BDZ-00151|#2,#2,80,unknown,61.24,-0,76,0.8,60.8,0,0,transformer_master.csv+transformer_static_load.csv,电网建模数据_Agent整合版_V1.2,apply device-level forward S*cos(phi) and split/single reverse 0.8*S*cos(phi),real_2025_baseline,static_device_screen_not_synchronous,6f5703efcd735cc3517531ecdd1cf4c5108a7181917c904d976287a9c7390249
QX-00007,110,BDZ-00154,QX-00007|110|BDZ-00154|#1,#1,50,unknown,7.22,1.91,47.5,0.8,38,0,0,transformer_master.csv+transformer_static_load.csv,电网建模数据_Agent整合版_V1.2,apply device-level forward S*cos(phi) and split/single reverse 0.8*S*cos(phi),real_2025_baseline,static_device_screen_not_synchronous,6f5703efcd735cc3517531ecdd1cf4c5108a7181917c904d976287a9c7390249
QX-00007,110,BDZ-00154,QX-00007|110|BDZ-00154|#3,#3,63,unknown,10.78,0,59.85,0.8,47.88,0,0,transformer_master.csv+transformer_static_load.csv,电网建模数据_Agent整合版_V1.2,apply device-level forward S*cos(phi) and split/single reverse 0.8*S*cos(phi),real_2025_baseline,static_device_screen_not_synchronous,6f5703efcd735cc3517531ecdd1cf4c5108a7181917c904d976287a9c7390249
QX-00007,110,BDZ-00155,QX-00007|110|BDZ-00155|#2,#2,50,unknown,23.6,0,47.5,0.8,38,0,0,transformer_master.csv+transformer_static_load.csv,电网建模数据_Agent整合版_V1.2,apply device-level forward S*cos(phi) and split/single reverse 0.8*S*cos(phi),real_2025_baseline,static_device_screen_not_synchronous,6f5703efcd735cc3517531ecdd1cf4c5108a7181917c904d976287a9c7390249
QX-00007,110,BDZ-00155,QX-00007|110|BDZ-00155|#3,#3,50,unknown,27.57,-0,47.5,0.8,38,0,0,transformer_master.csv+transformer_static_load.csv,电网建模数据_Agent整合版_V1.2,apply device-level forward S*cos(phi) and split/single reverse 0.8*S*cos(phi),real_2025_baseline,static_device_screen_not_synchronous,6f5703efcd735cc3517531ecdd1cf4c5108a7181917c904d976287a9c7390249
QX-00007,110,BDZ-00156,QX-00007|110|BDZ-00156|#1,#1,63,unknown,37.02,0,59.85,0.8,47.88,0,0,transformer_master.csv+transformer_static_load.csv,电网建模数据_Agent整合版_V1.2,apply device-level forward S*cos(phi) and split/single reverse 0.8*S*cos(phi),real_2025_baseline,static_device_screen_not_synchronous,6f5703efcd735cc3517531ecdd1cf4c5108a7181917c904d976287a9c7390249
QX-00007,110,BDZ-00156,QX-00007|110|BDZ-00156|#2,#2,63,unknown,44.15,0,59.85,0.8,47.88,0,0,transformer_master.csv+transformer_static_load.csv,电网建模数据_Agent整合版_V1.2,apply device-level forward S*cos(phi) and split/single reverse 0.8*S*cos(phi),real_2025_baseline,static_device_screen_not_synchronous,6f5703efcd735cc3517531ecdd1cf4c5108a7181917c904d976287a9c7390249
QX-00007,110,BDZ-00175,QX-00007|110|BDZ-00175|#1,#1,100,unknown,21.3,-0,95,0.8,76,0,0,transformer_master.csv+transformer_static_load.csv,电网建模数据_Agent整合版_V1.2,apply device-level forward S*cos(phi) and split/single reverse 0.8*S*cos(phi),real_2025_baseline,static_device_screen_not_synchronous,6f5703efcd735cc3517531ecdd1cf4c5108a7181917c904d976287a9c7390249
QX-00007,110,BDZ-00175,QX-00007|110|BDZ-00175|#3,#3,50,unknown,22.24,0,47.5,0.8,38,0,0,transformer_master.csv+transformer_static_load.csv,电网建模数据_Agent整合版_V1.2,apply device-level forward S*cos(phi) and split/single reverse 0.8*S*cos(phi),real_2025_baseline,static_device_screen_not_synchronous,6f5703efcd735cc3517531ecdd1cf4c5108a7181917c904d976287a9c7390249
QX-00008,35,BDZ-00257,QX-00008|35|BDZ-00257|#1,#1,10,unknown,5.05,0.36,9.5,0.8,7.6,0,0,transformer_master.csv+transformer_static_load.csv,电网建模数据_Agent整合版_V1.2,apply device-level forward S*cos(phi) and split/single reverse 0.8*S*cos(phi),real_2025_baseline,static_device_screen_not_synchronous,6f5703efcd735cc3517531ecdd1cf4c5108a7181917c904d976287a9c7390249
QX-00008,35,BDZ-00257,QX-00008|35|BDZ-00257|#2,#2,6.3,unknown,4.24,0.23,5.985,0.8,4.788,0,0,transformer_master.csv+transformer_static_load.csv,电网建模数据_Agent整合版_V1.2,apply device-level forward S*cos(phi) and split/single reverse 0.8*S*cos(phi),real_2025_baseline,static_device_screen_not_synchronous,6f5703efcd735cc3517531ecdd1cf4c5108a7181917c904d976287a9c7390249
QX-00008,35,BDZ-00269,QX-00008|35|BDZ-00269|#1,#1,20,unknown,13,2.54,19,0.8,15.2,0,0,transformer_master.csv+transformer_static_load.csv,电网建模数据_Agent整合版_V1.2,apply device-level forward S*cos(phi) and split/single reverse 0.8*S*cos(phi),real_2025_baseline,static_device_screen_not_synchronous,6f5703efcd735cc3517531ecdd1cf4c5108a7181917c904d976287a9c7390249
QX-00008,35,BDZ-00269,QX-00008|35|BDZ-00269|#2,#2,20,unknown,9.81,5.78,19,0.8,15.2,0,0,transformer_master.csv+transformer_static_load.csv,电网建模数据_Agent整合版_V1.2,apply device-level forward S*cos(phi) and split/single reverse 0.8*S*cos(phi),real_2025_baseline,static_device_screen_not_synchronous,6f5703efcd735cc3517531ecdd1cf4c5108a7181917c904d976287a9c7390249
QX-00008,35,BDZ-00292,QX-00008|35|BDZ-00292|#1,#1,10,unknown,6.92,0.01,9.5,0.8,7.6,0,0,transformer_master.csv+transformer_static_load.csv,电网建模数据_Agent整合版_V1.2,apply device-level forward S*cos(phi) and split/single reverse 0.8*S*cos(phi),real_2025_baseline,static_device_screen_not_synchronous,6f5703efcd735cc3517531ecdd1cf4c5108a7181917c904d976287a9c7390249
QX-00008,35,BDZ-00292,QX-00008|35|BDZ-00292|#2,#2,10,unknown,8.25,0.56,9.5,0.8,7.6,0,0,transformer_master.csv+transformer_static_load.csv,电网建模数据_Agent整合版_V1.2,apply device-level forward S*cos(phi) and split/single reverse 0.8*S*cos(phi),real_2025_baseline,static_device_screen_not_synchronous,6f5703efcd735cc3517531ecdd1cf4c5108a7181917c904d976287a9c7390249
QX-00008,35,BDZ-00293,QX-00008|35|BDZ-00293|#1,#1,20,unknown,16.03,10.12,19,0.8,15.2,0,0,transformer_master.csv+transformer_static_load.csv,电网建模数据_Agent整合版_V1.2,apply device-level forward S*cos(phi) and split/single reverse 0.8*S*cos(phi),real_2025_baseline,static_device_screen_not_synchronous,6f5703efcd735cc3517531ecdd1cf4c5108a7181917c904d976287a9c7390249
QX-00008,35,BDZ-00293,QX-00008|35|BDZ-00293|#2,#2,20,unknown,11.51,10.7,19,0.8,15.2,0,0,transformer_master.csv+transformer_static_load.csv,电网建模数据_Agent整合版_V1.2,apply device-level forward S*cos(phi) and split/single reverse 0.8*S*cos(phi),real_2025_baseline,static_device_screen_not_synchronous,6f5703efcd735cc3517531ecdd1cf4c5108a7181917c904d976287a9c7390249
QX-00008,35,BDZ-00301,QX-00008|35|BDZ-00301|#1,#1,8,unknown,6.1,6.1,7.6,0.8,6.08,0,0.02,transformer_master.csv+transformer_static_load.csv,电网建模数据_Agent整合版_V1.2,apply device-level forward S*cos(phi) and split/single reverse 0.8*S*cos(phi),real_2025_baseline,static_device_screen_not_synchronous,6f5703efcd735cc3517531ecdd1cf4c5108a7181917c904d976287a9c7390249
QX-00008,35,BDZ-00301,QX-00008|35|BDZ-00301|#2,#2,20,unknown,11.22,12.67,19,0.8,15.2,0,0,transformer_master.csv+transformer_static_load.csv,电网建模数据_Agent整合版_V1.2,apply device-level forward S*cos(phi) and split/single reverse 0.8*S*cos(phi),real_2025_baseline,static_device_screen_not_synchronous,6f5703efcd735cc3517531ecdd1cf4c5108a7181917c904d976287a9c7390249
QX-00008,35,BDZ-00320,QX-00008|35|BDZ-00320|#1,#1,10,unknown,6.21,5.01,9.5,0.8,7.6,0,0,transformer_master.csv+transformer_static_load.csv,电网建模数据_Agent整合版_V1.2,apply device-level forward S*cos(phi) and split/single reverse 0.8*S*cos(phi),real_2025_baseline,static_device_screen_not_synchronous,6f5703efcd735cc3517531ecdd1cf4c5108a7181917c904d976287a9c7390249
QX-00008,35,BDZ-00320,QX-00008|35|BDZ-00320|#2,#2,10,unknown,7.76,6.37,9.5,0.8,7.6,0,0,transformer_master.csv+transformer_static_load.csv,电网建模数据_Agent整合版_V1.2,apply device-level forward S*cos(phi) and split/single reverse 0.8*S*cos(phi),real_2025_baseline,static_device_screen_not_synchronous,6f5703efcd735cc3517531ecdd1cf4c5108a7181917c904d976287a9c7390249
QX-00008,110,BDZ-00003,QX-00008|110|BDZ-00003|#1,#1,50,unknown,11.3,5.74,47.5,0.8,38,0,0,transformer_master.csv+transformer_static_load.csv,电网建模数据_Agent整合版_V1.2,apply device-level forward S*cos(phi) and split/single reverse 0.8*S*cos(phi),real_2025_baseline,static_device_screen_not_synchronous,6f5703efcd735cc3517531ecdd1cf4c5108a7181917c904d976287a9c7390249
QX-00008,110,BDZ-00003,QX-00008|110|BDZ-00003|#2,#2,50,unknown,11.69,15.82,47.5,0.8,38,0,0,transformer_master.csv+transformer_static_load.csv,电网建模数据_Agent整合版_V1.2,apply device-level forward S*cos(phi) and split/single reverse 0.8*S*cos(phi),real_2025_baseline,static_device_screen_not_synchronous,6f5703efcd735cc3517531ecdd1cf4c5108a7181917c904d976287a9c7390249
QX-00008,110,BDZ-00030,QX-00008|110|BDZ-00030|#1,#1,50,unknown,39.49,2.49,47.5,0.8,38,0,0,transformer_master.csv+transformer_static_load.csv,电网建模数据_Agent整合版_V1.2,apply device-level forward S*cos(phi) and split/single reverse 0.8*S*cos(phi),real_2025_baseline,static_device_screen_not_synchronous,6f5703efcd735cc3517531ecdd1cf4c5108a7181917c904d976287a9c7390249
QX-00008,110,BDZ-00030,QX-00008|110|BDZ-00030|#2,#2,50,unknown,26.8,3.52,47.5,0.8,38,0,0,transformer_master.csv+transformer_static_load.csv,电网建模数据_Agent整合版_V1.2,apply device-level forward S*cos(phi) and split/single reverse 0.8*S*cos(phi),real_2025_baseline,static_device_screen_not_synchronous,6f5703efcd735cc3517531ecdd1cf4c5108a7181917c904d976287a9c7390249
QX-00008,110,BDZ-00038,QX-00008|110|BDZ-00038|#2,#2,50,unknown,23.22,7.07,47.5,0.8,38,0,0,transformer_master.csv+transformer_static_load.csv,电网建模数据_Agent整合版_V1.2,apply device-level forward S*cos(phi) and split/single reverse 0.8*S*cos(phi),real_2025_baseline,static_device_screen_not_synchronous,6f5703efcd735cc3517531ecdd1cf4c5108a7181917c904d976287a9c7390249
QX-00008,110,BDZ-00038,QX-00008|110|BDZ-00038|#3,#3,50,unknown,24.46,10.57,47.5,0.8,38,0,0,transformer_master.csv+transformer_static_load.csv,电网建模数据_Agent整合版_V1.2,apply device-level forward S*cos(phi) and split/single reverse 0.8*S*cos(phi),real_2025_baseline,static_device_screen_not_synchronous,6f5703efcd735cc3517531ecdd1cf4c5108a7181917c904d976287a9c7390249
QX-00008,110,BDZ-00043,QX-00008|110|BDZ-00043|#1,#1,31.5,unknown,23.03,28.49,29.925,0.8,23.94,0,4.55,transformer_master.csv+transformer_static_load.csv,电网建模数据_Agent整合版_V1.2,apply device-level forward S*cos(phi) and split/single reverse 0.8*S*cos(phi),real_2025_baseline,static_device_screen_not_synchronous,6f5703efcd735cc3517531ecdd1cf4c5108a7181917c904d976287a9c7390249
QX-00008,110,BDZ-00043,QX-00008|110|BDZ-00043|#2,#2,31.5,unknown,21.19,20.06,29.925,0.8,23.94,0,0,transformer_master.csv+transformer_static_load.csv,电网建模数据_Agent整合版_V1.2,apply device-level forward S*cos(phi) and split/single reverse 0.8*S*cos(phi),real_2025_baseline,static_device_screen_not_synchronous,6f5703efcd735cc3517531ecdd1cf4c5108a7181917c904d976287a9c7390249
QX-00008,110,BDZ-00045,QX-00008|110|BDZ-00045|#1,#1,50,unknown,31.42,43.35,47.5,0.8,38,0,5.35,transformer_master.csv+transformer_static_load.csv,电网建模数据_Agent整合版_V1.2,apply device-level forward S*cos(phi) and split/single reverse 0.8*S*cos(phi),real_2025_baseline,static_device_screen_not_synchronous,6f5703efcd735cc3517531ecdd1cf4c5108a7181917c904d976287a9c7390249
QX-00008,110,BDZ-00045,QX-00008|110|BDZ-00045|#2,#2,50,unknown,16.63,9.61,47.5,0.8,38,0,0,transformer_master.csv+transformer_static_load.csv,电网建模数据_Agent整合版_V1.2,apply device-level forward S*cos(phi) and split/single reverse 0.8*S*cos(phi),real_2025_baseline,static_device_screen_not_synchronous,6f5703efcd735cc3517531ecdd1cf4c5108a7181917c904d976287a9c7390249
QX-00008,110,BDZ-00063,QX-00008|110|BDZ-00063|#1,#1,50,unknown,16.86,17.71,47.5,0.8,38,0,0,transformer_master.csv+transformer_static_load.csv,电网建模数据_Agent整合版_V1.2,apply device-level forward S*cos(phi) and split/single reverse 0.8*S*cos(phi),real_2025_baseline,static_device_screen_not_synchronous,6f5703efcd735cc3517531ecdd1cf4c5108a7181917c904d976287a9c7390249
QX-00008,110,BDZ-00063,QX-00008|110|BDZ-00063|#2,#2,50,unknown,12.81,17.97,47.5,0.8,38,0,0,transformer_master.csv+transformer_static_load.csv,电网建模数据_Agent整合版_V1.2,apply device-level forward S*cos(phi) and split/single reverse 0.8*S*cos(phi),real_2025_baseline,static_device_screen_not_synchronous,6f5703efcd735cc3517531ecdd1cf4c5108a7181917c904d976287a9c7390249
QX-00008,110,BDZ-00066,QX-00008|110|BDZ-00066|#1,#1,50,unknown,0,2.33,47.5,0.8,38,0,0,transformer_master.csv+transformer_static_load.csv,电网建模数据_Agent整合版_V1.2,apply device-level forward S*cos(phi) and split/single reverse 0.8*S*cos(phi),real_2025_baseline,static_device_screen_not_synchronous,6f5703efcd735cc3517531ecdd1cf4c5108a7181917c904d976287a9c7390249
QX-00008,110,BDZ-00066,QX-00008|110|BDZ-00066|#2,#2,50,unknown,0,0.76,47.5,0.8,38,0,0,transformer_master.csv+transformer_static_load.csv,电网建模数据_Agent整合版_V1.2,apply device-level forward S*cos(phi) and split/single reverse 0.8*S*cos(phi),real_2025_baseline,static_device_screen_not_synchronous,6f5703efcd735cc3517531ecdd1cf4c5108a7181917c904d976287a9c7390249
QX-00008,110,BDZ-00067,QX-00008|110|BDZ-00067|#1,#1,50,unknown,15.84,14.48,47.5,0.8,38,0,0,transformer_master.csv+transformer_static_load.csv,电网建模数据_Agent整合版_V1.2,apply device-level forward S*cos(phi) and split/single reverse 0.8*S*cos(phi),real_2025_baseline,static_device_screen_not_synchronous,6f5703efcd735cc3517531ecdd1cf4c5108a7181917c904d976287a9c7390249
QX-00008,110,BDZ-00067,QX-00008|110|BDZ-00067|#2,#2,50,unknown,15.93,3.59,47.5,0.8,38,0,0,transformer_master.csv+transformer_static_load.csv,电网建模数据_Agent整合版_V1.2,apply device-level forward S*cos(phi) and split/single reverse 0.8*S*cos(phi),real_2025_baseline,static_device_screen_not_synchronous,6f5703efcd735cc3517531ecdd1cf4c5108a7181917c904d976287a9c7390249
QX-00008,110,BDZ-00070,QX-00008|110|BDZ-00070|#1,#1,50,unknown,46.62,-0,47.5,0.8,38,0,0,transformer_master.csv+transformer_static_load.csv,电网建模数据_Agent整合版_V1.2,apply device-level forward S*cos(phi) and split/single reverse 0.8*S*cos(phi),real_2025_baseline,static_device_screen_not_synchronous,6f5703efcd735cc3517531ecdd1cf4c5108a7181917c904d976287a9c7390249
QX-00008,110,BDZ-00070,QX-00008|110|BDZ-00070|#2,#2,50,unknown,43.98,-0,47.5,0.8,38,0,0,transformer_master.csv+transformer_static_load.csv,电网建模数据_Agent整合版_V1.2,apply device-level forward S*cos(phi) and split/single reverse 0.8*S*cos(phi),real_2025_baseline,static_device_screen_not_synchronous,6f5703efcd735cc3517531ecdd1cf4c5108a7181917c904d976287a9c7390249
QX-00008,110,BDZ-00073,QX-00008|110|BDZ-00073|#1,#1,50,unknown,19.77,6.11,47.5,0.8,38,0,0,transformer_master.csv+transformer_static_load.csv,电网建模数据_Agent整合版_V1.2,apply device-level forward S*cos(phi) and split/single reverse 0.8*S*cos(phi),real_2025_baseline,static_device_screen_not_synchronous,6f5703efcd735cc3517531ecdd1cf4c5108a7181917c904d976287a9c7390249
QX-00008,110,BDZ-00073,QX-00008|110|BDZ-00073|#2,#2,50,unknown,24.35,16.07,47.5,0.8,38,0,0,transformer_master.csv+transformer_static_load.csv,电网建模数据_Agent整合版_V1.2,apply device-level forward S*cos(phi) and split/single reverse 0.8*S*cos(phi),real_2025_baseline,static_device_screen_not_synchronous,6f5703efcd735cc3517531ecdd1cf4c5108a7181917c904d976287a9c7390249
QX-00008,110,BDZ-00081,QX-00008|110|BDZ-00081|#1,#1,31.5,unknown,12.6,5.04,29.925,0.8,23.94,0,0,transformer_master.csv+transformer_static_load.csv,电网建模数据_Agent整合版_V1.2,apply device-level forward S*cos(phi) and split/single reverse 0.8*S*cos(phi),real_2025_baseline,static_device_screen_not_synchronous,6f5703efcd735cc3517531ecdd1cf4c5108a7181917c904d976287a9c7390249
QX-00008,110,BDZ-00081,QX-00008|110|BDZ-00081|#2,#2,31.5,unknown,21.44,29.93,29.925,0.8,23.94,0,5.99,transformer_master.csv+transformer_static_load.csv,电网建模数据_Agent整合版_V1.2,apply device-level forward S*cos(phi) and split/single reverse 0.8*S*cos(phi),real_2025_baseline,static_device_screen_not_synchronous,6f5703efcd735cc3517531ecdd1cf4c5108a7181917c904d976287a9c7390249
QX-00008,110,BDZ-00100,QX-00008|110|BDZ-00100|#1,#1,50,unknown,31.41,-0,47.5,0.8,38,0,0,transformer_master.csv+transformer_static_load.csv,电网建模数据_Agent整合版_V1.2,apply device-level forward S*cos(phi) and split/single reverse 0.8*S*cos(phi),real_2025_baseline,static_device_screen_not_synchronous,6f5703efcd735cc3517531ecdd1cf4c5108a7181917c904d976287a9c7390249
QX-00008,110,BDZ-00100,QX-00008|110|BDZ-00100|#2,#2,80,unknown,54.3,-0,76,0.8,60.8,0,0,transformer_master.csv+transformer_static_load.csv,电网建模数据_Agent整合版_V1.2,apply device-level forward S*cos(phi) and split/single reverse 0.8*S*cos(phi),real_2025_baseline,static_device_screen_not_synchronous,6f5703efcd735cc3517531ecdd1cf4c5108a7181917c904d976287a9c7390249
QX-00008,110,BDZ-00104,QX-00008|110|BDZ-00104|#1,#1,31.5,unknown,24.43,0.97,29.925,0.8,23.94,0,0,transformer_master.csv+transformer_static_load.csv,电网建模数据_Agent整合版_V1.2,apply device-level forward S*cos(phi) and split/single reverse 0.8*S*cos(phi),real_2025_baseline,static_device_screen_not_synchronous,6f5703efcd735cc3517531ecdd1cf4c5108a7181917c904d976287a9c7390249
QX-00008,110,BDZ-00104,QX-00008|110|BDZ-00104|#2,#2,50,unknown,26.17,0.98,47.5,0.8,38,0,0,transformer_master.csv+transformer_static_load.csv,电网建模数据_Agent整合版_V1.2,apply device-level forward S*cos(phi) and split/single reverse 0.8*S*cos(phi),real_2025_baseline,static_device_screen_not_synchronous,6f5703efcd735cc3517531ecdd1cf4c5108a7181917c904d976287a9c7390249
QX-00008,110,BDZ-00107,QX-00008|110|BDZ-00107|#1,#1,50,unknown,25.27,0,47.5,0.8,38,0,0,transformer_master.csv+transformer_static_load.csv,电网建模数据_Agent整合版_V1.2,apply device-level forward S*cos(phi) and split/single reverse 0.8*S*cos(phi),real_2025_baseline,static_device_screen_not_synchronous,6f5703efcd735cc3517531ecdd1cf4c5108a7181917c904d976287a9c7390249
QX-00008,110,BDZ-00107,QX-00008|110|BDZ-00107|#2,#2,50,unknown,22.63,0,47.5,0.8,38,0,0,transformer_master.csv+transformer_static_load.csv,电网建模数据_Agent整合版_V1.2,apply device-level forward S*cos(phi) and split/single reverse 0.8*S*cos(phi),real_2025_baseline,static_device_screen_not_synchronous,6f5703efcd735cc3517531ecdd1cf4c5108a7181917c904d976287a9c7390249
QX-00008,110,BDZ-00121,QX-00008|110|BDZ-00121|#1,#1,50,unknown,27.94,15.04,47.5,0.8,38,0,0,transformer_master.csv+transformer_static_load.csv,电网建模数据_Agent整合版_V1.2,apply device-level forward S*cos(phi) and split/single reverse 0.8*S*cos(phi),real_2025_baseline,static_device_screen_not_synchronous,6f5703efcd735cc3517531ecdd1cf4c5108a7181917c904d976287a9c7390249
QX-00008,110,BDZ-00121,QX-00008|110|BDZ-00121|#2,#2,40,unknown,32.63,31.99,38,0.8,30.4,0,1.59,transformer_master.csv+transformer_static_load.csv,电网建模数据_Agent整合版_V1.2,apply device-level forward S*cos(phi) and split/single reverse 0.8*S*cos(phi),real_2025_baseline,static_device_screen_not_synchronous,6f5703efcd735cc3517531ecdd1cf4c5108a7181917c904d976287a9c7390249
QX-00008,110,BDZ-00125,QX-00008|110|BDZ-00125|#1,#1,80,unknown,65.86,0,76,0.8,60.8,0,0,transformer_master.csv+transformer_static_load.csv,电网建模数据_Agent整合版_V1.2,apply device-level forward S*cos(phi) and split/single reverse 0.8*S*cos(phi),real_2025_baseline,static_device_screen_not_synchronous,6f5703efcd735cc3517531ecdd1cf4c5108a7181917c904d976287a9c7390249
QX-00008,110,BDZ-00125,QX-00008|110|BDZ-00125|#2,#2,80,unknown,56.96,0,76,0.8,60.8,0,0,transformer_master.csv+transformer_static_load.csv,电网建模数据_Agent整合版_V1.2,apply device-level forward S*cos(phi) and split/single reverse 0.8*S*cos(phi),real_2025_baseline,static_device_screen_not_synchronous,6f5703efcd735cc3517531ecdd1cf4c5108a7181917c904d976287a9c7390249
QX-00008,110,BDZ-00138,QX-00008|110|BDZ-00138|#1,#1,50,unknown,34.42,0.37,47.5,0.8,38,0,0,transformer_master.csv+transformer_static_load.csv,电网建模数据_Agent整合版_V1.2,apply device-level forward S*cos(phi) and split/single reverse 0.8*S*cos(phi),real_2025_baseline,static_device_screen_not_synchronous,6f5703efcd735cc3517531ecdd1cf4c5108a7181917c904d976287a9c7390249
QX-00008,110,BDZ-00138,QX-00008|110|BDZ-00138|#2,#2,50,unknown,33.12,-0,47.5,0.8,38,0,0,transformer_master.csv+transformer_static_load.csv,电网建模数据_Agent整合版_V1.2,apply device-level forward S*cos(phi) and split/single reverse 0.8*S*cos(phi),real_2025_baseline,static_device_screen_not_synchronous,6f5703efcd735cc3517531ecdd1cf4c5108a7181917c904d976287a9c7390249
QX-00008,110,BDZ-00166,QX-00008|110|BDZ-00166|#1,#1,50,unknown,35.79,0,47.5,0.8,38,0,0,transformer_master.csv+transformer_static_load.csv,电网建模数据_Agent整合版_V1.2,apply device-level forward S*cos(phi) and split/single reverse 0.8*S*cos(phi),real_2025_baseline,static_device_screen_not_synchronous,6f5703efcd735cc3517531ecdd1cf4c5108a7181917c904d976287a9c7390249
QX-00008,110,BDZ-00166,QX-00008|110|BDZ-00166|#3,#3,50,unknown,29.27,0,47.5,0.8,38,0,0,transformer_master.csv+transformer_static_load.csv,电网建模数据_Agent整合版_V1.2,apply device-level forward S*cos(phi) and split/single reverse 0.8*S*cos(phi),real_2025_baseline,static_device_screen_not_synchronous,6f5703efcd735cc3517531ecdd1cf4c5108a7181917c904d976287a9c7390249
QX-00008,110,BDZ-00170,QX-00008|110|BDZ-00170|#1,#1,20,unknown,17.28,0,19,0.8,15.2,0,0,transformer_master.csv+transformer_static_load.csv,电网建模数据_Agent整合版_V1.2,apply device-level forward S*cos(phi) and split/single reverse 0.8*S*cos(phi),real_2025_baseline,static_device_screen_not_synchronous,6f5703efcd735cc3517531ecdd1cf4c5108a7181917c904d976287a9c7390249
QX-00008,110,BDZ-00170,QX-00008|110|BDZ-00170|#2,#2,50,unknown,18.63,3.1,47.5,0.8,38,0,0,transformer_master.csv+transformer_static_load.csv,电网建模数据_Agent整合版_V1.2,apply device-level forward S*cos(phi) and split/single reverse 0.8*S*cos(phi),real_2025_baseline,static_device_screen_not_synchronous,6f5703efcd735cc3517531ecdd1cf4c5108a7181917c904d976287a9c7390249
QX-00009,35,BDZ-00253,QX-00009|35|BDZ-00253|#1,#1,20,unknown,12.51,11.85,19,0.8,15.2,0,0,transformer_master.csv+transformer_static_load.csv,电网建模数据_Agent整合版_V1.2,apply device-level forward S*cos(phi) and split/single reverse 0.8*S*cos(phi),real_2025_baseline,static_device_screen_not_synchronous,6f5703efcd735cc3517531ecdd1cf4c5108a7181917c904d976287a9c7390249
QX-00009,35,BDZ-00253,QX-00009|35|BDZ-00253|#2,#2,20,unknown,3.88,2.9,19,0.8,15.2,0,0,transformer_master.csv+transformer_static_load.csv,电网建模数据_Agent整合版_V1.2,apply device-level forward S*cos(phi) and split/single reverse 0.8*S*cos(phi),real_2025_baseline,static_device_screen_not_synchronous,6f5703efcd735cc3517531ecdd1cf4c5108a7181917c904d976287a9c7390249
QX-00009,35,BDZ-00259,QX-00009|35|BDZ-00259|#1,#1,20,unknown,14.47,6.5,19,0.8,15.2,0,0,transformer_master.csv+transformer_static_load.csv,电网建模数据_Agent整合版_V1.2,apply device-level forward S*cos(phi) and split/single reverse 0.8*S*cos(phi),real_2025_baseline,static_device_screen_not_synchronous,6f5703efcd735cc3517531ecdd1cf4c5108a7181917c904d976287a9c7390249
QX-00009,35,BDZ-00259,QX-00009|35|BDZ-00259|#2,#2,20,unknown,8.35,7.65,19,0.8,15.2,0,0,transformer_master.csv+transformer_static_load.csv,电网建模数据_Agent整合版_V1.2,apply device-level forward S*cos(phi) and split/single reverse 0.8*S*cos(phi),real_2025_baseline,static_device_screen_not_synchronous,6f5703efcd735cc3517531ecdd1cf4c5108a7181917c904d976287a9c7390249
QX-00009,35,BDZ-00266,QX-00009|35|BDZ-00266|#1,#1,20,unknown,11.47,0,19,0.8,15.2,0,0,transformer_master.csv+transformer_static_load.csv,电网建模数据_Agent整合版_V1.2,apply device-level forward S*cos(phi) and split/single reverse 0.8*S*cos(phi),real_2025_baseline,static_device_screen_not_synchronous,6f5703efcd735cc3517531ecdd1cf4c5108a7181917c904d976287a9c7390249
QX-00009,35,BDZ-00266,QX-00009|35|BDZ-00266|#2,#2,20,unknown,13.8,5.17,19,0.8,15.2,0,0,transformer_master.csv+transformer_static_load.csv,电网建模数据_Agent整合版_V1.2,apply device-level forward S*cos(phi) and split/single reverse 0.8*S*cos(phi),real_2025_baseline,static_device_screen_not_synchronous,6f5703efcd735cc3517531ecdd1cf4c5108a7181917c904d976287a9c7390249
QX-00009,35,BDZ-00277,QX-00009|35|BDZ-00277|#1,#1,20,unknown,11.84,5.21,19,0.8,15.2,0,0,transformer_master.csv+transformer_static_load.csv,电网建模数据_Agent整合版_V1.2,apply device-level forward S*cos(phi) and split/single reverse 0.8*S*cos(phi),real_2025_baseline,static_device_screen_not_synchronous,6f5703efcd735cc3517531ecdd1cf4c5108a7181917c904d976287a9c7390249
QX-00009,35,BDZ-00277,QX-00009|35|BDZ-00277|#2,#2,20,unknown,6.87,3.76,19,0.8,15.2,0,0,transformer_master.csv+transformer_static_load.csv,电网建模数据_Agent整合版_V1.2,apply device-level forward S*cos(phi) and split/single reverse 0.8*S*cos(phi),real_2025_baseline,static_device_screen_not_synchronous,6f5703efcd735cc3517531ecdd1cf4c5108a7181917c904d976287a9c7390249
QX-00009,35,BDZ-00281,QX-00009|35|BDZ-00281|#1,#1,8,unknown,6.06,2.22,7.6,0.8,6.08,0,0,transformer_master.csv+transformer_static_load.csv,电网建模数据_Agent整合版_V1.2,apply device-level forward S*cos(phi) and split/single reverse 0.8*S*cos(phi),real_2025_baseline,static_device_screen_not_synchronous,6f5703efcd735cc3517531ecdd1cf4c5108a7181917c904d976287a9c7390249
QX-00009,35,BDZ-00281,QX-00009|35|BDZ-00281|#2,#2,6.3,unknown,5.99,1.69,5.985,0.8,4.788,0.005,0,transformer_master.csv+transformer_static_load.csv,电网建模数据_Agent整合版_V1.2,apply device-level forward S*cos(phi) and split/single reverse 0.8*S*cos(phi),real_2025_baseline,static_device_screen_not_synchronous,6f5703efcd735cc3517531ecdd1cf4c5108a7181917c904d976287a9c7390249
QX-00009,35,BDZ-00284,QX-00009|35|BDZ-00284|#1,#1,20,unknown,5.57,0.23,19,0.8,15.2,0,0,transformer_master.csv+transformer_static_load.csv,电网建模数据_Agent整合版_V1.2,apply device-level forward S*cos(phi) and split/single reverse 0.8*S*cos(phi),real_2025_baseline,static_device_screen_not_synchronous,6f5703efcd735cc3517531ecdd1cf4c5108a7181917c904d976287a9c7390249
QX-00009,35,BDZ-00284,QX-00009|35|BDZ-00284|#2,#2,10,unknown,0.03,-0,9.5,0.8,7.6,0,0,transformer_master.csv+transformer_static_load.csv,电网建模数据_Agent整合版_V1.2,apply device-level forward S*cos(phi) and split/single reverse 0.8*S*cos(phi),real_2025_baseline,static_device_screen_not_synchronous,6f5703efcd735cc3517531ecdd1cf4c5108a7181917c904d976287a9c7390249
QX-00009,35,BDZ-00303,QX-00009|35|BDZ-00303|#1,#1,20,unknown,8.27,6.34,19,0.8,15.2,0,0,transformer_master.csv+transformer_static_load.csv,电网建模数据_Agent整合版_V1.2,apply device-level forward S*cos(phi) and split/single reverse 0.8*S*cos(phi),real_2025_baseline,static_device_screen_not_synchronous,6f5703efcd735cc3517531ecdd1cf4c5108a7181917c904d976287a9c7390249
QX-00009,35,BDZ-00303,QX-00009|35|BDZ-00303|#2,#2,20,unknown,9.95,15.76,19,0.8,15.2,0,0.56,transformer_master.csv+transformer_static_load.csv,电网建模数据_Agent整合版_V1.2,apply device-level forward S*cos(phi) and split/single reverse 0.8*S*cos(phi),real_2025_baseline,static_device_screen_not_synchronous,6f5703efcd735cc3517531ecdd1cf4c5108a7181917c904d976287a9c7390249
QX-00009,35,BDZ-00310,QX-00009|35|BDZ-00310|#1,#1,10,unknown,9.04,6.36,9.5,0.8,7.6,0,0,transformer_master.csv+transformer_static_load.csv,电网建模数据_Agent整合版_V1.2,apply device-level forward S*cos(phi) and split/single reverse 0.8*S*cos(phi),real_2025_baseline,static_device_screen_not_synchronous,6f5703efcd735cc3517531ecdd1cf4c5108a7181917c904d976287a9c7390249
QX-00009,35,BDZ-00310,QX-00009|35|BDZ-00310|#2,#2,20,unknown,9.33,1.53,19,0.8,15.2,0,0,transformer_master.csv+transformer_static_load.csv,电网建模数据_Agent整合版_V1.2,apply device-level forward S*cos(phi) and split/single reverse 0.8*S*cos(phi),real_2025_baseline,static_device_screen_not_synchronous,6f5703efcd735cc3517531ecdd1cf4c5108a7181917c904d976287a9c7390249
QX-00009,110,BDZ-00014,QX-00009|110|BDZ-00014|#1,#1,50,unknown,,,47.5,0.8,38,,,transformer_master.csv+transformer_static_load.csv,电网建模数据_Agent整合版_V1.2,apply device-level forward S*cos(phi) and split/single reverse 0.8*S*cos(phi),real_2025_baseline,static_device_screen_not_synchronous,6f5703efcd735cc3517531ecdd1cf4c5108a7181917c904d976287a9c7390249
QX-00009,110,BDZ-00014,QX-00009|110|BDZ-00014|#2,#2,50,unknown,,,47.5,0.8,38,,,transformer_master.csv+transformer_static_load.csv,电网建模数据_Agent整合版_V1.2,apply device-level forward S*cos(phi) and split/single reverse 0.8*S*cos(phi),real_2025_baseline,static_device_screen_not_synchronous,6f5703efcd735cc3517531ecdd1cf4c5108a7181917c904d976287a9c7390249
QX-00009,110,BDZ-00020,QX-00009|110|BDZ-00020|#1,#1,50,unknown,25.72,16.68,47.5,0.8,38,0,0,transformer_master.csv+transformer_static_load.csv,电网建模数据_Agent整合版_V1.2,apply device-level forward S*cos(phi) and split/single reverse 0.8*S*cos(phi),real_2025_baseline,static_device_screen_not_synchronous,6f5703efcd735cc3517531ecdd1cf4c5108a7181917c904d976287a9c7390249
QX-00009,110,BDZ-00020,QX-00009|110|BDZ-00020|#2,#2,63,unknown,29.8,14.3,59.85,0.8,47.88,0,0,transformer_master.csv+transformer_static_load.csv,电网建模数据_Agent整合版_V1.2,apply device-level forward S*cos(phi) and split/single reverse 0.8*S*cos(phi),real_2025_baseline,static_device_screen_not_synchronous,6f5703efcd735cc3517531ecdd1cf4c5108a7181917c904d976287a9c7390249
QX-00009,110,BDZ-00040,QX-00009|110|BDZ-00040|#1,#1,63,unknown,37.95,21.41,59.85,0.8,47.88,0,0,transformer_master.csv+transformer_static_load.csv,电网建模数据_Agent整合版_V1.2,apply device-level forward S*cos(phi) and split/single reverse 0.8*S*cos(phi),real_2025_baseline,static_device_screen_not_synchronous,6f5703efcd735cc3517531ecdd1cf4c5108a7181917c904d976287a9c7390249
QX-00009,110,BDZ-00040,QX-00009|110|BDZ-00040|#2,#2,63,unknown,41.97,23.72,59.85,0.8,47.88,0,0,transformer_master.csv+transformer_static_load.csv,电网建模数据_Agent整合版_V1.2,apply device-level forward S*cos(phi) and split/single reverse 0.8*S*cos(phi),real_2025_baseline,static_device_screen_not_synchronous,6f5703efcd735cc3517531ecdd1cf4c5108a7181917c904d976287a9c7390249
QX-00009,110,BDZ-00055,QX-00009|110|BDZ-00055|#1,#1,50,unknown,29.07,-0,47.5,0.8,38,0,0,transformer_master.csv+transformer_static_load.csv,电网建模数据_Agent整合版_V1.2,apply device-level forward S*cos(phi) and split/single reverse 0.8*S*cos(phi),real_2025_baseline,static_device_screen_not_synchronous,6f5703efcd735cc3517531ecdd1cf4c5108a7181917c904d976287a9c7390249
QX-00009,110,BDZ-00055,QX-00009|110|BDZ-00055|#2,#2,31.5,unknown,25.32,2.75,29.925,0.8,23.94,0,0,transformer_master.csv+transformer_static_load.csv,电网建模数据_Agent整合版_V1.2,apply device-level forward S*cos(phi) and split/single reverse 0.8*S*cos(phi),real_2025_baseline,static_device_screen_not_synchronous,6f5703efcd735cc3517531ecdd1cf4c5108a7181917c904d976287a9c7390249
QX-00009,110,BDZ-00057,QX-00009|110|BDZ-00057|#1,#1,50,unknown,40.77,2.98,47.5,0.8,38,0,0,transformer_master.csv+transformer_static_load.csv,电网建模数据_Agent整合版_V1.2,apply device-level forward S*cos(phi) and split/single reverse 0.8*S*cos(phi),real_2025_baseline,static_device_screen_not_synchronous,6f5703efcd735cc3517531ecdd1cf4c5108a7181917c904d976287a9c7390249
QX-00009,110,BDZ-00057,QX-00009|110|BDZ-00057|#2,#2,100,unknown,43.79,10.31,95,0.8,76,0,0,transformer_master.csv+transformer_static_load.csv,电网建模数据_Agent整合版_V1.2,apply device-level forward S*cos(phi) and split/single reverse 0.8*S*cos(phi),real_2025_baseline,static_device_screen_not_synchronous,6f5703efcd735cc3517531ecdd1cf4c5108a7181917c904d976287a9c7390249
QX-00009,110,BDZ-00068,QX-00009|110|BDZ-00068|#1,#1,50,unknown,33.48,0,47.5,0.8,38,0,0,transformer_master.csv+transformer_static_load.csv,电网建模数据_Agent整合版_V1.2,apply device-level forward S*cos(phi) and split/single reverse 0.8*S*cos(phi),real_2025_baseline,static_device_screen_not_synchronous,6f5703efcd735cc3517531ecdd1cf4c5108a7181917c904d976287a9c7390249
QX-00009,110,BDZ-00068,QX-00009|110|BDZ-00068|#2,#2,50,unknown,34.45,5.31,47.5,0.8,38,0,0,transformer_master.csv+transformer_static_load.csv,电网建模数据_Agent整合版_V1.2,apply device-level forward S*cos(phi) and split/single reverse 0.8*S*cos(phi),real_2025_baseline,static_device_screen_not_synchronous,6f5703efcd735cc3517531ecdd1cf4c5108a7181917c904d976287a9c7390249
QX-00009,110,BDZ-00069,QX-00009|110|BDZ-00069|#1,#1,63,unknown,39.6,14.28,59.85,0.8,47.88,0,0,transformer_master.csv+transformer_static_load.csv,电网建模数据_Agent整合版_V1.2,apply device-level forward S*cos(phi) and split/single reverse 0.8*S*cos(phi),real_2025_baseline,static_device_screen_not_synchronous,6f5703efcd735cc3517531ecdd1cf4c5108a7181917c904d976287a9c7390249
QX-00009,110,BDZ-00069,QX-00009|110|BDZ-00069|#2,#2,50,unknown,23.02,13.64,47.5,0.8,38,0,0,transformer_master.csv+transformer_static_load.csv,电网建模数据_Agent整合版_V1.2,apply device-level forward S*cos(phi) and split/single reverse 0.8*S*cos(phi),real_2025_baseline,static_device_screen_not_synchronous,6f5703efcd735cc3517531ecdd1cf4c5108a7181917c904d976287a9c7390249
QX-00009,110,BDZ-00077,QX-00009|110|BDZ-00077|#1,#1,50,unknown,27.41,0.05,47.5,0.8,38,0,0,transformer_master.csv+transformer_static_load.csv,电网建模数据_Agent整合版_V1.2,apply device-level forward S*cos(phi) and split/single reverse 0.8*S*cos(phi),real_2025_baseline,static_device_screen_not_synchronous,6f5703efcd735cc3517531ecdd1cf4c5108a7181917c904d976287a9c7390249
QX-00009,110,BDZ-00077,QX-00009|110|BDZ-00077|#2,#2,50,unknown,22.3,2.22,47.5,0.8,38,0,0,transformer_master.csv+transformer_static_load.csv,电网建模数据_Agent整合版_V1.2,apply device-level forward S*cos(phi) and split/single reverse 0.8*S*cos(phi),real_2025_baseline,static_device_screen_not_synchronous,6f5703efcd735cc3517531ecdd1cf4c5108a7181917c904d976287a9c7390249
QX-00009,110,BDZ-00084,QX-00009|110|BDZ-00084|#1,#1,31.5,unknown,18.5,10.5,29.925,0.8,23.94,0,0,transformer_master.csv+transformer_static_load.csv,电网建模数据_Agent整合版_V1.2,apply device-level forward S*cos(phi) and split/single reverse 0.8*S*cos(phi),real_2025_baseline,static_device_screen_not_synchronous,6f5703efcd735cc3517531ecdd1cf4c5108a7181917c904d976287a9c7390249
QX-00009,110,BDZ-00084,QX-00009|110|BDZ-00084|#2,#2,31.5,unknown,22.8,16.7,29.925,0.8,23.94,0,0,transformer_master.csv+transformer_static_load.csv,电网建模数据_Agent整合版_V1.2,apply device-level forward S*cos(phi) and split/single reverse 0.8*S*cos(phi),real_2025_baseline,static_device_screen_not_synchronous,6f5703efcd735cc3517531ecdd1cf4c5108a7181917c904d976287a9c7390249
QX-00009,110,BDZ-00086,QX-00009|110|BDZ-00086|#1,#1,50,unknown,24.1,10.36,47.5,0.8,38,0,0,transformer_master.csv+transformer_static_load.csv,电网建模数据_Agent整合版_V1.2,apply device-level forward S*cos(phi) and split/single reverse 0.8*S*cos(phi),real_2025_baseline,static_device_screen_not_synchronous,6f5703efcd735cc3517531ecdd1cf4c5108a7181917c904d976287a9c7390249
QX-00009,110,BDZ-00086,QX-00009|110|BDZ-00086|#2,#2,50,unknown,39.55,9.67,47.5,0.8,38,0,0,transformer_master.csv+transformer_static_load.csv,电网建模数据_Agent整合版_V1.2,apply device-level forward S*cos(phi) and split/single reverse 0.8*S*cos(phi),real_2025_baseline,static_device_screen_not_synchronous,6f5703efcd735cc3517531ecdd1cf4c5108a7181917c904d976287a9c7390249
QX-00009,110,BDZ-00087,QX-00009|110|BDZ-00087|#1,#1,31.5,unknown,19.33,1.25,29.925,0.8,23.94,0,0,transformer_master.csv+transformer_static_load.csv,电网建模数据_Agent整合版_V1.2,apply device-level forward S*cos(phi) and split/single reverse 0.8*S*cos(phi),real_2025_baseline,static_device_screen_not_synchronous,6f5703efcd735cc3517531ecdd1cf4c5108a7181917c904d976287a9c7390249
QX-00009,110,BDZ-00087,QX-00009|110|BDZ-00087|#2,#2,31.5,unknown,21.36,0.18,29.925,0.8,23.94,0,0,transformer_master.csv+transformer_static_load.csv,电网建模数据_Agent整合版_V1.2,apply device-level forward S*cos(phi) and split/single reverse 0.8*S*cos(phi),real_2025_baseline,static_device_screen_not_synchronous,6f5703efcd735cc3517531ecdd1cf4c5108a7181917c904d976287a9c7390249
QX-00009,110,BDZ-00091,QX-00009|110|BDZ-00091|#1,#1,63,unknown,48.86,3.42,59.85,0.8,47.88,0,0,transformer_master.csv+transformer_static_load.csv,电网建模数据_Agent整合版_V1.2,apply device-level forward S*cos(phi) and split/single reverse 0.8*S*cos(phi),real_2025_baseline,static_device_screen_not_synchronous,6f5703efcd735cc3517531ecdd1cf4c5108a7181917c904d976287a9c7390249
QX-00009,110,BDZ-00091,QX-00009|110|BDZ-00091|#2,#2,50,unknown,40.62,5.83,47.5,0.8,38,0,0,transformer_master.csv+transformer_static_load.csv,电网建模数据_Agent整合版_V1.2,apply device-level forward S*cos(phi) and split/single reverse 0.8*S*cos(phi),real_2025_baseline,static_device_screen_not_synchronous,6f5703efcd735cc3517531ecdd1cf4c5108a7181917c904d976287a9c7390249
QX-00009,110,BDZ-00127,QX-00009|110|BDZ-00127|#1,#1,50,unknown,30.61,7.7,47.5,0.8,38,0,0,transformer_master.csv+transformer_static_load.csv,电网建模数据_Agent整合版_V1.2,apply device-level forward S*cos(phi) and split/single reverse 0.8*S*cos(phi),real_2025_baseline,static_device_screen_not_synchronous,6f5703efcd735cc3517531ecdd1cf4c5108a7181917c904d976287a9c7390249
QX-00009,110,BDZ-00127,QX-00009|110|BDZ-00127|#2,#2,50,unknown,22.81,3.28,47.5,0.8,38,0,0,transformer_master.csv+transformer_static_load.csv,电网建模数据_Agent整合版_V1.2,apply device-level forward S*cos(phi) and split/single reverse 0.8*S*cos(phi),real_2025_baseline,static_device_screen_not_synchronous,6f5703efcd735cc3517531ecdd1cf4c5108a7181917c904d976287a9c7390249
QX-00009,110,BDZ-00128,QX-00009|110|BDZ-00128|#1,#1,50,unknown,15.2,17.44,47.5,0.8,38,0,0,transformer_master.csv+transformer_static_load.csv,电网建模数据_Agent整合版_V1.2,apply device-level forward S*cos(phi) and split/single reverse 0.8*S*cos(phi),real_2025_baseline,static_device_screen_not_synchronous,6f5703efcd735cc3517531ecdd1cf4c5108a7181917c904d976287a9c7390249
QX-00009,110,BDZ-00128,QX-00009|110|BDZ-00128|#2,#2,50,unknown,7.02,10.12,47.5,0.8,38,0,0,transformer_master.csv+transformer_static_load.csv,电网建模数据_Agent整合版_V1.2,apply device-level forward S*cos(phi) and split/single reverse 0.8*S*cos(phi),real_2025_baseline,static_device_screen_not_synchronous,6f5703efcd735cc3517531ecdd1cf4c5108a7181917c904d976287a9c7390249
QX-00009,110,BDZ-00129,QX-00009|110|BDZ-00129|#1,#1,40,unknown,8.82,6.9,38,0.8,30.4,0,0,transformer_master.csv+transformer_static_load.csv,电网建模数据_Agent整合版_V1.2,apply device-level forward S*cos(phi) and split/single reverse 0.8*S*cos(phi),real_2025_baseline,static_device_screen_not_synchronous,6f5703efcd735cc3517531ecdd1cf4c5108a7181917c904d976287a9c7390249
QX-00009,110,BDZ-00129,QX-00009|110|BDZ-00129|#2,#2,40,unknown,12.07,5.33,38,0.8,30.4,0,0,transformer_master.csv+transformer_static_load.csv,电网建模数据_Agent整合版_V1.2,apply device-level forward S*cos(phi) and split/single reverse 0.8*S*cos(phi),real_2025_baseline,static_device_screen_not_synchronous,6f5703efcd735cc3517531ecdd1cf4c5108a7181917c904d976287a9c7390249
QX-00009,110,BDZ-00134,QX-00009|110|BDZ-00134|#1,#1,50,unknown,23.4,5.8,47.5,0.8,38,0,0,transformer_master.csv+transformer_static_load.csv,电网建模数据_Agent整合版_V1.2,apply device-level forward S*cos(phi) and split/single reverse 0.8*S*cos(phi),real_2025_baseline,static_device_screen_not_synchronous,6f5703efcd735cc3517531ecdd1cf4c5108a7181917c904d976287a9c7390249
QX-00009,110,BDZ-00134,QX-00009|110|BDZ-00134|#2,#2,31.5,unknown,18.6,4.4,29.925,0.8,23.94,0,0,transformer_master.csv+transformer_static_load.csv,电网建模数据_Agent整合版_V1.2,apply device-level forward S*cos(phi) and split/single reverse 0.8*S*cos(phi),real_2025_baseline,static_device_screen_not_synchronous,6f5703efcd735cc3517531ecdd1cf4c5108a7181917c904d976287a9c7390249
QX-00009,110,BDZ-00150,QX-00009|110|BDZ-00150|#1,#1,50,unknown,34.15,-0,47.5,0.8,38,0,0,transformer_master.csv+transformer_static_load.csv,电网建模数据_Agent整合版_V1.2,apply device-level forward S*cos(phi) and split/single reverse 0.8*S*cos(phi),real_2025_baseline,static_device_screen_not_synchronous,6f5703efcd735cc3517531ecdd1cf4c5108a7181917c904d976287a9c7390249
QX-00009,110,BDZ-00150,QX-00009|110|BDZ-00150|#2,#2,50,unknown,30.54,1.85,47.5,0.8,38,0,0,transformer_master.csv+transformer_static_load.csv,电网建模数据_Agent整合版_V1.2,apply device-level forward S*cos(phi) and split/single reverse 0.8*S*cos(phi),real_2025_baseline,static_device_screen_not_synchronous,6f5703efcd735cc3517531ecdd1cf4c5108a7181917c904d976287a9c7390249
QX-00009,110,BDZ-00159,QX-00009|110|BDZ-00159|#1,#1,20,unknown,15.28,17.12,19,0.8,15.2,0,1.92,transformer_master.csv+transformer_static_load.csv,电网建模数据_Agent整合版_V1.2,apply device-level forward S*cos(phi) and split/single reverse 0.8*S*cos(phi),real_2025_baseline,static_device_screen_not_synchronous,6f5703efcd735cc3517531ecdd1cf4c5108a7181917c904d976287a9c7390249
QX-00009,110,BDZ-00159,QX-00009|110|BDZ-00159|#2,#2,20,unknown,15.54,10.62,19,0.8,15.2,0,0,transformer_master.csv+transformer_static_load.csv,电网建模数据_Agent整合版_V1.2,apply device-level forward S*cos(phi) and split/single reverse 0.8*S*cos(phi),real_2025_baseline,static_device_screen_not_synchronous,6f5703efcd735cc3517531ecdd1cf4c5108a7181917c904d976287a9c7390249
QX-00009,110,BDZ-00176,QX-00009|110|BDZ-00176|#1,#1,63,unknown,34.34,11.51,59.85,0.8,47.88,0,0,transformer_master.csv+transformer_static_load.csv,电网建模数据_Agent整合版_V1.2,apply device-level forward S*cos(phi) and split/single reverse 0.8*S*cos(phi),real_2025_baseline,static_device_screen_not_synchronous,6f5703efcd735cc3517531ecdd1cf4c5108a7181917c904d976287a9c7390249
QX-00009,110,BDZ-00176,QX-00009|110|BDZ-00176|#2,#2,50,unknown,33.92,22.91,47.5,0.8,38,0,0,transformer_master.csv+transformer_static_load.csv,电网建模数据_Agent整合版_V1.2,apply device-level forward S*cos(phi) and split/single reverse 0.8*S*cos(phi),real_2025_baseline,static_device_screen_not_synchronous,6f5703efcd735cc3517531ecdd1cf4c5108a7181917c904d976287a9c7390249
QX-00009,110,BDZ-00178,QX-00009|110|BDZ-00178|#1,#1,50,unknown,21.4,5.2,47.5,0.8,38,0,0,transformer_master.csv+transformer_static_load.csv,电网建模数据_Agent整合版_V1.2,apply device-level forward S*cos(phi) and split/single reverse 0.8*S*cos(phi),real_2025_baseline,static_device_screen_not_synchronous,6f5703efcd735cc3517531ecdd1cf4c5108a7181917c904d976287a9c7390249
QX-00009,110,BDZ-00178,QX-00009|110|BDZ-00178|#2,#2,50,unknown,30.9,12.2,47.5,0.8,38,0,0,transformer_master.csv+transformer_static_load.csv,电网建模数据_Agent整合版_V1.2,apply device-level forward S*cos(phi) and split/single reverse 0.8*S*cos(phi),real_2025_baseline,static_device_screen_not_synchronous,6f5703efcd735cc3517531ecdd1cf4c5108a7181917c904d976287a9c7390249
QX-00009,110,BDZ-00180,QX-00009|110|BDZ-00180|#1,#1,20,unknown,16.83,14.1,19,0.8,15.2,0,0,transformer_master.csv+transformer_static_load.csv,电网建模数据_Agent整合版_V1.2,apply device-level forward S*cos(phi) and split/single reverse 0.8*S*cos(phi),real_2025_baseline,static_device_screen_not_synchronous,6f5703efcd735cc3517531ecdd1cf4c5108a7181917c904d976287a9c7390249
QX-00009,110,BDZ-00180,QX-00009|110|BDZ-00180|#2,#2,20,unknown,15.95,15.25,19,0.8,15.2,0,0.05,transformer_master.csv+transformer_static_load.csv,电网建模数据_Agent整合版_V1.2,apply device-level forward S*cos(phi) and split/single reverse 0.8*S*cos(phi),real_2025_baseline,static_device_screen_not_synchronous,6f5703efcd735cc3517531ecdd1cf4c5108a7181917c904d976287a9c7390249
QX-00010,35,BDZ-00245,QX-00010|35|BDZ-00245|#1,#1,16,unknown,8.71,9.03,15.2,0.8,12.16,0,0,transformer_master.csv+transformer_static_load.csv,电网建模数据_Agent整合版_V1.2,apply device-level forward S*cos(phi) and split/single reverse 0.8*S*cos(phi),real_2025_baseline,static_device_screen_not_synchronous,6f5703efcd735cc3517531ecdd1cf4c5108a7181917c904d976287a9c7390249
QX-00010,35,BDZ-00245,QX-00010|35|BDZ-00245|#2,#2,20,unknown,17.25,11.94,19,0.8,15.2,0,0,transformer_master.csv+transformer_static_load.csv,电网建模数据_Agent整合版_V1.2,apply device-level forward S*cos(phi) and split/single reverse 0.8*S*cos(phi),real_2025_baseline,static_device_screen_not_synchronous,6f5703efcd735cc3517531ecdd1cf4c5108a7181917c904d976287a9c7390249
QX-00010,35,BDZ-00260,QX-00010|35|BDZ-00260|#1,#1,20,unknown,11.5,16.4,19,0.8,15.2,0,1.2,transformer_master.csv+transformer_static_load.csv,电网建模数据_Agent整合版_V1.2,apply device-level forward S*cos(phi) and split/single reverse 0.8*S*cos(phi),real_2025_baseline,static_device_screen_not_synchronous,6f5703efcd735cc3517531ecdd1cf4c5108a7181917c904d976287a9c7390249
QX-00010,35,BDZ-00260,QX-00010|35|BDZ-00260|#2,#2,16,unknown,12.7,17.7,15.2,0.8,12.16,0,5.54,transformer_master.csv+transformer_static_load.csv,电网建模数据_Agent整合版_V1.2,apply device-level forward S*cos(phi) and split/single reverse 0.8*S*cos(phi),real_2025_baseline,static_device_screen_not_synchronous,6f5703efcd735cc3517531ecdd1cf4c5108a7181917c904d976287a9c7390249
QX-00010,35,BDZ-00295,QX-00010|35|BDZ-00295|#1,#1,10,unknown,6.54,9.94,9.5,0.8,7.6,0,2.34,transformer_master.csv+transformer_static_load.csv,电网建模数据_Agent整合版_V1.2,apply device-level forward S*cos(phi) and split/single reverse 0.8*S*cos(phi),real_2025_baseline,static_device_screen_not_synchronous,6f5703efcd735cc3517531ecdd1cf4c5108a7181917c904d976287a9c7390249
QX-00010,35,BDZ-00295,QX-00010|35|BDZ-00295|#2,#2,20,unknown,10.73,16.23,19,0.8,15.2,0,1.03,transformer_master.csv+transformer_static_load.csv,电网建模数据_Agent整合版_V1.2,apply device-level forward S*cos(phi) and split/single reverse 0.8*S*cos(phi),real_2025_baseline,static_device_screen_not_synchronous,6f5703efcd735cc3517531ecdd1cf4c5108a7181917c904d976287a9c7390249
QX-00010,35,BDZ-00304,QX-00010|35|BDZ-00304|#1,#1,5,unknown,0.74,0.437,4.75,0.8,3.8,0,0,transformer_master.csv+transformer_static_load.csv,电网建模数据_Agent整合版_V1.2,apply device-level forward S*cos(phi) and split/single reverse 0.8*S*cos(phi),real_2025_baseline,static_device_screen_not_synchronous,6f5703efcd735cc3517531ecdd1cf4c5108a7181917c904d976287a9c7390249
QX-00010,35,BDZ-00304,QX-00010|35|BDZ-00304|#2,#2,5,unknown,0.74,0.437,4.75,0.8,3.8,0,0,transformer_master.csv+transformer_static_load.csv,电网建模数据_Agent整合版_V1.2,apply device-level forward S*cos(phi) and split/single reverse 0.8*S*cos(phi),real_2025_baseline,static_device_screen_not_synchronous,6f5703efcd735cc3517531ecdd1cf4c5108a7181917c904d976287a9c7390249
QX-00010,35,BDZ-00306,QX-00010|35|BDZ-00306|#1,#1,20,unknown,10.91,14.21,19,0.8,15.2,0,0,transformer_master.csv+transformer_static_load.csv,电网建模数据_Agent整合版_V1.2,apply device-level forward S*cos(phi) and split/single reverse 0.8*S*cos(phi),real_2025_baseline,static_device_screen_not_synchronous,6f5703efcd735cc3517531ecdd1cf4c5108a7181917c904d976287a9c7390249
QX-00010,35,BDZ-00306,QX-00010|35|BDZ-00306|#2,#2,20,unknown,10.45,14.05,19,0.8,15.2,0,0,transformer_master.csv+transformer_static_load.csv,电网建模数据_Agent整合版_V1.2,apply device-level forward S*cos(phi) and split/single reverse 0.8*S*cos(phi),real_2025_baseline,static_device_screen_not_synchronous,6f5703efcd735cc3517531ecdd1cf4c5108a7181917c904d976287a9c7390249
QX-00010,35,BDZ-00307,QX-00010|35|BDZ-00307|#1,#1,20,unknown,10.28,17.45,19,0.8,15.2,0,2.25,transformer_master.csv+transformer_static_load.csv,电网建模数据_Agent整合版_V1.2,apply device-level forward S*cos(phi) and split/single reverse 0.8*S*cos(phi),real_2025_baseline,static_device_screen_not_synchronous,6f5703efcd735cc3517531ecdd1cf4c5108a7181917c904d976287a9c7390249
QX-00010,35,BDZ-00307,QX-00010|35|BDZ-00307|#2,#2,20,unknown,36.29,20.78,19,0.8,15.2,17.29,5.58,transformer_master.csv+transformer_static_load.csv,电网建模数据_Agent整合版_V1.2,apply device-level forward S*cos(phi) and split/single reverse 0.8*S*cos(phi),real_2025_baseline,static_device_screen_not_synchronous,6f5703efcd735cc3517531ecdd1cf4c5108a7181917c904d976287a9c7390249
QX-00010,110,BDZ-00009,QX-00010|110|BDZ-00009|#1,#1,50,unknown,13.1,23.07,47.5,0.8,38,0,0,transformer_master.csv+transformer_static_load.csv,电网建模数据_Agent整合版_V1.2,apply device-level forward S*cos(phi) and split/single reverse 0.8*S*cos(phi),real_2025_baseline,static_device_screen_not_synchronous,6f5703efcd735cc3517531ecdd1cf4c5108a7181917c904d976287a9c7390249
QX-00010,110,BDZ-00009,QX-00010|110|BDZ-00009|#3,#3,31.5,unknown,9.89,20.66,29.925,0.8,23.94,0,0,transformer_master.csv+transformer_static_load.csv,电网建模数据_Agent整合版_V1.2,apply device-level forward S*cos(phi) and split/single reverse 0.8*S*cos(phi),real_2025_baseline,static_device_screen_not_synchronous,6f5703efcd735cc3517531ecdd1cf4c5108a7181917c904d976287a9c7390249
QX-00010,110,BDZ-00011,QX-00010|110|BDZ-00011|#1,#1,50,unknown,10.7,12.42,47.5,0.8,38,0,0,transformer_master.csv+transformer_static_load.csv,电网建模数据_Agent整合版_V1.2,apply device-level forward S*cos(phi) and split/single reverse 0.8*S*cos(phi),real_2025_baseline,static_device_screen_not_synchronous,6f5703efcd735cc3517531ecdd1cf4c5108a7181917c904d976287a9c7390249
QX-00010,110,BDZ-00011,QX-00010|110|BDZ-00011|#2,#2,50,unknown,14.24,19.77,47.5,0.8,38,0,0,transformer_master.csv+transformer_static_load.csv,电网建模数据_Agent整合版_V1.2,apply device-level forward S*cos(phi) and split/single reverse 0.8*S*cos(phi),real_2025_baseline,static_device_screen_not_synchronous,6f5703efcd735cc3517531ecdd1cf4c5108a7181917c904d976287a9c7390249
QX-00010,110,BDZ-00035,QX-00010|110|BDZ-00035|#1,#1,50,unknown,18.3,20.15,47.5,0.8,38,0,0,transformer_master.csv+transformer_static_load.csv,电网建模数据_Agent整合版_V1.2,apply device-level forward S*cos(phi) and split/single reverse 0.8*S*cos(phi),real_2025_baseline,static_device_screen_not_synchronous,6f5703efcd735cc3517531ecdd1cf4c5108a7181917c904d976287a9c7390249
QX-00010,110,BDZ-00035,QX-00010|110|BDZ-00035|#2,#2,20,unknown,11.87,19.08,19,0.8,15.2,0,3.88,transformer_master.csv+transformer_static_load.csv,电网建模数据_Agent整合版_V1.2,apply device-level forward S*cos(phi) and split/single reverse 0.8*S*cos(phi),real_2025_baseline,static_device_screen_not_synchronous,6f5703efcd735cc3517531ecdd1cf4c5108a7181917c904d976287a9c7390249
QX-00010,110,BDZ-00044,QX-00010|110|BDZ-00044|#1,#1,50,unknown,9.01,26.84,47.5,0.8,38,0,0,transformer_master.csv+transformer_static_load.csv,电网建模数据_Agent整合版_V1.2,apply device-level forward S*cos(phi) and split/single reverse 0.8*S*cos(phi),real_2025_baseline,static_device_screen_not_synchronous,6f5703efcd735cc3517531ecdd1cf4c5108a7181917c904d976287a9c7390249
QX-00010,110,BDZ-00044,QX-00010|110|BDZ-00044|#2,#2,50,unknown,13.33,33.15,47.5,0.8,38,0,0,transformer_master.csv+transformer_static_load.csv,电网建模数据_Agent整合版_V1.2,apply device-level forward S*cos(phi) and split/single reverse 0.8*S*cos(phi),real_2025_baseline,static_device_screen_not_synchronous,6f5703efcd735cc3517531ecdd1cf4c5108a7181917c904d976287a9c7390249
QX-00010,110,BDZ-00049,QX-00010|110|BDZ-00049|#1,#1,31.5,unknown,18.08,7.31,29.925,0.8,23.94,0,0,transformer_master.csv+transformer_static_load.csv,电网建模数据_Agent整合版_V1.2,apply device-level forward S*cos(phi) and split/single reverse 0.8*S*cos(phi),real_2025_baseline,static_device_screen_not_synchronous,6f5703efcd735cc3517531ecdd1cf4c5108a7181917c904d976287a9c7390249
QX-00010,110,BDZ-00049,QX-00010|110|BDZ-00049|#2,#2,50,unknown,25.4,14.23,47.5,0.8,38,0,0,transformer_master.csv+transformer_static_load.csv,电网建模数据_Agent整合版_V1.2,apply device-level forward S*cos(phi) and split/single reverse 0.8*S*cos(phi),real_2025_baseline,static_device_screen_not_synchronous,6f5703efcd735cc3517531ecdd1cf4c5108a7181917c904d976287a9c7390249
QX-00010,110,BDZ-00054,QX-00010|110|BDZ-00054|#1,#1,50,unknown,32.36,46.57,47.5,0.8,38,0,8.57,transformer_master.csv+transformer_static_load.csv,电网建模数据_Agent整合版_V1.2,apply device-level forward S*cos(phi) and split/single reverse 0.8*S*cos(phi),real_2025_baseline,static_device_screen_not_synchronous,6f5703efcd735cc3517531ecdd1cf4c5108a7181917c904d976287a9c7390249
QX-00010,110,BDZ-00054,QX-00010|110|BDZ-00054|#2,#2,63,unknown,23.92,41.17,59.85,0.8,47.88,0,0,transformer_master.csv+transformer_static_load.csv,电网建模数据_Agent整合版_V1.2,apply device-level forward S*cos(phi) and split/single reverse 0.8*S*cos(phi),real_2025_baseline,static_device_screen_not_synchronous,6f5703efcd735cc3517531ecdd1cf4c5108a7181917c904d976287a9c7390249
QX-00010,110,BDZ-00089,QX-00010|110|BDZ-00089|#1,#1,80,unknown,28.97,13.5,76,0.8,60.8,0,0,transformer_master.csv+transformer_static_load.csv,电网建模数据_Agent整合版_V1.2,apply device-level forward S*cos(phi) and split/single reverse 0.8*S*cos(phi),real_2025_baseline,static_device_screen_not_synchronous,6f5703efcd735cc3517531ecdd1cf4c5108a7181917c904d976287a9c7390249
QX-00010,110,BDZ-00089,QX-00010|110|BDZ-00089|#2,#2,63,unknown,28.36,2.93,59.85,0.8,47.88,0,0,transformer_master.csv+transformer_static_load.csv,电网建模数据_Agent整合版_V1.2,apply device-level forward S*cos(phi) and split/single reverse 0.8*S*cos(phi),real_2025_baseline,static_device_screen_not_synchronous,6f5703efcd735cc3517531ecdd1cf4c5108a7181917c904d976287a9c7390249
QX-00010,110,BDZ-00090,QX-00010|110|BDZ-00090|#1,#1,50,unknown,15.58,5.94,47.5,0.8,38,0,0,transformer_master.csv+transformer_static_load.csv,电网建模数据_Agent整合版_V1.2,apply device-level forward S*cos(phi) and split/single reverse 0.8*S*cos(phi),real_2025_baseline,static_device_screen_not_synchronous,6f5703efcd735cc3517531ecdd1cf4c5108a7181917c904d976287a9c7390249
QX-00010,110,BDZ-00090,QX-00010|110|BDZ-00090|#2,#2,50,unknown,12.24,11.92,47.5,0.8,38,0,0,transformer_master.csv+transformer_static_load.csv,电网建模数据_Agent整合版_V1.2,apply device-level forward S*cos(phi) and split/single reverse 0.8*S*cos(phi),real_2025_baseline,static_device_screen_not_synchronous,6f5703efcd735cc3517531ecdd1cf4c5108a7181917c904d976287a9c7390249
QX-00010,110,BDZ-00097,QX-00010|110|BDZ-00097|#1,#1,50,unknown,19.72,20.52,47.5,0.8,38,0,0,transformer_master.csv+transformer_static_load.csv,电网建模数据_Agent整合版_V1.2,apply device-level forward S*cos(phi) and split/single reverse 0.8*S*cos(phi),real_2025_baseline,static_device_screen_not_synchronous,6f5703efcd735cc3517531ecdd1cf4c5108a7181917c904d976287a9c7390249
QX-00010,110,BDZ-00097,QX-00010|110|BDZ-00097|#2,#2,50,unknown,13.43,13.96,47.5,0.8,38,0,0,transformer_master.csv+transformer_static_load.csv,电网建模数据_Agent整合版_V1.2,apply device-level forward S*cos(phi) and split/single reverse 0.8*S*cos(phi),real_2025_baseline,static_device_screen_not_synchronous,6f5703efcd735cc3517531ecdd1cf4c5108a7181917c904d976287a9c7390249
QX-00010,110,BDZ-00099,QX-00010|110|BDZ-00099|#1,#1,63,unknown,29.26,25.64,59.85,0.8,47.88,0,0,transformer_master.csv+transformer_static_load.csv,电网建模数据_Agent整合版_V1.2,apply device-level forward S*cos(phi) and split/single reverse 0.8*S*cos(phi),real_2025_baseline,static_device_screen_not_synchronous,6f5703efcd735cc3517531ecdd1cf4c5108a7181917c904d976287a9c7390249
QX-00010,110,BDZ-00099,QX-00010|110|BDZ-00099|#2,#2,50,unknown,12.22,14.79,47.5,0.8,38,0,0,transformer_master.csv+transformer_static_load.csv,电网建模数据_Agent整合版_V1.2,apply device-level forward S*cos(phi) and split/single reverse 0.8*S*cos(phi),real_2025_baseline,static_device_screen_not_synchronous,6f5703efcd735cc3517531ecdd1cf4c5108a7181917c904d976287a9c7390249
QX-00010,110,BDZ-00108,QX-00010|110|BDZ-00108|#1,#1,50,unknown,22.54,31.73,47.5,0.8,38,0,0,transformer_master.csv+transformer_static_load.csv,电网建模数据_Agent整合版_V1.2,apply device-level forward S*cos(phi) and split/single reverse 0.8*S*cos(phi),real_2025_baseline,static_device_screen_not_synchronous,6f5703efcd735cc3517531ecdd1cf4c5108a7181917c904d976287a9c7390249
QX-00010,110,BDZ-00108,QX-00010|110|BDZ-00108|#2,#2,50,unknown,79.94,48.23,47.5,0.8,38,32.44,10.23,transformer_master.csv+transformer_static_load.csv,电网建模数据_Agent整合版_V1.2,apply device-level forward S*cos(phi) and split/single reverse 0.8*S*cos(phi),real_2025_baseline,static_device_screen_not_synchronous,6f5703efcd735cc3517531ecdd1cf4c5108a7181917c904d976287a9c7390249
QX-00010,110,BDZ-00109,QX-00010|110|BDZ-00109|#2,#2,50,unknown,32.95,-0,47.5,0.8,38,0,0,transformer_master.csv+transformer_static_load.csv,电网建模数据_Agent整合版_V1.2,apply device-level forward S*cos(phi) and split/single reverse 0.8*S*cos(phi),real_2025_baseline,static_device_screen_not_synchronous,6f5703efcd735cc3517531ecdd1cf4c5108a7181917c904d976287a9c7390249
QX-00010,110,BDZ-00109,QX-00010|110|BDZ-00109|#3,#3,50,unknown,28.94,-0,47.5,0.8,38,0,0,transformer_master.csv+transformer_static_load.csv,电网建模数据_Agent整合版_V1.2,apply device-level forward S*cos(phi) and split/single reverse 0.8*S*cos(phi),real_2025_baseline,static_device_screen_not_synchronous,6f5703efcd735cc3517531ecdd1cf4c5108a7181917c904d976287a9c7390249
QX-00010,110,BDZ-00113,QX-00010|110|BDZ-00113|#2,#2,31.5,unknown,17.06,22.46,29.925,0.8,23.94,0,0,transformer_master.csv+transformer_static_load.csv,电网建模数据_Agent整合版_V1.2,apply device-level forward S*cos(phi) and split/single reverse 0.8*S*cos(phi),real_2025_baseline,static_device_screen_not_synchronous,6f5703efcd735cc3517531ecdd1cf4c5108a7181917c904d976287a9c7390249
QX-00010,110,BDZ-00113,QX-00010|110|BDZ-00113|#3,#3,50,unknown,15.02,14.51,47.5,0.8,38,0,0,transformer_master.csv+transformer_static_load.csv,电网建模数据_Agent整合版_V1.2,apply device-level forward S*cos(phi) and split/single reverse 0.8*S*cos(phi),real_2025_baseline,static_device_screen_not_synchronous,6f5703efcd735cc3517531ecdd1cf4c5108a7181917c904d976287a9c7390249
QX-00010,110,BDZ-00120,QX-00010|110|BDZ-00120|#1,#1,20,unknown,17.07,21.31,19,0.8,15.2,0,6.11,transformer_master.csv+transformer_static_load.csv,电网建模数据_Agent整合版_V1.2,apply device-level forward S*cos(phi) and split/single reverse 0.8*S*cos(phi),real_2025_baseline,static_device_screen_not_synchronous,6f5703efcd735cc3517531ecdd1cf4c5108a7181917c904d976287a9c7390249
QX-00010,110,BDZ-00120,QX-00010|110|BDZ-00120|#2,#2,20,unknown,12.47,20.5,19,0.8,15.2,0,5.3,transformer_master.csv+transformer_static_load.csv,电网建模数据_Agent整合版_V1.2,apply device-level forward S*cos(phi) and split/single reverse 0.8*S*cos(phi),real_2025_baseline,static_device_screen_not_synchronous,6f5703efcd735cc3517531ecdd1cf4c5108a7181917c904d976287a9c7390249
QX-00010,110,BDZ-00122,QX-00010|110|BDZ-00122|#1,#1,50,unknown,18,39.72,47.5,0.8,38,0,1.72,transformer_master.csv+transformer_static_load.csv,电网建模数据_Agent整合版_V1.2,apply device-level forward S*cos(phi) and split/single reverse 0.8*S*cos(phi),real_2025_baseline,static_device_screen_not_synchronous,6f5703efcd735cc3517531ecdd1cf4c5108a7181917c904d976287a9c7390249
QX-00010,110,BDZ-00122,QX-00010|110|BDZ-00122|#2,#2,50,unknown,10.33,18.31,47.5,0.8,38,0,0,transformer_master.csv+transformer_static_load.csv,电网建模数据_Agent整合版_V1.2,apply device-level forward S*cos(phi) and split/single reverse 0.8*S*cos(phi),real_2025_baseline,static_device_screen_not_synchronous,6f5703efcd735cc3517531ecdd1cf4c5108a7181917c904d976287a9c7390249
QX-00010,110,BDZ-00133,QX-00010|110|BDZ-00133|#1,#1,50,unknown,41.27,-0,47.5,0.8,38,0,0,transformer_master.csv+transformer_static_load.csv,电网建模数据_Agent整合版_V1.2,apply device-level forward S*cos(phi) and split/single reverse 0.8*S*cos(phi),real_2025_baseline,static_device_screen_not_synchronous,6f5703efcd735cc3517531ecdd1cf4c5108a7181917c904d976287a9c7390249
QX-00010,110,BDZ-00133,QX-00010|110|BDZ-00133|#2,#2,63,unknown,30.26,-0,59.85,0.8,47.88,0,0,transformer_master.csv+transformer_static_load.csv,电网建模数据_Agent整合版_V1.2,apply device-level forward S*cos(phi) and split/single reverse 0.8*S*cos(phi),real_2025_baseline,static_device_screen_not_synchronous,6f5703efcd735cc3517531ecdd1cf4c5108a7181917c904d976287a9c7390249
QX-00010,110,BDZ-00145,QX-00010|110|BDZ-00145|#1,#1,50,unknown,29.26,34.42,47.5,0.8,38,0,0,transformer_master.csv+transformer_static_load.csv,电网建模数据_Agent整合版_V1.2,apply device-level forward S*cos(phi) and split/single reverse 0.8*S*cos(phi),real_2025_baseline,static_device_screen_not_synchronous,6f5703efcd735cc3517531ecdd1cf4c5108a7181917c904d976287a9c7390249
QX-00010,110,BDZ-00145,QX-00010|110|BDZ-00145|#2,#2,20,unknown,13.28,18.42,19,0.8,15.2,0,3.22,transformer_master.csv+transformer_static_load.csv,电网建模数据_Agent整合版_V1.2,apply device-level forward S*cos(phi) and split/single reverse 0.8*S*cos(phi),real_2025_baseline,static_device_screen_not_synchronous,6f5703efcd735cc3517531ecdd1cf4c5108a7181917c904d976287a9c7390249
QX-00010,110,BDZ-00160,QX-00010|110|BDZ-00160|#1,#1,50,unknown,40.33,0,47.5,0.8,38,0,0,transformer_master.csv+transformer_static_load.csv,电网建模数据_Agent整合版_V1.2,apply device-level forward S*cos(phi) and split/single reverse 0.8*S*cos(phi),real_2025_baseline,static_device_screen_not_synchronous,6f5703efcd735cc3517531ecdd1cf4c5108a7181917c904d976287a9c7390249
QX-00010,110,BDZ-00160,QX-00010|110|BDZ-00160|#2,#2,50,unknown,30.96,0,47.5,0.8,38,0,0,transformer_master.csv+transformer_static_load.csv,电网建模数据_Agent整合版_V1.2,apply device-level forward S*cos(phi) and split/single reverse 0.8*S*cos(phi),real_2025_baseline,static_device_screen_not_synchronous,6f5703efcd735cc3517531ecdd1cf4c5108a7181917c904d976287a9c7390249
QX-00010,110,BDZ-00179,QX-00010|110|BDZ-00179|#1,#1,63,unknown,41.64,-0,59.85,0.8,47.88,0,0,transformer_master.csv+transformer_static_load.csv,电网建模数据_Agent整合版_V1.2,apply device-level forward S*cos(phi) and split/single reverse 0.8*S*cos(phi),real_2025_baseline,static_device_screen_not_synchronous,6f5703efcd735cc3517531ecdd1cf4c5108a7181917c904d976287a9c7390249
QX-00010,110,BDZ-00179,QX-00010|110|BDZ-00179|#2,#2,80,unknown,41.01,0.56,76,0.8,60.8,0,0,transformer_master.csv+transformer_static_load.csv,电网建模数据_Agent整合版_V1.2,apply device-level forward S*cos(phi) and split/single reverse 0.8*S*cos(phi),real_2025_baseline,static_device_screen_not_synchronous,6f5703efcd735cc3517531ecdd1cf4c5108a7181917c904d976287a9c7390249
QX-00010,110,BDZ-00185,QX-00010|110|BDZ-00185|#1,#1,63,unknown,28.69,7.01,59.85,0.8,47.88,0,0,transformer_master.csv+transformer_static_load.csv,电网建模数据_Agent整合版_V1.2,apply device-level forward S*cos(phi) and split/single reverse 0.8*S*cos(phi),real_2025_baseline,static_device_screen_not_synchronous,6f5703efcd735cc3517531ecdd1cf4c5108a7181917c904d976287a9c7390249
QX-00010,110,BDZ-00185,QX-00010|110|BDZ-00185|#3,#3,80,unknown,28.39,1.45,76,0.8,60.8,0,0,transformer_master.csv+transformer_static_load.csv,电网建模数据_Agent整合版_V1.2,apply device-level forward S*cos(phi) and split/single reverse 0.8*S*cos(phi),real_2025_baseline,static_device_screen_not_synchronous,6f5703efcd735cc3517531ecdd1cf4c5108a7181917c904d976287a9c7390249
