timestamp,p_norm
2025-01-01 00:00:00,0.0
2025-01-01 01:00:00,0.0
2025-01-01 02:00:00,0.0
2025-01-01 03:00:00,0.0
2025-01-01 04:00:00,0.0
2025-01-01 05:00:00,0.0
2025-01-01 06:00:00,0.0
2025-01-01 07:00:00,0.0
2025-01-01 08:00:00,0.3270891930050806
2025-01-01 09:00:00,0.5906882636101878
2025-01-01 10:00:00,0.7753443541483697
2025-01-01 11:00:00,0.8580894042311925
2025-01-01 12:00:00,0.8715745239074607
2025-01-01 13:00:00,0.811697479738969
2025-01-01 14:00:00,0.6813932029660592
2025-01-01 15:00:00,0.3617969783548821
2025-01-01 16:00:00,0.0665473424419962
2025-01-01 17:00:00,0.0
2025-01-01 18:00:00,0.0
2025-01-01 19:00:00,0.0
2025-01-01 20:00:00,0.0
2025-01-01 21:00:00,0.0
2025-01-01 22:00:00,0.0
2025-01-01 23:00:00,0.0
2025-01-02 00:00:00,0.0
2025-01-02 01:00:00,0.0
2025-01-02 02:00:00,0.0
2025-01-02 03:00:00,0.0
2025-01-02 04:00:00,0.0
2025-01-02 05:00:00,0.0
2025-01-02 06:00:00,0.0
2025-01-02 07:00:00,0.003557492412535714
2025-01-02 08:00:00,0.31093595401941054
2025-01-02 09:00:00,0.5689430912385632
2025-01-02 10:00:00,0.7448610910384542
2025-01-02 11:00:00,0.8390345854965482
2025-01-02 12:00:00,0.8539538193016197
2025-01-02 13:00:00,0.7904081110827006
2025-01-02 14:00:00,0.6456181698924971
2025-01-02 15:00:00,0.4320463363386733
2025-01-02 16:00:00,0.16835832842325266
2025-01-02 17:00:00,0.0
2025-01-02 18:00:00,0.0
2025-01-02 19:00:00,0.0
2025-01-02 20:00:00,0.0
2025-01-02 21:00:00,0.0
2025-01-02 22:00:00,0.0
2025-01-02 23:00:00,0.0
2025-01-03 00:00:00,0.0
2025-01-03 01:00:00,0.0
2025-01-03 02:00:00,0.0
2025-01-03 03:00:00,0.0
2025-01-03 04:00:00,0.0
2025-01-03 05:00:00,0.0
2025-01-03 06:00:00,0.0
2025-01-03 07:00:00,0.0034129692832764505
2025-01-03 08:00:00,0.2761837000144523
2025-01-03 09:00:00,0.4781825660637458
2025-01-03 10:00:00,0.5772031439339196
2025-01-03 11:00:00,0.5811942057342331
2025-01-03 12:00:00,0.5171037564896444
2025-01-03 13:00:00,0.5006948227368234
2025-01-03 14:00:00,0.48549765983702237
2025-01-03 15:00:00,0.3307133884003513
2025-01-03 16:00:00,0.12706918211026003
2025-01-03 17:00:00,0.0
2025-01-03 18:00:00,0.0
2025-01-03 19:00:00,0.0
2025-01-03 20:00:00,0.0
2025-01-03 21:00:00,0.0
2025-01-03 22:00:00,0.0
2025-01-03 23:00:00,0.0
2025-01-04 00:00:00,0.0
2025-01-04 01:00:00,0.0
2025-01-04 02:00:00,0.0
2025-01-04 03:00:00,0.0
2025-01-04 04:00:00,0.0
2025-01-04 05:00:00,0.0
2025-01-04 06:00:00,0.0
2025-01-04 07:00:00,0.0031683916799146203
2025-01-04 08:00:00,0.30571088703849875
2025-01-04 09:00:00,0.5555802603639759
2025-01-04 10:00:00,0.7292081244232971
2025-01-04 11:00:00,0.8187791130726729
2025-01-04 12:00:00,0.8321530611110494
2025-01-04 13:00:00,0.780602772620649
2025-01-04 14:00:00,0.5798267945881647
2025-01-04 15:00:00,0.3592511478471612
2025-01-04 16:00:00,0.12256673077564452
2025-01-04 17:00:00,0.0
2025-01-04 18:00:00,0.0
2025-01-04 19:00:00,0.0
2025-01-04 20:00:00,0.0
2025-01-04 21:00:00,0.0
2025-01-04 22:00:00,0.0
2025-01-04 23:00:00,0.0
2025-01-05 00:00:00,0.0
2025-01-05 01:00:00,0.0
2025-01-05 02:00:00,0.0
2025-01-05 03:00:00,0.0
2025-01-05 04:00:00,0.0
2025-01-05 05:00:00,0.0
2025-01-05 06:00:00,0.0
2025-01-05 07:00:00,0.003779835688319196
2025-01-05 08:00:00,0.13817522873564497
2025-01-05 09:00:00,0.37816144345254643
2025-01-05 10:00:00,0.4533468221587309
2025-01-05 11:00:00,0.5237407032717813
2025-01-05 12:00:00,0.5260530733399296
2025-01-05 13:00:00,0.380751742615424
2025-01-05 14:00:00,0.18720192104590275
2025-01-05 15:00:00,0.19158208357883738
2025-01-05 16:00:00,0.029871819101510825
2025-01-05 17:00:00,0.0
2025-01-05 18:00:00,0.0
2025-01-05 19:00:00,0.0
2025-01-05 20:00:00,0.0
2025-01-05 21:00:00,0.0
2025-01-05 22:00:00,0.0
2025-01-05 23:00:00,0.0
2025-01-06 00:00:00,0.0
2025-01-06 01:00:00,0.0
2025-01-06 02:00:00,0.0
2025-01-06 03:00:00,0.0
2025-01-06 04:00:00,0.0
2025-01-06 05:00:00,0.0
2025-01-06 06:00:00,0.0
2025-01-06 07:00:00,0.0031461573523362723
2025-01-06 08:00:00,0.2877455503551934
2025-01-06 09:00:00,0.5310780313726362
2025-01-06 10:00:00,0.6988137986236952
2025-01-06 11:00:00,0.7879734522128714
2025-01-06 12:00:00,0.7949550310724729
2025-01-06 13:00:00,0.675567809140532
2025-01-06 14:00:00,0.33658325088103525
2025-01-06 15:00:00,0.1832330935731676
2025-01-06 16:00:00,0.10817000366866404
2025-01-06 17:00:00,0.0
2025-01-06 18:00:00,0.0
2025-01-06 19:00:00,0.0
2025-01-06 20:00:00,0.0
2025-01-06 21:00:00,0.0
2025-01-06 22:00:00,0.0
2025-01-06 23:00:00,0.0
2025-01-07 00:00:00,0.0
2025-01-07 01:00:00,0.0
2025-01-07 02:00:00,0.0
2025-01-07 03:00:00,0.0
2025-01-07 04:00:00,0.0
2025-01-07 05:00:00,0.0
2025-01-07 06:00:00,0.0
2025-01-07 07:00:00,0.003335149136752232
2025-01-07 08:00:00,0.2311036008493513
2025-01-07 09:00:00,0.4862869784660538
2025-01-07 10:00:00,0.5604162266122668
2025-01-07 11:00:00,0.7165456748674278
2025-01-07 12:00:00,0.7963002078909628
2025-01-07 13:00:00,0.6947671510044358
2025-01-07 14:00:00,0.6054185056308435
2025-01-07 15:00:00,0.4400506942668786
2025-01-07 16:00:00,0.16866960900934955
2025-01-07 17:00:00,0.0
2025-01-07 18:00:00,0.0
2025-01-07 19:00:00,0.0
2025-01-07 20:00:00,0.0
2025-01-07 21:00:00,0.0
2025-01-07 22:00:00,0.0
2025-01-07 23:00:00,0.0
2025-01-08 00:00:00,0.0
2025-01-08 01:00:00,0.0
2025-01-08 02:00:00,0.0
2025-01-08 03:00:00,0.0
2025-01-08 04:00:00,0.0
2025-01-08 05:00:00,0.0
2025-01-08 06:00:00,0.0
2025-01-08 07:00:00,0.00335738346433058
2025-01-08 08:00:00,0.2975953574724016
2025-01-08 09:00:00,0.5271203210636902
2025-01-08 10:00:00,0.7000922724594502
2025-01-08 11:00:00,0.783848984447088
2025-01-08 12:00:00,0.7789685495436405
2025-01-08 13:00:00,0.7404809285055197
2025-01-08 14:00:00,0.5128347655946015
2025-01-08 15:00:00,0.2862892018988116
2025-01-08 16:00:00,0.112572400529177
2025-01-08 17:00:00,0.0
2025-01-08 18:00:00,0.0
2025-01-08 19:00:00,0.0
2025-01-08 20:00:00,0.0
2025-01-08 21:00:00,0.0
2025-01-08 22:00:00,0.0
2025-01-08 23:00:00,0.0
2025-01-09 00:00:00,0.0
2025-01-09 01:00:00,0.0
2025-01-09 02:00:00,0.0
2025-01-09 03:00:00,0.0
2025-01-09 04:00:00,0.0
2025-01-09 05:00:00,0.0
2025-01-09 06:00:00,0.0
2025-01-09 07:00:00,0.003123923024757924
2025-01-09 08:00:00,0.3125034741136841
2025-01-09 09:00:00,0.5699325188157996
2025-01-09 10:00:00,0.7457949327967449
2025-01-09 11:00:00,0.8372224877989128
2025-01-09 12:00:00,0.8508965992595969
2025-01-09 13:00:00,0.7924870207112762
2025-01-09 14:00:00,0.657302309034919
2025-01-09 15:00:00,0.4588053495792153
2025-01-09 16:00:00,0.19936409823125925
2025-01-09 17:00:00,0.0
2025-01-09 18:00:00,0.0
2025-01-09 19:00:00,0.0
2025-01-09 20:00:00,0.0
2025-01-09 21:00:00,0.0
2025-01-09 22:00:00,0.0
2025-01-09 23:00:00,0.0
2025-01-10 00:00:00,0.0
2025-01-10 01:00:00,0.0
2025-01-10 02:00:00,0.0
2025-01-10 03:00:00,0.0
2025-01-10 04:00:00,0.0
2025-01-10 05:00:00,0.0
2025-01-10 06:00:00,0.0
2025-01-10 07:00:00,0.003068337205812053
2025-01-10 08:00:00,0.29998554768707403
2025-01-10 09:00:00,0.5492101255127791
2025-01-10 10:00:00,0.7193472001422997
2025-01-10 11:00:00,0.8128091961178864
2025-01-10 12:00:00,0.8295071761292259
2025-01-10 13:00:00,0.7761003212860336
2025-01-10 14:00:00,0.6526331002434659
2025-01-10 15:00:00,0.45609276161465684
2025-01-10 16:00:00,0.19883047436937887
2025-01-10 17:00:00,0.0
2025-01-10 18:00:00,0.0
2025-01-10 19:00:00,0.0
2025-01-10 20:00:00,0.0
2025-01-10 21:00:00,0.0
2025-01-10 22:00:00,0.0
2025-01-10 23:00:00,0.0
2025-01-11 00:00:00,0.0
2025-01-11 01:00:00,0.0
2025-01-11 02:00:00,0.0
2025-01-11 03:00:00,0.0
2025-01-11 04:00:00,0.0
2025-01-11 05:00:00,0.0
2025-01-11 06:00:00,0.0
2025-01-11 07:00:00,0.0044579826794588166
2025-01-11 08:00:00,0.23825193716579027
2025-01-11 09:00:00,0.4937354782048004
2025-01-11 10:00:00,0.691532056341786
2025-01-11 11:00:00,0.7696301319607342
2025-01-11 12:00:00,0.790886149125635
2025-01-11 13:00:00,0.7352892130159754
2025-01-11 14:00:00,0.652321819657369
2025-01-11 15:00:00,0.4640415337239164
2025-01-11 16:00:00,0.20613445097886626
2025-01-11 17:00:00,0.0
2025-01-11 18:00:00,0.0
2025-01-11 19:00:00,0.0
2025-01-11 20:00:00,0.0
2025-01-11 21:00:00,0.0
2025-01-11 22:00:00,0.0
2025-01-11 23:00:00,0.0
2025-01-12 00:00:00,0.0
2025-01-12 01:00:00,0.0
2025-01-12 02:00:00,0.0
2025-01-12 03:00:00,0.0
2025-01-12 04:00:00,0.0
2025-01-12 05:00:00,0.0
2025-01-12 06:00:00,0.0
2025-01-12 07:00:00,0.003879890162421763
2025-01-12 08:00:00,0.30138631032451
2025-01-12 09:00:00,0.5372702916032062
2025-01-12 10:00:00,0.7025380484930686
2025-01-12 11:00:00,0.821469466709653
2025-01-12 12:00:00,0.8426810152193972
2025-01-12 13:00:00,0.794265766917544
2025-01-12 14:00:00,0.6791030672254894
2025-01-12 15:00:00,0.4790941734944581
2025-01-12 16:00:00,0.20167646829940744
2025-01-12 17:00:00,0.0
2025-01-12 18:00:00,0.0
2025-01-12 19:00:00,0.0
2025-01-12 20:00:00,0.0
2025-01-12 21:00:00,0.0
2025-01-12 22:00:00,0.0
2025-01-12 23:00:00,0.0
2025-01-13 00:00:00,0.0
2025-01-13 01:00:00,0.0
2025-01-13 02:00:00,0.0
2025-01-13 03:00:00,0.0
2025-01-13 04:00:00,0.0
2025-01-13 05:00:00,0.0
2025-01-13 06:00:00,0.0
2025-01-13 07:00:00,0.004958255049971651
2025-01-13 08:00:00,0.2547498082289246
2025-01-13 09:00:00,0.5499216239952863
2025-01-13 10:00:00,0.7383241987304199
2025-01-13 11:00:00,0.811630776756234
2025-01-13 12:00:00,0.7537214705784261
2025-01-13 13:00:00,0.6433057998243488
2025-01-13 14:00:00,0.4702560282820647
2025-01-13 15:00:00,0.3309246145123456
2025-01-13 16:00:00,0.12828095296328001
2025-01-13 17:00:00,0.0
2025-01-13 18:00:00,0.0
2025-01-13 19:00:00,0.0
2025-01-13 20:00:00,0.0
2025-01-13 21:00:00,0.0
2025-01-13 22:00:00,0.0
2025-01-13 23:00:00,0.0
2025-01-14 00:00:00,0.0
2025-01-14 01:00:00,0.0
2025-01-14 02:00:00,0.0
2025-01-14 03:00:00,0.0
2025-01-14 04:00:00,0.0
2025-01-14 05:00:00,0.0
2025-01-14 06:00:00,0.0
2025-01-14 07:00:00,0.003579726740114062
2025-01-14 08:00:00,0.22358839812786963
2025-01-14 09:00:00,0.38530977976898534
2025-01-14 10:00:00,0.47769341085702216
2025-01-14 11:00:00,0.5871085368700737
2025-01-14 12:00:00,0.6753121143733811
2025-01-14 13:00:00,0.5181487698858267
2025-01-14 14:00:00,0.35817278295961136
2025-01-14 15:00:00,0.20140965636846728
2025-01-14 16:00:00,0.07246167357783682
2025-01-14 17:00:00,0.0
2025-01-14 18:00:00,0.0
2025-01-14 19:00:00,0.0
2025-01-14 20:00:00,0.0
2025-01-14 21:00:00,0.0
2025-01-14 22:00:00,0.0
2025-01-14 23:00:00,0.0
2025-01-15 00:00:00,0.0
2025-01-15 01:00:00,0.0
2025-01-15 02:00:00,0.0
2025-01-15 03:00:00,0.0
2025-01-15 04:00:00,0.0
2025-01-15 05:00:00,0.0
2025-01-15 06:00:00,0.0
2025-01-15 07:00:00,0.003390734955698102
2025-01-15 08:00:00,0.3207524096452513
2025-01-15 09:00:00,0.5777034163044324
2025-01-15 10:00:00,0.74976376026948
2025-01-15 11:00:00,0.8456715322786851
2025-01-15 12:00:00,0.87171904703672
2025-01-15 13:00:00,0.8246156240619893
2025-01-15 14:00:00,0.7040277484408177
2025-01-15 15:00:00,0.5060644128469944
2025-01-15 16:00:00,0.23905237295861081
2025-01-15 17:00:00,0.0
2025-01-15 18:00:00,0.0
2025-01-15 19:00:00,0.0
2025-01-15 20:00:00,0.0
2025-01-15 21:00:00,0.0
2025-01-15 22:00:00,0.0
2025-01-15 23:00:00,0.0
2025-01-16 00:00:00,0.0
2025-01-16 01:00:00,0.0
2025-01-16 02:00:00,0.0
2025-01-16 03:00:00,0.0
2025-01-16 04:00:00,0.0
2025-01-16 05:00:00,0.0
2025-01-16 06:00:00,0.0
2025-01-16 07:00:00,0.0034129692832764505
2025-01-16 08:00:00,0.3281230892374737
2025-01-16 09:00:00,0.5735567142110705
2025-01-16 10:00:00,0.7363675779035252
2025-01-16 11:00:00,0.8281508821469467
2025-01-16 12:00:00,0.8510967082078021
2025-01-16 13:00:00,0.8068948649820458
2025-01-16 14:00:00,0.6917321652899913
2025-01-16 15:00:00,0.49788218029816234
2025-01-16 16:00:00,0.23826305432957942
2025-01-16 17:00:00,0.0
2025-01-16 18:00:00,0.0
2025-01-16 19:00:00,0.0
2025-01-16 20:00:00,0.0
2025-01-16 21:00:00,0.0
2025-01-16 22:00:00,0.0
2025-01-16 23:00:00,0.0
2025-01-17 00:00:00,0.0
2025-01-17 01:00:00,0.0
2025-01-17 02:00:00,0.0
2025-01-17 03:00:00,0.0
2025-01-17 04:00:00,0.0
2025-01-17 05:00:00,0.0
2025-01-17 06:00:00,0.0
2025-01-17 07:00:00,0.0032795633178063616
2025-01-17 08:00:00,0.3100132294249091
2025-01-17 09:00:00,0.5506331224777935
2025-01-17 10:00:00,0.6840502051116718
2025-01-17 11:00:00,0.8095963357828151
2025-01-17 12:00:00,0.8345321341619326
2025-01-17 13:00:00,0.7712532378739536
2025-01-17 14:00:00,0.5832842325265978
2025-01-17 15:00:00,0.38463163277784573
2025-01-17 16:00:00,0.19881935720558971
2025-01-17 17:00:00,0.0
2025-01-17 18:00:00,0.0
2025-01-17 19:00:00,0.0
2025-01-17 20:00:00,0.0
2025-01-17 21:00:00,0.0
2025-01-17 22:00:00,0.0
2025-01-17 23:00:00,0.0
2025-01-18 00:00:00,0.0
2025-01-18 01:00:00,0.0
2025-01-18 02:00:00,0.0
2025-01-18 03:00:00,0.0
2025-01-18 04:00:00,0.0
2025-01-18 05:00:00,0.0
2025-01-18 06:00:00,0.0
2025-01-18 07:00:00,0.005080543851652567
2025-01-18 08:00:00,0.16515658525197052
2025-01-18 09:00:00,0.5212393414192171
2025-01-18 10:00:00,0.7396249068937533
2025-01-18 11:00:00,0.8304187835599383
2025-01-18 12:00:00,0.8441484808395683
2025-01-18 13:00:00,0.8019699614234417
2025-01-18 14:00:00,0.6602928260942069
2025-01-18 15:00:00,0.5023512801414103
2025-01-18 16:00:00,0.24061989305288434
2025-01-18 17:00:00,0.0
2025-01-18 18:00:00,0.0
2025-01-18 19:00:00,0.0
2025-01-18 20:00:00,0.0
2025-01-18 21:00:00,0.0
2025-01-18 22:00:00,0.0
2025-01-18 23:00:00,0.0
2025-01-19 00:00:00,0.0
2025-01-19 01:00:00,0.0
2025-01-19 02:00:00,0.0
2025-01-19 03:00:00,0.0
2025-01-19 04:00:00,0.0
2025-01-19 05:00:00,0.0
2025-01-19 06:00:00,0.0
2025-01-19 07:00:00,0.0037464841969516737
2025-01-19 08:00:00,0.32821202654778714
2025-01-19 09:00:00,0.575568920856911
2025-01-19 10:00:00,0.7424709008237819
2025-01-19 11:00:00,0.8347767117652944
2025-01-19 12:00:00,0.8491512045446966
2025-01-19 13:00:00,0.7986236951229002
2025-01-19 14:00:00,0.6831830663361163
2025-01-19 15:00:00,0.4956587475403275
2025-01-19 16:00:00,0.24245422507809808
2025-01-19 17:00:00,0.0
2025-01-19 18:00:00,0.0
2025-01-19 19:00:00,0.0
2025-01-19 20:00:00,0.0
2025-01-19 21:00:00,0.0
2025-01-19 22:00:00,0.0
2025-01-19 23:00:00,0.0
2025-01-20 00:00:00,0.0
2025-01-20 01:00:00,0.0
2025-01-20 02:00:00,0.0
2025-01-20 03:00:00,0.0
2025-01-20 04:00:00,0.0
2025-01-20 05:00:00,0.0
2025-01-20 06:00:00,0.0
2025-01-20 07:00:00,0.00379095285210837
2025-01-20 08:00:00,0.31900701493035094
2025-01-20 09:00:00,0.5679647808251159
2025-01-20 10:00:00,0.7347778234816734
2025-01-20 11:00:00,0.800080043579282
2025-01-20 12:00:00,0.7678847372458338
2025-01-20 13:00:00,0.6273082011317272
2025-01-20 14:00:00,0.5441073473335483
2025-01-20 15:00:00,0.4043090126846839
2025-01-20 16:00:00,0.15596269079832353
2025-01-20 17:00:00,0.0
2025-01-20 18:00:00,0.0
2025-01-20 19:00:00,0.0
2025-01-20 20:00:00,0.0
2025-01-20 21:00:00,0.0
2025-01-20 22:00:00,0.0
2025-01-20 23:00:00,0.0
2025-01-21 00:00:00,0.0
2025-01-21 01:00:00,0.0
2025-01-21 02:00:00,0.0
2025-01-21 03:00:00,0.0
2025-01-21 04:00:00,0.0
2025-01-21 05:00:00,0.0
2025-01-21 06:00:00,0.0
2025-01-21 07:00:00,0.003857655834843415
2025-01-21 08:00:00,0.29138086291425336
2025-01-21 09:00:00,0.4879879045257974
2025-01-21 10:00:00,0.6147791575413281
2025-01-21 11:00:00,0.623717357227824
2025-01-21 12:00:00,0.6587253059999333
2025-01-21 13:00:00,0.5417393914464542
2025-01-21 14:00:00,0.25529454925459416
2025-01-21 15:00:00,0.0982757278962991
2025-01-21 16:00:00,0.02904914898111194
2025-01-21 17:00:00,0.0
2025-01-21 18:00:00,0.0
2025-01-21 19:00:00,0.0
2025-01-21 20:00:00,0.0
2025-01-21 21:00:00,0.0
2025-01-21 22:00:00,0.0
2025-01-21 23:00:00,0.0
2025-01-22 00:00:00,0.0
2025-01-22 01:00:00,0.0
2025-01-22 02:00:00,0.0
2025-01-22 03:00:00,0.0
2025-01-22 04:00:00,0.0
2025-01-22 05:00:00,0.0
2025-01-22 06:00:00,0.0
2025-01-22 07:00:00,0.0003668664050427455
2025-01-22 08:00:00,0.04240086269191004
2025-01-22 09:00:00,0.09387333103578614
2025-01-22 10:00:00,0.09126079754533024
2025-01-22 11:00:00,0.1341619326077531
2025-01-22 12:00:00,0.38445375815721894
2025-01-22 13:00:00,0.42666562906471306
2025-01-22 14:00:00,0.24556703093906682
2025-01-22 15:00:00,0.08962657446832165
2025-01-22 16:00:00,0.032328712298918295
2025-01-22 17:00:00,0.0
2025-01-22 18:00:00,0.0
2025-01-22 19:00:00,0.0
2025-01-22 20:00:00,0.0
2025-01-22 21:00:00,0.0
2025-01-22 22:00:00,0.0
2025-01-22 23:00:00,0.0
2025-01-23 00:00:00,0.0
2025-01-23 01:00:00,0.0
2025-01-23 02:00:00,0.0
2025-01-23 03:00:00,0.0
2025-01-23 04:00:00,0.0
2025-01-23 05:00:00,0.0
2025-01-23 06:00:00,0.0
2025-01-23 07:00:00,0.0034018521194872763
2025-01-23 08:00:00,0.07162788629364877
2025-01-23 09:00:00,0.1915709664150482
2025-01-23 10:00:00,0.2402863781392091
2025-01-23 11:00:00,0.24613400629231472
2025-01-23 12:00:00,0.25269313292792744
2025-01-23 13:00:00,0.23117030383208637
2025-01-23 14:00:00,0.12674678436037398
2025-01-23 15:00:00,0.07103867661282254
2025-01-23 16:00:00,0.032106369023134816
2025-01-23 17:00:00,0.0
2025-01-23 18:00:00,0.0
2025-01-23 19:00:00,0.0
2025-01-23 20:00:00,0.0
2025-01-23 21:00:00,0.0
2025-01-23 22:00:00,0.0
2025-01-23 23:00:00,0.0
2025-01-24 00:00:00,0.0
2025-01-24 01:00:00,0.0
2025-01-24 02:00:00,0.0
2025-01-24 03:00:00,0.0
2025-01-24 04:00:00,0.0
2025-01-24 05:00:00,0.0
2025-01-24 06:00:00,0.0
2025-01-24 07:00:00,0.0021678469388889507
2025-01-24 08:00:00,0.16536781136396483
2025-01-24 09:00:00,0.38036264188280283
2025-01-24 10:00:00,0.38963435648297406
2025-01-24 11:00:00,0.41003435203610855
2025-01-24 12:00:00,0.33927360451801536
2025-01-24 13:00:00,0.22014207735322566
2025-01-24 14:00:00,0.12475681204211182
2025-01-24 15:00:00,0.09147202365732454
2025-01-24 16:00:00,0.019977543329145867
2025-01-24 17:00:00,0.0
2025-01-24 18:00:00,0.0
2025-01-24 19:00:00,0.0
2025-01-24 20:00:00,0.0
2025-01-24 21:00:00,0.0
2025-01-24 22:00:00,0.0
2025-01-24 23:00:00,0.0
2025-01-25 00:00:00,0.0
2025-01-25 01:00:00,0.0
2025-01-25 02:00:00,0.0
2025-01-25 03:00:00,0.0
2025-01-25 04:00:00,0.0
2025-01-25 05:00:00,0.0
2025-01-25 06:00:00,0.0
2025-01-25 07:00:00,0.0
2025-01-25 08:00:00,0.04470211559626908
2025-01-25 09:00:00,0.14259985992373628
2025-01-25 10:00:00,0.33489344198508075
2025-01-25 11:00:00,0.5445075652299586
2025-01-25 12:00:00,0.6578581672243777
2025-01-25 13:00:00,0.7901746506431279
2025-01-25 14:00:00,0.5869528965770253
2025-01-25 15:00:00,0.3249658147213483
2025-01-25 16:00:00,0.16165467865838068
2025-01-25 17:00:00,0.0
2025-01-25 18:00:00,0.0
2025-01-25 19:00:00,0.0
2025-01-25 20:00:00,0.0
2025-01-25 21:00:00,0.0
2025-01-25 22:00:00,0.0
2025-01-25 23:00:00,0.0
2025-01-26 00:00:00,0.0
2025-01-26 01:00:00,0.0
2025-01-26 02:00:00,0.0
2025-01-26 03:00:00,0.0
2025-01-26 04:00:00,0.0
2025-01-26 05:00:00,0.0
2025-01-26 06:00:00,0.0
2025-01-26 07:00:00,0.06951562517370569
2025-01-26 08:00:00,0.32484352591966736
2025-01-26 09:00:00,0.5661415659636914
2025-01-26 10:00:00,0.74464986492646
2025-01-26 11:00:00,0.7767562339495948
2025-01-26 12:00:00,0.6998476948560883
2025-01-26 13:00:00,0.5667196584807284
2025-01-26 14:00:00,0.16652399639803891
2025-01-26 15:00:00,0.07364009293948927
2025-01-26 16:00:00,0.03119476159242254
2025-01-26 17:00:00,0.0
2025-01-26 18:00:00,0.0
2025-01-26 19:00:00,0.0
2025-01-26 20:00:00,0.0
2025-01-26 21:00:00,0.0
2025-01-26 22:00:00,0.0
2025-01-26 23:00:00,0.0
2025-01-27 00:00:00,0.0
2025-01-27 01:00:00,0.0
2025-01-27 02:00:00,0.0
2025-01-27 03:00:00,0.0
2025-01-27 04:00:00,0.0
2025-01-27 05:00:00,0.0
2025-01-27 06:00:00,0.0
2025-01-27 07:00:00,0.011106046625384933
2025-01-27 08:00:00,0.2714589054040533
2025-01-27 09:00:00,0.5310335627174796
2025-01-27 10:00:00,0.7134328690064591
2025-01-27 11:00:00,0.8109748640926727
2025-01-27 12:00:00,0.8203577503307355
2025-01-27 13:00:00,0.7985014063212194
2025-01-27 14:00:00,0.6136452068348324
2025-01-27 15:00:00,0.3991951173416638
2025-01-27 16:00:00,0.1791975631176974
2025-01-27 17:00:00,0.001467465620170982
2025-01-27 18:00:00,0.0
2025-01-27 19:00:00,0.0
2025-01-27 20:00:00,0.0
2025-01-27 21:00:00,0.0
2025-01-27 22:00:00,0.0
2025-01-27 23:00:00,0.0
2025-01-28 00:00:00,0.0
2025-01-28 01:00:00,0.0
2025-01-28 02:00:00,0.0
2025-01-28 03:00:00,0.0
2025-01-28 04:00:00,0.0
2025-01-28 05:00:00,0.0
2025-01-28 06:00:00,0.0
2025-01-28 07:00:00,0.06048848817689631
2025-01-28 08:00:00,0.2602972729597225
2025-01-28 09:00:00,0.46202932707807587
2025-01-28 10:00:00,0.5485319785216396
2025-01-28 11:00:00,0.4377049727073629
2025-01-28 12:00:00,0.4238863381174195
2025-01-28 13:00:00,0.4301897699858812
2025-01-28 14:00:00,0.21785194161265578
2025-01-28 15:00:00,0.14306678080288157
2025-01-28 16:00:00,0.05679758979889051
2025-01-28 17:00:00,0.0008449044479772321
2025-01-28 18:00:00,0.0
2025-01-28 19:00:00,0.0
2025-01-28 20:00:00,0.0
2025-01-28 21:00:00,0.0
2025-01-28 22:00:00,0.0
2025-01-28 23:00:00,0.0
2025-01-29 00:00:00,0.0
2025-01-29 01:00:00,0.0
2025-01-29 02:00:00,0.0
2025-01-29 03:00:00,0.0
2025-01-29 04:00:00,0.0
2025-01-29 05:00:00,0.0
2025-01-29 06:00:00,0.0
2025-01-29 07:00:00,0.009983213082678348
2025-01-29 08:00:00,0.1649453591399762
2025-01-29 09:00:00,0.39820568976442733
2025-01-29 10:00:00,0.6992696023390512
2025-01-29 11:00:00,0.8174339362541828
2025-01-29 12:00:00,0.8787006258963214
2025-01-29 13:00:00,0.8746984469322187
2025-01-29 14:00:00,0.4544363042100699
2025-01-29 15:00:00,0.3350490822781292
2025-01-29 16:00:00,0.10258918744649866
2025-01-29 17:00:00,0.0017676290424786828
2025-01-29 18:00:00,0.0
2025-01-29 19:00:00,0.0
2025-01-29 20:00:00,0.0
2025-01-29 21:00:00,0.0
2025-01-29 22:00:00,0.0
2025-01-29 23:00:00,0.0
2025-01-30 00:00:00,0.0
2025-01-30 01:00:00,0.0
2025-01-30 02:00:00,0.0
2025-01-30 03:00:00,0.0
2025-01-30 04:00:00,0.0
2025-01-30 05:00:00,0.0
2025-01-30 06:00:00,0.0
2025-01-30 07:00:00,0.008626919100399106
2025-01-30 08:00:00,0.17750775422174295
2025-01-30 09:00:00,0.2987960111616324
2025-01-30 10:00:00,0.5225511667463397
2025-01-30 11:00:00,0.8328756767573456
2025-01-30 12:00:00,0.8971217662949829
2025-01-30 13:00:00,0.8550321841891697
2025-01-30 14:00:00,0.7248501962179409
2025-01-30 15:00:00,0.530677813476226
2025-01-30 16:00:00,0.27433825082544944
2025-01-30 17:00:00,0.00273482229213683
2025-01-30 18:00:00,0.0
2025-01-30 19:00:00,0.0
2025-01-30 20:00:00,0.0
2025-01-30 21:00:00,0.0
2025-01-30 22:00:00,0.0
2025-01-30 23:00:00,0.0
2025-01-31 00:00:00,0.0
2025-01-31 01:00:00,0.0
2025-01-31 02:00:00,0.0
2025-01-31 03:00:00,0.0
2025-01-31 04:00:00,0.0
2025-01-31 05:00:00,0.0
2025-01-31 06:00:00,0.0
2025-01-31 07:00:00,0.027459394559260043
2025-01-31 08:00:00,0.18279952418538983
2025-01-31 09:00:00,0.383052995519783
2025-01-31 10:00:00,0.5645295772142611
2025-01-31 11:00:00,0.6429945192382519
2025-01-31 12:00:00,0.7300530288712744
2025-01-31 13:00:00,0.7258729752865448
2025-01-31 14:00:00,0.6642283020755745
2025-01-31 15:00:00,0.46952229547197916
2025-01-31 16:00:00,0.23750708719191557
2025-01-31 17:00:00,0.003090571533390401
2025-01-31 18:00:00,0.0
2025-01-31 19:00:00,0.0
2025-01-31 20:00:00,0.0
2025-01-31 21:00:00,0.0
2025-01-31 22:00:00,0.0
2025-01-31 23:00:00,0.0
2025-02-01 00:00:00,0.0
2025-02-01 01:00:00,0.0
2025-02-01 02:00:00,0.0
2025-02-01 03:00:00,0.0
2025-02-01 04:00:00,0.0
2025-02-01 05:00:00,0.0
2025-02-01 06:00:00,0.0
2025-02-01 07:00:00,0.03457437938433147
2025-02-01 08:00:00,0.18374448310746963
2025-02-01 09:00:00,0.4329134751142289
2025-02-01 10:00:00,0.6470189325299329
2025-02-01 11:00:00,0.8472946381919044
2025-02-01 12:00:00,0.9003346266300541
2025-02-01 13:00:00,0.7882402641438117
2025-02-01 14:00:00,0.7056953230091939
2025-02-01 15:00:00,0.4478994119020355
2025-02-01 16:00:00,0.21933052439661593
2025-02-01 17:00:00,0.00603661993752154
2025-02-01 18:00:00,0.0
2025-02-01 19:00:00,0.0
2025-02-01 20:00:00,0.0
2025-02-01 21:00:00,0.0
2025-02-01 22:00:00,0.0
2025-02-01 23:00:00,0.0
2025-02-02 00:00:00,0.0
2025-02-02 01:00:00,0.0
2025-02-02 02:00:00,0.0
2025-02-02 03:00:00,0.0
2025-02-02 04:00:00,0.0
2025-02-02 05:00:00,0.0
2025-02-02 06:00:00,0.0
2025-02-02 07:00:00,0.050538626585585486
2025-02-02 08:00:00,0.3057553556936554
2025-02-02 09:00:00,0.5842736601038343
2025-02-02 10:00:00,0.6809373992507032
2025-02-02 11:00:00,0.6750897710975976
2025-02-02 12:00:00,0.705450745405832
2025-02-02 13:00:00,0.7625151471356627
2025-02-02 14:00:00,0.6814154372936377
2025-02-02 15:00:00,0.5094884992940601
2025-02-02 16:00:00,0.20532289802225656
2025-02-02 17:00:00,0.004991606541339174
2025-02-02 18:00:00,0.0
2025-02-02 19:00:00,0.0
2025-02-02 20:00:00,0.0
2025-02-02 21:00:00,0.0
2025-02-02 22:00:00,0.0
2025-02-02 23:00:00,0.0
2025-02-03 00:00:00,0.0
2025-02-03 01:00:00,0.0
2025-02-03 02:00:00,0.0
2025-02-03 03:00:00,0.0
2025-02-03 04:00:00,0.0
2025-02-03 05:00:00,0.0
2025-02-03 06:00:00,0.0
2025-02-03 07:00:00,0.07387355337906194
2025-02-03 08:00:00,0.3403519694055652
2025-02-03 09:00:00,0.5967915865304444
2025-02-03 10:00:00,0.7767784682771731
2025-02-03 11:00:00,0.8779001901035007
2025-02-03 12:00:00,0.9034919011461796
2025-02-03 13:00:00,0.8565107669731299
2025-02-03 14:00:00,0.7345110115507333
2025-02-03 15:00:00,0.5376149236806705
2025-02-03 16:00:00,0.2744271881357628
2025-02-03 17:00:00,0.0039465931451568076
2025-02-03 18:00:00,0.0
2025-02-03 19:00:00,0.0
2025-02-03 20:00:00,0.0
2025-02-03 21:00:00,0.0
2025-02-03 22:00:00,0.0
2025-02-03 23:00:00,0.0
2025-02-04 00:00:00,0.0
2025-02-04 01:00:00,0.0
2025-02-04 02:00:00,0.0
2025-02-04 03:00:00,0.0
2025-02-04 04:00:00,0.0
2025-02-04 05:00:00,0.0
2025-02-04 06:00:00,0.0
2025-02-04 07:00:00,0.06895976698424698
2025-02-04 08:00:00,0.3245878311525164
2025-02-04 09:00:00,0.5693433091349734
2025-02-04 10:00:00,0.7414258874275994
2025-02-04 11:00:00,0.8441151293482007
2025-02-04 12:00:00,0.8746317439494836
2025-02-04 13:00:00,0.8227145890540405
2025-02-04 14:00:00,0.5936565463418972
2025-02-04 15:00:00,0.3800291269691276
2025-02-04 16:00:00,0.16131004658091627
2025-02-04 17:00:00,0.004835966248290736
2025-02-04 18:00:00,0.0
2025-02-04 19:00:00,0.0
2025-02-04 20:00:00,0.0
2025-02-04 21:00:00,0.0
2025-02-04 22:00:00,0.0
2025-02-04 23:00:00,0.0
2025-02-05 00:00:00,0.0
2025-02-05 01:00:00,0.0
2025-02-05 02:00:00,0.0
2025-02-05 03:00:00,0.0
2025-02-05 04:00:00,0.0
2025-02-05 05:00:00,0.0
2025-02-05 06:00:00,0.0
2025-02-05 07:00:00,0.005981034118575669
2025-02-05 08:00:00,0.05613055997154006
2025-02-05 09:00:00,0.1351958288401463
2025-02-05 10:00:00,0.11878689508732532
2025-02-05 11:00:00,0.07477404364598504
2025-02-05 12:00:00,0.08904848195128458
2025-02-05 13:00:00,0.06760347300196774
2025-02-05 14:00:00,0.05650854354037198
2025-02-05 15:00:00,0.025291547620371092
2025-02-05 16:00:00,0.020989205233960712
2025-02-05 17:00:00,0.0
2025-02-05 18:00:00,0.0
2025-02-05 19:00:00,0.0
2025-02-05 20:00:00,0.0
2025-02-05 21:00:00,0.0
2025-02-05 22:00:00,0.0
2025-02-05 23:00:00,0.0
2025-02-06 00:00:00,0.0
2025-02-06 01:00:00,0.0
2025-02-06 02:00:00,0.0
2025-02-06 03:00:00,0.0
2025-02-06 04:00:00,0.0
2025-02-06 05:00:00,0.0
2025-02-06 06:00:00,0.0
2025-02-06 07:00:00,0.002590299162877567
2025-02-06 08:00:00,0.04207846494202399
2025-02-06 09:00:00,0.0844904447977232
2025-02-06 10:00:00,0.10562417316094319
2025-02-06 11:00:00,0.14372269346644284
2025-02-06 12:00:00,0.15667418928083068
2025-02-06 13:00:00,0.10206668074840747
2025-02-06 14:00:00,0.038254160598548095
2025-02-06 15:00:00,0.0248579782325933
2025-02-06 16:00:00,0.009849807117208257
2025-02-06 17:00:00,0.0
2025-02-06 18:00:00,0.0
2025-02-06 19:00:00,0.0
2025-02-06 20:00:00,0.0
2025-02-06 21:00:00,0.0
2025-02-06 22:00:00,0.0
2025-02-06 23:00:00,0.0
2025-02-07 00:00:00,0.0
2025-02-07 01:00:00,0.0
2025-02-07 02:00:00,0.0
2025-02-07 03:00:00,0.0
2025-02-07 04:00:00,0.0
2025-02-07 05:00:00,0.0
2025-02-07 06:00:00,0.0
2025-02-07 07:00:00,0.030249802670342742
2025-02-07 08:00:00,0.08833698346877744
2025-02-07 09:00:00,0.24496670409445143
2025-02-07 10:00:00,0.26351013329479384
2025-02-07 11:00:00,0.48008360107169457
2025-02-07 12:00:00,0.4367600137852831
2025-02-07 13:00:00,0.38785561027670623
2025-02-07 14:00:00,0.2594412513479561
2025-02-07 15:00:00,0.062089359762537384
2025-02-07 16:00:00,0.04120020900267924
2025-02-07 17:00:00,0.018120976976353793
2025-02-07 18:00:00,0.0
2025-02-07 19:00:00,0.0
2025-02-07 20:00:00,0.0
2025-02-07 21:00:00,0.0
2025-02-07 22:00:00,0.0
2025-02-07 23:00:00,0.0
2025-02-08 00:00:00,0.0
2025-02-08 01:00:00,0.0
2025-02-08 02:00:00,0.0
2025-02-08 03:00:00,0.0
2025-02-08 04:00:00,0.0
2025-02-08 05:00:00,0.0
2025-02-08 06:00:00,0.0
2025-02-08 07:00:00,0.03568609576324888
2025-02-08 08:00:00,0.18711298373558938
2025-02-08 09:00:00,0.4125023623973052
2025-02-08 10:00:00,0.550344076219275
2025-02-08 11:00:00,0.6521661793643205
2025-02-08 12:00:00,0.7434047425820726
2025-02-08 13:00:00,0.6626385476537225
2025-02-08 14:00:00,0.29512734711120503
2025-02-08 15:00:00,0.11191648786561573
2025-02-08 16:00:00,0.04187835599381886
2025-02-08 17:00:00,0.003368500628119754
2025-02-08 18:00:00,0.0
2025-02-08 19:00:00,0.0
2025-02-08 20:00:00,0.0
2025-02-08 21:00:00,0.0
2025-02-08 22:00:00,0.0
2025-02-08 23:00:00,0.0
2025-02-09 00:00:00,0.0
2025-02-09 01:00:00,0.0
2025-02-09 02:00:00,0.0
2025-02-09 03:00:00,0.0
2025-02-09 04:00:00,0.0
2025-02-09 05:00:00,0.0
2025-02-09 06:00:00,0.0
2025-02-09 07:00:00,0.0026792364731909597
2025-02-09 08:00:00,0.06406821491701038
2025-02-09 09:00:00,0.13327255950461916
2025-02-09 10:00:00,0.21954175050861024
2025-02-09 11:00:00,0.28805683094129025
2025-02-09 12:00:00,0.2528043045658192
2025-02-09 13:00:00,0.22859112183299798
2025-02-09 14:00:00,0.14512345610387878
2025-02-09 15:00:00,0.08792564840857801
2025-02-09 16:00:00,0.06011050460806439
2025-02-09 17:00:00,0.01261798090071261
2025-02-09 18:00:00,0.0
2025-02-09 19:00:00,0.0
2025-02-09 20:00:00,0.0
2025-02-09 21:00:00,0.0
2025-02-09 22:00:00,0.0
2025-02-09 23:00:00,0.0
2025-02-10 00:00:00,0.0
2025-02-10 01:00:00,0.0
2025-02-10 02:00:00,0.0
2025-02-10 03:00:00,0.0
2025-02-10 04:00:00,0.0
2025-02-10 05:00:00,0.0
2025-02-10 06:00:00,0.0
2025-02-10 07:00:00,0.05876532778957432
2025-02-10 08:00:00,0.3333703905459639
2025-02-10 09:00:00,0.5707440717724094
2025-02-10 10:00:00,0.7712310035463753
2025-02-10 11:00:00,0.894965036519883
2025-02-10 12:00:00,0.9133528254271771
2025-02-10 13:00:00,0.8314637969561205
2025-02-10 14:00:00,0.6586808373447767
2025-02-10 15:00:00,0.46713210525730675
2025-02-10 16:00:00,0.2693688786116886
2025-02-10 17:00:00,0.056475192049004454
2025-02-10 18:00:00,0.0
2025-02-10 19:00:00,0.0
2025-02-10 20:00:00,0.0
2025-02-10 21:00:00,0.0
2025-02-10 22:00:00,0.0
2025-02-10 23:00:00,0.0
2025-02-11 00:00:00,0.0
2025-02-11 01:00:00,0.0
2025-02-11 02:00:00,0.0
2025-02-11 03:00:00,0.0
2025-02-11 04:00:00,0.0
2025-02-11 05:00:00,0.0
2025-02-11 06:00:00,0.0
2025-02-11 07:00:00,0.08103300685929006
2025-02-11 08:00:00,0.35122455559137755
2025-02-11 09:00:00,0.6011495147358006
2025-02-11 10:00:00,0.7824815733010195
2025-02-11 11:00:00,0.8845371368856377
2025-02-11 12:00:00,0.8627474958588565
2025-02-11 13:00:00,0.8292292470344965
2025-02-11 14:00:00,0.6314660203888783
2025-02-11 15:00:00,0.4829962979844582
2025-02-11 16:00:00,0.20485597714311127
2025-02-11 17:00:00,0.015097108425698436
2025-02-11 18:00:00,0.0
2025-02-11 19:00:00,0.0
2025-02-11 20:00:00,0.0
2025-02-11 21:00:00,0.0
2025-02-11 22:00:00,0.0
2025-02-11 23:00:00,0.0
2025-02-12 00:00:00,0.0
2025-02-12 01:00:00,0.0
2025-02-12 02:00:00,0.0
2025-02-12 03:00:00,0.0
2025-02-12 04:00:00,0.0
2025-02-12 05:00:00,0.0
2025-02-12 06:00:00,0.0
2025-02-12 07:00:00,0.06570243799401897
2025-02-12 08:00:00,0.3306355682538271
2025-02-12 09:00:00,0.5485653300130071
2025-02-12 10:00:00,0.6443730475481095
2025-02-12 11:00:00,0.8301742059565763
2025-02-12 12:00:00,0.566375026403264
2025-02-12 13:00:00,0.38397572011428444
2025-02-12 14:00:00,0.30245355804827073
2025-02-12 15:00:00,0.21619548420806883
2025-02-12 16:00:00,0.08540205222843547
2025-02-12 17:00:00,0.01004991606541339
2025-02-12 18:00:00,0.0
2025-02-12 19:00:00,0.0
2025-02-12 20:00:00,0.0
2025-02-12 21:00:00,0.0
2025-02-12 22:00:00,0.0
2025-02-12 23:00:00,0.0
2025-02-13 00:00:00,0.0
2025-02-13 01:00:00,0.0
2025-02-13 02:00:00,0.0
2025-02-13 03:00:00,0.0
2025-02-13 04:00:00,0.0
2025-02-13 05:00:00,0.0
2025-02-13 06:00:00,0.0
2025-02-13 07:00:00,0.07876510544629854
2025-02-13 08:00:00,0.3331258129426021
2025-02-13 09:00:00,0.5751798201242899
2025-02-13 10:00:00,0.7727985236406488
2025-02-13 11:00:00,0.8597236273082012
2025-02-13 12:00:00,0.8971440006225612
2025-02-13 13:00:00,0.8684728352102812
2025-02-13 14:00:00,0.3518471167635713
2025-02-13 15:00:00,0.2086024613400629
2025-02-13 16:00:00,0.10117730764527355
2025-02-13 17:00:00,0.015497326322108703
2025-02-13 18:00:00,0.0
2025-02-13 19:00:00,0.0
2025-02-13 20:00:00,0.0
2025-02-13 21:00:00,0.0
2025-02-13 22:00:00,0.0
2025-02-13 23:00:00,0.0
2025-02-14 00:00:00,0.0
2025-02-14 01:00:00,0.0
2025-02-14 02:00:00,0.0
2025-02-14 03:00:00,0.0
2025-02-14 04:00:00,0.0
2025-02-14 05:00:00,0.0
2025-02-14 06:00:00,0.0
2025-02-14 07:00:00,0.0018454491890029015
2025-02-14 08:00:00,0.018832475458860937
2025-02-14 09:00:00,0.055596936109659705
2025-02-14 10:00:00,0.07529655034407623
2025-02-14 11:00:00,0.06503540816666852
2025-02-14 12:00:00,0.04451312381185312
2025-02-14 13:00:00,0.08132205311780859
2025-02-14 14:00:00,0.05915442852219542
2025-02-14 15:00:00,0.040733288123533926
2025-02-14 16:00:00,0.014652421874131471
2025-02-14 17:00:00,0.0008226701203988839
2025-02-14 18:00:00,0.0
2025-02-14 19:00:00,0.0
2025-02-14 20:00:00,0.0
2025-02-14 21:00:00,0.0
2025-02-14 22:00:00,0.0
2025-02-14 23:00:00,0.0
2025-02-15 00:00:00,0.0
2025-02-15 01:00:00,0.0
2025-02-15 02:00:00,0.0
2025-02-15 03:00:00,0.0
2025-02-15 04:00:00,0.0
2025-02-15 05:00:00,0.0
2025-02-15 06:00:00,0.0
2025-02-15 07:00:00,0.0
2025-02-15 08:00:00,0.00690375871307712
2025-02-15 09:00:00,0.014819179330969084
2025-02-15 10:00:00,0.03464108236706651
2025-02-15 11:00:00,0.038887838934531016
2025-02-15 12:00:00,0.05630843459216685
2025-02-15 13:00:00,0.04944914453424642
2025-02-15 14:00:00,0.010750297384131361
2025-02-15 15:00:00,0.017431712821425
2025-02-15 16:00:00,0.01033896232393192
2025-02-15 17:00:00,0.0011117163789174107
2025-02-15 18:00:00,0.0
2025-02-15 19:00:00,0.0
2025-02-15 20:00:00,0.0
2025-02-15 21:00:00,0.0
2025-02-15 22:00:00,0.0
2025-02-15 23:00:00,0.0
2025-02-16 00:00:00,0.0
2025-02-16 01:00:00,0.0
2025-02-16 02:00:00,0.0
2025-02-16 03:00:00,0.0
2025-02-16 04:00:00,0.0
2025-02-16 05:00:00,0.0
2025-02-16 06:00:00,0.0
2025-02-16 07:00:00,0.03934364264988716
2025-02-16 08:00:00,0.20674589498727086
2025-02-16 09:00:00,0.2634100788206913
2025-02-16 10:00:00,0.35908439039032364
2025-02-16 11:00:00,0.3843759380106947
2025-02-16 12:00:00,0.37399250703160614
2025-02-16 13:00:00,0.2151393536480973
2025-02-16 14:00:00,0.16147680403775388
2025-02-16 15:00:00,0.11628553323476114
2025-02-16 16:00:00,0.04236751120054252
2025-02-16 17:00:00,0.005358472946381919
2025-02-16 18:00:00,0.0
2025-02-16 19:00:00,0.0
2025-02-16 20:00:00,0.0
2025-02-16 21:00:00,0.0
2025-02-16 22:00:00,0.0
2025-02-16 23:00:00,0.0
2025-02-17 00:00:00,0.0
2025-02-17 01:00:00,0.0
2025-02-17 02:00:00,0.0
2025-02-17 03:00:00,0.0
2025-02-17 04:00:00,0.0
2025-02-17 05:00:00,0.0
2025-02-17 06:00:00,0.0
2025-02-17 07:00:00,0.01687585463196629
2025-02-17 08:00:00,0.10064368378339318
2025-02-17 09:00:00,0.12262231659459039
2025-02-17 10:00:00,0.09190559304510233
2025-02-17 11:00:00,0.2029438249713733
2025-02-17 12:00:00,0.32404309012684684
2025-02-17 13:00:00,0.27874064768596235
2025-02-17 14:00:00,0.10552411868684061
2025-02-17 15:00:00,0.08619137085746685
2025-02-17 16:00:00,0.037742771064246096
2025-02-17 17:00:00,0.0025458305077208703
2025-02-17 18:00:00,0.0
2025-02-17 19:00:00,0.0
2025-02-17 20:00:00,0.0
2025-02-17 21:00:00,0.0
2025-02-17 22:00:00,0.0
2025-02-17 23:00:00,0.0
2025-02-18 00:00:00,0.0
2025-02-18 01:00:00,0.0
2025-02-18 02:00:00,0.0
2025-02-18 03:00:00,0.0
2025-02-18 04:00:00,0.0
2025-02-18 05:00:00,0.0
2025-02-18 06:00:00,0.0
2025-02-18 07:00:00,0.0979310958188347
2025-02-18 08:00:00,0.36488754988827254
2025-02-18 09:00:00,0.6223832975731232
2025-02-18 10:00:00,0.799624239863926
2025-02-18 11:00:00,0.902302364620738
2025-02-18 12:00:00,0.9400784871763516
2025-02-18 13:00:00,0.8210358973218752
2025-02-18 14:00:00,0.5541794977265401
2025-02-18 15:00:00,0.3515024846861069
2025-02-18 16:00:00,0.11468466164912007
2025-02-18 17:00:00,0.020266589587664394
2025-02-18 18:00:00,0.0
2025-02-18 19:00:00,0.0
2025-02-18 20:00:00,0.0
2025-02-18 21:00:00,0.0
2025-02-18 22:00:00,0.0
2025-02-18 23:00:00,0.0
2025-02-19 00:00:00,0.0
2025-02-19 01:00:00,0.0
2025-02-19 02:00:00,0.0
2025-02-19 03:00:00,0.0
2025-02-19 04:00:00,0.0
2025-02-19 05:00:00,0.0
2025-02-19 06:00:00,0.0
2025-02-19 07:00:00,0.11600760414003179
2025-02-19 08:00:00,0.4029304843748263
2025-02-19 09:00:00,0.6652621983079676
2025-02-19 10:00:00,0.8545430289824459
2025-02-19 11:00:00,0.9409900946070638
2025-02-19 12:00:00,0.9988882836210826
2025-02-19 13:00:00,0.9489944525352693
2025-02-19 14:00:00,0.6945336905648631
2025-02-19 15:00:00,0.45469199897722096
2025-02-19 16:00:00,0.22361063245544796
2025-02-19 17:00:00,0.033829529410456805
2025-02-19 18:00:00,0.0
2025-02-19 19:00:00,0.0
2025-02-19 20:00:00,0.0
2025-02-19 21:00:00,0.0
2025-02-19 22:00:00,0.0
2025-02-19 23:00:00,0.0
2025-02-20 00:00:00,0.0
2025-02-20 01:00:00,0.0
2025-02-20 02:00:00,0.0
2025-02-20 03:00:00,0.0
2025-02-20 04:00:00,0.0
2025-02-20 05:00:00,0.0
2025-02-20 06:00:00,0.0
2025-02-20 07:00:00,0.11842002868228257
2025-02-20 08:00:00,0.39971762403975497
2025-02-20 09:00:00,0.6496981690031239
2025-02-20 10:00:00,0.8240264143811631
2025-02-20 11:00:00,0.9234027414925904
2025-02-20 12:00:00,0.9515736345343576
2025-02-20 13:00:00,0.9075607830930174
2025-02-20 14:00:00,0.7728985781147514
2025-02-20 15:00:00,0.5443296906093318
2025-02-20 16:00:00,0.33838423141488144
2025-02-20 17:00:00,0.07195028404353482
2025-02-20 18:00:00,0.0
2025-02-20 19:00:00,0.0
2025-02-20 20:00:00,0.0
2025-02-20 21:00:00,0.0
2025-02-20 22:00:00,0.0
2025-02-20 23:00:00,0.0
2025-02-21 00:00:00,0.0
2025-02-21 01:00:00,0.0
2025-02-21 02:00:00,0.0
2025-02-21 03:00:00,0.0
2025-02-21 04:00:00,0.0
2025-02-21 05:00:00,0.0
2025-02-21 06:00:00,0.0
2025-02-21 07:00:00,0.11461795866638502
2025-02-21 08:00:00,0.39152427432713366
2025-02-21 09:00:00,0.6430723393847763
2025-02-21 10:00:00,0.8202021100376872
2025-02-21 11:00:00,0.9213127147002257
2025-02-21 12:00:00,0.9485497659837022
2025-02-21 13:00:00,0.9002123378283733
2025-02-21 14:00:00,0.775677869062045
2025-02-21 15:00:00,0.5863636868961991
2025-02-21 16:00:00,0.33138041822770176
2025-02-21 17:00:00,0.06980467143222421
2025-02-21 18:00:00,0.0
2025-02-21 19:00:00,0.0
2025-02-21 20:00:00,0.0
2025-02-21 21:00:00,0.0
2025-02-21 22:00:00,0.0
2025-02-21 23:00:00,0.0
2025-02-22 00:00:00,0.0
2025-02-22 01:00:00,0.0
2025-02-22 02:00:00,0.0
2025-02-22 03:00:00,0.0
2025-02-22 04:00:00,0.0
2025-02-22 05:00:00,0.0
2025-02-22 06:00:00,0.0
2025-02-22 07:00:00,0.11346177363231093
2025-02-22 08:00:00,0.3826194261320052
2025-02-22 09:00:00,0.6314993718802459
2025-02-22 10:00:00,0.8041711598536981
2025-02-22 11:00:00,0.8960989872263788
2025-02-22 12:00:00,0.9131860679703394
2025-02-22 13:00:00,0.8593567609031584
2025-02-22 14:00:00,0.7370457248946649
2025-02-22 15:00:00,0.5529454925459417
2025-02-22 16:00:00,0.31399317406143346
2025-02-22 17:00:00,0.06689197451946059
2025-02-22 18:00:00,0.0
2025-02-22 19:00:00,0.0
2025-02-22 20:00:00,0.0
2025-02-22 21:00:00,0.0
2025-02-22 22:00:00,0.0
2025-02-22 23:00:00,0.0
2025-02-23 00:00:00,0.0
2025-02-23 01:00:00,0.0
2025-02-23 02:00:00,0.0
2025-02-23 03:00:00,0.0
2025-02-23 04:00:00,0.0
2025-02-23 05:00:00,0.0
2025-02-23 06:00:00,0.0
2025-02-23 07:00:00,0.10768084846194038
2025-02-23 08:00:00,0.3745928338762215
2025-02-23 09:00:00,0.6235505997709864
2025-02-23 10:00:00,0.7945325788484843
2025-02-23 11:00:00,0.8615357250058365
2025-02-23 12:00:00,0.805316227723983
2025-02-23 13:00:00,0.7051505819835243
2025-02-23 14:00:00,0.4750475258751987
2025-02-23 15:00:00,0.2521928605574146
2025-02-23 16:00:00,0.09743082344832187
2025-02-23 17:00:00,0.01580860690820558
2025-02-23 18:00:00,0.0
2025-02-23 19:00:00,0.0
2025-02-23 20:00:00,0.0
2025-02-23 21:00:00,0.0
2025-02-23 22:00:00,0.0
2025-02-23 23:00:00,0.0
2025-02-24 00:00:00,0.0
2025-02-24 01:00:00,0.0
2025-02-24 02:00:00,0.0
2025-02-24 03:00:00,0.0
2025-02-24 04:00:00,0.0
2025-02-24 05:00:00,0.0
2025-02-24 06:00:00,0.0
2025-02-24 07:00:00,0.021111494035641627
2025-02-24 08:00:00,0.10366755233404853
2025-02-24 09:00:00,0.13834198619248259
2025-02-24 10:00:00,0.36754455203388514
2025-02-24 11:00:00,0.33840646574245975
2025-02-24 12:00:00,0.35679425464975373
2025-02-24 13:00:00,0.4425520561194428
2025-02-24 14:00:00,0.3373281008549099
2025-02-24 15:00:00,0.12112149948305188
2025-02-24 16:00:00,0.06878189236362019
2025-02-24 17:00:00,0.008426810152193973
2025-02-24 18:00:00,0.0
2025-02-24 19:00:00,0.0
2025-02-24 20:00:00,0.0
2025-02-24 21:00:00,0.0
2025-02-24 22:00:00,0.0
2025-02-24 23:00:00,0.0
2025-02-25 00:00:00,0.0
2025-02-25 01:00:00,0.0
2025-02-25 02:00:00,0.0
2025-02-25 03:00:00,0.0
2025-02-25 04:00:00,0.0
2025-02-25 05:00:00,0.0
2025-02-25 06:00:00,0.0
2025-02-25 07:00:00,0.003101688697179576
2025-02-25 08:00:00,0.019944191837778347
2025-02-25 09:00:00,0.06775911329501617
2025-02-25 10:00:00,0.12994852753165612
2025-02-25 11:00:00,0.28175339907282854
2025-02-25 12:00:00,0.3214861424553368
2025-02-25 13:00:00,0.39598225700659245
2025-02-25 14:00:00,0.3800402441329168
2025-02-25 15:00:00,0.40445353581394317
2025-02-25 16:00:00,0.2746828829029138
2025-02-25 17:00:00,0.08213360607441829
2025-02-25 18:00:00,0.0
2025-02-25 19:00:00,0.0
2025-02-25 20:00:00,0.0
2025-02-25 21:00:00,0.0
2025-02-25 22:00:00,0.0
2025-02-25 23:00:00,0.0
2025-02-26 00:00:00,0.0
2025-02-26 01:00:00,0.0
2025-02-26 02:00:00,0.0
2025-02-26 03:00:00,0.0
2025-02-26 04:00:00,0.0
2025-02-26 05:00:00,0.0
2025-02-26 06:00:00,0.0
2025-02-26 07:00:00,0.12998187902302366
2025-02-26 08:00:00,0.42141832775622284
2025-02-26 09:00:00,0.6692532601082812
2025-02-26 10:00:00,0.8439039032362065
2025-02-26 11:00:00,0.9373547820480039
2025-02-26 12:00:00,0.9575213171615657
2025-02-26 13:00:00,0.910228902402419
2025-02-26 14:00:00,0.790052361841447
2025-02-26 15:00:00,0.6087758890951741
2025-02-26 16:00:00,0.3556714211070472
2025-02-26 17:00:00,0.08845927227045836
2025-02-26 18:00:00,0.0
2025-02-26 19:00:00,0.0
2025-02-26 20:00:00,0.0
2025-02-26 21:00:00,0.0
2025-02-26 22:00:00,0.0
2025-02-26 23:00:00,0.0
2025-02-27 00:00:00,0.0
2025-02-27 01:00:00,0.0
2025-02-27 02:00:00,0.0
2025-02-27 03:00:00,0.0
2025-02-27 04:00:00,0.0
2025-02-27 05:00:00,0.0
2025-02-27 06:00:00,0.0
2025-02-27 07:00:00,0.05442963391179642
2025-02-27 08:00:00,0.2250558637480406
2025-02-27 09:00:00,0.5561917043723805
2025-02-27 10:00:00,0.7716534557703639
2025-02-27 11:00:00,0.8998232370957521
2025-02-27 12:00:00,0.9251814876988583
2025-02-27 13:00:00,0.8738535424842414
2025-02-27 14:00:00,0.7660170537292526
2025-02-27 15:00:00,0.5817500639236918
2025-02-27 16:00:00,0.33766161576858517
2025-02-27 17:00:00,0.08253382397082856
2025-02-27 18:00:00,0.0
2025-02-27 19:00:00,0.0
2025-02-27 20:00:00,0.0
2025-02-27 21:00:00,0.0
2025-02-27 22:00:00,0.0
2025-02-27 23:00:00,0.0
2025-02-28 00:00:00,0.0
2025-02-28 01:00:00,0.0
2025-02-28 02:00:00,0.0
2025-02-28 03:00:00,0.0
2025-02-28 04:00:00,0.0
2025-02-28 05:00:00,0.0
2025-02-28 06:00:00,0.0
2025-02-28 07:00:00,0.12840324176496093
2025-02-28 08:00:00,0.39501506375693435
2025-02-28 09:00:00,0.6135006837055731
2025-02-28 10:00:00,0.7769563428977999
2025-02-28 11:00:00,0.8705739791664351
2025-02-28 12:00:00,0.8811241676023613
2025-02-28 13:00:00,0.8548987782236996
2025-02-28 14:00:00,0.7264955364587387
2025-02-28 15:00:00,0.5614056541895032
2025-02-28 16:00:00,0.3125479427688408
2025-02-28 17:00:00,0.07855387933430423
2025-02-28 18:00:00,0.0
2025-02-28 19:00:00,0.0
2025-02-28 20:00:00,0.0
2025-02-28 21:00:00,0.0
2025-02-28 22:00:00,0.0
2025-02-28 23:00:00,0.0
2025-03-01 00:00:00,0.0
2025-03-01 01:00:00,0.0
2025-03-01 02:00:00,0.0
2025-03-01 03:00:00,0.0
2025-03-01 04:00:00,0.0
2025-03-01 05:00:00,0.0
2025-03-01 06:00:00,0.0
2025-03-01 07:00:00,0.11214994830518837
2025-03-01 08:00:00,0.36528776778468275
2025-03-01 09:00:00,0.5951795977810141
2025-03-01 10:00:00,0.7567564562928706
2025-03-01 11:00:00,0.867249947193472
2025-03-01 12:00:00,0.9086280308167781
2025-03-01 13:00:00,0.8662049337972896
2025-03-01 14:00:00,0.7412591299707618
2025-03-01 15:00:00,0.5283098575891318
2025-03-01 16:00:00,0.3070894153483564
2025-03-01 17:00:00,0.07391802203421863
2025-03-01 18:00:00,0.0
2025-03-01 19:00:00,0.0
2025-03-01 20:00:00,0.0
2025-03-01 21:00:00,0.0
2025-03-01 22:00:00,0.0
2025-03-01 23:00:00,0.0
2025-03-02 00:00:00,0.0
2025-03-02 01:00:00,0.0
2025-03-02 02:00:00,0.0
2025-03-02 03:00:00,0.0
2025-03-02 04:00:00,0.0
2025-03-02 05:00:00,0.0
2025-03-02 06:00:00,0.0
2025-03-02 07:00:00,0.02748162888683839
2025-03-02 08:00:00,0.14725795155140023
2025-03-02 09:00:00,0.1994641527053618
2025-03-02 10:00:00,0.30561083256439614
2025-03-02 11:00:00,0.5166479527742882
2025-03-02 12:00:00,0.5262976509432914
2025-03-02 13:00:00,0.2754054985492101
2025-03-02 14:00:00,0.27022490022345497
2025-03-02 15:00:00,0.21310491267467843
2025-03-02 16:00:00,0.1934608842592078
2025-03-02 17:00:00,0.05780925170370535
2025-03-02 18:00:00,0.0
2025-03-02 19:00:00,0.0
2025-03-02 20:00:00,0.0
2025-03-02 21:00:00,0.0
2025-03-02 22:00:00,0.0
2025-03-02 23:00:00,0.0
2025-03-03 00:00:00,0.0
2025-03-03 01:00:00,0.0
2025-03-03 02:00:00,0.0
2025-03-03 03:00:00,0.0
2025-03-03 04:00:00,0.0
2025-03-03 05:00:00,0.0
2025-03-03 06:00:00,0.0
2025-03-03 07:00:00,0.04623628419917511
2025-03-03 08:00:00,0.24459983768940868
2025-03-03 09:00:00,0.48685395381930163
2025-03-03 10:00:00,0.7583239763871441
2025-03-03 11:00:00,0.893308579115296
2025-03-03 12:00:00,0.9095729897388578
2025-03-03 13:00:00,0.8089848917744106
2025-03-03 14:00:00,0.7102867116541228
2025-03-03 15:00:00,0.5448633144712122
2025-03-03 16:00:00,0.3193405298440262
2025-03-03 17:00:00,0.08163333370390546
2025-03-03 18:00:00,0.0
2025-03-03 19:00:00,0.0
2025-03-03 20:00:00,0.0
2025-03-03 21:00:00,0.0
2025-03-03 22:00:00,0.0
2025-03-03 23:00:00,0.0
2025-03-04 00:00:00,0.0
2025-03-04 01:00:00,0.0
2025-03-04 02:00:00,0.0
2025-03-04 03:00:00,0.0
2025-03-04 04:00:00,0.0
2025-03-04 05:00:00,0.0
2025-03-04 06:00:00,0.0
2025-03-04 07:00:00,0.1516825827394915
2025-03-04 08:00:00,0.4366599593111805
2025-03-04 09:00:00,0.6882636101877689
2025-03-04 10:00:00,0.8676501650898824
2025-03-04 11:00:00,0.9422796856066081
2025-03-04 12:00:00,0.9646251848228481
2025-03-04 13:00:00,0.926315438405354
2025-03-04 14:00:00,0.8217918644595391
2025-03-04 15:00:00,0.5724116463407856
2025-03-04 16:00:00,0.27510533512690244
2025-03-04 17:00:00,0.048993340818890285
2025-03-04 18:00:00,0.0
2025-03-04 19:00:00,0.0
2025-03-04 20:00:00,0.0
2025-03-04 21:00:00,0.0
2025-03-04 22:00:00,0.0
2025-03-04 23:00:00,0.0
2025-03-05 00:00:00,0.0
2025-03-05 01:00:00,0.0
2025-03-05 02:00:00,0.0
2025-03-05 03:00:00,0.0
2025-03-05 04:00:00,0.0
2025-03-05 05:00:00,0.0
2025-03-05 06:00:00,0.0
2025-03-05 07:00:00,0.15775255416838058
2025-03-05 08:00:00,0.439050149525853
2025-03-05 09:00:00,0.6761125501662015
2025-03-05 10:00:00,0.8433925137019044
2025-03-05 11:00:00,0.9435803937699414
2025-03-05 12:00:00,0.971651232337606
2025-03-05 13:00:00,0.9219908616913653
2025-03-05 14:00:00,0.8047603695345243
2025-03-05 15:00:00,0.614712454558593
2025-03-05 16:00:00,0.36109659703616415
2025-03-05 17:00:00,0.09388444819957532
2025-03-05 18:00:00,0.0
2025-03-05 19:00:00,0.0
2025-03-05 20:00:00,0.0
2025-03-05 21:00:00,0.0
2025-03-05 22:00:00,0.0
2025-03-05 23:00:00,0.0
2025-03-06 00:00:00,0.0
2025-03-06 01:00:00,0.0
2025-03-06 02:00:00,0.0
2025-03-06 03:00:00,0.0
2025-03-06 04:00:00,0.0
2025-03-06 05:00:00,0.0
2025-03-06 06:00:00,0.0
2025-03-06 07:00:00,0.15458416248846596
2025-03-06 08:00:00,0.4311680803993285
2025-03-06 09:00:00,0.6649731520494492
2025-03-06 10:00:00,0.8263165501217329
2025-03-06 11:00:00,0.9141310268924192
2025-03-06 12:00:00,0.9316627941879467
2025-03-06 13:00:00,0.8821691809985437
2025-03-06 14:00:00,0.7688963991506487
2025-03-06 15:00:00,0.5851630332069683
2025-03-06 16:00:00,0.34070771864681887
2025-03-06 17:00:00,0.08751431334837856
2025-03-06 18:00:00,0.0
2025-03-06 19:00:00,0.0
2025-03-06 20:00:00,0.0
2025-03-06 21:00:00,0.0
2025-03-06 22:00:00,0.0
2025-03-06 23:00:00,0.0
2025-03-07 00:00:00,0.0
2025-03-07 01:00:00,0.0
2025-03-07 02:00:00,0.0
2025-03-07 03:00:00,0.0
2025-03-07 04:00:00,0.0
2025-03-07 05:00:00,0.0
2025-03-07 06:00:00,0.0
2025-03-07 07:00:00,0.14625740681037455
2025-03-07 08:00:00,0.41080143633756155
2025-03-07 09:00:00,0.6379584440417561
2025-03-07 10:00:00,0.7961000989427578
2025-03-07 11:00:00,0.8809018243265778
2025-03-07 12:00:00,0.8980000222343276
2025-03-07 13:00:00,0.8490956187257507
2025-03-07 14:00:00,0.7397027270402775
2025-03-07 15:00:00,0.5612833653878223
2025-03-07 16:00:00,0.3287901190648242
2025-03-07 17:00:00,0.08544652088359218
2025-03-07 18:00:00,0.0
2025-03-07 19:00:00,0.0
2025-03-07 20:00:00,0.0
2025-03-07 21:00:00,0.0
2025-03-07 22:00:00,0.0
2025-03-07 23:00:00,0.0
2025-03-08 00:00:00,0.0
2025-03-08 01:00:00,0.0
2025-03-08 02:00:00,0.0
2025-03-08 03:00:00,0.0
2025-03-08 04:00:00,0.0
2025-03-08 05:00:00,0.0
2025-03-08 06:00:00,0.0
2025-03-08 07:00:00,0.150181765627953
2025-03-08 08:00:00,0.4095118453380174
2025-03-08 09:00:00,0.6190926170915276
2025-03-08 10:00:00,0.761959288946204
2025-03-08 11:00:00,0.8371224333248102
2025-03-08 12:00:00,0.8534201954397393
2025-03-08 13:00:00,0.8130871252126157
2025-03-08 14:00:00,0.71490033462663
2025-03-08 15:00:00,0.5446409711954286
2025-03-08 16:00:00,0.3083345376927439
2025-03-08 17:00:00,0.06902646996698203
2025-03-08 18:00:00,0.0
2025-03-08 19:00:00,0.0
2025-03-08 20:00:00,0.0
2025-03-08 21:00:00,0.0
2025-03-08 22:00:00,0.0
2025-03-08 23:00:00,0.0
2025-03-09 00:00:00,0.0
2025-03-09 01:00:00,0.0
2025-03-09 02:00:00,0.0
2025-03-09 03:00:00,0.0
2025-03-09 04:00:00,0.0
2025-03-09 05:00:00,0.0
2025-03-09 06:00:00,0.0
2025-03-09 07:00:00,0.13907571900256807
2025-03-09 08:00:00,0.3917799690942847
2025-03-09 09:00:00,0.607430712276684
2025-03-09 10:00:00,0.7496303543040099
2025-03-09 11:00:00,0.8196573690120176
2025-03-09 12:00:00,0.8433369278829586
2025-03-09 13:00:00,0.8039488165779146
2025-03-09 14:00:00,0.7000922724594502
2025-03-09 15:00:00,0.5356694200175651
2025-03-09 16:00:00,0.30943513690787205
2025-03-09 17:00:00,0.07961000989427577
2025-03-09 18:00:00,0.0
2025-03-09 19:00:00,0.0
2025-03-09 20:00:00,0.0
2025-03-09 21:00:00,0.0
2025-03-09 22:00:00,0.0
2025-03-09 23:00:00,0.0
2025-03-10 00:00:00,0.0
2025-03-10 01:00:00,0.0
2025-03-10 02:00:00,0.0
2025-03-10 03:00:00,0.0
2025-03-10 04:00:00,0.0
2025-03-10 05:00:00,0.0
2025-03-10 06:00:00,0.0
2025-03-10 07:00:00,0.126046403041656
2025-03-10 08:00:00,0.3370612889239697
2025-03-10 09:00:00,0.5243410301163967
2025-03-10 10:00:00,0.6499983324254316
2025-03-10 11:00:00,0.6528220920278819
2025-03-10 12:00:00,0.5850629787328656
2025-03-10 13:00:00,0.31780636124112016
2025-03-10 14:00:00,0.28317639603784284
2025-03-10 15:00:00,0.21745172371624552
2025-03-10 16:00:00,0.07137219152649776
2025-03-10 17:00:00,0.007226156462963169
2025-03-10 18:00:00,0.0
2025-03-10 19:00:00,0.0
2025-03-10 20:00:00,0.0
2025-03-10 21:00:00,0.0
2025-03-10 22:00:00,0.0
2025-03-10 23:00:00,0.0
2025-03-11 00:00:00,0.0
2025-03-11 01:00:00,0.0
2025-03-11 02:00:00,0.0
2025-03-11 03:00:00,0.0
2025-03-11 04:00:00,0.0
2025-03-11 05:00:00,0.0
2025-03-11 06:00:00,0.0
2025-03-11 07:00:00,0.08948205133906237
2025-03-11 08:00:00,0.19258262831986303
2025-03-11 09:00:00,0.3232982401529722
2025-03-11 10:00:00,0.4333136930106391
2025-03-11 11:00:00,0.5007504085557692
2025-03-11 12:00:00,0.44202954942135164
2025-03-11 13:00:00,0.3726806817044836
2025-03-11 14:00:00,0.28324309902057787
2025-03-11 15:00:00,0.1746506431279252
2025-03-11 16:00:00,0.08431257017709642
2025-03-11 17:00:00,0.02269013129370435
2025-03-11 18:00:00,0.0
2025-03-11 19:00:00,0.0
2025-03-11 20:00:00,0.0
2025-03-11 21:00:00,0.0
2025-03-11 22:00:00,0.0
2025-03-11 23:00:00,0.0
2025-03-12 00:00:00,0.0
2025-03-12 01:00:00,0.0
2025-03-12 02:00:00,0.0
2025-03-12 03:00:00,0.0
2025-03-12 04:00:00,0.0
2025-03-12 05:00:00,0.0
2025-03-12 06:00:00,0.0
2025-03-12 07:00:00,0.13356160576313772
2025-03-12 08:00:00,0.3732365398939423
2025-03-12 09:00:00,0.5946237395915555
2025-03-12 10:00:00,0.7072739602672566
2025-03-12 11:00:00,0.7456170581761182
2025-03-12 12:00:00,0.7989794443641539
2025-03-12 13:00:00,0.7392358061611323
2025-03-12 14:00:00,0.7192693799957754
2025-03-12 15:00:00,0.5325232626652289
2025-03-12 16:00:00,0.3518359995997821
2025-03-12 17:00:00,0.09966537336994587
2025-03-12 18:00:00,0.0
2025-03-12 19:00:00,0.0
2025-03-12 20:00:00,0.0
2025-03-12 21:00:00,0.0
2025-03-12 22:00:00,0.0
2025-03-12 23:00:00,0.0
2025-03-13 00:00:00,0.0
2025-03-13 01:00:00,0.0
2025-03-13 02:00:00,0.0
2025-03-13 03:00:00,0.0
2025-03-13 04:00:00,0.0
2025-03-13 05:00:00,0.0
2025-03-13 06:00:00,0.0
2025-03-13 07:00:00,0.1861569076497204
2025-03-13 08:00:00,0.4657091082922925
2025-03-13 09:00:00,0.6978243710464587
2025-03-13 10:00:00,0.8647041166857511
2025-03-13 11:00:00,0.9560538515413948
2025-03-13 12:00:00,0.9765761358962103
2025-03-13 13:00:00,0.9265266645173483
2025-03-13 14:00:00,0.8073951373525586
2025-03-13 15:00:00,0.620326622272126
2025-03-13 16:00:00,0.3685339796111216
2025-03-13 17:00:00,0.10138853375726785
2025-03-13 18:00:00,0.0
2025-03-13 19:00:00,0.0
2025-03-13 20:00:00,0.0
2025-03-13 21:00:00,0.0
2025-03-13 22:00:00,0.0
2025-03-13 23:00:00,0.0
2025-03-14 00:00:00,0.0
2025-03-14 01:00:00,0.0
2025-03-14 02:00:00,0.0
2025-03-14 03:00:00,0.0
2025-03-14 04:00:00,0.0
2025-03-14 05:00:00,0.0
2025-03-14 06:00:00,0.002823759602450223
2025-03-14 07:00:00,0.09789774432746717
2025-03-14 08:00:00,0.15746350790986202
2025-03-14 09:00:00,0.2320040911162744
2025-03-14 10:00:00,0.28720080932952385
2025-03-14 11:00:00,0.393781058576336
2025-03-14 12:00:00,0.2520816889195229
2025-03-14 13:00:00,0.1525830730064146
2025-03-14 14:00:00,0.1498927193694345
2025-03-14 15:00:00,0.3163166612933708
2025-03-14 16:00:00,0.25082544941134616
2025-03-14 17:00:00,0.08321197096196818
2025-03-14 18:00:00,0.0
2025-03-14 19:00:00,0.0
2025-03-14 20:00:00,0.0
2025-03-14 21:00:00,0.0
2025-03-14 22:00:00,0.0
2025-03-14 23:00:00,0.0
2025-03-15 00:00:00,0.0
2025-03-15 01:00:00,0.0
2025-03-15 02:00:00,0.0
2025-03-15 03:00:00,0.0
2025-03-15 04:00:00,0.0
2025-03-15 05:00:00,0.0
2025-03-15 06:00:00,0.0010227790686040178
2025-03-15 07:00:00,0.05418505630843459
2025-03-15 08:00:00,0.1468021478360441
2025-03-15 09:00:00,0.23808517970895265
2025-03-15 10:00:00,0.5109559649142311
2025-03-15 11:00:00,0.7072850774310458
2025-03-15 12:00:00,0.7539549310179987
2025-03-15 13:00:00,0.7920868028148659
2025-03-15 14:00:00,0.7080188102411313
2025-03-15 15:00:00,0.5257084412624651
2025-03-15 16:00:00,0.30103056108325643
2025-03-15 17:00:00,0.06752565285544353
2025-03-15 18:00:00,0.0
2025-03-15 19:00:00,0.0
2025-03-15 20:00:00,0.0
2025-03-15 21:00:00,0.0
2025-03-15 22:00:00,0.0
2025-03-15 23:00:00,0.0
2025-03-16 00:00:00,0.0
2025-03-16 01:00:00,0.0
2025-03-16 02:00:00,0.0
2025-03-16 03:00:00,0.0
2025-03-16 04:00:00,0.0
2025-03-16 05:00:00,0.0
2025-03-16 06:00:00,0.001045013396182366
2025-03-16 07:00:00,0.0897266289424242
2025-03-16 08:00:00,0.11311714155484653
2025-03-16 09:00:00,0.17668508410134406
2025-03-16 10:00:00,0.1515047081188647
2025-03-16 11:00:00,0.19897499749863815
2025-03-16 12:00:00,0.1882580516058743
2025-03-16 13:00:00,0.1302153394625963
2025-03-16 14:00:00,0.08180009116074308
2025-03-16 15:00:00,0.06132227546108437
2025-03-16 16:00:00,0.03349601449678158
2025-03-16 17:00:00,0.011217218263276672
2025-03-16 18:00:00,0.0
2025-03-16 19:00:00,0.0
2025-03-16 20:00:00,0.0
2025-03-16 21:00:00,0.0
2025-03-16 22:00:00,0.0
2025-03-16 23:00:00,0.0
2025-03-17 00:00:00,0.0
2025-03-17 01:00:00,0.0
2025-03-17 02:00:00,0.0
2025-03-17 03:00:00,0.0
2025-03-17 04:00:00,0.0
2025-03-17 05:00:00,0.0
2025-03-17 06:00:00,0.002946048404131138
2025-03-17 07:00:00,0.1836221943057887
2025-03-17 08:00:00,0.45763804738135205
2025-03-17 09:00:00,0.6865960356193929
2025-03-17 10:00:00,0.8462051561405654
2025-03-17 11:00:00,0.9291391980078042
2025-03-17 12:00:00,0.9431579415459528
2025-03-17 13:00:00,0.8659047703749819
2025-03-17 14:00:00,0.8032484352591966
2025-03-17 15:00:00,0.6173249880490489
2025-03-17 16:00:00,0.36603261775855744
2025-03-17 17:00:00,0.10148858823137043
2025-03-17 18:00:00,0.0
2025-03-17 19:00:00,0.0
2025-03-17 20:00:00,0.0
2025-03-17 21:00:00,0.0
2025-03-17 22:00:00,0.0
2025-03-17 23:00:00,0.0
2025-03-18 00:00:00,0.0
2025-03-18 01:00:00,0.0
2025-03-18 02:00:00,0.0
2025-03-18 03:00:00,0.0
2025-03-18 04:00:00,0.0
2025-03-18 05:00:00,0.0
2025-03-18 06:00:00,0.004180053584729464
2025-03-18 07:00:00,0.1970961968182677
2025-03-18 08:00:00,0.4735911774188169
2025-03-18 09:00:00,0.7005703105023846
2025-03-18 10:00:00,0.8377227601694256
2025-03-18 11:00:00,0.8500183433202522
2025-03-18 12:00:00,0.8502518037598248
2025-03-18 13:00:00,0.8610910384542695
2025-03-18 14:00:00,0.7730431012440107
2025-03-18 15:00:00,0.5946904425742904
2025-03-18 16:00:00,0.3461217774121466
2025-03-18 17:00:00,0.09817567342219653
2025-03-18 18:00:00,0.0
2025-03-18 19:00:00,0.0
2025-03-18 20:00:00,0.0
2025-03-18 21:00:00,0.0
2025-03-18 22:00:00,0.0
2025-03-18 23:00:00,0.0
2025-03-19 00:00:00,0.0
2025-03-19 01:00:00,0.0
2025-03-19 02:00:00,0.0
2025-03-19 03:00:00,0.0
2025-03-19 04:00:00,0.0
2025-03-19 05:00:00,0.0
2025-03-19 06:00:00,0.006392369178775111
2025-03-19 07:00:00,0.1143733810630232
2025-03-19 08:00:00,0.34957921535057973
2025-03-19 09:00:00,0.5534679992440329
2025-03-19 10:00:00,0.695033962935376
2025-03-19 11:00:00,0.795988927304866
2025-03-19 12:00:00,0.5774921901924381
2025-03-19 13:00:00,0.3127925203722027
2025-03-19 14:00:00,0.18695734344254092
2025-03-19 15:00:00,0.13315027070293825
2025-03-19 16:00:00,0.08163333370390546
2025-03-19 17:00:00,0.044112905915442854
2025-03-19 18:00:00,0.0
2025-03-19 19:00:00,0.0
2025-03-19 20:00:00,0.0
2025-03-19 21:00:00,0.0
2025-03-19 22:00:00,0.0
2025-03-19 23:00:00,0.0
2025-03-20 00:00:00,0.0
2025-03-20 01:00:00,0.0
2025-03-20 02:00:00,0.0
2025-03-20 03:00:00,0.0
2025-03-20 04:00:00,0.0
2025-03-20 05:00:00,0.0
2025-03-20 06:00:00,0.005969916954786495
2025-03-20 07:00:00,0.17609587442051786
2025-03-20 08:00:00,0.44081777856833165
2025-03-20 09:00:00,0.6548342986737223
2025-03-20 10:00:00,0.8005580816222165
2025-03-20 11:00:00,0.8772665117675179
2025-03-20 12:00:00,0.8884059098842704
2025-03-20 13:00:00,0.8593789952307367
2025-03-20 14:00:00,0.7545886093539816
2025-03-20 15:00:00,0.5813053773721248
2025-03-20 16:00:00,0.3446654289557648
2025-03-20 17:00:00,0.09539638247490301
2025-03-20 18:00:00,0.0
2025-03-20 19:00:00,0.0
2025-03-20 20:00:00,0.0
2025-03-20 21:00:00,0.0
2025-03-20 22:00:00,0.0
2025-03-20 23:00:00,0.0
2025-03-21 00:00:00,0.0
2025-03-21 01:00:00,0.0
2025-03-21 02:00:00,0.0
2025-03-21 03:00:00,0.0
2025-03-21 04:00:00,0.0
2025-03-21 05:00:00,0.0
2025-03-21 06:00:00,0.0
2025-03-21 07:00:00,0.007870951962735268
2025-03-21 08:00:00,0.01955509110515725
2025-03-21 09:00:00,0.028226478860713056
2025-03-21 10:00:00,0.03279563317806361
2025-03-21 11:00:00,0.05715333904014407
2025-03-21 12:00:00,0.03925470533957377
2025-03-21 13:00:00,0.025769585663305578
2025-03-21 14:00:00,0.016475636735556024
2025-03-21 15:00:00,0.017453947149003345
2025-03-21 16:00:00,0.0045913886449289055
2025-03-21 17:00:00,0.0001445231292592634
2025-03-21 18:00:00,0.0
2025-03-21 19:00:00,0.0
2025-03-21 20:00:00,0.0
2025-03-21 21:00:00,0.0
2025-03-21 22:00:00,0.0
2025-03-21 23:00:00,0.0
2025-03-22 00:00:00,0.0
2025-03-22 01:00:00,0.0
2025-03-22 02:00:00,0.0
2025-03-22 03:00:00,0.0
2025-03-22 04:00:00,0.0
2025-03-22 05:00:00,0.0
2025-03-22 06:00:00,0.007126101988860602
2025-03-22 07:00:00,0.14546808818134316
2025-03-22 08:00:00,0.31643895009505174
2025-03-22 09:00:00,0.5487320874698447
2025-03-22 10:00:00,0.7408477949105624
2025-03-22 11:00:00,0.837111316161021
2025-03-22 12:00:00,0.7665617947549221
2025-03-22 13:00:00,0.6853175617836378
2025-03-22 14:00:00,0.3774277106424609
2025-03-22 15:00:00,0.18861380084712787
2025-03-22 16:00:00,0.06653622527820703
2025-03-22 17:00:00,0.023323809629687275
2025-03-22 18:00:00,0.0
2025-03-22 19:00:00,0.0
2025-03-22 20:00:00,0.0
2025-03-22 21:00:00,0.0
2025-03-22 22:00:00,0.0
2025-03-22 23:00:00,0.0
2025-03-23 00:00:00,0.0
2025-03-23 01:00:00,0.0
2025-03-23 02:00:00,0.0
2025-03-23 03:00:00,0.0
2025-03-23 04:00:00,0.0
2025-03-23 05:00:00,0.0
2025-03-23 06:00:00,0.00782648330757857
2025-03-23 07:00:00,0.19127080299274052
2025-03-23 08:00:00,0.4416182143611522
2025-03-23 09:00:00,0.6490978421585085
2025-03-23 10:00:00,0.7994574824070884
2025-03-23 11:00:00,0.8832697802136719
2025-03-23 12:00:00,0.8518193238540984
2025-03-23 13:00:00,0.8388900623672889
2025-03-23 14:00:00,0.6666073751264577
2025-03-23 15:00:00,0.533301464130471
2025-03-23 16:00:00,0.2972173739035697
2025-03-23 17:00:00,0.08180009116074308
2025-03-23 18:00:00,0.0
2025-03-23 19:00:00,0.0
2025-03-23 20:00:00,0.0
2025-03-23 21:00:00,0.0
2025-03-23 22:00:00,0.0
2025-03-23 23:00:00,0.0
2025-03-24 00:00:00,0.0
2025-03-24 01:00:00,0.0
2025-03-24 02:00:00,0.0
2025-03-24 03:00:00,0.0
2025-03-24 04:00:00,0.0
2025-03-24 05:00:00,0.0
2025-03-24 06:00:00,0.009371769074273771
2025-03-24 07:00:00,0.22168736311992085
2025-03-24 08:00:00,0.5025402719258263
2025-03-24 09:00:00,0.7452390746072862
2025-03-24 10:00:00,0.9064490667141
2025-03-24 11:00:00,0.9882158063834754
2025-03-24 12:00:00,1.0
2025-03-24 13:00:00,0.9447254616402263
2025-03-24 14:00:00,0.818790230236462
2025-03-24 15:00:00,0.6265188825026958
2025-03-24 16:00:00,0.37494858311747503
2025-03-24 17:00:00,0.10744738802236774
2025-03-24 18:00:00,0.0
2025-03-24 19:00:00,0.0
2025-03-24 20:00:00,0.0
2025-03-24 21:00:00,0.0
2025-03-24 22:00:00,0.0
2025-03-24 23:00:00,0.0
2025-03-25 00:00:00,0.0
2025-03-25 01:00:00,0.0
2025-03-25 02:00:00,0.0
2025-03-25 03:00:00,0.0
2025-03-25 04:00:00,0.0
2025-03-25 05:00:00,0.0
2025-03-25 06:00:00,0.009994330246467521
2025-03-25 07:00:00,0.2170737401474136
2025-03-25 08:00:00,0.486753899345199
2025-03-25 09:00:00,0.7086969572322709
2025-03-25 10:00:00,0.8615023735144689
2025-03-25 11:00:00,0.9412457893742148
2025-03-25 12:00:00,0.9503062778623917
2025-03-25 13:00:00,0.8870051472468344
2025-03-25 14:00:00,0.7747217929761759
2025-03-25 15:00:00,0.5900101166190482
2025-03-25 16:00:00,0.35122455559137755
2025-03-25 17:00:00,0.09844248535313671
2025-03-25 18:00:00,0.0
2025-03-25 19:00:00,0.0
2025-03-25 20:00:00,0.0
2025-03-25 21:00:00,0.0
2025-03-25 22:00:00,0.0
2025-03-25 23:00:00,0.0
2025-03-26 00:00:00,0.0
2025-03-26 01:00:00,0.0
2025-03-26 02:00:00,0.0
2025-03-26 03:00:00,0.0
2025-03-26 04:00:00,0.0
2025-03-26 05:00:00,0.0
2025-03-26 06:00:00,0.0039465931451568076
2025-03-26 07:00:00,0.037920645684872877
2025-03-26 08:00:00,0.12567953663661327
2025-03-26 09:00:00,0.2053117808584674
2025-03-26 10:00:00,0.3691009549643695
2025-03-26 11:00:00,0.48215139353648095
2025-03-26 12:00:00,0.675623394959478
2025-03-26 13:00:00,0.8110082155840402
2025-03-26 14:00:00,0.7042389745528121
2025-03-26 15:00:00,0.4169381107491857
2025-03-26 16:00:00,0.21675134239752755
2025-03-26 17:00:00,0.05954352925481651
2025-03-26 18:00:00,0.0
2025-03-26 19:00:00,0.0
2025-03-26 20:00:00,0.0
2025-03-26 21:00:00,0.0
2025-03-26 22:00:00,0.0
2025-03-26 23:00:00,0.0
2025-03-27 00:00:00,0.0
2025-03-27 01:00:00,0.0
2025-03-27 02:00:00,0.0
2025-03-27 03:00:00,0.0
2025-03-27 04:00:00,0.0
2025-03-27 05:00:00,0.0
2025-03-27 06:00:00,0.00933841758290625
2025-03-27 07:00:00,0.17059287834487663
2025-03-27 08:00:00,0.4188502629209236
2025-03-27 09:00:00,0.6250736512101033
2025-03-27 10:00:00,0.6912985959022134
2025-03-27 11:00:00,0.4865426732332047
2025-03-27 12:00:00,0.4045647074518349
2025-03-27 13:00:00,0.3287567675734567
2025-03-27 14:00:00,0.2683794510344521
2025-03-27 15:00:00,0.1759402341274694
2025-03-27 16:00:00,0.09837578237040166
2025-03-27 17:00:00,0.052717590688263614
2025-03-27 18:00:00,0.0
2025-03-27 19:00:00,0.0
2025-03-27 20:00:00,0.0
2025-03-27 21:00:00,0.0
2025-03-27 22:00:00,0.0
2025-03-27 23:00:00,0.0
2025-03-28 00:00:00,0.0
2025-03-28 01:00:00,0.0
2025-03-28 02:00:00,0.0
2025-03-28 03:00:00,0.0
2025-03-28 04:00:00,0.0
2025-03-28 05:00:00,0.0
2025-03-28 06:00:00,0.01175084212515703
2025-03-28 07:00:00,0.2007092750497493
2025-03-28 08:00:00,0.4436081866794143
2025-03-28 09:00:00,0.6360462918700182
2025-03-28 10:00:00,0.7609365098776001
2025-03-28 11:00:00,0.8338206356794254
2025-03-28 12:00:00,0.8566330557748106
2025-03-28 13:00:00,0.8171115385042967
2025-03-28 14:00:00,0.712276683972385
2025-03-28 15:00:00,0.5248413024869095
2025-03-28 16:00:00,0.265755800380207
2025-03-28 17:00:00,0.0630676701759847
2025-03-28 18:00:00,0.0
2025-03-28 19:00:00,0.0
2025-03-28 20:00:00,0.0
2025-03-28 21:00:00,0.0
2025-03-28 22:00:00,0.0
2025-03-28 23:00:00,0.0
2025-03-29 00:00:00,0.0
2025-03-29 01:00:00,0.0
2025-03-29 02:00:00,0.0
2025-03-29 03:00:00,0.0
2025-03-29 04:00:00,0.0
2025-03-29 05:00:00,0.0
2025-03-29 06:00:00,0.0073262109370657354
2025-03-29 07:00:00,0.08606908205578594
2025-03-29 08:00:00,0.2566397260730842
2025-03-29 09:00:00,0.4437082411535169
2025-03-29 10:00:00,0.7420039799446366
2025-03-29 11:00:00,0.8101188424809063
2025-03-29 12:00:00,0.7293081788973996
2025-03-29 13:00:00,0.5664861980411557
2025-03-29 14:00:00,0.5070093717690742
2025-03-29 15:00:00,0.5446520883592179
2025-03-29 16:00:00,0.34363153272337166
2025-03-29 17:00:00,0.10034352036108549
2025-03-29 18:00:00,0.0
2025-03-29 19:00:00,0.0
2025-03-29 20:00:00,0.0
2025-03-29 21:00:00,0.0
2025-03-29 22:00:00,0.0
2025-03-29 23:00:00,0.0
2025-03-30 00:00:00,0.0
2025-03-30 01:00:00,0.0
2025-03-30 02:00:00,0.0
2025-03-30 03:00:00,0.0
2025-03-30 04:00:00,0.0
2025-03-30 05:00:00,0.0
2025-03-30 06:00:00,0.01418550099498616
2025-03-30 07:00:00,0.22593411968738533
2025-03-30 08:00:00,0.4739246923324921
2025-03-30 09:00:00,0.6870851908261164
2025-03-30 10:00:00,0.8310635790597103
2025-03-30 11:00:00,0.9119298284621628
2025-03-30 12:00:00,0.918644595390824
2025-03-30 13:00:00,0.8676390479260931
2025-03-30 14:00:00,0.7170904158930973
2025-03-30 15:00:00,0.471812431212549
2025-03-30 16:00:00,0.23560605218396682
2025-03-30 17:00:00,0.0735845071205434
2025-03-30 18:00:00,0.0
2025-03-30 19:00:00,0.0
2025-03-30 20:00:00,0.0
2025-03-30 21:00:00,0.0
2025-03-30 22:00:00,0.0
2025-03-30 23:00:00,0.0
2025-03-31 00:00:00,0.0
2025-03-31 01:00:00,0.0
2025-03-31 02:00:00,0.0
2025-03-31 03:00:00,0.0
2025-03-31 04:00:00,0.0
2025-03-31 05:00:00,0.0
2025-03-31 06:00:00,0.01703149492501473
2025-03-31 07:00:00,0.2258785338684395
2025-03-31 08:00:00,0.4812842547609254
2025-03-31 09:00:00,0.683549932741159
2025-03-31 10:00:00,0.8229480494936132
2025-03-31 11:00:00,0.9043923914131027
2025-03-31 12:00:00,0.9189225244855533
2025-03-31 13:00:00,0.8683505464086003
2025-03-31 14:00:00,0.7527320430011896
2025-03-31 15:00:00,0.5745572589520962
2025-03-31 16:00:00,0.30645573701237344
2025-03-31 17:00:00,0.08901513045991706
2025-03-31 18:00:00,0.0
2025-03-31 19:00:00,0.0
2025-03-31 20:00:00,0.0
2025-03-31 21:00:00,0.0
2025-03-31 22:00:00,0.0
2025-03-31 23:00:00,0.0
2025-04-01 00:00:00,0.0
2025-04-01 01:00:00,0.0
2025-04-01 02:00:00,0.0
2025-04-01 03:00:00,0.0
2025-04-01 04:00:00,0.0
2025-04-01 05:00:00,0.0
2025-04-01 06:00:00,0.021100376871852455
2025-04-01 07:00:00,0.17273849095618726
2025-04-01 08:00:00,0.416704650309613
2025-04-01 09:00:00,0.5935342575402164
2025-04-01 10:00:00,0.7049838245266867
2025-04-01 11:00:00,0.8062278351546954
2025-04-01 12:00:00,0.6902313481784528
2025-04-01 13:00:00,0.7119987548776556
2025-04-01 14:00:00,0.5770808551322387
2025-04-01 15:00:00,0.4488332536603262
2025-04-01 16:00:00,0.25615057086636056
2025-04-01 17:00:00,0.0832453224533357
2025-04-01 18:00:00,0.0
2025-04-01 19:00:00,0.0
2025-04-01 20:00:00,0.0
2025-04-01 21:00:00,0.0
2025-04-01 22:00:00,0.0
2025-04-01 23:00:00,0.0
2025-04-02 00:00:00,0.0
2025-04-02 01:00:00,0.0
2025-04-02 02:00:00,0.0
2025-04-02 03:00:00,0.0
2025-04-02 04:00:00,0.0
2025-04-02 05:00:00,0.0
2025-04-02 06:00:00,0.015641849451367967
2025-04-02 07:00:00,0.20821336060744183
2025-04-02 08:00:00,0.43680448244043985
2025-04-02 09:00:00,0.6269079832353169
2025-04-02 10:00:00,0.7422485575479983
2025-04-02 11:00:00,0.8016364465097665
2025-04-02 12:00:00,0.7938989005125012
2025-04-02 13:00:00,0.7732432101922158
2025-04-02 14:00:00,0.5448299629798445
2025-04-02 15:00:00,0.5117008148881057
2025-04-02 16:00:00,0.32235328123089235
2025-04-02 17:00:00,0.09565207724205402
2025-04-02 18:00:00,0.0
2025-04-02 19:00:00,0.0
2025-04-02 20:00:00,0.0
2025-04-02 21:00:00,0.0
2025-04-02 22:00:00,0.0
2025-04-02 23:00:00,0.0
2025-04-03 00:00:00,0.0
2025-04-03 01:00:00,0.0
2025-04-03 02:00:00,0.0
2025-04-03 03:00:00,0.0
2025-04-03 04:00:00,0.0
2025-04-03 05:00:00,0.0
2025-04-03 06:00:00,0.01626441062356172
2025-04-03 07:00:00,0.0857022156507432
2025-04-03 08:00:00,0.18626807928761216
2025-04-03 09:00:00,0.4985936787806695
2025-04-03 10:00:00,0.489688830585541
2025-04-03 11:00:00,0.8419361652455226
2025-04-03 12:00:00,0.8950762081577748
2025-04-03 13:00:00,0.8393013974274883
2025-04-03 14:00:00,0.7339662705250637
2025-04-03 15:00:00,0.56158352881013
2025-04-03 16:00:00,0.33939589331969633
2025-04-03 17:00:00,0.10129959644695447
2025-04-03 18:00:00,0.0
2025-04-03 19:00:00,0.0
2025-04-03 20:00:00,0.0
2025-04-03 21:00:00,0.0
2025-04-03 22:00:00,0.0
2025-04-03 23:00:00,0.0
2025-04-04 00:00:00,0.0
2025-04-04 01:00:00,0.0
2025-04-04 02:00:00,0.0
2025-04-04 03:00:00,0.0
2025-04-04 04:00:00,0.0
2025-04-04 05:00:00,0.0
2025-04-04 06:00:00,0.023812964836410936
2025-04-04 07:00:00,0.23145935009060487
2025-04-04 08:00:00,0.4868428366555125
2025-04-04 09:00:00,0.6959678046936665
2025-04-04 10:00:00,0.837556002712588
2025-04-04 11:00:00,0.9100732621093707
2025-04-04 12:00:00,0.9149870485041856
2025-04-04 13:00:00,0.8549098953874887
2025-04-04 14:00:00,0.7372124823515025
2025-04-04 15:00:00,0.5599715400606997
2025-04-04 16:00:00,0.3310469033140265
2025-04-04 17:00:00,0.09644139587108537
2025-04-04 18:00:00,0.0012340051805983258
2025-04-04 19:00:00,0.0
2025-04-04 20:00:00,0.0
2025-04-04 21:00:00,0.0
2025-04-04 22:00:00,0.0
2025-04-04 23:00:00,0.0
2025-04-05 00:00:00,0.0
2025-04-05 01:00:00,0.0
2025-04-05 02:00:00,0.0
2025-04-05 03:00:00,0.0
2025-04-05 04:00:00,0.0
2025-04-05 05:00:00,0.0
2025-04-05 06:00:00,0.02285688875054196
2025-04-05 07:00:00,0.21203766495091772
2025-04-05 08:00:00,0.44683216417827487
2025-04-05 09:00:00,0.6400262365065424
2025-04-05 10:00:00,0.7729652810974864
2025-04-05 11:00:00,0.8445264644084001
2025-04-05 12:00:00,0.8554546364131583
2025-04-05 13:00:00,0.8040933397071739
2025-04-05 14:00:00,0.6759791442007315
2025-04-05 15:00:00,0.39103511912041
2025-04-05 16:00:00,0.20136518771331058
2025-04-05 17:00:00,0.04260097164011518
2025-04-05 18:00:00,0.0
2025-04-05 19:00:00,0.0
2025-04-05 20:00:00,0.0
2025-04-05 21:00:00,0.0
2025-04-05 22:00:00,0.0
2025-04-05 23:00:00,0.0
2025-04-06 00:00:00,0.0
2025-04-06 01:00:00,0.0
2025-04-06 02:00:00,0.0
2025-04-06 03:00:00,0.0
2025-04-06 04:00:00,0.0
2025-04-06 05:00:00,0.0
2025-04-06 06:00:00,0.02320152082800636
2025-04-06 07:00:00,0.2028993563162166
2025-04-06 08:00:00,0.4341141288034597
2025-04-06 09:00:00,0.6309323965269981
2025-04-06 10:00:00,0.7731431557181132
2025-04-06 11:00:00,0.8503073895787707
2025-04-06 12:00:00,0.8609242809974319
2025-04-06 13:00:00,0.8091516492312482
2025-04-06 14:00:00,0.6971239897277407
2025-04-06 15:00:00,0.5283432090804994
2025-04-06 16:00:00,0.31091371969183224
2025-04-06 17:00:00,0.09109404008849262
2025-04-06 18:00:00,0.0014785827839601561
2025-04-06 19:00:00,0.0
2025-04-06 20:00:00,0.0
2025-04-06 21:00:00,0.0
2025-04-06 22:00:00,0.0
2025-04-06 23:00:00,0.0
2025-04-07 00:00:00,0.0
2025-04-07 01:00:00,0.0
2025-04-07 02:00:00,0.0
2025-04-07 03:00:00,0.0
2025-04-07 04:00:00,0.0
2025-04-07 05:00:00,0.0
2025-04-07 06:00:00,0.02561394537025714
2025-04-07 07:00:00,0.21249346866627386
2025-04-07 08:00:00,0.4429411568520639
2025-04-07 09:00:00,0.6283865660192772
2025-04-07 10:00:00,0.7506753677001924
2025-04-07 11:00:00,0.8131538281953509
2025-04-07 12:00:00,0.8161888139097953
2025-04-07 13:00:00,0.7698524752365177
2025-04-07 14:00:00,0.6726551122277684
2025-04-07 15:00:00,0.5139575991373081
2025-04-07 16:00:00,0.30177541105713107
2025-04-07 17:00:00,0.0902491356405154
2025-04-07 18:00:00,0.001578637258062723
2025-04-07 19:00:00,0.0
2025-04-07 20:00:00,0.0
2025-04-07 21:00:00,0.0
2025-04-07 22:00:00,0.0
2025-04-07 23:00:00,0.0
2025-04-08 00:00:00,0.0
2025-04-08 01:00:00,0.0
2025-04-08 02:00:00,0.0
2025-04-08 03:00:00,0.0
2025-04-08 04:00:00,0.0
2025-04-08 05:00:00,0.0
2025-04-08 06:00:00,0.02284577158675279
2025-04-08 07:00:00,0.18153216751342396
2025-04-08 08:00:00,0.3486231392647108
2025-04-08 09:00:00,0.533801736500984
2025-04-08 10:00:00,0.6610821447232382
2025-04-08 11:00:00,0.7234049649253483
2025-04-08 12:00:00,0.758123867438939
2025-04-08 13:00:00,0.7563895898878278
2025-04-08 14:00:00,0.556091649898278
2025-04-08 15:00:00,0.4089559871485587
2025-04-08 16:00:00,0.23368278284843969
2025-04-08 17:00:00,0.06698091182977399
2025-04-08 18:00:00,0.0
2025-04-08 19:00:00,0.0
2025-04-08 20:00:00,0.0
2025-04-08 21:00:00,0.0
2025-04-08 22:00:00,0.0
2025-04-08 23:00:00,0.0
2025-04-09 00:00:00,0.0
2025-04-09 01:00:00,0.0
2025-04-09 02:00:00,0.0
2025-04-09 03:00:00,0.0
2025-04-09 04:00:00,0.0
2025-04-09 05:00:00,0.0
2025-04-09 06:00:00,0.001278473835755022
2025-04-09 07:00:00,0.014252203977721204
2025-04-09 08:00:00,0.03963268890840568
2025-04-09 09:00:00,0.024546697646496425
2025-04-09 10:00:00,0.06013273893564274
2025-04-09 11:00:00,0.062111594090115727
2025-04-09 12:00:00,0.07843159053262332
2025-04-09 13:00:00,0.05022734599948861
2025-04-09 14:00:00,0.05687540994541472
2025-04-09 15:00:00,0.09723071450011672
2025-04-09 16:00:00,0.08808128870162645
2025-04-09 17:00:00,0.04002178964102678
2025-04-09 18:00:00,0.0002779290947293527
2025-04-09 19:00:00,0.0
2025-04-09 20:00:00,0.0
2025-04-09 21:00:00,0.0
2025-04-09 22:00:00,0.0
2025-04-09 23:00:00,0.0
2025-04-10 00:00:00,0.0
2025-04-10 01:00:00,0.0
2025-04-10 02:00:00,0.0
2025-04-10 03:00:00,0.0
2025-04-10 04:00:00,0.0
2025-04-10 05:00:00,0.0
2025-04-10 06:00:00,0.03348489733299241
2025-04-10 07:00:00,0.24318795788818356
2025-04-10 08:00:00,0.4916343342486465
2025-04-10 09:00:00,0.6894976153683673
2025-04-10 10:00:00,0.8064390612666896
2025-04-10 11:00:00,0.8211693032873453
2025-04-10 12:00:00,0.842347500305722
2025-04-10 13:00:00,0.725305999933297
2025-04-10 14:00:00,0.2708363442318596
2025-04-10 15:00:00,0.45956131671687916
2025-04-10 16:00:00,0.3268223810741404
2025-04-10 17:00:00,0.10285599937743882
2025-04-10 18:00:00,0.0028348767662393966
2025-04-10 19:00:00,0.0
2025-04-10 20:00:00,0.0
2025-04-10 21:00:00,0.0
2025-04-10 22:00:00,0.0
2025-04-10 23:00:00,0.0
2025-04-11 00:00:00,0.0
2025-04-11 01:00:00,0.0
2025-04-11 02:00:00,0.0
2025-04-11 03:00:00,0.0
2025-04-11 04:00:00,0.0
2025-04-11 05:00:00,0.0
2025-04-11 06:00:00,0.03241764960923169
2025-04-11 07:00:00,0.18747985014063212
2025-04-11 08:00:00,0.36658847594801613
2025-04-11 09:00:00,0.41488143544818845
2025-04-11 10:00:00,0.4300341296928328
2025-04-11 11:00:00,0.4763815855298996
2025-04-11 12:00:00,0.5486542673233205
2025-04-11 13:00:00,0.40977865726895757
2025-04-11 14:00:00,0.2499249591444231
2025-04-11 15:00:00,0.07222821313826416
2025-04-11 16:00:00,0.0761192204644751
2025-04-11 17:00:00,0.03528587786683861
2025-04-11 18:00:00,0.0
2025-04-11 19:00:00,0.0
2025-04-11 20:00:00,0.0
2025-04-11 21:00:00,0.0
2025-04-11 22:00:00,0.0
2025-04-11 23:00:00,0.0
2025-04-12 00:00:00,0.0
2025-04-12 01:00:00,0.0
2025-04-12 02:00:00,0.0
2025-04-12 03:00:00,0.0
2025-04-12 04:00:00,0.0
2025-04-12 05:00:00,0.0
2025-04-12 06:00:00,0.03629753977165345
2025-04-12 07:00:00,0.2162510700270147
2025-04-12 08:00:00,0.45391379751197874
2025-04-12 09:00:00,0.6471968071505597
2025-04-12 10:00:00,0.7334771153183399
2025-04-12 11:00:00,0.8193905570810774
2025-04-12 12:00:00,0.8395126235394826
2025-04-12 13:00:00,0.7935542684350368
2025-04-12 14:00:00,0.6280975197607587
2025-04-12 15:00:00,0.5030850129514958
2025-04-12 16:00:00,0.27462729708396794
2025-04-12 17:00:00,0.08411246122889128
2025-04-12 18:00:00,0.0035019065935898435
2025-04-12 19:00:00,0.0
2025-04-12 20:00:00,0.0
2025-04-12 21:00:00,0.0
2025-04-12 22:00:00,0.0
2025-04-12 23:00:00,0.0
2025-04-13 00:00:00,0.0
2025-04-13 01:00:00,0.0
2025-04-13 02:00:00,0.0
2025-04-13 03:00:00,0.0
2025-04-13 04:00:00,0.0
2025-04-13 05:00:00,0.0
2025-04-13 06:00:00,0.038187457615813054
2025-04-13 07:00:00,0.25168147102311256
2025-04-13 08:00:00,0.4931129170326066
2025-04-13 09:00:00,0.683483229758424
2025-04-13 10:00:00,0.8142655445742683
2025-04-13 11:00:00,0.8839479272048115
2025-04-13 12:00:00,0.8977109759758091
2025-04-13 13:00:00,0.8519638469833576
2025-04-13 14:00:00,0.7407477404364597
2025-04-13 15:00:00,0.567397805471868
2025-04-13 16:00:00,0.33890673811297267
2025-04-13 17:00:00,0.1023112583517693
2025-04-13 18:00:00,0.0034463207746439728
2025-04-13 19:00:00,0.0
2025-04-13 20:00:00,0.0
2025-04-13 21:00:00,0.0
2025-04-13 22:00:00,0.0
2025-04-13 23:00:00,0.0
2025-04-14 00:00:00,0.0
2025-04-14 01:00:00,0.0
2025-04-14 02:00:00,0.0
2025-04-14 03:00:00,0.0
2025-04-14 04:00:00,0.0
2025-04-14 05:00:00,0.0
2025-04-14 06:00:00,0.03813187179686718
2025-04-14 07:00:00,0.2476792920590099
2025-04-14 08:00:00,0.49070049249035586
2025-04-14 09:00:00,0.6872964169381107
2025-04-14 10:00:00,0.817256061633556
2025-04-14 11:00:00,0.8784671654567487
2025-04-14 12:00:00,0.8779224244310792
2025-04-14 13:00:00,0.8207468510633567
2025-04-14 14:00:00,0.7080855132238663
2025-04-14 15:00:00,0.5379484385943458
2025-04-14 16:00:00,0.3071561183310914
2025-04-14 17:00:00,0.09548531978521639
2025-04-14 18:00:00,0.003968827472735156
2025-04-14 19:00:00,0.0
2025-04-14 20:00:00,0.0
2025-04-14 21:00:00,0.0
2025-04-14 22:00:00,0.0
2025-04-14 23:00:00,0.0
2025-04-15 00:00:00,0.0
2025-04-15 01:00:00,0.0
2025-04-15 02:00:00,0.0
2025-04-15 03:00:00,0.0
2025-04-15 04:00:00,0.0
2025-04-15 05:00:00,0.0
2025-04-15 06:00:00,0.041166857511311716
2025-04-15 07:00:00,0.22614534579937964
2025-04-15 08:00:00,0.4723238207468511
2025-04-15 09:00:00,0.6605707551889363
2025-04-15 10:00:00,0.7869395559804783
2025-04-15 11:00:00,0.8550988871719046
2025-04-15 12:00:00,0.8242821091483141
2025-04-15 13:00:00,0.7849384664984269
2025-04-15 14:00:00,0.7009705283987949
2025-04-15 15:00:00,0.5151804871541172
2025-04-15 16:00:00,0.3226534446532001
2025-04-15 17:00:00,0.09720848017253839
2025-04-15 18:00:00,0.003957710308945982
2025-04-15 19:00:00,0.0
2025-04-15 20:00:00,0.0
2025-04-15 21:00:00,0.0
2025-04-15 22:00:00,0.0
2025-04-15 23:00:00,0.0
2025-04-16 00:00:00,0.0
2025-04-16 01:00:00,0.0
2025-04-16 02:00:00,0.0
2025-04-16 03:00:00,0.0
2025-04-16 04:00:00,0.0
2025-04-16 05:00:00,0.0
2025-04-16 06:00:00,0.03974386054629743
2025-04-16 07:00:00,0.2389634356482974
2025-04-16 08:00:00,0.470278262609643
2025-04-16 09:00:00,0.6567353336816711
2025-04-16 10:00:00,0.7793798846038398
2025-04-16 11:00:00,0.8440595435292548
2025-04-16 12:00:00,0.8511411768629588
2025-04-16 13:00:00,0.8007248390790541
2025-04-16 14:00:00,0.6691865571255462
2025-04-16 15:00:00,0.49974986381474357
2025-04-16 16:00:00,0.2603528587786684
2025-04-16 17:00:00,0.08691398650376317
2025-04-16 18:00:00,0.004691443119031472
2025-04-16 19:00:00,0.0
2025-04-16 20:00:00,0.0
2025-04-16 21:00:00,0.0
2025-04-16 22:00:00,0.0
2025-04-16 23:00:00,0.0
2025-04-17 00:00:00,0.0
2025-04-17 01:00:00,0.0
2025-04-17 02:00:00,0.0
2025-04-17 03:00:00,0.0
2025-04-17 04:00:00,0.0
2025-04-17 05:00:00,0.0
2025-04-17 06:00:00,0.04213405076096986
2025-04-17 07:00:00,0.23923024757923758
2025-04-17 08:00:00,0.45867194361374525
2025-04-17 09:00:00,0.6433947371346622
2025-04-17 10:00:00,0.7608809240586542
2025-04-17 11:00:00,0.828039710509055
2025-04-17 12:00:00,0.8404131138064057
2025-04-17 13:00:00,0.7950439683827861
2025-04-17 14:00:00,0.6812820313281677
2025-04-17 15:00:00,0.4839079054151705
2025-04-17 16:00:00,0.2395192938377561
2025-04-17 17:00:00,0.07097197363008749
2025-04-17 18:00:00,0.004680325955242298
2025-04-17 19:00:00,0.0
2025-04-17 20:00:00,0.0
2025-04-17 21:00:00,0.0
2025-04-17 22:00:00,0.0
2025-04-17 23:00:00,0.0
2025-04-18 00:00:00,0.0
2025-04-18 01:00:00,0.0
2025-04-18 02:00:00,0.0
2025-04-18 03:00:00,0.0
2025-04-18 04:00:00,0.0
2025-04-18 05:00:00,0.0
2025-04-18 06:00:00,0.04650309613011528
2025-04-18 07:00:00,0.1960400662582962
2025-04-18 08:00:00,0.37594912785850076
2025-04-18 09:00:00,0.4519127080299274
2025-04-18 10:00:00,0.6852730931284811
2025-04-18 11:00:00,0.7789351980522728
2025-04-18 12:00:00,0.7985569921401652
2025-04-18 13:00:00,0.7476848506409044
2025-04-18 14:00:00,0.5458082733932919
2025-04-18 15:00:00,0.44983379840135185
2025-04-18 16:00:00,0.26046403041656013
2025-04-18 17:00:00,0.08473502240108503
2025-04-18 18:00:00,0.005547464730797879
2025-04-18 19:00:00,0.0
2025-04-18 20:00:00,0.0
2025-04-18 21:00:00,0.0
2025-04-18 22:00:00,0.0
2025-04-18 23:00:00,0.0
2025-04-19 00:00:00,0.0
2025-04-19 01:00:00,0.0
2025-04-19 02:00:00,0.0
2025-04-19 03:00:00,0.0
2025-04-19 04:00:00,0.0
2025-04-19 05:00:00,0.0
2025-04-19 06:00:00,0.008371224333248103
2025-04-19 07:00:00,0.04495781036342008
2025-04-19 08:00:00,0.05953241209102733
2025-04-19 09:00:00,0.14491222999188447
2025-04-19 10:00:00,0.200498048937755
2025-04-19 11:00:00,0.22940267478960766
2025-04-19 12:00:00,0.5809829796222388
2025-04-19 13:00:00,0.6759569098731532
2025-04-19 14:00:00,0.6353903792064568
2025-04-19 15:00:00,0.49998332425431624
2025-04-19 16:00:00,0.291614323353826
2025-04-19 17:00:00,0.0920945848295183
2025-04-19 18:00:00,0.0055808162221654
2025-04-19 19:00:00,0.0
2025-04-19 20:00:00,0.0
2025-04-19 21:00:00,0.0
2025-04-19 22:00:00,0.0
2025-04-19 23:00:00,0.0
2025-04-20 00:00:00,0.0
2025-04-20 01:00:00,0.0
2025-04-20 02:00:00,0.0
2025-04-20 03:00:00,0.0
2025-04-20 04:00:00,0.0
2025-04-20 05:00:00,0.0
2025-04-20 06:00:00,0.04825960800880479
2025-04-20 07:00:00,0.26646729886271414
2025-04-20 08:00:00,0.5024735689430913
2025-04-20 09:00:00,0.6946670965303332
2025-04-20 10:00:00,0.828362108258941
2025-04-20 11:00:00,0.8944314126580026
2025-04-20 12:00:00,0.8550099498615914
2025-04-20 13:00:00,0.686551566964236
2025-04-20 14:00:00,0.6544563151048906
2025-04-20 15:00:00,0.5352692021211549
2025-04-20 16:00:00,0.31411546286311437
2025-04-20 17:00:00,0.09727518315527343
2025-04-20 18:00:00,0.0052806527998577
2025-04-20 19:00:00,0.0
2025-04-20 20:00:00,0.0
2025-04-20 21:00:00,0.0
2025-04-20 22:00:00,0.0
2025-04-20 23:00:00,0.0
2025-04-21 00:00:00,0.0
2025-04-21 01:00:00,0.0
2025-04-21 02:00:00,0.0
2025-04-21 03:00:00,0.0
2025-04-21 04:00:00,0.0
2025-04-21 05:00:00,0.0
2025-04-21 06:00:00,0.04850418561216663
2025-04-21 07:00:00,0.2629209236139676
2025-04-21 08:00:00,0.4940245244633189
2025-04-21 09:00:00,0.6757901524163156
2025-04-21 10:00:00,0.7937988460383987
2025-04-21 11:00:00,0.8505519671821326
2025-04-21 12:00:00,0.8648708741425888
2025-04-21 13:00:00,0.8184678324865761
2025-04-21 14:00:00,0.7102755944903336
2025-04-21 15:00:00,0.5428733421529499
2025-04-21 16:00:00,0.3257440161865905
2025-04-21 17:00:00,0.1004658091627664
2025-04-21 18:00:00,0.005525230403219531
2025-04-21 19:00:00,0.0
2025-04-21 20:00:00,0.0
2025-04-21 21:00:00,0.0
2025-04-21 22:00:00,0.0
2025-04-21 23:00:00,0.0
2025-04-22 00:00:00,0.0
2025-04-22 01:00:00,0.0
2025-04-22 02:00:00,0.0
2025-04-22 03:00:00,0.0
2025-04-22 04:00:00,0.0
2025-04-22 05:00:00,0.0
2025-04-22 06:00:00,0.056141677135329235
2025-04-22 07:00:00,0.2131271470022568
2025-04-22 08:00:00,0.4085891207435159
2025-04-22 09:00:00,0.5606719213794177
2025-04-22 10:00:00,0.6423719580660583
2025-04-22 11:00:00,0.6848061722493358
2025-04-22 12:00:00,0.6358128314304454
2025-04-22 13:00:00,0.43549265711331725
2025-04-22 14:00:00,0.37599359651365744
2025-04-22 15:00:00,0.24996942779957976
2025-04-22 16:00:00,0.14704672543940592
2025-04-22 17:00:00,0.07725317117097086
2025-04-22 18:00:00,0.006803704238974553
2025-04-22 19:00:00,0.0
2025-04-22 20:00:00,0.0
2025-04-22 21:00:00,0.0
2025-04-22 22:00:00,0.0
2025-04-22 23:00:00,0.0
2025-04-23 00:00:00,0.0
2025-04-23 01:00:00,0.0
2025-04-23 02:00:00,0.0
2025-04-23 03:00:00,0.0
2025-04-23 04:00:00,0.0
2025-04-23 05:00:00,0.0
2025-04-23 06:00:00,0.04939355871530055
2025-04-23 07:00:00,0.2577292081244233
2025-04-23 08:00:00,0.48943313581839004
2025-04-23 09:00:00,0.6779024135362586
2025-04-23 10:00:00,0.807228379895721
2025-04-23 11:00:00,0.8763549043368055
2025-04-23 12:00:00,0.8850485264199398
2025-04-23 13:00:00,0.8288179119742971
2025-04-23 14:00:00,0.6344454202843771
2025-04-23 15:00:00,0.5037409256150571
2025-04-23 16:00:00,0.29557203366277196
2025-04-23 17:00:00,0.09844248535313671
2025-04-23 18:00:00,0.007982123600627007
2025-04-23 19:00:00,0.0
2025-04-23 20:00:00,0.0
2025-04-23 21:00:00,0.0
2025-04-23 22:00:00,0.0
2025-04-23 23:00:00,0.0
2025-04-24 00:00:00,0.0
2025-04-24 01:00:00,0.0
2025-04-24 02:00:00,0.0
2025-04-24 03:00:00,0.0
2025-04-24 04:00:00,0.0
2025-04-24 05:00:00,0.0
2025-04-24 06:00:00,0.043390290269146536
2025-04-24 07:00:00,0.2007092750497493
2025-04-24 08:00:00,0.4221187090749408
2025-04-24 09:00:00,0.6402041111271692
2025-04-24 10:00:00,0.7534546586474858
2025-04-24 11:00:00,0.8207913197185134
2025-04-24 12:00:00,0.8158330646685418
2025-04-24 13:00:00,0.703471890251359
2025-04-24 14:00:00,0.5851185645518115
2025-04-24 15:00:00,0.35767251058909855
2025-04-24 16:00:00,0.15309446254071662
2025-04-24 17:00:00,0.08196684861758069
2025-04-24 18:00:00,0.006436837833931807
2025-04-24 19:00:00,0.0
2025-04-24 20:00:00,0.0
2025-04-24 21:00:00,0.0
2025-04-24 22:00:00,0.0
2025-04-24 23:00:00,0.0
2025-04-25 00:00:00,0.0
2025-04-25 01:00:00,0.0
2025-04-25 02:00:00,0.0
2025-04-25 03:00:00,0.0
2025-04-25 04:00:00,0.0
2025-04-25 05:00:00,0.0
2025-04-25 06:00:00,0.04936020722393303
2025-04-25 07:00:00,0.24213182732821203
2025-04-25 08:00:00,0.4605396271303265
2025-04-25 09:00:00,0.6370134851196763
2025-04-25 10:00:00,0.7582016875854632
2025-04-25 11:00:00,0.8195906660292827
2025-04-25 12:00:00,0.8034818956987694
2025-04-25 13:00:00,0.7175795710998211
2025-04-25 14:00:00,0.6105324009738635
2025-04-25 15:00:00,0.4347366899756534
2025-04-25 16:00:00,0.29334860090493714
2025-04-25 17:00:00,0.09541861680248136
2025-04-25 18:00:00,0.00677035274760703
2025-04-25 19:00:00,0.0
2025-04-25 20:00:00,0.0
2025-04-25 21:00:00,0.0
2025-04-25 22:00:00,0.0
2025-04-25 23:00:00,0.0
2025-04-26 00:00:00,0.0
2025-04-26 01:00:00,0.0
2025-04-26 02:00:00,0.0
2025-04-26 03:00:00,0.0
2025-04-26 04:00:00,0.0
2025-04-26 05:00:00,0.0
2025-04-26 06:00:00,0.05201720936954564
2025-04-26 07:00:00,0.2563506798145657
2025-04-26 08:00:00,0.48284065769140977
2025-04-26 09:00:00,0.6643617080410446
2025-04-26 10:00:00,0.7870618447821592
2025-04-26 11:00:00,0.8440150748740982
2025-04-26 12:00:00,0.8208024368823027
2025-04-26 13:00:00,0.7597358561883693
2025-04-26 14:00:00,0.6689530966859735
2025-04-26 15:00:00,0.4694889439806117
2025-04-26 16:00:00,0.23339373658992119
2025-04-26 17:00:00,0.08589120743515914
2025-04-26 18:00:00,0.004835966248290736
2025-04-26 19:00:00,0.0
2025-04-26 20:00:00,0.0
2025-04-26 21:00:00,0.0
2025-04-26 22:00:00,0.0
2025-04-26 23:00:00,0.0
2025-04-27 00:00:00,0.0
2025-04-27 01:00:00,0.0
2025-04-27 02:00:00,0.0
2025-04-27 03:00:00,0.0
2025-04-27 04:00:00,0.0
2025-04-27 05:00:00,0.0
2025-04-27 06:00:00,0.05052750942179632
2025-04-27 07:00:00,0.2461006548009472
2025-04-27 08:00:00,0.46633166946448623
2025-04-27 09:00:00,0.6472301586419273
2025-04-27 10:00:00,0.769040922279908
2025-04-27 11:00:00,0.8308190014563485
2025-04-27 12:00:00,0.8333648319640693
2025-04-27 13:00:00,0.7785349801558626
2025-04-27 14:00:00,0.6651065580149192
2025-04-27 15:00:00,0.5048081733388178
2025-04-27 16:00:00,0.2659225578370446
2025-04-27 17:00:00,0.08513524029749531
2025-04-27 18:00:00,0.006925993040655469
2025-04-27 19:00:00,0.0
2025-04-27 20:00:00,0.0
2025-04-27 21:00:00,0.0
2025-04-27 22:00:00,0.0
2025-04-27 23:00:00,0.0
2025-04-28 00:00:00,0.0
2025-04-28 01:00:00,0.0
2025-04-28 02:00:00,0.0
2025-04-28 03:00:00,0.0
2025-04-28 04:00:00,0.0
2025-04-28 05:00:00,0.0
2025-04-28 06:00:00,0.055507998799346314
2025-04-28 07:00:00,0.19407232826761237
2025-04-28 08:00:00,0.40140743293570946
2025-04-28 09:00:00,0.5525563918133206
2025-04-28 10:00:00,0.7159564651866016
2025-04-28 11:00:00,0.7886071305488545
2025-04-28 12:00:00,0.7961779190892819
2025-04-28 13:00:00,0.5881090816110994
2025-04-28 14:00:00,0.6607708641371414
2025-04-28 15:00:00,0.49233471556736447
2025-04-28 16:00:00,0.29602783737812804
2025-04-28 17:00:00,0.09108292292470346
2025-04-28 18:00:00,0.007292859445698213
2025-04-28 19:00:00,0.0
2025-04-28 20:00:00,0.0
2025-04-28 21:00:00,0.0
2025-04-28 22:00:00,0.0
2025-04-28 23:00:00,0.0
2025-04-29 00:00:00,0.0
2025-04-29 01:00:00,0.0
2025-04-29 02:00:00,0.0
2025-04-29 03:00:00,0.0
2025-04-29 04:00:00,0.0
2025-04-29 05:00:00,0.0008782559393447544
2025-04-29 06:00:00,0.05275094217963114
2025-04-29 07:00:00,0.2178408244488666
2025-04-29 08:00:00,0.4150815443963936
2025-04-29 09:00:00,0.5708107747551445
2025-04-29 10:00:00,0.6800813776389367
2025-04-29 11:00:00,0.6345232404309012
2025-04-29 12:00:00,0.5351913819746307
2025-04-29 13:00:00,0.4453646985581039
2025-04-29 14:00:00,0.17352780958521863
2025-04-29 15:00:00,0.067747996131227
2025-04-29 16:00:00,0.1321497259619126
2025-04-29 17:00:00,0.0699380773976943
2025-04-29 18:00:00,0.008660270591766628
2025-04-29 19:00:00,0.0
2025-04-29 20:00:00,0.0
2025-04-29 21:00:00,0.0
2025-04-29 22:00:00,0.0
2025-04-29 23:00:00,0.0
2025-04-30 00:00:00,0.0
2025-04-30 01:00:00,0.0
2025-04-30 02:00:00,0.0
2025-04-30 03:00:00,0.0
2025-04-30 04:00:00,0.0
2025-04-30 05:00:00,0.0
2025-04-30 06:00:00,0.017231603873219863
2025-04-30 07:00:00,0.030805660859801447
2025-04-30 08:00:00,0.07409589665484542
2025-04-30 09:00:00,0.10193327478293737
2025-04-30 10:00:00,0.15213838645484765
2025-04-30 11:00:00,0.2847327989683272
2025-04-30 12:00:00,0.3795288545986148
2025-04-30 13:00:00,0.4781380974085891
2025-04-30 14:00:00,0.39285833398183456
2025-04-30 15:00:00,0.3626418828028593
2025-04-30 16:00:00,0.19951973852430768
2025-04-30 17:00:00,0.0690820557859279
2025-04-30 18:00:00,0.0047581461017665175
2025-04-30 19:00:00,0.0
2025-04-30 20:00:00,0.0
2025-04-30 21:00:00,0.0
2025-04-30 22:00:00,0.0
2025-04-30 23:00:00,0.0
2025-05-01 00:00:00,0.0
2025-05-01 01:00:00,0.0
2025-05-01 02:00:00,0.0
2025-05-01 03:00:00,0.0
2025-05-01 04:00:00,0.0
2025-05-01 05:00:00,0.0008671387755555803
2025-05-01 06:00:00,0.026414381163077677
2025-05-01 07:00:00,0.12931484919567318
2025-05-01 08:00:00,0.34439861702482466
2025-05-01 09:00:00,0.3440539849473603
2025-05-01 10:00:00,0.4141254683105246
2025-05-01 11:00:00,0.3995619837467066
2025-05-01 12:00:00,0.40016231059132196
2025-05-01 13:00:00,0.5382486020166536
2025-05-01 14:00:00,0.5320452246222943
2025-05-01 15:00:00,0.3575057531322609
2025-05-01 16:00:00,0.24403286233616078
2025-05-01 17:00:00,0.09358428477726763
2025-05-01 18:00:00,0.0074484997387466514
2025-05-01 19:00:00,0.0
2025-05-01 20:00:00,0.0
2025-05-01 21:00:00,0.0
2025-05-01 22:00:00,0.0
2025-05-01 23:00:00,0.0
2025-05-02 00:00:00,0.0
2025-05-02 01:00:00,0.0
2025-05-02 02:00:00,0.0
2025-05-02 03:00:00,0.0
2025-05-02 04:00:00,0.0
2025-05-02 05:00:00,0.002256784249202343
2025-05-02 06:00:00,0.06233393736589921
2025-05-02 07:00:00,0.27713977610032126
2025-05-02 08:00:00,0.5076096986136897
2025-05-02 09:00:00,0.6816488977332102
2025-05-02 10:00:00,0.7981901257351225
2025-05-02 11:00:00,0.8606463519027026
2025-05-02 12:00:00,0.8598125646185145
2025-05-02 13:00:00,0.8078287067403364
2025-05-02 14:00:00,0.699892163511245
2025-05-02 15:00:00,0.5376149236806705
2025-05-02 16:00:00,0.32185300886037954
2025-05-02 17:00:00,0.10152193972273793
2025-05-02 18:00:00,0.009282831763960378
2025-05-02 19:00:00,0.0
2025-05-02 20:00:00,0.0
2025-05-02 21:00:00,0.0
2025-05-02 22:00:00,0.0
2025-05-02 23:00:00,0.0
2025-05-03 00:00:00,0.0
2025-05-03 01:00:00,0.0
2025-05-03 02:00:00,0.0
2025-05-03 03:00:00,0.0
2025-05-03 04:00:00,0.0
2025-05-03 05:00:00,0.0027681737835043526
2025-05-03 06:00:00,0.06107769785772254
2025-05-03 07:00:00,0.25157029938522085
2025-05-03 08:00:00,0.41217996464741913
2025-05-03 09:00:00,0.6140454247312426
2025-05-03 10:00:00,0.5992040110726952
2025-05-03 11:00:00,0.6369801336283087
2025-05-03 12:00:00,0.5118675723449434
2025-05-03 13:00:00,0.5032295360807552
2025-05-03 14:00:00,0.3329034696668186
2025-05-03 15:00:00,0.2566953118920301
2025-05-03 16:00:00,0.2423541706039955
2025-05-03 17:00:00,0.0972418316639059
2025-05-03 18:00:00,0.00914942579849029
2025-05-03 19:00:00,0.0
2025-05-03 20:00:00,0.0
2025-05-03 21:00:00,0.0
2025-05-03 22:00:00,0.0
2025-05-03 23:00:00,0.0
2025-05-04 00:00:00,0.0
2025-05-04 01:00:00,0.0
2025-05-04 02:00:00,0.0
2025-05-04 03:00:00,0.0
2025-05-04 04:00:00,0.0
2025-05-04 05:00:00,0.0005780925170370536
2025-05-04 06:00:00,0.04374603951040011
2025-05-04 07:00:00,0.1387977899078387
2025-05-04 08:00:00,0.30063034318684617
2025-05-04 09:00:00,0.37563784727240385
2025-05-04 10:00:00,0.4108125535013507
2025-05-04 11:00:00,0.3771053128925748
2025-05-04 12:00:00,0.39119075941345843
2025-05-04 13:00:00,0.4470100387989016
2025-05-04 14:00:00,0.3066558459605785
2025-05-04 15:00:00,0.16153238985669977
2025-05-04 16:00:00,0.04963813631866238
2025-05-04 17:00:00,0.026581138619915286
2025-05-04 18:00:00,0.0
2025-05-04 19:00:00,0.0
2025-05-04 20:00:00,0.0
2025-05-04 21:00:00,0.0
2025-05-04 22:00:00,0.0
2025-05-04 23:00:00,0.0
2025-05-05 00:00:00,0.0
2025-05-05 01:00:00,0.0
2025-05-05 02:00:00,0.0
2025-05-05 03:00:00,0.0
2025-05-05 04:00:00,0.0
2025-05-05 05:00:00,0.0
2025-05-05 06:00:00,0.005236184144701004
2025-05-05 07:00:00,0.022345499216239954
2025-05-05 08:00:00,0.030794543696012273
2025-05-05 09:00:00,0.07638603239541528
2025-05-05 10:00:00,0.1335727229269269
2025-05-05 11:00:00,0.19436137452613092
2025-05-05 12:00:00,0.30283154161710263
2025-05-05 13:00:00,0.4089226356571911
2025-05-05 14:00:00,0.4401618659047704
2025-05-05 15:00:00,0.18145434736689975
2025-05-05 16:00:00,0.11986525997487521
2025-05-05 17:00:00,0.04824849084501562
2025-05-05 18:00:00,0.010794766039288058
2025-05-05 19:00:00,0.0
2025-05-05 20:00:00,0.0
2025-05-05 21:00:00,0.0
2025-05-05 22:00:00,0.0
2025-05-05 23:00:00,0.0
2025-05-06 00:00:00,0.0
2025-05-06 01:00:00,0.0
2025-05-06 02:00:00,0.0
2025-05-06 03:00:00,0.0
2025-05-06 04:00:00,0.0
2025-05-06 05:00:00,0.00411335060199442
2025-05-06 06:00:00,0.06578025814054318
2025-05-06 07:00:00,0.28228702293470886
2025-05-06 08:00:00,0.5126346566463964
2025-05-06 09:00:00,0.6947893853320142
2025-05-06 10:00:00,0.8141766072639548
2025-05-06 11:00:00,0.8702849329079166
2025-05-06 12:00:00,0.8702960500717057
2025-05-06 13:00:00,0.8147435826172027
2025-05-06 14:00:00,0.7026492201309602
2025-05-06 15:00:00,0.5374815177152006
2025-05-06 16:00:00,0.3247101199541973
2025-05-06 17:00:00,0.10473480005780925
2025-05-06 18:00:00,0.011383975720114285
2025-05-06 19:00:00,0.0
2025-05-06 20:00:00,0.0
2025-05-06 21:00:00,0.0
2025-05-06 22:00:00,0.0
2025-05-06 23:00:00,0.0
2025-05-07 00:00:00,0.0
2025-05-07 01:00:00,0.0
2025-05-07 02:00:00,0.0
2025-05-07 03:00:00,0.0
2025-05-07 04:00:00,0.0
2025-05-07 05:00:00,0.0037353670331624995
2025-05-07 06:00:00,0.06347900523618415
2025-05-07 07:00:00,0.27315983146379696
2025-05-07 08:00:00,0.4994941690475926
2025-05-07 09:00:00,0.6775021956398484
2025-05-07 10:00:00,0.7961556847617036
2025-05-07 11:00:00,0.8525752909917622
2025-05-07 12:00:00,0.8569109848695401
2025-05-07 13:00:00,0.7864059321185979
2025-05-07 14:00:00,0.6689197451946061
2025-05-07 15:00:00,0.5051972740714389
2025-05-07 16:00:00,0.2804971595646519
2025-05-07 17:00:00,0.09858700848239597
2025-05-07 18:00:00,0.0139965092105702
2025-05-07 19:00:00,0.0
2025-05-07 20:00:00,0.0
2025-05-07 21:00:00,0.0
2025-05-07 22:00:00,0.0
2025-05-07 23:00:00,0.0
2025-05-08 00:00:00,0.0
2025-05-08 01:00:00,0.0
2025-05-08 02:00:00,0.0
2025-05-08 03:00:00,0.0
2025-05-08 04:00:00,0.0
2025-05-08 05:00:00,0.0026681193094017855
2025-05-08 06:00:00,0.06337895076208158
2025-05-08 07:00:00,0.2422652332936821
2025-05-08 08:00:00,0.46334115240519835
2025-05-08 09:00:00,0.6536114106569132
2025-05-08 10:00:00,0.791330835677202
2025-05-08 11:00:00,0.8464608509077164
2025-05-08 12:00:00,0.8412135495992262
2025-05-08 13:00:00,0.7922202087803359
2025-05-08 14:00:00,0.6923769607897633
2025-05-08 15:00:00,0.5332125268201576
2025-05-08 16:00:00,0.3230203110582428
2025-05-08 17:00:00,0.10792542606530221
2025-05-08 18:00:00,0.016531222554501894
2025-05-08 19:00:00,0.0
2025-05-08 20:00:00,0.0
2025-05-08 21:00:00,0.0
2025-05-08 22:00:00,0.0
2025-05-08 23:00:00,0.0
2025-05-09 00:00:00,0.0
2025-05-09 01:00:00,0.0
2025-05-09 02:00:00,0.0
2025-05-09 03:00:00,0.0
2025-05-09 04:00:00,0.0
2025-05-09 05:00:00,0.004180053584729464
2025-05-09 06:00:00,0.06449066714099899
2025-05-09 07:00:00,0.2676123667329991
2025-05-09 08:00:00,0.47740436459850366
2025-05-09 09:00:00,0.6442841102377961
2025-05-09 10:00:00,0.7585240853353492
2025-05-09 11:00:00,0.8166001489699948
2025-05-09 12:00:00,0.8158664161599093
2025-05-09 13:00:00,0.7592467009816456
2025-05-09 14:00:00,0.6477193138486509
2025-05-09 15:00:00,0.49322408867049844
2025-05-09 16:00:00,0.29787328656713097
2025-05-09 17:00:00,0.10232237551555848
2025-05-09 18:00:00,0.012695801047236829
2025-05-09 19:00:00,0.0
2025-05-09 20:00:00,0.0
2025-05-09 21:00:00,0.0
2025-05-09 22:00:00,0.0
2025-05-09 23:00:00,0.0
2025-05-10 00:00:00,0.0
2025-05-10 01:00:00,0.0
2025-05-10 02:00:00,0.0
2025-05-10 03:00:00,0.0
2025-05-10 04:00:00,0.0
2025-05-10 05:00:00,0.0047581461017665175
2025-05-10 06:00:00,0.0675812386743894
2025-05-10 07:00:00,0.2565507887627709
2025-05-10 08:00:00,0.47870507276183705
2025-05-10 09:00:00,0.6436949005569699
2025-05-10 10:00:00,0.7295416393369724
2025-05-10 11:00:00,0.6529888494847195
2025-05-10 12:00:00,0.5093995619837467
2025-05-10 13:00:00,0.626718991450901
2025-05-10 14:00:00,0.6162243888339206
2025-05-10 15:00:00,0.49481384309235027
2025-05-10 16:00:00,0.3007859834798946
2025-05-10 17:00:00,0.0969861368967549
2025-05-10 18:00:00,0.012562395081766741
2025-05-10 19:00:00,0.0
2025-05-10 20:00:00,0.0
2025-05-10 21:00:00,0.0
2025-05-10 22:00:00,0.0
2025-05-10 23:00:00,0.0
2025-05-11 00:00:00,0.0
2025-05-11 01:00:00,0.0
2025-05-11 02:00:00,0.0
2025-05-11 03:00:00,0.0
2025-05-11 04:00:00,0.0
2025-05-11 05:00:00,0.00397994463652433
2025-05-11 06:00:00,0.058598570332736716
2025-05-11 07:00:00,0.24740136296428056
2025-05-11 08:00:00,0.45322453335705
2025-05-11 09:00:00,0.609665262198308
2025-05-11 10:00:00,0.7514980378205912
2025-05-11 11:00:00,0.8134206401262909
2025-05-11 12:00:00,0.8210136629942969
2025-05-11 13:00:00,0.7757112205534125
2025-05-11 14:00:00,0.675879089726629
2025-05-11 15:00:00,0.5205389601004992
2025-05-11 16:00:00,0.31399317406143346
2025-05-11 17:00:00,0.10221120387766673
2025-05-11 18:00:00,0.014040977865726896
2025-05-11 19:00:00,0.0
2025-05-11 20:00:00,0.0
2025-05-11 21:00:00,0.0
2025-05-11 22:00:00,0.0
2025-05-11 23:00:00,0.0
2025-05-12 00:00:00,0.0
2025-05-12 01:00:00,0.0
2025-05-12 02:00:00,0.0
2025-05-12 03:00:00,0.0
2025-05-12 04:00:00,0.0
2025-05-12 05:00:00,0.005125012506809263
2025-05-12 06:00:00,0.06516881413213861
2025-05-12 07:00:00,0.26526664517348336
2025-05-12 08:00:00,0.48241820546742115
2025-05-12 09:00:00,0.6523440539849473
2025-05-12 10:00:00,0.7668953096685974
2025-05-12 11:00:00,0.8241375860190548
2025-05-12 12:00:00,0.8234260875365477
2025-05-12 13:00:00,0.7671287701081699
2025-05-12 14:00:00,0.65634623294905
2025-05-12 15:00:00,0.4903113917577348
2025-05-12 16:00:00,0.27522762392858335
2025-05-12 17:00:00,0.10082155840401996
2025-05-12 18:00:00,0.01510822558948761
2025-05-12 19:00:00,0.0
2025-05-12 20:00:00,0.0
2025-05-12 21:00:00,0.0
2025-05-12 22:00:00,0.0
2025-05-12 23:00:00,0.0
2025-05-13 00:00:00,0.0
2025-05-13 01:00:00,0.0
2025-05-13 02:00:00,0.0
2025-05-13 03:00:00,0.0
2025-05-13 04:00:00,0.0
2025-05-13 05:00:00,0.004558037153561383
2025-05-13 06:00:00,0.0684372602861558
2025-05-13 07:00:00,0.1732832319818568
2025-05-13 08:00:00,0.3398739313626308
2025-05-13 09:00:00,0.4247645940567642
2025-05-13 10:00:00,0.36488754988827254
2025-05-13 11:00:00,0.4485553245655968
2025-05-13 12:00:00,0.5229180331513824
2025-05-13 13:00:00,0.3263888116863625
2025-05-13 14:00:00,0.15668530644461984
2025-05-13 15:00:00,0.17672955275650076
2025-05-13 16:00:00,0.11720825782926261
2025-05-13 17:00:00,0.030171982523818523
2025-05-13 18:00:00,0.004213405076096986
2025-05-13 19:00:00,0.0
2025-05-13 20:00:00,0.0
2025-05-13 21:00:00,0.0
2025-05-13 22:00:00,0.0
2025-05-13 23:00:00,0.0
2025-05-14 00:00:00,0.0
2025-05-14 01:00:00,0.0
2025-05-14 02:00:00,0.0
2025-05-14 03:00:00,0.0
2025-05-14 04:00:00,0.0
2025-05-14 05:00:00,0.0
2025-05-14 06:00:00,0.019288279174217077
2025-05-14 07:00:00,0.07002701470800769
2025-05-14 08:00:00,0.17309424019744082
2025-05-14 09:00:00,0.17331658347322432
2025-05-14 10:00:00,0.1864570710720281
2025-05-14 11:00:00,0.18385565474536136
2025-05-14 12:00:00,0.17505086102433548
2025-05-14 13:00:00,0.13602961612433437
2025-05-14 14:00:00,0.27381574412735826
2025-05-14 15:00:00,0.20125401607541885
2025-05-14 16:00:00,0.2051005547464731
2025-05-14 17:00:00,0.09577436604373493
2025-05-14 18:00:00,0.014274438305299552
2025-05-14 19:00:00,0.0
2025-05-14 20:00:00,0.0
2025-05-14 21:00:00,0.0
2025-05-14 22:00:00,0.0
2025-05-14 23:00:00,0.0
2025-05-15 00:00:00,0.0
2025-05-15 01:00:00,0.0
2025-05-15 02:00:00,0.0
2025-05-15 03:00:00,0.0
2025-05-15 04:00:00,0.0
2025-05-15 05:00:00,0.0
2025-05-15 06:00:00,0.0062923147046725445
2025-05-15 07:00:00,0.02834876766239397
2025-05-15 08:00:00,0.059132194194617065
2025-05-15 09:00:00,0.08270058142766618
2025-05-15 10:00:00,0.17078187012929263
2025-05-15 11:00:00,0.283954597503085
2025-05-15 12:00:00,0.3122255450189548
2025-05-15 13:00:00,0.3073673444430857
2025-05-15 14:00:00,0.10208891507598582
2025-05-15 15:00:00,0.08648041711598538
2025-05-15 16:00:00,0.05454080554968817
2025-05-15 17:00:00,0.021433891785527678
2025-05-15 18:00:00,0.0020233238096296876
2025-05-15 19:00:00,0.0
2025-05-15 20:00:00,0.0
2025-05-15 21:00:00,0.0
2025-05-15 22:00:00,0.0
2025-05-15 23:00:00,0.0
2025-05-16 00:00:00,0.0
2025-05-16 01:00:00,0.0
2025-05-16 02:00:00,0.0
2025-05-16 03:00:00,0.0
2025-05-16 04:00:00,0.0
2025-05-16 05:00:00,5.558581894587053e-05
2025-05-16 06:00:00,0.013529588331424886
2025-05-16 07:00:00,0.04485775588931752
2025-05-16 08:00:00,0.05438516525663973
2025-05-16 09:00:00,0.08576891863347823
2025-05-16 10:00:00,0.17982012428989116
2025-05-16 11:00:00,0.277951329056931
2025-05-16 12:00:00,0.28188680503829866
2025-05-16 13:00:00,0.16147680403775388
2025-05-16 14:00:00,0.15602939378105857
2025-05-16 15:00:00,0.0892930595546464
2025-05-16 16:00:00,0.06523551711487366
2025-05-16 17:00:00,0.020411112716923658
2025-05-16 18:00:00,0.003257328990228013
2025-05-16 19:00:00,0.0
2025-05-16 20:00:00,0.0
2025-05-16 21:00:00,0.0
2025-05-16 22:00:00,0.0
2025-05-16 23:00:00,0.0
2025-05-17 00:00:00,0.0
2025-05-17 01:00:00,0.0
2025-05-17 02:00:00,0.0
2025-05-17 03:00:00,0.0
2025-05-17 04:00:00,0.0
2025-05-17 05:00:00,0.0
2025-05-17 06:00:00,0.005425175929116964
2025-05-17 07:00:00,0.011039343642649887
2025-05-17 08:00:00,0.03745372480572756
2025-05-17 09:00:00,0.05159475714555702
2025-05-17 10:00:00,0.16543451434669987
2025-05-17 11:00:00,0.20535624951362408
2025-05-17 12:00:00,0.3339040144078443
2025-05-17 13:00:00,0.35807272848550875
2025-05-17 14:00:00,0.2876010272259341
2025-05-17 15:00:00,0.2500361307823148
2025-05-17 16:00:00,0.18875832397638714
2025-05-17 17:00:00,0.07417371680136964
2025-05-17 18:00:00,0.011795310780313727
2025-05-17 19:00:00,0.0
2025-05-17 20:00:00,0.0
2025-05-17 21:00:00,0.0
2025-05-17 22:00:00,0.0
2025-05-17 23:00:00,0.0
2025-05-18 00:00:00,0.0
2025-05-18 01:00:00,0.0
2025-05-18 02:00:00,0.0
2025-05-18 03:00:00,0.0
2025-05-18 04:00:00,0.0
2025-05-18 05:00:00,0.006992696023390513
2025-05-18 06:00:00,0.06790363642427544
2025-05-18 07:00:00,0.2663338928972441
2025-05-18 08:00:00,0.48490845015619616
2025-05-18 09:00:00,0.6603817634045203
2025-05-18 10:00:00,0.7742548720970307
2025-05-18 11:00:00,0.8193349712621316
2025-05-18 12:00:00,0.8038154106124445
2025-05-18 13:00:00,0.7510755855966026
2025-05-18 14:00:00,0.6411601872130382
2025-05-18 15:00:00,0.4923235984035753
2025-05-18 16:00:00,0.3042323042545386
2025-05-18 17:00:00,0.11078253715911997
2025-05-18 18:00:00,0.022445553690342523
2025-05-18 19:00:00,0.0
2025-05-18 20:00:00,0.0
2025-05-18 21:00:00,0.0
2025-05-18 22:00:00,0.0
2025-05-18 23:00:00,0.0
2025-05-19 00:00:00,0.0
2025-05-19 01:00:00,0.0
2025-05-19 02:00:00,0.0
2025-05-19 03:00:00,0.0
2025-05-19 04:00:00,0.0
2025-05-19 05:00:00,0.007915420617891964
2025-05-19 06:00:00,0.07480739513735257
2025-05-19 07:00:00,0.24319907505197275
2025-05-19 08:00:00,0.4188169114295561
2025-05-19 09:00:00,0.6086758346210714
2025-05-19 10:00:00,0.7462952051672577
2025-05-19 11:00:00,0.810485708885949
2025-05-19 12:00:00,0.815143800513613
2025-05-19 13:00:00,0.7513090460361752
2025-05-19 14:00:00,0.6482084690553747
2025-05-19 15:00:00,0.43680448244043985
2025-05-19 16:00:00,0.2016208824804616
2025-05-19 17:00:00,0.08197796578136986
2025-05-19 18:00:00,0.015252748718746875
2025-05-19 19:00:00,0.0
2025-05-19 20:00:00,0.0
2025-05-19 21:00:00,0.0
2025-05-19 22:00:00,0.0
2025-05-19 23:00:00,0.0
2025-05-20 00:00:00,0.0
2025-05-20 01:00:00,0.0
2025-05-20 02:00:00,0.0
2025-05-20 03:00:00,0.0
2025-05-20 04:00:00,0.0
2025-05-20 05:00:00,0.0074040310835899546
2025-05-20 06:00:00,0.06763682449333526
2025-05-20 07:00:00,0.2604862647441385
2025-05-20 08:00:00,0.4636746673188736
2025-05-20 09:00:00,0.6312659114406733
2025-05-20 10:00:00,0.7502640326399929
2025-05-20 11:00:00,0.810863692454781
2025-05-20 12:00:00,0.8047270180431568
2025-05-20 13:00:00,0.7089193005080543
2025-05-20 14:00:00,0.5726006381252015
2025-05-20 15:00:00,0.4167935876199264
2025-05-20 16:00:00,0.2407755333459328
2025-05-20 17:00:00,0.06377916865849184
2025-05-20 18:00:00,0.008860379539971762
2025-05-20 19:00:00,0.0
2025-05-20 20:00:00,0.0
2025-05-20 21:00:00,0.0
2025-05-20 22:00:00,0.0
2025-05-20 23:00:00,0.0
2025-05-21 00:00:00,0.0
2025-05-21 01:00:00,0.0
2025-05-21 02:00:00,0.0
2025-05-21 03:00:00,0.0
2025-05-21 04:00:00,0.0
2025-05-21 05:00:00,0.004068881946837723
2025-05-21 06:00:00,0.06187813365054307
2025-05-21 07:00:00,0.23217084857311204
2025-05-21 08:00:00,0.44181832330935733
2025-05-21 09:00:00,0.6051850451912708
2025-05-21 10:00:00,0.7090749408011029
2025-05-21 11:00:00,0.7474736245289102
2025-05-21 12:00:00,0.5981034118575669
2025-05-21 13:00:00,0.6051516936999033
2025-05-21 14:00:00,0.5512223321586197
2025-05-21 15:00:00,0.3981056352903248
2025-05-21 16:00:00,0.25319340529844026
2025-05-21 17:00:00,0.0997765450078376
2025-05-21 18:00:00,0.017831930717835266
2025-05-21 19:00:00,0.0
2025-05-21 20:00:00,0.0
2025-05-21 21:00:00,0.0
2025-05-21 22:00:00,0.0
2025-05-21 23:00:00,0.0
2025-05-22 00:00:00,0.0
2025-05-22 01:00:00,0.0
2025-05-22 02:00:00,0.0
2025-05-22 03:00:00,0.0
2025-05-22 04:00:00,0.0
2025-05-22 05:00:00,0.007415148247379128
2025-05-22 06:00:00,0.06516881413213861
2025-05-22 07:00:00,0.25100332403197295
2025-05-22 08:00:00,0.4589498727084746
2025-05-22 09:00:00,0.6292648219586219
2025-05-22 10:00:00,0.7486409267267734
2025-05-22 11:00:00,0.8078509410679147
2025-05-22 12:00:00,0.8029705061644673
2025-05-22 13:00:00,0.7540772198196796
2025-05-22 14:00:00,0.6048404131138063
2025-05-22 15:00:00,0.4457760336183033
2025-05-22 16:00:00,0.2133050216228836
2025-05-22 17:00:00,0.06887082967393358
2025-05-22 18:00:00,0.017153783726695647
2025-05-22 19:00:00,0.0
2025-05-22 20:00:00,0.0
2025-05-22 21:00:00,0.0
2025-05-22 22:00:00,0.0
2025-05-22 23:00:00,0.0
2025-05-23 00:00:00,0.0
2025-05-23 01:00:00,0.0
2025-05-23 02:00:00,0.0
2025-05-23 03:00:00,0.0
2025-05-23 04:00:00,0.0
2025-05-23 05:00:00,0.009716401151738168
2025-05-23 06:00:00,0.07769785772253783
2025-05-23 07:00:00,0.20741292481462129
2025-05-23 08:00:00,0.3445764916454514
2025-05-23 09:00:00,0.514780269257707
2025-05-23 10:00:00,0.6305988816133228
2025-05-23 11:00:00,0.6661404542473125
2025-05-23 12:00:00,0.6794365821391646
2025-05-23 13:00:00,0.6438950095051751
2025-05-23 14:00:00,0.5147024491111828
2025-05-23 15:00:00,0.3742704361263355
2025-05-23 16:00:00,0.23422752387410925
2025-05-23 17:00:00,0.10089937855054419
2025-05-23 18:00:00,0.02208980444908895
2025-05-23 19:00:00,0.0
2025-05-23 20:00:00,0.0
2025-05-23 21:00:00,0.0
2025-05-23 22:00:00,0.0
2025-05-23 23:00:00,0.0
2025-05-24 00:00:00,0.0
2025-05-24 01:00:00,0.0
2025-05-24 02:00:00,0.0
2025-05-24 03:00:00,0.0
2025-05-24 04:00:00,0.0
2025-05-24 05:00:00,0.00820446687641049
2025-05-24 06:00:00,0.0656913208302298
2025-05-24 07:00:00,0.25059198897177354
2025-05-24 08:00:00,0.45107892074573935
2025-05-24 09:00:00,0.6127780680592768
2025-05-24 10:00:00,0.7234939022356616
2025-05-24 11:00:00,0.7760447354670876
2025-05-24 12:00:00,0.7075630065257752
2025-05-24 13:00:00,0.6178141432557727
2025-05-24 14:00:00,0.5368589565430067
2025-05-24 15:00:00,0.42860001556402927
2025-05-24 16:00:00,0.27350446354126134
2025-05-24 17:00:00,0.10521283810074374
2025-05-24 18:00:00,0.01905481873464442
2025-05-24 19:00:00,0.0
2025-05-24 20:00:00,0.0
2025-05-24 21:00:00,0.0
2025-05-24 22:00:00,0.0
2025-05-24 23:00:00,0.0
2025-05-25 00:00:00,0.0
2025-05-25 01:00:00,0.0
2025-05-25 02:00:00,0.0
2025-05-25 03:00:00,0.0
2025-05-25 04:00:00,0.0
2025-05-25 05:00:00,0.00812664672988627
2025-05-25 06:00:00,0.06692532601082812
2025-05-25 07:00:00,0.26208713632977954
2025-05-25 08:00:00,0.4730019677379907
2025-05-25 09:00:00,0.6465520116507877
2025-05-25 10:00:00,0.7630598881613323
2025-05-25 11:00:00,0.8239708285622172
2025-05-25 12:00:00,0.8102411312825872
2025-05-25 13:00:00,0.7409812008760325
2025-05-25 14:00:00,0.5964358372891908
2025-05-25 15:00:00,0.447354670876366
2025-05-25 16:00:00,0.2174628408800347
2025-05-25 17:00:00,0.1072917477293193
2025-05-25 18:00:00,0.02499138419806339
2025-05-25 19:00:00,0.0
2025-05-25 20:00:00,0.0
2025-05-25 21:00:00,0.0
2025-05-25 22:00:00,0.0
2025-05-25 23:00:00,0.0
2025-05-26 00:00:00,0.0
2025-05-26 01:00:00,0.0
2025-05-26 02:00:00,0.0
2025-05-26 03:00:00,0.0
2025-05-26 04:00:00,0.0
2025-05-26 05:00:00,0.00933841758290625
2025-05-26 06:00:00,0.0689931184756145
2025-05-26 07:00:00,0.24465542350835454
2025-05-26 08:00:00,0.43380284821736276
2025-05-26 09:00:00,0.5888316972573957
2025-05-26 10:00:00,0.7094640415337239
2025-05-26 11:00:00,0.7655390156863181
2025-05-26 12:00:00,0.6342008426810153
2025-05-26 13:00:00,0.6219052595301886
2025-05-26 14:00:00,0.5260419561761404
2025-05-26 15:00:00,0.4370268257162233
2025-05-26 16:00:00,0.2634767818034263
2025-05-26 17:00:00,0.11089370879701171
2025-05-26 18:00:00,0.023646207379573323
2025-05-26 19:00:00,0.0
2025-05-26 20:00:00,0.0
2025-05-26 21:00:00,0.0
2025-05-26 22:00:00,0.0
2025-05-26 23:00:00,0.0
2025-05-27 00:00:00,0.0
2025-05-27 01:00:00,0.0
2025-05-27 02:00:00,0.0
2025-05-27 03:00:00,0.0
2025-05-27 04:00:00,0.0
2025-05-27 05:00:00,0.00820446687641049
2025-05-27 06:00:00,0.06900423563940368
2025-05-27 07:00:00,0.22659003235094663
2025-05-27 08:00:00,0.43425865193271895
2025-05-27 09:00:00,0.5810052139498171
2025-05-27 10:00:00,0.5774477215372814
2025-05-27 11:00:00,0.3814187724427744
2025-05-27 12:00:00,0.407444052873231
2025-05-27 13:00:00,0.4228190903936588
2025-05-27 14:00:00,0.2731042456448511
2025-05-27 15:00:00,0.21638447599248478
2025-05-27 16:00:00,0.2012428989116297
2025-05-27 17:00:00,0.06932663338928972
2025-05-27 18:00:00,0.016208824804615846
2025-05-27 19:00:00,0.0
2025-05-27 20:00:00,0.0
2025-05-27 21:00:00,0.0
2025-05-27 22:00:00,0.0
2025-05-27 23:00:00,0.0
2025-05-28 00:00:00,0.0
2025-05-28 01:00:00,0.0
2025-05-28 02:00:00,0.0
2025-05-28 03:00:00,0.0
2025-05-28 04:00:00,0.0
2025-05-28 05:00:00,0.008704739246923325
2025-05-28 06:00:00,0.06585807828706741
2025-05-28 07:00:00,0.24487776678413806
2025-05-28 08:00:00,0.4445309112739158
2025-05-28 09:00:00,0.5902324598948316
2025-05-28 10:00:00,0.6019165990372536
2025-05-28 11:00:00,0.67384464875321
2025-05-28 12:00:00,0.5604273437760559
2025-05-28 13:00:00,0.46756567464508453
2025-05-28 14:00:00,0.40905604162266124
2025-05-28 15:00:00,0.35273648986670525
2025-05-28 16:00:00,0.21199319629576102
2025-05-28 17:00:00,0.09888717190470368
2025-05-28 18:00:00,0.02778179230914609
2025-05-28 19:00:00,0.0
2025-05-28 20:00:00,0.0
2025-05-28 21:00:00,0.0
2025-05-28 22:00:00,0.0
2025-05-28 23:00:00,0.0
2025-05-29 00:00:00,0.0
2025-05-29 01:00:00,0.0
2025-05-29 02:00:00,0.0
2025-05-29 03:00:00,0.0
2025-05-29 04:00:00,0.0
2025-05-29 05:00:00,0.00893819968649598
2025-05-29 06:00:00,0.06777023045880536
2025-05-29 07:00:00,0.23288234705561917
2025-05-29 08:00:00,0.4382941823881891
2025-05-29 09:00:00,0.613433980722838
2025-05-29 10:00:00,0.7318428922413314
2025-05-29 11:00:00,0.7822925815166034
2025-05-29 12:00:00,0.7574123689564318
2025-05-29 13:00:00,0.7238607686407044
2025-05-29 14:00:00,0.6210158864270547
2025-05-29 15:00:00,0.4672877455503552
2025-05-29 16:00:00,0.2870562862002646
2025-05-29 17:00:00,0.1035563806961568
2025-05-29 18:00:00,0.023779613345043412
2025-05-29 19:00:00,0.0
2025-05-29 20:00:00,0.0
2025-05-29 21:00:00,0.0
2025-05-29 22:00:00,0.0
2025-05-29 23:00:00,0.0
2025-05-30 00:00:00,0.0
2025-05-30 01:00:00,0.0
2025-05-30 02:00:00,0.0
2025-05-30 03:00:00,0.0
2025-05-30 04:00:00,0.0
2025-05-30 05:00:00,0.008237818367778012
2025-05-30 06:00:00,0.06382363731364854
2025-05-30 07:00:00,0.2431768407243944
2025-05-30 08:00:00,0.43567053173394404
2025-05-30 09:00:00,0.5873308801458571
2025-05-30 10:00:00,0.6727218152105036
2025-05-30 11:00:00,0.7148447488076842
2025-05-30 12:00:00,0.6346232949050039
2025-05-30 13:00:00,0.4992718257718091
2025-05-30 14:00:00,0.4464430634456537
2025-05-30 15:00:00,0.26238729975208724
2025-05-30 16:00:00,0.18713521806316774
2025-05-30 17:00:00,0.09276161465686873
2025-05-30 18:00:00,0.023479449922735714
2025-05-30 19:00:00,0.0
2025-05-30 20:00:00,0.0
2025-05-30 21:00:00,0.0
2025-05-30 22:00:00,0.0
2025-05-30 23:00:00,0.0
2025-05-31 00:00:00,0.0
2025-05-31 01:00:00,0.0
2025-05-31 02:00:00,0.0
2025-05-31 03:00:00,0.0
2025-05-31 04:00:00,0.0
2025-05-31 05:00:00,0.00814888105746462
2025-05-31 06:00:00,0.06291202988293627
2025-05-31 07:00:00,0.23332703360718612
2025-05-31 08:00:00,0.4146257406810374
2025-05-31 09:00:00,0.5661415659636914
2025-05-31 10:00:00,0.6885637736100766
2025-05-31 11:00:00,0.7488966214939244
2025-05-31 12:00:00,0.7698635924003069
2025-05-31 13:00:00,0.7060288379228692
2025-05-31 14:00:00,0.4349256817600694
2025-05-31 15:00:00,0.3185289768874165
2025-05-31 16:00:00,0.18343320252137274
2025-05-31 17:00:00,0.07128325421618437
2025-05-31 18:00:00,0.016086536002934932
2025-05-31 19:00:00,0.0
2025-05-31 20:00:00,0.0
2025-05-31 21:00:00,0.0
2025-05-31 22:00:00,0.0
2025-05-31 23:00:00,0.0
2025-06-01 00:00:00,0.0
2025-06-01 01:00:00,0.0
2025-06-01 02:00:00,0.0
2025-06-01 03:00:00,0.0
2025-06-01 04:00:00,0.0
2025-06-01 05:00:00,0.008649153427977455
2025-06-01 06:00:00,0.0671476692866116
2025-06-01 07:00:00,0.23576169247701526
2025-06-01 08:00:00,0.3968493957821481
2025-06-01 09:00:00,0.588853931584974
2025-06-01 10:00:00,0.70238240820002
2025-06-01 11:00:00,0.7599915509555203
2025-06-01 12:00:00,0.7610810330068594
2025-06-01 13:00:00,0.6926771242120711
2025-06-01 14:00:00,0.6093428644484219
2025-06-01 15:00:00,0.48919967537881737
2025-06-01 16:00:00,0.264477326544452
2025-06-01 17:00:00,0.10439016798034487
2025-06-01 18:00:00,0.020266589587664394
2025-06-01 19:00:00,0.0
2025-06-01 20:00:00,0.0
2025-06-01 21:00:00,0.0
2025-06-01 22:00:00,0.0
2025-06-01 23:00:00,0.0
2025-06-02 00:00:00,0.0
2025-06-02 01:00:00,0.0
2025-06-02 02:00:00,0.0
2025-06-02 03:00:00,0.0
2025-06-02 04:00:00,0.0
2025-06-02 05:00:00,0.008827028048604241
2025-06-02 06:00:00,0.0639236917877511
2025-06-02 07:00:00,0.24854643083456548
2025-06-02 08:00:00,0.4460428455492435
2025-06-02 09:00:00,0.5967248835477093
2025-06-02 10:00:00,0.6949672599526409
2025-06-02 11:00:00,0.7453835977365455
2025-06-02 12:00:00,0.7677513312803638
2025-06-02 13:00:00,0.7219597336327556
2025-06-02 14:00:00,0.6287979010794766
2025-06-02 15:00:00,0.4925348245155696
2025-06-02 16:00:00,0.3056775355471312
2025-06-02 17:00:00,0.10760302831541618
2025-06-02 18:00:00,0.0205222843548154
2025-06-02 19:00:00,0.0
2025-06-02 20:00:00,0.0
2025-06-02 21:00:00,0.0
2025-06-02 22:00:00,0.0
2025-06-02 23:00:00,0.0
2025-06-03 00:00:00,0.0
2025-06-03 01:00:00,0.0
2025-06-03 02:00:00,0.0
2025-06-03 03:00:00,0.0
2025-06-03 04:00:00,0.0
2025-06-03 05:00:00,0.01107269513401741
2025-06-03 06:00:00,0.06574690664917567
2025-06-03 07:00:00,0.2491912263343376
2025-06-03 08:00:00,0.44667652388522644
2025-06-03 09:00:00,0.6020722393303021
2025-06-03 10:00:00,0.7081188647152339
2025-06-03 11:00:00,0.760169425576147
2025-06-03 12:00:00,0.7507531878467165
2025-06-03 13:00:00,0.7001700926059743
2025-06-03 14:00:00,0.5974474991940056
2025-06-03 15:00:00,0.46742115151582525
2025-06-03 16:00:00,0.28524418850262917
2025-06-03 17:00:00,0.10925948572000312
2025-06-03 18:00:00,0.0255027737323654
2025-06-03 19:00:00,0.0
2025-06-03 20:00:00,0.0
2025-06-03 21:00:00,0.0
2025-06-03 22:00:00,0.0
2025-06-03 23:00:00,0.0
2025-06-04 00:00:00,0.0
2025-06-04 01:00:00,0.0
2025-06-04 02:00:00,0.0
2025-06-04 03:00:00,0.0
2025-06-04 04:00:00,0.0
2025-06-04 05:00:00,0.009193894453646986
2025-06-04 06:00:00,0.06195595379706729
2025-06-04 07:00:00,0.24367711309490722
2025-06-04 08:00:00,0.440773309913175
2025-06-04 09:00:00,0.597981123055886
2025-06-04 10:00:00,0.707485186379251
2025-06-04 11:00:00,0.7645162366177142
2025-06-04 12:00:00,0.7696968349434693
2025-06-04 13:00:00,0.7223488343653767
2025-06-04 14:00:00,0.6223165945903881
2025-06-04 15:00:00,0.4824293226312103
2025-06-04 16:00:00,0.29712843659325633
2025-06-04 17:00:00,0.10599103956598593
2025-06-04 18:00:00,0.020477815699658706
2025-06-04 19:00:00,0.0
2025-06-04 20:00:00,0.0
2025-06-04 21:00:00,0.0
2025-06-04 22:00:00,0.0
2025-06-04 23:00:00,0.0
2025-06-05 00:00:00,0.0
2025-06-05 01:00:00,0.0
2025-06-05 02:00:00,0.0
2025-06-05 03:00:00,0.0
2025-06-05 04:00:00,0.0
2025-06-05 05:00:00,0.013040433124701227
2025-06-05 06:00:00,0.08078842925592823
2025-06-05 07:00:00,0.1978855154472991
2025-06-05 08:00:00,0.30127513868661826
2025-06-05 09:00:00,0.4114128803459661
2025-06-05 10:00:00,0.4465542350835455
2025-06-05 11:00:00,0.529844026192038
2025-06-05 12:00:00,0.5489099620904715
2025-06-05 13:00:00,0.5094662649664817
2025-06-05 14:00:00,0.5127902969394448
2025-06-05 15:00:00,0.3297906638058498
2025-06-05 16:00:00,0.1800980533846205
2025-06-05 17:00:00,0.04981601093928917
2025-06-05 18:00:00,0.008738090738290847
2025-06-05 19:00:00,0.0
2025-06-05 20:00:00,0.0
2025-06-05 21:00:00,0.0
2025-06-05 22:00:00,0.0
2025-06-05 23:00:00,0.0
2025-06-06 00:00:00,0.0
2025-06-06 01:00:00,0.0
2025-06-06 02:00:00,0.0
2025-06-06 03:00:00,0.0
2025-06-06 04:00:00,0.0
2025-06-06 05:00:00,0.004024413291681027
2025-06-06 06:00:00,0.0360196106769241
2025-06-06 07:00:00,0.07588576002490245
2025-06-06 08:00:00,0.20384431523829644
2025-06-06 09:00:00,0.2710031016886972
2025-06-06 10:00:00,0.44585385376482756
2025-06-06 11:00:00,0.4809173883558826
2025-06-06 12:00:00,0.4713677446609821
2025-06-06 13:00:00,0.3000744849973875
2025-06-06 14:00:00,0.18575668975331014
2025-06-06 15:00:00,0.22461117719647364
2025-06-06 16:00:00,0.16633500461362297
2025-06-06 17:00:00,0.08340096274638414
2025-06-06 18:00:00,0.022512256673077564
2025-06-06 19:00:00,0.0
2025-06-06 20:00:00,0.0
2025-06-06 21:00:00,0.0
2025-06-06 22:00:00,0.0
2025-06-06 23:00:00,0.0
2025-06-07 00:00:00,0.0
2025-06-07 01:00:00,0.0
2025-06-07 02:00:00,0.0
2025-06-07 03:00:00,0.0
2025-06-07 04:00:00,0.0
2025-06-07 05:00:00,0.00826005269535636
2025-06-07 06:00:00,0.06803704238974553
2025-06-07 07:00:00,0.17726317661838112
2025-06-07 08:00:00,0.3329034696668186
2025-06-07 09:00:00,0.5228513301686474
2025-06-07 10:00:00,0.686740558748652
2025-06-07 11:00:00,0.7517759669153206
2025-06-07 12:00:00,0.6690086825049193
2025-06-07 13:00:00,0.6534557703638647
2025-06-07 14:00:00,0.48287400918277734
2025-06-07 15:00:00,0.31449344643194627
2025-06-07 16:00:00,0.2277239830574424
2025-06-07 17:00:00,0.11256128336538783
2025-06-07 18:00:00,0.024535580482707254
2025-06-07 19:00:00,0.0
2025-06-07 20:00:00,0.0
2025-06-07 21:00:00,0.0
2025-06-07 22:00:00,0.0
2025-06-07 23:00:00,0.0
2025-06-08 00:00:00,0.0
2025-06-08 01:00:00,0.0
2025-06-08 02:00:00,0.0
2025-06-08 03:00:00,0.0
2025-06-08 04:00:00,0.0
2025-06-08 05:00:00,0.009494057875954686
2025-06-08 06:00:00,0.06287867839156874
2025-06-08 07:00:00,0.2426988026814599
2025-06-08 08:00:00,0.44147369123189295
2025-06-08 09:00:00,0.6041511489588777
2025-06-08 10:00:00,0.717901968849707
2025-06-08 11:00:00,0.7799690942846661
2025-06-08 12:00:00,0.786984024635635
2025-06-08 13:00:00,0.7397027270402775
2025-06-08 14:00:00,0.6390034574379384
2025-06-08 15:00:00,0.4887327544996721
2025-06-08 16:00:00,0.30133072450556414
2025-06-08 17:00:00,0.11665239963980391
2025-06-08 18:00:00,0.02904914898111194
2025-06-08 19:00:00,0.0
2025-06-08 20:00:00,0.0
2025-06-08 21:00:00,0.0
2025-06-08 22:00:00,0.0
2025-06-08 23:00:00,0.0
2025-06-09 00:00:00,0.0
2025-06-09 01:00:00,0.0
2025-06-09 02:00:00,0.0
2025-06-09 03:00:00,0.0
2025-06-09 04:00:00,0.0
2025-06-09 05:00:00,2.2234327578348213e-05
2025-06-09 06:00:00,0.007815366143789396
2025-06-09 07:00:00,0.05955464641860569
2025-06-09 08:00:00,0.131793976720659
2025-06-09 09:00:00,0.11461795866638502
2025-06-09 10:00:00,0.08374559482384854
2025-06-09 11:00:00,0.0846238507631933
2025-06-09 12:00:00,0.07130548854376272
2025-06-09 13:00:00,0.10479038587675513
2025-06-09 14:00:00,0.02931596091205212
2025-06-09 15:00:00,0.01652010539071272
2025-06-09 16:00:00,0.007793131816211048
2025-06-09 17:00:00,0.006447954997720981
2025-06-09 18:00:00,0.0
2025-06-09 19:00:00,0.0
2025-06-09 20:00:00,0.0
2025-06-09 21:00:00,0.0
2025-06-09 22:00:00,0.0
2025-06-09 23:00:00,0.0
2025-06-10 00:00:00,0.0
2025-06-10 01:00:00,0.0
2025-06-10 02:00:00,0.0
2025-06-10 03:00:00,0.0
2025-06-10 04:00:00,0.0
2025-06-10 05:00:00,0.005858745316894754
2025-06-10 06:00:00,0.05887649942746607
2025-06-10 07:00:00,0.23287122989182998
2025-06-10 08:00:00,0.4106791475358807
2025-06-10 09:00:00,0.5845515891985636
2025-06-10 10:00:00,0.6496092316928106
2025-06-10 11:00:00,0.6914208847038944
2025-06-10 12:00:00,0.7269068715189381
2025-06-10 13:00:00,0.6826605596380251
2025-06-10 14:00:00,0.5665973696790475
2025-06-10 15:00:00,0.38254160598548104
2025-06-10 16:00:00,0.24344365265533457
2025-06-10 17:00:00,0.11138286400373537
2025-06-10 18:00:00,0.02878233705017176
2025-06-10 19:00:00,0.0
2025-06-10 20:00:00,0.0
2025-06-10 21:00:00,0.0
2025-06-10 22:00:00,0.0
2025-06-10 23:00:00,0.0
2025-06-11 00:00:00,0.0
2025-06-11 01:00:00,0.0
2025-06-11 02:00:00,0.0
2025-06-11 03:00:00,0.0
2025-06-11 04:00:00,0.0
2025-06-11 05:00:00,0.011828662271681249
2025-06-11 06:00:00,0.06934886771686807
2025-06-11 07:00:00,0.23971940278596124
2025-06-11 08:00:00,0.43171282142499806
2025-06-11 09:00:00,0.587631043568165
2025-06-11 10:00:00,0.7024824626741226
2025-06-11 11:00:00,0.764827517203811
2025-06-11 12:00:00,0.755188936198597
2025-06-11 13:00:00,0.7327878511634112
2025-06-11 14:00:00,0.6389367544552034
2025-06-11 15:00:00,0.4961479027470512
2025-06-11 16:00:00,0.3096018943647097
2025-06-11 17:00:00,0.11180531622772398
2025-06-11 18:00:00,0.023301575302108926
2025-06-11 19:00:00,0.0
2025-06-11 20:00:00,0.0
2025-06-11 21:00:00,0.0
2025-06-11 22:00:00,0.0
2025-06-11 23:00:00,0.0
2025-06-12 00:00:00,0.0
2025-06-12 01:00:00,0.0
2025-06-12 02:00:00,0.0
2025-06-12 03:00:00,0.0
2025-06-12 04:00:00,0.0
2025-06-12 05:00:00,0.009271714600171205
2025-06-12 06:00:00,0.06125557247834933
2025-06-12 07:00:00,0.2444664317239386
2025-06-12 08:00:00,0.4425742904470212
2025-06-12 09:00:00,0.6049071160965415
2025-06-12 10:00:00,0.7168680726173139
2025-06-12 11:00:00,0.7738213027092528
2025-06-12 12:00:00,0.7788907293971162
2025-06-12 13:00:00,0.7351780413780836
2025-06-12 14:00:00,0.6459628019699614
2025-06-12 15:00:00,0.5013285010728062
2025-06-12 16:00:00,0.3114251092261342
2025-06-12 17:00:00,0.11367299974430524
2025-06-12 18:00:00,0.022801302931596094
2025-06-12 19:00:00,0.0
2025-06-12 20:00:00,0.0
2025-06-12 21:00:00,0.0
2025-06-12 22:00:00,0.0
2025-06-12 23:00:00,0.0
2025-06-13 00:00:00,0.0
2025-06-13 01:00:00,0.0
2025-06-13 02:00:00,0.0
2025-06-13 03:00:00,0.0
2025-06-13 04:00:00,0.0
2025-06-13 05:00:00,0.010238907849829353
2025-06-13 06:00:00,0.061088815021511714
2025-06-13 07:00:00,0.2517481740058476
2025-06-13 08:00:00,0.45115674089226354
2025-06-13 09:00:00,0.6163911462907583
2025-06-13 10:00:00,0.7282298140098498
2025-06-13 11:00:00,0.786728329868484
2025-06-13 12:00:00,0.7926426610043246
2025-06-13 13:00:00,0.7395915554023857
2025-06-13 14:00:00,0.5994263543484787
2025-06-13 15:00:00,0.44454202843770496
2025-06-13 16:00:00,0.29300396882747276
2025-06-13 17:00:00,0.11232782292581517
2025-06-13 18:00:00,0.02574735133572723
2025-06-13 19:00:00,0.0
2025-06-13 20:00:00,0.0
2025-06-13 21:00:00,0.0
2025-06-13 22:00:00,0.0
2025-06-13 23:00:00,0.0
2025-06-14 00:00:00,0.0
2025-06-14 01:00:00,0.0
2025-06-14 02:00:00,0.0
2025-06-14 03:00:00,0.0
2025-06-14 04:00:00,0.0
2025-06-14 05:00:00,0.008371224333248103
2025-06-14 06:00:00,0.060154973263221084
2025-06-14 07:00:00,0.23520583428755656
2025-06-14 08:00:00,0.41826105324009744
2025-06-14 09:00:00,0.5772920812442329
2025-06-14 10:00:00,0.693244099565319
2025-06-14 11:00:00,0.7471956954341809
2025-06-14 12:00:00,0.7573901346288535
2025-06-14 13:00:00,0.7107536325332682
2025-06-14 14:00:00,0.60640793320808
2025-06-14 15:00:00,0.45811608542428656
2025-06-14 16:00:00,0.27566119331636113
2025-06-14 17:00:00,0.09549643694900557
2025-06-14 18:00:00,0.0195773254327356
2025-06-14 19:00:00,0.0
2025-06-14 20:00:00,0.0
2025-06-14 21:00:00,0.0
2025-06-14 22:00:00,0.0
2025-06-14 23:00:00,0.0
2025-06-15 00:00:00,0.0
2025-06-15 01:00:00,0.0
2025-06-15 02:00:00,0.0
2025-06-15 03:00:00,0.0
2025-06-15 04:00:00,0.0
2025-06-15 05:00:00,0.00893819968649598
2025-06-15 06:00:00,0.05937677179797889
2025-06-15 07:00:00,0.2366510655801492
2025-06-15 08:00:00,0.4326466631832887
2025-06-15 09:00:00,0.5912997076185923
2025-06-15 10:00:00,0.6973685673311024
2025-06-15 11:00:00,0.749952752053896
2025-06-15 12:00:00,0.7541105713110472
2025-06-15 13:00:00,0.7128992451445787
2025-06-15 14:00:00,0.5626618936976798
2025-06-15 15:00:00,0.3646874409400674
2025-06-15 16:00:00,0.25422730153083345
2025-06-15 17:00:00,0.10453469110960412
2025-06-15 18:00:00,0.026581138619915286
2025-06-15 19:00:00,0.0
2025-06-15 20:00:00,0.0
2025-06-15 21:00:00,0.0
2025-06-15 22:00:00,0.0
2025-06-15 23:00:00,0.0
2025-06-16 00:00:00,0.0
2025-06-16 01:00:00,0.0
2025-06-16 02:00:00,0.0
2025-06-16 03:00:00,0.0
2025-06-16 04:00:00,0.0
2025-06-16 05:00:00,0.008626919100399106
2025-06-16 06:00:00,0.05844293003968828
2025-06-16 07:00:00,0.23528365443408075
2025-06-16 08:00:00,0.42942268568442815
2025-06-16 09:00:00,0.58783115251637
2025-06-16 10:00:00,0.6989694389167436
2025-06-16 11:00:00,0.7608475725672866
2025-06-16 12:00:00,0.7536547675956909
2025-06-16 13:00:00,0.6617491745505887
2025-06-16 14:00:00,0.5368367222154284
2025-06-16 15:00:00,0.3370057031050238
2025-06-16 16:00:00,0.2300363531255906
2025-06-16 17:00:00,0.10144411957621371
2025-06-16 18:00:00,0.028504407955442408
2025-06-16 19:00:00,0.0
2025-06-16 20:00:00,0.0
2025-06-16 21:00:00,0.0
2025-06-16 22:00:00,0.0
2025-06-16 23:00:00,0.0
2025-06-17 00:00:00,0.0
2025-06-17 01:00:00,0.0
2025-06-17 02:00:00,0.0
2025-06-17 03:00:00,0.0
2025-06-17 04:00:00,0.0
2025-06-17 05:00:00,0.010583539927293748
2025-06-17 06:00:00,0.06950450800991652
2025-06-17 07:00:00,0.230125290435904
2025-06-17 08:00:00,0.3982612755833732
2025-06-17 09:00:00,0.5343020088714967
2025-06-17 10:00:00,0.5932896799368544
2025-06-17 11:00:00,0.6472523929695057
2025-06-17 12:00:00,0.6818156551900478
2025-06-17 13:00:00,0.5729897388578226
2025-06-17 14:00:00,0.4403619748529755
2025-06-17 15:00:00,0.3637758335093551
2025-06-17 16:00:00,0.2306033284788385
2025-06-17 17:00:00,0.10272259341196875
2025-06-17 18:00:00,0.02414647975008616
2025-06-17 19:00:00,0.0
2025-06-17 20:00:00,0.0
2025-06-17 21:00:00,0.0
2025-06-17 22:00:00,0.0
2025-06-17 23:00:00,0.0
2025-06-18 00:00:00,0.0
2025-06-18 01:00:00,0.0
2025-06-18 02:00:00,0.0
2025-06-18 03:00:00,0.0
2025-06-18 04:00:00,0.0
2025-06-18 05:00:00,0.008059943747151226
2025-06-18 06:00:00,0.06195595379706729
2025-06-18 07:00:00,0.17206034396504766
2025-06-18 08:00:00,0.3156051628108637
2025-06-18 09:00:00,0.46816600148969995
2025-06-18 10:00:00,0.5431846227390469
2025-06-18 11:00:00,0.686673855765917
2025-06-18 12:00:00,0.659536858956543
2025-06-18 13:00:00,0.6710431234783383
2025-06-18 14:00:00,0.6062300585874532
2025-06-18 15:00:00,0.4581272025880757
2025-06-18 16:00:00,0.23165945903881002
2025-06-18 17:00:00,0.08960434014074328
2025-06-18 18:00:00,0.017431712821425
2025-06-18 19:00:00,0.0
2025-06-18 20:00:00,0.0
2025-06-18 21:00:00,0.0
2025-06-18 22:00:00,0.0
2025-06-18 23:00:00,0.0
2025-06-19 00:00:00,0.0
2025-06-19 01:00:00,0.0
2025-06-19 02:00:00,0.0
2025-06-19 03:00:00,0.0
2025-06-19 04:00:00,0.0
2025-06-19 05:00:00,0.00814888105746462
2025-06-19 06:00:00,0.0577425487209703
2025-06-19 07:00:00,0.21727384909561873
2025-06-19 08:00:00,0.40961189981211993
2025-06-19 09:00:00,0.5644851085591044
2025-06-19 10:00:00,0.6680526064190503
2025-06-19 11:00:00,0.6925326010828118
2025-06-19 12:00:00,0.6530555524674545
2025-06-19 13:00:00,0.6770575090882814
2025-06-19 14:00:00,0.589487609920957
2025-06-19 15:00:00,0.45116785805605275
2025-06-19 16:00:00,0.29470489488721635
2025-06-19 17:00:00,0.11398428033040212
2025-06-19 18:00:00,0.02393525363809185
2025-06-19 19:00:00,0.0
2025-06-19 20:00:00,0.0
2025-06-19 21:00:00,0.0
2025-06-19 22:00:00,0.0
2025-06-19 23:00:00,0.0
2025-06-20 00:00:00,0.0
2025-06-20 01:00:00,0.0
2025-06-20 02:00:00,0.0
2025-06-20 03:00:00,0.0
2025-06-20 04:00:00,0.0
2025-06-20 05:00:00,0.011484030194216852
2025-06-20 06:00:00,0.0758190570421674
2025-06-20 07:00:00,0.20935842847772676
2025-06-20 08:00:00,0.38407577458838704
2025-06-20 09:00:00,0.542361952618648
2025-06-20 10:00:00,0.6365020955853742
2025-06-20 11:00:00,0.7222376627274849
2025-06-20 12:00:00,0.7432713366166024
2025-06-20 13:00:00,0.7028159775877979
2025-06-20 14:00:00,0.6249402452446332
2025-06-20 15:00:00,0.47021155962690797
2025-06-20 16:00:00,0.27854053873775725
2025-06-20 17:00:00,0.09435136907872065
2025-06-20 18:00:00,0.016342230770085935
2025-06-20 19:00:00,0.0
2025-06-20 20:00:00,0.0
2025-06-20 21:00:00,0.0
2025-06-20 22:00:00,0.0
2025-06-20 23:00:00,0.0
2025-06-21 00:00:00,0.0
2025-06-21 01:00:00,0.0
2025-06-21 02:00:00,0.0
2025-06-21 03:00:00,0.0
2025-06-21 04:00:00,0.0
2025-06-21 05:00:00,0.008426810152193973
2025-06-21 06:00:00,0.0624673433313693
2025-06-21 07:00:00,0.20348856599704282
2025-06-21 08:00:00,0.37414814732465457
2025-06-21 09:00:00,0.5145023401629777
2025-06-21 10:00:00,0.6327889628797901
2025-06-21 11:00:00,0.684116908094407
2025-06-21 12:00:00,0.6919100399106181
2025-06-21 13:00:00,0.6180698380229236
2025-06-21 14:00:00,0.4687996798256829
2025-06-21 15:00:00,0.34821180420451137
2025-06-21 16:00:00,0.22363286678302632
2025-06-21 17:00:00,0.10271147624817957
2025-06-21 18:00:00,0.025413836422052007
2025-06-21 19:00:00,0.0
2025-06-21 20:00:00,0.0
2025-06-21 21:00:00,0.0
2025-06-21 22:00:00,0.0
2025-06-21 23:00:00,0.0
2025-06-22 00:00:00,0.0
2025-06-22 01:00:00,0.0
2025-06-22 02:00:00,0.0
2025-06-22 03:00:00,0.0
2025-06-22 04:00:00,0.0
2025-06-22 05:00:00,0.008115529566097098
2025-06-22 06:00:00,0.05525230403219531
2025-06-22 07:00:00,0.2214094340251915
2025-06-22 08:00:00,0.4069437805027182
2025-06-22 09:00:00,0.5578703961045458
2025-06-22 10:00:00,0.6636279752309592
2025-06-22 11:00:00,0.7222710142188525
2025-06-22 12:00:00,0.7286633833976277
2025-06-22 13:00:00,0.6919767428933531
2025-06-22 14:00:00,0.6100321286033508
2025-06-22 15:00:00,0.47751553623639537
2025-06-22 16:00:00,0.30393214083223086
2025-06-22 17:00:00,0.11447343553712577
2025-06-22 18:00:00,0.023123700681482142
2025-06-22 19:00:00,0.0
2025-06-22 20:00:00,0.0
2025-06-22 21:00:00,0.0
2025-06-22 22:00:00,0.0
2025-06-22 23:00:00,0.0
2025-06-23 00:00:00,0.0
2025-06-23 01:00:00,0.0
2025-06-23 02:00:00,0.0
2025-06-23 03:00:00,0.0
2025-06-23 04:00:00,0.0
2025-06-23 05:00:00,0.008026592255783704
2025-06-23 06:00:00,0.054029416015386154
2025-06-23 07:00:00,0.2277239830574424
2025-06-23 08:00:00,0.418939200231237
2025-06-23 09:00:00,0.5726562239441474
2025-06-23 10:00:00,0.6810819223799625
2025-06-23 11:00:00,0.7385465420062034
2025-06-23 12:00:00,0.7466398372447222
2025-06-23 13:00:00,0.7081744505341797
2025-06-23 14:00:00,0.6127113650765417
2025-06-23 15:00:00,0.4753365721337172
2025-06-23 16:00:00,0.30635568253827083
2025-06-23 17:00:00,0.11547398027815145
2025-06-23 18:00:00,0.023034763371168745
2025-06-23 19:00:00,0.0
2025-06-23 20:00:00,0.0
2025-06-23 21:00:00,0.0
2025-06-23 22:00:00,0.0
2025-06-23 23:00:00,0.0
2025-06-24 00:00:00,0.0
2025-06-24 01:00:00,0.0
2025-06-24 02:00:00,0.0
2025-06-24 03:00:00,0.0
2025-06-24 04:00:00,0.0
2025-06-24 05:00:00,0.007937654945470312
2025-06-24 06:00:00,0.05395159586886194
2025-06-24 07:00:00,0.22938044046202935
2025-06-24 08:00:00,0.4231192538159665
2025-06-24 09:00:00,0.5778590565974808
2025-06-24 10:00:00,0.6869184333692788
2025-06-24 11:00:00,0.750075040855577
2025-06-24 12:00:00,0.7617591799979989
2025-06-24 13:00:00,0.7217040388656045
2025-06-24 14:00:00,0.6294093450878812
2025-06-24 15:00:00,0.48888839479272045
2025-06-24 16:00:00,0.30875698991673245
2025-06-24 17:00:00,0.11745283543262444
2025-06-24 18:00:00,0.028204244533134706
2025-06-24 19:00:00,0.0
2025-06-24 20:00:00,0.0
2025-06-24 21:00:00,0.0
2025-06-24 22:00:00,0.0
2025-06-24 23:00:00,0.0
2025-06-25 00:00:00,0.0
2025-06-25 01:00:00,0.0
2025-06-25 02:00:00,0.0
2025-06-25 03:00:00,0.0
2025-06-25 04:00:00,0.0
2025-06-25 05:00:00,0.01107269513401741
2025-06-25 06:00:00,0.07430712276683973
2025-06-25 07:00:00,0.17479516625718447
2025-06-25 08:00:00,0.3615857522428878
2025-06-25 09:00:00,0.4773265444519794
2025-06-25 10:00:00,0.6419050371869128
2025-06-25 11:00:00,0.6853842647663728
2025-06-25 12:00:00,0.6309768651821548
2025-06-25 13:00:00,0.54166157129993
2025-06-25 14:00:00,0.3924914675767918
2025-06-25 15:00:00,0.28557770341630445
2025-06-25 16:00:00,0.11142733265889207
2025-06-25 17:00:00,0.044991161854787604
2025-06-25 18:00:00,0.013196073417749662
2025-06-25 19:00:00,0.0
2025-06-25 20:00:00,0.0
2025-06-25 21:00:00,0.0
2025-06-25 22:00:00,0.0
2025-06-25 23:00:00,0.0
2025-06-26 00:00:00,0.0
2025-06-26 01:00:00,0.0
2025-06-26 02:00:00,0.0
2025-06-26 03:00:00,0.0
2025-06-26 04:00:00,0.0
2025-06-26 05:00:00,0.0
2025-06-26 06:00:00,0.000833787284188058
2025-06-26 07:00:00,0.009616346677635602
2025-06-26 08:00:00,0.08571333281453235
2025-06-26 09:00:00,0.22434436526553347
2025-06-26 10:00:00,0.3199742081800091
2025-06-26 11:00:00,0.2355727006925993
2025-06-26 12:00:00,0.3447543662660782
2025-06-26 13:00:00,0.38434258651932723
2025-06-26 14:00:00,0.16394481439895053
2025-06-26 15:00:00,0.1782637213594068
2025-06-26 16:00:00,0.14921457237829486
2025-06-26 17:00:00,0.10358973218752433
2025-06-26 18:00:00,0.03092794966148236
2025-06-26 19:00:00,0.0
2025-06-26 20:00:00,0.0
2025-06-26 21:00:00,0.0
2025-06-26 22:00:00,0.0
2025-06-26 23:00:00,0.0
2025-06-27 00:00:00,0.0
2025-06-27 01:00:00,0.0
2025-06-27 02:00:00,0.0
2025-06-27 03:00:00,0.0
2025-06-27 04:00:00,0.0
2025-06-27 05:00:00,0.009616346677635602
2025-06-27 06:00:00,0.06751453569165435
2025-06-27 07:00:00,0.16515658525197052
2025-06-27 08:00:00,0.2714700225678425
2025-06-27 09:00:00,0.3901902146724328
2025-06-27 10:00:00,0.5534235305888762
2025-06-27 11:00:00,0.601627552778735
2025-06-27 12:00:00,0.6187368678502739
2025-06-27 13:00:00,0.5162366177140888
2025-06-27 14:00:00,0.24428855710331182
2025-06-27 15:00:00,0.2238107414036531
2025-06-27 16:00:00,0.16856955453524697
2025-06-27 17:00:00,0.08853709241698259
2025-06-27 18:00:00,0.017642938933419304
2025-06-27 19:00:00,0.0
2025-06-27 20:00:00,0.0
2025-06-27 21:00:00,0.0
2025-06-27 22:00:00,0.0
2025-06-27 23:00:00,0.0
2025-06-28 00:00:00,0.0
2025-06-28 01:00:00,0.0
2025-06-28 02:00:00,0.0
2025-06-28 03:00:00,0.0
2025-06-28 04:00:00,0.0
2025-06-28 05:00:00,0.007048281842336383
2025-06-28 06:00:00,0.052850996653733696
2025-06-28 07:00:00,0.21598425809607452
2025-06-28 08:00:00,0.4101788751653678
2025-06-28 09:00:00,0.5630843459216684
2025-06-28 10:00:00,0.6646062856444065
2025-06-28 11:00:00,0.7218040933397072
2025-06-28 12:00:00,0.7135218063167725
2025-06-28 13:00:00,0.6636057409033806
2025-06-28 14:00:00,0.5152694244644307
2025-06-28 15:00:00,0.42716590143522587
2025-06-28 16:00:00,0.2831652788740537
2025-06-28 17:00:00,0.11280586096874966
2025-06-28 18:00:00,0.02173405520783538
2025-06-28 19:00:00,0.0
2025-06-28 20:00:00,0.0
2025-06-28 21:00:00,0.0
2025-06-28 22:00:00,0.0
2025-06-28 23:00:00,0.0
2025-06-29 00:00:00,0.0
2025-06-29 01:00:00,0.0
2025-06-29 02:00:00,0.0
2025-06-29 03:00:00,0.0
2025-06-29 04:00:00,0.0
2025-06-29 05:00:00,0.0068148214027637264
2025-06-29 06:00:00,0.052328489955642515
2025-06-29 07:00:00,0.21293815521784082
2025-06-29 08:00:00,0.40122955831508267
2025-06-29 09:00:00,0.5587486520438906
2025-06-29 10:00:00,0.6708541316939223
2025-06-29 11:00:00,0.7205812053228979
2025-06-29 12:00:00,0.721214883658881
2025-06-29 13:00:00,0.6467521205989928
2025-06-29 14:00:00,0.49435803937699413
2025-06-29 15:00:00,0.44075107558559656
2025-06-29 16:00:00,0.2788740536514324
2025-06-29 17:00:00,0.10506831497148449
2025-06-29 18:00:00,0.020800213449544754
2025-06-29 19:00:00,0.0
2025-06-29 20:00:00,0.0
2025-06-29 21:00:00,0.0
2025-06-29 22:00:00,0.0
2025-06-29 23:00:00,0.0
2025-06-30 00:00:00,0.0
2025-06-30 01:00:00,0.0
2025-06-30 02:00:00,0.0
2025-06-30 03:00:00,0.0
2025-06-30 04:00:00,0.0
2025-06-30 05:00:00,0.007504085557692521
2025-06-30 06:00:00,0.06493535369256595
2025-06-30 07:00:00,0.1954286222498916
2025-06-30 08:00:00,0.3103467443385844
2025-06-30 09:00:00,0.43313581839001236
2025-06-30 10:00:00,0.4291002879345422
2025-06-30 11:00:00,0.42973396627052507
2025-06-30 12:00:00,0.45285766695200724
2025-06-30 13:00:00,0.5787484297006148
2025-06-30 14:00:00,0.5098331313715245
2025-06-30 15:00:00,0.3382063567942547
2025-06-30 16:00:00,0.2368622916921435
2025-06-30 17:00:00,0.08519082611644117
2025-06-30 18:00:00,0.012584629409345089
2025-06-30 19:00:00,0.0
2025-06-30 20:00:00,0.0
2025-06-30 21:00:00,0.0
2025-06-30 22:00:00,0.0
2025-06-30 23:00:00,0.0
2025-07-01 00:00:00,0.0
2025-07-01 01:00:00,0.0
2025-07-01 02:00:00,0.0
2025-07-01 03:00:00,0.0
2025-07-01 04:00:00,0.0
2025-07-01 05:00:00,0.0037242498693733257
2025-07-01 06:00:00,0.03309579660037131
2025-07-01 07:00:00,0.08286733888450379
2025-07-01 08:00:00,0.18046491978966328
2025-07-01 09:00:00,0.3437760558526309
2025-07-01 10:00:00,0.4693666551789307
2025-07-01 11:00:00,0.5875309890940623
2025-07-01 12:00:00,0.5939678269279941
2025-07-01 13:00:00,0.615223844092895
2025-07-01 14:00:00,0.5567142110704717
2025-07-01 15:00:00,0.42377516647952773
2025-07-01 16:00:00,0.2565507887627709
2025-07-01 17:00:00,0.10215561805872087
2025-07-01 18:00:00,0.02604751475803493
2025-07-01 19:00:00,0.0
2025-07-01 20:00:00,0.0
2025-07-01 21:00:00,0.0
2025-07-01 22:00:00,0.0
2025-07-01 23:00:00,0.0
2025-07-02 00:00:00,0.0
2025-07-02 01:00:00,0.0
2025-07-02 02:00:00,0.0
2025-07-02 03:00:00,0.0
2025-07-02 04:00:00,0.0
2025-07-02 05:00:00,0.00863803626418828
2025-07-02 06:00:00,0.062278351546953346
2025-07-02 07:00:00,0.19840802214539027
2025-07-02 08:00:00,0.37424820179875706
2025-07-02 09:00:00,0.5327456059410123
2025-07-02 10:00:00,0.6549454703116141
2025-07-02 11:00:00,0.6902202310146636
2025-07-02 12:00:00,0.6196151237896188
2025-07-02 13:00:00,0.6305988816133228
2025-07-02 14:00:00,0.480872919700726
2025-07-02 15:00:00,0.4103122811308379
2025-07-02 16:00:00,0.24573378839590443
2025-07-02 17:00:00,0.1008104412402308
2025-07-02 18:00:00,0.023590621560627453
2025-07-02 19:00:00,0.0
2025-07-02 20:00:00,0.0
2025-07-02 21:00:00,0.0
2025-07-02 22:00:00,0.0
2025-07-02 23:00:00,0.0
2025-07-03 00:00:00,0.0
2025-07-03 01:00:00,0.0
2025-07-03 02:00:00,0.0
2025-07-03 03:00:00,0.0
2025-07-03 04:00:00,0.0
2025-07-03 05:00:00,0.00516948116196596
2025-07-03 06:00:00,0.04717012595746573
2025-07-03 07:00:00,0.11256128336538783
2025-07-03 08:00:00,0.18154328467721317
2025-07-03 09:00:00,0.27999688719413907
2025-07-03 10:00:00,0.36740002890462586
2025-07-03 11:00:00,0.28870162644106234
2025-07-03 12:00:00,0.3668552878789563
2025-07-03 13:00:00,0.28394348033929584
2025-07-03 14:00:00,0.33282564952029436
2025-07-03 15:00:00,0.15332792298028924
2025-07-03 16:00:00,0.11472913030427678
2025-07-03 17:00:00,0.06844837744994497
2025-07-03 18:00:00,0.014774710675812385
2025-07-03 19:00:00,0.0
2025-07-03 20:00:00,0.0
2025-07-03 21:00:00,0.0
2025-07-03 22:00:00,0.0
2025-07-03 23:00:00,0.0
2025-07-04 00:00:00,0.0
2025-07-04 01:00:00,0.0
2025-07-04 02:00:00,0.0
2025-07-04 03:00:00,0.0
2025-07-04 04:00:00,0.0
2025-07-04 05:00:00,0.0021456126113106023
2025-07-04 06:00:00,0.03395181821213772
2025-07-04 07:00:00,0.05629731742837767
2025-07-04 08:00:00,0.20373314360040465
2025-07-04 09:00:00,0.23589509844248535
2025-07-04 10:00:00,0.3174839634912341
2025-07-04 11:00:00,0.26961345621505045
2025-07-04 12:00:00,0.20323287122989184
2025-07-04 13:00:00,0.2922146501984414
2025-07-04 14:00:00,0.2606863736923436
2025-07-04 15:00:00,0.12993741036786693
2025-07-04 16:00:00,0.11895365254416293
2025-07-04 17:00:00,0.03917688519304955
2025-07-04 18:00:00,0.011828662271681249
2025-07-04 19:00:00,0.0
2025-07-04 20:00:00,0.0
2025-07-04 21:00:00,0.0
2025-07-04 22:00:00,0.0
2025-07-04 23:00:00,0.0
2025-07-05 00:00:00,0.0
2025-07-05 01:00:00,0.0
2025-07-05 02:00:00,0.0
2025-07-05 03:00:00,0.0
2025-07-05 04:00:00,0.0
2025-07-05 05:00:00,0.001278473835755022
2025-07-05 06:00:00,0.037687185245300216
2025-07-05 07:00:00,0.05170592878344876
2025-07-05 08:00:00,0.11859790330290937
2025-07-05 09:00:00,0.2334715567364454
2025-07-05 10:00:00,0.2533935142466454
2025-07-05 11:00:00,0.22696801591977855
2025-07-05 12:00:00,0.17890851685917888
2025-07-05 13:00:00,0.10288935086880635
2025-07-05 14:00:00,0.26448844370824115
2025-07-05 15:00:00,0.10837011261686919
2025-07-05 16:00:00,0.02843770497270736
2025-07-05 17:00:00,0.05689764427299308
2025-07-05 18:00:00,0.02075574479438806
2025-07-05 19:00:00,0.0
2025-07-05 20:00:00,0.0
2025-07-05 21:00:00,0.0
2025-07-05 22:00:00,0.0
2025-07-05 23:00:00,0.0
2025-07-06 00:00:00,0.0
2025-07-06 01:00:00,0.0
2025-07-06 02:00:00,0.0
2025-07-06 03:00:00,0.0
2025-07-06 04:00:00,0.0
2025-07-06 05:00:00,0.007804248980000222
2025-07-06 06:00:00,0.05018287734433192
2025-07-06 07:00:00,0.2272459450145079
2025-07-06 08:00:00,0.43332481017442825
2025-07-06 09:00:00,0.5796378028037487
2025-07-06 10:00:00,0.674667318873609
2025-07-06 11:00:00,0.3086458182788407
2025-07-06 12:00:00,0.19316072083690008
2025-07-06 13:00:00,0.07079409900946071
2025-07-06 14:00:00,0.09047147891629886
2025-07-06 15:00:00,0.0896932774510567
2025-07-06 16:00:00,0.05429622794632634
2025-07-06 17:00:00,0.03034985714444531
2025-07-06 18:00:00,0.0105613055997154
2025-07-06 19:00:00,0.0
2025-07-06 20:00:00,0.0
2025-07-06 21:00:00,0.0
2025-07-06 22:00:00,0.0
2025-07-06 23:00:00,0.0
2025-07-07 00:00:00,0.0
2025-07-07 01:00:00,0.0
2025-07-07 02:00:00,0.0
2025-07-07 03:00:00,0.0
2025-07-07 04:00:00,0.0
2025-07-07 05:00:00,0.0
2025-07-07 06:00:00,0.019077053062222765
2025-07-07 07:00:00,0.10665806939333637
2025-07-07 08:00:00,0.20706829273715688
2025-07-07 09:00:00,0.37971784638303074
2025-07-07 10:00:00,0.5628064168269391
2025-07-07 11:00:00,0.63131038009583
2025-07-07 12:00:00,0.6381919044813287
2025-07-07 13:00:00,0.6918878055830396
2025-07-07 14:00:00,0.2772175962468455
2025-07-07 15:00:00,0.16631277028604463
2025-07-07 16:00:00,0.09517403919911951
2025-07-07 17:00:00,0.05235072428322087
2025-07-07 18:00:00,0.013007081633333703
2025-07-07 19:00:00,0.0
2025-07-07 20:00:00,0.0
2025-07-07 21:00:00,0.0
2025-07-07 22:00:00,0.0
2025-07-07 23:00:00,0.0
2025-07-08 00:00:00,0.0
2025-07-08 01:00:00,0.0
2025-07-08 02:00:00,0.0
2025-07-08 03:00:00,0.0
2025-07-08 04:00:00,0.0
2025-07-08 05:00:00,0.0
2025-07-08 06:00:00,0.0031128058609687496
2025-07-08 07:00:00,0.01435225845182377
2025-07-08 08:00:00,0.03285121899700948
2025-07-08 09:00:00,0.021322720147635935
2025-07-08 10:00:00,0.011050460806439061
2025-07-08 11:00:00,0.02707029382663895
2025-07-08 12:00:00,0.040166312770286046
2025-07-08 13:00:00,0.059610232237551554
2025-07-08 14:00:00,0.04702560282820647
2025-07-08 15:00:00,0.027192582628319865
2025-07-08 16:00:00,0.047448055052195084
2025-07-08 17:00:00,0.02178964102678125
2025-07-08 18:00:00,0.007982123600627007
2025-07-08 19:00:00,0.0
2025-07-08 20:00:00,0.0
2025-07-08 21:00:00,0.0
2025-07-08 22:00:00,0.0
2025-07-08 23:00:00,0.0
2025-07-09 00:00:00,0.0
2025-07-09 01:00:00,0.0
2025-07-09 02:00:00,0.0
2025-07-09 03:00:00,0.0
2025-07-09 04:00:00,0.0
2025-07-09 05:00:00,0.0050583095240742185
2025-07-09 06:00:00,0.05245077875732343
2025-07-09 07:00:00,0.15196051183422085
2025-07-09 08:00:00,0.23774054763148825
2025-07-09 09:00:00,0.3612077686740559
2025-07-09 10:00:00,0.33548265166590696
2025-07-09 11:00:00,0.4024746806594701
2025-07-09 12:00:00,0.28050827672844103
2025-07-09 13:00:00,0.2843103467443386
2025-07-09 14:00:00,0.4344476437171349
2025-07-09 15:00:00,0.37024602283465446
2025-07-09 16:00:00,0.22452223988616024
2025-07-09 17:00:00,0.11754177274293783
2025-07-09 18:00:00,0.027570566197151782
2025-07-09 19:00:00,0.0
2025-07-09 20:00:00,0.0
2025-07-09 21:00:00,0.0
2025-07-09 22:00:00,0.0
2025-07-09 23:00:00,0.0
2025-07-10 00:00:00,0.0
2025-07-10 01:00:00,0.0
2025-07-10 02:00:00,0.0
2025-07-10 03:00:00,0.0
2025-07-10 04:00:00,0.0
2025-07-10 05:00:00,0.0
2025-07-10 06:00:00,0.007681960178319307
2025-07-10 07:00:00,0.00969416682415982
2025-07-10 08:00:00,0.010750297384131361
2025-07-10 09:00:00,0.017854165045413612
2025-07-10 10:00:00,0.04769263265555691
2025-07-10 11:00:00,0.033607186134673325
2025-07-10 12:00:00,0.017854165045413612
2025-07-10 13:00:00,0.02291247456948783
2025-07-10 14:00:00,0.0394548142877789
2025-07-10 15:00:00,0.07862058231703928
2025-07-10 16:00:00,0.04128914631299263
2025-07-10 17:00:00,0.011584084668319419
2025-07-10 18:00:00,0.003579726740114062
2025-07-10 19:00:00,0.0
2025-07-10 20:00:00,0.0
2025-07-10 21:00:00,0.0
2025-07-10 22:00:00,0.0
2025-07-10 23:00:00,0.0
2025-07-11 00:00:00,0.0
2025-07-11 01:00:00,0.0
2025-07-11 02:00:00,0.0
2025-07-11 03:00:00,0.0
2025-07-11 04:00:00,0.0
2025-07-11 05:00:00,0.006548009471823548
2025-07-11 06:00:00,0.06389034029638359
2025-07-11 07:00:00,0.20386654956587474
2025-07-11 08:00:00,0.3869106513546264
2025-07-11 09:00:00,0.5343020088714967
2025-07-11 10:00:00,0.6179141977298752
2025-07-11 11:00:00,0.647219041478138
2025-07-11 12:00:00,0.641593756600816
2025-07-11 13:00:00,0.615346132894576
2025-07-11 14:00:00,0.4697224044201843
2025-07-11 15:00:00,0.35377038609909844
2025-07-11 16:00:00,0.23397182910695824
2025-07-11 17:00:00,0.12003201743171282
2025-07-11 18:00:00,0.028648931084701672
2025-07-11 19:00:00,0.0
2025-07-11 20:00:00,0.0
2025-07-11 21:00:00,0.0
2025-07-11 22:00:00,0.0
2025-07-11 23:00:00,0.0
2025-07-12 00:00:00,0.0
2025-07-12 01:00:00,0.0
2025-07-12 02:00:00,0.0
2025-07-12 03:00:00,0.0
2025-07-12 04:00:00,0.0
2025-07-12 05:00:00,0.004646974463874776
2025-07-12 06:00:00,0.06135562695245189
2025-07-12 07:00:00,0.16744672099254038
2025-07-12 08:00:00,0.3021422774621738
2025-07-12 09:00:00,0.4393280786205823
2025-07-12 10:00:00,0.559093284121355
2025-07-12 11:00:00,0.5424620070927505
2025-07-12 12:00:00,0.5880534957921536
2025-07-12 13:00:00,0.574357150003891
2025-07-12 14:00:00,0.5908994897221821
2025-07-12 15:00:00,0.4303454102789297
2025-07-12 16:00:00,0.24543362497359675
2025-07-12 17:00:00,0.10991539838356439
2025-07-12 18:00:00,0.027881846783248655
2025-07-12 19:00:00,0.0
2025-07-12 20:00:00,0.0
2025-07-12 21:00:00,0.0
2025-07-12 22:00:00,0.0
2025-07-12 23:00:00,0.0
2025-07-13 00:00:00,0.0
2025-07-13 01:00:00,0.0
2025-07-13 02:00:00,0.0
2025-07-13 03:00:00,0.0
2025-07-13 04:00:00,0.0
2025-07-13 05:00:00,0.00484708341207991
2025-07-13 06:00:00,0.04920456693088459
2025-07-13 07:00:00,0.2018765772476126
2025-07-13 08:00:00,0.3970050360751965
2025-07-13 09:00:00,0.5592155729230358
2025-07-13 10:00:00,0.6807150559749197
2025-07-13 11:00:00,0.7506642505364032
2025-07-13 12:00:00,0.7645051194539249
2025-07-13 13:00:00,0.723705128347656
2025-07-13 14:00:00,0.6374137030160866
2025-07-13 15:00:00,0.4941690475925782
2025-07-13 16:00:00,0.3179842358617469
2025-07-13 17:00:00,0.12465675756800924
2025-07-13 18:00:00,0.0239574879656702
2025-07-13 19:00:00,0.0
2025-07-13 20:00:00,0.0
2025-07-13 21:00:00,0.0
2025-07-13 22:00:00,0.0
2025-07-13 23:00:00,0.0
2025-07-14 00:00:00,0.0
2025-07-14 01:00:00,0.0
2025-07-14 02:00:00,0.0
2025-07-14 03:00:00,0.0
2025-07-14 04:00:00,0.0
2025-07-14 05:00:00,0.0044135140243021205
2025-07-14 06:00:00,0.04741470356082756
2025-07-14 07:00:00,0.2046225167035386
2025-07-14 08:00:00,0.39754977710086603
2025-07-14 09:00:00,0.5607719758535202
2025-07-14 10:00:00,0.6724105346244067
2025-07-14 11:00:00,0.7215595157363452
2025-07-14 12:00:00,0.6881857900412447
2025-07-14 13:00:00,0.7016153238985671
2025-07-14 14:00:00,0.6154350702048894
2025-07-14 15:00:00,0.4479661148847706
2025-07-14 16:00:00,0.29492723816299987
2025-07-14 17:00:00,0.11156073862436215
2025-07-14 18:00:00,0.02225656190592656
2025-07-14 19:00:00,0.0
2025-07-14 20:00:00,0.0
2025-07-14 21:00:00,0.0
2025-07-14 22:00:00,0.0
2025-07-14 23:00:00,0.0
2025-07-15 00:00:00,0.0
2025-07-15 01:00:00,0.0
2025-07-15 02:00:00,0.0
2025-07-15 03:00:00,0.0
2025-07-15 04:00:00,0.0
2025-07-15 05:00:00,0.003924358817578459
2025-07-15 06:00:00,0.04737023490567086
2025-07-15 07:00:00,0.18475614501228446
2025-07-15 08:00:00,0.33004635857300085
2025-07-15 09:00:00,0.4778824026414381
2025-07-15 10:00:00,0.6077086413714133
2025-07-15 11:00:00,0.6751008882613867
2025-07-15 12:00:00,0.6737001256239509
2025-07-15 13:00:00,0.5788707185022958
2025-07-15 14:00:00,0.4588387010705829
2025-07-15 15:00:00,0.3829307067181021
2025-07-15 16:00:00,0.25015841958399576
2025-07-15 17:00:00,0.08573556714211071
2025-07-15 18:00:00,0.014463430089715512
2025-07-15 19:00:00,0.0
2025-07-15 20:00:00,0.0
2025-07-15 21:00:00,0.0
2025-07-15 22:00:00,0.0
2025-07-15 23:00:00,0.0
2025-07-16 00:00:00,0.0
2025-07-16 01:00:00,0.0
2025-07-16 02:00:00,0.0
2025-07-16 03:00:00,0.0
2025-07-16 04:00:00,0.0
2025-07-16 05:00:00,0.003246211826438839
2025-07-16 06:00:00,0.04236751120054252
2025-07-16 07:00:00,0.1700592544829963
2025-07-16 08:00:00,0.28409912063234427
2025-07-16 09:00:00,0.417471734611066
2025-07-16 10:00:00,0.48136207490744964
2025-07-16 11:00:00,0.4814287778901847
2025-07-16 12:00:00,0.5455748129537192
2025-07-16 13:00:00,0.4958922079799002
2025-07-16 14:00:00,0.16248846594256872
2025-07-16 15:00:00,0.19149314626852398
2025-07-16 16:00:00,0.08311191648786562
2025-07-16 17:00:00,0.09208346766572911
2025-07-16 18:00:00,0.012362286133561605
2025-07-16 19:00:00,0.0
2025-07-16 20:00:00,0.0
2025-07-16 21:00:00,0.0
2025-07-16 22:00:00,0.0
2025-07-16 23:00:00,0.0
2025-07-17 00:00:00,0.0
2025-07-17 01:00:00,0.0
2025-07-17 02:00:00,0.0
2025-07-17 03:00:00,0.0
2025-07-17 04:00:00,0.0
2025-07-17 05:00:00,0.002212315594045647
2025-07-17 06:00:00,0.038865604606952674
2025-07-17 07:00:00,0.11042678791786639
2025-07-17 08:00:00,0.1854231748396349
2025-07-17 09:00:00,0.23438316416715768
2025-07-17 10:00:00,0.343142377516648
2025-07-17 11:00:00,0.43732698913853096
2025-07-17 12:00:00,0.4176162577403253
2025-07-17 13:00:00,0.3477560004891552
2025-07-17 14:00:00,0.37367010928172006
2025-07-17 15:00:00,0.3903236206379029
2025-07-17 16:00:00,0.27066958677502195
2025-07-17 17:00:00,0.09246145123456104
2025-07-17 18:00:00,0.02472457226712321
2025-07-17 19:00:00,0.0
2025-07-17 20:00:00,0.0
2025-07-17 21:00:00,0.0
2025-07-17 22:00:00,0.0
2025-07-17 23:00:00,0.0
2025-07-18 00:00:00,0.0
2025-07-18 01:00:00,0.0
2025-07-18 02:00:00,0.0
2025-07-18 03:00:00,0.0
2025-07-18 04:00:00,0.0
2025-07-18 05:00:00,0.002423541706039955
2025-07-18 06:00:00,0.0432346499760981
2025-07-18 07:00:00,0.1834220853575836
2025-07-18 08:00:00,0.3214639081277585
2025-07-18 09:00:00,0.43392513701904367
2025-07-18 10:00:00,0.5910884815065981
2025-07-18 11:00:00,0.6113550710942623
2025-07-18 12:00:00,0.6216384475992485
2025-07-18 13:00:00,0.5113450656468521
2025-07-18 14:00:00,0.3654878767328879
2025-07-18 15:00:00,0.3189958977665618
2025-07-18 16:00:00,0.25757356783137486
2025-07-18 17:00:00,0.11375081989082944
2025-07-18 18:00:00,0.021155962690798325
2025-07-18 19:00:00,0.0
2025-07-18 20:00:00,0.0
2025-07-18 21:00:00,0.0
2025-07-18 22:00:00,0.0
2025-07-18 23:00:00,0.0
2025-07-19 00:00:00,0.0
2025-07-19 01:00:00,0.0
2025-07-19 02:00:00,0.0
2025-07-19 03:00:00,0.0
2025-07-19 04:00:00,0.0
2025-07-19 05:00:00,0.0027570566197151784
2025-07-19 06:00:00,0.04669208791453124
2025-07-19 07:00:00,0.1632777845716001
2025-07-19 08:00:00,0.26233171393314136
2025-07-19 09:00:00,0.4142255227846272
2025-07-19 10:00:00,0.4277884626074196
2025-07-19 11:00:00,0.5688875054196174
2025-07-19 12:00:00,0.6585029627241499
2025-07-19 13:00:00,0.530677813476226
2025-07-19 14:00:00,0.49449144534246425
2025-07-19 15:00:00,0.4365710220008671
2025-07-19 16:00:00,0.2564840857800358
2025-07-19 17:00:00,0.10532400973863547
2025-07-19 18:00:00,0.021467243276895198
2025-07-19 19:00:00,0.0
2025-07-19 20:00:00,0.0
2025-07-19 21:00:00,0.0
2025-07-19 22:00:00,0.0
2025-07-19 23:00:00,0.0
2025-07-20 00:00:00,0.0
2025-07-20 01:00:00,0.0
2025-07-20 02:00:00,0.0
2025-07-20 03:00:00,0.0
2025-07-20 04:00:00,0.0
2025-07-20 05:00:00,0.0030794543696012274
2025-07-20 06:00:00,0.050538626585585486
2025-07-20 07:00:00,0.19412791408655825
2025-07-20 08:00:00,0.38260830896821607
2025-07-20 09:00:00,0.5613500683705573
2025-07-20 10:00:00,0.6370023679558872
2025-07-20 11:00:00,0.6794365821391646
2025-07-20 12:00:00,0.691276361574635
2025-07-20 13:00:00,0.6283865660192772
2025-07-20 14:00:00,0.29583884559371215
2025-07-20 15:00:00,0.3359051038898956
2025-07-20 16:00:00,0.28397683183066336
2025-07-20 17:00:00,0.11238340874476103
2025-07-20 18:00:00,0.029871819101510825
2025-07-20 19:00:00,0.0
2025-07-20 20:00:00,0.0
2025-07-20 21:00:00,0.0
2025-07-20 22:00:00,0.0
2025-07-20 23:00:00,0.0
2025-07-21 00:00:00,0.0
2025-07-21 01:00:00,0.0
2025-07-21 02:00:00,0.0
2025-07-21 03:00:00,0.0
2025-07-21 04:00:00,0.0
2025-07-21 05:00:00,0.0017231603873219864
2025-07-21 06:00:00,0.03238429811786417
2025-07-21 07:00:00,0.11438449822681238
2025-07-21 08:00:00,0.24069771319940855
2025-07-21 09:00:00,0.3325032517704083
2025-07-21 10:00:00,0.5303554157263399
2025-07-21 11:00:00,0.5865637958444042
2025-07-21 12:00:00,0.5640626563351158
2025-07-21 13:00:00,0.4531911818656824
2025-07-21 14:00:00,0.2733265889206346
2025-07-21 15:00:00,0.3298017809696391
2025-07-21 16:00:00,0.14865871418883614
2025-07-21 17:00:00,0.06598036708874833
2025-07-21 18:00:00,0.023568387233049104
2025-07-21 19:00:00,0.0
2025-07-21 20:00:00,0.0
2025-07-21 21:00:00,0.0
2025-07-21 22:00:00,0.0
2025-07-21 23:00:00,0.0
2025-07-22 00:00:00,0.0
2025-07-22 01:00:00,0.0
2025-07-22 02:00:00,0.0
2025-07-22 03:00:00,0.0
2025-07-22 04:00:00,0.0
2025-07-22 05:00:00,0.0004113350601994419
2025-07-22 06:00:00,0.023379395448633145
2025-07-22 07:00:00,0.11496259074384943
2025-07-22 08:00:00,0.2953719247145668
2025-07-22 09:00:00,0.43372502807083857
2025-07-22 10:00:00,0.4890662694133473
2025-07-22 11:00:00,0.6325666196040066
2025-07-22 12:00:00,0.626585585485431
2025-07-22 13:00:00,0.4460650798768218
2025-07-22 14:00:00,0.45196829384887327
2025-07-22 15:00:00,0.3961378972996409
2025-07-22 16:00:00,0.26427721759624684
2025-07-22 17:00:00,0.07588576002490245
2025-07-22 18:00:00,0.012640215228290957
2025-07-22 19:00:00,0.0
2025-07-22 20:00:00,0.0
2025-07-22 21:00:00,0.0
2025-07-22 22:00:00,0.0
2025-07-22 23:00:00,0.0
2025-07-23 00:00:00,0.0
2025-07-23 01:00:00,0.0
2025-07-23 02:00:00,0.0
2025-07-23 03:00:00,0.0
2025-07-23 04:00:00,0.0
2025-07-23 05:00:00,0.002267901412991518
2025-07-23 06:00:00,0.03658658603017198
2025-07-23 07:00:00,0.1251903814298896
2025-07-23 08:00:00,0.25050305166146014
2025-07-23 09:00:00,0.35987370901935495
2025-07-23 10:00:00,0.48301853231203656
2025-07-23 11:00:00,0.5133461551289035
2025-07-23 12:00:00,0.5010839234694445
2025-07-23 13:00:00,0.4136585474313793
2025-07-23 14:00:00,0.34598837144667655
2025-07-23 15:00:00,0.2575624506675857
2025-07-23 16:00:00,0.1340841124612289
2025-07-23 17:00:00,0.04491334170826339
2025-07-23 18:00:00,0.011028226478860714
2025-07-23 19:00:00,0.0
2025-07-23 20:00:00,0.0
2025-07-23 21:00:00,0.0
2025-07-23 22:00:00,0.0
2025-07-23 23:00:00,0.0
2025-07-24 00:00:00,0.0
2025-07-24 01:00:00,0.0
2025-07-24 02:00:00,0.0
2025-07-24 03:00:00,0.0
2025-07-24 04:00:00,0.0
2025-07-24 05:00:00,0.00062256117219375
2025-07-24 06:00:00,0.024613400629231473
2025-07-24 07:00:00,0.06009938744427522
2025-07-24 08:00:00,0.1455903769830241
2025-07-24 09:00:00,0.20442240775533346
2025-07-24 10:00:00,0.2785850073929139
2025-07-24 11:00:00,0.4131471578970773
2025-07-24 12:00:00,0.4426632277573346
2025-07-24 13:00:00,0.38395348578670613
2025-07-24 14:00:00,0.4273548932196418
2025-07-24 15:00:00,0.2684128025258196
2025-07-24 16:00:00,0.08729197007259508
2025-07-24 17:00:00,0.05354026080866249
2025-07-24 18:00:00,0.012851441340285267
2025-07-24 19:00:00,0.0
2025-07-24 20:00:00,0.0
2025-07-24 21:00:00,0.0
2025-07-24 22:00:00,0.0
2025-07-24 23:00:00,0.0
2025-07-25 00:00:00,0.0
2025-07-25 01:00:00,0.0
2025-07-25 02:00:00,0.0
2025-07-25 03:00:00,0.0
2025-07-25 04:00:00,0.0
2025-07-25 05:00:00,0.001145067870284933
2025-07-25 06:00:00,0.0348189569876933
2025-07-25 07:00:00,0.14226634501006102
2025-07-25 08:00:00,0.23841869462262788
2025-07-25 09:00:00,0.34022968060388437
2025-07-25 10:00:00,0.4906337895076208
2025-07-25 11:00:00,0.5645740458694177
2025-07-25 12:00:00,0.5432402085579927
2025-07-25 13:00:00,0.5967360007114985
2025-07-25 14:00:00,0.42180742848884395
2025-07-25 15:00:00,0.32700025569476715
2025-07-25 16:00:00,0.24026414381163078
2025-07-25 17:00:00,0.09914286667185468
2025-07-25 18:00:00,0.01559738079621127
2025-07-25 19:00:00,0.0
2025-07-25 20:00:00,0.0
2025-07-25 21:00:00,0.0
2025-07-25 22:00:00,0.0
2025-07-25 23:00:00,0.0
2025-07-26 00:00:00,0.0
2025-07-26 01:00:00,0.0
2025-07-26 02:00:00,0.0
2025-07-26 03:00:00,0.0
2025-07-26 04:00:00,0.0
2025-07-26 05:00:00,0.0002890462585185268
2025-07-26 06:00:00,0.025702882680570534
2025-07-26 07:00:00,0.09467376682860669
2025-07-26 08:00:00,0.22014207735322566
2025-07-26 09:00:00,0.3238207468510633
2025-07-26 10:00:00,0.5318006470189326
2025-07-26 11:00:00,0.5786928438816689
2025-07-26 12:00:00,0.5244522017542884
2025-07-26 13:00:00,0.5622839101288479
2025-07-26 14:00:00,0.40841124612288915
2025-07-26 15:00:00,0.3522251003324032
2025-07-26 16:00:00,0.2257451279029694
2025-07-26 17:00:00,0.08470167090971752
2025-07-26 18:00:00,0.013340596547008927
2025-07-26 19:00:00,0.0
2025-07-26 20:00:00,0.0
2025-07-26 21:00:00,0.0
2025-07-26 22:00:00,0.0
2025-07-26 23:00:00,0.0
2025-07-27 00:00:00,0.0
2025-07-27 01:00:00,0.0
2025-07-27 02:00:00,0.0
2025-07-27 03:00:00,0.0
2025-07-27 04:00:00,0.0
2025-07-27 05:00:00,0.00062256117219375
2025-07-27 06:00:00,0.03987726651176752
2025-07-27 07:00:00,0.13899789885604386
2025-07-27 08:00:00,0.23539482607197254
2025-07-27 09:00:00,0.31617213816411155
2025-07-27 10:00:00,0.2903914353370168
2025-07-27 11:00:00,0.4296783804515792
2025-07-27 12:00:00,0.5279541083478783
2025-07-27 13:00:00,0.40162977621149293
2025-07-27 14:00:00,0.30977976898533643
2025-07-27 15:00:00,0.31269246589810007
2025-07-27 16:00:00,0.19339418127647276
2025-07-27 17:00:00,0.07230603328478839
2025-07-27 18:00:00,0.011950951073362163
2025-07-27 19:00:00,0.0
2025-07-27 20:00:00,0.0
2025-07-27 21:00:00,0.0
2025-07-27 22:00:00,0.0
2025-07-27 23:00:00,0.0
2025-07-28 00:00:00,0.0
2025-07-28 01:00:00,0.0
2025-07-28 02:00:00,0.0
2025-07-28 03:00:00,0.0
2025-07-28 04:00:00,0.0
2025-07-28 05:00:00,0.0
2025-07-28 06:00:00,0.008549098953874889
2025-07-28 07:00:00,0.04810396771575636
2025-07-28 08:00:00,0.09063823637313649
2025-07-28 09:00:00,0.16082089137419261
2025-07-28 10:00:00,0.2519705172816311
2025-07-28 11:00:00,0.32821202654778714
2025-07-28 12:00:00,0.4142477571122055
2025-07-28 13:00:00,0.5005391824437749
2025-07-28 14:00:00,0.5713777501083924
2025-07-28 15:00:00,0.34060766417271626
2025-07-28 16:00:00,0.23730697824371047
2025-07-28 17:00:00,0.1050571978076953
2025-07-28 18:00:00,0.017098197907749777
2025-07-28 19:00:00,0.0
2025-07-28 20:00:00,0.0
2025-07-28 21:00:00,0.0
2025-07-28 22:00:00,0.0
2025-07-28 23:00:00,0.0
2025-07-29 00:00:00,0.0
2025-07-29 01:00:00,0.0
2025-07-29 02:00:00,0.0
2025-07-29 03:00:00,0.0
2025-07-29 04:00:00,0.0
2025-07-29 05:00:00,0.0014896999477493303
2025-07-29 06:00:00,0.04852641993974497
2025-07-29 07:00:00,0.1721159297839935
2025-07-29 08:00:00,0.3383731142510923
2025-07-29 09:00:00,0.4728018587897856
2025-07-29 10:00:00,0.5324232081911263
2025-07-29 11:00:00,0.6015719669597892
2025-07-29 12:00:00,0.6639948416360019
2025-07-29 13:00:00,0.6753232315371703
2025-07-29 14:00:00,0.6032395415281654
2025-07-29 15:00:00,0.47235717223821855
2025-07-29 16:00:00,0.27252615312781403
2025-07-29 17:00:00,0.11668575113117141
2025-07-29 18:00:00,0.017665173260997657
2025-07-29 19:00:00,0.0
2025-07-29 20:00:00,0.0
2025-07-29 21:00:00,0.0
2025-07-29 22:00:00,0.0
2025-07-29 23:00:00,0.0
2025-07-30 00:00:00,0.0
2025-07-30 01:00:00,0.0
2025-07-30 02:00:00,0.0
2025-07-30 03:00:00,0.0
2025-07-30 04:00:00,0.0
2025-07-30 05:00:00,0.0
2025-07-30 06:00:00,0.01093928916854732
2025-07-30 07:00:00,0.01797645384709453
2025-07-30 08:00:00,0.014007626374359374
2025-07-30 09:00:00,0.037509310624673435
2025-07-30 10:00:00,0.06059965981478805
2025-07-30 11:00:00,0.2488910629120299
2025-07-30 12:00:00,0.3549710397883292
2025-07-30 13:00:00,0.3926026392146835
2025-07-30 14:00:00,0.42314148814354485
2025-07-30 15:00:00,0.3827194806061078
2025-07-30 16:00:00,0.19638469833576058
2025-07-30 17:00:00,0.09511845338017365
2025-07-30 18:00:00,0.019343864993162943
2025-07-30 19:00:00,0.0
2025-07-30 20:00:00,0.0
2025-07-30 21:00:00,0.0
2025-07-30 22:00:00,0.0
2025-07-30 23:00:00,0.0
2025-07-31 00:00:00,0.0
2025-07-31 01:00:00,0.0
2025-07-31 02:00:00,0.0
2025-07-31 03:00:00,0.0
2025-07-31 04:00:00,0.0
2025-07-31 05:00:00,0.0
2025-07-31 06:00:00,0.016820268813020425
2025-07-31 07:00:00,0.0717390579315405
2025-07-31 08:00:00,0.0865582372625096
2025-07-31 09:00:00,0.1734499894386944
2025-07-31 10:00:00,0.15466198263499017
2025-07-31 11:00:00,0.3305355137797245
2025-07-31 12:00:00,0.4290002334604396
2025-07-31 13:00:00,0.2661893697679848
2025-07-31 14:00:00,0.13688563773610077
2025-07-31 15:00:00,0.14831408211137173
2025-07-31 16:00:00,0.08584673878000244
2025-07-31 17:00:00,0.031361519049260156
2025-07-31 18:00:00,0.0024457760336183037
2025-07-31 19:00:00,0.0
2025-07-31 20:00:00,0.0
2025-07-31 21:00:00,0.0
2025-07-31 22:00:00,0.0
2025-07-31 23:00:00,0.0
2025-08-01 00:00:00,0.0
2025-08-01 01:00:00,0.0
2025-08-01 02:00:00,0.0
2025-08-01 03:00:00,0.0
2025-08-01 04:00:00,0.0
2025-08-01 05:00:00,0.0006781469911396205
2025-08-01 06:00:00,0.03298462496247957
2025-08-01 07:00:00,0.16789140754410736
2025-08-01 08:00:00,0.3262998743760492
2025-08-01 09:00:00,0.47151226779024136
2025-08-01 10:00:00,0.6301319607341774
2025-08-01 11:00:00,0.6927549443585952
2025-08-01 12:00:00,0.7164345032295362
2025-08-01 13:00:00,0.6451178975219841
2025-08-01 14:00:00,0.4961479027470512
2025-08-01 15:00:00,0.38941201320719054
2025-08-01 16:00:00,0.24962479572211538
2025-08-01 17:00:00,0.09559649142310814
2025-08-01 18:00:00,0.015063756934330914
2025-08-01 19:00:00,0.0
2025-08-01 20:00:00,0.0
2025-08-01 21:00:00,0.0
2025-08-01 22:00:00,0.0
2025-08-01 23:00:00,0.0
2025-08-02 00:00:00,0.0
2025-08-02 01:00:00,0.0
2025-08-02 02:00:00,0.0
2025-08-02 03:00:00,0.0
2025-08-02 04:00:00,0.0
2025-08-02 05:00:00,0.0
2025-08-02 06:00:00,0.011283921246011719
2025-08-02 07:00:00,0.02374626185367589
2025-08-02 08:00:00,0.08411246122889128
2025-08-02 09:00:00,0.05000500272370512
2025-08-02 10:00:00,0.042111816433391513
2025-08-02 11:00:00,0.07807584129136975
2025-08-02 12:00:00,0.04891552067236607
2025-08-02 13:00:00,0.05295105112783627
2025-08-02 14:00:00,0.13724138697735433
2025-08-02 15:00:00,0.10462362841991751
2025-08-02 16:00:00,0.058498515858634144
2025-08-02 17:00:00,0.02510255583595513
2025-08-02 18:00:00,0.004480217007037165
2025-08-02 19:00:00,0.0
2025-08-02 20:00:00,0.0
2025-08-02 21:00:00,0.0
2025-08-02 22:00:00,0.0
2025-08-02 23:00:00,0.0
2025-08-03 00:00:00,0.0
2025-08-03 01:00:00,0.0
2025-08-03 02:00:00,0.0
2025-08-03 03:00:00,0.0
2025-08-03 04:00:00,0.0
2025-08-03 05:00:00,0.0
2025-08-03 06:00:00,0.002556947671510044
2025-08-03 07:00:00,0.00852686462629654
2025-08-03 08:00:00,0.04592500361307823
2025-08-03 09:00:00,0.040633233649431354
2025-08-03 10:00:00,0.05745350246245178
2025-08-03 11:00:00,0.0863358939867261
2025-08-03 12:00:00,0.18922524485553247
2025-08-03 13:00:00,0.21969739080165868
2025-08-03 14:00:00,0.44087336438727753
2025-08-03 15:00:00,0.3200186768351658
2025-08-03 16:00:00,0.20186546008382344
2025-08-03 17:00:00,0.08116641282476016
2025-08-03 18:00:00,0.014363375615612945
2025-08-03 19:00:00,0.0
2025-08-03 20:00:00,0.0
2025-08-03 21:00:00,0.0
2025-08-03 22:00:00,0.0
2025-08-03 23:00:00,0.0
2025-08-04 00:00:00,0.0
2025-08-04 01:00:00,0.0
2025-08-04 02:00:00,0.0
2025-08-04 03:00:00,0.0
2025-08-04 04:00:00,0.0
2025-08-04 05:00:00,0.00047803804293448655
2025-08-04 06:00:00,0.0419895276317106
2025-08-04 07:00:00,0.1394870540627675
2025-08-04 08:00:00,0.2667229936298651
2025-08-04 09:00:00,0.3868995341908372
2025-08-04 10:00:00,0.43374726239841693
2025-08-04 11:00:00,0.46198485842291914
2025-08-04 12:00:00,0.4362375070871919
2025-08-04 13:00:00,0.42676568353881555
2025-08-04 14:00:00,0.25792931707262845
2025-08-04 15:00:00,0.25308223366054855
2025-08-04 16:00:00,0.14350035019065938
2025-08-04 17:00:00,0.08798123422752388
2025-08-04 18:00:00,0.012595746573134262
2025-08-04 19:00:00,0.0
2025-08-04 20:00:00,0.0
2025-08-04 21:00:00,0.0
2025-08-04 22:00:00,0.0
2025-08-04 23:00:00,0.0
2025-08-05 00:00:00,0.0
2025-08-05 01:00:00,0.0
2025-08-05 02:00:00,0.0
2025-08-05 03:00:00,0.0
2025-08-05 04:00:00,0.0
2025-08-05 05:00:00,0.0
2025-08-05 06:00:00,0.007926537781681137
2025-08-05 07:00:00,0.03567497859945971
2025-08-05 08:00:00,0.07650832119709619
2025-08-05 09:00:00,0.09146090649353536
2025-08-05 10:00:00,0.07257284521572857
2025-08-05 11:00:00,0.10718057609142755
2025-08-05 12:00:00,0.18127647274627298
2025-08-05 13:00:00,0.15890873920245466
2025-08-05 14:00:00,0.24864648530866806
2025-08-05 15:00:00,0.25775144245200166
2025-08-05 16:00:00,0.13821969739080167
2025-08-05 17:00:00,0.07088303631977409
2025-08-05 18:00:00,0.013718580115840847
2025-08-05 19:00:00,0.0
2025-08-05 20:00:00,0.0
2025-08-05 21:00:00,0.0
2025-08-05 22:00:00,0.0
2025-08-05 23:00:00,0.0
2025-08-06 00:00:00,0.0
2025-08-06 01:00:00,0.0
2025-08-06 02:00:00,0.0
2025-08-06 03:00:00,0.0
2025-08-06 04:00:00,0.0
2025-08-06 05:00:00,0.0
2025-08-06 06:00:00,0.022545608164445088
2025-08-06 07:00:00,0.09626352125045859
2025-08-06 08:00:00,0.21850785427621708
2025-08-06 09:00:00,0.4279774543918356
2025-08-06 10:00:00,0.4953919356093874
2025-08-06 11:00:00,0.5873086458182788
2025-08-06 12:00:00,0.6305321786305877
2025-08-06 13:00:00,0.6367355560249469
2025-08-06 14:00:00,0.4694333581616658
2025-08-06 15:00:00,0.21603984391502043
2025-08-06 16:00:00,0.19724071994752698
2025-08-06 17:00:00,0.10654689775544464
2025-08-06 18:00:00,0.013496236840057366
2025-08-06 19:00:00,0.0
2025-08-06 20:00:00,0.0
2025-08-06 21:00:00,0.0
2025-08-06 22:00:00,0.0
2025-08-06 23:00:00,0.0
2025-08-07 00:00:00,0.0
2025-08-07 01:00:00,0.0
2025-08-07 02:00:00,0.0
2025-08-07 03:00:00,0.0
2025-08-07 04:00:00,0.0
2025-08-07 05:00:00,0.0
2025-08-07 06:00:00,0.013707462952051672
2025-08-07 07:00:00,0.006047737101310714
2025-08-07 08:00:00,0.014885882313704128
2025-08-07 09:00:00,0.04303454102789297
2025-08-07 10:00:00,0.03858767551222332
2025-08-07 11:00:00,0.07596358017142667
2025-08-07 12:00:00,0.08161109937632711
2025-08-07 13:00:00,0.08257829262598526
2025-08-07 14:00:00,0.25144801058353994
2025-08-07 15:00:00,0.16751342397527544
2025-08-07 16:00:00,0.14443419194894996
2025-08-07 17:00:00,0.08443485897877734
2025-08-07 18:00:00,0.012095474202621428
2025-08-07 19:00:00,0.0
2025-08-07 20:00:00,0.0
2025-08-07 21:00:00,0.0
2025-08-07 22:00:00,0.0
2025-08-07 23:00:00,0.0
2025-08-08 00:00:00,0.0
2025-08-08 01:00:00,0.0
2025-08-08 02:00:00,0.0
2025-08-08 03:00:00,0.0
2025-08-08 04:00:00,0.0
2025-08-08 05:00:00,0.0
2025-08-08 06:00:00,0.001133950706495759
2025-08-08 07:00:00,0.006870407221709597
2025-08-08 08:00:00,0.021545063423419417
2025-08-08 09:00:00,0.0410001000544741
2025-08-08 10:00:00,0.11606318995897767
2025-08-08 11:00:00,0.2962835321452791
2025-08-08 12:00:00,0.4469433358161666
2025-08-08 13:00:00,0.621860790875032
2025-08-08 14:00:00,0.5970695156251737
2025-08-08 15:00:00,0.4694333581616658
2025-08-08 16:00:00,0.2832764505119454
2025-08-08 17:00:00,0.09608564662983181
2025-08-08 18:00:00,0.012117708530199776
2025-08-08 19:00:00,0.0
2025-08-08 20:00:00,0.0
2025-08-08 21:00:00,0.0
2025-08-08 22:00:00,0.0
2025-08-08 23:00:00,0.0
2025-08-09 00:00:00,0.0
2025-08-09 01:00:00,0.0
2025-08-09 02:00:00,0.0
2025-08-09 03:00:00,0.0
2025-08-09 04:00:00,0.0
2025-08-09 05:00:00,0.0
2025-08-09 06:00:00,0.04077775677869062
2025-08-09 07:00:00,0.18266611821991974
2025-08-09 08:00:00,0.37738324198730416
2025-08-09 09:00:00,0.5015286100210115
2025-08-09 10:00:00,0.6637947326877968
2025-08-09 11:00:00,0.7315871974741804
2025-08-09 12:00:00,0.7470622894687108
2025-08-09 13:00:00,0.6930884592722705
2025-08-09 14:00:00,0.513635201387422
2025-08-09 15:00:00,0.3394737134662205
2025-08-09 16:00:00,0.2025213727473847
2025-08-09 17:00:00,0.0717390579315405
2025-08-09 18:00:00,0.013529588331424886
2025-08-09 19:00:00,0.0
2025-08-09 20:00:00,0.0
2025-08-09 21:00:00,0.0
2025-08-09 22:00:00,0.0
2025-08-09 23:00:00,0.0
2025-08-10 00:00:00,0.0
2025-08-10 01:00:00,0.0
2025-08-10 02:00:00,0.0
2025-08-10 03:00:00,0.0
2025-08-10 04:00:00,0.0
2025-08-10 05:00:00,0.0
2025-08-10 06:00:00,0.018843592622650108
2025-08-10 07:00:00,0.08212248891062912
2025-08-10 08:00:00,0.14771375526675634
2025-08-10 09:00:00,0.17634045202387968
2025-08-10 10:00:00,0.28368778557214486
2025-08-10 11:00:00,0.45325788484841745
2025-08-10 12:00:00,0.5369812453446876
2025-08-10 13:00:00,0.5388600460250581
2025-08-10 14:00:00,0.31265911440673255
2025-08-10 15:00:00,0.32605529677268735
2025-08-10 16:00:00,0.0584318128758991
2025-08-10 17:00:00,0.01627552778735089
2025-08-10 18:00:00,0.006548009471823548
2025-08-10 19:00:00,0.0
2025-08-10 20:00:00,0.0
2025-08-10 21:00:00,0.0
2025-08-10 22:00:00,0.0
2025-08-10 23:00:00,0.0
2025-08-11 00:00:00,0.0
2025-08-11 01:00:00,0.0
2025-08-11 02:00:00,0.0
2025-08-11 03:00:00,0.0
2025-08-11 04:00:00,0.0
2025-08-11 05:00:00,0.0
2025-08-11 06:00:00,0.03599737634934576
2025-08-11 07:00:00,0.18619025914108792
2025-08-11 08:00:00,0.38194127914086556
2025-08-11 09:00:00,0.5500216784693889
2025-08-11 10:00:00,0.6710653578059166
2025-08-11 11:00:00,0.7393025091438672
2025-08-11 12:00:00,0.743249102289024
2025-08-11 13:00:00,0.6636168580671699
2025-08-11 14:00:00,0.5901657569120966
2025-08-11 15:00:00,0.4757145557025492
2025-08-11 16:00:00,0.29414903669775766
2025-08-11 17:00:00,0.10536847839379218
2025-08-11 18:00:00,0.010383430979088615
2025-08-11 19:00:00,0.0
2025-08-11 20:00:00,0.0
2025-08-11 21:00:00,0.0
2025-08-11 22:00:00,0.0
2025-08-11 23:00:00,0.0
2025-08-12 00:00:00,0.0
2025-08-12 01:00:00,0.0
2025-08-12 02:00:00,0.0
2025-08-12 03:00:00,0.0
2025-08-12 04:00:00,0.0
2025-08-12 05:00:00,0.0
2025-08-12 06:00:00,0.0335293659881491
2025-08-12 07:00:00,0.18737979566652957
2025-08-12 08:00:00,0.38256384031305934
2025-08-12 09:00:00,0.5490878367110983
2025-08-12 10:00:00,0.669686829496059
2025-08-12 11:00:00,0.7170570644017299
2025-08-12 12:00:00,0.7037387021822993
2025-08-12 13:00:00,0.7110093273004191
2025-08-12 14:00:00,0.5957688074618404
2025-08-12 15:00:00,0.4626407710864804
2025-08-12 16:00:00,0.2854554146146235
2025-08-12 17:00:00,0.1004213405076097
2025-08-12 18:00:00,0.009182777289857811
2025-08-12 19:00:00,0.0
2025-08-12 20:00:00,0.0
2025-08-12 21:00:00,0.0
2025-08-12 22:00:00,0.0
2025-08-12 23:00:00,0.0
2025-08-13 00:00:00,0.0
2025-08-13 01:00:00,0.0
2025-08-13 02:00:00,0.0
2025-08-13 03:00:00,0.0
2025-08-13 04:00:00,0.0
2025-08-13 05:00:00,0.0
2025-08-13 06:00:00,0.03320696823826306
2025-08-13 07:00:00,0.19061489032917922
2025-08-13 08:00:00,0.38090738290847237
2025-08-13 09:00:00,0.4872430545519227
2025-08-13 10:00:00,0.5806939333637203
2025-08-13 11:00:00,0.5245077875732344
2025-08-13 12:00:00,0.41449233471556735
2025-08-13 13:00:00,0.3447877177574457
2025-08-13 14:00:00,0.2630543295794377
2025-08-13 15:00:00,0.1513824193171838
2025-08-13 16:00:00,0.07617480628342096
2025-08-13 17:00:00,0.0432791186312548
2025-08-13 18:00:00,0.006881524385498772
2025-08-13 19:00:00,0.0
2025-08-13 20:00:00,0.0
2025-08-13 21:00:00,0.0
2025-08-13 22:00:00,0.0
2025-08-13 23:00:00,0.0
2025-08-14 00:00:00,0.0
2025-08-14 01:00:00,0.0
2025-08-14 02:00:00,0.0
2025-08-14 03:00:00,0.0
2025-08-14 04:00:00,0.0
2025-08-14 05:00:00,0.0
2025-08-14 06:00:00,0.03709797556447399
2025-08-14 07:00:00,0.1452457449055597
2025-08-14 08:00:00,0.2603973274338251
2025-08-14 09:00:00,0.29133639425909663
2025-08-14 10:00:00,0.3513579615568476
2025-08-14 11:00:00,0.3184400395771031
2025-08-14 12:00:00,0.3194961701370746
2025-08-14 13:00:00,0.38229702838211915
2025-08-14 14:00:00,0.33246990027904083
2025-08-14 15:00:00,0.3170503941034563
2025-08-14 16:00:00,0.21919711843114584
2025-08-14 17:00:00,0.07923202632544385
2025-08-14 18:00:00,0.008927082522706806
2025-08-14 19:00:00,0.0
2025-08-14 20:00:00,0.0
2025-08-14 21:00:00,0.0
2025-08-14 22:00:00,0.0
2025-08-14 23:00:00,0.0
2025-08-15 00:00:00,0.0
2025-08-15 01:00:00,0.0
2025-08-15 02:00:00,0.0
2025-08-15 03:00:00,0.0
2025-08-15 04:00:00,0.0
2025-08-15 05:00:00,0.0
2025-08-15 06:00:00,0.0333626085313115
2025-08-15 07:00:00,0.18390012340051803
2025-08-15 08:00:00,0.37779457704750363
2025-08-15 09:00:00,0.5429845137908417
2025-08-15 10:00:00,0.6656957676957455
2025-08-15 11:00:00,0.6854287334215294
2025-08-15 12:00:00,0.6477748996675967
2025-08-15 13:00:00,0.5946459739191338
2025-08-15 14:00:00,0.47764894220186543
2025-08-15 15:00:00,0.387199697613145
2025-08-15 16:00:00,0.24524463318918077
2025-08-15 17:00:00,0.09094951695923337
2025-08-15 18:00:00,0.01069471156518549
2025-08-15 19:00:00,0.0
2025-08-15 20:00:00,0.0
2025-08-15 21:00:00,0.0
2025-08-15 22:00:00,0.0
2025-08-15 23:00:00,0.0
2025-08-16 00:00:00,0.0
2025-08-16 01:00:00,0.0
2025-08-16 02:00:00,0.0
2025-08-16 03:00:00,0.0
2025-08-16 04:00:00,0.0
2025-08-16 05:00:00,0.0
2025-08-16 06:00:00,0.03629753977165345
2025-08-16 07:00:00,0.18203243988393683
2025-08-16 08:00:00,0.3769163211081589
2025-08-16 09:00:00,0.5430400996097876
2025-08-16 10:00:00,0.6540672143722693
2025-08-16 11:00:00,0.7010817000366867
2025-08-16 12:00:00,0.7292748274060322
2025-08-16 13:00:00,0.6418383342041779
2025-08-16 14:00:00,0.6027948549765985
2025-08-16 15:00:00,0.43910573534479885
2025-08-16 16:00:00,0.24526686751675914
2025-08-16 17:00:00,0.08420139853920468
2025-08-16 18:00:00,0.007292859445698213
2025-08-16 19:00:00,0.0
2025-08-16 20:00:00,0.0
2025-08-16 21:00:00,0.0
2025-08-16 22:00:00,0.0
2025-08-16 23:00:00,0.0
2025-08-17 00:00:00,0.0
2025-08-17 01:00:00,0.0
2025-08-17 02:00:00,0.0
2025-08-17 03:00:00,0.0
2025-08-17 04:00:00,0.0
2025-08-17 05:00:00,0.0
2025-08-17 06:00:00,0.020777979121966404
2025-08-17 07:00:00,0.09938744427521651
2025-08-17 08:00:00,0.20918055385709997
2025-08-17 09:00:00,0.37623817411701926
2025-08-17 10:00:00,0.4782937377016376
2025-08-17 11:00:00,0.5285989038476504
2025-08-17 12:00:00,0.546453068893064
2025-08-17 13:00:00,0.4721014774710676
2025-08-17 14:00:00,0.3762492912808084
2025-08-17 15:00:00,0.2663338928972441
2025-08-17 16:00:00,0.12683572167068738
2025-08-17 17:00:00,0.03676446065079877
2025-08-17 18:00:00,0.001978855154472991
2025-08-17 19:00:00,0.0
2025-08-17 20:00:00,0.0
2025-08-17 21:00:00,0.0
2025-08-17 22:00:00,0.0
2025-08-17 23:00:00,0.0
2025-08-18 00:00:00,0.0
2025-08-18 01:00:00,0.0
2025-08-18 02:00:00,0.0
2025-08-18 03:00:00,0.0
2025-08-18 04:00:00,0.0
2025-08-18 05:00:00,0.0
2025-08-18 06:00:00,0.0
2025-08-18 07:00:00,0.001356293982279241
2025-08-18 08:00:00,0.003857655834843415
2025-08-18 09:00:00,0.026870184878433817
2025-08-18 10:00:00,0.08452379628909074
2025-08-18 11:00:00,0.15913108247823815
2025-08-18 12:00:00,0.17755222287689965
2025-08-18 13:00:00,0.26126446620938065
2025-08-18 14:00:00,0.2444108459049927
2025-08-18 15:00:00,0.15685206390145748
2025-08-18 16:00:00,0.10361196651510267
2025-08-18 17:00:00,0.04824849084501562
2025-08-18 18:00:00,0.003902124490000111
2025-08-18 19:00:00,0.0
2025-08-18 20:00:00,0.0
2025-08-18 21:00:00,0.0
2025-08-18 22:00:00,0.0
2025-08-18 23:00:00,0.0
2025-08-19 00:00:00,0.0
2025-08-19 01:00:00,0.0
2025-08-19 02:00:00,0.0
2025-08-19 03:00:00,0.0
2025-08-19 04:00:00,0.0
2025-08-19 05:00:00,0.0
2025-08-19 06:00:00,0.006648063945926116
2025-08-19 07:00:00,0.031239230247579238
2025-08-19 08:00:00,0.08864826405487432
2025-08-19 09:00:00,0.12735822836877855
2025-08-19 10:00:00,0.11079365432290914
2025-08-19 11:00:00,0.1280697268512857
2025-08-19 12:00:00,0.11490700492490356
2025-08-19 13:00:00,0.21083701126168694
2025-08-19 14:00:00,0.1715600715945348
2025-08-19 15:00:00,0.18761325610610222
2025-08-19 16:00:00,0.12496803815410612
2025-08-19 17:00:00,0.08878167002034441
2025-08-19 18:00:00,0.007515202721481695
2025-08-19 19:00:00,0.0
2025-08-19 20:00:00,0.0
2025-08-19 21:00:00,0.0
2025-08-19 22:00:00,0.0
2025-08-19 23:00:00,0.0
2025-08-20 00:00:00,0.0
2025-08-20 01:00:00,0.0
2025-08-20 02:00:00,0.0
2025-08-20 03:00:00,0.0
2025-08-20 04:00:00,0.0
2025-08-20 05:00:00,0.0
2025-08-20 06:00:00,0.04449088948427478
2025-08-20 07:00:00,0.20170981979077499
2025-08-20 08:00:00,0.37667174350479704
2025-08-20 09:00:00,0.5558026036397594
2025-08-20 10:00:00,0.6351013329479382
2025-08-20 11:00:00,0.6340674367155451
2025-08-20 12:00:00,0.42703249546975575
2025-08-20 13:00:00,0.26621160409556316
2025-08-20 14:00:00,0.3119031472690687
2025-08-20 15:00:00,0.22695689875598937
2025-08-20 16:00:00,0.11070471701259575
2025-08-20 17:00:00,0.059776989694389174
2025-08-20 18:00:00,0.0038131871796867186
2025-08-20 19:00:00,0.0
2025-08-20 20:00:00,0.0
2025-08-20 21:00:00,0.0
2025-08-20 22:00:00,0.0
2025-08-20 23:00:00,0.0
2025-08-21 00:00:00,0.0
2025-08-21 01:00:00,0.0
2025-08-21 02:00:00,0.0
2025-08-21 03:00:00,0.0
2025-08-21 04:00:00,0.0
2025-08-21 05:00:00,0.0
2025-08-21 06:00:00,0.006347900523618414
2025-08-21 07:00:00,0.03656435170259364
2025-08-21 08:00:00,0.08824804615846404
2025-08-21 09:00:00,0.10474591722159843
2025-08-21 10:00:00,0.16506764794165713
2025-08-21 11:00:00,0.3291792197974453
2025-08-21 12:00:00,0.39084612733599405
2025-08-21 13:00:00,0.41746061744727686
2025-08-21 14:00:00,0.1047125657302309
2025-08-21 15:00:00,0.06431279252037221
2025-08-21 16:00:00,0.03349601449678158
2025-08-21 17:00:00,0.0077041945058976555
2025-08-21 18:00:00,0.0
2025-08-21 19:00:00,0.0
2025-08-21 20:00:00,0.0
2025-08-21 21:00:00,0.0
2025-08-21 22:00:00,0.0
2025-08-21 23:00:00,0.0
2025-08-22 00:00:00,0.0
2025-08-22 01:00:00,0.0
2025-08-22 02:00:00,0.0
2025-08-22 03:00:00,0.0
2025-08-22 04:00:00,0.0
2025-08-22 05:00:00,0.0
2025-08-22 06:00:00,0.0
2025-08-22 07:00:00,0.012695801047236829
2025-08-22 08:00:00,0.032017431712821426
2025-08-22 09:00:00,0.06775911329501617
2025-08-22 10:00:00,0.07511867572344942
2025-08-22 11:00:00,0.07754221742948939
2025-08-22 12:00:00,0.1598425809607453
2025-08-22 13:00:00,0.11873130926837945
2025-08-22 14:00:00,0.04544696557014375
2025-08-22 15:00:00,0.058342875565585706
2025-08-22 16:00:00,0.031472690687151895
2025-08-22 17:00:00,0.010494602616980356
2025-08-22 18:00:00,0.0
2025-08-22 19:00:00,0.0
2025-08-22 20:00:00,0.0
2025-08-22 21:00:00,0.0
2025-08-22 22:00:00,0.0
2025-08-22 23:00:00,0.0
2025-08-23 00:00:00,0.0
2025-08-23 01:00:00,0.0
2025-08-23 02:00:00,0.0
2025-08-23 03:00:00,0.0
2025-08-23 04:00:00,0.0
2025-08-23 05:00:00,0.0
2025-08-23 06:00:00,0.0025680648352992184
2025-08-23 07:00:00,0.015419506175584484
2025-08-23 08:00:00,0.022590076819601783
2025-08-23 09:00:00,0.04403508576891863
2025-08-23 10:00:00,0.03183955709219464
2025-08-23 11:00:00,0.07699747640381986
2025-08-23 12:00:00,0.09367322208758103
2025-08-23 13:00:00,0.0475258751987193
2025-08-23 14:00:00,0.037009038254160596
2025-08-23 15:00:00,0.022645662638547656
2025-08-23 16:00:00,0.018910295605385156
2025-08-23 17:00:00,0.004969372213760825
2025-08-23 18:00:00,0.0
2025-08-23 19:00:00,0.0
2025-08-23 20:00:00,0.0
2025-08-23 21:00:00,0.0
2025-08-23 22:00:00,0.0
2025-08-23 23:00:00,0.0
2025-08-24 00:00:00,0.0
2025-08-24 01:00:00,0.0
2025-08-24 02:00:00,0.0
2025-08-24 03:00:00,0.0
2025-08-24 04:00:00,0.0
2025-08-24 05:00:00,0.0
2025-08-24 06:00:00,0.0023123700681482143
2025-08-24 07:00:00,0.03719803003857656
2025-08-24 08:00:00,0.17831930717835268
2025-08-24 09:00:00,0.36698869384442645
2025-08-24 10:00:00,0.4128358773109804
2025-08-24 11:00:00,0.5205278429367101
2025-08-24 12:00:00,0.3979611121610655
2025-08-24 13:00:00,0.3486120221009216
2025-08-24 14:00:00,0.5011950951073362
2025-08-24 15:00:00,0.33335927338217475
2025-08-24 16:00:00,0.20446687641049013
2025-08-24 17:00:00,0.07713088236928994
2025-08-24 18:00:00,0.0028904625851852678
2025-08-24 19:00:00,0.0
2025-08-24 20:00:00,0.0
2025-08-24 21:00:00,0.0
2025-08-24 22:00:00,0.0
2025-08-24 23:00:00,0.0
2025-08-25 00:00:00,0.0
2025-08-25 01:00:00,0.0
2025-08-25 02:00:00,0.0
2025-08-25 03:00:00,0.0
2025-08-25 04:00:00,0.0
2025-08-25 05:00:00,0.0
2025-08-25 06:00:00,0.03268446154017187
2025-08-25 07:00:00,0.1916154350702049
2025-08-25 08:00:00,0.4095896654845416
2025-08-25 09:00:00,0.5868528421029227
2025-08-25 10:00:00,0.7014708007693078
2025-08-25 11:00:00,0.7864170492823871
2025-08-25 12:00:00,0.8140209669709064
2025-08-25 13:00:00,0.7688296961679137
2025-08-25 14:00:00,0.6739335860635235
2025-08-25 15:00:00,0.512801414103234
2025-08-25 16:00:00,0.31189203010527955
2025-08-25 17:00:00,0.09819790774977488
2025-08-25 18:00:00,0.0050583095240742185
2025-08-25 19:00:00,0.0
2025-08-25 20:00:00,0.0
2025-08-25 21:00:00,0.0
2025-08-25 22:00:00,0.0
2025-08-25 23:00:00,0.0
2025-08-26 00:00:00,0.0
2025-08-26 01:00:00,0.0
2025-08-26 02:00:00,0.0
2025-08-26 03:00:00,0.0
2025-08-26 04:00:00,0.0
2025-08-26 05:00:00,0.0
2025-08-26 06:00:00,0.03290680481595536
2025-08-26 07:00:00,0.20563417860835342
2025-08-26 08:00:00,0.4169047592578181
2025-08-26 09:00:00,0.5951240119620683
2025-08-26 10:00:00,0.7055063312247779
2025-08-26 11:00:00,0.6766017053729253
2025-08-26 12:00:00,0.5605162810863692
2025-08-26 13:00:00,0.5007170570644017
2025-08-26 14:00:00,0.4579382108036598
2025-08-26 15:00:00,0.3798401351847117
2025-08-26 16:00:00,0.24500005558581894
2025-08-26 17:00:00,0.09121632889017353
2025-08-26 18:00:00,0.003624195395270758
2025-08-26 19:00:00,0.0
2025-08-26 20:00:00,0.0
2025-08-26 21:00:00,0.0
2025-08-26 22:00:00,0.0
2025-08-26 23:00:00,0.0
2025-08-27 00:00:00,0.0
2025-08-27 01:00:00,0.0
2025-08-27 02:00:00,0.0
2025-08-27 03:00:00,0.0
2025-08-27 04:00:00,0.0
2025-08-27 05:00:00,0.0
2025-08-27 06:00:00,0.03161721381641116
2025-08-27 07:00:00,0.20399995553134484
2025-08-27 08:00:00,0.4159042145167925
2025-08-27 09:00:00,0.5881980189214128
2025-08-27 10:00:00,0.7014040977865726
2025-08-27 11:00:00,0.7504419072606197
2025-08-27 12:00:00,0.6882413758601906
2025-08-27 13:00:00,0.6991695478649487
2025-08-27 14:00:00,0.5738791119609565
2025-08-27 15:00:00,0.4338250825449412
2025-08-27 16:00:00,0.2564840857800358
2025-08-27 17:00:00,0.08293404186723882
2025-08-27 18:00:00,0.0047581461017665175
2025-08-27 19:00:00,0.0
2025-08-27 20:00:00,0.0
2025-08-27 21:00:00,0.0
2025-08-27 22:00:00,0.0
2025-08-27 23:00:00,0.0
2025-08-28 00:00:00,0.0
2025-08-28 01:00:00,0.0
2025-08-28 02:00:00,0.0
2025-08-28 03:00:00,0.0
2025-08-28 04:00:00,0.0
2025-08-28 05:00:00,0.0
2025-08-28 06:00:00,0.02932707807584129
2025-08-28 07:00:00,0.133005747573679
2025-08-28 08:00:00,0.2826316550121733
2025-08-28 09:00:00,0.3916576802926038
2025-08-28 10:00:00,0.5067092083467666
2025-08-28 11:00:00,0.6036842280797323
2025-08-28 12:00:00,0.5896988360329514
2025-08-28 13:00:00,0.4953252326266523
2025-08-28 14:00:00,0.20659025469422243
2025-08-28 15:00:00,0.09519627352669786
2025-08-28 16:00:00,0.05395159586886194
2025-08-28 17:00:00,0.019077053062222765
2025-08-28 18:00:00,0.0016231059132194195
2025-08-28 19:00:00,0.0
2025-08-28 20:00:00,0.0
2025-08-28 21:00:00,0.0
2025-08-28 22:00:00,0.0
2025-08-28 23:00:00,0.0
2025-08-29 00:00:00,0.0
2025-08-29 01:00:00,0.0
2025-08-29 02:00:00,0.0
2025-08-29 03:00:00,0.0
2025-08-29 04:00:00,0.0
2025-08-29 05:00:00,0.0
2025-08-29 06:00:00,0.0007893186290313615
2025-08-29 07:00:00,0.008059943747151226
2025-08-29 08:00:00,0.007215039299173995
2025-08-29 09:00:00,0.007504085557692521
2025-08-29 10:00:00,0.019177107536325334
2025-08-29 11:00:00,0.01861013218307745
2025-08-29 12:00:00,0.020655690320285486
2025-08-29 13:00:00,0.067492301364076
2025-08-29 14:00:00,0.0478705072761837
2025-08-29 15:00:00,0.02938266389478716
2025-08-29 16:00:00,0.021078142544274106
2025-08-29 17:00:00,0.004780380429344865
2025-08-29 18:00:00,0.0
2025-08-29 19:00:00,0.0
2025-08-29 20:00:00,0.0
2025-08-29 21:00:00,0.0
2025-08-29 22:00:00,0.0
2025-08-29 23:00:00,0.0
2025-08-30 00:00:00,0.0
2025-08-30 01:00:00,0.0
2025-08-30 02:00:00,0.0
2025-08-30 03:00:00,0.0
2025-08-30 04:00:00,0.0
2025-08-30 05:00:00,0.0
2025-08-30 06:00:00,0.00021122611199430802
2025-08-30 07:00:00,0.02125601716490089
2025-08-30 08:00:00,0.09275049749307958
2025-08-30 09:00:00,0.16484530466587363
2025-08-30 10:00:00,0.2422207646385254
2025-08-30 11:00:00,0.33230314282220325
2025-08-30 12:00:00,0.33034652199530856
2025-08-30 13:00:00,0.2543384731687252
2025-08-30 14:00:00,0.3312358950984425
2025-08-30 15:00:00,0.24621182643883893
2025-08-30 16:00:00,0.21477248724305456
2025-08-30 17:00:00,0.07859834798946093
2025-08-30 18:00:00,0.0020122066458405133
2025-08-30 19:00:00,0.0
2025-08-30 20:00:00,0.0
2025-08-30 21:00:00,0.0
2025-08-30 22:00:00,0.0
2025-08-30 23:00:00,0.0
2025-08-31 00:00:00,0.0
2025-08-31 01:00:00,0.0
2025-08-31 02:00:00,0.0
2025-08-31 03:00:00,0.0
2025-08-31 04:00:00,0.0
2025-08-31 05:00:00,0.0
2025-08-31 06:00:00,0.01948838812242221
2025-08-31 07:00:00,0.13709686384809508
2025-08-31 08:00:00,0.2755833731698369
2025-08-31 09:00:00,0.38226367689075164
2025-08-31 10:00:00,0.4452979955753688
2025-08-31 11:00:00,0.4901001656457405
2025-08-31 12:00:00,0.44853309023801846
2025-08-31 13:00:00,0.2749941634890107
2025-08-31 14:00:00,0.12492356949894944
2025-08-31 15:00:00,0.09325076986359239
2025-08-31 16:00:00,0.1011884248090627
2025-08-31 17:00:00,0.027114762481795646
2025-08-31 18:00:00,0.00024457760336183033
2025-08-31 19:00:00,0.0
2025-08-31 20:00:00,0.0
2025-08-31 21:00:00,0.0
2025-08-31 22:00:00,0.0
2025-08-31 23:00:00,0.0
2025-09-01 00:00:00,0.0
2025-09-01 01:00:00,0.0
2025-09-01 02:00:00,0.0
2025-09-01 03:00:00,0.0
2025-09-01 04:00:00,0.0
2025-09-01 05:00:00,0.0
2025-09-01 06:00:00,0.024435526008604685
2025-09-01 07:00:00,0.13273893564273884
2025-09-01 08:00:00,0.3278006914875877
2025-09-01 09:00:00,0.4524796833831753
2025-09-01 10:00:00,0.5854076108103301
2025-09-01 11:00:00,0.5636179697835488
2025-09-01 12:00:00,0.47979455481317607
2025-09-01 13:00:00,0.3876110326733444
2025-09-01 14:00:00,0.239130193105135
2025-09-01 15:00:00,0.294104568042601
2025-09-01 16:00:00,0.15461751397983348
2025-09-01 17:00:00,0.04961590199108404
2025-09-01 18:00:00,0.001145067870284933
2025-09-01 19:00:00,0.0
2025-09-01 20:00:00,0.0
2025-09-01 21:00:00,0.0
2025-09-01 22:00:00,0.0
2025-09-01 23:00:00,0.0
2025-09-02 00:00:00,0.0
2025-09-02 01:00:00,0.0
2025-09-02 02:00:00,0.0
2025-09-02 03:00:00,0.0
2025-09-02 04:00:00,0.0
2025-09-02 05:00:00,0.0
2025-09-02 06:00:00,0.009683049660370648
2025-09-02 07:00:00,0.061166635168035936
2025-09-02 08:00:00,0.11211659681382086
2025-09-02 09:00:00,0.2165512334493224
2025-09-02 10:00:00,0.17777456615268314
2025-09-02 11:00:00,0.22024213182732824
2025-09-02 12:00:00,0.15780813998732643
2025-09-02 13:00:00,0.12307812030994653
2025-09-02 14:00:00,0.08048826583362054
2025-09-02 15:00:00,0.053529143644873316
2025-09-02 16:00:00,0.017209369545641517
2025-09-02 17:00:00,0.004369045369145424
2025-09-02 18:00:00,0.0
2025-09-02 19:00:00,0.0
2025-09-02 20:00:00,0.0
2025-09-02 21:00:00,0.0
2025-09-02 22:00:00,0.0
2025-09-02 23:00:00,0.0
2025-09-03 00:00:00,0.0
2025-09-03 01:00:00,0.0
2025-09-03 02:00:00,0.0
2025-09-03 03:00:00,0.0
2025-09-03 04:00:00,0.0
2025-09-03 05:00:00,0.0
2025-09-03 06:00:00,0.003090571533390401
2025-09-03 07:00:00,0.026003046102878236
2025-09-03 08:00:00,0.04570266033729475
2025-09-03 09:00:00,0.057486853953819306
2025-09-03 10:00:00,0.03219530633344821
2025-09-03 11:00:00,0.09190559304510233
2025-09-03 12:00:00,0.1147624817956443
2025-09-03 13:00:00,0.10106613600738179
2025-09-03 14:00:00,0.15197162899801
2025-09-03 15:00:00,0.1406098876054741
2025-09-03 16:00:00,0.13010416782470458
2025-09-03 17:00:00,0.021189314182165846
2025-09-03 18:00:00,0.0
2025-09-03 19:00:00,0.0
2025-09-03 20:00:00,0.0
2025-09-03 21:00:00,0.0
2025-09-03 22:00:00,0.0
2025-09-03 23:00:00,0.0
2025-09-04 00:00:00,0.0
2025-09-04 01:00:00,0.0
2025-09-04 02:00:00,0.0
2025-09-04 03:00:00,0.0
2025-09-04 04:00:00,0.0
2025-09-04 05:00:00,0.0
2025-09-04 06:00:00,0.026458849818234372
2025-09-04 07:00:00,0.20522284354815398
2025-09-04 08:00:00,0.41363631310380095
2025-09-04 09:00:00,0.5415503996620382
2025-09-04 10:00:00,0.739736078531645
2025-09-04 11:00:00,0.8100521394981712
2025-09-04 12:00:00,0.8335427065846961
2025-09-04 13:00:00,0.7520761303376283
2025-09-04 14:00:00,0.6658514079887939
2025-09-04 15:00:00,0.484130248690954
2025-09-04 16:00:00,0.26934664428411026
2025-09-04 17:00:00,0.058887616591255236
2025-09-04 18:00:00,0.0
2025-09-04 19:00:00,0.0
2025-09-04 20:00:00,0.0
2025-09-04 21:00:00,0.0
2025-09-04 22:00:00,0.0
2025-09-04 23:00:00,0.0
2025-09-05 00:00:00,0.0
2025-09-05 01:00:00,0.0
2025-09-05 02:00:00,0.0
2025-09-05 03:00:00,0.0
2025-09-05 04:00:00,0.0
2025-09-05 05:00:00,0.0
2025-09-05 06:00:00,0.030850129514958143
2025-09-05 07:00:00,0.20293270780758413
2025-09-05 08:00:00,0.3827861835888428
2025-09-05 09:00:00,0.5993818856933218
2025-09-05 10:00:00,0.6641171304376827
2025-09-05 11:00:00,0.5914331135840625
2025-09-05 12:00:00,0.48188458160554076
2025-09-05 13:00:00,0.4215850852130605
2025-09-05 14:00:00,0.3841202432435437
2025-09-05 15:00:00,0.4058542984513791
2025-09-05 16:00:00,0.23671776856288423
2025-09-05 17:00:00,0.07145001167302198
2025-09-05 18:00:00,0.0
2025-09-05 19:00:00,0.0
2025-09-05 20:00:00,0.0
2025-09-05 21:00:00,0.0
2025-09-05 22:00:00,0.0
2025-09-05 23:00:00,0.0
2025-09-06 00:00:00,0.0
2025-09-06 01:00:00,0.0
2025-09-06 02:00:00,0.0
2025-09-06 03:00:00,0.0
2025-09-06 04:00:00,0.0
2025-09-06 05:00:00,0.0
2025-09-06 06:00:00,0.029860701937721647
2025-09-06 07:00:00,0.21005880979644473
2025-09-06 08:00:00,0.41658236150793215
2025-09-06 09:00:00,0.5695878867383354
2025-09-06 10:00:00,0.6743893897788796
2025-09-06 11:00:00,0.7551778190348079
2025-09-06 12:00:00,0.7814254427410479
2025-09-06 13:00:00,0.7604584718346655
2025-09-06 14:00:00,0.6286200264588498
2025-09-06 15:00:00,0.47810474591722163
2025-09-06 16:00:00,0.2724928016364465
2025-09-06 17:00:00,0.07260619670709609
2025-09-06 18:00:00,0.0
2025-09-06 19:00:00,0.0
2025-09-06 20:00:00,0.0
2025-09-06 21:00:00,0.0
2025-09-06 22:00:00,0.0
2025-09-06 23:00:00,0.0
2025-09-07 00:00:00,0.0
2025-09-07 01:00:00,0.0
2025-09-07 02:00:00,0.0
2025-09-07 03:00:00,0.0
2025-09-07 04:00:00,0.0
2025-09-07 05:00:00,0.0
2025-09-07 06:00:00,0.029304843748262942
2025-09-07 07:00:00,0.21246011717490634
2025-09-07 08:00:00,0.43070115952018323
2025-09-07 09:00:00,0.6028837922869117
2025-09-07 10:00:00,0.7135329234805617
2025-09-07 11:00:00,0.7731431557181132
2025-09-07 12:00:00,0.7835821725161477
2025-09-07 13:00:00,0.7415148247379129
2025-09-07 14:00:00,0.5659192226879078
2025-09-07 15:00:00,0.4371935831730609
2025-09-07 16:00:00,0.2242776622827984
2025-09-07 17:00:00,0.07043834976820713
2025-09-07 18:00:00,0.0
2025-09-07 19:00:00,0.0
2025-09-07 20:00:00,0.0
2025-09-07 21:00:00,0.0
2025-09-07 22:00:00,0.0
2025-09-07 23:00:00,0.0
2025-09-08 00:00:00,0.0
2025-09-08 01:00:00,0.0
2025-09-08 02:00:00,0.0
2025-09-08 03:00:00,0.0
2025-09-08 04:00:00,0.0
2025-09-08 05:00:00,0.0
2025-09-08 06:00:00,0.028660048248490846
2025-09-08 07:00:00,0.20863581283143043
2025-09-08 08:00:00,0.42161843670442795
2025-09-08 09:00:00,0.5899211793087348
2025-09-08 10:00:00,0.7011372858556325
2025-09-08 11:00:00,0.7585796711542951
2025-09-08 12:00:00,0.7263621304932686
2025-09-08 13:00:00,0.7001812097697636
2025-09-08 14:00:00,0.5904548031706152
2025-09-08 15:00:00,0.40158530755633626
2025-09-08 16:00:00,0.21785194161265578
2025-09-08 17:00:00,0.058076063634645535
2025-09-08 18:00:00,0.0
2025-09-08 19:00:00,0.0
2025-09-08 20:00:00,0.0
2025-09-08 21:00:00,0.0
2025-09-08 22:00:00,0.0
2025-09-08 23:00:00,0.0
2025-09-09 00:00:00,0.0
2025-09-09 01:00:00,0.0
2025-09-09 02:00:00,0.0
2025-09-09 03:00:00,0.0
2025-09-09 04:00:00,0.0
2025-09-09 05:00:00,0.0
2025-09-09 06:00:00,0.02662560727507198
2025-09-09 07:00:00,0.19077053062222765
2025-09-09 08:00:00,0.41191315271647894
2025-09-09 09:00:00,0.5783259774766262
2025-09-09 10:00:00,0.6582917366121555
2025-09-09 11:00:00,0.6349901613100465
2025-09-09 12:00:00,0.6671409989883381
2025-09-09 13:00:00,0.48889951195650966
2025-09-09 14:00:00,0.4940022901357406
2025-09-09 15:00:00,0.35268090404775937
2025-09-09 16:00:00,0.23847428044157373
2025-09-09 17:00:00,0.05976587253059999
2025-09-09 18:00:00,0.0
2025-09-09 19:00:00,0.0
2025-09-09 20:00:00,0.0
2025-09-09 21:00:00,0.0
2025-09-09 22:00:00,0.0
2025-09-09 23:00:00,0.0
2025-09-10 00:00:00,0.0
2025-09-10 01:00:00,0.0
2025-09-10 02:00:00,0.0
2025-09-10 03:00:00,0.0
2025-09-10 04:00:00,0.0
2025-09-10 05:00:00,0.0
2025-09-10 06:00:00,0.02843770497270736
2025-09-10 07:00:00,0.2118820246578693
2025-09-10 08:00:00,0.42913363942590965
2025-09-10 09:00:00,0.6002267901412991
2025-09-10 10:00:00,0.7161232226434392
2025-09-10 11:00:00,0.7735211392869451
2025-09-10 12:00:00,0.7704083334259764
2025-09-10 13:00:00,0.7222487798912741
2025-09-10 14:00:00,0.6204489110738068
2025-09-10 15:00:00,0.4707896521439451
2025-09-10 16:00:00,0.2559171104267879
2025-09-10 17:00:00,0.06443508132205313
2025-09-10 18:00:00,0.0
2025-09-10 19:00:00,0.0
2025-09-10 20:00:00,0.0
2025-09-10 21:00:00,0.0
2025-09-10 22:00:00,0.0
2025-09-10 23:00:00,0.0
2025-09-11 00:00:00,0.0
2025-09-11 01:00:00,0.0
2025-09-11 02:00:00,0.0
2025-09-11 03:00:00,0.0
2025-09-11 04:00:00,0.0
2025-09-11 05:00:00,0.0
2025-09-11 06:00:00,0.02810419005903214
2025-09-11 07:00:00,0.212182188080177
2025-09-11 08:00:00,0.44303009416237726
2025-09-11 09:00:00,0.6275305444075108
2025-09-11 10:00:00,0.7605696434725573
2025-09-11 11:00:00,0.8317639603784283
2025-09-11 12:00:00,0.841069026469967
2025-09-11 13:00:00,0.7900968304966037
2025-09-11 14:00:00,0.6692532601082812
2025-09-11 15:00:00,0.49150092828317643
2025-09-11 16:00:00,0.2767840268590677
2025-09-11 17:00:00,0.06028837922869117
2025-09-11 18:00:00,0.0
2025-09-11 19:00:00,0.0
2025-09-11 20:00:00,0.0
2025-09-11 21:00:00,0.0
2025-09-11 22:00:00,0.0
2025-09-11 23:00:00,0.0
2025-09-12 00:00:00,0.0
2025-09-12 01:00:00,0.0
2025-09-12 02:00:00,0.0
2025-09-12 03:00:00,0.0
2025-09-12 04:00:00,0.0
2025-09-12 05:00:00,0.0
2025-09-12 06:00:00,0.015319451701481917
2025-09-12 07:00:00,0.10601327389356427
2025-09-12 08:00:00,0.22345499216239953
2025-09-12 09:00:00,0.32930150859912616
2025-09-12 10:00:00,0.521550622005314
2025-09-12 11:00:00,0.536870073706796
2025-09-12 12:00:00,0.42786628275394384
2025-09-12 13:00:00,0.32439883936810043
2025-09-12 14:00:00,0.3224644528687841
2025-09-12 15:00:00,0.24551144512012096
2025-09-12 16:00:00,0.18495625396048962
2025-09-12 17:00:00,0.04529132527709531
2025-09-12 18:00:00,0.0
2025-09-12 19:00:00,0.0
2025-09-12 20:00:00,0.0
2025-09-12 21:00:00,0.0
2025-09-12 22:00:00,0.0
2025-09-12 23:00:00,0.0
2025-09-13 00:00:00,0.0
2025-09-13 01:00:00,0.0
2025-09-13 02:00:00,0.0
2025-09-13 03:00:00,0.0
2025-09-13 04:00:00,0.0
2025-09-13 05:00:00,0.0
2025-09-13 06:00:00,0.024535580482707254
2025-09-13 07:00:00,0.1916487865615724
2025-09-13 08:00:00,0.40368645151249016
2025-09-13 09:00:00,0.5778479394336916
2025-09-13 10:00:00,0.68367222154284
2025-09-13 11:00:00,0.7574457204477995
2025-09-13 12:00:00,0.7161454569710175
2025-09-13 13:00:00,0.6666518437816144
2025-09-13 14:00:00,0.6127224822403309
2025-09-13 15:00:00,0.4375048637591578
2025-09-13 16:00:00,0.23653989394225747
2025-09-13 17:00:00,0.056842058454047203
2025-09-13 18:00:00,0.0
2025-09-13 19:00:00,0.0
2025-09-13 20:00:00,0.0
2025-09-13 21:00:00,0.0
2025-09-13 22:00:00,0.0
2025-09-13 23:00:00,0.0
2025-09-14 00:00:00,0.0
2025-09-14 01:00:00,0.0
2025-09-14 02:00:00,0.0
2025-09-14 03:00:00,0.0
2025-09-14 04:00:00,0.0
2025-09-14 05:00:00,0.0
2025-09-14 06:00:00,0.02342386410378984
2025-09-14 07:00:00,0.18192126824604504
2025-09-14 08:00:00,0.3876332670009227
2025-09-14 09:00:00,0.5109670820780202
2025-09-14 10:00:00,0.597981123055886
2025-09-14 11:00:00,0.5300219008126646
2025-09-14 12:00:00,0.6566019277162011
2025-09-14 13:00:00,0.5828284288112416
2025-09-14 14:00:00,0.48182899578659494
2025-09-14 15:00:00,0.35236962346166245
2025-09-14 16:00:00,0.18430034129692832
2025-09-14 17:00:00,0.033740592100143414
2025-09-14 18:00:00,0.0
2025-09-14 19:00:00,0.0
2025-09-14 20:00:00,0.0
2025-09-14 21:00:00,0.0
2025-09-14 22:00:00,0.0
2025-09-14 23:00:00,0.0
2025-09-15 00:00:00,0.0
2025-09-15 01:00:00,0.0
2025-09-15 02:00:00,0.0
2025-09-15 03:00:00,0.0
2025-09-15 04:00:00,0.0
2025-09-15 05:00:00,0.0
2025-09-15 06:00:00,0.005769808006581362
2025-09-15 07:00:00,0.025636179697835486
2025-09-15 08:00:00,0.0681370968638481
2025-09-15 09:00:00,0.15002612533490456
2025-09-15 10:00:00,0.25150359640248576
2025-09-15 11:00:00,0.2866449511400651
2025-09-15 12:00:00,0.31144734355371256
2025-09-15 13:00:00,0.21722938044046203
2025-09-15 14:00:00,0.16471189870040356
2025-09-15 15:00:00,0.2024324354370713
2025-09-15 16:00:00,0.1382085802270125
2025-09-15 17:00:00,0.036442062900912724
2025-09-15 18:00:00,0.0
2025-09-15 19:00:00,0.0
2025-09-15 20:00:00,0.0
2025-09-15 21:00:00,0.0
2025-09-15 22:00:00,0.0
2025-09-15 23:00:00,0.0
2025-09-16 00:00:00,0.0
2025-09-16 01:00:00,0.0
2025-09-16 02:00:00,0.0
2025-09-16 03:00:00,0.0
2025-09-16 04:00:00,0.0
2025-09-16 05:00:00,0.0
2025-09-16 06:00:00,0.002645884981823437
2025-09-16 07:00:00,0.023168169336638837
2025-09-16 08:00:00,0.059298951651454684
2025-09-16 09:00:00,0.1762070460584096
2025-09-16 10:00:00,0.12449000011117164
2025-09-16 11:00:00,0.13581839001234006
2025-09-16 12:00:00,0.23284899556425165
2025-09-16 13:00:00,0.28402130048582
2025-09-16 14:00:00,0.23092572622872454
2025-09-16 15:00:00,0.15301664239419238
2025-09-16 16:00:00,0.08983780058031596
2025-09-16 17:00:00,0.018576780691709933
2025-09-16 18:00:00,0.0
2025-09-16 19:00:00,0.0
2025-09-16 20:00:00,0.0
2025-09-16 21:00:00,0.0
2025-09-16 22:00:00,0.0
2025-09-16 23:00:00,0.0
2025-09-17 00:00:00,0.0
2025-09-17 01:00:00,0.0
2025-09-17 02:00:00,0.0
2025-09-17 03:00:00,0.0
2025-09-17 04:00:00,0.0
2025-09-17 05:00:00,0.0
2025-09-17 06:00:00,0.0023901902146724325
2025-09-17 07:00:00,0.022612311147180132
2025-09-17 08:00:00,0.11448455270091495
2025-09-17 09:00:00,0.15925337127991906
2025-09-17 10:00:00,0.15084879545530344
2025-09-17 11:00:00,0.05490767195473091
2025-09-17 12:00:00,0.08021033673889118
2025-09-17 13:00:00,0.03514135473757935
2025-09-17 14:00:00,0.10808106635835066
2025-09-17 15:00:00,0.037687185245300216
2025-09-17 16:00:00,0.05630843459216685
2025-09-17 17:00:00,0.02560282820646797
2025-09-17 18:00:00,0.0
2025-09-17 19:00:00,0.0
2025-09-17 20:00:00,0.0
2025-09-17 21:00:00,0.0
2025-09-17 22:00:00,0.0
2025-09-17 23:00:00,0.0
2025-09-18 00:00:00,0.0
2025-09-18 01:00:00,0.0
2025-09-18 02:00:00,0.0
2025-09-18 03:00:00,0.0
2025-09-18 04:00:00,0.0
2025-09-18 05:00:00,0.0
2025-09-18 06:00:00,0.01845449189002902
2025-09-18 07:00:00,0.09407343998399129
2025-09-18 08:00:00,0.19429467154339586
2025-09-18 09:00:00,0.27440495380818447
2025-09-18 10:00:00,0.36611043790508163
2025-09-18 11:00:00,0.4672432768951985
2025-09-18 12:00:00,0.48818801347400254
2025-09-18 13:00:00,0.4640971195428622
2025-09-18 14:00:00,0.35694989494280216
2025-09-18 15:00:00,0.20935842847772676
2025-09-18 16:00:00,0.10215561805872087
2025-09-18 17:00:00,0.018187679959088838
2025-09-18 18:00:00,0.0
2025-09-18 19:00:00,0.0
2025-09-18 20:00:00,0.0
2025-09-18 21:00:00,0.0
2025-09-18 22:00:00,0.0
2025-09-18 23:00:00,0.0
2025-09-19 00:00:00,0.0
2025-09-19 01:00:00,0.0
2025-09-19 02:00:00,0.0
2025-09-19 03:00:00,0.0
2025-09-19 04:00:00,0.0
2025-09-19 05:00:00,0.0
2025-09-19 06:00:00,0.01941056797589799
2025-09-19 07:00:00,0.15158252826538893
2025-09-19 08:00:00,0.2977621149292392
2025-09-19 09:00:00,0.4372380518282176
2025-09-19 10:00:00,0.47411368411690813
2025-09-19 11:00:00,0.40249691498704854
2025-09-19 12:00:00,0.4303898789340863
2025-09-19 13:00:00,0.3588286956231726
2025-09-19 14:00:00,0.22165401162855333
2025-09-19 15:00:00,0.21973074229302622
2025-09-19 16:00:00,0.13182732821202656
2025-09-19 17:00:00,0.017665173260997657
2025-09-19 18:00:00,0.0
2025-09-19 19:00:00,0.0
2025-09-19 20:00:00,0.0
2025-09-19 21:00:00,0.0
2025-09-19 22:00:00,0.0
2025-09-19 23:00:00,0.0
2025-09-20 00:00:00,0.0
2025-09-20 01:00:00,0.0
2025-09-20 02:00:00,0.0
2025-09-20 03:00:00,0.0
2025-09-20 04:00:00,0.0
2025-09-20 05:00:00,0.0
2025-09-20 06:00:00,0.0019566208268946427
2025-09-20 07:00:00,0.024735689430912387
2025-09-20 08:00:00,0.07744216295538682
2025-09-20 09:00:00,0.0854798723749597
2025-09-20 10:00:00,0.18573445542573178
2025-09-20 11:00:00,0.31659459038810017
2025-09-20 12:00:00,0.37805027181465467
2025-09-20 13:00:00,0.2332936821158186
2025-09-20 14:00:00,0.18037598247934988
2025-09-20 15:00:00,0.07898744872208202
2025-09-20 16:00:00,0.036397594245756025
2025-09-20 17:00:00,0.008882613867550111
2025-09-20 18:00:00,0.0
2025-09-20 19:00:00,0.0
2025-09-20 20:00:00,0.0
2025-09-20 21:00:00,0.0
2025-09-20 22:00:00,0.0
2025-09-20 23:00:00,0.0
2025-09-21 00:00:00,0.0
2025-09-21 01:00:00,0.0
2025-09-21 02:00:00,0.0
2025-09-21 03:00:00,0.0
2025-09-21 04:00:00,0.0
2025-09-21 05:00:00,0.0
2025-09-21 06:00:00,0.0
2025-09-21 07:00:00,0.005936565463418973
2025-09-21 08:00:00,0.03470778534980156
2025-09-21 09:00:00,0.057053284566041515
2025-09-21 10:00:00,0.05083879000789318
2025-09-21 11:00:00,0.07087191915598492
2025-09-21 12:00:00,0.09427354893219642
2025-09-21 13:00:00,0.06610265589042924
2025-09-21 14:00:00,0.031806205600827114
2025-09-21 15:00:00,0.028660048248490846
2025-09-21 16:00:00,0.04467988126869073
2025-09-21 17:00:00,0.022956943224644526
2025-09-21 18:00:00,0.0
2025-09-21 19:00:00,0.0
2025-09-21 20:00:00,0.0
2025-09-21 21:00:00,0.0
2025-09-21 22:00:00,0.0
2025-09-21 23:00:00,0.0
2025-09-22 00:00:00,0.0
2025-09-22 01:00:00,0.0
2025-09-22 02:00:00,0.0
2025-09-22 03:00:00,0.0
2025-09-22 04:00:00,0.0
2025-09-22 05:00:00,0.0
2025-09-22 06:00:00,0.025135907327322654
2025-09-22 07:00:00,0.21602872675123122
2025-09-22 08:00:00,0.453035541572634
2025-09-22 09:00:00,0.6453735922891352
2025-09-22 10:00:00,0.7751553623639537
2025-09-22 11:00:00,0.8415692988404798
2025-09-22 12:00:00,0.8136429834020744
2025-09-22 13:00:00,0.7815922001978854
2025-09-22 14:00:00,0.6382919589554312
2025-09-22 15:00:00,0.46567575680092493
2025-09-22 16:00:00,0.24490000111171636
2025-09-22 17:00:00,0.04451312381185312
2025-09-22 18:00:00,0.0
2025-09-22 19:00:00,0.0
2025-09-22 20:00:00,0.0
2025-09-22 21:00:00,0.0
2025-09-22 22:00:00,0.0
2025-09-22 23:00:00,0.0
2025-09-23 00:00:00,0.0
2025-09-23 01:00:00,0.0
2025-09-23 02:00:00,0.0
2025-09-23 03:00:00,0.0
2025-09-23 04:00:00,0.0
2025-09-23 05:00:00,0.0
2025-09-23 06:00:00,0.01756511878689509
2025-09-23 07:00:00,0.11814209958755321
2025-09-23 08:00:00,0.2892908361218886
2025-09-23 09:00:00,0.3887561005436293
2025-09-23 10:00:00,0.38463163277784573
2025-09-23 11:00:00,0.21104823737368122
2025-09-23 12:00:00,0.1710931507153895
2025-09-23 13:00:00,0.18619025914108792
2025-09-23 14:00:00,0.23398294627074742
2025-09-23 15:00:00,0.25319340529844026
2025-09-23 16:00:00,0.13796400262365066
2025-09-23 17:00:00,0.030716723549488054
2025-09-23 18:00:00,0.0
2025-09-23 19:00:00,0.0
2025-09-23 20:00:00,0.0
2025-09-23 21:00:00,0.0
2025-09-23 22:00:00,0.0
2025-09-23 23:00:00,0.0
2025-09-24 00:00:00,0.0
2025-09-24 01:00:00,0.0
2025-09-24 02:00:00,0.0
2025-09-24 03:00:00,0.0
2025-09-24 04:00:00,0.0
2025-09-24 05:00:00,0.0
2025-09-24 06:00:00,0.02223432757834821
2025-09-24 07:00:00,0.22063123255994932
2025-09-24 08:00:00,0.45025625062534047
2025-09-24 09:00:00,0.6321219330524397
2025-09-24 10:00:00,0.7541105713110472
2025-09-24 11:00:00,0.8112305588598238
2025-09-24 12:00:00,0.8038487621038122
2025-09-24 13:00:00,0.739480383764494
2025-09-24 14:00:00,0.6145568142655445
2025-09-24 15:00:00,0.3806628053051106
2025-09-24 16:00:00,0.16096541450345186
2025-09-24 17:00:00,0.032584407066069306
2025-09-24 18:00:00,0.0
2025-09-24 19:00:00,0.0
2025-09-24 20:00:00,0.0
2025-09-24 21:00:00,0.0
2025-09-24 22:00:00,0.0
2025-09-24 23:00:00,0.0
2025-09-25 00:00:00,0.0
2025-09-25 01:00:00,0.0
2025-09-25 02:00:00,0.0
2025-09-25 03:00:00,0.0
2025-09-25 04:00:00,0.0
2025-09-25 05:00:00,0.0
2025-09-25 06:00:00,0.0
2025-09-25 07:00:00,0.0055808162221654
2025-09-25 08:00:00,0.010250025013618526
2025-09-25 09:00:00,0.02067792464786384
2025-09-25 10:00:00,0.03355160031572745
2025-09-25 11:00:00,0.04105568587341997
2025-09-25 12:00:00,0.0694600393547598
2025-09-25 13:00:00,0.0667585685539905
2025-09-25 14:00:00,0.01599759869262154
2025-09-25 15:00:00,0.01063912574623962
2025-09-25 16:00:00,0.03898789340863359
2025-09-25 17:00:00,0.008860379539971762
2025-09-25 18:00:00,0.0
2025-09-25 19:00:00,0.0
2025-09-25 20:00:00,0.0
2025-09-25 21:00:00,0.0
2025-09-25 22:00:00,0.0
2025-09-25 23:00:00,0.0
2025-09-26 00:00:00,0.0
2025-09-26 01:00:00,0.0
2025-09-26 02:00:00,0.0
2025-09-26 03:00:00,0.0
2025-09-26 04:00:00,0.0
2025-09-26 05:00:00,0.0
2025-09-26 06:00:00,0.003246211826438839
2025-09-26 07:00:00,0.029071383308690284
2025-09-26 08:00:00,0.11241676023612857
2025-09-26 09:00:00,0.16667963669108737
2025-09-26 10:00:00,0.268501739836133
2025-09-26 11:00:00,0.22834654422963616
2025-09-26 12:00:00,0.12430100832675568
2025-09-26 13:00:00,0.045858300630343185
2025-09-26 14:00:00,0.02870451690364754
2025-09-26 15:00:00,0.0087158564107125
2025-09-26 16:00:00,0.0035130237573790177
2025-09-26 17:00:00,0.0
2025-09-26 18:00:00,0.0
2025-09-26 19:00:00,0.0
2025-09-26 20:00:00,0.0
2025-09-26 21:00:00,0.0
2025-09-26 22:00:00,0.0
2025-09-26 23:00:00,0.0
2025-09-27 00:00:00,0.0
2025-09-27 01:00:00,0.0
2025-09-27 02:00:00,0.0
2025-09-27 03:00:00,0.0
2025-09-27 04:00:00,0.0
2025-09-27 05:00:00,0.0
2025-09-27 06:00:00,0.0
2025-09-27 07:00:00,0.002101143956153906
2025-09-27 08:00:00,0.011595201832108592
2025-09-27 09:00:00,0.033151382419317185
2025-09-27 10:00:00,0.04231192538159665
2025-09-27 11:00:00,0.0419450589765539
2025-09-27 12:00:00,0.03767606808151105
2025-09-27 13:00:00,0.027203699792109036
2025-09-27 14:00:00,0.013262776400484708
2025-09-27 15:00:00,0.02404642527598359
2025-09-27 16:00:00,0.016319996442507586
2025-09-27 17:00:00,0.0
2025-09-27 18:00:00,0.0
2025-09-27 19:00:00,0.0
2025-09-27 20:00:00,0.0
2025-09-27 21:00:00,0.0
2025-09-27 22:00:00,0.0
2025-09-27 23:00:00,0.0
2025-09-28 00:00:00,0.0
2025-09-28 01:00:00,0.0
2025-09-28 02:00:00,0.0
2025-09-28 03:00:00,0.0
2025-09-28 04:00:00,0.0
2025-09-28 05:00:00,0.0
2025-09-28 06:00:00,0.0
2025-09-28 07:00:00,0.007303976609487388
2025-09-28 08:00:00,0.04926015274983046
2025-09-28 09:00:00,0.11954286222498917
2025-09-28 10:00:00,0.1669686829496059
2025-09-28 11:00:00,0.12873675667863616
2025-09-28 12:00:00,0.09669709063823638
2025-09-28 13:00:00,0.07308423475003056
2025-09-28 14:00:00,0.06700314615735234
2025-09-28 15:00:00,0.02672566174917455
2025-09-28 16:00:00,0.015519560649687052
2025-09-28 17:00:00,0.0012006536892308036
2025-09-28 18:00:00,0.0
2025-09-28 19:00:00,0.0
2025-09-28 20:00:00,0.0
2025-09-28 21:00:00,0.0
2025-09-28 22:00:00,0.0
2025-09-28 23:00:00,0.0
2025-09-29 00:00:00,0.0
2025-09-29 01:00:00,0.0
2025-09-29 02:00:00,0.0
2025-09-29 03:00:00,0.0
2025-09-29 04:00:00,0.0
2025-09-29 05:00:00,0.0
2025-09-29 06:00:00,0.0
2025-09-29 07:00:00,0.008304521350513057
2025-09-29 08:00:00,0.039276939667152115
2025-09-29 09:00:00,0.09804226745672644
2025-09-29 10:00:00,0.17030383208635813
2025-09-29 11:00:00,0.19211570744071774
2025-09-29 12:00:00,0.1572189303065002
2025-09-29 13:00:00,0.13707462952051672
2025-09-29 14:00:00,0.10776978577225378
2025-09-29 15:00:00,0.05916554568598459
2025-09-29 16:00:00,0.029227023601738723
2025-09-29 17:00:00,0.004257873731253682
2025-09-29 18:00:00,0.0
2025-09-29 19:00:00,0.0
2025-09-29 20:00:00,0.0
2025-09-29 21:00:00,0.0
2025-09-29 22:00:00,0.0
2025-09-29 23:00:00,0.0
2025-09-30 00:00:00,0.0
2025-09-30 01:00:00,0.0
2025-09-30 02:00:00,0.0
2025-09-30 03:00:00,0.0
2025-09-30 04:00:00,0.0
2025-09-30 05:00:00,0.0
2025-09-30 06:00:00,0.00047803804293448655
2025-09-30 07:00:00,0.031039121299374105
2025-09-30 08:00:00,0.0889595446409712
2025-09-30 09:00:00,0.11608542428655602
2025-09-30 10:00:00,0.22893575391046236
2025-09-30 11:00:00,0.3675223177063067
2025-09-30 12:00:00,0.47076741781636666
2025-09-30 13:00:00,0.347100087825594
2025-09-30 14:00:00,0.20721281586641616
2025-09-30 15:00:00,0.14711342842214095
2025-09-30 16:00:00,0.07428488843926137
2025-09-30 17:00:00,0.008426810152193973
2025-09-30 18:00:00,0.0
2025-09-30 19:00:00,0.0
2025-09-30 20:00:00,0.0
2025-09-30 21:00:00,0.0
2025-09-30 22:00:00,0.0
2025-09-30 23:00:00,0.0
2025-10-01 00:00:00,0.0
2025-10-01 01:00:00,0.0
2025-10-01 02:00:00,0.0
2025-10-01 03:00:00,0.0
2025-10-01 04:00:00,0.0
2025-10-01 05:00:00,0.0
2025-10-01 06:00:00,0.001033896232393192
2025-10-01 07:00:00,0.021967515647408037
2025-10-01 08:00:00,0.10267812475681204
2025-10-01 09:00:00,0.1990528176451624
2025-10-01 10:00:00,0.3303687563228869
2025-10-01 11:00:00,0.6112327822925815
2025-10-01 12:00:00,0.4319907505197274
2025-10-01 13:00:00,0.25732899022801303
2025-10-01 14:00:00,0.10460139409233916
2025-10-01 15:00:00,0.03667552334048538
2025-10-01 16:00:00,0.007281742281909039
2025-10-01 17:00:00,0.0
2025-10-01 18:00:00,0.0
2025-10-01 19:00:00,0.0
2025-10-01 20:00:00,0.0
2025-10-01 21:00:00,0.0
2025-10-01 22:00:00,0.0
2025-10-01 23:00:00,0.0
2025-10-02 00:00:00,0.0
2025-10-02 01:00:00,0.0
2025-10-02 02:00:00,0.0
2025-10-02 03:00:00,0.0
2025-10-02 04:00:00,0.0
2025-10-02 05:00:00,0.0
2025-10-02 06:00:00,0.0
2025-10-02 07:00:00,0.01703149492501473
2025-10-02 08:00:00,0.04444642082911807
2025-10-02 09:00:00,0.10615779702282353
2025-10-02 10:00:00,0.2410312281130838
2025-10-02 11:00:00,0.24109793109581884
2025-10-02 12:00:00,0.2235216951451346
2025-10-02 13:00:00,0.1314159931518271
2025-10-02 14:00:00,0.17287189692165736
2025-10-02 15:00:00,0.0335293659881491
2025-10-02 16:00:00,0.01012773621193761
2025-10-02 17:00:00,0.0
2025-10-02 18:00:00,0.0
2025-10-02 19:00:00,0.0
2025-10-02 20:00:00,0.0
2025-10-02 21:00:00,0.0
2025-10-02 22:00:00,0.0
2025-10-02 23:00:00,0.0
2025-10-03 00:00:00,0.0
2025-10-03 01:00:00,0.0
2025-10-03 02:00:00,0.0
2025-10-03 03:00:00,0.0
2025-10-03 04:00:00,0.0
2025-10-03 05:00:00,0.0
2025-10-03 06:00:00,0.0
2025-10-03 07:00:00,0.008382341497037276
2025-10-03 08:00:00,0.023323809629687275
2025-10-03 09:00:00,0.04101121721826328
2025-10-03 10:00:00,0.055374592833876225
2025-10-03 11:00:00,0.09060488488176896
2025-10-03 12:00:00,0.0695934453202299
2025-10-03 13:00:00,0.03259552422985848
2025-10-03 14:00:00,0.03173950261809207
2025-10-03 15:00:00,0.018221031450456362
2025-10-03 16:00:00,0.002801525274871875
2025-10-03 17:00:00,0.0
2025-10-03 18:00:00,0.0
2025-10-03 19:00:00,0.0
2025-10-03 20:00:00,0.0
2025-10-03 21:00:00,0.0
2025-10-03 22:00:00,0.0
2025-10-03 23:00:00,0.0
2025-10-04 00:00:00,0.0
2025-10-04 01:00:00,0.0
2025-10-04 02:00:00,0.0
2025-10-04 03:00:00,0.0
2025-10-04 04:00:00,0.0
2025-10-04 05:00:00,0.0
2025-10-04 06:00:00,0.004991606541339174
2025-10-04 07:00:00,0.12825871863570168
2025-10-04 08:00:00,0.3515580705050528
2025-10-04 09:00:00,0.5251081144178497
2025-10-04 10:00:00,0.729519405009394
2025-10-04 11:00:00,0.796433613856433
2025-10-04 12:00:00,0.8263943702682572
2025-10-04 13:00:00,0.7261064357261175
2025-10-04 14:00:00,0.5417393914464542
2025-10-04 15:00:00,0.4172938599904393
2025-10-04 16:00:00,0.21682916254405177
2025-10-04 17:00:00,0.0218118753543596
2025-10-04 18:00:00,0.0
2025-10-04 19:00:00,0.0
2025-10-04 20:00:00,0.0
2025-10-04 21:00:00,0.0
2025-10-04 22:00:00,0.0
2025-10-04 23:00:00,0.0
2025-10-05 00:00:00,0.0
2025-10-05 01:00:00,0.0
2025-10-05 02:00:00,0.0
2025-10-05 03:00:00,0.0
2025-10-05 04:00:00,0.0
2025-10-05 05:00:00,0.0
2025-10-05 06:00:00,0.010250025013618526
2025-10-05 07:00:00,0.1285811163855877
2025-10-05 08:00:00,0.292448110638014
2025-10-05 09:00:00,0.5196607041611544
2025-10-05 10:00:00,0.6627608364554035
2025-10-05 11:00:00,0.8073173172060345
2025-10-05 12:00:00,0.7965225511667464
2025-10-05 13:00:00,0.6806928216473414
2025-10-05 14:00:00,0.5880423786283644
2025-10-05 15:00:00,0.4260319507287301
2025-10-05 16:00:00,0.2063345599270714
2025-10-05 17:00:00,0.018932529932963505
2025-10-05 18:00:00,0.0
2025-10-05 19:00:00,0.0
2025-10-05 20:00:00,0.0
2025-10-05 21:00:00,0.0
2025-10-05 22:00:00,0.0
2025-10-05 23:00:00,0.0
2025-10-06 00:00:00,0.0
2025-10-06 01:00:00,0.0
2025-10-06 02:00:00,0.0
2025-10-06 03:00:00,0.0
2025-10-06 04:00:00,0.0
2025-10-06 05:00:00,0.0
2025-10-06 06:00:00,0.0012562395081766738
2025-10-06 07:00:00,0.027492746050627563
2025-10-06 08:00:00,0.04814843637091305
2025-10-06 09:00:00,0.062511811986526
2025-10-06 10:00:00,0.03251770408333426
2025-10-06 11:00:00,0.06356794254649754
2025-10-06 12:00:00,0.039388111305043855
2025-10-06 13:00:00,0.036508765883647765
2025-10-06 14:00:00,0.006559126635612723
2025-10-06 15:00:00,0.0036464297228491066
2025-10-06 16:00:00,0.0
2025-10-06 17:00:00,0.0
2025-10-06 18:00:00,0.0
2025-10-06 19:00:00,0.0
2025-10-06 20:00:00,0.0
2025-10-06 21:00:00,0.0
2025-10-06 22:00:00,0.0
2025-10-06 23:00:00,0.0
2025-10-07 00:00:00,0.0
2025-10-07 01:00:00,0.0
2025-10-07 02:00:00,0.0
2025-10-07 03:00:00,0.0
2025-10-07 04:00:00,0.0
2025-10-07 05:00:00,0.0
2025-10-07 06:00:00,0.010161087703305134
2025-10-07 07:00:00,0.13817522873564497
2025-10-07 08:00:00,0.2623428310969305
2025-10-07 09:00:00,0.3472779624462207
2025-10-07 10:00:00,0.4566041511489589
2025-10-07 11:00:00,0.588086847283521
2025-10-07 12:00:00,0.7217373903569722
2025-10-07 13:00:00,0.6029504952696468
2025-10-07 14:00:00,0.5693433091349734
2025-10-07 15:00:00,0.40525397160676363
2025-10-07 16:00:00,0.19573990283598847
2025-10-07 17:00:00,0.018888061277806803
2025-10-07 18:00:00,0.0
2025-10-07 19:00:00,0.0
2025-10-07 20:00:00,0.0
2025-10-07 21:00:00,0.0
2025-10-07 22:00:00,0.0
2025-10-07 23:00:00,0.0
2025-10-08 00:00:00,0.0
2025-10-08 01:00:00,0.0
2025-10-08 02:00:00,0.0
2025-10-08 03:00:00,0.0
2025-10-08 04:00:00,0.0
2025-10-08 05:00:00,0.0
2025-10-08 06:00:00,0.019243810519060375
2025-10-08 07:00:00,0.21623995286322553
2025-10-08 08:00:00,0.45241298040044026
2025-10-08 09:00:00,0.629787328656713
2025-10-08 10:00:00,0.7486631610543517
2025-10-08 11:00:00,0.808762548498627
2025-10-08 12:00:00,0.807606363464553
2025-10-08 13:00:00,0.725561694700448
2025-10-08 14:00:00,0.5905326233171394
2025-10-08 15:00:00,0.4150370757412369
2025-10-08 16:00:00,0.19601783193071784
2025-10-08 17:00:00,0.017476181476581695
2025-10-08 18:00:00,0.0
2025-10-08 19:00:00,0.0
2025-10-08 20:00:00,0.0
2025-10-08 21:00:00,0.0
2025-10-08 22:00:00,0.0
2025-10-08 23:00:00,0.0
2025-10-09 00:00:00,0.0
2025-10-09 01:00:00,0.0
2025-10-09 02:00:00,0.0
2025-10-09 03:00:00,0.0
2025-10-09 04:00:00,0.0
2025-10-09 05:00:00,0.0
2025-10-09 06:00:00,0.018265500105613057
2025-10-09 07:00:00,0.20590099053929362
2025-10-09 08:00:00,0.4119909728630032
2025-10-09 09:00:00,0.5634178608353437
2025-10-09 10:00:00,0.7232048559771431
2025-10-09 11:00:00,0.7987459839245812
2025-10-09 12:00:00,0.8090404775933564
2025-10-09 13:00:00,0.7397138442040666
2025-10-09 14:00:00,0.6133450434125246
2025-10-09 15:00:00,0.4320685706662516
2025-10-09 16:00:00,0.19057042167402252
2025-10-09 17:00:00,0.005703105023846316
2025-10-09 18:00:00,0.0
2025-10-09 19:00:00,0.0
2025-10-09 20:00:00,0.0
2025-10-09 21:00:00,0.0
2025-10-09 22:00:00,0.0
2025-10-09 23:00:00,0.0
2025-10-10 00:00:00,0.0
2025-10-10 01:00:00,0.0
2025-10-10 02:00:00,0.0
2025-10-10 03:00:00,0.0
2025-10-10 04:00:00,0.0
2025-10-10 05:00:00,0.0
2025-10-10 06:00:00,0.018487843381396536
2025-10-10 07:00:00,0.21399428577781238
2025-10-10 08:00:00,0.4512790296939445
2025-10-10 09:00:00,0.6327667285522117
2025-10-10 10:00:00,0.7505530788985114
2025-10-10 11:00:00,0.810997098420251
2025-10-10 12:00:00,0.8096519216017609
2025-10-10 13:00:00,0.7465842514257762
2025-10-10 14:00:00,0.6170581761181088
2025-10-10 15:00:00,0.43294682660559636
2025-10-10 16:00:00,0.19746306322331048
2025-10-10 17:00:00,0.004369045369145424
2025-10-10 18:00:00,0.0
2025-10-10 19:00:00,0.0
2025-10-10 20:00:00,0.0
2025-10-10 21:00:00,0.0
2025-10-10 22:00:00,0.0
2025-10-10 23:00:00,0.0
2025-10-11 00:00:00,0.0
2025-10-11 01:00:00,0.0
2025-10-11 02:00:00,0.0
2025-10-11 03:00:00,0.0
2025-10-11 04:00:00,0.0
2025-10-11 05:00:00,0.0
2025-10-11 06:00:00,0.01736500983868995
2025-10-11 07:00:00,0.20761303376282644
2025-10-11 08:00:00,0.4504674767373348
2025-10-11 09:00:00,0.6413047103422975
2025-10-11 10:00:00,0.7693522028660048
2025-10-11 11:00:00,0.8329868483952374
2025-10-11 12:00:00,0.8296072306033285
2025-10-11 13:00:00,0.7611366188258052
2025-10-11 14:00:00,0.6310435681648898
2025-10-11 15:00:00,0.43597069515625175
2025-10-11 16:00:00,0.196729330413225
2025-10-11 17:00:00,0.0038910073262109373
2025-10-11 18:00:00,0.0
2025-10-11 19:00:00,0.0
2025-10-11 20:00:00,0.0
2025-10-11 21:00:00,0.0
2025-10-11 22:00:00,0.0
2025-10-11 23:00:00,0.0
2025-10-12 00:00:00,0.0
2025-10-12 01:00:00,0.0
2025-10-12 02:00:00,0.0
2025-10-12 03:00:00,0.0
2025-10-12 04:00:00,0.0
2025-10-12 05:00:00,0.0
2025-10-12 06:00:00,0.013451768184900667
2025-10-12 07:00:00,0.1699703171726829
2025-10-12 08:00:00,0.36777801247345776
2025-10-12 09:00:00,0.5281542172960834
2025-10-12 10:00:00,0.6681971295483096
2025-10-12 11:00:00,0.6596702649220131
2025-10-12 12:00:00,0.4656979911285033
2025-10-12 13:00:00,0.5294882769507843
2025-10-12 14:00:00,0.43319140420895824
2025-10-12 15:00:00,0.2815421729608342
2025-10-12 16:00:00,0.11838667719091504
2025-10-12 17:00:00,0.0016342230770085935
2025-10-12 18:00:00,0.0
2025-10-12 19:00:00,0.0
2025-10-12 20:00:00,0.0
2025-10-12 21:00:00,0.0
2025-10-12 22:00:00,0.0
2025-10-12 23:00:00,0.0
2025-10-13 00:00:00,0.0
2025-10-13 01:00:00,0.0
2025-10-13 02:00:00,0.0
2025-10-13 03:00:00,0.0
2025-10-13 04:00:00,0.0
2025-10-13 05:00:00,0.0
2025-10-13 06:00:00,0.010194439194672654
2025-10-13 07:00:00,0.15914219964202733
2025-10-13 08:00:00,0.3850652021656235
2025-10-13 09:00:00,0.5840957854832075
2025-10-13 10:00:00,0.651488032373181
2025-10-13 11:00:00,0.6788584896221276
2025-10-13 12:00:00,0.4216962568509522
2025-10-13 13:00:00,0.4770152638658825
2025-10-13 14:00:00,0.3324587831152517
2025-10-13 15:00:00,0.16832497693188514
2025-10-13 16:00:00,0.06905982145834955
2025-10-13 17:00:00,0.00013340596547008928
2025-10-13 18:00:00,0.0
2025-10-13 19:00:00,0.0
2025-10-13 20:00:00,0.0
2025-10-13 21:00:00,0.0
2025-10-13 22:00:00,0.0
2025-10-13 23:00:00,0.0
2025-10-14 00:00:00,0.0
2025-10-14 01:00:00,0.0
2025-10-14 02:00:00,0.0
2025-10-14 03:00:00,0.0
2025-10-14 04:00:00,0.0
2025-10-14 05:00:00,0.0
2025-10-14 06:00:00,0.017754110571311047
2025-10-14 07:00:00,0.2117930873475559
2025-10-14 08:00:00,0.46554235083545487
2025-10-14 09:00:00,0.649131193649876
2025-10-14 10:00:00,0.7088414803615302
2025-10-14 11:00:00,0.7952551944947805
2025-10-14 12:00:00,0.8131427110315615
2025-10-14 13:00:00,0.7515869751309046
2025-10-14 14:00:00,0.24516681304265656
2025-10-14 15:00:00,0.13581839001234006
2025-10-14 16:00:00,0.03444097341886138
2025-10-14 17:00:00,0.000522506698091183
2025-10-14 18:00:00,0.0
2025-10-14 19:00:00,0.0
2025-10-14 20:00:00,0.0
2025-10-14 21:00:00,0.0
2025-10-14 22:00:00,0.0
2025-10-14 23:00:00,0.0
2025-10-15 00:00:00,0.0
2025-10-15 01:00:00,0.0
2025-10-15 02:00:00,0.0
2025-10-15 03:00:00,0.0
2025-10-15 04:00:00,0.0
2025-10-15 05:00:00,0.0
2025-10-15 06:00:00,0.0045469199897722095
2025-10-15 07:00:00,0.19433914019855256
2025-10-15 08:00:00,0.45532567731320384
2025-10-15 09:00:00,0.5624951362408422
2025-10-15 10:00:00,0.6510322286578248
2025-10-15 11:00:00,0.8193016197707641
2025-10-15 12:00:00,0.8339429244811064
2025-10-15 13:00:00,0.7678180342630988
2025-10-15 14:00:00,0.6344676546119554
2025-10-15 15:00:00,0.4363153272337162
2025-10-15 16:00:00,0.19129303732031883
2025-10-15 17:00:00,0.002256784249202343
2025-10-15 18:00:00,0.0
2025-10-15 19:00:00,0.0
2025-10-15 20:00:00,0.0
2025-10-15 21:00:00,0.0
2025-10-15 22:00:00,0.0
2025-10-15 23:00:00,0.0
2025-10-16 00:00:00,0.0
2025-10-16 01:00:00,0.0
2025-10-16 02:00:00,0.0
2025-10-16 03:00:00,0.0
2025-10-16 04:00:00,0.0
2025-10-16 05:00:00,0.0
2025-10-16 06:00:00,0.003802070015897544
2025-10-16 07:00:00,0.21224889106291203
2025-10-16 08:00:00,0.4527464953141155
2025-10-16 09:00:00,0.6458627474958589
2025-10-16 10:00:00,0.7661393425309335
2025-10-16 11:00:00,0.8199352981067469
2025-10-16 12:00:00,0.8229258151660349
2025-10-16 13:00:00,0.7537770563973719
2025-10-16 14:00:00,0.6172360507387356
2025-10-16 15:00:00,0.4193950039465931
2025-10-16 16:00:00,0.17935320341074587
2025-10-16 17:00:00,0.001812097697635379
2025-10-16 18:00:00,0.0
2025-10-16 19:00:00,0.0
2025-10-16 20:00:00,0.0
2025-10-16 21:00:00,0.0
2025-10-16 22:00:00,0.0
2025-10-16 23:00:00,0.0
2025-10-17 00:00:00,0.0
2025-10-17 01:00:00,0.0
2025-10-17 02:00:00,0.0
2025-10-17 03:00:00,0.0
2025-10-17 04:00:00,0.0
2025-10-17 05:00:00,0.0
2025-10-17 06:00:00,0.003568609576324888
2025-10-17 07:00:00,0.20700158975442184
2025-10-17 08:00:00,0.4461540171871352
2025-10-17 09:00:00,0.6217829707285077
2025-10-17 10:00:00,0.7357561338951207
2025-10-17 11:00:00,0.7898189014018744
2025-10-17 12:00:00,0.783982390412558
2025-10-17 13:00:00,0.7212482351502485
2025-10-17 14:00:00,0.5964247201254016
2025-10-17 15:00:00,0.4094340251914932
2025-10-17 16:00:00,0.17473958043823862
2025-10-17 17:00:00,0.0012562395081766738
2025-10-17 18:00:00,0.0
2025-10-17 19:00:00,0.0
2025-10-17 20:00:00,0.0
2025-10-17 21:00:00,0.0
2025-10-17 22:00:00,0.0
2025-10-17 23:00:00,0.0
2025-10-18 00:00:00,0.0
2025-10-18 01:00:00,0.0
2025-10-18 02:00:00,0.0
2025-10-18 03:00:00,0.0
2025-10-18 04:00:00,0.0
2025-10-18 05:00:00,0.0
2025-10-18 06:00:00,0.003579726740114062
2025-10-18 07:00:00,0.05277317650720948
2025-10-18 08:00:00,0.23937477070849683
2025-10-18 09:00:00,0.4259096619270492
2025-10-18 10:00:00,0.640893375282098
2025-10-18 11:00:00,0.7332770063701349
2025-10-18 12:00:00,0.7651832664450645
2025-10-18 13:00:00,0.7108425698435815
2025-10-18 14:00:00,0.38901179531078034
2025-10-18 15:00:00,0.21354959922624542
2025-10-18 16:00:00,0.13577392135718336
2025-10-18 17:00:00,0.0
2025-10-18 18:00:00,0.0
2025-10-18 19:00:00,0.0
2025-10-18 20:00:00,0.0
2025-10-18 21:00:00,0.0
2025-10-18 22:00:00,0.0
2025-10-18 23:00:00,0.0
2025-10-19 00:00:00,0.0
2025-10-19 01:00:00,0.0
2025-10-19 02:00:00,0.0
2025-10-19 03:00:00,0.0
2025-10-19 04:00:00,0.0
2025-10-19 05:00:00,0.0
2025-10-19 06:00:00,0.002423541706039955
2025-10-19 07:00:00,0.15724116463407856
2025-10-19 08:00:00,0.3424864648530867
2025-10-19 09:00:00,0.489877822369957
2025-10-19 10:00:00,0.6113106024391057
2025-10-19 11:00:00,0.6907093862213871
2025-10-19 12:00:00,0.7214483440984537
2025-10-19 13:00:00,0.6939889495391935
2025-10-19 14:00:00,0.5108559104401285
2025-10-19 15:00:00,0.3889450923280453
2025-10-19 16:00:00,0.13113806405709774
2025-10-19 17:00:00,0.0
2025-10-19 18:00:00,0.0
2025-10-19 19:00:00,0.0
2025-10-19 20:00:00,0.0
2025-10-19 21:00:00,0.0
2025-10-19 22:00:00,0.0
2025-10-19 23:00:00,0.0
2025-10-20 00:00:00,0.0
2025-10-20 01:00:00,0.0
2025-10-20 02:00:00,0.0
2025-10-20 03:00:00,0.0
2025-10-20 04:00:00,0.0
2025-10-20 05:00:00,0.0
2025-10-20 06:00:00,0.0
2025-10-20 07:00:00,0.04656979911285033
2025-10-20 08:00:00,0.15879756756456292
2025-10-20 09:00:00,0.2821313826416605
2025-10-20 10:00:00,0.45350246245177933
2025-10-20 11:00:00,0.6529666151571412
2025-10-20 12:00:00,0.6349568098186791
2025-10-20 13:00:00,0.4142477571122055
2025-10-20 14:00:00,0.2992518148769886
2025-10-20 15:00:00,0.08566886415937566
2025-10-20 16:00:00,0.006503540816666852
2025-10-20 17:00:00,0.0
2025-10-20 18:00:00,0.0
2025-10-20 19:00:00,0.0
2025-10-20 20:00:00,0.0
2025-10-20 21:00:00,0.0
2025-10-20 22:00:00,0.0
2025-10-20 23:00:00,0.0
2025-10-21 00:00:00,0.0
2025-10-21 01:00:00,0.0
2025-10-21 02:00:00,0.0
2025-10-21 03:00:00,0.0
2025-10-21 04:00:00,0.0
2025-10-21 05:00:00,0.0
2025-10-21 06:00:00,0.0
2025-10-21 07:00:00,0.034151927160342856
2025-10-21 08:00:00,0.17134884548254048
2025-10-21 09:00:00,0.3318584562706362
2025-10-21 10:00:00,0.43936143011194984
2025-10-21 11:00:00,0.5837178019143755
2025-10-21 12:00:00,0.5532901246234061
2025-10-21 13:00:00,0.48215139353648095
2025-10-21 14:00:00,0.163400073373281
2025-10-21 15:00:00,0.13606296761570189
2025-10-21 16:00:00,0.05736456515213839
2025-10-21 17:00:00,0.0
2025-10-21 18:00:00,0.0
2025-10-21 19:00:00,0.0
2025-10-21 20:00:00,0.0
2025-10-21 21:00:00,0.0
2025-10-21 22:00:00,0.0
2025-10-21 23:00:00,0.0
2025-10-22 00:00:00,0.0
2025-10-22 01:00:00,0.0
2025-10-22 02:00:00,0.0
2025-10-22 03:00:00,0.0
2025-10-22 04:00:00,0.0
2025-10-22 05:00:00,0.0
2025-10-22 06:00:00,0.002723705128347656
2025-10-22 07:00:00,0.1599315182710587
2025-10-22 08:00:00,0.41807206145568143
2025-10-22 09:00:00,0.6033729474936355
2025-10-22 10:00:00,0.7075852408533535
2025-10-22 11:00:00,0.7915754132805638
2025-10-22 12:00:00,0.7916532334270882
2025-10-22 13:00:00,0.6512212204422407
2025-10-22 14:00:00,0.49946081755622507
2025-10-22 15:00:00,0.3067336661071028
2025-10-22 16:00:00,0.09212793632088583
2025-10-22 17:00:00,0.0
2025-10-22 18:00:00,0.0
2025-10-22 19:00:00,0.0
2025-10-22 20:00:00,0.0
2025-10-22 21:00:00,0.0
2025-10-22 22:00:00,0.0
2025-10-22 23:00:00,0.0
2025-10-23 00:00:00,0.0
2025-10-23 01:00:00,0.0
2025-10-23 02:00:00,0.0
2025-10-23 03:00:00,0.0
2025-10-23 04:00:00,0.0
2025-10-23 05:00:00,0.0
2025-10-23 06:00:00,0.00205667530099721
2025-10-23 07:00:00,0.19958644150704272
2025-10-23 08:00:00,0.45065646852175073
2025-10-23 09:00:00,0.6443174617291637
2025-10-23 10:00:00,0.7718090960634123
2025-10-23 11:00:00,0.8228813465108782
2025-10-23 12:00:00,0.809462929817345
2025-10-23 13:00:00,0.7351002212315594
2025-10-23 14:00:00,0.5984702782626097
2025-10-23 15:00:00,0.39767206590254695
2025-10-23 16:00:00,0.15629620571199876
2025-10-23 17:00:00,0.0
2025-10-23 18:00:00,0.0
2025-10-23 19:00:00,0.0
2025-10-23 20:00:00,0.0
2025-10-23 21:00:00,0.0
2025-10-23 22:00:00,0.0
2025-10-23 23:00:00,0.0
2025-10-24 00:00:00,0.0
2025-10-24 01:00:00,0.0
2025-10-24 02:00:00,0.0
2025-10-24 03:00:00,0.0
2025-10-24 04:00:00,0.0
2025-10-24 05:00:00,0.0
2025-10-24 06:00:00,0.0022456670854131694
2025-10-24 07:00:00,0.15239408122199866
2025-10-24 08:00:00,0.37369234360929837
2025-10-24 09:00:00,0.5472646218496737
2025-10-24 10:00:00,0.5959577992462564
2025-10-24 11:00:00,0.6740114062100476
2025-10-24 12:00:00,0.6891529832909028
2025-10-24 13:00:00,0.6157685851185646
2025-10-24 14:00:00,0.5329568320530066
2025-10-24 15:00:00,0.33291458683060776
2025-10-24 16:00:00,0.10083267556780914
2025-10-24 17:00:00,0.0
2025-10-24 18:00:00,0.0
2025-10-24 19:00:00,0.0
2025-10-24 20:00:00,0.0
2025-10-24 21:00:00,0.0
2025-10-24 22:00:00,0.0
2025-10-24 23:00:00,0.0
2025-10-25 00:00:00,0.0
2025-10-25 01:00:00,0.0
2025-10-25 02:00:00,0.0
2025-10-25 03:00:00,0.0
2025-10-25 04:00:00,0.0
2025-10-25 05:00:00,0.0
2025-10-25 06:00:00,0.0014452312925926339
2025-10-25 07:00:00,0.1740947849384665
2025-10-25 08:00:00,0.4110571311047126
2025-10-25 09:00:00,0.6036508765883648
2025-10-25 10:00:00,0.7274960811997643
2025-10-25 11:00:00,0.7903969939189115
2025-10-25 12:00:00,0.794265766917544
2025-10-25 13:00:00,0.7281964625184822
2025-10-25 14:00:00,0.5914998165667974
2025-10-25 15:00:00,0.39415904214516795
2025-10-25 16:00:00,0.15218285511000432
2025-10-25 17:00:00,0.0
2025-10-25 18:00:00,0.0
2025-10-25 19:00:00,0.0
2025-10-25 20:00:00,0.0
2025-10-25 21:00:00,0.0
2025-10-25 22:00:00,0.0
2025-10-25 23:00:00,0.0
2025-10-26 00:00:00,0.0
2025-10-26 01:00:00,0.0
2025-10-26 02:00:00,0.0
2025-10-26 03:00:00,0.0
2025-10-26 04:00:00,0.0
2025-10-26 05:00:00,0.0
2025-10-26 06:00:00,0.0005780925170370536
2025-10-26 07:00:00,0.1460906493535369
2025-10-26 08:00:00,0.39662705250636454
2025-10-26 09:00:00,0.6071083145267979
2025-10-26 10:00:00,0.72607308423475
2025-10-26 11:00:00,0.7765561250013896
2025-10-26 12:00:00,0.7674845193494236
2025-10-26 13:00:00,0.6973908016586808
2025-10-26 14:00:00,0.5658302853775945
2025-10-26 15:00:00,0.36966793031761735
2025-10-26 16:00:00,0.12276683972384966
2025-10-26 17:00:00,0.0
2025-10-26 18:00:00,0.0
2025-10-26 19:00:00,0.0
2025-10-26 20:00:00,0.0
2025-10-26 21:00:00,0.0
2025-10-26 22:00:00,0.0
2025-10-26 23:00:00,0.0
2025-10-27 00:00:00,0.0
2025-10-27 01:00:00,0.0
2025-10-27 02:00:00,0.0
2025-10-27 03:00:00,0.0
2025-10-27 04:00:00,0.0
2025-10-27 05:00:00,0.0
2025-10-27 06:00:00,0.0006781469911396205
2025-10-27 07:00:00,0.1708263387844493
2025-10-27 08:00:00,0.37206923769607897
2025-10-27 09:00:00,0.5738679947971674
2025-10-27 10:00:00,0.6374581716712432
2025-10-27 11:00:00,0.6694978377116431
2025-10-27 12:00:00,0.6766239397005036
2025-10-27 13:00:00,0.6177585574368266
2025-10-27 14:00:00,0.34518793565385597
2025-10-27 15:00:00,0.1729830685595491
2025-10-27 16:00:00,0.05350690931729497
2025-10-27 17:00:00,0.0
2025-10-27 18:00:00,0.0
2025-10-27 19:00:00,0.0
2025-10-27 20:00:00,0.0
2025-10-27 21:00:00,0.0
2025-10-27 22:00:00,0.0
2025-10-27 23:00:00,0.0
2025-10-28 00:00:00,0.0
2025-10-28 01:00:00,0.0
2025-10-28 02:00:00,0.0
2025-10-28 03:00:00,0.0
2025-10-28 04:00:00,0.0
2025-10-28 05:00:00,0.0
2025-10-28 06:00:00,0.0
2025-10-28 07:00:00,0.11598536981245344
2025-10-28 08:00:00,0.36825605051639226
2025-10-28 09:00:00,0.5904325688430367
2025-10-28 10:00:00,0.6446509766428389
2025-10-28 11:00:00,0.7076074751809318
2025-10-28 12:00:00,0.7158675278762882
2025-10-28 13:00:00,0.6800369089837801
2025-10-28 14:00:00,0.4650754299563095
2025-10-28 15:00:00,0.2916476748451935
2025-10-28 16:00:00,0.06278974108125535
2025-10-28 17:00:00,0.0
2025-10-28 18:00:00,0.0
2025-10-28 19:00:00,0.0
2025-10-28 20:00:00,0.0
2025-10-28 21:00:00,0.0
2025-10-28 22:00:00,0.0
2025-10-28 23:00:00,0.0
2025-10-29 00:00:00,0.0
2025-10-29 01:00:00,0.0
2025-10-29 02:00:00,0.0
2025-10-29 03:00:00,0.0
2025-10-29 04:00:00,0.0
2025-10-29 05:00:00,0.0
2025-10-29 06:00:00,0.0
2025-10-29 07:00:00,0.18215472868561772
2025-10-29 08:00:00,0.4295338573223199
2025-10-29 09:00:00,0.6144011739724962
2025-10-29 10:00:00,0.7307422930262031
2025-10-29 11:00:00,0.7774788495958911
2025-10-29 12:00:00,0.778423808517971
2025-10-29 13:00:00,0.7163122144278552
2025-10-29 14:00:00,0.5830174205956575
2025-10-29 15:00:00,0.3824082000200109
2025-10-29 16:00:00,0.14049871596758234
2025-10-29 17:00:00,0.0
2025-10-29 18:00:00,0.0
2025-10-29 19:00:00,0.0
2025-10-29 20:00:00,0.0
2025-10-29 21:00:00,0.0
2025-10-29 22:00:00,0.0
2025-10-29 23:00:00,0.0
2025-10-30 00:00:00,0.0
2025-10-30 01:00:00,0.0
2025-10-30 02:00:00,0.0
2025-10-30 03:00:00,0.0
2025-10-30 04:00:00,0.0
2025-10-30 05:00:00,0.0
2025-10-30 06:00:00,0.0
2025-10-30 07:00:00,0.07820924725683982
2025-10-30 08:00:00,0.23905237295861081
2025-10-30 09:00:00,0.43812742493135154
2025-10-30 10:00:00,0.535913997620927
2025-10-30 11:00:00,0.7065958132761171
2025-10-30 12:00:00,0.7574568376115886
2025-10-30 13:00:00,0.6783471000878255
2025-10-30 14:00:00,0.5096663739146868
2025-10-30 15:00:00,0.3473557825927449
2025-10-30 16:00:00,0.13439539304732576
2025-10-30 17:00:00,0.0
2025-10-30 18:00:00,0.0
2025-10-30 19:00:00,0.0
2025-10-30 20:00:00,0.0
2025-10-30 21:00:00,0.0
2025-10-30 22:00:00,0.0
2025-10-30 23:00:00,0.0
2025-10-31 00:00:00,0.0
2025-10-31 01:00:00,0.0
2025-10-31 02:00:00,0.0
2025-10-31 03:00:00,0.0
2025-10-31 04:00:00,0.0
2025-10-31 05:00:00,0.0
2025-10-31 06:00:00,0.0
2025-10-31 07:00:00,0.17657391246345233
2025-10-31 08:00:00,0.4276661738057387
2025-10-31 09:00:00,0.6176362686351459
2025-10-31 10:00:00,0.742159620237685
2025-10-31 11:00:00,0.8028704516903649
2025-10-31 12:00:00,0.7945992818312192
2025-10-31 13:00:00,0.714711342842214
2025-10-31 14:00:00,0.5779479939077943
2025-10-31 15:00:00,0.37916198819357205
2025-10-31 16:00:00,0.1366632944603173
2025-10-31 17:00:00,0.0
2025-10-31 18:00:00,0.0
2025-10-31 19:00:00,0.0
2025-10-31 20:00:00,0.0
2025-10-31 21:00:00,0.0
2025-10-31 22:00:00,0.0
2025-10-31 23:00:00,0.0
2025-11-01 00:00:00,0.0
2025-11-01 01:00:00,0.0
2025-11-01 02:00:00,0.0
2025-11-01 03:00:00,0.0
2025-11-01 04:00:00,0.0
2025-11-01 05:00:00,0.0
2025-11-01 06:00:00,0.0
2025-11-01 07:00:00,0.16131004658091627
2025-11-01 08:00:00,0.4080777312092139
2025-11-01 09:00:00,0.5876199264043758
2025-11-01 10:00:00,0.7029605007170572
2025-11-01 11:00:00,0.7591799979989106
2025-11-01 12:00:00,0.7669620126513323
2025-11-01 13:00:00,0.6965125457193361
2025-11-01 14:00:00,0.5391268579559982
2025-11-01 15:00:00,0.31940723282676126
2025-11-01 16:00:00,0.10974864092672677
2025-11-01 17:00:00,0.0
2025-11-01 18:00:00,0.0
2025-11-01 19:00:00,0.0
2025-11-01 20:00:00,0.0
2025-11-01 21:00:00,0.0
2025-11-01 22:00:00,0.0
2025-11-01 23:00:00,0.0
2025-11-02 00:00:00,0.0
2025-11-02 01:00:00,0.0
2025-11-02 02:00:00,0.0
2025-11-02 03:00:00,0.0
2025-11-02 04:00:00,0.0
2025-11-02 05:00:00,0.0
2025-11-02 06:00:00,0.0
2025-11-02 07:00:00,0.09421796311325055
2025-11-02 08:00:00,0.2993629865148803
2025-11-02 09:00:00,0.397038387566564
2025-11-02 10:00:00,0.4521795199608676
2025-11-02 11:00:00,0.60640793320808
2025-11-02 12:00:00,0.6567019821903036
2025-11-02 13:00:00,0.6050516392258007
2025-11-02 14:00:00,0.45193494235750575
2025-11-02 15:00:00,0.28552211759735857
2025-11-02 16:00:00,0.08283398739313627
2025-11-02 17:00:00,0.0
2025-11-02 18:00:00,0.0
2025-11-02 19:00:00,0.0
2025-11-02 20:00:00,0.0
2025-11-02 21:00:00,0.0
2025-11-02 22:00:00,0.0
2025-11-02 23:00:00,0.0
2025-11-03 00:00:00,0.0
2025-11-03 01:00:00,0.0
2025-11-03 02:00:00,0.0
2025-11-03 03:00:00,0.0
2025-11-03 04:00:00,0.0
2025-11-03 05:00:00,0.0
2025-11-03 06:00:00,0.0
2025-11-03 07:00:00,0.1506486865070983
2025-11-03 08:00:00,0.3839868372780736
2025-11-03 09:00:00,0.5629731742837767
2025-11-03 10:00:00,0.6782692799413014
2025-11-03 11:00:00,0.7290191326388812
2025-11-03 12:00:00,0.720258807573012
2025-11-03 13:00:00,0.6506320107614145
2025-11-03 14:00:00,0.5206278974108126
2025-11-03 15:00:00,0.32853442429767316
2025-11-03 16:00:00,0.10704717012595748
2025-11-03 17:00:00,0.0
2025-11-03 18:00:00,0.0
2025-11-03 19:00:00,0.0
2025-11-03 20:00:00,0.0
2025-11-03 21:00:00,0.0
2025-11-03 22:00:00,0.0
2025-11-03 23:00:00,0.0
2025-11-04 00:00:00,0.0
2025-11-04 01:00:00,0.0
2025-11-04 02:00:00,0.0
2025-11-04 03:00:00,0.0
2025-11-04 04:00:00,0.0
2025-11-04 05:00:00,0.0
2025-11-04 06:00:00,0.0
2025-11-04 07:00:00,0.12450111727496081
2025-11-04 08:00:00,0.31892919478382675
2025-11-04 09:00:00,0.46758790897266295
2025-11-04 10:00:00,0.5596157908194461
2025-11-04 11:00:00,0.6180031350401886
2025-11-04 12:00:00,0.536169692388078
2025-11-04 13:00:00,0.393013974274883
2025-11-04 14:00:00,0.2856444063990395
2025-11-04 15:00:00,0.14665762470678478
2025-11-04 16:00:00,0.061477915754132806
2025-11-04 17:00:00,0.0
2025-11-04 18:00:00,0.0
2025-11-04 19:00:00,0.0
2025-11-04 20:00:00,0.0
2025-11-04 21:00:00,0.0
2025-11-04 22:00:00,0.0
2025-11-04 23:00:00,0.0
2025-11-05 00:00:00,0.0
2025-11-05 01:00:00,0.0
2025-11-05 02:00:00,0.0
2025-11-05 03:00:00,0.0
2025-11-05 04:00:00,0.0
2025-11-05 05:00:00,0.0
2025-11-05 06:00:00,0.0
2025-11-05 07:00:00,0.015630732287578792
2025-11-05 08:00:00,0.027359340085157474
2025-11-05 09:00:00,0.02678124756812042
2025-11-05 10:00:00,0.025869640137408143
2025-11-05 11:00:00,0.050494157930428794
2025-11-05 12:00:00,0.06991584307011596
2025-11-05 13:00:00,0.059132194194617065
2025-11-05 14:00:00,0.050082822870229346
2025-11-05 15:00:00,0.016231059132194196
2025-11-05 16:00:00,0.0013785283098575892
2025-11-05 17:00:00,0.0
2025-11-05 18:00:00,0.0
2025-11-05 19:00:00,0.0
2025-11-05 20:00:00,0.0
2025-11-05 21:00:00,0.0
2025-11-05 22:00:00,0.0
2025-11-05 23:00:00,0.0
2025-11-06 00:00:00,0.0
2025-11-06 01:00:00,0.0
2025-11-06 02:00:00,0.0
2025-11-06 03:00:00,0.0
2025-11-06 04:00:00,0.0
2025-11-06 05:00:00,0.0
2025-11-06 06:00:00,0.0
2025-11-06 07:00:00,0.14185500994986158
2025-11-06 08:00:00,0.3087792242443108
2025-11-06 09:00:00,0.49436915654078334
2025-11-06 10:00:00,0.6682638325310447
2025-11-06 11:00:00,0.7003034985714444
2025-11-06 12:00:00,0.7517092639325855
2025-11-06 13:00:00,0.7112094362486243
2025-11-06 14:00:00,0.5820946960011563
2025-11-06 15:00:00,0.3709797556447399
2025-11-06 16:00:00,0.12606863736923438
2025-11-06 17:00:00,0.0
2025-11-06 18:00:00,0.0
2025-11-06 19:00:00,0.0
2025-11-06 20:00:00,0.0
2025-11-06 21:00:00,0.0
2025-11-06 22:00:00,0.0
2025-11-06 23:00:00,0.0
2025-11-07 00:00:00,0.0
2025-11-07 01:00:00,0.0
2025-11-07 02:00:00,0.0
2025-11-07 03:00:00,0.0
2025-11-07 04:00:00,0.0
2025-11-07 05:00:00,0.0
2025-11-07 06:00:00,0.0
2025-11-07 07:00:00,0.15870863025424953
2025-11-07 08:00:00,0.41286922880234794
2025-11-07 09:00:00,0.6060966526219832
2025-11-07 10:00:00,0.7308756989916732
2025-11-07 11:00:00,0.7836822269902503
2025-11-07 12:00:00,0.7634378717301642
2025-11-07 13:00:00,0.6871296594812731
2025-11-07 14:00:00,0.5446187368678502
2025-11-07 15:00:00,0.3278340429789552
2025-11-07 16:00:00,0.10097719869706841
2025-11-07 17:00:00,0.0
2025-11-07 18:00:00,0.0
2025-11-07 19:00:00,0.0
2025-11-07 20:00:00,0.0
2025-11-07 21:00:00,0.0
2025-11-07 22:00:00,0.0
2025-11-07 23:00:00,0.0
2025-11-08 00:00:00,0.0
2025-11-08 01:00:00,0.0
2025-11-08 02:00:00,0.0
2025-11-08 03:00:00,0.0
2025-11-08 04:00:00,0.0
2025-11-08 05:00:00,0.0
2025-11-08 06:00:00,0.0
2025-11-08 07:00:00,0.15049304621404988
2025-11-08 08:00:00,0.4016853620304388
2025-11-08 09:00:00,0.6007715311669687
2025-11-08 10:00:00,0.7288190236906761
2025-11-08 11:00:00,0.783848984447088
2025-11-08 12:00:00,0.7702193416415605
2025-11-08 13:00:00,0.691142955609165
2025-11-08 14:00:00,0.42058454047203475
2025-11-08 15:00:00,0.2764505119453925
2025-11-08 16:00:00,0.07628597792131273
2025-11-08 17:00:00,0.0
2025-11-08 18:00:00,0.0
2025-11-08 19:00:00,0.0
2025-11-08 20:00:00,0.0
2025-11-08 21:00:00,0.0
2025-11-08 22:00:00,0.0
2025-11-08 23:00:00,0.0
2025-11-09 00:00:00,0.0
2025-11-09 01:00:00,0.0
2025-11-09 02:00:00,0.0
2025-11-09 03:00:00,0.0
2025-11-09 04:00:00,0.0
2025-11-09 05:00:00,0.0
2025-11-09 06:00:00,0.0
2025-11-09 07:00:00,0.113083790063479
2025-11-09 08:00:00,0.3101577525541684
2025-11-09 09:00:00,0.4576825160365088
2025-11-09 10:00:00,0.6165801380751743
2025-11-09 11:00:00,0.654678658380674
2025-11-09 12:00:00,0.5737568231592757
2025-11-09 13:00:00,0.36547675956909875
2025-11-09 14:00:00,0.4204289001789864
2025-11-09 15:00:00,0.2787628820135407
2025-11-09 16:00:00,0.09199453035541573
2025-11-09 17:00:00,0.0
2025-11-09 18:00:00,0.0
2025-11-09 19:00:00,0.0
2025-11-09 20:00:00,0.0
2025-11-09 21:00:00,0.0
2025-11-09 22:00:00,0.0
2025-11-09 23:00:00,0.0
2025-11-10 00:00:00,0.0
2025-11-10 01:00:00,0.0
2025-11-10 02:00:00,0.0
2025-11-10 03:00:00,0.0
2025-11-10 04:00:00,0.0
2025-11-10 05:00:00,0.0
2025-11-10 06:00:00,0.0
2025-11-10 07:00:00,0.11286144678769552
2025-11-10 08:00:00,0.31884025747351336
2025-11-10 09:00:00,0.4773710131071361
2025-11-10 10:00:00,0.6015719669597892
2025-11-10 11:00:00,0.6068970884148036
2025-11-10 12:00:00,0.5490433680559416
2025-11-10 13:00:00,0.4793609854253983
2025-11-10 14:00:00,0.4676768462829763
2025-11-10 15:00:00,0.28479950195106224
2025-11-10 16:00:00,0.08703627530544408
2025-11-10 17:00:00,0.0
2025-11-10 18:00:00,0.0
2025-11-10 19:00:00,0.0
2025-11-10 20:00:00,0.0
2025-11-10 21:00:00,0.0
2025-11-10 22:00:00,0.0
2025-11-10 23:00:00,0.0
2025-11-11 00:00:00,0.0
2025-11-11 01:00:00,0.0
2025-11-11 02:00:00,0.0
2025-11-11 03:00:00,0.0
2025-11-11 04:00:00,0.0
2025-11-11 05:00:00,0.0
2025-11-11 06:00:00,0.0
2025-11-11 07:00:00,0.0854798723749597
2025-11-11 08:00:00,0.28883503240653247
2025-11-11 09:00:00,0.5540572089248591
2025-11-11 10:00:00,0.7251614768040378
2025-11-11 11:00:00,0.7831374859645808
2025-11-11 12:00:00,0.7589020689041811
2025-11-11 13:00:00,0.6805371813542929
2025-11-11 14:00:00,0.5437515980922947
2025-11-11 15:00:00,0.3391068470611777
2025-11-11 16:00:00,0.10654689775544464
2025-11-11 17:00:00,0.0
2025-11-11 18:00:00,0.0
2025-11-11 19:00:00,0.0
2025-11-11 20:00:00,0.0
2025-11-11 21:00:00,0.0
2025-11-11 22:00:00,0.0
2025-11-11 23:00:00,0.0
2025-11-12 00:00:00,0.0
2025-11-12 01:00:00,0.0
2025-11-12 02:00:00,0.0
2025-11-12 03:00:00,0.0
2025-11-12 04:00:00,0.0
2025-11-12 05:00:00,0.0
2025-11-12 06:00:00,0.0
2025-11-12 07:00:00,0.11937610476815154
2025-11-12 08:00:00,0.2957721426109771
2025-11-12 09:00:00,0.4319573990283599
2025-11-12 10:00:00,0.4998721526164245
2025-11-12 11:00:00,0.6745783815632955
2025-11-12 12:00:00,0.7401474135918444
2025-11-12 13:00:00,0.6711654122800191
2025-11-12 14:00:00,0.45622616758012696
2025-11-12 15:00:00,0.3059332303142822
2025-11-12 16:00:00,0.07740881146401929
2025-11-12 17:00:00,0.0
2025-11-12 18:00:00,0.0
2025-11-12 19:00:00,0.0
2025-11-12 20:00:00,0.0
2025-11-12 21:00:00,0.0
2025-11-12 22:00:00,0.0
2025-11-12 23:00:00,0.0
2025-11-13 00:00:00,0.0
2025-11-13 01:00:00,0.0
2025-11-13 02:00:00,0.0
2025-11-13 03:00:00,0.0
2025-11-13 04:00:00,0.0
2025-11-13 05:00:00,0.0
2025-11-13 06:00:00,0.0
2025-11-13 07:00:00,0.0537514869206568
2025-11-13 08:00:00,0.1448121755177819
2025-11-13 09:00:00,0.35833954041644894
2025-11-13 10:00:00,0.5779035252526376
2025-11-13 11:00:00,0.47512534602172296
2025-11-13 12:00:00,0.2934486553790397
2025-11-13 13:00:00,0.10534624406621383
2025-11-13 14:00:00,0.03839868372780736
2025-11-13 15:00:00,0.00969416682415982
2025-11-13 16:00:00,0.0
2025-11-13 17:00:00,0.0
2025-11-13 18:00:00,0.0
2025-11-13 19:00:00,0.0
2025-11-13 20:00:00,0.0
2025-11-13 21:00:00,0.0
2025-11-13 22:00:00,0.0
2025-11-13 23:00:00,0.0
2025-11-14 00:00:00,0.0
2025-11-14 01:00:00,0.0
2025-11-14 02:00:00,0.0
2025-11-14 03:00:00,0.0
2025-11-14 04:00:00,0.0
2025-11-14 05:00:00,0.0
2025-11-14 06:00:00,0.0
2025-11-14 07:00:00,0.067747996131227
2025-11-14 08:00:00,0.34497670954186166
2025-11-14 09:00:00,0.542751053351269
2025-11-14 10:00:00,0.6567464508454604
2025-11-14 11:00:00,0.6300096719324967
2025-11-14 12:00:00,0.4680103611966515
2025-11-14 13:00:00,0.36821158186123554
2025-11-14 14:00:00,0.3220197663172172
2025-11-14 15:00:00,0.18226590032350945
2025-11-14 16:00:00,0.03342931151404654
2025-11-14 17:00:00,0.0
2025-11-14 18:00:00,0.0
2025-11-14 19:00:00,0.0
2025-11-14 20:00:00,0.0
2025-11-14 21:00:00,0.0
2025-11-14 22:00:00,0.0
2025-11-14 23:00:00,0.0
2025-11-15 00:00:00,0.0
2025-11-15 01:00:00,0.0
2025-11-15 02:00:00,0.0
2025-11-15 03:00:00,0.0
2025-11-15 04:00:00,0.0
2025-11-15 05:00:00,0.0
2025-11-15 06:00:00,0.0
2025-11-15 07:00:00,0.10842569843581505
2025-11-15 08:00:00,0.3072672899689831
2025-11-15 09:00:00,0.4516014274438306
2025-11-15 10:00:00,0.5312447888294738
2025-11-15 11:00:00,0.7078075841291369
2025-11-15 12:00:00,0.6580805105001613
2025-11-15 13:00:00,0.6113773054218409
2025-11-15 14:00:00,0.521428333203633
2025-11-15 15:00:00,0.3263221087036275
2025-11-15 16:00:00,0.09555202276795144
2025-11-15 17:00:00,0.0
2025-11-15 18:00:00,0.0
2025-11-15 19:00:00,0.0
2025-11-15 20:00:00,0.0
2025-11-15 21:00:00,0.0
2025-11-15 22:00:00,0.0
2025-11-15 23:00:00,0.0
2025-11-16 00:00:00,0.0
2025-11-16 01:00:00,0.0
2025-11-16 02:00:00,0.0
2025-11-16 03:00:00,0.0
2025-11-16 04:00:00,0.0
2025-11-16 05:00:00,0.0
2025-11-16 06:00:00,0.0
2025-11-16 07:00:00,0.02514702449111183
2025-11-16 08:00:00,0.09489611010439017
2025-11-16 09:00:00,0.2033218085402052
2025-11-16 10:00:00,0.32736712209980995
2025-11-16 11:00:00,0.5449300174539472
2025-11-16 12:00:00,0.6603039432579961
2025-11-16 13:00:00,0.6638280841791642
2025-11-16 14:00:00,0.5490211337283633
2025-11-16 15:00:00,0.33959600226790143
2025-11-16 16:00:00,0.10179986881746728
2025-11-16 17:00:00,0.0
2025-11-16 18:00:00,0.0
2025-11-16 19:00:00,0.0
2025-11-16 20:00:00,0.0
2025-11-16 21:00:00,0.0
2025-11-16 22:00:00,0.0
2025-11-16 23:00:00,0.0
2025-11-17 00:00:00,0.0
2025-11-17 01:00:00,0.0
2025-11-17 02:00:00,0.0
2025-11-17 03:00:00,0.0
2025-11-17 04:00:00,0.0
2025-11-17 05:00:00,0.0
2025-11-17 06:00:00,0.0
2025-11-17 07:00:00,0.06655845960578537
2025-11-17 08:00:00,0.28193127369345533
2025-11-17 09:00:00,0.5573478894064546
2025-11-17 10:00:00,0.7041833887338662
2025-11-17 11:00:00,0.7473402185634401
2025-11-17 12:00:00,0.7117541772742938
2025-11-17 13:00:00,0.6075530010783649
2025-11-17 14:00:00,0.5378039154650865
2025-11-17 15:00:00,0.33510466809707506
2025-11-17 16:00:00,0.10062144945581485
2025-11-17 17:00:00,0.0
2025-11-17 18:00:00,0.0
2025-11-17 19:00:00,0.0
2025-11-17 20:00:00,0.0
2025-11-17 21:00:00,0.0
2025-11-17 22:00:00,0.0
2025-11-17 23:00:00,0.0
2025-11-18 00:00:00,0.0
2025-11-18 01:00:00,0.0
2025-11-18 02:00:00,0.0
2025-11-18 03:00:00,0.0
2025-11-18 04:00:00,0.0
2025-11-18 05:00:00,0.0
2025-11-18 06:00:00,0.0
2025-11-18 07:00:00,0.047270180431568304
2025-11-18 08:00:00,0.24150926615601828
2025-11-18 09:00:00,0.40100721503929915
2025-11-18 10:00:00,0.5434736689975653
2025-11-18 11:00:00,0.6651954953252327
2025-11-18 12:00:00,0.6825160365087658
2025-11-18 13:00:00,0.5830174205956575
2025-11-18 14:00:00,0.40399773209858697
2025-11-18 15:00:00,0.2158175006392369
2025-11-18 16:00:00,0.051783748929972985
2025-11-18 17:00:00,0.0
2025-11-18 18:00:00,0.0
2025-11-18 19:00:00,0.0
2025-11-18 20:00:00,0.0
2025-11-18 21:00:00,0.0
2025-11-18 22:00:00,0.0
2025-11-18 23:00:00,0.0
2025-11-19 00:00:00,0.0
2025-11-19 01:00:00,0.0
2025-11-19 02:00:00,0.0
2025-11-19 03:00:00,0.0
2025-11-19 04:00:00,0.0
2025-11-19 05:00:00,0.0
2025-11-19 06:00:00,0.0
2025-11-19 07:00:00,0.04818178786228058
2025-11-19 08:00:00,0.17408366777467732
2025-11-19 09:00:00,0.3844204066658514
2025-11-19 10:00:00,0.5657858167224378
2025-11-19 11:00:00,0.5453191181865682
2025-11-19 12:00:00,0.5340129626129783
2025-11-19 13:00:00,0.5688875054196174
2025-11-19 14:00:00,0.4311124945803827
2025-11-19 15:00:00,0.2945492545941679
2025-11-19 16:00:00,0.08739202454669764
2025-11-19 17:00:00,0.0
2025-11-19 18:00:00,0.0
2025-11-19 19:00:00,0.0
2025-11-19 20:00:00,0.0
2025-11-19 21:00:00,0.0
2025-11-19 22:00:00,0.0
2025-11-19 23:00:00,0.0
2025-11-20 00:00:00,0.0
2025-11-20 01:00:00,0.0
2025-11-20 02:00:00,0.0
2025-11-20 03:00:00,0.0
2025-11-20 04:00:00,0.0
2025-11-20 05:00:00,0.0
2025-11-20 06:00:00,0.0
2025-11-20 07:00:00,0.08851485808940424
2025-11-20 08:00:00,0.259307845382486
2025-11-20 09:00:00,0.39279163099909953
2025-11-20 10:00:00,0.5981256461851452
2025-11-20 11:00:00,0.717646274082556
2025-11-20 12:00:00,0.7134106346788808
2025-11-20 13:00:00,0.6375582261453459
2025-11-20 14:00:00,0.3255105557470178
2025-11-20 15:00:00,0.1113717468399462
2025-11-20 16:00:00,0.03765383375393269
2025-11-20 17:00:00,0.0
2025-11-20 18:00:00,0.0
2025-11-20 19:00:00,0.0
2025-11-20 20:00:00,0.0
2025-11-20 21:00:00,0.0
2025-11-20 22:00:00,0.0
2025-11-20 23:00:00,0.0
2025-11-21 00:00:00,0.0
2025-11-21 01:00:00,0.0
2025-11-21 02:00:00,0.0
2025-11-21 03:00:00,0.0
2025-11-21 04:00:00,0.0
2025-11-21 05:00:00,0.0
2025-11-21 06:00:00,0.0
2025-11-21 07:00:00,0.0947515869751309
2025-11-21 08:00:00,0.25597269624573377
2025-11-21 09:00:00,0.4373381063023201
2025-11-21 10:00:00,0.6304098898289068
2025-11-21 11:00:00,0.7008927082522707
2025-11-21 12:00:00,0.5852408533534924
2025-11-21 13:00:00,0.4507565229958533
2025-11-21 14:00:00,0.20172093695456414
2025-11-21 15:00:00,0.09535191381974631
2025-11-21 16:00:00,0.0432346499760981
2025-11-21 17:00:00,0.0
2025-11-21 18:00:00,0.0
2025-11-21 19:00:00,0.0
2025-11-21 20:00:00,0.0
2025-11-21 21:00:00,0.0
2025-11-21 22:00:00,0.0
2025-11-21 23:00:00,0.0
2025-11-22 00:00:00,0.0
2025-11-22 01:00:00,0.0
2025-11-22 02:00:00,0.0
2025-11-22 03:00:00,0.0
2025-11-22 04:00:00,0.0
2025-11-22 05:00:00,0.0
2025-11-22 06:00:00,0.0
2025-11-22 07:00:00,0.09707507420706829
2025-11-22 08:00:00,0.35329234805616394
2025-11-22 09:00:00,0.557114428966882
2025-11-22 10:00:00,0.6950673144267435
2025-11-22 11:00:00,0.7488855043301353
2025-11-22 12:00:00,0.7338773332147502
2025-11-22 13:00:00,0.6722993629865149
2025-11-22 14:00:00,0.5014174383831197
2025-11-22 15:00:00,0.2622538937866172
2025-11-22 16:00:00,0.04952696468077064
2025-11-22 17:00:00,0.0
2025-11-22 18:00:00,0.0
2025-11-22 19:00:00,0.0
2025-11-22 20:00:00,0.0
2025-11-22 21:00:00,0.0
2025-11-22 22:00:00,0.0
2025-11-22 23:00:00,0.0
2025-11-23 00:00:00,0.0
2025-11-23 01:00:00,0.0
2025-11-23 02:00:00,0.0
2025-11-23 03:00:00,0.0
2025-11-23 04:00:00,0.0
2025-11-23 05:00:00,0.0
2025-11-23 06:00:00,0.0
2025-11-23 07:00:00,0.09129414903669776
2025-11-23 08:00:00,0.3450878811797535
2025-11-23 09:00:00,0.5557803693121811
2025-11-23 10:00:00,0.7214928127536103
2025-11-23 11:00:00,0.7769007570788541
2025-11-23 12:00:00,0.7742326377694522
2025-11-23 13:00:00,0.7026825716223277
2025-11-23 14:00:00,0.5553467999244033
2025-11-23 15:00:00,0.33944036197485294
2025-11-23 16:00:00,0.09529632800080043
2025-11-23 17:00:00,0.0
2025-11-23 18:00:00,0.0
2025-11-23 19:00:00,0.0
2025-11-23 20:00:00,0.0
2025-11-23 21:00:00,0.0
2025-11-23 22:00:00,0.0
2025-11-23 23:00:00,0.0
2025-11-24 00:00:00,0.0
2025-11-24 01:00:00,0.0
2025-11-24 02:00:00,0.0
2025-11-24 03:00:00,0.0
2025-11-24 04:00:00,0.0
2025-11-24 05:00:00,0.0
2025-11-24 06:00:00,0.0
2025-11-24 07:00:00,0.11610765861413436
2025-11-24 08:00:00,0.37739435915109343
2025-11-24 09:00:00,0.5876532778957433
2025-11-24 10:00:00,0.7221931940723283
2025-11-24 11:00:00,0.7853720358862047
2025-11-24 12:00:00,0.7815254972151505
2025-11-24 13:00:00,0.7089748863270002
2025-11-24 14:00:00,0.5621727384909562
2025-11-24 15:00:00,0.3445987259730298
2025-11-24 16:00:00,0.0963858100521395
2025-11-24 17:00:00,0.0
2025-11-24 18:00:00,0.0
2025-11-24 19:00:00,0.0
2025-11-24 20:00:00,0.0
2025-11-24 21:00:00,0.0
2025-11-24 22:00:00,0.0
2025-11-24 23:00:00,0.0
2025-11-25 00:00:00,0.0
2025-11-25 01:00:00,0.0
2025-11-25 02:00:00,0.0
2025-11-25 03:00:00,0.0
2025-11-25 04:00:00,0.0
2025-11-25 05:00:00,0.0
2025-11-25 06:00:00,0.0
2025-11-25 07:00:00,0.1137730542184078
2025-11-25 08:00:00,0.3747151226779024
2025-11-25 09:00:00,0.5885204166712988
2025-11-25 10:00:00,0.7264177163122144
2025-11-25 11:00:00,0.7895298551433559
2025-11-25 12:00:00,0.7826705650854354
2025-11-25 13:00:00,0.7089304176718436
2025-11-25 14:00:00,0.563306689197452
2025-11-25 15:00:00,0.34498782670565087
2025-11-25 16:00:00,0.09639692721592867
2025-11-25 17:00:00,0.0
2025-11-25 18:00:00,0.0
2025-11-25 19:00:00,0.0
2025-11-25 20:00:00,0.0
2025-11-25 21:00:00,0.0
2025-11-25 22:00:00,0.0
2025-11-25 23:00:00,0.0
2025-11-26 00:00:00,0.0
2025-11-26 01:00:00,0.0
2025-11-26 02:00:00,0.0
2025-11-26 03:00:00,0.0
2025-11-26 04:00:00,0.0
2025-11-26 05:00:00,0.0
2025-11-26 06:00:00,0.0
2025-11-26 07:00:00,0.10165534568820803
2025-11-26 08:00:00,0.3479783437649387
2025-11-26 09:00:00,0.5607830930173094
2025-11-26 10:00:00,0.701804315682983
2025-11-26 11:00:00,0.7677957999355205
2025-11-26 12:00:00,0.7627486075752354
2025-11-26 13:00:00,0.6865960356193929
2025-11-26 14:00:00,0.5420506720325511
2025-11-26 15:00:00,0.3274004735911774
2025-11-26 16:00:00,0.08910406777023047
2025-11-26 17:00:00,0.0
2025-11-26 18:00:00,0.0
2025-11-26 19:00:00,0.0
2025-11-26 20:00:00,0.0
2025-11-26 21:00:00,0.0
2025-11-26 22:00:00,0.0
2025-11-26 23:00:00,0.0
2025-11-27 00:00:00,0.0
2025-11-27 01:00:00,0.0
2025-11-27 02:00:00,0.0
2025-11-27 03:00:00,0.0
2025-11-27 04:00:00,0.0
2025-11-27 05:00:00,0.0
2025-11-27 06:00:00,0.0
2025-11-27 07:00:00,0.08062167179909062
2025-11-27 08:00:00,0.2802970506164467
2025-11-27 09:00:00,0.4683438761103267
2025-11-27 10:00:00,0.6109882046892198
2025-11-27 11:00:00,0.6535891763293349
2025-11-27 12:00:00,0.5153361274471657
2025-11-27 13:00:00,0.5227735100221231
2025-11-27 14:00:00,0.43797178463830305
2025-11-27 15:00:00,0.2671676801814321
2025-11-27 16:00:00,0.08116641282476016
2025-11-27 17:00:00,0.0
2025-11-27 18:00:00,0.0
2025-11-27 19:00:00,0.0
2025-11-27 20:00:00,0.0
2025-11-27 21:00:00,0.0
2025-11-27 22:00:00,0.0
2025-11-27 23:00:00,0.0
2025-11-28 00:00:00,0.0
2025-11-28 01:00:00,0.0
2025-11-28 02:00:00,0.0
2025-11-28 03:00:00,0.0
2025-11-28 04:00:00,0.0
2025-11-28 05:00:00,0.0
2025-11-28 06:00:00,0.0
2025-11-28 07:00:00,0.062278351546953346
2025-11-28 08:00:00,0.35637180242576516
2025-11-28 09:00:00,0.5815610721392759
2025-11-28 10:00:00,0.7390023457215595
2025-11-28 11:00:00,0.815844181832331
2025-11-28 12:00:00,0.8074062545163477
2025-11-28 13:00:00,0.7266734110793654
2025-11-28 14:00:00,0.5316783582172516
2025-11-28 15:00:00,0.32288690509277274
2025-11-28 16:00:00,0.06877077519983102
2025-11-28 17:00:00,0.0
2025-11-28 18:00:00,0.0
2025-11-28 19:00:00,0.0
2025-11-28 20:00:00,0.0
2025-11-28 21:00:00,0.0
2025-11-28 22:00:00,0.0
2025-11-28 23:00:00,0.0
2025-11-29 00:00:00,0.0
2025-11-29 01:00:00,0.0
2025-11-29 02:00:00,0.0
2025-11-29 03:00:00,0.0
2025-11-29 04:00:00,0.0
2025-11-29 05:00:00,0.0
2025-11-29 06:00:00,0.0
2025-11-29 07:00:00,0.0992206868183789
2025-11-29 08:00:00,0.36718880279263155
2025-11-29 09:00:00,0.5892763838089626
2025-11-29 10:00:00,0.7331769518960323
2025-11-29 11:00:00,0.8016030950183989
2025-11-29 12:00:00,0.7952774288223589
2025-11-29 13:00:00,0.716745783815633
2025-11-29 14:00:00,0.5671532278685062
2025-11-29 15:00:00,0.34755589154095007
2025-11-29 16:00:00,0.09545196829384887
2025-11-29 17:00:00,0.0
2025-11-29 18:00:00,0.0
2025-11-29 19:00:00,0.0
2025-11-29 20:00:00,0.0
2025-11-29 21:00:00,0.0
2025-11-29 22:00:00,0.0
2025-11-29 23:00:00,0.0
2025-11-30 00:00:00,0.0
2025-11-30 01:00:00,0.0
2025-11-30 02:00:00,0.0
2025-11-30 03:00:00,0.0
2025-11-30 04:00:00,0.0
2025-11-30 05:00:00,0.0
2025-11-30 06:00:00,0.0
2025-11-30 07:00:00,0.09278384898444708
2025-11-30 08:00:00,0.35391490922835767
2025-11-30 09:00:00,0.5691765516781359
2025-11-30 10:00:00,0.7078298184567153
2025-11-30 11:00:00,0.7723760714166602
2025-11-30 12:00:00,0.7677513312803638
2025-11-30 13:00:00,0.6949561427888518
2025-11-30 14:00:00,0.5514446754344031
2025-11-30 15:00:00,0.3345821613989839
2025-11-30 16:00:00,0.09109404008849262
2025-11-30 17:00:00,0.0
2025-11-30 18:00:00,0.0
2025-11-30 19:00:00,0.0
2025-11-30 20:00:00,0.0
2025-11-30 21:00:00,0.0
2025-11-30 22:00:00,0.0
2025-11-30 23:00:00,0.0
2025-12-01 00:00:00,0.0
2025-12-01 01:00:00,0.0
2025-12-01 02:00:00,0.0
2025-12-01 03:00:00,0.0
2025-12-01 04:00:00,0.0
2025-12-01 05:00:00,0.0
2025-12-01 06:00:00,0.0
2025-12-01 07:00:00,0.08743649320185436
2025-12-01 08:00:00,0.2842547609253927
2025-12-01 09:00:00,0.43682671676801815
2025-12-01 10:00:00,0.4622405531900702
2025-12-01 11:00:00,0.4971039788329201
2025-12-01 12:00:00,0.5490656023835199
2025-12-01 13:00:00,0.4972596191259686
2025-12-01 14:00:00,0.2643883892341386
2025-12-01 15:00:00,0.13366166023724027
2025-12-01 16:00:00,0.014252203977721204
2025-12-01 17:00:00,0.0
2025-12-01 18:00:00,0.0
2025-12-01 19:00:00,0.0
2025-12-01 20:00:00,0.0
2025-12-01 21:00:00,0.0
2025-12-01 22:00:00,0.0
2025-12-01 23:00:00,0.0
2025-12-02 00:00:00,0.0
2025-12-02 01:00:00,0.0
2025-12-02 02:00:00,0.0
2025-12-02 03:00:00,0.0
2025-12-02 04:00:00,0.0
2025-12-02 05:00:00,0.0
2025-12-02 06:00:00,0.0
2025-12-02 07:00:00,0.08133317028159776
2025-12-02 08:00:00,0.33418194350257363
2025-12-02 09:00:00,0.5624395504218964
2025-12-02 10:00:00,0.7110093273004191
2025-12-02 11:00:00,0.7791797756556348
2025-12-02 12:00:00,0.7727207034941247
2025-12-02 13:00:00,0.6927438271948061
2025-12-02 14:00:00,0.4339807228379896
2025-12-02 15:00:00,0.218952540827784
2025-12-02 16:00:00,0.06172249335749464
2025-12-02 17:00:00,0.0
2025-12-02 18:00:00,0.0
2025-12-02 19:00:00,0.0
2025-12-02 20:00:00,0.0
2025-12-02 21:00:00,0.0
2025-12-02 22:00:00,0.0
2025-12-02 23:00:00,0.0
2025-12-03 00:00:00,0.0
2025-12-03 01:00:00,0.0
2025-12-03 02:00:00,0.0
2025-12-03 03:00:00,0.0
2025-12-03 04:00:00,0.0
2025-12-03 05:00:00,0.0
2025-12-03 06:00:00,0.0
2025-12-03 07:00:00,0.0056141677135329235
2025-12-03 08:00:00,0.06751453569165435
2025-12-03 09:00:00,0.13691898922746829
2025-12-03 10:00:00,0.32133050216228837
2025-12-03 11:00:00,0.4606285644406399
2025-12-03 12:00:00,0.18481173083123034
2025-12-03 13:00:00,0.10931507153894898
2025-12-03 14:00:00,0.09842025102555836
2025-12-03 15:00:00,0.11230558859823682
2025-12-03 16:00:00,0.0493713243877222
2025-12-03 17:00:00,0.0
2025-12-03 18:00:00,0.0
2025-12-03 19:00:00,0.0
2025-12-03 20:00:00,0.0
2025-12-03 21:00:00,0.0
2025-12-03 22:00:00,0.0
2025-12-03 23:00:00,0.0
2025-12-04 00:00:00,0.0
2025-12-04 01:00:00,0.0
2025-12-04 02:00:00,0.0
2025-12-04 03:00:00,0.0
2025-12-04 04:00:00,0.0
2025-12-04 05:00:00,0.0
2025-12-04 06:00:00,0.0
2025-12-04 07:00:00,0.0929506064412847
2025-12-04 08:00:00,0.3748596458071617
2025-12-04 09:00:00,0.6218163222198754
2025-12-04 10:00:00,0.7879401007215039
2025-12-04 11:00:00,0.8705850963302243
2025-12-04 12:00:00,0.8719413903125035
2025-12-04 13:00:00,0.791075140910051
2025-12-04 14:00:00,0.6263410078820691
2025-12-04 15:00:00,0.384587164122689
2025-12-04 16:00:00,0.10790319173772388
2025-12-04 17:00:00,0.0
2025-12-04 18:00:00,0.0
2025-12-04 19:00:00,0.0
2025-12-04 20:00:00,0.0
2025-12-04 21:00:00,0.0
2025-12-04 22:00:00,0.0
2025-12-04 23:00:00,0.0
2025-12-05 00:00:00,0.0
2025-12-05 01:00:00,0.0
2025-12-05 02:00:00,0.0
2025-12-05 03:00:00,0.0
2025-12-05 04:00:00,0.0
2025-12-05 05:00:00,0.0
2025-12-05 06:00:00,0.0
2025-12-05 07:00:00,0.06584696112327823
2025-12-05 08:00:00,0.3257662505141688
2025-12-05 09:00:00,0.5152138386454848
2025-12-05 10:00:00,0.6306433502684795
2025-12-05 11:00:00,0.6959789218574557
2025-12-05 12:00:00,0.7370568420584541
2025-12-05 13:00:00,0.6554790941734945
2025-12-05 14:00:00,0.6030505497437494
2025-12-05 15:00:00,0.36928994674878546
2025-12-05 16:00:00,0.10222232104145591
2025-12-05 17:00:00,0.0
2025-12-05 18:00:00,0.0
2025-12-05 19:00:00,0.0
2025-12-05 20:00:00,0.0
2025-12-05 21:00:00,0.0
2025-12-05 22:00:00,0.0
2025-12-05 23:00:00,0.0
2025-12-06 00:00:00,0.0
2025-12-06 01:00:00,0.0
2025-12-06 02:00:00,0.0
2025-12-06 03:00:00,0.0
2025-12-06 04:00:00,0.0
2025-12-06 05:00:00,0.0
2025-12-06 06:00:00,0.0
2025-12-06 07:00:00,0.08305633066891974
2025-12-06 08:00:00,0.3508465720225456
2025-12-06 09:00:00,0.5807050505275094
2025-12-06 10:00:00,0.7318206579137531
2025-12-06 11:00:00,0.8055608053273449
2025-12-06 12:00:00,0.8053051105601939
2025-12-06 13:00:00,0.733410412335605
2025-12-06 14:00:00,0.5815944236306433
2025-12-06 15:00:00,0.3587397583128592
2025-12-06 16:00:00,0.09966537336994587
2025-12-06 17:00:00,0.0
2025-12-06 18:00:00,0.0
2025-12-06 19:00:00,0.0
2025-12-06 20:00:00,0.0
2025-12-06 21:00:00,0.0
2025-12-06 22:00:00,0.0
2025-12-06 23:00:00,0.0
2025-12-07 00:00:00,0.0
2025-12-07 01:00:00,0.0
2025-12-07 02:00:00,0.0
2025-12-07 03:00:00,0.0
2025-12-07 04:00:00,0.0
2025-12-07 05:00:00,0.0
2025-12-07 06:00:00,0.0
2025-12-07 07:00:00,0.08022145390268035
2025-12-07 08:00:00,0.34296450289602115
2025-12-07 09:00:00,0.5647519204900446
2025-12-07 10:00:00,0.7062734155262309
2025-12-07 11:00:00,0.7818478949650365
2025-12-07 12:00:00,0.7860501828773443
2025-12-07 13:00:00,0.7172127046947783
2025-12-07 14:00:00,0.57531322608976
2025-12-07 15:00:00,0.35692766061522385
2025-12-07 16:00:00,0.09993218530088605
2025-12-07 17:00:00,0.0
2025-12-07 18:00:00,0.0
2025-12-07 19:00:00,0.0
2025-12-07 20:00:00,0.0
2025-12-07 21:00:00,0.0
2025-12-07 22:00:00,0.0
2025-12-07 23:00:00,0.0
2025-12-08 00:00:00,0.0
2025-12-08 01:00:00,0.0
2025-12-08 02:00:00,0.0
2025-12-08 03:00:00,0.0
2025-12-08 04:00:00,0.0
2025-12-08 05:00:00,0.0
2025-12-08 06:00:00,0.0
2025-12-08 07:00:00,0.07628597792131273
2025-12-08 08:00:00,0.33361496814932573
2025-12-08 09:00:00,0.5559693610965971
2025-12-08 10:00:00,0.6978688397016154
2025-12-08 11:00:00,0.7651721492812753
2025-12-08 12:00:00,0.7641271358850931
2025-12-08 13:00:00,0.6941557069960311
2025-12-08 14:00:00,0.5521005880979645
2025-12-08 15:00:00,0.3392624873542262
2025-12-08 16:00:00,0.09373992507031606
2025-12-08 17:00:00,0.0
2025-12-08 18:00:00,0.0
2025-12-08 19:00:00,0.0
2025-12-08 20:00:00,0.0
2025-12-08 21:00:00,0.0
2025-12-08 22:00:00,0.0
2025-12-08 23:00:00,0.0
2025-12-09 00:00:00,0.0
2025-12-09 01:00:00,0.0
2025-12-09 02:00:00,0.0
2025-12-09 03:00:00,0.0
2025-12-09 04:00:00,0.0
2025-12-09 05:00:00,0.0
2025-12-09 06:00:00,0.0
2025-12-09 07:00:00,0.024457760336183035
2025-12-09 08:00:00,0.26835721670687374
2025-12-09 09:00:00,0.48035041300263476
2025-12-09 10:00:00,0.650598659270047
2025-12-09 11:00:00,0.7632044112905916
2025-12-09 12:00:00,0.7651943836088536
2025-12-09 13:00:00,0.6941557069960311
2025-12-09 14:00:00,0.41836110771419993
2025-12-09 15:00:00,0.20811330613333925
2025-12-09 16:00:00,0.0534513234983491
2025-12-09 17:00:00,0.0
2025-12-09 18:00:00,0.0
2025-12-09 19:00:00,0.0
2025-12-09 20:00:00,0.0
2025-12-09 21:00:00,0.0
2025-12-09 22:00:00,0.0
2025-12-09 23:00:00,0.0
2025-12-10 00:00:00,0.0
2025-12-10 01:00:00,0.0
2025-12-10 02:00:00,0.0
2025-12-10 03:00:00,0.0
2025-12-10 04:00:00,0.0
2025-12-10 05:00:00,0.0
2025-12-10 06:00:00,0.0
2025-12-10 07:00:00,0.01576413825304888
2025-12-10 08:00:00,0.06940445353581394
2025-12-10 09:00:00,0.09893164055986037
2025-12-10 10:00:00,0.15278318195461973
2025-12-10 11:00:00,0.25822948049493616
2025-12-10 12:00:00,0.2795299663149937
2025-12-10 13:00:00,0.13976498315749686
2025-12-10 14:00:00,0.11645229069159876
2025-12-10 15:00:00,0.04186723883002968
2025-12-10 16:00:00,0.004669208791453125
2025-12-10 17:00:00,0.0
2025-12-10 18:00:00,0.0
2025-12-10 19:00:00,0.0
2025-12-10 20:00:00,0.0
2025-12-10 21:00:00,0.0
2025-12-10 22:00:00,0.0
2025-12-10 23:00:00,0.0
2025-12-11 00:00:00,0.0
2025-12-11 01:00:00,0.0
2025-12-11 02:00:00,0.0
2025-12-11 03:00:00,0.0
2025-12-11 04:00:00,0.0
2025-12-11 05:00:00,0.0
2025-12-11 06:00:00,0.0
2025-12-11 07:00:00,0.06929328189792221
2025-12-11 08:00:00,0.32394303565274424
2025-12-11 09:00:00,0.5594712676901868
2025-12-11 10:00:00,0.7168680726173139
2025-12-11 11:00:00,0.7814143255772588
2025-12-11 12:00:00,0.7756334004068882
2025-12-11 13:00:00,0.7086969572322709
2025-12-11 14:00:00,0.5536458738646597
2025-12-11 15:00:00,0.35736123000300163
2025-12-11 16:00:00,0.09201676468299406
2025-12-11 17:00:00,0.0
2025-12-11 18:00:00,0.0
2025-12-11 19:00:00,0.0
2025-12-11 20:00:00,0.0
2025-12-11 21:00:00,0.0
2025-12-11 22:00:00,0.0
2025-12-11 23:00:00,0.0
2025-12-12 00:00:00,0.0
2025-12-12 01:00:00,0.0
2025-12-12 02:00:00,0.0
2025-12-12 03:00:00,0.0
2025-12-12 04:00:00,0.0
2025-12-12 05:00:00,0.0
2025-12-12 06:00:00,0.0
2025-12-12 07:00:00,0.06755900434681104
2025-12-12 08:00:00,0.3187513201632
2025-12-12 09:00:00,0.5446187368678502
2025-12-12 10:00:00,0.6903981056352904
2025-12-12 11:00:00,0.7603250658691955
2025-12-12 12:00:00,0.7805027181465465
2025-12-12 13:00:00,0.7181354292892798
2025-12-12 14:00:00,0.5739680492712699
2025-12-12 15:00:00,0.3495680981867906
2025-12-12 16:00:00,0.09840913386176918
2025-12-12 17:00:00,0.0
2025-12-12 18:00:00,0.0
2025-12-12 19:00:00,0.0
2025-12-12 20:00:00,0.0
2025-12-12 21:00:00,0.0
2025-12-12 22:00:00,0.0
2025-12-12 23:00:00,0.0
2025-12-13 00:00:00,0.0
2025-12-13 01:00:00,0.0
2025-12-13 02:00:00,0.0
2025-12-13 03:00:00,0.0
2025-12-13 04:00:00,0.0
2025-12-13 05:00:00,0.0
2025-12-13 06:00:00,0.0
2025-12-13 07:00:00,0.06970461695812165
2025-12-13 08:00:00,0.32683349823792957
2025-12-13 09:00:00,0.5572811864237196
2025-12-13 10:00:00,0.7105424064212738
2025-12-13 11:00:00,0.7938099632021878
2025-12-13 12:00:00,0.8046603150604218
2025-12-13 13:00:00,0.7391468688508188
2025-12-13 14:00:00,0.5859523518359997
2025-12-13 15:00:00,0.33691676579471047
2025-12-13 16:00:00,0.08181120832453224
2025-12-13 17:00:00,0.0
2025-12-13 18:00:00,0.0
2025-12-13 19:00:00,0.0
2025-12-13 20:00:00,0.0
2025-12-13 21:00:00,0.0
2025-12-13 22:00:00,0.0
2025-12-13 23:00:00,0.0
2025-12-14 00:00:00,0.0
2025-12-14 01:00:00,0.0
2025-12-14 02:00:00,0.0
2025-12-14 03:00:00,0.0
2025-12-14 04:00:00,0.0
2025-12-14 05:00:00,0.0
2025-12-14 06:00:00,0.0
2025-12-14 07:00:00,0.06807039388111305
2025-12-14 08:00:00,0.3241209102733711
2025-12-14 09:00:00,0.5544463096574802
2025-12-14 10:00:00,0.7093528698958322
2025-12-14 11:00:00,0.793498682616091
2025-12-14 12:00:00,0.807094973930251
2025-12-14 13:00:00,0.7418816911429557
2025-12-14 14:00:00,0.5964691887805583
2025-12-14 15:00:00,0.37551555847072293
2025-12-14 16:00:00,0.11100488043490345
2025-12-14 17:00:00,0.0
2025-12-14 18:00:00,0.0
2025-12-14 19:00:00,0.0
2025-12-14 20:00:00,0.0
2025-12-14 21:00:00,0.0
2025-12-14 22:00:00,0.0
2025-12-14 23:00:00,0.0
2025-12-15 00:00:00,0.0
2025-12-15 01:00:00,0.0
2025-12-15 02:00:00,0.0
2025-12-15 03:00:00,0.0
2025-12-15 04:00:00,0.0
2025-12-15 05:00:00,0.0
2025-12-15 06:00:00,0.0
2025-12-15 07:00:00,0.07048281842336383
2025-12-15 08:00:00,0.33574946359684715
2025-12-15 09:00:00,0.5796600371313271
2025-12-15 10:00:00,0.740369756867628
2025-12-15 11:00:00,0.8226256517437271
2025-12-15 12:00:00,0.8312859223354938
2025-12-15 13:00:00,0.7619704061099932
2025-12-15 14:00:00,0.6123111471801314
2025-12-15 15:00:00,0.3849429133639426
2025-12-15 16:00:00,0.11539616013162722
2025-12-15 17:00:00,0.0
2025-12-15 18:00:00,0.0
2025-12-15 19:00:00,0.0
2025-12-15 20:00:00,0.0
2025-12-15 21:00:00,0.0
2025-12-15 22:00:00,0.0
2025-12-15 23:00:00,0.0
2025-12-16 00:00:00,0.0
2025-12-16 01:00:00,0.0
2025-12-16 02:00:00,0.0
2025-12-16 03:00:00,0.0
2025-12-16 04:00:00,0.0
2025-12-16 05:00:00,0.0
2025-12-16 06:00:00,0.0
2025-12-16 07:00:00,0.06706984914008737
2025-12-16 08:00:00,0.32492134606619155
2025-12-16 09:00:00,0.5661526831274805
2025-12-16 10:00:00,0.7259285611054908
2025-12-16 11:00:00,0.8055274538359775
2025-12-16 12:00:00,0.8110082155840402
2025-12-16 13:00:00,0.7426932440995653
2025-12-16 14:00:00,0.5984591610988206
2025-12-16 15:00:00,0.3765161032117486
2025-12-16 16:00:00,0.11349512512367846
2025-12-16 17:00:00,0.0
2025-12-16 18:00:00,0.0
2025-12-16 19:00:00,0.0
2025-12-16 20:00:00,0.0
2025-12-16 21:00:00,0.0
2025-12-16 22:00:00,0.0
2025-12-16 23:00:00,0.0
2025-12-17 00:00:00,0.0
2025-12-17 01:00:00,0.0
2025-12-17 02:00:00,0.0
2025-12-17 03:00:00,0.0
2025-12-17 04:00:00,0.0
2025-12-17 05:00:00,0.0
2025-12-17 06:00:00,0.0
2025-12-17 07:00:00,0.06582472679569988
2025-12-17 08:00:00,0.32245333570499496
2025-12-17 09:00:00,0.5714666874187057
2025-12-17 10:00:00,0.7426376582806195
2025-12-17 11:00:00,0.8320307723093684
2025-12-17 12:00:00,0.8458271725717336
2025-12-17 13:00:00,0.7785905659748086
2025-12-17 14:00:00,0.6288090182432657
2025-12-17 15:00:00,0.3979277606696979
2025-12-17 16:00:00,0.12266678524974708
2025-12-17 17:00:00,0.0
2025-12-17 18:00:00,0.0
2025-12-17 19:00:00,0.0
2025-12-17 20:00:00,0.0
2025-12-17 21:00:00,0.0
2025-12-17 22:00:00,0.0
2025-12-17 23:00:00,0.0
2025-12-18 00:00:00,0.0
2025-12-18 01:00:00,0.0
2025-12-18 02:00:00,0.0
2025-12-18 03:00:00,0.0
2025-12-18 04:00:00,0.0
2025-12-18 05:00:00,0.0
2025-12-18 06:00:00,0.0
2025-12-18 07:00:00,0.06803704238974553
2025-12-18 08:00:00,0.32792298028926864
2025-12-18 09:00:00,0.5700770419450589
2025-12-18 10:00:00,0.7319762982068014
2025-12-18 11:00:00,0.8135651632555502
2025-12-18 12:00:00,0.8186345899434136
2025-12-18 13:00:00,0.7468621805205056
2025-12-18 14:00:00,0.6028615579593334
2025-12-18 15:00:00,0.36337561561294485
2025-12-18 16:00:00,0.1011106046625385
2025-12-18 17:00:00,0.0
2025-12-18 18:00:00,0.0
2025-12-18 19:00:00,0.0
2025-12-18 20:00:00,0.0
2025-12-18 21:00:00,0.0
2025-12-18 22:00:00,0.0
2025-12-18 23:00:00,0.0
2025-12-19 00:00:00,0.0
2025-12-19 01:00:00,0.0
2025-12-19 02:00:00,0.0
2025-12-19 03:00:00,0.0
2025-12-19 04:00:00,0.0
2025-12-19 05:00:00,0.0
2025-12-19 06:00:00,0.0
2025-12-19 07:00:00,0.06113328367666841
2025-12-19 08:00:00,0.3053551377972452
2025-12-19 09:00:00,0.5399828795677647
2025-12-19 10:00:00,0.6945559248924414
2025-12-19 11:00:00,0.7697968894175719
2025-12-19 12:00:00,0.7723538370890819
2025-12-19 13:00:00,0.7052951051127836
2025-12-19 14:00:00,0.5678091405320674
2025-12-19 15:00:00,0.3600404664761926
2025-12-19 16:00:00,0.11010439016798035
2025-12-19 17:00:00,0.0
2025-12-19 18:00:00,0.0
2025-12-19 19:00:00,0.0
2025-12-19 20:00:00,0.0
2025-12-19 21:00:00,0.0
2025-12-19 22:00:00,0.0
2025-12-19 23:00:00,0.0
2025-12-20 00:00:00,0.0
2025-12-20 01:00:00,0.0
2025-12-20 02:00:00,0.0
2025-12-20 03:00:00,0.0
2025-12-20 04:00:00,0.0
2025-12-20 05:00:00,0.0
2025-12-20 06:00:00,0.0
2025-12-20 07:00:00,0.0064257206701426334
2025-12-20 08:00:00,0.07474069215461752
2025-12-20 09:00:00,0.3597291858900957
2025-12-20 10:00:00,0.4893330813442875
2025-12-20 11:00:00,0.5069982546052851
2025-12-20 12:00:00,0.5421173750152861
2025-12-20 13:00:00,0.45896098987226375
2025-12-20 14:00:00,0.20463363386732777
2025-12-20 15:00:00,0.15809718624584498
2025-12-20 16:00:00,0.07778679503285121
2025-12-20 17:00:00,0.0
2025-12-20 18:00:00,0.0
2025-12-20 19:00:00,0.0
2025-12-20 20:00:00,0.0
2025-12-20 21:00:00,0.0
2025-12-20 22:00:00,0.0
2025-12-20 23:00:00,0.0
2025-12-21 00:00:00,0.0
2025-12-21 01:00:00,0.0
2025-12-21 02:00:00,0.0
2025-12-21 03:00:00,0.0
2025-12-21 04:00:00,0.0
2025-12-21 05:00:00,0.0
2025-12-21 06:00:00,0.0
2025-12-21 07:00:00,0.006236728885726674
2025-12-21 08:00:00,0.32179742304143366
2025-12-21 09:00:00,0.5929672821869685
2025-12-21 10:00:00,0.7839601560849796
2025-12-21 11:00:00,0.8826472190414782
2025-12-21 12:00:00,0.8947315760803105
2025-12-21 13:00:00,0.8217585129681715
2025-12-21 14:00:00,0.6634056319551757
2025-12-21 15:00:00,0.42482017987571014
2025-12-21 16:00:00,0.13840868917521762
2025-12-21 17:00:00,0.0
2025-12-21 18:00:00,0.0
2025-12-21 19:00:00,0.0
2025-12-21 20:00:00,0.0
2025-12-21 21:00:00,0.0
2025-12-21 22:00:00,0.0
2025-12-21 23:00:00,0.0
2025-12-22 00:00:00,0.0
2025-12-22 01:00:00,0.0
2025-12-22 02:00:00,0.0
2025-12-22 03:00:00,0.0
2025-12-22 04:00:00,0.0
2025-12-22 05:00:00,0.0
2025-12-22 06:00:00,0.0
2025-12-22 07:00:00,0.005180598325755134
2025-12-22 08:00:00,0.3111916487865616
2025-12-22 09:00:00,0.5558470722949161
2025-12-22 10:00:00,0.7192916143233539
2025-12-22 11:00:00,0.8024257651387977
2025-12-22 12:00:00,0.8096408044379718
2025-12-22 13:00:00,0.7437271403319585
2025-12-22 14:00:00,0.6029727295972251
2025-12-22 15:00:00,0.3862102700359084
2025-12-22 16:00:00,0.12483463218863604
2025-12-22 17:00:00,0.0
2025-12-22 18:00:00,0.0
2025-12-22 19:00:00,0.0
2025-12-22 20:00:00,0.0
2025-12-22 21:00:00,0.0
2025-12-22 22:00:00,0.0
2025-12-22 23:00:00,0.0
2025-12-23 00:00:00,0.0
2025-12-23 01:00:00,0.0
2025-12-23 02:00:00,0.0
2025-12-23 03:00:00,0.0
2025-12-23 04:00:00,0.0
2025-12-23 05:00:00,0.0
2025-12-23 06:00:00,0.0
2025-12-23 07:00:00,0.004791497593134039
2025-12-23 08:00:00,0.3020644573156496
2025-12-23 09:00:00,0.5433847316872519
2025-12-23 10:00:00,0.7048615357250058
2025-12-23 11:00:00,0.783604406843726
2025-12-23 12:00:00,0.7887405365143245
2025-12-23 13:00:00,0.7231492701581973
2025-12-23 14:00:00,0.5874754032751165
2025-12-23 15:00:00,0.37899523073673447
2025-12-23 16:00:00,0.12507920979199788
2025-12-23 17:00:00,0.0
2025-12-23 18:00:00,0.0
2025-12-23 19:00:00,0.0
2025-12-23 20:00:00,0.0
2025-12-23 21:00:00,0.0
2025-12-23 22:00:00,0.0
2025-12-23 23:00:00,0.0
2025-12-24 00:00:00,0.0
2025-12-24 01:00:00,0.0
2025-12-24 02:00:00,0.0
2025-12-24 03:00:00,0.0
2025-12-24 04:00:00,0.0
2025-12-24 05:00:00,0.0
2025-12-24 06:00:00,0.0
2025-12-24 07:00:00,0.005558581894587053
2025-12-24 08:00:00,0.13290569309957642
2025-12-24 09:00:00,0.338995675423286
2025-12-24 10:00:00,0.4709897610921502
2025-12-24 11:00:00,0.5497548665384487
2025-12-24 12:00:00,0.5335126902424653
2025-12-24 13:00:00,0.5122677902413536
2025-12-24 14:00:00,0.39758312859223355
2025-12-24 15:00:00,0.23516136563239987
2025-12-24 16:00:00,0.06460183877889072
2025-12-24 17:00:00,0.0
2025-12-24 18:00:00,0.0
2025-12-24 19:00:00,0.0
2025-12-24 20:00:00,0.0
2025-12-24 21:00:00,0.0
2025-12-24 22:00:00,0.0
2025-12-24 23:00:00,0.0
2025-12-25 00:00:00,0.0
2025-12-25 01:00:00,0.0
2025-12-25 02:00:00,0.0
2025-12-25 03:00:00,0.0
2025-12-25 04:00:00,0.0
2025-12-25 05:00:00,0.0
2025-12-25 06:00:00,0.0
2025-12-25 07:00:00,0.004424631188091294
2025-12-25 08:00:00,0.2986292537047948
2025-12-25 09:00:00,0.5324565596824938
2025-12-25 10:00:00,0.6865960356193929
2025-12-25 11:00:00,0.7665284432635546
2025-12-25 12:00:00,0.7714978154773154
2025-12-25 13:00:00,0.7111427332658892
2025-12-25 14:00:00,0.5792598192349168
2025-12-25 15:00:00,0.3752487465397828
2025-12-25 16:00:00,0.13037097975564474
2025-12-25 17:00:00,0.0
2025-12-25 18:00:00,0.0
2025-12-25 19:00:00,0.0
2025-12-25 20:00:00,0.0
2025-12-25 21:00:00,0.0
2025-12-25 22:00:00,0.0
2025-12-25 23:00:00,0.0
2025-12-26 00:00:00,0.0
2025-12-26 01:00:00,0.0
2025-12-26 02:00:00,0.0
2025-12-26 03:00:00,0.0
2025-12-26 04:00:00,0.0
2025-12-26 05:00:00,0.0
2025-12-26 06:00:00,0.0
2025-12-26 07:00:00,0.004135584929572768
2025-12-26 08:00:00,0.2818645707107203
2025-12-26 09:00:00,0.4698224588942869
2025-12-26 10:00:00,0.5872641771631222
2025-12-26 11:00:00,0.6830496603706462
2025-12-26 12:00:00,0.675501106157797
2025-12-26 13:00:00,0.6233616079865705
2025-12-26 14:00:00,0.325710664695223
2025-12-26 15:00:00,0.15798601460795322
2025-12-26 16:00:00,0.045658191682138055
2025-12-26 17:00:00,0.0
2025-12-26 18:00:00,0.0
2025-12-26 19:00:00,0.0
2025-12-26 20:00:00,0.0
2025-12-26 21:00:00,0.0
2025-12-26 22:00:00,0.0
2025-12-26 23:00:00,0.0
2025-12-27 00:00:00,0.0
2025-12-27 01:00:00,0.0
2025-12-27 02:00:00,0.0
2025-12-27 03:00:00,0.0
2025-12-27 04:00:00,0.0
2025-12-27 05:00:00,0.0
2025-12-27 06:00:00,0.0
2025-12-27 07:00:00,0.003991061800313504
2025-12-27 08:00:00,0.2847327989683272
2025-12-27 09:00:00,0.524618959211126
2025-12-27 10:00:00,0.6863848095073984
2025-12-27 11:00:00,0.7661393425309335
2025-12-27 12:00:00,0.7801692032328712
2025-12-27 13:00:00,0.7193249658147213
2025-12-27 14:00:00,0.5626174250425231
2025-12-27 15:00:00,0.3828862380629454
2025-12-27 16:00:00,0.1338617691854454
2025-12-27 17:00:00,0.0
2025-12-27 18:00:00,0.0
2025-12-27 19:00:00,0.0
2025-12-27 20:00:00,0.0
2025-12-27 21:00:00,0.0
2025-12-27 22:00:00,0.0
2025-12-27 23:00:00,0.0
2025-12-28 00:00:00,0.0
2025-12-28 01:00:00,0.0
2025-12-28 02:00:00,0.0
2025-12-28 03:00:00,0.0
2025-12-28 04:00:00,0.0
2025-12-28 05:00:00,0.0
2025-12-28 06:00:00,0.0
2025-12-28 07:00:00,0.0051027781792309145
2025-12-28 08:00:00,0.2483685562139387
2025-12-28 09:00:00,0.485153027759558
2025-12-28 10:00:00,0.5954464097119543
2025-12-28 11:00:00,0.7020155417949773
2025-12-28 12:00:00,0.6630721170415005
2025-12-28 13:00:00,0.6531222554501895
2025-12-28 14:00:00,0.5642405309557426
2025-12-28 15:00:00,0.37064624073106467
2025-12-28 16:00:00,0.11316161021000323
2025-12-28 17:00:00,0.0
2025-12-28 18:00:00,0.0
2025-12-28 19:00:00,0.0
2025-12-28 20:00:00,0.0
2025-12-28 21:00:00,0.0
2025-12-28 22:00:00,0.0
2025-12-28 23:00:00,0.0
2025-12-29 00:00:00,0.0
2025-12-29 01:00:00,0.0
2025-12-29 02:00:00,0.0
2025-12-29 03:00:00,0.0
2025-12-29 04:00:00,0.0
2025-12-29 05:00:00,0.0
2025-12-29 06:00:00,0.0
2025-12-29 07:00:00,0.0020233238096296876
2025-12-29 08:00:00,0.131471578970773
2025-12-29 09:00:00,0.2655112227768452
2025-12-29 10:00:00,0.4166157129992996
2025-12-29 11:00:00,0.48430812331158074
2025-12-29 12:00:00,0.48523084790608223
2025-12-29 13:00:00,0.25981923491678804
2025-12-29 14:00:00,0.19227134773376614
2025-12-29 15:00:00,0.0909717512868117
2025-12-29 16:00:00,0.02276795144022857
2025-12-29 17:00:00,0.0
2025-12-29 18:00:00,0.0
2025-12-29 19:00:00,0.0
2025-12-29 20:00:00,0.0
2025-12-29 21:00:00,0.0
2025-12-29 22:00:00,0.0
2025-12-29 23:00:00,0.0
2025-12-30 00:00:00,0.0
2025-12-30 01:00:00,0.0
2025-12-30 02:00:00,0.0
2025-12-30 03:00:00,0.0
2025-12-30 04:00:00,0.0
2025-12-30 05:00:00,0.0
2025-12-30 06:00:00,0.0
2025-12-30 07:00:00,0.001033896232393192
2025-12-30 08:00:00,0.03590843903903236
2025-12-30 09:00:00,0.08827028048604241
2025-12-30 10:00:00,0.10543518137652723
2025-12-30 11:00:00,0.11023779613345043
2025-12-30 12:00:00,0.09955420173205412
2025-12-30 13:00:00,0.06326777912418984
2025-12-30 14:00:00,0.029493835532678904
2025-12-30 15:00:00,0.00820446687641049
2025-12-30 16:00:00,0.0003001634223077009
2025-12-30 17:00:00,0.0
2025-12-30 18:00:00,0.0
2025-12-30 19:00:00,0.0
2025-12-30 20:00:00,0.0
2025-12-30 21:00:00,0.0
2025-12-30 22:00:00,0.0
2025-12-30 23:00:00,0.0
2025-12-31 00:00:00,0.0
2025-12-31 01:00:00,0.0
2025-12-31 02:00:00,0.0
2025-12-31 03:00:00,0.0
2025-12-31 04:00:00,0.0
2025-12-31 05:00:00,0.0
2025-12-31 06:00:00,0.0
2025-12-31 07:00:00,0.0
2025-12-31 08:00:00,0.004124467765783593
2025-12-31 09:00:00,0.028137541550399662
2025-12-31 10:00:00,0.035007948772109256
2025-12-31 11:00:00,0.046314104345699325
2025-12-31 12:00:00,0.04282331491589866
2025-12-31 13:00:00,0.03943257996020055
2025-12-31 14:00:00,0.030283154161710263
2025-12-31 15:00:00,0.016019833020199888
2025-12-31 16:00:00,0.0014341141288034597
2025-12-31 17:00:00,0.0
2025-12-31 18:00:00,0.0
2025-12-31 19:00:00,0.0
2025-12-31 20:00:00,0.0
2025-12-31 21:00:00,0.0
2025-12-31 22:00:00,0.0
2025-12-31 23:00:00,0.0
