region_id,voltage_kv,station_id,option_id,candidate_id,selected_candidate_ids,expansion_delta_mva,storage_modules,storage_power_mw,storage_energy_mwh,forward_limit_mw,reverse_limit_mw,capex_low_wanyuan,capex_base_wanyuan,capex_high_wanyuan,eac_low_wanyuan_per_year,eac_base_wanyuan_per_year,eac_high_wanyuan_per_year,feasible,reason,source_ref,source_version,transformation,scenario_id,quality_flag,source_sha256
QX-00001,35,BDZ-00249,QX-00001|35|BDZ-00249|O000,,[],0,65,6.5,13.975,38,19,1368.01275,1371.384772,1767.97725,166.284922,227.4687921,387.2131141,False,storage_required_but_no_available_connection_bay,county_baseline.csv+station_master.csv+transformer_master.csv+expansion_cost_library.csv+empirical_station_scenarios.csv.gz+model_contract.yaml,电网建模数据_Agent整合版_V1.2,enumerate source-backed station candidates; solve minimum integer storage modules; county multiple-choice selection,real_2025_C0_A_B,formal_real_planner_output,fd7bdd472e51fdf42841e584bcc451e78b3e1695d861e0a4bc5d439715e33bde
QX-00001,35,BDZ-00252,QX-00001|35|BDZ-00252|O000,,[],0,0,0,0,38,19,0,0,0,0,0,0,True,feasible,county_baseline.csv+station_master.csv+transformer_master.csv+expansion_cost_library.csv+empirical_station_scenarios.csv.gz+model_contract.yaml,电网建模数据_Agent整合版_V1.2,enumerate source-backed station candidates; solve minimum integer storage modules; county multiple-choice selection,real_2025_C0_A_B,formal_real_planner_output,fd7bdd472e51fdf42841e584bcc451e78b3e1695d861e0a4bc5d439715e33bde
QX-00001,35,BDZ-00261,QX-00001|35|BDZ-00261|O000,,[],0,20,2,4.3,19.475,7.6,420.927,420.912524,543.993,51.16459139,69.81590095,119.1424967,True,feasible,county_baseline.csv+station_master.csv+transformer_master.csv+expansion_cost_library.csv+empirical_station_scenarios.csv.gz+model_contract.yaml,电网建模数据_Agent整合版_V1.2,enumerate source-backed station candidates; solve minimum integer storage modules; county multiple-choice selection,real_2025_C0_A_B,formal_real_planner_output,fd7bdd472e51fdf42841e584bcc451e78b3e1695d861e0a4bc5d439715e33bde
QX-00001,35,BDZ-00275,QX-00001|35|BDZ-00275|O000,,[],0,0,0,0,38,19,0,0,0,0,0,0,True,feasible,county_baseline.csv+station_master.csv+transformer_master.csv+expansion_cost_library.csv+empirical_station_scenarios.csv.gz+model_contract.yaml,电网建模数据_Agent整合版_V1.2,enumerate source-backed station candidates; solve minimum integer storage modules; county multiple-choice selection,real_2025_C0_A_B,formal_real_planner_output,fd7bdd472e51fdf42841e584bcc451e78b3e1695d861e0a4bc5d439715e33bde
QX-00001,35,BDZ-00279,QX-00001|35|BDZ-00279|O000,,[],0,100,10,21.5,28.5,9.5,2104.635,2104.56262,2719.965,255.822957,349.0795047,595.7124833,True,feasible,county_baseline.csv+station_master.csv+transformer_master.csv+expansion_cost_library.csv+empirical_station_scenarios.csv.gz+model_contract.yaml,电网建模数据_Agent整合版_V1.2,enumerate source-backed station candidates; solve minimum integer storage modules; county multiple-choice selection,real_2025_C0_A_B,formal_real_planner_output,fd7bdd472e51fdf42841e584bcc451e78b3e1695d861e0a4bc5d439715e33bde
QX-00001,35,BDZ-00298,QX-00001|35|BDZ-00298|O000,,[],0,113,11.3,24.295,28.5,9.5,2378.23755,2382.942482,3073.56045,289.0799414,395.253804,673.1551061,False,storage_required_but_no_available_connection_bay,county_baseline.csv+station_master.csv+transformer_master.csv+expansion_cost_library.csv+empirical_station_scenarios.csv.gz+model_contract.yaml,电网建模数据_Agent整合版_V1.2,enumerate source-backed station candidates; solve minimum integer storage modules; county multiple-choice selection,real_2025_C0_A_B,formal_real_planner_output,fd7bdd472e51fdf42841e584bcc451e78b3e1695d861e0a4bc5d439715e33bde
QX-00001,35,BDZ-00299,QX-00001|35|BDZ-00299|O000,,[],0,0,0,0,34.2,15.2,0,0,0,0,0,0,True,feasible,county_baseline.csv+station_master.csv+transformer_master.csv+expansion_cost_library.csv+empirical_station_scenarios.csv.gz+model_contract.yaml,电网建模数据_Agent整合版_V1.2,enumerate source-backed station candidates; solve minimum integer storage modules; county multiple-choice selection,real_2025_C0_A_B,formal_real_planner_output,fd7bdd472e51fdf42841e584bcc451e78b3e1695d861e0a4bc5d439715e33bde
QX-00001,35,BDZ-00321,QX-00001|35|BDZ-00321|O000,,[],0,0,0,0,38,19,0,0,0,0,0,0,True,feasible,county_baseline.csv+station_master.csv+transformer_master.csv+expansion_cost_library.csv+empirical_station_scenarios.csv.gz+model_contract.yaml,电网建模数据_Agent整合版_V1.2,enumerate source-backed station candidates; solve minimum integer storage modules; county multiple-choice selection,real_2025_C0_A_B,formal_real_planner_output,fd7bdd472e51fdf42841e584bcc451e78b3e1695d861e0a4bc5d439715e33bde
QX-00001,110,BDZ-00015,QX-00001|110|BDZ-00015|O000,,[],0,0,0,0,95,47.5,0,0,0,0,0,0,True,feasible,county_baseline.csv+station_master.csv+transformer_master.csv+expansion_cost_library.csv+empirical_station_scenarios.csv.gz+model_contract.yaml,电网建模数据_Agent整合版_V1.2,enumerate source-backed station candidates; solve minimum integer storage modules; county multiple-choice selection,real_2025_C0_A_B,formal_real_planner_output,fd7bdd472e51fdf42841e584bcc451e78b3e1695d861e0a4bc5d439715e33bde
QX-00001,110,BDZ-00015,QX-00001|110|BDZ-00015|O001,EXP-QX-00001-BDZ-00015-01,"[""EXP-QX-00001-BDZ-00015-01""]",50,0,0,0,142.5,95,1170,1343,1516,74.38546717,121.7414881,179.917029,True,feasible,county_baseline.csv+station_master.csv+transformer_master.csv+expansion_cost_library.csv+empirical_station_scenarios.csv.gz+model_contract.yaml,电网建模数据_Agent整合版_V1.2,enumerate source-backed station candidates; solve minimum integer storage modules; county multiple-choice selection,real_2025_C0_A_B,formal_real_planner_output,fd7bdd472e51fdf42841e584bcc451e78b3e1695d861e0a4bc5d439715e33bde
QX-00001,110,BDZ-00033,QX-00001|110|BDZ-00033|O000,,[],0,0,0,0,85.5,38,0,0,0,0,0,0,True,feasible,county_baseline.csv+station_master.csv+transformer_master.csv+expansion_cost_library.csv+empirical_station_scenarios.csv.gz+model_contract.yaml,电网建模数据_Agent整合版_V1.2,enumerate source-backed station candidates; solve minimum integer storage modules; county multiple-choice selection,real_2025_C0_A_B,formal_real_planner_output,fd7bdd472e51fdf42841e584bcc451e78b3e1695d861e0a4bc5d439715e33bde
QX-00001,110,BDZ-00034,QX-00001|110|BDZ-00034|O000,,[],0,0,0,0,95,47.5,0,0,0,0,0,0,True,feasible,county_baseline.csv+station_master.csv+transformer_master.csv+expansion_cost_library.csv+empirical_station_scenarios.csv.gz+model_contract.yaml,电网建模数据_Agent整合版_V1.2,enumerate source-backed station candidates; solve minimum integer storage modules; county multiple-choice selection,real_2025_C0_A_B,formal_real_planner_output,fd7bdd472e51fdf42841e584bcc451e78b3e1695d861e0a4bc5d439715e33bde
QX-00001,110,BDZ-00034,QX-00001|110|BDZ-00034|O001,EXP-QX-00001-BDZ-00034-01,"[""EXP-QX-00001-BDZ-00034-01""]",50,0,0,0,142.5,95,1170,1343,1516,74.38546717,121.7414881,179.917029,True,feasible,county_baseline.csv+station_master.csv+transformer_master.csv+expansion_cost_library.csv+empirical_station_scenarios.csv.gz+model_contract.yaml,电网建模数据_Agent整合版_V1.2,enumerate source-backed station candidates; solve minimum integer storage modules; county multiple-choice selection,real_2025_C0_A_B,formal_real_planner_output,fd7bdd472e51fdf42841e584bcc451e78b3e1695d861e0a4bc5d439715e33bde
QX-00001,110,BDZ-00046,QX-00001|110|BDZ-00046|O000,,[],0,0,0,0,123.5,47.5,0,0,0,0,0,0,True,feasible,county_baseline.csv+station_master.csv+transformer_master.csv+expansion_cost_library.csv+empirical_station_scenarios.csv.gz+model_contract.yaml,电网建模数据_Agent整合版_V1.2,enumerate source-backed station candidates; solve minimum integer storage modules; county multiple-choice selection,real_2025_C0_A_B,formal_real_planner_output,fd7bdd472e51fdf42841e584bcc451e78b3e1695d861e0a4bc5d439715e33bde
QX-00001,110,BDZ-00046,QX-00001|110|BDZ-00046|O001,EXP-QX-00001-BDZ-00046-01,"[""EXP-QX-00001-BDZ-00046-01""]",80,0,0,0,199.5,123.5,1872,2425.6,2425.6,119.0167475,287.8672465,287.8672465,True,feasible,county_baseline.csv+station_master.csv+transformer_master.csv+expansion_cost_library.csv+empirical_station_scenarios.csv.gz+model_contract.yaml,电网建模数据_Agent整合版_V1.2,enumerate source-backed station candidates; solve minimum integer storage modules; county multiple-choice selection,real_2025_C0_A_B,formal_real_planner_output,fd7bdd472e51fdf42841e584bcc451e78b3e1695d861e0a4bc5d439715e33bde
QX-00001,110,BDZ-00058,QX-00001|110|BDZ-00058|O000,,[],0,56,5.6,12.04,66.5,19,1178.5956,1181.29031,1523.1804,143.2608559,195.9382118,333.5989906,True,feasible,county_baseline.csv+station_master.csv+transformer_master.csv+expansion_cost_library.csv+empirical_station_scenarios.csv.gz+model_contract.yaml,电网建模数据_Agent整合版_V1.2,enumerate source-backed station candidates; solve minimum integer storage modules; county multiple-choice selection,real_2025_C0_A_B,formal_real_planner_output,fd7bdd472e51fdf42841e584bcc451e78b3e1695d861e0a4bc5d439715e33bde
QX-00001,110,BDZ-00058,QX-00001|110|BDZ-00058|O001,EXP-QX-00001-BDZ-00058-01,"[""EXP-QX-00001-BDZ-00058-01""]",50,0,0,0,114,66.5,1170,1343,1516,74.38546717,121.7414881,179.917029,True,feasible,county_baseline.csv+station_master.csv+transformer_master.csv+expansion_cost_library.csv+empirical_station_scenarios.csv.gz+model_contract.yaml,电网建模数据_Agent整合版_V1.2,enumerate source-backed station candidates; solve minimum integer storage modules; county multiple-choice selection,real_2025_C0_A_B,formal_real_planner_output,fd7bdd472e51fdf42841e584bcc451e78b3e1695d861e0a4bc5d439715e33bde
QX-00001,110,BDZ-00072,QX-00001|110|BDZ-00072|O000,,[],0,0,0,0,67.925,29.925,0,0,0,0,0,0,True,feasible,county_baseline.csv+station_master.csv+transformer_master.csv+expansion_cost_library.csv+empirical_station_scenarios.csv.gz+model_contract.yaml,电网建模数据_Agent整合版_V1.2,enumerate source-backed station candidates; solve minimum integer storage modules; county multiple-choice selection,real_2025_C0_A_B,formal_real_planner_output,fd7bdd472e51fdf42841e584bcc451e78b3e1695d861e0a4bc5d439715e33bde
QX-00001,110,BDZ-00105,QX-00001|110|BDZ-00105|O000,,[],0,0,0,0,105.925,29.925,0,0,0,0,0,0,True,feasible,county_baseline.csv+station_master.csv+transformer_master.csv+expansion_cost_library.csv+empirical_station_scenarios.csv.gz+model_contract.yaml,电网建模数据_Agent整合版_V1.2,enumerate source-backed station candidates; solve minimum integer storage modules; county multiple-choice selection,real_2025_C0_A_B,formal_real_planner_output,fd7bdd472e51fdf42841e584bcc451e78b3e1695d861e0a4bc5d439715e33bde
QX-00001,110,BDZ-00105,QX-00001|110|BDZ-00105|O001,EXP-QX-00001-BDZ-00105-01,"[""EXP-QX-00001-BDZ-00105-01""]",80,0,0,0,181.925,105.925,1872,2425.6,2425.6,119.0167475,287.8672465,287.8672465,True,feasible,county_baseline.csv+station_master.csv+transformer_master.csv+expansion_cost_library.csv+empirical_station_scenarios.csv.gz+model_contract.yaml,电网建模数据_Agent整合版_V1.2,enumerate source-backed station candidates; solve minimum integer storage modules; county multiple-choice selection,real_2025_C0_A_B,formal_real_planner_output,fd7bdd472e51fdf42841e584bcc451e78b3e1695d861e0a4bc5d439715e33bde
QX-00001,110,BDZ-00116,QX-00001|110|BDZ-00116|O000,,[],0,0,0,0,95,47.5,0,0,0,0,0,0,True,feasible,county_baseline.csv+station_master.csv+transformer_master.csv+expansion_cost_library.csv+empirical_station_scenarios.csv.gz+model_contract.yaml,电网建模数据_Agent整合版_V1.2,enumerate source-backed station candidates; solve minimum integer storage modules; county multiple-choice selection,real_2025_C0_A_B,formal_real_planner_output,fd7bdd472e51fdf42841e584bcc451e78b3e1695d861e0a4bc5d439715e33bde
QX-00001,110,BDZ-00116,QX-00001|110|BDZ-00116|O001,EXP-QX-00001-BDZ-00116-01,"[""EXP-QX-00001-BDZ-00116-01""]",80,0,0,0,171,95,1872,2425.6,2425.6,119.0167475,287.8672465,287.8672465,True,feasible,county_baseline.csv+station_master.csv+transformer_master.csv+expansion_cost_library.csv+empirical_station_scenarios.csv.gz+model_contract.yaml,电网建模数据_Agent整合版_V1.2,enumerate source-backed station candidates; solve minimum integer storage modules; county multiple-choice selection,real_2025_C0_A_B,formal_real_planner_output,fd7bdd472e51fdf42841e584bcc451e78b3e1695d861e0a4bc5d439715e33bde
QX-00001,110,BDZ-00117,QX-00001|110|BDZ-00117|O000,,[],0,0,0,0,59.85,29.925,0,0,0,0,0,0,True,feasible,county_baseline.csv+station_master.csv+transformer_master.csv+expansion_cost_library.csv+empirical_station_scenarios.csv.gz+model_contract.yaml,电网建模数据_Agent整合版_V1.2,enumerate source-backed station candidates; solve minimum integer storage modules; county multiple-choice selection,real_2025_C0_A_B,formal_real_planner_output,fd7bdd472e51fdf42841e584bcc451e78b3e1695d861e0a4bc5d439715e33bde
QX-00001,110,BDZ-00123,QX-00001|110|BDZ-00123|O000,,[],0,0,0,0,107.35,47.5,0,0,0,0,0,0,True,feasible,county_baseline.csv+station_master.csv+transformer_master.csv+expansion_cost_library.csv+empirical_station_scenarios.csv.gz+model_contract.yaml,电网建模数据_Agent整合版_V1.2,enumerate source-backed station candidates; solve minimum integer storage modules; county multiple-choice selection,real_2025_C0_A_B,formal_real_planner_output,fd7bdd472e51fdf42841e584bcc451e78b3e1695d861e0a4bc5d439715e33bde
QX-00001,110,BDZ-00126,QX-00001|110|BDZ-00126|O000,,[],0,0,0,0,107.35,47.5,0,0,0,0,0,0,True,feasible,county_baseline.csv+station_master.csv+transformer_master.csv+expansion_cost_library.csv+empirical_station_scenarios.csv.gz+model_contract.yaml,电网建模数据_Agent整合版_V1.2,enumerate source-backed station candidates; solve minimum integer storage modules; county multiple-choice selection,real_2025_C0_A_B,formal_real_planner_output,fd7bdd472e51fdf42841e584bcc451e78b3e1695d861e0a4bc5d439715e33bde
QX-00001,110,BDZ-00132,QX-00001|110|BDZ-00132|O000,,[],0,0,0,0,95,47.5,0,0,0,0,0,0,True,feasible,county_baseline.csv+station_master.csv+transformer_master.csv+expansion_cost_library.csv+empirical_station_scenarios.csv.gz+model_contract.yaml,电网建模数据_Agent整合版_V1.2,enumerate source-backed station candidates; solve minimum integer storage modules; county multiple-choice selection,real_2025_C0_A_B,formal_real_planner_output,fd7bdd472e51fdf42841e584bcc451e78b3e1695d861e0a4bc5d439715e33bde
QX-00001,110,BDZ-00132,QX-00001|110|BDZ-00132|O001,EXP-QX-00001-BDZ-00132-01,"[""EXP-QX-00001-BDZ-00132-01""]",50,0,0,0,142.5,95,1170,1343,1516,74.38546717,121.7414881,179.917029,True,feasible,county_baseline.csv+station_master.csv+transformer_master.csv+expansion_cost_library.csv+empirical_station_scenarios.csv.gz+model_contract.yaml,电网建模数据_Agent整合版_V1.2,enumerate source-backed station candidates; solve minimum integer storage modules; county multiple-choice selection,real_2025_C0_A_B,formal_real_planner_output,fd7bdd472e51fdf42841e584bcc451e78b3e1695d861e0a4bc5d439715e33bde
QX-00001,110,BDZ-00165,QX-00001|110|BDZ-00165|O000,,[],0,0,0,0,95,47.5,0,0,0,0,0,0,True,feasible,county_baseline.csv+station_master.csv+transformer_master.csv+expansion_cost_library.csv+empirical_station_scenarios.csv.gz+model_contract.yaml,电网建模数据_Agent整合版_V1.2,enumerate source-backed station candidates; solve minimum integer storage modules; county multiple-choice selection,real_2025_C0_A_B,formal_real_planner_output,fd7bdd472e51fdf42841e584bcc451e78b3e1695d861e0a4bc5d439715e33bde
QX-00001,110,BDZ-00165,QX-00001|110|BDZ-00165|O001,EXP-QX-00001-BDZ-00165-01,"[""EXP-QX-00001-BDZ-00165-01""]",50,0,0,0,142.5,95,1170,1343,1516,74.38546717,121.7414881,179.917029,True,feasible,county_baseline.csv+station_master.csv+transformer_master.csv+expansion_cost_library.csv+empirical_station_scenarios.csv.gz+model_contract.yaml,电网建模数据_Agent整合版_V1.2,enumerate source-backed station candidates; solve minimum integer storage modules; county multiple-choice selection,real_2025_C0_A_B,formal_real_planner_output,fd7bdd472e51fdf42841e584bcc451e78b3e1695d861e0a4bc5d439715e33bde
QX-00001,110,BDZ-00174,QX-00001|110|BDZ-00174|O000,,[],0,0,0,0,95,47.5,0,0,0,0,0,0,True,feasible,county_baseline.csv+station_master.csv+transformer_master.csv+expansion_cost_library.csv+empirical_station_scenarios.csv.gz+model_contract.yaml,电网建模数据_Agent整合版_V1.2,enumerate source-backed station candidates; solve minimum integer storage modules; county multiple-choice selection,real_2025_C0_A_B,formal_real_planner_output,fd7bdd472e51fdf42841e584bcc451e78b3e1695d861e0a4bc5d439715e33bde
QX-00001,110,BDZ-00174,QX-00001|110|BDZ-00174|O001,EXP-QX-00001-BDZ-00174-01,"[""EXP-QX-00001-BDZ-00174-01""]",50,0,0,0,142.5,95,1170,1343,1516,74.38546717,121.7414881,179.917029,True,feasible,county_baseline.csv+station_master.csv+transformer_master.csv+expansion_cost_library.csv+empirical_station_scenarios.csv.gz+model_contract.yaml,电网建模数据_Agent整合版_V1.2,enumerate source-backed station candidates; solve minimum integer storage modules; county multiple-choice selection,real_2025_C0_A_B,formal_real_planner_output,fd7bdd472e51fdf42841e584bcc451e78b3e1695d861e0a4bc5d439715e33bde
QX-00001,110,BDZ-00177,QX-00001|110|BDZ-00177|O000,,[],0,0,0,0,59.85,29.925,0,0,0,0,0,0,True,feasible,county_baseline.csv+station_master.csv+transformer_master.csv+expansion_cost_library.csv+empirical_station_scenarios.csv.gz+model_contract.yaml,电网建模数据_Agent整合版_V1.2,enumerate source-backed station candidates; solve minimum integer storage modules; county multiple-choice selection,real_2025_C0_A_B,formal_real_planner_output,fd7bdd472e51fdf42841e584bcc451e78b3e1695d861e0a4bc5d439715e33bde
QX-00001,110,BDZ-00177,QX-00001|110|BDZ-00177|O001,EXP-QX-00001-BDZ-00177-01,"[""EXP-QX-00001-BDZ-00177-01""]",50,0,0,0,107.35,59.85,1170,1343,1516,74.38546717,121.7414881,179.917029,True,feasible,county_baseline.csv+station_master.csv+transformer_master.csv+expansion_cost_library.csv+empirical_station_scenarios.csv.gz+model_contract.yaml,电网建模数据_Agent整合版_V1.2,enumerate source-backed station candidates; solve minimum integer storage modules; county multiple-choice selection,real_2025_C0_A_B,formal_real_planner_output,fd7bdd472e51fdf42841e584bcc451e78b3e1695d861e0a4bc5d439715e33bde
QX-00003,35,BDZ-00254,QX-00003|35|BDZ-00254|O000,,[],0,0,0,0,28.5,9.5,0,0,0,0,0,0,True,feasible,county_baseline.csv+station_master.csv+transformer_master.csv+expansion_cost_library.csv+empirical_station_scenarios.csv.gz+model_contract.yaml,电网建模数据_Agent整合版_V1.2,enumerate source-backed station candidates; solve minimum integer storage modules; county multiple-choice selection,real_2025_C0_A_B,formal_real_planner_output,fd7bdd472e51fdf42841e584bcc451e78b3e1695d861e0a4bc5d439715e33bde
QX-00003,35,BDZ-00258,QX-00003|35|BDZ-00258|O000,,[],0,0,0,0,38,19,0,0,0,0,0,0,True,feasible,county_baseline.csv+station_master.csv+transformer_master.csv+expansion_cost_library.csv+empirical_station_scenarios.csv.gz+model_contract.yaml,电网建模数据_Agent整合版_V1.2,enumerate source-backed station candidates; solve minimum integer storage modules; county multiple-choice selection,real_2025_C0_A_B,formal_real_planner_output,fd7bdd472e51fdf42841e584bcc451e78b3e1695d861e0a4bc5d439715e33bde
QX-00003,35,BDZ-00267,QX-00003|35|BDZ-00267|O000,,[],0,0,0,0,15.2,7.6,0,0,0,0,0,0,True,feasible,county_baseline.csv+station_master.csv+transformer_master.csv+expansion_cost_library.csv+empirical_station_scenarios.csv.gz+model_contract.yaml,电网建模数据_Agent整合版_V1.2,enumerate source-backed station candidates; solve minimum integer storage modules; county multiple-choice selection,real_2025_C0_A_B,formal_real_planner_output,fd7bdd472e51fdf42841e584bcc451e78b3e1695d861e0a4bc5d439715e33bde
QX-00003,35,BDZ-00268,QX-00003|35|BDZ-00268|O000,,[],0,18,1.8,3.87,34.2,15.2,378.8343,380.188862,489.5937,46.04813225,63.06115028,107.228247,True,feasible,county_baseline.csv+station_master.csv+transformer_master.csv+expansion_cost_library.csv+empirical_station_scenarios.csv.gz+model_contract.yaml,电网建模数据_Agent整合版_V1.2,enumerate source-backed station candidates; solve minimum integer storage modules; county multiple-choice selection,real_2025_C0_A_B,formal_real_planner_output,fd7bdd472e51fdf42841e584bcc451e78b3e1695d861e0a4bc5d439715e33bde
QX-00003,35,BDZ-00282,QX-00003|35|BDZ-00282|O000,,[],0,0,0,0,15.2,7.6,0,0,0,0,0,0,True,feasible,county_baseline.csv+station_master.csv+transformer_master.csv+expansion_cost_library.csv+empirical_station_scenarios.csv.gz+model_contract.yaml,电网建模数据_Agent整合版_V1.2,enumerate source-backed station candidates; solve minimum integer storage modules; county multiple-choice selection,real_2025_C0_A_B,formal_real_planner_output,fd7bdd472e51fdf42841e584bcc451e78b3e1695d861e0a4bc5d439715e33bde
QX-00003,35,BDZ-00286,QX-00003|35|BDZ-00286|O000,,[],0,0,0,0,22.8,7.6,0,0,0,0,0,0,True,feasible,county_baseline.csv+station_master.csv+transformer_master.csv+expansion_cost_library.csv+empirical_station_scenarios.csv.gz+model_contract.yaml,电网建模数据_Agent整合版_V1.2,enumerate source-backed station candidates; solve minimum integer storage modules; county multiple-choice selection,real_2025_C0_A_B,formal_real_planner_output,fd7bdd472e51fdf42841e584bcc451e78b3e1695d861e0a4bc5d439715e33bde
QX-00003,35,BDZ-00294,QX-00003|35|BDZ-00294|O000,,[],0,105,10.5,22.575,14.25,4.75,2209.86675,2213.20982,2855.96325,268.6141048,367.100594,625.4981075,True,feasible,county_baseline.csv+station_master.csv+transformer_master.csv+expansion_cost_library.csv+empirical_station_scenarios.csv.gz+model_contract.yaml,电网建模数据_Agent整合版_V1.2,enumerate source-backed station candidates; solve minimum integer storage modules; county multiple-choice selection,real_2025_C0_A_B,formal_real_planner_output,fd7bdd472e51fdf42841e584bcc451e78b3e1695d861e0a4bc5d439715e33bde
QX-00003,35,BDZ-00302,QX-00003|35|BDZ-00302|O000,,[],0,0,0,0,38,19,0,0,0,0,0,0,True,feasible,county_baseline.csv+station_master.csv+transformer_master.csv+expansion_cost_library.csv+empirical_station_scenarios.csv.gz+model_contract.yaml,电网建模数据_Agent整合版_V1.2,enumerate source-backed station candidates; solve minimum integer storage modules; county multiple-choice selection,real_2025_C0_A_B,formal_real_planner_output,fd7bdd472e51fdf42841e584bcc451e78b3e1695d861e0a4bc5d439715e33bde
QX-00003,35,BDZ-00305,QX-00003|35|BDZ-00305|O000,,[],0,0,0,0,42.75,19,0,0,0,0,0,0,True,feasible,county_baseline.csv+station_master.csv+transformer_master.csv+expansion_cost_library.csv+empirical_station_scenarios.csv.gz+model_contract.yaml,电网建模数据_Agent整合版_V1.2,enumerate source-backed station candidates; solve minimum integer storage modules; county multiple-choice selection,real_2025_C0_A_B,formal_real_planner_output,fd7bdd472e51fdf42841e584bcc451e78b3e1695d861e0a4bc5d439715e33bde
QX-00003,35,BDZ-00311,QX-00003|35|BDZ-00311|O000,,[],0,0,0,0,38,19,0,0,0,0,0,0,True,feasible,county_baseline.csv+station_master.csv+transformer_master.csv+expansion_cost_library.csv+empirical_station_scenarios.csv.gz+model_contract.yaml,电网建模数据_Agent整合版_V1.2,enumerate source-backed station candidates; solve minimum integer storage modules; county multiple-choice selection,real_2025_C0_A_B,formal_real_planner_output,fd7bdd472e51fdf42841e584bcc451e78b3e1695d861e0a4bc5d439715e33bde
QX-00003,110,BDZ-00007,QX-00003|110|BDZ-00007|O000,,[],0,94,9.4,20.21,77.425,29.925,1978.3569,1982.391758,2556.7671,240.4735795,328.8152733,559.9697343,True,feasible,county_baseline.csv+station_master.csv+transformer_master.csv+expansion_cost_library.csv+empirical_station_scenarios.csv.gz+model_contract.yaml,电网建模数据_Agent整合版_V1.2,enumerate source-backed station candidates; solve minimum integer storage modules; county multiple-choice selection,real_2025_C0_A_B,formal_real_planner_output,fd7bdd472e51fdf42841e584bcc451e78b3e1695d861e0a4bc5d439715e33bde
QX-00003,110,BDZ-00010,QX-00003|110|BDZ-00010|O000,,[],0,0,0,0,95,47.5,0,0,0,0,0,0,True,feasible,county_baseline.csv+station_master.csv+transformer_master.csv+expansion_cost_library.csv+empirical_station_scenarios.csv.gz+model_contract.yaml,电网建模数据_Agent整合版_V1.2,enumerate source-backed station candidates; solve minimum integer storage modules; county multiple-choice selection,real_2025_C0_A_B,formal_real_planner_output,fd7bdd472e51fdf42841e584bcc451e78b3e1695d861e0a4bc5d439715e33bde
QX-00003,110,BDZ-00010,QX-00003|110|BDZ-00010|O001,EXP-QX-00003-BDZ-00010-01,"[""EXP-QX-00003-BDZ-00010-01""]",50,0,0,0,142.5,95,1170,1343,1516,74.38546717,121.7414881,179.917029,True,feasible,county_baseline.csv+station_master.csv+transformer_master.csv+expansion_cost_library.csv+empirical_station_scenarios.csv.gz+model_contract.yaml,电网建模数据_Agent整合版_V1.2,enumerate source-backed station candidates; solve minimum integer storage modules; county multiple-choice selection,real_2025_C0_A_B,formal_real_planner_output,fd7bdd472e51fdf42841e584bcc451e78b3e1695d861e0a4bc5d439715e33bde
QX-00003,110,BDZ-00017,QX-00003|110|BDZ-00017|O000,,[],0,0,0,0,95,47.5,0,0,0,0,0,0,True,feasible,county_baseline.csv+station_master.csv+transformer_master.csv+expansion_cost_library.csv+empirical_station_scenarios.csv.gz+model_contract.yaml,电网建模数据_Agent整合版_V1.2,enumerate source-backed station candidates; solve minimum integer storage modules; county multiple-choice selection,real_2025_C0_A_B,formal_real_planner_output,fd7bdd472e51fdf42841e584bcc451e78b3e1695d861e0a4bc5d439715e33bde
QX-00003,110,BDZ-00019,QX-00003|110|BDZ-00019|O000,,[],0,0,0,0,119.7,59.85,0,0,0,0,0,0,True,feasible,county_baseline.csv+station_master.csv+transformer_master.csv+expansion_cost_library.csv+empirical_station_scenarios.csv.gz+model_contract.yaml,电网建模数据_Agent整合版_V1.2,enumerate source-backed station candidates; solve minimum integer storage modules; county multiple-choice selection,real_2025_C0_A_B,formal_real_planner_output,fd7bdd472e51fdf42841e584bcc451e78b3e1695d861e0a4bc5d439715e33bde
QX-00003,110,BDZ-00025,QX-00003|110|BDZ-00025|O000,,[],0,0,0,0,119.7,59.85,0,0,0,0,0,0,True,feasible,county_baseline.csv+station_master.csv+transformer_master.csv+expansion_cost_library.csv+empirical_station_scenarios.csv.gz+model_contract.yaml,电网建模数据_Agent整合版_V1.2,enumerate source-backed station candidates; solve minimum integer storage modules; county multiple-choice selection,real_2025_C0_A_B,formal_real_planner_output,fd7bdd472e51fdf42841e584bcc451e78b3e1695d861e0a4bc5d439715e33bde
QX-00003,110,BDZ-00060,QX-00003|110|BDZ-00060|O000,,[],0,0,0,0,66.5,19,0,0,0,0,0,0,True,feasible,county_baseline.csv+station_master.csv+transformer_master.csv+expansion_cost_library.csv+empirical_station_scenarios.csv.gz+model_contract.yaml,电网建模数据_Agent整合版_V1.2,enumerate source-backed station candidates; solve minimum integer storage modules; county multiple-choice selection,real_2025_C0_A_B,formal_real_planner_output,fd7bdd472e51fdf42841e584bcc451e78b3e1695d861e0a4bc5d439715e33bde
QX-00003,110,BDZ-00060,QX-00003|110|BDZ-00060|O001,EXP-QX-00003-BDZ-00060-01,"[""EXP-QX-00003-BDZ-00060-01""]",50,0,0,0,114,66.5,1170,1343,1516,74.38546717,121.7414881,179.917029,True,feasible,county_baseline.csv+station_master.csv+transformer_master.csv+expansion_cost_library.csv+empirical_station_scenarios.csv.gz+model_contract.yaml,电网建模数据_Agent整合版_V1.2,enumerate source-backed station candidates; solve minimum integer storage modules; county multiple-choice selection,real_2025_C0_A_B,formal_real_planner_output,fd7bdd472e51fdf42841e584bcc451e78b3e1695d861e0a4bc5d439715e33bde
QX-00003,110,BDZ-00101,QX-00003|110|BDZ-00101|O000,,[],0,0,0,0,77.425,29.925,0,0,0,0,0,0,True,feasible,county_baseline.csv+station_master.csv+transformer_master.csv+expansion_cost_library.csv+empirical_station_scenarios.csv.gz+model_contract.yaml,电网建模数据_Agent整合版_V1.2,enumerate source-backed station candidates; solve minimum integer storage modules; county multiple-choice selection,real_2025_C0_A_B,formal_real_planner_output,fd7bdd472e51fdf42841e584bcc451e78b3e1695d861e0a4bc5d439715e33bde
QX-00003,110,BDZ-00153,QX-00003|110|BDZ-00153|O000,,[],0,0,0,0,95,47.5,0,0,0,0,0,0,True,feasible,county_baseline.csv+station_master.csv+transformer_master.csv+expansion_cost_library.csv+empirical_station_scenarios.csv.gz+model_contract.yaml,电网建模数据_Agent整合版_V1.2,enumerate source-backed station candidates; solve minimum integer storage modules; county multiple-choice selection,real_2025_C0_A_B,formal_real_planner_output,fd7bdd472e51fdf42841e584bcc451e78b3e1695d861e0a4bc5d439715e33bde
QX-00003,110,BDZ-00153,QX-00003|110|BDZ-00153|O001,EXP-QX-00003-BDZ-00153-01,"[""EXP-QX-00003-BDZ-00153-01""]",50,0,0,0,142.5,95,1170,1343,1516,74.38546717,121.7414881,179.917029,True,feasible,county_baseline.csv+station_master.csv+transformer_master.csv+expansion_cost_library.csv+empirical_station_scenarios.csv.gz+model_contract.yaml,电网建模数据_Agent整合版_V1.2,enumerate source-backed station candidates; solve minimum integer storage modules; county multiple-choice selection,real_2025_C0_A_B,formal_real_planner_output,fd7bdd472e51fdf42841e584bcc451e78b3e1695d861e0a4bc5d439715e33bde
QX-00003,110,BDZ-00158,QX-00003|110|BDZ-00158|O000,,[],0,0,0,0,95,47.5,0,0,0,0,0,0,True,feasible,county_baseline.csv+station_master.csv+transformer_master.csv+expansion_cost_library.csv+empirical_station_scenarios.csv.gz+model_contract.yaml,电网建模数据_Agent整合版_V1.2,enumerate source-backed station candidates; solve minimum integer storage modules; county multiple-choice selection,real_2025_C0_A_B,formal_real_planner_output,fd7bdd472e51fdf42841e584bcc451e78b3e1695d861e0a4bc5d439715e33bde
QX-00003,110,BDZ-00158,QX-00003|110|BDZ-00158|O001,EXP-QX-00003-BDZ-00158-01,"[""EXP-QX-00003-BDZ-00158-01""]",50,0,0,0,142.5,95,1170,1343,1516,74.38546717,121.7414881,179.917029,True,feasible,county_baseline.csv+station_master.csv+transformer_master.csv+expansion_cost_library.csv+empirical_station_scenarios.csv.gz+model_contract.yaml,电网建模数据_Agent整合版_V1.2,enumerate source-backed station candidates; solve minimum integer storage modules; county multiple-choice selection,real_2025_C0_A_B,formal_real_planner_output,fd7bdd472e51fdf42841e584bcc451e78b3e1695d861e0a4bc5d439715e33bde
QX-00003,110,BDZ-00183,QX-00003|110|BDZ-00183|O000,,[],0,0,0,0,95,47.5,0,0,0,0,0,0,True,feasible,county_baseline.csv+station_master.csv+transformer_master.csv+expansion_cost_library.csv+empirical_station_scenarios.csv.gz+model_contract.yaml,电网建模数据_Agent整合版_V1.2,enumerate source-backed station candidates; solve minimum integer storage modules; county multiple-choice selection,real_2025_C0_A_B,formal_real_planner_output,fd7bdd472e51fdf42841e584bcc451e78b3e1695d861e0a4bc5d439715e33bde
QX-00003,110,BDZ-00183,QX-00003|110|BDZ-00183|O001,EXP-QX-00003-BDZ-00183-01,"[""EXP-QX-00003-BDZ-00183-01""]",50,0,0,0,142.5,95,1170,1343,1516,74.38546717,121.7414881,179.917029,True,feasible,county_baseline.csv+station_master.csv+transformer_master.csv+expansion_cost_library.csv+empirical_station_scenarios.csv.gz+model_contract.yaml,电网建模数据_Agent整合版_V1.2,enumerate source-backed station candidates; solve minimum integer storage modules; county multiple-choice selection,real_2025_C0_A_B,formal_real_planner_output,fd7bdd472e51fdf42841e584bcc451e78b3e1695d861e0a4bc5d439715e33bde
QX-00004,35,BDZ-00250,QX-00004|35|BDZ-00250|O000,,[],0,0,0,0,38,19,0,0,0,0,0,0,True,feasible,county_baseline.csv+station_master.csv+transformer_master.csv+expansion_cost_library.csv+empirical_station_scenarios.csv.gz+model_contract.yaml,电网建模数据_Agent整合版_V1.2,enumerate source-backed station candidates; solve minimum integer storage modules; county multiple-choice selection,real_2025_C0_A_B,formal_real_planner_output,fd7bdd472e51fdf42841e584bcc451e78b3e1695d861e0a4bc5d439715e33bde
QX-00004,35,BDZ-00262,QX-00004|35|BDZ-00262|O000,,[],0,0,0,0,26.6,7.6,0,0,0,0,0,0,True,feasible,county_baseline.csv+station_master.csv+transformer_master.csv+expansion_cost_library.csv+empirical_station_scenarios.csv.gz+model_contract.yaml,电网建模数据_Agent整合版_V1.2,enumerate source-backed station candidates; solve minimum integer storage modules; county multiple-choice selection,real_2025_C0_A_B,formal_real_planner_output,fd7bdd472e51fdf42841e584bcc451e78b3e1695d861e0a4bc5d439715e33bde
QX-00004,35,BDZ-00263,QX-00004|35|BDZ-00263|O000,,[],0,105,10.5,22.575,15.2,7.6,2209.86675,2213.20982,2855.96325,268.6141048,367.100594,625.4981075,True,feasible,county_baseline.csv+station_master.csv+transformer_master.csv+expansion_cost_library.csv+empirical_station_scenarios.csv.gz+model_contract.yaml,电网建模数据_Agent整合版_V1.2,enumerate source-backed station candidates; solve minimum integer storage modules; county multiple-choice selection,real_2025_C0_A_B,formal_real_planner_output,fd7bdd472e51fdf42841e584bcc451e78b3e1695d861e0a4bc5d439715e33bde
QX-00004,35,BDZ-00265,QX-00004|35|BDZ-00265|O000,,[],0,2,0.2,0.43,38,19,42.0927,47.5618,54.3993,5.116459139,7.888978655,11.91424967,True,feasible,county_baseline.csv+station_master.csv+transformer_master.csv+expansion_cost_library.csv+empirical_station_scenarios.csv.gz+model_contract.yaml,电网建模数据_Agent整合版_V1.2,enumerate source-backed station candidates; solve minimum integer storage modules; county multiple-choice selection,real_2025_C0_A_B,formal_real_planner_output,fd7bdd472e51fdf42841e584bcc451e78b3e1695d861e0a4bc5d439715e33bde
QX-00004,35,BDZ-00285,QX-00004|35|BDZ-00285|O000,,[],0,0,0,0,24.7,9.5,0,0,0,0,0,0,True,feasible,county_baseline.csv+station_master.csv+transformer_master.csv+expansion_cost_library.csv+empirical_station_scenarios.csv.gz+model_contract.yaml,电网建模数据_Agent整合版_V1.2,enumerate source-backed station candidates; solve minimum integer storage modules; county multiple-choice selection,real_2025_C0_A_B,formal_real_planner_output,fd7bdd472e51fdf42841e584bcc451e78b3e1695d861e0a4bc5d439715e33bde
QX-00004,35,BDZ-00287,QX-00004|35|BDZ-00287|O000,,[],0,73,7.3,15.695,28.5,9.5,1536.38355,1541.117434,1985.57445,186.7507586,255.6220022,434.8701128,False,storage_required_but_no_available_connection_bay,county_baseline.csv+station_master.csv+transformer_master.csv+expansion_cost_library.csv+empirical_station_scenarios.csv.gz+model_contract.yaml,电网建模数据_Agent整合版_V1.2,enumerate source-backed station candidates; solve minimum integer storage modules; county multiple-choice selection,real_2025_C0_A_B,formal_real_planner_output,fd7bdd472e51fdf42841e584bcc451e78b3e1695d861e0a4bc5d439715e33bde
QX-00004,35,BDZ-00289,QX-00004|35|BDZ-00289|O000,,[],0,0,0,0,15.2,7.6,0,0,0,0,0,0,True,feasible,county_baseline.csv+station_master.csv+transformer_master.csv+expansion_cost_library.csv+empirical_station_scenarios.csv.gz+model_contract.yaml,电网建模数据_Agent整合版_V1.2,enumerate source-backed station candidates; solve minimum integer storage modules; county multiple-choice selection,real_2025_C0_A_B,formal_real_planner_output,fd7bdd472e51fdf42841e584bcc451e78b3e1695d861e0a4bc5d439715e33bde
QX-00004,35,BDZ-00309,QX-00004|35|BDZ-00309|O000,,[],0,287,28.7,61.705,34.2,15.2,6040.30245,6042.146136,7806.29955,734.2118865,1002.198443,1709.694827,True,feasible,county_baseline.csv+station_master.csv+transformer_master.csv+expansion_cost_library.csv+empirical_station_scenarios.csv.gz+model_contract.yaml,电网建模数据_Agent整合版_V1.2,enumerate source-backed station candidates; solve minimum integer storage modules; county multiple-choice selection,real_2025_C0_A_B,formal_real_planner_output,fd7bdd472e51fdf42841e584bcc451e78b3e1695d861e0a4bc5d439715e33bde
QX-00004,35,BDZ-00312,QX-00004|35|BDZ-00312|O000,,[],0,0,0,0,17.1,7.6,0,0,0,0,0,0,True,feasible,county_baseline.csv+station_master.csv+transformer_master.csv+expansion_cost_library.csv+empirical_station_scenarios.csv.gz+model_contract.yaml,电网建模数据_Agent整合版_V1.2,enumerate source-backed station candidates; solve minimum integer storage modules; county multiple-choice selection,real_2025_C0_A_B,formal_real_planner_output,fd7bdd472e51fdf42841e584bcc451e78b3e1695d861e0a4bc5d439715e33bde
QX-00004,110,BDZ-00001,QX-00004|110|BDZ-00001|O000,,[],0,0,0,0,95,47.5,0,0,0,0,0,0,True,feasible,county_baseline.csv+station_master.csv+transformer_master.csv+expansion_cost_library.csv+empirical_station_scenarios.csv.gz+model_contract.yaml,电网建模数据_Agent整合版_V1.2,enumerate source-backed station candidates; solve minimum integer storage modules; county multiple-choice selection,real_2025_C0_A_B,formal_real_planner_output,fd7bdd472e51fdf42841e584bcc451e78b3e1695d861e0a4bc5d439715e33bde
QX-00004,110,BDZ-00002,QX-00004|110|BDZ-00002|O000,,[],0,0,0,0,95,47.5,0,0,0,0,0,0,True,feasible,county_baseline.csv+station_master.csv+transformer_master.csv+expansion_cost_library.csv+empirical_station_scenarios.csv.gz+model_contract.yaml,电网建模数据_Agent整合版_V1.2,enumerate source-backed station candidates; solve minimum integer storage modules; county multiple-choice selection,real_2025_C0_A_B,formal_real_planner_output,fd7bdd472e51fdf42841e584bcc451e78b3e1695d861e0a4bc5d439715e33bde
QX-00004,110,BDZ-00002,QX-00004|110|BDZ-00002|O001,EXP-QX-00004-BDZ-00002-01,"[""EXP-QX-00004-BDZ-00002-01""]",50,0,0,0,142.5,95,1170,1343,1516,74.38546717,121.7414881,179.917029,True,feasible,county_baseline.csv+station_master.csv+transformer_master.csv+expansion_cost_library.csv+empirical_station_scenarios.csv.gz+model_contract.yaml,电网建模数据_Agent整合版_V1.2,enumerate source-backed station candidates; solve minimum integer storage modules; county multiple-choice selection,real_2025_C0_A_B,formal_real_planner_output,fd7bdd472e51fdf42841e584bcc451e78b3e1695d861e0a4bc5d439715e33bde
QX-00004,110,BDZ-00008,QX-00004|110|BDZ-00008|O000,,[],0,0,0,0,95,47.5,0,0,0,0,0,0,True,feasible,county_baseline.csv+station_master.csv+transformer_master.csv+expansion_cost_library.csv+empirical_station_scenarios.csv.gz+model_contract.yaml,电网建模数据_Agent整合版_V1.2,enumerate source-backed station candidates; solve minimum integer storage modules; county multiple-choice selection,real_2025_C0_A_B,formal_real_planner_output,fd7bdd472e51fdf42841e584bcc451e78b3e1695d861e0a4bc5d439715e33bde
QX-00004,110,BDZ-00008,QX-00004|110|BDZ-00008|O001,EXP-QX-00004-BDZ-00008-01,"[""EXP-QX-00004-BDZ-00008-01""]",50,0,0,0,142.5,95,1170,1343,1516,74.38546717,121.7414881,179.917029,True,feasible,county_baseline.csv+station_master.csv+transformer_master.csv+expansion_cost_library.csv+empirical_station_scenarios.csv.gz+model_contract.yaml,电网建模数据_Agent整合版_V1.2,enumerate source-backed station candidates; solve minimum integer storage modules; county multiple-choice selection,real_2025_C0_A_B,formal_real_planner_output,fd7bdd472e51fdf42841e584bcc451e78b3e1695d861e0a4bc5d439715e33bde
QX-00004,110,BDZ-00029,QX-00004|110|BDZ-00029|O000,,[],0,0,0,0,95,47.5,0,0,0,0,0,0,True,feasible,county_baseline.csv+station_master.csv+transformer_master.csv+expansion_cost_library.csv+empirical_station_scenarios.csv.gz+model_contract.yaml,电网建模数据_Agent整合版_V1.2,enumerate source-backed station candidates; solve minimum integer storage modules; county multiple-choice selection,real_2025_C0_A_B,formal_real_planner_output,fd7bdd472e51fdf42841e584bcc451e78b3e1695d861e0a4bc5d439715e33bde
QX-00004,110,BDZ-00029,QX-00004|110|BDZ-00029|O001,EXP-QX-00004-BDZ-00029-01,"[""EXP-QX-00004-BDZ-00029-01""]",50,0,0,0,142.5,95,1170,1343,1516,74.38546717,121.7414881,179.917029,True,feasible,county_baseline.csv+station_master.csv+transformer_master.csv+expansion_cost_library.csv+empirical_station_scenarios.csv.gz+model_contract.yaml,电网建模数据_Agent整合版_V1.2,enumerate source-backed station candidates; solve minimum integer storage modules; county multiple-choice selection,real_2025_C0_A_B,formal_real_planner_output,fd7bdd472e51fdf42841e584bcc451e78b3e1695d861e0a4bc5d439715e33bde
QX-00004,110,BDZ-00041,QX-00004|110|BDZ-00041|O000,,[],0,0,0,0,95,47.5,0,0,0,0,0,0,True,feasible,county_baseline.csv+station_master.csv+transformer_master.csv+expansion_cost_library.csv+empirical_station_scenarios.csv.gz+model_contract.yaml,电网建模数据_Agent整合版_V1.2,enumerate source-backed station candidates; solve minimum integer storage modules; county multiple-choice selection,real_2025_C0_A_B,formal_real_planner_output,fd7bdd472e51fdf42841e584bcc451e78b3e1695d861e0a4bc5d439715e33bde
QX-00004,110,BDZ-00041,QX-00004|110|BDZ-00041|O001,EXP-QX-00004-BDZ-00041-01,"[""EXP-QX-00004-BDZ-00041-01""]",50,0,0,0,142.5,95,1170,1343,1516,74.38546717,121.7414881,179.917029,True,feasible,county_baseline.csv+station_master.csv+transformer_master.csv+expansion_cost_library.csv+empirical_station_scenarios.csv.gz+model_contract.yaml,电网建模数据_Agent整合版_V1.2,enumerate source-backed station candidates; solve minimum integer storage modules; county multiple-choice selection,real_2025_C0_A_B,formal_real_planner_output,fd7bdd472e51fdf42841e584bcc451e78b3e1695d861e0a4bc5d439715e33bde
QX-00004,110,BDZ-00047,QX-00004|110|BDZ-00047|O000,,[],0,0,0,0,95,47.5,0,0,0,0,0,0,True,feasible,county_baseline.csv+station_master.csv+transformer_master.csv+expansion_cost_library.csv+empirical_station_scenarios.csv.gz+model_contract.yaml,电网建模数据_Agent整合版_V1.2,enumerate source-backed station candidates; solve minimum integer storage modules; county multiple-choice selection,real_2025_C0_A_B,formal_real_planner_output,fd7bdd472e51fdf42841e584bcc451e78b3e1695d861e0a4bc5d439715e33bde
QX-00004,110,BDZ-00047,QX-00004|110|BDZ-00047|O001,EXP-QX-00004-BDZ-00047-01,"[""EXP-QX-00004-BDZ-00047-01""]",50,0,0,0,142.5,95,1170,1343,1516,74.38546717,121.7414881,179.917029,True,feasible,county_baseline.csv+station_master.csv+transformer_master.csv+expansion_cost_library.csv+empirical_station_scenarios.csv.gz+model_contract.yaml,电网建模数据_Agent整合版_V1.2,enumerate source-backed station candidates; solve minimum integer storage modules; county multiple-choice selection,real_2025_C0_A_B,formal_real_planner_output,fd7bdd472e51fdf42841e584bcc451e78b3e1695d861e0a4bc5d439715e33bde
QX-00004,110,BDZ-00061,QX-00004|110|BDZ-00061|O000,,[],0,0,0,0,119.7,59.85,0,0,0,0,0,0,True,feasible,county_baseline.csv+station_master.csv+transformer_master.csv+expansion_cost_library.csv+empirical_station_scenarios.csv.gz+model_contract.yaml,电网建模数据_Agent整合版_V1.2,enumerate source-backed station candidates; solve minimum integer storage modules; county multiple-choice selection,real_2025_C0_A_B,formal_real_planner_output,fd7bdd472e51fdf42841e584bcc451e78b3e1695d861e0a4bc5d439715e33bde
QX-00004,110,BDZ-00064,QX-00004|110|BDZ-00064|O000,,[],0,0,0,0,95,47.5,0,0,0,0,0,0,True,feasible,county_baseline.csv+station_master.csv+transformer_master.csv+expansion_cost_library.csv+empirical_station_scenarios.csv.gz+model_contract.yaml,电网建模数据_Agent整合版_V1.2,enumerate source-backed station candidates; solve minimum integer storage modules; county multiple-choice selection,real_2025_C0_A_B,formal_real_planner_output,fd7bdd472e51fdf42841e584bcc451e78b3e1695d861e0a4bc5d439715e33bde
QX-00004,110,BDZ-00075,QX-00004|110|BDZ-00075|O000,,[],0,0,0,0,123.5,47.5,0,0,0,0,0,0,True,feasible,county_baseline.csv+station_master.csv+transformer_master.csv+expansion_cost_library.csv+empirical_station_scenarios.csv.gz+model_contract.yaml,电网建模数据_Agent整合版_V1.2,enumerate source-backed station candidates; solve minimum integer storage modules; county multiple-choice selection,real_2025_C0_A_B,formal_real_planner_output,fd7bdd472e51fdf42841e584bcc451e78b3e1695d861e0a4bc5d439715e33bde
QX-00004,110,BDZ-00075,QX-00004|110|BDZ-00075|O001,EXP-QX-00004-BDZ-00075-01,"[""EXP-QX-00004-BDZ-00075-01""]",50,0,0,0,171,95,1170,1343,1516,74.38546717,121.7414881,179.917029,True,feasible,county_baseline.csv+station_master.csv+transformer_master.csv+expansion_cost_library.csv+empirical_station_scenarios.csv.gz+model_contract.yaml,电网建模数据_Agent整合版_V1.2,enumerate source-backed station candidates; solve minimum integer storage modules; county multiple-choice selection,real_2025_C0_A_B,formal_real_planner_output,fd7bdd472e51fdf42841e584bcc451e78b3e1695d861e0a4bc5d439715e33bde
QX-00004,110,BDZ-00082,QX-00004|110|BDZ-00082|O000,,[],0,0,0,0,95,47.5,0,0,0,0,0,0,True,feasible,county_baseline.csv+station_master.csv+transformer_master.csv+expansion_cost_library.csv+empirical_station_scenarios.csv.gz+model_contract.yaml,电网建模数据_Agent整合版_V1.2,enumerate source-backed station candidates; solve minimum integer storage modules; county multiple-choice selection,real_2025_C0_A_B,formal_real_planner_output,fd7bdd472e51fdf42841e584bcc451e78b3e1695d861e0a4bc5d439715e33bde
QX-00004,110,BDZ-00082,QX-00004|110|BDZ-00082|O001,EXP-QX-00004-BDZ-00082-01,"[""EXP-QX-00004-BDZ-00082-01""]",50,0,0,0,142.5,95,1170,1343,1516,74.38546717,121.7414881,179.917029,True,feasible,county_baseline.csv+station_master.csv+transformer_master.csv+expansion_cost_library.csv+empirical_station_scenarios.csv.gz+model_contract.yaml,电网建模数据_Agent整合版_V1.2,enumerate source-backed station candidates; solve minimum integer storage modules; county multiple-choice selection,real_2025_C0_A_B,formal_real_planner_output,fd7bdd472e51fdf42841e584bcc451e78b3e1695d861e0a4bc5d439715e33bde
QX-00004,110,BDZ-00083,QX-00004|110|BDZ-00083|O000,,[],0,0,0,0,119.7,59.85,0,0,0,0,0,0,True,feasible,county_baseline.csv+station_master.csv+transformer_master.csv+expansion_cost_library.csv+empirical_station_scenarios.csv.gz+model_contract.yaml,电网建模数据_Agent整合版_V1.2,enumerate source-backed station candidates; solve minimum integer storage modules; county multiple-choice selection,real_2025_C0_A_B,formal_real_planner_output,fd7bdd472e51fdf42841e584bcc451e78b3e1695d861e0a4bc5d439715e33bde
QX-00004,110,BDZ-00093,QX-00004|110|BDZ-00093|O000,,[],0,0,0,0,119.7,59.85,0,0,0,0,0,0,True,feasible,county_baseline.csv+station_master.csv+transformer_master.csv+expansion_cost_library.csv+empirical_station_scenarios.csv.gz+model_contract.yaml,电网建模数据_Agent整合版_V1.2,enumerate source-backed station candidates; solve minimum integer storage modules; county multiple-choice selection,real_2025_C0_A_B,formal_real_planner_output,fd7bdd472e51fdf42841e584bcc451e78b3e1695d861e0a4bc5d439715e33bde
QX-00004,110,BDZ-00098,QX-00004|110|BDZ-00098|O000,,[],0,29,2.9,6.235,95,47.5,610.34415,611.006924,788.78985,74.18865752,101.3464709,172.7566202,True,feasible,county_baseline.csv+station_master.csv+transformer_master.csv+expansion_cost_library.csv+empirical_station_scenarios.csv.gz+model_contract.yaml,电网建模数据_Agent整合版_V1.2,enumerate source-backed station candidates; solve minimum integer storage modules; county multiple-choice selection,real_2025_C0_A_B,formal_real_planner_output,fd7bdd472e51fdf42841e584bcc451e78b3e1695d861e0a4bc5d439715e33bde
QX-00004,110,BDZ-00130,QX-00004|110|BDZ-00130|O000,,[],0,0,0,0,66.5,19,0,0,0,0,0,0,True,feasible,county_baseline.csv+station_master.csv+transformer_master.csv+expansion_cost_library.csv+empirical_station_scenarios.csv.gz+model_contract.yaml,电网建模数据_Agent整合版_V1.2,enumerate source-backed station candidates; solve minimum integer storage modules; county multiple-choice selection,real_2025_C0_A_B,formal_real_planner_output,fd7bdd472e51fdf42841e584bcc451e78b3e1695d861e0a4bc5d439715e33bde
QX-00004,110,BDZ-00130,QX-00004|110|BDZ-00130|O001,EXP-QX-00004-BDZ-00130-01,"[""EXP-QX-00004-BDZ-00130-01""]",50,0,0,0,114,66.5,1170,1343,1516,74.38546717,121.7414881,179.917029,True,feasible,county_baseline.csv+station_master.csv+transformer_master.csv+expansion_cost_library.csv+empirical_station_scenarios.csv.gz+model_contract.yaml,电网建模数据_Agent整合版_V1.2,enumerate source-backed station candidates; solve minimum integer storage modules; county multiple-choice selection,real_2025_C0_A_B,formal_real_planner_output,fd7bdd472e51fdf42841e584bcc451e78b3e1695d861e0a4bc5d439715e33bde
QX-00004,110,BDZ-00140,QX-00004|110|BDZ-00140|O000,,[],0,0,0,0,119.7,59.85,0,0,0,0,0,0,True,feasible,county_baseline.csv+station_master.csv+transformer_master.csv+expansion_cost_library.csv+empirical_station_scenarios.csv.gz+model_contract.yaml,电网建模数据_Agent整合版_V1.2,enumerate source-backed station candidates; solve minimum integer storage modules; county multiple-choice selection,real_2025_C0_A_B,formal_real_planner_output,fd7bdd472e51fdf42841e584bcc451e78b3e1695d861e0a4bc5d439715e33bde
QX-00004,110,BDZ-00149,QX-00004|110|BDZ-00149|O000,,[],0,76,7.6,16.34,85.5,38,1599.5226,1602.202834,2067.1734,194.4254473,265.7541127,452.7414873,True,feasible,county_baseline.csv+station_master.csv+transformer_master.csv+expansion_cost_library.csv+empirical_station_scenarios.csv.gz+model_contract.yaml,电网建模数据_Agent整合版_V1.2,enumerate source-backed station candidates; solve minimum integer storage modules; county multiple-choice selection,real_2025_C0_A_B,formal_real_planner_output,fd7bdd472e51fdf42841e584bcc451e78b3e1695d861e0a4bc5d439715e33bde
QX-00004,110,BDZ-00152,QX-00004|110|BDZ-00152|O000,,[],0,0,0,0,95,47.5,0,0,0,0,0,0,True,feasible,county_baseline.csv+station_master.csv+transformer_master.csv+expansion_cost_library.csv+empirical_station_scenarios.csv.gz+model_contract.yaml,电网建模数据_Agent整合版_V1.2,enumerate source-backed station candidates; solve minimum integer storage modules; county multiple-choice selection,real_2025_C0_A_B,formal_real_planner_output,fd7bdd472e51fdf42841e584bcc451e78b3e1695d861e0a4bc5d439715e33bde
QX-00004,110,BDZ-00169,QX-00004|110|BDZ-00169|O000,,[],0,0,0,0,95,47.5,0,0,0,0,0,0,True,feasible,county_baseline.csv+station_master.csv+transformer_master.csv+expansion_cost_library.csv+empirical_station_scenarios.csv.gz+model_contract.yaml,电网建模数据_Agent整合版_V1.2,enumerate source-backed station candidates; solve minimum integer storage modules; county multiple-choice selection,real_2025_C0_A_B,formal_real_planner_output,fd7bdd472e51fdf42841e584bcc451e78b3e1695d861e0a4bc5d439715e33bde
QX-00004,110,BDZ-00169,QX-00004|110|BDZ-00169|O001,EXP-QX-00004-BDZ-00169-01,"[""EXP-QX-00004-BDZ-00169-01""]",50,0,0,0,142.5,95,1170,1343,1516,74.38546717,121.7414881,179.917029,True,feasible,county_baseline.csv+station_master.csv+transformer_master.csv+expansion_cost_library.csv+empirical_station_scenarios.csv.gz+model_contract.yaml,电网建模数据_Agent整合版_V1.2,enumerate source-backed station candidates; solve minimum integer storage modules; county multiple-choice selection,real_2025_C0_A_B,formal_real_planner_output,fd7bdd472e51fdf42841e584bcc451e78b3e1695d861e0a4bc5d439715e33bde
QX-00004,110,BDZ-00181,QX-00004|110|BDZ-00181|O000,,[],0,0,0,0,107.35,47.5,0,0,0,0,0,0,True,feasible,county_baseline.csv+station_master.csv+transformer_master.csv+expansion_cost_library.csv+empirical_station_scenarios.csv.gz+model_contract.yaml,电网建模数据_Agent整合版_V1.2,enumerate source-backed station candidates; solve minimum integer storage modules; county multiple-choice selection,real_2025_C0_A_B,formal_real_planner_output,fd7bdd472e51fdf42841e584bcc451e78b3e1695d861e0a4bc5d439715e33bde
QX-00004,110,BDZ-00182,QX-00004|110|BDZ-00182|O000,,[],0,0,0,0,95,47.5,0,0,0,0,0,0,True,feasible,county_baseline.csv+station_master.csv+transformer_master.csv+expansion_cost_library.csv+empirical_station_scenarios.csv.gz+model_contract.yaml,电网建模数据_Agent整合版_V1.2,enumerate source-backed station candidates; solve minimum integer storage modules; county multiple-choice selection,real_2025_C0_A_B,formal_real_planner_output,fd7bdd472e51fdf42841e584bcc451e78b3e1695d861e0a4bc5d439715e33bde
QX-00004,110,BDZ-00182,QX-00004|110|BDZ-00182|O001,EXP-QX-00004-BDZ-00182-01,"[""EXP-QX-00004-BDZ-00182-01""]",50,0,0,0,142.5,95,1170,1343,1516,74.38546717,121.7414881,179.917029,True,feasible,county_baseline.csv+station_master.csv+transformer_master.csv+expansion_cost_library.csv+empirical_station_scenarios.csv.gz+model_contract.yaml,电网建模数据_Agent整合版_V1.2,enumerate source-backed station candidates; solve minimum integer storage modules; county multiple-choice selection,real_2025_C0_A_B,formal_real_planner_output,fd7bdd472e51fdf42841e584bcc451e78b3e1695d861e0a4bc5d439715e33bde
QX-00005,35,BDZ-00246,QX-00005|35|BDZ-00246|O000,,[],0,41,4.1,8.815,38,19,862.90035,869.025048,1115.18565,104.8874124,144.1434104,244.2421182,True,feasible,county_baseline.csv+station_master.csv+transformer_master.csv+expansion_cost_library.csv+empirical_station_scenarios.csv.gz+model_contract.yaml,电网建模数据_Agent整合版_V1.2,enumerate source-backed station candidates; solve minimum integer storage modules; county multiple-choice selection,real_2025_C0_A_B,formal_real_planner_output,fd7bdd472e51fdf42841e584bcc451e78b3e1695d861e0a4bc5d439715e33bde
QX-00005,35,BDZ-00248,QX-00005|35|BDZ-00248|O000,,[],0,0,0,0,38,19,0,0,0,0,0,0,True,feasible,county_baseline.csv+station_master.csv+transformer_master.csv+expansion_cost_library.csv+empirical_station_scenarios.csv.gz+model_contract.yaml,电网建模数据_Agent整合版_V1.2,enumerate source-backed station candidates; solve minimum integer storage modules; county multiple-choice selection,real_2025_C0_A_B,formal_real_planner_output,fd7bdd472e51fdf42841e584bcc451e78b3e1695d861e0a4bc5d439715e33bde
QX-00005,35,BDZ-00255,QX-00005|35|BDZ-00255|O000,,[],0,8,0.8,1.72,28.5,9.5,168.3708,169.7326,217.5972,20.46583656,28.15319981,47.65699866,False,storage_required_but_no_available_connection_bay,county_baseline.csv+station_master.csv+transformer_master.csv+expansion_cost_library.csv+empirical_station_scenarios.csv.gz+model_contract.yaml,电网建模数据_Agent整合版_V1.2,enumerate source-backed station candidates; solve minimum integer storage modules; county multiple-choice selection,real_2025_C0_A_B,formal_real_planner_output,fd7bdd472e51fdf42841e584bcc451e78b3e1695d861e0a4bc5d439715e33bde
QX-00005,35,BDZ-00280,QX-00005|35|BDZ-00280|O000,,[],0,0,0,0,42.75,19,0,0,0,0,0,0,True,feasible,county_baseline.csv+station_master.csv+transformer_master.csv+expansion_cost_library.csv+empirical_station_scenarios.csv.gz+model_contract.yaml,电网建模数据_Agent整合版_V1.2,enumerate source-backed station candidates; solve minimum integer storage modules; county multiple-choice selection,real_2025_C0_A_B,formal_real_planner_output,fd7bdd472e51fdf42841e584bcc451e78b3e1695d861e0a4bc5d439715e33bde
QX-00005,35,BDZ-00290,QX-00005|35|BDZ-00290|O000,,[],0,117,11.7,25.155,28.5,9.5,2462.42295,2464.389682,3182.35905,299.3128596,408.7632848,696.9836055,False,storage_required_but_no_available_connection_bay,county_baseline.csv+station_master.csv+transformer_master.csv+expansion_cost_library.csv+empirical_station_scenarios.csv.gz+model_contract.yaml,电网建模数据_Agent整合版_V1.2,enumerate source-backed station candidates; solve minimum integer storage modules; county multiple-choice selection,real_2025_C0_A_B,formal_real_planner_output,fd7bdd472e51fdf42841e584bcc451e78b3e1695d861e0a4bc5d439715e33bde
QX-00005,35,BDZ-00314,QX-00005|35|BDZ-00314|O000,,[],0,165,16.5,35.475,34.2,15.2,3472.64775,3475.947392,4487.94225,422.107879,576.5482968,982.9255974,False,storage_required_but_no_available_connection_bay,county_baseline.csv+station_master.csv+transformer_master.csv+expansion_cost_library.csv+empirical_station_scenarios.csv.gz+model_contract.yaml,电网建模数据_Agent整合版_V1.2,enumerate source-backed station candidates; solve minimum integer storage modules; county multiple-choice selection,real_2025_C0_A_B,formal_real_planner_output,fd7bdd472e51fdf42841e584bcc451e78b3e1695d861e0a4bc5d439715e33bde
QX-00005,35,BDZ-00325,QX-00005|35|BDZ-00325|O000,,[],0,0,0,0,34.2,15.2,0,0,0,0,0,0,True,feasible,county_baseline.csv+station_master.csv+transformer_master.csv+expansion_cost_library.csv+empirical_station_scenarios.csv.gz+model_contract.yaml,电网建模数据_Agent整合版_V1.2,enumerate source-backed station candidates; solve minimum integer storage modules; county multiple-choice selection,real_2025_C0_A_B,formal_real_planner_output,fd7bdd472e51fdf42841e584bcc451e78b3e1695d861e0a4bc5d439715e33bde
QX-00005,110,BDZ-00005,QX-00005|110|BDZ-00005|O000,,[],0,0,0,0,95,47.5,0,0,0,0,0,0,True,feasible,county_baseline.csv+station_master.csv+transformer_master.csv+expansion_cost_library.csv+empirical_station_scenarios.csv.gz+model_contract.yaml,电网建模数据_Agent整合版_V1.2,enumerate source-backed station candidates; solve minimum integer storage modules; county multiple-choice selection,real_2025_C0_A_B,formal_real_planner_output,fd7bdd472e51fdf42841e584bcc451e78b3e1695d861e0a4bc5d439715e33bde
QX-00005,110,BDZ-00016,QX-00005|110|BDZ-00016|O000,,[],0,0,0,0,142.5,47.5,0,0,0,0,0,0,True,feasible,county_baseline.csv+station_master.csv+transformer_master.csv+expansion_cost_library.csv+empirical_station_scenarios.csv.gz+model_contract.yaml,电网建模数据_Agent整合版_V1.2,enumerate source-backed station candidates; solve minimum integer storage modules; county multiple-choice selection,real_2025_C0_A_B,formal_real_planner_output,fd7bdd472e51fdf42841e584bcc451e78b3e1695d861e0a4bc5d439715e33bde
QX-00005,110,BDZ-00016,QX-00005|110|BDZ-00016|O001,EXP-QX-00005-BDZ-00016-01,"[""EXP-QX-00005-BDZ-00016-01""]",50,0,0,0,190,95,1170,1343,1516,74.38546717,121.7414881,179.917029,True,feasible,county_baseline.csv+station_master.csv+transformer_master.csv+expansion_cost_library.csv+empirical_station_scenarios.csv.gz+model_contract.yaml,电网建模数据_Agent整合版_V1.2,enumerate source-backed station candidates; solve minimum integer storage modules; county multiple-choice selection,real_2025_C0_A_B,formal_real_planner_output,fd7bdd472e51fdf42841e584bcc451e78b3e1695d861e0a4bc5d439715e33bde
QX-00005,110,BDZ-00021,QX-00005|110|BDZ-00021|O000,,[],0,0,0,0,95,47.5,0,0,0,0,0,0,True,feasible,county_baseline.csv+station_master.csv+transformer_master.csv+expansion_cost_library.csv+empirical_station_scenarios.csv.gz+model_contract.yaml,电网建模数据_Agent整合版_V1.2,enumerate source-backed station candidates; solve minimum integer storage modules; county multiple-choice selection,real_2025_C0_A_B,formal_real_planner_output,fd7bdd472e51fdf42841e584bcc451e78b3e1695d861e0a4bc5d439715e33bde
QX-00005,110,BDZ-00021,QX-00005|110|BDZ-00021|O001,EXP-QX-00005-BDZ-00021-01,"[""EXP-QX-00005-BDZ-00021-01""]",50,0,0,0,142.5,95,1170,1343,1516,74.38546717,121.7414881,179.917029,True,feasible,county_baseline.csv+station_master.csv+transformer_master.csv+expansion_cost_library.csv+empirical_station_scenarios.csv.gz+model_contract.yaml,电网建模数据_Agent整合版_V1.2,enumerate source-backed station candidates; solve minimum integer storage modules; county multiple-choice selection,real_2025_C0_A_B,formal_real_planner_output,fd7bdd472e51fdf42841e584bcc451e78b3e1695d861e0a4bc5d439715e33bde
QX-00005,110,BDZ-00022,QX-00005|110|BDZ-00022|O000,,[],0,250,25,53.75,77.425,29.925,5261.5875,5261.40655,6799.9125,639.5573924,872.6987618,1489.281208,True,feasible,county_baseline.csv+station_master.csv+transformer_master.csv+expansion_cost_library.csv+empirical_station_scenarios.csv.gz+model_contract.yaml,电网建模数据_Agent整合版_V1.2,enumerate source-backed station candidates; solve minimum integer storage modules; county multiple-choice selection,real_2025_C0_A_B,formal_real_planner_output,fd7bdd472e51fdf42841e584bcc451e78b3e1695d861e0a4bc5d439715e33bde
QX-00005,110,BDZ-00026,QX-00005|110|BDZ-00026|O000,,[],0,0,0,0,107.35,47.5,0,0,0,0,0,0,True,feasible,county_baseline.csv+station_master.csv+transformer_master.csv+expansion_cost_library.csv+empirical_station_scenarios.csv.gz+model_contract.yaml,电网建模数据_Agent整合版_V1.2,enumerate source-backed station candidates; solve minimum integer storage modules; county multiple-choice selection,real_2025_C0_A_B,formal_real_planner_output,fd7bdd472e51fdf42841e584bcc451e78b3e1695d861e0a4bc5d439715e33bde
QX-00005,110,BDZ-00026,QX-00005|110|BDZ-00026|O001,EXP-QX-00005-BDZ-00026-01,"[""EXP-QX-00005-BDZ-00026-01""]",63,0,0,0,167.2,107.35,1474.2,1910.16,1910.16,93.72568864,226.6954566,226.6954566,True,feasible,county_baseline.csv+station_master.csv+transformer_master.csv+expansion_cost_library.csv+empirical_station_scenarios.csv.gz+model_contract.yaml,电网建模数据_Agent整合版_V1.2,enumerate source-backed station candidates; solve minimum integer storage modules; county multiple-choice selection,real_2025_C0_A_B,formal_real_planner_output,fd7bdd472e51fdf42841e584bcc451e78b3e1695d861e0a4bc5d439715e33bde
QX-00005,110,BDZ-00027,QX-00005|110|BDZ-00027|O000,,[],0,0,0,0,95,47.5,0,0,0,0,0,0,True,feasible,county_baseline.csv+station_master.csv+transformer_master.csv+expansion_cost_library.csv+empirical_station_scenarios.csv.gz+model_contract.yaml,电网建模数据_Agent整合版_V1.2,enumerate source-backed station candidates; solve minimum integer storage modules; county multiple-choice selection,real_2025_C0_A_B,formal_real_planner_output,fd7bdd472e51fdf42841e584bcc451e78b3e1695d861e0a4bc5d439715e33bde
QX-00005,110,BDZ-00027,QX-00005|110|BDZ-00027|O001,EXP-QX-00005-BDZ-00027-01,"[""EXP-QX-00005-BDZ-00027-01""]",50,0,0,0,142.5,95,1170,1343,1516,74.38546717,121.7414881,179.917029,True,feasible,county_baseline.csv+station_master.csv+transformer_master.csv+expansion_cost_library.csv+empirical_station_scenarios.csv.gz+model_contract.yaml,电网建模数据_Agent整合版_V1.2,enumerate source-backed station candidates; solve minimum integer storage modules; county multiple-choice selection,real_2025_C0_A_B,formal_real_planner_output,fd7bdd472e51fdf42841e584bcc451e78b3e1695d861e0a4bc5d439715e33bde
QX-00005,110,BDZ-00028,QX-00005|110|BDZ-00028|O000,,[],0,0,0,0,154.85,59.85,0,0,0,0,0,0,True,feasible,county_baseline.csv+station_master.csv+transformer_master.csv+expansion_cost_library.csv+empirical_station_scenarios.csv.gz+model_contract.yaml,电网建模数据_Agent整合版_V1.2,enumerate source-backed station candidates; solve minimum integer storage modules; county multiple-choice selection,real_2025_C0_A_B,formal_real_planner_output,fd7bdd472e51fdf42841e584bcc451e78b3e1695d861e0a4bc5d439715e33bde
QX-00005,110,BDZ-00031,QX-00005|110|BDZ-00031|O000,,[],0,0,0,0,107.35,47.5,0,0,0,0,0,0,True,feasible,county_baseline.csv+station_master.csv+transformer_master.csv+expansion_cost_library.csv+empirical_station_scenarios.csv.gz+model_contract.yaml,电网建模数据_Agent整合版_V1.2,enumerate source-backed station candidates; solve minimum integer storage modules; county multiple-choice selection,real_2025_C0_A_B,formal_real_planner_output,fd7bdd472e51fdf42841e584bcc451e78b3e1695d861e0a4bc5d439715e33bde
QX-00005,110,BDZ-00031,QX-00005|110|BDZ-00031|O001,EXP-QX-00005-BDZ-00031-01,"[""EXP-QX-00005-BDZ-00031-01""]",50,0,0,0,154.85,95,1170,1343,1516,74.38546717,121.7414881,179.917029,True,feasible,county_baseline.csv+station_master.csv+transformer_master.csv+expansion_cost_library.csv+empirical_station_scenarios.csv.gz+model_contract.yaml,电网建模数据_Agent整合版_V1.2,enumerate source-backed station candidates; solve minimum integer storage modules; county multiple-choice selection,real_2025_C0_A_B,formal_real_planner_output,fd7bdd472e51fdf42841e584bcc451e78b3e1695d861e0a4bc5d439715e33bde
QX-00005,110,BDZ-00037,QX-00005|110|BDZ-00037|O000,,[],0,0,0,0,95,47.5,0,0,0,0,0,0,True,feasible,county_baseline.csv+station_master.csv+transformer_master.csv+expansion_cost_library.csv+empirical_station_scenarios.csv.gz+model_contract.yaml,电网建模数据_Agent整合版_V1.2,enumerate source-backed station candidates; solve minimum integer storage modules; county multiple-choice selection,real_2025_C0_A_B,formal_real_planner_output,fd7bdd472e51fdf42841e584bcc451e78b3e1695d861e0a4bc5d439715e33bde
QX-00005,110,BDZ-00037,QX-00005|110|BDZ-00037|O001,EXP-QX-00005-BDZ-00037-01,"[""EXP-QX-00005-BDZ-00037-01""]",80,0,0,0,171,95,1872,2425.6,2425.6,119.0167475,287.8672465,287.8672465,True,feasible,county_baseline.csv+station_master.csv+transformer_master.csv+expansion_cost_library.csv+empirical_station_scenarios.csv.gz+model_contract.yaml,电网建模数据_Agent整合版_V1.2,enumerate source-backed station candidates; solve minimum integer storage modules; county multiple-choice selection,real_2025_C0_A_B,formal_real_planner_output,fd7bdd472e51fdf42841e584bcc451e78b3e1695d861e0a4bc5d439715e33bde
QX-00005,110,BDZ-00048,QX-00005|110|BDZ-00048|O000,,[],0,0,0,0,142.5,47.5,0,0,0,0,0,0,True,feasible,county_baseline.csv+station_master.csv+transformer_master.csv+expansion_cost_library.csv+empirical_station_scenarios.csv.gz+model_contract.yaml,电网建模数据_Agent整合版_V1.2,enumerate source-backed station candidates; solve minimum integer storage modules; county multiple-choice selection,real_2025_C0_A_B,formal_real_planner_output,fd7bdd472e51fdf42841e584bcc451e78b3e1695d861e0a4bc5d439715e33bde
QX-00005,110,BDZ-00048,QX-00005|110|BDZ-00048|O001,EXP-QX-00005-BDZ-00048-01,"[""EXP-QX-00005-BDZ-00048-01""]",100,0,0,0,237.5,142.5,2340,3032,3032,148.7709343,359.8340581,359.8340581,True,feasible,county_baseline.csv+station_master.csv+transformer_master.csv+expansion_cost_library.csv+empirical_station_scenarios.csv.gz+model_contract.yaml,电网建模数据_Agent整合版_V1.2,enumerate source-backed station candidates; solve minimum integer storage modules; county multiple-choice selection,real_2025_C0_A_B,formal_real_planner_output,fd7bdd472e51fdf42841e584bcc451e78b3e1695d861e0a4bc5d439715e33bde
QX-00005,110,BDZ-00095,QX-00005|110|BDZ-00095|O000,,[],0,0,0,0,95,47.5,0,0,0,0,0,0,True,feasible,county_baseline.csv+station_master.csv+transformer_master.csv+expansion_cost_library.csv+empirical_station_scenarios.csv.gz+model_contract.yaml,电网建模数据_Agent整合版_V1.2,enumerate source-backed station candidates; solve minimum integer storage modules; county multiple-choice selection,real_2025_C0_A_B,formal_real_planner_output,fd7bdd472e51fdf42841e584bcc451e78b3e1695d861e0a4bc5d439715e33bde
QX-00005,110,BDZ-00095,QX-00005|110|BDZ-00095|O001,EXP-QX-00005-BDZ-00095-01,"[""EXP-QX-00005-BDZ-00095-01""]",50,0,0,0,142.5,95,1170,1343,1516,74.38546717,121.7414881,179.917029,True,feasible,county_baseline.csv+station_master.csv+transformer_master.csv+expansion_cost_library.csv+empirical_station_scenarios.csv.gz+model_contract.yaml,电网建模数据_Agent整合版_V1.2,enumerate source-backed station candidates; solve minimum integer storage modules; county multiple-choice selection,real_2025_C0_A_B,formal_real_planner_output,fd7bdd472e51fdf42841e584bcc451e78b3e1695d861e0a4bc5d439715e33bde
QX-00005,110,BDZ-00096,QX-00005|110|BDZ-00096|O000,,[],0,0,0,0,152,76,0,0,0,0,0,0,True,feasible,county_baseline.csv+station_master.csv+transformer_master.csv+expansion_cost_library.csv+empirical_station_scenarios.csv.gz+model_contract.yaml,电网建模数据_Agent整合版_V1.2,enumerate source-backed station candidates; solve minimum integer storage modules; county multiple-choice selection,real_2025_C0_A_B,formal_real_planner_output,fd7bdd472e51fdf42841e584bcc451e78b3e1695d861e0a4bc5d439715e33bde
QX-00005,110,BDZ-00124,QX-00005|110|BDZ-00124|O000,,[],0,0,0,0,107.35,47.5,0,0,0,0,0,0,True,feasible,county_baseline.csv+station_master.csv+transformer_master.csv+expansion_cost_library.csv+empirical_station_scenarios.csv.gz+model_contract.yaml,电网建模数据_Agent整合版_V1.2,enumerate source-backed station candidates; solve minimum integer storage modules; county multiple-choice selection,real_2025_C0_A_B,formal_real_planner_output,fd7bdd472e51fdf42841e584bcc451e78b3e1695d861e0a4bc5d439715e33bde
QX-00005,110,BDZ-00135,QX-00005|110|BDZ-00135|O000,,[],0,64,6.4,13.76,107.35,47.5,1346.9664,1351.022972,1740.7776,163.7266925,224.0914219,381.2559893,True,feasible,county_baseline.csv+station_master.csv+transformer_master.csv+expansion_cost_library.csv+empirical_station_scenarios.csv.gz+model_contract.yaml,电网建模数据_Agent整合版_V1.2,enumerate source-backed station candidates; solve minimum integer storage modules; county multiple-choice selection,real_2025_C0_A_B,formal_real_planner_output,fd7bdd472e51fdf42841e584bcc451e78b3e1695d861e0a4bc5d439715e33bde
QX-00005,110,BDZ-00141,QX-00005|110|BDZ-00141|O000,,[],0,0,0,0,95,47.5,0,0,0,0,0,0,True,feasible,county_baseline.csv+station_master.csv+transformer_master.csv+expansion_cost_library.csv+empirical_station_scenarios.csv.gz+model_contract.yaml,电网建模数据_Agent整合版_V1.2,enumerate source-backed station candidates; solve minimum integer storage modules; county multiple-choice selection,real_2025_C0_A_B,formal_real_planner_output,fd7bdd472e51fdf42841e584bcc451e78b3e1695d861e0a4bc5d439715e33bde
QX-00005,110,BDZ-00146,QX-00005|110|BDZ-00146|O000,,[],0,0,0,0,76,38,0,0,0,0,0,0,True,feasible,county_baseline.csv+station_master.csv+transformer_master.csv+expansion_cost_library.csv+empirical_station_scenarios.csv.gz+model_contract.yaml,电网建模数据_Agent整合版_V1.2,enumerate source-backed station candidates; solve minimum integer storage modules; county multiple-choice selection,real_2025_C0_A_B,formal_real_planner_output,fd7bdd472e51fdf42841e584bcc451e78b3e1695d861e0a4bc5d439715e33bde
QX-00005,110,BDZ-00146,QX-00005|110|BDZ-00146|O001,EXP-QX-00005-BDZ-00146-01,"[""EXP-QX-00005-BDZ-00146-01""]",50,0,0,0,123.5,76,1170,1343,1516,74.38546717,121.7414881,179.917029,True,feasible,county_baseline.csv+station_master.csv+transformer_master.csv+expansion_cost_library.csv+empirical_station_scenarios.csv.gz+model_contract.yaml,电网建模数据_Agent整合版_V1.2,enumerate source-backed station candidates; solve minimum integer storage modules; county multiple-choice selection,real_2025_C0_A_B,formal_real_planner_output,fd7bdd472e51fdf42841e584bcc451e78b3e1695d861e0a4bc5d439715e33bde
QX-00005,110,BDZ-00147,QX-00005|110|BDZ-00147|O000,,[],0,0,0,0,95,47.5,0,0,0,0,0,0,True,feasible,county_baseline.csv+station_master.csv+transformer_master.csv+expansion_cost_library.csv+empirical_station_scenarios.csv.gz+model_contract.yaml,电网建模数据_Agent整合版_V1.2,enumerate source-backed station candidates; solve minimum integer storage modules; county multiple-choice selection,real_2025_C0_A_B,formal_real_planner_output,fd7bdd472e51fdf42841e584bcc451e78b3e1695d861e0a4bc5d439715e33bde
QX-00005,110,BDZ-00147,QX-00005|110|BDZ-00147|O001,EXP-QX-00005-BDZ-00147-01,"[""EXP-QX-00005-BDZ-00147-01""]",50,0,0,0,142.5,95,1170,1343,1516,74.38546717,121.7414881,179.917029,True,feasible,county_baseline.csv+station_master.csv+transformer_master.csv+expansion_cost_library.csv+empirical_station_scenarios.csv.gz+model_contract.yaml,电网建模数据_Agent整合版_V1.2,enumerate source-backed station candidates; solve minimum integer storage modules; county multiple-choice selection,real_2025_C0_A_B,formal_real_planner_output,fd7bdd472e51fdf42841e584bcc451e78b3e1695d861e0a4bc5d439715e33bde
QX-00005,110,BDZ-00162,QX-00005|110|BDZ-00162|O000,,[],0,399,39.9,85.785,38,19,8397.49365,8397.888618,10852.66035,1020.733598,1392.940638,2376.892808,True,feasible,county_baseline.csv+station_master.csv+transformer_master.csv+expansion_cost_library.csv+empirical_station_scenarios.csv.gz+model_contract.yaml,电网建模数据_Agent整合版_V1.2,enumerate source-backed station candidates; solve minimum integer storage modules; county multiple-choice selection,real_2025_C0_A_B,formal_real_planner_output,fd7bdd472e51fdf42841e584bcc451e78b3e1695d861e0a4bc5d439715e33bde
QX-00005,110,BDZ-00162,QX-00005|110|BDZ-00162|O001,EXP-QX-00005-BDZ-00162-01,"[""EXP-QX-00005-BDZ-00162-01""]",50,0,0,0,85.5,38,1170,1343,1516,74.38546717,121.7414881,179.917029,True,feasible,county_baseline.csv+station_master.csv+transformer_master.csv+expansion_cost_library.csv+empirical_station_scenarios.csv.gz+model_contract.yaml,电网建模数据_Agent整合版_V1.2,enumerate source-backed station candidates; solve minimum integer storage modules; county multiple-choice selection,real_2025_C0_A_B,formal_real_planner_output,fd7bdd472e51fdf42841e584bcc451e78b3e1695d861e0a4bc5d439715e33bde
QX-00005,110,BDZ-00164,QX-00005|110|BDZ-00164|O000,,[],0,0,0,0,59.85,29.925,0,0,0,0,0,0,True,feasible,county_baseline.csv+station_master.csv+transformer_master.csv+expansion_cost_library.csv+empirical_station_scenarios.csv.gz+model_contract.yaml,电网建模数据_Agent整合版_V1.2,enumerate source-backed station candidates; solve minimum integer storage modules; county multiple-choice selection,real_2025_C0_A_B,formal_real_planner_output,fd7bdd472e51fdf42841e584bcc451e78b3e1695d861e0a4bc5d439715e33bde
QX-00005,110,BDZ-00164,QX-00005|110|BDZ-00164|O001,EXP-QX-00005-BDZ-00164-01,"[""EXP-QX-00005-BDZ-00164-01""]",50,0,0,0,107.35,59.85,1170,1343,1516,74.38546717,121.7414881,179.917029,True,feasible,county_baseline.csv+station_master.csv+transformer_master.csv+expansion_cost_library.csv+empirical_station_scenarios.csv.gz+model_contract.yaml,电网建模数据_Agent整合版_V1.2,enumerate source-backed station candidates; solve minimum integer storage modules; county multiple-choice selection,real_2025_C0_A_B,formal_real_planner_output,fd7bdd472e51fdf42841e584bcc451e78b3e1695d861e0a4bc5d439715e33bde
QX-00005,110,BDZ-00172,QX-00005|110|BDZ-00172|O000,,[],0,0,0,0,95,47.5,0,0,0,0,0,0,True,feasible,county_baseline.csv+station_master.csv+transformer_master.csv+expansion_cost_library.csv+empirical_station_scenarios.csv.gz+model_contract.yaml,电网建模数据_Agent整合版_V1.2,enumerate source-backed station candidates; solve minimum integer storage modules; county multiple-choice selection,real_2025_C0_A_B,formal_real_planner_output,fd7bdd472e51fdf42841e584bcc451e78b3e1695d861e0a4bc5d439715e33bde
QX-00005,110,BDZ-00172,QX-00005|110|BDZ-00172|O001,EXP-QX-00005-BDZ-00172-01,"[""EXP-QX-00005-BDZ-00172-01""]",50,0,0,0,142.5,95,1170,1343,1516,74.38546717,121.7414881,179.917029,True,feasible,county_baseline.csv+station_master.csv+transformer_master.csv+expansion_cost_library.csv+empirical_station_scenarios.csv.gz+model_contract.yaml,电网建模数据_Agent整合版_V1.2,enumerate source-backed station candidates; solve minimum integer storage modules; county multiple-choice selection,real_2025_C0_A_B,formal_real_planner_output,fd7bdd472e51fdf42841e584bcc451e78b3e1695d861e0a4bc5d439715e33bde
QX-00007,110,BDZ-00004,QX-00007|110|BDZ-00004|O000,,[],0,0,0,0,95,47.5,0,0,0,0,0,0,True,feasible,county_baseline.csv+station_master.csv+transformer_master.csv+expansion_cost_library.csv+empirical_station_scenarios.csv.gz+model_contract.yaml,电网建模数据_Agent整合版_V1.2,enumerate source-backed station candidates; solve minimum integer storage modules; county multiple-choice selection,real_2025_C0_A_B,formal_real_planner_output,fd7bdd472e51fdf42841e584bcc451e78b3e1695d861e0a4bc5d439715e33bde
QX-00007,110,BDZ-00004,QX-00007|110|BDZ-00004|O001,EXP-QX-00007-BDZ-00004-01,"[""EXP-QX-00007-BDZ-00004-01""]",50,0,0,0,142.5,95,1170,1343,1516,74.38546717,121.7414881,179.917029,True,feasible,county_baseline.csv+station_master.csv+transformer_master.csv+expansion_cost_library.csv+empirical_station_scenarios.csv.gz+model_contract.yaml,电网建模数据_Agent整合版_V1.2,enumerate source-backed station candidates; solve minimum integer storage modules; county multiple-choice selection,real_2025_C0_A_B,formal_real_planner_output,fd7bdd472e51fdf42841e584bcc451e78b3e1695d861e0a4bc5d439715e33bde
QX-00007,110,BDZ-00012,QX-00007|110|BDZ-00012|O000,,[],0,0,0,0,119.7,59.85,0,0,0,0,0,0,True,feasible,county_baseline.csv+station_master.csv+transformer_master.csv+expansion_cost_library.csv+empirical_station_scenarios.csv.gz+model_contract.yaml,电网建模数据_Agent整合版_V1.2,enumerate source-backed station candidates; solve minimum integer storage modules; county multiple-choice selection,real_2025_C0_A_B,formal_real_planner_output,fd7bdd472e51fdf42841e584bcc451e78b3e1695d861e0a4bc5d439715e33bde
QX-00007,110,BDZ-00013,QX-00007|110|BDZ-00013|O000,,[],0,0,0,0,107.35,47.5,0,0,0,0,0,0,True,feasible,county_baseline.csv+station_master.csv+transformer_master.csv+expansion_cost_library.csv+empirical_station_scenarios.csv.gz+model_contract.yaml,电网建模数据_Agent整合版_V1.2,enumerate source-backed station candidates; solve minimum integer storage modules; county multiple-choice selection,real_2025_C0_A_B,formal_real_planner_output,fd7bdd472e51fdf42841e584bcc451e78b3e1695d861e0a4bc5d439715e33bde
QX-00007,110,BDZ-00013,QX-00007|110|BDZ-00013|O001,EXP-QX-00007-BDZ-00013-01,"[""EXP-QX-00007-BDZ-00013-01""]",63,0,0,0,167.2,107.35,1474.2,1910.16,1910.16,93.72568864,226.6954566,226.6954566,True,feasible,county_baseline.csv+station_master.csv+transformer_master.csv+expansion_cost_library.csv+empirical_station_scenarios.csv.gz+model_contract.yaml,电网建模数据_Agent整合版_V1.2,enumerate source-backed station candidates; solve minimum integer storage modules; county multiple-choice selection,real_2025_C0_A_B,formal_real_planner_output,fd7bdd472e51fdf42841e584bcc451e78b3e1695d861e0a4bc5d439715e33bde
QX-00007,110,BDZ-00023,QX-00007|110|BDZ-00023|O000,,[],0,0,0,0,152,76,0,0,0,0,0,0,True,feasible,county_baseline.csv+station_master.csv+transformer_master.csv+expansion_cost_library.csv+empirical_station_scenarios.csv.gz+model_contract.yaml,电网建模数据_Agent整合版_V1.2,enumerate source-backed station candidates; solve minimum integer storage modules; county multiple-choice selection,real_2025_C0_A_B,formal_real_planner_output,fd7bdd472e51fdf42841e584bcc451e78b3e1695d861e0a4bc5d439715e33bde
QX-00007,110,BDZ-00024,QX-00007|110|BDZ-00024|O000,,[],0,0,0,0,135.85,59.85,0,0,0,0,0,0,True,feasible,county_baseline.csv+station_master.csv+transformer_master.csv+expansion_cost_library.csv+empirical_station_scenarios.csv.gz+model_contract.yaml,电网建模数据_Agent整合版_V1.2,enumerate source-backed station candidates; solve minimum integer storage modules; county multiple-choice selection,real_2025_C0_A_B,formal_real_planner_output,fd7bdd472e51fdf42841e584bcc451e78b3e1695d861e0a4bc5d439715e33bde
QX-00007,110,BDZ-00036,QX-00007|110|BDZ-00036|O000,,[],0,0,0,0,76,38,0,0,0,0,0,0,True,feasible,county_baseline.csv+station_master.csv+transformer_master.csv+expansion_cost_library.csv+empirical_station_scenarios.csv.gz+model_contract.yaml,电网建模数据_Agent整合版_V1.2,enumerate source-backed station candidates; solve minimum integer storage modules; county multiple-choice selection,real_2025_C0_A_B,formal_real_planner_output,fd7bdd472e51fdf42841e584bcc451e78b3e1695d861e0a4bc5d439715e33bde
QX-00007,110,BDZ-00042,QX-00007|110|BDZ-00042|O000,,[],0,0,0,0,152,76,0,0,0,0,0,0,True,feasible,county_baseline.csv+station_master.csv+transformer_master.csv+expansion_cost_library.csv+empirical_station_scenarios.csv.gz+model_contract.yaml,电网建模数据_Agent整合版_V1.2,enumerate source-backed station candidates; solve minimum integer storage modules; county multiple-choice selection,real_2025_C0_A_B,formal_real_planner_output,fd7bdd472e51fdf42841e584bcc451e78b3e1695d861e0a4bc5d439715e33bde
QX-00007,110,BDZ-00051,QX-00007|110|BDZ-00051|O000,,[],0,0,0,0,95,47.5,0,0,0,0,0,0,True,feasible,county_baseline.csv+station_master.csv+transformer_master.csv+expansion_cost_library.csv+empirical_station_scenarios.csv.gz+model_contract.yaml,电网建模数据_Agent整合版_V1.2,enumerate source-backed station candidates; solve minimum integer storage modules; county multiple-choice selection,real_2025_C0_A_B,formal_real_planner_output,fd7bdd472e51fdf42841e584bcc451e78b3e1695d861e0a4bc5d439715e33bde
QX-00007,110,BDZ-00053,QX-00007|110|BDZ-00053|O000,,[],0,0,0,0,119.7,59.85,0,0,0,0,0,0,True,feasible,county_baseline.csv+station_master.csv+transformer_master.csv+expansion_cost_library.csv+empirical_station_scenarios.csv.gz+model_contract.yaml,电网建模数据_Agent整合版_V1.2,enumerate source-backed station candidates; solve minimum integer storage modules; county multiple-choice selection,real_2025_C0_A_B,formal_real_planner_output,fd7bdd472e51fdf42841e584bcc451e78b3e1695d861e0a4bc5d439715e33bde
QX-00007,110,BDZ-00053,QX-00007|110|BDZ-00053|O001,EXP-QX-00007-BDZ-00053-01,"[""EXP-QX-00007-BDZ-00053-01""]",63,0,0,0,179.55,119.7,1474.2,1910.16,1910.16,93.72568864,226.6954566,226.6954566,True,feasible,county_baseline.csv+station_master.csv+transformer_master.csv+expansion_cost_library.csv+empirical_station_scenarios.csv.gz+model_contract.yaml,电网建模数据_Agent整合版_V1.2,enumerate source-backed station candidates; solve minimum integer storage modules; county multiple-choice selection,real_2025_C0_A_B,formal_real_planner_output,fd7bdd472e51fdf42841e584bcc451e78b3e1695d861e0a4bc5d439715e33bde
QX-00007,110,BDZ-00062,QX-00007|110|BDZ-00062|O000,,[],0,0,0,0,119.7,59.85,0,0,0,0,0,0,True,feasible,county_baseline.csv+station_master.csv+transformer_master.csv+expansion_cost_library.csv+empirical_station_scenarios.csv.gz+model_contract.yaml,电网建模数据_Agent整合版_V1.2,enumerate source-backed station candidates; solve minimum integer storage modules; county multiple-choice selection,real_2025_C0_A_B,formal_real_planner_output,fd7bdd472e51fdf42841e584bcc451e78b3e1695d861e0a4bc5d439715e33bde
QX-00007,110,BDZ-00065,QX-00007|110|BDZ-00065|O000,,[],0,0,0,0,152,76,0,0,0,0,0,0,True,feasible,county_baseline.csv+station_master.csv+transformer_master.csv+expansion_cost_library.csv+empirical_station_scenarios.csv.gz+model_contract.yaml,电网建模数据_Agent整合版_V1.2,enumerate source-backed station candidates; solve minimum integer storage modules; county multiple-choice selection,real_2025_C0_A_B,formal_real_planner_output,fd7bdd472e51fdf42841e584bcc451e78b3e1695d861e0a4bc5d439715e33bde
QX-00007,110,BDZ-00074,QX-00007|110|BDZ-00074|O000,,[],0,0,0,0,107.35,47.5,0,0,0,0,0,0,True,feasible,county_baseline.csv+station_master.csv+transformer_master.csv+expansion_cost_library.csv+empirical_station_scenarios.csv.gz+model_contract.yaml,电网建模数据_Agent整合版_V1.2,enumerate source-backed station candidates; solve minimum integer storage modules; county multiple-choice selection,real_2025_C0_A_B,formal_real_planner_output,fd7bdd472e51fdf42841e584bcc451e78b3e1695d861e0a4bc5d439715e33bde
QX-00007,110,BDZ-00074,QX-00007|110|BDZ-00074|O001,EXP-QX-00007-BDZ-00074-01,"[""EXP-QX-00007-BDZ-00074-01""]",50,0,0,0,154.85,95,1170,1343,1516,74.38546717,121.7414881,179.917029,True,feasible,county_baseline.csv+station_master.csv+transformer_master.csv+expansion_cost_library.csv+empirical_station_scenarios.csv.gz+model_contract.yaml,电网建模数据_Agent整合版_V1.2,enumerate source-backed station candidates; solve minimum integer storage modules; county multiple-choice selection,real_2025_C0_A_B,formal_real_planner_output,fd7bdd472e51fdf42841e584bcc451e78b3e1695d861e0a4bc5d439715e33bde
QX-00007,110,BDZ-00076,QX-00007|110|BDZ-00076|O000,,[],0,0,0,0,95,47.5,0,0,0,0,0,0,True,feasible,county_baseline.csv+station_master.csv+transformer_master.csv+expansion_cost_library.csv+empirical_station_scenarios.csv.gz+model_contract.yaml,电网建模数据_Agent整合版_V1.2,enumerate source-backed station candidates; solve minimum integer storage modules; county multiple-choice selection,real_2025_C0_A_B,formal_real_planner_output,fd7bdd472e51fdf42841e584bcc451e78b3e1695d861e0a4bc5d439715e33bde
QX-00007,110,BDZ-00076,QX-00007|110|BDZ-00076|O001,EXP-QX-00007-BDZ-00076-01,"[""EXP-QX-00007-BDZ-00076-01""]",50,0,0,0,142.5,95,1170,1343,1516,74.38546717,121.7414881,179.917029,True,feasible,county_baseline.csv+station_master.csv+transformer_master.csv+expansion_cost_library.csv+empirical_station_scenarios.csv.gz+model_contract.yaml,电网建模数据_Agent整合版_V1.2,enumerate source-backed station candidates; solve minimum integer storage modules; county multiple-choice selection,real_2025_C0_A_B,formal_real_planner_output,fd7bdd472e51fdf42841e584bcc451e78b3e1695d861e0a4bc5d439715e33bde
QX-00007,110,BDZ-00085,QX-00007|110|BDZ-00085|O000,,[],0,0,0,0,119.7,59.85,0,0,0,0,0,0,True,feasible,county_baseline.csv+station_master.csv+transformer_master.csv+expansion_cost_library.csv+empirical_station_scenarios.csv.gz+model_contract.yaml,电网建模数据_Agent整合版_V1.2,enumerate source-backed station candidates; solve minimum integer storage modules; county multiple-choice selection,real_2025_C0_A_B,formal_real_planner_output,fd7bdd472e51fdf42841e584bcc451e78b3e1695d861e0a4bc5d439715e33bde
QX-00007,110,BDZ-00092,QX-00007|110|BDZ-00092|O000,,[],0,0,0,0,95,47.5,0,0,0,0,0,0,True,feasible,county_baseline.csv+station_master.csv+transformer_master.csv+expansion_cost_library.csv+empirical_station_scenarios.csv.gz+model_contract.yaml,电网建模数据_Agent整合版_V1.2,enumerate source-backed station candidates; solve minimum integer storage modules; county multiple-choice selection,real_2025_C0_A_B,formal_real_planner_output,fd7bdd472e51fdf42841e584bcc451e78b3e1695d861e0a4bc5d439715e33bde
QX-00007,110,BDZ-00092,QX-00007|110|BDZ-00092|O001,EXP-QX-00007-BDZ-00092-01,"[""EXP-QX-00007-BDZ-00092-01""]",50,0,0,0,142.5,95,1170,1343,1516,74.38546717,121.7414881,179.917029,True,feasible,county_baseline.csv+station_master.csv+transformer_master.csv+expansion_cost_library.csv+empirical_station_scenarios.csv.gz+model_contract.yaml,电网建模数据_Agent整合版_V1.2,enumerate source-backed station candidates; solve minimum integer storage modules; county multiple-choice selection,real_2025_C0_A_B,formal_real_planner_output,fd7bdd472e51fdf42841e584bcc451e78b3e1695d861e0a4bc5d439715e33bde
QX-00007,110,BDZ-00094,QX-00007|110|BDZ-00094|O000,,[],0,0,0,0,107.35,47.5,0,0,0,0,0,0,True,feasible,county_baseline.csv+station_master.csv+transformer_master.csv+expansion_cost_library.csv+empirical_station_scenarios.csv.gz+model_contract.yaml,电网建模数据_Agent整合版_V1.2,enumerate source-backed station candidates; solve minimum integer storage modules; county multiple-choice selection,real_2025_C0_A_B,formal_real_planner_output,fd7bdd472e51fdf42841e584bcc451e78b3e1695d861e0a4bc5d439715e33bde
QX-00007,110,BDZ-00094,QX-00007|110|BDZ-00094|O001,EXP-QX-00007-BDZ-00094-01,"[""EXP-QX-00007-BDZ-00094-01""]",63,0,0,0,167.2,107.35,1474.2,1910.16,1910.16,93.72568864,226.6954566,226.6954566,True,feasible,county_baseline.csv+station_master.csv+transformer_master.csv+expansion_cost_library.csv+empirical_station_scenarios.csv.gz+model_contract.yaml,电网建模数据_Agent整合版_V1.2,enumerate source-backed station candidates; solve minimum integer storage modules; county multiple-choice selection,real_2025_C0_A_B,formal_real_planner_output,fd7bdd472e51fdf42841e584bcc451e78b3e1695d861e0a4bc5d439715e33bde
QX-00007,110,BDZ-00102,QX-00007|110|BDZ-00102|O000,,[],0,0,0,0,95,47.5,0,0,0,0,0,0,True,feasible,county_baseline.csv+station_master.csv+transformer_master.csv+expansion_cost_library.csv+empirical_station_scenarios.csv.gz+model_contract.yaml,电网建模数据_Agent整合版_V1.2,enumerate source-backed station candidates; solve minimum integer storage modules; county multiple-choice selection,real_2025_C0_A_B,formal_real_planner_output,fd7bdd472e51fdf42841e584bcc451e78b3e1695d861e0a4bc5d439715e33bde
QX-00007,110,BDZ-00102,QX-00007|110|BDZ-00102|O001,EXP-QX-00007-BDZ-00102-01,"[""EXP-QX-00007-BDZ-00102-01""]",50,0,0,0,142.5,95,1170,1343,1516,74.38546717,121.7414881,179.917029,True,feasible,county_baseline.csv+station_master.csv+transformer_master.csv+expansion_cost_library.csv+empirical_station_scenarios.csv.gz+model_contract.yaml,电网建模数据_Agent整合版_V1.2,enumerate source-backed station candidates; solve minimum integer storage modules; county multiple-choice selection,real_2025_C0_A_B,formal_real_planner_output,fd7bdd472e51fdf42841e584bcc451e78b3e1695d861e0a4bc5d439715e33bde
QX-00007,110,BDZ-00103,QX-00007|110|BDZ-00103|O000,,[],0,0,0,0,95,47.5,0,0,0,0,0,0,True,feasible,county_baseline.csv+station_master.csv+transformer_master.csv+expansion_cost_library.csv+empirical_station_scenarios.csv.gz+model_contract.yaml,电网建模数据_Agent整合版_V1.2,enumerate source-backed station candidates; solve minimum integer storage modules; county multiple-choice selection,real_2025_C0_A_B,formal_real_planner_output,fd7bdd472e51fdf42841e584bcc451e78b3e1695d861e0a4bc5d439715e33bde
QX-00007,110,BDZ-00106,QX-00007|110|BDZ-00106|O000,,[],0,0,0,0,95,47.5,0,0,0,0,0,0,True,feasible,county_baseline.csv+station_master.csv+transformer_master.csv+expansion_cost_library.csv+empirical_station_scenarios.csv.gz+model_contract.yaml,电网建模数据_Agent整合版_V1.2,enumerate source-backed station candidates; solve minimum integer storage modules; county multiple-choice selection,real_2025_C0_A_B,formal_real_planner_output,fd7bdd472e51fdf42841e584bcc451e78b3e1695d861e0a4bc5d439715e33bde
QX-00007,110,BDZ-00106,QX-00007|110|BDZ-00106|O001,EXP-QX-00007-BDZ-00106-01,"[""EXP-QX-00007-BDZ-00106-01""]",50,0,0,0,142.5,95,1170,1343,1516,74.38546717,121.7414881,179.917029,True,feasible,county_baseline.csv+station_master.csv+transformer_master.csv+expansion_cost_library.csv+empirical_station_scenarios.csv.gz+model_contract.yaml,电网建模数据_Agent整合版_V1.2,enumerate source-backed station candidates; solve minimum integer storage modules; county multiple-choice selection,real_2025_C0_A_B,formal_real_planner_output,fd7bdd472e51fdf42841e584bcc451e78b3e1695d861e0a4bc5d439715e33bde
QX-00007,110,BDZ-00110,QX-00007|110|BDZ-00110|O000,,[],0,0,0,0,190,95,0,0,0,0,0,0,True,feasible,county_baseline.csv+station_master.csv+transformer_master.csv+expansion_cost_library.csv+empirical_station_scenarios.csv.gz+model_contract.yaml,电网建模数据_Agent整合版_V1.2,enumerate source-backed station candidates; solve minimum integer storage modules; county multiple-choice selection,real_2025_C0_A_B,formal_real_planner_output,fd7bdd472e51fdf42841e584bcc451e78b3e1695d861e0a4bc5d439715e33bde
QX-00007,110,BDZ-00110,QX-00007|110|BDZ-00110|O001,EXP-QX-00007-BDZ-00110-01,"[""EXP-QX-00007-BDZ-00110-01""]",100,0,0,0,285,190,2340,3032,3032,148.7709343,359.8340581,359.8340581,True,feasible,county_baseline.csv+station_master.csv+transformer_master.csv+expansion_cost_library.csv+empirical_station_scenarios.csv.gz+model_contract.yaml,电网建模数据_Agent整合版_V1.2,enumerate source-backed station candidates; solve minimum integer storage modules; county multiple-choice selection,real_2025_C0_A_B,formal_real_planner_output,fd7bdd472e51fdf42841e584bcc451e78b3e1695d861e0a4bc5d439715e33bde
QX-00007,110,BDZ-00114,QX-00007|110|BDZ-00114|O000,,[],0,0,0,0,167.2,107.35,0,0,0,0,0,0,True,feasible,county_baseline.csv+station_master.csv+transformer_master.csv+expansion_cost_library.csv+empirical_station_scenarios.csv.gz+model_contract.yaml,电网建模数据_Agent整合版_V1.2,enumerate source-backed station candidates; solve minimum integer storage modules; county multiple-choice selection,real_2025_C0_A_B,formal_real_planner_output,fd7bdd472e51fdf42841e584bcc451e78b3e1695d861e0a4bc5d439715e33bde
QX-00007,110,BDZ-00115,QX-00007|110|BDZ-00115|O000,,[],0,0,0,0,95,47.5,0,0,0,0,0,0,True,feasible,county_baseline.csv+station_master.csv+transformer_master.csv+expansion_cost_library.csv+empirical_station_scenarios.csv.gz+model_contract.yaml,电网建模数据_Agent整合版_V1.2,enumerate source-backed station candidates; solve minimum integer storage modules; county multiple-choice selection,real_2025_C0_A_B,formal_real_planner_output,fd7bdd472e51fdf42841e584bcc451e78b3e1695d861e0a4bc5d439715e33bde
QX-00007,110,BDZ-00115,QX-00007|110|BDZ-00115|O001,EXP-QX-00007-BDZ-00115-01,"[""EXP-QX-00007-BDZ-00115-01""]",50,0,0,0,142.5,95,1170,1343,1516,74.38546717,121.7414881,179.917029,True,feasible,county_baseline.csv+station_master.csv+transformer_master.csv+expansion_cost_library.csv+empirical_station_scenarios.csv.gz+model_contract.yaml,电网建模数据_Agent整合版_V1.2,enumerate source-backed station candidates; solve minimum integer storage modules; county multiple-choice selection,real_2025_C0_A_B,formal_real_planner_output,fd7bdd472e51fdf42841e584bcc451e78b3e1695d861e0a4bc5d439715e33bde
QX-00007,110,BDZ-00137,QX-00007|110|BDZ-00137|O000,,[],0,0,0,0,95,47.5,0,0,0,0,0,0,True,feasible,county_baseline.csv+station_master.csv+transformer_master.csv+expansion_cost_library.csv+empirical_station_scenarios.csv.gz+model_contract.yaml,电网建模数据_Agent整合版_V1.2,enumerate source-backed station candidates; solve minimum integer storage modules; county multiple-choice selection,real_2025_C0_A_B,formal_real_planner_output,fd7bdd472e51fdf42841e584bcc451e78b3e1695d861e0a4bc5d439715e33bde
QX-00007,110,BDZ-00137,QX-00007|110|BDZ-00137|O001,EXP-QX-00007-BDZ-00137-01,"[""EXP-QX-00007-BDZ-00137-01""]",50,0,0,0,142.5,95,1170,1343,1516,74.38546717,121.7414881,179.917029,True,feasible,county_baseline.csv+station_master.csv+transformer_master.csv+expansion_cost_library.csv+empirical_station_scenarios.csv.gz+model_contract.yaml,电网建模数据_Agent整合版_V1.2,enumerate source-backed station candidates; solve minimum integer storage modules; county multiple-choice selection,real_2025_C0_A_B,formal_real_planner_output,fd7bdd472e51fdf42841e584bcc451e78b3e1695d861e0a4bc5d439715e33bde
QX-00007,110,BDZ-00139,QX-00007|110|BDZ-00139|O000,,[],0,0,0,0,95,47.5,0,0,0,0,0,0,True,feasible,county_baseline.csv+station_master.csv+transformer_master.csv+expansion_cost_library.csv+empirical_station_scenarios.csv.gz+model_contract.yaml,电网建模数据_Agent整合版_V1.2,enumerate source-backed station candidates; solve minimum integer storage modules; county multiple-choice selection,real_2025_C0_A_B,formal_real_planner_output,fd7bdd472e51fdf42841e584bcc451e78b3e1695d861e0a4bc5d439715e33bde
QX-00007,110,BDZ-00148,QX-00007|110|BDZ-00148|O000,,[],0,0,0,0,152,76,0,0,0,0,0,0,True,feasible,county_baseline.csv+station_master.csv+transformer_master.csv+expansion_cost_library.csv+empirical_station_scenarios.csv.gz+model_contract.yaml,电网建模数据_Agent整合版_V1.2,enumerate source-backed station candidates; solve minimum integer storage modules; county multiple-choice selection,real_2025_C0_A_B,formal_real_planner_output,fd7bdd472e51fdf42841e584bcc451e78b3e1695d861e0a4bc5d439715e33bde
QX-00007,110,BDZ-00151,QX-00007|110|BDZ-00151|O000,,[],0,0,0,0,135.85,59.85,0,0,0,0,0,0,True,feasible,county_baseline.csv+station_master.csv+transformer_master.csv+expansion_cost_library.csv+empirical_station_scenarios.csv.gz+model_contract.yaml,电网建模数据_Agent整合版_V1.2,enumerate source-backed station candidates; solve minimum integer storage modules; county multiple-choice selection,real_2025_C0_A_B,formal_real_planner_output,fd7bdd472e51fdf42841e584bcc451e78b3e1695d861e0a4bc5d439715e33bde
QX-00007,110,BDZ-00154,QX-00007|110|BDZ-00154|O000,,[],0,0,0,0,107.35,47.5,0,0,0,0,0,0,True,feasible,county_baseline.csv+station_master.csv+transformer_master.csv+expansion_cost_library.csv+empirical_station_scenarios.csv.gz+model_contract.yaml,电网建模数据_Agent整合版_V1.2,enumerate source-backed station candidates; solve minimum integer storage modules; county multiple-choice selection,real_2025_C0_A_B,formal_real_planner_output,fd7bdd472e51fdf42841e584bcc451e78b3e1695d861e0a4bc5d439715e33bde
QX-00007,110,BDZ-00154,QX-00007|110|BDZ-00154|O001,EXP-QX-00007-BDZ-00154-01,"[""EXP-QX-00007-BDZ-00154-01""]",63,0,0,0,167.2,107.35,1474.2,1910.16,1910.16,93.72568864,226.6954566,226.6954566,True,feasible,county_baseline.csv+station_master.csv+transformer_master.csv+expansion_cost_library.csv+empirical_station_scenarios.csv.gz+model_contract.yaml,电网建模数据_Agent整合版_V1.2,enumerate source-backed station candidates; solve minimum integer storage modules; county multiple-choice selection,real_2025_C0_A_B,formal_real_planner_output,fd7bdd472e51fdf42841e584bcc451e78b3e1695d861e0a4bc5d439715e33bde
QX-00007,110,BDZ-00155,QX-00007|110|BDZ-00155|O000,,[],0,0,0,0,95,47.5,0,0,0,0,0,0,True,feasible,county_baseline.csv+station_master.csv+transformer_master.csv+expansion_cost_library.csv+empirical_station_scenarios.csv.gz+model_contract.yaml,电网建模数据_Agent整合版_V1.2,enumerate source-backed station candidates; solve minimum integer storage modules; county multiple-choice selection,real_2025_C0_A_B,formal_real_planner_output,fd7bdd472e51fdf42841e584bcc451e78b3e1695d861e0a4bc5d439715e33bde
QX-00007,110,BDZ-00156,QX-00007|110|BDZ-00156|O000,,[],0,0,0,0,119.7,59.85,0,0,0,0,0,0,True,feasible,county_baseline.csv+station_master.csv+transformer_master.csv+expansion_cost_library.csv+empirical_station_scenarios.csv.gz+model_contract.yaml,电网建模数据_Agent整合版_V1.2,enumerate source-backed station candidates; solve minimum integer storage modules; county multiple-choice selection,real_2025_C0_A_B,formal_real_planner_output,fd7bdd472e51fdf42841e584bcc451e78b3e1695d861e0a4bc5d439715e33bde
QX-00007,110,BDZ-00175,QX-00007|110|BDZ-00175|O000,,[],0,0,0,0,142.5,47.5,0,0,0,0,0,0,True,feasible,county_baseline.csv+station_master.csv+transformer_master.csv+expansion_cost_library.csv+empirical_station_scenarios.csv.gz+model_contract.yaml,电网建模数据_Agent整合版_V1.2,enumerate source-backed station candidates; solve minimum integer storage modules; county multiple-choice selection,real_2025_C0_A_B,formal_real_planner_output,fd7bdd472e51fdf42841e584bcc451e78b3e1695d861e0a4bc5d439715e33bde
QX-00007,110,BDZ-00175,QX-00007|110|BDZ-00175|O001,EXP-QX-00007-BDZ-00175-01,"[""EXP-QX-00007-BDZ-00175-01""]",100,0,0,0,237.5,142.5,2340,3032,3032,148.7709343,359.8340581,359.8340581,True,feasible,county_baseline.csv+station_master.csv+transformer_master.csv+expansion_cost_library.csv+empirical_station_scenarios.csv.gz+model_contract.yaml,电网建模数据_Agent整合版_V1.2,enumerate source-backed station candidates; solve minimum integer storage modules; county multiple-choice selection,real_2025_C0_A_B,formal_real_planner_output,fd7bdd472e51fdf42841e584bcc451e78b3e1695d861e0a4bc5d439715e33bde
QX-00008,35,BDZ-00257,QX-00008|35|BDZ-00257|O000,,[],0,0,0,0,15.485,5.985,0,0,0,0,0,0,True,feasible,county_baseline.csv+station_master.csv+transformer_master.csv+expansion_cost_library.csv+empirical_station_scenarios.csv.gz+model_contract.yaml,电网建模数据_Agent整合版_V1.2,enumerate source-backed station candidates; solve minimum integer storage modules; county multiple-choice selection,real_2025_C0_A_B,formal_real_planner_output,fd7bdd472e51fdf42841e584bcc451e78b3e1695d861e0a4bc5d439715e33bde
QX-00008,35,BDZ-00269,QX-00008|35|BDZ-00269|O000,,[],0,0,0,0,38,19,0,0,0,0,0,0,True,feasible,county_baseline.csv+station_master.csv+transformer_master.csv+expansion_cost_library.csv+empirical_station_scenarios.csv.gz+model_contract.yaml,电网建模数据_Agent整合版_V1.2,enumerate source-backed station candidates; solve minimum integer storage modules; county multiple-choice selection,real_2025_C0_A_B,formal_real_planner_output,fd7bdd472e51fdf42841e584bcc451e78b3e1695d861e0a4bc5d439715e33bde
QX-00008,35,BDZ-00292,QX-00008|35|BDZ-00292|O000,,[],0,0,0,0,19,9.5,0,0,0,0,0,0,True,feasible,county_baseline.csv+station_master.csv+transformer_master.csv+expansion_cost_library.csv+empirical_station_scenarios.csv.gz+model_contract.yaml,电网建模数据_Agent整合版_V1.2,enumerate source-backed station candidates; solve minimum integer storage modules; county multiple-choice selection,real_2025_C0_A_B,formal_real_planner_output,fd7bdd472e51fdf42841e584bcc451e78b3e1695d861e0a4bc5d439715e33bde
QX-00008,35,BDZ-00293,QX-00008|35|BDZ-00293|O000,,[],0,121,12.1,26.015,38,19,2546.60835,2552.675144,3291.15765,309.5457779,423.4070141,720.8121048,False,storage_required_but_no_available_connection_bay,county_baseline.csv+station_master.csv+transformer_master.csv+expansion_cost_library.csv+empirical_station_scenarios.csv.gz+model_contract.yaml,电网建模数据_Agent整合版_V1.2,enumerate source-backed station candidates; solve minimum integer storage modules; county multiple-choice selection,real_2025_C0_A_B,formal_real_planner_output,fd7bdd472e51fdf42841e584bcc451e78b3e1695d861e0a4bc5d439715e33bde
QX-00008,35,BDZ-00301,QX-00008|35|BDZ-00301|O000,,[],0,446,44.6,95.89,26.6,7.6,9386.6721,9389.084528,12131.0439,1140.970388,1557.34828,2656.877675,False,storage_required_but_no_available_connection_bay,county_baseline.csv+station_master.csv+transformer_master.csv+expansion_cost_library.csv+empirical_station_scenarios.csv.gz+model_contract.yaml,电网建模数据_Agent整合版_V1.2,enumerate source-backed station candidates; solve minimum integer storage modules; county multiple-choice selection,real_2025_C0_A_B,formal_real_planner_output,fd7bdd472e51fdf42841e584bcc451e78b3e1695d861e0a4bc5d439715e33bde
QX-00008,35,BDZ-00320,QX-00008|35|BDZ-00320|O000,,[],0,88,8.8,18.92,19,9.5,1852.0788,1853.382696,2393.5692,225.1242021,307.4168036,524.2269853,True,feasible,county_baseline.csv+station_master.csv+transformer_master.csv+expansion_cost_library.csv+empirical_station_scenarios.csv.gz+model_contract.yaml,电网建模数据_Agent整合版_V1.2,enumerate source-backed station candidates; solve minimum integer storage modules; county multiple-choice selection,real_2025_C0_A_B,formal_real_planner_output,fd7bdd472e51fdf42841e584bcc451e78b3e1695d861e0a4bc5d439715e33bde
QX-00008,110,BDZ-00003,QX-00008|110|BDZ-00003|O000,,[],0,0,0,0,95,47.5,0,0,0,0,0,0,True,feasible,county_baseline.csv+station_master.csv+transformer_master.csv+expansion_cost_library.csv+empirical_station_scenarios.csv.gz+model_contract.yaml,电网建模数据_Agent整合版_V1.2,enumerate source-backed station candidates; solve minimum integer storage modules; county multiple-choice selection,real_2025_C0_A_B,formal_real_planner_output,fd7bdd472e51fdf42841e584bcc451e78b3e1695d861e0a4bc5d439715e33bde
QX-00008,110,BDZ-00003,QX-00008|110|BDZ-00003|O001,EXP-QX-00008-BDZ-00003-01,"[""EXP-QX-00008-BDZ-00003-01""]",50,0,0,0,142.5,95,1170,1343,1516,74.38546717,121.7414881,179.917029,True,feasible,county_baseline.csv+station_master.csv+transformer_master.csv+expansion_cost_library.csv+empirical_station_scenarios.csv.gz+model_contract.yaml,电网建模数据_Agent整合版_V1.2,enumerate source-backed station candidates; solve minimum integer storage modules; county multiple-choice selection,real_2025_C0_A_B,formal_real_planner_output,fd7bdd472e51fdf42841e584bcc451e78b3e1695d861e0a4bc5d439715e33bde
QX-00008,110,BDZ-00030,QX-00008|110|BDZ-00030|O000,,[],0,0,0,0,95,47.5,0,0,0,0,0,0,True,feasible,county_baseline.csv+station_master.csv+transformer_master.csv+expansion_cost_library.csv+empirical_station_scenarios.csv.gz+model_contract.yaml,电网建模数据_Agent整合版_V1.2,enumerate source-backed station candidates; solve minimum integer storage modules; county multiple-choice selection,real_2025_C0_A_B,formal_real_planner_output,fd7bdd472e51fdf42841e584bcc451e78b3e1695d861e0a4bc5d439715e33bde
QX-00008,110,BDZ-00030,QX-00008|110|BDZ-00030|O001,EXP-QX-00008-BDZ-00030-01,"[""EXP-QX-00008-BDZ-00030-01""]",50,0,0,0,142.5,95,1170,1343,1516,74.38546717,121.7414881,179.917029,True,feasible,county_baseline.csv+station_master.csv+transformer_master.csv+expansion_cost_library.csv+empirical_station_scenarios.csv.gz+model_contract.yaml,电网建模数据_Agent整合版_V1.2,enumerate source-backed station candidates; solve minimum integer storage modules; county multiple-choice selection,real_2025_C0_A_B,formal_real_planner_output,fd7bdd472e51fdf42841e584bcc451e78b3e1695d861e0a4bc5d439715e33bde
QX-00008,110,BDZ-00038,QX-00008|110|BDZ-00038|O000,,[],0,0,0,0,95,47.5,0,0,0,0,0,0,True,feasible,county_baseline.csv+station_master.csv+transformer_master.csv+expansion_cost_library.csv+empirical_station_scenarios.csv.gz+model_contract.yaml,电网建模数据_Agent整合版_V1.2,enumerate source-backed station candidates; solve minimum integer storage modules; county multiple-choice selection,real_2025_C0_A_B,formal_real_planner_output,fd7bdd472e51fdf42841e584bcc451e78b3e1695d861e0a4bc5d439715e33bde
QX-00008,110,BDZ-00038,QX-00008|110|BDZ-00038|O001,EXP-QX-00008-BDZ-00038-01,"[""EXP-QX-00008-BDZ-00038-01""]",50,0,0,0,142.5,95,1170,1343,1516,74.38546717,121.7414881,179.917029,True,feasible,county_baseline.csv+station_master.csv+transformer_master.csv+expansion_cost_library.csv+empirical_station_scenarios.csv.gz+model_contract.yaml,电网建模数据_Agent整合版_V1.2,enumerate source-backed station candidates; solve minimum integer storage modules; county multiple-choice selection,real_2025_C0_A_B,formal_real_planner_output,fd7bdd472e51fdf42841e584bcc451e78b3e1695d861e0a4bc5d439715e33bde
QX-00008,110,BDZ-00043,QX-00008|110|BDZ-00043|O000,,[],0,0,0,0,59.85,29.925,0,0,0,0,0,0,True,feasible,county_baseline.csv+station_master.csv+transformer_master.csv+expansion_cost_library.csv+empirical_station_scenarios.csv.gz+model_contract.yaml,电网建模数据_Agent整合版_V1.2,enumerate source-backed station candidates; solve minimum integer storage modules; county multiple-choice selection,real_2025_C0_A_B,formal_real_planner_output,fd7bdd472e51fdf42841e584bcc451e78b3e1695d861e0a4bc5d439715e33bde
QX-00008,110,BDZ-00045,QX-00008|110|BDZ-00045|O000,,[],0,0,0,0,95,47.5,0,0,0,0,0,0,True,feasible,county_baseline.csv+station_master.csv+transformer_master.csv+expansion_cost_library.csv+empirical_station_scenarios.csv.gz+model_contract.yaml,电网建模数据_Agent整合版_V1.2,enumerate source-backed station candidates; solve minimum integer storage modules; county multiple-choice selection,real_2025_C0_A_B,formal_real_planner_output,fd7bdd472e51fdf42841e584bcc451e78b3e1695d861e0a4bc5d439715e33bde
QX-00008,110,BDZ-00063,QX-00008|110|BDZ-00063|O000,,[],0,0,0,0,95,47.5,0,0,0,0,0,0,True,feasible,county_baseline.csv+station_master.csv+transformer_master.csv+expansion_cost_library.csv+empirical_station_scenarios.csv.gz+model_contract.yaml,电网建模数据_Agent整合版_V1.2,enumerate source-backed station candidates; solve minimum integer storage modules; county multiple-choice selection,real_2025_C0_A_B,formal_real_planner_output,fd7bdd472e51fdf42841e584bcc451e78b3e1695d861e0a4bc5d439715e33bde
QX-00008,110,BDZ-00063,QX-00008|110|BDZ-00063|O001,EXP-QX-00008-BDZ-00063-01,"[""EXP-QX-00008-BDZ-00063-01""]",50,0,0,0,142.5,95,1170,1343,1516,74.38546717,121.7414881,179.917029,True,feasible,county_baseline.csv+station_master.csv+transformer_master.csv+expansion_cost_library.csv+empirical_station_scenarios.csv.gz+model_contract.yaml,电网建模数据_Agent整合版_V1.2,enumerate source-backed station candidates; solve minimum integer storage modules; county multiple-choice selection,real_2025_C0_A_B,formal_real_planner_output,fd7bdd472e51fdf42841e584bcc451e78b3e1695d861e0a4bc5d439715e33bde
QX-00008,110,BDZ-00066,QX-00008|110|BDZ-00066|O000,,[],0,0,0,0,95,47.5,0,0,0,0,0,0,True,feasible,county_baseline.csv+station_master.csv+transformer_master.csv+expansion_cost_library.csv+empirical_station_scenarios.csv.gz+model_contract.yaml,电网建模数据_Agent整合版_V1.2,enumerate source-backed station candidates; solve minimum integer storage modules; county multiple-choice selection,real_2025_C0_A_B,formal_real_planner_output,fd7bdd472e51fdf42841e584bcc451e78b3e1695d861e0a4bc5d439715e33bde
QX-00008,110,BDZ-00066,QX-00008|110|BDZ-00066|O001,EXP-QX-00008-BDZ-00066-01,"[""EXP-QX-00008-BDZ-00066-01""]",50,0,0,0,142.5,95,1170,1343,1516,74.38546717,121.7414881,179.917029,True,feasible,county_baseline.csv+station_master.csv+transformer_master.csv+expansion_cost_library.csv+empirical_station_scenarios.csv.gz+model_contract.yaml,电网建模数据_Agent整合版_V1.2,enumerate source-backed station candidates; solve minimum integer storage modules; county multiple-choice selection,real_2025_C0_A_B,formal_real_planner_output,fd7bdd472e51fdf42841e584bcc451e78b3e1695d861e0a4bc5d439715e33bde
QX-00008,110,BDZ-00067,QX-00008|110|BDZ-00067|O000,,[],0,0,0,0,95,47.5,0,0,0,0,0,0,True,feasible,county_baseline.csv+station_master.csv+transformer_master.csv+expansion_cost_library.csv+empirical_station_scenarios.csv.gz+model_contract.yaml,电网建模数据_Agent整合版_V1.2,enumerate source-backed station candidates; solve minimum integer storage modules; county multiple-choice selection,real_2025_C0_A_B,formal_real_planner_output,fd7bdd472e51fdf42841e584bcc451e78b3e1695d861e0a4bc5d439715e33bde
QX-00008,110,BDZ-00067,QX-00008|110|BDZ-00067|O001,EXP-QX-00008-BDZ-00067-01,"[""EXP-QX-00008-BDZ-00067-01""]",50,0,0,0,142.5,95,1170,1343,1516,74.38546717,121.7414881,179.917029,True,feasible,county_baseline.csv+station_master.csv+transformer_master.csv+expansion_cost_library.csv+empirical_station_scenarios.csv.gz+model_contract.yaml,电网建模数据_Agent整合版_V1.2,enumerate source-backed station candidates; solve minimum integer storage modules; county multiple-choice selection,real_2025_C0_A_B,formal_real_planner_output,fd7bdd472e51fdf42841e584bcc451e78b3e1695d861e0a4bc5d439715e33bde
QX-00008,110,BDZ-00070,QX-00008|110|BDZ-00070|O000,,[],0,0,0,0,95,47.5,0,0,0,0,0,0,True,feasible,county_baseline.csv+station_master.csv+transformer_master.csv+expansion_cost_library.csv+empirical_station_scenarios.csv.gz+model_contract.yaml,电网建模数据_Agent整合版_V1.2,enumerate source-backed station candidates; solve minimum integer storage modules; county multiple-choice selection,real_2025_C0_A_B,formal_real_planner_output,fd7bdd472e51fdf42841e584bcc451e78b3e1695d861e0a4bc5d439715e33bde
QX-00008,110,BDZ-00070,QX-00008|110|BDZ-00070|O001,EXP-QX-00008-BDZ-00070-01,"[""EXP-QX-00008-BDZ-00070-01""]",50,0,0,0,142.5,95,1170,1343,1516,74.38546717,121.7414881,179.917029,True,feasible,county_baseline.csv+station_master.csv+transformer_master.csv+expansion_cost_library.csv+empirical_station_scenarios.csv.gz+model_contract.yaml,电网建模数据_Agent整合版_V1.2,enumerate source-backed station candidates; solve minimum integer storage modules; county multiple-choice selection,real_2025_C0_A_B,formal_real_planner_output,fd7bdd472e51fdf42841e584bcc451e78b3e1695d861e0a4bc5d439715e33bde
QX-00008,110,BDZ-00073,QX-00008|110|BDZ-00073|O000,,[],0,0,0,0,95,47.5,0,0,0,0,0,0,True,feasible,county_baseline.csv+station_master.csv+transformer_master.csv+expansion_cost_library.csv+empirical_station_scenarios.csv.gz+model_contract.yaml,电网建模数据_Agent整合版_V1.2,enumerate source-backed station candidates; solve minimum integer storage modules; county multiple-choice selection,real_2025_C0_A_B,formal_real_planner_output,fd7bdd472e51fdf42841e584bcc451e78b3e1695d861e0a4bc5d439715e33bde
QX-00008,110,BDZ-00081,QX-00008|110|BDZ-00081|O000,,[],0,0,0,0,59.85,29.925,0,0,0,0,0,0,True,feasible,county_baseline.csv+station_master.csv+transformer_master.csv+expansion_cost_library.csv+empirical_station_scenarios.csv.gz+model_contract.yaml,电网建模数据_Agent整合版_V1.2,enumerate source-backed station candidates; solve minimum integer storage modules; county multiple-choice selection,real_2025_C0_A_B,formal_real_planner_output,fd7bdd472e51fdf42841e584bcc451e78b3e1695d861e0a4bc5d439715e33bde
QX-00008,110,BDZ-00100,QX-00008|110|BDZ-00100|O000,,[],0,0,0,0,123.5,47.5,0,0,0,0,0,0,True,feasible,county_baseline.csv+station_master.csv+transformer_master.csv+expansion_cost_library.csv+empirical_station_scenarios.csv.gz+model_contract.yaml,电网建模数据_Agent整合版_V1.2,enumerate source-backed station candidates; solve minimum integer storage modules; county multiple-choice selection,real_2025_C0_A_B,formal_real_planner_output,fd7bdd472e51fdf42841e584bcc451e78b3e1695d861e0a4bc5d439715e33bde
QX-00008,110,BDZ-00104,QX-00008|110|BDZ-00104|O000,,[],0,0,0,0,77.425,29.925,0,0,0,0,0,0,True,feasible,county_baseline.csv+station_master.csv+transformer_master.csv+expansion_cost_library.csv+empirical_station_scenarios.csv.gz+model_contract.yaml,电网建模数据_Agent整合版_V1.2,enumerate source-backed station candidates; solve minimum integer storage modules; county multiple-choice selection,real_2025_C0_A_B,formal_real_planner_output,fd7bdd472e51fdf42841e584bcc451e78b3e1695d861e0a4bc5d439715e33bde
QX-00008,110,BDZ-00107,QX-00008|110|BDZ-00107|O000,,[],0,0,0,0,95,47.5,0,0,0,0,0,0,True,feasible,county_baseline.csv+station_master.csv+transformer_master.csv+expansion_cost_library.csv+empirical_station_scenarios.csv.gz+model_contract.yaml,电网建模数据_Agent整合版_V1.2,enumerate source-backed station candidates; solve minimum integer storage modules; county multiple-choice selection,real_2025_C0_A_B,formal_real_planner_output,fd7bdd472e51fdf42841e584bcc451e78b3e1695d861e0a4bc5d439715e33bde
QX-00008,110,BDZ-00107,QX-00008|110|BDZ-00107|O001,EXP-QX-00008-BDZ-00107-01,"[""EXP-QX-00008-BDZ-00107-01""]",50,0,0,0,142.5,95,1170,1343,1516,74.38546717,121.7414881,179.917029,True,feasible,county_baseline.csv+station_master.csv+transformer_master.csv+expansion_cost_library.csv+empirical_station_scenarios.csv.gz+model_contract.yaml,电网建模数据_Agent整合版_V1.2,enumerate source-backed station candidates; solve minimum integer storage modules; county multiple-choice selection,real_2025_C0_A_B,formal_real_planner_output,fd7bdd472e51fdf42841e584bcc451e78b3e1695d861e0a4bc5d439715e33bde
QX-00008,110,BDZ-00121,QX-00008|110|BDZ-00121|O000,,[],0,0,0,0,85.5,38,0,0,0,0,0,0,True,feasible,county_baseline.csv+station_master.csv+transformer_master.csv+expansion_cost_library.csv+empirical_station_scenarios.csv.gz+model_contract.yaml,电网建模数据_Agent整合版_V1.2,enumerate source-backed station candidates; solve minimum integer storage modules; county multiple-choice selection,real_2025_C0_A_B,formal_real_planner_output,fd7bdd472e51fdf42841e584bcc451e78b3e1695d861e0a4bc5d439715e33bde
QX-00008,110,BDZ-00125,QX-00008|110|BDZ-00125|O000,,[],0,0,0,0,152,76,0,0,0,0,0,0,True,feasible,county_baseline.csv+station_master.csv+transformer_master.csv+expansion_cost_library.csv+empirical_station_scenarios.csv.gz+model_contract.yaml,电网建模数据_Agent整合版_V1.2,enumerate source-backed station candidates; solve minimum integer storage modules; county multiple-choice selection,real_2025_C0_A_B,formal_real_planner_output,fd7bdd472e51fdf42841e584bcc451e78b3e1695d861e0a4bc5d439715e33bde
QX-00008,110,BDZ-00138,QX-00008|110|BDZ-00138|O000,,[],0,0,0,0,95,47.5,0,0,0,0,0,0,True,feasible,county_baseline.csv+station_master.csv+transformer_master.csv+expansion_cost_library.csv+empirical_station_scenarios.csv.gz+model_contract.yaml,电网建模数据_Agent整合版_V1.2,enumerate source-backed station candidates; solve minimum integer storage modules; county multiple-choice selection,real_2025_C0_A_B,formal_real_planner_output,fd7bdd472e51fdf42841e584bcc451e78b3e1695d861e0a4bc5d439715e33bde
QX-00008,110,BDZ-00138,QX-00008|110|BDZ-00138|O001,EXP-QX-00008-BDZ-00138-01,"[""EXP-QX-00008-BDZ-00138-01""]",50,0,0,0,142.5,95,1170,1343,1516,74.38546717,121.7414881,179.917029,True,feasible,county_baseline.csv+station_master.csv+transformer_master.csv+expansion_cost_library.csv+empirical_station_scenarios.csv.gz+model_contract.yaml,电网建模数据_Agent整合版_V1.2,enumerate source-backed station candidates; solve minimum integer storage modules; county multiple-choice selection,real_2025_C0_A_B,formal_real_planner_output,fd7bdd472e51fdf42841e584bcc451e78b3e1695d861e0a4bc5d439715e33bde
QX-00008,110,BDZ-00166,QX-00008|110|BDZ-00166|O000,,[],0,0,0,0,95,47.5,0,0,0,0,0,0,True,feasible,county_baseline.csv+station_master.csv+transformer_master.csv+expansion_cost_library.csv+empirical_station_scenarios.csv.gz+model_contract.yaml,电网建模数据_Agent整合版_V1.2,enumerate source-backed station candidates; solve minimum integer storage modules; county multiple-choice selection,real_2025_C0_A_B,formal_real_planner_output,fd7bdd472e51fdf42841e584bcc451e78b3e1695d861e0a4bc5d439715e33bde
QX-00008,110,BDZ-00166,QX-00008|110|BDZ-00166|O001,EXP-QX-00008-BDZ-00166-01,"[""EXP-QX-00008-BDZ-00166-01""]",80,0,0,0,171,95,1872,2425.6,2425.6,119.0167475,287.8672465,287.8672465,True,feasible,county_baseline.csv+station_master.csv+transformer_master.csv+expansion_cost_library.csv+empirical_station_scenarios.csv.gz+model_contract.yaml,电网建模数据_Agent整合版_V1.2,enumerate source-backed station candidates; solve minimum integer storage modules; county multiple-choice selection,real_2025_C0_A_B,formal_real_planner_output,fd7bdd472e51fdf42841e584bcc451e78b3e1695d861e0a4bc5d439715e33bde
QX-00008,110,BDZ-00170,QX-00008|110|BDZ-00170|O000,,[],0,0,0,0,66.5,19,0,0,0,0,0,0,True,feasible,county_baseline.csv+station_master.csv+transformer_master.csv+expansion_cost_library.csv+empirical_station_scenarios.csv.gz+model_contract.yaml,电网建模数据_Agent整合版_V1.2,enumerate source-backed station candidates; solve minimum integer storage modules; county multiple-choice selection,real_2025_C0_A_B,formal_real_planner_output,fd7bdd472e51fdf42841e584bcc451e78b3e1695d861e0a4bc5d439715e33bde
QX-00008,110,BDZ-00170,QX-00008|110|BDZ-00170|O001,EXP-QX-00008-BDZ-00170-01,"[""EXP-QX-00008-BDZ-00170-01""]",50,0,0,0,114,66.5,1170,1343,1516,74.38546717,121.7414881,179.917029,True,feasible,county_baseline.csv+station_master.csv+transformer_master.csv+expansion_cost_library.csv+empirical_station_scenarios.csv.gz+model_contract.yaml,电网建模数据_Agent整合版_V1.2,enumerate source-backed station candidates; solve minimum integer storage modules; county multiple-choice selection,real_2025_C0_A_B,formal_real_planner_output,fd7bdd472e51fdf42841e584bcc451e78b3e1695d861e0a4bc5d439715e33bde
QX-00009,35,BDZ-00253,QX-00009|35|BDZ-00253|O000,,[],0,0,0,0,38,19,0,0,0,0,0,0,True,feasible,county_baseline.csv+station_master.csv+transformer_master.csv+expansion_cost_library.csv+empirical_station_scenarios.csv.gz+model_contract.yaml,电网建模数据_Agent整合版_V1.2,enumerate source-backed station candidates; solve minimum integer storage modules; county multiple-choice selection,real_2025_C0_A_B,formal_real_planner_output,fd7bdd472e51fdf42841e584bcc451e78b3e1695d861e0a4bc5d439715e33bde
QX-00009,35,BDZ-00259,QX-00009|35|BDZ-00259|O000,,[],0,0,0,0,38,19,0,0,0,0,0,0,True,feasible,county_baseline.csv+station_master.csv+transformer_master.csv+expansion_cost_library.csv+empirical_station_scenarios.csv.gz+model_contract.yaml,电网建模数据_Agent整合版_V1.2,enumerate source-backed station candidates; solve minimum integer storage modules; county multiple-choice selection,real_2025_C0_A_B,formal_real_planner_output,fd7bdd472e51fdf42841e584bcc451e78b3e1695d861e0a4bc5d439715e33bde
QX-00009,35,BDZ-00266,QX-00009|35|BDZ-00266|O000,,[],0,0,0,0,38,19,0,0,0,0,0,0,True,feasible,county_baseline.csv+station_master.csv+transformer_master.csv+expansion_cost_library.csv+empirical_station_scenarios.csv.gz+model_contract.yaml,电网建模数据_Agent整合版_V1.2,enumerate source-backed station candidates; solve minimum integer storage modules; county multiple-choice selection,real_2025_C0_A_B,formal_real_planner_output,fd7bdd472e51fdf42841e584bcc451e78b3e1695d861e0a4bc5d439715e33bde
QX-00009,35,BDZ-00277,QX-00009|35|BDZ-00277|O000,,[],0,0,0,0,38,19,0,0,0,0,0,0,True,feasible,county_baseline.csv+station_master.csv+transformer_master.csv+expansion_cost_library.csv+empirical_station_scenarios.csv.gz+model_contract.yaml,电网建模数据_Agent整合版_V1.2,enumerate source-backed station candidates; solve minimum integer storage modules; county multiple-choice selection,real_2025_C0_A_B,formal_real_planner_output,fd7bdd472e51fdf42841e584bcc451e78b3e1695d861e0a4bc5d439715e33bde
QX-00009,35,BDZ-00281,QX-00009|35|BDZ-00281|O000,,[],0,0,0,0,13.585,5.985,0,0,0,0,0,0,True,feasible,county_baseline.csv+station_master.csv+transformer_master.csv+expansion_cost_library.csv+empirical_station_scenarios.csv.gz+model_contract.yaml,电网建模数据_Agent整合版_V1.2,enumerate source-backed station candidates; solve minimum integer storage modules; county multiple-choice selection,real_2025_C0_A_B,formal_real_planner_output,fd7bdd472e51fdf42841e584bcc451e78b3e1695d861e0a4bc5d439715e33bde
QX-00009,35,BDZ-00284,QX-00009|35|BDZ-00284|O000,,[],0,0,0,0,28.5,9.5,0,0,0,0,0,0,True,feasible,county_baseline.csv+station_master.csv+transformer_master.csv+expansion_cost_library.csv+empirical_station_scenarios.csv.gz+model_contract.yaml,电网建模数据_Agent整合版_V1.2,enumerate source-backed station candidates; solve minimum integer storage modules; county multiple-choice selection,real_2025_C0_A_B,formal_real_planner_output,fd7bdd472e51fdf42841e584bcc451e78b3e1695d861e0a4bc5d439715e33bde
QX-00009,35,BDZ-00303,QX-00009|35|BDZ-00303|O000,,[],0,0,0,0,38,19,0,0,0,0,0,0,True,feasible,county_baseline.csv+station_master.csv+transformer_master.csv+expansion_cost_library.csv+empirical_station_scenarios.csv.gz+model_contract.yaml,电网建模数据_Agent整合版_V1.2,enumerate source-backed station candidates; solve minimum integer storage modules; county multiple-choice selection,real_2025_C0_A_B,formal_real_planner_output,fd7bdd472e51fdf42841e584bcc451e78b3e1695d861e0a4bc5d439715e33bde
QX-00009,35,BDZ-00310,QX-00009|35|BDZ-00310|O000,,[],0,0,0,0,28.5,9.5,0,0,0,0,0,0,True,feasible,county_baseline.csv+station_master.csv+transformer_master.csv+expansion_cost_library.csv+empirical_station_scenarios.csv.gz+model_contract.yaml,电网建模数据_Agent整合版_V1.2,enumerate source-backed station candidates; solve minimum integer storage modules; county multiple-choice selection,real_2025_C0_A_B,formal_real_planner_output,fd7bdd472e51fdf42841e584bcc451e78b3e1695d861e0a4bc5d439715e33bde
QX-00009,110,BDZ-00020,QX-00009|110|BDZ-00020|O000,,[],0,0,0,0,107.35,47.5,0,0,0,0,0,0,True,feasible,county_baseline.csv+station_master.csv+transformer_master.csv+expansion_cost_library.csv+empirical_station_scenarios.csv.gz+model_contract.yaml,电网建模数据_Agent整合版_V1.2,enumerate source-backed station candidates; solve minimum integer storage modules; county multiple-choice selection,real_2025_C0_A_B,formal_real_planner_output,fd7bdd472e51fdf42841e584bcc451e78b3e1695d861e0a4bc5d439715e33bde
QX-00009,110,BDZ-00040,QX-00009|110|BDZ-00040|O000,,[],0,0,0,0,119.7,59.85,0,0,0,0,0,0,True,feasible,county_baseline.csv+station_master.csv+transformer_master.csv+expansion_cost_library.csv+empirical_station_scenarios.csv.gz+model_contract.yaml,电网建模数据_Agent整合版_V1.2,enumerate source-backed station candidates; solve minimum integer storage modules; county multiple-choice selection,real_2025_C0_A_B,formal_real_planner_output,fd7bdd472e51fdf42841e584bcc451e78b3e1695d861e0a4bc5d439715e33bde
QX-00009,110,BDZ-00055,QX-00009|110|BDZ-00055|O000,,[],0,589,58.9,126.635,77.425,29.925,12396.30015,12396.5576,16020.59385,1506.797217,2056.191697,3508.746527,False,storage_required_but_no_available_connection_bay,county_baseline.csv+station_master.csv+transformer_master.csv+expansion_cost_library.csv+empirical_station_scenarios.csv.gz+model_contract.yaml,电网建模数据_Agent整合版_V1.2,enumerate source-backed station candidates; solve minimum integer storage modules; county multiple-choice selection,real_2025_C0_A_B,formal_real_planner_output,fd7bdd472e51fdf42841e584bcc451e78b3e1695d861e0a4bc5d439715e33bde
QX-00009,110,BDZ-00057,QX-00009|110|BDZ-00057|O000,,[],0,0,0,0,142.5,47.5,0,0,0,0,0,0,True,feasible,county_baseline.csv+station_master.csv+transformer_master.csv+expansion_cost_library.csv+empirical_station_scenarios.csv.gz+model_contract.yaml,电网建模数据_Agent整合版_V1.2,enumerate source-backed station candidates; solve minimum integer storage modules; county multiple-choice selection,real_2025_C0_A_B,formal_real_planner_output,fd7bdd472e51fdf42841e584bcc451e78b3e1695d861e0a4bc5d439715e33bde
QX-00009,110,BDZ-00068,QX-00009|110|BDZ-00068|O000,,[],0,0,0,0,95,47.5,0,0,0,0,0,0,True,feasible,county_baseline.csv+station_master.csv+transformer_master.csv+expansion_cost_library.csv+empirical_station_scenarios.csv.gz+model_contract.yaml,电网建模数据_Agent整合版_V1.2,enumerate source-backed station candidates; solve minimum integer storage modules; county multiple-choice selection,real_2025_C0_A_B,formal_real_planner_output,fd7bdd472e51fdf42841e584bcc451e78b3e1695d861e0a4bc5d439715e33bde
QX-00009,110,BDZ-00068,QX-00009|110|BDZ-00068|O001,EXP-QX-00009-BDZ-00068-01,"[""EXP-QX-00009-BDZ-00068-01""]",50,0,0,0,142.5,95,1170,1343,1516,74.38546717,121.7414881,179.917029,True,feasible,county_baseline.csv+station_master.csv+transformer_master.csv+expansion_cost_library.csv+empirical_station_scenarios.csv.gz+model_contract.yaml,电网建模数据_Agent整合版_V1.2,enumerate source-backed station candidates; solve minimum integer storage modules; county multiple-choice selection,real_2025_C0_A_B,formal_real_planner_output,fd7bdd472e51fdf42841e584bcc451e78b3e1695d861e0a4bc5d439715e33bde
QX-00009,110,BDZ-00069,QX-00009|110|BDZ-00069|O000,,[],0,0,0,0,107.35,47.5,0,0,0,0,0,0,True,feasible,county_baseline.csv+station_master.csv+transformer_master.csv+expansion_cost_library.csv+empirical_station_scenarios.csv.gz+model_contract.yaml,电网建模数据_Agent整合版_V1.2,enumerate source-backed station candidates; solve minimum integer storage modules; county multiple-choice selection,real_2025_C0_A_B,formal_real_planner_output,fd7bdd472e51fdf42841e584bcc451e78b3e1695d861e0a4bc5d439715e33bde
QX-00009,110,BDZ-00077,QX-00009|110|BDZ-00077|O000,,[],0,0,0,0,95,47.5,0,0,0,0,0,0,True,feasible,county_baseline.csv+station_master.csv+transformer_master.csv+expansion_cost_library.csv+empirical_station_scenarios.csv.gz+model_contract.yaml,电网建模数据_Agent整合版_V1.2,enumerate source-backed station candidates; solve minimum integer storage modules; county multiple-choice selection,real_2025_C0_A_B,formal_real_planner_output,fd7bdd472e51fdf42841e584bcc451e78b3e1695d861e0a4bc5d439715e33bde
QX-00009,110,BDZ-00077,QX-00009|110|BDZ-00077|O001,EXP-QX-00009-BDZ-00077-01,"[""EXP-QX-00009-BDZ-00077-01""]",50,0,0,0,142.5,95,1170,1343,1516,74.38546717,121.7414881,179.917029,True,feasible,county_baseline.csv+station_master.csv+transformer_master.csv+expansion_cost_library.csv+empirical_station_scenarios.csv.gz+model_contract.yaml,电网建模数据_Agent整合版_V1.2,enumerate source-backed station candidates; solve minimum integer storage modules; county multiple-choice selection,real_2025_C0_A_B,formal_real_planner_output,fd7bdd472e51fdf42841e584bcc451e78b3e1695d861e0a4bc5d439715e33bde
QX-00009,110,BDZ-00084,QX-00009|110|BDZ-00084|O000,,[],0,0,0,0,59.85,29.925,0,0,0,0,0,0,True,feasible,county_baseline.csv+station_master.csv+transformer_master.csv+expansion_cost_library.csv+empirical_station_scenarios.csv.gz+model_contract.yaml,电网建模数据_Agent整合版_V1.2,enumerate source-backed station candidates; solve minimum integer storage modules; county multiple-choice selection,real_2025_C0_A_B,formal_real_planner_output,fd7bdd472e51fdf42841e584bcc451e78b3e1695d861e0a4bc5d439715e33bde
QX-00009,110,BDZ-00084,QX-00009|110|BDZ-00084|O001,EXP-QX-00009-BDZ-00084-01,"[""EXP-QX-00009-BDZ-00084-01""]",50,0,0,0,107.35,59.85,1170,1343,1516,74.38546717,121.7414881,179.917029,True,feasible,county_baseline.csv+station_master.csv+transformer_master.csv+expansion_cost_library.csv+empirical_station_scenarios.csv.gz+model_contract.yaml,电网建模数据_Agent整合版_V1.2,enumerate source-backed station candidates; solve minimum integer storage modules; county multiple-choice selection,real_2025_C0_A_B,formal_real_planner_output,fd7bdd472e51fdf42841e584bcc451e78b3e1695d861e0a4bc5d439715e33bde
QX-00009,110,BDZ-00086,QX-00009|110|BDZ-00086|O000,,[],0,0,0,0,95,47.5,0,0,0,0,0,0,True,feasible,county_baseline.csv+station_master.csv+transformer_master.csv+expansion_cost_library.csv+empirical_station_scenarios.csv.gz+model_contract.yaml,电网建模数据_Agent整合版_V1.2,enumerate source-backed station candidates; solve minimum integer storage modules; county multiple-choice selection,real_2025_C0_A_B,formal_real_planner_output,fd7bdd472e51fdf42841e584bcc451e78b3e1695d861e0a4bc5d439715e33bde
QX-00009,110,BDZ-00087,QX-00009|110|BDZ-00087|O000,,[],0,0,0,0,59.85,29.925,0,0,0,0,0,0,True,feasible,county_baseline.csv+station_master.csv+transformer_master.csv+expansion_cost_library.csv+empirical_station_scenarios.csv.gz+model_contract.yaml,电网建模数据_Agent整合版_V1.2,enumerate source-backed station candidates; solve minimum integer storage modules; county multiple-choice selection,real_2025_C0_A_B,formal_real_planner_output,fd7bdd472e51fdf42841e584bcc451e78b3e1695d861e0a4bc5d439715e33bde
QX-00009,110,BDZ-00091,QX-00009|110|BDZ-00091|O000,,[],0,0,0,0,107.35,47.5,0,0,0,0,0,0,True,feasible,county_baseline.csv+station_master.csv+transformer_master.csv+expansion_cost_library.csv+empirical_station_scenarios.csv.gz+model_contract.yaml,电网建模数据_Agent整合版_V1.2,enumerate source-backed station candidates; solve minimum integer storage modules; county multiple-choice selection,real_2025_C0_A_B,formal_real_planner_output,fd7bdd472e51fdf42841e584bcc451e78b3e1695d861e0a4bc5d439715e33bde
QX-00009,110,BDZ-00127,QX-00009|110|BDZ-00127|O000,,[],0,0,0,0,95,47.5,0,0,0,0,0,0,True,feasible,county_baseline.csv+station_master.csv+transformer_master.csv+expansion_cost_library.csv+empirical_station_scenarios.csv.gz+model_contract.yaml,电网建模数据_Agent整合版_V1.2,enumerate source-backed station candidates; solve minimum integer storage modules; county multiple-choice selection,real_2025_C0_A_B,formal_real_planner_output,fd7bdd472e51fdf42841e584bcc451e78b3e1695d861e0a4bc5d439715e33bde
QX-00009,110,BDZ-00127,QX-00009|110|BDZ-00127|O001,EXP-QX-00009-BDZ-00127-01,"[""EXP-QX-00009-BDZ-00127-01""]",50,0,0,0,142.5,95,1170,1343,1516,74.38546717,121.7414881,179.917029,True,feasible,county_baseline.csv+station_master.csv+transformer_master.csv+expansion_cost_library.csv+empirical_station_scenarios.csv.gz+model_contract.yaml,电网建模数据_Agent整合版_V1.2,enumerate source-backed station candidates; solve minimum integer storage modules; county multiple-choice selection,real_2025_C0_A_B,formal_real_planner_output,fd7bdd472e51fdf42841e584bcc451e78b3e1695d861e0a4bc5d439715e33bde
QX-00009,110,BDZ-00128,QX-00009|110|BDZ-00128|O000,,[],0,0,0,0,95,47.5,0,0,0,0,0,0,True,feasible,county_baseline.csv+station_master.csv+transformer_master.csv+expansion_cost_library.csv+empirical_station_scenarios.csv.gz+model_contract.yaml,电网建模数据_Agent整合版_V1.2,enumerate source-backed station candidates; solve minimum integer storage modules; county multiple-choice selection,real_2025_C0_A_B,formal_real_planner_output,fd7bdd472e51fdf42841e584bcc451e78b3e1695d861e0a4bc5d439715e33bde
QX-00009,110,BDZ-00128,QX-00009|110|BDZ-00128|O001,EXP-QX-00009-BDZ-00128-01,"[""EXP-QX-00009-BDZ-00128-01""]",50,0,0,0,142.5,95,1170,1343,1516,74.38546717,121.7414881,179.917029,True,feasible,county_baseline.csv+station_master.csv+transformer_master.csv+expansion_cost_library.csv+empirical_station_scenarios.csv.gz+model_contract.yaml,电网建模数据_Agent整合版_V1.2,enumerate source-backed station candidates; solve minimum integer storage modules; county multiple-choice selection,real_2025_C0_A_B,formal_real_planner_output,fd7bdd472e51fdf42841e584bcc451e78b3e1695d861e0a4bc5d439715e33bde
QX-00009,110,BDZ-00129,QX-00009|110|BDZ-00129|O000,,[],0,0,0,0,76,38,0,0,0,0,0,0,True,feasible,county_baseline.csv+station_master.csv+transformer_master.csv+expansion_cost_library.csv+empirical_station_scenarios.csv.gz+model_contract.yaml,电网建模数据_Agent整合版_V1.2,enumerate source-backed station candidates; solve minimum integer storage modules; county multiple-choice selection,real_2025_C0_A_B,formal_real_planner_output,fd7bdd472e51fdf42841e584bcc451e78b3e1695d861e0a4bc5d439715e33bde
QX-00009,110,BDZ-00134,QX-00009|110|BDZ-00134|O000,,[],0,0,0,0,77.425,29.925,0,0,0,0,0,0,True,feasible,county_baseline.csv+station_master.csv+transformer_master.csv+expansion_cost_library.csv+empirical_station_scenarios.csv.gz+model_contract.yaml,电网建模数据_Agent整合版_V1.2,enumerate source-backed station candidates; solve minimum integer storage modules; county multiple-choice selection,real_2025_C0_A_B,formal_real_planner_output,fd7bdd472e51fdf42841e584bcc451e78b3e1695d861e0a4bc5d439715e33bde
QX-00009,110,BDZ-00134,QX-00009|110|BDZ-00134|O001,EXP-QX-00009-BDZ-00134-01,"[""EXP-QX-00009-BDZ-00134-01""]",50,0,0,0,124.925,77.425,1170,1343,1516,74.38546717,121.7414881,179.917029,True,feasible,county_baseline.csv+station_master.csv+transformer_master.csv+expansion_cost_library.csv+empirical_station_scenarios.csv.gz+model_contract.yaml,电网建模数据_Agent整合版_V1.2,enumerate source-backed station candidates; solve minimum integer storage modules; county multiple-choice selection,real_2025_C0_A_B,formal_real_planner_output,fd7bdd472e51fdf42841e584bcc451e78b3e1695d861e0a4bc5d439715e33bde
QX-00009,110,BDZ-00150,QX-00009|110|BDZ-00150|O000,,[],0,0,0,0,95,47.5,0,0,0,0,0,0,True,feasible,county_baseline.csv+station_master.csv+transformer_master.csv+expansion_cost_library.csv+empirical_station_scenarios.csv.gz+model_contract.yaml,电网建模数据_Agent整合版_V1.2,enumerate source-backed station candidates; solve minimum integer storage modules; county multiple-choice selection,real_2025_C0_A_B,formal_real_planner_output,fd7bdd472e51fdf42841e584bcc451e78b3e1695d861e0a4bc5d439715e33bde
QX-00009,110,BDZ-00150,QX-00009|110|BDZ-00150|O001,EXP-QX-00009-BDZ-00150-01,"[""EXP-QX-00009-BDZ-00150-01""]",50,0,0,0,142.5,95,1170,1343,1516,74.38546717,121.7414881,179.917029,True,feasible,county_baseline.csv+station_master.csv+transformer_master.csv+expansion_cost_library.csv+empirical_station_scenarios.csv.gz+model_contract.yaml,电网建模数据_Agent整合版_V1.2,enumerate source-backed station candidates; solve minimum integer storage modules; county multiple-choice selection,real_2025_C0_A_B,formal_real_planner_output,fd7bdd472e51fdf42841e584bcc451e78b3e1695d861e0a4bc5d439715e33bde
QX-00009,110,BDZ-00159,QX-00009|110|BDZ-00159|O000,,[],0,3,0.3,0.645,38,19,63.13905,67.9236,81.59895,7.674688709,11.26634885,17.8713745,True,feasible,county_baseline.csv+station_master.csv+transformer_master.csv+expansion_cost_library.csv+empirical_station_scenarios.csv.gz+model_contract.yaml,电网建模数据_Agent整合版_V1.2,enumerate source-backed station candidates; solve minimum integer storage modules; county multiple-choice selection,real_2025_C0_A_B,formal_real_planner_output,fd7bdd472e51fdf42841e584bcc451e78b3e1695d861e0a4bc5d439715e33bde
QX-00009,110,BDZ-00159,QX-00009|110|BDZ-00159|O001,EXP-QX-00009-BDZ-00159-01,"[""EXP-QX-00009-BDZ-00159-01""]",50,0,0,0,85.5,38,1170,1343,1516,74.38546717,121.7414881,179.917029,True,feasible,county_baseline.csv+station_master.csv+transformer_master.csv+expansion_cost_library.csv+empirical_station_scenarios.csv.gz+model_contract.yaml,电网建模数据_Agent整合版_V1.2,enumerate source-backed station candidates; solve minimum integer storage modules; county multiple-choice selection,real_2025_C0_A_B,formal_real_planner_output,fd7bdd472e51fdf42841e584bcc451e78b3e1695d861e0a4bc5d439715e33bde
QX-00009,110,BDZ-00176,QX-00009|110|BDZ-00176|O000,,[],0,0,0,0,107.35,47.5,0,0,0,0,0,0,True,feasible,county_baseline.csv+station_master.csv+transformer_master.csv+expansion_cost_library.csv+empirical_station_scenarios.csv.gz+model_contract.yaml,电网建模数据_Agent整合版_V1.2,enumerate source-backed station candidates; solve minimum integer storage modules; county multiple-choice selection,real_2025_C0_A_B,formal_real_planner_output,fd7bdd472e51fdf42841e584bcc451e78b3e1695d861e0a4bc5d439715e33bde
QX-00009,110,BDZ-00178,QX-00009|110|BDZ-00178|O000,,[],0,0,0,0,95,47.5,0,0,0,0,0,0,True,feasible,county_baseline.csv+station_master.csv+transformer_master.csv+expansion_cost_library.csv+empirical_station_scenarios.csv.gz+model_contract.yaml,电网建模数据_Agent整合版_V1.2,enumerate source-backed station candidates; solve minimum integer storage modules; county multiple-choice selection,real_2025_C0_A_B,formal_real_planner_output,fd7bdd472e51fdf42841e584bcc451e78b3e1695d861e0a4bc5d439715e33bde
QX-00009,110,BDZ-00180,QX-00009|110|BDZ-00180|O000,,[],0,58,5.8,12.47,38,19,1220.6883,1222.01391,1577.5797,148.377315,202.6929522,345.5132403,True,feasible,county_baseline.csv+station_master.csv+transformer_master.csv+expansion_cost_library.csv+empirical_station_scenarios.csv.gz+model_contract.yaml,电网建模数据_Agent整合版_V1.2,enumerate source-backed station candidates; solve minimum integer storage modules; county multiple-choice selection,real_2025_C0_A_B,formal_real_planner_output,fd7bdd472e51fdf42841e584bcc451e78b3e1695d861e0a4bc5d439715e33bde
QX-00009,110,BDZ-00180,QX-00009|110|BDZ-00180|O001,EXP-QX-00009-BDZ-00180-01,"[""EXP-QX-00009-BDZ-00180-01""]",50,0,0,0,85.5,38,1170,1343,1516,74.38546717,121.7414881,179.917029,True,feasible,county_baseline.csv+station_master.csv+transformer_master.csv+expansion_cost_library.csv+empirical_station_scenarios.csv.gz+model_contract.yaml,电网建模数据_Agent整合版_V1.2,enumerate source-backed station candidates; solve minimum integer storage modules; county multiple-choice selection,real_2025_C0_A_B,formal_real_planner_output,fd7bdd472e51fdf42841e584bcc451e78b3e1695d861e0a4bc5d439715e33bde
QX-00010,35,BDZ-00245,QX-00010|35|BDZ-00245|O000,,[],0,286,28.6,61.49,34.2,15.2,6019.2561,6021.784336,7779.0999,731.6536569,998.8210727,1703.737702,True,feasible,county_baseline.csv+station_master.csv+transformer_master.csv+expansion_cost_library.csv+empirical_station_scenarios.csv.gz+model_contract.yaml,电网建模数据_Agent整合版_V1.2,enumerate source-backed station candidates; solve minimum integer storage modules; county multiple-choice selection,real_2025_C0_A_B,formal_real_planner_output,fd7bdd472e51fdf42841e584bcc451e78b3e1695d861e0a4bc5d439715e33bde
QX-00010,35,BDZ-00260,QX-00010|35|BDZ-00260|O000,,[],0,829,82.9,178.235,34.2,15.2,17447.42415,17447.50788,22548.50985,2120.772313,2893.982509,4938.456487,True,feasible,county_baseline.csv+station_master.csv+transformer_master.csv+expansion_cost_library.csv+empirical_station_scenarios.csv.gz+model_contract.yaml,电网建模数据_Agent整合版_V1.2,enumerate source-backed station candidates; solve minimum integer storage modules; county multiple-choice selection,real_2025_C0_A_B,formal_real_planner_output,fd7bdd472e51fdf42841e584bcc451e78b3e1695d861e0a4bc5d439715e33bde
QX-00010,35,BDZ-00295,QX-00010|35|BDZ-00295|O000,,[],0,449,44.9,96.535,28.5,9.5,9449.81115,9450.169928,12212.64285,1148.645077,1567.480391,2674.74905,True,feasible,county_baseline.csv+station_master.csv+transformer_master.csv+expansion_cost_library.csv+empirical_station_scenarios.csv.gz+model_contract.yaml,电网建模数据_Agent整合版_V1.2,enumerate source-backed station candidates; solve minimum integer storage modules; county multiple-choice selection,real_2025_C0_A_B,formal_real_planner_output,fd7bdd472e51fdf42841e584bcc451e78b3e1695d861e0a4bc5d439715e33bde
QX-00010,35,BDZ-00304,QX-00010|35|BDZ-00304|O000,,[],0,14,1.4,3.01,9.5,4.75,294.6489,298.741662,380.7951,35.81521397,49.55166951,83.39974766,True,feasible,county_baseline.csv+station_master.csv+transformer_master.csv+expansion_cost_library.csv+empirical_station_scenarios.csv.gz+model_contract.yaml,电网建模数据_Agent整合版_V1.2,enumerate source-backed station candidates; solve minimum integer storage modules; county multiple-choice selection,real_2025_C0_A_B,formal_real_planner_output,fd7bdd472e51fdf42841e584bcc451e78b3e1695d861e0a4bc5d439715e33bde
QX-00010,35,BDZ-00306,QX-00010|35|BDZ-00306|O000,,[],0,236,23.6,50.74,38,19,4966.9386,4969.503026,6419.1174,603.7421784,824.2813203,1405.881461,True,feasible,county_baseline.csv+station_master.csv+transformer_master.csv+expansion_cost_library.csv+empirical_station_scenarios.csv.gz+model_contract.yaml,电网建模数据_Agent整合版_V1.2,enumerate source-backed station candidates; solve minimum integer storage modules; county multiple-choice selection,real_2025_C0_A_B,formal_real_planner_output,fd7bdd472e51fdf42841e584bcc451e78b3e1695d861e0a4bc5d439715e33bde
QX-00010,35,BDZ-00307,QX-00010|35|BDZ-00307|O000,,[],0,212,21.2,45.58,38,19,4461.8262,4467.143302,5766.3258,542.3446688,740.9559386,1262.910465,False,storage_required_but_no_available_connection_bay,county_baseline.csv+station_master.csv+transformer_master.csv+expansion_cost_library.csv+empirical_station_scenarios.csv.gz+model_contract.yaml,电网建模数据_Agent整合版_V1.2,enumerate source-backed station candidates; solve minimum integer storage modules; county multiple-choice selection,real_2025_C0_A_B,formal_real_planner_output,fd7bdd472e51fdf42841e584bcc451e78b3e1695d861e0a4bc5d439715e33bde
QX-00010,110,BDZ-00009,QX-00010|110|BDZ-00009|O000,,[],0,0,0,0,77.425,29.925,0,0,0,0,0,0,True,feasible,county_baseline.csv+station_master.csv+transformer_master.csv+expansion_cost_library.csv+empirical_station_scenarios.csv.gz+model_contract.yaml,电网建模数据_Agent整合版_V1.2,enumerate source-backed station candidates; solve minimum integer storage modules; county multiple-choice selection,real_2025_C0_A_B,formal_real_planner_output,fd7bdd472e51fdf42841e584bcc451e78b3e1695d861e0a4bc5d439715e33bde
QX-00010,110,BDZ-00009,QX-00010|110|BDZ-00009|O001,EXP-QX-00010-BDZ-00009-01,"[""EXP-QX-00010-BDZ-00009-01""]",50,0,0,0,124.925,77.425,1170,1343,1516,74.38546717,121.7414881,179.917029,True,feasible,county_baseline.csv+station_master.csv+transformer_master.csv+expansion_cost_library.csv+empirical_station_scenarios.csv.gz+model_contract.yaml,电网建模数据_Agent整合版_V1.2,enumerate source-backed station candidates; solve minimum integer storage modules; county multiple-choice selection,real_2025_C0_A_B,formal_real_planner_output,fd7bdd472e51fdf42841e584bcc451e78b3e1695d861e0a4bc5d439715e33bde
QX-00010,110,BDZ-00011,QX-00010|110|BDZ-00011|O000,,[],0,0,0,0,95,47.5,0,0,0,0,0,0,True,feasible,county_baseline.csv+station_master.csv+transformer_master.csv+expansion_cost_library.csv+empirical_station_scenarios.csv.gz+model_contract.yaml,电网建模数据_Agent整合版_V1.2,enumerate source-backed station candidates; solve minimum integer storage modules; county multiple-choice selection,real_2025_C0_A_B,formal_real_planner_output,fd7bdd472e51fdf42841e584bcc451e78b3e1695d861e0a4bc5d439715e33bde
QX-00010,110,BDZ-00011,QX-00010|110|BDZ-00011|O001,EXP-QX-00010-BDZ-00011-01,"[""EXP-QX-00010-BDZ-00011-01""]",50,0,0,0,142.5,95,1170,1343,1516,74.38546717,121.7414881,179.917029,True,feasible,county_baseline.csv+station_master.csv+transformer_master.csv+expansion_cost_library.csv+empirical_station_scenarios.csv.gz+model_contract.yaml,电网建模数据_Agent整合版_V1.2,enumerate source-backed station candidates; solve minimum integer storage modules; county multiple-choice selection,real_2025_C0_A_B,formal_real_planner_output,fd7bdd472e51fdf42841e584bcc451e78b3e1695d861e0a4bc5d439715e33bde
QX-00010,110,BDZ-00035,QX-00010|110|BDZ-00035|O000,,[],0,228,22.8,49.02,66.5,19,4798.5678,4799.770364,6201.5202,583.2763419,796.1281102,1358.224462,True,feasible,county_baseline.csv+station_master.csv+transformer_master.csv+expansion_cost_library.csv+empirical_station_scenarios.csv.gz+model_contract.yaml,电网建模数据_Agent整合版_V1.2,enumerate source-backed station candidates; solve minimum integer storage modules; county multiple-choice selection,real_2025_C0_A_B,formal_real_planner_output,fd7bdd472e51fdf42841e584bcc451e78b3e1695d861e0a4bc5d439715e33bde
QX-00010,110,BDZ-00035,QX-00010|110|BDZ-00035|O001,EXP-QX-00010-BDZ-00035-01,"[""EXP-QX-00010-BDZ-00035-01""]",50,0,0,0,114,66.5,1170,1343,1516,74.38546717,121.7414881,179.917029,True,feasible,county_baseline.csv+station_master.csv+transformer_master.csv+expansion_cost_library.csv+empirical_station_scenarios.csv.gz+model_contract.yaml,电网建模数据_Agent整合版_V1.2,enumerate source-backed station candidates; solve minimum integer storage modules; county multiple-choice selection,real_2025_C0_A_B,formal_real_planner_output,fd7bdd472e51fdf42841e584bcc451e78b3e1695d861e0a4bc5d439715e33bde
QX-00010,110,BDZ-00044,QX-00010|110|BDZ-00044|O000,,[],0,0,0,0,95,47.5,0,0,0,0,0,0,True,feasible,county_baseline.csv+station_master.csv+transformer_master.csv+expansion_cost_library.csv+empirical_station_scenarios.csv.gz+model_contract.yaml,电网建模数据_Agent整合版_V1.2,enumerate source-backed station candidates; solve minimum integer storage modules; county multiple-choice selection,real_2025_C0_A_B,formal_real_planner_output,fd7bdd472e51fdf42841e584bcc451e78b3e1695d861e0a4bc5d439715e33bde
QX-00010,110,BDZ-00044,QX-00010|110|BDZ-00044|O001,EXP-QX-00010-BDZ-00044-01,"[""EXP-QX-00010-BDZ-00044-01""]",50,0,0,0,142.5,95,1170,1343,1516,74.38546717,121.7414881,179.917029,True,feasible,county_baseline.csv+station_master.csv+transformer_master.csv+expansion_cost_library.csv+empirical_station_scenarios.csv.gz+model_contract.yaml,电网建模数据_Agent整合版_V1.2,enumerate source-backed station candidates; solve minimum integer storage modules; county multiple-choice selection,real_2025_C0_A_B,formal_real_planner_output,fd7bdd472e51fdf42841e584bcc451e78b3e1695d861e0a4bc5d439715e33bde
QX-00010,110,BDZ-00049,QX-00010|110|BDZ-00049|O000,,[],0,0,0,0,77.425,29.925,0,0,0,0,0,0,True,feasible,county_baseline.csv+station_master.csv+transformer_master.csv+expansion_cost_library.csv+empirical_station_scenarios.csv.gz+model_contract.yaml,电网建模数据_Agent整合版_V1.2,enumerate source-backed station candidates; solve minimum integer storage modules; county multiple-choice selection,real_2025_C0_A_B,formal_real_planner_output,fd7bdd472e51fdf42841e584bcc451e78b3e1695d861e0a4bc5d439715e33bde
QX-00010,110,BDZ-00049,QX-00010|110|BDZ-00049|O001,EXP-QX-00010-BDZ-00049-01,"[""EXP-QX-00010-BDZ-00049-01""]",50,0,0,0,124.925,77.425,1170,1343,1516,74.38546717,121.7414881,179.917029,True,feasible,county_baseline.csv+station_master.csv+transformer_master.csv+expansion_cost_library.csv+empirical_station_scenarios.csv.gz+model_contract.yaml,电网建模数据_Agent整合版_V1.2,enumerate source-backed station candidates; solve minimum integer storage modules; county multiple-choice selection,real_2025_C0_A_B,formal_real_planner_output,fd7bdd472e51fdf42841e584bcc451e78b3e1695d861e0a4bc5d439715e33bde
QX-00010,110,BDZ-00054,QX-00010|110|BDZ-00054|O000,,[],0,413,41.3,88.795,107.35,47.5,8692.14255,8696.630342,11233.45545,1056.548812,1442.492318,2460.292556,True,feasible,county_baseline.csv+station_master.csv+transformer_master.csv+expansion_cost_library.csv+empirical_station_scenarios.csv.gz+model_contract.yaml,电网建模数据_Agent整合版_V1.2,enumerate source-backed station candidates; solve minimum integer storage modules; county multiple-choice selection,real_2025_C0_A_B,formal_real_planner_output,fd7bdd472e51fdf42841e584bcc451e78b3e1695d861e0a4bc5d439715e33bde
QX-00010,110,BDZ-00089,QX-00010|110|BDZ-00089|O000,,[],0,0,0,0,135.85,59.85,0,0,0,0,0,0,True,feasible,county_baseline.csv+station_master.csv+transformer_master.csv+expansion_cost_library.csv+empirical_station_scenarios.csv.gz+model_contract.yaml,电网建模数据_Agent整合版_V1.2,enumerate source-backed station candidates; solve minimum integer storage modules; county multiple-choice selection,real_2025_C0_A_B,formal_real_planner_output,fd7bdd472e51fdf42841e584bcc451e78b3e1695d861e0a4bc5d439715e33bde
QX-00010,110,BDZ-00090,QX-00010|110|BDZ-00090|O000,,[],0,0,0,0,95,47.5,0,0,0,0,0,0,True,feasible,county_baseline.csv+station_master.csv+transformer_master.csv+expansion_cost_library.csv+empirical_station_scenarios.csv.gz+model_contract.yaml,电网建模数据_Agent整合版_V1.2,enumerate source-backed station candidates; solve minimum integer storage modules; county multiple-choice selection,real_2025_C0_A_B,formal_real_planner_output,fd7bdd472e51fdf42841e584bcc451e78b3e1695d861e0a4bc5d439715e33bde
QX-00010,110,BDZ-00090,QX-00010|110|BDZ-00090|O001,EXP-QX-00010-BDZ-00090-01,"[""EXP-QX-00010-BDZ-00090-01""]",50,0,0,0,142.5,95,1170,1343,1516,74.38546717,121.7414881,179.917029,True,feasible,county_baseline.csv+station_master.csv+transformer_master.csv+expansion_cost_library.csv+empirical_station_scenarios.csv.gz+model_contract.yaml,电网建模数据_Agent整合版_V1.2,enumerate source-backed station candidates; solve minimum integer storage modules; county multiple-choice selection,real_2025_C0_A_B,formal_real_planner_output,fd7bdd472e51fdf42841e584bcc451e78b3e1695d861e0a4bc5d439715e33bde
QX-00010,110,BDZ-00097,QX-00010|110|BDZ-00097|O000,,[],0,0,0,0,95,47.5,0,0,0,0,0,0,True,feasible,county_baseline.csv+station_master.csv+transformer_master.csv+expansion_cost_library.csv+empirical_station_scenarios.csv.gz+model_contract.yaml,电网建模数据_Agent整合版_V1.2,enumerate source-backed station candidates; solve minimum integer storage modules; county multiple-choice selection,real_2025_C0_A_B,formal_real_planner_output,fd7bdd472e51fdf42841e584bcc451e78b3e1695d861e0a4bc5d439715e33bde
QX-00010,110,BDZ-00097,QX-00010|110|BDZ-00097|O001,EXP-QX-00010-BDZ-00097-01,"[""EXP-QX-00010-BDZ-00097-01""]",50,0,0,0,142.5,95,1170,1343,1516,74.38546717,121.7414881,179.917029,True,feasible,county_baseline.csv+station_master.csv+transformer_master.csv+expansion_cost_library.csv+empirical_station_scenarios.csv.gz+model_contract.yaml,电网建模数据_Agent整合版_V1.2,enumerate source-backed station candidates; solve minimum integer storage modules; county multiple-choice selection,real_2025_C0_A_B,formal_real_planner_output,fd7bdd472e51fdf42841e584bcc451e78b3e1695d861e0a4bc5d439715e33bde
QX-00010,110,BDZ-00099,QX-00010|110|BDZ-00099|O000,,[],0,0,0,0,107.35,47.5,0,0,0,0,0,0,True,feasible,county_baseline.csv+station_master.csv+transformer_master.csv+expansion_cost_library.csv+empirical_station_scenarios.csv.gz+model_contract.yaml,电网建模数据_Agent整合版_V1.2,enumerate source-backed station candidates; solve minimum integer storage modules; county multiple-choice selection,real_2025_C0_A_B,formal_real_planner_output,fd7bdd472e51fdf42841e584bcc451e78b3e1695d861e0a4bc5d439715e33bde
QX-00010,110,BDZ-00108,QX-00010|110|BDZ-00108|O000,,[],0,64,6.4,13.76,95,47.5,1346.9664,1351.022972,1740.7776,163.7266925,224.0914219,381.2559893,True,feasible,county_baseline.csv+station_master.csv+transformer_master.csv+expansion_cost_library.csv+empirical_station_scenarios.csv.gz+model_contract.yaml,电网建模数据_Agent整合版_V1.2,enumerate source-backed station candidates; solve minimum integer storage modules; county multiple-choice selection,real_2025_C0_A_B,formal_real_planner_output,fd7bdd472e51fdf42841e584bcc451e78b3e1695d861e0a4bc5d439715e33bde
QX-00010,110,BDZ-00108,QX-00010|110|BDZ-00108|O001,EXP-QX-00010-BDZ-00108-01,"[""EXP-QX-00010-BDZ-00108-01""]",50,0,0,0,142.5,95,1170,1343,1516,74.38546717,121.7414881,179.917029,True,feasible,county_baseline.csv+station_master.csv+transformer_master.csv+expansion_cost_library.csv+empirical_station_scenarios.csv.gz+model_contract.yaml,电网建模数据_Agent整合版_V1.2,enumerate source-backed station candidates; solve minimum integer storage modules; county multiple-choice selection,real_2025_C0_A_B,formal_real_planner_output,fd7bdd472e51fdf42841e584bcc451e78b3e1695d861e0a4bc5d439715e33bde
QX-00010,110,BDZ-00109,QX-00010|110|BDZ-00109|O000,,[],0,0,0,0,95,47.5,0,0,0,0,0,0,True,feasible,county_baseline.csv+station_master.csv+transformer_master.csv+expansion_cost_library.csv+empirical_station_scenarios.csv.gz+model_contract.yaml,电网建模数据_Agent整合版_V1.2,enumerate source-backed station candidates; solve minimum integer storage modules; county multiple-choice selection,real_2025_C0_A_B,formal_real_planner_output,fd7bdd472e51fdf42841e584bcc451e78b3e1695d861e0a4bc5d439715e33bde
QX-00010,110,BDZ-00109,QX-00010|110|BDZ-00109|O001,EXP-QX-00010-BDZ-00109-01,"[""EXP-QX-00010-BDZ-00109-01""]",50,0,0,0,142.5,95,1170,1343,1516,74.38546717,121.7414881,179.917029,True,feasible,county_baseline.csv+station_master.csv+transformer_master.csv+expansion_cost_library.csv+empirical_station_scenarios.csv.gz+model_contract.yaml,电网建模数据_Agent整合版_V1.2,enumerate source-backed station candidates; solve minimum integer storage modules; county multiple-choice selection,real_2025_C0_A_B,formal_real_planner_output,fd7bdd472e51fdf42841e584bcc451e78b3e1695d861e0a4bc5d439715e33bde
QX-00010,110,BDZ-00113,QX-00010|110|BDZ-00113|O000,,[],0,0,0,0,77.425,29.925,0,0,0,0,0,0,True,feasible,county_baseline.csv+station_master.csv+transformer_master.csv+expansion_cost_library.csv+empirical_station_scenarios.csv.gz+model_contract.yaml,电网建模数据_Agent整合版_V1.2,enumerate source-backed station candidates; solve minimum integer storage modules; county multiple-choice selection,real_2025_C0_A_B,formal_real_planner_output,fd7bdd472e51fdf42841e584bcc451e78b3e1695d861e0a4bc5d439715e33bde
QX-00010,110,BDZ-00113,QX-00010|110|BDZ-00113|O001,EXP-QX-00010-BDZ-00113-01,"[""EXP-QX-00010-BDZ-00113-01""]",50,0,0,0,124.925,77.425,1170,1343,1516,74.38546717,121.7414881,179.917029,True,feasible,county_baseline.csv+station_master.csv+transformer_master.csv+expansion_cost_library.csv+empirical_station_scenarios.csv.gz+model_contract.yaml,电网建模数据_Agent整合版_V1.2,enumerate source-backed station candidates; solve minimum integer storage modules; county multiple-choice selection,real_2025_C0_A_B,formal_real_planner_output,fd7bdd472e51fdf42841e584bcc451e78b3e1695d861e0a4bc5d439715e33bde
QX-00010,110,BDZ-00120,QX-00010|110|BDZ-00120|O000,,[],0,392,39.2,84.28,38,19,8250.1692,8255.356018,10662.2628,1002.825991,1369.299047,2335.192935,False,storage_required_but_no_available_connection_bay,county_baseline.csv+station_master.csv+transformer_master.csv+expansion_cost_library.csv+empirical_station_scenarios.csv.gz+model_contract.yaml,电网建模数据_Agent整合版_V1.2,enumerate source-backed station candidates; solve minimum integer storage modules; county multiple-choice selection,real_2025_C0_A_B,formal_real_planner_output,fd7bdd472e51fdf42841e584bcc451e78b3e1695d861e0a4bc5d439715e33bde
QX-00010,110,BDZ-00120,QX-00010|110|BDZ-00120|O001,EXP-QX-00010-BDZ-00120-01,"[""EXP-QX-00010-BDZ-00120-01""]",50,0,0,0,85.5,38,1170,1343,1516,74.38546717,121.7414881,179.917029,True,feasible,county_baseline.csv+station_master.csv+transformer_master.csv+expansion_cost_library.csv+empirical_station_scenarios.csv.gz+model_contract.yaml,电网建模数据_Agent整合版_V1.2,enumerate source-backed station candidates; solve minimum integer storage modules; county multiple-choice selection,real_2025_C0_A_B,formal_real_planner_output,fd7bdd472e51fdf42841e584bcc451e78b3e1695d861e0a4bc5d439715e33bde
QX-00010,110,BDZ-00122,QX-00010|110|BDZ-00122|O000,,[],0,0,0,0,95,47.5,0,0,0,0,0,0,True,feasible,county_baseline.csv+station_master.csv+transformer_master.csv+expansion_cost_library.csv+empirical_station_scenarios.csv.gz+model_contract.yaml,电网建模数据_Agent整合版_V1.2,enumerate source-backed station candidates; solve minimum integer storage modules; county multiple-choice selection,real_2025_C0_A_B,formal_real_planner_output,fd7bdd472e51fdf42841e584bcc451e78b3e1695d861e0a4bc5d439715e33bde
QX-00010,110,BDZ-00133,QX-00010|110|BDZ-00133|O000,,[],0,0,0,0,107.35,47.5,0,0,0,0,0,0,True,feasible,county_baseline.csv+station_master.csv+transformer_master.csv+expansion_cost_library.csv+empirical_station_scenarios.csv.gz+model_contract.yaml,电网建模数据_Agent整合版_V1.2,enumerate source-backed station candidates; solve minimum integer storage modules; county multiple-choice selection,real_2025_C0_A_B,formal_real_planner_output,fd7bdd472e51fdf42841e584bcc451e78b3e1695d861e0a4bc5d439715e33bde
QX-00010,110,BDZ-00160,QX-00010|110|BDZ-00160|O000,,[],0,0,0,0,95,47.5,0,0,0,0,0,0,True,feasible,county_baseline.csv+station_master.csv+transformer_master.csv+expansion_cost_library.csv+empirical_station_scenarios.csv.gz+model_contract.yaml,电网建模数据_Agent整合版_V1.2,enumerate source-backed station candidates; solve minimum integer storage modules; county multiple-choice selection,real_2025_C0_A_B,formal_real_planner_output,fd7bdd472e51fdf42841e584bcc451e78b3e1695d861e0a4bc5d439715e33bde
QX-00010,110,BDZ-00160,QX-00010|110|BDZ-00160|O001,EXP-QX-00010-BDZ-00160-01,"[""EXP-QX-00010-BDZ-00160-01""]",50,0,0,0,142.5,95,1170,1343,1516,74.38546717,121.7414881,179.917029,True,feasible,county_baseline.csv+station_master.csv+transformer_master.csv+expansion_cost_library.csv+empirical_station_scenarios.csv.gz+model_contract.yaml,电网建模数据_Agent整合版_V1.2,enumerate source-backed station candidates; solve minimum integer storage modules; county multiple-choice selection,real_2025_C0_A_B,formal_real_planner_output,fd7bdd472e51fdf42841e584bcc451e78b3e1695d861e0a4bc5d439715e33bde
QX-00010,110,BDZ-00179,QX-00010|110|BDZ-00179|O000,,[],0,0,0,0,135.85,59.85,0,0,0,0,0,0,True,feasible,county_baseline.csv+station_master.csv+transformer_master.csv+expansion_cost_library.csv+empirical_station_scenarios.csv.gz+model_contract.yaml,电网建模数据_Agent整合版_V1.2,enumerate source-backed station candidates; solve minimum integer storage modules; county multiple-choice selection,real_2025_C0_A_B,formal_real_planner_output,fd7bdd472e51fdf42841e584bcc451e78b3e1695d861e0a4bc5d439715e33bde
QX-00010,110,BDZ-00179,QX-00010|110|BDZ-00179|O001,EXP-QX-00010-BDZ-00179-01,"[""EXP-QX-00010-BDZ-00179-01""]",100,0,0,0,230.85,135.85,2340,3032,3032,148.7709343,359.8340581,359.8340581,True,feasible,county_baseline.csv+station_master.csv+transformer_master.csv+expansion_cost_library.csv+empirical_station_scenarios.csv.gz+model_contract.yaml,电网建模数据_Agent整合版_V1.2,enumerate source-backed station candidates; solve minimum integer storage modules; county multiple-choice selection,real_2025_C0_A_B,formal_real_planner_output,fd7bdd472e51fdf42841e584bcc451e78b3e1695d861e0a4bc5d439715e33bde
QX-00010,110,BDZ-00185,QX-00010|110|BDZ-00185|O000,,[],0,0,0,0,135.85,59.85,0,0,0,0,0,0,True,feasible,county_baseline.csv+station_master.csv+transformer_master.csv+expansion_cost_library.csv+empirical_station_scenarios.csv.gz+model_contract.yaml,电网建模数据_Agent整合版_V1.2,enumerate source-backed station candidates; solve minimum integer storage modules; county multiple-choice selection,real_2025_C0_A_B,formal_real_planner_output,fd7bdd472e51fdf42841e584bcc451e78b3e1695d861e0a4bc5d439715e33bde
QX-00010,110,BDZ-00185,QX-00010|110|BDZ-00185|O001,EXP-QX-00010-BDZ-00185-01,"[""EXP-QX-00010-BDZ-00185-01""]",100,0,0,0,230.85,135.85,2340,3032,3032,148.7709343,359.8340581,359.8340581,True,feasible,county_baseline.csv+station_master.csv+transformer_master.csv+expansion_cost_library.csv+empirical_station_scenarios.csv.gz+model_contract.yaml,电网建模数据_Agent整合版_V1.2,enumerate source-backed station candidates; solve minimum integer storage modules; county multiple-choice selection,real_2025_C0_A_B,formal_real_planner_output,fd7bdd472e51fdf42841e584bcc451e78b3e1695d861e0a4bc5d439715e33bde
