timestamp,p_net_mw
2025-01-01 00:00:00,29.6096
2025-01-01 01:00:00,25.2452
2025-01-01 02:00:00,22.3673
2025-01-01 03:00:00,21.4536
2025-01-01 04:00:00,22.8202
2025-01-01 05:00:00,25.4939
2025-01-01 06:00:00,28.7885
2025-01-01 07:00:00,34.7098
2025-01-01 08:00:00,34.8798
2025-01-01 09:00:00,40.8738
2025-01-01 10:00:00,46.1203
2025-01-01 11:00:00,43.9555
2025-01-01 12:00:00,34.5403
2025-01-01 13:00:00,25.1344
2025-01-01 14:00:00,22.0931
2025-01-01 15:00:00,26.9284
2025-01-01 16:00:00,35.8704
2025-01-01 17:00:00,42.3335
2025-01-01 18:00:00,52.6495
2025-01-01 19:00:00,67.126
2025-01-01 20:00:00,71.0845
2025-01-01 21:00:00,63.3708
2025-01-01 22:00:00,52.7923
2025-01-01 23:00:00,42.2834
2025-01-02 00:00:00,29.6876
2025-01-02 01:00:00,25.5824
2025-01-02 02:00:00,22.9396
2025-01-02 03:00:00,21.0531
2025-01-02 04:00:00,22.7597
2025-01-02 05:00:00,25.956
2025-01-02 06:00:00,30.2985
2025-01-02 07:00:00,34.6928
2025-01-02 08:00:00,36.3246
2025-01-02 09:00:00,42.6431
2025-01-02 10:00:00,46.7525
2025-01-02 11:00:00,43.2902
2025-01-02 12:00:00,34.7492
2025-01-02 13:00:00,25.96
2025-01-02 14:00:00,22.8378
2025-01-02 15:00:00,26.9985
2025-01-02 16:00:00,33.8441
2025-01-02 17:00:00,43.062
2025-01-02 18:00:00,54.3164
2025-01-02 19:00:00,65.75
2025-01-02 20:00:00,70.7271
2025-01-02 21:00:00,62.8056
2025-01-02 22:00:00,53.6358
2025-01-02 23:00:00,43.9708
2025-01-03 00:00:00,30.0889
2025-01-03 01:00:00,25.6054
2025-01-03 02:00:00,22.5865
2025-01-03 03:00:00,22.1518
2025-01-03 04:00:00,22.2599
2025-01-03 05:00:00,25.9415
2025-01-03 06:00:00,29.4702
2025-01-03 07:00:00,35.4117
2025-01-03 08:00:00,36.8086
2025-01-03 09:00:00,42.2821
2025-01-03 10:00:00,50.1723
2025-01-03 11:00:00,50.0861
2025-01-03 12:00:00,42.0066
2025-01-03 13:00:00,31.5922
2025-01-03 14:00:00,26.6166
2025-01-03 15:00:00,28.4905
2025-01-03 16:00:00,34.4894
2025-01-03 17:00:00,44.353
2025-01-03 18:00:00,50.9731
2025-01-03 19:00:00,65.4236
2025-01-03 20:00:00,69.9946
2025-01-03 21:00:00,64.5626
2025-01-03 22:00:00,54.1988
2025-01-03 23:00:00,43.465
2025-01-04 00:00:00,24.17
2025-01-04 01:00:00,21.9799
2025-01-04 02:00:00,19.3004
2025-01-04 03:00:00,18.2944
2025-01-04 04:00:00,19.4844
2025-01-04 05:00:00,22.5066
2025-01-04 06:00:00,25.1965
2025-01-04 07:00:00,29.7566
2025-01-04 08:00:00,28.6868
2025-01-04 09:00:00,33.5012
2025-01-04 10:00:00,37.0063
2025-01-04 11:00:00,35.0014
2025-01-04 12:00:00,26.6017
2025-01-04 13:00:00,20.2615
2025-01-04 14:00:00,18.9038
2025-01-04 15:00:00,22.8304
2025-01-04 16:00:00,29.1327
2025-01-04 17:00:00,36.1132
2025-01-04 18:00:00,47.2873
2025-01-04 19:00:00,55.3514
2025-01-04 20:00:00,59.2154
2025-01-04 21:00:00,54.5361
2025-01-04 22:00:00,45.357
2025-01-04 23:00:00,37.3225
2025-01-05 00:00:00,24.718
2025-01-05 01:00:00,21.7657
2025-01-05 02:00:00,19.4645
2025-01-05 03:00:00,18.1597
2025-01-05 04:00:00,18.8437
2025-01-05 05:00:00,22.0457
2025-01-05 06:00:00,25.0951
2025-01-05 07:00:00,29.9003
2025-01-05 08:00:00,32.3188
2025-01-05 09:00:00,36.2101
2025-01-05 10:00:00,43.4344
2025-01-05 11:00:00,43.1364
2025-01-05 12:00:00,32.72
2025-01-05 13:00:00,27.7657
2025-01-05 14:00:00,26.8729
2025-01-05 15:00:00,25.5553
2025-01-05 16:00:00,30.8472
2025-01-05 17:00:00,36.1624
2025-01-05 18:00:00,44.119
2025-01-05 19:00:00,54.4977
2025-01-05 20:00:00,59.5409
2025-01-05 21:00:00,55.5125
2025-01-05 22:00:00,45.6237
2025-01-05 23:00:00,36.9446
2025-01-06 00:00:00,30.1738
2025-01-06 01:00:00,25.7677
2025-01-06 02:00:00,22.6422
2025-01-06 03:00:00,21.5721
2025-01-06 04:00:00,22.4972
2025-01-06 05:00:00,25.5937
2025-01-06 06:00:00,30.5097
2025-01-06 07:00:00,34.2458
2025-01-06 08:00:00,35.4822
2025-01-06 09:00:00,42.0937
2025-01-06 10:00:00,46.6293
2025-01-06 11:00:00,45.4475
2025-01-06 12:00:00,36.0995
2025-01-06 13:00:00,28.283
2025-01-06 14:00:00,29.8102
2025-01-06 15:00:00,31.4565
2025-01-06 16:00:00,34.1067
2025-01-06 17:00:00,43.3005
2025-01-06 18:00:00,53.8098
2025-01-06 19:00:00,64.4405
2025-01-06 20:00:00,69.7222
2025-01-06 21:00:00,64.8588
2025-01-06 22:00:00,53.561
2025-01-06 23:00:00,43.7346
2025-01-07 00:00:00,29.2468
2025-01-07 01:00:00,26.9137
2025-01-07 02:00:00,22.9328
2025-01-07 03:00:00,21.2887
2025-01-07 04:00:00,22.9128
2025-01-07 05:00:00,26.2293
2025-01-07 06:00:00,30.1649
2025-01-07 07:00:00,35.0504
2025-01-07 08:00:00,37.2881
2025-01-07 09:00:00,42.3456
2025-01-07 10:00:00,50.4195
2025-01-07 11:00:00,46.895
2025-01-07 12:00:00,35.1217
2025-01-07 13:00:00,27.1756
2025-01-07 14:00:00,23.9005
2025-01-07 15:00:00,26.2876
2025-01-07 16:00:00,34.9341
2025-01-07 17:00:00,43.3492
2025-01-07 18:00:00,54.9952
2025-01-07 19:00:00,65.2562
2025-01-07 20:00:00,69.894
2025-01-07 21:00:00,64.5732
2025-01-07 22:00:00,52.7651
2025-01-07 23:00:00,42.8504
2025-01-08 00:00:00,29.2452
2025-01-08 01:00:00,26.0054
2025-01-08 02:00:00,23.0144
2025-01-08 03:00:00,21.2463
2025-01-08 04:00:00,22.7635
2025-01-08 05:00:00,25.9941
2025-01-08 06:00:00,29.1795
2025-01-08 07:00:00,35.2101
2025-01-08 08:00:00,35.9897
2025-01-08 09:00:00,41.6584
2025-01-08 10:00:00,47.4753
2025-01-08 11:00:00,41.661
2025-01-08 12:00:00,36.5663
2025-01-08 13:00:00,27.1185
2025-01-08 14:00:00,24.9423
2025-01-08 15:00:00,30.0545
2025-01-08 16:00:00,34.6612
2025-01-08 17:00:00,43.8667
2025-01-08 18:00:00,55.2572
2025-01-08 19:00:00,65.9875
2025-01-08 20:00:00,70.8932
2025-01-08 21:00:00,65.1205
2025-01-08 22:00:00,53.0029
2025-01-08 23:00:00,43.779
2025-01-09 00:00:00,29.256
2025-01-09 01:00:00,25.9707
2025-01-09 02:00:00,23.3518
2025-01-09 03:00:00,21.5665
2025-01-09 04:00:00,23.4683
2025-01-09 05:00:00,25.6422
2025-01-09 06:00:00,29.243
2025-01-09 07:00:00,34.617
2025-01-09 08:00:00,36.1499
2025-01-09 09:00:00,40.7778
2025-01-09 10:00:00,45.5218
2025-01-09 11:00:00,44.4679
2025-01-09 12:00:00,34.51
2025-01-09 13:00:00,26.1098
2025-01-09 14:00:00,22.1383
2025-01-09 15:00:00,24.9089
2025-01-09 16:00:00,33.3173
2025-01-09 17:00:00,42.2841
2025-01-09 18:00:00,52.9702
2025-01-09 19:00:00,65.4177
2025-01-09 20:00:00,68.0809
2025-01-09 21:00:00,63.1019
2025-01-09 22:00:00,53.2389
2025-01-09 23:00:00,43.6154
2025-01-10 00:00:00,29.3338
2025-01-10 01:00:00,25.6833
2025-01-10 02:00:00,23.0454
2025-01-10 03:00:00,21.187
2025-01-10 04:00:00,22.3901
2025-01-10 05:00:00,25.8635
2025-01-10 06:00:00,30.9372
2025-01-10 07:00:00,33.6195
2025-01-10 08:00:00,34.5434
2025-01-10 09:00:00,40.475
2025-01-10 10:00:00,47.2194
2025-01-10 11:00:00,42.8792
2025-01-10 12:00:00,34.2902
2025-01-10 13:00:00,26.0949
2025-01-10 14:00:00,22.5949
2025-01-10 15:00:00,25.7043
2025-01-10 16:00:00,32.9441
2025-01-10 17:00:00,41.9654
2025-01-10 18:00:00,52.0325
2025-01-10 19:00:00,66.685
2025-01-10 20:00:00,68.6571
2025-01-10 21:00:00,67.4319
2025-01-10 22:00:00,53.9525
2025-01-10 23:00:00,43.2896
2025-01-11 00:00:00,25.1048
2025-01-11 01:00:00,21.4877
2025-01-11 02:00:00,19.1991
2025-01-11 03:00:00,17.9774
2025-01-11 04:00:00,19.3603
2025-01-11 05:00:00,22.2299
2025-01-11 06:00:00,25.0731
2025-01-11 07:00:00,29.9234
2025-01-11 08:00:00,31.7922
2025-01-11 09:00:00,34.3028
2025-01-11 10:00:00,36.3678
2025-01-11 11:00:00,36.4844
2025-01-11 12:00:00,28.1262
2025-01-11 13:00:00,19.8159
2025-01-11 14:00:00,17.2003
2025-01-11 15:00:00,19.8584
2025-01-11 16:00:00,26.8835
2025-01-11 17:00:00,37.5358
2025-01-11 18:00:00,46.5714
2025-01-11 19:00:00,52.4077
2025-01-11 20:00:00,60.0175
2025-01-11 21:00:00,55.1862
2025-01-11 22:00:00,43.9169
2025-01-11 23:00:00,36.5765
2025-01-12 00:00:00,24.9376
2025-01-12 01:00:00,20.892
2025-01-12 02:00:00,19.2699
2025-01-12 03:00:00,18.3123
2025-01-12 04:00:00,19.5617
2025-01-12 05:00:00,21.9262
2025-01-12 06:00:00,25.5706
2025-01-12 07:00:00,29.5448
2025-01-12 08:00:00,28.8638
2025-01-12 09:00:00,33.2655
2025-01-12 10:00:00,38.741
2025-01-12 11:00:00,33.7238
2025-01-12 12:00:00,26.897
2025-01-12 13:00:00,19.0506
2025-01-12 14:00:00,16.6668
2025-01-12 15:00:00,19.8953
2025-01-12 16:00:00,26.7053
2025-01-12 17:00:00,37.1826
2025-01-12 18:00:00,46.2078
2025-01-12 19:00:00,56.3214
2025-01-12 20:00:00,59.8917
2025-01-12 21:00:00,55.1259
2025-01-12 22:00:00,45.3216
2025-01-12 23:00:00,36.3489
2025-01-13 00:00:00,28.9146
2025-01-13 01:00:00,25.8114
2025-01-13 02:00:00,23.0546
2025-01-13 03:00:00,21.6878
2025-01-13 04:00:00,23.1076
2025-01-13 05:00:00,26.1054
2025-01-13 06:00:00,30.5088
2025-01-13 07:00:00,34.4337
2025-01-13 08:00:00,36.6392
2025-01-13 09:00:00,41.0122
2025-01-13 10:00:00,46.6856
2025-01-13 11:00:00,44.6562
2025-01-13 12:00:00,36.7554
2025-01-13 13:00:00,29.1762
2025-01-13 14:00:00,27.3335
2025-01-13 15:00:00,29.2257
2025-01-13 16:00:00,34.966
2025-01-13 17:00:00,43.5382
2025-01-13 18:00:00,53.1846
2025-01-13 19:00:00,64.2868
2025-01-13 20:00:00,69.2979
2025-01-13 21:00:00,64.8182
2025-01-13 22:00:00,54.167
2025-01-13 23:00:00,43.2783
2025-01-14 00:00:00,29.2179
2025-01-14 01:00:00,25.823
2025-01-14 02:00:00,23.0432
2025-01-14 03:00:00,21.695
2025-01-14 04:00:00,22.3267
2025-01-14 05:00:00,26.134
2025-01-14 06:00:00,30.5699
2025-01-14 07:00:00,35.3238
2025-01-14 08:00:00,36.9064
2025-01-14 09:00:00,45.5481
2025-01-14 10:00:00,50.7871
2025-01-14 11:00:00,48.8957
2025-01-14 12:00:00,37.3441
2025-01-14 13:00:00,30.6536
2025-01-14 14:00:00,30.0712
2025-01-14 15:00:00,30.6346
2025-01-14 16:00:00,35.7109
2025-01-14 17:00:00,43.3743
2025-01-14 18:00:00,53.8001
2025-01-14 19:00:00,65.3156
2025-01-14 20:00:00,68.8435
2025-01-14 21:00:00,65.7426
2025-01-14 22:00:00,53.0927
2025-01-14 23:00:00,43.4813
2025-01-15 00:00:00,30.2167
2025-01-15 01:00:00,26.1935
2025-01-15 02:00:00,22.4924
2025-01-15 03:00:00,21.2175
2025-01-15 04:00:00,23.0498
2025-01-15 05:00:00,25.9305
2025-01-15 06:00:00,29.504
2025-01-15 07:00:00,34.7077
2025-01-15 08:00:00,34.8076
2025-01-15 09:00:00,40.6899
2025-01-15 10:00:00,47.3099
2025-01-15 11:00:00,44.571
2025-01-15 12:00:00,32.434
2025-01-15 13:00:00,24.9173
2025-01-15 14:00:00,21.7237
2025-01-15 15:00:00,24.8301
2025-01-15 16:00:00,31.9414
2025-01-15 17:00:00,43.7359
2025-01-15 18:00:00,54.1082
2025-01-15 19:00:00,64.3962
2025-01-15 20:00:00,71.7465
2025-01-15 21:00:00,64.8708
2025-01-15 22:00:00,52.9453
2025-01-15 23:00:00,43.8494
2025-01-16 00:00:00,28.698
2025-01-16 01:00:00,25.8459
2025-01-16 02:00:00,23.0263
2025-01-16 03:00:00,21.186
2025-01-16 04:00:00,22.1732
2025-01-16 05:00:00,26.2036
2025-01-16 06:00:00,29.283
2025-01-16 07:00:00,35.0069
2025-01-16 08:00:00,35.0024
2025-01-16 09:00:00,40.0394
2025-01-16 10:00:00,45.8706
2025-01-16 11:00:00,44.7328
2025-01-16 12:00:00,34.5755
2025-01-16 13:00:00,25.5371
2025-01-16 14:00:00,21.3496
2025-01-16 15:00:00,24.8107
2025-01-16 16:00:00,31.6127
2025-01-16 17:00:00,43.3769
2025-01-16 18:00:00,54.009
2025-01-16 19:00:00,63.714
2025-01-16 20:00:00,69.8192
2025-01-16 21:00:00,65.1222
2025-01-16 22:00:00,52.6996
2025-01-16 23:00:00,43.1138
2025-01-17 00:00:00,29.1273
2025-01-17 01:00:00,26.1196
2025-01-17 02:00:00,23.0167
2025-01-17 03:00:00,21.5935
2025-01-17 04:00:00,22.8267
2025-01-17 05:00:00,26.1309
2025-01-17 06:00:00,29.1593
2025-01-17 07:00:00,34.402
2025-01-17 08:00:00,35.6719
2025-01-17 09:00:00,41.4857
2025-01-17 10:00:00,47.4943
2025-01-17 11:00:00,47.0937
2025-01-17 12:00:00,34.3406
2025-01-17 13:00:00,26.7004
2025-01-17 14:00:00,24.9822
2025-01-17 15:00:00,27.4224
2025-01-17 16:00:00,32.6104
2025-01-17 17:00:00,42.523
2025-01-17 18:00:00,53.4426
2025-01-17 19:00:00,64.7234
2025-01-17 20:00:00,69.4701
2025-01-17 21:00:00,65.4771
2025-01-17 22:00:00,52.4396
2025-01-17 23:00:00,43.8249
2025-01-18 00:00:00,24.1008
2025-01-18 01:00:00,21.4458
2025-01-18 02:00:00,19.2139
2025-01-18 03:00:00,18.3774
2025-01-18 04:00:00,19.7724
2025-01-18 05:00:00,22.0888
2025-01-18 06:00:00,25.2737
2025-01-18 07:00:00,29.7219
2025-01-18 08:00:00,32.4835
2025-01-18 09:00:00,34.0388
2025-01-18 10:00:00,36.7929
2025-01-18 11:00:00,33.8164
2025-01-18 12:00:00,25.6754
2025-01-18 13:00:00,18.7852
2025-01-18 14:00:00,17.0542
2025-01-18 15:00:00,19.0632
2025-01-18 16:00:00,26.2661
2025-01-18 17:00:00,37.2291
2025-01-18 18:00:00,46.2866
2025-01-18 19:00:00,55.9204
2025-01-18 20:00:00,60.2172
2025-01-18 21:00:00,55.4166
2025-01-18 22:00:00,47.0808
2025-01-18 23:00:00,36.1992
2025-01-19 00:00:00,24.7269
2025-01-19 01:00:00,22.1343
2025-01-19 02:00:00,19.5224
2025-01-19 03:00:00,18.4597
2025-01-19 04:00:00,19.7991
2025-01-19 05:00:00,22.2658
2025-01-19 06:00:00,25.3475
2025-01-19 07:00:00,29.1574
2025-01-19 08:00:00,28.3022
2025-01-19 09:00:00,31.9527
2025-01-19 10:00:00,36.6607
2025-01-19 11:00:00,34.681
2025-01-19 12:00:00,26.9367
2025-01-19 13:00:00,19.3098
2025-01-19 14:00:00,15.9633
2025-01-19 15:00:00,19.3834
2025-01-19 16:00:00,26.4516
2025-01-19 17:00:00,36.5455
2025-01-19 18:00:00,45.7206
2025-01-19 19:00:00,56.1792
2025-01-19 20:00:00,60.3504
2025-01-19 21:00:00,56.6297
2025-01-19 22:00:00,44.9281
2025-01-19 23:00:00,35.6129
2025-01-20 00:00:00,28.9808
2025-01-20 01:00:00,25.3508
2025-01-20 02:00:00,22.8775
2025-01-20 03:00:00,21.9431
2025-01-20 04:00:00,22.7035
2025-01-20 05:00:00,25.5499
2025-01-20 06:00:00,29.8315
2025-01-20 07:00:00,34.3097
2025-01-20 08:00:00,34.4781
2025-01-20 09:00:00,39.5413
2025-01-20 10:00:00,46.3617
2025-01-20 11:00:00,44.1328
2025-01-20 12:00:00,36.4335
2025-01-20 13:00:00,29.3827
2025-01-20 14:00:00,25.4028
2025-01-20 15:00:00,25.9784
2025-01-20 16:00:00,35.031
2025-01-20 17:00:00,43.4439
2025-01-20 18:00:00,52.7862
2025-01-20 19:00:00,65.7468
2025-01-20 20:00:00,70.1284
2025-01-20 21:00:00,63.8787
2025-01-20 22:00:00,54.1369
2025-01-20 23:00:00,43.7724
2025-01-21 00:00:00,29.114
2025-01-21 01:00:00,25.6064
2025-01-21 02:00:00,22.8876
2025-01-21 03:00:00,21.1407
2025-01-21 04:00:00,22.6923
2025-01-21 05:00:00,25.3498
2025-01-21 06:00:00,29.5105
2025-01-21 07:00:00,35.0302
2025-01-21 08:00:00,36.4723
2025-01-21 09:00:00,41.4468
2025-01-21 10:00:00,47.9692
2025-01-21 11:00:00,48.4973
2025-01-21 12:00:00,38.9486
2025-01-21 13:00:00,29.8791
2025-01-21 14:00:00,30.691
2025-01-21 15:00:00,34.254
2025-01-21 16:00:00,37.3793
2025-01-21 17:00:00,44.2898
2025-01-21 18:00:00,52.4729
2025-01-21 19:00:00,63.9773
2025-01-21 20:00:00,70.737
2025-01-21 21:00:00,65.3069
2025-01-21 22:00:00,53.277
2025-01-21 23:00:00,45.5126
2025-01-22 00:00:00,28.9376
2025-01-22 01:00:00,25.7667
2025-01-22 02:00:00,22.9347
2025-01-22 03:00:00,21.5049
2025-01-22 04:00:00,22.3538
2025-01-22 05:00:00,25.6084
2025-01-22 06:00:00,30.2523
2025-01-22 07:00:00,33.8303
2025-01-22 08:00:00,40.3131
2025-01-22 09:00:00,52.2581
2025-01-22 10:00:00,60.3682
2025-01-22 11:00:00,59.6187
2025-01-22 12:00:00,42.8362
2025-01-22 13:00:00,33.4142
2025-01-22 14:00:00,31.9985
2025-01-22 15:00:00,33.3316
2025-01-22 16:00:00,36.9243
2025-01-22 17:00:00,42.2493
2025-01-22 18:00:00,54.2541
2025-01-22 19:00:00,64.697
2025-01-22 20:00:00,69.9552
2025-01-22 21:00:00,64.1299
2025-01-22 22:00:00,50.7087
2025-01-22 23:00:00,44.3115
2025-01-23 00:00:00,29.1127
2025-01-23 01:00:00,26.4959
2025-01-23 02:00:00,22.7962
2025-01-23 03:00:00,22.2141
2025-01-23 04:00:00,22.0244
2025-01-23 05:00:00,25.7641
2025-01-23 06:00:00,29.8446
2025-01-23 07:00:00,34.6992
2025-01-23 08:00:00,40.957
2025-01-23 09:00:00,49.9969
2025-01-23 10:00:00,60.2094
2025-01-23 11:00:00,57.0215
2025-01-23 12:00:00,47.7071
2025-01-23 13:00:00,38.6366
2025-01-23 14:00:00,34.3576
2025-01-23 15:00:00,34.2816
2025-01-23 16:00:00,38.1151
2025-01-23 17:00:00,43.0275
2025-01-23 18:00:00,56.1431
2025-01-23 19:00:00,65.8965
2025-01-23 20:00:00,72.1012
2025-01-23 21:00:00,64.1921
2025-01-23 22:00:00,53.4175
2025-01-23 23:00:00,43.4806
2025-01-24 00:00:00,29.0638
2025-01-24 01:00:00,25.8513
2025-01-24 02:00:00,22.8296
2025-01-24 03:00:00,21.6419
2025-01-24 04:00:00,22.1972
2025-01-24 05:00:00,26.0895
2025-01-24 06:00:00,29.4419
2025-01-24 07:00:00,34.5222
2025-01-24 08:00:00,39.1451
2025-01-24 09:00:00,43.5177
2025-01-24 10:00:00,55.0342
2025-01-24 11:00:00,54.4556
2025-01-24 12:00:00,47.1565
2025-01-24 13:00:00,38.2306
2025-01-24 14:00:00,33.7161
2025-01-24 15:00:00,33.8091
2025-01-24 16:00:00,36.8582
2025-01-24 17:00:00,43.3694
2025-01-24 18:00:00,52.5354
2025-01-24 19:00:00,64.3841
2025-01-24 20:00:00,69.9963
2025-01-24 21:00:00,65.4106
2025-01-24 22:00:00,54.1731
2025-01-24 23:00:00,43.618
2025-01-25 00:00:00,24.4417
2025-01-25 01:00:00,21.864
2025-01-25 02:00:00,18.87
2025-01-25 03:00:00,18.0522
2025-01-25 04:00:00,19.6913
2025-01-25 05:00:00,22.5583
2025-01-25 06:00:00,26.0098
2025-01-25 07:00:00,29.2837
2025-01-25 08:00:00,34.1898
2025-01-25 09:00:00,42.5999
2025-01-25 10:00:00,45.5392
2025-01-25 11:00:00,41.4258
2025-01-25 12:00:00,31.2349
2025-01-25 13:00:00,18.3186
2025-01-25 14:00:00,19.1051
2025-01-25 15:00:00,23.2829
2025-01-25 16:00:00,27.8569
2025-01-25 17:00:00,37.3364
2025-01-25 18:00:00,46.6989
2025-01-25 19:00:00,56.3695
2025-01-25 20:00:00,59.2572
2025-01-25 21:00:00,56.4283
2025-01-25 22:00:00,44.5794
2025-01-25 23:00:00,36.6627
2025-01-26 00:00:00,25.3671
2025-01-26 01:00:00,21.5599
2025-01-26 02:00:00,19.0797
2025-01-26 03:00:00,17.8778
2025-01-26 04:00:00,19.2411
2025-01-26 05:00:00,21.9288
2025-01-26 06:00:00,25.2797
2025-01-26 07:00:00,28.618
2025-01-26 08:00:00,28.5432
2025-01-26 09:00:00,33.1155
2025-01-26 10:00:00,37.5525
2025-01-26 11:00:00,35.7274
2025-01-26 12:00:00,30.0052
2025-01-26 13:00:00,24.3349
2025-01-26 14:00:00,27.6907
2025-01-26 15:00:00,28.6199
2025-01-26 16:00:00,30.8644
2025-01-26 17:00:00,36.8162
2025-01-26 18:00:00,45.7205
2025-01-26 19:00:00,54.4753
2025-01-26 20:00:00,59.7582
2025-01-26 21:00:00,55.8172
2025-01-26 22:00:00,45.6055
2025-01-26 23:00:00,36.8962
2025-01-27 00:00:00,29.0663
2025-01-27 01:00:00,26.3952
2025-01-27 02:00:00,21.8418
2025-01-27 03:00:00,21.4964
2025-01-27 04:00:00,22.5273
2025-01-27 05:00:00,25.949
2025-01-27 06:00:00,29.2795
2025-01-27 07:00:00,34.5186
2025-01-27 08:00:00,35.891
2025-01-27 09:00:00,41.3023
2025-01-27 10:00:00,48.1783
2025-01-27 11:00:00,44.7962
2025-01-27 12:00:00,35.8552
2025-01-27 13:00:00,25.2164
2025-01-27 14:00:00,23.6582
2025-01-27 15:00:00,26.312
2025-01-27 16:00:00,33.5568
2025-01-27 17:00:00,43.979
2025-01-27 18:00:00,54.6911
2025-01-27 19:00:00,63.4726
2025-01-27 20:00:00,70.6756
2025-01-27 21:00:00,64.5483
2025-01-27 22:00:00,53.5831
2025-01-27 23:00:00,43.3258
2025-01-28 00:00:00,29.5949
2025-01-28 01:00:00,26.0326
2025-01-28 02:00:00,23.6166
2025-01-28 03:00:00,21.6126
2025-01-28 04:00:00,22.995
2025-01-28 05:00:00,26.8887
2025-01-28 06:00:00,30.2964
2025-01-28 07:00:00,33.3076
2025-01-28 08:00:00,36.7657
2025-01-28 09:00:00,43.4385
2025-01-28 10:00:00,50.7456
2025-01-28 11:00:00,53.0652
2025-01-28 12:00:00,44.5452
2025-01-28 13:00:00,32.8479
2025-01-28 14:00:00,32.6422
2025-01-28 15:00:00,32.214
2025-01-28 16:00:00,36.7472
2025-01-28 17:00:00,42.8382
2025-01-28 18:00:00,53.7316
2025-01-28 19:00:00,65.149
2025-01-28 20:00:00,70.4457
2025-01-28 21:00:00,66.6753
2025-01-28 22:00:00,53.0384
2025-01-28 23:00:00,42.6818
2025-01-29 00:00:00,29.9129
2025-01-29 01:00:00,26.0235
2025-01-29 02:00:00,22.7916
2025-01-29 03:00:00,21.3628
2025-01-29 04:00:00,22.7681
2025-01-29 05:00:00,26.1874
2025-01-29 06:00:00,30.2381
2025-01-29 07:00:00,35.3943
2025-01-29 08:00:00,38.0748
2025-01-29 09:00:00,42.9779
2025-01-29 10:00:00,48.1349
2025-01-29 11:00:00,44.8022
2025-01-29 12:00:00,34.3666
2025-01-29 13:00:00,24.2132
2025-01-29 14:00:00,26.6284
2025-01-29 15:00:00,27.609
2025-01-29 16:00:00,35.2866
2025-01-29 17:00:00,43.256
2025-01-29 18:00:00,54.3729
2025-01-29 19:00:00,66.234
2025-01-29 20:00:00,70.9695
2025-01-29 21:00:00,63.489
2025-01-29 22:00:00,53.0166
2025-01-29 23:00:00,42.6582
2025-01-30 00:00:00,29.2462
2025-01-30 01:00:00,26.2037
2025-01-30 02:00:00,22.3986
2025-01-30 03:00:00,21.4816
2025-01-30 04:00:00,22.6804
2025-01-30 05:00:00,25.3508
2025-01-30 06:00:00,29.5218
2025-01-30 07:00:00,34.6473
2025-01-30 08:00:00,39.3441
2025-01-30 09:00:00,46.4112
2025-01-30 10:00:00,52.6531
2025-01-30 11:00:00,43.8501
2025-01-30 12:00:00,33.2919
2025-01-30 13:00:00,24.4583
2025-01-30 14:00:00,20.6469
2025-01-30 15:00:00,23.853
2025-01-30 16:00:00,31.4036
2025-01-30 17:00:00,43.6548
2025-01-30 18:00:00,55.087
2025-01-30 19:00:00,63.4644
2025-01-30 20:00:00,70.4815
2025-01-30 21:00:00,64.9246
2025-01-30 22:00:00,55.7173
2025-01-30 23:00:00,42.4818
2025-01-31 00:00:00,28.8266
2025-01-31 01:00:00,25.8942
2025-01-31 02:00:00,21.8134
2025-01-31 03:00:00,21.074
2025-01-31 04:00:00,22.9242
2025-01-31 05:00:00,25.5785
2025-01-31 06:00:00,29.9817
2025-01-31 07:00:00,34.6709
2025-01-31 08:00:00,39.0386
2025-01-31 09:00:00,44.8155
2025-01-31 10:00:00,49.6969
2025-01-31 11:00:00,48.7469
2025-01-31 12:00:00,36.4278
2025-01-31 13:00:00,26.2875
2025-01-31 14:00:00,22.6676
2025-01-31 15:00:00,25.7465
2025-01-31 16:00:00,32.4079
2025-01-31 17:00:00,42.6148
2025-01-31 18:00:00,52.9575
2025-01-31 19:00:00,65.6597
2025-01-31 20:00:00,70.6822
2025-01-31 21:00:00,65.1895
2025-01-31 22:00:00,52.6072
2025-01-31 23:00:00,42.9229
2025-02-01 00:00:00,24.2664
2025-02-01 01:00:00,21.3699
2025-02-01 02:00:00,19.7155
2025-02-01 03:00:00,17.3236
2025-02-01 04:00:00,18.7954
2025-02-01 05:00:00,21.9119
2025-02-01 06:00:00,24.6296
2025-02-01 07:00:00,27.51
2025-02-01 08:00:00,31.3329
2025-02-01 09:00:00,34.9513
2025-02-01 10:00:00,37.5456
2025-02-01 11:00:00,33.0813
2025-02-01 12:00:00,24.4012
2025-02-01 13:00:00,17.3085
2025-02-01 14:00:00,15.2993
2025-02-01 15:00:00,19.5787
2025-02-01 16:00:00,25.6591
2025-02-01 17:00:00,35.7885
2025-02-01 18:00:00,43.7666
2025-02-01 19:00:00,53.3256
2025-02-01 20:00:00,57.6256
2025-02-01 21:00:00,54.0392
2025-02-01 22:00:00,44.3282
2025-02-01 23:00:00,36.1097
2025-02-02 00:00:00,24.2958
2025-02-02 01:00:00,20.9693
2025-02-02 02:00:00,18.6587
2025-02-02 03:00:00,17.7542
2025-02-02 04:00:00,18.5789
2025-02-02 05:00:00,21.4267
2025-02-02 06:00:00,24.2543
2025-02-02 07:00:00,27.8113
2025-02-02 08:00:00,25.8351
2025-02-02 09:00:00,31.4446
2025-02-02 10:00:00,35.5313
2025-02-02 11:00:00,36.844
2025-02-02 12:00:00,27.8767
2025-02-02 13:00:00,18.4559
2025-02-02 14:00:00,15.6882
2025-02-02 15:00:00,17.693
2025-02-02 16:00:00,26.5265
2025-02-02 17:00:00,35.2451
2025-02-02 18:00:00,44.2126
2025-02-02 19:00:00,52.5868
2025-02-02 20:00:00,57.4807
2025-02-02 21:00:00,53.5866
2025-02-02 22:00:00,45.3135
2025-02-02 23:00:00,35.2436
2025-02-03 00:00:00,27.5518
2025-02-03 01:00:00,24.8855
2025-02-03 02:00:00,21.7009
2025-02-03 03:00:00,21.0732
2025-02-03 04:00:00,22.1312
2025-02-03 05:00:00,24.5663
2025-02-03 06:00:00,28.9532
2025-02-03 07:00:00,32.1303
2025-02-03 08:00:00,32.7221
2025-02-03 09:00:00,37.3289
2025-02-03 10:00:00,43.6945
2025-02-03 11:00:00,41.1179
2025-02-03 12:00:00,33.6915
2025-02-03 13:00:00,23.061
2025-02-03 14:00:00,19.6313
2025-02-03 15:00:00,22.4734
2025-02-03 16:00:00,30.6715
2025-02-03 17:00:00,42.8372
2025-02-03 18:00:00,50.9913
2025-02-03 19:00:00,63.3017
2025-02-03 20:00:00,67.1097
2025-02-03 21:00:00,62.4005
2025-02-03 22:00:00,52.4846
2025-02-03 23:00:00,41.0393
2025-02-04 00:00:00,28.513
2025-02-04 01:00:00,25.0155
2025-02-04 02:00:00,22.0639
2025-02-04 03:00:00,20.4392
2025-02-04 04:00:00,22.4037
2025-02-04 05:00:00,24.9343
2025-02-04 06:00:00,28.4963
2025-02-04 07:00:00,32.0445
2025-02-04 08:00:00,34.0973
2025-02-04 09:00:00,39.2762
2025-02-04 10:00:00,45.6655
2025-02-04 11:00:00,41.9706
2025-02-04 12:00:00,31.4819
2025-02-04 13:00:00,22.6961
2025-02-04 14:00:00,23.7025
2025-02-04 15:00:00,24.8881
2025-02-04 16:00:00,32.5046
2025-02-04 17:00:00,41.6557
2025-02-04 18:00:00,52.0614
2025-02-04 19:00:00,64.3218
2025-02-04 20:00:00,69.9987
2025-02-04 21:00:00,63.7857
2025-02-04 22:00:00,51.9168
2025-02-04 23:00:00,42.1283
2025-02-05 00:00:00,29.0315
2025-02-05 01:00:00,24.6299
2025-02-05 02:00:00,21.5568
2025-02-05 03:00:00,20.8068
2025-02-05 04:00:00,22.7418
2025-02-05 05:00:00,25.1851
2025-02-05 06:00:00,28.6914
2025-02-05 07:00:00,33.85
2025-02-05 08:00:00,40.2096
2025-02-05 09:00:00,49.4404
2025-02-05 10:00:00,59.7173
2025-02-05 11:00:00,58.5503
2025-02-05 12:00:00,50.6827
2025-02-05 13:00:00,40.5526
2025-02-05 14:00:00,33.6488
2025-02-05 15:00:00,33.9943
2025-02-05 16:00:00,35.1442
2025-02-05 17:00:00,42.6014
2025-02-05 18:00:00,51.0411
2025-02-05 19:00:00,62.4495
2025-02-05 20:00:00,68.5591
2025-02-05 21:00:00,63.6709
2025-02-05 22:00:00,51.2254
2025-02-05 23:00:00,41.3049
2025-02-06 00:00:00,27.9822
2025-02-06 01:00:00,24.7796
2025-02-06 02:00:00,22.1798
2025-02-06 03:00:00,20.8382
2025-02-06 04:00:00,22.0363
2025-02-06 05:00:00,24.9092
2025-02-06 06:00:00,29.2205
2025-02-06 07:00:00,33.7785
2025-02-06 08:00:00,40.581
2025-02-06 09:00:00,50.3589
2025-02-06 10:00:00,58.5716
2025-02-06 11:00:00,60.0901
2025-02-06 12:00:00,48.4785
2025-02-06 13:00:00,40.3047
2025-02-06 14:00:00,35.0368
2025-02-06 15:00:00,33.66
2025-02-06 16:00:00,35.9759
2025-02-06 17:00:00,42.2061
2025-02-06 18:00:00,50.6554
2025-02-06 19:00:00,62.2702
2025-02-06 20:00:00,68.9089
2025-02-06 21:00:00,62.799
2025-02-06 22:00:00,52.6954
2025-02-06 23:00:00,41.2638
2025-02-07 00:00:00,28.4758
2025-02-07 01:00:00,25.1921
2025-02-07 02:00:00,22.5851
2025-02-07 03:00:00,20.7437
2025-02-07 04:00:00,22.0729
2025-02-07 05:00:00,24.9752
2025-02-07 06:00:00,29.3539
2025-02-07 07:00:00,33.383
2025-02-07 08:00:00,39.9656
2025-02-07 09:00:00,46.7798
2025-02-07 10:00:00,55.138
2025-02-07 11:00:00,49.4059
2025-02-07 12:00:00,42.2038
2025-02-07 13:00:00,33.1674
2025-02-07 14:00:00,30.5737
2025-02-07 15:00:00,32.7796
2025-02-07 16:00:00,36.277
2025-02-07 17:00:00,41.9086
2025-02-07 18:00:00,51.5799
2025-02-07 19:00:00,64.4341
2025-02-07 20:00:00,68.5542
2025-02-07 21:00:00,64.1947
2025-02-07 22:00:00,52.219
2025-02-07 23:00:00,42.1406
2025-02-08 00:00:00,25.0637
2025-02-08 01:00:00,21.2487
2025-02-08 02:00:00,18.7178
2025-02-08 03:00:00,17.6163
2025-02-08 04:00:00,18.6156
2025-02-08 05:00:00,21.8898
2025-02-08 06:00:00,24.7045
2025-02-08 07:00:00,27.9609
2025-02-08 08:00:00,31.1334
2025-02-08 09:00:00,35.6401
2025-02-08 10:00:00,38.0669
2025-02-08 11:00:00,37.1606
2025-02-08 12:00:00,27.5736
2025-02-08 13:00:00,19.0433
2025-02-08 14:00:00,23.8
2025-02-08 15:00:00,26.9401
2025-02-08 16:00:00,30.7756
2025-02-08 17:00:00,35.6288
2025-02-08 18:00:00,44.4724
2025-02-08 19:00:00,53.3824
2025-02-08 20:00:00,57.9321
2025-02-08 21:00:00,53.3309
2025-02-08 22:00:00,43.5565
2025-02-08 23:00:00,35.0978
2025-02-09 00:00:00,24.8978
2025-02-09 01:00:00,21.6711
2025-02-09 02:00:00,18.9468
2025-02-09 03:00:00,17.7081
2025-02-09 04:00:00,18.5558
2025-02-09 05:00:00,21.5035
2025-02-09 06:00:00,24.6834
2025-02-09 07:00:00,28.4686
2025-02-09 08:00:00,33.077
2025-02-09 09:00:00,41.0888
2025-02-09 10:00:00,46.5548
2025-02-09 11:00:00,45.7629
2025-02-09 12:00:00,37.9825
2025-02-09 13:00:00,30.9487
2025-02-09 14:00:00,27.5631
2025-02-09 15:00:00,27.541
2025-02-09 16:00:00,30.3337
2025-02-09 17:00:00,35.4408
2025-02-09 18:00:00,43.8805
2025-02-09 19:00:00,54.9122
2025-02-09 20:00:00,57.7698
2025-02-09 21:00:00,53.0014
2025-02-09 22:00:00,43.7393
2025-02-09 23:00:00,35.3921
2025-02-10 00:00:00,28.5363
2025-02-10 01:00:00,25.2016
2025-02-10 02:00:00,22.1509
2025-02-10 03:00:00,20.912
2025-02-10 04:00:00,22.132
2025-02-10 05:00:00,25.6937
2025-02-10 06:00:00,29.0738
2025-02-10 07:00:00,32.7349
2025-02-10 08:00:00,32.8466
2025-02-10 09:00:00,39.1721
2025-02-10 10:00:00,42.9223
2025-02-10 11:00:00,39.2533
2025-02-10 12:00:00,31.0402
2025-02-10 13:00:00,22.8142
2025-02-10 14:00:00,21.2837
2025-02-10 15:00:00,23.3521
2025-02-10 16:00:00,30.7262
2025-02-10 17:00:00,40.0869
2025-02-10 18:00:00,52.6119
2025-02-10 19:00:00,62.2757
2025-02-10 20:00:00,68.474
2025-02-10 21:00:00,63.3896
2025-02-10 22:00:00,52.6021
2025-02-10 23:00:00,42.0879
2025-02-11 00:00:00,28.0229
2025-02-11 01:00:00,25.3632
2025-02-11 02:00:00,22.6146
2025-02-11 03:00:00,21.1506
2025-02-11 04:00:00,21.8988
2025-02-11 05:00:00,24.4106
2025-02-11 06:00:00,28.5379
2025-02-11 07:00:00,31.3964
2025-02-11 08:00:00,33.4497
2025-02-11 09:00:00,38.0061
2025-02-11 10:00:00,43.6557
2025-02-11 11:00:00,39.4809
2025-02-11 12:00:00,32.0913
2025-02-11 13:00:00,23.7174
2025-02-11 14:00:00,21.7141
2025-02-11 15:00:00,24.2272
2025-02-11 16:00:00,30.6969
2025-02-11 17:00:00,41.4259
2025-02-11 18:00:00,52.2948
2025-02-11 19:00:00,63.6333
2025-02-11 20:00:00,67.6495
2025-02-11 21:00:00,62.5325
2025-02-11 22:00:00,52.0871
2025-02-11 23:00:00,41.8618
2025-02-12 00:00:00,28.1529
2025-02-12 01:00:00,26.0721
2025-02-12 02:00:00,22.4089
2025-02-12 03:00:00,20.6353
2025-02-12 04:00:00,22.2235
2025-02-12 05:00:00,25.6241
2025-02-12 06:00:00,28.7359
2025-02-12 07:00:00,32.1783
2025-02-12 08:00:00,33.0471
2025-02-12 09:00:00,38.8753
2025-02-12 10:00:00,47.5442
2025-02-12 11:00:00,41.3776
2025-02-12 12:00:00,38.4194
2025-02-12 13:00:00,34.0673
2025-02-12 14:00:00,29.2956
2025-02-12 15:00:00,30.4216
2025-02-12 16:00:00,34.6582
2025-02-12 17:00:00,41.7614
2025-02-12 18:00:00,53.1598
2025-02-12 19:00:00,63.3654
2025-02-12 20:00:00,67.9767
2025-02-12 21:00:00,63.1808
2025-02-12 22:00:00,51.4361
2025-02-12 23:00:00,40.7168
2025-02-13 00:00:00,28.4555
2025-02-13 01:00:00,25.0531
2025-02-13 02:00:00,22.2511
2025-02-13 03:00:00,20.6786
2025-02-13 04:00:00,22.2816
2025-02-13 05:00:00,24.8598
2025-02-13 06:00:00,28.4536
2025-02-13 07:00:00,32.097
2025-02-13 08:00:00,33.7083
2025-02-13 09:00:00,39.2717
2025-02-13 10:00:00,44.6841
2025-02-13 11:00:00,42.1873
2025-02-13 12:00:00,32.025
2025-02-13 13:00:00,22.4371
2025-02-13 14:00:00,28.8476
2025-02-13 15:00:00,30.6606
2025-02-13 16:00:00,34.6057
2025-02-13 17:00:00,41.665
2025-02-13 18:00:00,52.6525
2025-02-13 19:00:00,63.9322
2025-02-13 20:00:00,67.9857
2025-02-13 21:00:00,62.8563
2025-02-13 22:00:00,53.1253
2025-02-13 23:00:00,42.1383
2025-02-14 00:00:00,28.9848
2025-02-14 01:00:00,25.7071
2025-02-14 02:00:00,22.0646
2025-02-14 03:00:00,20.4145
2025-02-14 04:00:00,21.7178
2025-02-14 05:00:00,25.3982
2025-02-14 06:00:00,28.6216
2025-02-14 07:00:00,34.7274
2025-02-14 08:00:00,40.1294
2025-02-14 09:00:00,49.7727
2025-02-14 10:00:00,60.6116
2025-02-14 11:00:00,59.4969
2025-02-14 12:00:00,51.531
2025-02-14 13:00:00,40.1758
2025-02-14 14:00:00,35.7525
2025-02-14 15:00:00,34.0321
2025-02-14 16:00:00,36.3878
2025-02-14 17:00:00,41.8989
2025-02-14 18:00:00,52.6783
2025-02-14 19:00:00,61.9365
2025-02-14 20:00:00,67.3395
2025-02-14 21:00:00,63.4958
2025-02-14 22:00:00,50.9013
2025-02-14 23:00:00,41.8374
2025-02-15 00:00:00,24.0826
2025-02-15 01:00:00,20.9081
2025-02-15 02:00:00,18.6399
2025-02-15 03:00:00,17.7038
2025-02-15 04:00:00,18.9609
2025-02-15 05:00:00,21.3809
2025-02-15 06:00:00,24.7776
2025-02-15 07:00:00,27.8878
2025-02-15 08:00:00,35.2017
2025-02-15 09:00:00,43.639
2025-02-15 10:00:00,50.1314
2025-02-15 11:00:00,51.5077
2025-02-15 12:00:00,43.0818
2025-02-15 13:00:00,35.3029
2025-02-15 14:00:00,30.6575
2025-02-15 15:00:00,28.8366
2025-02-15 16:00:00,30.3773
2025-02-15 17:00:00,35.4237
2025-02-15 18:00:00,44.3778
2025-02-15 19:00:00,55.3253
2025-02-15 20:00:00,57.3897
2025-02-15 21:00:00,54.3115
2025-02-15 22:00:00,44.5031
2025-02-15 23:00:00,35.2081
2025-02-16 00:00:00,23.3329
2025-02-16 01:00:00,21.2319
2025-02-16 02:00:00,18.4583
2025-02-16 03:00:00,17.8021
2025-02-16 04:00:00,18.6059
2025-02-16 05:00:00,21.1872
2025-02-16 06:00:00,24.4438
2025-02-16 07:00:00,27.9727
2025-02-16 08:00:00,29.1824
2025-02-16 09:00:00,37.2609
2025-02-16 10:00:00,44.0601
2025-02-16 11:00:00,42.5212
2025-02-16 12:00:00,35.1373
2025-02-16 13:00:00,31.0314
2025-02-16 14:00:00,27.7317
2025-02-16 15:00:00,26.9345
2025-02-16 16:00:00,30.1053
2025-02-16 17:00:00,35.1319
2025-02-16 18:00:00,44.4394
2025-02-16 19:00:00,53.2799
2025-02-16 20:00:00,57.8895
2025-02-16 21:00:00,52.7662
2025-02-16 22:00:00,43.771
2025-02-16 23:00:00,35.5785
2025-02-17 00:00:00,28.5735
2025-02-17 01:00:00,25.1968
2025-02-17 02:00:00,22.1154
2025-02-17 03:00:00,20.8598
2025-02-17 04:00:00,22.1061
2025-02-17 05:00:00,24.835
2025-02-17 06:00:00,30.2294
2025-02-17 07:00:00,32.5353
2025-02-17 08:00:00,38.4252
2025-02-17 09:00:00,48.2899
2025-02-17 10:00:00,59.2661
2025-02-17 11:00:00,57.4306
2025-02-17 12:00:00,43.9134
2025-02-17 13:00:00,35.6874
2025-02-17 14:00:00,33.0753
2025-02-17 15:00:00,32.7206
2025-02-17 16:00:00,36.2484
2025-02-17 17:00:00,42.058
2025-02-17 18:00:00,50.6594
2025-02-17 19:00:00,65.1575
2025-02-17 20:00:00,69.2277
2025-02-17 21:00:00,63.077
2025-02-17 22:00:00,52.229
2025-02-17 23:00:00,41.9642
2025-02-18 00:00:00,28.5568
2025-02-18 01:00:00,25.1823
2025-02-18 02:00:00,21.7319
2025-02-18 03:00:00,21.2901
2025-02-18 04:00:00,22.058
2025-02-18 05:00:00,25.2946
2025-02-18 06:00:00,28.2528
2025-02-18 07:00:00,30.6958
2025-02-18 08:00:00,32.0791
2025-02-18 09:00:00,36.8025
2025-02-18 10:00:00,43.3725
2025-02-18 11:00:00,39.8609
2025-02-18 12:00:00,30.0619
2025-02-18 13:00:00,23.3951
2025-02-18 14:00:00,23.7728
2025-02-18 15:00:00,26.873
2025-02-18 16:00:00,33.1967
2025-02-18 17:00:00,41.6247
2025-02-18 18:00:00,51.7858
2025-02-18 19:00:00,62.741
2025-02-18 20:00:00,69.3923
2025-02-18 21:00:00,62.5918
2025-02-18 22:00:00,52.1949
2025-02-18 23:00:00,42.2613
2025-02-19 00:00:00,28.8567
2025-02-19 01:00:00,25.0623
2025-02-19 02:00:00,21.932
2025-02-19 03:00:00,21.0871
2025-02-19 04:00:00,22.2356
2025-02-19 05:00:00,25.4366
2025-02-19 06:00:00,29.3629
2025-02-19 07:00:00,31.0735
2025-02-19 08:00:00,32.9235
2025-02-19 09:00:00,35.3187
2025-02-19 10:00:00,42.4894
2025-02-19 11:00:00,39.9231
2025-02-19 12:00:00,29.6778
2025-02-19 13:00:00,22.1636
2025-02-19 14:00:00,19.3101
2025-02-19 15:00:00,24.7264
2025-02-19 16:00:00,31.8037
2025-02-19 17:00:00,40.7779
2025-02-19 18:00:00,52.3472
2025-02-19 19:00:00,62.3023
2025-02-19 20:00:00,67.8942
2025-02-19 21:00:00,62.3297
2025-02-19 22:00:00,53.8532
2025-02-19 23:00:00,42.3115
2025-02-20 00:00:00,28.3472
2025-02-20 01:00:00,24.7775
2025-02-20 02:00:00,22.6122
2025-02-20 03:00:00,20.8584
2025-02-20 04:00:00,22.3887
2025-02-20 05:00:00,25.5889
2025-02-20 06:00:00,28.7521
2025-02-20 07:00:00,31.1397
2025-02-20 08:00:00,32.0103
2025-02-20 09:00:00,37.6933
2025-02-20 10:00:00,43.8137
2025-02-20 11:00:00,39.2774
2025-02-20 12:00:00,32.0082
2025-02-20 13:00:00,20.6033
2025-02-20 14:00:00,18.8658
2025-02-20 15:00:00,21.4597
2025-02-20 16:00:00,27.9058
2025-02-20 17:00:00,41.1098
2025-02-20 18:00:00,50.9072
2025-02-20 19:00:00,64.3513
2025-02-20 20:00:00,67.1028
2025-02-20 21:00:00,63.2343
2025-02-20 22:00:00,52.3149
2025-02-20 23:00:00,42.5218
2025-02-21 00:00:00,27.7566
2025-02-21 01:00:00,25.0051
2025-02-21 02:00:00,21.7669
2025-02-21 03:00:00,21.0223
2025-02-21 04:00:00,21.9076
2025-02-21 05:00:00,25.3282
2025-02-21 06:00:00,29.2055
2025-02-21 07:00:00,31.4639
2025-02-21 08:00:00,31.78
2025-02-21 09:00:00,36.6549
2025-02-21 10:00:00,42.7103
2025-02-21 11:00:00,40.9043
2025-02-21 12:00:00,30.8738
2025-02-21 13:00:00,21.7919
2025-02-21 14:00:00,19.109
2025-02-21 15:00:00,22.1935
2025-02-21 16:00:00,28.2328
2025-02-21 17:00:00,40.0362
2025-02-21 18:00:00,52.6677
2025-02-21 19:00:00,61.9782
2025-02-21 20:00:00,66.2553
2025-02-21 21:00:00,62.7545
2025-02-21 22:00:00,51.2839
2025-02-21 23:00:00,41.4464
2025-02-22 00:00:00,23.824
2025-02-22 01:00:00,20.9674
2025-02-22 02:00:00,18.7671
2025-02-22 03:00:00,17.875
2025-02-22 04:00:00,18.5911
2025-02-22 05:00:00,22.0481
2025-02-22 06:00:00,24.552
2025-02-22 07:00:00,25.8078
2025-02-22 08:00:00,26.7718
2025-02-22 09:00:00,30.7052
2025-02-22 10:00:00,34.8915
2025-02-22 11:00:00,32.4122
2025-02-22 12:00:00,24.9278
2025-02-22 13:00:00,16.7062
2025-02-22 14:00:00,14.1804
2025-02-22 15:00:00,17.1368
2025-02-22 16:00:00,23.2745
2025-02-22 17:00:00,34.7657
2025-02-22 18:00:00,43.2385
2025-02-22 19:00:00,53.3372
2025-02-22 20:00:00,58.0331
2025-02-22 21:00:00,53.3026
2025-02-22 22:00:00,44.7017
2025-02-22 23:00:00,35.9487
2025-02-23 00:00:00,24.5392
2025-02-23 01:00:00,21.0825
2025-02-23 02:00:00,18.7887
2025-02-23 03:00:00,17.6178
2025-02-23 04:00:00,18.5044
2025-02-23 05:00:00,22.2593
2025-02-23 06:00:00,24.4372
2025-02-23 07:00:00,25.8637
2025-02-23 08:00:00,26.2488
2025-02-23 09:00:00,30.2751
2025-02-23 10:00:00,34.6937
2025-02-23 11:00:00,31.6654
2025-02-23 12:00:00,25.906
2025-02-23 13:00:00,20.6473
2025-02-23 14:00:00,19.7536
2025-02-23 15:00:00,23.8325
2025-02-23 16:00:00,28.4669
2025-02-23 17:00:00,35.0839
2025-02-23 18:00:00,43.455
2025-02-23 19:00:00,53.5398
2025-02-23 20:00:00,60.1218
2025-02-23 21:00:00,53.512
2025-02-23 22:00:00,44.4338
2025-02-23 23:00:00,36.3055
2025-02-24 00:00:00,28.6737
2025-02-24 01:00:00,24.9477
2025-02-24 02:00:00,22.03
2025-02-24 03:00:00,20.9602
2025-02-24 04:00:00,22.6884
2025-02-24 05:00:00,25.3159
2025-02-24 06:00:00,29.0553
2025-02-24 07:00:00,33.7898
2025-02-24 08:00:00,39.1207
2025-02-24 09:00:00,49.1261
2025-02-24 10:00:00,53.1524
2025-02-24 11:00:00,53.5714
2025-02-24 12:00:00,43.8346
2025-02-24 13:00:00,32.7384
2025-02-24 14:00:00,28.3527
2025-02-24 15:00:00,32.1231
2025-02-24 16:00:00,35.3363
2025-02-24 17:00:00,41.4629
2025-02-24 18:00:00,52.1391
2025-02-24 19:00:00,62.3373
2025-02-24 20:00:00,68.9775
2025-02-24 21:00:00,63.1709
2025-02-24 22:00:00,53.4666
2025-02-24 23:00:00,41.8885
2025-02-25 00:00:00,28.6723
2025-02-25 01:00:00,25.6637
2025-02-25 02:00:00,22.1806
2025-02-25 03:00:00,20.3193
2025-02-25 04:00:00,21.9698
2025-02-25 05:00:00,25.0602
2025-02-25 06:00:00,29.5734
2025-02-25 07:00:00,33.6557
2025-02-25 08:00:00,39.857
2025-02-25 09:00:00,50.2371
2025-02-25 10:00:00,58.4264
2025-02-25 11:00:00,56.4336
2025-02-25 12:00:00,45.3913
2025-02-25 13:00:00,32.4944
2025-02-25 14:00:00,26.6582
2025-02-25 15:00:00,25.5422
2025-02-25 16:00:00,30.4091
2025-02-25 17:00:00,40.4885
2025-02-25 18:00:00,53.1485
2025-02-25 19:00:00,63.0
2025-02-25 20:00:00,67.5513
2025-02-25 21:00:00,63.1584
2025-02-25 22:00:00,52.9378
2025-02-25 23:00:00,43.0572
2025-02-26 00:00:00,28.168
2025-02-26 01:00:00,25.3646
2025-02-26 02:00:00,21.4732
2025-02-26 03:00:00,21.0081
2025-02-26 04:00:00,21.7689
2025-02-26 05:00:00,25.5418
2025-02-26 06:00:00,29.1263
2025-02-26 07:00:00,31.349
2025-02-26 08:00:00,31.9415
2025-02-26 09:00:00,37.7627
2025-02-26 10:00:00,41.9813
2025-02-26 11:00:00,39.1297
2025-02-26 12:00:00,31.2226
2025-02-26 13:00:00,21.133
2025-02-26 14:00:00,18.0019
2025-02-26 15:00:00,21.865
2025-02-26 16:00:00,28.2774
2025-02-26 17:00:00,40.2494
2025-02-26 18:00:00,50.7302
2025-02-26 19:00:00,63.4009
2025-02-26 20:00:00,67.0017
2025-02-26 21:00:00,63.0915
2025-02-26 22:00:00,53.2741
2025-02-26 23:00:00,41.7098
2025-02-27 00:00:00,28.7041
2025-02-27 01:00:00,24.5418
2025-02-27 02:00:00,21.973
2025-02-27 03:00:00,20.9181
2025-02-27 04:00:00,21.8487
2025-02-27 05:00:00,25.7073
2025-02-27 06:00:00,29.111
2025-02-27 07:00:00,32.799
2025-02-27 08:00:00,36.41
2025-02-27 09:00:00,39.2024
2025-02-27 10:00:00,44.4053
2025-02-27 11:00:00,40.2765
2025-02-27 12:00:00,31.6134
2025-02-27 13:00:00,22.6654
2025-02-27 14:00:00,18.3848
2025-02-27 15:00:00,21.3065
2025-02-27 16:00:00,28.394
2025-02-27 17:00:00,39.4609
2025-02-27 18:00:00,52.2019
2025-02-27 19:00:00,63.2551
2025-02-27 20:00:00,67.9459
2025-02-27 21:00:00,61.8118
2025-02-27 22:00:00,51.8958
2025-02-27 23:00:00,41.4695
2025-02-28 00:00:00,28.89
2025-02-28 01:00:00,25.4261
2025-02-28 02:00:00,22.2014
2025-02-28 03:00:00,20.2738
2025-02-28 04:00:00,22.3483
2025-02-28 05:00:00,25.7833
2025-02-28 06:00:00,28.9123
2025-02-28 07:00:00,31.0369
2025-02-28 08:00:00,31.3636
2025-02-28 09:00:00,38.7044
2025-02-28 10:00:00,43.3835
2025-02-28 11:00:00,40.0266
2025-02-28 12:00:00,32.6383
2025-02-28 13:00:00,22.2601
2025-02-28 14:00:00,18.8472
2025-02-28 15:00:00,21.3569
2025-02-28 16:00:00,28.8705
2025-02-28 17:00:00,40.106
2025-02-28 18:00:00,52.8735
2025-02-28 19:00:00,63.1089
2025-02-28 20:00:00,67.535
2025-02-28 21:00:00,64.3009
2025-02-28 22:00:00,51.4074
2025-02-28 23:00:00,40.7512
2025-03-01 00:00:00,21.5548
2025-03-01 01:00:00,19.3761
2025-03-01 02:00:00,17.0809
2025-03-01 03:00:00,15.7609
2025-03-01 04:00:00,16.9389
2025-03-01 05:00:00,19.0637
2025-03-01 06:00:00,22.2493
2025-03-01 07:00:00,23.3188
2025-03-01 08:00:00,22.6276
2025-03-01 09:00:00,27.2845
2025-03-01 10:00:00,28.3128
2025-03-01 11:00:00,26.2959
2025-03-01 12:00:00,20.192
2025-03-01 13:00:00,12.2187
2025-03-01 14:00:00,11.5145
2025-03-01 15:00:00,15.5921
2025-03-01 16:00:00,21.2671
2025-03-01 17:00:00,30.4836
2025-03-01 18:00:00,41.1181
2025-03-01 19:00:00,48.479
2025-03-01 20:00:00,51.8734
2025-03-01 21:00:00,47.2921
2025-03-01 22:00:00,41.0216
2025-03-01 23:00:00,32.2479
2025-03-02 00:00:00,21.6271
2025-03-02 01:00:00,19.2303
2025-03-02 02:00:00,17.1878
2025-03-02 03:00:00,15.7852
2025-03-02 04:00:00,16.796
2025-03-02 05:00:00,19.5263
2025-03-02 06:00:00,22.0317
2025-03-02 07:00:00,25.8684
2025-03-02 08:00:00,28.4405
2025-03-02 09:00:00,34.7836
2025-03-02 10:00:00,40.5917
2025-03-02 11:00:00,36.4454
2025-03-02 12:00:00,28.063
2025-03-02 13:00:00,26.7551
2025-03-02 14:00:00,22.2065
2025-03-02 15:00:00,22.4101
2025-03-02 16:00:00,24.144
2025-03-02 17:00:00,30.7966
2025-03-02 18:00:00,40.8005
2025-03-02 19:00:00,49.9626
2025-03-02 20:00:00,53.5894
2025-03-02 21:00:00,48.2368
2025-03-02 22:00:00,39.3992
2025-03-02 23:00:00,32.5935
2025-03-03 00:00:00,25.9818
2025-03-03 01:00:00,23.0599
2025-03-03 02:00:00,19.632
2025-03-03 03:00:00,18.9586
2025-03-03 04:00:00,20.1438
2025-03-03 05:00:00,23.8213
2025-03-03 06:00:00,26.864
2025-03-03 07:00:00,29.6905
2025-03-03 08:00:00,32.3125
2025-03-03 09:00:00,36.3779
2025-03-03 10:00:00,39.4834
2025-03-03 11:00:00,33.7474
2025-03-03 12:00:00,26.6152
2025-03-03 13:00:00,18.5868
2025-03-03 14:00:00,17.7437
2025-03-03 15:00:00,19.4306
2025-03-03 16:00:00,25.6903
2025-03-03 17:00:00,37.5314
2025-03-03 18:00:00,45.8189
2025-03-03 19:00:00,56.9662
2025-03-03 20:00:00,62.6668
2025-03-03 21:00:00,59.2261
2025-03-03 22:00:00,46.6928
2025-03-03 23:00:00,37.9775
2025-03-04 00:00:00,26.1073
2025-03-04 01:00:00,23.0144
2025-03-04 02:00:00,19.4444
2025-03-04 03:00:00,19.0563
2025-03-04 04:00:00,20.4792
2025-03-04 05:00:00,21.9059
2025-03-04 06:00:00,26.4875
2025-03-04 07:00:00,27.1027
2025-03-04 08:00:00,27.8195
2025-03-04 09:00:00,32.3485
2025-03-04 10:00:00,36.8975
2025-03-04 11:00:00,34.452
2025-03-04 12:00:00,25.5719
2025-03-04 13:00:00,17.6675
2025-03-04 14:00:00,14.2376
2025-03-04 15:00:00,18.4105
2025-03-04 16:00:00,27.2088
2025-03-04 17:00:00,36.5287
2025-03-04 18:00:00,46.9641
2025-03-04 19:00:00,56.7727
2025-03-04 20:00:00,61.457
2025-03-04 21:00:00,56.9512
2025-03-04 22:00:00,48.0126
2025-03-04 23:00:00,37.7655
2025-03-05 00:00:00,25.4428
2025-03-05 01:00:00,22.6435
2025-03-05 02:00:00,20.5628
2025-03-05 03:00:00,18.8639
2025-03-05 04:00:00,19.66
2025-03-05 05:00:00,22.9901
2025-03-05 06:00:00,26.7566
2025-03-05 07:00:00,26.2604
2025-03-05 08:00:00,27.1168
2025-03-05 09:00:00,31.3044
2025-03-05 10:00:00,37.0709
2025-03-05 11:00:00,33.355
2025-03-05 12:00:00,24.671
2025-03-05 13:00:00,17.6991
2025-03-05 14:00:00,14.7952
2025-03-05 15:00:00,17.6824
2025-03-05 16:00:00,25.4874
2025-03-05 17:00:00,35.6015
2025-03-05 18:00:00,46.3696
2025-03-05 19:00:00,57.9148
2025-03-05 20:00:00,61.73
2025-03-05 21:00:00,56.6396
2025-03-05 22:00:00,46.406
2025-03-05 23:00:00,37.897
2025-03-06 00:00:00,25.4291
2025-03-06 01:00:00,22.7571
2025-03-06 02:00:00,19.9868
2025-03-06 03:00:00,18.929
2025-03-06 04:00:00,19.9213
2025-03-06 05:00:00,23.1086
2025-03-06 06:00:00,26.874
2025-03-06 07:00:00,27.526
2025-03-06 08:00:00,26.7343
2025-03-06 09:00:00,31.1359
2025-03-06 10:00:00,37.5952
2025-03-06 11:00:00,34.8204
2025-03-06 12:00:00,27.0722
2025-03-06 13:00:00,17.9839
2025-03-06 14:00:00,15.1081
2025-03-06 15:00:00,18.715
2025-03-06 16:00:00,25.4689
2025-03-06 17:00:00,36.7526
2025-03-06 18:00:00,47.2747
2025-03-06 19:00:00,58.34
2025-03-06 20:00:00,62.1078
2025-03-06 21:00:00,58.1222
2025-03-06 22:00:00,47.1124
2025-03-06 23:00:00,38.7284
2025-03-07 00:00:00,25.9577
2025-03-07 01:00:00,23.5925
2025-03-07 02:00:00,20.5606
2025-03-07 03:00:00,19.104
2025-03-07 04:00:00,19.9973
2025-03-07 05:00:00,22.1403
2025-03-07 06:00:00,26.3252
2025-03-07 07:00:00,26.9365
2025-03-07 08:00:00,27.8792
2025-03-07 09:00:00,32.0257
2025-03-07 10:00:00,38.1894
2025-03-07 11:00:00,34.9594
2025-03-07 12:00:00,27.0753
2025-03-07 13:00:00,18.125
2025-03-07 14:00:00,15.9409
2025-03-07 15:00:00,18.7556
2025-03-07 16:00:00,25.7839
2025-03-07 17:00:00,36.364
2025-03-07 18:00:00,46.5084
2025-03-07 19:00:00,57.8579
2025-03-07 20:00:00,62.6508
2025-03-07 21:00:00,55.7149
2025-03-07 22:00:00,48.1198
2025-03-07 23:00:00,37.7525
2025-03-08 00:00:00,21.6692
2025-03-08 01:00:00,19.1425
2025-03-08 02:00:00,16.8548
2025-03-08 03:00:00,15.9949
2025-03-08 04:00:00,17.1278
2025-03-08 05:00:00,18.7777
2025-03-08 06:00:00,22.2065
2025-03-08 07:00:00,22.1907
2025-03-08 08:00:00,22.1417
2025-03-08 09:00:00,25.167
2025-03-08 10:00:00,31.2371
2025-03-08 11:00:00,28.555
2025-03-08 12:00:00,20.0056
2025-03-08 13:00:00,13.6679
2025-03-08 14:00:00,11.5895
2025-03-08 15:00:00,14.6146
2025-03-08 16:00:00,21.4116
2025-03-08 17:00:00,30.6797
2025-03-08 18:00:00,40.1414
2025-03-08 19:00:00,49.3656
2025-03-08 20:00:00,52.7109
2025-03-08 21:00:00,49.254
2025-03-08 22:00:00,40.5347
2025-03-08 23:00:00,32.7062
2025-03-09 00:00:00,21.5808
2025-03-09 01:00:00,19.2452
2025-03-09 02:00:00,17.0504
2025-03-09 03:00:00,16.4353
2025-03-09 04:00:00,17.1613
2025-03-09 05:00:00,19.2237
2025-03-09 06:00:00,22.2569
2025-03-09 07:00:00,22.9238
2025-03-09 08:00:00,22.5967
2025-03-09 09:00:00,26.7224
2025-03-09 10:00:00,28.906
2025-03-09 11:00:00,28.4972
2025-03-09 12:00:00,21.7394
2025-03-09 13:00:00,14.2471
2025-03-09 14:00:00,12.0804
2025-03-09 15:00:00,15.3107
2025-03-09 16:00:00,21.3351
2025-03-09 17:00:00,31.1709
2025-03-09 18:00:00,40.1727
2025-03-09 19:00:00,49.0856
2025-03-09 20:00:00,53.4408
2025-03-09 21:00:00,49.385
2025-03-09 22:00:00,40.9215
2025-03-09 23:00:00,32.3052
2025-03-10 00:00:00,25.9238
2025-03-10 01:00:00,22.1705
2025-03-10 02:00:00,19.7142
2025-03-10 03:00:00,18.8945
2025-03-10 04:00:00,20.2561
2025-03-10 05:00:00,22.9945
2025-03-10 06:00:00,27.0569
2025-03-10 07:00:00,27.5033
2025-03-10 08:00:00,28.926
2025-03-10 09:00:00,36.3476
2025-03-10 10:00:00,40.1739
2025-03-10 11:00:00,41.1391
2025-03-10 12:00:00,34.3177
2025-03-10 13:00:00,30.8005
2025-03-10 14:00:00,26.4849
2025-03-10 15:00:00,26.3925
2025-03-10 16:00:00,31.5847
2025-03-10 17:00:00,38.4425
2025-03-10 18:00:00,47.468
2025-03-10 19:00:00,57.7919
2025-03-10 20:00:00,61.9132
2025-03-10 21:00:00,57.3259
2025-03-10 22:00:00,47.7585
2025-03-10 23:00:00,37.4331
2025-03-11 00:00:00,26.3836
2025-03-11 01:00:00,22.3767
2025-03-11 02:00:00,19.963
2025-03-11 03:00:00,19.1337
2025-03-11 04:00:00,19.4338
2025-03-11 05:00:00,23.2108
2025-03-11 06:00:00,25.8311
2025-03-11 07:00:00,28.92
2025-03-11 08:00:00,32.7183
2025-03-11 09:00:00,40.4743
2025-03-11 10:00:00,45.8179
2025-03-11 11:00:00,43.3973
2025-03-11 12:00:00,37.4169
2025-03-11 13:00:00,29.5339
2025-03-11 14:00:00,27.3036
2025-03-11 15:00:00,27.2063
2025-03-11 16:00:00,30.9507
2025-03-11 17:00:00,37.944
2025-03-11 18:00:00,46.6517
2025-03-11 19:00:00,57.8182
2025-03-11 20:00:00,60.6351
2025-03-11 21:00:00,57.1109
2025-03-11 22:00:00,47.342
2025-03-11 23:00:00,38.2624
2025-03-12 00:00:00,25.1862
2025-03-12 01:00:00,23.2694
2025-03-12 02:00:00,19.4304
2025-03-12 03:00:00,18.5208
2025-03-12 04:00:00,20.5123
2025-03-12 05:00:00,23.2698
2025-03-12 06:00:00,26.3552
2025-03-12 07:00:00,27.8013
2025-03-12 08:00:00,28.1751
2025-03-12 09:00:00,33.5978
2025-03-12 10:00:00,39.3118
2025-03-12 11:00:00,38.2869
2025-03-12 12:00:00,29.6145
2025-03-12 13:00:00,21.6149
2025-03-12 14:00:00,16.8299
2025-03-12 15:00:00,19.6318
2025-03-12 16:00:00,25.5273
2025-03-12 17:00:00,36.2522
2025-03-12 18:00:00,47.3704
2025-03-12 19:00:00,58.3253
2025-03-12 20:00:00,62.6072
2025-03-12 21:00:00,56.9011
2025-03-12 22:00:00,47.775
2025-03-12 23:00:00,36.8894
2025-03-13 00:00:00,25.6284
2025-03-13 01:00:00,22.3643
2025-03-13 02:00:00,20.1615
2025-03-13 03:00:00,18.602
2025-03-13 04:00:00,20.0201
2025-03-13 05:00:00,22.9955
2025-03-13 06:00:00,25.6194
2025-03-13 07:00:00,27.0252
2025-03-13 08:00:00,26.839
2025-03-13 09:00:00,31.0232
2025-03-13 10:00:00,35.4225
2025-03-13 11:00:00,36.1312
2025-03-13 12:00:00,25.4991
2025-03-13 13:00:00,17.2914
2025-03-13 14:00:00,14.3979
2025-03-13 15:00:00,17.0315
2025-03-13 16:00:00,24.516
2025-03-13 17:00:00,35.1087
2025-03-13 18:00:00,46.0027
2025-03-13 19:00:00,57.0551
2025-03-13 20:00:00,61.6077
2025-03-13 21:00:00,57.3101
2025-03-13 22:00:00,47.4035
2025-03-13 23:00:00,38.4938
2025-03-14 00:00:00,25.8464
2025-03-14 01:00:00,22.1811
2025-03-14 02:00:00,20.1173
2025-03-14 03:00:00,18.6742
2025-03-14 04:00:00,19.7401
2025-03-14 05:00:00,22.7878
2025-03-14 06:00:00,25.8801
2025-03-14 07:00:00,28.3607
2025-03-14 08:00:00,33.3621
2025-03-14 09:00:00,42.6221
2025-03-14 10:00:00,49.6093
2025-03-14 11:00:00,46.703
2025-03-14 12:00:00,43.0367
2025-03-14 13:00:00,34.9636
2025-03-14 14:00:00,29.7757
2025-03-14 15:00:00,24.4897
2025-03-14 16:00:00,26.9109
2025-03-14 17:00:00,35.8598
2025-03-14 18:00:00,46.9472
2025-03-14 19:00:00,54.7686
2025-03-14 20:00:00,62.8824
2025-03-14 21:00:00,57.3136
2025-03-14 22:00:00,48.2556
2025-03-14 23:00:00,38.474
2025-03-15 00:00:00,22.2039
2025-03-15 01:00:00,19.3686
2025-03-15 02:00:00,17.411
2025-03-15 03:00:00,16.3132
2025-03-15 04:00:00,16.9356
2025-03-15 05:00:00,19.9026
2025-03-15 06:00:00,22.5897
2025-03-15 07:00:00,24.8078
2025-03-15 08:00:00,28.5315
2025-03-15 09:00:00,33.3348
2025-03-15 10:00:00,35.6132
2025-03-15 11:00:00,31.0238
2025-03-15 12:00:00,23.5572
2025-03-15 13:00:00,13.8011
2025-03-15 14:00:00,11.9212
2025-03-15 15:00:00,15.1098
2025-03-15 16:00:00,20.9546
2025-03-15 17:00:00,31.7795
2025-03-15 18:00:00,40.3625
2025-03-15 19:00:00,47.5879
2025-03-15 20:00:00,53.6874
2025-03-15 21:00:00,49.6649
2025-03-15 22:00:00,40.6378
2025-03-15 23:00:00,31.6006
2025-03-16 00:00:00,22.0476
2025-03-16 01:00:00,19.5549
2025-03-16 02:00:00,16.4159
2025-03-16 03:00:00,16.33
2025-03-16 04:00:00,17.067
2025-03-16 05:00:00,19.0923
2025-03-16 06:00:00,22.3142
2025-03-16 07:00:00,23.5667
2025-03-16 08:00:00,29.04
2025-03-16 09:00:00,36.0898
2025-03-16 10:00:00,43.9531
2025-03-16 11:00:00,43.2943
2025-03-16 12:00:00,35.3438
2025-03-16 13:00:00,28.7682
2025-03-16 14:00:00,27.0263
2025-03-16 15:00:00,25.6447
2025-03-16 16:00:00,26.8526
2025-03-16 17:00:00,31.6781
2025-03-16 18:00:00,39.9044
2025-03-16 19:00:00,48.6701
2025-03-16 20:00:00,53.0017
2025-03-16 21:00:00,47.7945
2025-03-16 22:00:00,40.8413
2025-03-16 23:00:00,31.7158
2025-03-17 00:00:00,25.5856
2025-03-17 01:00:00,23.0416
2025-03-17 02:00:00,20.7509
2025-03-17 03:00:00,19.2103
2025-03-17 04:00:00,19.4049
2025-03-17 05:00:00,22.9414
2025-03-17 06:00:00,26.0886
2025-03-17 07:00:00,25.4944
2025-03-17 08:00:00,26.0921
2025-03-17 09:00:00,32.1455
2025-03-17 10:00:00,34.1066
2025-03-17 11:00:00,33.97
2025-03-17 12:00:00,25.0122
2025-03-17 13:00:00,19.3828
2025-03-17 14:00:00,14.4029
2025-03-17 15:00:00,17.4652
2025-03-17 16:00:00,25.0302
2025-03-17 17:00:00,36.9492
2025-03-17 18:00:00,46.4417
2025-03-17 19:00:00,57.2445
2025-03-17 20:00:00,61.3824
2025-03-17 21:00:00,57.115
2025-03-17 22:00:00,48.0688
2025-03-17 23:00:00,38.7806
2025-03-18 00:00:00,25.1544
2025-03-18 01:00:00,22.5895
2025-03-18 02:00:00,20.4423
2025-03-18 03:00:00,19.1626
2025-03-18 04:00:00,20.0167
2025-03-18 05:00:00,22.7787
2025-03-18 06:00:00,25.4046
2025-03-18 07:00:00,25.7358
2025-03-18 08:00:00,26.4009
2025-03-18 09:00:00,31.995
2025-03-18 10:00:00,35.9907
2025-03-18 11:00:00,35.3074
2025-03-18 12:00:00,28.259
2025-03-18 13:00:00,18.9128
2025-03-18 14:00:00,15.4125
2025-03-18 15:00:00,17.4695
2025-03-18 16:00:00,25.057
2025-03-18 17:00:00,35.9472
2025-03-18 18:00:00,45.8544
2025-03-18 19:00:00,56.2922
2025-03-18 20:00:00,62.1799
2025-03-18 21:00:00,56.9742
2025-03-18 22:00:00,47.8375
2025-03-18 23:00:00,37.8222
2025-03-19 00:00:00,24.8684
2025-03-19 01:00:00,22.7944
2025-03-19 02:00:00,19.9903
2025-03-19 03:00:00,18.6905
2025-03-19 04:00:00,19.7256
2025-03-19 05:00:00,22.7555
2025-03-19 06:00:00,26.365
2025-03-19 07:00:00,28.5666
2025-03-19 08:00:00,29.6937
2025-03-19 09:00:00,34.4602
2025-03-19 10:00:00,39.7022
2025-03-19 11:00:00,36.6365
2025-03-19 12:00:00,35.0232
2025-03-19 13:00:00,31.3742
2025-03-19 14:00:00,27.2284
2025-03-19 15:00:00,28.9749
2025-03-19 16:00:00,31.039
2025-03-19 17:00:00,37.3437
2025-03-19 18:00:00,47.9596
2025-03-19 19:00:00,56.7973
2025-03-19 20:00:00,63.4321
2025-03-19 21:00:00,57.1372
2025-03-19 22:00:00,47.3005
2025-03-19 23:00:00,38.1363
2025-03-20 00:00:00,25.1935
2025-03-20 01:00:00,22.8726
2025-03-20 02:00:00,20.0046
2025-03-20 03:00:00,18.1596
2025-03-20 04:00:00,20.1911
2025-03-20 05:00:00,22.622
2025-03-20 06:00:00,25.6713
2025-03-20 07:00:00,26.0053
2025-03-20 08:00:00,27.0029
2025-03-20 09:00:00,32.455
2025-03-20 10:00:00,36.5247
2025-03-20 11:00:00,35.7965
2025-03-20 12:00:00,26.9748
2025-03-20 13:00:00,19.3117
2025-03-20 14:00:00,15.0808
2025-03-20 15:00:00,18.2487
2025-03-20 16:00:00,25.4607
2025-03-20 17:00:00,35.8153
2025-03-20 18:00:00,46.1535
2025-03-20 19:00:00,57.5223
2025-03-20 20:00:00,62.0097
2025-03-20 21:00:00,57.4193
2025-03-20 22:00:00,47.2997
2025-03-20 23:00:00,38.0928
2025-03-21 00:00:00,25.7022
2025-03-21 01:00:00,22.7969
2025-03-21 02:00:00,20.1461
2025-03-21 03:00:00,19.1825
2025-03-21 04:00:00,19.748
2025-03-21 05:00:00,21.8853
2025-03-21 06:00:00,26.1156
2025-03-21 07:00:00,30.1698
2025-03-21 08:00:00,36.5283
2025-03-21 09:00:00,46.695
2025-03-21 10:00:00,54.7203
2025-03-21 11:00:00,55.7785
2025-03-21 12:00:00,46.7336
2025-03-21 13:00:00,37.8491
2025-03-21 14:00:00,32.2286
2025-03-21 15:00:00,30.833
2025-03-21 16:00:00,33.0844
2025-03-21 17:00:00,39.1441
2025-03-21 18:00:00,47.0218
2025-03-21 19:00:00,56.9836
2025-03-21 20:00:00,61.7074
2025-03-21 21:00:00,57.0281
2025-03-21 22:00:00,48.0481
2025-03-21 23:00:00,38.8204
2025-03-22 00:00:00,22.6371
2025-03-22 01:00:00,19.5632
2025-03-22 02:00:00,16.6849
2025-03-22 03:00:00,15.9773
2025-03-22 04:00:00,17.1712
2025-03-22 05:00:00,19.3223
2025-03-22 06:00:00,22.438
2025-03-22 07:00:00,23.0822
2025-03-22 08:00:00,24.5763
2025-03-22 09:00:00,27.3198
2025-03-22 10:00:00,29.7231
2025-03-22 11:00:00,28.1441
2025-03-22 12:00:00,22.4683
2025-03-22 13:00:00,17.286
2025-03-22 14:00:00,19.4581
2025-03-22 15:00:00,22.5706
2025-03-22 16:00:00,26.4269
2025-03-22 17:00:00,32.172
2025-03-22 18:00:00,39.606
2025-03-22 19:00:00,49.8865
2025-03-22 20:00:00,52.3864
2025-03-22 21:00:00,48.0228
2025-03-22 22:00:00,40.069
2025-03-22 23:00:00,32.8411
2025-03-23 00:00:00,22.0537
2025-03-23 01:00:00,19.4505
2025-03-23 02:00:00,17.3042
2025-03-23 03:00:00,16.1894
2025-03-23 04:00:00,16.7486
2025-03-23 05:00:00,19.4244
2025-03-23 06:00:00,22.1859
2025-03-23 07:00:00,21.771
2025-03-23 08:00:00,21.0955
2025-03-23 09:00:00,24.6977
2025-03-23 10:00:00,29.6272
2025-03-23 11:00:00,28.9161
2025-03-23 12:00:00,20.0486
2025-03-23 13:00:00,13.1997
2025-03-23 14:00:00,13.1938
2025-03-23 15:00:00,14.7982
2025-03-23 16:00:00,21.1695
2025-03-23 17:00:00,30.8594
2025-03-23 18:00:00,39.5576
2025-03-23 19:00:00,49.0465
2025-03-23 20:00:00,51.7047
2025-03-23 21:00:00,49.6549
2025-03-23 22:00:00,40.505
2025-03-23 23:00:00,31.4249
2025-03-24 00:00:00,25.2395
2025-03-24 01:00:00,22.42
2025-03-24 02:00:00,19.5044
2025-03-24 03:00:00,18.8862
2025-03-24 04:00:00,20.2672
2025-03-24 05:00:00,23.1178
2025-03-24 06:00:00,25.6404
2025-03-24 07:00:00,24.9172
2025-03-24 08:00:00,24.9403
2025-03-24 09:00:00,29.9936
2025-03-24 10:00:00,35.4806
2025-03-24 11:00:00,33.4879
2025-03-24 12:00:00,23.5745
2025-03-24 13:00:00,16.4101
2025-03-24 14:00:00,14.6834
2025-03-24 15:00:00,16.8551
2025-03-24 16:00:00,24.8427
2025-03-24 17:00:00,35.2909
2025-03-24 18:00:00,48.092
2025-03-24 19:00:00,57.5879
2025-03-24 20:00:00,61.8272
2025-03-24 21:00:00,55.7764
2025-03-24 22:00:00,47.9721
2025-03-24 23:00:00,37.4853
2025-03-25 00:00:00,25.3352
2025-03-25 01:00:00,22.318
2025-03-25 02:00:00,20.4109
2025-03-25 03:00:00,19.1636
2025-03-25 04:00:00,19.9323
2025-03-25 05:00:00,22.6476
2025-03-25 06:00:00,25.871
2025-03-25 07:00:00,25.1933
2025-03-25 08:00:00,27.6379
2025-03-25 09:00:00,30.5262
2025-03-25 10:00:00,36.4922
2025-03-25 11:00:00,33.8951
2025-03-25 12:00:00,25.9726
2025-03-25 13:00:00,17.5696
2025-03-25 14:00:00,15.4086
2025-03-25 15:00:00,18.7277
2025-03-25 16:00:00,24.1804
2025-03-25 17:00:00,35.6122
2025-03-25 18:00:00,47.1471
2025-03-25 19:00:00,56.9213
2025-03-25 20:00:00,61.8523
2025-03-25 21:00:00,56.3269
2025-03-25 22:00:00,47.1267
2025-03-25 23:00:00,38.1077
2025-03-26 00:00:00,25.974
2025-03-26 01:00:00,23.2263
2025-03-26 02:00:00,19.8067
2025-03-26 03:00:00,18.8359
2025-03-26 04:00:00,20.1413
2025-03-26 05:00:00,22.9674
2025-03-26 06:00:00,26.9305
2025-03-26 07:00:00,29.4445
2025-03-26 08:00:00,33.9357
2025-03-26 09:00:00,42.8962
2025-03-26 10:00:00,45.9734
2025-03-26 11:00:00,43.8989
2025-03-26 12:00:00,32.1642
2025-03-26 13:00:00,19.5381
2025-03-26 14:00:00,16.9475
2025-03-26 15:00:00,22.0348
2025-03-26 16:00:00,29.1365
2025-03-26 17:00:00,37.1759
2025-03-26 18:00:00,47.5545
2025-03-26 19:00:00,58.1771
2025-03-26 20:00:00,62.4344
2025-03-26 21:00:00,56.7578
2025-03-26 22:00:00,47.2277
2025-03-26 23:00:00,38.0278
2025-03-27 00:00:00,24.8823
2025-03-27 01:00:00,23.0957
2025-03-27 02:00:00,20.0719
2025-03-27 03:00:00,18.9752
2025-03-27 04:00:00,19.2832
2025-03-27 05:00:00,23.2067
2025-03-27 06:00:00,26.4362
2025-03-27 07:00:00,27.415
2025-03-27 08:00:00,27.5012
2025-03-27 09:00:00,32.4335
2025-03-27 10:00:00,39.9026
2025-03-27 11:00:00,42.8707
2025-03-27 12:00:00,37.9928
2025-03-27 13:00:00,30.6932
2025-03-27 14:00:00,26.3026
2025-03-27 15:00:00,27.7972
2025-03-27 16:00:00,31.583
2025-03-27 17:00:00,37.2495
2025-03-27 18:00:00,46.9171
2025-03-27 19:00:00,57.6979
2025-03-27 20:00:00,62.7553
2025-03-27 21:00:00,57.7888
2025-03-27 22:00:00,46.5422
2025-03-27 23:00:00,38.0356
2025-03-28 00:00:00,26.3339
2025-03-28 01:00:00,22.8294
2025-03-28 02:00:00,19.6713
2025-03-28 03:00:00,18.8218
2025-03-28 04:00:00,19.8336
2025-03-28 05:00:00,22.6298
2025-03-28 06:00:00,25.9158
2025-03-28 07:00:00,26.524
2025-03-28 08:00:00,26.9307
2025-03-28 09:00:00,33.1471
2025-03-28 10:00:00,39.2501
2025-03-28 11:00:00,36.9156
2025-03-28 12:00:00,27.3236
2025-03-28 13:00:00,19.3412
2025-03-28 14:00:00,16.9763
2025-03-28 15:00:00,20.0115
2025-03-28 16:00:00,26.8624
2025-03-28 17:00:00,36.8293
2025-03-28 18:00:00,47.6743
2025-03-28 19:00:00,57.59
2025-03-28 20:00:00,61.8011
2025-03-28 21:00:00,57.1129
2025-03-28 22:00:00,46.8348
2025-03-28 23:00:00,38.2967
2025-03-29 00:00:00,21.6629
2025-03-29 01:00:00,19.1725
2025-03-29 02:00:00,16.7891
2025-03-29 03:00:00,15.812
2025-03-29 04:00:00,16.6603
2025-03-29 05:00:00,19.2177
2025-03-29 06:00:00,22.5866
2025-03-29 07:00:00,24.1187
2025-03-29 08:00:00,25.5203
2025-03-29 09:00:00,29.7577
2025-03-29 10:00:00,29.9225
2025-03-29 11:00:00,28.8914
2025-03-29 12:00:00,24.4492
2025-03-29 13:00:00,19.5047
2025-03-29 14:00:00,16.9306
2025-03-29 15:00:00,13.9247
2025-03-29 16:00:00,20.7497
2025-03-29 17:00:00,30.6156
2025-03-29 18:00:00,40.415
2025-03-29 19:00:00,49.1229
2025-03-29 20:00:00,52.228
2025-03-29 21:00:00,48.1871
2025-03-29 22:00:00,39.4203
2025-03-29 23:00:00,32.082
2025-03-30 00:00:00,22.0131
2025-03-30 01:00:00,19.3706
2025-03-30 02:00:00,16.9269
2025-03-30 03:00:00,15.874
2025-03-30 04:00:00,17.2902
2025-03-30 05:00:00,19.2363
2025-03-30 06:00:00,21.9721
2025-03-30 07:00:00,20.5422
2025-03-30 08:00:00,20.4708
2025-03-30 09:00:00,25.471
2025-03-30 10:00:00,28.289
2025-03-30 11:00:00,26.0408
2025-03-30 12:00:00,20.0743
2025-03-30 13:00:00,12.617
2025-03-30 14:00:00,12.0829
2025-03-30 15:00:00,15.9378
2025-03-30 16:00:00,22.669
2025-03-30 17:00:00,31.1031
2025-03-30 18:00:00,40.702
2025-03-30 19:00:00,49.7469
2025-03-30 20:00:00,51.8441
2025-03-30 21:00:00,48.8083
2025-03-30 22:00:00,40.4123
2025-03-30 23:00:00,32.5517
2025-03-31 00:00:00,25.4979
2025-03-31 01:00:00,22.8031
2025-03-31 02:00:00,20.1552
2025-03-31 03:00:00,18.9044
2025-03-31 04:00:00,19.9412
2025-03-31 05:00:00,22.7038
2025-03-31 06:00:00,26.5896
2025-03-31 07:00:00,24.8266
2025-03-31 08:00:00,27.68
2025-03-31 09:00:00,31.6973
2025-03-31 10:00:00,36.7599
2025-03-31 11:00:00,35.3634
2025-03-31 12:00:00,26.2541
2025-03-31 13:00:00,19.0569
2025-03-31 14:00:00,16.4428
2025-03-31 15:00:00,18.857
2025-03-31 16:00:00,25.0782
2025-03-31 17:00:00,35.4122
2025-03-31 18:00:00,46.7117
2025-03-31 19:00:00,57.5867
2025-03-31 20:00:00,62.4221
2025-03-31 21:00:00,57.2017
2025-03-31 22:00:00,46.9757
2025-03-31 23:00:00,38.3724
2025-04-01 00:00:00,23.965
2025-04-01 01:00:00,21.4415
2025-04-01 02:00:00,18.4084
2025-04-01 03:00:00,18.1264
2025-04-01 04:00:00,18.1965
2025-04-01 05:00:00,21.6701
2025-04-01 06:00:00,24.1471
2025-04-01 07:00:00,25.0409
2025-04-01 08:00:00,26.6722
2025-04-01 09:00:00,31.5729
2025-04-01 10:00:00,35.0439
2025-04-01 11:00:00,36.1436
2025-04-01 12:00:00,29.5436
2025-04-01 13:00:00,19.726
2025-04-01 14:00:00,19.2223
2025-04-01 15:00:00,19.4833
2025-04-01 16:00:00,25.3325
2025-04-01 17:00:00,33.5275
2025-04-01 18:00:00,45.2523
2025-04-01 19:00:00,53.6973
2025-04-01 20:00:00,58.6351
2025-04-01 21:00:00,54.2233
2025-04-01 22:00:00,45.3914
2025-04-01 23:00:00,36.9677
2025-04-02 00:00:00,24.3455
2025-04-02 01:00:00,21.412
2025-04-02 02:00:00,18.9096
2025-04-02 03:00:00,18.0677
2025-04-02 04:00:00,19.0235
2025-04-02 05:00:00,21.4439
2025-04-02 06:00:00,24.0465
2025-04-02 07:00:00,24.0536
2025-04-02 08:00:00,24.0471
2025-04-02 09:00:00,30.4848
2025-04-02 10:00:00,35.6474
2025-04-02 11:00:00,33.3717
2025-04-02 12:00:00,27.1611
2025-04-02 13:00:00,18.8741
2025-04-02 14:00:00,18.8089
2025-04-02 15:00:00,17.5195
2025-04-02 16:00:00,23.986
2025-04-02 17:00:00,34.1144
2025-04-02 18:00:00,44.7071
2025-04-02 19:00:00,54.804
2025-04-02 20:00:00,58.7528
2025-04-02 21:00:00,54.9034
2025-04-02 22:00:00,43.9246
2025-04-02 23:00:00,36.4589
2025-04-03 00:00:00,24.295
2025-04-03 01:00:00,21.0545
2025-04-03 02:00:00,19.2002
2025-04-03 03:00:00,17.8621
2025-04-03 04:00:00,18.6527
2025-04-03 05:00:00,21.6955
2025-04-03 06:00:00,24.1666
2025-04-03 07:00:00,26.3752
2025-04-03 08:00:00,31.0579
2025-04-03 09:00:00,32.2008
2025-04-03 10:00:00,41.3752
2025-04-03 11:00:00,33.8864
2025-04-03 12:00:00,24.1364
2025-04-03 13:00:00,16.8909
2025-04-03 14:00:00,13.7929
2025-04-03 15:00:00,16.9872
2025-04-03 16:00:00,23.3267
2025-04-03 17:00:00,33.7754
2025-04-03 18:00:00,45.0165
2025-04-03 19:00:00,54.1237
2025-04-03 20:00:00,58.7422
2025-04-03 21:00:00,53.9936
2025-04-03 22:00:00,45.0609
2025-04-03 23:00:00,35.1816
2025-04-04 00:00:00,24.6152
2025-04-04 01:00:00,21.5312
2025-04-04 02:00:00,19.1819
2025-04-04 03:00:00,17.7907
2025-04-04 04:00:00,19.3648
2025-04-04 05:00:00,21.3023
2025-04-04 06:00:00,24.5861
2025-04-04 07:00:00,23.2024
2025-04-04 08:00:00,23.9109
2025-04-04 09:00:00,28.9776
2025-04-04 10:00:00,34.342
2025-04-04 11:00:00,30.7949
2025-04-04 12:00:00,23.9935
2025-04-04 13:00:00,16.7681
2025-04-04 14:00:00,14.2903
2025-04-04 15:00:00,17.268
2025-04-04 16:00:00,24.3283
2025-04-04 17:00:00,33.6165
2025-04-04 18:00:00,45.6643
2025-04-04 19:00:00,54.8107
2025-04-04 20:00:00,57.6325
2025-04-04 21:00:00,53.7038
2025-04-04 22:00:00,44.0826
2025-04-04 23:00:00,35.5622
2025-04-05 00:00:00,20.6174
2025-04-05 01:00:00,18.1119
2025-04-05 02:00:00,16.2485
2025-04-05 03:00:00,15.072
2025-04-05 04:00:00,16.1469
2025-04-05 05:00:00,18.6047
2025-04-05 06:00:00,21.2385
2025-04-05 07:00:00,20.1271
2025-04-05 08:00:00,19.8634
2025-04-05 09:00:00,23.436
2025-04-05 10:00:00,26.5157
2025-04-05 11:00:00,26.1309
2025-04-05 12:00:00,18.6357
2025-04-05 13:00:00,11.8236
2025-04-05 14:00:00,11.1464
2025-04-05 15:00:00,16.1609
2025-04-05 16:00:00,22.0222
2025-04-05 17:00:00,30.0874
2025-04-05 18:00:00,37.2154
2025-04-05 19:00:00,45.9607
2025-04-05 20:00:00,49.9049
2025-04-05 21:00:00,46.959
2025-04-05 22:00:00,37.3303
2025-04-05 23:00:00,30.7702
2025-04-06 00:00:00,21.3463
2025-04-06 01:00:00,18.3972
2025-04-06 02:00:00,16.0556
2025-04-06 03:00:00,15.2129
2025-04-06 04:00:00,16.2334
2025-04-06 05:00:00,18.4066
2025-04-06 06:00:00,20.7928
2025-04-06 07:00:00,20.1186
2025-04-06 08:00:00,20.0302
2025-04-06 09:00:00,24.2663
2025-04-06 10:00:00,27.7735
2025-04-06 11:00:00,24.8246
2025-04-06 12:00:00,17.7814
2025-04-06 13:00:00,12.9731
2025-04-06 14:00:00,10.7888
2025-04-06 15:00:00,12.6748
2025-04-06 16:00:00,19.8597
2025-04-06 17:00:00,28.7943
2025-04-06 18:00:00,38.3401
2025-04-06 19:00:00,46.5745
2025-04-06 20:00:00,50.8289
2025-04-06 21:00:00,46.0316
2025-04-06 22:00:00,38.1901
2025-04-06 23:00:00,30.9685
2025-04-07 00:00:00,24.5947
2025-04-07 01:00:00,21.8633
2025-04-07 02:00:00,18.8326
2025-04-07 03:00:00,18.174
2025-04-07 04:00:00,18.6444
2025-04-07 05:00:00,22.0651
2025-04-07 06:00:00,24.3447
2025-04-07 07:00:00,23.5201
2025-04-07 08:00:00,25.4254
2025-04-07 09:00:00,29.6075
2025-04-07 10:00:00,35.4233
2025-04-07 11:00:00,33.1338
2025-04-07 12:00:00,26.5751
2025-04-07 13:00:00,18.3757
2025-04-07 14:00:00,15.6168
2025-04-07 15:00:00,17.4896
2025-04-07 16:00:00,23.7349
2025-04-07 17:00:00,33.1771
2025-04-07 18:00:00,44.8109
2025-04-07 19:00:00,55.0963
2025-04-07 20:00:00,59.3057
2025-04-07 21:00:00,54.4379
2025-04-07 22:00:00,43.9058
2025-04-07 23:00:00,36.8395
2025-04-08 00:00:00,23.4701
2025-04-08 01:00:00,21.3532
2025-04-08 02:00:00,18.9611
2025-04-08 03:00:00,18.229
2025-04-08 04:00:00,19.1483
2025-04-08 05:00:00,21.8318
2025-04-08 06:00:00,24.5026
2025-04-08 07:00:00,24.7033
2025-04-08 08:00:00,27.2588
2025-04-08 09:00:00,32.9689
2025-04-08 10:00:00,39.5367
2025-04-08 11:00:00,37.6025
2025-04-08 12:00:00,27.4548
2025-04-08 13:00:00,18.2488
2025-04-08 14:00:00,18.9365
2025-04-08 15:00:00,19.9329
2025-04-08 16:00:00,26.5377
2025-04-08 17:00:00,35.7458
2025-04-08 18:00:00,44.4765
2025-04-08 19:00:00,53.9218
2025-04-08 20:00:00,57.9005
2025-04-08 21:00:00,53.2836
2025-04-08 22:00:00,43.6779
2025-04-08 23:00:00,35.9006
2025-04-09 00:00:00,24.3632
2025-04-09 01:00:00,21.6415
2025-04-09 02:00:00,18.9804
2025-04-09 03:00:00,17.5463
2025-04-09 04:00:00,19.2175
2025-04-09 05:00:00,21.9206
2025-04-09 06:00:00,24.7019
2025-04-09 07:00:00,29.2273
2025-04-09 08:00:00,34.3224
2025-04-09 09:00:00,44.8087
2025-04-09 10:00:00,51.7257
2025-04-09 11:00:00,50.8838
2025-04-09 12:00:00,43.6164
2025-04-09 13:00:00,34.9419
2025-04-09 14:00:00,29.9569
2025-04-09 15:00:00,27.7144
2025-04-09 16:00:00,28.2116
2025-04-09 17:00:00,35.93
2025-04-09 18:00:00,45.179
2025-04-09 19:00:00,54.2446
2025-04-09 20:00:00,59.2773
2025-04-09 21:00:00,53.4333
2025-04-09 22:00:00,44.4871
2025-04-09 23:00:00,35.7445
2025-04-10 00:00:00,24.0928
2025-04-10 01:00:00,21.6007
2025-04-10 02:00:00,19.1791
2025-04-10 03:00:00,17.9659
2025-04-10 04:00:00,18.785
2025-04-10 05:00:00,21.6179
2025-04-10 06:00:00,24.2997
2025-04-10 07:00:00,23.8495
2025-04-10 08:00:00,24.3211
2025-04-10 09:00:00,29.2609
2025-04-10 10:00:00,33.7706
2025-04-10 11:00:00,33.7568
2025-04-10 12:00:00,23.4397
2025-04-10 13:00:00,19.8196
2025-04-10 14:00:00,24.89
2025-04-10 15:00:00,20.2606
2025-04-10 16:00:00,23.7514
2025-04-10 17:00:00,34.0594
2025-04-10 18:00:00,45.1898
2025-04-10 19:00:00,53.8389
2025-04-10 20:00:00,58.9532
2025-04-10 21:00:00,54.6135
2025-04-10 22:00:00,44.5705
2025-04-10 23:00:00,35.9273
2025-04-11 00:00:00,24.0609
2025-04-11 01:00:00,21.5137
2025-04-11 02:00:00,18.8311
2025-04-11 03:00:00,17.5213
2025-04-11 04:00:00,18.7829
2025-04-11 05:00:00,21.6426
2025-04-11 06:00:00,24.6911
2025-04-11 07:00:00,24.5876
2025-04-11 08:00:00,27.1249
2025-04-11 09:00:00,34.7783
2025-04-11 10:00:00,43.3794
2025-04-11 11:00:00,41.8942
2025-04-11 12:00:00,32.1919
2025-04-11 13:00:00,26.2534
2025-04-11 14:00:00,25.2606
2025-04-11 15:00:00,27.0981
2025-04-11 16:00:00,28.7903
2025-04-11 17:00:00,35.653
2025-04-11 18:00:00,43.9732
2025-04-11 19:00:00,55.9688
2025-04-11 20:00:00,58.4588
2025-04-11 21:00:00,53.4418
2025-04-11 22:00:00,45.1489
2025-04-11 23:00:00,36.5089
2025-04-12 00:00:00,20.5197
2025-04-12 01:00:00,18.116
2025-04-12 02:00:00,15.7359
2025-04-12 03:00:00,14.8536
2025-04-12 04:00:00,16.5622
2025-04-12 05:00:00,18.5087
2025-04-12 06:00:00,20.4446
2025-04-12 07:00:00,19.4288
2025-04-12 08:00:00,19.5496
2025-04-12 09:00:00,23.0191
2025-04-12 10:00:00,26.675
2025-04-12 11:00:00,25.8981
2025-04-12 12:00:00,19.3724
2025-04-12 13:00:00,13.0406
2025-04-12 14:00:00,11.8311
2025-04-12 15:00:00,13.429
2025-04-12 16:00:00,20.9589
2025-04-12 17:00:00,29.0451
2025-04-12 18:00:00,37.519
2025-04-12 19:00:00,45.9158
2025-04-12 20:00:00,49.1362
2025-04-12 21:00:00,45.3605
2025-04-12 22:00:00,37.3372
2025-04-12 23:00:00,30.264
2025-04-13 00:00:00,20.6379
2025-04-13 01:00:00,18.2597
2025-04-13 02:00:00,15.6345
2025-04-13 03:00:00,15.3599
2025-04-13 04:00:00,16.1819
2025-04-13 05:00:00,18.4675
2025-04-13 06:00:00,20.114
2025-04-13 07:00:00,18.9529
2025-04-13 08:00:00,18.8946
2025-04-13 09:00:00,21.9889
2025-04-13 10:00:00,24.2506
2025-04-13 11:00:00,24.495
2025-04-13 12:00:00,18.1999
2025-04-13 13:00:00,10.8952
2025-04-13 14:00:00,9.7829
2025-04-13 15:00:00,12.0279
2025-04-13 16:00:00,18.9482
2025-04-13 17:00:00,28.4616
2025-04-13 18:00:00,37.898
2025-04-13 19:00:00,47.4122
2025-04-13 20:00:00,49.4734
2025-04-13 21:00:00,47.5284
2025-04-13 22:00:00,37.3422
2025-04-13 23:00:00,30.4683
2025-04-14 00:00:00,24.1334
2025-04-14 01:00:00,21.2593
2025-04-14 02:00:00,19.0663
2025-04-14 03:00:00,18.181
2025-04-14 04:00:00,18.322
2025-04-14 05:00:00,21.0835
2025-04-14 06:00:00,24.6757
2025-04-14 07:00:00,23.1868
2025-04-14 08:00:00,24.7428
2025-04-14 09:00:00,28.3988
2025-04-14 10:00:00,34.6271
2025-04-14 11:00:00,32.7214
2025-04-14 12:00:00,25.1742
2025-04-14 13:00:00,17.6735
2025-04-14 14:00:00,15.2671
2025-04-14 15:00:00,16.8608
2025-04-14 16:00:00,24.1792
2025-04-14 17:00:00,33.3338
2025-04-14 18:00:00,44.584
2025-04-14 19:00:00,53.3669
2025-04-14 20:00:00,58.4073
2025-04-14 21:00:00,54.5505
2025-04-14 22:00:00,43.9484
2025-04-14 23:00:00,36.9356
2025-04-15 00:00:00,24.5922
2025-04-15 01:00:00,21.5124
2025-04-15 02:00:00,18.2988
2025-04-15 03:00:00,17.7926
2025-04-15 04:00:00,19.1453
2025-04-15 05:00:00,21.9727
2025-04-15 06:00:00,24.3194
2025-04-15 07:00:00,24.2686
2025-04-15 08:00:00,24.4478
2025-04-15 09:00:00,29.3146
2025-04-15 10:00:00,35.768
2025-04-15 11:00:00,33.1463
2025-04-15 12:00:00,26.3323
2025-04-15 13:00:00,18.28
2025-04-15 14:00:00,15.0238
2025-04-15 15:00:00,18.2034
2025-04-15 16:00:00,24.6538
2025-04-15 17:00:00,33.1389
2025-04-15 18:00:00,45.8359
2025-04-15 19:00:00,55.3443
2025-04-15 20:00:00,57.3418
2025-04-15 21:00:00,53.0987
2025-04-15 22:00:00,45.07
2025-04-15 23:00:00,36.1406
2025-04-16 00:00:00,24.373
2025-04-16 01:00:00,21.8324
2025-04-16 02:00:00,18.8032
2025-04-16 03:00:00,17.7521
2025-04-16 04:00:00,19.4461
2025-04-16 05:00:00,21.6002
2025-04-16 06:00:00,24.1019
2025-04-16 07:00:00,23.2874
2025-04-16 08:00:00,24.9004
2025-04-16 09:00:00,30.5916
2025-04-16 10:00:00,34.71
2025-04-16 11:00:00,33.4431
2025-04-16 12:00:00,25.5717
2025-04-16 13:00:00,18.321
2025-04-16 14:00:00,16.5684
2025-04-16 15:00:00,18.0721
2025-04-16 16:00:00,24.712
2025-04-16 17:00:00,33.7025
2025-04-16 18:00:00,44.3828
2025-04-16 19:00:00,54.1692
2025-04-16 20:00:00,58.446
2025-04-16 21:00:00,53.5317
2025-04-16 22:00:00,44.8617
2025-04-16 23:00:00,35.3495
2025-04-17 00:00:00,24.3787
2025-04-17 01:00:00,21.182
2025-04-17 02:00:00,18.9278
2025-04-17 03:00:00,18.164
2025-04-17 04:00:00,19.2031
2025-04-17 05:00:00,21.7856
2025-04-17 06:00:00,23.5785
2025-04-17 07:00:00,23.5006
2025-04-17 08:00:00,25.1239
2025-04-17 09:00:00,30.3213
2025-04-17 10:00:00,35.4419
2025-04-17 11:00:00,33.3623
2025-04-17 12:00:00,26.2087
2025-04-17 13:00:00,18.0251
2025-04-17 14:00:00,15.8459
2025-04-17 15:00:00,18.5773
2025-04-17 16:00:00,25.1783
2025-04-17 17:00:00,33.9394
2025-04-17 18:00:00,43.9642
2025-04-17 19:00:00,54.5958
2025-04-17 20:00:00,58.9886
2025-04-17 21:00:00,53.5884
2025-04-17 22:00:00,45.4863
2025-04-17 23:00:00,36.6281
2025-04-18 00:00:00,23.7913
2025-04-18 01:00:00,21.4857
2025-04-18 02:00:00,19.1468
2025-04-18 03:00:00,17.7038
2025-04-18 04:00:00,18.8708
2025-04-18 05:00:00,21.151
2025-04-18 06:00:00,24.3162
2025-04-18 07:00:00,24.0102
2025-04-18 08:00:00,26.0605
2025-04-18 09:00:00,34.7311
2025-04-18 10:00:00,37.4586
2025-04-18 11:00:00,35.5046
2025-04-18 12:00:00,25.9378
2025-04-18 13:00:00,18.4039
2025-04-18 14:00:00,18.615
2025-04-18 15:00:00,19.8357
2025-04-18 16:00:00,25.8084
2025-04-18 17:00:00,32.8561
2025-04-18 18:00:00,45.2951
2025-04-18 19:00:00,55.3973
2025-04-18 20:00:00,58.2016
2025-04-18 21:00:00,53.4444
2025-04-18 22:00:00,44.425
2025-04-18 23:00:00,36.8496
2025-04-19 00:00:00,21.0148
2025-04-19 01:00:00,18.2813
2025-04-19 02:00:00,16.3231
2025-04-19 03:00:00,15.3926
2025-04-19 04:00:00,16.2388
2025-04-19 05:00:00,19.3124
2025-04-19 06:00:00,20.8301
2025-04-19 07:00:00,24.2444
2025-04-19 08:00:00,28.9696
2025-04-19 09:00:00,34.6291
2025-04-19 10:00:00,39.2635
2025-04-19 11:00:00,38.3698
2025-04-19 12:00:00,24.9748
2025-04-19 13:00:00,14.8066
2025-04-19 14:00:00,12.2123
2025-04-19 15:00:00,13.6971
2025-04-19 16:00:00,20.2795
2025-04-19 17:00:00,28.2843
2025-04-19 18:00:00,38.0664
2025-04-19 19:00:00,45.9513
2025-04-19 20:00:00,50.4025
2025-04-19 21:00:00,46.464
2025-04-19 22:00:00,39.3216
2025-04-19 23:00:00,32.0876
2025-04-20 00:00:00,20.6215
2025-04-20 01:00:00,18.3605
2025-04-20 02:00:00,16.1324
2025-04-20 03:00:00,15.4658
2025-04-20 04:00:00,16.5041
2025-04-20 05:00:00,17.9466
2025-04-20 06:00:00,19.3615
2025-04-20 07:00:00,18.7675
2025-04-20 08:00:00,19.1658
2025-04-20 09:00:00,22.1789
2025-04-20 10:00:00,26.0055
2025-04-20 11:00:00,23.4107
2025-04-20 12:00:00,19.1212
2025-04-20 13:00:00,14.8026
2025-04-20 14:00:00,11.4254
2025-04-20 15:00:00,12.8538
2025-04-20 16:00:00,19.9427
2025-04-20 17:00:00,28.9547
2025-04-20 18:00:00,37.7833
2025-04-20 19:00:00,47.6115
2025-04-20 20:00:00,49.9415
2025-04-20 21:00:00,45.1169
2025-04-20 22:00:00,37.9945
2025-04-20 23:00:00,30.2497
2025-04-21 00:00:00,23.7065
2025-04-21 01:00:00,21.5326
2025-04-21 02:00:00,18.7323
2025-04-21 03:00:00,17.9131
2025-04-21 04:00:00,18.5485
2025-04-21 05:00:00,21.3301
2025-04-21 06:00:00,23.5099
2025-04-21 07:00:00,22.8828
2025-04-21 08:00:00,23.4996
2025-04-21 09:00:00,28.952
2025-04-21 10:00:00,33.8056
2025-04-21 11:00:00,33.167
2025-04-21 12:00:00,25.6063
2025-04-21 13:00:00,18.142
2025-04-21 14:00:00,15.8688
2025-04-21 15:00:00,17.4846
2025-04-21 16:00:00,24.5107
2025-04-21 17:00:00,33.4038
2025-04-21 18:00:00,44.1997
2025-04-21 19:00:00,54.148
2025-04-21 20:00:00,57.1597
2025-04-21 21:00:00,53.0006
2025-04-21 22:00:00,44.908
2025-04-21 23:00:00,36.0413
2025-04-22 00:00:00,24.6666
2025-04-22 01:00:00,21.6826
2025-04-22 02:00:00,18.5512
2025-04-22 03:00:00,17.6647
2025-04-22 04:00:00,18.6986
2025-04-22 05:00:00,21.8265
2025-04-22 06:00:00,23.6867
2025-04-22 07:00:00,23.6249
2025-04-22 08:00:00,26.4093
2025-04-22 09:00:00,31.9181
2025-04-22 10:00:00,38.6265
2025-04-22 11:00:00,35.747
2025-04-22 12:00:00,30.1086
2025-04-22 13:00:00,25.536
2025-04-22 14:00:00,22.3207
2025-04-22 15:00:00,24.0484
2025-04-22 16:00:00,27.6857
2025-04-22 17:00:00,32.7475
2025-04-22 18:00:00,43.5494
2025-04-22 19:00:00,54.5904
2025-04-22 20:00:00,59.4211
2025-04-22 21:00:00,54.3276
2025-04-22 22:00:00,44.7773
2025-04-22 23:00:00,35.3725
2025-04-23 00:00:00,23.7266
2025-04-23 01:00:00,21.3063
2025-04-23 02:00:00,18.7647
2025-04-23 03:00:00,17.6267
2025-04-23 04:00:00,18.7209
2025-04-23 05:00:00,21.2606
2025-04-23 06:00:00,23.1369
2025-04-23 07:00:00,22.8013
2025-04-23 08:00:00,24.4729
2025-04-23 09:00:00,28.6226
2025-04-23 10:00:00,34.7078
2025-04-23 11:00:00,32.9343
2025-04-23 12:00:00,25.1881
2025-04-23 13:00:00,17.1652
2025-04-23 14:00:00,16.9484
2025-04-23 15:00:00,17.9423
2025-04-23 16:00:00,24.8189
2025-04-23 17:00:00,34.1696
2025-04-23 18:00:00,44.9915
2025-04-23 19:00:00,55.274
2025-04-23 20:00:00,57.338
2025-04-23 21:00:00,54.8877
2025-04-23 22:00:00,44.199
2025-04-23 23:00:00,35.9579
2025-04-24 00:00:00,24.3489
2025-04-24 01:00:00,21.2153
2025-04-24 02:00:00,19.0656
2025-04-24 03:00:00,17.8536
2025-04-24 04:00:00,19.1374
2025-04-24 05:00:00,21.2321
2025-04-24 06:00:00,23.3771
2025-04-24 07:00:00,23.9734
2025-04-24 08:00:00,25.9432
2025-04-24 09:00:00,28.6756
2025-04-24 10:00:00,35.8046
2025-04-24 11:00:00,34.2067
2025-04-24 12:00:00,27.9444
2025-04-24 13:00:00,19.168
2025-04-24 14:00:00,17.7085
2025-04-24 15:00:00,20.7649
2025-04-24 16:00:00,27.3829
2025-04-24 17:00:00,33.9235
2025-04-24 18:00:00,44.5299
2025-04-24 19:00:00,53.6028
2025-04-24 20:00:00,58.3417
2025-04-24 21:00:00,53.7815
2025-04-24 22:00:00,45.2158
2025-04-24 23:00:00,36.2591
2025-04-25 00:00:00,24.4677
2025-04-25 01:00:00,21.502
2025-04-25 02:00:00,18.6498
2025-04-25 03:00:00,17.7273
2025-04-25 04:00:00,18.8564
2025-04-25 05:00:00,21.3475
2025-04-25 06:00:00,23.5692
2025-04-25 07:00:00,23.0274
2025-04-25 08:00:00,24.4054
2025-04-25 09:00:00,29.632
2025-04-25 10:00:00,34.3029
2025-04-25 11:00:00,34.0185
2025-04-25 12:00:00,27.2904
2025-04-25 13:00:00,19.0901
2025-04-25 14:00:00,17.2166
2025-04-25 15:00:00,19.6766
2025-04-25 16:00:00,24.49
2025-04-25 17:00:00,33.9264
2025-04-25 18:00:00,44.4971
2025-04-25 19:00:00,54.1627
2025-04-25 20:00:00,58.6955
2025-04-25 21:00:00,53.2553
2025-04-25 22:00:00,43.9795
2025-04-25 23:00:00,36.5499
2025-04-26 00:00:00,21.1269
2025-04-26 01:00:00,18.4766
2025-04-26 02:00:00,15.9376
2025-04-26 03:00:00,15.2902
2025-04-26 04:00:00,16.3891
2025-04-26 05:00:00,18.4276
2025-04-26 06:00:00,19.9117
2025-04-26 07:00:00,18.7751
2025-04-26 08:00:00,18.6522
2025-04-26 09:00:00,22.0721
2025-04-26 10:00:00,26.8853
2025-04-26 11:00:00,26.1888
2025-04-26 12:00:00,18.1719
2025-04-26 13:00:00,13.9996
2025-04-26 14:00:00,11.0463
2025-04-26 15:00:00,14.5289
2025-04-26 16:00:00,21.4703
2025-04-26 17:00:00,28.3549
2025-04-26 18:00:00,36.7485
2025-04-26 19:00:00,46.6976
2025-04-26 20:00:00,50.3766
2025-04-26 21:00:00,46.089
2025-04-26 22:00:00,38.1621
2025-04-26 23:00:00,31.3415
2025-04-27 00:00:00,20.9073
2025-04-27 01:00:00,18.5494
2025-04-27 02:00:00,16.0609
2025-04-27 03:00:00,15.6542
2025-04-27 04:00:00,16.1986
2025-04-27 05:00:00,18.3718
2025-04-27 06:00:00,20.5754
2025-04-27 07:00:00,18.9997
2025-04-27 08:00:00,19.2856
2025-04-27 09:00:00,24.166
2025-04-27 10:00:00,29.0268
2025-04-27 11:00:00,25.903
2025-04-27 12:00:00,19.7771
2025-04-27 13:00:00,13.2916
2025-04-27 14:00:00,10.9151
2025-04-27 15:00:00,13.5927
2025-04-27 16:00:00,20.4688
2025-04-27 17:00:00,29.0777
2025-04-27 18:00:00,37.764
2025-04-27 19:00:00,47.3078
2025-04-27 20:00:00,50.5458
2025-04-27 21:00:00,46.2789
2025-04-27 22:00:00,37.7057
2025-04-27 23:00:00,30.7525
2025-04-28 00:00:00,24.7147
2025-04-28 01:00:00,21.5616
2025-04-28 02:00:00,18.7384
2025-04-28 03:00:00,17.6161
2025-04-28 04:00:00,18.5192
2025-04-28 05:00:00,21.871
2025-04-28 06:00:00,23.4421
2025-04-28 07:00:00,24.3814
2025-04-28 08:00:00,26.1179
2025-04-28 09:00:00,32.2734
2025-04-28 10:00:00,35.0392
2025-04-28 11:00:00,34.3657
2025-04-28 12:00:00,26.7963
2025-04-28 13:00:00,22.4641
2025-04-28 14:00:00,16.685
2025-04-28 15:00:00,18.4635
2025-04-28 16:00:00,24.0441
2025-04-28 17:00:00,34.2503
2025-04-28 18:00:00,45.1607
2025-04-28 19:00:00,54.971
2025-04-28 20:00:00,58.8246
2025-04-28 21:00:00,54.4669
2025-04-28 22:00:00,44.6196
2025-04-28 23:00:00,35.7474
2025-04-29 00:00:00,24.6811
2025-04-29 01:00:00,21.4804
2025-04-29 02:00:00,18.9998
2025-04-29 03:00:00,17.9856
2025-04-29 04:00:00,19.0885
2025-04-29 05:00:00,21.9157
2025-04-29 06:00:00,23.9091
2025-04-29 07:00:00,24.0781
2025-04-29 08:00:00,26.1228
2025-04-29 09:00:00,31.3993
2025-04-29 10:00:00,38.0821
2025-04-29 11:00:00,37.7413
2025-04-29 12:00:00,31.7392
2025-04-29 13:00:00,26.0947
2025-04-29 14:00:00,26.4956
2025-04-29 15:00:00,28.7318
2025-04-29 16:00:00,27.6461
2025-04-29 17:00:00,33.5558
2025-04-29 18:00:00,45.6697
2025-04-29 19:00:00,53.8241
2025-04-29 20:00:00,58.161
2025-04-29 21:00:00,54.6827
2025-04-29 22:00:00,45.2528
2025-04-29 23:00:00,36.1912
2025-04-30 00:00:00,23.4486
2025-04-30 01:00:00,20.9711
2025-04-30 02:00:00,18.8053
2025-04-30 03:00:00,17.8762
2025-04-30 04:00:00,18.9824
2025-04-30 05:00:00,21.7061
2025-04-30 06:00:00,24.4477
2025-04-30 07:00:00,28.4024
2025-04-30 08:00:00,33.3401
2025-04-30 09:00:00,42.2698
2025-04-30 10:00:00,48.4143
2025-04-30 11:00:00,46.6486
2025-04-30 12:00:00,35.6233
2025-04-30 13:00:00,25.8512
2025-04-30 14:00:00,22.6798
2025-04-30 15:00:00,21.6325
2025-04-30 16:00:00,26.4166
2025-04-30 17:00:00,33.8619
2025-04-30 18:00:00,44.0909
2025-04-30 19:00:00,54.3517
2025-04-30 20:00:00,57.8903
2025-04-30 21:00:00,53.81
2025-04-30 22:00:00,44.7547
2025-04-30 23:00:00,36.6374
2025-05-01 00:00:00,24.4231
2025-05-01 01:00:00,21.8375
2025-05-01 02:00:00,19.6094
2025-05-01 03:00:00,18.2107
2025-05-01 04:00:00,19.9189
2025-05-01 05:00:00,21.5327
2025-05-01 06:00:00,24.6162
2025-05-01 07:00:00,26.3008
2025-05-01 08:00:00,27.3961
2025-05-01 09:00:00,37.1569
2025-05-01 10:00:00,44.4122
2025-05-01 11:00:00,43.7205
2025-05-01 12:00:00,36.2439
2025-05-01 13:00:00,24.5992
2025-05-01 14:00:00,19.1886
2025-05-01 15:00:00,22.5953
2025-05-01 16:00:00,26.4354
2025-05-01 17:00:00,34.7639
2025-05-01 18:00:00,47.4092
2025-05-01 19:00:00,55.5487
2025-05-01 20:00:00,59.5571
2025-05-01 21:00:00,55.2952
2025-05-01 22:00:00,46.2131
2025-05-01 23:00:00,37.1308
2025-05-02 00:00:00,24.1853
2025-05-02 01:00:00,21.5672
2025-05-02 02:00:00,19.309
2025-05-02 03:00:00,18.5553
2025-05-02 04:00:00,19.3443
2025-05-02 05:00:00,22.3026
2025-05-02 06:00:00,24.0939
2025-05-02 07:00:00,23.2229
2025-05-02 08:00:00,25.2104
2025-05-02 09:00:00,29.4581
2025-05-02 10:00:00,35.5399
2025-05-02 11:00:00,34.6001
2025-05-02 12:00:00,27.2348
2025-05-02 13:00:00,19.3895
2025-05-02 14:00:00,15.3597
2025-05-02 15:00:00,17.7131
2025-05-02 16:00:00,25.1489
2025-05-02 17:00:00,35.5071
2025-05-02 18:00:00,45.0921
2025-05-02 19:00:00,54.8668
2025-05-02 20:00:00,60.7353
2025-05-02 21:00:00,56.8991
2025-05-02 22:00:00,45.6424
2025-05-02 23:00:00,36.6415
2025-05-03 00:00:00,21.5104
2025-05-03 01:00:00,18.668
2025-05-03 02:00:00,16.3864
2025-05-03 03:00:00,15.6488
2025-05-03 04:00:00,16.4781
2025-05-03 05:00:00,19.283
2025-05-03 06:00:00,19.9434
2025-05-03 07:00:00,19.4468
2025-05-03 08:00:00,21.2436
2025-05-03 09:00:00,25.0995
2025-05-03 10:00:00,32.3039
2025-05-03 11:00:00,30.8641
2025-05-03 12:00:00,27.2545
2025-05-03 13:00:00,19.9806
2025-05-03 14:00:00,19.7905
2025-05-03 15:00:00,20.4853
2025-05-03 16:00:00,20.8716
2025-05-03 17:00:00,29.2131
2025-05-03 18:00:00,38.146
2025-05-03 19:00:00,46.7281
2025-05-03 20:00:00,52.2592
2025-05-03 21:00:00,46.8863
2025-05-03 22:00:00,39.8585
2025-05-03 23:00:00,32.216
2025-05-04 00:00:00,20.7839
2025-05-04 01:00:00,19.0367
2025-05-04 02:00:00,16.8095
2025-05-04 03:00:00,15.5475
2025-05-04 04:00:00,16.4317
2025-05-04 05:00:00,18.9947
2025-05-04 06:00:00,20.9194
2025-05-04 07:00:00,21.555
2025-05-04 08:00:00,24.5168
2025-05-04 09:00:00,29.6056
2025-05-04 10:00:00,36.3401
2025-05-04 11:00:00,37.0391
2025-05-04 12:00:00,29.448
2025-05-04 13:00:00,21.0511
2025-05-04 14:00:00,20.169
2025-05-04 15:00:00,22.055
2025-05-04 16:00:00,26.5036
2025-05-04 17:00:00,30.6051
2025-05-04 18:00:00,39.5042
2025-05-04 19:00:00,48.8489
2025-05-04 20:00:00,49.4262
2025-05-04 21:00:00,47.1281
2025-05-04 22:00:00,38.9934
2025-05-04 23:00:00,31.4692
2025-05-05 00:00:00,24.2869
2025-05-05 01:00:00,21.8717
2025-05-05 02:00:00,19.7057
2025-05-05 03:00:00,17.9919
2025-05-05 04:00:00,19.7481
2025-05-05 05:00:00,21.6817
2025-05-05 06:00:00,25.1952
2025-05-05 07:00:00,28.6569
2025-05-05 08:00:00,34.5246
2025-05-05 09:00:00,44.623
2025-05-05 10:00:00,51.3967
2025-05-05 11:00:00,50.164
2025-05-05 12:00:00,38.5906
2025-05-05 13:00:00,28.0086
2025-05-05 14:00:00,22.1235
2025-05-05 15:00:00,26.9555
2025-05-05 16:00:00,30.1482
2025-05-05 17:00:00,36.4861
2025-05-05 18:00:00,45.8932
2025-05-05 19:00:00,55.0738
2025-05-05 20:00:00,59.3653
2025-05-05 21:00:00,56.3498
2025-05-05 22:00:00,46.1271
2025-05-05 23:00:00,37.2165
2025-05-06 00:00:00,24.653
2025-05-06 01:00:00,22.5969
2025-05-06 02:00:00,19.9433
2025-05-06 03:00:00,18.1931
2025-05-06 04:00:00,19.5238
2025-05-06 05:00:00,22.075
2025-05-06 06:00:00,24.0385
2025-05-06 07:00:00,23.0574
2025-05-06 08:00:00,24.3466
2025-05-06 09:00:00,29.852
2025-05-06 10:00:00,34.7249
2025-05-06 11:00:00,34.1728
2025-05-06 12:00:00,26.6062
2025-05-06 13:00:00,18.1113
2025-05-06 14:00:00,15.6637
2025-05-06 15:00:00,18.6263
2025-05-06 16:00:00,25.2272
2025-05-06 17:00:00,34.5437
2025-05-06 18:00:00,44.9998
2025-05-06 19:00:00,55.1933
2025-05-06 20:00:00,60.303
2025-05-06 21:00:00,55.3813
2025-05-06 22:00:00,44.8612
2025-05-06 23:00:00,36.0808
2025-05-07 00:00:00,24.7604
2025-05-07 01:00:00,21.9186
2025-05-07 02:00:00,18.9972
2025-05-07 03:00:00,18.3231
2025-05-07 04:00:00,19.7381
2025-05-07 05:00:00,22.051
2025-05-07 06:00:00,24.1059
2025-05-07 07:00:00,22.6284
2025-05-07 08:00:00,25.4092
2025-05-07 09:00:00,30.5209
2025-05-07 10:00:00,36.6217
2025-05-07 11:00:00,34.7192
2025-05-07 12:00:00,26.3922
2025-05-07 13:00:00,19.2862
2025-05-07 14:00:00,17.0175
2025-05-07 15:00:00,19.2422
2025-05-07 16:00:00,25.186
2025-05-07 17:00:00,34.5135
2025-05-07 18:00:00,44.4797
2025-05-07 19:00:00,55.2589
2025-05-07 20:00:00,58.8897
2025-05-07 21:00:00,56.2783
2025-05-07 22:00:00,46.1111
2025-05-07 23:00:00,36.9814
2025-05-08 00:00:00,25.0078
2025-05-08 01:00:00,22.0804
2025-05-08 02:00:00,19.1169
2025-05-08 03:00:00,18.6776
2025-05-08 04:00:00,19.0601
2025-05-08 05:00:00,22.4056
2025-05-08 06:00:00,23.7094
2025-05-08 07:00:00,24.4068
2025-05-08 08:00:00,26.2194
2025-05-08 09:00:00,30.1718
2025-05-08 10:00:00,36.9292
2025-05-08 11:00:00,36.4079
2025-05-08 12:00:00,27.0115
2025-05-08 13:00:00,18.0168
2025-05-08 14:00:00,16.9955
2025-05-08 15:00:00,18.6695
2025-05-08 16:00:00,25.3042
2025-05-08 17:00:00,34.3834
2025-05-08 18:00:00,45.3139
2025-05-08 19:00:00,56.328
2025-05-08 20:00:00,59.9627
2025-05-08 21:00:00,56.41
2025-05-08 22:00:00,46.0397
2025-05-08 23:00:00,37.5196
2025-05-09 00:00:00,25.019
2025-05-09 01:00:00,22.0061
2025-05-09 02:00:00,19.6362
2025-05-09 03:00:00,18.2902
2025-05-09 04:00:00,19.3101
2025-05-09 05:00:00,21.9281
2025-05-09 06:00:00,23.7104
2025-05-09 07:00:00,23.6026
2025-05-09 08:00:00,24.2811
2025-05-09 09:00:00,30.452
2025-05-09 10:00:00,35.0434
2025-05-09 11:00:00,37.1009
2025-05-09 12:00:00,27.108
2025-05-09 13:00:00,20.2317
2025-05-09 14:00:00,16.3216
2025-05-09 15:00:00,19.3071
2025-05-09 16:00:00,25.2992
2025-05-09 17:00:00,35.1017
2025-05-09 18:00:00,45.7514
2025-05-09 19:00:00,54.8423
2025-05-09 20:00:00,60.9179
2025-05-09 21:00:00,54.1586
2025-05-09 22:00:00,46.3957
2025-05-09 23:00:00,36.7582
2025-05-10 00:00:00,21.1925
2025-05-10 01:00:00,18.7361
2025-05-10 02:00:00,16.3798
2025-05-10 03:00:00,15.332
2025-05-10 04:00:00,16.6489
2025-05-10 05:00:00,18.5993
2025-05-10 06:00:00,20.1317
2025-05-10 07:00:00,19.4256
2025-05-10 08:00:00,20.6312
2025-05-10 09:00:00,23.6981
2025-05-10 10:00:00,29.5121
2025-05-10 11:00:00,30.8522
2025-05-10 12:00:00,28.2192
2025-05-10 13:00:00,17.0979
2025-05-10 14:00:00,13.7128
2025-05-10 15:00:00,14.9902
2025-05-10 16:00:00,20.1335
2025-05-10 17:00:00,28.7401
2025-05-10 18:00:00,38.0668
2025-05-10 19:00:00,46.929
2025-05-10 20:00:00,50.353
2025-05-10 21:00:00,47.109
2025-05-10 22:00:00,38.601
2025-05-10 23:00:00,31.2315
2025-05-11 00:00:00,21.5281
2025-05-11 01:00:00,18.7778
2025-05-11 02:00:00,16.4303
2025-05-11 03:00:00,15.2406
2025-05-11 04:00:00,16.6411
2025-05-11 05:00:00,18.5921
2025-05-11 06:00:00,20.2995
2025-05-11 07:00:00,19.3794
2025-05-11 08:00:00,20.6128
2025-05-11 09:00:00,25.1462
2025-05-11 10:00:00,28.18
2025-05-11 11:00:00,26.4873
2025-05-11 12:00:00,20.1294
2025-05-11 13:00:00,13.2588
2025-05-11 14:00:00,11.7958
2025-05-11 15:00:00,14.4283
2025-05-11 16:00:00,19.1248
2025-05-11 17:00:00,29.3628
2025-05-11 18:00:00,38.6608
2025-05-11 19:00:00,46.8825
2025-05-11 20:00:00,51.338
2025-05-11 21:00:00,47.1013
2025-05-11 22:00:00,39.8458
2025-05-11 23:00:00,31.3286
2025-05-12 00:00:00,24.8627
2025-05-12 01:00:00,22.3758
2025-05-12 02:00:00,19.6846
2025-05-12 03:00:00,18.0987
2025-05-12 04:00:00,19.4753
2025-05-12 05:00:00,21.8333
2025-05-12 06:00:00,23.9935
2025-05-12 07:00:00,22.8425
2025-05-12 08:00:00,25.7642
2025-05-12 09:00:00,30.3851
2025-05-12 10:00:00,36.4144
2025-05-12 11:00:00,35.7906
2025-05-12 12:00:00,27.1191
2025-05-12 13:00:00,20.2084
2025-05-12 14:00:00,16.7919
2025-05-12 15:00:00,19.8693
2025-05-12 16:00:00,25.8178
2025-05-12 17:00:00,35.0943
2025-05-12 18:00:00,45.132
2025-05-12 19:00:00,54.689
2025-05-12 20:00:00,60.1339
2025-05-12 21:00:00,55.2887
2025-05-12 22:00:00,46.0168
2025-05-12 23:00:00,37.2612
2025-05-13 00:00:00,24.5621
2025-05-13 01:00:00,21.9244
2025-05-13 02:00:00,19.2588
2025-05-13 03:00:00,18.9813
2025-05-13 04:00:00,18.9798
2025-05-13 05:00:00,21.0091
2025-05-13 06:00:00,23.5306
2025-05-13 07:00:00,25.7842
2025-05-13 08:00:00,28.5866
2025-05-13 09:00:00,36.7821
2025-05-13 10:00:00,44.2233
2025-05-13 11:00:00,43.8401
2025-05-13 12:00:00,33.6627
2025-05-13 13:00:00,29.7531
2025-05-13 14:00:00,28.7772
2025-05-13 15:00:00,27.0372
2025-05-13 16:00:00,29.8382
2025-05-13 17:00:00,36.6676
2025-05-13 18:00:00,45.543
2025-05-13 19:00:00,55.9294
2025-05-13 20:00:00,59.1167
2025-05-13 21:00:00,55.6645
2025-05-13 22:00:00,45.7556
2025-05-13 23:00:00,35.9266
2025-05-14 00:00:00,24.8294
2025-05-14 01:00:00,22.7438
2025-05-14 02:00:00,18.9835
2025-05-14 03:00:00,18.3534
2025-05-14 04:00:00,19.0378
2025-05-14 05:00:00,22.1471
2025-05-14 06:00:00,24.6404
2025-05-14 07:00:00,28.5484
2025-05-14 08:00:00,30.7734
2025-05-14 09:00:00,41.8888
2025-05-14 10:00:00,48.7913
2025-05-14 11:00:00,47.737
2025-05-14 12:00:00,41.5399
2025-05-14 13:00:00,33.7984
2025-05-14 14:00:00,25.1851
2025-05-14 15:00:00,25.6171
2025-05-14 16:00:00,27.1938
2025-05-14 17:00:00,34.9667
2025-05-14 18:00:00,45.7883
2025-05-14 19:00:00,54.3138
2025-05-14 20:00:00,61.0662
2025-05-14 21:00:00,55.0985
2025-05-14 22:00:00,45.4286
2025-05-14 23:00:00,37.6497
2025-05-15 00:00:00,25.1724
2025-05-15 01:00:00,21.6564
2025-05-15 02:00:00,19.4574
2025-05-15 03:00:00,18.3628
2025-05-15 04:00:00,19.165
2025-05-15 05:00:00,22.1765
2025-05-15 06:00:00,25.2317
2025-05-15 07:00:00,28.5113
2025-05-15 08:00:00,34.8704
2025-05-15 09:00:00,43.6777
2025-05-15 10:00:00,48.7996
2025-05-15 11:00:00,46.8044
2025-05-15 12:00:00,39.403
2025-05-15 13:00:00,29.3561
2025-05-15 14:00:00,29.1844
2025-05-15 15:00:00,28.179
2025-05-15 16:00:00,30.8901
2025-05-15 17:00:00,36.7738
2025-05-15 18:00:00,44.9374
2025-05-15 19:00:00,55.3134
2025-05-15 20:00:00,59.566
2025-05-15 21:00:00,55.9116
2025-05-15 22:00:00,45.1665
2025-05-15 23:00:00,37.299
2025-05-16 00:00:00,24.4133
2025-05-16 01:00:00,22.0431
2025-05-16 02:00:00,19.7815
2025-05-16 03:00:00,18.2763
2025-05-16 04:00:00,18.943
2025-05-16 05:00:00,21.7291
2025-05-16 06:00:00,25.4505
2025-05-16 07:00:00,28.5414
2025-05-16 08:00:00,34.1445
2025-05-16 09:00:00,44.659
2025-05-16 10:00:00,49.1991
2025-05-16 11:00:00,46.5541
2025-05-16 12:00:00,38.6674
2025-05-16 13:00:00,33.7312
2025-05-16 14:00:00,28.5521
2025-05-16 15:00:00,28.3715
2025-05-16 16:00:00,30.9
2025-05-16 17:00:00,35.7182
2025-05-16 18:00:00,45.8023
2025-05-16 19:00:00,53.9384
2025-05-16 20:00:00,59.3327
2025-05-16 21:00:00,55.1216
2025-05-16 22:00:00,45.1379
2025-05-16 23:00:00,36.5015
2025-05-17 00:00:00,21.2607
2025-05-17 01:00:00,18.4772
2025-05-17 02:00:00,16.4495
2025-05-17 03:00:00,15.181
2025-05-17 04:00:00,16.7021
2025-05-17 05:00:00,19.095
2025-05-17 06:00:00,21.3502
2025-05-17 07:00:00,24.3788
2025-05-17 08:00:00,29.4391
2025-05-17 09:00:00,37.4851
2025-05-17 10:00:00,41.8499
2025-05-17 11:00:00,40.517
2025-05-17 12:00:00,31.2723
2025-05-17 13:00:00,22.5252
2025-05-17 14:00:00,20.2432
2025-05-17 15:00:00,20.1351
2025-05-17 16:00:00,22.7875
2025-05-17 17:00:00,29.572
2025-05-17 18:00:00,38.6765
2025-05-17 19:00:00,46.2495
2025-05-17 20:00:00,50.7755
2025-05-17 21:00:00,47.8746
2025-05-17 22:00:00,38.2893
2025-05-17 23:00:00,31.0782
2025-05-18 00:00:00,21.1487
2025-05-18 01:00:00,18.6384
2025-05-18 02:00:00,16.8299
2025-05-18 03:00:00,15.3431
2025-05-18 04:00:00,16.9722
2025-05-18 05:00:00,18.5228
2025-05-18 06:00:00,19.9712
2025-05-18 07:00:00,19.1819
2025-05-18 08:00:00,18.3305
2025-05-18 09:00:00,24.6279
2025-05-18 10:00:00,28.7586
2025-05-18 11:00:00,27.2839
2025-05-18 12:00:00,20.9265
2025-05-18 13:00:00,15.3675
2025-05-18 14:00:00,12.1759
2025-05-18 15:00:00,15.0132
2025-05-18 16:00:00,20.2676
2025-05-18 17:00:00,28.5144
2025-05-18 18:00:00,38.3999
2025-05-18 19:00:00,47.5803
2025-05-18 20:00:00,50.9396
2025-05-18 21:00:00,47.4326
2025-05-18 22:00:00,38.4723
2025-05-18 23:00:00,31.3794
2025-05-19 00:00:00,24.9967
2025-05-19 01:00:00,22.3136
2025-05-19 02:00:00,18.9791
2025-05-19 03:00:00,17.9552
2025-05-19 04:00:00,19.453
2025-05-19 05:00:00,22.0759
2025-05-19 06:00:00,22.5817
2025-05-19 07:00:00,23.4236
2025-05-19 08:00:00,25.9862
2025-05-19 09:00:00,32.2392
2025-05-19 10:00:00,36.0471
2025-05-19 11:00:00,35.5073
2025-05-19 12:00:00,25.9655
2025-05-19 13:00:00,18.7098
2025-05-19 14:00:00,17.525
2025-05-19 15:00:00,20.6864
2025-05-19 16:00:00,27.5704
2025-05-19 17:00:00,34.8287
2025-05-19 18:00:00,45.1532
2025-05-19 19:00:00,54.9863
2025-05-19 20:00:00,59.3454
2025-05-19 21:00:00,55.9598
2025-05-19 22:00:00,45.3561
2025-05-19 23:00:00,36.652
2025-05-20 00:00:00,24.7255
2025-05-20 01:00:00,22.1063
2025-05-20 02:00:00,19.2351
2025-05-20 03:00:00,18.3429
2025-05-20 04:00:00,19.3457
2025-05-20 05:00:00,21.6308
2025-05-20 06:00:00,24.1468
2025-05-20 07:00:00,23.1743
2025-05-20 08:00:00,25.1117
2025-05-20 09:00:00,30.7802
2025-05-20 10:00:00,37.885
2025-05-20 11:00:00,36.0956
2025-05-20 12:00:00,28.2822
2025-05-20 13:00:00,20.3875
2025-05-20 14:00:00,18.8222
2025-05-20 15:00:00,21.1554
2025-05-20 16:00:00,26.6784
2025-05-20 17:00:00,35.1111
2025-05-20 18:00:00,46.8592
2025-05-20 19:00:00,54.2769
2025-05-20 20:00:00,58.5049
2025-05-20 21:00:00,53.0974
2025-05-20 22:00:00,46.2709
2025-05-20 23:00:00,36.1874
2025-05-21 00:00:00,25.1412
2025-05-21 01:00:00,22.1465
2025-05-21 02:00:00,19.9607
2025-05-21 03:00:00,18.3773
2025-05-21 04:00:00,19.6551
2025-05-21 05:00:00,22.1905
2025-05-21 06:00:00,24.3013
2025-05-21 07:00:00,24.376
2025-05-21 08:00:00,25.503
2025-05-21 09:00:00,32.3894
2025-05-21 10:00:00,36.8697
2025-05-21 11:00:00,37.0267
2025-05-21 12:00:00,32.5535
2025-05-21 13:00:00,23.149
2025-05-21 14:00:00,19.2392
2025-05-21 15:00:00,21.1378
2025-05-21 16:00:00,26.6094
2025-05-21 17:00:00,33.233
2025-05-21 18:00:00,44.2752
2025-05-21 19:00:00,56.5208
2025-05-21 20:00:00,59.0495
2025-05-21 21:00:00,55.4335
2025-05-21 22:00:00,45.9569
2025-05-21 23:00:00,38.0647
2025-05-22 00:00:00,24.6264
2025-05-22 01:00:00,22.0696
2025-05-22 02:00:00,19.3474
2025-05-22 03:00:00,18.585
2025-05-22 04:00:00,19.9656
2025-05-22 05:00:00,22.3701
2025-05-22 06:00:00,23.3489
2025-05-22 07:00:00,24.2765
2025-05-22 08:00:00,25.6281
2025-05-22 09:00:00,32.3632
2025-05-22 10:00:00,35.7537
2025-05-22 11:00:00,35.2269
2025-05-22 12:00:00,26.9957
2025-05-22 13:00:00,19.2385
2025-05-22 14:00:00,18.1244
2025-05-22 15:00:00,19.6755
2025-05-22 16:00:00,27.2519
2025-05-22 17:00:00,35.8623
2025-05-22 18:00:00,45.7924
2025-05-22 19:00:00,57.0442
2025-05-22 20:00:00,59.4185
2025-05-22 21:00:00,55.5775
2025-05-22 22:00:00,46.6209
2025-05-22 23:00:00,37.5681
2025-05-23 00:00:00,24.785
2025-05-23 01:00:00,21.3609
2025-05-23 02:00:00,19.0136
2025-05-23 03:00:00,18.3673
2025-05-23 04:00:00,19.369
2025-05-23 05:00:00,21.8445
2025-05-23 06:00:00,23.9285
2025-05-23 07:00:00,25.3262
2025-05-23 08:00:00,28.4497
2025-05-23 09:00:00,34.6421
2025-05-23 10:00:00,38.8479
2025-05-23 11:00:00,37.9321
2025-05-23 12:00:00,29.8533
2025-05-23 13:00:00,21.5235
2025-05-23 14:00:00,19.9215
2025-05-23 15:00:00,21.9278
2025-05-23 16:00:00,26.7183
2025-05-23 17:00:00,34.7638
2025-05-23 18:00:00,45.3242
2025-05-23 19:00:00,55.2026
2025-05-23 20:00:00,60.1388
2025-05-23 21:00:00,55.9305
2025-05-23 22:00:00,44.7562
2025-05-23 23:00:00,36.3887
2025-05-24 00:00:00,21.3308
2025-05-24 01:00:00,18.9241
2025-05-24 02:00:00,16.4447
2025-05-24 03:00:00,15.2064
2025-05-24 04:00:00,16.5034
2025-05-24 05:00:00,18.36
2025-05-24 06:00:00,19.7623
2025-05-24 07:00:00,19.082
2025-05-24 08:00:00,20.3602
2025-05-24 09:00:00,24.5515
2025-05-24 10:00:00,29.3991
2025-05-24 11:00:00,29.2218
2025-05-24 12:00:00,23.0773
2025-05-24 13:00:00,16.8702
2025-05-24 14:00:00,14.4789
2025-05-24 15:00:00,15.9159
2025-05-24 16:00:00,20.9697
2025-05-24 17:00:00,29.0478
2025-05-24 18:00:00,38.6663
2025-05-24 19:00:00,47.5228
2025-05-24 20:00:00,50.7194
2025-05-24 21:00:00,47.616
2025-05-24 22:00:00,38.2386
2025-05-24 23:00:00,30.8125
2025-05-25 00:00:00,21.4921
2025-05-25 01:00:00,18.6979
2025-05-25 02:00:00,16.4832
2025-05-25 03:00:00,15.3314
2025-05-25 04:00:00,16.2258
2025-05-25 05:00:00,18.5924
2025-05-25 06:00:00,20.1199
2025-05-25 07:00:00,19.4933
2025-05-25 08:00:00,20.3436
2025-05-25 09:00:00,23.839
2025-05-25 10:00:00,26.7541
2025-05-25 11:00:00,27.4795
2025-05-25 12:00:00,19.7864
2025-05-25 13:00:00,14.8525
2025-05-25 14:00:00,13.011
2025-05-25 15:00:00,15.8275
2025-05-25 16:00:00,22.9308
2025-05-25 17:00:00,29.1537
2025-05-25 18:00:00,38.181
2025-05-25 19:00:00,46.9858
2025-05-25 20:00:00,50.9616
2025-05-25 21:00:00,46.5547
2025-05-25 22:00:00,39.0156
2025-05-25 23:00:00,31.0279
2025-05-26 00:00:00,25.9327
2025-05-26 01:00:00,21.7618
2025-05-26 02:00:00,19.7272
2025-05-26 03:00:00,18.4818
2025-05-26 04:00:00,19.2838
2025-05-26 05:00:00,21.3743
2025-05-26 06:00:00,23.4321
2025-05-26 07:00:00,24.6305
2025-05-26 08:00:00,26.0534
2025-05-26 09:00:00,31.5472
2025-05-26 10:00:00,37.3925
2025-05-26 11:00:00,36.1264
2025-05-26 12:00:00,30.1
2025-05-26 13:00:00,23.2974
2025-05-26 14:00:00,19.6806
2025-05-26 15:00:00,19.7843
2025-05-26 16:00:00,26.2112
2025-05-26 17:00:00,33.6578
2025-05-26 18:00:00,43.3111
2025-05-26 19:00:00,55.6182
2025-05-26 20:00:00,59.7803
2025-05-26 21:00:00,55.585
2025-05-26 22:00:00,47.7055
2025-05-26 23:00:00,37.8883
2025-05-27 00:00:00,24.9328
2025-05-27 01:00:00,21.5997
2025-05-27 02:00:00,19.0563
2025-05-27 03:00:00,17.9172
2025-05-27 04:00:00,19.2168
2025-05-27 05:00:00,22.2381
2025-05-27 06:00:00,23.2819
2025-05-27 07:00:00,24.3418
2025-05-27 08:00:00,25.5787
2025-05-27 09:00:00,32.8206
2025-05-27 10:00:00,40.7815
2025-05-27 11:00:00,45.7623
2025-05-27 12:00:00,35.9748
2025-05-27 13:00:00,27.0659
2025-05-27 14:00:00,25.8218
2025-05-27 15:00:00,25.6471
2025-05-27 16:00:00,27.5573
2025-05-27 17:00:00,35.8157
2025-05-27 18:00:00,45.0177
2025-05-27 19:00:00,54.1233
2025-05-27 20:00:00,60.0531
2025-05-27 21:00:00,53.6625
2025-05-27 22:00:00,47.33
2025-05-27 23:00:00,37.4661
2025-05-28 00:00:00,24.8499
2025-05-28 01:00:00,22.4495
2025-05-28 02:00:00,19.5487
2025-05-28 03:00:00,18.0887
2025-05-28 04:00:00,18.931
2025-05-28 05:00:00,21.9969
2025-05-28 06:00:00,23.3252
2025-05-28 07:00:00,24.2374
2025-05-28 08:00:00,26.7504
2025-05-28 09:00:00,32.6162
2025-05-28 10:00:00,39.3623
2025-05-28 11:00:00,37.6623
2025-05-28 12:00:00,32.8638
2025-05-28 13:00:00,25.9569
2025-05-28 14:00:00,23.2348
2025-05-28 15:00:00,22.5783
2025-05-28 16:00:00,27.6249
2025-05-28 17:00:00,34.1918
2025-05-28 18:00:00,44.7635
2025-05-28 19:00:00,56.2199
2025-05-28 20:00:00,60.0996
2025-05-28 21:00:00,55.2084
2025-05-28 22:00:00,45.5203
2025-05-28 23:00:00,36.9519
2025-05-29 00:00:00,24.9166
2025-05-29 01:00:00,22.0486
2025-05-29 02:00:00,19.4814
2025-05-29 03:00:00,17.737
2025-05-29 04:00:00,19.5476
2025-05-29 05:00:00,21.197
2025-05-29 06:00:00,24.3891
2025-05-29 07:00:00,24.8253
2025-05-29 08:00:00,26.0261
2025-05-29 09:00:00,32.8123
2025-05-29 10:00:00,36.5908
2025-05-29 11:00:00,35.7577
2025-05-29 12:00:00,27.8494
2025-05-29 13:00:00,21.6705
2025-05-29 14:00:00,17.6416
2025-05-29 15:00:00,20.1081
2025-05-29 16:00:00,25.595
2025-05-29 17:00:00,34.2089
2025-05-29 18:00:00,45.8626
2025-05-29 19:00:00,54.9221
2025-05-29 20:00:00,60.2555
2025-05-29 21:00:00,55.5345
2025-05-29 22:00:00,45.2421
2025-05-29 23:00:00,36.8755
2025-05-30 00:00:00,24.8076
2025-05-30 01:00:00,22.2038
2025-05-30 02:00:00,19.9414
2025-05-30 03:00:00,18.2761
2025-05-30 04:00:00,19.2606
2025-05-30 05:00:00,22.184
2025-05-30 06:00:00,24.1964
2025-05-30 07:00:00,24.0252
2025-05-30 08:00:00,26.6156
2025-05-30 09:00:00,32.6106
2025-05-30 10:00:00,39.7155
2025-05-30 11:00:00,36.5536
2025-05-30 12:00:00,30.4339
2025-05-30 13:00:00,25.6294
2025-05-30 14:00:00,21.4393
2025-05-30 15:00:00,24.6206
2025-05-30 16:00:00,27.6131
2025-05-30 17:00:00,35.8018
2025-05-30 18:00:00,45.3706
2025-05-30 19:00:00,55.6965
2025-05-30 20:00:00,60.6216
2025-05-30 21:00:00,55.813
2025-05-30 22:00:00,46.4909
2025-05-30 23:00:00,36.2909
2025-05-31 00:00:00,21.37
2025-05-31 01:00:00,19.1785
2025-05-31 02:00:00,16.6073
2025-05-31 03:00:00,15.4931
2025-05-31 04:00:00,16.5332
2025-05-31 05:00:00,18.6996
2025-05-31 06:00:00,20.2171
2025-05-31 07:00:00,19.8848
2025-05-31 08:00:00,21.2052
2025-05-31 09:00:00,25.8255
2025-05-31 10:00:00,30.5245
2025-05-31 11:00:00,29.2869
2025-05-31 12:00:00,20.2141
2025-05-31 13:00:00,15.3034
2025-05-31 14:00:00,17.4415
2025-05-31 15:00:00,19.285
2025-05-31 16:00:00,22.7253
2025-05-31 17:00:00,28.945
2025-05-31 18:00:00,38.5832
2025-05-31 19:00:00,46.0826
2025-05-31 20:00:00,50.9597
2025-05-31 21:00:00,47.8896
2025-05-31 22:00:00,39.2421
2025-05-31 23:00:00,31.0707
2025-06-01 00:00:00,23.18
2025-06-01 01:00:00,20.1883
2025-06-01 02:00:00,17.9069
2025-06-01 03:00:00,16.4428
2025-06-01 04:00:00,17.706
2025-06-01 05:00:00,20.2187
2025-06-01 06:00:00,21.1529
2025-06-01 07:00:00,22.1292
2025-06-01 08:00:00,23.8813
2025-06-01 09:00:00,29.2923
2025-06-01 10:00:00,32.3251
2025-06-01 11:00:00,32.4382
2025-06-01 12:00:00,24.681
2025-06-01 13:00:00,18.3524
2025-06-01 14:00:00,15.4795
2025-06-01 15:00:00,17.31
2025-06-01 16:00:00,22.9714
2025-06-01 17:00:00,32.1099
2025-06-01 18:00:00,41.699
2025-06-01 19:00:00,49.9069
2025-06-01 20:00:00,53.9934
2025-06-01 21:00:00,51.5206
2025-06-01 22:00:00,43.3387
2025-06-01 23:00:00,33.3785
2025-06-02 00:00:00,27.4123
2025-06-02 01:00:00,24.0129
2025-06-02 02:00:00,21.6076
2025-06-02 03:00:00,20.2367
2025-06-02 04:00:00,20.7362
2025-06-02 05:00:00,23.9097
2025-06-02 06:00:00,25.4146
2025-06-02 07:00:00,26.0868
2025-06-02 08:00:00,29.1669
2025-06-02 09:00:00,35.3587
2025-06-02 10:00:00,40.7853
2025-06-02 11:00:00,41.1428
2025-06-02 12:00:00,33.0234
2025-06-02 13:00:00,23.5736
2025-06-02 14:00:00,20.0927
2025-06-02 15:00:00,22.7563
2025-06-02 16:00:00,28.0312
2025-06-02 17:00:00,38.6589
2025-06-02 18:00:00,51.1611
2025-06-02 19:00:00,61.037
2025-06-02 20:00:00,64.7991
2025-06-02 21:00:00,59.6538
2025-06-02 22:00:00,48.4968
2025-06-02 23:00:00,40.4002
2025-06-03 00:00:00,26.7654
2025-06-03 01:00:00,24.1336
2025-06-03 02:00:00,20.9602
2025-06-03 03:00:00,19.8509
2025-06-03 04:00:00,20.9081
2025-06-03 05:00:00,23.9555
2025-06-03 06:00:00,26.8295
2025-06-03 07:00:00,25.4699
2025-06-03 08:00:00,29.3094
2025-06-03 09:00:00,35.0268
2025-06-03 10:00:00,41.7231
2025-06-03 11:00:00,40.7382
2025-06-03 12:00:00,32.254
2025-06-03 13:00:00,24.6763
2025-06-03 14:00:00,21.2315
2025-06-03 15:00:00,22.7762
2025-06-03 16:00:00,28.601
2025-06-03 17:00:00,36.9981
2025-06-03 18:00:00,50.007
2025-06-03 19:00:00,61.1291
2025-06-03 20:00:00,65.7634
2025-06-03 21:00:00,59.7893
2025-06-03 22:00:00,50.3812
2025-06-03 23:00:00,40.4434
2025-06-04 00:00:00,27.2255
2025-06-04 01:00:00,23.3347
2025-06-04 02:00:00,20.7857
2025-06-04 03:00:00,19.8609
2025-06-04 04:00:00,20.82
2025-06-04 05:00:00,23.8843
2025-06-04 06:00:00,26.891
2025-06-04 07:00:00,26.5173
2025-06-04 08:00:00,28.6859
2025-06-04 09:00:00,36.0732
2025-06-04 10:00:00,40.7555
2025-06-04 11:00:00,39.085
2025-06-04 12:00:00,31.7289
2025-06-04 13:00:00,23.862
2025-06-04 14:00:00,20.5858
2025-06-04 15:00:00,21.5931
2025-06-04 16:00:00,26.6589
2025-06-04 17:00:00,37.9129
2025-06-04 18:00:00,48.6361
2025-06-04 19:00:00,60.5842
2025-06-04 20:00:00,64.427
2025-06-04 21:00:00,59.8512
2025-06-04 22:00:00,50.2055
2025-06-04 23:00:00,39.934
2025-06-05 00:00:00,26.8162
2025-06-05 01:00:00,23.6932
2025-06-05 02:00:00,21.2452
2025-06-05 03:00:00,20.4424
2025-06-05 04:00:00,21.2771
2025-06-05 05:00:00,23.7596
2025-06-05 06:00:00,26.185
2025-06-05 07:00:00,28.3125
2025-06-05 08:00:00,33.0742
2025-06-05 09:00:00,40.5742
2025-06-05 10:00:00,47.3278
2025-06-05 11:00:00,45.697
2025-06-05 12:00:00,37.7504
2025-06-05 13:00:00,28.2459
2025-06-05 14:00:00,22.7104
2025-06-05 15:00:00,25.0314
2025-06-05 16:00:00,31.4991
2025-06-05 17:00:00,38.4383
2025-06-05 18:00:00,49.3435
2025-06-05 19:00:00,59.97
2025-06-05 20:00:00,65.0555
2025-06-05 21:00:00,60.26
2025-06-05 22:00:00,48.4994
2025-06-05 23:00:00,40.862
2025-06-06 00:00:00,28.1976
2025-06-06 01:00:00,23.9106
2025-06-06 02:00:00,21.1621
2025-06-06 03:00:00,20.4877
2025-06-06 04:00:00,21.9221
2025-06-06 05:00:00,23.9735
2025-06-06 06:00:00,27.5005
2025-06-06 07:00:00,30.221
2025-06-06 08:00:00,34.456
2025-06-06 09:00:00,43.9473
2025-06-06 10:00:00,47.6345
2025-06-06 11:00:00,46.3354
2025-06-06 12:00:00,38.9821
2025-06-06 13:00:00,33.9093
2025-06-06 14:00:00,29.1505
2025-06-06 15:00:00,27.4113
2025-06-06 16:00:00,30.7078
2025-06-06 17:00:00,37.9921
2025-06-06 18:00:00,49.3447
2025-06-06 19:00:00,59.5467
2025-06-06 20:00:00,65.4417
2025-06-06 21:00:00,60.2704
2025-06-06 22:00:00,50.5812
2025-06-06 23:00:00,39.0599
2025-06-07 00:00:00,22.8346
2025-06-07 01:00:00,20.8972
2025-06-07 02:00:00,17.701
2025-06-07 03:00:00,16.8808
2025-06-07 04:00:00,17.9017
2025-06-07 05:00:00,20.35
2025-06-07 06:00:00,22.5474
2025-06-07 07:00:00,23.6222
2025-06-07 08:00:00,25.6013
2025-06-07 09:00:00,30.17
2025-06-07 10:00:00,34.2365
2025-06-07 11:00:00,32.8681
2025-06-07 12:00:00,26.9929
2025-06-07 13:00:00,17.8954
2025-06-07 14:00:00,18.3285
2025-06-07 15:00:00,20.1803
2025-06-07 16:00:00,24.6863
2025-06-07 17:00:00,31.7596
2025-06-07 18:00:00,42.0031
2025-06-07 19:00:00,51.7272
2025-06-07 20:00:00,55.0578
2025-06-07 21:00:00,51.975
2025-06-07 22:00:00,42.7659
2025-06-07 23:00:00,33.9042
2025-06-08 00:00:00,23.277
2025-06-08 01:00:00,20.5703
2025-06-08 02:00:00,17.6802
2025-06-08 03:00:00,16.9131
2025-06-08 04:00:00,17.7827
2025-06-08 05:00:00,20.252
2025-06-08 06:00:00,21.7633
2025-06-08 07:00:00,21.4867
2025-06-08 08:00:00,24.2061
2025-06-08 09:00:00,28.7933
2025-06-08 10:00:00,33.3754
2025-06-08 11:00:00,32.2058
2025-06-08 12:00:00,25.4433
2025-06-08 13:00:00,17.4167
2025-06-08 14:00:00,14.5154
2025-06-08 15:00:00,16.9716
2025-06-08 16:00:00,22.7339
2025-06-08 17:00:00,32.1863
2025-06-08 18:00:00,42.4763
2025-06-08 19:00:00,51.1026
2025-06-08 20:00:00,55.7191
2025-06-08 21:00:00,50.8416
2025-06-08 22:00:00,40.2038
2025-06-08 23:00:00,33.9785
2025-06-09 00:00:00,27.3653
2025-06-09 01:00:00,24.1056
2025-06-09 02:00:00,20.9918
2025-06-09 03:00:00,19.6706
2025-06-09 04:00:00,20.887
2025-06-09 05:00:00,23.4573
2025-06-09 06:00:00,27.3288
2025-06-09 07:00:00,30.7586
2025-06-09 08:00:00,36.2445
2025-06-09 09:00:00,47.2475
2025-06-09 10:00:00,56.4098
2025-06-09 11:00:00,56.0342
2025-06-09 12:00:00,47.618
2025-06-09 13:00:00,38.427
2025-06-09 14:00:00,33.8285
2025-06-09 15:00:00,33.8599
2025-06-09 16:00:00,33.9815
2025-06-09 17:00:00,38.7083
2025-06-09 18:00:00,48.0605
2025-06-09 19:00:00,60.5616
2025-06-09 20:00:00,65.2149
2025-06-09 21:00:00,60.1724
2025-06-09 22:00:00,49.4804
2025-06-09 23:00:00,39.9292
2025-06-10 00:00:00,27.2695
2025-06-10 01:00:00,24.145
2025-06-10 02:00:00,20.0705
2025-06-10 03:00:00,19.6451
2025-06-10 04:00:00,20.7631
2025-06-10 05:00:00,23.9532
2025-06-10 06:00:00,26.1636
2025-06-10 07:00:00,27.1256
2025-06-10 08:00:00,30.505
2025-06-10 09:00:00,37.1619
2025-06-10 10:00:00,42.9505
2025-06-10 11:00:00,42.876
2025-06-10 12:00:00,33.9511
2025-06-10 13:00:00,24.2306
2025-06-10 14:00:00,20.7407
2025-06-10 15:00:00,23.6001
2025-06-10 16:00:00,28.8662
2025-06-10 17:00:00,37.8371
2025-06-10 18:00:00,49.4389
2025-06-10 19:00:00,60.2948
2025-06-10 20:00:00,65.1029
2025-06-10 21:00:00,58.6934
2025-06-10 22:00:00,51.1748
2025-06-10 23:00:00,40.577
2025-06-11 00:00:00,26.7538
2025-06-11 01:00:00,24.4427
2025-06-11 02:00:00,21.4391
2025-06-11 03:00:00,19.8085
2025-06-11 04:00:00,20.7893
2025-06-11 05:00:00,24.1446
2025-06-11 06:00:00,25.8702
2025-06-11 07:00:00,26.1269
2025-06-11 08:00:00,28.8688
2025-06-11 09:00:00,36.6677
2025-06-11 10:00:00,43.6897
2025-06-11 11:00:00,40.8693
2025-06-11 12:00:00,33.3612
2025-06-11 13:00:00,23.5614
2025-06-11 14:00:00,20.2988
2025-06-11 15:00:00,21.6608
2025-06-11 16:00:00,27.5758
2025-06-11 17:00:00,38.3597
2025-06-11 18:00:00,49.1014
2025-06-11 19:00:00,59.2531
2025-06-11 20:00:00,64.3552
2025-06-11 21:00:00,59.6405
2025-06-11 22:00:00,50.4212
2025-06-11 23:00:00,38.8389
2025-06-12 00:00:00,27.3908
2025-06-12 01:00:00,23.6099
2025-06-12 02:00:00,21.1804
2025-06-12 03:00:00,19.6702
2025-06-12 04:00:00,20.918
2025-06-12 05:00:00,23.5916
2025-06-12 06:00:00,26.2107
2025-06-12 07:00:00,26.2941
2025-06-12 08:00:00,28.7954
2025-06-12 09:00:00,35.9801
2025-06-12 10:00:00,42.8556
2025-06-12 11:00:00,40.9505
2025-06-12 12:00:00,32.1575
2025-06-12 13:00:00,21.8588
2025-06-12 14:00:00,19.2638
2025-06-12 15:00:00,22.1038
2025-06-12 16:00:00,27.7421
2025-06-12 17:00:00,36.8662
2025-06-12 18:00:00,48.6255
2025-06-12 19:00:00,61.5922
2025-06-12 20:00:00,64.7041
2025-06-12 21:00:00,59.9406
2025-06-12 22:00:00,49.5319
2025-06-12 23:00:00,39.7976
2025-06-13 00:00:00,27.5733
2025-06-13 01:00:00,23.6615
2025-06-13 02:00:00,20.9236
2025-06-13 03:00:00,20.0358
2025-06-13 04:00:00,21.0341
2025-06-13 05:00:00,23.6945
2025-06-13 06:00:00,27.0268
2025-06-13 07:00:00,27.3714
2025-06-13 08:00:00,29.0154
2025-06-13 09:00:00,35.4648
2025-06-13 10:00:00,41.1443
2025-06-13 11:00:00,42.7816
2025-06-13 12:00:00,31.9034
2025-06-13 13:00:00,23.2335
2025-06-13 14:00:00,21.0724
2025-06-13 15:00:00,21.9751
2025-06-13 16:00:00,28.0813
2025-06-13 17:00:00,37.158
2025-06-13 18:00:00,49.1464
2025-06-13 19:00:00,61.4793
2025-06-13 20:00:00,64.308
2025-06-13 21:00:00,59.0421
2025-06-13 22:00:00,49.3559
2025-06-13 23:00:00,40.1179
2025-06-14 00:00:00,23.3492
2025-06-14 01:00:00,20.0351
2025-06-14 02:00:00,17.658
2025-06-14 03:00:00,17.2912
2025-06-14 04:00:00,17.5813
2025-06-14 05:00:00,20.5842
2025-06-14 06:00:00,22.455
2025-06-14 07:00:00,22.2308
2025-06-14 08:00:00,23.4775
2025-06-14 09:00:00,28.5774
2025-06-14 10:00:00,33.2176
2025-06-14 11:00:00,32.2826
2025-06-14 12:00:00,25.4395
2025-06-14 13:00:00,17.8808
2025-06-14 14:00:00,15.2623
2025-06-14 15:00:00,18.1711
2025-06-14 16:00:00,23.9305
2025-06-14 17:00:00,31.6979
2025-06-14 18:00:00,42.0724
2025-06-14 19:00:00,51.9925
2025-06-14 20:00:00,55.1809
2025-06-14 21:00:00,51.1923
2025-06-14 22:00:00,41.3291
2025-06-14 23:00:00,33.6933
2025-06-15 00:00:00,23.2468
2025-06-15 01:00:00,20.516
2025-06-15 02:00:00,18.0873
2025-06-15 03:00:00,16.8415
2025-06-15 04:00:00,17.8577
2025-06-15 05:00:00,20.1822
2025-06-15 06:00:00,22.3071
2025-06-15 07:00:00,22.2375
2025-06-15 08:00:00,23.5016
2025-06-15 09:00:00,28.9001
2025-06-15 10:00:00,33.704
2025-06-15 11:00:00,33.5355
2025-06-15 12:00:00,25.3707
2025-06-15 13:00:00,17.1629
2025-06-15 14:00:00,16.3785
2025-06-15 15:00:00,19.8253
2025-06-15 16:00:00,24.3399
2025-06-15 17:00:00,32.4544
2025-06-15 18:00:00,41.708
2025-06-15 19:00:00,51.6572
2025-06-15 20:00:00,54.7331
2025-06-15 21:00:00,50.9243
2025-06-15 22:00:00,41.3156
2025-06-15 23:00:00,33.3443
2025-06-16 00:00:00,26.8108
2025-06-16 01:00:00,24.2468
2025-06-16 02:00:00,21.5215
2025-06-16 03:00:00,19.9981
2025-06-16 04:00:00,21.2289
2025-06-16 05:00:00,23.7615
2025-06-16 06:00:00,26.2617
2025-06-16 07:00:00,26.7658
2025-06-16 08:00:00,29.7566
2025-06-16 09:00:00,36.4326
2025-06-16 10:00:00,42.5379
2025-06-16 11:00:00,42.058
2025-06-16 12:00:00,33.9456
2025-06-16 13:00:00,26.285
2025-06-16 14:00:00,22.2198
2025-06-16 15:00:00,25.9267
2025-06-16 16:00:00,29.7636
2025-06-16 17:00:00,37.7435
2025-06-16 18:00:00,49.4639
2025-06-16 19:00:00,59.8414
2025-06-16 20:00:00,63.9191
2025-06-16 21:00:00,58.9241
2025-06-16 22:00:00,48.8972
2025-06-16 23:00:00,41.0784
2025-06-17 00:00:00,26.9036
2025-06-17 01:00:00,23.8251
2025-06-17 02:00:00,21.0493
2025-06-17 03:00:00,19.966
2025-06-17 04:00:00,21.2509
2025-06-17 05:00:00,23.5968
2025-06-17 06:00:00,26.2124
2025-06-17 07:00:00,27.8687
2025-06-17 08:00:00,30.5212
2025-06-17 09:00:00,37.8617
2025-06-17 10:00:00,43.8823
2025-06-17 11:00:00,43.6998
2025-06-17 12:00:00,35.3503
2025-06-17 13:00:00,26.8775
2025-06-17 14:00:00,24.6507
2025-06-17 15:00:00,24.4194
2025-06-17 16:00:00,29.6539
2025-06-17 17:00:00,37.9181
2025-06-17 18:00:00,49.1932
2025-06-17 19:00:00,61.3997
2025-06-17 20:00:00,65.8402
2025-06-17 21:00:00,61.4923
2025-06-17 22:00:00,48.1504
2025-06-17 23:00:00,40.6682
2025-06-18 00:00:00,27.5851
2025-06-18 01:00:00,24.2874
2025-06-18 02:00:00,21.5966
2025-06-18 03:00:00,19.5645
2025-06-18 04:00:00,20.7845
2025-06-18 05:00:00,23.925
2025-06-18 06:00:00,25.88
2025-06-18 07:00:00,28.2633
2025-06-18 08:00:00,32.2086
2025-06-18 09:00:00,40.2275
2025-06-18 10:00:00,44.8539
2025-06-18 11:00:00,42.1513
2025-06-18 12:00:00,35.6787
2025-06-18 13:00:00,25.0923
2025-06-18 14:00:00,20.5317
2025-06-18 15:00:00,23.3607
2025-06-18 16:00:00,30.2267
2025-06-18 17:00:00,37.6018
2025-06-18 18:00:00,50.0085
2025-06-18 19:00:00,59.0637
2025-06-18 20:00:00,66.0482
2025-06-18 21:00:00,61.6914
2025-06-18 22:00:00,50.1289
2025-06-18 23:00:00,39.9299
2025-06-19 00:00:00,26.5768
2025-06-19 01:00:00,23.9949
2025-06-19 02:00:00,20.7722
2025-06-19 03:00:00,19.8774
2025-06-19 04:00:00,20.7597
2025-06-19 05:00:00,23.1519
2025-06-19 06:00:00,26.5321
2025-06-19 07:00:00,28.2564
2025-06-19 08:00:00,29.7862
2025-06-19 09:00:00,35.8639
2025-06-19 10:00:00,42.6655
2025-06-19 11:00:00,40.4066
2025-06-19 12:00:00,33.4063
2025-06-19 13:00:00,25.6611
2025-06-19 14:00:00,21.2934
2025-06-19 15:00:00,23.3598
2025-06-19 16:00:00,27.7315
2025-06-19 17:00:00,37.0253
2025-06-19 18:00:00,50.2547
2025-06-19 19:00:00,61.1137
2025-06-19 20:00:00,64.029
2025-06-19 21:00:00,59.2451
2025-06-19 22:00:00,48.9042
2025-06-19 23:00:00,38.942
2025-06-20 00:00:00,27.1605
2025-06-20 01:00:00,24.5051
2025-06-20 02:00:00,20.9222
2025-06-20 03:00:00,19.7529
2025-06-20 04:00:00,20.7256
2025-06-20 05:00:00,24.1054
2025-06-20 06:00:00,25.2718
2025-06-20 07:00:00,27.8699
2025-06-20 08:00:00,30.4421
2025-06-20 09:00:00,37.1194
2025-06-20 10:00:00,42.7035
2025-06-20 11:00:00,41.9557
2025-06-20 12:00:00,32.9843
2025-06-20 13:00:00,24.7395
2025-06-20 14:00:00,19.8724
2025-06-20 15:00:00,21.6818
2025-06-20 16:00:00,28.6372
2025-06-20 17:00:00,37.9949
2025-06-20 18:00:00,49.6766
2025-06-20 19:00:00,59.3949
2025-06-20 20:00:00,64.8741
2025-06-20 21:00:00,59.7977
2025-06-20 22:00:00,50.0202
2025-06-20 23:00:00,40.7568
2025-06-21 00:00:00,23.3441
2025-06-21 01:00:00,20.4911
2025-06-21 02:00:00,18.1749
2025-06-21 03:00:00,16.4907
2025-06-21 04:00:00,17.4315
2025-06-21 05:00:00,20.3814
2025-06-21 06:00:00,21.1015
2025-06-21 07:00:00,22.9077
2025-06-21 08:00:00,24.8484
2025-06-21 09:00:00,29.9075
2025-06-21 10:00:00,34.4108
2025-06-21 11:00:00,34.065
2025-06-21 12:00:00,26.5894
2025-06-21 13:00:00,19.771
2025-06-21 14:00:00,17.7915
2025-06-21 15:00:00,19.6354
2025-06-21 16:00:00,24.9817
2025-06-21 17:00:00,31.3268
2025-06-21 18:00:00,41.6639
2025-06-21 19:00:00,51.2852
2025-06-21 20:00:00,56.8497
2025-06-21 21:00:00,51.1871
2025-06-21 22:00:00,42.2109
2025-06-21 23:00:00,33.9351
2025-06-22 00:00:00,23.4487
2025-06-22 01:00:00,20.1744
2025-06-22 02:00:00,17.8124
2025-06-22 03:00:00,17.0488
2025-06-22 04:00:00,18.1397
2025-06-22 05:00:00,20.0072
2025-06-22 06:00:00,22.9811
2025-06-22 07:00:00,22.0714
2025-06-22 08:00:00,23.5199
2025-06-22 09:00:00,27.8343
2025-06-22 10:00:00,34.0827
2025-06-22 11:00:00,32.7579
2025-06-22 12:00:00,26.1328
2025-06-22 13:00:00,19.0557
2025-06-22 14:00:00,15.2589
2025-06-22 15:00:00,16.7234
2025-06-22 16:00:00,22.85
2025-06-22 17:00:00,31.4568
2025-06-22 18:00:00,41.4343
2025-06-22 19:00:00,52.4777
2025-06-22 20:00:00,53.908
2025-06-22 21:00:00,50.5273
2025-06-22 22:00:00,42.6611
2025-06-22 23:00:00,34.1166
2025-06-23 00:00:00,27.434
2025-06-23 01:00:00,24.25
2025-06-23 02:00:00,21.0198
2025-06-23 03:00:00,19.3532
2025-06-23 04:00:00,21.316
2025-06-23 05:00:00,23.504
2025-06-23 06:00:00,26.9675
2025-06-23 07:00:00,26.2835
2025-06-23 08:00:00,29.493
2025-06-23 09:00:00,35.7016
2025-06-23 10:00:00,42.9675
2025-06-23 11:00:00,41.7114
2025-06-23 12:00:00,33.5539
2025-06-23 13:00:00,24.311
2025-06-23 14:00:00,20.5862
2025-06-23 15:00:00,22.8246
2025-06-23 16:00:00,28.0378
2025-06-23 17:00:00,37.4469
2025-06-23 18:00:00,49.6899
2025-06-23 19:00:00,60.6978
2025-06-23 20:00:00,63.7575
2025-06-23 21:00:00,60.3434
2025-06-23 22:00:00,50.2198
2025-06-23 23:00:00,41.0826
2025-06-24 00:00:00,27.5436
2025-06-24 01:00:00,23.7914
2025-06-24 02:00:00,20.524
2025-06-24 03:00:00,20.242
2025-06-24 04:00:00,21.1868
2025-06-24 05:00:00,24.1222
2025-06-24 06:00:00,26.0783
2025-06-24 07:00:00,27.9357
2025-06-24 08:00:00,29.1287
2025-06-24 09:00:00,36.964
2025-06-24 10:00:00,43.4619
2025-06-24 11:00:00,42.5966
2025-06-24 12:00:00,31.8559
2025-06-24 13:00:00,23.5692
2025-06-24 14:00:00,20.6287
2025-06-24 15:00:00,22.123
2025-06-24 16:00:00,28.437
2025-06-24 17:00:00,37.0472
2025-06-24 18:00:00,48.83
2025-06-24 19:00:00,60.7853
2025-06-24 20:00:00,65.2091
2025-06-24 21:00:00,58.9562
2025-06-24 22:00:00,48.8882
2025-06-24 23:00:00,39.7222
2025-06-25 00:00:00,26.9494
2025-06-25 01:00:00,23.8885
2025-06-25 02:00:00,20.004
2025-06-25 03:00:00,19.6676
2025-06-25 04:00:00,21.1035
2025-06-25 05:00:00,23.487
2025-06-25 06:00:00,26.4846
2025-06-25 07:00:00,29.1037
2025-06-25 08:00:00,30.4228
2025-06-25 09:00:00,38.8519
2025-06-25 10:00:00,44.2148
2025-06-25 11:00:00,43.0619
2025-06-25 12:00:00,34.3092
2025-06-25 13:00:00,27.266
2025-06-25 14:00:00,24.9613
2025-06-25 15:00:00,27.0911
2025-06-25 16:00:00,31.7868
2025-06-25 17:00:00,39.0918
2025-06-25 18:00:00,49.6494
2025-06-25 19:00:00,60.4343
2025-06-25 20:00:00,66.6334
2025-06-25 21:00:00,59.7346
2025-06-25 22:00:00,50.712
2025-06-25 23:00:00,40.0345
2025-06-26 00:00:00,27.3202
2025-06-26 01:00:00,23.8994
2025-06-26 02:00:00,21.1521
2025-06-26 03:00:00,19.8865
2025-06-26 04:00:00,20.7694
2025-06-26 05:00:00,23.6802
2025-06-26 06:00:00,27.112
2025-06-26 07:00:00,31.6868
2025-06-26 08:00:00,37.4291
2025-06-26 09:00:00,44.0053
2025-06-26 10:00:00,51.7652
2025-06-26 11:00:00,53.616
2025-06-26 12:00:00,41.8734
2025-06-26 13:00:00,31.8872
2025-06-26 14:00:00,31.2455
2025-06-26 15:00:00,29.2953
2025-06-26 16:00:00,31.2241
2025-06-26 17:00:00,37.7161
2025-06-26 18:00:00,49.3287
2025-06-26 19:00:00,59.8467
2025-06-26 20:00:00,63.7975
2025-06-26 21:00:00,60.8703
2025-06-26 22:00:00,49.5113
2025-06-26 23:00:00,40.0928
2025-06-27 00:00:00,26.7705
2025-06-27 01:00:00,23.9659
2025-06-27 02:00:00,21.6803
2025-06-27 03:00:00,20.0595
2025-06-27 04:00:00,20.8157
2025-06-27 05:00:00,24.3752
2025-06-27 06:00:00,25.6911
2025-06-27 07:00:00,27.8354
2025-06-27 08:00:00,33.5667
2025-06-27 09:00:00,40.4546
2025-06-27 10:00:00,47.0861
2025-06-27 11:00:00,45.1626
2025-06-27 12:00:00,36.4924
2025-06-27 13:00:00,28.3381
2025-06-27 14:00:00,28.0952
2025-06-27 15:00:00,26.5049
2025-06-27 16:00:00,29.9301
2025-06-27 17:00:00,38.2174
2025-06-27 18:00:00,48.4633
2025-06-27 19:00:00,58.2882
2025-06-27 20:00:00,63.5491
2025-06-27 21:00:00,59.8518
2025-06-27 22:00:00,50.6768
2025-06-27 23:00:00,40.8424
2025-06-28 00:00:00,23.4861
2025-06-28 01:00:00,20.2191
2025-06-28 02:00:00,17.8625
2025-06-28 03:00:00,17.1335
2025-06-28 04:00:00,17.8722
2025-06-28 05:00:00,20.9653
2025-06-28 06:00:00,22.3841
2025-06-28 07:00:00,21.9849
2025-06-28 08:00:00,23.4783
2025-06-28 09:00:00,29.0042
2025-06-28 10:00:00,34.062
2025-06-28 11:00:00,32.89
2025-06-28 12:00:00,25.3597
2025-06-28 13:00:00,19.0421
2025-06-28 14:00:00,17.7129
2025-06-28 15:00:00,17.65
2025-06-28 16:00:00,23.6774
2025-06-28 17:00:00,31.6183
2025-06-28 18:00:00,42.0705
2025-06-28 19:00:00,51.5772
2025-06-28 20:00:00,55.5009
2025-06-28 21:00:00,52.9132
2025-06-28 22:00:00,42.7701
2025-06-28 23:00:00,33.6337
2025-06-29 00:00:00,23.6017
2025-06-29 01:00:00,20.5886
2025-06-29 02:00:00,18.3628
2025-06-29 03:00:00,16.8144
2025-06-29 04:00:00,17.946
2025-06-29 05:00:00,20.452
2025-06-29 06:00:00,22.2701
2025-06-29 07:00:00,21.7419
2025-06-29 08:00:00,24.8223
2025-06-29 09:00:00,29.3433
2025-06-29 10:00:00,33.7002
2025-06-29 11:00:00,33.6024
2025-06-29 12:00:00,25.3015
2025-06-29 13:00:00,19.7981
2025-06-29 14:00:00,18.1535
2025-06-29 15:00:00,18.1319
2025-06-29 16:00:00,22.5607
2025-06-29 17:00:00,31.4763
2025-06-29 18:00:00,40.7454
2025-06-29 19:00:00,51.3971
2025-06-29 20:00:00,53.5228
2025-06-29 21:00:00,50.9055
2025-06-29 22:00:00,41.3768
2025-06-29 23:00:00,33.6936
2025-06-30 00:00:00,27.1345
2025-06-30 01:00:00,24.2438
2025-06-30 02:00:00,20.6467
2025-06-30 03:00:00,19.5022
2025-06-30 04:00:00,21.2701
2025-06-30 05:00:00,23.8813
2025-06-30 06:00:00,26.3345
2025-06-30 07:00:00,27.8786
2025-06-30 08:00:00,32.4296
2025-06-30 09:00:00,39.247
2025-06-30 10:00:00,49.8176
2025-06-30 11:00:00,48.0645
2025-06-30 12:00:00,39.7319
2025-06-30 13:00:00,26.6015
2025-06-30 14:00:00,23.3913
2025-06-30 15:00:00,25.2197
2025-06-30 16:00:00,29.4032
2025-06-30 17:00:00,37.3698
2025-06-30 18:00:00,50.6792
2025-06-30 19:00:00,60.8113
2025-06-30 20:00:00,64.6595
2025-06-30 21:00:00,60.4241
2025-06-30 22:00:00,50.3504
2025-06-30 23:00:00,40.4077
2025-07-01 00:00:00,29.5947
2025-07-01 01:00:00,26.2904
2025-07-01 02:00:00,23.7325
2025-07-01 03:00:00,21.9881
2025-07-01 04:00:00,23.6786
2025-07-01 05:00:00,26.7187
2025-07-01 06:00:00,29.5778
2025-07-01 07:00:00,33.6336
2025-07-01 08:00:00,38.0803
2025-07-01 09:00:00,48.4242
2025-07-01 10:00:00,51.1345
2025-07-01 11:00:00,51.5959
2025-07-01 12:00:00,41.1533
2025-07-01 13:00:00,30.6715
2025-07-01 14:00:00,26.0308
2025-07-01 15:00:00,27.0211
2025-07-01 16:00:00,32.1623
2025-07-01 17:00:00,41.253
2025-07-01 18:00:00,53.0476
2025-07-01 19:00:00,65.6026
2025-07-01 20:00:00,71.7624
2025-07-01 21:00:00,67.006
2025-07-01 22:00:00,54.3385
2025-07-01 23:00:00,44.2071
2025-07-02 00:00:00,30.6382
2025-07-02 01:00:00,26.2523
2025-07-02 02:00:00,23.693
2025-07-02 03:00:00,22.1817
2025-07-02 04:00:00,22.6003
2025-07-02 05:00:00,26.4384
2025-07-02 06:00:00,28.651
2025-07-02 07:00:00,31.0844
2025-07-02 08:00:00,35.6567
2025-07-02 09:00:00,40.7597
2025-07-02 10:00:00,48.7818
2025-07-02 11:00:00,47.8464
2025-07-02 12:00:00,41.5993
2025-07-02 13:00:00,28.8134
2025-07-02 14:00:00,26.4275
2025-07-02 15:00:00,27.3337
2025-07-02 16:00:00,32.1085
2025-07-02 17:00:00,41.9384
2025-07-02 18:00:00,55.0828
2025-07-02 19:00:00,65.8273
2025-07-02 20:00:00,71.4214
2025-07-02 21:00:00,65.9659
2025-07-02 22:00:00,54.7467
2025-07-02 23:00:00,43.4593
2025-07-03 00:00:00,30.5389
2025-07-03 01:00:00,26.0922
2025-07-03 02:00:00,23.5781
2025-07-03 03:00:00,22.4334
2025-07-03 04:00:00,22.9519
2025-07-03 05:00:00,25.7984
2025-07-03 06:00:00,28.3097
2025-07-03 07:00:00,32.7428
2025-07-03 08:00:00,40.0246
2025-07-03 09:00:00,48.8424
2025-07-03 10:00:00,56.467
2025-07-03 11:00:00,57.1046
2025-07-03 12:00:00,47.4387
2025-07-03 13:00:00,37.5045
2025-07-03 14:00:00,30.1439
2025-07-03 15:00:00,32.2111
2025-07-03 16:00:00,36.2295
2025-07-03 17:00:00,42.3422
2025-07-03 18:00:00,53.6908
2025-07-03 19:00:00,64.9652
2025-07-03 20:00:00,71.5332
2025-07-03 21:00:00,66.0539
2025-07-03 22:00:00,54.0445
2025-07-03 23:00:00,44.5289
2025-07-04 00:00:00,29.6105
2025-07-04 01:00:00,25.4044
2025-07-04 02:00:00,23.0272
2025-07-04 03:00:00,21.6363
2025-07-04 04:00:00,22.6461
2025-07-04 05:00:00,26.2801
2025-07-04 06:00:00,29.7185
2025-07-04 07:00:00,33.9643
2025-07-04 08:00:00,38.8361
2025-07-04 09:00:00,49.285
2025-07-04 10:00:00,56.3733
2025-07-04 11:00:00,56.6672
2025-07-04 12:00:00,50.44
2025-07-04 13:00:00,36.8327
2025-07-04 14:00:00,32.2596
2025-07-04 15:00:00,33.9403
2025-07-04 16:00:00,36.1047
2025-07-04 17:00:00,42.8152
2025-07-04 18:00:00,55.7787
2025-07-04 19:00:00,64.4232
2025-07-04 20:00:00,72.2919
2025-07-04 21:00:00,67.1772
2025-07-04 22:00:00,54.4088
2025-07-04 23:00:00,44.0029
2025-07-05 00:00:00,25.4642
2025-07-05 01:00:00,22.6894
2025-07-05 02:00:00,19.7939
2025-07-05 03:00:00,18.8221
2025-07-05 04:00:00,20.0109
2025-07-05 05:00:00,22.1338
2025-07-05 06:00:00,24.3084
2025-07-05 07:00:00,29.2059
2025-07-05 08:00:00,32.9049
2025-07-05 09:00:00,39.8868
2025-07-05 10:00:00,48.2692
2025-07-05 11:00:00,49.3502
2025-07-05 12:00:00,42.3614
2025-07-05 13:00:00,35.5505
2025-07-05 14:00:00,25.5211
2025-07-05 15:00:00,28.0301
2025-07-05 16:00:00,32.0837
2025-07-05 17:00:00,36.5585
2025-07-05 18:00:00,46.1326
2025-07-05 19:00:00,56.0349
2025-07-05 20:00:00,59.2042
2025-07-05 21:00:00,54.585
2025-07-05 22:00:00,46.4485
2025-07-05 23:00:00,37.774
2025-07-06 00:00:00,25.6866
2025-07-06 01:00:00,22.5397
2025-07-06 02:00:00,19.5848
2025-07-06 03:00:00,18.9079
2025-07-06 04:00:00,20.0047
2025-07-06 05:00:00,22.1461
2025-07-06 06:00:00,24.7934
2025-07-06 07:00:00,25.026
2025-07-06 08:00:00,26.7751
2025-07-06 09:00:00,34.3327
2025-07-06 10:00:00,39.0027
2025-07-06 11:00:00,46.7047
2025-07-06 12:00:00,42.0776
2025-07-06 13:00:00,34.6854
2025-07-06 14:00:00,31.0745
2025-07-06 15:00:00,28.3912
2025-07-06 16:00:00,32.1802
2025-07-06 17:00:00,37.4789
2025-07-06 18:00:00,46.2128
2025-07-06 19:00:00,54.4287
2025-07-06 20:00:00,61.851
2025-07-06 21:00:00,55.2064
2025-07-06 22:00:00,45.3149
2025-07-06 23:00:00,36.8847
2025-07-07 00:00:00,30.0532
2025-07-07 01:00:00,26.7225
2025-07-07 02:00:00,23.0037
2025-07-07 03:00:00,22.1181
2025-07-07 04:00:00,23.4747
2025-07-07 05:00:00,26.4958
2025-07-07 06:00:00,30.4498
2025-07-07 07:00:00,32.2281
2025-07-07 08:00:00,37.9947
2025-07-07 09:00:00,46.6827
2025-07-07 10:00:00,51.2522
2025-07-07 11:00:00,51.309
2025-07-07 12:00:00,40.073
2025-07-07 13:00:00,28.1925
2025-07-07 14:00:00,32.2085
2025-07-07 15:00:00,32.6778
2025-07-07 16:00:00,35.9016
2025-07-07 17:00:00,42.571
2025-07-07 18:00:00,54.9268
2025-07-07 19:00:00,66.5596
2025-07-07 20:00:00,73.4906
2025-07-07 21:00:00,66.9348
2025-07-07 22:00:00,55.0902
2025-07-07 23:00:00,43.0329
2025-07-08 00:00:00,30.2919
2025-07-08 01:00:00,26.0333
2025-07-08 02:00:00,22.8467
2025-07-08 03:00:00,21.8989
2025-07-08 04:00:00,23.1128
2025-07-08 05:00:00,26.1326
2025-07-08 06:00:00,29.7929
2025-07-08 07:00:00,34.5772
2025-07-08 08:00:00,41.1565
2025-07-08 09:00:00,52.9083
2025-07-08 10:00:00,64.8868
2025-07-08 11:00:00,61.8529
2025-07-08 12:00:00,52.8551
2025-07-08 13:00:00,42.2821
2025-07-08 14:00:00,36.246
2025-07-08 15:00:00,35.3603
2025-07-08 16:00:00,37.2078
2025-07-08 17:00:00,43.6107
2025-07-08 18:00:00,53.695
2025-07-08 19:00:00,65.4305
2025-07-08 20:00:00,69.8122
2025-07-08 21:00:00,65.6301
2025-07-08 22:00:00,55.4912
2025-07-08 23:00:00,43.724
2025-07-09 00:00:00,29.8283
2025-07-09 01:00:00,27.0273
2025-07-09 02:00:00,23.318
2025-07-09 03:00:00,22.0843
2025-07-09 04:00:00,23.2498
2025-07-09 05:00:00,26.312
2025-07-09 06:00:00,29.6417
2025-07-09 07:00:00,31.3623
2025-07-09 08:00:00,38.4217
2025-07-09 09:00:00,46.5372
2025-07-09 10:00:00,56.5644
2025-07-09 11:00:00,54.2676
2025-07-09 12:00:00,48.6199
2025-07-09 13:00:00,37.9233
2025-07-09 14:00:00,27.9661
2025-07-09 15:00:00,28.4436
2025-07-09 16:00:00,32.7396
2025-07-09 17:00:00,40.7861
2025-07-09 18:00:00,54.5532
2025-07-09 19:00:00,66.9168
2025-07-09 20:00:00,72.9843
2025-07-09 21:00:00,66.7755
2025-07-09 22:00:00,54.9138
2025-07-09 23:00:00,44.2499
2025-07-10 00:00:00,30.1723
2025-07-10 01:00:00,25.9065
2025-07-10 02:00:00,23.1815
2025-07-10 03:00:00,22.0399
2025-07-10 04:00:00,22.3528
2025-07-10 05:00:00,25.991
2025-07-10 06:00:00,30.499
2025-07-10 07:00:00,35.5549
2025-07-10 08:00:00,42.4628
2025-07-10 09:00:00,54.6548
2025-07-10 10:00:00,63.0546
2025-07-10 11:00:00,62.6989
2025-07-10 12:00:00,53.8352
2025-07-10 13:00:00,43.2148
2025-07-10 14:00:00,37.9575
2025-07-10 15:00:00,34.6805
2025-07-10 16:00:00,37.5523
2025-07-10 17:00:00,44.0225
2025-07-10 18:00:00,54.2122
2025-07-10 19:00:00,65.8469
2025-07-10 20:00:00,71.8804
2025-07-10 21:00:00,66.1348
2025-07-10 22:00:00,55.0282
2025-07-10 23:00:00,44.3738
2025-07-11 00:00:00,29.9413
2025-07-11 01:00:00,26.0902
2025-07-11 02:00:00,23.7143
2025-07-11 03:00:00,21.2185
2025-07-11 04:00:00,23.7024
2025-07-11 05:00:00,25.964
2025-07-11 06:00:00,28.955
2025-07-11 07:00:00,31.781
2025-07-11 08:00:00,34.9403
2025-07-11 09:00:00,44.1347
2025-07-11 10:00:00,50.0537
2025-07-11 11:00:00,48.0183
2025-07-11 12:00:00,40.2303
2025-07-11 13:00:00,29.9846
2025-07-11 14:00:00,26.8975
2025-07-11 15:00:00,27.3607
2025-07-11 16:00:00,33.5064
2025-07-11 17:00:00,41.0113
2025-07-11 18:00:00,54.5048
2025-07-11 19:00:00,66.5595
2025-07-11 20:00:00,72.7561
2025-07-11 21:00:00,65.7267
2025-07-11 22:00:00,55.3441
2025-07-11 23:00:00,45.4456
2025-07-12 00:00:00,25.9888
2025-07-12 01:00:00,22.5081
2025-07-12 02:00:00,19.5414
2025-07-12 03:00:00,18.686
2025-07-12 04:00:00,19.7483
2025-07-12 05:00:00,22.943
2025-07-12 06:00:00,23.9412
2025-07-12 07:00:00,26.9344
2025-07-12 08:00:00,29.8515
2025-07-12 09:00:00,37.301
2025-07-12 10:00:00,41.2486
2025-07-12 11:00:00,43.5812
2025-07-12 12:00:00,33.0762
2025-07-12 13:00:00,24.4259
2025-07-12 14:00:00,19.4617
2025-07-12 15:00:00,22.0314
2025-07-12 16:00:00,26.1884
2025-07-12 17:00:00,34.6886
2025-07-12 18:00:00,45.7072
2025-07-12 19:00:00,56.0993
2025-07-12 20:00:00,59.4033
2025-07-12 21:00:00,57.0061
2025-07-12 22:00:00,47.1677
2025-07-12 23:00:00,37.5222
2025-07-13 00:00:00,25.1922
2025-07-13 01:00:00,22.5627
2025-07-13 02:00:00,19.7522
2025-07-13 03:00:00,18.3655
2025-07-13 04:00:00,19.889
2025-07-13 05:00:00,22.1669
2025-07-13 06:00:00,24.897
2025-07-13 07:00:00,25.8687
2025-07-13 08:00:00,26.2802
2025-07-13 09:00:00,34.4908
2025-07-13 10:00:00,39.6634
2025-07-13 11:00:00,38.6402
2025-07-13 12:00:00,28.8645
2025-07-13 13:00:00,21.5713
2025-07-13 14:00:00,18.3143
2025-07-13 15:00:00,19.7966
2025-07-13 16:00:00,25.3857
2025-07-13 17:00:00,34.7886
2025-07-13 18:00:00,46.5416
2025-07-13 19:00:00,57.2076
2025-07-13 20:00:00,61.5021
2025-07-13 21:00:00,56.6112
2025-07-13 22:00:00,46.6196
2025-07-13 23:00:00,37.0622
2025-07-14 00:00:00,30.1578
2025-07-14 01:00:00,26.1196
2025-07-14 02:00:00,23.3905
2025-07-14 03:00:00,21.8553
2025-07-14 04:00:00,22.8206
2025-07-14 05:00:00,26.1289
2025-07-14 06:00:00,28.967
2025-07-14 07:00:00,29.9372
2025-07-14 08:00:00,33.6085
2025-07-14 09:00:00,41.6235
2025-07-14 10:00:00,48.0063
2025-07-14 11:00:00,48.6856
2025-07-14 12:00:00,38.9133
2025-07-14 13:00:00,27.6679
2025-07-14 14:00:00,24.0218
2025-07-14 15:00:00,25.1201
2025-07-14 16:00:00,31.1103
2025-07-14 17:00:00,42.0673
2025-07-14 18:00:00,55.0795
2025-07-14 19:00:00,65.1694
2025-07-14 20:00:00,70.7317
2025-07-14 21:00:00,66.0625
2025-07-14 22:00:00,54.3571
2025-07-14 23:00:00,44.3585
2025-07-15 00:00:00,29.7993
2025-07-15 01:00:00,26.0178
2025-07-15 02:00:00,22.9519
2025-07-15 03:00:00,21.696
2025-07-15 04:00:00,22.9166
2025-07-15 05:00:00,25.5123
2025-07-15 06:00:00,29.9602
2025-07-15 07:00:00,30.8667
2025-07-15 08:00:00,34.7848
2025-07-15 09:00:00,42.9884
2025-07-15 10:00:00,49.3975
2025-07-15 11:00:00,49.4806
2025-07-15 12:00:00,38.2814
2025-07-15 13:00:00,32.8166
2025-07-15 14:00:00,27.2079
2025-07-15 15:00:00,27.655
2025-07-15 16:00:00,31.9018
2025-07-15 17:00:00,41.9995
2025-07-15 18:00:00,54.7297
2025-07-15 19:00:00,66.3601
2025-07-15 20:00:00,70.8586
2025-07-15 21:00:00,68.3477
2025-07-15 22:00:00,55.0316
2025-07-15 23:00:00,43.1097
2025-07-16 00:00:00,30.2063
2025-07-16 01:00:00,26.0032
2025-07-16 02:00:00,22.7722
2025-07-16 03:00:00,21.9002
2025-07-16 04:00:00,23.7132
2025-07-16 05:00:00,26.0982
2025-07-16 06:00:00,29.4209
2025-07-16 07:00:00,31.0907
2025-07-16 08:00:00,37.1251
2025-07-16 09:00:00,44.001
2025-07-16 10:00:00,51.9263
2025-07-16 11:00:00,53.0908
2025-07-16 12:00:00,42.2487
2025-07-16 13:00:00,32.7938
2025-07-16 14:00:00,34.196
2025-07-16 15:00:00,31.9578
2025-07-16 16:00:00,35.9356
2025-07-16 17:00:00,43.226
2025-07-16 18:00:00,55.0885
2025-07-16 19:00:00,65.2501
2025-07-16 20:00:00,71.1453
2025-07-16 21:00:00,66.0076
2025-07-16 22:00:00,54.5954
2025-07-16 23:00:00,44.4244
2025-07-17 00:00:00,29.6566
2025-07-17 01:00:00,26.2894
2025-07-17 02:00:00,22.9864
2025-07-17 03:00:00,21.7404
2025-07-17 04:00:00,22.9802
2025-07-17 05:00:00,26.6956
2025-07-17 06:00:00,28.9671
2025-07-17 07:00:00,32.1697
2025-07-17 08:00:00,40.5759
2025-07-17 09:00:00,49.9435
2025-07-17 10:00:00,56.8334
2025-07-17 11:00:00,55.0756
2025-07-17 12:00:00,45.3149
2025-07-17 13:00:00,36.2825
2025-07-17 14:00:00,30.3382
2025-07-17 15:00:00,27.8556
2025-07-17 16:00:00,32.5558
2025-07-17 17:00:00,42.058
2025-07-17 18:00:00,53.5769
2025-07-17 19:00:00,67.5144
2025-07-17 20:00:00,72.1545
2025-07-17 21:00:00,65.4682
2025-07-17 22:00:00,56.1153
2025-07-17 23:00:00,43.1547
2025-07-18 00:00:00,29.9442
2025-07-18 01:00:00,26.724
2025-07-18 02:00:00,23.1199
2025-07-18 03:00:00,22.6297
2025-07-18 04:00:00,23.0628
2025-07-18 05:00:00,26.3228
2025-07-18 06:00:00,29.1915
2025-07-18 07:00:00,30.7097
2025-07-18 08:00:00,36.2007
2025-07-18 09:00:00,43.5475
2025-07-18 10:00:00,50.1066
2025-07-18 11:00:00,51.6108
2025-07-18 12:00:00,40.6702
2025-07-18 13:00:00,31.4227
2025-07-18 14:00:00,30.7093
2025-07-18 15:00:00,28.8668
2025-07-18 16:00:00,32.3714
2025-07-18 17:00:00,40.7854
2025-07-18 18:00:00,54.1315
2025-07-18 19:00:00,67.1632
2025-07-18 20:00:00,70.7004
2025-07-18 21:00:00,67.8656
2025-07-18 22:00:00,54.194
2025-07-18 23:00:00,43.9514
2025-07-19 00:00:00,25.6141
2025-07-19 01:00:00,22.3374
2025-07-19 02:00:00,19.8076
2025-07-19 03:00:00,18.7568
2025-07-19 04:00:00,19.8148
2025-07-19 05:00:00,22.0263
2025-07-19 06:00:00,24.2275
2025-07-19 07:00:00,25.506
2025-07-19 08:00:00,29.594
2025-07-19 09:00:00,37.2826
2025-07-19 10:00:00,45.8749
2025-07-19 11:00:00,41.9853
2025-07-19 12:00:00,31.4968
2025-07-19 13:00:00,25.3914
2025-07-19 14:00:00,20.8403
2025-07-19 15:00:00,20.6365
2025-07-19 16:00:00,26.8515
2025-07-19 17:00:00,35.1451
2025-07-19 18:00:00,45.8139
2025-07-19 19:00:00,55.9485
2025-07-19 20:00:00,60.8615
2025-07-19 21:00:00,55.5152
2025-07-19 22:00:00,46.1281
2025-07-19 23:00:00,37.5556
2025-07-20 00:00:00,25.2931
2025-07-20 01:00:00,22.025
2025-07-20 02:00:00,18.9124
2025-07-20 03:00:00,18.7793
2025-07-20 04:00:00,20.2576
2025-07-20 05:00:00,22.9896
2025-07-20 06:00:00,25.0748
2025-07-20 07:00:00,25.2653
2025-07-20 08:00:00,28.0288
2025-07-20 09:00:00,32.8252
2025-07-20 10:00:00,39.3082
2025-07-20 11:00:00,37.9594
2025-07-20 12:00:00,31.2796
2025-07-20 13:00:00,23.7052
2025-07-20 14:00:00,24.6241
2025-07-20 15:00:00,22.9401
2025-07-20 16:00:00,25.8958
2025-07-20 17:00:00,34.3573
2025-07-20 18:00:00,45.1805
2025-07-20 19:00:00,56.1498
2025-07-20 20:00:00,59.7576
2025-07-20 21:00:00,56.6939
2025-07-20 22:00:00,45.4176
2025-07-20 23:00:00,37.3399
2025-07-21 00:00:00,30.1499
2025-07-21 01:00:00,26.487
2025-07-21 02:00:00,22.7569
2025-07-21 03:00:00,22.0499
2025-07-21 04:00:00,23.2961
2025-07-21 05:00:00,26.5471
2025-07-21 06:00:00,30.6596
2025-07-21 07:00:00,33.4961
2025-07-21 08:00:00,36.7586
2025-07-21 09:00:00,46.2661
2025-07-21 10:00:00,52.3686
2025-07-21 11:00:00,48.5918
2025-07-21 12:00:00,42.8987
2025-07-21 13:00:00,33.3748
2025-07-21 14:00:00,31.2204
2025-07-21 15:00:00,28.4663
2025-07-21 16:00:00,34.5486
2025-07-21 17:00:00,42.3584
2025-07-21 18:00:00,51.1666
2025-07-21 19:00:00,65.8257
2025-07-21 20:00:00,71.6182
2025-07-21 21:00:00,65.6776
2025-07-21 22:00:00,54.8489
2025-07-21 23:00:00,44.4797
2025-07-22 00:00:00,29.6353
2025-07-22 01:00:00,26.6325
2025-07-22 02:00:00,22.686
2025-07-22 03:00:00,21.8425
2025-07-22 04:00:00,23.5958
2025-07-22 05:00:00,25.742
2025-07-22 06:00:00,29.5289
2025-07-22 07:00:00,33.2379
2025-07-22 08:00:00,35.9386
2025-07-22 09:00:00,44.7965
2025-07-22 10:00:00,51.9967
2025-07-22 11:00:00,49.9493
2025-07-22 12:00:00,40.9256
2025-07-22 13:00:00,34.5051
2025-07-22 14:00:00,28.451
2025-07-22 15:00:00,26.6497
2025-07-22 16:00:00,32.1579
2025-07-22 17:00:00,42.6315
2025-07-22 18:00:00,55.0323
2025-07-22 19:00:00,67.146
2025-07-22 20:00:00,71.9008
2025-07-22 21:00:00,65.2603
2025-07-22 22:00:00,54.6699
2025-07-22 23:00:00,45.0724
2025-07-23 00:00:00,29.137
2025-07-23 01:00:00,26.7201
2025-07-23 02:00:00,22.6893
2025-07-23 03:00:00,21.844
2025-07-23 04:00:00,23.04
2025-07-23 05:00:00,26.1359
2025-07-23 06:00:00,28.6608
2025-07-23 07:00:00,31.9487
2025-07-23 08:00:00,38.5443
2025-07-23 09:00:00,43.9803
2025-07-23 10:00:00,52.5921
2025-07-23 11:00:00,52.4876
2025-07-23 12:00:00,43.9621
2025-07-23 13:00:00,34.4462
2025-07-23 14:00:00,29.8525
2025-07-23 15:00:00,29.6653
2025-07-23 16:00:00,35.4663
2025-07-23 17:00:00,43.0204
2025-07-23 18:00:00,55.2478
2025-07-23 19:00:00,64.3991
2025-07-23 20:00:00,72.2348
2025-07-23 21:00:00,67.8482
2025-07-23 22:00:00,55.0803
2025-07-23 23:00:00,43.6406
2025-07-24 00:00:00,29.4246
2025-07-24 01:00:00,26.8909
2025-07-24 02:00:00,23.1976
2025-07-24 03:00:00,21.8025
2025-07-24 04:00:00,23.0225
2025-07-24 05:00:00,26.3679
2025-07-24 06:00:00,30.7914
2025-07-24 07:00:00,34.4855
2025-07-24 08:00:00,40.2888
2025-07-24 09:00:00,50.039
2025-07-24 10:00:00,58.4794
2025-07-24 11:00:00,54.9553
2025-07-24 12:00:00,45.4508
2025-07-24 13:00:00,35.1999
2025-07-24 14:00:00,28.7392
2025-07-24 15:00:00,30.5685
2025-07-24 16:00:00,36.0026
2025-07-24 17:00:00,43.2388
2025-07-24 18:00:00,54.4117
2025-07-24 19:00:00,65.6563
2025-07-24 20:00:00,72.2997
2025-07-24 21:00:00,66.83
2025-07-24 22:00:00,53.1303
2025-07-24 23:00:00,43.6516
2025-07-25 00:00:00,29.6819
2025-07-25 01:00:00,26.554
2025-07-25 02:00:00,23.0808
2025-07-25 03:00:00,22.0204
2025-07-25 04:00:00,23.634
2025-07-25 05:00:00,26.7344
2025-07-25 06:00:00,28.5127
2025-07-25 07:00:00,33.1123
2025-07-25 08:00:00,37.1444
2025-07-25 09:00:00,46.667
2025-07-25 10:00:00,52.7729
2025-07-25 11:00:00,49.6184
2025-07-25 12:00:00,42.3522
2025-07-25 13:00:00,31.0121
2025-07-25 14:00:00,28.935
2025-07-25 15:00:00,29.2038
2025-07-25 16:00:00,33.6576
2025-07-25 17:00:00,41.5242
2025-07-25 18:00:00,55.2628
2025-07-25 19:00:00,66.8311
2025-07-25 20:00:00,72.4818
2025-07-25 21:00:00,66.3491
2025-07-25 22:00:00,54.0902
2025-07-25 23:00:00,44.4519
2025-07-26 00:00:00,24.9928
2025-07-26 01:00:00,21.9628
2025-07-26 02:00:00,20.1719
2025-07-26 03:00:00,18.5333
2025-07-26 04:00:00,19.5377
2025-07-26 05:00:00,22.0635
2025-07-26 06:00:00,24.9707
2025-07-26 07:00:00,27.9592
2025-07-26 08:00:00,30.7018
2025-07-26 09:00:00,38.3951
2025-07-26 10:00:00,42.5694
2025-07-26 11:00:00,41.0455
2025-07-26 12:00:00,35.0675
2025-07-26 13:00:00,24.9959
2025-07-26 14:00:00,23.9214
2025-07-26 15:00:00,23.0569
2025-07-26 16:00:00,28.5571
2025-07-26 17:00:00,35.8067
2025-07-26 18:00:00,45.4379
2025-07-26 19:00:00,54.985
2025-07-26 20:00:00,60.7113
2025-07-26 21:00:00,56.3897
2025-07-26 22:00:00,45.6534
2025-07-26 23:00:00,37.48
2025-07-27 00:00:00,25.0654
2025-07-27 01:00:00,22.006
2025-07-27 02:00:00,19.5239
2025-07-27 03:00:00,18.4855
2025-07-27 04:00:00,19.3011
2025-07-27 05:00:00,21.649
2025-07-27 06:00:00,24.6858
2025-07-27 07:00:00,27.3858
2025-07-27 08:00:00,32.0365
2025-07-27 09:00:00,40.7422
2025-07-27 10:00:00,46.632
2025-07-27 11:00:00,45.9636
2025-07-27 12:00:00,33.7288
2025-07-27 13:00:00,28.1927
2025-07-27 14:00:00,25.2038
2025-07-27 15:00:00,23.9894
2025-07-27 16:00:00,27.9552
2025-07-27 17:00:00,36.2732
2025-07-27 18:00:00,46.1594
2025-07-27 19:00:00,56.3176
2025-07-27 20:00:00,59.9335
2025-07-27 21:00:00,54.788
2025-07-27 22:00:00,46.3209
2025-07-27 23:00:00,37.1174
2025-07-28 00:00:00,29.9265
2025-07-28 01:00:00,25.4562
2025-07-28 02:00:00,22.9331
2025-07-28 03:00:00,21.9616
2025-07-28 04:00:00,22.5264
2025-07-28 05:00:00,26.7669
2025-07-28 06:00:00,29.2553
2025-07-28 07:00:00,34.7102
2025-07-28 08:00:00,41.0638
2025-07-28 09:00:00,51.7183
2025-07-28 10:00:00,60.668
2025-07-28 11:00:00,57.5883
2025-07-28 12:00:00,44.3283
2025-07-28 13:00:00,32.9522
2025-07-28 14:00:00,24.3458
2025-07-28 15:00:00,29.0109
2025-07-28 16:00:00,32.517
2025-07-28 17:00:00,42.492
2025-07-28 18:00:00,53.4513
2025-07-28 19:00:00,66.8519
2025-07-28 20:00:00,70.0656
2025-07-28 21:00:00,66.0688
2025-07-28 22:00:00,55.4738
2025-07-28 23:00:00,44.7271
2025-07-29 00:00:00,29.3025
2025-07-29 01:00:00,26.5134
2025-07-29 02:00:00,22.8699
2025-07-29 03:00:00,21.8455
2025-07-29 04:00:00,22.871
2025-07-29 05:00:00,26.649
2025-07-29 06:00:00,29.3114
2025-07-29 07:00:00,31.1611
2025-07-29 08:00:00,35.3232
2025-07-29 09:00:00,43.8782
2025-07-29 10:00:00,52.1141
2025-07-29 11:00:00,49.6196
2025-07-29 12:00:00,38.9964
2025-07-29 13:00:00,29.5676
2025-07-29 14:00:00,24.2319
2025-07-29 15:00:00,25.675
2025-07-29 16:00:00,32.5396
2025-07-29 17:00:00,42.0206
2025-07-29 18:00:00,54.609
2025-07-29 19:00:00,65.6811
2025-07-29 20:00:00,70.5954
2025-07-29 21:00:00,64.7091
2025-07-29 22:00:00,54.7054
2025-07-29 23:00:00,43.5366
2025-07-30 00:00:00,29.9293
2025-07-30 01:00:00,26.5868
2025-07-30 02:00:00,23.4468
2025-07-30 03:00:00,22.4961
2025-07-30 04:00:00,23.5031
2025-07-30 05:00:00,27.0328
2025-07-30 06:00:00,30.3261
2025-07-30 07:00:00,35.0225
2025-07-30 08:00:00,42.9311
2025-07-30 09:00:00,53.4477
2025-07-30 10:00:00,62.1276
2025-07-30 11:00:00,59.7208
2025-07-30 12:00:00,47.7254
2025-07-30 13:00:00,35.9977
2025-07-30 14:00:00,27.7197
2025-07-30 15:00:00,27.7423
2025-07-30 16:00:00,34.4975
2025-07-30 17:00:00,40.9931
2025-07-30 18:00:00,54.1898
2025-07-30 19:00:00,65.7569
2025-07-30 20:00:00,72.9918
2025-07-30 21:00:00,66.2803
2025-07-30 22:00:00,54.0065
2025-07-30 23:00:00,44.6724
2025-07-31 00:00:00,29.9655
2025-07-31 01:00:00,25.661
2025-07-31 02:00:00,23.0661
2025-07-31 03:00:00,21.6365
2025-07-31 04:00:00,22.7495
2025-07-31 05:00:00,25.7475
2025-07-31 06:00:00,29.4852
2025-07-31 07:00:00,33.9973
2025-07-31 08:00:00,39.9077
2025-07-31 09:00:00,52.042
2025-07-31 10:00:00,59.9868
2025-07-31 11:00:00,58.2763
2025-07-31 12:00:00,45.5478
2025-07-31 13:00:00,37.6947
2025-07-31 14:00:00,34.4879
2025-07-31 15:00:00,33.5561
2025-07-31 16:00:00,36.6907
2025-07-31 17:00:00,43.4904
2025-07-31 18:00:00,53.8959
2025-07-31 19:00:00,67.4391
2025-07-31 20:00:00,71.3127
2025-07-31 21:00:00,65.985
2025-07-31 22:00:00,56.4218
2025-07-31 23:00:00,43.12
2025-08-01 00:00:00,30.6463
2025-08-01 01:00:00,26.5832
2025-08-01 02:00:00,23.92
2025-08-01 03:00:00,22.0742
2025-08-01 04:00:00,23.4846
2025-08-01 05:00:00,26.8463
2025-08-01 06:00:00,30.1963
2025-08-01 07:00:00,31.6525
2025-08-01 08:00:00,37.3056
2025-08-01 09:00:00,44.8658
2025-08-01 10:00:00,48.3892
2025-08-01 11:00:00,49.6718
2025-08-01 12:00:00,38.3708
2025-08-01 13:00:00,29.9547
2025-08-01 14:00:00,26.8408
2025-08-01 15:00:00,27.8369
2025-08-01 16:00:00,34.0391
2025-08-01 17:00:00,42.4798
2025-08-01 18:00:00,55.3343
2025-08-01 19:00:00,66.0344
2025-08-01 20:00:00,71.1039
2025-08-01 21:00:00,67.5223
2025-08-01 22:00:00,55.5858
2025-08-01 23:00:00,44.3016
2025-08-02 00:00:00,25.7193
2025-08-02 01:00:00,22.5101
2025-08-02 02:00:00,20.3375
2025-08-02 03:00:00,19.0387
2025-08-02 04:00:00,19.7977
2025-08-02 05:00:00,22.8272
2025-08-02 06:00:00,25.9354
2025-08-02 07:00:00,29.8325
2025-08-02 08:00:00,35.1419
2025-08-02 09:00:00,45.4553
2025-08-02 10:00:00,54.7923
2025-08-02 11:00:00,53.9615
2025-08-02 12:00:00,46.632
2025-08-02 13:00:00,37.2494
2025-08-02 14:00:00,29.3889
2025-08-02 15:00:00,28.7668
2025-08-02 16:00:00,31.6664
2025-08-02 17:00:00,36.9945
2025-08-02 18:00:00,47.2325
2025-08-02 19:00:00,57.1644
2025-08-02 20:00:00,60.4643
2025-08-02 21:00:00,57.079
2025-08-02 22:00:00,46.2971
2025-08-02 23:00:00,39.2035
2025-08-03 00:00:00,25.4258
2025-08-03 01:00:00,22.8826
2025-08-03 02:00:00,20.2171
2025-08-03 03:00:00,18.8836
2025-08-03 04:00:00,20.0982
2025-08-03 05:00:00,22.6127
2025-08-03 06:00:00,26.5261
2025-08-03 07:00:00,30.0657
2025-08-03 08:00:00,36.6125
2025-08-03 09:00:00,47.8923
2025-08-03 10:00:00,54.1302
2025-08-03 11:00:00,53.0989
2025-08-03 12:00:00,42.377
2025-08-03 13:00:00,32.5448
2025-08-03 14:00:00,23.9044
2025-08-03 15:00:00,24.7862
2025-08-03 16:00:00,28.4682
2025-08-03 17:00:00,36.6959
2025-08-03 18:00:00,45.9016
2025-08-03 19:00:00,56.9262
2025-08-03 20:00:00,60.662
2025-08-03 21:00:00,56.9476
2025-08-03 22:00:00,48.2203
2025-08-03 23:00:00,39.349
2025-08-04 00:00:00,31.203
2025-08-04 01:00:00,26.2326
2025-08-04 02:00:00,23.4213
2025-08-04 03:00:00,22.4938
2025-08-04 04:00:00,22.9665
2025-08-04 05:00:00,27.2874
2025-08-04 06:00:00,29.2129
2025-08-04 07:00:00,32.4037
2025-08-04 08:00:00,36.3822
2025-08-04 09:00:00,46.6041
2025-08-04 10:00:00,55.4064
2025-08-04 11:00:00,55.5283
2025-08-04 12:00:00,45.9124
2025-08-04 13:00:00,35.9858
2025-08-04 14:00:00,32.2895
2025-08-04 15:00:00,30.8071
2025-08-04 16:00:00,35.1047
2025-08-04 17:00:00,42.8498
2025-08-04 18:00:00,55.4388
2025-08-04 19:00:00,67.2572
2025-08-04 20:00:00,71.5111
2025-08-04 21:00:00,67.7245
2025-08-04 22:00:00,54.9528
2025-08-04 23:00:00,44.0179
2025-08-05 00:00:00,29.8979
2025-08-05 01:00:00,26.5699
2025-08-05 02:00:00,23.5445
2025-08-05 03:00:00,22.3861
2025-08-05 04:00:00,23.5267
2025-08-05 05:00:00,26.9825
2025-08-05 06:00:00,31.2465
2025-08-05 07:00:00,35.1355
2025-08-05 08:00:00,42.2433
2025-08-05 09:00:00,52.0388
2025-08-05 10:00:00,61.6984
2025-08-05 11:00:00,61.5754
2025-08-05 12:00:00,50.3414
2025-08-05 13:00:00,41.6061
2025-08-05 14:00:00,33.1751
2025-08-05 15:00:00,30.5523
2025-08-05 16:00:00,36.2087
2025-08-05 17:00:00,43.6212
2025-08-05 18:00:00,55.3391
2025-08-05 19:00:00,68.4708
2025-08-05 20:00:00,72.303
2025-08-05 21:00:00,67.9835
2025-08-05 22:00:00,57.2547
2025-08-05 23:00:00,44.9504
2025-08-06 00:00:00,30.1043
2025-08-06 01:00:00,26.2109
2025-08-06 02:00:00,22.9345
2025-08-06 03:00:00,22.3244
2025-08-06 04:00:00,24.0155
2025-08-06 05:00:00,26.3228
2025-08-06 06:00:00,30.5523
2025-08-06 07:00:00,33.7254
2025-08-06 08:00:00,37.8575
2025-08-06 09:00:00,46.491
2025-08-06 10:00:00,54.1842
2025-08-06 11:00:00,52.8925
2025-08-06 12:00:00,41.8115
2025-08-06 13:00:00,31.9609
2025-08-06 14:00:00,28.0372
2025-08-06 15:00:00,31.5135
2025-08-06 16:00:00,33.9441
2025-08-06 17:00:00,44.0525
2025-08-06 18:00:00,54.8828
2025-08-06 19:00:00,67.699
2025-08-06 20:00:00,72.3683
2025-08-06 21:00:00,68.1145
2025-08-06 22:00:00,56.0043
2025-08-06 23:00:00,46.1629
2025-08-07 00:00:00,29.6297
2025-08-07 01:00:00,27.3506
2025-08-07 02:00:00,23.493
2025-08-07 03:00:00,22.1152
2025-08-07 04:00:00,23.6807
2025-08-07 05:00:00,26.2315
2025-08-07 06:00:00,31.1969
2025-08-07 07:00:00,35.1837
2025-08-07 08:00:00,42.9913
2025-08-07 09:00:00,54.1792
2025-08-07 10:00:00,66.0526
2025-08-07 11:00:00,62.7076
2025-08-07 12:00:00,53.5054
2025-08-07 13:00:00,42.4749
2025-08-07 14:00:00,32.4359
2025-08-07 15:00:00,33.0889
2025-08-07 16:00:00,34.5628
2025-08-07 17:00:00,43.1014
2025-08-07 18:00:00,56.0637
2025-08-07 19:00:00,67.19
2025-08-07 20:00:00,70.9785
2025-08-07 21:00:00,67.1578
2025-08-07 22:00:00,54.7666
2025-08-07 23:00:00,44.4724
2025-08-08 00:00:00,30.7057
2025-08-08 01:00:00,26.686
2025-08-08 02:00:00,23.9472
2025-08-08 03:00:00,22.7544
2025-08-08 04:00:00,23.3438
2025-08-08 05:00:00,26.5628
2025-08-08 06:00:00,30.8508
2025-08-08 07:00:00,36.5173
2025-08-08 08:00:00,43.3366
2025-08-08 09:00:00,55.1429
2025-08-08 10:00:00,61.7425
2025-08-08 11:00:00,57.6929
2025-08-08 12:00:00,44.3913
2025-08-08 13:00:00,31.1005
2025-08-08 14:00:00,24.8115
2025-08-08 15:00:00,27.1105
2025-08-08 16:00:00,32.4624
2025-08-08 17:00:00,44.4386
2025-08-08 18:00:00,53.5075
2025-08-08 19:00:00,67.5503
2025-08-08 20:00:00,72.276
2025-08-08 21:00:00,66.9585
2025-08-08 22:00:00,57.0733
2025-08-08 23:00:00,44.4218
2025-08-09 00:00:00,25.6294
2025-08-09 01:00:00,22.738
2025-08-09 02:00:00,19.7834
2025-08-09 03:00:00,18.6936
2025-08-09 04:00:00,19.9243
2025-08-09 05:00:00,22.3846
2025-08-09 06:00:00,25.637
2025-08-09 07:00:00,26.82
2025-08-09 08:00:00,27.8011
2025-08-09 09:00:00,36.3337
2025-08-09 10:00:00,40.9903
2025-08-09 11:00:00,39.5736
2025-08-09 12:00:00,31.0331
2025-08-09 13:00:00,23.3692
2025-08-09 14:00:00,20.9182
2025-08-09 15:00:00,23.5138
2025-08-09 16:00:00,29.0106
2025-08-09 17:00:00,35.5661
2025-08-09 18:00:00,46.3511
2025-08-09 19:00:00,57.4739
2025-08-09 20:00:00,63.4656
2025-08-09 21:00:00,58.2863
2025-08-09 22:00:00,46.4062
2025-08-09 23:00:00,38.4722
2025-08-10 00:00:00,25.2395
2025-08-10 01:00:00,23.3553
2025-08-10 02:00:00,19.5878
2025-08-10 03:00:00,19.0465
2025-08-10 04:00:00,20.2265
2025-08-10 05:00:00,23.5815
2025-08-10 06:00:00,25.9894
2025-08-10 07:00:00,28.8047
2025-08-10 08:00:00,34.1397
2025-08-10 09:00:00,43.2349
2025-08-10 10:00:00,49.3543
2025-08-10 11:00:00,45.2905
2025-08-10 12:00:00,34.5717
2025-08-10 13:00:00,26.3778
2025-08-10 14:00:00,26.0637
2025-08-10 15:00:00,24.1706
2025-08-10 16:00:00,32.5898
2025-08-10 17:00:00,38.0789
2025-08-10 18:00:00,46.2666
2025-08-10 19:00:00,56.0159
2025-08-10 20:00:00,61.1541
2025-08-10 21:00:00,56.2963
2025-08-10 22:00:00,47.8883
2025-08-10 23:00:00,38.8143
2025-08-11 00:00:00,30.7111
2025-08-11 01:00:00,27.0124
2025-08-11 02:00:00,24.2304
2025-08-11 03:00:00,22.4285
2025-08-11 04:00:00,24.1408
2025-08-11 05:00:00,27.014
2025-08-11 06:00:00,30.0752
2025-08-11 07:00:00,31.2762
2025-08-11 08:00:00,35.6895
2025-08-11 09:00:00,42.785
2025-08-11 10:00:00,50.7249
2025-08-11 11:00:00,48.6437
2025-08-11 12:00:00,38.5684
2025-08-11 13:00:00,30.3301
2025-08-11 14:00:00,25.1838
2025-08-11 15:00:00,25.1418
2025-08-11 16:00:00,31.5895
2025-08-11 17:00:00,44.0612
2025-08-11 18:00:00,55.947
2025-08-11 19:00:00,66.9775
2025-08-11 20:00:00,72.4925
2025-08-11 21:00:00,66.92
2025-08-11 22:00:00,55.9596
2025-08-11 23:00:00,45.9774
2025-08-12 00:00:00,30.3344
2025-08-12 01:00:00,27.0684
2025-08-12 02:00:00,24.1402
2025-08-12 03:00:00,22.2661
2025-08-12 04:00:00,23.8006
2025-08-12 05:00:00,26.5274
2025-08-12 06:00:00,30.3518
2025-08-12 07:00:00,32.0355
2025-08-12 08:00:00,35.7401
2025-08-12 09:00:00,43.8853
2025-08-12 10:00:00,51.3574
2025-08-12 11:00:00,48.3181
2025-08-12 12:00:00,40.7013
2025-08-12 13:00:00,29.0158
2025-08-12 14:00:00,25.421
2025-08-12 15:00:00,26.7447
2025-08-12 16:00:00,31.2126
2025-08-12 17:00:00,42.1243
2025-08-12 18:00:00,55.2771
2025-08-12 19:00:00,67.8607
2025-08-12 20:00:00,72.8626
2025-08-12 21:00:00,68.3673
2025-08-12 22:00:00,54.725
2025-08-12 23:00:00,44.6926
2025-08-13 00:00:00,30.6554
2025-08-13 01:00:00,26.9139
2025-08-13 02:00:00,23.5661
2025-08-13 03:00:00,22.2055
2025-08-13 04:00:00,22.9898
2025-08-13 05:00:00,27.0252
2025-08-13 06:00:00,29.8384
2025-08-13 07:00:00,31.4056
2025-08-13 08:00:00,35.6039
2025-08-13 09:00:00,44.3957
2025-08-13 10:00:00,52.699
2025-08-13 11:00:00,52.8884
2025-08-13 12:00:00,45.5743
2025-08-13 13:00:00,36.799
2025-08-13 14:00:00,32.2527
2025-08-13 15:00:00,33.1217
2025-08-13 16:00:00,37.205
2025-08-13 17:00:00,43.5597
2025-08-13 18:00:00,55.7665
2025-08-13 19:00:00,67.836
2025-08-13 20:00:00,72.8116
2025-08-13 21:00:00,69.9122
2025-08-13 22:00:00,56.5975
2025-08-13 23:00:00,44.3858
2025-08-14 00:00:00,30.0078
2025-08-14 01:00:00,26.319
2025-08-14 02:00:00,23.4883
2025-08-14 03:00:00,22.485
2025-08-14 04:00:00,23.9555
2025-08-14 05:00:00,26.5492
2025-08-14 06:00:00,29.6391
2025-08-14 07:00:00,33.126
2025-08-14 08:00:00,38.1876
2025-08-14 09:00:00,49.5148
2025-08-14 10:00:00,57.1613
2025-08-14 11:00:00,58.5452
2025-08-14 12:00:00,49.4985
2025-08-14 13:00:00,35.4939
2025-08-14 14:00:00,31.1881
2025-08-14 15:00:00,30.8097
2025-08-14 16:00:00,35.13
2025-08-14 17:00:00,42.818
2025-08-14 18:00:00,54.5027
2025-08-14 19:00:00,67.0167
2025-08-14 20:00:00,74.0928
2025-08-14 21:00:00,65.9137
2025-08-14 22:00:00,56.8245
2025-08-14 23:00:00,43.9882
2025-08-15 00:00:00,30.6466
2025-08-15 01:00:00,26.3074
2025-08-15 02:00:00,23.3152
2025-08-15 03:00:00,22.5678
2025-08-15 04:00:00,23.9142
2025-08-15 05:00:00,26.4416
2025-08-15 06:00:00,29.2875
2025-08-15 07:00:00,32.4452
2025-08-15 08:00:00,34.8876
2025-08-15 09:00:00,43.6913
2025-08-15 10:00:00,50.2917
2025-08-15 11:00:00,49.6857
2025-08-15 12:00:00,41.432
2025-08-15 13:00:00,31.3202
2025-08-15 14:00:00,27.4164
2025-08-15 15:00:00,27.739
2025-08-15 16:00:00,33.4754
2025-08-15 17:00:00,42.504
2025-08-15 18:00:00,54.9077
2025-08-15 19:00:00,68.0175
2025-08-15 20:00:00,71.0573
2025-08-15 21:00:00,69.1507
2025-08-15 22:00:00,53.1815
2025-08-15 23:00:00,44.1041
2025-08-16 00:00:00,26.325
2025-08-16 01:00:00,23.0587
2025-08-16 02:00:00,19.6418
2025-08-16 03:00:00,18.8771
2025-08-16 04:00:00,20.16
2025-08-16 05:00:00,23.0995
2025-08-16 06:00:00,25.411
2025-08-16 07:00:00,26.8349
2025-08-16 08:00:00,28.8343
2025-08-16 09:00:00,35.0438
2025-08-16 10:00:00,41.4542
2025-08-16 11:00:00,39.9889
2025-08-16 12:00:00,30.4364
2025-08-16 13:00:00,23.7823
2025-08-16 14:00:00,20.0524
2025-08-16 15:00:00,21.505
2025-08-16 16:00:00,27.8625
2025-08-16 17:00:00,35.5701
2025-08-16 18:00:00,46.3117
2025-08-16 19:00:00,57.9581
2025-08-16 20:00:00,62.3931
2025-08-16 21:00:00,57.8959
2025-08-16 22:00:00,46.7127
2025-08-16 23:00:00,38.5325
2025-08-17 00:00:00,25.7614
2025-08-17 01:00:00,22.0638
2025-08-17 02:00:00,19.9999
2025-08-17 03:00:00,19.2708
2025-08-17 04:00:00,20.4737
2025-08-17 05:00:00,22.5663
2025-08-17 06:00:00,25.5199
2025-08-17 07:00:00,28.4355
2025-08-17 08:00:00,33.7542
2025-08-17 09:00:00,38.6355
2025-08-17 10:00:00,46.1691
2025-08-17 11:00:00,43.6943
2025-08-17 12:00:00,34.0397
2025-08-17 13:00:00,26.8339
2025-08-17 14:00:00,24.1051
2025-08-17 15:00:00,25.7114
2025-08-17 16:00:00,31.0403
2025-08-17 17:00:00,36.8963
2025-08-17 18:00:00,46.4784
2025-08-17 19:00:00,58.5259
2025-08-17 20:00:00,60.9143
2025-08-17 21:00:00,57.6149
2025-08-17 22:00:00,47.4795
2025-08-17 23:00:00,38.4297
2025-08-18 00:00:00,30.5289
2025-08-18 01:00:00,26.9243
2025-08-18 02:00:00,23.3721
2025-08-18 03:00:00,21.9285
2025-08-18 04:00:00,23.4683
2025-08-18 05:00:00,26.8256
2025-08-18 06:00:00,30.8242
2025-08-18 07:00:00,35.7747
2025-08-18 08:00:00,43.5004
2025-08-18 09:00:00,54.7975
2025-08-18 10:00:00,63.332
2025-08-18 11:00:00,61.628
2025-08-18 12:00:00,50.8375
2025-08-18 13:00:00,38.7466
2025-08-18 14:00:00,33.1647
2025-08-18 15:00:00,32.6018
2025-08-18 16:00:00,37.3361
2025-08-18 17:00:00,43.9333
2025-08-18 18:00:00,55.6841
2025-08-18 19:00:00,69.2985
2025-08-18 20:00:00,72.2894
2025-08-18 21:00:00,67.399
2025-08-18 22:00:00,55.9037
2025-08-18 23:00:00,43.9963
2025-08-19 00:00:00,30.4388
2025-08-19 01:00:00,26.2506
2025-08-19 02:00:00,23.4804
2025-08-19 03:00:00,21.302
2025-08-19 04:00:00,23.2635
2025-08-19 05:00:00,27.7471
2025-08-19 06:00:00,30.5155
2025-08-19 07:00:00,35.4618
2025-08-19 08:00:00,40.4424
2025-08-19 09:00:00,51.6624
2025-08-19 10:00:00,60.2681
2025-08-19 11:00:00,62.1768
2025-08-19 12:00:00,51.6913
2025-08-19 13:00:00,39.9714
2025-08-19 14:00:00,34.552
2025-08-19 15:00:00,33.9846
2025-08-19 16:00:00,34.5986
2025-08-19 17:00:00,43.135
2025-08-19 18:00:00,55.2592
2025-08-19 19:00:00,66.9223
2025-08-19 20:00:00,72.3063
2025-08-19 21:00:00,67.6882
2025-08-19 22:00:00,55.419
2025-08-19 23:00:00,45.2362
2025-08-20 00:00:00,30.4133
2025-08-20 01:00:00,27.5751
2025-08-20 02:00:00,23.0787
2025-08-20 03:00:00,22.411
2025-08-20 04:00:00,22.9507
2025-08-20 05:00:00,26.6759
2025-08-20 06:00:00,29.8076
2025-08-20 07:00:00,31.9541
2025-08-20 08:00:00,35.0184
2025-08-20 09:00:00,43.3494
2025-08-20 10:00:00,50.8429
2025-08-20 11:00:00,51.5223
2025-08-20 12:00:00,46.866
2025-08-20 13:00:00,38.4036
2025-08-20 14:00:00,29.9332
2025-08-20 15:00:00,32.053
2025-08-20 16:00:00,36.2744
2025-08-20 17:00:00,42.9641
2025-08-20 18:00:00,54.9133
2025-08-20 19:00:00,66.8496
2025-08-20 20:00:00,74.448
2025-08-20 21:00:00,67.5381
2025-08-20 22:00:00,55.8659
2025-08-20 23:00:00,45.2006
2025-08-21 00:00:00,30.1269
2025-08-21 01:00:00,26.2457
2025-08-21 02:00:00,23.9914
2025-08-21 03:00:00,22.0859
2025-08-21 04:00:00,23.4592
2025-08-21 05:00:00,26.6752
2025-08-21 06:00:00,31.3738
2025-08-21 07:00:00,36.1297
2025-08-21 08:00:00,42.0164
2025-08-21 09:00:00,54.2476
2025-08-21 10:00:00,61.9772
2025-08-21 11:00:00,57.7049
2025-08-21 12:00:00,47.8703
2025-08-21 13:00:00,35.0174
2025-08-21 14:00:00,37.5549
2025-08-21 15:00:00,36.2265
2025-08-21 16:00:00,37.6457
2025-08-21 17:00:00,43.611
2025-08-21 18:00:00,55.1762
2025-08-21 19:00:00,66.2484
2025-08-21 20:00:00,72.3894
2025-08-21 21:00:00,66.8418
2025-08-21 22:00:00,54.6273
2025-08-21 23:00:00,45.7029
2025-08-22 00:00:00,30.3659
2025-08-22 01:00:00,26.3915
2025-08-22 02:00:00,23.5644
2025-08-22 03:00:00,22.3288
2025-08-22 04:00:00,23.5718
2025-08-22 05:00:00,26.3358
2025-08-22 06:00:00,31.5867
2025-08-22 07:00:00,35.3193
2025-08-22 08:00:00,43.8656
2025-08-22 09:00:00,52.2298
2025-08-22 10:00:00,63.7627
2025-08-22 11:00:00,62.7878
2025-08-22 12:00:00,50.6919
2025-08-22 13:00:00,42.5561
2025-08-22 14:00:00,37.2208
2025-08-22 15:00:00,35.3195
2025-08-22 16:00:00,37.5599
2025-08-22 17:00:00,43.7284
2025-08-22 18:00:00,54.9676
2025-08-22 19:00:00,69.9086
2025-08-22 20:00:00,72.4403
2025-08-22 21:00:00,66.465
2025-08-22 22:00:00,56.0688
2025-08-22 23:00:00,45.4079
2025-08-23 00:00:00,24.6999
2025-08-23 01:00:00,22.3744
2025-08-23 02:00:00,20.0913
2025-08-23 03:00:00,19.2699
2025-08-23 04:00:00,20.1568
2025-08-23 05:00:00,22.7971
2025-08-23 06:00:00,25.9162
2025-08-23 07:00:00,29.7201
2025-08-23 08:00:00,36.298
2025-08-23 09:00:00,46.9287
2025-08-23 10:00:00,54.7799
2025-08-23 11:00:00,54.6804
2025-08-23 12:00:00,46.1664
2025-08-23 13:00:00,36.6561
2025-08-23 14:00:00,31.9723
2025-08-23 15:00:00,30.0506
2025-08-23 16:00:00,33.43
2025-08-23 17:00:00,37.9779
2025-08-23 18:00:00,45.5662
2025-08-23 19:00:00,56.0477
2025-08-23 20:00:00,60.3841
2025-08-23 21:00:00,55.5761
2025-08-23 22:00:00,47.0056
2025-08-23 23:00:00,38.0479
2025-08-24 00:00:00,25.1483
2025-08-24 01:00:00,22.9182
2025-08-24 02:00:00,20.1587
2025-08-24 03:00:00,18.7785
2025-08-24 04:00:00,19.7262
2025-08-24 05:00:00,22.9975
2025-08-24 06:00:00,26.1331
2025-08-24 07:00:00,30.6484
2025-08-24 08:00:00,33.4329
2025-08-24 09:00:00,39.32
2025-08-24 10:00:00,45.9324
2025-08-24 11:00:00,44.1613
2025-08-24 12:00:00,40.073
2025-08-24 13:00:00,29.7849
2025-08-24 14:00:00,21.4893
2025-08-24 15:00:00,24.0447
2025-08-24 16:00:00,28.2331
2025-08-24 17:00:00,36.0836
2025-08-24 18:00:00,48.5293
2025-08-24 19:00:00,56.2745
2025-08-24 20:00:00,62.5816
2025-08-24 21:00:00,56.8229
2025-08-24 22:00:00,46.7009
2025-08-24 23:00:00,39.045
2025-08-25 00:00:00,29.9421
2025-08-25 01:00:00,26.9361
2025-08-25 02:00:00,23.6674
2025-08-25 03:00:00,22.6519
2025-08-25 04:00:00,23.7178
2025-08-25 05:00:00,26.856
2025-08-25 06:00:00,30.3839
2025-08-25 07:00:00,30.8316
2025-08-25 08:00:00,35.8459
2025-08-25 09:00:00,42.6955
2025-08-25 10:00:00,49.6733
2025-08-25 11:00:00,48.0277
2025-08-25 12:00:00,36.3523
2025-08-25 13:00:00,28.4493
2025-08-25 14:00:00,22.3218
2025-08-25 15:00:00,25.6241
2025-08-25 16:00:00,32.1981
2025-08-25 17:00:00,43.4943
2025-08-25 18:00:00,55.7182
2025-08-25 19:00:00,66.9618
2025-08-25 20:00:00,72.5972
2025-08-25 21:00:00,67.4839
2025-08-25 22:00:00,55.7061
2025-08-25 23:00:00,44.6035
2025-08-26 00:00:00,29.2878
2025-08-26 01:00:00,26.4059
2025-08-26 02:00:00,23.0169
2025-08-26 03:00:00,22.1622
2025-08-26 04:00:00,23.5411
2025-08-26 05:00:00,26.3775
2025-08-26 06:00:00,29.7295
2025-08-26 07:00:00,32.1383
2025-08-26 08:00:00,34.0822
2025-08-26 09:00:00,41.8357
2025-08-26 10:00:00,49.8998
2025-08-26 11:00:00,51.3223
2025-08-26 12:00:00,43.7895
2025-08-26 13:00:00,34.5288
2025-08-26 14:00:00,27.9678
2025-08-26 15:00:00,28.2855
2025-08-26 16:00:00,33.394
2025-08-26 17:00:00,42.1416
2025-08-26 18:00:00,54.7924
2025-08-26 19:00:00,69.2862
2025-08-26 20:00:00,72.1487
2025-08-26 21:00:00,66.7175
2025-08-26 22:00:00,56.0103
2025-08-26 23:00:00,44.4285
2025-08-27 00:00:00,30.1144
2025-08-27 01:00:00,26.5916
2025-08-27 02:00:00,24.3901
2025-08-27 03:00:00,22.3905
2025-08-27 04:00:00,23.2664
2025-08-27 05:00:00,27.2169
2025-08-27 06:00:00,30.3371
2025-08-27 07:00:00,31.9963
2025-08-27 08:00:00,34.3211
2025-08-27 09:00:00,42.4323
2025-08-27 10:00:00,50.5808
2025-08-27 11:00:00,46.4047
2025-08-27 12:00:00,38.8324
2025-08-27 13:00:00,28.4185
2025-08-27 14:00:00,25.3972
2025-08-27 15:00:00,28.4059
2025-08-27 16:00:00,33.5743
2025-08-27 17:00:00,41.6663
2025-08-27 18:00:00,54.6778
2025-08-27 19:00:00,68.9067
2025-08-27 20:00:00,73.8086
2025-08-27 21:00:00,66.5771
2025-08-27 22:00:00,56.8086
2025-08-27 23:00:00,43.6483
2025-08-28 00:00:00,29.9275
2025-08-28 01:00:00,27.2256
2025-08-28 02:00:00,23.9357
2025-08-28 03:00:00,22.6029
2025-08-28 04:00:00,23.8023
2025-08-28 05:00:00,27.926
2025-08-28 06:00:00,30.5651
2025-08-28 07:00:00,33.9228
2025-08-28 08:00:00,37.0975
2025-08-28 09:00:00,47.1612
2025-08-28 10:00:00,56.6648
2025-08-28 11:00:00,52.4456
2025-08-28 12:00:00,42.7443
2025-08-28 13:00:00,32.8468
2025-08-28 14:00:00,33.9147
2025-08-28 15:00:00,34.5614
2025-08-28 16:00:00,37.4844
2025-08-28 17:00:00,45.3158
2025-08-28 18:00:00,56.1517
2025-08-28 19:00:00,68.3316
2025-08-28 20:00:00,71.8076
2025-08-28 21:00:00,67.6622
2025-08-28 22:00:00,55.675
2025-08-28 23:00:00,45.2405
2025-08-29 00:00:00,29.9752
2025-08-29 01:00:00,26.5191
2025-08-29 02:00:00,24.1995
2025-08-29 03:00:00,22.7189
2025-08-29 04:00:00,23.4246
2025-08-29 05:00:00,26.7837
2025-08-29 06:00:00,31.089
2025-08-29 07:00:00,35.8845
2025-08-29 08:00:00,43.3737
2025-08-29 09:00:00,54.313
2025-08-29 10:00:00,66.0607
2025-08-29 11:00:00,66.5175
2025-08-29 12:00:00,54.4756
2025-08-29 13:00:00,42.7284
2025-08-29 14:00:00,37.596
2025-08-29 15:00:00,35.6645
2025-08-29 16:00:00,39.0897
2025-08-29 17:00:00,44.6307
2025-08-29 18:00:00,55.7316
2025-08-29 19:00:00,68.7039
2025-08-29 20:00:00,72.2167
2025-08-29 21:00:00,68.9151
2025-08-29 22:00:00,55.3514
2025-08-29 23:00:00,44.9917
2025-08-30 00:00:00,26.002
2025-08-30 01:00:00,22.4455
2025-08-30 02:00:00,19.9711
2025-08-30 03:00:00,18.8493
2025-08-30 04:00:00,19.9702
2025-08-30 05:00:00,23.0474
2025-08-30 06:00:00,27.1795
2025-08-30 07:00:00,30.3713
2025-08-30 08:00:00,34.8588
2025-08-30 09:00:00,43.9846
2025-08-30 10:00:00,51.3801
2025-08-30 11:00:00,48.0935
2025-08-30 12:00:00,40.2041
2025-08-30 13:00:00,32.6076
2025-08-30 14:00:00,25.3949
2025-08-30 15:00:00,26.097
2025-08-30 16:00:00,28.2257
2025-08-30 17:00:00,35.3519
2025-08-30 18:00:00,47.4617
2025-08-30 19:00:00,58.3693
2025-08-30 20:00:00,62.5292
2025-08-30 21:00:00,57.0524
2025-08-30 22:00:00,48.1995
2025-08-30 23:00:00,38.2395
2025-08-31 00:00:00,26.0665
2025-08-31 01:00:00,22.8303
2025-08-31 02:00:00,19.2968
2025-08-31 03:00:00,18.8257
2025-08-31 04:00:00,19.9333
2025-08-31 05:00:00,23.4258
2025-08-31 06:00:00,25.8999
2025-08-31 07:00:00,27.4911
2025-08-31 08:00:00,30.9379
2025-08-31 09:00:00,38.879
2025-08-31 10:00:00,44.7791
2025-08-31 11:00:00,44.0786
2025-08-31 12:00:00,35.4775
2025-08-31 13:00:00,30.877
2025-08-31 14:00:00,29.6661
2025-08-31 15:00:00,29.939
2025-08-31 16:00:00,29.6115
2025-08-31 17:00:00,36.4504
2025-08-31 18:00:00,47.1447
2025-08-31 19:00:00,58.9924
2025-08-31 20:00:00,60.9408
2025-08-31 21:00:00,58.1328
2025-08-31 22:00:00,46.556
2025-08-31 23:00:00,37.9496
2025-09-01 00:00:00,27.149
2025-09-01 01:00:00,24.2691
2025-09-01 02:00:00,21.3227
2025-09-01 03:00:00,19.8821
2025-09-01 04:00:00,20.9601
2025-09-01 05:00:00,24.4617
2025-09-01 06:00:00,26.8074
2025-09-01 07:00:00,29.4372
2025-09-01 08:00:00,33.4065
2025-09-01 09:00:00,38.677
2025-09-01 10:00:00,44.3248
2025-09-01 11:00:00,46.2307
2025-09-01 12:00:00,38.854
2025-09-01 13:00:00,32.1855
2025-09-01 14:00:00,28.2945
2025-09-01 15:00:00,26.6279
2025-09-01 16:00:00,30.3046
2025-09-01 17:00:00,39.1192
2025-09-01 18:00:00,49.5347
2025-09-01 19:00:00,59.5087
2025-09-01 20:00:00,65.0758
2025-09-01 21:00:00,59.7882
2025-09-01 22:00:00,48.3491
2025-09-01 23:00:00,39.361
2025-09-02 00:00:00,26.9629
2025-09-02 01:00:00,23.6918
2025-09-02 02:00:00,20.8785
2025-09-02 03:00:00,19.3357
2025-09-02 04:00:00,21.5872
2025-09-02 05:00:00,23.9919
2025-09-02 06:00:00,27.0747
2025-09-02 07:00:00,30.7583
2025-09-02 08:00:00,37.4557
2025-09-02 09:00:00,43.4815
2025-09-02 10:00:00,53.9222
2025-09-02 11:00:00,54.2312
2025-09-02 12:00:00,46.13
2025-09-02 13:00:00,37.3223
2025-09-02 14:00:00,32.895
2025-09-02 15:00:00,32.158
2025-09-02 16:00:00,35.2988
2025-09-02 17:00:00,40.3779
2025-09-02 18:00:00,49.7802
2025-09-02 19:00:00,59.4555
2025-09-02 20:00:00,66.0235
2025-09-02 21:00:00,61.5043
2025-09-02 22:00:00,49.9597
2025-09-02 23:00:00,40.1192
2025-09-03 00:00:00,27.1208
2025-09-03 01:00:00,23.8904
2025-09-03 02:00:00,20.5731
2025-09-03 03:00:00,20.1046
2025-09-03 04:00:00,21.2533
2025-09-03 05:00:00,24.3313
2025-09-03 06:00:00,27.7516
2025-09-03 07:00:00,31.8259
2025-09-03 08:00:00,37.6903
2025-09-03 09:00:00,46.6214
2025-09-03 10:00:00,58.1236
2025-09-03 11:00:00,55.8673
2025-09-03 12:00:00,47.3271
2025-09-03 13:00:00,37.8537
2025-09-03 14:00:00,31.1054
2025-09-03 15:00:00,29.5143
2025-09-03 16:00:00,31.4017
2025-09-03 17:00:00,39.4406
2025-09-03 18:00:00,51.4569
2025-09-03 19:00:00,60.2268
2025-09-03 20:00:00,65.1487
2025-09-03 21:00:00,61.72
2025-09-03 22:00:00,48.4957
2025-09-03 23:00:00,40.5755
2025-09-04 00:00:00,27.1913
2025-09-04 01:00:00,24.3121
2025-09-04 02:00:00,20.9315
2025-09-04 03:00:00,20.1489
2025-09-04 04:00:00,21.1794
2025-09-04 05:00:00,24.0999
2025-09-04 06:00:00,26.9527
2025-09-04 07:00:00,27.8784
2025-09-04 08:00:00,30.2149
2025-09-04 09:00:00,36.9844
2025-09-04 10:00:00,41.2393
2025-09-04 11:00:00,37.8505
2025-09-04 12:00:00,30.4703
2025-09-04 13:00:00,22.5292
2025-09-04 14:00:00,19.2513
2025-09-04 15:00:00,22.7367
2025-09-04 16:00:00,28.0879
2025-09-04 17:00:00,39.1611
2025-09-04 18:00:00,49.2987
2025-09-04 19:00:00,58.8824
2025-09-04 20:00:00,67.023
2025-09-04 21:00:00,59.438
2025-09-04 22:00:00,51.0718
2025-09-04 23:00:00,40.8162
2025-09-05 00:00:00,27.145
2025-09-05 01:00:00,23.1035
2025-09-05 02:00:00,20.8348
2025-09-05 03:00:00,19.8507
2025-09-05 04:00:00,21.3586
2025-09-05 05:00:00,23.9791
2025-09-05 06:00:00,26.7192
2025-09-05 07:00:00,27.5664
2025-09-05 08:00:00,30.4516
2025-09-05 09:00:00,36.8614
2025-09-05 10:00:00,45.3513
2025-09-05 11:00:00,45.1143
2025-09-05 12:00:00,38.5935
2025-09-05 13:00:00,31.0744
2025-09-05 14:00:00,25.7206
2025-09-05 15:00:00,24.1104
2025-09-05 16:00:00,29.9294
2025-09-05 17:00:00,37.9522
2025-09-05 18:00:00,49.4573
2025-09-05 19:00:00,59.1303
2025-09-05 20:00:00,66.0556
2025-09-05 21:00:00,60.5526
2025-09-05 22:00:00,48.6774
2025-09-05 23:00:00,39.6138
2025-09-06 00:00:00,22.8319
2025-09-06 01:00:00,20.15
2025-09-06 02:00:00,17.9879
2025-09-06 03:00:00,16.6495
2025-09-06 04:00:00,17.9358
2025-09-06 05:00:00,20.2385
2025-09-06 06:00:00,22.6806
2025-09-06 07:00:00,21.9956
2025-09-06 08:00:00,23.9695
2025-09-06 09:00:00,30.3102
2025-09-06 10:00:00,33.8555
2025-09-06 11:00:00,33.0097
2025-09-06 12:00:00,24.892
2025-09-06 13:00:00,17.0886
2025-09-06 14:00:00,15.3272
2025-09-06 15:00:00,16.7091
2025-09-06 16:00:00,22.943
2025-09-06 17:00:00,32.5007
2025-09-06 18:00:00,42.4483
2025-09-06 19:00:00,52.181
2025-09-06 20:00:00,54.0981
2025-09-06 21:00:00,50.8339
2025-09-06 22:00:00,42.1198
2025-09-06 23:00:00,33.7199
2025-09-07 00:00:00,22.7463
2025-09-07 01:00:00,20.0034
2025-09-07 02:00:00,17.618
2025-09-07 03:00:00,16.7648
2025-09-07 04:00:00,17.7213
2025-09-07 05:00:00,20.2961
2025-09-07 06:00:00,23.0105
2025-09-07 07:00:00,22.9719
2025-09-07 08:00:00,22.789
2025-09-07 09:00:00,27.0424
2025-09-07 10:00:00,33.4816
2025-09-07 11:00:00,30.4618
2025-09-07 12:00:00,24.6667
2025-09-07 13:00:00,16.967
2025-09-07 14:00:00,16.3756
2025-09-07 15:00:00,18.8809
2025-09-07 16:00:00,24.8477
2025-09-07 17:00:00,32.0184
2025-09-07 18:00:00,41.9892
2025-09-07 19:00:00,51.2477
2025-09-07 20:00:00,55.1597
2025-09-07 21:00:00,51.321
2025-09-07 22:00:00,42.0106
2025-09-07 23:00:00,33.2311
2025-09-08 00:00:00,26.779
2025-09-08 01:00:00,24.4052
2025-09-08 02:00:00,20.8767
2025-09-08 03:00:00,19.8937
2025-09-08 04:00:00,21.1838
2025-09-08 05:00:00,24.4836
2025-09-08 06:00:00,26.9829
2025-09-08 07:00:00,27.1416
2025-09-08 08:00:00,29.7062
2025-09-08 09:00:00,35.9948
2025-09-08 10:00:00,41.9193
2025-09-08 11:00:00,40.9793
2025-09-08 12:00:00,34.3802
2025-09-08 13:00:00,24.4295
2025-09-08 14:00:00,21.8091
2025-09-08 15:00:00,24.1261
2025-09-08 16:00:00,29.9876
2025-09-08 17:00:00,38.6265
2025-09-08 18:00:00,48.9685
2025-09-08 19:00:00,61.4919
2025-09-08 20:00:00,64.8188
2025-09-08 21:00:00,59.0787
2025-09-08 22:00:00,49.7604
2025-09-08 23:00:00,39.8447
2025-09-09 00:00:00,27.2752
2025-09-09 01:00:00,23.7947
2025-09-09 02:00:00,20.4816
2025-09-09 03:00:00,19.4923
2025-09-09 04:00:00,20.6634
2025-09-09 05:00:00,23.8849
2025-09-09 06:00:00,27.7409
2025-09-09 07:00:00,27.5557
2025-09-09 08:00:00,29.8887
2025-09-09 09:00:00,36.8241
2025-09-09 10:00:00,43.2449
2025-09-09 11:00:00,45.0753
2025-09-09 12:00:00,34.3592
2025-09-09 13:00:00,29.0321
2025-09-09 14:00:00,22.8853
2025-09-09 15:00:00,25.1702
2025-09-09 16:00:00,29.7851
2025-09-09 17:00:00,38.6113
2025-09-09 18:00:00,50.7609
2025-09-09 19:00:00,59.7846
2025-09-09 20:00:00,65.7554
2025-09-09 21:00:00,61.6847
2025-09-09 22:00:00,49.7287
2025-09-09 23:00:00,39.345
2025-09-10 00:00:00,26.8885
2025-09-10 01:00:00,23.5835
2025-09-10 02:00:00,20.7424
2025-09-10 03:00:00,20.1067
2025-09-10 04:00:00,21.453
2025-09-10 05:00:00,24.4091
2025-09-10 06:00:00,26.7151
2025-09-10 07:00:00,27.7714
2025-09-10 08:00:00,29.7279
2025-09-10 09:00:00,36.5014
2025-09-10 10:00:00,42.2459
2025-09-10 11:00:00,40.3525
2025-09-10 12:00:00,33.4151
2025-09-10 13:00:00,25.9919
2025-09-10 14:00:00,20.1264
2025-09-10 15:00:00,22.3207
2025-09-10 16:00:00,29.8087
2025-09-10 17:00:00,38.9169
2025-09-10 18:00:00,50.8756
2025-09-10 19:00:00,60.6371
2025-09-10 20:00:00,66.0532
2025-09-10 21:00:00,61.8731
2025-09-10 22:00:00,50.6765
2025-09-10 23:00:00,40.1001
2025-09-11 00:00:00,27.2853
2025-09-11 01:00:00,24.2155
2025-09-11 02:00:00,20.9536
2025-09-11 03:00:00,20.2459
2025-09-11 04:00:00,21.046
2025-09-11 05:00:00,23.598
2025-09-11 06:00:00,26.9149
2025-09-11 07:00:00,27.6593
2025-09-11 08:00:00,29.9405
2025-09-11 09:00:00,35.8366
2025-09-11 10:00:00,41.4751
2025-09-11 11:00:00,40.3011
2025-09-11 12:00:00,31.0301
2025-09-11 13:00:00,22.3463
2025-09-11 14:00:00,19.9856
2025-09-11 15:00:00,21.7807
2025-09-11 16:00:00,28.5168
2025-09-11 17:00:00,38.4965
2025-09-11 18:00:00,50.566
2025-09-11 19:00:00,59.7101
2025-09-11 20:00:00,64.6263
2025-09-11 21:00:00,60.1525
2025-09-11 22:00:00,48.0597
2025-09-11 23:00:00,39.3067
2025-09-12 00:00:00,27.3192
2025-09-12 01:00:00,23.2955
2025-09-12 02:00:00,21.1607
2025-09-12 03:00:00,19.681
2025-09-12 04:00:00,21.5553
2025-09-12 05:00:00,23.7845
2025-09-12 06:00:00,27.3623
2025-09-12 07:00:00,28.6849
2025-09-12 08:00:00,33.8029
2025-09-12 09:00:00,42.2119
2025-09-12 10:00:00,47.1315
2025-09-12 11:00:00,44.0403
2025-09-12 12:00:00,40.3859
2025-09-12 13:00:00,32.5071
2025-09-12 14:00:00,27.835
2025-09-12 15:00:00,27.6314
2025-09-12 16:00:00,30.637
2025-09-12 17:00:00,39.3033
2025-09-12 18:00:00,49.4351
2025-09-12 19:00:00,59.0945
2025-09-12 20:00:00,65.3563
2025-09-12 21:00:00,59.3763
2025-09-12 22:00:00,50.0595
2025-09-12 23:00:00,40.6098
2025-09-13 00:00:00,22.791
2025-09-13 01:00:00,19.8933
2025-09-13 02:00:00,18.0865
2025-09-13 03:00:00,17.1428
2025-09-13 04:00:00,17.8159
2025-09-13 05:00:00,19.9498
2025-09-13 06:00:00,22.4625
2025-09-13 07:00:00,22.4911
2025-09-13 08:00:00,23.3056
2025-09-13 09:00:00,28.5644
2025-09-13 10:00:00,33.6934
2025-09-13 11:00:00,32.1544
2025-09-13 12:00:00,24.927
2025-09-13 13:00:00,18.2223
2025-09-13 14:00:00,15.4751
2025-09-13 15:00:00,18.0987
2025-09-13 16:00:00,24.432
2025-09-13 17:00:00,32.9211
2025-09-13 18:00:00,41.9885
2025-09-13 19:00:00,50.1442
2025-09-13 20:00:00,54.6251
2025-09-13 21:00:00,50.0946
2025-09-13 22:00:00,41.794
2025-09-13 23:00:00,34.4926
2025-09-14 00:00:00,22.9686
2025-09-14 01:00:00,20.6771
2025-09-14 02:00:00,18.3532
2025-09-14 03:00:00,16.7449
2025-09-14 04:00:00,17.9501
2025-09-14 05:00:00,20.6819
2025-09-14 06:00:00,23.5514
2025-09-14 07:00:00,23.3233
2025-09-14 08:00:00,24.4508
2025-09-14 09:00:00,30.4142
2025-09-14 10:00:00,37.0171
2025-09-14 11:00:00,37.8231
2025-09-14 12:00:00,27.9425
2025-09-14 13:00:00,21.7052
2025-09-14 14:00:00,18.4023
2025-09-14 15:00:00,20.5496
2025-09-14 16:00:00,25.0535
2025-09-14 17:00:00,33.6341
2025-09-14 18:00:00,42.7984
2025-09-14 19:00:00,50.848
2025-09-14 20:00:00,55.3078
2025-09-14 21:00:00,51.3674
2025-09-14 22:00:00,42.674
2025-09-14 23:00:00,34.3973
2025-09-15 00:00:00,27.5415
2025-09-15 01:00:00,24.1364
2025-09-15 02:00:00,20.6837
2025-09-15 03:00:00,19.6421
2025-09-15 04:00:00,20.7497
2025-09-15 05:00:00,24.0381
2025-09-15 06:00:00,28.5028
2025-09-15 07:00:00,31.9542
2025-09-15 08:00:00,37.7447
2025-09-15 09:00:00,46.4521
2025-09-15 10:00:00,53.3707
2025-09-15 11:00:00,51.4843
2025-09-15 12:00:00,43.4
2025-09-15 13:00:00,35.4996
2025-09-15 14:00:00,30.0036
2025-09-15 15:00:00,28.476
2025-09-15 16:00:00,32.1609
2025-09-15 17:00:00,39.1793
2025-09-15 18:00:00,49.9043
2025-09-15 19:00:00,59.922
2025-09-15 20:00:00,65.175
2025-09-15 21:00:00,58.648
2025-09-15 22:00:00,49.7952
2025-09-15 23:00:00,39.4796
2025-09-16 00:00:00,27.2716
2025-09-16 01:00:00,23.8766
2025-09-16 02:00:00,20.7758
2025-09-16 03:00:00,19.567
2025-09-16 04:00:00,21.106
2025-09-16 05:00:00,23.9235
2025-09-16 06:00:00,27.7334
2025-09-16 07:00:00,31.2964
2025-09-16 08:00:00,36.9437
2025-09-16 09:00:00,44.5756
2025-09-16 10:00:00,54.4962
2025-09-16 11:00:00,54.7079
2025-09-16 12:00:00,44.9181
2025-09-16 13:00:00,32.8041
2025-09-16 14:00:00,29.5285
2025-09-16 15:00:00,31.0446
2025-09-16 16:00:00,32.9893
2025-09-16 17:00:00,39.3594
2025-09-16 18:00:00,50.5561
2025-09-16 19:00:00,59.2282
2025-09-16 20:00:00,63.1211
2025-09-16 21:00:00,59.6065
2025-09-16 22:00:00,50.0137
2025-09-16 23:00:00,40.1235
2025-09-17 00:00:00,27.1187
2025-09-17 01:00:00,24.0228
2025-09-17 02:00:00,21.0014
2025-09-17 03:00:00,20.4346
2025-09-17 04:00:00,20.6951
2025-09-17 05:00:00,24.0014
2025-09-17 06:00:00,27.0867
2025-09-17 07:00:00,31.4308
2025-09-17 08:00:00,36.5682
2025-09-17 09:00:00,45.6595
2025-09-17 10:00:00,54.545
2025-09-17 11:00:00,56.3834
2025-09-17 12:00:00,48.1752
2025-09-17 13:00:00,39.1541
2025-09-17 14:00:00,31.2385
2025-09-17 15:00:00,32.7819
2025-09-17 16:00:00,33.0535
2025-09-17 17:00:00,39.5321
2025-09-17 18:00:00,47.6528
2025-09-17 19:00:00,61.1406
2025-09-17 20:00:00,64.5954
2025-09-17 21:00:00,59.1816
2025-09-17 22:00:00,49.3186
2025-09-17 23:00:00,39.8309
2025-09-18 00:00:00,26.5651
2025-09-18 01:00:00,24.0925
2025-09-18 02:00:00,21.2919
2025-09-18 03:00:00,19.7616
2025-09-18 04:00:00,21.0269
2025-09-18 05:00:00,24.0568
2025-09-18 06:00:00,27.1025
2025-09-18 07:00:00,30.2351
2025-09-18 08:00:00,34.5561
2025-09-18 09:00:00,43.7393
2025-09-18 10:00:00,51.1213
2025-09-18 11:00:00,46.7987
2025-09-18 12:00:00,38.3902
2025-09-18 13:00:00,29.2592
2025-09-18 14:00:00,25.4179
2025-09-18 15:00:00,28.1748
2025-09-18 16:00:00,32.085
2025-09-18 17:00:00,40.0498
2025-09-18 18:00:00,50.7519
2025-09-18 19:00:00,61.1003
2025-09-18 20:00:00,64.582
2025-09-18 21:00:00,61.5013
2025-09-18 22:00:00,48.6756
2025-09-18 23:00:00,39.6334
2025-09-19 00:00:00,27.1818
2025-09-19 01:00:00,23.7078
2025-09-19 02:00:00,21.0969
2025-09-19 03:00:00,20.0409
2025-09-19 04:00:00,20.8227
2025-09-19 05:00:00,24.4817
2025-09-19 06:00:00,27.3176
2025-09-19 07:00:00,29.2604
2025-09-19 08:00:00,32.6871
2025-09-19 09:00:00,41.3409
2025-09-19 10:00:00,47.9532
2025-09-19 11:00:00,49.6343
2025-09-19 12:00:00,39.9036
2025-09-19 13:00:00,31.2343
2025-09-19 14:00:00,29.4327
2025-09-19 15:00:00,28.6306
2025-09-19 16:00:00,31.3121
2025-09-19 17:00:00,39.5754
2025-09-19 18:00:00,49.9384
2025-09-19 19:00:00,60.88
2025-09-19 20:00:00,64.1014
2025-09-19 21:00:00,59.2663
2025-09-19 22:00:00,50.5465
2025-09-19 23:00:00,39.5257
2025-09-20 00:00:00,22.2358
2025-09-20 01:00:00,20.5609
2025-09-20 02:00:00,17.8633
2025-09-20 03:00:00,16.6089
2025-09-20 04:00:00,17.479
2025-09-20 05:00:00,20.3441
2025-09-20 06:00:00,23.1064
2025-09-20 07:00:00,26.4536
2025-09-20 08:00:00,31.6464
2025-09-20 09:00:00,40.2265
2025-09-20 10:00:00,45.8634
2025-09-20 11:00:00,41.643
2025-09-20 12:00:00,34.2451
2025-09-20 13:00:00,27.458
2025-09-20 14:00:00,25.3643
2025-09-20 15:00:00,26.5915
2025-09-20 16:00:00,28.7583
2025-09-20 17:00:00,33.3108
2025-09-20 18:00:00,42.055
2025-09-20 19:00:00,50.1579
2025-09-20 20:00:00,54.4505
2025-09-20 21:00:00,51.6602
2025-09-20 22:00:00,42.1981
2025-09-20 23:00:00,33.6486
2025-09-21 00:00:00,23.2212
2025-09-21 01:00:00,19.8037
2025-09-21 02:00:00,17.7624
2025-09-21 03:00:00,16.7793
2025-09-21 04:00:00,17.4143
2025-09-21 05:00:00,20.4691
2025-09-21 06:00:00,23.0753
2025-09-21 07:00:00,27.2343
2025-09-21 08:00:00,33.1159
2025-09-21 09:00:00,40.7789
2025-09-21 10:00:00,46.9715
2025-09-21 11:00:00,47.376
2025-09-21 12:00:00,40.3734
2025-09-21 13:00:00,31.9515
2025-09-21 14:00:00,28.2482
2025-09-21 15:00:00,27.1188
2025-09-21 16:00:00,28.5768
2025-09-21 17:00:00,32.8832
2025-09-21 18:00:00,41.9402
2025-09-21 19:00:00,51.0863
2025-09-21 20:00:00,55.244
2025-09-21 21:00:00,51.7278
2025-09-21 22:00:00,42.8278
2025-09-21 23:00:00,34.2342
2025-09-22 00:00:00,27.3727
2025-09-22 01:00:00,24.5541
2025-09-22 02:00:00,21.3273
2025-09-22 03:00:00,19.9968
2025-09-22 04:00:00,21.1946
2025-09-22 05:00:00,24.3953
2025-09-22 06:00:00,27.4001
2025-09-22 07:00:00,27.4946
2025-09-22 08:00:00,28.527
2025-09-22 09:00:00,35.7125
2025-09-22 10:00:00,41.641
2025-09-22 11:00:00,39.0045
2025-09-22 12:00:00,32.002
2025-09-22 13:00:00,22.2718
2025-09-22 14:00:00,20.6072
2025-09-22 15:00:00,22.1591
2025-09-22 16:00:00,29.2157
2025-09-22 17:00:00,38.9827
2025-09-22 18:00:00,50.4265
2025-09-22 19:00:00,60.0895
2025-09-22 20:00:00,63.7922
2025-09-22 21:00:00,58.7751
2025-09-22 22:00:00,49.3748
2025-09-22 23:00:00,40.2592
2025-09-23 00:00:00,27.3839
2025-09-23 01:00:00,23.3906
2025-09-23 02:00:00,20.893
2025-09-23 03:00:00,19.8707
2025-09-23 04:00:00,20.6678
2025-09-23 05:00:00,24.5919
2025-09-23 06:00:00,27.969
2025-09-23 07:00:00,30.1313
2025-09-23 08:00:00,32.5834
2025-09-23 09:00:00,40.4353
2025-09-23 10:00:00,49.9465
2025-09-23 11:00:00,54.6233
2025-09-23 12:00:00,45.6444
2025-09-23 13:00:00,35.9461
2025-09-23 14:00:00,28.6622
2025-09-23 15:00:00,26.9066
2025-09-23 16:00:00,32.0708
2025-09-23 17:00:00,40.0291
2025-09-23 18:00:00,49.7534
2025-09-23 19:00:00,59.9063
2025-09-23 20:00:00,65.7009
2025-09-23 21:00:00,59.1356
2025-09-23 22:00:00,49.7865
2025-09-23 23:00:00,40.3269
2025-09-24 00:00:00,27.3475
2025-09-24 01:00:00,23.7729
2025-09-24 02:00:00,21.1556
2025-09-24 03:00:00,20.2813
2025-09-24 04:00:00,21.2373
2025-09-24 05:00:00,24.9637
2025-09-24 06:00:00,27.8709
2025-09-24 07:00:00,27.261
2025-09-24 08:00:00,29.3654
2025-09-24 09:00:00,35.0045
2025-09-24 10:00:00,42.3465
2025-09-24 11:00:00,39.8347
2025-09-24 12:00:00,31.105
2025-09-24 13:00:00,24.2324
2025-09-24 14:00:00,20.6995
2025-09-24 15:00:00,24.3266
2025-09-24 16:00:00,30.2343
2025-09-24 17:00:00,39.3563
2025-09-24 18:00:00,49.4384
2025-09-24 19:00:00,59.5356
2025-09-24 20:00:00,65.8685
2025-09-24 21:00:00,60.0675
2025-09-24 22:00:00,49.2368
2025-09-24 23:00:00,41.0101
2025-09-25 00:00:00,27.2711
2025-09-25 01:00:00,23.1429
2025-09-25 02:00:00,21.5346
2025-09-25 03:00:00,19.9635
2025-09-25 04:00:00,21.1418
2025-09-25 05:00:00,23.4938
2025-09-25 06:00:00,27.4636
2025-09-25 07:00:00,32.3468
2025-09-25 08:00:00,37.7117
2025-09-25 09:00:00,48.55
2025-09-25 10:00:00,57.8715
2025-09-25 11:00:00,56.5724
2025-09-25 12:00:00,48.0859
2025-09-25 13:00:00,37.3549
2025-09-25 14:00:00,33.452
2025-09-25 15:00:00,32.9747
2025-09-25 16:00:00,34.5311
2025-09-25 17:00:00,40.7429
2025-09-25 18:00:00,49.668
2025-09-25 19:00:00,59.4451
2025-09-25 20:00:00,65.4638
2025-09-25 21:00:00,61.6069
2025-09-25 22:00:00,50.3092
2025-09-25 23:00:00,40.1531
2025-09-26 00:00:00,26.9576
2025-09-26 01:00:00,23.7493
2025-09-26 02:00:00,21.3459
2025-09-26 03:00:00,20.1375
2025-09-26 04:00:00,20.4883
2025-09-26 05:00:00,24.3108
2025-09-26 06:00:00,28.2072
2025-09-26 07:00:00,30.07
2025-09-26 08:00:00,36.8256
2025-09-26 09:00:00,44.8138
2025-09-26 10:00:00,53.099
2025-09-26 11:00:00,55.5955
2025-09-26 12:00:00,47.6978
2025-09-26 13:00:00,39.1956
2025-09-26 14:00:00,33.7649
2025-09-26 15:00:00,32.7869
2025-09-26 16:00:00,35.225
2025-09-26 17:00:00,39.3297
2025-09-26 18:00:00,49.7516
2025-09-26 19:00:00,59.8104
2025-09-26 20:00:00,65.4904
2025-09-26 21:00:00,60.8163
2025-09-26 22:00:00,48.7916
2025-09-26 23:00:00,41.1662
2025-09-27 00:00:00,23.3188
2025-09-27 01:00:00,20.4977
2025-09-27 02:00:00,18.1628
2025-09-27 03:00:00,17.1801
2025-09-27 04:00:00,17.5322
2025-09-27 05:00:00,20.5783
2025-09-27 06:00:00,23.0713
2025-09-27 07:00:00,26.927
2025-09-27 08:00:00,34.1829
2025-09-27 09:00:00,39.6172
2025-09-27 10:00:00,47.6138
2025-09-27 11:00:00,48.9905
2025-09-27 12:00:00,41.1853
2025-09-27 13:00:00,34.472
2025-09-27 14:00:00,29.2796
2025-09-27 15:00:00,27.609
2025-09-27 16:00:00,28.219
2025-09-27 17:00:00,33.6127
2025-09-27 18:00:00,42.4304
2025-09-27 19:00:00,51.4766
2025-09-27 20:00:00,55.4786
2025-09-27 21:00:00,51.3927
2025-09-27 22:00:00,42.0803
2025-09-27 23:00:00,34.3483
2025-09-28 00:00:00,22.9166
2025-09-28 01:00:00,20.1248
2025-09-28 02:00:00,18.2783
2025-09-28 03:00:00,16.9246
2025-09-28 04:00:00,17.4467
2025-09-28 05:00:00,20.4806
2025-09-28 06:00:00,24.0055
2025-09-28 07:00:00,27.4622
2025-09-28 08:00:00,31.8823
2025-09-28 09:00:00,39.2761
2025-09-28 10:00:00,46.144
2025-09-28 11:00:00,47.5909
2025-09-28 12:00:00,40.3904
2025-09-28 13:00:00,32.2172
2025-09-28 14:00:00,28.1671
2025-09-28 15:00:00,27.0159
2025-09-28 16:00:00,29.7644
2025-09-28 17:00:00,34.5989
2025-09-28 18:00:00,41.4608
2025-09-28 19:00:00,51.4741
2025-09-28 20:00:00,56.4508
2025-09-28 21:00:00,51.3186
2025-09-28 22:00:00,42.3841
2025-09-28 23:00:00,34.771
2025-09-29 00:00:00,26.9719
2025-09-29 01:00:00,23.9088
2025-09-29 02:00:00,20.6647
2025-09-29 03:00:00,19.5939
2025-09-29 04:00:00,21.4314
2025-09-29 05:00:00,23.9079
2025-09-29 06:00:00,27.7243
2025-09-29 07:00:00,32.3131
2025-09-29 08:00:00,38.6949
2025-09-29 09:00:00,46.9435
2025-09-29 10:00:00,54.4168
2025-09-29 11:00:00,53.1896
2025-09-29 12:00:00,46.2009
2025-09-29 13:00:00,36.535
2025-09-29 14:00:00,32.3088
2025-09-29 15:00:00,31.936
2025-09-29 16:00:00,34.055
2025-09-29 17:00:00,39.894
2025-09-29 18:00:00,48.8205
2025-09-29 19:00:00,59.9941
2025-09-29 20:00:00,62.3967
2025-09-29 21:00:00,60.0615
2025-09-29 22:00:00,49.0879
2025-09-29 23:00:00,38.4153
2025-09-30 00:00:00,27.1768
2025-09-30 01:00:00,23.9386
2025-09-30 02:00:00,21.1593
2025-09-30 03:00:00,19.6246
2025-09-30 04:00:00,21.2462
2025-09-30 05:00:00,23.7414
2025-09-30 06:00:00,27.7607
2025-09-30 07:00:00,30.5071
2025-09-30 08:00:00,36.6762
2025-09-30 09:00:00,48.1559
2025-09-30 10:00:00,53.5152
2025-09-30 11:00:00,50.1303
2025-09-30 12:00:00,39.1356
2025-09-30 13:00:00,32.8493
2025-09-30 14:00:00,28.8607
2025-09-30 15:00:00,29.0643
2025-09-30 16:00:00,33.868
2025-09-30 17:00:00,40.1266
2025-09-30 18:00:00,49.6934
2025-09-30 19:00:00,60.532
2025-09-30 20:00:00,65.7875
2025-09-30 21:00:00,60.2368
2025-09-30 22:00:00,48.5455
2025-09-30 23:00:00,39.8757
2025-10-01 00:00:00,24.3756
2025-10-01 01:00:00,21.8335
2025-10-01 02:00:00,19.1383
2025-10-01 03:00:00,17.5555
2025-10-01 04:00:00,18.7771
2025-10-01 05:00:00,21.9085
2025-10-01 06:00:00,24.5717
2025-10-01 07:00:00,28.7528
2025-10-01 08:00:00,33.0246
2025-10-01 09:00:00,40.1084
2025-10-01 10:00:00,44.9697
2025-10-01 11:00:00,37.912
2025-10-01 12:00:00,35.0411
2025-10-01 13:00:00,29.5404
2025-10-01 14:00:00,28.9131
2025-10-01 15:00:00,29.3181
2025-10-01 16:00:00,30.7281
2025-10-01 17:00:00,36.5556
2025-10-01 18:00:00,43.3598
2025-10-01 19:00:00,51.973
2025-10-01 20:00:00,56.6647
2025-10-01 21:00:00,54.2949
2025-10-01 22:00:00,45.2221
2025-10-01 23:00:00,36.8109
2025-10-02 00:00:00,24.8595
2025-10-02 01:00:00,21.5979
2025-10-02 02:00:00,19.0671
2025-10-02 03:00:00,17.9433
2025-10-02 04:00:00,18.2709
2025-10-02 05:00:00,21.8321
2025-10-02 06:00:00,25.6267
2025-10-02 07:00:00,28.614
2025-10-02 08:00:00,34.543
2025-10-02 09:00:00,42.0245
2025-10-02 10:00:00,47.0372
2025-10-02 11:00:00,47.014
2025-10-02 12:00:00,40.0466
2025-10-02 13:00:00,33.2092
2025-10-02 14:00:00,27.1588
2025-10-02 15:00:00,28.6713
2025-10-02 16:00:00,30.7484
2025-10-02 17:00:00,37.1169
2025-10-02 18:00:00,45.7206
2025-10-02 19:00:00,54.8687
2025-10-02 20:00:00,58.0223
2025-10-02 21:00:00,53.0622
2025-10-02 22:00:00,45.0179
2025-10-02 23:00:00,36.8074
2025-10-03 00:00:00,23.815
2025-10-03 01:00:00,21.9805
2025-10-03 02:00:00,18.7999
2025-10-03 03:00:00,18.0674
2025-10-03 04:00:00,19.9018
2025-10-03 05:00:00,21.2085
2025-10-03 06:00:00,24.6368
2025-10-03 07:00:00,27.9499
2025-10-03 08:00:00,34.5301
2025-10-03 09:00:00,44.531
2025-10-03 10:00:00,51.8773
2025-10-03 11:00:00,49.9726
2025-10-03 12:00:00,43.1815
2025-10-03 13:00:00,35.8144
2025-10-03 14:00:00,29.6525
2025-10-03 15:00:00,29.023
2025-10-03 16:00:00,31.3995
2025-10-03 17:00:00,35.4183
2025-10-03 18:00:00,44.0639
2025-10-03 19:00:00,54.209
2025-10-03 20:00:00,56.8485
2025-10-03 21:00:00,56.1423
2025-10-03 22:00:00,45.0832
2025-10-03 23:00:00,36.0223
2025-10-04 00:00:00,20.4508
2025-10-04 01:00:00,18.524
2025-10-04 02:00:00,16.167
2025-10-04 03:00:00,15.042
2025-10-04 04:00:00,15.9967
2025-10-04 05:00:00,18.3511
2025-10-04 06:00:00,21.1216
2025-10-04 07:00:00,21.5707
2025-10-04 08:00:00,21.6587
2025-10-04 09:00:00,25.4735
2025-10-04 10:00:00,27.4195
2025-10-04 11:00:00,28.0319
2025-10-04 12:00:00,19.332
2025-10-04 13:00:00,14.7581
2025-10-04 14:00:00,14.0654
2025-10-04 15:00:00,15.5301
2025-10-04 16:00:00,21.1275
2025-10-04 17:00:00,30.3551
2025-10-04 18:00:00,38.4148
2025-10-04 19:00:00,44.9294
2025-10-04 20:00:00,51.0101
2025-10-04 21:00:00,46.1791
2025-10-04 22:00:00,37.8705
2025-10-04 23:00:00,30.386
2025-10-05 00:00:00,20.8365
2025-10-05 01:00:00,17.9241
2025-10-05 02:00:00,15.8444
2025-10-05 03:00:00,15.1375
2025-10-05 04:00:00,16.343
2025-10-05 05:00:00,18.7289
2025-10-05 06:00:00,20.4334
2025-10-05 07:00:00,22.4969
2025-10-05 08:00:00,24.0692
2025-10-05 09:00:00,25.33
2025-10-05 10:00:00,29.218
2025-10-05 11:00:00,26.6676
2025-10-05 12:00:00,20.7055
2025-10-05 13:00:00,14.865
2025-10-05 14:00:00,13.2193
2025-10-05 15:00:00,16.3745
2025-10-05 16:00:00,22.2433
2025-10-05 17:00:00,30.2211
2025-10-05 18:00:00,38.2756
2025-10-05 19:00:00,46.9557
2025-10-05 20:00:00,49.5003
2025-10-05 21:00:00,45.5757
2025-10-05 22:00:00,37.2002
2025-10-05 23:00:00,29.5566
2025-10-06 00:00:00,24.2265
2025-10-06 01:00:00,21.3881
2025-10-06 02:00:00,19.0407
2025-10-06 03:00:00,17.7836
2025-10-06 04:00:00,19.2945
2025-10-06 05:00:00,21.2901
2025-10-06 06:00:00,24.7441
2025-10-06 07:00:00,27.7725
2025-10-06 08:00:00,34.5323
2025-10-06 09:00:00,43.6275
2025-10-06 10:00:00,51.5025
2025-10-06 11:00:00,51.4243
2025-10-06 12:00:00,43.4548
2025-10-06 13:00:00,35.1419
2025-10-06 14:00:00,30.2735
2025-10-06 15:00:00,29.0096
2025-10-06 16:00:00,31.3515
2025-10-06 17:00:00,36.2701
2025-10-06 18:00:00,43.6577
2025-10-06 19:00:00,54.9483
2025-10-06 20:00:00,58.0983
2025-10-06 21:00:00,54.7437
2025-10-06 22:00:00,43.7041
2025-10-06 23:00:00,36.7731
2025-10-07 00:00:00,24.1232
2025-10-07 01:00:00,22.1972
2025-10-07 02:00:00,18.9955
2025-10-07 03:00:00,18.4595
2025-10-07 04:00:00,18.7806
2025-10-07 05:00:00,21.4369
2025-10-07 06:00:00,24.4404
2025-10-07 07:00:00,26.2717
2025-10-07 08:00:00,29.8152
2025-10-07 09:00:00,36.839
2025-10-07 10:00:00,41.9686
2025-10-07 11:00:00,39.7893
2025-10-07 12:00:00,27.5
2025-10-07 13:00:00,23.4425
2025-10-07 14:00:00,17.7586
2025-10-07 15:00:00,21.4677
2025-10-07 16:00:00,27.4726
2025-10-07 17:00:00,36.0947
2025-10-07 18:00:00,44.6816
2025-10-07 19:00:00,54.4199
2025-10-07 20:00:00,59.6391
2025-10-07 21:00:00,53.8839
2025-10-07 22:00:00,43.9862
2025-10-07 23:00:00,35.7982
2025-10-08 00:00:00,24.3711
2025-10-08 01:00:00,21.9051
2025-10-08 02:00:00,19.0389
2025-10-08 03:00:00,18.0872
2025-10-08 04:00:00,18.8715
2025-10-08 05:00:00,21.2937
2025-10-08 06:00:00,24.51
2025-10-08 07:00:00,23.891
2025-10-08 08:00:00,24.5435
2025-10-08 09:00:00,29.6211
2025-10-08 10:00:00,36.2047
2025-10-08 11:00:00,33.083
2025-10-08 12:00:00,27.4853
2025-10-08 13:00:00,19.5414
2025-10-08 14:00:00,17.6066
2025-10-08 15:00:00,19.9371
2025-10-08 16:00:00,26.9453
2025-10-08 17:00:00,35.4138
2025-10-08 18:00:00,44.3064
2025-10-08 19:00:00,53.8886
2025-10-08 20:00:00,59.1243
2025-10-08 21:00:00,54.6573
2025-10-08 22:00:00,43.8808
2025-10-08 23:00:00,36.4533
2025-10-09 00:00:00,24.1188
2025-10-09 01:00:00,21.348
2025-10-09 02:00:00,18.7511
2025-10-09 03:00:00,18.235
2025-10-09 04:00:00,19.4506
2025-10-09 05:00:00,21.767
2025-10-09 06:00:00,24.4679
2025-10-09 07:00:00,23.5155
2025-10-09 08:00:00,25.4321
2025-10-09 09:00:00,31.6329
2025-10-09 10:00:00,36.204
2025-10-09 11:00:00,33.8477
2025-10-09 12:00:00,26.636
2025-10-09 13:00:00,19.7319
2025-10-09 14:00:00,17.7684
2025-10-09 15:00:00,20.2005
2025-10-09 16:00:00,26.9298
2025-10-09 17:00:00,35.7511
2025-10-09 18:00:00,44.4084
2025-10-09 19:00:00,54.554
2025-10-09 20:00:00,58.2643
2025-10-09 21:00:00,55.4232
2025-10-09 22:00:00,45.3561
2025-10-09 23:00:00,35.9626
2025-10-10 00:00:00,24.6527
2025-10-10 01:00:00,22.338
2025-10-10 02:00:00,18.9264
2025-10-10 03:00:00,17.9258
2025-10-10 04:00:00,19.3857
2025-10-10 05:00:00,21.5524
2025-10-10 06:00:00,24.5403
2025-10-10 07:00:00,23.8842
2025-10-10 08:00:00,24.5549
2025-10-10 09:00:00,28.8179
2025-10-10 10:00:00,35.3121
2025-10-10 11:00:00,33.4323
2025-10-10 12:00:00,26.774
2025-10-10 13:00:00,20.0302
2025-10-10 14:00:00,17.0615
2025-10-10 15:00:00,20.2763
2025-10-10 16:00:00,25.9973
2025-10-10 17:00:00,35.7514
2025-10-10 18:00:00,43.953
2025-10-10 19:00:00,55.1673
2025-10-10 20:00:00,58.5905
2025-10-10 21:00:00,54.0021
2025-10-10 22:00:00,45.0316
2025-10-10 23:00:00,36.5902
2025-10-11 00:00:00,20.5263
2025-10-11 01:00:00,18.2058
2025-10-11 02:00:00,16.3315
2025-10-11 03:00:00,15.1241
2025-10-11 04:00:00,16.3853
2025-10-11 05:00:00,18.5113
2025-10-11 06:00:00,20.3205
2025-10-11 07:00:00,19.6248
2025-10-11 08:00:00,19.7081
2025-10-11 09:00:00,23.6107
2025-10-11 10:00:00,26.8112
2025-10-11 11:00:00,25.9951
2025-10-11 12:00:00,18.9073
2025-10-11 13:00:00,14.0191
2025-10-11 14:00:00,11.5331
2025-10-11 15:00:00,15.7609
2025-10-11 16:00:00,22.4958
2025-10-11 17:00:00,30.8681
2025-10-11 18:00:00,37.3724
2025-10-11 19:00:00,47.3365
2025-10-11 20:00:00,50.2696
2025-10-11 21:00:00,46.5058
2025-10-11 22:00:00,37.607
2025-10-11 23:00:00,30.8224
2025-10-12 00:00:00,20.9331
2025-10-12 01:00:00,17.9021
2025-10-12 02:00:00,16.0256
2025-10-12 03:00:00,15.7209
2025-10-12 04:00:00,16.4823
2025-10-12 05:00:00,18.0635
2025-10-12 06:00:00,20.6527
2025-10-12 07:00:00,20.9238
2025-10-12 08:00:00,21.3033
2025-10-12 09:00:00,25.9239
2025-10-12 10:00:00,28.7527
2025-10-12 11:00:00,29.4984
2025-10-12 12:00:00,27.6858
2025-10-12 13:00:00,19.121
2025-10-12 14:00:00,16.5967
2025-10-12 15:00:00,19.0954
2025-10-12 16:00:00,23.3204
2025-10-12 17:00:00,30.5266
2025-10-12 18:00:00,38.0639
2025-10-12 19:00:00,46.0891
2025-10-12 20:00:00,49.9682
2025-10-12 21:00:00,46.111
2025-10-12 22:00:00,38.4551
2025-10-12 23:00:00,30.0435
2025-10-13 00:00:00,24.9134
2025-10-13 01:00:00,21.5059
2025-10-13 02:00:00,18.4577
2025-10-13 03:00:00,17.6878
2025-10-13 04:00:00,19.068
2025-10-13 05:00:00,21.1207
2025-10-13 06:00:00,24.6312
2025-10-13 07:00:00,25.7489
2025-10-13 08:00:00,26.7297
2025-10-13 09:00:00,31.3304
2025-10-13 10:00:00,36.8769
2025-10-13 11:00:00,36.2895
2025-10-13 12:00:00,34.6556
2025-10-13 13:00:00,25.7739
2025-10-13 14:00:00,24.1905
2025-10-13 15:00:00,26.2944
2025-10-13 16:00:00,29.4094
2025-10-13 17:00:00,36.9898
2025-10-13 18:00:00,44.7839
2025-10-13 19:00:00,54.922
2025-10-13 20:00:00,57.5986
2025-10-13 21:00:00,53.1239
2025-10-13 22:00:00,44.3291
2025-10-13 23:00:00,36.016
2025-10-14 00:00:00,24.3129
2025-10-14 01:00:00,21.7358
2025-10-14 02:00:00,18.4655
2025-10-14 03:00:00,17.9794
2025-10-14 04:00:00,18.8617
2025-10-14 05:00:00,21.7997
2025-10-14 06:00:00,24.7372
2025-10-14 07:00:00,24.212
2025-10-14 08:00:00,24.5292
2025-10-14 09:00:00,29.5447
2025-10-14 10:00:00,35.8644
2025-10-14 11:00:00,34.7873
2025-10-14 12:00:00,26.6777
2025-10-14 13:00:00,19.0722
2025-10-14 14:00:00,25.7381
2025-10-14 15:00:00,26.4246
2025-10-14 16:00:00,30.0053
2025-10-14 17:00:00,35.8537
2025-10-14 18:00:00,44.8088
2025-10-14 19:00:00,53.6495
2025-10-14 20:00:00,58.3487
2025-10-14 21:00:00,53.845
2025-10-14 22:00:00,45.7492
2025-10-14 23:00:00,35.9169
2025-10-15 00:00:00,24.9312
2025-10-15 01:00:00,21.5651
2025-10-15 02:00:00,18.8498
2025-10-15 03:00:00,17.4583
2025-10-15 04:00:00,18.9358
2025-10-15 05:00:00,21.9922
2025-10-15 06:00:00,24.5781
2025-10-15 07:00:00,24.8963
2025-10-15 08:00:00,25.4388
2025-10-15 09:00:00,32.4108
2025-10-15 10:00:00,37.3016
2025-10-15 11:00:00,34.5587
2025-10-15 12:00:00,25.6424
2025-10-15 13:00:00,18.1187
2025-10-15 14:00:00,16.5454
2025-10-15 15:00:00,20.4721
2025-10-15 16:00:00,26.6407
2025-10-15 17:00:00,36.3146
2025-10-15 18:00:00,44.7789
2025-10-15 19:00:00,53.8198
2025-10-15 20:00:00,58.5796
2025-10-15 21:00:00,53.8092
2025-10-15 22:00:00,43.4045
2025-10-15 23:00:00,36.2793
2025-10-16 00:00:00,24.4663
2025-10-16 01:00:00,21.2628
2025-10-16 02:00:00,18.548
2025-10-16 03:00:00,17.8117
2025-10-16 04:00:00,19.0727
2025-10-16 05:00:00,20.7107
2025-10-16 06:00:00,24.3846
2025-10-16 07:00:00,24.3503
2025-10-16 08:00:00,25.2565
2025-10-16 09:00:00,29.6145
2025-10-16 10:00:00,35.3931
2025-10-16 11:00:00,35.4487
2025-10-16 12:00:00,25.776
2025-10-16 13:00:00,18.9906
2025-10-16 14:00:00,16.4616
2025-10-16 15:00:00,20.5314
2025-10-16 16:00:00,28.1206
2025-10-16 17:00:00,36.2599
2025-10-16 18:00:00,45.0467
2025-10-16 19:00:00,54.0869
2025-10-16 20:00:00,58.5119
2025-10-16 21:00:00,55.2321
2025-10-16 22:00:00,44.1437
2025-10-16 23:00:00,36.3312
2025-10-17 00:00:00,24.7524
2025-10-17 01:00:00,21.0478
2025-10-17 02:00:00,18.6376
2025-10-17 03:00:00,17.946
2025-10-17 04:00:00,19.2609
2025-10-17 05:00:00,20.9575
2025-10-17 06:00:00,24.8186
2025-10-17 07:00:00,24.5256
2025-10-17 08:00:00,24.4383
2025-10-17 09:00:00,29.9775
2025-10-17 10:00:00,35.9574
2025-10-17 11:00:00,35.4147
2025-10-17 12:00:00,28.2665
2025-10-17 13:00:00,19.597
2025-10-17 14:00:00,17.3801
2025-10-17 15:00:00,19.9572
2025-10-17 16:00:00,26.8574
2025-10-17 17:00:00,37.7653
2025-10-17 18:00:00,43.7939
2025-10-17 19:00:00,55.1129
2025-10-17 20:00:00,58.9073
2025-10-17 21:00:00,52.8229
2025-10-17 22:00:00,44.2054
2025-10-17 23:00:00,36.5613
2025-10-18 00:00:00,20.1481
2025-10-18 01:00:00,18.5653
2025-10-18 02:00:00,15.97
2025-10-18 03:00:00,15.4697
2025-10-18 04:00:00,16.1157
2025-10-18 05:00:00,18.5624
2025-10-18 06:00:00,21.4002
2025-10-18 07:00:00,23.0026
2025-10-18 08:00:00,24.4924
2025-10-18 09:00:00,28.7137
2025-10-18 10:00:00,30.1819
2025-10-18 11:00:00,28.6074
2025-10-18 12:00:00,20.5566
2025-10-18 13:00:00,13.6626
2025-10-18 14:00:00,18.0461
2025-10-18 15:00:00,20.4523
2025-10-18 16:00:00,24.0186
2025-10-18 17:00:00,30.5964
2025-10-18 18:00:00,38.1806
2025-10-18 19:00:00,48.1245
2025-10-18 20:00:00,49.4154
2025-10-18 21:00:00,45.7982
2025-10-18 22:00:00,37.3917
2025-10-18 23:00:00,31.1243
2025-10-19 00:00:00,20.7441
2025-10-19 01:00:00,17.8636
2025-10-19 02:00:00,16.4792
2025-10-19 03:00:00,15.6079
2025-10-19 04:00:00,16.1609
2025-10-19 05:00:00,17.4757
2025-10-19 06:00:00,20.5142
2025-10-19 07:00:00,22.1213
2025-10-19 08:00:00,22.071
2025-10-19 09:00:00,25.954
2025-10-19 10:00:00,30.0874
2025-10-19 11:00:00,29.0819
2025-10-19 12:00:00,21.5443
2025-10-19 13:00:00,14.1591
2025-10-19 14:00:00,14.7118
2025-10-19 15:00:00,16.1074
2025-10-19 16:00:00,22.7395
2025-10-19 17:00:00,30.6422
2025-10-19 18:00:00,37.4742
2025-10-19 19:00:00,46.5543
2025-10-19 20:00:00,48.9571
2025-10-19 21:00:00,46.5781
2025-10-19 22:00:00,37.3756
2025-10-19 23:00:00,30.7068
2025-10-20 00:00:00,24.5302
2025-10-20 01:00:00,21.6282
2025-10-20 02:00:00,18.7994
2025-10-20 03:00:00,18.4178
2025-10-20 04:00:00,19.3858
2025-10-20 05:00:00,20.9589
2025-10-20 06:00:00,24.8533
2025-10-20 07:00:00,27.6841
2025-10-20 08:00:00,31.4295
2025-10-20 09:00:00,38.0275
2025-10-20 10:00:00,41.5239
2025-10-20 11:00:00,38.512
2025-10-20 12:00:00,30.9025
2025-10-20 13:00:00,27.7868
2025-10-20 14:00:00,24.0997
2025-10-20 15:00:00,27.547
2025-10-20 16:00:00,31.2312
2025-10-20 17:00:00,36.221
2025-10-20 18:00:00,45.6041
2025-10-20 19:00:00,54.2976
2025-10-20 20:00:00,58.1859
2025-10-20 21:00:00,52.9469
2025-10-20 22:00:00,44.8124
2025-10-20 23:00:00,35.349
2025-10-21 00:00:00,24.3694
2025-10-21 01:00:00,21.1308
2025-10-21 02:00:00,18.4451
2025-10-21 03:00:00,18.0385
2025-10-21 04:00:00,18.4693
2025-10-21 05:00:00,21.4935
2025-10-21 06:00:00,24.7052
2025-10-21 07:00:00,28.0628
2025-10-21 08:00:00,30.2248
2025-10-21 09:00:00,36.4306
2025-10-21 10:00:00,42.2937
2025-10-21 11:00:00,39.9718
2025-10-21 12:00:00,32.3334
2025-10-21 13:00:00,24.9365
2025-10-21 14:00:00,27.5118
2025-10-21 15:00:00,26.3754
2025-10-21 16:00:00,28.9323
2025-10-21 17:00:00,36.3161
2025-10-21 18:00:00,45.6566
2025-10-21 19:00:00,55.6346
2025-10-21 20:00:00,58.5349
2025-10-21 21:00:00,54.9266
2025-10-21 22:00:00,46.4896
2025-10-21 23:00:00,35.7324
2025-10-22 00:00:00,25.1951
2025-10-22 01:00:00,21.2184
2025-10-22 02:00:00,18.5656
2025-10-22 03:00:00,18.3655
2025-10-22 04:00:00,19.202
2025-10-22 05:00:00,21.6129
2025-10-22 06:00:00,24.6583
2025-10-22 07:00:00,25.0132
2025-10-22 08:00:00,26.2796
2025-10-22 09:00:00,31.0819
2025-10-22 10:00:00,37.2361
2025-10-22 11:00:00,33.7203
2025-10-22 12:00:00,27.3316
2025-10-22 13:00:00,21.514
2025-10-22 14:00:00,19.5567
2025-10-22 15:00:00,23.6679
2025-10-22 16:00:00,28.6876
2025-10-22 17:00:00,36.3417
2025-10-22 18:00:00,44.4401
2025-10-22 19:00:00,54.2316
2025-10-22 20:00:00,57.7435
2025-10-22 21:00:00,53.5135
2025-10-22 22:00:00,45.7066
2025-10-22 23:00:00,36.0431
2025-10-23 00:00:00,23.675
2025-10-23 01:00:00,21.3588
2025-10-23 02:00:00,19.2551
2025-10-23 03:00:00,17.2788
2025-10-23 04:00:00,19.0455
2025-10-23 05:00:00,21.5026
2025-10-23 06:00:00,24.8155
2025-10-23 07:00:00,24.8507
2025-10-23 08:00:00,24.7913
2025-10-23 09:00:00,30.4243
2025-10-23 10:00:00,34.9302
2025-10-23 11:00:00,35.2046
2025-10-23 12:00:00,27.963
2025-10-23 13:00:00,20.1981
2025-10-23 14:00:00,17.3154
2025-10-23 15:00:00,20.5516
2025-10-23 16:00:00,27.5693
2025-10-23 17:00:00,36.1546
2025-10-23 18:00:00,44.6992
2025-10-23 19:00:00,54.4516
2025-10-23 20:00:00,59.2082
2025-10-23 21:00:00,54.5047
2025-10-23 22:00:00,44.3003
2025-10-23 23:00:00,35.063
2025-10-24 00:00:00,24.9379
2025-10-24 01:00:00,21.869
2025-10-24 02:00:00,18.704
2025-10-24 03:00:00,17.5548
2025-10-24 04:00:00,18.9487
2025-10-24 05:00:00,21.718
2025-10-24 06:00:00,24.0991
2025-10-24 07:00:00,24.68
2025-10-24 08:00:00,26.6725
2025-10-24 09:00:00,31.5425
2025-10-24 10:00:00,36.973
2025-10-24 11:00:00,36.2712
2025-10-24 12:00:00,27.7439
2025-10-24 13:00:00,22.2403
2025-10-24 14:00:00,19.0814
2025-10-24 15:00:00,21.5883
2025-10-24 16:00:00,29.3149
2025-10-24 17:00:00,35.8128
2025-10-24 18:00:00,44.6468
2025-10-24 19:00:00,53.247
2025-10-24 20:00:00,58.3658
2025-10-24 21:00:00,54.45
2025-10-24 22:00:00,44.4431
2025-10-24 23:00:00,36.886
2025-10-25 00:00:00,20.8631
2025-10-25 01:00:00,18.4366
2025-10-25 02:00:00,15.7882
2025-10-25 03:00:00,15.0672
2025-10-25 04:00:00,16.0388
2025-10-25 05:00:00,17.7904
2025-10-25 06:00:00,20.7435
2025-10-25 07:00:00,20.729
2025-10-25 08:00:00,20.9446
2025-10-25 09:00:00,24.1003
2025-10-25 10:00:00,26.607
2025-10-25 11:00:00,26.715
2025-10-25 12:00:00,19.6348
2025-10-25 13:00:00,15.1191
2025-10-25 14:00:00,13.0291
2025-10-25 15:00:00,15.9225
2025-10-25 16:00:00,22.8267
2025-10-25 17:00:00,30.8888
2025-10-25 18:00:00,37.9566
2025-10-25 19:00:00,46.5316
2025-10-25 20:00:00,49.5782
2025-10-25 21:00:00,45.2727
2025-10-25 22:00:00,37.6499
2025-10-25 23:00:00,30.8982
2025-10-26 00:00:00,20.7211
2025-10-26 01:00:00,18.1727
2025-10-26 02:00:00,16.0961
2025-10-26 03:00:00,15.5033
2025-10-26 04:00:00,16.1132
2025-10-26 05:00:00,18.6431
2025-10-26 06:00:00,20.8336
2025-10-26 07:00:00,21.276
2025-10-26 08:00:00,21.5944
2025-10-26 09:00:00,24.5668
2025-10-26 10:00:00,28.5256
2025-10-26 11:00:00,27.452
2025-10-26 12:00:00,20.6438
2025-10-26 13:00:00,13.8268
2025-10-26 14:00:00,14.1522
2025-10-26 15:00:00,17.2319
2025-10-26 16:00:00,23.1819
2025-10-26 17:00:00,30.4563
2025-10-26 18:00:00,39.5416
2025-10-26 19:00:00,47.0881
2025-10-26 20:00:00,50.1116
2025-10-26 21:00:00,46.7678
2025-10-26 22:00:00,37.9674
2025-10-26 23:00:00,30.926
2025-10-27 00:00:00,24.8212
2025-10-27 01:00:00,21.4204
2025-10-27 02:00:00,19.2242
2025-10-27 03:00:00,17.503
2025-10-27 04:00:00,19.3487
2025-10-27 05:00:00,21.5775
2025-10-27 06:00:00,25.3006
2025-10-27 07:00:00,24.8237
2025-10-27 08:00:00,26.8203
2025-10-27 09:00:00,30.5488
2025-10-27 10:00:00,38.6782
2025-10-27 11:00:00,37.9816
2025-10-27 12:00:00,29.4042
2025-10-27 13:00:00,22.1666
2025-10-27 14:00:00,23.3904
2025-10-27 15:00:00,26.63
2025-10-27 16:00:00,29.2949
2025-10-27 17:00:00,35.9382
2025-10-27 18:00:00,44.7161
2025-10-27 19:00:00,56.0812
2025-10-27 20:00:00,57.5165
2025-10-27 21:00:00,53.6166
2025-10-27 22:00:00,45.1059
2025-10-27 23:00:00,35.7762
2025-10-28 00:00:00,24.3531
2025-10-28 01:00:00,21.4988
2025-10-28 02:00:00,18.951
2025-10-28 03:00:00,17.5488
2025-10-28 04:00:00,19.2781
2025-10-28 05:00:00,21.6005
2025-10-28 06:00:00,25.251
2025-10-28 07:00:00,25.83
2025-10-28 08:00:00,27.5299
2025-10-28 09:00:00,29.947
2025-10-28 10:00:00,38.2812
2025-10-28 11:00:00,35.9769
2025-10-28 12:00:00,29.0296
2025-10-28 13:00:00,21.0023
2025-10-28 14:00:00,20.9322
2025-10-28 15:00:00,23.7644
2025-10-28 16:00:00,30.8139
2025-10-28 17:00:00,36.2036
2025-10-28 18:00:00,44.8949
2025-10-28 19:00:00,54.5755
2025-10-28 20:00:00,57.385
2025-10-28 21:00:00,53.9925
2025-10-28 22:00:00,44.9533
2025-10-28 23:00:00,36.5678
2025-10-29 00:00:00,24.3196
2025-10-29 01:00:00,21.4219
2025-10-29 02:00:00,18.5651
2025-10-29 03:00:00,17.9814
2025-10-29 04:00:00,19.4671
2025-10-29 05:00:00,21.8078
2025-10-29 06:00:00,24.8781
2025-10-29 07:00:00,24.8987
2025-10-29 08:00:00,25.7591
2025-10-29 09:00:00,30.817
2025-10-29 10:00:00,36.1016
2025-10-29 11:00:00,34.3932
2025-10-29 12:00:00,27.5106
2025-10-29 13:00:00,18.5423
2025-10-29 14:00:00,17.1622
2025-10-29 15:00:00,21.2044
2025-10-29 16:00:00,28.3274
2025-10-29 17:00:00,37.0239
2025-10-29 18:00:00,44.4734
2025-10-29 19:00:00,53.8792
2025-10-29 20:00:00,59.42
2025-10-29 21:00:00,55.3868
2025-10-29 22:00:00,46.3946
2025-10-29 23:00:00,36.4257
2025-10-30 00:00:00,24.342
2025-10-30 01:00:00,21.1049
2025-10-30 02:00:00,18.6654
2025-10-30 03:00:00,17.8698
2025-10-30 04:00:00,19.0538
2025-10-30 05:00:00,21.8218
2025-10-30 06:00:00,25.0853
2025-10-30 07:00:00,27.4376
2025-10-30 08:00:00,29.8883
2025-10-30 09:00:00,34.3646
2025-10-30 10:00:00,39.8977
2025-10-30 11:00:00,35.5934
2025-10-30 12:00:00,27.5351
2025-10-30 13:00:00,20.865
2025-10-30 14:00:00,19.9885
2025-10-30 15:00:00,21.9775
2025-10-30 16:00:00,28.2072
2025-10-30 17:00:00,35.7028
2025-10-30 18:00:00,45.1509
2025-10-30 19:00:00,52.8447
2025-10-30 20:00:00,57.607
2025-10-30 21:00:00,55.8618
2025-10-30 22:00:00,45.0111
2025-10-30 23:00:00,36.3736
2025-10-31 00:00:00,24.6011
2025-10-31 01:00:00,21.6637
2025-10-31 02:00:00,18.9236
2025-10-31 03:00:00,18.3986
2025-10-31 04:00:00,19.3888
2025-10-31 05:00:00,21.6009
2025-10-31 06:00:00,24.8339
2025-10-31 07:00:00,24.9286
2025-10-31 08:00:00,24.9785
2025-10-31 09:00:00,29.1588
2025-10-31 10:00:00,34.4855
2025-10-31 11:00:00,35.9711
2025-10-31 12:00:00,27.929
2025-10-31 13:00:00,20.1787
2025-10-31 14:00:00,18.3807
2025-10-31 15:00:00,20.7788
2025-10-31 16:00:00,27.7682
2025-10-31 17:00:00,36.1241
2025-10-31 18:00:00,43.8136
2025-10-31 19:00:00,55.658
2025-10-31 20:00:00,57.7465
2025-10-31 21:00:00,54.306
2025-10-31 22:00:00,44.765
2025-10-31 23:00:00,35.1237
2025-11-01 00:00:00,21.4877
2025-11-01 01:00:00,18.2037
2025-11-01 02:00:00,16.7585
2025-11-01 03:00:00,15.7607
2025-11-01 04:00:00,16.2694
2025-11-01 05:00:00,18.8483
2025-11-01 06:00:00,22.1241
2025-11-01 07:00:00,20.515
2025-11-01 08:00:00,21.294
2025-11-01 09:00:00,25.3448
2025-11-01 10:00:00,29.5951
2025-11-01 11:00:00,29.1786
2025-11-01 12:00:00,21.9095
2025-11-01 13:00:00,15.6344
2025-11-01 14:00:00,14.1933
2025-11-01 15:00:00,19.0986
2025-11-01 16:00:00,25.2497
2025-11-01 17:00:00,32.0582
2025-11-01 18:00:00,38.853
2025-11-01 19:00:00,47.6368
2025-11-01 20:00:00,50.3777
2025-11-01 21:00:00,46.1925
2025-11-01 22:00:00,39.5742
2025-11-01 23:00:00,31.4278
2025-11-02 00:00:00,21.4497
2025-11-02 01:00:00,19.0467
2025-11-02 02:00:00,16.4537
2025-11-02 03:00:00,15.3585
2025-11-02 04:00:00,16.5609
2025-11-02 05:00:00,18.6879
2025-11-02 06:00:00,21.6394
2025-11-02 07:00:00,22.8495
2025-11-02 08:00:00,23.2279
2025-11-02 09:00:00,29.7817
2025-11-02 10:00:00,34.7201
2025-11-02 11:00:00,31.7358
2025-11-02 12:00:00,24.8492
2025-11-02 13:00:00,18.0989
2025-11-02 14:00:00,16.6977
2025-11-02 15:00:00,19.2859
2025-11-02 16:00:00,25.1401
2025-11-02 17:00:00,31.1828
2025-11-02 18:00:00,38.8343
2025-11-02 19:00:00,46.607
2025-11-02 20:00:00,50.5188
2025-11-02 21:00:00,47.154
2025-11-02 22:00:00,39.7993
2025-11-02 23:00:00,31.0429
2025-11-03 00:00:00,24.7343
2025-11-03 01:00:00,22.0283
2025-11-03 02:00:00,19.233
2025-11-03 03:00:00,18.4319
2025-11-03 04:00:00,18.9921
2025-11-03 05:00:00,21.8303
2025-11-03 06:00:00,25.2319
2025-11-03 07:00:00,25.9388
2025-11-03 08:00:00,27.912
2025-11-03 09:00:00,32.353
2025-11-03 10:00:00,39.503
2025-11-03 11:00:00,37.626
2025-11-03 12:00:00,30.8993
2025-11-03 13:00:00,22.5437
2025-11-03 14:00:00,19.4713
2025-11-03 15:00:00,22.7471
2025-11-03 16:00:00,29.3358
2025-11-03 17:00:00,36.6697
2025-11-03 18:00:00,43.9577
2025-11-03 19:00:00,55.3824
2025-11-03 20:00:00,58.392
2025-11-03 21:00:00,55.418
2025-11-03 22:00:00,46.2091
2025-11-03 23:00:00,36.8398
2025-11-04 00:00:00,25.1962
2025-11-04 01:00:00,21.8785
2025-11-04 02:00:00,18.9232
2025-11-04 03:00:00,18.3387
2025-11-04 04:00:00,19.1799
2025-11-04 05:00:00,22.0958
2025-11-04 06:00:00,25.3835
2025-11-04 07:00:00,26.7753
2025-11-04 08:00:00,28.0587
2025-11-04 09:00:00,35.8109
2025-11-04 10:00:00,40.6182
2025-11-04 11:00:00,38.7771
2025-11-04 12:00:00,33.5366
2025-11-04 13:00:00,28.0015
2025-11-04 14:00:00,25.134
2025-11-04 15:00:00,26.6106
2025-11-04 16:00:00,31.3254
2025-11-04 17:00:00,36.484
2025-11-04 18:00:00,45.9678
2025-11-04 19:00:00,55.2806
2025-11-04 20:00:00,59.7957
2025-11-04 21:00:00,55.8015
2025-11-04 22:00:00,46.7744
2025-11-04 23:00:00,37.0028
2025-11-05 00:00:00,24.4214
2025-11-05 01:00:00,21.8485
2025-11-05 02:00:00,19.5472
2025-11-05 03:00:00,18.4295
2025-11-05 04:00:00,19.0932
2025-11-05 05:00:00,22.3726
2025-11-05 06:00:00,24.9927
2025-11-05 07:00:00,29.1181
2025-11-05 08:00:00,35.22
2025-11-05 09:00:00,43.929
2025-11-05 10:00:00,52.2787
2025-11-05 11:00:00,53.1101
2025-11-05 12:00:00,44.5429
2025-11-05 13:00:00,34.9925
2025-11-05 14:00:00,31.0375
2025-11-05 15:00:00,29.2747
2025-11-05 16:00:00,32.4693
2025-11-05 17:00:00,37.4693
2025-11-05 18:00:00,46.1894
2025-11-05 19:00:00,56.8253
2025-11-05 20:00:00,60.0833
2025-11-05 21:00:00,54.8413
2025-11-05 22:00:00,45.217
2025-11-05 23:00:00,37.502
2025-11-06 00:00:00,24.8245
2025-11-06 01:00:00,21.807
2025-11-06 02:00:00,19.7435
2025-11-06 03:00:00,18.0548
2025-11-06 04:00:00,19.2502
2025-11-06 05:00:00,21.7177
2025-11-06 06:00:00,25.423
2025-11-06 07:00:00,26.8161
2025-11-06 08:00:00,29.3986
2025-11-06 09:00:00,34.5286
2025-11-06 10:00:00,37.3331
2025-11-06 11:00:00,39.3457
2025-11-06 12:00:00,28.9328
2025-11-06 13:00:00,21.494
2025-11-06 14:00:00,19.0895
2025-11-06 15:00:00,22.0928
2025-11-06 16:00:00,28.7239
2025-11-06 17:00:00,36.1088
2025-11-06 18:00:00,45.6192
2025-11-06 19:00:00,54.636
2025-11-06 20:00:00,58.6617
2025-11-06 21:00:00,57.3351
2025-11-06 22:00:00,45.9346
2025-11-06 23:00:00,37.0256
2025-11-07 00:00:00,24.8403
2025-11-07 01:00:00,22.1232
2025-11-07 02:00:00,19.1019
2025-11-07 03:00:00,17.9107
2025-11-07 04:00:00,19.0989
2025-11-07 05:00:00,22.2004
2025-11-07 06:00:00,25.4376
2025-11-07 07:00:00,25.5414
2025-11-07 08:00:00,26.3293
2025-11-07 09:00:00,32.4942
2025-11-07 10:00:00,37.5461
2025-11-07 11:00:00,34.3245
2025-11-07 12:00:00,28.0066
2025-11-07 13:00:00,21.3843
2025-11-07 14:00:00,18.791
2025-11-07 15:00:00,22.9464
2025-11-07 16:00:00,28.9388
2025-11-07 17:00:00,36.7796
2025-11-07 18:00:00,45.5989
2025-11-07 19:00:00,54.7123
2025-11-07 20:00:00,58.7513
2025-11-07 21:00:00,55.9447
2025-11-07 22:00:00,45.1004
2025-11-07 23:00:00,37.1972
2025-11-08 00:00:00,20.7445
2025-11-08 01:00:00,18.4039
2025-11-08 02:00:00,16.8303
2025-11-08 03:00:00,15.236
2025-11-08 04:00:00,16.6248
2025-11-08 05:00:00,18.9593
2025-11-08 06:00:00,21.4856
2025-11-08 07:00:00,21.9165
2025-11-08 08:00:00,21.8875
2025-11-08 09:00:00,24.2044
2025-11-08 10:00:00,28.9321
2025-11-08 11:00:00,28.1801
2025-11-08 12:00:00,20.285
2025-11-08 13:00:00,16.075
2025-11-08 14:00:00,17.5938
2025-11-08 15:00:00,19.3118
2025-11-08 16:00:00,25.5202
2025-11-08 17:00:00,31.1824
2025-11-08 18:00:00,38.4133
2025-11-08 19:00:00,47.8525
2025-11-08 20:00:00,51.9692
2025-11-08 21:00:00,47.1726
2025-11-08 22:00:00,38.7741
2025-11-08 23:00:00,30.3068
2025-11-09 00:00:00,21.5144
2025-11-09 01:00:00,19.1833
2025-11-09 02:00:00,16.7277
2025-11-09 03:00:00,15.6715
2025-11-09 04:00:00,16.063
2025-11-09 05:00:00,18.674
2025-11-09 06:00:00,21.357
2025-11-09 07:00:00,22.6876
2025-11-09 08:00:00,24.2804
2025-11-09 09:00:00,28.1338
2025-11-09 10:00:00,30.0235
2025-11-09 11:00:00,30.2744
2025-11-09 12:00:00,25.9297
2025-11-09 13:00:00,23.3072
2025-11-09 14:00:00,17.1825
2025-11-09 15:00:00,19.4041
2025-11-09 16:00:00,24.936
2025-11-09 17:00:00,31.8534
2025-11-09 18:00:00,37.7114
2025-11-09 19:00:00,47.0652
2025-11-09 20:00:00,50.4969
2025-11-09 21:00:00,46.5366
2025-11-09 22:00:00,40.3047
2025-11-09 23:00:00,30.8781
2025-11-10 00:00:00,25.8265
2025-11-10 01:00:00,22.3762
2025-11-10 02:00:00,19.4578
2025-11-10 03:00:00,17.7353
2025-11-10 04:00:00,18.9999
2025-11-10 05:00:00,21.8302
2025-11-10 06:00:00,25.158
2025-11-10 07:00:00,27.7002
2025-11-10 08:00:00,28.6644
2025-11-10 09:00:00,34.4623
2025-11-10 10:00:00,39.6032
2025-11-10 11:00:00,38.9501
2025-11-10 12:00:00,33.542
2025-11-10 13:00:00,26.0765
2025-11-10 14:00:00,20.7217
2025-11-10 15:00:00,23.8802
2025-11-10 16:00:00,30.0067
2025-11-10 17:00:00,37.8857
2025-11-10 18:00:00,45.4484
2025-11-10 19:00:00,55.4326
2025-11-10 20:00:00,60.4787
2025-11-10 21:00:00,56.1491
2025-11-10 22:00:00,46.2935
2025-11-10 23:00:00,36.7684
2025-11-11 00:00:00,25.5381
2025-11-11 01:00:00,22.061
2025-11-11 02:00:00,19.1422
2025-11-11 03:00:00,18.4932
2025-11-11 04:00:00,19.3591
2025-11-11 05:00:00,21.7206
2025-11-11 06:00:00,25.3264
2025-11-11 07:00:00,27.8426
2025-11-11 08:00:00,29.7115
2025-11-11 09:00:00,32.7536
2025-11-11 10:00:00,37.4041
2025-11-11 11:00:00,37.5496
2025-11-11 12:00:00,28.5694
2025-11-11 13:00:00,20.9238
2025-11-11 14:00:00,20.0739
2025-11-11 15:00:00,23.0568
2025-11-11 16:00:00,30.0771
2025-11-11 17:00:00,36.6716
2025-11-11 18:00:00,45.0094
2025-11-11 19:00:00,55.8973
2025-11-11 20:00:00,59.7449
2025-11-11 21:00:00,56.0755
2025-11-11 22:00:00,44.9749
2025-11-11 23:00:00,37.1658
2025-11-12 00:00:00,24.517
2025-11-12 01:00:00,21.8688
2025-11-12 02:00:00,19.5237
2025-11-12 03:00:00,18.1903
2025-11-12 04:00:00,19.361
2025-11-12 05:00:00,21.9323
2025-11-12 06:00:00,25.4449
2025-11-12 07:00:00,26.9509
2025-11-12 08:00:00,29.6389
2025-11-12 09:00:00,35.2112
2025-11-12 10:00:00,42.6457
2025-11-12 11:00:00,38.166
2025-11-12 12:00:00,29.0717
2025-11-12 13:00:00,21.37
2025-11-12 14:00:00,21.403
2025-11-12 15:00:00,23.3661
2025-11-12 16:00:00,29.3478
2025-11-12 17:00:00,37.1674
2025-11-12 18:00:00,44.9731
2025-11-12 19:00:00,56.2403
2025-11-12 20:00:00,60.5969
2025-11-12 21:00:00,56.1457
2025-11-12 22:00:00,44.8242
2025-11-12 23:00:00,37.0822
2025-11-13 00:00:00,24.4493
2025-11-13 01:00:00,21.8746
2025-11-13 02:00:00,19.3741
2025-11-13 03:00:00,18.2263
2025-11-13 04:00:00,19.7099
2025-11-13 05:00:00,21.8824
2025-11-13 06:00:00,25.2922
2025-11-13 07:00:00,28.4272
2025-11-13 08:00:00,33.0456
2025-11-13 09:00:00,38.83
2025-11-13 10:00:00,39.7784
2025-11-13 11:00:00,41.5456
2025-11-13 12:00:00,40.103
2025-11-13 13:00:00,35.2557
2025-11-13 14:00:00,30.9672
2025-11-13 15:00:00,30.0783
2025-11-13 16:00:00,31.5682
2025-11-13 17:00:00,36.5913
2025-11-13 18:00:00,45.3838
2025-11-13 19:00:00,54.9166
2025-11-13 20:00:00,57.5115
2025-11-13 21:00:00,55.205
2025-11-13 22:00:00,44.7246
2025-11-13 23:00:00,35.9056
2025-11-14 00:00:00,25.0308
2025-11-14 01:00:00,21.7954
2025-11-14 02:00:00,19.3946
2025-11-14 03:00:00,18.4525
2025-11-14 04:00:00,19.4286
2025-11-14 05:00:00,22.1096
2025-11-14 06:00:00,25.8565
2025-11-14 07:00:00,28.0593
2025-11-14 08:00:00,29.1129
2025-11-14 09:00:00,33.3798
2025-11-14 10:00:00,38.7241
2025-11-14 11:00:00,38.164
2025-11-14 12:00:00,34.9421
2025-11-14 13:00:00,28.5629
2025-11-14 14:00:00,24.377
2025-11-14 15:00:00,27.63
2025-11-14 16:00:00,31.2119
2025-11-14 17:00:00,35.7195
2025-11-14 18:00:00,46.266
2025-11-14 19:00:00,55.4496
2025-11-14 20:00:00,60.5114
2025-11-14 21:00:00,56.5077
2025-11-14 22:00:00,45.075
2025-11-14 23:00:00,36.4702
2025-11-15 00:00:00,21.2576
2025-11-15 01:00:00,18.4828
2025-11-15 02:00:00,16.4324
2025-11-15 03:00:00,15.6567
2025-11-15 04:00:00,16.7126
2025-11-15 05:00:00,18.5665
2025-11-15 06:00:00,21.1036
2025-11-15 07:00:00,22.6853
2025-11-15 08:00:00,24.8378
2025-11-15 09:00:00,29.0048
2025-11-15 10:00:00,32.0197
2025-11-15 11:00:00,27.8353
2025-11-15 12:00:00,23.7338
2025-11-15 13:00:00,17.022
2025-11-15 14:00:00,15.1615
2025-11-15 15:00:00,19.114
2025-11-15 16:00:00,25.0174
2025-11-15 17:00:00,31.645
2025-11-15 18:00:00,39.662
2025-11-15 19:00:00,47.0732
2025-11-15 20:00:00,50.9027
2025-11-15 21:00:00,47.4278
2025-11-15 22:00:00,38.7949
2025-11-15 23:00:00,31.6653
2025-11-16 00:00:00,21.312
2025-11-16 01:00:00,18.3766
2025-11-16 02:00:00,16.1853
2025-11-16 03:00:00,15.3345
2025-11-16 04:00:00,16.7146
2025-11-16 05:00:00,18.5793
2025-11-16 06:00:00,21.5304
2025-11-16 07:00:00,24.983
2025-11-16 08:00:00,29.0695
2025-11-16 09:00:00,34.4835
2025-11-16 10:00:00,38.5089
2025-11-16 11:00:00,34.0325
2025-11-16 12:00:00,24.1541
2025-11-16 13:00:00,15.3078
2025-11-16 14:00:00,14.5927
2025-11-16 15:00:00,18.4106
2025-11-16 16:00:00,24.8342
2025-11-16 17:00:00,30.5954
2025-11-16 18:00:00,39.9522
2025-11-16 19:00:00,47.4816
2025-11-16 20:00:00,49.6576
2025-11-16 21:00:00,46.9654
2025-11-16 22:00:00,38.1131
2025-11-16 23:00:00,31.7022
2025-11-17 00:00:00,24.7864
2025-11-17 01:00:00,21.749
2025-11-17 02:00:00,19.2742
2025-11-17 03:00:00,18.4852
2025-11-17 04:00:00,19.1918
2025-11-17 05:00:00,21.5293
2025-11-17 06:00:00,25.9098
2025-11-17 07:00:00,28.0296
2025-11-17 08:00:00,29.876
2025-11-17 09:00:00,34.3111
2025-11-17 10:00:00,37.8446
2025-11-17 11:00:00,37.5067
2025-11-17 12:00:00,30.2302
2025-11-17 13:00:00,23.1907
2025-11-17 14:00:00,19.3353
2025-11-17 15:00:00,23.3352
2025-11-17 16:00:00,29.5555
2025-11-17 17:00:00,38.0283
2025-11-17 18:00:00,46.2547
2025-11-17 19:00:00,56.7926
2025-11-17 20:00:00,58.9165
2025-11-17 21:00:00,55.1871
2025-11-17 22:00:00,45.4616
2025-11-17 23:00:00,35.654
2025-11-18 00:00:00,25.2954
2025-11-18 01:00:00,22.102
2025-11-18 02:00:00,19.4297
2025-11-18 03:00:00,18.5633
2025-11-18 04:00:00,19.9149
2025-11-18 05:00:00,21.7479
2025-11-18 06:00:00,25.6748
2025-11-18 07:00:00,28.3395
2025-11-18 08:00:00,31.1992
2025-11-18 09:00:00,36.1418
2025-11-18 10:00:00,40.9798
2025-11-18 11:00:00,38.9524
2025-11-18 12:00:00,30.2286
2025-11-18 13:00:00,23.7801
2025-11-18 14:00:00,23.1291
2025-11-18 15:00:00,26.5466
2025-11-18 16:00:00,30.8214
2025-11-18 17:00:00,37.2656
2025-11-18 18:00:00,45.3239
2025-11-18 19:00:00,53.1964
2025-11-18 20:00:00,60.4754
2025-11-18 21:00:00,55.3618
2025-11-18 22:00:00,45.6115
2025-11-18 23:00:00,36.0524
2025-11-19 00:00:00,25.5074
2025-11-19 01:00:00,22.3616
2025-11-19 02:00:00,19.2923
2025-11-19 03:00:00,18.4764
2025-11-19 04:00:00,19.3609
2025-11-19 05:00:00,22.2248
2025-11-19 06:00:00,25.9226
2025-11-19 07:00:00,27.9499
2025-11-19 08:00:00,32.2537
2025-11-19 09:00:00,37.4086
2025-11-19 10:00:00,39.7623
2025-11-19 11:00:00,42.0619
2025-11-19 12:00:00,33.7473
2025-11-19 13:00:00,24.7853
2025-11-19 14:00:00,21.4983
2025-11-19 15:00:00,23.4615
2025-11-19 16:00:00,30.3292
2025-11-19 17:00:00,36.3785
2025-11-19 18:00:00,46.0007
2025-11-19 19:00:00,56.2011
2025-11-19 20:00:00,59.3308
2025-11-19 21:00:00,55.0666
2025-11-19 22:00:00,45.3306
2025-11-19 23:00:00,37.6761
2025-11-20 00:00:00,25.1804
2025-11-20 01:00:00,22.082
2025-11-20 02:00:00,19.2476
2025-11-20 03:00:00,18.4998
2025-11-20 04:00:00,19.3312
2025-11-20 05:00:00,22.0924
2025-11-20 06:00:00,25.7325
2025-11-20 07:00:00,26.9135
2025-11-20 08:00:00,30.5338
2025-11-20 09:00:00,36.2747
2025-11-20 10:00:00,40.0561
2025-11-20 11:00:00,37.3797
2025-11-20 12:00:00,29.0781
2025-11-20 13:00:00,21.7558
2025-11-20 14:00:00,24.4476
2025-11-20 15:00:00,28.0856
2025-11-20 16:00:00,30.8166
2025-11-20 17:00:00,37.3539
2025-11-20 18:00:00,46.5508
2025-11-20 19:00:00,55.4819
2025-11-20 20:00:00,59.2226
2025-11-20 21:00:00,56.1643
2025-11-20 22:00:00,45.902
2025-11-20 23:00:00,36.286
2025-11-21 00:00:00,25.0446
2025-11-21 01:00:00,22.3258
2025-11-21 02:00:00,18.8782
2025-11-21 03:00:00,18.2478
2025-11-21 04:00:00,19.3674
2025-11-21 05:00:00,21.7664
2025-11-21 06:00:00,25.4082
2025-11-21 07:00:00,27.2894
2025-11-21 08:00:00,30.2939
2025-11-21 09:00:00,35.4196
2025-11-21 10:00:00,39.8964
2025-11-21 11:00:00,37.7125
2025-11-21 12:00:00,33.8353
2025-11-21 13:00:00,26.5695
2025-11-21 14:00:00,27.5144
2025-11-21 15:00:00,28.6144
2025-11-21 16:00:00,31.5248
2025-11-21 17:00:00,37.3651
2025-11-21 18:00:00,45.6279
2025-11-21 19:00:00,54.8097
2025-11-21 20:00:00,59.3883
2025-11-21 21:00:00,55.8804
2025-11-21 22:00:00,44.3742
2025-11-21 23:00:00,35.9081
2025-11-22 00:00:00,21.1228
2025-11-22 01:00:00,19.2305
2025-11-22 02:00:00,16.3757
2025-11-22 03:00:00,15.7949
2025-11-22 04:00:00,16.4942
2025-11-22 05:00:00,18.5136
2025-11-22 06:00:00,22.0148
2025-11-22 07:00:00,22.9773
2025-11-22 08:00:00,22.4404
2025-11-22 09:00:00,25.5849
2025-11-22 10:00:00,29.8116
2025-11-22 11:00:00,27.9532
2025-11-22 12:00:00,21.9629
2025-11-22 13:00:00,15.9412
2025-11-22 14:00:00,16.1219
2025-11-22 15:00:00,20.3678
2025-11-22 16:00:00,25.7412
2025-11-22 17:00:00,32.2729
2025-11-22 18:00:00,38.59
2025-11-22 19:00:00,47.9924
2025-11-22 20:00:00,50.1394
2025-11-22 21:00:00,46.6257
2025-11-22 22:00:00,38.6799
2025-11-22 23:00:00,31.8591
2025-11-23 00:00:00,21.401
2025-11-23 01:00:00,18.5213
2025-11-23 02:00:00,16.7737
2025-11-23 03:00:00,15.5693
2025-11-23 04:00:00,16.5928
2025-11-23 05:00:00,18.7394
2025-11-23 06:00:00,21.3595
2025-11-23 07:00:00,22.5193
2025-11-23 08:00:00,22.8625
2025-11-23 09:00:00,26.0687
2025-11-23 10:00:00,29.3424
2025-11-23 11:00:00,29.2132
2025-11-23 12:00:00,22.9413
2025-11-23 13:00:00,15.7099
2025-11-23 14:00:00,13.9496
2025-11-23 15:00:00,18.2939
2025-11-23 16:00:00,24.6018
2025-11-23 17:00:00,31.2369
2025-11-23 18:00:00,40.1451
2025-11-23 19:00:00,46.2136
2025-11-23 20:00:00,50.08
2025-11-23 21:00:00,45.8431
2025-11-23 22:00:00,39.4226
2025-11-23 23:00:00,32.6202
2025-11-24 00:00:00,24.7755
2025-11-24 01:00:00,22.6182
2025-11-24 02:00:00,19.332
2025-11-24 03:00:00,18.2052
2025-11-24 04:00:00,19.1413
2025-11-24 05:00:00,22.1347
2025-11-24 06:00:00,25.1498
2025-11-24 07:00:00,26.5103
2025-11-24 08:00:00,27.3745
2025-11-24 09:00:00,33.0881
2025-11-24 10:00:00,36.678
2025-11-24 11:00:00,35.928
2025-11-24 12:00:00,28.1195
2025-11-24 13:00:00,21.0632
2025-11-24 14:00:00,19.2435
2025-11-24 15:00:00,22.8406
2025-11-24 16:00:00,29.306
2025-11-24 17:00:00,37.7628
2025-11-24 18:00:00,46.3869
2025-11-24 19:00:00,54.7171
2025-11-24 20:00:00,58.6928
2025-11-24 21:00:00,56.2111
2025-11-24 22:00:00,46.9089
2025-11-24 23:00:00,36.7376
2025-11-25 00:00:00,24.5803
2025-11-25 01:00:00,21.9685
2025-11-25 02:00:00,19.7548
2025-11-25 03:00:00,18.3013
2025-11-25 04:00:00,19.0225
2025-11-25 05:00:00,21.6664
2025-11-25 06:00:00,25.6338
2025-11-25 07:00:00,26.7566
2025-11-25 08:00:00,27.1066
2025-11-25 09:00:00,31.7141
2025-11-25 10:00:00,37.3199
2025-11-25 11:00:00,36.3718
2025-11-25 12:00:00,28.7407
2025-11-25 13:00:00,20.1456
2025-11-25 14:00:00,19.3793
2025-11-25 15:00:00,23.7263
2025-11-25 16:00:00,30.2778
2025-11-25 17:00:00,37.1431
2025-11-25 18:00:00,46.1793
2025-11-25 19:00:00,54.9473
2025-11-25 20:00:00,59.8648
2025-11-25 21:00:00,54.0752
2025-11-25 22:00:00,45.8488
2025-11-25 23:00:00,37.9484
2025-11-26 00:00:00,24.7126
2025-11-26 01:00:00,22.5352
2025-11-26 02:00:00,19.1094
2025-11-26 03:00:00,18.3492
2025-11-26 04:00:00,19.1411
2025-11-26 05:00:00,22.0326
2025-11-26 06:00:00,24.8681
2025-11-26 07:00:00,26.9333
2025-11-26 08:00:00,28.8717
2025-11-26 09:00:00,32.8677
2025-11-26 10:00:00,38.1638
2025-11-26 11:00:00,35.6087
2025-11-26 12:00:00,29.3647
2025-11-26 13:00:00,21.0926
2025-11-26 14:00:00,20.0986
2025-11-26 15:00:00,22.5523
2025-11-26 16:00:00,30.1862
2025-11-26 17:00:00,36.6296
2025-11-26 18:00:00,46.1017
2025-11-26 19:00:00,55.1593
2025-11-26 20:00:00,58.0206
2025-11-26 21:00:00,55.163
2025-11-26 22:00:00,45.7857
2025-11-26 23:00:00,36.8173
2025-11-27 00:00:00,24.2647
2025-11-27 01:00:00,21.9042
2025-11-27 02:00:00,19.1138
2025-11-27 03:00:00,18.3741
2025-11-27 04:00:00,19.1669
2025-11-27 05:00:00,22.4261
2025-11-27 06:00:00,25.2243
2025-11-27 07:00:00,27.2553
2025-11-27 08:00:00,29.3884
2025-11-27 09:00:00,36.2119
2025-11-27 10:00:00,39.9082
2025-11-27 11:00:00,38.7612
2025-11-27 12:00:00,34.8011
2025-11-27 13:00:00,24.7107
2025-11-27 14:00:00,22.533
2025-11-27 15:00:00,24.1242
2025-11-27 16:00:00,30.3579
2025-11-27 17:00:00,36.8507
2025-11-27 18:00:00,47.0142
2025-11-27 19:00:00,55.0246
2025-11-27 20:00:00,60.6782
2025-11-27 21:00:00,55.4175
2025-11-27 22:00:00,45.6834
2025-11-27 23:00:00,37.0297
2025-11-28 00:00:00,24.8216
2025-11-28 01:00:00,21.9628
2025-11-28 02:00:00,19.0466
2025-11-28 03:00:00,18.8694
2025-11-28 04:00:00,19.5828
2025-11-28 05:00:00,21.7428
2025-11-28 06:00:00,25.4812
2025-11-28 07:00:00,28.4514
2025-11-28 08:00:00,28.1364
2025-11-28 09:00:00,33.5448
2025-11-28 10:00:00,36.1566
2025-11-28 11:00:00,35.6397
2025-11-28 12:00:00,25.7434
2025-11-28 13:00:00,20.7012
2025-11-28 14:00:00,19.2516
2025-11-28 15:00:00,22.1098
2025-11-28 16:00:00,30.2325
2025-11-28 17:00:00,36.2723
2025-11-28 18:00:00,45.9494
2025-11-28 19:00:00,53.9055
2025-11-28 20:00:00,59.0565
2025-11-28 21:00:00,54.9029
2025-11-28 22:00:00,46.4751
2025-11-28 23:00:00,36.9613
2025-11-29 00:00:00,21.3341
2025-11-29 01:00:00,18.7055
2025-11-29 02:00:00,16.4923
2025-11-29 03:00:00,15.7341
2025-11-29 04:00:00,17.0506
2025-11-29 05:00:00,18.6024
2025-11-29 06:00:00,21.7861
2025-11-29 07:00:00,23.2247
2025-11-29 08:00:00,22.0478
2025-11-29 09:00:00,24.9981
2025-11-29 10:00:00,29.2808
2025-11-29 11:00:00,29.5435
2025-11-29 12:00:00,21.0545
2025-11-29 13:00:00,14.6897
2025-11-29 14:00:00,14.2828
2025-11-29 15:00:00,18.1089
2025-11-29 16:00:00,24.703
2025-11-29 17:00:00,30.7845
2025-11-29 18:00:00,39.556
2025-11-29 19:00:00,48.1875
2025-11-29 20:00:00,49.1059
2025-11-29 21:00:00,47.664
2025-11-29 22:00:00,38.7275
2025-11-29 23:00:00,31.6796
2025-11-30 00:00:00,21.1054
2025-11-30 01:00:00,18.8319
2025-11-30 02:00:00,16.3329
2025-11-30 03:00:00,15.8622
2025-11-30 04:00:00,16.2635
2025-11-30 05:00:00,18.9376
2025-11-30 06:00:00,22.0651
2025-11-30 07:00:00,23.3563
2025-11-30 08:00:00,22.2416
2025-11-30 09:00:00,25.2348
2025-11-30 10:00:00,29.3344
2025-11-30 11:00:00,29.5557
2025-11-30 12:00:00,22.5998
2025-11-30 13:00:00,15.7334
2025-11-30 14:00:00,14.1814
2025-11-30 15:00:00,18.2699
2025-11-30 16:00:00,24.6168
2025-11-30 17:00:00,30.3923
2025-11-30 18:00:00,39.5763
2025-11-30 19:00:00,46.9949
2025-11-30 20:00:00,50.7303
2025-11-30 21:00:00,48.3031
2025-11-30 22:00:00,39.751
2025-11-30 23:00:00,30.7566
2025-12-01 00:00:00,28.8236
2025-12-01 01:00:00,24.9676
2025-12-01 02:00:00,22.5036
2025-12-01 03:00:00,20.4553
2025-12-01 04:00:00,22.5299
2025-12-01 05:00:00,25.3795
2025-12-01 06:00:00,28.8273
2025-12-01 07:00:00,32.224
2025-12-01 08:00:00,34.1334
2025-12-01 09:00:00,41.5224
2025-12-01 10:00:00,49.7028
2025-12-01 11:00:00,50.3544
2025-12-01 12:00:00,40.1171
2025-12-01 13:00:00,31.0715
2025-12-01 14:00:00,29.9976
2025-12-01 15:00:00,32.0395
2025-12-01 16:00:00,36.0875
2025-12-01 17:00:00,42.418
2025-12-01 18:00:00,51.5808
2025-12-01 19:00:00,63.0572
2025-12-01 20:00:00,66.8546
2025-12-01 21:00:00,62.0747
2025-12-01 22:00:00,52.8109
2025-12-01 23:00:00,42.3077
2025-12-02 00:00:00,28.53
2025-12-02 01:00:00,24.8146
2025-12-02 02:00:00,22.0175
2025-12-02 03:00:00,21.0851
2025-12-02 04:00:00,21.6487
2025-12-02 05:00:00,25.4236
2025-12-02 06:00:00,29.2047
2025-12-02 07:00:00,32.1268
2025-12-02 08:00:00,33.4138
2025-12-02 09:00:00,39.1109
2025-12-02 10:00:00,45.333
2025-12-02 11:00:00,42.9825
2025-12-02 12:00:00,35.3496
2025-12-02 13:00:00,26.6659
2025-12-02 14:00:00,26.8714
2025-12-02 15:00:00,29.4944
2025-12-02 16:00:00,36.0352
2025-12-02 17:00:00,41.1541
2025-12-02 18:00:00,53.0227
2025-12-02 19:00:00,62.6155
2025-12-02 20:00:00,67.9172
2025-12-02 21:00:00,62.4617
2025-12-02 22:00:00,51.3685
2025-12-02 23:00:00,42.1126
2025-12-03 00:00:00,29.3923
2025-12-03 01:00:00,25.4492
2025-12-03 02:00:00,22.2418
2025-12-03 03:00:00,21.0611
2025-12-03 04:00:00,21.8024
2025-12-03 05:00:00,24.3699
2025-12-03 06:00:00,28.7618
2025-12-03 07:00:00,34.4406
2025-12-03 08:00:00,39.7896
2025-12-03 09:00:00,48.7827
2025-12-03 10:00:00,53.3099
2025-12-03 11:00:00,49.9482
2025-12-03 12:00:00,47.0988
2025-12-03 13:00:00,39.4728
2025-12-03 14:00:00,34.2264
2025-12-03 15:00:00,31.9957
2025-12-03 16:00:00,36.2305
2025-12-03 17:00:00,41.7998
2025-12-03 18:00:00,52.0193
2025-12-03 19:00:00,61.7408
2025-12-03 20:00:00,66.2807
2025-12-03 21:00:00,62.8694
2025-12-03 22:00:00,52.9615
2025-12-03 23:00:00,41.4104
2025-12-04 00:00:00,28.4258
2025-12-04 01:00:00,25.1373
2025-12-04 02:00:00,21.9107
2025-12-04 03:00:00,21.3728
2025-12-04 04:00:00,21.763
2025-12-04 05:00:00,25.9437
2025-12-04 06:00:00,28.8262
2025-12-04 07:00:00,31.1026
2025-12-04 08:00:00,33.0146
2025-12-04 09:00:00,38.4493
2025-12-04 10:00:00,43.2463
2025-12-04 11:00:00,41.6704
2025-12-04 12:00:00,31.4616
2025-12-04 13:00:00,24.3625
2025-12-04 14:00:00,21.852
2025-12-04 15:00:00,25.583
2025-12-04 16:00:00,33.9647
2025-12-04 17:00:00,41.6624
2025-12-04 18:00:00,53.0084
2025-12-04 19:00:00,62.5837
2025-12-04 20:00:00,67.3039
2025-12-04 21:00:00,63.3234
2025-12-04 22:00:00,51.4884
2025-12-04 23:00:00,41.8766
2025-12-05 00:00:00,28.5964
2025-12-05 01:00:00,24.8049
2025-12-05 02:00:00,22.7502
2025-12-05 03:00:00,21.4728
2025-12-05 04:00:00,22.2382
2025-12-05 05:00:00,25.2954
2025-12-05 06:00:00,29.4231
2025-12-05 07:00:00,31.2677
2025-12-05 08:00:00,34.0359
2025-12-05 09:00:00,40.2029
2025-12-05 10:00:00,47.8919
2025-12-05 11:00:00,46.4239
2025-12-05 12:00:00,36.0307
2025-12-05 13:00:00,27.7074
2025-12-05 14:00:00,21.6578
2025-12-05 15:00:00,25.9506
2025-12-05 16:00:00,33.6634
2025-12-05 17:00:00,41.9811
2025-12-05 18:00:00,52.0443
2025-12-05 19:00:00,61.9486
2025-12-05 20:00:00,67.8655
2025-12-05 21:00:00,62.2175
2025-12-05 22:00:00,52.576
2025-12-05 23:00:00,42.4563
2025-12-06 00:00:00,24.1517
2025-12-06 01:00:00,20.9016
2025-12-06 02:00:00,18.5639
2025-12-06 03:00:00,17.8765
2025-12-06 04:00:00,19.2985
2025-12-06 05:00:00,20.864
2025-12-06 06:00:00,24.7897
2025-12-06 07:00:00,26.7992
2025-12-06 08:00:00,27.0604
2025-12-06 09:00:00,30.3316
2025-12-06 10:00:00,34.4892
2025-12-06 11:00:00,34.1842
2025-12-06 12:00:00,25.2005
2025-12-06 13:00:00,19.506
2025-12-06 14:00:00,17.6984
2025-12-06 15:00:00,20.839
2025-12-06 16:00:00,29.251
2025-12-06 17:00:00,35.0721
2025-12-06 18:00:00,44.0835
2025-12-06 19:00:00,54.5521
2025-12-06 20:00:00,57.3457
2025-12-06 21:00:00,53.4321
2025-12-06 22:00:00,44.4321
2025-12-06 23:00:00,35.5664
2025-12-07 00:00:00,24.4895
2025-12-07 01:00:00,21.132
2025-12-07 02:00:00,18.5809
2025-12-07 03:00:00,17.734
2025-12-07 04:00:00,18.8822
2025-12-07 05:00:00,21.3136
2025-12-07 06:00:00,24.3519
2025-12-07 07:00:00,26.8127
2025-12-07 08:00:00,25.7025
2025-12-07 09:00:00,31.4532
2025-12-07 10:00:00,36.5834
2025-12-07 11:00:00,34.0135
2025-12-07 12:00:00,26.001
2025-12-07 13:00:00,20.3555
2025-12-07 14:00:00,17.5374
2025-12-07 15:00:00,21.717
2025-12-07 16:00:00,29.3473
2025-12-07 17:00:00,34.7813
2025-12-07 18:00:00,44.4833
2025-12-07 19:00:00,54.3873
2025-12-07 20:00:00,58.7514
2025-12-07 21:00:00,54.7632
2025-12-07 22:00:00,43.8323
2025-12-07 23:00:00,35.986
2025-12-08 00:00:00,28.5503
2025-12-08 01:00:00,25.1384
2025-12-08 02:00:00,22.2582
2025-12-08 03:00:00,20.3563
2025-12-08 04:00:00,21.9006
2025-12-08 05:00:00,24.879
2025-12-08 06:00:00,28.5603
2025-12-08 07:00:00,32.1404
2025-12-08 08:00:00,33.9052
2025-12-08 09:00:00,39.0638
2025-12-08 10:00:00,45.8466
2025-12-08 11:00:00,45.6397
2025-12-08 12:00:00,34.2981
2025-12-08 13:00:00,26.2157
2025-12-08 14:00:00,23.4807
2025-12-08 15:00:00,27.2013
2025-12-08 16:00:00,34.2145
2025-12-08 17:00:00,42.6102
2025-12-08 18:00:00,52.4957
2025-12-08 19:00:00,64.2157
2025-12-08 20:00:00,68.463
2025-12-08 21:00:00,62.4429
2025-12-08 22:00:00,50.3406
2025-12-08 23:00:00,40.9567
2025-12-09 00:00:00,28.5479
2025-12-09 01:00:00,25.3709
2025-12-09 02:00:00,21.8182
2025-12-09 03:00:00,21.0891
2025-12-09 04:00:00,22.5979
2025-12-09 05:00:00,24.5281
2025-12-09 06:00:00,27.4987
2025-12-09 07:00:00,33.1124
2025-12-09 08:00:00,35.3997
2025-12-09 09:00:00,41.7533
2025-12-09 10:00:00,47.5344
2025-12-09 11:00:00,43.9577
2025-12-09 12:00:00,33.4677
2025-12-09 13:00:00,26.4586
2025-12-09 14:00:00,27.2035
2025-12-09 15:00:00,30.5243
2025-12-09 16:00:00,35.8958
2025-12-09 17:00:00,42.3871
2025-12-09 18:00:00,51.8123
2025-12-09 19:00:00,63.4239
2025-12-09 20:00:00,68.5762
2025-12-09 21:00:00,64.1249
2025-12-09 22:00:00,54.0834
2025-12-09 23:00:00,43.4422
2025-12-10 00:00:00,29.0612
2025-12-10 01:00:00,24.9509
2025-12-10 02:00:00,22.6812
2025-12-10 03:00:00,20.452
2025-12-10 04:00:00,21.998
2025-12-10 05:00:00,24.8348
2025-12-10 06:00:00,29.2601
2025-12-10 07:00:00,33.387
2025-12-10 08:00:00,39.3802
2025-12-10 09:00:00,49.9289
2025-12-10 10:00:00,58.4926
2025-12-10 11:00:00,55.6407
2025-12-10 12:00:00,45.3303
2025-12-10 13:00:00,38.2304
2025-12-10 14:00:00,33.2247
2025-12-10 15:00:00,33.6169
2025-12-10 16:00:00,36.5022
2025-12-10 17:00:00,42.9241
2025-12-10 18:00:00,50.842
2025-12-10 19:00:00,62.8352
2025-12-10 20:00:00,67.7525
2025-12-10 21:00:00,63.4531
2025-12-10 22:00:00,52.3373
2025-12-10 23:00:00,43.123
2025-12-11 00:00:00,28.3015
2025-12-11 01:00:00,24.9954
2025-12-11 02:00:00,21.7651
2025-12-11 03:00:00,21.5158
2025-12-11 04:00:00,22.1905
2025-12-11 05:00:00,25.062
2025-12-11 06:00:00,27.892
2025-12-11 07:00:00,31.1398
2025-12-11 08:00:00,34.152
2025-12-11 09:00:00,40.7284
2025-12-11 10:00:00,45.2294
2025-12-11 11:00:00,42.9646
2025-12-11 12:00:00,35.3607
2025-12-11 13:00:00,26.5
2025-12-11 14:00:00,24.6551
2025-12-11 15:00:00,26.9946
2025-12-11 16:00:00,33.9577
2025-12-11 17:00:00,42.328
2025-12-11 18:00:00,52.8426
2025-12-11 19:00:00,63.8633
2025-12-11 20:00:00,68.1393
2025-12-11 21:00:00,62.4868
2025-12-11 22:00:00,52.8534
2025-12-11 23:00:00,42.7731
2025-12-12 00:00:00,28.7074
2025-12-12 01:00:00,25.1736
2025-12-12 02:00:00,22.383
2025-12-12 03:00:00,21.5553
2025-12-12 04:00:00,22.5533
2025-12-12 05:00:00,25.648
2025-12-12 06:00:00,29.718
2025-12-12 07:00:00,31.941
2025-12-12 08:00:00,33.4999
2025-12-12 09:00:00,39.9716
2025-12-12 10:00:00,46.6096
2025-12-12 11:00:00,43.6414
2025-12-12 12:00:00,34.9626
2025-12-12 13:00:00,25.1767
2025-12-12 14:00:00,23.7647
2025-12-12 15:00:00,26.6985
2025-12-12 16:00:00,34.149
2025-12-12 17:00:00,41.8116
2025-12-12 18:00:00,52.1046
2025-12-12 19:00:00,63.1942
2025-12-12 20:00:00,66.3164
2025-12-12 21:00:00,62.8636
2025-12-12 22:00:00,53.6248
2025-12-12 23:00:00,42.9967
2025-12-13 00:00:00,23.9897
2025-12-13 01:00:00,21.1169
2025-12-13 02:00:00,18.5762
2025-12-13 03:00:00,18.0639
2025-12-13 04:00:00,18.9974
2025-12-13 05:00:00,21.1947
2025-12-13 06:00:00,25.3054
2025-12-13 07:00:00,26.8273
2025-12-13 08:00:00,27.2818
2025-12-13 09:00:00,30.6221
2025-12-13 10:00:00,35.1261
2025-12-13 11:00:00,33.0101
2025-12-13 12:00:00,25.9627
2025-12-13 13:00:00,18.0596
2025-12-13 14:00:00,17.0673
2025-12-13 15:00:00,21.4443
2025-12-13 16:00:00,29.6395
2025-12-13 17:00:00,34.8249
2025-12-13 18:00:00,45.1184
2025-12-13 19:00:00,53.0678
2025-12-13 20:00:00,57.2532
2025-12-13 21:00:00,53.6842
2025-12-13 22:00:00,44.6693
2025-12-13 23:00:00,35.8676
2025-12-14 00:00:00,24.392
2025-12-14 01:00:00,21.3532
2025-12-14 02:00:00,18.9501
2025-12-14 03:00:00,17.5799
2025-12-14 04:00:00,18.438
2025-12-14 05:00:00,21.4493
2025-12-14 06:00:00,24.274
2025-12-14 07:00:00,26.6791
2025-12-14 08:00:00,26.8887
2025-12-14 09:00:00,31.2785
2025-12-14 10:00:00,38.126
2025-12-14 11:00:00,32.8198
2025-12-14 12:00:00,27.6873
2025-12-14 13:00:00,18.0153
2025-12-14 14:00:00,17.012
2025-12-14 15:00:00,20.3998
2025-12-14 16:00:00,28.4958
2025-12-14 17:00:00,35.5949
2025-12-14 18:00:00,43.3522
2025-12-14 19:00:00,53.658
2025-12-14 20:00:00,57.1498
2025-12-14 21:00:00,54.6316
2025-12-14 22:00:00,44.7864
2025-12-14 23:00:00,35.5919
2025-12-15 00:00:00,28.5645
2025-12-15 01:00:00,25.0618
2025-12-15 02:00:00,22.2759
2025-12-15 03:00:00,20.8896
2025-12-15 04:00:00,22.0404
2025-12-15 05:00:00,25.1282
2025-12-15 06:00:00,28.7832
2025-12-15 07:00:00,31.9914
2025-12-15 08:00:00,32.6269
2025-12-15 09:00:00,38.0639
2025-12-15 10:00:00,43.8736
2025-12-15 11:00:00,41.3445
2025-12-15 12:00:00,33.6175
2025-12-15 13:00:00,24.0766
2025-12-15 14:00:00,21.4556
2025-12-15 15:00:00,25.5262
2025-12-15 16:00:00,34.7122
2025-12-15 17:00:00,41.8287
2025-12-15 18:00:00,52.3376
2025-12-15 19:00:00,63.3323
2025-12-15 20:00:00,66.3063
2025-12-15 21:00:00,64.1425
2025-12-15 22:00:00,52.1761
2025-12-15 23:00:00,40.8363
2025-12-16 00:00:00,28.2959
2025-12-16 01:00:00,25.9619
2025-12-16 02:00:00,22.0801
2025-12-16 03:00:00,21.0386
2025-12-16 04:00:00,22.1879
2025-12-16 05:00:00,25.4496
2025-12-16 06:00:00,28.514
2025-12-16 07:00:00,32.1755
2025-12-16 08:00:00,33.9449
2025-12-16 09:00:00,38.5656
2025-12-16 10:00:00,44.6178
2025-12-16 11:00:00,42.8199
2025-12-16 12:00:00,33.187
2025-12-16 13:00:00,25.4374
2025-12-16 14:00:00,22.7849
2025-12-16 15:00:00,25.8846
2025-12-16 16:00:00,33.4177
2025-12-16 17:00:00,41.78
2025-12-16 18:00:00,51.8785
2025-12-16 19:00:00,63.7291
2025-12-16 20:00:00,69.7904
2025-12-16 21:00:00,63.4264
2025-12-16 22:00:00,51.9305
2025-12-16 23:00:00,43.0845
2025-12-17 00:00:00,28.8416
2025-12-17 01:00:00,24.8237
2025-12-17 02:00:00,21.7418
2025-12-17 03:00:00,20.8688
2025-12-17 04:00:00,22.6125
2025-12-17 05:00:00,25.6243
2025-12-17 06:00:00,28.9783
2025-12-17 07:00:00,31.9664
2025-12-17 08:00:00,33.9259
2025-12-17 09:00:00,39.4054
2025-12-17 10:00:00,44.125
2025-12-17 11:00:00,43.1204
2025-12-17 12:00:00,32.0549
2025-12-17 13:00:00,25.3376
2025-12-17 14:00:00,21.7968
2025-12-17 15:00:00,25.1606
2025-12-17 16:00:00,33.8762
2025-12-17 17:00:00,42.5134
2025-12-17 18:00:00,53.1914
2025-12-17 19:00:00,63.8902
2025-12-17 20:00:00,68.5304
2025-12-17 21:00:00,63.9063
2025-12-17 22:00:00,51.0525
2025-12-17 23:00:00,41.3494
2025-12-18 00:00:00,28.0581
2025-12-18 01:00:00,25.0899
2025-12-18 02:00:00,22.0295
2025-12-18 03:00:00,21.0775
2025-12-18 04:00:00,21.8024
2025-12-18 05:00:00,25.2799
2025-12-18 06:00:00,29.391
2025-12-18 07:00:00,32.1203
2025-12-18 08:00:00,34.5342
2025-12-18 09:00:00,37.8855
2025-12-18 10:00:00,44.6627
2025-12-18 11:00:00,41.9123
2025-12-18 12:00:00,33.9211
2025-12-18 13:00:00,24.3412
2025-12-18 14:00:00,23.8446
2025-12-18 15:00:00,26.0634
2025-12-18 16:00:00,34.0062
2025-12-18 17:00:00,42.1169
2025-12-18 18:00:00,52.3672
2025-12-18 19:00:00,63.0354
2025-12-18 20:00:00,68.4428
2025-12-18 21:00:00,61.2938
2025-12-18 22:00:00,52.2309
2025-12-18 23:00:00,41.9055
2025-12-19 00:00:00,28.9645
2025-12-19 01:00:00,24.8134
2025-12-19 02:00:00,21.4223
2025-12-19 03:00:00,21.085
2025-12-19 04:00:00,22.5189
2025-12-19 05:00:00,24.9596
2025-12-19 06:00:00,28.8875
2025-12-19 07:00:00,32.2489
2025-12-19 08:00:00,34.5122
2025-12-19 09:00:00,39.3062
2025-12-19 10:00:00,46.3971
2025-12-19 11:00:00,43.5831
2025-12-19 12:00:00,34.4342
2025-12-19 13:00:00,26.6597
2025-12-19 14:00:00,23.5784
2025-12-19 15:00:00,26.8071
2025-12-19 16:00:00,33.8562
2025-12-19 17:00:00,41.7328
2025-12-19 18:00:00,53.0983
2025-12-19 19:00:00,62.0127
2025-12-19 20:00:00,67.4921
2025-12-19 21:00:00,63.3776
2025-12-19 22:00:00,52.4827
2025-12-19 23:00:00,42.0953
2025-12-20 00:00:00,23.7324
2025-12-20 01:00:00,21.682
2025-12-20 02:00:00,18.8527
2025-12-20 03:00:00,17.7435
2025-12-20 04:00:00,19.1667
2025-12-20 05:00:00,22.0025
2025-12-20 06:00:00,24.4067
2025-12-20 07:00:00,28.5816
2025-12-20 08:00:00,33.0137
2025-12-20 09:00:00,35.4302
2025-12-20 10:00:00,41.4789
2025-12-20 11:00:00,39.385
2025-12-20 12:00:00,33.1969
2025-12-20 13:00:00,25.6713
2025-12-20 14:00:00,26.5455
2025-12-20 15:00:00,25.4365
2025-12-20 16:00:00,28.764
2025-12-20 17:00:00,35.8558
2025-12-20 18:00:00,44.882
2025-12-20 19:00:00,54.5038
2025-12-20 20:00:00,60.7024
2025-12-20 21:00:00,54.2652
2025-12-20 22:00:00,44.2475
2025-12-20 23:00:00,35.0906
2025-12-21 00:00:00,23.48
2025-12-21 01:00:00,20.5917
2025-12-21 02:00:00,18.997
2025-12-21 03:00:00,17.7626
2025-12-21 04:00:00,18.7227
2025-12-21 05:00:00,21.2291
2025-12-21 06:00:00,24.8589
2025-12-21 07:00:00,28.5795
2025-12-21 08:00:00,26.0328
2025-12-21 09:00:00,32.4708
2025-12-21 10:00:00,34.0728
2025-12-21 11:00:00,31.6118
2025-12-21 12:00:00,23.9008
2025-12-21 13:00:00,16.7862
2025-12-21 14:00:00,15.6855
2025-12-21 15:00:00,20.8314
2025-12-21 16:00:00,27.7842
2025-12-21 17:00:00,34.8977
2025-12-21 18:00:00,43.7536
2025-12-21 19:00:00,53.4493
2025-12-21 20:00:00,57.8169
2025-12-21 21:00:00,52.9199
2025-12-21 22:00:00,44.8265
2025-12-21 23:00:00,35.7868
2025-12-22 00:00:00,28.2619
2025-12-22 01:00:00,25.0167
2025-12-22 02:00:00,21.7409
2025-12-22 03:00:00,21.0731
2025-12-22 04:00:00,22.0436
2025-12-22 05:00:00,24.9589
2025-12-22 06:00:00,29.1299
2025-12-22 07:00:00,33.4749
2025-12-22 08:00:00,33.8662
2025-12-22 09:00:00,39.6047
2025-12-22 10:00:00,44.8724
2025-12-22 11:00:00,45.1431
2025-12-22 12:00:00,32.3166
2025-12-22 13:00:00,26.8066
2025-12-22 14:00:00,22.1432
2025-12-22 15:00:00,25.6959
2025-12-22 16:00:00,32.7236
2025-12-22 17:00:00,42.1959
2025-12-22 18:00:00,53.0399
2025-12-22 19:00:00,62.9109
2025-12-22 20:00:00,68.6993
2025-12-22 21:00:00,62.5154
2025-12-22 22:00:00,52.1238
2025-12-22 23:00:00,41.9234
2025-12-23 00:00:00,28.2397
2025-12-23 01:00:00,25.1045
2025-12-23 02:00:00,21.9231
2025-12-23 03:00:00,21.5306
2025-12-23 04:00:00,21.2527
2025-12-23 05:00:00,25.6805
2025-12-23 06:00:00,29.1309
2025-12-23 07:00:00,33.6577
2025-12-23 08:00:00,34.9023
2025-12-23 09:00:00,40.2412
2025-12-23 10:00:00,44.4486
2025-12-23 11:00:00,43.3912
2025-12-23 12:00:00,33.9836
2025-12-23 13:00:00,25.5213
2025-12-23 14:00:00,22.9795
2025-12-23 15:00:00,26.0366
2025-12-23 16:00:00,34.4479
2025-12-23 17:00:00,41.6198
2025-12-23 18:00:00,52.9864
2025-12-23 19:00:00,63.5516
2025-12-23 20:00:00,69.9462
2025-12-23 21:00:00,62.6891
2025-12-23 22:00:00,51.9384
2025-12-23 23:00:00,41.9607
2025-12-24 00:00:00,29.0226
2025-12-24 01:00:00,25.4026
2025-12-24 02:00:00,22.7755
2025-12-24 03:00:00,20.802
2025-12-24 04:00:00,21.9131
2025-12-24 05:00:00,25.2412
2025-12-24 06:00:00,28.6088
2025-12-24 07:00:00,34.6036
2025-12-24 08:00:00,37.7571
2025-12-24 09:00:00,44.8181
2025-12-24 10:00:00,49.2566
2025-12-24 11:00:00,50.2978
2025-12-24 12:00:00,40.2853
2025-12-24 13:00:00,30.2966
2025-12-24 14:00:00,27.0314
2025-12-24 15:00:00,29.0242
2025-12-24 16:00:00,35.8563
2025-12-24 17:00:00,42.1571
2025-12-24 18:00:00,50.9623
2025-12-24 19:00:00,62.7271
2025-12-24 20:00:00,69.3465
2025-12-24 21:00:00,62.3384
2025-12-24 22:00:00,52.8167
2025-12-24 23:00:00,41.3282
2025-12-25 00:00:00,28.3236
2025-12-25 01:00:00,25.5498
2025-12-25 02:00:00,22.4041
2025-12-25 03:00:00,20.8863
2025-12-25 04:00:00,22.6255
2025-12-25 05:00:00,25.518
2025-12-25 06:00:00,29.0663
2025-12-25 07:00:00,33.3698
2025-12-25 08:00:00,34.9615
2025-12-25 09:00:00,40.1375
2025-12-25 10:00:00,46.0251
2025-12-25 11:00:00,44.2925
2025-12-25 12:00:00,35.2708
2025-12-25 13:00:00,24.1068
2025-12-25 14:00:00,24.0248
2025-12-25 15:00:00,26.5986
2025-12-25 16:00:00,34.1653
2025-12-25 17:00:00,42.1187
2025-12-25 18:00:00,53.2033
2025-12-25 19:00:00,64.1972
2025-12-25 20:00:00,65.8757
2025-12-25 21:00:00,63.6217
2025-12-25 22:00:00,51.9886
2025-12-25 23:00:00,41.7538
2025-12-26 00:00:00,28.4773
2025-12-26 01:00:00,24.4828
2025-12-26 02:00:00,22.1662
2025-12-26 03:00:00,21.1797
2025-12-26 04:00:00,21.381
2025-12-26 05:00:00,25.4028
2025-12-26 06:00:00,28.8835
2025-12-26 07:00:00,34.5465
2025-12-26 08:00:00,35.6513
2025-12-26 09:00:00,41.911
2025-12-26 10:00:00,48.4127
2025-12-26 11:00:00,44.6671
2025-12-26 12:00:00,34.889
2025-12-26 13:00:00,28.8279
2025-12-26 14:00:00,28.0144
2025-12-26 15:00:00,30.6148
2025-12-26 16:00:00,35.6542
2025-12-26 17:00:00,40.6767
2025-12-26 18:00:00,53.4393
2025-12-26 19:00:00,63.0584
2025-12-26 20:00:00,68.3726
2025-12-26 21:00:00,62.5436
2025-12-26 22:00:00,52.0885
2025-12-26 23:00:00,42.2578
2025-12-27 00:00:00,24.3054
2025-12-27 01:00:00,20.8661
2025-12-27 02:00:00,18.5237
2025-12-27 03:00:00,17.5971
2025-12-27 04:00:00,18.9615
2025-12-27 05:00:00,21.3727
2025-12-27 06:00:00,25.1731
2025-12-27 07:00:00,28.7197
2025-12-27 08:00:00,28.0903
2025-12-27 09:00:00,32.3661
2025-12-27 10:00:00,36.596
2025-12-27 11:00:00,34.5289
2025-12-27 12:00:00,27.3805
2025-12-27 13:00:00,19.1833
2025-12-27 14:00:00,18.0118
2025-12-27 15:00:00,20.4314
2025-12-27 16:00:00,27.7255
2025-12-27 17:00:00,35.6695
2025-12-27 18:00:00,43.7391
2025-12-27 19:00:00,55.567
2025-12-27 20:00:00,57.7424
2025-12-27 21:00:00,52.5661
2025-12-27 22:00:00,44.4215
2025-12-27 23:00:00,35.8096
2025-12-28 00:00:00,23.8371
2025-12-28 01:00:00,21.5066
2025-12-28 02:00:00,19.3278
2025-12-28 03:00:00,17.8853
2025-12-28 04:00:00,18.8193
2025-12-28 05:00:00,21.4179
2025-12-28 06:00:00,23.9149
2025-12-28 07:00:00,28.0345
2025-12-28 08:00:00,28.9785
2025-12-28 09:00:00,32.7856
2025-12-28 10:00:00,38.1962
2025-12-28 11:00:00,36.4212
2025-12-28 12:00:00,29.4746
2025-12-28 13:00:00,20.698
2025-12-28 14:00:00,18.3082
2025-12-28 15:00:00,20.9582
2025-12-28 16:00:00,27.6153
2025-12-28 17:00:00,34.8906
2025-12-28 18:00:00,44.5969
2025-12-28 19:00:00,55.0714
2025-12-28 20:00:00,57.1632
2025-12-28 21:00:00,53.9657
2025-12-28 22:00:00,44.2835
2025-12-28 23:00:00,37.1149
2025-12-29 00:00:00,28.2746
2025-12-29 01:00:00,25.4024
2025-12-29 02:00:00,22.3662
2025-12-29 03:00:00,21.0007
2025-12-29 04:00:00,21.6242
2025-12-29 05:00:00,25.422
2025-12-29 06:00:00,28.7762
2025-12-29 07:00:00,33.6041
2025-12-29 08:00:00,37.8027
2025-12-29 09:00:00,44.7267
2025-12-29 10:00:00,52.2148
2025-12-29 11:00:00,51.9434
2025-12-29 12:00:00,41.5071
2025-12-29 13:00:00,35.3495
2025-12-29 14:00:00,31.0414
2025-12-29 15:00:00,33.5312
2025-12-29 16:00:00,35.3281
2025-12-29 17:00:00,42.169
2025-12-29 18:00:00,53.8652
2025-12-29 19:00:00,61.4789
2025-12-29 20:00:00,67.3124
2025-12-29 21:00:00,63.0956
2025-12-29 22:00:00,52.8359
2025-12-29 23:00:00,42.139
2025-12-30 00:00:00,29.0539
2025-12-30 01:00:00,25.7281
2025-12-30 02:00:00,21.6454
2025-12-30 03:00:00,20.8944
2025-12-30 04:00:00,22.0833
2025-12-30 05:00:00,24.9531
2025-12-30 06:00:00,29.433
2025-12-30 07:00:00,34.0524
2025-12-30 08:00:00,40.9907
2025-12-30 09:00:00,50.9004
2025-12-30 10:00:00,58.2034
2025-12-30 11:00:00,58.7976
2025-12-30 12:00:00,50.1987
2025-12-30 13:00:00,39.9103
2025-12-30 14:00:00,36.4195
2025-12-30 15:00:00,34.6663
2025-12-30 16:00:00,36.626
2025-12-30 17:00:00,41.3519
2025-12-30 18:00:00,52.7147
2025-12-30 19:00:00,63.5984
2025-12-30 20:00:00,68.1026
2025-12-30 21:00:00,62.971
2025-12-30 22:00:00,52.5915
2025-12-30 23:00:00,42.137
2025-12-31 00:00:00,28.4248
2025-12-31 01:00:00,25.1353
2025-12-31 02:00:00,21.7146
2025-12-31 03:00:00,20.9926
2025-12-31 04:00:00,22.4264
2025-12-31 05:00:00,25.4486
2025-12-31 06:00:00,29.7524
2025-12-31 07:00:00,34.1985
2025-12-31 08:00:00,39.6271
2025-12-31 09:00:00,51.256
2025-12-31 10:00:00,59.2279
2025-12-31 11:00:00,58.4808
2025-12-31 12:00:00,51.1636
2025-12-31 13:00:00,41.5497
2025-12-31 14:00:00,36.5803
2025-12-31 15:00:00,34.3739
2025-12-31 16:00:00,36.5078
2025-12-31 17:00:00,42.5309
2025-12-31 18:00:00,51.8846
2025-12-31 19:00:00,62.4069
2025-12-31 20:00:00,70.35
2025-12-31 21:00:00,62.1345
2025-12-31 22:00:00,52.8585
2025-12-31 23:00:00,41.4966
