timestamp,p_net_mw
2025-01-01 00:00:00,24.7323
2025-01-01 01:00:00,22.2987
2025-01-01 02:00:00,18.721
2025-01-01 03:00:00,18.0014
2025-01-01 04:00:00,19.1567
2025-01-01 05:00:00,22.18
2025-01-01 06:00:00,25.3669
2025-01-01 07:00:00,29.3427
2025-01-01 08:00:00,-13.1873
2025-01-01 09:00:00,-41.5329
2025-01-01 10:00:00,-61.2494
2025-01-01 11:00:00,-74.5001
2025-01-01 12:00:00,-84.4432
2025-01-01 13:00:00,-83.4237
2025-01-01 14:00:00,-69.3028
2025-01-01 15:00:00,-22.7262
2025-01-01 16:00:00,22.1886
2025-01-01 17:00:00,36.2372
2025-01-01 18:00:00,45.6003
2025-01-01 19:00:00,55.7086
2025-01-01 20:00:00,59.7721
2025-01-01 21:00:00,54.607
2025-01-01 22:00:00,46.0851
2025-01-01 23:00:00,37.2396
2025-01-02 00:00:00,24.5406
2025-01-02 01:00:00,21.4846
2025-01-02 02:00:00,19.1808
2025-01-02 03:00:00,18.0818
2025-01-02 04:00:00,19.1108
2025-01-02 05:00:00,21.6892
2025-01-02 06:00:00,24.7055
2025-01-02 07:00:00,28.624
2025-01-02 08:00:00,-9.8982
2025-01-02 09:00:00,-38.9136
2025-01-02 10:00:00,-57.3151
2025-01-02 11:00:00,-71.8699
2025-01-02 12:00:00,-81.4724
2025-01-02 13:00:00,-80.4744
2025-01-02 14:00:00,-63.8971
2025-01-02 15:00:00,-34.1585
2025-01-02 16:00:00,6.9969
2025-01-02 17:00:00,36.5767
2025-01-02 18:00:00,45.6665
2025-01-02 19:00:00,56.4421
2025-01-02 20:00:00,57.4019
2025-01-02 21:00:00,54.4292
2025-01-02 22:00:00,44.8251
2025-01-02 23:00:00,36.5859
2025-01-03 00:00:00,24.8443
2025-01-03 01:00:00,21.9317
2025-01-03 02:00:00,19.5852
2025-01-03 03:00:00,18.2581
2025-01-03 04:00:00,18.9774
2025-01-03 05:00:00,22.3405
2025-01-03 06:00:00,25.0617
2025-01-03 07:00:00,28.3348
2025-01-03 08:00:00,-5.2538
2025-01-03 09:00:00,-25.511
2025-01-03 10:00:00,-32.4013
2025-01-03 11:00:00,-32.0614
2025-01-03 12:00:00,-31.127
2025-01-03 13:00:00,-37.7779
2025-01-03 14:00:00,-40.7127
2025-01-03 15:00:00,-19.2539
2025-01-03 16:00:00,13.0134
2025-01-03 17:00:00,38.2071
2025-01-03 18:00:00,46.3399
2025-01-03 19:00:00,54.4701
2025-01-03 20:00:00,59.161
2025-01-03 21:00:00,55.145
2025-01-03 22:00:00,45.0018
2025-01-03 23:00:00,36.7915
2025-01-04 00:00:00,21.0048
2025-01-04 01:00:00,18.5597
2025-01-04 02:00:00,16.022
2025-01-04 03:00:00,15.1584
2025-01-04 04:00:00,16.1342
2025-01-04 05:00:00,18.2686
2025-01-04 06:00:00,21.7747
2025-01-04 07:00:00,24.1288
2025-01-04 08:00:00,-14.5018
2025-01-04 09:00:00,-43.4303
2025-01-04 10:00:00,-62.3569
2025-01-04 11:00:00,-76.0836
2025-01-04 12:00:00,-85.3621
2025-01-04 13:00:00,-85.0059
2025-01-04 14:00:00,-59.3842
2025-01-04 15:00:00,-27.4488
2025-01-04 16:00:00,8.4946
2025-01-04 17:00:00,30.6971
2025-01-04 18:00:00,39.2145
2025-01-04 19:00:00,46.5102
2025-01-04 20:00:00,48.7126
2025-01-04 21:00:00,47.9649
2025-01-04 22:00:00,37.8329
2025-01-04 23:00:00,31.1221
2025-01-05 00:00:00,21.2983
2025-01-05 01:00:00,18.2148
2025-01-05 02:00:00,16.113
2025-01-05 03:00:00,15.3243
2025-01-05 04:00:00,16.2036
2025-01-05 05:00:00,18.2994
2025-01-05 06:00:00,21.6691
2025-01-05 07:00:00,23.6817
2025-01-05 08:00:00,9.6038
2025-01-05 09:00:00,-19.4675
2025-01-05 10:00:00,-21.17
2025-01-05 11:00:00,-31.9575
2025-01-05 12:00:00,-38.7702
2025-01-05 13:00:00,-24.8946
2025-01-05 14:00:00,-0.869
2025-01-05 15:00:00,-2.6307
2025-01-05 16:00:00,21.8006
2025-01-05 17:00:00,30.8208
2025-01-05 18:00:00,38.634
2025-01-05 19:00:00,47.4818
2025-01-05 20:00:00,48.8997
2025-01-05 21:00:00,46.7984
2025-01-05 22:00:00,38.035
2025-01-05 23:00:00,31.3339
2025-01-06 00:00:00,23.9991
2025-01-06 01:00:00,21.7304
2025-01-06 02:00:00,19.265
2025-01-06 03:00:00,17.6737
2025-01-06 04:00:00,19.3708
2025-01-06 05:00:00,22.5808
2025-01-06 06:00:00,24.9573
2025-01-06 07:00:00,28.4715
2025-01-06 08:00:00,-7.5417
2025-01-06 09:00:00,-33.3366
2025-01-06 10:00:00,-51.6516
2025-01-06 11:00:00,-62.4713
2025-01-06 12:00:00,-71.9533
2025-01-06 13:00:00,-63.6355
2025-01-06 14:00:00,-18.6183
2025-01-06 15:00:00,2.7895
2025-01-06 16:00:00,15.7567
2025-01-06 17:00:00,36.2794
2025-01-06 18:00:00,45.7805
2025-01-06 19:00:00,54.8094
2025-01-06 20:00:00,59.3317
2025-01-06 21:00:00,55.3108
2025-01-06 22:00:00,45.5319
2025-01-06 23:00:00,36.2822
2025-01-07 00:00:00,24.9257
2025-01-07 01:00:00,21.7591
2025-01-07 02:00:00,19.3736
2025-01-07 03:00:00,17.8899
2025-01-07 04:00:00,19.137
2025-01-07 05:00:00,22.2775
2025-01-07 06:00:00,24.72
2025-01-07 07:00:00,28.387
2025-01-07 08:00:00,1.742
2025-01-07 09:00:00,-26.2291
2025-01-07 10:00:00,-29.8433
2025-01-07 11:00:00,-52.3685
2025-01-07 12:00:00,-72.7702
2025-01-07 13:00:00,-65.6959
2025-01-07 14:00:00,-58.0695
2025-01-07 15:00:00,-34.8983
2025-01-07 16:00:00,6.2279
2025-01-07 17:00:00,36.1406
2025-01-07 18:00:00,44.6754
2025-01-07 19:00:00,55.5958
2025-01-07 20:00:00,58.8708
2025-01-07 21:00:00,54.5626
2025-01-07 22:00:00,45.2596
2025-01-07 23:00:00,36.7769
2025-01-08 00:00:00,24.3215
2025-01-08 01:00:00,22.0055
2025-01-08 02:00:00,19.4854
2025-01-08 03:00:00,17.5276
2025-01-08 04:00:00,19.199
2025-01-08 05:00:00,21.7462
2025-01-08 06:00:00,24.6848
2025-01-08 07:00:00,29.0729
2025-01-08 08:00:00,-8.1741
2025-01-08 09:00:00,-31.4633
2025-01-08 10:00:00,-50.5587
2025-01-08 11:00:00,-62.3175
2025-01-08 12:00:00,-68.004
2025-01-08 13:00:00,-73.8512
2025-01-08 14:00:00,-44.2406
2025-01-08 15:00:00,-12.3799
2025-01-08 16:00:00,14.9469
2025-01-08 17:00:00,37.2235
2025-01-08 18:00:00,43.9589
2025-01-08 19:00:00,54.5055
2025-01-08 20:00:00,60.4311
2025-01-08 21:00:00,54.4252
2025-01-08 22:00:00,45.131
2025-01-08 23:00:00,37.0625
2025-01-09 00:00:00,24.2903
2025-01-09 01:00:00,21.7074
2025-01-09 02:00:00,19.6334
2025-01-09 03:00:00,18.2502
2025-01-09 04:00:00,19.135
2025-01-09 05:00:00,21.9709
2025-01-09 06:00:00,24.6994
2025-01-09 07:00:00,27.9166
2025-01-09 08:00:00,-10.3475
2025-01-09 09:00:00,-39.4877
2025-01-09 10:00:00,-57.8665
2025-01-09 11:00:00,-70.308
2025-01-09 12:00:00,-80.1878
2025-01-09 13:00:00,-80.8188
2025-01-09 14:00:00,-64.6545
2025-01-09 15:00:00,-37.6083
2025-01-09 16:00:00,2.2002
2025-01-09 17:00:00,36.0053
2025-01-09 18:00:00,44.5772
2025-01-09 19:00:00,56.5354
2025-01-09 20:00:00,59.251
2025-01-09 21:00:00,54.6617
2025-01-09 22:00:00,46.071
2025-01-09 23:00:00,36.8774
2025-01-10 00:00:00,23.9001
2025-01-10 01:00:00,21.3439
2025-01-10 02:00:00,19.3813
2025-01-10 03:00:00,17.988
2025-01-10 04:00:00,18.5238
2025-01-10 05:00:00,21.8663
2025-01-10 06:00:00,24.5894
2025-01-10 07:00:00,29.0177
2025-01-10 08:00:00,-8.9842
2025-01-10 09:00:00,-36.0205
2025-01-10 10:00:00,-53.8236
2025-01-10 11:00:00,-66.7829
2025-01-10 12:00:00,-77.663
2025-01-10 13:00:00,-78.7222
2025-01-10 14:00:00,-65.2383
2025-01-10 15:00:00,-37.8802
2025-01-10 16:00:00,2.4814
2025-01-10 17:00:00,37.0533
2025-01-10 18:00:00,44.5156
2025-01-10 19:00:00,55.9706
2025-01-10 20:00:00,59.5073
2025-01-10 21:00:00,55.0969
2025-01-10 22:00:00,45.7581
2025-01-10 23:00:00,35.4787
2025-01-11 00:00:00,20.8986
2025-01-11 01:00:00,18.6155
2025-01-11 02:00:00,16.6142
2025-01-11 03:00:00,15.096
2025-01-11 04:00:00,16.3464
2025-01-11 05:00:00,18.5595
2025-01-11 06:00:00,21.4262
2025-01-11 07:00:00,23.9089
2025-01-11 08:00:00,-4.7874
2025-01-11 09:00:00,-35.0452
2025-01-11 10:00:00,-57.7727
2025-01-11 11:00:00,-69.2953
2025-01-11 12:00:00,-78.3207
2025-01-11 13:00:00,-77.5635
2025-01-11 14:00:00,-70.5057
2025-01-11 15:00:00,-42.7492
2025-01-11 16:00:00,-3.7908
2025-01-11 17:00:00,31.1629
2025-01-11 18:00:00,38.8554
2025-01-11 19:00:00,47.0458
2025-01-11 20:00:00,50.3733
2025-01-11 21:00:00,47.0675
2025-01-11 22:00:00,37.8489
2025-01-11 23:00:00,30.7541
2025-01-12 00:00:00,21.4706
2025-01-12 01:00:00,18.5573
2025-01-12 02:00:00,16.2059
2025-01-12 03:00:00,15.3023
2025-01-12 04:00:00,16.3615
2025-01-12 05:00:00,18.4189
2025-01-12 06:00:00,21.0584
2025-01-12 07:00:00,23.4264
2025-01-12 08:00:00,-14.2944
2025-01-12 09:00:00,-41.215
2025-01-12 10:00:00,-57.8121
2025-01-12 11:00:00,-76.7347
2025-01-12 12:00:00,-85.8768
2025-01-12 13:00:00,-86.6066
2025-01-12 14:00:00,-72.6689
2025-01-12 15:00:00,-45.219
2025-01-12 16:00:00,-2.8412
2025-01-12 17:00:00,30.6658
2025-01-12 18:00:00,37.8693
2025-01-12 19:00:00,45.3768
2025-01-12 20:00:00,49.2075
2025-01-12 21:00:00,46.4899
2025-01-12 22:00:00,38.0747
2025-01-12 23:00:00,31.1487
2025-01-13 00:00:00,24.8315
2025-01-13 01:00:00,21.6524
2025-01-13 02:00:00,19.5256
2025-01-13 03:00:00,18.5974
2025-01-13 04:00:00,19.2255
2025-01-13 05:00:00,21.7141
2025-01-13 06:00:00,24.8967
2025-01-13 07:00:00,27.7554
2025-01-13 08:00:00,-2.1107
2025-01-13 09:00:00,-35.6059
2025-01-13 10:00:00,-56.6774
2025-01-13 11:00:00,-67.7608
2025-01-13 12:00:00,-67.1595
2025-01-13 13:00:00,-58.3921
2025-01-13 14:00:00,-37.474
2025-01-13 15:00:00,-19.1808
2025-01-13 16:00:00,12.1922
2025-01-13 17:00:00,36.6521
2025-01-13 18:00:00,45.7684
2025-01-13 19:00:00,53.6111
2025-01-13 20:00:00,57.6656
2025-01-13 21:00:00,54.1422
2025-01-13 22:00:00,45.5211
2025-01-13 23:00:00,36.2234
2025-01-14 00:00:00,25.0868
2025-01-14 01:00:00,21.5609
2025-01-14 02:00:00,19.2359
2025-01-14 03:00:00,17.6237
2025-01-14 04:00:00,19.2414
2025-01-14 05:00:00,22.125
2025-01-14 06:00:00,24.5056
2025-01-14 07:00:00,28.9851
2025-01-14 08:00:00,3.0811
2025-01-14 09:00:00,-10.4718
2025-01-14 10:00:00,-17.8087
2025-01-14 11:00:00,-32.7634
2025-01-14 12:00:00,-54.7957
2025-01-14 13:00:00,-40.8397
2025-01-14 14:00:00,-20.2876
2025-01-14 15:00:00,0.4325
2025-01-14 16:00:00,20.2828
2025-01-14 17:00:00,37.094
2025-01-14 18:00:00,45.0582
2025-01-14 19:00:00,55.5585
2025-01-14 20:00:00,58.4225
2025-01-14 21:00:00,54.1068
2025-01-14 22:00:00,45.0338
2025-01-14 23:00:00,36.8041
2025-01-15 00:00:00,24.4857
2025-01-15 01:00:00,21.7919
2025-01-15 02:00:00,18.7606
2025-01-15 03:00:00,18.126
2025-01-15 04:00:00,18.4877
2025-01-15 05:00:00,22.0467
2025-01-15 06:00:00,24.9121
2025-01-15 07:00:00,29.53
2025-01-15 08:00:00,-11.6059
2025-01-15 09:00:00,-40.1705
2025-01-15 10:00:00,-59.1275
2025-01-15 11:00:00,-71.3718
2025-01-15 12:00:00,-83.5307
2025-01-15 13:00:00,-86.1176
2025-01-15 14:00:00,-72.5534
2025-01-15 15:00:00,-44.2579
2025-01-15 16:00:00,-4.0272
2025-01-15 17:00:00,35.6853
2025-01-15 18:00:00,45.2099
2025-01-15 19:00:00,54.2478
2025-01-15 20:00:00,58.2767
2025-01-15 21:00:00,54.3414
2025-01-15 22:00:00,45.0545
2025-01-15 23:00:00,36.8135
2025-01-16 00:00:00,24.8216
2025-01-16 01:00:00,22.0409
2025-01-16 02:00:00,18.9697
2025-01-16 03:00:00,18.0563
2025-01-16 04:00:00,18.7169
2025-01-16 05:00:00,21.5277
2025-01-16 06:00:00,24.6362
2025-01-16 07:00:00,28.9376
2025-01-16 08:00:00,-12.8133
2025-01-16 09:00:00,-39.0433
2025-01-16 10:00:00,-56.674
2025-01-16 11:00:00,-68.6891
2025-01-16 12:00:00,-79.9229
2025-01-16 13:00:00,-81.9999
2025-01-16 14:00:00,-70.6127
2025-01-16 15:00:00,-43.8122
2025-01-16 16:00:00,-3.5747
2025-01-16 17:00:00,35.9883
2025-01-16 18:00:00,45.4129
2025-01-16 19:00:00,54.9705
2025-01-16 20:00:00,59.949
2025-01-16 21:00:00,53.8414
2025-01-16 22:00:00,44.4116
2025-01-16 23:00:00,35.3896
2025-01-17 00:00:00,25.0541
2025-01-17 01:00:00,22.0801
2025-01-17 02:00:00,19.102
2025-01-17 03:00:00,17.8736
2025-01-17 04:00:00,19.0395
2025-01-17 05:00:00,21.5748
2025-01-17 06:00:00,25.1742
2025-01-17 07:00:00,27.7907
2025-01-17 08:00:00,-9.6404
2025-01-17 09:00:00,-36.0642
2025-01-17 10:00:00,-48.4461
2025-01-17 11:00:00,-66.6862
2025-01-17 12:00:00,-77.2111
2025-01-17 13:00:00,-77.9007
2025-01-17 14:00:00,-54.793
2025-01-17 15:00:00,-25.6585
2025-01-17 16:00:00,1.1376
2025-01-17 17:00:00,36.4037
2025-01-17 18:00:00,46.058
2025-01-17 19:00:00,55.1966
2025-01-17 20:00:00,59.7924
2025-01-17 21:00:00,55.4363
2025-01-17 22:00:00,45.1954
2025-01-17 23:00:00,36.3637
2025-01-18 00:00:00,20.9352
2025-01-18 01:00:00,18.2805
2025-01-18 02:00:00,16.6857
2025-01-18 03:00:00,15.276
2025-01-18 04:00:00,15.9856
2025-01-18 05:00:00,18.1834
2025-01-18 06:00:00,21.242
2025-01-18 07:00:00,23.5696
2025-01-18 08:00:00,5.1925
2025-01-18 09:00:00,-38.7964
2025-01-18 10:00:00,-64.2198
2025-01-18 11:00:00,-78.2697
2025-01-18 12:00:00,-86.8004
2025-01-18 13:00:00,-87.1004
2025-01-18 14:00:00,-71.5296
2025-01-18 15:00:00,-49.268
2025-01-18 16:00:00,-8.04
2025-01-18 17:00:00,31.1116
2025-01-18 18:00:00,38.6754
2025-01-18 19:00:00,46.3943
2025-01-18 20:00:00,51.083
2025-01-18 21:00:00,45.2261
2025-01-18 22:00:00,38.4003
2025-01-18 23:00:00,31.316
2025-01-19 00:00:00,20.4262
2025-01-19 01:00:00,18.5314
2025-01-19 02:00:00,16.0946
2025-01-19 03:00:00,15.0904
2025-01-19 04:00:00,16.3054
2025-01-19 05:00:00,18.745
2025-01-19 06:00:00,21.5663
2025-01-19 07:00:00,24.7703
2025-01-19 08:00:00,-17.5792
2025-01-19 09:00:00,-46.9994
2025-01-19 10:00:00,-65.2888
2025-01-19 11:00:00,-78.0669
2025-01-19 12:00:00,-86.3505
2025-01-19 13:00:00,-86.7113
2025-01-19 14:00:00,-74.3204
2025-01-19 15:00:00,-48.1257
2025-01-19 16:00:00,-9.0331
2025-01-19 17:00:00,30.7043
2025-01-19 18:00:00,38.5173
2025-01-19 19:00:00,47.3784
2025-01-19 20:00:00,51.2286
2025-01-19 21:00:00,45.7421
2025-01-19 22:00:00,38.1613
2025-01-19 23:00:00,31.9721
2025-01-20 00:00:00,24.3051
2025-01-20 01:00:00,21.4511
2025-01-20 02:00:00,19.0483
2025-01-20 03:00:00,18.2518
2025-01-20 04:00:00,19.4233
2025-01-20 05:00:00,21.1864
2025-01-20 06:00:00,25.1213
2025-01-20 07:00:00,29.0685
2025-01-20 08:00:00,-12.1402
2025-01-20 09:00:00,-37.578
2025-01-20 10:00:00,-55.497
2025-01-20 11:00:00,-63.7025
2025-01-20 12:00:00,-67.1763
2025-01-20 13:00:00,-56.8026
2025-01-20 14:00:00,-48.5567
2025-01-20 15:00:00,-29.3732
2025-01-20 16:00:00,8.8472
2025-01-20 17:00:00,36.4925
2025-01-20 18:00:00,45.4093
2025-01-20 19:00:00,54.824
2025-01-20 20:00:00,59.5201
2025-01-20 21:00:00,54.9055
2025-01-20 22:00:00,44.6169
2025-01-20 23:00:00,35.9026
2025-01-21 00:00:00,25.37
2025-01-21 01:00:00,21.7809
2025-01-21 02:00:00,18.8077
2025-01-21 03:00:00,18.2749
2025-01-21 04:00:00,18.8687
2025-01-21 05:00:00,21.5754
2025-01-21 06:00:00,25.579
2025-01-21 07:00:00,29.0949
2025-01-21 08:00:00,-6.6238
2025-01-21 09:00:00,-28.2114
2025-01-21 10:00:00,-39.3656
2025-01-21 11:00:00,-39.5076
2025-01-21 12:00:00,-50.1949
2025-01-21 13:00:00,-44.4259
2025-01-21 14:00:00,-5.6991
2025-01-21 15:00:00,15.6147
2025-01-21 16:00:00,27.495
2025-01-21 17:00:00,36.4008
2025-01-21 18:00:00,45.4939
2025-01-21 19:00:00,54.7968
2025-01-21 20:00:00,58.9369
2025-01-21 21:00:00,54.9917
2025-01-21 22:00:00,45.946
2025-01-21 23:00:00,35.9427
2025-01-22 00:00:00,25.2254
2025-01-22 01:00:00,21.3591
2025-01-22 02:00:00,18.5731
2025-01-22 03:00:00,18.2369
2025-01-22 04:00:00,19.2962
2025-01-22 05:00:00,22.117
2025-01-22 06:00:00,24.4912
2025-01-22 07:00:00,28.6799
2025-01-22 08:00:00,28.9274
2025-01-22 09:00:00,31.5651
2025-01-22 10:00:00,39.4948
2025-01-22 11:00:00,32.5372
2025-01-22 12:00:00,-12.3352
2025-01-22 13:00:00,-26.95
2025-01-22 14:00:00,-5.5379
2025-01-22 15:00:00,17.1997
2025-01-22 16:00:00,26.9514
2025-01-22 17:00:00,36.016
2025-01-22 18:00:00,44.475
2025-01-22 19:00:00,53.9891
2025-01-22 20:00:00,58.2105
2025-01-22 21:00:00,53.4896
2025-01-22 22:00:00,45.5951
2025-01-22 23:00:00,37.0076
2025-01-23 00:00:00,23.7669
2025-01-23 01:00:00,21.8937
2025-01-23 02:00:00,19.238
2025-01-23 03:00:00,17.8152
2025-01-23 04:00:00,19.1881
2025-01-23 05:00:00,22.4617
2025-01-23 06:00:00,25.3769
2025-01-23 07:00:00,28.4358
2025-01-23 08:00:00,24.9134
2025-01-23 09:00:00,15.8788
2025-01-23 10:00:00,16.8996
2025-01-23 11:00:00,16.3165
2025-01-23 12:00:00,7.609
2025-01-23 13:00:00,1.414
2025-01-23 14:00:00,12.9152
2025-01-23 15:00:00,19.6168
2025-01-23 16:00:00,26.9253
2025-01-23 17:00:00,36.1856
2025-01-23 18:00:00,45.8848
2025-01-23 19:00:00,54.8764
2025-01-23 20:00:00,60.5488
2025-01-23 21:00:00,55.1812
2025-01-23 22:00:00,45.0308
2025-01-23 23:00:00,37.3449
2025-01-24 00:00:00,25.3257
2025-01-24 01:00:00,21.2324
2025-01-24 02:00:00,19.2626
2025-01-24 03:00:00,18.1095
2025-01-24 04:00:00,19.5311
2025-01-24 05:00:00,21.1342
2025-01-24 06:00:00,24.9824
2025-01-24 07:00:00,28.8026
2025-01-24 08:00:00,11.6978
2025-01-24 09:00:00,-10.8342
2025-01-24 10:00:00,-3.773
2025-01-24 11:00:00,-8.9853
2025-01-24 12:00:00,-5.1266
2025-01-24 13:00:00,4.2358
2025-01-24 14:00:00,13.5992
2025-01-24 15:00:00,16.9369
2025-01-24 16:00:00,27.8739
2025-01-24 17:00:00,36.4297
2025-01-24 18:00:00,44.2196
2025-01-24 19:00:00,54.745
2025-01-24 20:00:00,59.6924
2025-01-24 21:00:00,53.784
2025-01-24 22:00:00,45.1886
2025-01-24 23:00:00,35.716
2025-01-25 00:00:00,20.5788
2025-01-25 01:00:00,18.4278
2025-01-25 02:00:00,16.6053
2025-01-25 03:00:00,15.6566
2025-01-25 04:00:00,16.4057
2025-01-25 05:00:00,18.3745
2025-01-25 06:00:00,21.4333
2025-01-25 07:00:00,24.0452
2025-01-25 08:00:00,23.3329
2025-01-25 09:00:00,17.0517
2025-01-25 10:00:00,-4.3152
2025-01-25 11:00:00,-34.5262
2025-01-25 12:00:00,-58.7194
2025-01-25 13:00:00,-86.051
2025-01-25 14:00:00,-60.1119
2025-01-25 15:00:00,-22.1958
2025-01-25 16:00:00,2.5389
2025-01-25 17:00:00,31.1621
2025-01-25 18:00:00,38.9769
2025-01-25 19:00:00,45.7995
2025-01-25 20:00:00,51.1698
2025-01-25 21:00:00,47.3294
2025-01-25 22:00:00,39.0999
2025-01-25 23:00:00,30.7449
2025-01-26 00:00:00,21.4901
2025-01-26 01:00:00,18.5807
2025-01-26 02:00:00,16.5164
2025-01-26 03:00:00,15.3283
2025-01-26 04:00:00,16.7369
2025-01-26 05:00:00,18.4532
2025-01-26 06:00:00,21.667
2025-01-26 07:00:00,14.5564
2025-01-26 08:00:00,-17.8461
2025-01-26 09:00:00,-45.7234
2025-01-26 10:00:00,-65.7873
2025-01-26 11:00:00,-69.6115
2025-01-26 12:00:00,-64.8795
2025-01-26 13:00:00,-52.6666
2025-01-26 14:00:00,2.2695
2025-01-26 15:00:00,14.7865
2025-01-26 16:00:00,22.9122
2025-01-26 17:00:00,31.0235
2025-01-26 18:00:00,39.2412
2025-01-26 19:00:00,48.1299
2025-01-26 20:00:00,49.5389
2025-01-26 21:00:00,47.4692
2025-01-26 22:00:00,37.9045
2025-01-26 23:00:00,31.3226
2025-01-27 00:00:00,24.7598
2025-01-27 01:00:00,21.2058
2025-01-27 02:00:00,19.1282
2025-01-27 03:00:00,17.6929
2025-01-27 04:00:00,18.4433
2025-01-27 05:00:00,22.2
2025-01-27 06:00:00,25.2712
2025-01-27 07:00:00,27.2568
2025-01-27 08:00:00,-4.0559
2025-01-27 09:00:00,-33.315
2025-01-27 10:00:00,-51.1265
2025-01-27 11:00:00,-66.4116
2025-01-27 12:00:00,-76.9194
2025-01-27 13:00:00,-81.564
2025-01-27 14:00:00,-59.7709
2025-01-27 15:00:00,-29.2292
2025-01-27 16:00:00,5.6772
2025-01-27 17:00:00,36.5684
2025-01-27 18:00:00,45.5202
2025-01-27 19:00:00,55.1676
2025-01-27 20:00:00,58.9641
2025-01-27 21:00:00,56.2218
2025-01-27 22:00:00,45.2932
2025-01-27 23:00:00,35.0749
2025-01-28 00:00:00,24.589
2025-01-28 01:00:00,22.0925
2025-01-28 02:00:00,18.8725
2025-01-28 03:00:00,18.1306
2025-01-28 04:00:00,18.8764
2025-01-28 05:00:00,21.898
2025-01-28 06:00:00,24.7801
2025-01-28 07:00:00,19.622
2025-01-28 08:00:00,-3.329
2025-01-28 09:00:00,-23.3725
2025-01-28 10:00:00,-28.0588
2025-01-28 11:00:00,-11.9545
2025-01-28 12:00:00,-17.4696
2025-01-28 13:00:00,-28.0261
2025-01-28 14:00:00,-0.4627
2025-01-28 15:00:00,9.2334
2025-01-28 16:00:00,23.1397
2025-01-28 17:00:00,36.088
2025-01-28 18:00:00,44.2889
2025-01-28 19:00:00,54.5844
2025-01-28 20:00:00,58.3432
2025-01-28 21:00:00,52.8842
2025-01-28 22:00:00,45.8701
2025-01-28 23:00:00,35.5442
2025-01-29 00:00:00,24.7758
2025-01-29 01:00:00,21.3512
2025-01-29 02:00:00,19.2754
2025-01-29 03:00:00,18.5243
2025-01-29 04:00:00,19.2469
2025-01-29 05:00:00,21.0776
2025-01-29 06:00:00,25.0251
2025-01-29 07:00:00,27.4173
2025-01-29 08:00:00,11.0327
2025-01-29 09:00:00,-13.3214
2025-01-29 10:00:00,-49.2673
2025-01-29 11:00:00,-68.247
2025-01-29 12:00:00,-85.7867
2025-01-29 13:00:00,-92.5438
2025-01-29 14:00:00,-35.5299
2025-01-29 15:00:00,-19.1806
2025-01-29 16:00:00,16.0058
2025-01-29 17:00:00,35.733
2025-01-29 18:00:00,46.0721
2025-01-29 19:00:00,55.3646
2025-01-29 20:00:00,59.1625
2025-01-29 21:00:00,53.6913
2025-01-29 22:00:00,45.4738
2025-01-29 23:00:00,36.3623
2025-01-30 00:00:00,24.5168
2025-01-30 01:00:00,21.627
2025-01-30 02:00:00,18.9632
2025-01-30 03:00:00,17.6523
2025-01-30 04:00:00,18.9639
2025-01-30 05:00:00,21.7821
2025-01-30 06:00:00,24.9063
2025-01-30 07:00:00,28.1764
2025-01-30 08:00:00,10.9835
2025-01-30 09:00:00,1.2795
2025-01-30 10:00:00,-24.2614
2025-01-30 11:00:00,-69.8675
2025-01-30 12:00:00,-86.397
2025-01-30 13:00:00,-90.1893
2025-01-30 14:00:00,-75.9192
2025-01-30 15:00:00,-48.2561
2025-01-30 16:00:00,-7.9237
2025-01-30 17:00:00,36.634
2025-01-30 18:00:00,45.8756
2025-01-30 19:00:00,54.1999
2025-01-30 20:00:00,59.2303
2025-01-30 21:00:00,54.9836
2025-01-30 22:00:00,45.7012
2025-01-30 23:00:00,37.0586
2025-01-31 00:00:00,23.6586
2025-01-31 01:00:00,21.9508
2025-01-31 02:00:00,19.3952
2025-01-31 03:00:00,18.1154
2025-01-31 04:00:00,19.1925
2025-01-31 05:00:00,21.8685
2025-01-31 06:00:00,24.929
2025-01-31 07:00:00,25.7932
2025-01-31 08:00:00,8.7496
2025-01-31 09:00:00,-12.3996
2025-01-31 10:00:00,-29.8203
2025-01-31 11:00:00,-42.008
2025-01-31 12:00:00,-61.9081
2025-01-31 13:00:00,-71.5329
2025-01-31 14:00:00,-66.636
2025-01-31 15:00:00,-39.7155
2025-01-31 16:00:00,-3.2218
2025-01-31 17:00:00,36.3763
2025-01-31 18:00:00,45.335
2025-01-31 19:00:00,53.9797
2025-01-31 20:00:00,59.2687
2025-01-31 21:00:00,54.1589
2025-01-31 22:00:00,44.894
2025-01-31 23:00:00,37.4851
2025-02-01 00:00:00,19.8983
2025-02-01 01:00:00,18.1231
2025-02-01 02:00:00,15.9542
2025-02-01 03:00:00,14.5148
2025-02-01 04:00:00,15.6251
2025-02-01 05:00:00,18.2838
2025-02-01 06:00:00,20.6393
2025-02-01 07:00:00,18.4433
2025-02-01 08:00:00,3.1685
2025-02-01 09:00:00,-25.845
2025-02-01 10:00:00,-51.1269
2025-02-01 11:00:00,-81.7424
2025-02-01 12:00:00,-96.5945
2025-02-01 13:00:00,-86.3155
2025-02-01 14:00:00,-77.9901
2025-02-01 15:00:00,-41.2664
2025-02-01 16:00:00,-6.4037
2025-02-01 17:00:00,28.8732
2025-02-01 18:00:00,37.3344
2025-02-01 19:00:00,46.6414
2025-02-01 20:00:00,48.3506
2025-02-01 21:00:00,46.0645
2025-02-01 22:00:00,37.455
2025-02-01 23:00:00,30.0622
2025-02-02 00:00:00,20.4504
2025-02-02 01:00:00,17.8605
2025-02-02 02:00:00,15.9866
2025-02-02 03:00:00,15.3366
2025-02-02 04:00:00,16.0846
2025-02-02 05:00:00,17.897
2025-02-02 06:00:00,21.0564
2025-02-02 07:00:00,16.8984
2025-02-02 08:00:00,-15.1702
2025-02-02 09:00:00,-48.9297
2025-02-02 10:00:00,-56.7608
2025-02-02 11:00:00,-56.6583
2025-02-02 12:00:00,-66.5162
2025-02-02 13:00:00,-82.8162
2025-02-02 14:00:00,-74.3257
2025-02-02 15:00:00,-50.5647
2025-02-02 16:00:00,-3.8675
2025-02-02 17:00:00,28.8605
2025-02-02 18:00:00,36.2763
2025-02-02 19:00:00,45.2743
2025-02-02 20:00:00,48.4015
2025-02-02 21:00:00,44.5131
2025-02-02 22:00:00,37.5166
2025-02-02 23:00:00,30.8644
2025-02-03 00:00:00,23.6244
2025-02-03 01:00:00,21.87
2025-02-03 02:00:00,18.7153
2025-02-03 03:00:00,17.5832
2025-02-03 04:00:00,18.9659
2025-02-03 05:00:00,21.4663
2025-02-03 06:00:00,23.9368
2025-02-03 07:00:00,18.1792
2025-02-03 08:00:00,-16.3995
2025-02-03 09:00:00,-43.8744
2025-02-03 10:00:00,-63.722
2025-02-03 11:00:00,-78.0463
2025-02-03 12:00:00,-89.2336
2025-02-03 13:00:00,-91.7572
2025-02-03 14:00:00,-78.0786
2025-02-03 15:00:00,-50.6084
2025-02-03 16:00:00,-8.776
2025-02-03 17:00:00,34.8555
2025-02-03 18:00:00,44.9523
2025-02-03 19:00:00,53.0201
2025-02-03 20:00:00,55.6192
2025-02-03 21:00:00,54.2999
2025-02-03 22:00:00,44.4546
2025-02-03 23:00:00,35.3475
2025-02-04 00:00:00,24.3079
2025-02-04 01:00:00,21.3331
2025-02-04 02:00:00,18.4834
2025-02-04 03:00:00,17.7356
2025-02-04 04:00:00,18.5414
2025-02-04 05:00:00,21.7754
2025-02-04 06:00:00,24.8709
2025-02-04 07:00:00,18.1637
2025-02-04 08:00:00,-13.4112
2025-02-04 09:00:00,-39.7068
2025-02-04 10:00:00,-58.173
2025-02-04 11:00:00,-72.3917
2025-02-04 12:00:00,-84.7875
2025-02-04 13:00:00,-86.1187
2025-02-04 14:00:00,-56.968
2025-02-04 15:00:00,-27.1052
2025-02-04 16:00:00,7.6523
2025-02-04 17:00:00,34.3563
2025-02-04 18:00:00,44.6739
2025-02-04 19:00:00,53.9659
2025-02-04 20:00:00,57.5481
2025-02-04 21:00:00,52.2503
2025-02-04 22:00:00,43.7017
2025-02-04 23:00:00,35.2217
2025-02-05 00:00:00,24.0365
2025-02-05 01:00:00,21.2363
2025-02-05 02:00:00,18.9807
2025-02-05 03:00:00,17.7295
2025-02-05 04:00:00,18.4766
2025-02-05 05:00:00,21.3606
2025-02-05 06:00:00,24.9677
2025-02-05 07:00:00,27.1096
2025-02-05 08:00:00,25.2457
2025-02-05 09:00:00,22.5773
2025-02-05 10:00:00,34.5422
2025-02-05 11:00:00,39.3979
2025-02-05 12:00:00,30.5511
2025-02-05 13:00:00,24.8866
2025-02-05 14:00:00,22.8451
2025-02-05 15:00:00,25.466
2025-02-05 16:00:00,27.8648
2025-02-05 17:00:00,35.2861
2025-02-05 18:00:00,43.6997
2025-02-05 19:00:00,52.9815
2025-02-05 20:00:00,57.2314
2025-02-05 21:00:00,53.2346
2025-02-05 22:00:00,43.5122
2025-02-05 23:00:00,34.965
2025-02-06 00:00:00,23.9924
2025-02-06 01:00:00,21.1636
2025-02-06 02:00:00,18.8248
2025-02-06 03:00:00,18.0542
2025-02-06 04:00:00,18.8785
2025-02-06 05:00:00,21.2433
2025-02-06 06:00:00,24.2713
2025-02-06 07:00:00,27.7294
2025-02-06 08:00:00,28.8046
2025-02-06 09:00:00,31.5157
2025-02-06 10:00:00,35.9378
2025-02-06 11:00:00,31.2457
2025-02-06 12:00:00,21.6681
2025-02-06 13:00:00,19.9171
2025-02-06 14:00:00,24.3176
2025-02-06 15:00:00,25.5765
2025-02-06 16:00:00,29.1719
2025-02-06 17:00:00,35.5513
2025-02-06 18:00:00,43.7212
2025-02-06 19:00:00,52.1309
2025-02-06 20:00:00,59.5318
2025-02-06 21:00:00,52.5615
2025-02-06 22:00:00,44.7056
2025-02-06 23:00:00,34.294
2025-02-07 00:00:00,24.642
2025-02-07 01:00:00,21.6814
2025-02-07 02:00:00,18.4007
2025-02-07 03:00:00,17.7805
2025-02-07 04:00:00,18.3579
2025-02-07 05:00:00,21.6824
2025-02-07 06:00:00,24.3023
2025-02-07 07:00:00,23.9614
2025-02-07 08:00:00,21.0525
2025-02-07 09:00:00,8.09
2025-02-07 10:00:00,12.1564
2025-02-07 11:00:00,-20.662
2025-02-07 12:00:00,-20.0302
2025-02-07 13:00:00,-21.995
2025-02-07 14:00:00,-8.2328
2025-02-07 15:00:00,20.5844
2025-02-07 16:00:00,24.5699
2025-02-07 17:00:00,32.8524
2025-02-07 18:00:00,43.9546
2025-02-07 19:00:00,54.1477
2025-02-07 20:00:00,57.6368
2025-02-07 21:00:00,53.808
2025-02-07 22:00:00,42.8525
2025-02-07 23:00:00,36.3529
2025-02-08 00:00:00,20.5726
2025-02-08 01:00:00,17.7764
2025-02-08 02:00:00,16.0351
2025-02-08 03:00:00,14.5648
2025-02-08 04:00:00,15.6354
2025-02-08 05:00:00,18.2006
2025-02-08 06:00:00,20.6905
2025-02-08 07:00:00,19.0914
2025-02-08 08:00:00,1.7474
2025-02-08 09:00:00,-23.8118
2025-02-08 10:00:00,-37.5047
2025-02-08 11:00:00,-53.1347
2025-02-08 12:00:00,-71.9523
2025-02-08 13:00:00,-67.2707
2025-02-08 14:00:00,-17.5489
2025-02-08 15:00:00,8.2659
2025-02-08 16:00:00,19.966
2025-02-08 17:00:00,29.7479
2025-02-08 18:00:00,38.0817
2025-02-08 19:00:00,46.5214
2025-02-08 20:00:00,48.3474
2025-02-08 21:00:00,45.2233
2025-02-08 22:00:00,37.4921
2025-02-08 23:00:00,30.2044
2025-02-09 00:00:00,20.3084
2025-02-09 01:00:00,17.9168
2025-02-09 02:00:00,15.9061
2025-02-09 03:00:00,15.2178
2025-02-09 04:00:00,15.8056
2025-02-09 05:00:00,17.6924
2025-02-09 06:00:00,21.4473
2025-02-09 07:00:00,23.5223
2025-02-09 08:00:00,20.3245
2025-02-09 09:00:00,16.2611
2025-02-09 10:00:00,11.1278
2025-02-09 11:00:00,0.7497
2025-02-09 12:00:00,-0.0017
2025-02-09 13:00:00,-3.4218
2025-02-09 14:00:00,3.8268
2025-02-09 15:00:00,12.1182
2025-02-09 16:00:00,17.1494
2025-02-09 17:00:00,27.6445
2025-02-09 18:00:00,37.5109
2025-02-09 19:00:00,46.228
2025-02-09 20:00:00,47.5637
2025-02-09 21:00:00,45.2441
2025-02-09 22:00:00,36.9006
2025-02-09 23:00:00,30.2309
2025-02-10 00:00:00,23.9421
2025-02-10 01:00:00,20.4584
2025-02-10 02:00:00,18.9475
2025-02-10 03:00:00,17.3715
2025-02-10 04:00:00,18.4303
2025-02-10 05:00:00,21.5568
2025-02-10 06:00:00,24.8653
2025-02-10 07:00:00,20.5195
2025-02-10 08:00:00,-15.1768
2025-02-10 09:00:00,-41.201
2025-02-10 10:00:00,-61.5007
2025-02-10 11:00:00,-80.4113
2025-02-10 12:00:00,-89.6973
2025-02-10 13:00:00,-87.4506
2025-02-10 14:00:00,-67.1721
2025-02-10 15:00:00,-39.1046
2025-02-10 16:00:00,-9.2025
2025-02-10 17:00:00,26.5659
2025-02-10 18:00:00,43.2272
2025-02-10 19:00:00,52.1467
2025-02-10 20:00:00,58.7227
2025-02-10 21:00:00,53.5325
2025-02-10 22:00:00,43.312
2025-02-10 23:00:00,35.1277
2025-02-11 00:00:00,23.3452
2025-02-11 01:00:00,21.2746
2025-02-11 02:00:00,18.6554
2025-02-11 03:00:00,17.2539
2025-02-11 04:00:00,18.3261
2025-02-11 05:00:00,20.9199
2025-02-11 06:00:00,24.7607
2025-02-11 07:00:00,16.2586
2025-02-11 08:00:00,-17.1747
2025-02-11 09:00:00,-44.4428
2025-02-11 10:00:00,-64.6304
2025-02-11 11:00:00,-79.4803
2025-02-11 12:00:00,-83.7418
2025-02-11 13:00:00,-87.2738
2025-02-11 14:00:00,-62.7924
2025-02-11 15:00:00,-41.6713
2025-02-11 16:00:00,0.5823
2025-02-11 17:00:00,33.2276
2025-02-11 18:00:00,42.8468
2025-02-11 19:00:00,53.8569
2025-02-11 20:00:00,56.8576
2025-02-11 21:00:00,52.9363
2025-02-11 22:00:00,43.4017
2025-02-11 23:00:00,36.022
2025-02-12 00:00:00,23.9011
2025-02-12 01:00:00,21.1554
2025-02-12 02:00:00,18.3208
2025-02-12 03:00:00,17.5361
2025-02-12 04:00:00,18.7871
2025-02-12 05:00:00,20.6072
2025-02-12 06:00:00,24.766
2025-02-12 07:00:00,17.9959
2025-02-12 08:00:00,-14.126
2025-02-12 09:00:00,-38.1078
2025-02-12 10:00:00,-42.4123
2025-02-12 11:00:00,-72.5067
2025-02-12 12:00:00,-39.6736
2025-02-12 13:00:00,-21.6396
2025-02-12 14:00:00,-14.1001
2025-02-12 15:00:00,-2.6962
2025-02-12 16:00:00,17.5695
2025-02-12 17:00:00,32.8512
2025-02-12 18:00:00,44.0303
2025-02-12 19:00:00,52.8818
2025-02-12 20:00:00,57.1796
2025-02-12 21:00:00,53.8228
2025-02-12 22:00:00,43.4805
2025-02-12 23:00:00,35.1002
2025-02-13 00:00:00,23.6751
2025-02-13 01:00:00,21.2929
2025-02-13 02:00:00,18.337
2025-02-13 03:00:00,17.5587
2025-02-13 04:00:00,18.3529
2025-02-13 05:00:00,21.4493
2025-02-13 06:00:00,24.4449
2025-02-13 07:00:00,17.001
2025-02-13 08:00:00,-13.6002
2025-02-13 09:00:00,-40.6398
2025-02-13 10:00:00,-63.117
2025-02-13 11:00:00,-75.4013
2025-02-13 12:00:00,-88.3587
2025-02-13 13:00:00,-93.7733
2025-02-13 14:00:00,-21.7367
2025-02-13 15:00:00,-0.9527
2025-02-13 16:00:00,16.5786
2025-02-13 17:00:00,32.4544
2025-02-13 18:00:00,42.7038
2025-02-13 19:00:00,53.9579
2025-02-13 20:00:00,57.3342
2025-02-13 21:00:00,52.8821
2025-02-13 22:00:00,44.586
2025-02-13 23:00:00,35.6015
2025-02-14 00:00:00,23.7364
2025-02-14 01:00:00,21.1307
2025-02-14 02:00:00,18.8563
2025-02-14 03:00:00,18.1245
2025-02-14 04:00:00,18.4591
2025-02-14 05:00:00,20.5008
2025-02-14 06:00:00,24.0333
2025-02-14 07:00:00,28.3031
2025-02-14 08:00:00,31.0831
2025-02-14 09:00:00,35.3144
2025-02-14 10:00:00,40.992
2025-02-14 11:00:00,42.4193
2025-02-14 12:00:00,36.9659
2025-02-14 13:00:00,23.2803
2025-02-14 14:00:00,22.159
2025-02-14 15:00:00,23.3235
2025-02-14 16:00:00,28.7437
2025-02-14 17:00:00,35.749
2025-02-14 18:00:00,43.761
2025-02-14 19:00:00,52.5107
2025-02-14 20:00:00,57.1532
2025-02-14 21:00:00,53.1785
2025-02-14 22:00:00,44.4777
2025-02-14 23:00:00,35.061
2025-02-15 00:00:00,19.935
2025-02-15 01:00:00,17.652
2025-02-15 02:00:00,15.7622
2025-02-15 03:00:00,14.7419
2025-02-15 04:00:00,16.1395
2025-02-15 05:00:00,17.9997
2025-02-15 06:00:00,20.8606
2025-02-15 07:00:00,23.5635
2025-02-15 08:00:00,28.7727
2025-02-15 09:00:00,36.0149
2025-02-15 10:00:00,39.6327
2025-02-15 11:00:00,38.8539
2025-02-15 12:00:00,27.9686
2025-02-15 13:00:00,22.6588
2025-02-15 14:00:00,23.6226
2025-02-15 15:00:00,22.2282
2025-02-15 16:00:00,24.2636
2025-02-15 17:00:00,29.7898
2025-02-15 18:00:00,38.7013
2025-02-15 19:00:00,44.9999
2025-02-15 20:00:00,48.2117
2025-02-15 21:00:00,44.8666
2025-02-15 22:00:00,36.7886
2025-02-15 23:00:00,31.1683
2025-02-16 00:00:00,20.6247
2025-02-16 01:00:00,17.8896
2025-02-16 02:00:00,15.6448
2025-02-16 03:00:00,14.5003
2025-02-16 04:00:00,15.9534
2025-02-16 05:00:00,18.0711
2025-02-16 06:00:00,20.5206
2025-02-16 07:00:00,18.3036
2025-02-16 08:00:00,-1.1268
2025-02-16 09:00:00,-2.4031
2025-02-16 10:00:00,-10.5114
2025-02-16 11:00:00,-12.5396
2025-02-16 12:00:00,-17.1826
2025-02-16 13:00:00,-1.6811
2025-02-16 14:00:00,1.9893
2025-02-16 15:00:00,7.6919
2025-02-16 16:00:00,19.1576
2025-02-16 17:00:00,29.9504
2025-02-16 18:00:00,37.667
2025-02-16 19:00:00,44.3645
2025-02-16 20:00:00,49.8505
2025-02-16 21:00:00,44.7737
2025-02-16 22:00:00,37.5125
2025-02-16 23:00:00,29.5679
2025-02-17 00:00:00,23.9145
2025-02-17 01:00:00,21.2426
2025-02-17 02:00:00,18.4452
2025-02-17 03:00:00,17.055
2025-02-17 04:00:00,18.3122
2025-02-17 05:00:00,21.176
2025-02-17 06:00:00,24.4493
2025-02-17 07:00:00,26.3177
2025-02-17 08:00:00,20.09
2025-02-17 09:00:00,25.5546
2025-02-17 10:00:00,36.2202
2025-02-17 11:00:00,20.6685
2025-02-17 12:00:00,-3.6272
2025-02-17 13:00:00,-4.1545
2025-02-17 14:00:00,15.1596
2025-02-17 15:00:00,15.7862
2025-02-17 16:00:00,25.262
2025-02-17 17:00:00,34.2992
2025-02-17 18:00:00,43.9215
2025-02-17 19:00:00,53.4895
2025-02-17 20:00:00,56.2287
2025-02-17 21:00:00,53.2524
2025-02-17 22:00:00,44.4392
2025-02-17 23:00:00,35.2017
2025-02-18 00:00:00,24.0899
2025-02-18 01:00:00,21.6266
2025-02-18 02:00:00,18.8115
2025-02-18 03:00:00,17.0545
2025-02-18 04:00:00,18.581
2025-02-18 05:00:00,20.7812
2025-02-18 06:00:00,24.4723
2025-02-18 07:00:00,14.2204
2025-02-18 08:00:00,-19.7818
2025-02-18 09:00:00,-48.6258
2025-02-18 10:00:00,-65.1894
2025-02-18 11:00:00,-81.5171
2025-02-18 12:00:00,-95.128
2025-02-18 13:00:00,-85.9161
2025-02-18 14:00:00,-51.6571
2025-02-18 15:00:00,-22.1913
2025-02-18 16:00:00,13.2682
2025-02-18 17:00:00,33.3509
2025-02-18 18:00:00,43.8189
2025-02-18 19:00:00,53.8952
2025-02-18 20:00:00,56.946
2025-02-18 21:00:00,52.8605
2025-02-18 22:00:00,43.9265
2025-02-18 23:00:00,34.8427
2025-02-19 00:00:00,23.9532
2025-02-19 01:00:00,20.8122
2025-02-19 02:00:00,18.5188
2025-02-19 03:00:00,17.8815
2025-02-19 04:00:00,18.9462
2025-02-19 05:00:00,21.4398
2025-02-19 06:00:00,24.6941
2025-02-19 07:00:00,12.0088
2025-02-19 08:00:00,-24.5014
2025-02-19 09:00:00,-55.1329
2025-02-19 10:00:00,-74.6596
2025-02-19 11:00:00,-87.5666
2025-02-19 12:00:00,-103.1549
2025-02-19 13:00:00,-104.4325
2025-02-19 14:00:00,-72.7818
2025-02-19 15:00:00,-38.4248
2025-02-19 16:00:00,-1.5714
2025-02-19 17:00:00,30.8051
2025-02-19 18:00:00,44.4046
2025-02-19 19:00:00,52.5391
2025-02-19 20:00:00,57.1274
2025-02-19 21:00:00,53.1687
2025-02-19 22:00:00,43.9246
2025-02-19 23:00:00,34.7642
2025-02-20 00:00:00,24.0698
2025-02-20 01:00:00,21.3309
2025-02-20 02:00:00,18.8467
2025-02-20 03:00:00,17.2925
2025-02-20 04:00:00,18.4518
2025-02-20 05:00:00,21.0337
2025-02-20 06:00:00,25.0076
2025-02-20 07:00:00,10.9665
2025-02-20 08:00:00,-24.6186
2025-02-20 09:00:00,-51.6362
2025-02-20 10:00:00,-70.5572
2025-02-20 11:00:00,-85.4548
2025-02-20 12:00:00,-96.4893
2025-02-20 13:00:00,-98.8149
2025-02-20 14:00:00,-83.5589
2025-02-20 15:00:00,-50.324
2025-02-20 16:00:00,-19.5285
2025-02-20 17:00:00,24.2023
2025-02-20 18:00:00,43.5605
2025-02-20 19:00:00,52.8325
2025-02-20 20:00:00,57.9303
2025-02-20 21:00:00,54.8633
2025-02-20 22:00:00,44.9501
2025-02-20 23:00:00,35.134
2025-02-21 00:00:00,24.2437
2025-02-21 01:00:00,20.8609
2025-02-21 02:00:00,18.716
2025-02-21 03:00:00,17.2808
2025-02-21 04:00:00,18.6529
2025-02-21 05:00:00,21.4654
2025-02-21 06:00:00,24.751
2025-02-21 07:00:00,10.7541
2025-02-21 08:00:00,-23.4664
2025-02-21 09:00:00,-51.9141
2025-02-21 10:00:00,-69.1328
2025-02-21 11:00:00,-84.3856
2025-02-21 12:00:00,-95.6065
2025-02-21 13:00:00,-97.8832
2025-02-21 14:00:00,-84.5681
2025-02-21 15:00:00,-57.6356
2025-02-21 16:00:00,-18.8036
2025-02-21 17:00:00,25.3043
2025-02-21 18:00:00,44.0535
2025-02-21 19:00:00,53.4671
2025-02-21 20:00:00,56.9127
2025-02-21 21:00:00,53.6708
2025-02-21 22:00:00,44.2944
2025-02-21 23:00:00,34.8109
2025-02-22 00:00:00,20.2252
2025-02-22 01:00:00,18.4508
2025-02-22 02:00:00,15.6227
2025-02-22 03:00:00,15.1714
2025-02-22 04:00:00,16.2013
2025-02-22 05:00:00,17.8242
2025-02-22 06:00:00,20.874
2025-02-22 07:00:00,7.7313
2025-02-22 08:00:00,-27.326
2025-02-22 09:00:00,-56.2614
2025-02-22 10:00:00,-74.5432
2025-02-22 11:00:00,-89.2088
2025-02-22 12:00:00,-97.5271
2025-02-22 13:00:00,-97.6027
2025-02-22 14:00:00,-83.7255
2025-02-22 15:00:00,-56.7263
2025-02-22 16:00:00,-20.378
2025-02-22 17:00:00,20.9398
2025-02-22 18:00:00,38.2665
2025-02-22 19:00:00,45.3271
2025-02-22 20:00:00,48.9187
2025-02-22 21:00:00,45.2971
2025-02-22 22:00:00,37.2611
2025-02-22 23:00:00,30.0225
2025-02-23 00:00:00,20.3516
2025-02-23 01:00:00,17.8843
2025-02-23 02:00:00,15.8337
2025-02-23 03:00:00,15.0241
2025-02-23 04:00:00,15.3911
2025-02-23 05:00:00,18.1628
2025-02-23 06:00:00,21.0843
2025-02-23 07:00:00,8.4024
2025-02-23 08:00:00,-26.3353
2025-02-23 09:00:00,-56.7172
2025-02-23 10:00:00,-74.4084
2025-02-23 11:00:00,-83.6805
2025-02-23 12:00:00,-80.1485
2025-02-23 13:00:00,-74.01
2025-02-23 14:00:00,-44.4594
2025-02-23 15:00:00,-12.4034
2025-02-23 16:00:00,12.0832
2025-02-23 17:00:00,28.4645
2025-02-23 18:00:00,38.0739
2025-02-23 19:00:00,44.891
2025-02-23 20:00:00,48.3094
2025-02-23 21:00:00,45.8258
2025-02-23 22:00:00,36.9345
2025-02-23 23:00:00,29.6829
2025-02-24 00:00:00,24.1819
2025-02-24 01:00:00,20.5983
2025-02-24 02:00:00,18.5487
2025-02-24 03:00:00,17.1705
2025-02-24 04:00:00,18.7744
2025-02-24 05:00:00,20.8908
2025-02-24 06:00:00,24.2954
2025-02-24 07:00:00,25.1315
2025-02-24 08:00:00,20.0851
2025-02-24 09:00:00,22.3859
2025-02-24 10:00:00,-2.0393
2025-02-24 11:00:00,1.4184
2025-02-24 12:00:00,-8.8997
2025-02-24 13:00:00,-29.7757
2025-02-24 14:00:00,-19.7591
2025-02-24 15:00:00,11.1639
2025-02-24 16:00:00,20.3381
2025-02-24 17:00:00,34.0458
2025-02-24 18:00:00,43.496
2025-02-24 19:00:00,52.2927
2025-02-24 20:00:00,57.0042
2025-02-24 21:00:00,53.913
2025-02-24 22:00:00,45.0409
2025-02-24 23:00:00,34.4069
2025-02-25 00:00:00,24.0461
2025-02-25 01:00:00,21.3914
2025-02-25 02:00:00,18.7951
2025-02-25 03:00:00,17.4582
2025-02-25 04:00:00,18.7141
2025-02-25 05:00:00,20.9246
2025-02-25 06:00:00,24.414
2025-02-25 07:00:00,27.6336
2025-02-25 08:00:00,31.8341
2025-02-25 09:00:00,33.2272
2025-02-25 10:00:00,32.7153
2025-02-25 11:00:00,9.7899
2025-02-25 12:00:00,-3.6228
2025-02-25 13:00:00,-23.5668
2025-02-25 14:00:00,-25.2014
2025-02-25 15:00:00,-30.9709
2025-02-25 16:00:00,-9.8759
2025-02-25 17:00:00,22.9826
2025-02-25 18:00:00,43.7171
2025-02-25 19:00:00,52.7668
2025-02-25 20:00:00,57.8867
2025-02-25 21:00:00,53.4761
2025-02-25 22:00:00,44.0788
2025-02-25 23:00:00,36.2378
2025-02-26 00:00:00,24.0312
2025-02-26 01:00:00,20.4949
2025-02-26 02:00:00,18.3908
2025-02-26 03:00:00,17.7532
2025-02-26 04:00:00,18.2135
2025-02-26 05:00:00,21.7226
2025-02-26 06:00:00,23.585
2025-02-26 07:00:00,9.5636
2025-02-26 08:00:00,-27.4845
2025-02-26 09:00:00,-54.9435
2025-02-26 10:00:00,-71.4495
2025-02-26 11:00:00,-87.9286
2025-02-26 12:00:00,-98.0725
2025-02-26 13:00:00,-98.944
2025-02-26 14:00:00,-86.6663
2025-02-26 15:00:00,-61.1004
2025-02-26 16:00:00,-21.6863
2025-02-26 17:00:00,21.759
2025-02-26 18:00:00,44.9312
2025-02-26 19:00:00,53.6332
2025-02-26 20:00:00,57.758
2025-02-26 21:00:00,53.0725
2025-02-26 22:00:00,44.9331
2025-02-26 23:00:00,35.4808
2025-02-27 00:00:00,23.8818
2025-02-27 01:00:00,20.9515
2025-02-27 02:00:00,19.2402
2025-02-27 03:00:00,17.2548
2025-02-27 04:00:00,18.5854
2025-02-27 05:00:00,21.28
2025-02-27 06:00:00,24.5688
2025-02-27 07:00:00,19.5556
2025-02-27 08:00:00,1.7585
2025-02-27 09:00:00,-38.2057
2025-02-27 10:00:00,-62.7384
2025-02-27 11:00:00,-82.2164
2025-02-27 12:00:00,-93.2331
2025-02-27 13:00:00,-93.6765
2025-02-27 14:00:00,-83.3005
2025-02-27 15:00:00,-56.6434
2025-02-27 16:00:00,-19.1884
2025-02-27 17:00:00,23.1318
2025-02-27 18:00:00,43.3452
2025-02-27 19:00:00,52.9373
2025-02-27 20:00:00,55.7367
2025-02-27 21:00:00,55.2856
2025-02-27 22:00:00,44.2077
2025-02-27 23:00:00,36.0728
2025-02-28 00:00:00,23.673
2025-02-28 01:00:00,20.9577
2025-02-28 02:00:00,18.6849
2025-02-28 03:00:00,17.7841
2025-02-28 04:00:00,18.6907
2025-02-28 05:00:00,21.1251
2025-02-28 06:00:00,24.3379
2025-02-28 07:00:00,9.2828
2025-02-28 08:00:00,-23.6522
2025-02-28 09:00:00,-46.0737
2025-02-28 10:00:00,-62.6848
2025-02-28 11:00:00,-78.647
2025-02-28 12:00:00,-86.767
2025-02-28 13:00:00,-91.4286
2025-02-28 14:00:00,-76.9948
2025-02-28 15:00:00,-54.2052
2025-02-28 16:00:00,-15.5585
2025-02-28 17:00:00,24.3084
2025-02-28 18:00:00,43.4931
2025-02-28 19:00:00,53.8892
2025-02-28 20:00:00,56.4909
2025-02-28 21:00:00,52.4519
2025-02-28 22:00:00,44.6762
2025-02-28 23:00:00,35.3592
2025-03-01 00:00:00,19.098
2025-03-01 01:00:00,15.8282
2025-03-01 02:00:00,14.497
2025-03-01 03:00:00,13.6939
2025-03-01 04:00:00,14.1599
2025-03-01 05:00:00,16.2363
2025-03-01 06:00:00,18.834
2025-03-01 07:00:00,5.3161
2025-03-01 08:00:00,-27.5435
2025-03-01 09:00:00,-54.3756
2025-03-01 10:00:00,-72.705
2025-03-01 11:00:00,-88.3619
2025-03-01 12:00:00,-100.4919
2025-03-01 13:00:00,-100.3582
2025-03-01 14:00:00,-86.1504
2025-03-01 15:00:00,-55.6116
2025-03-01 16:00:00,-21.3259
2025-03-01 17:00:00,16.1735
2025-03-01 18:00:00,34.4608
2025-03-01 19:00:00,40.5203
2025-03-01 20:00:00,43.0072
2025-03-01 21:00:00,40.5899
2025-03-01 22:00:00,33.8891
2025-03-01 23:00:00,26.5729
2025-03-02 00:00:00,18.3011
2025-03-02 01:00:00,16.4107
2025-03-02 02:00:00,14.2789
2025-03-02 03:00:00,13.577
2025-03-02 04:00:00,14.4167
2025-03-02 05:00:00,16.0345
2025-03-02 06:00:00,18.7748
2025-03-02 07:00:00,18.3518
2025-03-02 08:00:00,4.6289
2025-03-02 09:00:00,4.077
2025-03-02 10:00:00,-5.3221
2025-03-02 11:00:00,-36.7737
2025-03-02 12:00:00,-42.9396
2025-03-02 13:00:00,-13.6975
2025-03-02 14:00:00,-16.7341
2025-03-02 15:00:00,-8.8107
2025-03-02 16:00:00,-4.9258
2025-03-02 17:00:00,18.9658
2025-03-02 18:00:00,33.5027
2025-03-02 19:00:00,42.1107
2025-03-02 20:00:00,43.5096
2025-03-02 21:00:00,41.2596
2025-03-02 22:00:00,34.3977
2025-03-02 23:00:00,27.655
2025-03-03 00:00:00,21.9125
2025-03-03 01:00:00,19.2369
2025-03-03 02:00:00,17.0002
2025-03-03 03:00:00,15.7639
2025-03-03 04:00:00,17.0411
2025-03-03 05:00:00,19.5402
2025-03-03 06:00:00,22.3723
2025-03-03 07:00:00,18.8963
2025-03-03 08:00:00,-4.1999
2025-03-03 09:00:00,-32.0481
2025-03-03 10:00:00,-65.7025
2025-03-03 11:00:00,-86.3952
2025-03-03 12:00:00,-95.3041
2025-03-03 13:00:00,-86.9389
2025-03-03 14:00:00,-77.1548
2025-03-03 15:00:00,-53.7084
2025-03-03 16:00:00,-19.4854
2025-03-03 17:00:00,20.8441
2025-03-03 18:00:00,39.8261
2025-03-03 19:00:00,48.8049
2025-03-03 20:00:00,52.9883
2025-03-03 21:00:00,47.1082
2025-03-03 22:00:00,39.6686
2025-03-03 23:00:00,32.8623
2025-03-04 00:00:00,22.4269
2025-03-04 01:00:00,18.7557
2025-03-04 02:00:00,16.9382
2025-03-04 03:00:00,15.8546
2025-03-04 04:00:00,16.8993
2025-03-04 05:00:00,19.2348
2025-03-04 06:00:00,21.5514
2025-03-04 07:00:00,3.0919
2025-03-04 08:00:00,-33.9474
2025-03-04 09:00:00,-62.2922
2025-03-04 10:00:00,-81.8264
2025-03-04 11:00:00,-92.2815
2025-03-04 12:00:00,-102.977
2025-03-04 13:00:00,-104.938
2025-03-04 14:00:00,-94.2232
2025-03-04 15:00:00,-58.6126
2025-03-04 16:00:00,-13.3719
2025-03-04 17:00:00,24.6486
2025-03-04 18:00:00,39.8028
2025-03-04 19:00:00,47.3893
2025-03-04 20:00:00,50.2649
2025-03-04 21:00:00,48.3498
2025-03-04 22:00:00,39.0436
2025-03-04 23:00:00,32.9174
2025-03-05 00:00:00,21.7367
2025-03-05 01:00:00,18.6693
2025-03-05 02:00:00,16.701
2025-03-05 03:00:00,16.0741
2025-03-05 04:00:00,16.8005
2025-03-05 05:00:00,19.1956
2025-03-05 06:00:00,22.3355
2025-03-05 07:00:00,1.2626
2025-03-05 08:00:00,-33.7101
2025-03-05 09:00:00,-60.8225
2025-03-05 10:00:00,-78.017
2025-03-05 11:00:00,-94.2
2025-03-05 12:00:00,-103.829
2025-03-05 13:00:00,-104.7211
2025-03-05 14:00:00,-91.2712
2025-03-05 15:00:00,-64.6711
2025-03-05 16:00:00,-25.7376
2025-03-05 17:00:00,17.9461
2025-03-05 18:00:00,40.1871
2025-03-05 19:00:00,49.1454
2025-03-05 20:00:00,51.0105
2025-03-05 21:00:00,48.311
2025-03-05 22:00:00,39.5947
2025-03-05 23:00:00,32.5433
2025-03-06 00:00:00,21.1412
2025-03-06 01:00:00,19.1005
2025-03-06 02:00:00,16.6039
2025-03-06 03:00:00,16.1368
2025-03-06 04:00:00,16.2847
2025-03-06 05:00:00,19.4426
2025-03-06 06:00:00,22.5779
2025-03-06 07:00:00,2.4282
2025-03-06 08:00:00,-31.7974
2025-03-06 09:00:00,-59.8315
2025-03-06 10:00:00,-75.4539
2025-03-06 11:00:00,-89.1482
2025-03-06 12:00:00,-98.4331
2025-03-06 13:00:00,-98.1729
2025-03-06 14:00:00,-85.6746
2025-03-06 15:00:00,-60.5517
2025-03-06 16:00:00,-22.9991
2025-03-06 17:00:00,19.4384
2025-03-06 18:00:00,38.7482
2025-03-06 19:00:00,47.7224
2025-03-06 20:00:00,51.4426
2025-03-06 21:00:00,48.5572
2025-03-06 22:00:00,40.2757
2025-03-06 23:00:00,32.2309
2025-03-07 00:00:00,22.0687
2025-03-07 01:00:00,19.5261
2025-03-07 02:00:00,17.3375
2025-03-07 03:00:00,15.7939
2025-03-07 04:00:00,16.3785
2025-03-07 05:00:00,18.907
2025-03-07 06:00:00,21.8652
2025-03-07 07:00:00,4.1313
2025-03-07 08:00:00,-29.7061
2025-03-07 09:00:00,-53.7257
2025-03-07 10:00:00,-71.6951
2025-03-07 11:00:00,-82.8553
2025-03-07 12:00:00,-93.0543
2025-03-07 13:00:00,-93.1249
2025-03-07 14:00:00,-81.5243
2025-03-07 15:00:00,-56.8304
2025-03-07 16:00:00,-21.2378
2025-03-07 17:00:00,19.9538
2025-03-07 18:00:00,40.0974
2025-03-07 19:00:00,47.5399
2025-03-07 20:00:00,51.3144
2025-03-07 21:00:00,48.5441
2025-03-07 22:00:00,40.2833
2025-03-07 23:00:00,32.3381
2025-03-08 00:00:00,18.4082
2025-03-08 01:00:00,16.2811
2025-03-08 02:00:00,14.1514
2025-03-08 03:00:00,13.5642
2025-03-08 04:00:00,14.194
2025-03-08 05:00:00,16.1497
2025-03-08 06:00:00,19.1141
2025-03-08 07:00:00,-0.3516
2025-03-08 08:00:00,-33.3343
2025-03-08 09:00:00,-57.3184
2025-03-08 10:00:00,-73.3545
2025-03-08 11:00:00,-84.8078
2025-03-08 12:00:00,-92.1936
2025-03-08 13:00:00,-92.773
2025-03-08 14:00:00,-81.9417
2025-03-08 15:00:00,-57.797
2025-03-08 16:00:00,-21.8683
2025-03-08 17:00:00,17.0494
2025-03-08 18:00:00,34.1027
2025-03-08 19:00:00,40.8151
2025-03-08 20:00:00,43.9735
2025-03-08 21:00:00,41.6557
2025-03-08 22:00:00,33.2933
2025-03-08 23:00:00,27.7649
2025-03-09 00:00:00,18.48
2025-03-09 01:00:00,16.1847
2025-03-09 02:00:00,14.0734
2025-03-09 03:00:00,13.4864
2025-03-09 04:00:00,14.4975
2025-03-09 05:00:00,16.1811
2025-03-09 06:00:00,18.3664
2025-03-09 07:00:00,1.3819
2025-03-09 08:00:00,-31.2657
2025-03-09 09:00:00,-56.6682
2025-03-09 10:00:00,-69.831
2025-03-09 11:00:00,-80.2198
2025-03-09 12:00:00,-90.8294
2025-03-09 13:00:00,-90.2393
2025-03-09 14:00:00,-80.262
2025-03-09 15:00:00,-56.5625
2025-03-09 16:00:00,-22.541
2025-03-09 17:00:00,15.4363
2025-03-09 18:00:00,33.3457
2025-03-09 19:00:00,40.6717
2025-03-09 20:00:00,43.47
2025-03-09 21:00:00,41.5347
2025-03-09 22:00:00,34.1637
2025-03-09 23:00:00,27.3606
2025-03-10 00:00:00,21.5632
2025-03-10 01:00:00,18.6801
2025-03-10 02:00:00,17.6498
2025-03-10 03:00:00,16.2149
2025-03-10 04:00:00,16.1426
2025-03-10 05:00:00,18.9016
2025-03-10 06:00:00,22.5041
2025-03-10 07:00:00,7.2663
2025-03-10 08:00:00,-18.3617
2025-03-10 09:00:00,-38.2448
2025-03-10 10:00:00,-50.7676
2025-03-10 11:00:00,-48.3008
2025-03-10 12:00:00,-46.4792
2025-03-10 13:00:00,-15.1761
2025-03-10 14:00:00,-13.7732
2025-03-10 15:00:00,-5.8001
2025-03-10 16:00:00,17.4497
2025-03-10 17:00:00,31.3336
2025-03-10 18:00:00,38.5184
2025-03-10 19:00:00,47.2797
2025-03-10 20:00:00,51.8879
2025-03-10 21:00:00,48.3629
2025-03-10 22:00:00,40.8382
2025-03-10 23:00:00,31.8674
2025-03-11 00:00:00,21.317
2025-03-11 01:00:00,19.0608
2025-03-11 02:00:00,16.9584
2025-03-11 03:00:00,15.6236
2025-03-11 04:00:00,16.6343
2025-03-11 05:00:00,19.1191
2025-03-11 06:00:00,22.4576
2025-03-11 07:00:00,12.1585
2025-03-11 08:00:00,2.5242
2025-03-11 09:00:00,-8.9925
2025-03-11 10:00:00,-18.6113
2025-03-11 11:00:00,-26.6392
2025-03-11 12:00:00,-25.7428
2025-03-11 13:00:00,-22.3673
2025-03-11 14:00:00,-13.3579
2025-03-11 15:00:00,0.962
2025-03-11 16:00:00,15.5162
2025-03-11 17:00:00,28.2128
2025-03-11 18:00:00,40.0586
2025-03-11 19:00:00,48.8352
2025-03-11 20:00:00,53.1291
2025-03-11 21:00:00,48.0736
2025-03-11 22:00:00,39.6723
2025-03-11 23:00:00,32.0905
2025-03-12 00:00:00,21.9164
2025-03-12 01:00:00,19.3603
2025-03-12 02:00:00,16.9974
2025-03-12 03:00:00,15.8122
2025-03-12 04:00:00,16.8559
2025-03-12 05:00:00,19.0608
2025-03-12 06:00:00,22.2917
2025-03-12 07:00:00,5.9637
2025-03-12 08:00:00,-24.2276
2025-03-12 09:00:00,-47.99
2025-03-12 10:00:00,-58.0785
2025-03-12 11:00:00,-64.2921
2025-03-12 12:00:00,-79.5078
2025-03-12 13:00:00,-75.6548
2025-03-12 14:00:00,-78.6733
2025-03-12 15:00:00,-52.8774
2025-03-12 16:00:00,-24.4208
2025-03-12 17:00:00,16.2731
2025-03-12 18:00:00,40.5112
2025-03-12 19:00:00,48.9857
2025-03-12 20:00:00,51.9852
2025-03-12 21:00:00,48.7479
2025-03-12 22:00:00,39.9654
2025-03-12 23:00:00,31.9873
2025-03-13 00:00:00,21.7912
2025-03-13 01:00:00,18.7627
2025-03-13 02:00:00,16.8916
2025-03-13 03:00:00,15.7632
2025-03-13 04:00:00,16.7679
2025-03-13 05:00:00,19.0367
2025-03-13 06:00:00,22.2557
2025-03-13 07:00:00,-2.6485
2025-03-13 08:00:00,-37.4041
2025-03-13 09:00:00,-62.8056
2025-03-13 10:00:00,-82.2722
2025-03-13 11:00:00,-93.1938
2025-03-13 12:00:00,-103.6898
2025-03-13 13:00:00,-104.5622
2025-03-13 14:00:00,-92.4269
2025-03-13 15:00:00,-64.8813
2025-03-13 16:00:00,-26.3157
2025-03-13 17:00:00,17.0818
2025-03-13 18:00:00,39.9179
2025-03-13 19:00:00,47.8698
2025-03-13 20:00:00,51.9684
2025-03-13 21:00:00,48.8515
2025-03-13 22:00:00,39.6874
2025-03-13 23:00:00,32.3242
2025-03-14 00:00:00,21.1272
2025-03-14 01:00:00,18.9201
2025-03-14 02:00:00,16.7754
2025-03-14 03:00:00,16.006
2025-03-14 04:00:00,16.5327
2025-03-14 05:00:00,19.2819
2025-03-14 06:00:00,21.4333
2025-03-14 07:00:00,11.3566
2025-03-14 08:00:00,8.2055
2025-03-14 09:00:00,5.6482
2025-03-14 10:00:00,3.4747
2025-03-14 11:00:00,-10.5653
2025-03-14 12:00:00,2.76
2025-03-14 13:00:00,9.712
2025-03-14 14:00:00,5.4048
2025-03-14 15:00:00,-20.0728
2025-03-14 16:00:00,-9.4394
2025-03-14 17:00:00,19.6739
2025-03-14 18:00:00,38.6105
2025-03-14 19:00:00,47.613
2025-03-14 20:00:00,52.2268
2025-03-14 21:00:00,49.4449
2025-03-14 22:00:00,39.8683
2025-03-14 23:00:00,32.0953
2025-03-15 00:00:00,18.4279
2025-03-15 01:00:00,16.139
2025-03-15 02:00:00,14.3119
2025-03-15 03:00:00,13.5792
2025-03-15 04:00:00,14.4533
2025-03-15 05:00:00,16.0369
2025-03-15 06:00:00,18.4924
2025-03-15 07:00:00,13.9668
2025-03-15 08:00:00,5.1422
2025-03-15 09:00:00,-1.743
2025-03-15 10:00:00,-35.7165
2025-03-15 11:00:00,-64.9948
2025-03-15 12:00:00,-77.1367
2025-03-15 13:00:00,-89.8367
2025-03-15 14:00:00,-81.3368
2025-03-15 15:00:00,-55.1947
2025-03-15 16:00:00,-21.6017
2025-03-15 17:00:00,17.9327
2025-03-15 18:00:00,34.1591
2025-03-15 19:00:00,40.3264
2025-03-15 20:00:00,45.0097
2025-03-15 21:00:00,41.1568
2025-03-15 22:00:00,34.0229
2025-03-15 23:00:00,27.235
2025-03-16 00:00:00,18.4345
2025-03-16 01:00:00,16.096
2025-03-16 02:00:00,14.152
2025-03-16 03:00:00,13.6797
2025-03-16 04:00:00,14.344
2025-03-16 05:00:00,16.604
2025-03-16 06:00:00,18.526
2025-03-16 07:00:00,8.2647
2025-03-16 08:00:00,9.394
2025-03-16 09:00:00,8.3666
2025-03-16 10:00:00,16.6432
2025-03-16 11:00:00,9.7371
2025-03-16 12:00:00,6.5173
2025-03-16 13:00:00,8.1219
2025-03-16 14:00:00,11.0292
2025-03-16 15:00:00,13.4877
2025-03-16 16:00:00,18.7828
2025-03-16 17:00:00,25.5754
2025-03-16 18:00:00,34.2776
2025-03-16 19:00:00,41.2689
2025-03-16 20:00:00,44.3865
2025-03-16 21:00:00,40.1846
2025-03-16 22:00:00,33.3973
2025-03-16 23:00:00,26.9299
2025-03-17 00:00:00,21.6056
2025-03-17 01:00:00,19.0967
2025-03-17 02:00:00,16.5289
2025-03-17 03:00:00,15.6103
2025-03-17 04:00:00,17.1863
2025-03-17 05:00:00,19.2715
2025-03-17 06:00:00,21.6531
2025-03-17 07:00:00,-1.4575
2025-03-17 08:00:00,-35.5672
2025-03-17 09:00:00,-61.9298
2025-03-17 10:00:00,-77.4744
2025-03-17 11:00:00,-90.4302
2025-03-17 12:00:00,-99.0449
2025-03-17 13:00:00,-94.9666
2025-03-17 14:00:00,-91.3685
2025-03-17 15:00:00,-64.9402
2025-03-17 16:00:00,-26.707
2025-03-17 17:00:00,16.6845
2025-03-17 18:00:00,39.1882
2025-03-17 19:00:00,48.8097
2025-03-17 20:00:00,52.2077
2025-03-17 21:00:00,47.5082
2025-03-17 22:00:00,39.6
2025-03-17 23:00:00,31.5755
2025-03-18 00:00:00,22.3737
2025-03-18 01:00:00,19.181
2025-03-18 02:00:00,16.8013
2025-03-18 03:00:00,16.0322
2025-03-18 04:00:00,16.9056
2025-03-18 05:00:00,19.2013
2025-03-18 06:00:00,21.273
2025-03-18 07:00:00,-3.2212
2025-03-18 08:00:00,-38.4285
2025-03-18 09:00:00,-62.5017
2025-03-18 10:00:00,-78.3297
2025-03-18 11:00:00,-78.5676
2025-03-18 12:00:00,-86.075
2025-03-18 13:00:00,-95.0071
2025-03-18 14:00:00,-86.6954
2025-03-18 15:00:00,-61.027
2025-03-18 16:00:00,-23.1943
2025-03-18 17:00:00,17.2186
2025-03-18 18:00:00,40.2727
2025-03-18 19:00:00,48.3145
2025-03-18 20:00:00,51.726
2025-03-18 21:00:00,48.2135
2025-03-18 22:00:00,38.7974
2025-03-18 23:00:00,32.6448
2025-03-19 00:00:00,21.6828
2025-03-19 01:00:00,19.2547
2025-03-19 02:00:00,17.3315
2025-03-19 03:00:00,16.0066
2025-03-19 04:00:00,16.8831
2025-03-19 05:00:00,19.5799
2025-03-19 06:00:00,21.2866
2025-03-19 07:00:00,8.7272
2025-03-19 08:00:00,-20.0465
2025-03-19 09:00:00,-42.1573
2025-03-19 10:00:00,-56.5189
2025-03-19 11:00:00,-71.1568
2025-03-19 12:00:00,-45.1543
2025-03-19 13:00:00,-13.6979
2025-03-19 14:00:00,-0.7111
2025-03-19 15:00:00,7.2601
2025-03-19 16:00:00,15.3108
2025-03-19 17:00:00,26.4414
2025-03-19 18:00:00,39.3704
2025-03-19 19:00:00,47.3811
2025-03-19 20:00:00,52.5829
2025-03-19 21:00:00,48.7695
2025-03-19 22:00:00,40.6262
2025-03-19 23:00:00,31.4806
2025-03-20 00:00:00,21.927
2025-03-20 01:00:00,19.2827
2025-03-20 02:00:00,16.5894
2025-03-20 03:00:00,15.7379
2025-03-20 04:00:00,17.4551
2025-03-20 05:00:00,19.1395
2025-03-20 06:00:00,21.6332
2025-03-20 07:00:00,-0.4989
2025-03-20 08:00:00,-33.3912
2025-03-20 09:00:00,-57.5889
2025-03-20 10:00:00,-70.7237
2025-03-20 11:00:00,-83.6943
2025-03-20 12:00:00,-92.5356
2025-03-20 13:00:00,-95.0853
2025-03-20 14:00:00,-82.9796
2025-03-20 15:00:00,-59.3004
2025-03-20 16:00:00,-22.9081
2025-03-20 17:00:00,17.8369
2025-03-20 18:00:00,40.0339
2025-03-20 19:00:00,46.9402
2025-03-20 20:00:00,52.5596
2025-03-20 21:00:00,47.4869
2025-03-20 22:00:00,39.035
2025-03-20 23:00:00,31.5013
2025-03-21 00:00:00,21.9666
2025-03-21 01:00:00,18.6902
2025-03-21 02:00:00,17.1165
2025-03-21 03:00:00,16.2408
2025-03-21 04:00:00,16.4383
2025-03-21 05:00:00,18.5822
2025-03-21 06:00:00,21.7123
2025-03-21 07:00:00,24.6282
2025-03-21 08:00:00,28.2366
2025-03-21 09:00:00,35.5252
2025-03-21 10:00:00,42.3907
2025-03-21 11:00:00,38.2072
2025-03-21 12:00:00,33.4302
2025-03-21 13:00:00,27.463
2025-03-21 14:00:00,24.4999
2025-03-21 15:00:00,24.2624
2025-03-21 16:00:00,27.2312
2025-03-21 17:00:00,33.0395
2025-03-21 18:00:00,38.5998
2025-03-21 19:00:00,47.4051
2025-03-21 20:00:00,52.013
2025-03-21 21:00:00,48.1306
2025-03-21 22:00:00,39.4416
2025-03-21 23:00:00,32.9502
2025-03-22 00:00:00,17.9487
2025-03-22 01:00:00,16.2389
2025-03-22 02:00:00,14.5165
2025-03-22 03:00:00,13.5387
2025-03-22 04:00:00,14.4721
2025-03-22 05:00:00,16.3624
2025-03-22 06:00:00,18.3995
2025-03-22 07:00:00,0.2228
2025-03-22 08:00:00,-19.8608
2025-03-22 09:00:00,-48.1268
2025-03-22 10:00:00,-70.711
2025-03-22 11:00:00,-84.748
2025-03-22 12:00:00,-79.6108
2025-03-22 13:00:00,-74.0136
2025-03-22 14:00:00,-32.4166
2025-03-22 15:00:00,-4.5096
2025-03-22 16:00:00,13.4312
2025-03-22 17:00:00,23.548
2025-03-22 18:00:00,34.4918
2025-03-22 19:00:00,39.7308
2025-03-22 20:00:00,44.0067
2025-03-22 21:00:00,41.91
2025-03-22 22:00:00,34.5905
2025-03-22 23:00:00,26.7964
2025-03-23 00:00:00,18.674
2025-03-23 01:00:00,16.3741
2025-03-23 02:00:00,13.9089
2025-03-23 03:00:00,13.523
2025-03-23 04:00:00,14.5463
2025-03-23 05:00:00,16.083
2025-03-23 06:00:00,17.2599
2025-03-23 07:00:00,-6.3673
2025-03-23 08:00:00,-38.6155
2025-03-23 09:00:00,-62.547
2025-03-23 10:00:00,-78.5552
2025-03-23 11:00:00,-89.8226
2025-03-23 12:00:00,-92.0613
2025-03-23 13:00:00,-97.1215
2025-03-23 14:00:00,-75.3259
2025-03-23 15:00:00,-56.2676
2025-03-23 16:00:00,-19.9477
2025-03-23 17:00:00,15.3498
2025-03-23 18:00:00,33.5299
2025-03-23 19:00:00,41.0336
2025-03-23 20:00:00,44.9803
2025-03-23 21:00:00,40.0745
2025-03-23 22:00:00,34.3112
2025-03-23 23:00:00,27.2253
2025-03-24 00:00:00,22.1544
2025-03-24 01:00:00,19.1254
2025-03-24 02:00:00,16.7234
2025-03-24 03:00:00,16.0735
2025-03-24 04:00:00,17.1942
2025-03-24 05:00:00,18.7722
2025-03-24 06:00:00,20.7975
2025-03-24 07:00:00,-6.6564
2025-03-24 08:00:00,-43.2429
2025-03-24 09:00:00,-71.126
2025-03-24 10:00:00,-87.3549
2025-03-24 11:00:00,-99.3369
2025-03-24 12:00:00,-108.2524
2025-03-24 13:00:00,-107.0252
2025-03-24 14:00:00,-93.8746
2025-03-24 15:00:00,-66.1487
2025-03-24 16:00:00,-28.1381
2025-03-24 17:00:00,15.363
2025-03-24 18:00:00,40.4052
2025-03-24 19:00:00,47.7717
2025-03-24 20:00:00,53.075
2025-03-24 21:00:00,48.0295
2025-03-24 22:00:00,39.6432
2025-03-24 23:00:00,31.2609
2025-03-25 00:00:00,21.1364
2025-03-25 01:00:00,18.8806
2025-03-25 02:00:00,16.8908
2025-03-25 03:00:00,15.944
2025-03-25 04:00:00,17.0382
2025-03-25 05:00:00,19.7407
2025-03-25 06:00:00,20.9939
2025-03-25 07:00:00,-6.3766
2025-03-25 08:00:00,-40.7543
2025-03-25 09:00:00,-65.2894
2025-03-25 10:00:00,-81.0527
2025-03-25 11:00:00,-92.6329
2025-03-25 12:00:00,-100.1169
2025-03-25 13:00:00,-98.8978
2025-03-25 14:00:00,-87.1001
2025-03-25 15:00:00,-61.3491
2025-03-25 16:00:00,-23.9732
2025-03-25 17:00:00,17.3071
2025-03-25 18:00:00,38.7651
2025-03-25 19:00:00,48.6843
2025-03-25 20:00:00,52.0668
2025-03-25 21:00:00,47.5695
2025-03-25 22:00:00,39.0521
2025-03-25 23:00:00,32.0937
2025-03-26 00:00:00,21.5897
2025-03-26 01:00:00,19.2628
2025-03-26 02:00:00,17.0225
2025-03-26 03:00:00,16.4115
2025-03-26 04:00:00,16.4762
2025-03-26 05:00:00,18.7981
2025-03-26 06:00:00,21.8722
2025-03-26 07:00:00,20.6019
2025-03-26 08:00:00,12.3575
2025-03-26 09:00:00,8.7846
2025-03-26 10:00:00,-9.3602
2025-03-26 11:00:00,-25.1466
2025-03-26 12:00:00,-59.9714
2025-03-26 13:00:00,-87.9312
2025-03-26 14:00:00,-77.1217
2025-03-26 15:00:00,-35.0015
2025-03-26 16:00:00,-4.2245
2025-03-26 17:00:00,23.6124
2025-03-26 18:00:00,39.7079
2025-03-26 19:00:00,47.8804
2025-03-26 20:00:00,52.8771
2025-03-26 21:00:00,47.7009
2025-03-26 22:00:00,39.5423
2025-03-26 23:00:00,32.2914
2025-03-27 00:00:00,21.46
2025-03-27 01:00:00,19.3299
2025-03-27 02:00:00,16.4799
2025-03-27 03:00:00,15.9411
2025-03-27 04:00:00,16.4559
2025-03-27 05:00:00,19.4039
2025-03-27 06:00:00,20.6782
2025-03-27 07:00:00,0.9268
2025-03-27 08:00:00,-31.0736
2025-03-27 09:00:00,-52.8378
2025-03-27 10:00:00,-55.6161
2025-03-27 11:00:00,-24.869
2025-03-27 12:00:00,-20.8268
2025-03-27 13:00:00,-16.4227
2025-03-27 14:00:00,-11.9282
2025-03-27 15:00:00,0.8343
2025-03-27 16:00:00,13.4346
2025-03-27 17:00:00,23.9905
2025-03-27 18:00:00,39.4652
2025-03-27 19:00:00,48.7087
2025-03-27 20:00:00,53.7051
2025-03-27 21:00:00,47.2283
2025-03-27 22:00:00,39.3228
2025-03-27 23:00:00,32.2666
2025-03-28 00:00:00,22.4414
2025-03-28 01:00:00,19.1821
2025-03-28 02:00:00,16.9443
2025-03-28 03:00:00,15.905
2025-03-28 04:00:00,16.3946
2025-03-28 05:00:00,19.6784
2025-03-28 06:00:00,20.5628
2025-03-28 07:00:00,-3.3732
2025-03-28 08:00:00,-34.7046
2025-03-28 09:00:00,-54.1438
2025-03-28 10:00:00,-64.9034
2025-03-28 11:00:00,-75.8053
2025-03-28 12:00:00,-86.6244
2025-03-28 13:00:00,-88.8507
2025-03-28 14:00:00,-77.1322
2025-03-28 15:00:00,-51.5545
2025-03-28 16:00:00,-11.2409
2025-03-28 17:00:00,22.1252
2025-03-28 18:00:00,40.3711
2025-03-28 19:00:00,47.0795
2025-03-28 20:00:00,52.0799
2025-03-28 21:00:00,48.6504
2025-03-28 22:00:00,40.6942
2025-03-28 23:00:00,32.8027
2025-03-29 00:00:00,18.4668
2025-03-29 01:00:00,16.3632
2025-03-29 02:00:00,14.3186
2025-03-29 03:00:00,13.5481
2025-03-29 04:00:00,14.2314
2025-03-29 05:00:00,16.2659
2025-03-29 06:00:00,17.7069
2025-03-29 07:00:00,8.962
2025-03-29 08:00:00,-10.962
2025-03-29 09:00:00,-32.4374
2025-03-29 10:00:00,-70.0822
2025-03-29 11:00:00,-80.8108
2025-03-29 12:00:00,-74.0309
2025-03-29 13:00:00,-57.0144
2025-03-29 14:00:00,-51.1292
2025-03-29 15:00:00,-57.6225
2025-03-29 16:00:00,-26.9663
2025-03-29 17:00:00,12.2272
2025-03-29 18:00:00,34.4517
2025-03-29 19:00:00,41.3356
2025-03-29 20:00:00,43.0747
2025-03-29 21:00:00,41.5653
2025-03-29 22:00:00,34.2746
2025-03-29 23:00:00,26.9442
2025-03-30 00:00:00,18.464
2025-03-30 01:00:00,16.2248
2025-03-30 02:00:00,14.3382
2025-03-30 03:00:00,13.5843
2025-03-30 04:00:00,14.0486
2025-03-30 05:00:00,16.4214
2025-03-30 06:00:00,17.0492
2025-03-30 07:00:00,-11.4597
2025-03-30 08:00:00,-43.4819
2025-03-30 09:00:00,-68.0039
2025-03-30 10:00:00,-84.0451
2025-03-30 11:00:00,-94.8823
2025-03-30 12:00:00,-101.7422
2025-03-30 13:00:00,-100.543
2025-03-30 14:00:00,-81.9776
2025-03-30 15:00:00,-47.1168
2025-03-30 16:00:00,-11.6126
2025-03-30 17:00:00,16.1791
2025-03-30 18:00:00,34.518
2025-03-30 19:00:00,41.0676
2025-03-30 20:00:00,44.8821
2025-03-30 21:00:00,41.0892
2025-03-30 22:00:00,33.5495
2025-03-30 23:00:00,27.9524
2025-03-31 00:00:00,21.7162
2025-03-31 01:00:00,19.6055
2025-03-31 02:00:00,16.8272
2025-03-31 03:00:00,15.697
2025-03-31 04:00:00,16.8772
2025-03-31 05:00:00,19.0454
2025-03-31 06:00:00,19.2386
2025-03-31 07:00:00,-7.1381
2025-03-31 08:00:00,-39.3919
2025-03-31 09:00:00,-61.1161
2025-03-31 10:00:00,-74.9929
2025-03-31 11:00:00,-86.8724
2025-03-31 12:00:00,-97.6143
2025-03-31 13:00:00,-96.3243
2025-03-31 14:00:00,-84.165
2025-03-31 15:00:00,-58.7001
2025-03-31 16:00:00,-17.4183
2025-03-31 17:00:00,19.1518
2025-03-31 18:00:00,39.4249
2025-03-31 19:00:00,48.2779
2025-03-31 20:00:00,50.8738
2025-03-31 21:00:00,48.1916
2025-03-31 22:00:00,39.3302
2025-03-31 23:00:00,32.5572
2025-04-01 00:00:00,20.9283
2025-04-01 01:00:00,17.873
2025-04-01 02:00:00,16.0879
2025-04-01 03:00:00,15.373
2025-04-01 04:00:00,15.6693
2025-04-01 05:00:00,18.2671
2025-04-01 06:00:00,17.7743
2025-04-01 07:00:00,-1.1316
2025-04-01 08:00:00,-32.1365
2025-04-01 09:00:00,-50.7926
2025-04-01 10:00:00,-60.7576
2025-04-01 11:00:00,-75.1223
2025-04-01 12:00:00,-64.7058
2025-04-01 13:00:00,-75.1318
2025-04-01 14:00:00,-59.4754
2025-04-01 15:00:00,-41.4776
2025-04-01 16:00:00,-11.1477
2025-04-01 17:00:00,18.6706
2025-04-01 18:00:00,37.5297
2025-04-01 19:00:00,45.5074
2025-04-01 20:00:00,49.3417
2025-04-01 21:00:00,45.7145
2025-04-01 22:00:00,38.0486
2025-04-01 23:00:00,30.5065
2025-04-02 00:00:00,20.2144
2025-04-02 01:00:00,18.0171
2025-04-02 02:00:00,15.8222
2025-04-02 03:00:00,15.1132
2025-04-02 04:00:00,15.933
2025-04-02 05:00:00,17.8692
2025-04-02 06:00:00,18.5042
2025-04-02 07:00:00,-6.2109
2025-04-02 08:00:00,-35.0748
2025-04-02 09:00:00,-55.0039
2025-04-02 10:00:00,-65.7545
2025-04-02 11:00:00,-74.0717
2025-04-02 12:00:00,-78.4343
2025-04-02 13:00:00,-83.8774
2025-04-02 14:00:00,-53.7316
2025-04-02 15:00:00,-51.1846
2025-04-02 16:00:00,-20.7899
2025-04-02 17:00:00,16.3391
2025-04-02 18:00:00,37.7857
2025-04-02 19:00:00,45.954
2025-04-02 20:00:00,50.0173
2025-04-02 21:00:00,45.7642
2025-04-02 22:00:00,37.9014
2025-04-02 23:00:00,30.2599
2025-04-03 00:00:00,20.767
2025-04-03 01:00:00,17.8592
2025-04-03 02:00:00,15.9259
2025-04-03 03:00:00,15.5374
2025-04-03 04:00:00,16.288
2025-04-03 05:00:00,18.2236
2025-04-03 06:00:00,18.7187
2025-04-03 07:00:00,12.0538
2025-04-03 08:00:00,1.5121
2025-04-03 09:00:00,-37.2493
2025-04-03 10:00:00,-29.0469
2025-04-03 11:00:00,-79.727
2025-04-03 12:00:00,-95.0182
2025-04-03 13:00:00,-93.692
2025-04-03 14:00:00,-82.5633
2025-04-03 15:00:00,-57.8859
2025-04-03 16:00:00,-23.3447
2025-04-03 17:00:00,15.2576
2025-04-03 18:00:00,38.6215
2025-04-03 19:00:00,45.2465
2025-04-03 20:00:00,49.1393
2025-04-03 21:00:00,44.9231
2025-04-03 22:00:00,36.5486
2025-04-03 23:00:00,30.2245
2025-04-04 00:00:00,20.2287
2025-04-04 01:00:00,18.19
2025-04-04 02:00:00,16.2076
2025-04-04 03:00:00,15.1127
2025-04-04 04:00:00,15.6775
2025-04-04 05:00:00,18.5288
2025-04-04 06:00:00,17.4644
2025-04-04 07:00:00,-10.432
2025-04-04 08:00:00,-41.6716
2025-04-04 09:00:00,-64.3195
2025-04-04 10:00:00,-80.0624
2025-04-04 11:00:00,-88.7556
2025-04-04 12:00:00,-98.0579
2025-04-04 13:00:00,-95.694
2025-04-04 14:00:00,-82.224
2025-04-04 15:00:00,-57.6129
2025-04-04 16:00:00,-23.1118
2025-04-04 17:00:00,16.7793
2025-04-04 18:00:00,37.7108
2025-04-04 19:00:00,45.388
2025-04-04 20:00:00,48.0426
2025-04-04 21:00:00,46.0692
2025-04-04 22:00:00,37.4834
2025-04-04 23:00:00,30.5114
2025-04-05 00:00:00,17.721
2025-04-05 01:00:00,15.3101
2025-04-05 02:00:00,13.4944
2025-04-05 03:00:00,12.8304
2025-04-05 04:00:00,13.993
2025-04-05 05:00:00,15.4288
2025-04-05 06:00:00,14.3815
2025-04-05 07:00:00,-10.3429
2025-04-05 08:00:00,-40.9594
2025-04-05 09:00:00,-62.2793
2025-04-05 10:00:00,-76.1052
2025-04-05 11:00:00,-88.2398
2025-04-05 12:00:00,-94.7066
2025-04-05 13:00:00,-93.0537
2025-04-05 14:00:00,-77.6923
2025-04-05 15:00:00,-36.436
2025-04-05 16:00:00,-7.2522
2025-04-05 17:00:00,19.2776
2025-04-05 18:00:00,32.0727
2025-04-05 19:00:00,39.1727
2025-04-05 20:00:00,42.2971
2025-04-05 21:00:00,38.4624
2025-04-05 22:00:00,31.3218
2025-04-05 23:00:00,25.4328
2025-04-06 00:00:00,17.5276
2025-04-06 01:00:00,15.2692
2025-04-06 02:00:00,13.5427
2025-04-06 03:00:00,12.8575
2025-04-06 04:00:00,13.5664
2025-04-06 05:00:00,15.131
2025-04-06 06:00:00,14.3852
2025-04-06 07:00:00,-9.1758
2025-04-06 08:00:00,-38.6337
2025-04-06 09:00:00,-60.8854
2025-04-06 10:00:00,-76.3585
2025-04-06 11:00:00,-87.2757
2025-04-06 12:00:00,-95.5206
2025-04-06 13:00:00,-94.1086
2025-04-06 14:00:00,-80.5641
2025-04-06 15:00:00,-56.0379
2025-04-06 16:00:00,-23.7398
2025-04-06 17:00:00,11.7687
2025-04-06 18:00:00,31.287
2025-04-06 19:00:00,39.5131
2025-04-06 20:00:00,42.4491
2025-04-06 21:00:00,38.5597
2025-04-06 22:00:00,32.5494
2025-04-06 23:00:00,25.9557
2025-04-07 00:00:00,20.9676
2025-04-07 01:00:00,18.3114
2025-04-07 02:00:00,15.8802
2025-04-07 03:00:00,14.9922
2025-04-07 04:00:00,15.8737
2025-04-07 05:00:00,18.5873
2025-04-07 06:00:00,17.6494
2025-04-07 07:00:00,-7.2194
2025-04-07 08:00:00,-35.8007
2025-04-07 09:00:00,-55.9356
2025-04-07 10:00:00,-67.5139
2025-04-07 11:00:00,-76.8724
2025-04-07 12:00:00,-82.8522
2025-04-07 13:00:00,-83.358
2025-04-07 14:00:00,-72.8827
2025-04-07 15:00:00,-50.9452
2025-04-07 16:00:00,-18.6319
2025-04-07 17:00:00,16.6287
2025-04-07 18:00:00,38.1176
2025-04-07 19:00:00,43.7085
2025-04-07 20:00:00,49.6779
2025-04-07 21:00:00,45.2345
2025-04-07 22:00:00,37.3168
2025-04-07 23:00:00,30.2382
2025-04-08 00:00:00,21.0243
2025-04-08 01:00:00,18.5819
2025-04-08 02:00:00,16.0069
2025-04-08 03:00:00,14.7555
2025-04-08 04:00:00,15.6018
2025-04-08 05:00:00,17.907
2025-04-08 06:00:00,17.9532
2025-04-08 07:00:00,-2.5972
2025-04-08 08:00:00,-21.8922
2025-04-08 09:00:00,-41.3651
2025-04-08 10:00:00,-52.669
2025-04-08 11:00:00,-63.0272
2025-04-08 12:00:00,-73.7314
2025-04-08 13:00:00,-80.9563
2025-04-08 14:00:00,-56.21
2025-04-08 15:00:00,-34.8713
2025-04-08 16:00:00,-8.2934
2025-04-08 17:00:00,19.9239
2025-04-08 18:00:00,38.0952
2025-04-08 19:00:00,45.4181
2025-04-08 20:00:00,49.6261
2025-04-08 21:00:00,45.4333
2025-04-08 22:00:00,37.6067
2025-04-08 23:00:00,31.4355
2025-04-09 00:00:00,20.3962
2025-04-09 01:00:00,17.5951
2025-04-09 02:00:00,15.7266
2025-04-09 03:00:00,14.8195
2025-04-09 04:00:00,16.4598
2025-04-09 05:00:00,18.3879
2025-04-09 06:00:00,20.5543
2025-04-09 07:00:00,22.1957
2025-04-09 08:00:00,23.589
2025-04-09 09:00:00,33.6768
2025-04-09 10:00:00,36.3926
2025-04-09 11:00:00,35.5956
2025-04-09 12:00:00,25.0653
2025-04-09 13:00:00,22.905
2025-04-09 14:00:00,16.9708
2025-04-09 15:00:00,11.194
2025-04-09 16:00:00,13.1974
2025-04-09 17:00:00,24.5994
2025-04-09 18:00:00,37.2164
2025-04-09 19:00:00,45.6356
2025-04-09 20:00:00,48.5379
2025-04-09 21:00:00,45.2046
2025-04-09 22:00:00,37.1741
2025-04-09 23:00:00,30.5328
2025-04-10 00:00:00,20.5206
2025-04-10 01:00:00,17.8722
2025-04-10 02:00:00,15.9666
2025-04-10 03:00:00,14.9278
2025-04-10 04:00:00,16.2243
2025-04-10 05:00:00,18.1998
2025-04-10 06:00:00,15.5918
2025-04-10 07:00:00,-11.8757
2025-04-10 08:00:00,-43.1643
2025-04-10 09:00:00,-64.1927
2025-04-10 10:00:00,-75.2224
2025-04-10 11:00:00,-77.7996
2025-04-10 12:00:00,-87.1243
2025-04-10 13:00:00,-76.751
2025-04-10 14:00:00,-14.1929
2025-04-10 15:00:00,-42.2205
2025-04-10 16:00:00,-21.5848
2025-04-10 17:00:00,15.1836
2025-04-10 18:00:00,37.1897
2025-04-10 19:00:00,45.6426
2025-04-10 20:00:00,48.3174
2025-04-10 21:00:00,44.4693
2025-04-10 22:00:00,38.7991
2025-04-10 23:00:00,30.4328
2025-04-11 00:00:00,20.2624
2025-04-11 01:00:00,18.3389
2025-04-11 02:00:00,16.1461
2025-04-11 03:00:00,14.9514
2025-04-11 04:00:00,16.0928
2025-04-11 05:00:00,17.9504
2025-04-11 06:00:00,16.5301
2025-04-11 07:00:00,-3.58
2025-04-11 08:00:00,-24.44
2025-04-11 09:00:00,-23.8178
2025-04-11 10:00:00,-20.4149
2025-04-11 11:00:00,-24.9439
2025-04-11 12:00:00,-42.489
2025-04-11 13:00:00,-29.4313
2025-04-11 14:00:00,-11.1838
2025-04-11 15:00:00,14.0017
2025-04-11 16:00:00,14.7185
2025-04-11 17:00:00,25.53
2025-04-11 18:00:00,37.4247
2025-04-11 19:00:00,46.5734
2025-04-11 20:00:00,48.6579
2025-04-11 21:00:00,46.5008
2025-04-11 22:00:00,36.9197
2025-04-11 23:00:00,30.9356
2025-04-12 00:00:00,17.1289
2025-04-12 01:00:00,15.3492
2025-04-12 02:00:00,13.7429
2025-04-12 03:00:00,12.7166
2025-04-12 04:00:00,13.2201
2025-04-12 05:00:00,15.368
2025-04-12 06:00:00,12.4903
2025-04-12 07:00:00,-11.7943
2025-04-12 08:00:00,-42.4925
2025-04-12 09:00:00,-63.2471
2025-04-12 10:00:00,-71.4204
2025-04-12 11:00:00,-82.6362
2025-04-12 12:00:00,-92.2521
2025-04-12 13:00:00,-91.6962
2025-04-12 14:00:00,-70.5816
2025-04-12 15:00:00,-53.1744
2025-04-12 16:00:00,-18.5902
2025-04-12 17:00:00,13.5595
2025-04-12 18:00:00,31.544
2025-04-12 19:00:00,39.2234
2025-04-12 20:00:00,40.5465
2025-04-12 21:00:00,38.248
2025-04-12 22:00:00,32.7151
2025-04-12 23:00:00,25.817
2025-04-13 00:00:00,17.2883
2025-04-13 01:00:00,15.7391
2025-04-13 02:00:00,13.453
2025-04-13 03:00:00,13.105
2025-04-13 04:00:00,13.3339
2025-04-13 05:00:00,15.3377
2025-04-13 06:00:00,12.0313
2025-04-13 07:00:00,-16.1391
2025-04-13 08:00:00,-47.6436
2025-04-13 09:00:00,-69.5388
2025-04-13 10:00:00,-82.1185
2025-04-13 11:00:00,-93.5833
2025-04-13 12:00:00,-100.2745
2025-04-13 13:00:00,-100.9315
2025-04-13 14:00:00,-87.8301
2025-04-13 15:00:00,-62.429
2025-04-13 16:00:00,-27.8205
2025-04-13 17:00:00,10.8127
2025-04-13 18:00:00,32.6068
2025-04-13 19:00:00,38.531
2025-04-13 20:00:00,42.235
2025-04-13 21:00:00,39.2728
2025-04-13 22:00:00,32.2941
2025-04-13 23:00:00,25.1815
2025-04-14 00:00:00,20.5802
2025-04-14 01:00:00,18.358
2025-04-14 02:00:00,15.5336
2025-04-14 03:00:00,15.0867
2025-04-14 04:00:00,15.9112
2025-04-14 05:00:00,17.9547
2025-04-14 06:00:00,16.2234
2025-04-14 07:00:00,-11.9151
2025-04-14 08:00:00,-43.4463
2025-04-14 09:00:00,-63.9975
2025-04-14 10:00:00,-76.3576
2025-04-14 11:00:00,-86.1936
2025-04-14 12:00:00,-93.6532
2025-04-14 13:00:00,-91.2814
2025-04-14 14:00:00,-79.4623
2025-04-14 15:00:00,-54.1893
2025-04-14 16:00:00,-18.6641
2025-04-14 17:00:00,16.186
2025-04-14 18:00:00,37.0793
2025-04-14 19:00:00,46.0935
2025-04-14 20:00:00,48.6045
2025-04-14 21:00:00,45.9729
2025-04-14 22:00:00,38.0245
2025-04-14 23:00:00,29.9084
2025-04-15 00:00:00,21.1309
2025-04-15 01:00:00,18.1765
2025-04-15 02:00:00,15.915
2025-04-15 03:00:00,14.7353
2025-04-15 04:00:00,16.0878
2025-04-15 05:00:00,18.297
2025-04-15 06:00:00,15.0108
2025-04-15 07:00:00,-8.9373
2025-04-15 08:00:00,-40.9389
2025-04-15 09:00:00,-59.8504
2025-04-15 10:00:00,-71.4476
2025-04-15 11:00:00,-81.474
2025-04-15 12:00:00,-83.2212
2025-04-15 13:00:00,-86.0248
2025-04-15 14:00:00,-77.5133
2025-04-15 15:00:00,-51.3752
2025-04-15 16:00:00,-21.8431
2025-04-15 17:00:00,15.4412
2025-04-15 18:00:00,37.0495
2025-04-15 19:00:00,44.7285
2025-04-15 20:00:00,49.0764
2025-04-15 21:00:00,45.8879
2025-04-15 22:00:00,36.2748
2025-04-15 23:00:00,31.5555
2025-04-16 00:00:00,20.0655
2025-04-16 01:00:00,18.2196
2025-04-16 02:00:00,15.9296
2025-04-16 03:00:00,14.7383
2025-04-16 04:00:00,15.7135
2025-04-16 05:00:00,18.5642
2025-04-16 06:00:00,14.7305
2025-04-16 07:00:00,-10.8783
2025-04-16 08:00:00,-39.2376
2025-04-16 09:00:00,-60.3571
2025-04-16 10:00:00,-70.7805
2025-04-16 11:00:00,-80.9486
2025-04-16 12:00:00,-87.8987
2025-04-16 13:00:00,-88.0222
2025-04-16 14:00:00,-72.4676
2025-04-16 15:00:00,-48.5914
2025-04-16 16:00:00,-12.4252
2025-04-16 17:00:00,17.561
2025-04-16 18:00:00,37.4188
2025-04-16 19:00:00,45.5727
2025-04-16 20:00:00,48.9654
2025-04-16 21:00:00,44.7222
2025-04-16 22:00:00,37.465
2025-04-16 23:00:00,30.9618
2025-04-17 00:00:00,20.5785
2025-04-17 01:00:00,17.9654
2025-04-17 02:00:00,16.0452
2025-04-17 03:00:00,15.237
2025-04-17 04:00:00,15.6456
2025-04-17 05:00:00,18.4746
2025-04-17 06:00:00,14.7912
2025-04-17 07:00:00,-10.6254
2025-04-17 08:00:00,-38.0456
2025-04-17 09:00:00,-57.8858
2025-04-17 10:00:00,-67.2348
2025-04-17 11:00:00,-78.068
2025-04-17 12:00:00,-86.8148
2025-04-17 13:00:00,-86.9871
2025-04-17 14:00:00,-74.5642
2025-04-17 15:00:00,-46.4139
2025-04-17 16:00:00,-8.5343
2025-04-17 17:00:00,19.6439
2025-04-17 18:00:00,35.7249
2025-04-17 19:00:00,44.1338
2025-04-17 20:00:00,48.3146
2025-04-17 21:00:00,45.6769
2025-04-17 22:00:00,37.5966
2025-04-17 23:00:00,30.1695
2025-04-18 00:00:00,20.8835
2025-04-18 01:00:00,18.1958
2025-04-18 02:00:00,15.7669
2025-04-18 03:00:00,15.0515
2025-04-18 04:00:00,16.061
2025-04-18 05:00:00,18.0035
2025-04-18 06:00:00,13.6371
2025-04-18 07:00:00,-4.7216
2025-04-18 08:00:00,-26.2143
2025-04-18 09:00:00,-29.5335
2025-04-18 10:00:00,-55.4075
2025-04-18 11:00:00,-70.2385
2025-04-18 12:00:00,-80.8322
2025-04-18 13:00:00,-79.6729
2025-04-18 14:00:00,-54.1027
2025-04-18 15:00:00,-41.935
2025-04-18 16:00:00,-12.2683
2025-04-18 17:00:00,17.9021
2025-04-18 18:00:00,37.1953
2025-04-18 19:00:00,45.3738
2025-04-18 20:00:00,49.2428
2025-04-18 21:00:00,45.9121
2025-04-18 22:00:00,38.1032
2025-04-18 23:00:00,30.0692
2025-04-19 00:00:00,17.3945
2025-04-19 01:00:00,15.4544
2025-04-19 02:00:00,13.8702
2025-04-19 03:00:00,12.981
2025-04-19 04:00:00,13.6412
2025-04-19 05:00:00,15.2495
2025-04-19 06:00:00,16.6567
2025-04-19 07:00:00,14.1404
2025-04-19 08:00:00,15.9159
2025-04-19 09:00:00,10.3021
2025-04-19 10:00:00,7.9648
2025-04-19 11:00:00,2.652
2025-04-19 12:00:00,-54.0621
2025-04-19 13:00:00,-74.3164
2025-04-19 14:00:00,-71.7546
2025-04-19 15:00:00,-52.7137
2025-04-19 16:00:00,-20.4454
2025-04-19 17:00:00,12.1506
2025-04-19 18:00:00,31.6125
2025-04-19 19:00:00,38.8109
2025-04-19 20:00:00,42.0539
2025-04-19 21:00:00,37.8312
2025-04-19 22:00:00,32.0143
2025-04-19 23:00:00,25.4895
2025-04-20 00:00:00,17.4493
2025-04-20 01:00:00,14.9306
2025-04-20 02:00:00,13.2419
2025-04-20 03:00:00,12.7049
2025-04-20 04:00:00,13.4901
2025-04-20 05:00:00,15.6381
2025-04-20 06:00:00,10.6844
2025-04-20 07:00:00,-18.4231
2025-04-20 08:00:00,-49.0873
2025-04-20 09:00:00,-70.4095
2025-04-20 10:00:00,-85.2331
2025-04-20 11:00:00,-94.63
2025-04-20 12:00:00,-93.858
2025-04-20 13:00:00,-75.4724
2025-04-20 14:00:00,-74.8314
2025-04-20 15:00:00,-57.529
2025-04-20 16:00:00,-24.3153
2025-04-20 17:00:00,11.5356
2025-04-20 18:00:00,31.5178
2025-04-20 19:00:00,37.9558
2025-04-20 20:00:00,41.5226
2025-04-20 21:00:00,38.4825
2025-04-20 22:00:00,31.8777
2025-04-20 23:00:00,25.5902
2025-04-21 00:00:00,20.6335
2025-04-21 01:00:00,17.9661
2025-04-21 02:00:00,15.7543
2025-04-21 03:00:00,14.8685
2025-04-21 04:00:00,16.5063
2025-04-21 05:00:00,18.1934
2025-04-21 06:00:00,13.7579
2025-04-21 07:00:00,-14.9336
2025-04-21 08:00:00,-43.5326
2025-04-21 09:00:00,-61.2175
2025-04-21 10:00:00,-72.8163
2025-04-21 11:00:00,-82.0767
2025-04-21 12:00:00,-89.7848
2025-04-21 13:00:00,-90.813
2025-04-21 14:00:00,-78.3374
2025-04-21 15:00:00,-55.3887
2025-04-21 16:00:00,-22.0548
2025-04-21 17:00:00,15.704
2025-04-21 18:00:00,37.0693
2025-04-21 19:00:00,44.8513
2025-04-21 20:00:00,48.5958
2025-04-21 21:00:00,45.7135
2025-04-21 22:00:00,38.1776
2025-04-21 23:00:00,29.5665
2025-04-22 00:00:00,20.6888
2025-04-22 01:00:00,18.141
2025-04-22 02:00:00,15.9336
2025-04-22 03:00:00,15.4235
2025-04-22 04:00:00,16.1734
2025-04-22 05:00:00,18.0811
2025-04-22 06:00:00,12.4495
2025-04-22 07:00:00,-6.7227
2025-04-22 08:00:00,-30.5334
2025-04-22 09:00:00,-45.5433
2025-04-22 10:00:00,-49.5755
2025-04-22 11:00:00,-56.5617
2025-04-22 12:00:00,-56.5157
2025-04-22 13:00:00,-34.8131
2025-04-22 14:00:00,-30.2985
2025-04-22 15:00:00,-11.603
2025-04-22 16:00:00,4.706
2025-04-22 17:00:00,18.8472
2025-04-22 18:00:00,36.0859
2025-04-22 19:00:00,45.8093
2025-04-22 20:00:00,48.8679
2025-04-22 21:00:00,46.9263
2025-04-22 22:00:00,37.9371
2025-04-22 23:00:00,30.4865
2025-04-23 00:00:00,20.8876
2025-04-23 01:00:00,18.2616
2025-04-23 02:00:00,15.8226
2025-04-23 03:00:00,15.0211
2025-04-23 04:00:00,15.8299
2025-04-23 05:00:00,17.981
2025-04-23 06:00:00,13.263
2025-04-23 07:00:00,-13.4766
2025-04-23 08:00:00,-42.4075
2025-04-23 09:00:00,-62.8884
2025-04-23 10:00:00,-74.6652
2025-04-23 11:00:00,-85.6913
2025-04-23 12:00:00,-92.907
2025-04-23 13:00:00,-92.8371
2025-04-23 14:00:00,-67.673
2025-04-23 15:00:00,-49.2812
2025-04-23 16:00:00,-18.1568
2025-04-23 17:00:00,16.3406
2025-04-23 18:00:00,36.5807
2025-04-23 19:00:00,44.6431
2025-04-23 20:00:00,49.6589
2025-04-23 21:00:00,45.5224
2025-04-23 22:00:00,38.7096
2025-04-23 23:00:00,30.3588
2025-04-24 00:00:00,20.2666
2025-04-24 01:00:00,17.663
2025-04-24 02:00:00,16.4394
2025-04-24 03:00:00,14.4193
2025-04-24 04:00:00,15.9233
2025-04-24 05:00:00,18.3824
2025-04-24 06:00:00,14.3365
2025-04-24 07:00:00,-5.0848
2025-04-24 08:00:00,-32.7621
2025-04-24 09:00:00,-57.1498
2025-04-24 10:00:00,-67.9703
2025-04-24 11:00:00,-77.2394
2025-04-24 12:00:00,-82.7452
2025-04-24 13:00:00,-73.6551
2025-04-24 14:00:00,-60.1991
2025-04-24 15:00:00,-27.9985
2025-04-24 16:00:00,3.6434
2025-04-24 17:00:00,18.3436
2025-04-24 18:00:00,36.5034
2025-04-24 19:00:00,45.295
2025-04-24 20:00:00,49.1851
2025-04-24 21:00:00,44.8181
2025-04-24 22:00:00,36.7371
2025-04-24 23:00:00,30.3051
2025-04-25 00:00:00,20.7248
2025-04-25 01:00:00,17.6022
2025-04-25 02:00:00,15.537
2025-04-25 03:00:00,14.9204
2025-04-25 04:00:00,16.416
2025-04-25 05:00:00,18.0462
2025-04-25 06:00:00,14.3635
2025-04-25 07:00:00,-10.6381
2025-04-25 08:00:00,-38.4219
2025-04-25 09:00:00,-56.754
2025-04-25 10:00:00,-67.1777
2025-04-25 11:00:00,-76.5316
2025-04-25 12:00:00,-80.9644
2025-04-25 13:00:00,-74.9752
2025-04-25 14:00:00,-63.2795
2025-04-25 15:00:00,-39.0268
2025-04-25 16:00:00,-16.7026
2025-04-25 17:00:00,15.7243
2025-04-25 18:00:00,36.972
2025-04-25 19:00:00,45.1667
2025-04-25 20:00:00,50.2782
2025-04-25 21:00:00,45.7227
2025-04-25 22:00:00,37.6746
2025-04-25 23:00:00,30.0194
2025-04-26 00:00:00,17.2342
2025-04-26 01:00:00,15.4013
2025-04-26 02:00:00,13.9067
2025-04-26 03:00:00,13.0577
2025-04-26 04:00:00,13.2834
2025-04-26 05:00:00,15.7784
2025-04-26 06:00:00,10.0594
2025-04-26 07:00:00,-17.0795
2025-04-26 08:00:00,-45.8778
2025-04-26 09:00:00,-66.4156
2025-04-26 10:00:00,-78.6727
2025-04-26 11:00:00,-86.9948
2025-04-26 12:00:00,-88.7668
2025-04-26 13:00:00,-86.6662
2025-04-26 14:00:00,-76.7512
2025-04-26 15:00:00,-47.9195
2025-04-26 16:00:00,-12.3413
2025-04-26 17:00:00,12.7796
2025-04-26 18:00:00,31.8329
2025-04-26 19:00:00,38.8356
2025-04-26 20:00:00,41.5382
2025-04-26 21:00:00,39.5587
2025-04-26 22:00:00,32.1133
2025-04-26 23:00:00,25.7231
2025-04-27 00:00:00,17.9209
2025-04-27 01:00:00,15.4388
2025-04-27 02:00:00,13.5952
2025-04-27 03:00:00,12.792
2025-04-27 04:00:00,13.6049
2025-04-27 05:00:00,15.465
2025-04-27 06:00:00,10.6749
2025-04-27 07:00:00,-16.0109
2025-04-27 08:00:00,-43.0563
2025-04-27 09:00:00,-62.8272
2025-04-27 10:00:00,-76.402
2025-04-27 11:00:00,-86.1705
2025-04-27 12:00:00,-90.2903
2025-04-27 13:00:00,-89.8939
2025-04-27 14:00:00,-75.7696
2025-04-27 15:00:00,-53.3336
2025-04-27 16:00:00,-16.8728
2025-04-27 17:00:00,13.8173
2025-04-27 18:00:00,29.9414
2025-04-27 19:00:00,38.432
2025-04-27 20:00:00,41.3931
2025-04-27 21:00:00,38.0332
2025-04-27 22:00:00,33.2876
2025-04-27 23:00:00,25.3111
2025-04-28 00:00:00,20.4669
2025-04-28 01:00:00,18.5101
2025-04-28 02:00:00,16.0427
2025-04-28 03:00:00,14.8646
2025-04-28 04:00:00,15.7156
2025-04-28 05:00:00,18.5441
2025-04-28 06:00:00,11.839
2025-04-28 07:00:00,-4.5511
2025-04-28 08:00:00,-28.8838
2025-04-28 09:00:00,-43.3775
2025-04-28 10:00:00,-61.1399
2025-04-28 11:00:00,-72.661
2025-04-28 12:00:00,-79.0684
2025-04-28 13:00:00,-55.7311
2025-04-28 14:00:00,-71.4059
2025-04-28 15:00:00,-47.5988
2025-04-28 16:00:00,-17.622
2025-04-28 17:00:00,17.2855
2025-04-28 18:00:00,36.913
2025-04-28 19:00:00,45.4998
2025-04-28 20:00:00,49.275
2025-04-28 21:00:00,46.3271
2025-04-28 22:00:00,38.2628
2025-04-28 23:00:00,31.3223
2025-04-29 00:00:00,21.0047
2025-04-29 01:00:00,18.3315
2025-04-29 02:00:00,15.5465
2025-04-29 03:00:00,15.3471
2025-04-29 04:00:00,15.6988
2025-04-29 05:00:00,18.2769
2025-04-29 06:00:00,12.9065
2025-04-29 07:00:00,-7.6424
2025-04-29 08:00:00,-31.7538
2025-04-29 09:00:00,-47.7739
2025-04-29 10:00:00,-54.9127
2025-04-29 11:00:00,-49.7697
2025-04-29 12:00:00,-41.4163
2025-04-29 13:00:00,-34.6051
2025-04-29 14:00:00,0.1614
2025-04-29 15:00:00,15.3672
2025-04-29 16:00:00,6.8161
2025-04-29 17:00:00,20.378
2025-04-29 18:00:00,35.4179
2025-04-29 19:00:00,44.4614
2025-04-29 20:00:00,49.2839
2025-04-29 21:00:00,46.2115
2025-04-29 22:00:00,38.103
2025-04-29 23:00:00,29.8992
2025-04-30 00:00:00,20.3387
2025-04-30 01:00:00,17.9545
2025-04-30 02:00:00,15.6468
2025-04-30 03:00:00,15.0594
2025-04-30 04:00:00,15.6864
2025-04-30 05:00:00,18.7108
2025-04-30 06:00:00,18.3869
2025-04-30 07:00:00,19.9335
2025-04-30 08:00:00,18.6366
2025-04-30 09:00:00,22.9978
2025-04-30 10:00:00,22.1017
2025-04-30 11:00:00,3.1225
2025-04-30 12:00:00,-18.2674
2025-04-30 13:00:00,-41.1393
2025-04-30 14:00:00,-32.0167
2025-04-30 15:00:00,-28.3075
2025-04-30 16:00:00,-2.5549
2025-04-30 17:00:00,20.124
2025-04-30 18:00:00,36.8117
2025-04-30 19:00:00,44.7537
2025-04-30 20:00:00,51.759
2025-04-30 21:00:00,46.2821
2025-04-30 22:00:00,37.7808
2025-04-30 23:00:00,29.9536
2025-05-01 00:00:00,20.9907
2025-05-01 01:00:00,18.5832
2025-05-01 02:00:00,16.3941
2025-05-01 03:00:00,15.3341
2025-05-01 04:00:00,16.6322
2025-05-01 05:00:00,18.6492
2025-05-01 06:00:00,17.2913
2025-05-01 07:00:00,5.1687
2025-05-01 08:00:00,-20.6707
2025-05-01 09:00:00,-13.7006
2025-05-01 10:00:00,-16.7168
2025-05-01 11:00:00,-14.1953
2025-05-01 12:00:00,-20.4067
2025-05-01 13:00:00,-49.0139
2025-05-01 14:00:00,-51.1796
2025-05-01 15:00:00,-27.3752
2025-05-01 16:00:00,-8.5525
2025-05-01 17:00:00,17.1523
2025-05-01 18:00:00,36.833
2025-05-01 19:00:00,47.171
2025-05-01 20:00:00,49.812
2025-05-01 21:00:00,46.1638
2025-05-01 22:00:00,38.7984
2025-05-01 23:00:00,31.2291
2025-05-02 00:00:00,21.3148
2025-05-02 01:00:00,18.504
2025-05-02 02:00:00,16.2696
2025-05-02 03:00:00,15.3489
2025-05-02 04:00:00,16.1257
2025-05-02 05:00:00,17.5624
2025-05-02 06:00:00,12.4132
2025-05-02 07:00:00,-16.7515
2025-05-02 08:00:00,-44.2092
2025-05-02 09:00:00,-61.9074
2025-05-02 10:00:00,-72.6525
2025-05-02 11:00:00,-82.1024
2025-05-02 12:00:00,-89.193
2025-05-02 13:00:00,-88.9105
2025-05-02 14:00:00,-76.6949
2025-05-02 15:00:00,-53.0901
2025-05-02 16:00:00,-20.2299
2025-05-02 17:00:00,15.9766
2025-05-02 18:00:00,38.1776
2025-05-02 19:00:00,46.3909
2025-05-02 20:00:00,50.7211
2025-05-02 21:00:00,48.1217
2025-05-02 22:00:00,37.8881
2025-05-02 23:00:00,31.4925
2025-05-03 00:00:00,17.8742
2025-05-03 01:00:00,15.5623
2025-05-03 02:00:00,13.6458
2025-05-03 03:00:00,13.3104
2025-05-03 04:00:00,14.2087
2025-05-03 05:00:00,15.0696
2025-05-03 06:00:00,8.8129
2025-05-03 07:00:00,-16.0884
2025-05-03 08:00:00,-35.6231
2025-05-03 09:00:00,-58.3311
2025-05-03 10:00:00,-49.7659
2025-05-03 11:00:00,-55.1068
2025-05-03 12:00:00,-43.5605
2025-05-03 13:00:00,-47.8682
2025-05-03 14:00:00,-26.4947
2025-05-03 15:00:00,-16.6318
2025-05-03 16:00:00,-12.5919
2025-05-03 17:00:00,11.3901
2025-05-03 18:00:00,31.033
2025-05-03 19:00:00,39.0295
2025-05-03 20:00:00,43.2889
2025-05-03 21:00:00,39.4708
2025-05-03 22:00:00,32.3943
2025-05-03 23:00:00,26.6459
2025-05-04 00:00:00,17.7771
2025-05-04 01:00:00,15.6752
2025-05-04 02:00:00,13.8873
2025-05-04 03:00:00,12.8837
2025-05-04 04:00:00,13.7125
2025-05-04 05:00:00,15.6753
2025-05-04 06:00:00,11.4831
2025-05-04 07:00:00,0.6197
2025-05-04 08:00:00,-19.4047
2025-05-04 09:00:00,-22.4857
2025-05-04 10:00:00,-21.5347
2025-05-04 11:00:00,-17.1366
2025-05-04 12:00:00,-25.3861
2025-05-04 13:00:00,-39.5122
2025-05-04 14:00:00,-22.9709
2025-05-04 15:00:00,-1.989
2025-05-04 16:00:00,14.8459
2025-05-04 17:00:00,22.4735
2025-05-04 18:00:00,32.4294
2025-05-04 19:00:00,39.5231
2025-05-04 20:00:00,43.5669
2025-05-04 21:00:00,38.5931
2025-05-04 22:00:00,32.8531
2025-05-04 23:00:00,25.4315
2025-05-05 00:00:00,20.8947
2025-05-05 01:00:00,18.6041
2025-05-05 02:00:00,16.2774
2025-05-05 03:00:00,15.4259
2025-05-05 04:00:00,15.9963
2025-05-05 05:00:00,18.8293
2025-05-05 06:00:00,20.4845
2025-05-05 07:00:00,21.9038
2025-05-05 08:00:00,25.9937
2025-05-05 09:00:00,26.455
2025-05-05 10:00:00,25.5223
2025-05-05 11:00:00,16.6333
2025-05-05 12:00:00,-6.5819
2025-05-05 13:00:00,-29.8183
2025-05-05 14:00:00,-38.5655
2025-05-05 15:00:00,-1.4355
2025-05-05 16:00:00,9.6127
2025-05-05 17:00:00,23.7567
2025-05-05 18:00:00,36.3849
2025-05-05 19:00:00,46.8249
2025-05-05 20:00:00,49.6398
2025-05-05 21:00:00,46.3702
2025-05-05 22:00:00,38.1861
2025-05-05 23:00:00,31.4743
2025-05-06 00:00:00,21.571
2025-05-06 01:00:00,18.5689
2025-05-06 02:00:00,16.5604
2025-05-06 03:00:00,15.5588
2025-05-06 04:00:00,16.7714
2025-05-06 05:00:00,17.7458
2025-05-06 06:00:00,12.023
2025-05-06 07:00:00,-16.6576
2025-05-06 08:00:00,-45.7008
2025-05-06 09:00:00,-64.0497
2025-05-06 10:00:00,-76.4389
2025-05-06 11:00:00,-82.3063
2025-05-06 12:00:00,-91.0096
2025-05-06 13:00:00,-90.0761
2025-05-06 14:00:00,-77.5607
2025-05-06 15:00:00,-53.8667
2025-05-06 16:00:00,-20.2431
2025-05-06 17:00:00,15.7872
2025-05-06 18:00:00,36.7089
2025-05-06 19:00:00,48.2357
2025-05-06 20:00:00,50.4423
2025-05-06 21:00:00,46.668
2025-05-06 22:00:00,39.6971
2025-05-06 23:00:00,30.7223
2025-05-07 00:00:00,20.3498
2025-05-07 01:00:00,18.5295
2025-05-07 02:00:00,16.4195
2025-05-07 03:00:00,15.3105
2025-05-07 04:00:00,16.2241
2025-05-07 05:00:00,18.2146
2025-05-07 06:00:00,12.2651
2025-05-07 07:00:00,-15.3053
2025-05-07 08:00:00,-43.1865
2025-05-07 09:00:00,-62.3284
2025-05-07 10:00:00,-72.2377
2025-05-07 11:00:00,-80.3879
2025-05-07 12:00:00,-88.1385
2025-05-07 13:00:00,-85.0277
2025-05-07 14:00:00,-71.3332
2025-05-07 15:00:00,-49.2202
2025-05-07 16:00:00,-14.5316
2025-05-07 17:00:00,16.5495
2025-05-07 18:00:00,36.6942
2025-05-07 19:00:00,46.7082
2025-05-07 20:00:00,50.1393
2025-05-07 21:00:00,46.7235
2025-05-07 22:00:00,38.2606
2025-05-07 23:00:00,30.4211
2025-05-08 00:00:00,20.8787
2025-05-08 01:00:00,18.5089
2025-05-08 02:00:00,16.6434
2025-05-08 03:00:00,15.4613
2025-05-08 04:00:00,16.7094
2025-05-08 05:00:00,18.3528
2025-05-08 06:00:00,11.9444
2025-05-08 07:00:00,-10.6263
2025-05-08 08:00:00,-36.9086
2025-05-08 09:00:00,-58.7009
2025-05-08 10:00:00,-70.8109
2025-05-08 11:00:00,-79.9548
2025-05-08 12:00:00,-85.6295
2025-05-08 13:00:00,-86.1403
2025-05-08 14:00:00,-75.2805
2025-05-08 15:00:00,-53.4908
2025-05-08 16:00:00,-21.1901
2025-05-08 17:00:00,15.2464
2025-05-08 18:00:00,35.64
2025-05-08 19:00:00,46.8938
2025-05-08 20:00:00,51.8395
2025-05-08 21:00:00,47.2871
2025-05-08 22:00:00,38.3505
2025-05-08 23:00:00,29.6862
2025-05-09 00:00:00,20.9375
2025-05-09 01:00:00,18.2623
2025-05-09 02:00:00,15.8299
2025-05-09 03:00:00,15.1878
2025-05-09 04:00:00,16.4985
2025-05-09 05:00:00,18.2277
2025-05-09 06:00:00,11.9236
2025-05-09 07:00:00,-14.9782
2025-05-09 08:00:00,-40.1387
2025-05-09 09:00:00,-56.7132
2025-05-09 10:00:00,-65.5591
2025-05-09 11:00:00,-74.9265
2025-05-09 12:00:00,-82.5933
2025-05-09 13:00:00,-81.0103
2025-05-09 14:00:00,-69.1443
2025-05-09 15:00:00,-46.9979
2025-05-09 16:00:00,-17.4081
2025-05-09 17:00:00,15.1769
2025-05-09 18:00:00,37.3984
2025-05-09 19:00:00,45.9614
2025-05-09 20:00:00,51.9068
2025-05-09 21:00:00,47.7022
2025-05-09 22:00:00,37.7409
2025-05-09 23:00:00,30.1241
2025-05-10 00:00:00,17.7396
2025-05-10 01:00:00,15.8776
2025-05-10 02:00:00,13.7228
2025-05-10 03:00:00,12.8994
2025-05-10 04:00:00,13.6683
2025-05-10 05:00:00,15.1191
2025-05-10 06:00:00,7.8529
2025-05-10 07:00:00,-16.7994
2025-05-10 08:00:00,-45.498
2025-05-10 09:00:00,-63.6801
2025-05-10 10:00:00,-70.3891
2025-05-10 11:00:00,-57.6045
2025-05-10 12:00:00,-42.9033
2025-05-10 13:00:00,-65.8351
2025-05-10 14:00:00,-68.5389
2025-05-10 15:00:00,-51.5097
2025-05-10 16:00:00,-22.0872
2025-05-10 17:00:00,12.176
2025-05-10 18:00:00,31.6346
2025-05-10 19:00:00,40.127
2025-05-10 20:00:00,43.2899
2025-05-10 21:00:00,39.9958
2025-05-10 22:00:00,31.9999
2025-05-10 23:00:00,25.7936
2025-05-11 00:00:00,17.3261
2025-05-11 01:00:00,16.0404
2025-05-11 02:00:00,13.9155
2025-05-11 03:00:00,13.0804
2025-05-11 04:00:00,14.0255
2025-05-11 05:00:00,15.5487
2025-05-11 06:00:00,9.5829
2025-05-11 07:00:00,-14.8007
2025-05-11 08:00:00,-41.0513
2025-05-11 09:00:00,-57.7931
2025-05-11 10:00:00,-72.8631
2025-05-11 11:00:00,-82.0192
2025-05-11 12:00:00,-88.8714
2025-05-11 13:00:00,-88.1378
2025-05-11 14:00:00,-77.1807
2025-05-11 15:00:00,-55.1157
2025-05-11 16:00:00,-23.7579
2025-05-11 17:00:00,10.797
2025-05-11 18:00:00,30.8469
2025-05-11 19:00:00,39.2539
2025-05-11 20:00:00,42.2973
2025-05-11 21:00:00,39.1185
2025-05-11 22:00:00,32.4522
2025-05-11 23:00:00,26.3389
2025-05-12 00:00:00,21.0891
2025-05-12 01:00:00,18.0314
2025-05-12 02:00:00,16.7106
2025-05-12 03:00:00,15.658
2025-05-12 04:00:00,16.2383
2025-05-12 05:00:00,17.9566
2025-05-12 06:00:00,12.0171
2025-05-12 07:00:00,-13.4821
2025-05-12 08:00:00,-39.7622
2025-05-12 09:00:00,-57.3534
2025-05-12 10:00:00,-67.4635
2025-05-12 11:00:00,-77.3424
2025-05-12 12:00:00,-83.3692
2025-05-12 13:00:00,-82.7491
2025-05-12 14:00:00,-70.6178
2025-05-12 15:00:00,-47.031
2025-05-12 16:00:00,-13.1786
2025-05-12 17:00:00,15.8356
2025-05-12 18:00:00,36.6477
2025-05-12 19:00:00,45.8845
2025-05-12 20:00:00,50.969
2025-05-12 21:00:00,46.2669
2025-05-12 22:00:00,37.8392
2025-05-12 23:00:00,30.9716
2025-05-13 00:00:00,21.1159
2025-05-13 01:00:00,18.5013
2025-05-13 02:00:00,16.011
2025-05-13 03:00:00,15.4344
2025-05-13 04:00:00,16.1775
2025-05-13 05:00:00,17.533
2025-05-13 06:00:00,11.4981
2025-05-13 07:00:00,-0.8826
2025-05-13 08:00:00,-19.8511
2025-05-13 09:00:00,-24.7314
2025-05-13 10:00:00,-9.3621
2025-05-13 11:00:00,-22.3394
2025-05-13 12:00:00,-38.5331
2025-05-13 13:00:00,-17.1204
2025-05-13 14:00:00,3.7943
2025-05-13 15:00:00,-0.8367
2025-05-13 16:00:00,10.3877
2025-05-13 17:00:00,27.2415
2025-05-13 18:00:00,37.9121
2025-05-13 19:00:00,46.3893
2025-05-13 20:00:00,49.7469
2025-05-13 21:00:00,46.1404
2025-05-13 22:00:00,37.129
2025-05-13 23:00:00,30.5985
2025-05-14 00:00:00,21.5733
2025-05-14 01:00:00,18.3589
2025-05-14 02:00:00,16.3149
2025-05-14 03:00:00,15.8201
2025-05-14 04:00:00,16.1648
2025-05-14 05:00:00,18.2108
2025-05-14 06:00:00,19.056
2025-05-14 07:00:00,14.2928
2025-05-14 08:00:00,4.9488
2025-05-14 09:00:00,12.7505
2025-05-14 10:00:00,17.3511
2025-05-14 11:00:00,18.0573
2025-05-14 12:00:00,12.7629
2025-05-14 13:00:00,11.6299
2025-05-14 14:00:00,-14.6181
2025-05-14 15:00:00,-3.983
2025-05-14 16:00:00,-4.509
2025-05-14 17:00:00,16.7697
2025-05-14 18:00:00,35.8618
2025-05-14 19:00:00,46.9039
2025-05-14 20:00:00,49.9089
2025-05-14 21:00:00,45.8692
2025-05-14 22:00:00,38.3128
2025-05-14 23:00:00,30.5813
2025-05-15 00:00:00,21.1722
2025-05-15 01:00:00,18.3935
2025-05-15 02:00:00,16.4737
2025-05-15 03:00:00,15.3443
2025-05-15 04:00:00,16.2497
2025-05-15 05:00:00,18.511
2025-05-15 06:00:00,21.0346
2025-05-15 07:00:00,20.5758
2025-05-15 08:00:00,21.9673
2025-05-15 09:00:00,25.1171
2025-05-15 10:00:00,18.5147
2025-05-15 11:00:00,2.7829
2025-05-15 12:00:00,-7.0423
2025-05-15 13:00:00,-13.4473
2025-05-15 14:00:00,11.335
2025-05-15 15:00:00,12.5603
2025-05-15 16:00:00,19.1282
2025-05-15 17:00:00,27.6504
2025-05-15 18:00:00,38.3439
2025-05-15 19:00:00,46.0262
2025-05-15 20:00:00,51.5593
2025-05-15 21:00:00,46.9258
2025-05-15 22:00:00,39.1224
2025-05-15 23:00:00,31.5798
2025-05-16 00:00:00,21.2531
2025-05-16 01:00:00,18.5226
2025-05-16 02:00:00,16.1324
2025-05-16 03:00:00,14.9655
2025-05-16 04:00:00,16.2476
2025-05-16 05:00:00,18.8474
2025-05-16 06:00:00,19.5607
2025-05-16 07:00:00,17.5421
2025-05-16 08:00:00,21.7654
2025-05-16 09:00:00,26.3604
2025-05-16 10:00:00,18.1535
2025-05-16 11:00:00,4.6425
2025-05-16 12:00:00,-3.5555
2025-05-16 13:00:00,7.1711
2025-05-16 14:00:00,3.6152
2025-05-16 15:00:00,12.2434
2025-05-16 16:00:00,16.6486
2025-05-16 17:00:00,28.4883
2025-05-16 18:00:00,37.0776
2025-05-16 19:00:00,46.8532
2025-05-16 20:00:00,49.9787
2025-05-16 21:00:00,47.0773
2025-05-16 22:00:00,38.8685
2025-05-16 23:00:00,30.8705
2025-05-17 00:00:00,17.7009
2025-05-17 01:00:00,15.5105
2025-05-17 02:00:00,13.7274
2025-05-17 03:00:00,12.9994
2025-05-17 04:00:00,14.119
2025-05-17 05:00:00,15.8072
2025-05-17 06:00:00,17.4474
2025-05-17 07:00:00,19.876
2025-05-17 08:00:00,20.8078
2025-05-17 09:00:00,25.1995
2025-05-17 10:00:00,14.1859
2025-05-17 11:00:00,8.4291
2025-05-17 12:00:00,-16.479
2025-05-17 13:00:00,-26.23
2025-05-17 14:00:00,-19.8542
2025-05-17 15:00:00,-15.5264
2025-05-17 16:00:00,-5.4231
2025-05-17 17:00:00,16.2411
2025-05-17 18:00:00,32.0149
2025-05-17 19:00:00,39.8173
2025-05-17 20:00:00,42.2668
2025-05-17 21:00:00,39.4424
2025-05-17 22:00:00,32.7141
2025-05-17 23:00:00,26.6879
2025-05-18 00:00:00,17.3817
2025-05-18 01:00:00,15.8677
2025-05-18 02:00:00,13.6684
2025-05-18 03:00:00,12.7549
2025-05-18 04:00:00,13.7897
2025-05-18 05:00:00,15.183
2025-05-18 06:00:00,7.8325
2025-05-18 07:00:00,-18.0449
2025-05-18 08:00:00,-46.0721
2025-05-18 09:00:00,-64.5056
2025-05-18 10:00:00,-76.1525
2025-05-18 11:00:00,-82.72
2025-05-18 12:00:00,-85.8644
2025-05-18 13:00:00,-84.7785
2025-05-18 14:00:00,-72.171
2025-05-18 15:00:00,-50.9201
2025-05-18 16:00:00,-22.4449
2025-05-18 17:00:00,10.1528
2025-05-18 18:00:00,29.6194
2025-05-18 19:00:00,39.7019
2025-05-18 20:00:00,42.3176
2025-05-18 21:00:00,39.446
2025-05-18 22:00:00,32.019
2025-05-18 23:00:00,26.1122
2025-05-19 00:00:00,21.0481
2025-05-19 01:00:00,18.7109
2025-05-19 02:00:00,16.6757
2025-05-19 03:00:00,15.0596
2025-05-19 04:00:00,16.6599
2025-05-19 05:00:00,17.4404
2025-05-19 06:00:00,10.3561
2025-05-19 07:00:00,-11.0355
2025-05-19 08:00:00,-31.3358
2025-05-19 09:00:00,-51.1002
2025-05-19 10:00:00,-65.5788
2025-05-19 11:00:00,-75.511
2025-05-19 12:00:00,-81.6075
2025-05-19 13:00:00,-79.5091
2025-05-19 14:00:00,-69.212
2025-05-19 15:00:00,-39.7642
2025-05-19 16:00:00,-3.0373
2025-05-19 17:00:00,18.3788
2025-05-19 18:00:00,36.5089
2025-05-19 19:00:00,46.8612
2025-05-19 20:00:00,51.3318
2025-05-19 21:00:00,47.188
2025-05-19 22:00:00,37.7239
2025-05-19 23:00:00,31.4708
2025-05-20 00:00:00,20.8854
2025-05-20 01:00:00,19.1578
2025-05-20 02:00:00,16.5008
2025-05-20 03:00:00,15.1833
2025-05-20 04:00:00,16.3262
2025-05-20 05:00:00,17.488
2025-05-20 06:00:00,11.2641
2025-05-20 07:00:00,-12.8577
2025-05-20 08:00:00,-37.7155
2025-05-20 09:00:00,-54.9074
2025-05-20 10:00:00,-66.1733
2025-05-20 11:00:00,-74.1067
2025-05-20 12:00:00,-80.2022
2025-05-20 13:00:00,-74.1904
2025-05-20 14:00:00,-58.1379
2025-05-20 15:00:00,-35.9867
2025-05-20 16:00:00,-8.6771
2025-05-20 17:00:00,21.3818
2025-05-20 18:00:00,37.2191
2025-05-20 19:00:00,47.438
2025-05-20 20:00:00,49.7678
2025-05-20 21:00:00,46.7684
2025-05-20 22:00:00,38.2244
2025-05-20 23:00:00,30.7876
2025-05-21 00:00:00,21.0844
2025-05-21 01:00:00,18.2104
2025-05-21 02:00:00,16.6206
2025-05-21 03:00:00,15.5557
2025-05-21 04:00:00,16.3698
2025-05-21 05:00:00,18.249
2025-05-21 06:00:00,12.4499
2025-05-21 07:00:00,-9.5007
2025-05-21 08:00:00,-34.5748
2025-05-21 09:00:00,-51.0215
2025-05-21 10:00:00,-60.3604
2025-05-21 11:00:00,-64.28
2025-05-21 12:00:00,-49.537
2025-05-21 13:00:00,-58.1482
2025-05-21 14:00:00,-54.5126
2025-05-21 15:00:00,-34.0275
2025-05-21 16:00:00,-10.4303
2025-05-21 17:00:00,16.1227
2025-05-21 18:00:00,35.126
2025-05-21 19:00:00,47.1999
2025-05-21 20:00:00,52.2381
2025-05-21 21:00:00,46.1653
2025-05-21 22:00:00,39.2565
2025-05-21 23:00:00,29.6488
2025-05-22 00:00:00,20.5747
2025-05-22 01:00:00,18.3424
2025-05-22 02:00:00,16.4321
2025-05-22 03:00:00,15.7816
2025-05-22 04:00:00,16.1548
2025-05-22 05:00:00,17.4861
2025-05-22 06:00:00,11.945
2025-05-22 07:00:00,-12.8545
2025-05-22 08:00:00,-37.737
2025-05-22 09:00:00,-54.9155
2025-05-22 10:00:00,-66.4098
2025-05-22 11:00:00,-73.4556
2025-05-22 12:00:00,-79.9395
2025-05-22 13:00:00,-80.4063
2025-05-22 14:00:00,-62.1467
2025-05-22 15:00:00,-40.3464
2025-05-22 16:00:00,-4.6754
2025-05-22 17:00:00,21.2796
2025-05-22 18:00:00,35.4555
2025-05-22 19:00:00,45.9068
2025-05-22 20:00:00,51.1438
2025-05-22 21:00:00,46.8849
2025-05-22 22:00:00,37.8519
2025-05-22 23:00:00,31.0859
2025-05-23 00:00:00,20.7377
2025-05-23 01:00:00,18.0513
2025-05-23 02:00:00,16.4118
2025-05-23 03:00:00,15.4307
2025-05-23 04:00:00,16.1456
2025-05-23 05:00:00,17.1785
2025-05-23 06:00:00,9.8429
2025-05-23 07:00:00,-5.5235
2025-05-23 08:00:00,-20.3052
2025-05-23 09:00:00,-36.8147
2025-05-23 10:00:00,-48.4861
2025-05-23 11:00:00,-53.973
2025-05-23 12:00:00,-61.3438
2025-05-23 13:00:00,-63.8629
2025-05-23 14:00:00,-49.1265
2025-05-23 15:00:00,-30.1374
2025-05-23 16:00:00,-8.0604
2025-05-23 17:00:00,15.7911
2025-05-23 18:00:00,35.7068
2025-05-23 19:00:00,46.7577
2025-05-23 20:00:00,50.6197
2025-05-23 21:00:00,45.9071
2025-05-23 22:00:00,37.2369
2025-05-23 23:00:00,31.0115
2025-05-24 00:00:00,17.9338
2025-05-24 01:00:00,16.1775
2025-05-24 02:00:00,13.7337
2025-05-24 03:00:00,13.171
2025-05-24 04:00:00,14.0317
2025-05-24 05:00:00,14.7753
2025-05-24 06:00:00,8.6175
2025-05-24 07:00:00,-15.7037
2025-05-24 08:00:00,-41.0746
2025-05-24 09:00:00,-58.0037
2025-05-24 10:00:00,-67.8763
2025-05-24 11:00:00,-75.8661
2025-05-24 12:00:00,-71.359
2025-05-24 13:00:00,-64.6998
2025-05-24 14:00:00,-56.4626
2025-05-24 15:00:00,-41.5735
2025-05-24 16:00:00,-18.286
2025-05-24 17:00:00,10.5073
2025-05-24 18:00:00,29.656
2025-05-24 19:00:00,38.5724
2025-05-24 20:00:00,42.7561
2025-05-24 21:00:00,39.7257
2025-05-24 22:00:00,33.3197
2025-05-24 23:00:00,26.4501
2025-05-25 00:00:00,18.2256
2025-05-25 01:00:00,15.6848
2025-05-25 02:00:00,14.0863
2025-05-25 03:00:00,13.3161
2025-05-25 04:00:00,13.9574
2025-05-25 05:00:00,14.4449
2025-05-25 06:00:00,8.2689
2025-05-25 07:00:00,-17.1165
2025-05-25 08:00:00,-44.5768
2025-05-25 09:00:00,-63.1025
2025-05-25 10:00:00,-74.9284
2025-05-25 11:00:00,-83.382
2025-05-25 12:00:00,-86.5348
2025-05-25 13:00:00,-83.4096
2025-05-25 14:00:00,-65.435
2025-05-25 15:00:00,-44.5604
2025-05-25 16:00:00,-9.8089
2025-05-25 17:00:00,10.571
2025-05-25 18:00:00,28.8018
2025-05-25 19:00:00,40.0749
2025-05-25 20:00:00,42.9533
2025-05-25 21:00:00,39.8895
2025-05-25 22:00:00,32.443
2025-05-25 23:00:00,26.8254
2025-05-26 00:00:00,21.2587
2025-05-26 01:00:00,18.8455
2025-05-26 02:00:00,16.638
2025-05-26 03:00:00,15.1909
2025-05-26 04:00:00,16.4723
2025-05-26 05:00:00,17.2479
2025-05-26 06:00:00,10.8371
2025-05-26 07:00:00,-10.9891
2025-05-26 08:00:00,-33.8704
2025-05-26 09:00:00,-47.9673
2025-05-26 10:00:00,-59.3646
2025-05-26 11:00:00,-69.1006
2025-05-26 12:00:00,-55.8006
2025-05-26 13:00:00,-61.162
2025-05-26 14:00:00,-50.4295
2025-05-26 15:00:00,-39.1486
2025-05-26 16:00:00,-11.9775
2025-05-26 17:00:00,14.1036
2025-05-26 18:00:00,35.6597
2025-05-26 19:00:00,46.6647
2025-05-26 20:00:00,50.5462
2025-05-26 21:00:00,46.6248
2025-05-26 22:00:00,38.1327
2025-05-26 23:00:00,30.4698
2025-05-27 00:00:00,20.8672
2025-05-27 01:00:00,18.8122
2025-05-27 02:00:00,16.4719
2025-05-27 03:00:00,15.5671
2025-05-27 04:00:00,16.1933
2025-05-27 05:00:00,17.0057
2025-05-27 06:00:00,11.6346
2025-05-27 07:00:00,-9.3009
2025-05-27 08:00:00,-33.2148
2025-05-27 09:00:00,-47.1947
2025-05-27 10:00:00,-39.8295
2025-05-27 11:00:00,-12.4247
2025-05-27 12:00:00,-21.4649
2025-05-27 13:00:00,-32.0028
2025-05-27 14:00:00,-13.8841
2025-05-27 15:00:00,-5.9509
2025-05-27 16:00:00,-2.4945
2025-05-27 17:00:00,20.3219
2025-05-27 18:00:00,36.4363
2025-05-27 19:00:00,46.5532
2025-05-27 20:00:00,50.4106
2025-05-27 21:00:00,47.0886
2025-05-27 22:00:00,38.0272
2025-05-27 23:00:00,31.0588
2025-05-28 00:00:00,20.7994
2025-05-28 01:00:00,18.8289
2025-05-28 02:00:00,16.4951
2025-05-28 03:00:00,15.3172
2025-05-28 04:00:00,16.2253
2025-05-28 05:00:00,17.6834
2025-05-28 06:00:00,11.3897
2025-05-28 07:00:00,-11.2954
2025-05-28 08:00:00,-34.892
2025-05-28 09:00:00,-48.9113
2025-05-28 10:00:00,-43.5746
2025-05-28 11:00:00,-53.3216
2025-05-28 12:00:00,-44.1257
2025-05-28 13:00:00,-37.4125
2025-05-28 14:00:00,-33.4235
2025-05-28 15:00:00,-26.3417
2025-05-28 16:00:00,-4.5464
2025-05-28 17:00:00,16.4189
2025-05-28 18:00:00,33.5935
2025-05-28 19:00:00,46.3777
2025-05-28 20:00:00,51.2193
2025-05-28 21:00:00,46.2911
2025-05-28 22:00:00,37.5938
2025-05-28 23:00:00,31.2386
2025-05-29 00:00:00,20.886
2025-05-29 01:00:00,18.6539
2025-05-29 02:00:00,15.8517
2025-05-29 03:00:00,15.6427
2025-05-29 04:00:00,16.435
2025-05-29 05:00:00,17.4938
2025-05-29 06:00:00,11.3357
2025-05-29 07:00:00,-10.0595
2025-05-29 08:00:00,-34.2815
2025-05-29 09:00:00,-53.4221
2025-05-29 10:00:00,-63.1345
2025-05-29 11:00:00,-70.4634
2025-05-29 12:00:00,-72.1921
2025-05-29 13:00:00,-76.7935
2025-05-29 14:00:00,-64.7192
2025-05-29 15:00:00,-43.503
2025-05-29 16:00:00,-14.9357
2025-05-29 17:00:00,15.6727
2025-05-29 18:00:00,35.1309
2025-05-29 19:00:00,46.2928
2025-05-29 20:00:00,50.6582
2025-05-29 21:00:00,46.5871
2025-05-29 22:00:00,38.4417
2025-05-29 23:00:00,31.2509
2025-05-30 00:00:00,21.0907
2025-05-30 01:00:00,18.3298
2025-05-30 02:00:00,16.0374
2025-05-30 03:00:00,15.338
2025-05-30 04:00:00,16.276
2025-05-30 05:00:00,16.9191
2025-05-30 06:00:00,11.6273
2025-05-30 07:00:00,-10.4208
2025-05-30 08:00:00,-34.1901
2025-05-30 09:00:00,-47.6287
2025-05-30 10:00:00,-53.9616
2025-05-30 11:00:00,-59.9833
2025-05-30 12:00:00,-55.8761
2025-05-30 13:00:00,-42.0917
2025-05-30 14:00:00,-38.6323
2025-05-30 15:00:00,-13.3179
2025-05-30 16:00:00,-0.8904
2025-05-30 17:00:00,17.5429
2025-05-30 18:00:00,35.4924
2025-05-30 19:00:00,46.6233
2025-05-30 20:00:00,50.4004
2025-05-30 21:00:00,46.792
2025-05-30 22:00:00,38.1412
2025-05-30 23:00:00,31.3899
2025-05-31 00:00:00,17.9577
2025-05-31 01:00:00,15.6561
2025-05-31 02:00:00,13.9025
2025-05-31 03:00:00,12.9671
2025-05-31 04:00:00,13.4606
2025-05-31 05:00:00,14.5363
2025-05-31 06:00:00,9.0262
2025-05-31 07:00:00,-13.5416
2025-05-31 08:00:00,-34.4337
2025-05-31 09:00:00,-50.9417
2025-05-31 10:00:00,-62.5241
2025-05-31 11:00:00,-73.3313
2025-05-31 12:00:00,-81.2383
2025-05-31 13:00:00,-77.6305
2025-05-31 14:00:00,-41.4536
2025-05-31 15:00:00,-24.9585
2025-05-31 16:00:00,-3.8972
2025-05-31 17:00:00,15.7521
2025-05-31 18:00:00,30.2194
2025-05-31 19:00:00,39.6746
2025-05-31 20:00:00,43.3501
2025-05-31 21:00:00,40.0762
2025-05-31 22:00:00,32.7494
2025-05-31 23:00:00,26.6848
2025-06-01 00:00:00,19.4316
2025-06-01 01:00:00,16.9381
2025-06-01 02:00:00,15.1573
2025-06-01 03:00:00,14.1101
2025-06-01 04:00:00,14.3808
2025-06-01 05:00:00,15.7903
2025-06-01 06:00:00,9.8948
2025-06-01 07:00:00,-12.2626
2025-06-01 08:00:00,-30.4882
2025-06-01 09:00:00,-51.2536
2025-06-01 10:00:00,-62.6258
2025-06-01 11:00:00,-71.1659
2025-06-01 12:00:00,-76.2244
2025-06-01 13:00:00,-73.7494
2025-06-01 14:00:00,-65.6032
2025-06-01 15:00:00,-48.5096
2025-06-01 16:00:00,-14.9594
2025-06-01 17:00:00,13.4581
2025-06-01 18:00:00,32.9998
2025-06-01 19:00:00,42.9068
2025-06-01 20:00:00,47.6835
2025-06-01 21:00:00,43.8102
2025-06-01 22:00:00,35.6987
2025-06-01 23:00:00,29.4328
2025-06-02 00:00:00,22.6171
2025-06-02 01:00:00,20.26
2025-06-02 02:00:00,17.3468
2025-06-02 03:00:00,16.5855
2025-06-02 04:00:00,17.7411
2025-06-02 05:00:00,19.2537
2025-06-02 06:00:00,13.6668
2025-06-02 07:00:00,-9.6229
2025-06-02 08:00:00,-33.2726
2025-06-02 09:00:00,-46.91
2025-06-02 10:00:00,-53.411
2025-06-02 11:00:00,-61.5858
2025-06-02 12:00:00,-70.7436
2025-06-02 13:00:00,-73.2856
2025-06-02 14:00:00,-64.0759
2025-06-02 15:00:00,-44.7868
2025-06-02 16:00:00,-15.1127
2025-06-02 17:00:00,17.8282
2025-06-02 18:00:00,37.9487
2025-06-02 19:00:00,48.9727
2025-06-02 20:00:00,55.627
2025-06-02 21:00:00,51.2586
2025-06-02 22:00:00,41.3116
2025-06-02 23:00:00,33.623
2025-06-03 00:00:00,22.8872
2025-06-03 01:00:00,19.626
2025-06-03 02:00:00,17.8843
2025-06-03 03:00:00,16.5575
2025-06-03 04:00:00,18.1246
2025-06-03 05:00:00,18.4406
2025-06-03 06:00:00,13.6864
2025-06-03 07:00:00,-10.0819
2025-06-03 08:00:00,-32.721
2025-06-03 09:00:00,-46.427
2025-06-03 10:00:00,-54.1452
2025-06-03 11:00:00,-63.4086
2025-06-03 12:00:00,-69.6515
2025-06-03 13:00:00,-70.3547
2025-06-03 14:00:00,-58.9055
2025-06-03 15:00:00,-42.0414
2025-06-03 16:00:00,-12.711
2025-06-03 17:00:00,17.0786
2025-06-03 18:00:00,37.4388
2025-06-03 19:00:00,50.9331
2025-06-03 20:00:00,54.6364
2025-06-03 21:00:00,50.6208
2025-06-03 22:00:00,41.9006
2025-06-03 23:00:00,33.7337
2025-06-04 00:00:00,22.487
2025-06-04 01:00:00,20.6805
2025-06-04 02:00:00,17.9048
2025-06-04 03:00:00,16.2527
2025-06-04 04:00:00,17.3408
2025-06-04 05:00:00,18.6527
2025-06-04 06:00:00,14.1175
2025-06-04 07:00:00,-9.0382
2025-06-04 08:00:00,-32.0076
2025-06-04 09:00:00,-46.0314
2025-06-04 10:00:00,-55.7436
2025-06-04 11:00:00,-64.0222
2025-06-04 12:00:00,-72.3801
2025-06-04 13:00:00,-72.8214
2025-06-04 14:00:00,-62.9959
2025-06-04 15:00:00,-42.9746
2025-06-04 16:00:00,-13.6854
2025-06-04 17:00:00,17.7234
2025-06-04 18:00:00,38.4836
2025-06-04 19:00:00,51.6682
2025-06-04 20:00:00,54.4851
2025-06-04 21:00:00,51.2199
2025-06-04 22:00:00,41.4614
2025-06-04 23:00:00,33.0315
2025-06-05 00:00:00,22.6633
2025-06-05 01:00:00,19.954
2025-06-05 02:00:00,17.4806
2025-06-05 03:00:00,16.9044
2025-06-05 04:00:00,17.7161
2025-06-05 05:00:00,18.1962
2025-06-05 06:00:00,11.6973
2025-06-05 07:00:00,-2.0065
2025-06-05 08:00:00,-11.1355
2025-06-05 09:00:00,-17.4704
2025-06-05 10:00:00,-15.5742
2025-06-05 11:00:00,-29.3641
2025-06-05 12:00:00,-39.0727
2025-06-05 13:00:00,-41.887
2025-06-05 14:00:00,-47.0398
2025-06-05 15:00:00,-20.2497
2025-06-05 16:00:00,1.7882
2025-06-05 17:00:00,25.7294
2025-06-05 18:00:00,40.0032
2025-06-05 19:00:00,51.3598
2025-06-05 20:00:00,54.0631
2025-06-05 21:00:00,51.431
2025-06-05 22:00:00,42.3655
2025-06-05 23:00:00,33.4524
2025-06-06 00:00:00,22.5452
2025-06-06 01:00:00,20.3091
2025-06-06 02:00:00,17.5406
2025-06-06 03:00:00,16.7314
2025-06-06 04:00:00,17.9946
2025-06-06 05:00:00,19.1992
2025-06-06 06:00:00,19.0001
2025-06-06 07:00:00,16.5644
2025-06-06 08:00:00,2.738
2025-06-06 09:00:00,0.7589
2025-06-06 10:00:00,-17.7301
2025-06-06 11:00:00,-22.5604
2025-06-06 12:00:00,-28.3521
2025-06-06 13:00:00,-11.1337
2025-06-06 14:00:00,1.9045
2025-06-06 15:00:00,-4.8714
2025-06-06 16:00:00,5.0406
2025-06-06 17:00:00,21.0254
2025-06-06 18:00:00,37.7802
2025-06-06 19:00:00,50.1233
2025-06-06 20:00:00,54.2654
2025-06-06 21:00:00,51.7344
2025-06-06 22:00:00,41.4117
2025-06-06 23:00:00,33.5558
2025-06-07 00:00:00,19.2583
2025-06-07 01:00:00,17.2495
2025-06-07 02:00:00,15.0048
2025-06-07 03:00:00,14.3373
2025-06-07 04:00:00,15.4329
2025-06-07 05:00:00,15.9592
2025-06-07 06:00:00,9.3701
2025-06-07 07:00:00,-3.5704
2025-06-07 08:00:00,-20.9353
2025-06-07 09:00:00,-41.4058
2025-06-07 10:00:00,-59.7903
2025-06-07 11:00:00,-69.2735
2025-06-07 12:00:00,-63.7318
2025-06-07 13:00:00,-68.0163
2025-06-07 14:00:00,-46.55
2025-06-07 15:00:00,-22.5335
2025-06-07 16:00:00,-8.7167
2025-06-07 17:00:00,12.2217
2025-06-07 18:00:00,31.7261
2025-06-07 19:00:00,42.9805
2025-06-07 20:00:00,46.8437
2025-06-07 21:00:00,42.547
2025-06-07 22:00:00,34.9063
2025-06-07 23:00:00,28.5139
2025-06-08 00:00:00,19.3919
2025-06-08 01:00:00,17.6842
2025-06-08 02:00:00,15.2343
2025-06-08 03:00:00,14.7176
2025-06-08 04:00:00,14.9701
2025-06-08 05:00:00,15.9138
2025-06-08 06:00:00,10.8638
2025-06-08 07:00:00,-12.2842
2025-06-08 08:00:00,-37.2087
2025-06-08 09:00:00,-54.3391
2025-06-08 10:00:00,-64.033
2025-06-08 11:00:00,-73.195
2025-06-08 12:00:00,-79.6194
2025-06-08 13:00:00,-80.8477
2025-06-08 14:00:00,-70.5335
2025-06-08 15:00:00,-48.5187
2025-06-08 16:00:00,-19.5164
2025-06-08 17:00:00,11.3305
2025-06-08 18:00:00,31.2062
2025-06-08 19:00:00,43.1213
2025-06-08 20:00:00,46.3692
2025-06-08 21:00:00,42.2588
2025-06-08 22:00:00,36.6123
2025-06-08 23:00:00,28.3938
2025-06-09 00:00:00,23.2798
2025-06-09 01:00:00,19.8599
2025-06-09 02:00:00,17.767
2025-06-09 03:00:00,16.4086
2025-06-09 04:00:00,17.913
2025-06-09 05:00:00,20.0871
2025-06-09 06:00:00,22.5052
2025-06-09 07:00:00,18.3721
2025-06-09 08:00:00,13.3756
2025-06-09 09:00:00,24.3143
2025-06-09 10:00:00,36.7023
2025-06-09 11:00:00,35.6617
2025-06-09 12:00:00,30.4589
2025-06-09 13:00:00,18.5527
2025-06-09 14:00:00,24.1347
2025-06-09 15:00:00,25.0792
2025-06-09 16:00:00,27.7352
2025-06-09 17:00:00,32.1658
2025-06-09 18:00:00,41.258
2025-06-09 19:00:00,50.7693
2025-06-09 20:00:00,54.7234
2025-06-09 21:00:00,52.254
2025-06-09 22:00:00,43.5567
2025-06-09 23:00:00,33.7523
2025-06-10 00:00:00,23.0722
2025-06-10 01:00:00,19.8226
2025-06-10 02:00:00,17.7664
2025-06-10 03:00:00,17.0256
2025-06-10 04:00:00,17.6996
2025-06-10 05:00:00,19.5085
2025-06-10 06:00:00,14.254
2025-06-10 07:00:00,-7.3034
2025-06-10 08:00:00,-27.7092
2025-06-10 09:00:00,-44.9773
2025-06-10 10:00:00,-46.1647
2025-06-10 11:00:00,-52.4582
2025-06-10 12:00:00,-66.232
2025-06-10 13:00:00,-67.1859
2025-06-10 14:00:00,-54.6785
2025-06-10 15:00:00,-29.1437
2025-06-10 16:00:00,-7.6463
2025-06-10 17:00:00,16.7196
2025-06-10 18:00:00,36.7124
2025-06-10 19:00:00,50.4629
2025-06-10 20:00:00,55.6531
2025-06-10 21:00:00,52.0576
2025-06-10 22:00:00,42.3784
2025-06-10 23:00:00,33.4556
2025-06-11 00:00:00,23.0018
2025-06-11 01:00:00,20.0552
2025-06-11 02:00:00,17.7351
2025-06-11 03:00:00,17.1984
2025-06-11 04:00:00,18.1196
2025-06-11 05:00:00,18.6343
2025-06-11 06:00:00,13.238
2025-06-11 07:00:00,-8.7716
2025-06-11 08:00:00,-31.0071
2025-06-11 09:00:00,-44.4267
2025-06-11 10:00:00,-54.6079
2025-06-11 11:00:00,-63.8399
2025-06-11 12:00:00,-69.1405
2025-06-11 13:00:00,-74.5596
2025-06-11 14:00:00,-65.0809
2025-06-11 15:00:00,-44.7284
2025-06-11 16:00:00,-16.6499
2025-06-11 17:00:00,17.921
2025-06-11 18:00:00,39.1107
2025-06-11 19:00:00,50.6768
2025-06-11 20:00:00,52.6372
2025-06-11 21:00:00,50.9879
2025-06-11 22:00:00,41.1816
2025-06-11 23:00:00,34.4298
2025-06-12 00:00:00,22.7446
2025-06-12 01:00:00,20.1949
2025-06-12 02:00:00,17.7348
2025-06-12 03:00:00,16.7766
2025-06-12 04:00:00,17.8668
2025-06-12 05:00:00,18.868
2025-06-12 06:00:00,14.3613
2025-06-12 07:00:00,-8.5604
2025-06-12 08:00:00,-32.8746
2025-06-12 09:00:00,-47.0723
2025-06-12 10:00:00,-56.1314
2025-06-12 11:00:00,-63.7494
2025-06-12 12:00:00,-73.2974
2025-06-12 13:00:00,-74.531
2025-06-12 14:00:00,-66.8364
2025-06-12 15:00:00,-45.9963
2025-06-12 16:00:00,-16.4797
2025-06-12 17:00:00,16.1921
2025-06-12 18:00:00,37.5189
2025-06-12 19:00:00,52.1572
2025-06-12 20:00:00,56.2187
2025-06-12 21:00:00,51.462
2025-06-12 22:00:00,41.4437
2025-06-12 23:00:00,33.2917
2025-06-13 00:00:00,22.3662
2025-06-13 01:00:00,20.0462
2025-06-13 02:00:00,17.6943
2025-06-13 03:00:00,16.9183
2025-06-13 04:00:00,17.6239
2025-06-13 05:00:00,18.817
2025-06-13 06:00:00,14.4166
2025-06-13 07:00:00,-9.6826
2025-06-13 08:00:00,-33.7446
2025-06-13 09:00:00,-49.6752
2025-06-13 10:00:00,-58.6706
2025-06-13 11:00:00,-67.8146
2025-06-13 12:00:00,-75.7535
2025-06-13 13:00:00,-75.1713
2025-06-13 14:00:00,-59.7661
2025-06-13 15:00:00,-37.0902
2025-06-13 16:00:00,-14.3499
2025-06-13 17:00:00,16.7261
2025-06-13 18:00:00,37.721
2025-06-13 19:00:00,50.0603
2025-06-13 20:00:00,55.0386
2025-06-13 21:00:00,50.9546
2025-06-13 22:00:00,41.145
2025-06-13 23:00:00,33.5969
2025-06-14 00:00:00,19.0102
2025-06-14 01:00:00,17.5998
2025-06-14 02:00:00,15.403
2025-06-14 03:00:00,13.9454
2025-06-14 04:00:00,15.3155
2025-06-14 05:00:00,15.4941
2025-06-14 06:00:00,11.0022
2025-06-14 07:00:00,-11.0157
2025-06-14 08:00:00,-33.0567
2025-06-14 09:00:00,-48.8815
2025-06-14 10:00:00,-59.8476
2025-06-14 11:00:00,-69.1566
2025-06-14 12:00:00,-77.4903
2025-06-14 13:00:00,-76.792
2025-06-14 14:00:00,-65.37
2025-06-14 15:00:00,-43.8122
2025-06-14 16:00:00,-16.3528
2025-06-14 17:00:00,14.7347
2025-06-14 18:00:00,32.8114
2025-06-14 19:00:00,43.1131
2025-06-14 20:00:00,46.2557
2025-06-14 21:00:00,42.7116
2025-06-14 22:00:00,35.4776
2025-06-14 23:00:00,28.9328
2025-06-15 00:00:00,19.3801
2025-06-15 01:00:00,17.0434
2025-06-15 02:00:00,15.3283
2025-06-15 03:00:00,14.7492
2025-06-15 04:00:00,15.215
2025-06-15 05:00:00,15.5087
2025-06-15 06:00:00,10.6998
2025-06-15 07:00:00,-11.9927
2025-06-15 08:00:00,-36.4093
2025-06-15 09:00:00,-52.426
2025-06-15 10:00:00,-61.6413
2025-06-15 11:00:00,-67.93
2025-06-15 12:00:00,-75.8266
2025-06-15 13:00:00,-76.9627
2025-06-15 14:00:00,-58.5265
2025-06-15 15:00:00,-29.7666
2025-06-15 16:00:00,-12.2853
2025-06-15 17:00:00,13.7739
2025-06-15 18:00:00,31.9394
2025-06-15 19:00:00,43.2239
2025-06-15 20:00:00,46.2301
2025-06-15 21:00:00,43.6515
2025-06-15 22:00:00,35.4336
2025-06-15 23:00:00,28.5827
2025-06-16 00:00:00,23.0665
2025-06-16 01:00:00,20.4246
2025-06-16 02:00:00,17.1379
2025-06-16 03:00:00,17.3049
2025-06-16 04:00:00,17.5213
2025-06-16 05:00:00,18.9926
2025-06-16 06:00:00,14.8075
2025-06-16 07:00:00,-7.5298
2025-06-16 08:00:00,-29.6596
2025-06-16 09:00:00,-44.8797
2025-06-16 10:00:00,-53.7397
2025-06-16 11:00:00,-63.2607
2025-06-16 12:00:00,-69.0144
2025-06-16 13:00:00,-64.0036
2025-06-16 14:00:00,-49.9171
2025-06-16 15:00:00,-21.9155
2025-06-16 16:00:00,-5.2923
2025-06-16 17:00:00,19.1012
2025-06-16 18:00:00,38.8671
2025-06-16 19:00:00,49.8718
2025-06-16 20:00:00,54.2045
2025-06-16 21:00:00,51.0111
2025-06-16 22:00:00,43.2007
2025-06-16 23:00:00,33.9202
2025-06-17 00:00:00,22.4191
2025-06-17 01:00:00,20.452
2025-06-17 02:00:00,17.7025
2025-06-17 03:00:00,16.6395
2025-06-17 04:00:00,17.6661
2025-06-17 05:00:00,18.6886
2025-06-17 06:00:00,12.6626
2025-06-17 07:00:00,-6.2935
2025-06-17 08:00:00,-25.1312
2025-06-17 09:00:00,-38.5333
2025-06-17 10:00:00,-37.5394
2025-06-17 11:00:00,-46.6281
2025-06-17 12:00:00,-59.4931
2025-06-17 13:00:00,-50.5588
2025-06-17 14:00:00,-36.0048
2025-06-17 15:00:00,-25.4646
2025-06-17 16:00:00,-5.0283
2025-06-17 17:00:00,18.2973
2025-06-17 18:00:00,37.4027
2025-06-17 19:00:00,49.6451
2025-06-17 20:00:00,55.1477
2025-06-17 21:00:00,50.0512
2025-06-17 22:00:00,42.8015
2025-06-17 23:00:00,34.2381
2025-06-18 00:00:00,23.0652
2025-06-18 01:00:00,20.1962
2025-06-18 02:00:00,17.7164
2025-06-18 03:00:00,16.5818
2025-06-18 04:00:00,17.6332
2025-06-18 05:00:00,18.902
2025-06-18 06:00:00,14.5305
2025-06-18 07:00:00,2.109
2025-06-18 08:00:00,-13.4008
2025-06-18 09:00:00,-27.7303
2025-06-18 10:00:00,-32.1541
2025-06-18 11:00:00,-52.0983
2025-06-18 12:00:00,-55.1969
2025-06-18 13:00:00,-65.47
2025-06-18 14:00:00,-60.3532
2025-06-18 15:00:00,-39.3661
2025-06-18 16:00:00,-5.8364
2025-06-18 17:00:00,20.2425
2025-06-18 18:00:00,38.2965
2025-06-18 19:00:00,52.1309
2025-06-18 20:00:00,55.0451
2025-06-18 21:00:00,50.7233
2025-06-18 22:00:00,41.4632
2025-06-18 23:00:00,33.6378
2025-06-19 00:00:00,23.3099
2025-06-19 01:00:00,20.3106
2025-06-19 02:00:00,17.7009
2025-06-19 03:00:00,16.3031
2025-06-19 04:00:00,18.0162
2025-06-19 05:00:00,18.9387
2025-06-19 06:00:00,14.9013
2025-06-19 07:00:00,-4.8191
2025-06-19 08:00:00,-27.7412
2025-06-19 09:00:00,-41.5665
2025-06-19 10:00:00,-49.7648
2025-06-19 11:00:00,-54.2447
2025-06-19 12:00:00,-54.8197
2025-06-19 13:00:00,-66.5149
2025-06-19 14:00:00,-58.5946
2025-06-19 15:00:00,-39.2094
2025-06-19 16:00:00,-13.7348
2025-06-19 17:00:00,16.3474
2025-06-19 18:00:00,39.1366
2025-06-19 19:00:00,50.7599
2025-06-19 20:00:00,54.349
2025-06-19 21:00:00,48.8386
2025-06-19 22:00:00,41.842
2025-06-19 23:00:00,33.8732
2025-06-20 00:00:00,22.9582
2025-06-20 01:00:00,20.1882
2025-06-20 02:00:00,17.5969
2025-06-20 03:00:00,16.6849
2025-06-20 04:00:00,17.794
2025-06-20 05:00:00,18.4907
2025-06-20 06:00:00,12.0218
2025-06-20 07:00:00,-3.7094
2025-06-20 08:00:00,-23.4347
2025-06-20 09:00:00,-38.534
2025-06-20 10:00:00,-44.7196
2025-06-20 11:00:00,-57.2075
2025-06-20 12:00:00,-67.056
2025-06-20 13:00:00,-69.4321
2025-06-20 14:00:00,-62.4273
2025-06-20 15:00:00,-42.0364
2025-06-20 16:00:00,-11.5907
2025-06-20 17:00:00,20.0339
2025-06-20 18:00:00,39.0404
2025-06-20 19:00:00,51.4165
2025-06-20 20:00:00,52.8048
2025-06-20 21:00:00,50.9034
2025-06-20 22:00:00,43.5667
2025-06-20 23:00:00,34.0085
2025-06-21 00:00:00,19.0356
2025-06-21 01:00:00,17.0923
2025-06-21 02:00:00,15.2359
2025-06-21 03:00:00,14.3503
2025-06-21 04:00:00,14.9667
2025-06-21 05:00:00,15.9185
2025-06-21 06:00:00,10.203
2025-06-21 07:00:00,-7.0166
2025-06-21 08:00:00,-27.449
2025-06-21 09:00:00,-40.6351
2025-06-21 10:00:00,-51.1169
2025-06-21 11:00:00,-60.4378
2025-06-21 12:00:00,-67.6526
2025-06-21 13:00:00,-62.6508
2025-06-21 14:00:00,-44.9477
2025-06-21 15:00:00,-27.827
2025-06-21 16:00:00,-7.4181
2025-06-21 17:00:00,14.0821
2025-06-21 18:00:00,31.6124
2025-06-21 19:00:00,42.4788
2025-06-21 20:00:00,45.6211
2025-06-21 21:00:00,42.9247
2025-06-21 22:00:00,35.7031
2025-06-21 23:00:00,28.7022
2025-06-22 00:00:00,19.3216
2025-06-22 01:00:00,17.4048
2025-06-22 02:00:00,15.2605
2025-06-22 03:00:00,14.4028
2025-06-22 04:00:00,15.0166
2025-06-22 05:00:00,15.2757
2025-06-22 06:00:00,11.4792
2025-06-22 07:00:00,-9.857
2025-06-22 08:00:00,-31.933
2025-06-22 09:00:00,-47.2372
2025-06-22 10:00:00,-55.8488
2025-06-22 11:00:00,-64.8641
2025-06-22 12:00:00,-72.1036
2025-06-22 13:00:00,-73.8496
2025-06-22 14:00:00,-66.222
2025-06-22 15:00:00,-46.8248
2025-06-22 16:00:00,-20.448
2025-06-22 17:00:00,11.8443
2025-06-22 18:00:00,32.5333
2025-06-22 19:00:00,43.6105
2025-06-22 20:00:00,45.8373
2025-06-22 21:00:00,43.4722
2025-06-22 22:00:00,36.0285
2025-06-22 23:00:00,28.3185
2025-06-23 00:00:00,22.608
2025-06-23 01:00:00,20.1835
2025-06-23 02:00:00,17.6665
2025-06-23 03:00:00,16.5382
2025-06-23 04:00:00,17.6261
2025-06-23 05:00:00,19.0788
2025-06-23 06:00:00,15.3099
2025-06-23 07:00:00,-6.2675
2025-06-23 08:00:00,-28.5048
2025-06-23 09:00:00,-41.6964
2025-06-23 10:00:00,-50.6958
2025-06-23 11:00:00,-59.5072
2025-06-23 12:00:00,-67.6511
2025-06-23 13:00:00,-71.2025
2025-06-23 14:00:00,-61.2835
2025-06-23 15:00:00,-42.6497
2025-06-23 16:00:00,-16.5289
2025-06-23 17:00:00,16.0829
2025-06-23 18:00:00,37.8874
2025-06-23 19:00:00,52.7259
2025-06-23 20:00:00,55.4501
2025-06-23 21:00:00,51.1716
2025-06-23 22:00:00,41.3713
2025-06-23 23:00:00,34.2329
2025-06-24 00:00:00,22.6633
2025-06-24 01:00:00,19.8795
2025-06-24 02:00:00,17.7236
2025-06-24 03:00:00,17.0266
2025-06-24 04:00:00,17.5316
2025-06-24 05:00:00,19.214
2025-06-24 06:00:00,15.5454
2025-06-24 07:00:00,-6.5821
2025-06-24 08:00:00,-28.8694
2025-06-24 09:00:00,-43.3627
2025-06-24 10:00:00,-51.6965
2025-06-24 11:00:00,-61.1716
2025-06-24 12:00:00,-71.221
2025-06-24 13:00:00,-72.9726
2025-06-24 14:00:00,-63.1612
2025-06-24 15:00:00,-44.0205
2025-06-24 16:00:00,-16.7728
2025-06-24 17:00:00,16.0175
2025-06-24 18:00:00,37.6603
2025-06-24 19:00:00,50.4817
2025-06-24 20:00:00,53.7635
2025-06-24 21:00:00,51.3532
2025-06-24 22:00:00,41.7883
2025-06-24 23:00:00,34.7669
2025-06-25 00:00:00,22.8877
2025-06-25 01:00:00,20.651
2025-06-25 02:00:00,17.6597
2025-06-25 03:00:00,16.4868
2025-06-25 04:00:00,17.8334
2025-06-25 05:00:00,18.6183
2025-06-25 06:00:00,11.9296
2025-06-25 07:00:00,0.6205
2025-06-25 08:00:00,-20.2292
2025-06-25 09:00:00,-29.736
2025-06-25 10:00:00,-46.2022
2025-06-25 11:00:00,-51.4782
2025-06-25 12:00:00,-50.7383
2025-06-25 13:00:00,-46.2384
2025-06-25 14:00:00,-29.1821
2025-06-25 15:00:00,-13.8673
2025-06-25 16:00:00,12.3563
2025-06-25 17:00:00,27.6089
2025-06-25 18:00:00,40.7466
2025-06-25 19:00:00,50.3267
2025-06-25 20:00:00,55.1199
2025-06-25 21:00:00,50.5456
2025-06-25 22:00:00,42.1977
2025-06-25 23:00:00,34.6142
2025-06-26 00:00:00,22.219
2025-06-26 01:00:00,19.5814
2025-06-26 02:00:00,17.7038
2025-06-26 03:00:00,16.9782
2025-06-26 04:00:00,17.9192
2025-06-26 05:00:00,19.9247
2025-06-26 06:00:00,23.3163
2025-06-26 07:00:00,26.3272
2025-06-26 08:00:00,21.0588
2025-06-26 09:00:00,7.9549
2025-06-26 10:00:00,1.4287
2025-06-26 11:00:00,13.8489
2025-06-26 12:00:00,-8.4965
2025-06-26 13:00:00,-22.4869
2025-06-26 14:00:00,4.457
2025-06-26 15:00:00,1.1607
2025-06-26 16:00:00,6.2537
2025-06-26 17:00:00,18.2104
2025-06-26 18:00:00,37.9652
2025-06-26 19:00:00,50.6347
2025-06-26 20:00:00,53.5471
2025-06-26 21:00:00,51.0429
2025-06-26 22:00:00,41.1726
2025-06-26 23:00:00,32.8112
2025-06-27 00:00:00,23.128
2025-06-27 01:00:00,20.189
2025-06-27 02:00:00,18.1023
2025-06-27 03:00:00,16.8851
2025-06-27 04:00:00,17.7879
2025-06-27 05:00:00,18.773
2025-06-27 06:00:00,13.5267
2025-06-27 07:00:00,2.3048
2025-06-27 08:00:00,-7.3155
2025-06-27 09:00:00,-16.8012
2025-06-27 10:00:00,-33.2812
2025-06-27 11:00:00,-40.8319
2025-06-27 12:00:00,-48.9557
2025-06-27 13:00:00,-43.0241
2025-06-27 14:00:00,-7.0288
2025-06-27 15:00:00,-4.6197
2025-06-27 16:00:00,4.3866
2025-06-27 17:00:00,20.7773
2025-06-27 18:00:00,37.7119
2025-06-27 19:00:00,51.2919
2025-06-27 20:00:00,56.2402
2025-06-27 21:00:00,51.8592
2025-06-27 22:00:00,41.4396
2025-06-27 23:00:00,33.8563
2025-06-28 00:00:00,19.4615
2025-06-28 01:00:00,16.7579
2025-06-28 02:00:00,15.2295
2025-06-28 03:00:00,13.5843
2025-06-28 04:00:00,14.9772
2025-06-28 05:00:00,16.3083
2025-06-28 06:00:00,11.6568
2025-06-28 07:00:00,-8.8675
2025-06-28 08:00:00,-33.4203
2025-06-28 09:00:00,-47.5832
2025-06-28 10:00:00,-56.6496
2025-06-28 11:00:00,-65.2577
2025-06-28 12:00:00,-69.3821
2025-06-28 13:00:00,-69.5308
2025-06-28 14:00:00,-51.2424
2025-06-28 15:00:00,-39.5032
2025-06-28 16:00:00,-16.8107
2025-06-28 17:00:00,11.8955
2025-06-28 18:00:00,31.8065
2025-06-28 19:00:00,42.4232
2025-06-28 20:00:00,46.2305
2025-06-28 21:00:00,43.0119
2025-06-28 22:00:00,34.8756
2025-06-28 23:00:00,29.7267
2025-06-29 00:00:00,19.5112
2025-06-29 01:00:00,17.4196
2025-06-29 02:00:00,15.3561
2025-06-29 03:00:00,13.8686
2025-06-29 04:00:00,14.7734
2025-06-29 05:00:00,16.0997
2025-06-29 06:00:00,12.1899
2025-06-29 07:00:00,-8.7404
2025-06-29 08:00:00,-31.7185
2025-06-29 09:00:00,-48.2548
2025-06-29 10:00:00,-57.848
2025-06-29 11:00:00,-63.8525
2025-06-29 12:00:00,-71.1584
2025-06-29 13:00:00,-66.8769
2025-06-29 14:00:00,-48.8689
2025-06-29 15:00:00,-41.3427
2025-06-29 16:00:00,-16.4045
2025-06-29 17:00:00,12.9246
2025-06-29 18:00:00,31.927
2025-06-29 19:00:00,44.0659
2025-06-29 20:00:00,45.7568
2025-06-29 21:00:00,42.3851
2025-06-29 22:00:00,35.7693
2025-06-29 23:00:00,29.047
2025-06-30 00:00:00,22.7716
2025-06-30 01:00:00,19.7541
2025-06-30 02:00:00,18.1589
2025-06-30 03:00:00,16.6736
2025-06-30 04:00:00,17.8982
2025-06-30 05:00:00,19.1937
2025-06-30 06:00:00,13.994
2025-06-30 07:00:00,-1.4342
2025-06-30 08:00:00,-13.1272
2025-06-30 09:00:00,-23.002
2025-06-30 10:00:00,-14.2371
2025-06-30 11:00:00,-13.1967
2025-06-30 12:00:00,-24.363
2025-06-30 13:00:00,-52.1121
2025-06-30 14:00:00,-46.396
2025-06-30 15:00:00,-21.9208
2025-06-30 16:00:00,-5.6154
2025-06-30 17:00:00,21.5716
2025-06-30 18:00:00,39.1181
2025-06-30 19:00:00,49.1941
2025-06-30 20:00:00,55.5069
2025-06-30 21:00:00,50.9724
2025-06-30 22:00:00,41.2604
2025-06-30 23:00:00,34.9879
2025-07-01 00:00:00,25.0518
2025-07-01 01:00:00,21.9723
2025-07-01 02:00:00,19.248
2025-07-01 03:00:00,18.5617
2025-07-01 04:00:00,19.7584
2025-07-01 05:00:00,21.2365
2025-07-01 06:00:00,21.4835
2025-07-01 07:00:00,17.2453
2025-07-01 08:00:00,9.6359
2025-07-01 09:00:00,-4.5313
2025-07-01 10:00:00,-16.296
2025-07-01 11:00:00,-34.0434
2025-07-01 12:00:00,-41.1613
2025-07-01 13:00:00,-54.0734
2025-07-01 14:00:00,-49.6793
2025-07-01 15:00:00,-31.4103
2025-07-01 16:00:00,-5.7209
2025-07-01 17:00:00,22.4222
2025-07-01 18:00:00,42.4542
2025-07-01 19:00:00,55.7872
2025-07-01 20:00:00,59.6632
2025-07-01 21:00:00,55.8118
2025-07-01 22:00:00,45.8498
2025-07-01 23:00:00,36.2349
2025-07-02 00:00:00,25.7978
2025-07-02 01:00:00,21.6102
2025-07-02 02:00:00,19.715
2025-07-02 03:00:00,18.6263
2025-07-02 04:00:00,19.2454
2025-07-02 05:00:00,21.382
2025-07-02 06:00:00,17.0237
2025-07-02 07:00:00,-0.2075
2025-07-02 08:00:00,-19.9489
2025-07-02 09:00:00,-31.5724
2025-07-02 10:00:00,-42.7422
2025-07-02 11:00:00,-47.9131
2025-07-02 12:00:00,-45.9115
2025-07-02 13:00:00,-55.8383
2025-07-02 14:00:00,-39.3129
2025-07-02 15:00:00,-29.9527
2025-07-02 16:00:00,-4.3667
2025-07-02 17:00:00,21.7503
2025-07-02 18:00:00,44.1471
2025-07-02 19:00:00,57.7039
2025-07-02 20:00:00,60.5715
2025-07-02 21:00:00,55.0797
2025-07-02 22:00:00,44.5555
2025-07-02 23:00:00,36.9291
2025-07-03 00:00:00,25.5828
2025-07-03 01:00:00,22.5325
2025-07-03 02:00:00,19.7172
2025-07-03 03:00:00,18.1667
2025-07-03 04:00:00,19.0881
2025-07-03 05:00:00,21.9025
2025-07-03 06:00:00,19.0478
2025-07-03 07:00:00,12.8017
2025-07-03 08:00:00,9.7724
2025-07-03 09:00:00,3.9568
2025-07-03 10:00:00,1.0712
2025-07-03 11:00:00,12.152
2025-07-03 12:00:00,-6.7328
2025-07-03 13:00:00,-4.8019
2025-07-03 14:00:00,-17.0792
2025-07-03 15:00:00,8.6799
2025-07-03 16:00:00,15.2827
2025-07-03 17:00:00,26.797
2025-07-03 18:00:00,43.4915
2025-07-03 19:00:00,56.5243
2025-07-03 20:00:00,60.2504
2025-07-03 21:00:00,56.2738
2025-07-03 22:00:00,45.6304
2025-07-03 23:00:00,38.082
2025-07-04 00:00:00,25.1794
2025-07-04 01:00:00,22.1808
2025-07-04 02:00:00,19.3464
2025-07-04 03:00:00,18.0096
2025-07-04 04:00:00,19.1309
2025-07-04 05:00:00,21.8448
2025-07-04 06:00:00,20.7512
2025-07-04 07:00:00,21.5598
2025-07-04 08:00:00,5.4185
2025-07-04 09:00:00,10.2947
2025-07-04 10:00:00,7.0096
2025-07-04 11:00:00,14.1723
2025-07-04 12:00:00,16.2462
2025-07-04 13:00:00,-6.032
2025-07-04 14:00:00,-6.0792
2025-07-04 15:00:00,10.9501
2025-07-04 16:00:00,15.4729
2025-07-04 17:00:00,32.2298
2025-07-04 18:00:00,44.1918
2025-07-04 19:00:00,55.5413
2025-07-04 20:00:00,59.2164
2025-07-04 21:00:00,56.4715
2025-07-04 22:00:00,45.1781
2025-07-04 23:00:00,37.7915
2025-07-05 00:00:00,21.5041
2025-07-05 01:00:00,18.366
2025-07-05 02:00:00,16.182
2025-07-05 03:00:00,15.8728
2025-07-05 04:00:00,16.4233
2025-07-05 05:00:00,18.2662
2025-07-05 06:00:00,16.4624
2025-07-05 07:00:00,17.4791
2025-07-05 08:00:00,14.384
2025-07-05 09:00:00,4.0361
2025-07-05 10:00:00,8.1696
2025-07-05 11:00:00,12.5554
2025-07-05 12:00:00,13.0282
2025-07-05 13:00:00,15.7413
2025-07-05 14:00:00,-11.9858
2025-07-05 15:00:00,10.4494
2025-07-05 16:00:00,23.6646
2025-07-05 17:00:00,23.0497
2025-07-05 18:00:00,35.7217
2025-07-05 19:00:00,47.2078
2025-07-05 20:00:00,51.3435
2025-07-05 21:00:00,47.2726
2025-07-05 22:00:00,40.0639
2025-07-05 23:00:00,30.9827
2025-07-06 00:00:00,21.0663
2025-07-06 01:00:00,18.6313
2025-07-06 02:00:00,16.5869
2025-07-06 03:00:00,15.8883
2025-07-06 04:00:00,16.4998
2025-07-06 05:00:00,18.3392
2025-07-06 06:00:00,14.1403
2025-07-06 07:00:00,-7.7167
2025-07-06 08:00:00,-34.3105
2025-07-06 09:00:00,-47.1157
2025-07-06 10:00:00,-54.2322
2025-07-06 11:00:00,0.2705
2025-07-06 12:00:00,10.879
2025-07-06 13:00:00,22.0445
2025-07-06 14:00:00,13.9212
2025-07-06 15:00:00,12.6314
2025-07-06 16:00:00,18.9075
2025-07-06 17:00:00,27.0644
2025-07-06 18:00:00,37.7049
2025-07-06 19:00:00,48.4299
2025-07-06 20:00:00,50.5791
2025-07-06 21:00:00,46.727
2025-07-06 22:00:00,38.6673
2025-07-06 23:00:00,32.2048
2025-07-07 00:00:00,25.1381
2025-07-07 01:00:00,22.3279
2025-07-07 02:00:00,19.5171
2025-07-07 03:00:00,18.409
2025-07-07 04:00:00,19.5037
2025-07-07 05:00:00,22.0384
2025-07-07 06:00:00,22.568
2025-07-07 07:00:00,13.8817
2025-07-07 08:00:00,6.4774
2025-07-07 09:00:00,-10.6192
2025-07-07 10:00:00,-28.8106
2025-07-07 11:00:00,-38.8408
2025-07-07 12:00:00,-48.0686
2025-07-07 13:00:00,-65.7642
2025-07-07 14:00:00,-9.5593
2025-07-07 15:00:00,6.4062
2025-07-07 16:00:00,18.3507
2025-07-07 17:00:00,29.6652
2025-07-07 18:00:00,44.228
2025-07-07 19:00:00,56.4978
2025-07-07 20:00:00,59.9266
2025-07-07 21:00:00,54.5383
2025-07-07 22:00:00,46.8037
2025-07-07 23:00:00,37.1264
2025-07-08 00:00:00,24.5129
2025-07-08 01:00:00,22.0971
2025-07-08 02:00:00,19.56
2025-07-08 03:00:00,18.2849
2025-07-08 04:00:00,19.3272
2025-07-08 05:00:00,22.0789
2025-07-08 06:00:00,24.9649
2025-07-08 07:00:00,27.725
2025-07-08 08:00:00,31.9035
2025-07-08 09:00:00,41.8323
2025-07-08 10:00:00,51.2072
2025-07-08 11:00:00,48.9303
2025-07-08 12:00:00,40.6009
2025-07-08 13:00:00,28.243
2025-07-08 14:00:00,25.6955
2025-07-08 15:00:00,27.2235
2025-07-08 16:00:00,25.9136
2025-07-08 17:00:00,34.3623
2025-07-08 18:00:00,46.1063
2025-07-08 19:00:00,54.388
2025-07-08 20:00:00,61.1094
2025-07-08 21:00:00,56.3212
2025-07-08 22:00:00,46.436
2025-07-08 23:00:00,36.8378
2025-07-09 00:00:00,25.0724
2025-07-09 01:00:00,21.6948
2025-07-09 02:00:00,19.772
2025-07-09 03:00:00,18.2372
2025-07-09 04:00:00,19.4154
2025-07-09 05:00:00,20.9892
2025-07-09 06:00:00,17.5557
2025-07-09 07:00:00,6.4099
2025-07-09 08:00:00,0.8248
2025-07-09 09:00:00,-7.4823
2025-07-09 10:00:00,4.7506
2025-07-09 11:00:00,-6.3852
2025-07-09 12:00:00,4.0158
2025-07-09 13:00:00,-4.6351
2025-07-09 14:00:00,-32.5061
2025-07-09 15:00:00,-24.0475
2025-07-09 16:00:00,-0.0524
2025-07-09 17:00:00,19.9704
2025-07-09 18:00:00,41.4793
2025-07-09 19:00:00,55.6395
2025-07-09 20:00:00,61.3659
2025-07-09 21:00:00,57.1731
2025-07-09 22:00:00,44.969
2025-07-09 23:00:00,37.5467
2025-07-10 00:00:00,24.8295
2025-07-10 01:00:00,21.6585
2025-07-10 02:00:00,19.2377
2025-07-10 03:00:00,18.8195
2025-07-10 04:00:00,19.8788
2025-07-10 05:00:00,22.1064
2025-07-10 06:00:00,24.8758
2025-07-10 07:00:00,27.8591
2025-07-10 08:00:00,34.8622
2025-07-10 09:00:00,43.6511
2025-07-10 10:00:00,48.4294
2025-07-10 11:00:00,49.7314
2025-07-10 12:00:00,43.3493
2025-07-10 13:00:00,33.336
2025-07-10 14:00:00,25.5931
2025-07-10 15:00:00,20.4627
2025-07-10 16:00:00,26.3569
2025-07-10 17:00:00,35.357
2025-07-10 18:00:00,44.654
2025-07-10 19:00:00,55.5543
2025-07-10 20:00:00,59.8522
2025-07-10 21:00:00,55.1538
2025-07-10 22:00:00,46.8299
2025-07-10 23:00:00,37.6429
2025-07-11 00:00:00,24.9545
2025-07-11 01:00:00,23.0704
2025-07-11 02:00:00,19.2203
2025-07-11 03:00:00,18.0336
2025-07-11 04:00:00,19.4275
2025-07-11 05:00:00,21.0494
2025-07-11 06:00:00,15.5652
2025-07-11 07:00:00,-0.3556
2025-07-11 08:00:00,-20.0354
2025-07-11 09:00:00,-33.1919
2025-07-11 10:00:00,-36.1142
2025-07-11 11:00:00,-41.4749
2025-07-11 12:00:00,-47.5717
2025-07-11 13:00:00,-53.6019
2025-07-11 14:00:00,-37.1914
2025-07-11 15:00:00,-21.5606
2025-07-11 16:00:00,-2.7137
2025-07-11 17:00:00,19.7552
2025-07-11 18:00:00,42.1314
2025-07-11 19:00:00,56.2164
2025-07-11 20:00:00,58.9969
2025-07-11 21:00:00,55.5086
2025-07-11 22:00:00,47.503
2025-07-11 23:00:00,37.34
2025-07-12 00:00:00,21.2137
2025-07-12 01:00:00,18.2701
2025-07-12 02:00:00,16.1885
2025-07-12 03:00:00,15.3781
2025-07-12 04:00:00,16.5
2025-07-12 05:00:00,18.5207
2025-07-12 06:00:00,12.7568
2025-07-12 07:00:00,0.7227
2025-07-12 08:00:00,-13.6359
2025-07-12 09:00:00,-26.823
2025-07-12 10:00:00,-36.5955
2025-07-12 11:00:00,-34.8622
2025-07-12 12:00:00,-48.0146
2025-07-12 13:00:00,-54.0818
2025-07-12 14:00:00,-59.9905
2025-07-12 15:00:00,-37.3797
2025-07-12 16:00:00,-9.2453
2025-07-12 17:00:00,15.4069
2025-07-12 18:00:00,34.5038
2025-07-12 19:00:00,47.0929
2025-07-12 20:00:00,51.7705
2025-07-12 21:00:00,47.5425
2025-07-12 22:00:00,39.0986
2025-07-12 23:00:00,30.9757
2025-07-13 00:00:00,21.6804
2025-07-13 01:00:00,18.8273
2025-07-13 02:00:00,16.4247
2025-07-13 03:00:00,15.9402
2025-07-13 04:00:00,17.0627
2025-07-13 05:00:00,18.379
2025-07-13 06:00:00,14.513
2025-07-13 07:00:00,-3.6811
2025-07-13 08:00:00,-27.9983
2025-07-13 09:00:00,-44.0919
2025-07-13 10:00:00,-54.7857
2025-07-13 11:00:00,-65.6165
2025-07-13 12:00:00,-74.0972
2025-07-13 13:00:00,-74.7507
2025-07-13 14:00:00,-67.6234
2025-07-13 15:00:00,-46.762
2025-07-13 16:00:00,-19.6696
2025-07-13 17:00:00,13.1984
2025-07-13 18:00:00,35.4328
2025-07-13 19:00:00,46.6243
2025-07-13 20:00:00,51.2578
2025-07-13 21:00:00,47.311
2025-07-13 22:00:00,39.4648
2025-07-13 23:00:00,31.6772
2025-07-14 00:00:00,25.0833
2025-07-14 01:00:00,22.1098
2025-07-14 02:00:00,19.7837
2025-07-14 03:00:00,18.6824
2025-07-14 04:00:00,19.7476
2025-07-14 05:00:00,22.1812
2025-07-14 06:00:00,18.4483
2025-07-14 07:00:00,-1.0922
2025-07-14 08:00:00,-22.0043
2025-07-14 09:00:00,-36.304
2025-07-14 10:00:00,-46.0267
2025-07-14 11:00:00,-53.5484
2025-07-14 12:00:00,-56.3734
2025-07-14 13:00:00,-65.7596
2025-07-14 14:00:00,-58.4058
2025-07-14 15:00:00,-36.9815
2025-07-14 16:00:00,-11.227
2025-07-14 17:00:00,20.7887
2025-07-14 18:00:00,43.0872
2025-07-14 19:00:00,55.2528
2025-07-14 20:00:00,60.4593
2025-07-14 21:00:00,55.2203
2025-07-14 22:00:00,46.3493
2025-07-14 23:00:00,37.6365
2025-07-15 00:00:00,25.5726
2025-07-15 01:00:00,22.7909
2025-07-15 02:00:00,19.3125
2025-07-15 03:00:00,18.0021
2025-07-15 04:00:00,19.4754
2025-07-15 05:00:00,21.5035
2025-07-15 06:00:00,18.4256
2025-07-15 07:00:00,1.9124
2025-07-15 08:00:00,-12.8059
2025-07-15 09:00:00,-23.955
2025-07-15 10:00:00,-36.043
2025-07-15 11:00:00,-45.6909
2025-07-15 12:00:00,-54.2876
2025-07-15 13:00:00,-48.6196
2025-07-15 14:00:00,-35.7339
2025-07-15 15:00:00,-26.1554
2025-07-15 16:00:00,-4.7205
2025-07-15 17:00:00,24.2151
2025-07-15 18:00:00,43.0408
2025-07-15 19:00:00,56.0174
2025-07-15 20:00:00,58.759
2025-07-15 21:00:00,56.0737
2025-07-15 22:00:00,46.0196
2025-07-15 23:00:00,37.0473
2025-07-16 00:00:00,25.0159
2025-07-16 01:00:00,22.3603
2025-07-16 02:00:00,19.7034
2025-07-16 03:00:00,18.7976
2025-07-16 04:00:00,19.9412
2025-07-16 05:00:00,21.7077
2025-07-16 06:00:00,18.7751
2025-07-16 07:00:00,4.5519
2025-07-16 08:00:00,-5.5636
2025-07-16 09:00:00,-15.4594
2025-07-16 10:00:00,-16.8078
2025-07-16 11:00:00,-18.421
2025-07-16 12:00:00,-34.7649
2025-07-16 13:00:00,-36.2773
2025-07-16 14:00:00,7.8686
2025-07-16 15:00:00,3.0369
2025-07-16 16:00:00,20.216
2025-07-16 17:00:00,23.7174
2025-07-16 18:00:00,45.0575
2025-07-16 19:00:00,55.6879
2025-07-16 20:00:00,61.2071
2025-07-16 21:00:00,55.728
2025-07-16 22:00:00,46.4076
2025-07-16 23:00:00,37.1564
2025-07-17 00:00:00,25.3258
2025-07-17 01:00:00,22.5075
2025-07-17 02:00:00,19.2597
2025-07-17 03:00:00,18.4559
2025-07-17 04:00:00,18.7783
2025-07-17 05:00:00,21.1661
2025-07-17 06:00:00,19.8333
2025-07-17 07:00:00,13.6619
2025-07-17 08:00:00,8.3512
2025-07-17 09:00:00,10.8108
2025-07-17 10:00:00,4.6293
2025-07-17 11:00:00,-9.5298
2025-07-17 12:00:00,-16.014
2025-07-17 13:00:00,-13.8099
2025-07-17 14:00:00,-23.1182
2025-07-17 15:00:00,-26.7631
2025-07-17 16:00:00,-8.353
2025-07-17 17:00:00,23.9759
2025-07-17 18:00:00,42.9789
2025-07-17 19:00:00,54.2214
2025-07-17 20:00:00,60.319
2025-07-17 21:00:00,55.9451
2025-07-17 22:00:00,45.203
2025-07-17 23:00:00,37.6247
2025-07-18 00:00:00,25.4701
2025-07-18 01:00:00,21.8738
2025-07-18 02:00:00,19.5495
2025-07-18 03:00:00,18.7663
2025-07-18 04:00:00,19.3354
2025-07-18 05:00:00,21.9897
2025-07-18 06:00:00,19.4476
2025-07-18 07:00:00,2.3597
2025-07-18 08:00:00,-11.6246
2025-07-18 09:00:00,-18.3259
2025-07-18 10:00:00,-35.6517
2025-07-18 11:00:00,-36.5136
2025-07-18 12:00:00,-45.0579
2025-07-18 13:00:00,-38.0284
2025-07-18 14:00:00,-21.2688
2025-07-18 15:00:00,-16.587
2025-07-18 16:00:00,-6.4124
2025-07-18 17:00:00,19.1314
2025-07-18 18:00:00,41.5433
2025-07-18 19:00:00,56.3796
2025-07-18 20:00:00,58.8004
2025-07-18 21:00:00,55.8691
2025-07-18 22:00:00,46.5248
2025-07-18 23:00:00,37.4192
2025-07-19 00:00:00,21.7553
2025-07-19 01:00:00,18.8504
2025-07-19 02:00:00,16.2559
2025-07-19 03:00:00,16.135
2025-07-19 04:00:00,16.2578
2025-07-19 05:00:00,19.0219
2025-07-19 06:00:00,14.9638
2025-07-19 07:00:00,0.6803
2025-07-19 08:00:00,-7.7827
2025-07-19 09:00:00,-22.2349
2025-07-19 10:00:00,-17.6226
2025-07-19 11:00:00,-36.2994
2025-07-19 12:00:00,-58.289
2025-07-19 13:00:00,-45.9547
2025-07-19 14:00:00,-46.1832
2025-07-19 15:00:00,-38.5582
2025-07-19 16:00:00,-11.3138
2025-07-19 17:00:00,16.329
2025-07-19 18:00:00,35.2552
2025-07-19 19:00:00,47.1295
2025-07-19 20:00:00,51.7412
2025-07-19 21:00:00,47.9104
2025-07-19 22:00:00,37.9479
2025-07-19 23:00:00,31.4745
2025-07-20 00:00:00,21.3197
2025-07-20 01:00:00,19.0795
2025-07-20 02:00:00,16.7322
2025-07-20 03:00:00,15.4471
2025-07-20 04:00:00,16.0196
2025-07-20 05:00:00,18.1432
2025-07-20 06:00:00,13.5794
2025-07-20 07:00:00,-3.1808
2025-07-20 08:00:00,-25.0724
2025-07-20 09:00:00,-43.5566
2025-07-20 10:00:00,-47.6788
2025-07-20 11:00:00,-54.31
2025-07-20 12:00:00,-63.4601
2025-07-20 13:00:00,-61.1184
2025-07-20 14:00:00,-16.5745
2025-07-20 15:00:00,-23.5632
2025-07-20 16:00:00,-15.1086
2025-07-20 17:00:00,14.4512
2025-07-20 18:00:00,34.7291
2025-07-20 19:00:00,47.1243
2025-07-20 20:00:00,51.8111
2025-07-20 21:00:00,47.898
2025-07-20 22:00:00,38.6846
2025-07-20 23:00:00,32.0786
2025-07-21 00:00:00,24.8992
2025-07-21 01:00:00,22.4403
2025-07-21 02:00:00,19.6023
2025-07-21 03:00:00,18.4767
2025-07-21 04:00:00,19.9408
2025-07-21 05:00:00,21.727
2025-07-21 06:00:00,20.0564
2025-07-21 07:00:00,12.8435
2025-07-21 08:00:00,0.689
2025-07-21 09:00:00,-3.6767
2025-07-21 10:00:00,-25.5295
2025-07-21 11:00:00,-33.9576
2025-07-21 12:00:00,-37.6418
2025-07-21 13:00:00,-29.4804
2025-07-21 14:00:00,-8.9538
2025-07-21 15:00:00,-18.0437
2025-07-21 16:00:00,10.021
2025-07-21 17:00:00,26.4478
2025-07-21 18:00:00,42.8252
2025-07-21 19:00:00,55.3835
2025-07-21 20:00:00,59.3862
2025-07-21 21:00:00,56.0792
2025-07-21 22:00:00,45.7995
2025-07-21 23:00:00,38.1062
2025-07-22 00:00:00,24.109
2025-07-22 01:00:00,22.1142
2025-07-22 02:00:00,19.3895
2025-07-22 03:00:00,18.7928
2025-07-22 04:00:00,19.5352
2025-07-22 05:00:00,22.8573
2025-07-22 06:00:00,22.3997
2025-07-22 07:00:00,12.068
2025-07-22 08:00:00,-7.8835
2025-07-22 09:00:00,-18.1226
2025-07-22 10:00:00,-19.3596
2025-07-22 11:00:00,-39.3604
2025-07-22 12:00:00,-47.3473
2025-07-22 13:00:00,-29.0324
2025-07-22 14:00:00,-34.9639
2025-07-22 15:00:00,-28.8367
2025-07-22 16:00:00,-6.6305
2025-07-22 17:00:00,25.8373
2025-07-22 18:00:00,43.8151
2025-07-22 19:00:00,55.4124
2025-07-22 20:00:00,60.3347
2025-07-22 21:00:00,55.2528
2025-07-22 22:00:00,46.4221
2025-07-22 23:00:00,37.6642
2025-07-23 00:00:00,24.9239
2025-07-23 01:00:00,21.857
2025-07-23 02:00:00,19.1486
2025-07-23 03:00:00,18.4783
2025-07-23 04:00:00,19.7191
2025-07-23 05:00:00,21.4465
2025-07-23 06:00:00,20.3512
2025-07-23 07:00:00,11.5664
2025-07-23 08:00:00,-1.8825
2025-07-23 09:00:00,-7.2542
2025-07-23 10:00:00,-18.848
2025-07-23 11:00:00,-22.7007
2025-07-23 12:00:00,-28.9062
2025-07-23 13:00:00,-23.4098
2025-07-23 14:00:00,-18.7644
2025-07-23 15:00:00,-7.5081
2025-07-23 16:00:00,12.5286
2025-07-23 17:00:00,29.427
2025-07-23 18:00:00,43.2282
2025-07-23 19:00:00,56.7651
2025-07-23 20:00:00,60.4774
2025-07-23 21:00:00,55.3785
2025-07-23 22:00:00,46.1311
2025-07-23 23:00:00,36.0867
2025-07-24 00:00:00,25.5665
2025-07-24 01:00:00,22.2007
2025-07-24 02:00:00,19.6979
2025-07-24 03:00:00,17.8126
2025-07-24 04:00:00,19.3444
2025-07-24 05:00:00,21.8535
2025-07-24 06:00:00,21.6206
2025-07-24 07:00:00,21.6671
2025-07-24 08:00:00,13.9662
2025-07-24 09:00:00,13.4347
2025-07-24 10:00:00,13.3363
2025-07-24 11:00:00,-6.4668
2025-07-24 12:00:00,-19.6381
2025-07-24 13:00:00,-19.7945
2025-07-24 14:00:00,-31.1087
2025-07-24 15:00:00,-8.7819
2025-07-24 16:00:00,19.1708
2025-07-24 17:00:00,29.2837
2025-07-24 18:00:00,45.4299
2025-07-24 19:00:00,57.3386
2025-07-24 20:00:00,59.9338
2025-07-24 21:00:00,55.5765
2025-07-24 22:00:00,47.5842
2025-07-24 23:00:00,36.9155
2025-07-25 00:00:00,25.6276
2025-07-25 01:00:00,22.376
2025-07-25 02:00:00,19.7897
2025-07-25 03:00:00,17.9873
2025-07-25 04:00:00,19.6334
2025-07-25 05:00:00,21.661
2025-07-25 06:00:00,19.8085
2025-07-25 07:00:00,9.2021
2025-07-25 08:00:00,0.6892
2025-07-25 09:00:00,-3.4735
2025-07-25 10:00:00,-19.8739
2025-07-25 11:00:00,-29.3297
2025-07-25 12:00:00,-34.2101
2025-07-25 13:00:00,-50.742
2025-07-25 14:00:00,-29.5165
2025-07-25 15:00:00,-18.0618
2025-07-25 16:00:00,-3.2321
2025-07-25 17:00:00,22.1087
2025-07-25 18:00:00,44.8698
2025-07-25 19:00:00,56.4087
2025-07-25 20:00:00,60.6323
2025-07-25 21:00:00,54.8118
2025-07-25 22:00:00,46.2306
2025-07-25 23:00:00,36.8927
2025-07-26 00:00:00,21.3493
2025-07-26 01:00:00,18.8924
2025-07-26 02:00:00,16.6077
2025-07-26 03:00:00,15.4068
2025-07-26 04:00:00,16.8408
2025-07-26 05:00:00,18.8671
2025-07-26 06:00:00,17.7167
2025-07-26 07:00:00,10.9376
2025-07-26 08:00:00,-1.8396
2025-07-26 09:00:00,-9.121
2025-07-26 10:00:00,-32.127
2025-07-26 11:00:00,-39.5728
2025-07-26 12:00:00,-37.9742
2025-07-26 13:00:00,-51.2053
2025-07-26 14:00:00,-33.7007
2025-07-26 15:00:00,-26.0677
2025-07-26 16:00:00,-6.25
2025-07-26 17:00:00,18.8694
2025-07-26 18:00:00,37.9134
2025-07-26 19:00:00,48.3966
2025-07-26 20:00:00,51.6956
2025-07-26 21:00:00,47.2975
2025-07-26 22:00:00,39.0881
2025-07-26 23:00:00,31.0335
2025-07-27 00:00:00,21.4256
2025-07-27 01:00:00,18.7593
2025-07-27 02:00:00,16.308
2025-07-27 03:00:00,15.7046
2025-07-27 04:00:00,16.3997
2025-07-27 05:00:00,18.7841
2025-07-27 06:00:00,16.087
2025-07-27 07:00:00,4.667
2025-07-27 08:00:00,-4.4468
2025-07-27 09:00:00,-7.2055
2025-07-27 10:00:00,3.6415
2025-07-27 11:00:00,-17.0393
2025-07-27 12:00:00,-38.2419
2025-07-27 13:00:00,-28.0683
2025-07-27 14:00:00,-18.6273
2025-07-27 15:00:00,-19.8658
2025-07-27 16:00:00,-1.7257
2025-07-27 17:00:00,20.2252
2025-07-27 18:00:00,37.6218
2025-07-27 19:00:00,47.7004
2025-07-27 20:00:00,51.0736
2025-07-27 21:00:00,47.2474
2025-07-27 22:00:00,39.7354
2025-07-27 23:00:00,31.3597
2025-07-28 00:00:00,25.3153
2025-07-28 01:00:00,22.3446
2025-07-28 02:00:00,18.9613
2025-07-28 03:00:00,18.2973
2025-07-28 04:00:00,19.2385
2025-07-28 05:00:00,22.3071
2025-07-28 06:00:00,24.4092
2025-07-28 07:00:00,22.5625
2025-07-28 08:00:00,23.0213
2025-07-28 09:00:00,21.829
2025-07-28 10:00:00,16.1008
2025-07-28 11:00:00,4.9678
2025-07-28 12:00:00,-13.9338
2025-07-28 13:00:00,-37.1216
2025-07-28 14:00:00,-52.4242
2025-07-28 15:00:00,-20.3127
2025-07-28 16:00:00,-3.4631
2025-07-28 17:00:00,21.663
2025-07-28 18:00:00,42.5892
2025-07-28 19:00:00,56.7396
2025-07-28 20:00:00,60.3863
2025-07-28 21:00:00,56.4013
2025-07-28 22:00:00,46.9028
2025-07-28 23:00:00,36.8832
2025-07-29 00:00:00,24.89
2025-07-29 01:00:00,22.4184
2025-07-29 02:00:00,19.5554
2025-07-29 03:00:00,18.7064
2025-07-29 04:00:00,19.6546
2025-07-29 05:00:00,22.1309
2025-07-29 06:00:00,18.41
2025-07-29 07:00:00,4.4167
2025-07-29 08:00:00,-13.6931
2025-07-29 09:00:00,-23.7414
2025-07-29 10:00:00,-24.6769
2025-07-29 11:00:00,-34.3381
2025-07-29 12:00:00,-53.0452
2025-07-29 13:00:00,-61.907
2025-07-29 14:00:00,-57.8772
2025-07-29 15:00:00,-39.517
2025-07-29 16:00:00,-7.6861
2025-07-29 17:00:00,20.5981
2025-07-29 18:00:00,43.5337
2025-07-29 19:00:00,55.3293
2025-07-29 20:00:00,59.8521
2025-07-29 21:00:00,55.5554
2025-07-29 22:00:00,46.1454
2025-07-29 23:00:00,37.6843
2025-07-30 00:00:00,25.4852
2025-07-30 01:00:00,22.325
2025-07-30 02:00:00,19.5088
2025-07-30 03:00:00,18.5441
2025-07-30 04:00:00,19.5512
2025-07-30 05:00:00,22.1689
2025-07-30 06:00:00,23.8558
2025-07-30 07:00:00,27.0069
2025-07-30 08:00:00,34.9906
2025-07-30 09:00:00,40.431
2025-07-30 10:00:00,43.9162
2025-07-30 11:00:00,16.8425
2025-07-30 12:00:00,-6.1296
2025-07-30 13:00:00,-21.254
2025-07-30 14:00:00,-31.0793
2025-07-30 15:00:00,-25.1924
2025-07-30 16:00:00,2.9375
2025-07-30 17:00:00,23.2559
2025-07-30 18:00:00,45.1279
2025-07-30 19:00:00,54.9193
2025-07-30 20:00:00,59.293
2025-07-30 21:00:00,54.4071
2025-07-30 22:00:00,45.5072
2025-07-30 23:00:00,37.9845
2025-07-31 00:00:00,25.5903
2025-07-31 01:00:00,22.4439
2025-07-31 02:00:00,19.4962
2025-07-31 03:00:00,18.7658
2025-07-31 04:00:00,19.6379
2025-07-31 05:00:00,21.7941
2025-07-31 06:00:00,22.8488
2025-07-31 07:00:00,19.396
2025-07-31 08:00:00,23.6655
2025-07-31 09:00:00,20.0112
2025-07-31 10:00:00,31.0415
2025-07-31 11:00:00,4.4631
2025-07-31 12:00:00,-17.3478
2025-07-31 13:00:00,-1.1189
2025-07-31 14:00:00,11.8563
2025-07-31 15:00:00,9.5917
2025-07-31 16:00:00,19.6616
2025-07-31 17:00:00,33.0889
2025-07-31 18:00:00,46.2742
2025-07-31 19:00:00,55.1962
2025-07-31 20:00:00,58.5569
2025-07-31 21:00:00,56.4847
2025-07-31 22:00:00,46.3292
2025-07-31 23:00:00,37.4873
2025-08-01 00:00:00,24.8774
2025-08-01 01:00:00,22.3929
2025-08-01 02:00:00,19.833
2025-08-01 03:00:00,18.6043
2025-08-01 04:00:00,19.8006
2025-08-01 05:00:00,22.3885
2025-08-01 06:00:00,21.3081
2025-08-01 07:00:00,5.5408
2025-08-01 08:00:00,-10.9468
2025-08-01 09:00:00,-22.6567
2025-08-01 10:00:00,-38.5164
2025-08-01 11:00:00,-47.5464
2025-08-01 12:00:00,-59.0891
2025-08-01 13:00:00,-58.1758
2025-08-01 14:00:00,-41.445
2025-08-01 15:00:00,-26.7926
2025-08-01 16:00:00,-3.9879
2025-08-01 17:00:00,24.5562
2025-08-01 18:00:00,43.7007
2025-08-01 19:00:00,57.1715
2025-08-01 20:00:00,59.4635
2025-08-01 21:00:00,56.1784
2025-08-01 22:00:00,47.8943
2025-08-01 23:00:00,37.1375
2025-08-02 00:00:00,21.3489
2025-08-02 01:00:00,18.7373
2025-08-02 02:00:00,16.9083
2025-08-02 03:00:00,16.0881
2025-08-02 04:00:00,16.7644
2025-08-02 05:00:00,19.5091
2025-08-02 06:00:00,20.6679
2025-08-02 07:00:00,22.2414
2025-08-02 08:00:00,19.0488
2025-08-02 09:00:00,31.9511
2025-08-02 10:00:00,39.8236
2025-08-02 11:00:00,36.0168
2025-08-02 12:00:00,32.3945
2025-08-02 13:00:00,24.5181
2025-08-02 14:00:00,7.075
2025-08-02 15:00:00,10.6695
2025-08-02 16:00:00,17.7354
2025-08-02 17:00:00,29.0727
2025-08-02 18:00:00,39.3093
2025-08-02 19:00:00,47.8841
2025-08-02 20:00:00,52.0732
2025-08-02 21:00:00,47.3007
2025-08-02 22:00:00,39.7206
2025-08-02 23:00:00,32.6884
2025-08-03 00:00:00,22.1613
2025-08-03 01:00:00,19.3535
2025-08-03 02:00:00,16.7787
2025-08-03 03:00:00,15.8965
2025-08-03 04:00:00,16.5545
2025-08-03 05:00:00,19.2281
2025-08-03 06:00:00,22.129
2025-08-03 07:00:00,23.9676
2025-08-03 08:00:00,23.8724
2025-08-03 09:00:00,34.737
2025-08-03 10:00:00,39.268
2025-08-03 11:00:00,34.0133
2025-08-03 12:00:00,12.6122
2025-08-03 13:00:00,-0.3946
2025-08-03 14:00:00,-37.5689
2025-08-03 15:00:00,-20.2344
2025-08-03 16:00:00,-2.2107
2025-08-03 17:00:00,19.0712
2025-08-03 18:00:00,37.9833
2025-08-03 19:00:00,48.1914
2025-08-03 20:00:00,53.1785
2025-08-03 21:00:00,48.6102
2025-08-03 22:00:00,40.1994
2025-08-03 23:00:00,32.3684
2025-08-04 00:00:00,25.557
2025-08-04 01:00:00,22.5073
2025-08-04 02:00:00,19.6204
2025-08-04 03:00:00,18.8734
2025-08-04 04:00:00,19.5599
2025-08-04 05:00:00,22.9045
2025-08-04 06:00:00,19.078
2025-08-04 07:00:00,10.2967
2025-08-04 08:00:00,-2.8538
2025-08-04 09:00:00,-10.7189
2025-08-04 10:00:00,-9.1184
2025-08-04 11:00:00,-14.7455
2025-08-04 12:00:00,-16.9274
2025-08-04 13:00:00,-26.1173
2025-08-04 14:00:00,-5.8769
2025-08-04 15:00:00,-5.8298
2025-08-04 16:00:00,11.6795
2025-08-04 17:00:00,24.269
2025-08-04 18:00:00,44.4293
2025-08-04 19:00:00,57.5282
2025-08-04 20:00:00,60.8428
2025-08-04 21:00:00,56.6327
2025-08-04 22:00:00,46.7242
2025-08-04 23:00:00,37.6322
2025-08-05 00:00:00,24.9349
2025-08-05 01:00:00,22.3336
2025-08-05 02:00:00,19.2329
2025-08-05 03:00:00,19.0017
2025-08-05 04:00:00,19.8945
2025-08-05 05:00:00,22.4589
2025-08-05 06:00:00,25.2677
2025-08-05 07:00:00,24.8578
2025-08-05 08:00:00,26.3797
2025-08-05 09:00:00,33.706
2025-08-05 10:00:00,44.0683
2025-08-05 11:00:00,40.0404
2025-08-05 12:00:00,19.754
2025-08-05 13:00:00,14.2214
2025-08-05 14:00:00,-4.0189
2025-08-05 15:00:00,-7.7361
2025-08-05 16:00:00,12.8065
2025-08-05 17:00:00,26.5343
2025-08-05 18:00:00,43.8261
2025-08-05 19:00:00,57.1647
2025-08-05 20:00:00,59.6888
2025-08-05 21:00:00,56.5607
2025-08-05 22:00:00,46.7989
2025-08-05 23:00:00,37.2748
2025-08-06 00:00:00,26.2172
2025-08-06 01:00:00,22.2928
2025-08-06 02:00:00,20.1373
2025-08-06 03:00:00,18.9265
2025-08-06 04:00:00,20.2739
2025-08-06 05:00:00,22.4222
2025-08-06 06:00:00,22.162
2025-08-06 07:00:00,14.7405
2025-08-06 08:00:00,4.4944
2025-08-06 09:00:00,-16.0524
2025-08-06 10:00:00,-19.5574
2025-08-06 11:00:00,-31.5255
2025-08-06 12:00:00,-46.4565
2025-08-06 13:00:00,-55.698
2025-08-06 14:00:00,-36.2878
2025-08-06 15:00:00,-1.0025
2025-08-06 16:00:00,3.3054
2025-08-06 17:00:00,21.6187
2025-08-06 18:00:00,45.3881
2025-08-06 19:00:00,55.8201
2025-08-06 20:00:00,61.4606
2025-08-06 21:00:00,56.3101
2025-08-06 22:00:00,46.9522
2025-08-06 23:00:00,38.3167
2025-08-07 00:00:00,26.2302
2025-08-07 01:00:00,23.3914
2025-08-07 02:00:00,20.0025
2025-08-07 03:00:00,18.6149
2025-08-07 04:00:00,19.7146
2025-08-07 05:00:00,22.6336
2025-08-07 06:00:00,23.8056
2025-08-07 07:00:00,28.9951
2025-08-07 08:00:00,33.7594
2025-08-07 09:00:00,40.8838
2025-08-07 10:00:00,48.6699
2025-08-07 11:00:00,43.1964
2025-08-07 12:00:00,33.9542
2025-08-07 13:00:00,25.1203
2025-08-07 14:00:00,-4.4093
2025-08-07 15:00:00,6.3122
2025-08-07 16:00:00,11.0419
2025-08-07 17:00:00,25.0995
2025-08-07 18:00:00,43.7835
2025-08-07 19:00:00,55.9766
2025-08-07 20:00:00,61.9198
2025-08-07 21:00:00,57.4687
2025-08-07 22:00:00,46.7536
2025-08-07 23:00:00,38.2664
2025-08-08 00:00:00,25.2146
2025-08-08 01:00:00,22.1903
2025-08-08 02:00:00,20.1052
2025-08-08 03:00:00,18.8661
2025-08-08 04:00:00,19.1768
2025-08-08 05:00:00,22.044
2025-08-08 06:00:00,25.8446
2025-08-08 07:00:00,28.6582
2025-08-08 08:00:00,34.0431
2025-08-08 09:00:00,40.8375
2025-08-08 10:00:00,37.3521
2025-08-08 11:00:00,12.2216
2025-08-08 12:00:00,-20.0493
2025-08-08 13:00:00,-54.458
2025-08-08 14:00:00,-55.7744
2025-08-08 15:00:00,-38.7833
2025-08-08 16:00:00,-9.4631
2025-08-08 17:00:00,23.8803
2025-08-08 18:00:00,45.0787
2025-08-08 19:00:00,58.2625
2025-08-08 20:00:00,62.0394
2025-08-08 21:00:00,56.6899
2025-08-08 22:00:00,46.9266
2025-08-08 23:00:00,37.6722
2025-08-09 00:00:00,21.8581
2025-08-09 01:00:00,19.2159
2025-08-09 02:00:00,17.0828
2025-08-09 03:00:00,16.1952
2025-08-09 04:00:00,16.7936
2025-08-09 05:00:00,19.3489
2025-08-09 06:00:00,16.2527
2025-08-09 07:00:00,-1.4729
2025-08-09 08:00:00,-24.6375
2025-08-09 09:00:00,-35.0458
2025-08-09 10:00:00,-51.7022
2025-08-09 11:00:00,-60.0954
2025-08-09 12:00:00,-70.5032
2025-08-09 13:00:00,-70.0662
2025-08-09 14:00:00,-47.7601
2025-08-09 15:00:00,-23.8859
2025-08-09 16:00:00,-1.6843
2025-08-09 17:00:00,21.5611
2025-08-09 18:00:00,38.5989
2025-08-09 19:00:00,48.8852
2025-08-09 20:00:00,52.6542
2025-08-09 21:00:00,47.8078
2025-08-09 22:00:00,39.8785
2025-08-09 23:00:00,31.5512
2025-08-10 00:00:00,21.7106
2025-08-10 01:00:00,19.0229
2025-08-10 02:00:00,17.0518
2025-08-10 03:00:00,16.0929
2025-08-10 04:00:00,16.7805
2025-08-10 05:00:00,19.1956
2025-08-10 06:00:00,18.8099
2025-08-10 07:00:00,13.391
2025-08-10 08:00:00,9.5386
2025-08-10 09:00:00,13.5849
2025-08-10 10:00:00,5.2386
2025-08-10 11:00:00,-20.057
2025-08-10 12:00:00,-39.992
2025-08-10 13:00:00,-47.3219
2025-08-10 14:00:00,-18.625
2025-08-10 15:00:00,-21.2712
2025-08-10 16:00:00,19.0057
2025-08-10 17:00:00,29.3757
2025-08-10 18:00:00,39.6027
2025-08-10 19:00:00,47.9986
2025-08-10 20:00:00,52.5036
2025-08-10 21:00:00,48.157
2025-08-10 22:00:00,39.7588
2025-08-10 23:00:00,32.1116
2025-08-11 00:00:00,25.7568
2025-08-11 01:00:00,22.8082
2025-08-11 02:00:00,19.9957
2025-08-11 03:00:00,18.877
2025-08-11 04:00:00,19.9321
2025-08-11 05:00:00,22.8356
2025-08-11 06:00:00,20.2578
2025-08-11 07:00:00,3.1088
2025-08-11 08:00:00,-19.1382
2025-08-11 09:00:00,-34.5848
2025-08-11 10:00:00,-42.7957
2025-08-11 11:00:00,-53.6873
2025-08-11 12:00:00,-62.946
2025-08-11 13:00:00,-61.2885
2025-08-11 14:00:00,-54.8165
2025-08-11 15:00:00,-39.2872
2025-08-11 16:00:00,-10.892
2025-08-11 17:00:00,23.1166
2025-08-11 18:00:00,45.3117
2025-08-11 19:00:00,57.7414
2025-08-11 20:00:00,59.5211
2025-08-11 21:00:00,58.5286
2025-08-11 22:00:00,47.4909
2025-08-11 23:00:00,38.2725
2025-08-12 00:00:00,25.5358
2025-08-12 01:00:00,22.8295
2025-08-12 02:00:00,19.8196
2025-08-12 03:00:00,18.7448
2025-08-12 04:00:00,19.4866
2025-08-12 05:00:00,22.288
2025-08-12 06:00:00,20.8607
2025-08-12 07:00:00,3.0339
2025-08-12 08:00:00,-19.3366
2025-08-12 09:00:00,-34.0872
2025-08-12 10:00:00,-43.8048
2025-08-12 11:00:00,-52.2158
2025-08-12 12:00:00,-56.216
2025-08-12 13:00:00,-67.9146
2025-08-12 14:00:00,-55.8222
2025-08-12 15:00:00,-37.4603
2025-08-12 16:00:00,-8.959
2025-08-12 17:00:00,23.597
2025-08-12 18:00:00,44.3286
2025-08-12 19:00:00,55.618
2025-08-12 20:00:00,60.9986
2025-08-12 21:00:00,56.3135
2025-08-12 22:00:00,45.7541
2025-08-12 23:00:00,36.85
2025-08-13 00:00:00,24.3585
2025-08-13 01:00:00,22.5342
2025-08-13 02:00:00,19.8854
2025-08-13 03:00:00,18.724
2025-08-13 04:00:00,19.6746
2025-08-13 05:00:00,22.7497
2025-08-13 06:00:00,21.0812
2025-08-13 07:00:00,1.9763
2025-08-13 08:00:00,-19.0046
2025-08-13 09:00:00,-25.5855
2025-08-13 10:00:00,-30.8962
2025-08-13 11:00:00,-22.6568
2025-08-13 12:00:00,-13.5224
2025-08-13 13:00:00,-13.4651
2025-08-13 14:00:00,-6.3113
2025-08-13 15:00:00,9.1008
2025-08-13 16:00:00,21.1829
2025-08-13 17:00:00,31.4956
2025-08-13 18:00:00,46.0799
2025-08-13 19:00:00,56.5852
2025-08-13 20:00:00,61.5805
2025-08-13 21:00:00,56.3168
2025-08-13 22:00:00,45.6135
2025-08-13 23:00:00,37.8153
2025-08-14 00:00:00,26.2687
2025-08-14 01:00:00,22.1706
2025-08-14 02:00:00,20.1254
2025-08-14 03:00:00,19.2497
2025-08-14 04:00:00,19.9986
2025-08-14 05:00:00,22.5293
2025-08-14 06:00:00,20.6728
2025-08-14 07:00:00,8.517
2025-08-14 08:00:00,-1.6026
2025-08-14 09:00:00,3.3836
2025-08-14 10:00:00,2.0382
2025-08-14 11:00:00,8.1691
2025-08-14 12:00:00,-0.933
2025-08-14 13:00:00,-18.1132
2025-08-14 14:00:00,-17.2487
2025-08-14 15:00:00,-15.6235
2025-08-14 16:00:00,0.5328
2025-08-14 17:00:00,25.7868
2025-08-14 18:00:00,47.1089
2025-08-14 19:00:00,57.6507
2025-08-14 20:00:00,62.0089
2025-08-14 21:00:00,56.674
2025-08-14 22:00:00,46.7403
2025-08-14 23:00:00,37.625
2025-08-15 00:00:00,26.2835
2025-08-15 01:00:00,22.1885
2025-08-15 02:00:00,19.7504
2025-08-15 03:00:00,19.1591
2025-08-15 04:00:00,19.7042
2025-08-15 05:00:00,22.5323
2025-08-15 06:00:00,20.3413
2025-08-15 07:00:00,3.2675
2025-08-15 08:00:00,-19.1189
2025-08-15 09:00:00,-33.0695
2025-08-15 10:00:00,-42.3838
2025-08-15 11:00:00,-45.7442
2025-08-15 12:00:00,-47.7741
2025-08-15 13:00:00,-50.3423
2025-08-15 14:00:00,-38.1824
2025-08-15 15:00:00,-26.3239
2025-08-15 16:00:00,-2.7186
2025-08-15 17:00:00,23.9779
2025-08-15 18:00:00,44.2829
2025-08-15 19:00:00,56.3951
2025-08-15 20:00:00,60.9373
2025-08-15 21:00:00,56.7499
2025-08-15 22:00:00,47.2908
2025-08-15 23:00:00,37.322
2025-08-16 00:00:00,21.8134
2025-08-16 01:00:00,19.0444
2025-08-16 02:00:00,16.6756
2025-08-16 03:00:00,15.9813
2025-08-16 04:00:00,17.5103
2025-08-16 05:00:00,19.8999
2025-08-16 06:00:00,16.7203
2025-08-16 07:00:00,-1.6189
2025-08-16 08:00:00,-23.7383
2025-08-16 09:00:00,-41.1473
2025-08-16 10:00:00,-50.638
2025-08-16 11:00:00,-55.9283
2025-08-16 12:00:00,-67.449
2025-08-16 13:00:00,-63.3451
2025-08-16 14:00:00,-61.3184
2025-08-16 15:00:00,-37.9875
2025-08-16 16:00:00,-7.9521
2025-08-16 17:00:00,19.9537
2025-08-16 18:00:00,38.8513
2025-08-16 19:00:00,46.7025
2025-08-16 20:00:00,51.5496
2025-08-16 21:00:00,48.3883
2025-08-16 22:00:00,38.8043
2025-08-16 23:00:00,32.3505
2025-08-17 00:00:00,21.4877
2025-08-17 01:00:00,19.1545
2025-08-17 02:00:00,16.5266
2025-08-17 03:00:00,15.2646
2025-08-17 04:00:00,17.0354
2025-08-17 05:00:00,19.2208
2025-08-17 06:00:00,19.5723
2025-08-17 07:00:00,10.6106
2025-08-17 08:00:00,-0.1778
2025-08-17 09:00:00,-16.9738
2025-08-17 10:00:00,-24.7286
2025-08-17 11:00:00,-31.3791
2025-08-17 12:00:00,-40.0931
2025-08-17 13:00:00,-38.0719
2025-08-17 14:00:00,-27.5185
2025-08-17 15:00:00,-13.2186
2025-08-17 16:00:00,9.0464
2025-08-17 17:00:00,26.7117
2025-08-17 18:00:00,40.4951
2025-08-17 19:00:00,47.6156
2025-08-17 20:00:00,51.4643
2025-08-17 21:00:00,48.3872
2025-08-17 22:00:00,38.5558
2025-08-17 23:00:00,32.3414
2025-08-18 00:00:00,26.3292
2025-08-18 01:00:00,22.9855
2025-08-18 02:00:00,19.8754
2025-08-18 03:00:00,18.9913
2025-08-18 04:00:00,20.1288
2025-08-18 05:00:00,23.1953
2025-08-18 06:00:00,26.2191
2025-08-18 07:00:00,30.0863
2025-08-18 08:00:00,36.612
2025-08-18 09:00:00,43.0749
2025-08-18 10:00:00,41.9519
2025-08-18 11:00:00,30.8939
2025-08-18 12:00:00,21.9983
2025-08-18 13:00:00,-1.3099
2025-08-18 14:00:00,-3.5249
2025-08-18 15:00:00,8.0945
2025-08-18 16:00:00,18.5518
2025-08-18 17:00:00,30.4042
2025-08-18 18:00:00,45.6947
2025-08-18 19:00:00,57.609
2025-08-18 20:00:00,59.6671
2025-08-18 21:00:00,57.2772
2025-08-18 22:00:00,46.8268
2025-08-18 23:00:00,37.8415
2025-08-19 00:00:00,26.1108
2025-08-19 01:00:00,22.596
2025-08-19 02:00:00,19.4769
2025-08-19 03:00:00,18.6952
2025-08-19 04:00:00,19.6246
2025-08-19 05:00:00,22.4155
2025-08-19 06:00:00,25.3408
2025-08-19 07:00:00,25.2629
2025-08-19 08:00:00,22.8759
2025-08-19 09:00:00,28.1437
2025-08-19 10:00:00,40.0038
2025-08-19 11:00:00,36.5644
2025-08-19 12:00:00,30.0478
2025-08-19 13:00:00,6.4717
2025-08-19 14:00:00,7.5366
2025-08-19 15:00:00,3.3964
2025-08-19 16:00:00,14.4329
2025-08-19 17:00:00,25.1275
2025-08-19 18:00:00,45.2796
2025-08-19 19:00:00,56.6714
2025-08-19 20:00:00,61.7644
2025-08-19 21:00:00,56.0298
2025-08-19 22:00:00,46.984
2025-08-19 23:00:00,38.1101
2025-08-20 00:00:00,25.545
2025-08-20 01:00:00,23.1264
2025-08-20 02:00:00,20.2285
2025-08-20 03:00:00,18.5168
2025-08-20 04:00:00,19.5627
2025-08-20 05:00:00,22.8614
2025-08-20 06:00:00,18.9298
2025-08-20 07:00:00,0.5845
2025-08-20 08:00:00,-20.2954
2025-08-20 09:00:00,-35.91
2025-08-20 10:00:00,-38.7535
2025-08-20 11:00:00,-37.1193
2025-08-20 12:00:00,-16.1668
2025-08-20 13:00:00,-1.2365
2025-08-20 14:00:00,-13.5686
2025-08-20 15:00:00,-2.0648
2025-08-20 16:00:00,15.8411
2025-08-20 17:00:00,29.1947
2025-08-20 18:00:00,46.7368
2025-08-20 19:00:00,58.3188
2025-08-20 20:00:00,60.691
2025-08-20 21:00:00,56.7336
2025-08-20 22:00:00,46.4672
2025-08-20 23:00:00,36.8758
2025-08-21 00:00:00,26.2814
2025-08-21 01:00:00,22.8782
2025-08-21 02:00:00,19.3399
2025-08-21 03:00:00,18.6905
2025-08-21 04:00:00,19.8833
2025-08-21 05:00:00,22.682
2025-08-21 06:00:00,25.0126
2025-08-21 07:00:00,25.1906
2025-08-21 08:00:00,25.0088
2025-08-21 09:00:00,31.6395
2025-08-21 10:00:00,31.1375
2025-08-21 11:00:00,6.2647
2025-08-21 12:00:00,-11.0015
2025-08-21 13:00:00,-24.1634
2025-08-21 14:00:00,17.1626
2025-08-21 15:00:00,21.3572
2025-08-21 16:00:00,27.8613
2025-08-21 17:00:00,35.9086
2025-08-21 18:00:00,45.7932
2025-08-21 19:00:00,56.1924
2025-08-21 20:00:00,62.0097
2025-08-21 21:00:00,57.346
2025-08-21 22:00:00,45.2558
2025-08-21 23:00:00,37.9492
2025-08-22 00:00:00,26.3933
2025-08-22 01:00:00,22.0895
2025-08-22 02:00:00,19.6295
2025-08-22 03:00:00,19.1242
2025-08-22 04:00:00,19.9435
2025-08-22 05:00:00,22.6281
2025-08-22 06:00:00,26.1114
2025-08-22 07:00:00,28.7954
2025-08-22 08:00:00,32.0997
2025-08-22 09:00:00,36.8263
2025-08-22 10:00:00,44.103
2025-08-22 11:00:00,43.2948
2025-08-22 12:00:00,23.1124
2025-08-22 13:00:00,19.9183
2025-08-22 14:00:00,25.8343
2025-08-22 15:00:00,22.2679
2025-08-22 16:00:00,28.2993
2025-08-22 17:00:00,35.6721
2025-08-22 18:00:00,47.4678
2025-08-22 19:00:00,56.3668
2025-08-22 20:00:00,60.7139
2025-08-22 21:00:00,56.7389
2025-08-22 22:00:00,46.4821
2025-08-22 23:00:00,38.2912
2025-08-23 00:00:00,21.9805
2025-08-23 01:00:00,18.9555
2025-08-23 02:00:00,16.6809
2025-08-23 03:00:00,15.7292
2025-08-23 04:00:00,17.1864
2025-08-23 05:00:00,19.7331
2025-08-23 06:00:00,21.7248
2025-08-23 07:00:00,24.1325
2025-08-23 08:00:00,27.6469
2025-08-23 09:00:00,34.567
2025-08-23 10:00:00,42.1215
2025-08-23 11:00:00,34.8957
2025-08-23 12:00:00,26.1452
2025-08-23 13:00:00,24.8695
2025-08-23 14:00:00,22.5381
2025-08-23 15:00:00,23.5472
2025-08-23 16:00:00,24.7737
2025-08-23 17:00:00,30.8437
2025-08-23 18:00:00,39.3799
2025-08-23 19:00:00,46.5889
2025-08-23 20:00:00,52.176
2025-08-23 21:00:00,48.2499
2025-08-23 22:00:00,40.1028
2025-08-23 23:00:00,32.0295
2025-08-24 00:00:00,21.5545
2025-08-24 01:00:00,19.4197
2025-08-24 02:00:00,17.0219
2025-08-24 03:00:00,15.9271
2025-08-24 04:00:00,17.2485
2025-08-24 05:00:00,19.3306
2025-08-24 06:00:00,22.3517
2025-08-24 07:00:00,21.08
2025-08-24 08:00:00,5.9064
2025-08-24 09:00:00,-15.0511
2025-08-24 10:00:00,-15.0957
2025-08-24 11:00:00,-30.4514
2025-08-24 12:00:00,-18.4811
2025-08-24 13:00:00,-19.6563
2025-08-24 14:00:00,-46.6951
2025-08-24 15:00:00,-22.5261
2025-08-24 16:00:00,-2.3963
2025-08-24 17:00:00,20.7221
2025-08-24 18:00:00,38.487
2025-08-24 19:00:00,49.1305
2025-08-24 20:00:00,51.9696
2025-08-24 21:00:00,47.2076
2025-08-24 22:00:00,39.6513
2025-08-24 23:00:00,32.8385
2025-08-25 00:00:00,25.3178
2025-08-25 01:00:00,22.5669
2025-08-25 02:00:00,19.8643
2025-08-25 03:00:00,18.7976
2025-08-25 04:00:00,20.1936
2025-08-25 05:00:00,22.9139
2025-08-25 06:00:00,20.7367
2025-08-25 07:00:00,2.061
2025-08-25 08:00:00,-24.6292
2025-08-25 09:00:00,-40.0923
2025-08-25 10:00:00,-49.4039
2025-08-25 11:00:00,-61.3975
2025-08-25 12:00:00,-73.6453
2025-08-25 13:00:00,-75.9322
2025-08-25 14:00:00,-67.8514
2025-08-25 15:00:00,-45.0504
2025-08-25 16:00:00,-13.3166
2025-08-25 17:00:00,24.3614
2025-08-25 18:00:00,45.9318
2025-08-25 19:00:00,55.8536
2025-08-25 20:00:00,61.05
2025-08-25 21:00:00,57.8681
2025-08-25 22:00:00,46.8642
2025-08-25 23:00:00,37.6244
2025-08-26 00:00:00,25.9886
2025-08-26 01:00:00,22.501
2025-08-26 02:00:00,19.7748
2025-08-26 03:00:00,18.4689
2025-08-26 04:00:00,19.9466
2025-08-26 05:00:00,22.0376
2025-08-26 06:00:00,20.5865
2025-08-26 07:00:00,-0.6071
2025-08-26 08:00:00,-24.5082
2025-08-26 09:00:00,-42.399
2025-08-26 10:00:00,-49.5588
2025-08-26 11:00:00,-45.067
2025-08-26 12:00:00,-37.1883
2025-08-26 13:00:00,-37.5536
2025-08-26 14:00:00,-35.7044
2025-08-26 15:00:00,-24.7157
2025-08-26 16:00:00,-3.3084
2025-08-26 17:00:00,23.8522
2025-08-26 18:00:00,47.0423
2025-08-26 19:00:00,56.8348
2025-08-26 20:00:00,62.7288
2025-08-26 21:00:00,57.2417
2025-08-26 22:00:00,46.3797
2025-08-26 23:00:00,37.496
2025-08-27 00:00:00,26.1572
2025-08-27 01:00:00,22.8729
2025-08-27 02:00:00,19.9764
2025-08-27 03:00:00,18.9067
2025-08-27 04:00:00,19.5743
2025-08-27 05:00:00,22.5554
2025-08-27 06:00:00,21.6098
2025-08-27 07:00:00,-0.0708
2025-08-27 08:00:00,-24.82
2025-08-27 09:00:00,-41.9875
2025-08-27 10:00:00,-48.1885
2025-08-27 11:00:00,-57.7735
2025-08-27 12:00:00,-54.4754
2025-08-27 13:00:00,-65.9189
2025-08-27 14:00:00,-52.2461
2025-08-27 15:00:00,-33.7072
2025-08-27 16:00:00,-5.5484
2025-08-27 17:00:00,25.6967
2025-08-27 18:00:00,46.3137
2025-08-27 19:00:00,58.5842
2025-08-27 20:00:00,60.0987
2025-08-27 21:00:00,55.7875
2025-08-27 22:00:00,45.8065
2025-08-27 23:00:00,37.8204
2025-08-28 00:00:00,25.873
2025-08-28 01:00:00,22.8317
2025-08-28 02:00:00,19.7611
2025-08-28 03:00:00,19.0559
2025-08-28 04:00:00,19.3407
2025-08-28 05:00:00,23.1099
2025-08-28 06:00:00,21.3236
2025-08-28 07:00:00,10.7827
2025-08-28 08:00:00,-4.2722
2025-08-28 09:00:00,-9.744
2025-08-28 10:00:00,-19.861
2025-08-28 11:00:00,-35.7761
2025-08-28 12:00:00,-40.1719
2025-08-28 13:00:00,-35.4361
2025-08-28 14:00:00,2.334
2025-08-28 15:00:00,17.3226
2025-08-28 16:00:00,24.6406
2025-08-28 17:00:00,34.6862
2025-08-28 18:00:00,46.6608
2025-08-28 19:00:00,56.642
2025-08-28 20:00:00,61.5501
2025-08-28 21:00:00,56.6624
2025-08-28 22:00:00,46.3625
2025-08-28 23:00:00,37.8664
2025-08-29 00:00:00,25.9325
2025-08-29 01:00:00,22.0532
2025-08-29 02:00:00,19.9505
2025-08-29 03:00:00,18.5241
2025-08-29 04:00:00,19.4275
2025-08-29 05:00:00,22.64
2025-08-29 06:00:00,25.6198
2025-08-29 07:00:00,29.4793
2025-08-29 08:00:00,35.9917
2025-08-29 09:00:00,45.1808
2025-08-29 10:00:00,52.6905
2025-08-29 11:00:00,52.8447
2025-08-29 12:00:00,44.457
2025-08-29 13:00:00,27.4863
2025-08-29 14:00:00,26.2364
2025-08-29 15:00:00,27.0098
2025-08-29 16:00:00,29.6089
2025-08-29 17:00:00,36.7641
2025-08-29 18:00:00,45.7543
2025-08-29 19:00:00,56.529
2025-08-29 20:00:00,61.0952
2025-08-29 21:00:00,57.4534
2025-08-29 22:00:00,48.6797
2025-08-29 23:00:00,38.0789
2025-08-30 00:00:00,21.3151
2025-08-30 01:00:00,19.3827
2025-08-30 02:00:00,16.2741
2025-08-30 03:00:00,15.9413
2025-08-30 04:00:00,16.4536
2025-08-30 05:00:00,19.2405
2025-08-30 06:00:00,21.9313
2025-08-30 07:00:00,22.7197
2025-08-30 08:00:00,17.4913
2025-08-30 09:00:00,15.4447
2025-08-30 10:00:00,10.9301
2025-08-30 11:00:00,-3.625
2025-08-30 12:00:00,-8.618
2025-08-30 13:00:00,-4.5334
2025-08-30 14:00:00,-22.0551
2025-08-30 15:00:00,-9.4237
2025-08-30 16:00:00,-3.7515
2025-08-30 17:00:00,20.0111
2025-08-30 18:00:00,40.3686
2025-08-30 19:00:00,48.7455
2025-08-30 20:00:00,53.0531
2025-08-30 21:00:00,49.4283
2025-08-30 22:00:00,39.7094
2025-08-30 23:00:00,32.9425
2025-08-31 00:00:00,21.6236
2025-08-31 01:00:00,19.2376
2025-08-31 02:00:00,16.7979
2025-08-31 03:00:00,16.134
2025-08-31 04:00:00,16.9859
2025-08-31 05:00:00,19.2199
2025-08-31 06:00:00,19.3692
2025-08-31 07:00:00,5.925
2025-08-31 08:00:00,-8.9229
2025-08-31 09:00:00,-16.306
2025-08-31 10:00:00,-18.9623
2025-08-31 11:00:00,-25.1616
2025-08-31 12:00:00,-25.9644
2025-08-31 13:00:00,-8.6493
2025-08-31 14:00:00,10.4333
2025-08-31 15:00:00,12.8752
2025-08-31 16:00:00,12.9748
2025-08-31 17:00:00,27.7994
2025-08-31 18:00:00,39.6505
2025-08-31 19:00:00,48.8507
2025-08-31 20:00:00,52.202
2025-08-31 21:00:00,49.3408
2025-08-31 22:00:00,40.4657
2025-08-31 23:00:00,32.4493
2025-09-01 00:00:00,22.2341
2025-09-01 01:00:00,19.9515
2025-09-01 02:00:00,18.0236
2025-09-01 03:00:00,16.8628
2025-09-01 04:00:00,17.9741
2025-09-01 05:00:00,19.5891
2025-09-01 06:00:00,19.88
2025-09-01 07:00:00,7.2376
2025-09-01 08:00:00,-15.0805
2025-09-01 09:00:00,-25.5982
2025-09-01 10:00:00,-37.359
2025-09-01 11:00:00,-34.1933
2025-09-01 12:00:00,-28.3074
2025-09-01 13:00:00,-24.1136
2025-09-01 14:00:00,-5.4867
2025-09-01 15:00:00,-15.7239
2025-09-01 16:00:00,5.5496
2025-09-01 17:00:00,26.3132
2025-09-01 18:00:00,41.5917
2025-09-01 19:00:00,50.9021
2025-09-01 20:00:00,55.1438
2025-09-01 21:00:00,51.4475
2025-09-01 22:00:00,42.1345
2025-09-01 23:00:00,34.0594
2025-09-02 00:00:00,22.493
2025-09-02 01:00:00,20.2999
2025-09-02 02:00:00,17.6786
2025-09-02 03:00:00,16.6567
2025-09-02 04:00:00,17.6635
2025-09-02 05:00:00,20.2884
2025-09-02 06:00:00,21.4475
2025-09-02 07:00:00,18.3598
2025-09-02 08:00:00,16.1129
2025-09-02 09:00:00,10.3112
2025-09-02 10:00:00,22.8488
2025-09-02 11:00:00,15.8484
2025-09-02 12:00:00,18.6113
2025-09-02 13:00:00,15.7383
2025-09-02 14:00:00,17.0875
2025-09-02 15:00:00,20.3719
2025-09-02 16:00:00,26.3734
2025-09-02 17:00:00,32.428
2025-09-02 18:00:00,42.4923
2025-09-02 19:00:00,50.9311
2025-09-02 20:00:00,54.1339
2025-09-02 21:00:00,51.7302
2025-09-02 22:00:00,42.016
2025-09-02 23:00:00,33.9532
2025-09-03 00:00:00,22.6146
2025-09-03 01:00:00,20.2606
2025-09-03 02:00:00,17.7692
2025-09-03 03:00:00,16.598
2025-09-03 04:00:00,17.5293
2025-09-03 05:00:00,20.1117
2025-09-03 06:00:00,22.5152
2025-09-03 07:00:00,22.8252
2025-09-03 08:00:00,26.5286
2025-09-03 09:00:00,33.0818
2025-09-03 10:00:00,44.3494
2025-09-03 11:00:00,35.5256
2025-09-03 12:00:00,23.346
2025-09-03 13:00:00,19.5946
2025-09-03 14:00:00,6.7281
2025-09-03 15:00:00,6.8973
2025-09-03 16:00:00,10.6187
2025-09-03 17:00:00,30.7435
2025-09-03 18:00:00,42.937
2025-09-03 19:00:00,51.2227
2025-09-03 20:00:00,53.7979
2025-09-03 21:00:00,50.7858
2025-09-03 22:00:00,41.3341
2025-09-03 23:00:00,33.3995
2025-09-04 00:00:00,22.9068
2025-09-04 01:00:00,19.8709
2025-09-04 02:00:00,18.0244
2025-09-04 03:00:00,16.7852
2025-09-04 04:00:00,17.2139
2025-09-04 05:00:00,20.6438
2025-09-04 06:00:00,19.6619
2025-09-04 07:00:00,-2.6291
2025-09-04 08:00:00,-28.1171
2025-09-04 09:00:00,-37.9414
2025-09-04 10:00:00,-61.4644
2025-09-04 11:00:00,-71.0321
2025-09-04 12:00:00,-80.79
2025-09-04 13:00:00,-77.4945
2025-09-04 14:00:00,-69.072
2025-09-04 15:00:00,-43.904
2025-09-04 16:00:00,-10.4309
2025-09-04 17:00:00,25.2198
2025-09-04 18:00:00,41.8922
2025-09-04 19:00:00,50.7092
2025-09-04 20:00:00,54.2029
2025-09-04 21:00:00,51.1484
2025-09-04 22:00:00,42.0755
2025-09-04 23:00:00,34.0356
2025-09-05 00:00:00,22.3438
2025-09-05 01:00:00,20.2483
2025-09-05 02:00:00,17.5729
2025-09-05 03:00:00,17.23
2025-09-05 04:00:00,18.0699
2025-09-05 05:00:00,20.5533
2025-09-05 06:00:00,18.7492
2025-09-05 07:00:00,-3.195
2025-09-05 08:00:00,-23.9151
2025-09-05 09:00:00,-47.5766
2025-09-05 10:00:00,-48.7188
2025-09-05 11:00:00,-38.6628
2025-09-05 12:00:00,-29.5558
2025-09-05 13:00:00,-27.7987
2025-09-05 14:00:00,-27.5758
2025-09-05 15:00:00,-32.522
2025-09-05 16:00:00,-5.6936
2025-09-05 17:00:00,22.1992
2025-09-05 18:00:00,41.6481
2025-09-05 19:00:00,50.1647
2025-09-05 20:00:00,53.9594
2025-09-05 21:00:00,48.9199
2025-09-05 22:00:00,42.4021
2025-09-05 23:00:00,32.9508
2025-09-06 00:00:00,19.1441
2025-09-06 01:00:00,17.476
2025-09-06 02:00:00,15.224
2025-09-06 03:00:00,14.2028
2025-09-06 04:00:00,15.1687
2025-09-06 05:00:00,17.5781
2025-09-06 06:00:00,15.0363
2025-09-06 07:00:00,-7.8793
2025-09-06 08:00:00,-34.3348
2025-09-06 09:00:00,-48.3133
2025-09-06 10:00:00,-57.9652
2025-09-06 11:00:00,-68.894
2025-09-06 12:00:00,-79.1656
2025-09-06 13:00:00,-83.9915
2025-09-06 14:00:00,-68.8482
2025-09-06 15:00:00,-46.7452
2025-09-06 16:00:00,-15.9084
2025-09-06 17:00:00,17.897
2025-09-06 18:00:00,36.0038
2025-09-06 19:00:00,42.0394
2025-09-06 20:00:00,47.9386
2025-09-06 21:00:00,44.1747
2025-09-06 22:00:00,36.3824
2025-09-06 23:00:00,28.2485
2025-09-07 00:00:00,19.4262
2025-09-07 01:00:00,17.4408
2025-09-07 02:00:00,15.0516
2025-09-07 03:00:00,14.7145
2025-09-07 04:00:00,15.4665
2025-09-07 05:00:00,17.7186
2025-09-07 06:00:00,15.3515
2025-09-07 07:00:00,-7.8968
2025-09-07 08:00:00,-36.098
2025-09-07 09:00:00,-53.0259
2025-09-07 10:00:00,-63.8513
2025-09-07 11:00:00,-71.0689
2025-09-07 12:00:00,-80.5328
2025-09-07 13:00:00,-81.3915
2025-09-07 14:00:00,-59.1485
2025-09-07 15:00:00,-40.9059
2025-09-07 16:00:00,-7.8872
2025-09-07 17:00:00,18.6515
2025-09-07 18:00:00,35.5719
2025-09-07 19:00:00,43.6082
2025-09-07 20:00:00,47.2706
2025-09-07 21:00:00,43.312
2025-09-07 22:00:00,35.7028
2025-09-07 23:00:00,28.6801
2025-09-08 00:00:00,22.0085
2025-09-08 01:00:00,20.0861
2025-09-08 02:00:00,17.885
2025-09-08 03:00:00,16.5924
2025-09-08 04:00:00,17.5861
2025-09-08 05:00:00,19.8768
2025-09-08 06:00:00,18.8839
2025-09-08 07:00:00,-3.2576
2025-09-08 08:00:00,-30.1205
2025-09-08 09:00:00,-45.9965
2025-09-08 10:00:00,-55.5737
2025-09-08 11:00:00,-63.6064
2025-09-08 12:00:00,-64.0775
2025-09-08 13:00:00,-69.5054
2025-09-08 14:00:00,-58.0636
2025-09-08 15:00:00,-31.005
2025-09-08 16:00:00,-2.8786
2025-09-08 17:00:00,24.8279
2025-09-08 18:00:00,43.043
2025-09-08 19:00:00,51.6057
2025-09-08 20:00:00,54.3971
2025-09-08 21:00:00,50.973
2025-09-08 22:00:00,41.5648
2025-09-08 23:00:00,33.5943
2025-09-09 00:00:00,22.1465
2025-09-09 01:00:00,19.6462
2025-09-09 02:00:00,17.7262
2025-09-09 03:00:00,16.8268
2025-09-09 04:00:00,17.4904
2025-09-09 05:00:00,20.3209
2025-09-09 06:00:00,18.8726
2025-09-09 07:00:00,-1.3599
2025-09-09 08:00:00,-28.1012
2025-09-09 09:00:00,-44.0491
2025-09-09 10:00:00,-47.8409
2025-09-09 11:00:00,-44.6874
2025-09-09 12:00:00,-56.2414
2025-09-09 13:00:00,-38.5726
2025-09-09 14:00:00,-43.9724
2025-09-09 15:00:00,-24.6251
2025-09-09 16:00:00,-5.9588
2025-09-09 17:00:00,24.6683
2025-09-09 18:00:00,41.0238
2025-09-09 19:00:00,50.4034
2025-09-09 20:00:00,53.6897
2025-09-09 21:00:00,51.1295
2025-09-09 22:00:00,41.1884
2025-09-09 23:00:00,33.543
2025-09-10 00:00:00,22.6962
2025-09-10 01:00:00,20.0528
2025-09-10 02:00:00,17.5863
2025-09-10 03:00:00,16.7577
2025-09-10 04:00:00,17.6551
2025-09-10 05:00:00,20.347
2025-09-10 06:00:00,18.492
2025-09-10 07:00:00,-4.3486
2025-09-10 08:00:00,-31.1901
2025-09-10 09:00:00,-47.7337
2025-09-10 10:00:00,-57.2011
2025-09-10 11:00:00,-65.1125
2025-09-10 12:00:00,-71.0272
2025-09-10 13:00:00,-72.4575
2025-09-10 14:00:00,-62.4117
2025-09-10 15:00:00,-41.1897
2025-09-10 16:00:00,-8.2606
2025-09-10 17:00:00,24.5418
2025-09-10 18:00:00,42.2951
2025-09-10 19:00:00,49.6693
2025-09-10 20:00:00,54.5926
2025-09-10 21:00:00,49.6931
2025-09-10 22:00:00,41.8622
2025-09-10 23:00:00,34.0155
2025-09-11 00:00:00,22.787
2025-09-11 01:00:00,20.3263
2025-09-11 02:00:00,18.16
2025-09-11 03:00:00,17.0262
2025-09-11 04:00:00,17.5615
2025-09-11 05:00:00,20.0864
2025-09-11 06:00:00,18.8657
2025-09-11 07:00:00,-4.0229
2025-09-11 08:00:00,-32.5233
2025-09-11 09:00:00,-51.938
2025-09-11 10:00:00,-63.6535
2025-09-11 11:00:00,-74.263
2025-09-11 12:00:00,-82.4943
2025-09-11 13:00:00,-83.8706
2025-09-11 14:00:00,-70.3197
2025-09-11 15:00:00,-44.7677
2025-09-11 16:00:00,-11.5888
2025-09-11 17:00:00,24.8797
2025-09-11 18:00:00,42.3625
2025-09-11 19:00:00,49.367
2025-09-11 20:00:00,55.5136
2025-09-11 21:00:00,50.4557
2025-09-11 22:00:00,41.9902
2025-09-11 23:00:00,33.9219
2025-09-12 00:00:00,22.438
2025-09-12 01:00:00,19.933
2025-09-12 02:00:00,17.1242
2025-09-12 03:00:00,16.5472
2025-09-12 04:00:00,17.7188
2025-09-12 05:00:00,19.9584
2025-09-12 06:00:00,21.5437
2025-09-12 07:00:00,11.0235
2025-09-12 08:00:00,0.1959
2025-09-12 09:00:00,-7.7229
2025-09-12 10:00:00,-28.0896
2025-09-12 11:00:00,-30.4009
2025-09-12 12:00:00,-20.4797
2025-09-12 13:00:00,-15.2681
2025-09-12 14:00:00,-18.6097
2025-09-12 15:00:00,-7.9857
2025-09-12 16:00:00,2.3747
2025-09-12 17:00:00,27.3114
2025-09-12 18:00:00,42.1405
2025-09-12 19:00:00,50.0034
2025-09-12 20:00:00,53.3915
2025-09-12 21:00:00,50.3603
2025-09-12 22:00:00,41.8464
2025-09-12 23:00:00,33.202
2025-09-13 00:00:00,19.3122
2025-09-13 01:00:00,17.0381
2025-09-13 02:00:00,14.7099
2025-09-13 03:00:00,14.1334
2025-09-13 04:00:00,15.3539
2025-09-13 05:00:00,17.3171
2025-09-13 06:00:00,16.3639
2025-09-13 07:00:00,-5.4497
2025-09-13 08:00:00,-31.4736
2025-09-13 09:00:00,-49.0646
2025-09-13 10:00:00,-60.9154
2025-09-13 11:00:00,-69.8958
2025-09-13 12:00:00,-69.3417
2025-09-13 13:00:00,-69.6328
2025-09-13 14:00:00,-65.8437
2025-09-13 15:00:00,-41.5462
2025-09-13 16:00:00,-9.8259
2025-09-13 17:00:00,20.0064
2025-09-13 18:00:00,35.5336
2025-09-13 19:00:00,42.8508
2025-09-13 20:00:00,47.189
2025-09-13 21:00:00,43.8175
2025-09-13 22:00:00,35.3756
2025-09-13 23:00:00,28.5299
2025-09-14 00:00:00,19.8319
2025-09-14 01:00:00,16.9917
2025-09-14 02:00:00,14.8743
2025-09-14 03:00:00,14.5253
2025-09-14 04:00:00,15.0109
2025-09-14 05:00:00,17.1446
2025-09-14 06:00:00,16.5134
2025-09-14 07:00:00,-4.3415
2025-09-14 08:00:00,-29.3379
2025-09-14 09:00:00,-39.5553
2025-09-14 10:00:00,-47.9813
2025-09-14 11:00:00,-37.4385
2025-09-14 12:00:00,-61.1512
2025-09-14 13:00:00,-57.7619
2025-09-14 14:00:00,-45.9454
2025-09-14 15:00:00,-28.4733
2025-09-14 16:00:00,-2.6436
2025-09-14 17:00:00,23.4315
2025-09-14 18:00:00,35.4001
2025-09-14 19:00:00,43.4207
2025-09-14 20:00:00,46.551
2025-09-14 21:00:00,43.0174
2025-09-14 22:00:00,35.2517
2025-09-14 23:00:00,28.0751
2025-09-15 00:00:00,22.8212
2025-09-15 01:00:00,19.9622
2025-09-15 02:00:00,17.564
2025-09-15 03:00:00,16.7766
2025-09-15 04:00:00,17.6415
2025-09-15 05:00:00,19.7684
2025-09-15 06:00:00,22.3782
2025-09-15 07:00:00,23.5016
2025-09-15 08:00:00,23.4077
2025-09-15 09:00:00,18.9845
2025-09-15 10:00:00,11.3034
2025-09-15 11:00:00,7.4484
2025-09-15 12:00:00,-3.6739
2025-09-15 13:00:00,1.2692
2025-09-15 14:00:00,4.7812
2025-09-15 15:00:00,-1.7278
2025-09-15 16:00:00,9.0902
2025-09-15 17:00:00,28.3532
2025-09-15 18:00:00,42.3236
2025-09-15 19:00:00,50.9513
2025-09-15 20:00:00,55.8555
2025-09-15 21:00:00,50.7907
2025-09-15 22:00:00,41.2997
2025-09-15 23:00:00,34.4564
2025-09-16 00:00:00,23.2639
2025-09-16 01:00:00,20.3933
2025-09-16 02:00:00,18.1993
2025-09-16 03:00:00,16.6454
2025-09-16 04:00:00,17.934
2025-09-16 05:00:00,20.1794
2025-09-16 06:00:00,22.8745
2025-09-16 07:00:00,23.7429
2025-09-16 08:00:00,23.3834
2025-09-16 09:00:00,15.4273
2025-09-16 10:00:00,31.0336
2025-09-16 11:00:00,28.0095
2025-09-16 12:00:00,7.5999
2025-09-16 13:00:00,-8.0301
2025-09-16 14:00:00,-5.4262
2025-09-16 15:00:00,5.7423
2025-09-16 16:00:00,16.2044
2025-09-16 17:00:00,31.9854
2025-09-16 18:00:00,41.7382
2025-09-16 19:00:00,51.5397
2025-09-16 20:00:00,55.5599
2025-09-16 21:00:00,50.9467
2025-09-16 22:00:00,41.5818
2025-09-16 23:00:00,34.1446
2025-09-17 00:00:00,23.1644
2025-09-17 01:00:00,20.0086
2025-09-17 02:00:00,17.9614
2025-09-17 03:00:00,16.4935
2025-09-17 04:00:00,17.7296
2025-09-17 05:00:00,20.1692
2025-09-17 06:00:00,22.9579
2025-09-17 07:00:00,23.6169
2025-09-17 08:00:00,16.1928
2025-09-17 09:00:00,17.3075
2025-09-17 10:00:00,27.1059
2025-09-17 11:00:00,40.9532
2025-09-17 12:00:00,29.3229
2025-09-17 13:00:00,28.9029
2025-09-17 14:00:00,13.6173
2025-09-17 15:00:00,22.8231
2025-09-17 16:00:00,20.1128
2025-09-17 17:00:00,29.6895
2025-09-17 18:00:00,41.2687
2025-09-17 19:00:00,50.2165
2025-09-17 20:00:00,53.2656
2025-09-17 21:00:00,49.5454
2025-09-17 22:00:00,41.8472
2025-09-17 23:00:00,33.7142
2025-09-18 00:00:00,23.2408
2025-09-18 01:00:00,20.5248
2025-09-18 02:00:00,17.9291
2025-09-18 03:00:00,17.2024
2025-09-18 04:00:00,17.7533
2025-09-18 05:00:00,20.4967
2025-09-18 06:00:00,20.7649
2025-09-18 07:00:00,12.6382
2025-09-18 08:00:00,3.6981
2025-09-18 09:00:00,1.0738
2025-09-18 10:00:00,-5.9254
2025-09-18 11:00:00,-20.1984
2025-09-18 12:00:00,-29.3306
2025-09-18 13:00:00,-35.198
2025-09-18 14:00:00,-24.09
2025-09-18 15:00:00,-3.1022
2025-09-18 16:00:00,14.9431
2025-09-18 17:00:00,31.012
2025-09-18 18:00:00,42.5837
2025-09-18 19:00:00,50.9256
2025-09-18 20:00:00,54.0447
2025-09-18 21:00:00,50.4987
2025-09-18 22:00:00,42.3876
2025-09-18 23:00:00,34.146
2025-09-19 00:00:00,22.3963
2025-09-19 01:00:00,19.9309
2025-09-19 02:00:00,17.7454
2025-09-19 03:00:00,16.8959
2025-09-19 04:00:00,17.966
2025-09-19 05:00:00,20.0595
2025-09-19 06:00:00,20.365
2025-09-19 07:00:00,4.2891
2025-09-19 08:00:00,-10.3586
2025-09-19 09:00:00,-21.8943
2025-09-19 10:00:00,-21.3693
2025-09-19 11:00:00,-10.6103
2025-09-19 12:00:00,-21.4228
2025-09-19 13:00:00,-19.6128
2025-09-19 14:00:00,-3.2104
2025-09-19 15:00:00,-4.6106
2025-09-19 16:00:00,9.6349
2025-09-19 17:00:00,31.3205
2025-09-19 18:00:00,41.324
2025-09-19 19:00:00,50.0844
2025-09-19 20:00:00,55.5027
2025-09-19 21:00:00,49.3337
2025-09-19 22:00:00,42.5313
2025-09-19 23:00:00,33.308
2025-09-20 00:00:00,19.6715
2025-09-20 01:00:00,17.0277
2025-09-20 02:00:00,14.6501
2025-09-20 03:00:00,14.2491
2025-09-20 04:00:00,15.0374
2025-09-20 05:00:00,17.0933
2025-09-20 06:00:00,19.475
2025-09-20 07:00:00,19.0367
2025-09-20 08:00:00,17.1085
2025-09-20 09:00:00,22.6887
2025-09-20 10:00:00,13.7113
2025-09-20 11:00:00,-5.1556
2025-09-20 12:00:00,-19.6659
2025-09-20 13:00:00,-5.5584
2025-09-20 14:00:00,-1.4012
2025-09-20 15:00:00,11.6579
2025-09-20 16:00:00,19.2502
2025-09-20 17:00:00,27.295
2025-09-20 18:00:00,35.4911
2025-09-20 19:00:00,42.852
2025-09-20 20:00:00,46.1599
2025-09-20 21:00:00,42.26
2025-09-20 22:00:00,35.0237
2025-09-20 23:00:00,28.7669
2025-09-21 00:00:00,19.5135
2025-09-21 01:00:00,17.2678
2025-09-21 02:00:00,15.0239
2025-09-21 03:00:00,14.3217
2025-09-21 04:00:00,14.7538
2025-09-21 05:00:00,17.0107
2025-09-21 06:00:00,19.7073
2025-09-21 07:00:00,21.8299
2025-09-21 08:00:00,22.4847
2025-09-21 09:00:00,26.683
2025-09-21 10:00:00,33.7593
2025-09-21 11:00:00,31.273
2025-09-21 12:00:00,22.2258
2025-09-21 13:00:00,18.4992
2025-09-21 14:00:00,19.7089
2025-09-21 15:00:00,19.0998
2025-09-21 16:00:00,18.8516
2025-09-21 17:00:00,25.0114
2025-09-21 18:00:00,34.9692
2025-09-21 19:00:00,44.1381
2025-09-21 20:00:00,46.498
2025-09-21 21:00:00,43.2871
2025-09-21 22:00:00,35.0826
2025-09-21 23:00:00,29.0075
2025-09-22 00:00:00,22.7622
2025-09-22 01:00:00,20.2483
2025-09-22 02:00:00,17.5052
2025-09-22 03:00:00,17.0054
2025-09-22 04:00:00,18.0204
2025-09-22 05:00:00,20.48
2025-09-22 06:00:00,19.7029
2025-09-22 07:00:00,-4.4051
2025-09-22 08:00:00,-34.0025
2025-09-22 09:00:00,-54.336
2025-09-22 10:00:00,-66.9721
2025-09-22 11:00:00,-74.8031
2025-09-22 12:00:00,-77.7493
2025-09-22 13:00:00,-82.4819
2025-09-22 14:00:00,-65.5845
2025-09-22 15:00:00,-41.3317
2025-09-22 16:00:00,-6.6177
2025-09-22 17:00:00,27.3987
2025-09-22 18:00:00,41.3367
2025-09-22 19:00:00,51.0476
2025-09-22 20:00:00,53.7268
2025-09-22 21:00:00,50.3409
2025-09-22 22:00:00,42.0236
2025-09-22 23:00:00,34.428
2025-09-23 00:00:00,22.6717
2025-09-23 01:00:00,20.2444
2025-09-23 02:00:00,17.8637
2025-09-23 03:00:00,17.1224
2025-09-23 04:00:00,17.9473
2025-09-23 05:00:00,19.949
2025-09-23 06:00:00,20.7838
2025-09-23 07:00:00,10.2184
2025-09-23 08:00:00,-10.1639
2025-09-23 09:00:00,-16.0098
2025-09-23 10:00:00,-8.2051
2025-09-23 11:00:00,18.3268
2025-09-23 12:00:00,15.9621
2025-09-23 13:00:00,6.0652
2025-09-23 14:00:00,-5.0933
2025-09-23 15:00:00,-10.1294
2025-09-23 16:00:00,8.3847
2025-09-23 17:00:00,29.7415
2025-09-23 18:00:00,41.0298
2025-09-23 19:00:00,51.0838
2025-09-23 20:00:00,54.6405
2025-09-23 21:00:00,51.2698
2025-09-23 22:00:00,41.5432
2025-09-23 23:00:00,34.289
2025-09-24 00:00:00,21.9391
2025-09-24 01:00:00,19.9065
2025-09-24 02:00:00,17.9825
2025-09-24 03:00:00,16.468
2025-09-24 04:00:00,17.4478
2025-09-24 05:00:00,20.065
2025-09-24 06:00:00,20.2927
2025-09-24 07:00:00,-5.8215
2025-09-24 08:00:00,-33.2867
2025-09-24 09:00:00,-51.4812
2025-09-24 10:00:00,-60.042
2025-09-24 11:00:00,-71.3249
2025-09-24 12:00:00,-76.9063
2025-09-24 13:00:00,-75.5906
2025-09-24 14:00:00,-61.3029
2025-09-24 15:00:00,-28.0228
2025-09-24 16:00:00,5.3591
2025-09-24 17:00:00,28.6907
2025-09-24 18:00:00,42.7491
2025-09-24 19:00:00,49.9616
2025-09-24 20:00:00,55.5987
2025-09-24 21:00:00,50.4671
2025-09-24 22:00:00,41.0991
2025-09-24 23:00:00,33.4392
2025-09-25 00:00:00,22.7219
2025-09-25 01:00:00,20.5131
2025-09-25 02:00:00,18.0297
2025-09-25 03:00:00,17.0391
2025-09-25 04:00:00,18.3334
2025-09-25 05:00:00,20.5502
2025-09-25 06:00:00,22.4964
2025-09-25 07:00:00,26.2011
2025-09-25 08:00:00,31.0709
2025-09-25 09:00:00,38.8246
2025-09-25 10:00:00,44.0462
2025-09-25 11:00:00,42.7254
2025-09-25 12:00:00,31.1059
2025-09-25 13:00:00,24.345
2025-09-25 14:00:00,26.9211
2025-09-25 15:00:00,26.0629
2025-09-25 16:00:00,23.2746
2025-09-25 17:00:00,32.6485
2025-09-25 18:00:00,41.394
2025-09-25 19:00:00,50.617
2025-09-25 20:00:00,54.1729
2025-09-25 21:00:00,51.8181
2025-09-25 22:00:00,42.3907
2025-09-25 23:00:00,33.6835
2025-09-26 00:00:00,22.3786
2025-09-26 01:00:00,20.0871
2025-09-26 02:00:00,17.4856
2025-09-26 03:00:00,16.7624
2025-09-26 04:00:00,17.8572
2025-09-26 05:00:00,20.2695
2025-09-26 06:00:00,22.6439
2025-09-26 07:00:00,22.0941
2025-09-26 08:00:00,15.7875
2025-09-26 09:00:00,17.898
2025-09-26 10:00:00,10.5442
2025-09-26 11:00:00,14.4215
2025-09-26 12:00:00,23.5003
2025-09-26 13:00:00,27.5769
2025-09-26 14:00:00,24.6421
2025-09-26 15:00:00,26.5233
2025-09-26 16:00:00,28.2527
2025-09-26 17:00:00,33.3866
2025-09-26 18:00:00,42.1314
2025-09-26 19:00:00,50.0925
2025-09-26 20:00:00,55.0407
2025-09-26 21:00:00,52.2658
2025-09-26 22:00:00,41.6545
2025-09-26 23:00:00,32.8407
2025-09-27 00:00:00,19.3595
2025-09-27 01:00:00,17.4282
2025-09-27 02:00:00,15.1243
2025-09-27 03:00:00,14.333
2025-09-27 04:00:00,14.7867
2025-09-27 05:00:00,17.0198
2025-09-27 06:00:00,19.3967
2025-09-27 07:00:00,22.7802
2025-09-27 08:00:00,25.7046
2025-09-27 09:00:00,29.9839
2025-09-27 10:00:00,36.053
2025-09-27 11:00:00,35.3885
2025-09-27 12:00:00,30.2713
2025-09-27 13:00:00,24.9347
2025-09-27 14:00:00,23.0809
2025-09-27 15:00:00,20.1275
2025-09-27 16:00:00,22.0657
2025-09-27 17:00:00,28.8207
2025-09-27 18:00:00,34.9727
2025-09-27 19:00:00,43.8379
2025-09-27 20:00:00,46.9992
2025-09-27 21:00:00,42.8977
2025-09-27 22:00:00,35.7526
2025-09-27 23:00:00,28.7686
2025-09-28 00:00:00,19.44
2025-09-28 01:00:00,16.9207
2025-09-28 02:00:00,15.1721
2025-09-28 03:00:00,13.9121
2025-09-28 04:00:00,15.2204
2025-09-28 05:00:00,17.1278
2025-09-28 06:00:00,20.0464
2025-09-28 07:00:00,21.9441
2025-09-28 08:00:00,20.5437
2025-09-28 09:00:00,18.1242
2025-09-28 10:00:00,17.6128
2025-09-28 11:00:00,22.8282
2025-09-28 12:00:00,21.148
2025-09-28 13:00:00,18.287
2025-09-28 14:00:00,14.667
2025-09-28 15:00:00,19.4601
2025-09-28 16:00:00,22.5916
2025-09-28 17:00:00,28.2436
2025-09-28 18:00:00,36.6878
2025-09-28 19:00:00,43.0594
2025-09-28 20:00:00,47.596
2025-09-28 21:00:00,42.1644
2025-09-28 22:00:00,35.1756
2025-09-28 23:00:00,29.1559
2025-09-29 00:00:00,23.137
2025-09-29 01:00:00,19.9151
2025-09-29 02:00:00,17.8703
2025-09-29 03:00:00,16.6257
2025-09-29 04:00:00,17.8064
2025-09-29 05:00:00,20.2661
2025-09-29 06:00:00,23.213
2025-09-29 07:00:00,24.8695
2025-09-29 08:00:00,27.4947
2025-09-29 09:00:00,27.5655
2025-09-29 10:00:00,23.0061
2025-09-29 11:00:00,21.5411
2025-09-29 12:00:00,18.83
2025-09-29 13:00:00,13.6386
2025-09-29 14:00:00,12.7491
2025-09-29 15:00:00,18.823
2025-09-29 16:00:00,25.415
2025-09-29 17:00:00,33.3046
2025-09-29 18:00:00,41.2147
2025-09-29 19:00:00,50.6057
2025-09-29 20:00:00,56.1152
2025-09-29 21:00:00,51.2418
2025-09-29 22:00:00,42.14
2025-09-29 23:00:00,33.5274
2025-09-30 00:00:00,23.087
2025-09-30 01:00:00,19.8188
2025-09-30 02:00:00,17.771
2025-09-30 03:00:00,17.105
2025-09-30 04:00:00,17.7665
2025-09-30 05:00:00,20.6414
2025-09-30 06:00:00,23.2381
2025-09-30 07:00:00,22.9231
2025-09-30 08:00:00,19.5353
2025-09-30 09:00:00,24.4261
2025-09-30 10:00:00,14.6575
2025-09-30 11:00:00,-3.8009
2025-09-30 12:00:00,-27.3725
2025-09-30 13:00:00,-17.4054
2025-09-30 14:00:00,-1.2894
2025-09-30 15:00:00,5.8603
2025-09-30 16:00:00,18.7534
2025-09-30 17:00:00,32.9582
2025-09-30 18:00:00,41.4094
2025-09-30 19:00:00,51.8203
2025-09-30 20:00:00,53.5377
2025-09-30 21:00:00,51.9013
2025-09-30 22:00:00,41.2888
2025-09-30 23:00:00,33.6151
2025-10-01 00:00:00,20.5699
2025-10-01 01:00:00,18.0443
2025-10-01 02:00:00,16.3585
2025-10-01 03:00:00,15.0951
2025-10-01 04:00:00,15.9686
2025-10-01 05:00:00,18.1614
2025-10-01 06:00:00,21.0048
2025-10-01 07:00:00,21.1086
2025-10-01 08:00:00,14.7111
2025-10-01 09:00:00,8.344
2025-10-01 10:00:00,-5.6622
2025-10-01 11:00:00,-46.3796
2025-10-01 12:00:00,-25.194
2025-10-01 13:00:00,-7.8641
2025-10-01 14:00:00,10.9792
2025-10-01 15:00:00,19.0303
2025-10-01 16:00:00,25.0215
2025-10-01 17:00:00,30.8174
2025-10-01 18:00:00,38.0295
2025-10-01 19:00:00,45.9846
2025-10-01 20:00:00,50.12
2025-10-01 21:00:00,46.1021
2025-10-01 22:00:00,38.2005
2025-10-01 23:00:00,29.9526
2025-10-02 00:00:00,20.2396
2025-10-02 01:00:00,18.1289
2025-10-02 02:00:00,15.8446
2025-10-02 03:00:00,15.2552
2025-10-02 04:00:00,16.1165
2025-10-02 05:00:00,17.8822
2025-10-02 06:00:00,20.4936
2025-10-02 07:00:00,21.8629
2025-10-02 08:00:00,23.0204
2025-10-02 09:00:00,21.7923
2025-10-02 10:00:00,8.2156
2025-10-02 11:00:00,9.1124
2025-10-02 12:00:00,5.877
2025-10-02 13:00:00,10.8642
2025-10-02 14:00:00,0.7713
2025-10-02 15:00:00,21.0686
2025-10-02 16:00:00,24.5317
2025-10-02 17:00:00,29.8582
2025-10-02 18:00:00,38.3733
2025-10-02 19:00:00,45.1421
2025-10-02 20:00:00,49.138
2025-10-02 21:00:00,45.8917
2025-10-02 22:00:00,37.3893
2025-10-02 23:00:00,29.7528
2025-10-03 00:00:00,20.5171
2025-10-03 01:00:00,17.9446
2025-10-03 02:00:00,15.5579
2025-10-03 03:00:00,14.655
2025-10-03 04:00:00,15.6613
2025-10-03 05:00:00,18.4609
2025-10-03 06:00:00,21.0583
2025-10-03 07:00:00,22.4877
2025-10-03 08:00:00,25.6846
2025-10-03 09:00:00,31.6702
2025-10-03 10:00:00,35.9743
2025-10-03 11:00:00,29.5659
2025-10-03 12:00:00,26.7791
2025-10-03 13:00:00,25.8315
2025-10-03 14:00:00,21.4133
2025-10-03 15:00:00,22.6127
2025-10-03 16:00:00,25.4569
2025-10-03 17:00:00,30.4159
2025-10-03 18:00:00,37.7094
2025-10-03 19:00:00,46.1004
2025-10-03 20:00:00,48.835
2025-10-03 21:00:00,46.5534
2025-10-03 22:00:00,37.4667
2025-10-03 23:00:00,30.7835
2025-10-04 00:00:00,17.3078
2025-10-04 01:00:00,15.5109
2025-10-04 02:00:00,13.1657
2025-10-04 03:00:00,12.9231
2025-10-04 04:00:00,13.7648
2025-10-04 05:00:00,15.6317
2025-10-04 06:00:00,16.9322
2025-10-04 07:00:00,1.9056
2025-10-04 08:00:00,-27.1031
2025-10-04 09:00:00,-45.6958
2025-10-04 10:00:00,-70.415
2025-10-04 11:00:00,-79.8699
2025-10-04 12:00:00,-89.4899
2025-10-04 13:00:00,-81.7944
2025-10-04 14:00:00,-57.6327
2025-10-04 15:00:00,-39.9056
2025-10-04 16:00:00,-9.6356
2025-10-04 17:00:00,22.3811
2025-10-04 18:00:00,30.8331
2025-10-04 19:00:00,39.195
2025-10-04 20:00:00,40.8961
2025-10-04 21:00:00,38.1397
2025-10-04 22:00:00,33.0219
2025-10-04 23:00:00,25.701
2025-10-05 00:00:00,16.9509
2025-10-05 01:00:00,15.3419
2025-10-05 02:00:00,13.4489
2025-10-05 03:00:00,12.7406
2025-10-05 04:00:00,13.7271
2025-10-05 05:00:00,15.4934
2025-10-05 06:00:00,16.0103
2025-10-05 07:00:00,0.9972
2025-10-05 08:00:00,-17.4375
2025-10-05 09:00:00,-44.6745
2025-10-05 10:00:00,-60.1971
2025-10-05 11:00:00,-82.0921
2025-10-05 12:00:00,-85.451
2025-10-05 13:00:00,-75.0493
2025-10-05 14:00:00,-64.9795
2025-10-05 15:00:00,-41.881
2025-10-05 16:00:00,-7.945
2025-10-05 17:00:00,23.3118
2025-10-05 18:00:00,32.0776
2025-10-05 19:00:00,38.8733
2025-10-05 20:00:00,43.2764
2025-10-05 21:00:00,38.6218
2025-10-05 22:00:00,31.6232
2025-10-05 23:00:00,25.5812
2025-10-06 00:00:00,20.4197
2025-10-06 01:00:00,17.9531
2025-10-06 02:00:00,15.6041
2025-10-06 03:00:00,15.1194
2025-10-06 04:00:00,16.3504
2025-10-06 05:00:00,18.1825
2025-10-06 06:00:00,20.8501
2025-10-06 07:00:00,20.1193
2025-10-06 08:00:00,22.7644
2025-10-06 09:00:00,29.2517
2025-10-06 10:00:00,40.1372
2025-10-06 11:00:00,34.1688
2025-10-06 12:00:00,32.8305
2025-10-06 13:00:00,24.4795
2025-10-06 14:00:00,25.2199
2025-10-06 15:00:00,24.2819
2025-10-06 16:00:00,26.5193
2025-10-06 17:00:00,31.1836
2025-10-06 18:00:00,37.6552
2025-10-06 19:00:00,46.0942
2025-10-06 20:00:00,48.7093
2025-10-06 21:00:00,45.2923
2025-10-06 22:00:00,37.5326
2025-10-06 23:00:00,30.7477
2025-10-07 00:00:00,20.4915
2025-10-07 01:00:00,18.1414
2025-10-07 02:00:00,16.3302
2025-10-07 03:00:00,14.7418
2025-10-07 04:00:00,15.9596
2025-10-07 05:00:00,18.3593
2025-10-07 06:00:00,19.0798
2025-10-07 07:00:00,4.051
2025-10-07 08:00:00,-8.7754
2025-10-07 09:00:00,-13.4898
2025-10-07 10:00:00,-23.1567
2025-10-07 11:00:00,-41.3821
2025-10-07 12:00:00,-68.7347
2025-10-07 13:00:00,-58.7604
2025-10-07 14:00:00,-58.1096
2025-10-07 15:00:00,-34.8978
2025-10-07 16:00:00,-3.1485
2025-10-07 17:00:00,28.0279
2025-10-07 18:00:00,38.1662
2025-10-07 19:00:00,45.4747
2025-10-07 20:00:00,48.5176
2025-10-07 21:00:00,44.3125
2025-10-07 22:00:00,37.5665
2025-10-07 23:00:00,30.7197
2025-10-08 00:00:00,20.7268
2025-10-08 01:00:00,17.4848
2025-10-08 02:00:00,15.9181
2025-10-08 03:00:00,15.0134
2025-10-08 04:00:00,15.8513
2025-10-08 05:00:00,18.5433
2025-10-08 06:00:00,18.0989
2025-10-08 07:00:00,-7.392
2025-10-08 08:00:00,-36.4047
2025-10-08 09:00:00,-55.4312
2025-10-08 10:00:00,-66.4796
2025-10-08 11:00:00,-74.7279
2025-10-08 12:00:00,-81.496
2025-10-08 13:00:00,-77.4642
2025-10-08 14:00:00,-61.8453
2025-10-08 15:00:00,-36.4956
2025-10-08 16:00:00,-2.4047
2025-10-08 17:00:00,27.1601
2025-10-08 18:00:00,37.1938
2025-10-08 19:00:00,46.81
2025-10-08 20:00:00,50.0184
2025-10-08 21:00:00,45.431
2025-10-08 22:00:00,38.1032
2025-10-08 23:00:00,30.3003
2025-10-09 00:00:00,20.7153
2025-10-09 01:00:00,17.9743
2025-10-09 02:00:00,15.7103
2025-10-09 03:00:00,14.6214
2025-10-09 04:00:00,16.2997
2025-10-09 05:00:00,18.11
2025-10-09 06:00:00,18.5124
2025-10-09 07:00:00,-5.5077
2025-10-09 08:00:00,-31.1159
2025-10-09 09:00:00,-46.1065
2025-10-09 10:00:00,-61.657
2025-10-09 11:00:00,-74.2148
2025-10-09 12:00:00,-81.529
2025-10-09 13:00:00,-78.5428
2025-10-09 14:00:00,-63.9055
2025-10-09 15:00:00,-39.0915
2025-10-09 16:00:00,-2.0125
2025-10-09 17:00:00,28.9385
2025-10-09 18:00:00,38.5373
2025-10-09 19:00:00,46.5469
2025-10-09 20:00:00,49.322
2025-10-09 21:00:00,42.8348
2025-10-09 22:00:00,37.4601
2025-10-09 23:00:00,29.7159
2025-10-10 00:00:00,20.3624
2025-10-10 01:00:00,18.1565
2025-10-10 02:00:00,16.1682
2025-10-10 03:00:00,14.8365
2025-10-10 04:00:00,15.3978
2025-10-10 05:00:00,18.9261
2025-10-10 06:00:00,18.3003
2025-10-10 07:00:00,-7.3916
2025-10-10 08:00:00,-37.1964
2025-10-10 09:00:00,-55.7552
2025-10-10 10:00:00,-65.8513
2025-10-10 11:00:00,-75.0775
2025-10-10 12:00:00,-81.8727
2025-10-10 13:00:00,-80.4983
2025-10-10 14:00:00,-65.2581
2025-10-10 15:00:00,-39.033
2025-10-10 16:00:00,-2.5702
2025-10-10 17:00:00,29.7986
2025-10-10 18:00:00,37.9196
2025-10-10 19:00:00,44.5055
2025-10-10 20:00:00,49.4025
2025-10-10 21:00:00,45.0642
2025-10-10 22:00:00,37.3114
2025-10-10 23:00:00,30.1283
2025-10-11 00:00:00,17.2789
2025-10-11 01:00:00,15.2471
2025-10-11 02:00:00,13.981
2025-10-11 03:00:00,12.8253
2025-10-11 04:00:00,13.5022
2025-10-11 05:00:00,15.1766
2025-10-11 06:00:00,15.3516
2025-10-11 07:00:00,-10.3588
2025-10-11 08:00:00,-41.2007
2025-10-11 09:00:00,-62.7373
2025-10-11 10:00:00,-75.1298
2025-10-11 11:00:00,-85.6358
2025-10-11 12:00:00,-89.7608
2025-10-11 13:00:00,-86.2821
2025-10-11 14:00:00,-71.1511
2025-10-11 15:00:00,-43.2682
2025-10-11 16:00:00,-6.7545
2025-10-11 17:00:00,25.1454
2025-10-11 18:00:00,31.8475
2025-10-11 19:00:00,39.0589
2025-10-11 20:00:00,40.8624
2025-10-11 21:00:00,37.7689
2025-10-11 22:00:00,31.4758
2025-10-11 23:00:00,26.0806
2025-10-12 00:00:00,17.5743
2025-10-12 01:00:00,15.1766
2025-10-12 02:00:00,13.6329
2025-10-12 03:00:00,12.8057
2025-10-12 04:00:00,13.3855
2025-10-12 05:00:00,15.1762
2025-10-12 06:00:00,16.3021
2025-10-12 07:00:00,-4.0395
2025-10-12 08:00:00,-28.7447
2025-10-12 09:00:00,-45.5302
2025-10-12 10:00:00,-61.7348
2025-10-12 11:00:00,-59.7219
2025-10-12 12:00:00,-37.0588
2025-10-12 13:00:00,-52.7845
2025-10-12 14:00:00,-42.009
2025-10-12 15:00:00,-20.4672
2025-10-12 16:00:00,5.501
2025-10-12 17:00:00,25.6474
2025-10-12 18:00:00,32.9404
2025-10-12 19:00:00,38.04
2025-10-12 20:00:00,41.8338
2025-10-12 21:00:00,38.5686
2025-10-12 22:00:00,32.637
2025-10-12 23:00:00,25.9631
2025-10-13 00:00:00,20.2754
2025-10-13 01:00:00,17.7603
2025-10-13 02:00:00,16.0732
2025-10-13 03:00:00,15.0766
2025-10-13 04:00:00,16.1045
2025-10-13 05:00:00,18.4775
2025-10-13 06:00:00,18.998
2025-10-13 07:00:00,0.6751
2025-10-13 08:00:00,-28.1339
2025-10-13 09:00:00,-48.4289
2025-10-13 10:00:00,-51.2844
2025-10-13 11:00:00,-56.5066
2025-10-13 12:00:00,-24.9739
2025-10-13 13:00:00,-40.3374
2025-10-13 14:00:00,-23.0661
2025-10-13 15:00:00,-0.3128
2025-10-13 16:00:00,15.3599
2025-10-13 17:00:00,30.8076
2025-10-13 18:00:00,37.4615
2025-10-13 19:00:00,45.6864
2025-10-13 20:00:00,48.2055
2025-10-13 21:00:00,43.3902
2025-10-13 22:00:00,38.0342
2025-10-13 23:00:00,30.1381
2025-10-14 00:00:00,21.0234
2025-10-14 01:00:00,18.0397
2025-10-14 02:00:00,16.1793
2025-10-14 03:00:00,14.9674
2025-10-14 04:00:00,16.0934
2025-10-14 05:00:00,17.6875
2025-10-14 06:00:00,18.0447
2025-10-14 07:00:00,-7.2336
2025-10-14 08:00:00,-39.8672
2025-10-14 09:00:00,-58.9815
2025-10-14 10:00:00,-61.1519
2025-10-14 11:00:00,-71.5654
2025-10-14 12:00:00,-82.9706
2025-10-14 13:00:00,-80.4518
2025-10-14 14:00:00,-9.7217
2025-10-14 15:00:00,4.6225
2025-10-14 16:00:00,20.7619
2025-10-14 17:00:00,30.0477
2025-10-14 18:00:00,36.7724
2025-10-14 19:00:00,46.7321
2025-10-14 20:00:00,48.573
2025-10-14 21:00:00,46.3571
2025-10-14 22:00:00,37.3788
2025-10-14 23:00:00,30.0159
2025-10-15 00:00:00,20.4556
2025-10-15 01:00:00,18.195
2025-10-15 02:00:00,16.246
2025-10-15 03:00:00,15.0884
2025-10-15 04:00:00,15.77
2025-10-15 05:00:00,18.3683
2025-10-15 06:00:00,20.6333
2025-10-15 07:00:00,-4.411
2025-10-15 08:00:00,-38.2428
2025-10-15 09:00:00,-44.9491
2025-10-15 10:00:00,-51.4436
2025-10-15 11:00:00,-75.4947
2025-10-15 12:00:00,-86.0995
2025-10-15 13:00:00,-83.6012
2025-10-15 14:00:00,-67.6913
2025-10-15 15:00:00,-39.1856
2025-10-15 16:00:00,-1.9729
2025-10-15 17:00:00,29.8596
2025-10-15 18:00:00,37.5088
2025-10-15 19:00:00,44.7156
2025-10-15 20:00:00,48.4131
2025-10-15 21:00:00,45.2438
2025-10-15 22:00:00,37.8463
2025-10-15 23:00:00,31.2811
2025-10-16 00:00:00,20.5209
2025-10-16 01:00:00,18.2124
2025-10-16 02:00:00,16.5699
2025-10-16 03:00:00,15.165
2025-10-16 04:00:00,16.2748
2025-10-16 05:00:00,18.098
2025-10-16 06:00:00,20.4302
2025-10-16 07:00:00,-7.1774
2025-10-16 08:00:00,-36.4846
2025-10-16 09:00:00,-58.6899
2025-10-16 10:00:00,-68.2532
2025-10-16 11:00:00,-77.2021
2025-10-16 12:00:00,-83.579
2025-10-16 13:00:00,-81.0929
2025-10-16 14:00:00,-64.882
2025-10-16 15:00:00,-37.1218
2025-10-16 16:00:00,0.184
2025-10-16 17:00:00,29.2257
2025-10-16 18:00:00,37.8381
2025-10-16 19:00:00,45.8867
2025-10-16 20:00:00,50.5506
2025-10-16 21:00:00,45.5068
2025-10-16 22:00:00,37.9581
2025-10-16 23:00:00,29.6785
2025-10-17 00:00:00,20.3727
2025-10-17 01:00:00,18.9327
2025-10-17 02:00:00,15.7946
2025-10-17 03:00:00,14.9318
2025-10-17 04:00:00,16.0599
2025-10-17 05:00:00,18.5488
2025-10-17 06:00:00,20.2434
2025-10-17 07:00:00,-5.6734
2025-10-17 08:00:00,-36.7351
2025-10-17 09:00:00,-54.8347
2025-10-17 10:00:00,-64.4742
2025-10-17 11:00:00,-73.8199
2025-10-17 12:00:00,-78.2223
2025-10-17 13:00:00,-75.6966
2025-10-17 14:00:00,-61.9112
2025-10-17 15:00:00,-35.467
2025-10-17 16:00:00,1.1203
2025-10-17 17:00:00,29.5801
2025-10-17 18:00:00,38.4399
2025-10-17 19:00:00,46.0836
2025-10-17 20:00:00,48.8711
2025-10-17 21:00:00,45.8977
2025-10-17 22:00:00,37.9992
2025-10-17 23:00:00,30.0257
2025-10-18 00:00:00,17.4347
2025-10-18 01:00:00,15.5743
2025-10-18 02:00:00,13.2517
2025-10-18 03:00:00,12.597
2025-10-18 04:00:00,13.5856
2025-10-18 05:00:00,15.9981
2025-10-18 06:00:00,17.0816
2025-10-18 07:00:00,12.9169
2025-10-18 08:00:00,-10.4848
2025-10-18 09:00:00,-31.2149
2025-10-18 10:00:00,-56.768
2025-10-18 11:00:00,-70.7525
2025-10-18 12:00:00,-81.7027
2025-10-18 13:00:00,-79.0624
2025-10-18 14:00:00,-35.2538
2025-10-18 15:00:00,-10.501
2025-10-18 16:00:00,2.3767
2025-10-18 17:00:00,26.0268
2025-10-18 18:00:00,31.5665
2025-10-18 19:00:00,38.7179
2025-10-18 20:00:00,41.3795
2025-10-18 21:00:00,39.0488
2025-10-18 22:00:00,31.8171
2025-10-18 23:00:00,26.4159
2025-10-19 00:00:00,17.4655
2025-10-19 01:00:00,15.3607
2025-10-19 02:00:00,13.3147
2025-10-19 03:00:00,12.8003
2025-10-19 04:00:00,13.3767
2025-10-19 05:00:00,15.4454
2025-10-19 06:00:00,17.2133
2025-10-19 07:00:00,-2.8249
2025-10-19 08:00:00,-25.1509
2025-10-19 09:00:00,-40.5191
2025-10-19 10:00:00,-52.935
2025-10-19 11:00:00,-64.1761
2025-10-19 12:00:00,-73.8463
2025-10-19 13:00:00,-77.1117
2025-10-19 14:00:00,-53.1982
2025-10-19 15:00:00,-35.8206
2025-10-19 16:00:00,3.0988
2025-10-19 17:00:00,25.6487
2025-10-19 18:00:00,32.3028
2025-10-19 19:00:00,39.2216
2025-10-19 20:00:00,41.4543
2025-10-19 21:00:00,38.8025
2025-10-19 22:00:00,31.4331
2025-10-19 23:00:00,26.1273
2025-10-20 00:00:00,21.2446
2025-10-20 01:00:00,18.1449
2025-10-20 02:00:00,15.844
2025-10-20 03:00:00,15.0887
2025-10-20 04:00:00,16.1633
2025-10-20 05:00:00,18.719
2025-10-20 06:00:00,20.8967
2025-10-20 07:00:00,17.0559
2025-10-20 08:00:00,6.0515
2025-10-20 09:00:00,-5.0694
2025-10-20 10:00:00,-21.1203
2025-10-20 11:00:00,-51.6966
2025-10-20 12:00:00,-57.4041
2025-10-20 13:00:00,-31.2698
2025-10-20 14:00:00,-17.5806
2025-10-20 15:00:00,13.0643
2025-10-20 16:00:00,26.1428
2025-10-20 17:00:00,31.6309
2025-10-20 18:00:00,37.6229
2025-10-20 19:00:00,45.1295
2025-10-20 20:00:00,49.4455
2025-10-20 21:00:00,45.1552
2025-10-20 22:00:00,37.7442
2025-10-20 23:00:00,30.7021
2025-10-21 00:00:00,20.7644
2025-10-21 01:00:00,18.3633
2025-10-21 02:00:00,16.0779
2025-10-21 03:00:00,15.0154
2025-10-21 04:00:00,15.6159
2025-10-21 05:00:00,18.2575
2025-10-21 06:00:00,20.8954
2025-10-21 07:00:00,19.1452
2025-10-21 08:00:00,4.8927
2025-10-21 09:00:00,-11.4737
2025-10-21 10:00:00,-21.4422
2025-10-21 11:00:00,-41.9253
2025-10-21 12:00:00,-43.8748
2025-10-21 13:00:00,-40.1308
2025-10-21 14:00:00,2.0984
2025-10-21 15:00:00,4.8807
2025-10-21 16:00:00,17.6814
2025-10-21 17:00:00,29.4655
2025-10-21 18:00:00,37.9354
2025-10-21 19:00:00,44.8357
2025-10-21 20:00:00,48.5997
2025-10-21 21:00:00,46.9449
2025-10-21 22:00:00,37.6834
2025-10-21 23:00:00,29.9876
2025-10-22 00:00:00,20.7051
2025-10-22 01:00:00,17.9353
2025-10-22 02:00:00,16.4308
2025-10-22 03:00:00,15.0949
2025-10-22 04:00:00,15.822
2025-10-22 05:00:00,18.3614
2025-10-22 06:00:00,20.0254
2025-10-22 07:00:00,0.53
2025-10-22 08:00:00,-32.2788
2025-10-22 09:00:00,-50.6614
2025-10-22 10:00:00,-60.8304
2025-10-22 11:00:00,-72.6938
2025-10-22 12:00:00,-78.2119
2025-10-22 13:00:00,-64.9039
2025-10-22 14:00:00,-47.3422
2025-10-22 15:00:00,-20.1314
2025-10-22 16:00:00,12.2952
2025-10-22 17:00:00,30.1863
2025-10-22 18:00:00,37.4102
2025-10-22 19:00:00,45.2258
2025-10-22 20:00:00,48.9846
2025-10-22 21:00:00,46.1205
2025-10-22 22:00:00,38.3151
2025-10-22 23:00:00,29.5954
2025-10-23 00:00:00,20.7178
2025-10-23 01:00:00,17.7933
2025-10-23 02:00:00,16.2915
2025-10-23 03:00:00,14.6052
2025-10-23 04:00:00,15.6788
2025-10-23 05:00:00,18.6548
2025-10-23 06:00:00,20.965
2025-10-23 07:00:00,-5.4417
2025-10-23 08:00:00,-37.049
2025-10-23 09:00:00,-58.5634
2025-10-23 10:00:00,-69.1244
2025-10-23 11:00:00,-77.7637
2025-10-23 12:00:00,-81.705
2025-10-23 13:00:00,-78.2142
2025-10-23 14:00:00,-62.2064
2025-10-23 15:00:00,-33.5871
2025-10-23 16:00:00,2.6197
2025-10-23 17:00:00,29.9667
2025-10-23 18:00:00,36.9795
2025-10-23 19:00:00,45.6489
2025-10-23 20:00:00,49.5201
2025-10-23 21:00:00,46.1052
2025-10-23 22:00:00,37.9567
2025-10-23 23:00:00,30.0932
2025-10-24 00:00:00,20.5411
2025-10-24 01:00:00,18.528
2025-10-24 02:00:00,15.9781
2025-10-24 03:00:00,15.1371
2025-10-24 04:00:00,15.7249
2025-10-24 05:00:00,18.2892
2025-10-24 06:00:00,19.7866
2025-10-24 07:00:00,1.9076
2025-10-24 08:00:00,-25.2501
2025-10-24 09:00:00,-42.5644
2025-10-24 10:00:00,-42.9663
2025-10-24 11:00:00,-56.0547
2025-10-24 12:00:00,-65.1247
2025-10-24 13:00:00,-61.0832
2025-10-24 14:00:00,-51.8619
2025-10-24 15:00:00,-25.0357
2025-10-24 16:00:00,12.0418
2025-10-24 17:00:00,30.2634
2025-10-24 18:00:00,37.7373
2025-10-24 19:00:00,45.9875
2025-10-24 20:00:00,48.7824
2025-10-24 21:00:00,46.3133
2025-10-24 22:00:00,36.4838
2025-10-24 23:00:00,30.816
2025-10-25 00:00:00,17.4468
2025-10-25 01:00:00,15.5657
2025-10-25 02:00:00,13.7566
2025-10-25 03:00:00,12.4948
2025-10-25 04:00:00,13.6179
2025-10-25 05:00:00,15.1115
2025-10-25 06:00:00,18.3
2025-10-25 07:00:00,-5.0607
2025-10-25 08:00:00,-35.6165
2025-10-25 09:00:00,-57.5671
2025-10-25 10:00:00,-69.0477
2025-10-25 11:00:00,-80.0007
2025-10-25 12:00:00,-85.5103
2025-10-25 13:00:00,-81.8499
2025-10-25 14:00:00,-65.3713
2025-10-25 15:00:00,-36.3217
2025-10-25 16:00:00,-0.0127
2025-10-25 17:00:00,25.6387
2025-10-25 18:00:00,31.918
2025-10-25 19:00:00,38.2642
2025-10-25 20:00:00,41.3022
2025-10-25 21:00:00,38.2958
2025-10-25 22:00:00,32.5738
2025-10-25 23:00:00,26.0353
2025-10-26 00:00:00,17.6382
2025-10-26 01:00:00,15.8818
2025-10-26 02:00:00,13.4799
2025-10-26 03:00:00,12.7164
2025-10-26 04:00:00,13.6908
2025-10-26 05:00:00,15.6625
2025-10-26 06:00:00,17.9427
2025-10-26 07:00:00,-0.7136
2025-10-26 08:00:00,-33.0567
2025-10-26 09:00:00,-58.4911
2025-10-26 10:00:00,-69.5308
2025-10-26 11:00:00,-77.2746
2025-10-26 12:00:00,-81.478
2025-10-26 13:00:00,-76.9611
2025-10-26 14:00:00,-61.4781
2025-10-26 15:00:00,-33.4262
2025-10-26 16:00:00,4.0327
2025-10-26 17:00:00,26.107
2025-10-26 18:00:00,32.0566
2025-10-26 19:00:00,38.0349
2025-10-26 20:00:00,41.4958
2025-10-26 21:00:00,39.7947
2025-10-26 22:00:00,31.8374
2025-10-26 23:00:00,25.457
2025-10-27 00:00:00,20.8991
2025-10-27 01:00:00,18.3042
2025-10-27 02:00:00,16.115
2025-10-27 03:00:00,15.0681
2025-10-27 04:00:00,15.733
2025-10-27 05:00:00,18.4002
2025-10-27 06:00:00,20.5197
2025-10-27 07:00:00,-0.5149
2025-10-27 08:00:00,-25.1004
2025-10-27 09:00:00,-47.7088
2025-10-27 10:00:00,-50.3285
2025-10-27 11:00:00,-53.9986
2025-10-27 12:00:00,-62.9516
2025-10-27 13:00:00,-61.703
2025-10-27 14:00:00,-24.8883
2025-10-27 15:00:00,-0.7174
2025-10-27 16:00:00,18.1264
2025-10-27 17:00:00,30.5266
2025-10-27 18:00:00,38.4699
2025-10-27 19:00:00,45.9358
2025-10-27 20:00:00,49.3075
2025-10-27 21:00:00,46.6388
2025-10-27 22:00:00,38.3964
2025-10-27 23:00:00,29.9946
2025-10-28 00:00:00,20.306
2025-10-28 01:00:00,18.0891
2025-10-28 02:00:00,15.5668
2025-10-28 03:00:00,15.0215
2025-10-28 04:00:00,16.3088
2025-10-28 05:00:00,17.9135
2025-10-28 06:00:00,20.8645
2025-10-28 07:00:00,7.3595
2025-10-28 08:00:00,-24.8879
2025-10-28 09:00:00,-50.2243
2025-10-28 10:00:00,-52.3831
2025-10-28 11:00:00,-60.0214
2025-10-28 12:00:00,-68.5689
2025-10-28 13:00:00,-70.0044
2025-10-28 14:00:00,-42.8485
2025-10-28 15:00:00,-18.2942
2025-10-28 16:00:00,16.7411
2025-10-28 17:00:00,30.0994
2025-10-28 18:00:00,38.3483
2025-10-28 19:00:00,46.0102
2025-10-28 20:00:00,49.7335
2025-10-28 21:00:00,45.0016
2025-10-28 22:00:00,37.5611
2025-10-28 23:00:00,30.5837
2025-10-29 00:00:00,20.408
2025-10-29 01:00:00,18.0913
2025-10-29 02:00:00,15.9839
2025-10-29 03:00:00,14.6858
2025-10-29 04:00:00,16.3281
2025-10-29 05:00:00,18.5007
2025-10-29 06:00:00,20.699
2025-10-29 07:00:00,-2.6101
2025-10-29 08:00:00,-34.2292
2025-10-29 09:00:00,-53.1012
2025-10-29 10:00:00,-63.737
2025-10-29 11:00:00,-70.7983
2025-10-29 12:00:00,-77.4306
2025-10-29 13:00:00,-75.7854
2025-10-29 14:00:00,-59.6519
2025-10-29 15:00:00,-31.5005
2025-10-29 16:00:00,5.94
2025-10-29 17:00:00,30.0673
2025-10-29 18:00:00,37.5622
2025-10-29 19:00:00,44.6365
2025-10-29 20:00:00,48.9144
2025-10-29 21:00:00,45.5045
2025-10-29 22:00:00,38.5337
2025-10-29 23:00:00,30.2716
2025-10-30 00:00:00,20.9822
2025-10-30 01:00:00,18.3002
2025-10-30 02:00:00,15.935
2025-10-30 03:00:00,15.141
2025-10-30 04:00:00,15.8217
2025-10-30 05:00:00,17.9405
2025-10-30 06:00:00,20.6689
2025-10-30 07:00:00,13.4975
2025-10-30 08:00:00,-5.9945
2025-10-30 09:00:00,-27.0949
2025-10-30 10:00:00,-35.8009
2025-10-30 11:00:00,-59.5962
2025-10-30 12:00:00,-73.6581
2025-10-30 13:00:00,-70.3193
2025-10-30 14:00:00,-48.9746
2025-10-30 15:00:00,-26.2754
2025-10-30 16:00:00,6.1134
2025-10-30 17:00:00,30.4589
2025-10-30 18:00:00,37.4708
2025-10-30 19:00:00,45.7764
2025-10-30 20:00:00,49.5321
2025-10-30 21:00:00,46.8689
2025-10-30 22:00:00,37.7218
2025-10-30 23:00:00,30.4285
2025-10-31 00:00:00,20.1837
2025-10-31 01:00:00,18.1486
2025-10-31 02:00:00,16.1185
2025-10-31 03:00:00,15.028
2025-10-31 04:00:00,15.3096
2025-10-31 05:00:00,17.8098
2025-10-31 06:00:00,21.0497
2025-10-31 07:00:00,-0.8246
2025-10-31 08:00:00,-33.8518
2025-10-31 09:00:00,-53.6403
2025-10-31 10:00:00,-66.4011
2025-10-31 11:00:00,-74.3819
2025-10-31 12:00:00,-78.8147
2025-10-31 13:00:00,-75.1127
2025-10-31 14:00:00,-58.9579
2025-10-31 15:00:00,-31.4833
2025-10-31 16:00:00,6.0848
2025-10-31 17:00:00,30.3641
2025-10-31 18:00:00,38.3738
2025-10-31 19:00:00,45.412
2025-10-31 20:00:00,48.172
2025-10-31 21:00:00,45.5478
2025-10-31 22:00:00,37.532
2025-10-31 23:00:00,30.9558
2025-11-01 00:00:00,17.8789
2025-11-01 01:00:00,15.973
2025-11-01 02:00:00,14.2751
2025-11-01 03:00:00,13.3067
2025-11-01 04:00:00,13.8379
2025-11-01 05:00:00,15.7687
2025-11-01 06:00:00,18.7692
2025-11-01 07:00:00,-2.3273
2025-11-01 08:00:00,-33.9946
2025-11-01 09:00:00,-55.2635
2025-11-01 10:00:00,-65.3467
2025-11-01 11:00:00,-73.0168
2025-11-01 12:00:00,-80.1016
2025-11-01 13:00:00,-76.231
2025-11-01 14:00:00,-57.8504
2025-11-01 15:00:00,-25.6629
2025-11-01 16:00:00,6.6169
2025-11-01 17:00:00,26.7341
2025-11-01 18:00:00,32.7541
2025-11-01 19:00:00,39.8428
2025-11-01 20:00:00,43.1028
2025-11-01 21:00:00,39.2421
2025-11-01 22:00:00,32.4906
2025-11-01 23:00:00,25.833
2025-11-02 00:00:00,18.0851
2025-11-02 01:00:00,15.9355
2025-11-02 02:00:00,14.1112
2025-11-02 03:00:00,13.0787
2025-11-02 04:00:00,13.8409
2025-11-02 05:00:00,15.83
2025-11-02 06:00:00,18.3433
2025-11-02 07:00:00,6.881
2025-11-02 08:00:00,-17.3799
2025-11-02 09:00:00,-26.3672
2025-11-02 10:00:00,-28.3364
2025-11-02 11:00:00,-52.6773
2025-11-02 12:00:00,-64.7046
2025-11-02 13:00:00,-63.3081
2025-11-02 14:00:00,-44.1668
2025-11-02 15:00:00,-20.4282
2025-11-02 16:00:00,10.6959
2025-11-02 17:00:00,26.8747
2025-11-02 18:00:00,32.6721
2025-11-02 19:00:00,39.0577
2025-11-02 20:00:00,42.9992
2025-11-02 21:00:00,38.6887
2025-11-02 22:00:00,32.7628
2025-11-02 23:00:00,25.8605
2025-11-03 00:00:00,20.435
2025-11-03 01:00:00,19.071
2025-11-03 02:00:00,16.0441
2025-11-03 03:00:00,15.2838
2025-11-03 04:00:00,16.1664
2025-11-03 05:00:00,18.7451
2025-11-03 06:00:00,21.4916
2025-11-03 07:00:00,2.5944
2025-11-03 08:00:00,-26.7137
2025-11-03 09:00:00,-44.9786
2025-11-03 10:00:00,-54.6355
2025-11-03 11:00:00,-61.7972
2025-11-03 12:00:00,-67.8173
2025-11-03 13:00:00,-65.2522
2025-11-03 14:00:00,-50.4467
2025-11-03 15:00:00,-23.3372
2025-11-03 16:00:00,10.7241
2025-11-03 17:00:00,31.4801
2025-11-03 18:00:00,37.6872
2025-11-03 19:00:00,47.7938
2025-11-03 20:00:00,50.8763
2025-11-03 21:00:00,46.1004
2025-11-03 22:00:00,39.1645
2025-11-03 23:00:00,31.0248
2025-11-04 00:00:00,21.3413
2025-11-04 01:00:00,18.4926
2025-11-04 02:00:00,16.9433
2025-11-04 03:00:00,15.4266
2025-11-04 04:00:00,15.7714
2025-11-04 05:00:00,18.22
2025-11-04 06:00:00,21.4583
2025-11-04 07:00:00,6.3843
2025-11-04 08:00:00,-16.6225
2025-11-04 09:00:00,-30.3305
2025-11-04 10:00:00,-37.0495
2025-11-04 11:00:00,-45.5661
2025-11-04 12:00:00,-39.8264
2025-11-04 13:00:00,-27.7073
2025-11-04 14:00:00,-15.5882
2025-11-04 15:00:00,3.4375
2025-11-04 16:00:00,17.9449
2025-11-04 17:00:00,30.983
2025-11-04 18:00:00,38.181
2025-11-04 19:00:00,47.232
2025-11-04 20:00:00,51.1167
2025-11-04 21:00:00,46.4827
2025-11-04 22:00:00,38.876
2025-11-04 23:00:00,31.0821
2025-11-05 00:00:00,21.0185
2025-11-05 01:00:00,18.4432
2025-11-05 02:00:00,15.7968
2025-11-05 03:00:00,15.4178
2025-11-05 04:00:00,16.3502
2025-11-05 05:00:00,18.5633
2025-11-05 06:00:00,20.4806
2025-11-05 07:00:00,22.7317
2025-11-05 08:00:00,25.7523
2025-11-05 09:00:00,34.6434
2025-11-05 10:00:00,39.7549
2025-11-05 11:00:00,37.7614
2025-11-05 12:00:00,28.3856
2025-11-05 13:00:00,23.2731
2025-11-05 14:00:00,19.6497
2025-11-05 15:00:00,22.2979
2025-11-05 16:00:00,26.8469
2025-11-05 17:00:00,30.8692
2025-11-05 18:00:00,38.297
2025-11-05 19:00:00,46.1189
2025-11-05 20:00:00,50.4423
2025-11-05 21:00:00,46.0834
2025-11-05 22:00:00,38.6587
2025-11-05 23:00:00,30.1637
2025-11-06 00:00:00,21.3524
2025-11-06 01:00:00,18.1854
2025-11-06 02:00:00,16.1586
2025-11-06 03:00:00,15.5702
2025-11-06 04:00:00,16.4963
2025-11-06 05:00:00,18.6921
2025-11-06 06:00:00,20.973
2025-11-06 07:00:00,3.8783
2025-11-06 08:00:00,-15.7174
2025-11-06 09:00:00,-33.6834
2025-11-06 10:00:00,-53.9103
2025-11-06 11:00:00,-58.4541
2025-11-06 12:00:00,-71.7234
2025-11-06 13:00:00,-74.286
2025-11-06 14:00:00,-59.2806
2025-11-06 15:00:00,-29.6308
2025-11-06 16:00:00,8.631
2025-11-06 17:00:00,31.8911
2025-11-06 18:00:00,38.4961
2025-11-06 19:00:00,44.5574
2025-11-06 20:00:00,50.6847
2025-11-06 21:00:00,46.9685
2025-11-06 22:00:00,38.3089
2025-11-06 23:00:00,31.3763
2025-11-07 00:00:00,20.8657
2025-11-07 01:00:00,18.7185
2025-11-07 02:00:00,16.7075
2025-11-07 03:00:00,15.1065
2025-11-07 04:00:00,16.2626
2025-11-07 05:00:00,18.6432
2025-11-07 06:00:00,21.2826
2025-11-07 07:00:00,1.9017
2025-11-07 08:00:00,-30.8522
2025-11-07 09:00:00,-51.8632
2025-11-07 10:00:00,-62.1765
2025-11-07 11:00:00,-69.4194
2025-11-07 12:00:00,-74.3366
2025-11-07 13:00:00,-70.6105
2025-11-07 14:00:00,-54.1523
2025-11-07 15:00:00,-22.6309
2025-11-07 16:00:00,12.0267
2025-11-07 17:00:00,31.1498
2025-11-07 18:00:00,38.1595
2025-11-07 19:00:00,46.8995
2025-11-07 20:00:00,50.4634
2025-11-07 21:00:00,47.4452
2025-11-07 22:00:00,38.2357
2025-11-07 23:00:00,31.0039
2025-11-08 00:00:00,17.3575
2025-11-08 01:00:00,15.8637
2025-11-08 02:00:00,13.9279
2025-11-08 03:00:00,13.027
2025-11-08 04:00:00,13.5616
2025-11-08 05:00:00,15.7536
2025-11-08 06:00:00,18.3496
2025-11-08 07:00:00,-1.242
2025-11-08 08:00:00,-33.4652
2025-11-08 09:00:00,-56.0224
2025-11-08 10:00:00,-69.2489
2025-11-08 11:00:00,-78.049
2025-11-08 12:00:00,-80.8743
2025-11-08 13:00:00,-75.9211
2025-11-08 14:00:00,-39.5124
2025-11-08 15:00:00,-19.2289
2025-11-08 16:00:00,11.4137
2025-11-08 17:00:00,26.5098
2025-11-08 18:00:00,32.3592
2025-11-08 19:00:00,40.146
2025-11-08 20:00:00,42.0218
2025-11-08 21:00:00,38.753
2025-11-08 22:00:00,32.6857
2025-11-08 23:00:00,26.368
2025-11-09 00:00:00,17.9218
2025-11-09 01:00:00,15.3891
2025-11-09 02:00:00,13.8598
2025-11-09 03:00:00,13.2816
2025-11-09 04:00:00,13.4986
2025-11-09 05:00:00,15.6203
2025-11-09 06:00:00,18.0053
2025-11-09 07:00:00,4.5518
2025-11-09 08:00:00,-20.4683
2025-11-09 09:00:00,-35.5031
2025-11-09 10:00:00,-52.6436
2025-11-09 11:00:00,-58.1706
2025-11-09 12:00:00,-51.9714
2025-11-09 13:00:00,-27.9287
2025-11-09 14:00:00,-39.6778
2025-11-09 15:00:00,-19.4159
2025-11-09 16:00:00,9.2628
2025-11-09 17:00:00,25.4113
2025-11-09 18:00:00,32.6369
2025-11-09 19:00:00,38.7146
2025-11-09 20:00:00,42.8616
2025-11-09 21:00:00,39.2163
2025-11-09 22:00:00,33.1089
2025-11-09 23:00:00,26.3746
2025-11-10 00:00:00,20.6683
2025-11-10 01:00:00,18.8744
2025-11-10 02:00:00,16.3009
2025-11-10 03:00:00,15.6413
2025-11-10 04:00:00,16.6477
2025-11-10 05:00:00,18.7133
2025-11-10 06:00:00,21.2705
2025-11-10 07:00:00,7.9916
2025-11-10 08:00:00,-16.2145
2025-11-10 09:00:00,-33.0811
2025-11-10 10:00:00,-43.9039
2025-11-10 11:00:00,-44.2903
2025-11-10 12:00:00,-41.8899
2025-11-10 13:00:00,-39.361
2025-11-10 14:00:00,-42.5464
2025-11-10 15:00:00,-16.0138
2025-11-10 16:00:00,13.9328
2025-11-10 17:00:00,31.3384
2025-11-10 18:00:00,39.0771
2025-11-10 19:00:00,46.0715
2025-11-10 20:00:00,50.2648
2025-11-10 21:00:00,46.5382
2025-11-10 22:00:00,38.5984
2025-11-10 23:00:00,32.1131
2025-11-11 00:00:00,21.1605
2025-11-11 01:00:00,18.6953
2025-11-11 02:00:00,16.3281
2025-11-11 03:00:00,15.4683
2025-11-11 04:00:00,16.053
2025-11-11 05:00:00,18.4829
2025-11-11 06:00:00,21.4915
2025-11-11 07:00:00,11.769
2025-11-11 08:00:00,-12.0334
2025-11-11 09:00:00,-42.9421
2025-11-11 10:00:00,-61.9977
2025-11-11 11:00:00,-70.3274
2025-11-11 12:00:00,-73.4502
2025-11-11 13:00:00,-70.2785
2025-11-11 14:00:00,-53.8982
2025-11-11 15:00:00,-24.3609
2025-11-11 16:00:00,11.0695
2025-11-11 17:00:00,30.7714
2025-11-11 18:00:00,38.2302
2025-11-11 19:00:00,45.5668
2025-11-11 20:00:00,49.6294
2025-11-11 21:00:00,45.5435
2025-11-11 22:00:00,38.0038
2025-11-11 23:00:00,30.5126
2025-11-12 00:00:00,20.9008
2025-11-12 01:00:00,18.5396
2025-11-12 02:00:00,16.2601
2025-11-12 03:00:00,15.4339
2025-11-12 04:00:00,16.1911
2025-11-12 05:00:00,18.7237
2025-11-12 06:00:00,21.2261
2025-11-12 07:00:00,6.9408
2025-11-12 08:00:00,-12.3037
2025-11-12 09:00:00,-25.1877
2025-11-12 10:00:00,-30.5871
2025-11-12 11:00:00,-55.3652
2025-11-12 12:00:00,-70.0875
2025-11-12 13:00:00,-67.2078
2025-11-12 14:00:00,-40.1239
2025-11-12 15:00:00,-19.2037
2025-11-12 16:00:00,15.7925
2025-11-12 17:00:00,30.5955
2025-11-12 18:00:00,38.6867
2025-11-12 19:00:00,46.6149
2025-11-12 20:00:00,50.0738
2025-11-12 21:00:00,46.5135
2025-11-12 22:00:00,38.1398
2025-11-12 23:00:00,31.2159
2025-11-13 00:00:00,20.7134
2025-11-13 01:00:00,18.4611
2025-11-13 02:00:00,16.3388
2025-11-13 03:00:00,15.4223
2025-11-13 04:00:00,15.9312
2025-11-13 05:00:00,18.7688
2025-11-13 06:00:00,21.1098
2025-11-13 07:00:00,16.9906
2025-11-13 08:00:00,8.9777
2025-11-13 09:00:00,-14.9918
2025-11-13 10:00:00,-40.4672
2025-11-13 11:00:00,-24.3978
2025-11-13 12:00:00,-4.5953
2025-11-13 13:00:00,15.6014
2025-11-13 14:00:00,20.9807
2025-11-13 15:00:00,23.4497
2025-11-13 16:00:00,26.7053
2025-11-13 17:00:00,30.8567
2025-11-13 18:00:00,38.446
2025-11-13 19:00:00,46.8394
2025-11-13 20:00:00,51.5223
2025-11-13 21:00:00,46.4615
2025-11-13 22:00:00,36.9607
2025-11-13 23:00:00,30.9877
2025-11-14 00:00:00,21.1815
2025-11-14 01:00:00,18.0512
2025-11-14 02:00:00,15.7934
2025-11-14 03:00:00,15.718
2025-11-14 04:00:00,16.3842
2025-11-14 05:00:00,18.1021
2025-11-14 06:00:00,21.389
2025-11-14 07:00:00,15.0698
2025-11-14 08:00:00,-21.4341
2025-11-14 09:00:00,-42.0872
2025-11-14 10:00:00,-51.0514
2025-11-14 11:00:00,-48.0496
2025-11-14 12:00:00,-31.4286
2025-11-14 13:00:00,-23.5843
2025-11-14 14:00:00,-20.6849
2025-11-14 15:00:00,-1.737
2025-11-14 16:00:00,22.2845
2025-11-14 17:00:00,31.5191
2025-11-14 18:00:00,37.8726
2025-11-14 19:00:00,46.435
2025-11-14 20:00:00,50.6571
2025-11-14 21:00:00,46.8101
2025-11-14 22:00:00,39.0081
2025-11-14 23:00:00,30.8856
2025-11-15 00:00:00,17.604
2025-11-15 01:00:00,15.7799
2025-11-15 02:00:00,13.6412
2025-11-15 03:00:00,13.5213
2025-11-15 04:00:00,13.5936
2025-11-15 05:00:00,15.9915
2025-11-15 06:00:00,17.9005
2025-11-15 07:00:00,5.293
2025-11-15 08:00:00,-19.8501
2025-11-15 09:00:00,-34.0638
2025-11-15 10:00:00,-39.4279
2025-11-15 11:00:00,-65.7993
2025-11-15 12:00:00,-64.1591
2025-11-15 13:00:00,-63.7394
2025-11-15 14:00:00,-54.7456
2025-11-15 15:00:00,-26.3723
2025-11-15 16:00:00,8.8982
2025-11-15 17:00:00,26.3761
2025-11-15 18:00:00,32.0616
2025-11-15 19:00:00,39.1599
2025-11-15 20:00:00,43.025
2025-11-15 21:00:00,39.9776
2025-11-15 22:00:00,31.9298
2025-11-15 23:00:00,26.2825
2025-11-16 00:00:00,18.07
2025-11-16 01:00:00,15.7337
2025-11-16 02:00:00,13.8205
2025-11-16 03:00:00,13.0394
2025-11-16 04:00:00,13.8338
2025-11-16 05:00:00,15.956
2025-11-16 06:00:00,18.5591
2025-11-16 07:00:00,17.1049
2025-11-16 08:00:00,11.5822
2025-11-16 09:00:00,2.5819
2025-11-16 10:00:00,-9.5912
2025-11-16 11:00:00,-41.515
2025-11-16 12:00:00,-65.4828
2025-11-16 13:00:00,-72.5158
2025-11-16 14:00:00,-58.2864
2025-11-16 15:00:00,-28.6582
2025-11-16 16:00:00,7.8417
2025-11-16 17:00:00,26.0299
2025-11-16 18:00:00,32.5647
2025-11-16 19:00:00,39.6545
2025-11-16 20:00:00,43.3791
2025-11-16 21:00:00,40.0502
2025-11-16 22:00:00,32.5948
2025-11-16 23:00:00,26.3531
2025-11-17 00:00:00,20.9551
2025-11-17 01:00:00,18.5349
2025-11-17 02:00:00,16.6742
2025-11-17 03:00:00,15.3531
2025-11-17 04:00:00,16.4983
2025-11-17 05:00:00,18.7213
2025-11-17 06:00:00,20.7882
2025-11-17 07:00:00,14.9993
2025-11-17 08:00:00,-11.3992
2025-11-17 09:00:00,-45.0114
2025-11-17 10:00:00,-59.3484
2025-11-17 11:00:00,-65.0778
2025-11-17 12:00:00,-66.8039
2025-11-17 13:00:00,-58.8987
2025-11-17 14:00:00,-52.7892
2025-11-17 15:00:00,-24.001
2025-11-17 16:00:00,11.5025
2025-11-17 17:00:00,31.1674
2025-11-17 18:00:00,38.1893
2025-11-17 19:00:00,45.7728
2025-11-17 20:00:00,48.9212
2025-11-17 21:00:00,47.3465
2025-11-17 22:00:00,37.5641
2025-11-17 23:00:00,31.8276
2025-11-18 00:00:00,20.9018
2025-11-18 01:00:00,18.343
2025-11-18 02:00:00,16.2684
2025-11-18 03:00:00,15.5213
2025-11-18 04:00:00,16.079
2025-11-18 05:00:00,18.9254
2025-11-18 06:00:00,20.6862
2025-11-18 07:00:00,17.9194
2025-11-18 08:00:00,-4.6882
2025-11-18 09:00:00,-20.7311
2025-11-18 10:00:00,-35.4199
2025-11-18 11:00:00,-52.8883
2025-11-18 12:00:00,-62.7545
2025-11-18 13:00:00,-55.4218
2025-11-18 14:00:00,-33.2977
2025-11-18 15:00:00,-6.0785
2025-11-18 16:00:00,19.641
2025-11-18 17:00:00,31.194
2025-11-18 18:00:00,39.1926
2025-11-18 19:00:00,48.2109
2025-11-18 20:00:00,51.6059
2025-11-18 21:00:00,46.0977
2025-11-18 22:00:00,38.2044
2025-11-18 23:00:00,31.9286
2025-11-19 00:00:00,21.2179
2025-11-19 01:00:00,18.3673
2025-11-19 02:00:00,16.5483
2025-11-19 03:00:00,15.3181
2025-11-19 04:00:00,16.6069
2025-11-19 05:00:00,18.734
2025-11-19 06:00:00,21.1942
2025-11-19 07:00:00,17.724
2025-11-19 08:00:00,4.9811
2025-11-19 09:00:00,-19.0794
2025-11-19 10:00:00,-38.6253
2025-11-19 11:00:00,-37.2355
2025-11-19 12:00:00,-40.1321
2025-11-19 13:00:00,-53.1415
2025-11-19 14:00:00,-37.1666
2025-11-19 15:00:00,-17.5839
2025-11-19 16:00:00,13.6555
2025-11-19 17:00:00,31.1493
2025-11-19 18:00:00,39.1057
2025-11-19 19:00:00,46.7383
2025-11-19 20:00:00,48.9482
2025-11-19 21:00:00,46.3936
2025-11-19 22:00:00,39.0133
2025-11-19 23:00:00,30.9324
2025-11-20 00:00:00,20.9692
2025-11-20 01:00:00,18.3057
2025-11-20 02:00:00,16.0359
2025-11-20 03:00:00,15.4486
2025-11-20 04:00:00,16.0595
2025-11-20 05:00:00,18.5388
2025-11-20 06:00:00,21.1092
2025-11-20 07:00:00,11.1955
2025-11-20 08:00:00,-7.0134
2025-11-20 09:00:00,-18.99
2025-11-20 10:00:00,-41.8815
2025-11-20 11:00:00,-60.5816
2025-11-20 12:00:00,-66.0858
2025-11-20 13:00:00,-62.6533
2025-11-20 14:00:00,-20.9771
2025-11-20 15:00:00,9.0317
2025-11-20 16:00:00,21.0142
2025-11-20 17:00:00,31.4744
2025-11-20 18:00:00,38.1845
2025-11-20 19:00:00,46.429
2025-11-20 20:00:00,49.6049
2025-11-20 21:00:00,45.8616
2025-11-20 22:00:00,38.6637
2025-11-20 23:00:00,30.8213
2025-11-21 00:00:00,21.5615
2025-11-21 01:00:00,18.5855
2025-11-21 02:00:00,16.9633
2025-11-21 03:00:00,15.2582
2025-11-21 04:00:00,16.5447
2025-11-21 05:00:00,18.6524
2025-11-21 06:00:00,21.7197
2025-11-21 07:00:00,10.7847
2025-11-21 08:00:00,-8.0691
2025-11-21 09:00:00,-26.6144
2025-11-21 10:00:00,-47.5124
2025-11-21 11:00:00,-58.6082
2025-11-21 12:00:00,-47.4688
2025-11-21 13:00:00,-35.7192
2025-11-21 14:00:00,-3.6083
2025-11-21 15:00:00,11.1556
2025-11-21 16:00:00,20.5184
2025-11-21 17:00:00,30.1649
2025-11-21 18:00:00,38.8053
2025-11-21 19:00:00,46.4735
2025-11-21 20:00:00,50.9479
2025-11-21 21:00:00,46.5293
2025-11-21 22:00:00,38.5814
2025-11-21 23:00:00,31.1244
2025-11-22 00:00:00,18.2648
2025-11-22 01:00:00,15.3671
2025-11-22 02:00:00,13.814
2025-11-22 03:00:00,12.9888
2025-11-22 04:00:00,14.0506
2025-11-22 05:00:00,15.8617
2025-11-22 06:00:00,18.2529
2025-11-22 07:00:00,7.2289
2025-11-22 08:00:00,-26.2937
2025-11-22 09:00:00,-50.4477
2025-11-22 10:00:00,-64.8631
2025-11-22 11:00:00,-71.5909
2025-11-22 12:00:00,-75.5158
2025-11-22 13:00:00,-73.1773
2025-11-22 14:00:00,-51.4556
2025-11-22 15:00:00,-17.1117
2025-11-22 16:00:00,15.648
2025-11-22 17:00:00,26.3695
2025-11-22 18:00:00,33.3501
2025-11-22 19:00:00,39.4503
2025-11-22 20:00:00,43.582
2025-11-22 21:00:00,39.8185
2025-11-22 22:00:00,32.5871
2025-11-22 23:00:00,26.9916
2025-11-23 00:00:00,17.8305
2025-11-23 01:00:00,15.5264
2025-11-23 02:00:00,13.9996
2025-11-23 03:00:00,13.0292
2025-11-23 04:00:00,14.1599
2025-11-23 05:00:00,15.5562
2025-11-23 06:00:00,17.8591
2025-11-23 07:00:00,7.2394
2025-11-23 08:00:00,-24.7972
2025-11-23 09:00:00,-50.444
2025-11-23 10:00:00,-68.6263
2025-11-23 11:00:00,-76.3423
2025-11-23 12:00:00,-81.6176
2025-11-23 13:00:00,-77.9024
2025-11-23 14:00:00,-59.4711
2025-11-23 15:00:00,-28.4426
2025-11-23 16:00:00,8.9101
2025-11-23 17:00:00,26.3476
2025-11-23 18:00:00,33.2213
2025-11-23 19:00:00,39.2507
2025-11-23 20:00:00,42.7971
2025-11-23 21:00:00,39.8886
2025-11-23 22:00:00,33.3799
2025-11-23 23:00:00,25.9342
2025-11-24 00:00:00,21.3612
2025-11-24 01:00:00,18.5203
2025-11-24 02:00:00,16.0681
2025-11-24 03:00:00,15.8655
2025-11-24 04:00:00,16.6435
2025-11-24 05:00:00,19.2076
2025-11-24 06:00:00,21.9836
2025-11-24 07:00:00,7.332
2025-11-24 08:00:00,-24.8828
2025-11-24 09:00:00,-48.3437
2025-11-24 10:00:00,-62.7149
2025-11-24 11:00:00,-69.9203
2025-11-24 12:00:00,-77.1195
2025-11-24 13:00:00,-73.6934
2025-11-24 14:00:00,-56.0921
2025-11-24 15:00:00,-25.7967
2025-11-24 16:00:00,12.545
2025-11-24 17:00:00,30.3204
2025-11-24 18:00:00,38.6136
2025-11-24 19:00:00,46.2552
2025-11-24 20:00:00,50.776
2025-11-24 21:00:00,46.7936
2025-11-24 22:00:00,38.5307
2025-11-24 23:00:00,30.7985
2025-11-25 00:00:00,20.6932
2025-11-25 01:00:00,18.8102
2025-11-25 02:00:00,16.4231
2025-11-25 03:00:00,15.6261
2025-11-25 04:00:00,16.5453
2025-11-25 05:00:00,18.3896
2025-11-25 06:00:00,21.3803
2025-11-25 07:00:00,7.4482
2025-11-25 08:00:00,-24.6099
2025-11-25 09:00:00,-48.3405
2025-11-25 10:00:00,-62.4187
2025-11-25 11:00:00,-71.2677
2025-11-25 12:00:00,-76.87
2025-11-25 13:00:00,-73.5092
2025-11-25 14:00:00,-56.2202
2025-11-25 15:00:00,-25.4833
2025-11-25 16:00:00,12.4971
2025-11-25 17:00:00,31.8988
2025-11-25 18:00:00,38.3166
2025-11-25 19:00:00,46.4843
2025-11-25 20:00:00,50.1002
2025-11-25 21:00:00,47.5012
2025-11-25 22:00:00,38.7603
2025-11-25 23:00:00,31.5023
2025-11-26 00:00:00,20.77
2025-11-26 01:00:00,18.7554
2025-11-26 02:00:00,16.5372
2025-11-26 03:00:00,14.8628
2025-11-26 04:00:00,16.0022
2025-11-26 05:00:00,18.3791
2025-11-26 06:00:00,21.5656
2025-11-26 07:00:00,10.035
2025-11-26 08:00:00,-21.0709
2025-11-26 09:00:00,-43.798
2025-11-26 10:00:00,-57.6822
2025-11-26 11:00:00,-68.024
2025-11-26 12:00:00,-75.397
2025-11-26 13:00:00,-69.9588
2025-11-26 14:00:00,-53.0285
2025-11-26 15:00:00,-23.1
2025-11-26 16:00:00,13.8233
2025-11-26 17:00:00,31.4675
2025-11-26 18:00:00,38.957
2025-11-26 19:00:00,47.741
2025-11-26 20:00:00,50.4698
2025-11-26 21:00:00,46.3717
2025-11-26 22:00:00,38.692
2025-11-26 23:00:00,31.4569
2025-11-27 00:00:00,21.4604
2025-11-27 01:00:00,18.9701
2025-11-27 02:00:00,16.7739
2025-11-27 03:00:00,15.3933
2025-11-27 04:00:00,16.6368
2025-11-27 05:00:00,18.6903
2025-11-27 06:00:00,21.2586
2025-11-27 07:00:00,12.8392
2025-11-27 08:00:00,-10.9927
2025-11-27 09:00:00,-30.2378
2025-11-27 10:00:00,-45.0297
2025-11-27 11:00:00,-50.7754
2025-11-27 12:00:00,-36.6495
2025-11-27 13:00:00,-46.4753
2025-11-27 14:00:00,-37.9836
2025-11-27 15:00:00,-13.6646
2025-11-27 16:00:00,15.2487
2025-11-27 17:00:00,30.3093
2025-11-27 18:00:00,38.565
2025-11-27 19:00:00,47.3327
2025-11-27 20:00:00,49.6789
2025-11-27 21:00:00,46.9898
2025-11-27 22:00:00,39.3183
2025-11-27 23:00:00,29.9053
2025-11-28 00:00:00,20.6594
2025-11-28 01:00:00,18.8614
2025-11-28 02:00:00,16.6124
2025-11-28 03:00:00,15.0092
2025-11-28 04:00:00,16.4984
2025-11-28 05:00:00,18.4598
2025-11-28 06:00:00,21.3204
2025-11-28 07:00:00,15.5006
2025-11-28 08:00:00,-22.4181
2025-11-28 09:00:00,-47.0173
2025-11-28 10:00:00,-64.0716
2025-11-28 11:00:00,-75.1676
2025-11-28 12:00:00,-79.8889
2025-11-28 13:00:00,-77.1675
2025-11-28 14:00:00,-51.3619
2025-11-28 15:00:00,-21.6908
2025-11-28 16:00:00,16.6134
2025-11-28 17:00:00,31.2023
2025-11-28 18:00:00,39.0058
2025-11-28 19:00:00,48.262
2025-11-28 20:00:00,49.4902
2025-11-28 21:00:00,46.074
2025-11-28 22:00:00,38.2009
2025-11-28 23:00:00,31.3312
2025-11-29 00:00:00,17.6973
2025-11-29 01:00:00,15.9733
2025-11-29 02:00:00,13.8931
2025-11-29 03:00:00,13.3995
2025-11-29 04:00:00,13.9856
2025-11-29 05:00:00,15.7776
2025-11-29 06:00:00,18.2971
2025-11-29 07:00:00,6.6354
2025-11-29 08:00:00,-28.2649
2025-11-29 09:00:00,-54.1377
2025-11-29 10:00:00,-69.3469
2025-11-29 11:00:00,-80.5607
2025-11-29 12:00:00,-84.3027
2025-11-29 13:00:00,-79.1856
2025-11-29 14:00:00,-60.8407
2025-11-29 15:00:00,-29.5943
2025-11-29 16:00:00,8.5392
2025-11-29 17:00:00,26.0594
2025-11-29 18:00:00,32.502
2025-11-29 19:00:00,39.2758
2025-11-29 20:00:00,41.9914
2025-11-29 21:00:00,39.2258
2025-11-29 22:00:00,33.3033
2025-11-29 23:00:00,26.2258
2025-11-30 00:00:00,18.0229
2025-11-30 01:00:00,15.4372
2025-11-30 02:00:00,13.8065
2025-11-30 03:00:00,12.8444
2025-11-30 04:00:00,13.8888
2025-11-30 05:00:00,15.698
2025-11-30 06:00:00,18.4432
2025-11-30 07:00:00,7.1089
2025-11-30 08:00:00,-25.8574
2025-11-30 09:00:00,-50.6434
2025-11-30 10:00:00,-65.6128
2025-11-30 11:00:00,-74.6179
2025-11-30 12:00:00,-81.5627
2025-11-30 13:00:00,-76.5332
2025-11-30 14:00:00,-59.0754
2025-11-30 15:00:00,-27.4717
2025-11-30 16:00:00,8.9822
2025-11-30 17:00:00,25.9842
2025-11-30 18:00:00,32.4048
2025-11-30 19:00:00,39.9218
2025-11-30 20:00:00,42.4726
2025-11-30 21:00:00,39.5993
2025-11-30 22:00:00,32.9368
2025-11-30 23:00:00,26.4349
2025-12-01 00:00:00,23.6761
2025-12-01 01:00:00,20.5625
2025-12-01 02:00:00,18.5332
2025-12-01 03:00:00,17.548
2025-12-01 04:00:00,18.6917
2025-12-01 05:00:00,21.4485
2025-12-01 06:00:00,24.0203
2025-12-01 07:00:00,15.6539
2025-12-01 08:00:00,-7.2193
2025-12-01 09:00:00,-22.3929
2025-12-01 10:00:00,-16.5821
2025-12-01 11:00:00,-21.6772
2025-12-01 12:00:00,-37.4154
2025-12-01 13:00:00,-38.4886
2025-12-01 14:00:00,-8.3038
2025-12-01 15:00:00,9.8095
2025-12-01 16:00:00,28.3182
2025-12-01 17:00:00,34.8142
2025-12-01 18:00:00,45.1139
2025-12-01 19:00:00,52.6669
2025-12-01 20:00:00,57.8606
2025-12-01 21:00:00,53.8667
2025-12-01 22:00:00,43.3091
2025-12-01 23:00:00,35.208
2025-12-02 00:00:00,24.5258
2025-12-02 01:00:00,21.3442
2025-12-02 02:00:00,18.4704
2025-12-02 03:00:00,17.6824
2025-12-02 04:00:00,18.7817
2025-12-02 05:00:00,21.7708
2025-12-02 06:00:00,24.6099
2025-12-02 07:00:00,16.0642
2025-12-02 08:00:00,-15.8696
2025-12-02 09:00:00,-38.7815
2025-12-02 10:00:00,-53.6084
2025-12-02 11:00:00,-63.1614
2025-12-02 12:00:00,-68.353
2025-12-02 13:00:00,-66.6428
2025-12-02 14:00:00,-33.732
2025-12-02 15:00:00,-3.2879
2025-12-02 16:00:00,21.6132
2025-12-02 17:00:00,35.2554
2025-12-02 18:00:00,43.7888
2025-12-02 19:00:00,51.7677
2025-12-02 20:00:00,57.0232
2025-12-02 21:00:00,53.5287
2025-12-02 22:00:00,45.865
2025-12-02 23:00:00,36.0377
2025-12-03 00:00:00,24.5179
2025-12-03 01:00:00,21.1788
2025-12-03 02:00:00,18.9209
2025-12-03 03:00:00,17.8775
2025-12-03 04:00:00,18.7669
2025-12-03 05:00:00,21.0275
2025-12-03 06:00:00,24.4168
2025-12-03 07:00:00,27.8651
2025-12-03 08:00:00,24.9173
2025-12-03 09:00:00,23.2385
2025-12-03 10:00:00,4.5431
2025-12-03 11:00:00,-16.1215
2025-12-03 12:00:00,16.7905
2025-12-03 13:00:00,18.5142
2025-12-03 14:00:00,15.5754
2025-12-03 15:00:00,12.8963
2025-12-03 16:00:00,23.6477
2025-12-03 17:00:00,35.7302
2025-12-03 18:00:00,43.834
2025-12-03 19:00:00,54.0278
2025-12-03 20:00:00,56.8465
2025-12-03 21:00:00,53.6638
2025-12-03 22:00:00,43.0186
2025-12-03 23:00:00,35.239
2025-12-04 00:00:00,23.3979
2025-12-04 01:00:00,21.099
2025-12-04 02:00:00,18.9554
2025-12-04 03:00:00,17.2748
2025-12-04 04:00:00,19.1046
2025-12-04 05:00:00,20.9592
2025-12-04 06:00:00,24.5233
2025-12-04 07:00:00,13.9963
2025-12-04 08:00:00,-19.6138
2025-12-04 09:00:00,-48.8018
2025-12-04 10:00:00,-64.9957
2025-12-04 11:00:00,-75.5639
2025-12-04 12:00:00,-84.6077
2025-12-04 13:00:00,-82.495
2025-12-04 14:00:00,-62.5395
2025-12-04 15:00:00,-27.0756
2025-12-04 16:00:00,15.1856
2025-12-04 17:00:00,34.4437
2025-12-04 18:00:00,43.7448
2025-12-04 19:00:00,53.4038
2025-12-04 20:00:00,57.7918
2025-12-04 21:00:00,54.5721
2025-12-04 22:00:00,44.2309
2025-12-04 23:00:00,35.9594
2025-12-05 00:00:00,24.2177
2025-12-05 01:00:00,20.5704
2025-12-05 02:00:00,18.3076
2025-12-05 03:00:00,17.7073
2025-12-05 04:00:00,18.5648
2025-12-05 05:00:00,21.607
2025-12-05 06:00:00,24.24
2025-12-05 07:00:00,19.1627
2025-12-05 08:00:00,-13.7785
2025-12-05 09:00:00,-32.8168
2025-12-05 10:00:00,-40.2716
2025-12-05 11:00:00,-50.2093
2025-12-05 12:00:00,-64.4125
2025-12-05 13:00:00,-62.4092
2025-12-05 14:00:00,-58.3821
2025-12-05 15:00:00,-25.4104
2025-12-05 16:00:00,15.783
2025-12-05 17:00:00,35.872
2025-12-05 18:00:00,44.3164
2025-12-05 19:00:00,51.8637
2025-12-05 20:00:00,57.8366
2025-12-05 21:00:00,53.8909
2025-12-05 22:00:00,45.0124
2025-12-05 23:00:00,35.3722
2025-12-06 00:00:00,20.598
2025-12-06 01:00:00,17.7543
2025-12-06 02:00:00,16.0561
2025-12-06 03:00:00,14.719
2025-12-06 04:00:00,15.8761
2025-12-06 05:00:00,18.1868
2025-12-06 06:00:00,20.5127
2025-12-06 07:00:00,12.0726
2025-12-06 08:00:00,-22.0845
2025-12-06 09:00:00,-48.7767
2025-12-06 10:00:00,-65.2195
2025-12-06 11:00:00,-76.0734
2025-12-06 12:00:00,-81.5628
2025-12-06 13:00:00,-78.517
2025-12-06 14:00:00,-60.8552
2025-12-06 15:00:00,-28.3311
2025-12-06 16:00:00,12.1029
2025-12-06 17:00:00,30.3673
2025-12-06 18:00:00,37.0172
2025-12-06 19:00:00,46.1576
2025-12-06 20:00:00,47.26
2025-12-06 21:00:00,45.4044
2025-12-06 22:00:00,37.5175
2025-12-06 23:00:00,30.0057
2025-12-07 00:00:00,20.854
2025-12-07 01:00:00,18.2801
2025-12-07 02:00:00,15.9333
2025-12-07 03:00:00,14.9464
2025-12-07 04:00:00,15.7161
2025-12-07 05:00:00,18.0978
2025-12-07 06:00:00,20.6288
2025-12-07 07:00:00,11.6954
2025-12-07 08:00:00,-21.414
2025-12-07 09:00:00,-47.2624
2025-12-07 10:00:00,-60.7717
2025-12-07 11:00:00,-71.7779
2025-12-07 12:00:00,-77.1422
2025-12-07 13:00:00,-75.2977
2025-12-07 14:00:00,-58.9285
2025-12-07 15:00:00,-28.0954
2025-12-07 16:00:00,10.8329
2025-12-07 17:00:00,29.7223
2025-12-07 18:00:00,37.5072
2025-12-07 19:00:00,44.637
2025-12-07 20:00:00,47.6271
2025-12-07 21:00:00,44.7368
2025-12-07 22:00:00,37.8304
2025-12-07 23:00:00,29.9119
2025-12-08 00:00:00,23.7841
2025-12-08 01:00:00,21.6731
2025-12-08 02:00:00,18.4397
2025-12-08 03:00:00,17.6449
2025-12-08 04:00:00,18.2095
2025-12-08 05:00:00,21.4739
2025-12-08 06:00:00,24.5064
2025-12-08 07:00:00,17.519
2025-12-08 08:00:00,-14.7822
2025-12-08 09:00:00,-38.4354
2025-12-08 10:00:00,-52.3457
2025-12-08 11:00:00,-61.2813
2025-12-08 12:00:00,-68.6679
2025-12-08 13:00:00,-66.7786
2025-12-08 14:00:00,-51.1079
2025-12-08 15:00:00,-21.0446
2025-12-08 16:00:00,16.2756
2025-12-08 17:00:00,35.1913
2025-12-08 18:00:00,43.5244
2025-12-08 19:00:00,53.5503
2025-12-08 20:00:00,58.3664
2025-12-08 21:00:00,51.8799
2025-12-08 22:00:00,43.9461
2025-12-08 23:00:00,35.9833
2025-12-09 00:00:00,24.2252
2025-12-09 01:00:00,20.8584
2025-12-09 02:00:00,18.5431
2025-12-09 03:00:00,17.5853
2025-12-09 04:00:00,18.5889
2025-12-09 05:00:00,21.5154
2025-12-09 06:00:00,24.0515
2025-12-09 07:00:00,24.7647
2025-12-09 08:00:00,-4.0903
2025-12-09 09:00:00,-27.1799
2025-12-09 10:00:00,-45.0496
2025-12-09 11:00:00,-61.0884
2025-12-09 12:00:00,-71.6087
2025-12-09 13:00:00,-67.2788
2025-12-09 14:00:00,-31.5167
2025-12-09 15:00:00,-0.7603
2025-12-09 16:00:00,22.6008
2025-12-09 17:00:00,34.9875
2025-12-09 18:00:00,43.7767
2025-12-09 19:00:00,54.8567
2025-12-09 20:00:00,57.4473
2025-12-09 21:00:00,53.5255
2025-12-09 22:00:00,43.5898
2025-12-09 23:00:00,35.2872
2025-12-10 00:00:00,23.6153
2025-12-10 01:00:00,20.3782
2025-12-10 02:00:00,19.1097
2025-12-10 03:00:00,17.5289
2025-12-10 04:00:00,18.4453
2025-12-10 05:00:00,21.3141
2025-12-10 06:00:00,24.2011
2025-12-10 07:00:00,26.4201
2025-12-10 08:00:00,23.9567
2025-12-10 09:00:00,29.584
2025-12-10 10:00:00,29.9931
2025-12-10 11:00:00,14.7038
2025-12-10 12:00:00,1.6935
2025-12-10 13:00:00,14.6419
2025-12-10 14:00:00,13.7625
2025-12-10 15:00:00,22.7568
2025-12-10 16:00:00,29.9549
2025-12-10 17:00:00,34.5867
2025-12-10 18:00:00,44.0052
2025-12-10 19:00:00,52.653
2025-12-10 20:00:00,58.0918
2025-12-10 21:00:00,52.7837
2025-12-10 22:00:00,45.5949
2025-12-10 23:00:00,34.5669
2025-12-11 00:00:00,23.3616
2025-12-11 01:00:00,21.9874
2025-12-11 02:00:00,19.0152
2025-12-11 03:00:00,17.3373
2025-12-11 04:00:00,18.5904
2025-12-11 05:00:00,21.4053
2025-12-11 06:00:00,24.3309
2025-12-11 07:00:00,18.7957
2025-12-11 08:00:00,-12.9705
2025-12-11 09:00:00,-39.3026
2025-12-11 10:00:00,-54.965
2025-12-11 11:00:00,-62.758
2025-12-11 12:00:00,-69.7843
2025-12-11 13:00:00,-69.5801
2025-12-11 14:00:00,-51.2789
2025-12-11 15:00:00,-22.9221
2025-12-11 16:00:00,17.0685
2025-12-11 17:00:00,35.9265
2025-12-11 18:00:00,44.0667
2025-12-11 19:00:00,52.8264
2025-12-11 20:00:00,59.0418
2025-12-11 21:00:00,52.4722
2025-12-11 22:00:00,43.553
2025-12-11 23:00:00,35.0629
2025-12-12 00:00:00,23.9061
2025-12-12 01:00:00,21.7104
2025-12-12 02:00:00,18.5589
2025-12-12 03:00:00,17.4637
2025-12-12 04:00:00,18.8098
2025-12-12 05:00:00,21.8672
2025-12-12 06:00:00,24.8776
2025-12-12 07:00:00,18.9803
2025-12-12 08:00:00,-13.1903
2025-12-12 09:00:00,-36.0051
2025-12-12 10:00:00,-50.1278
2025-12-12 11:00:00,-61.6541
2025-12-12 12:00:00,-70.7285
2025-12-12 13:00:00,-70.4488
2025-12-12 14:00:00,-54.347
2025-12-12 15:00:00,-22.6953
2025-12-12 16:00:00,17.1368
2025-12-12 17:00:00,34.2248
2025-12-12 18:00:00,44.3641
2025-12-12 19:00:00,53.9638
2025-12-12 20:00:00,58.5817
2025-12-12 21:00:00,52.8015
2025-12-12 22:00:00,44.0829
2025-12-12 23:00:00,35.2921
2025-12-13 00:00:00,20.7864
2025-12-13 01:00:00,17.9413
2025-12-13 02:00:00,15.8098
2025-12-13 03:00:00,14.6756
2025-12-13 04:00:00,16.0827
2025-12-13 05:00:00,18.0295
2025-12-13 06:00:00,20.6538
2025-12-13 07:00:00,13.8935
2025-12-13 08:00:00,-18.7169
2025-12-13 09:00:00,-44.5122
2025-12-13 10:00:00,-60.4987
2025-12-13 11:00:00,-73.9127
2025-12-13 12:00:00,-81.7682
2025-12-13 13:00:00,-79.5827
2025-12-13 14:00:00,-61.039
2025-12-13 15:00:00,-25.0934
2025-12-13 16:00:00,13.52
2025-12-13 17:00:00,30.4965
2025-12-13 18:00:00,37.7251
2025-12-13 19:00:00,44.0206
2025-12-13 20:00:00,49.0189
2025-12-13 21:00:00,47.3441
2025-12-13 22:00:00,37.4952
2025-12-13 23:00:00,29.919
2025-12-14 00:00:00,20.5676
2025-12-14 01:00:00,17.6292
2025-12-14 02:00:00,15.6856
2025-12-14 03:00:00,15.0407
2025-12-14 04:00:00,15.8927
2025-12-14 05:00:00,18.3337
2025-12-14 06:00:00,20.4756
2025-12-14 07:00:00,13.4775
2025-12-14 08:00:00,-18.1183
2025-12-14 09:00:00,-44.9374
2025-12-14 10:00:00,-60.6063
2025-12-14 11:00:00,-73.5362
2025-12-14 12:00:00,-81.448
2025-12-14 13:00:00,-79.7253
2025-12-14 14:00:00,-62.5733
2025-12-14 15:00:00,-30.6
2025-12-14 16:00:00,10.0914
2025-12-14 17:00:00,29.4173
2025-12-14 18:00:00,37.9431
2025-12-14 19:00:00,45.0988
2025-12-14 20:00:00,49.1063
2025-12-14 21:00:00,44.9921
2025-12-14 22:00:00,37.9209
2025-12-14 23:00:00,29.6801
2025-12-15 00:00:00,24.2362
2025-12-15 01:00:00,20.711
2025-12-15 02:00:00,18.7731
2025-12-15 03:00:00,17.4989
2025-12-15 04:00:00,18.7144
2025-12-15 05:00:00,21.375
2025-12-15 06:00:00,24.5292
2025-12-15 07:00:00,18.02
2025-12-15 08:00:00,-14.4885
2025-12-15 09:00:00,-40.9223
2025-12-15 10:00:00,-57.6861
2025-12-15 11:00:00,-69.2269
2025-12-15 12:00:00,-78.9488
2025-12-15 13:00:00,-76.9828
2025-12-15 14:00:00,-60.1619
2025-12-15 15:00:00,-27.2925
2025-12-15 16:00:00,13.1472
2025-12-15 17:00:00,34.7837
2025-12-15 18:00:00,44.1355
2025-12-15 19:00:00,54.6766
2025-12-15 20:00:00,58.4753
2025-12-15 21:00:00,52.82
2025-12-15 22:00:00,45.4959
2025-12-15 23:00:00,35.579
2025-12-16 00:00:00,23.8512
2025-12-16 01:00:00,21.2071
2025-12-16 02:00:00,18.4116
2025-12-16 03:00:00,17.4574
2025-12-16 04:00:00,18.8207
2025-12-16 05:00:00,21.212
2025-12-16 06:00:00,23.9444
2025-12-16 07:00:00,17.9959
2025-12-16 08:00:00,-13.2802
2025-12-16 09:00:00,-39.1772
2025-12-16 10:00:00,-56.1547
2025-12-16 11:00:00,-66.735
2025-12-16 12:00:00,-76.8021
2025-12-16 13:00:00,-74.0514
2025-12-16 14:00:00,-57.4878
2025-12-16 15:00:00,-26.4457
2025-12-16 16:00:00,13.3378
2025-12-16 17:00:00,34.4563
2025-12-16 18:00:00,43.5021
2025-12-16 19:00:00,52.6739
2025-12-16 20:00:00,56.4129
2025-12-16 21:00:00,53.134
2025-12-16 22:00:00,43.7402
2025-12-16 23:00:00,35.4182
2025-12-17 00:00:00,24.3202
2025-12-17 01:00:00,20.9039
2025-12-17 02:00:00,18.4277
2025-12-17 03:00:00,17.6056
2025-12-17 04:00:00,18.7503
2025-12-17 05:00:00,21.5874
2025-12-17 06:00:00,24.0631
2025-12-17 07:00:00,18.7019
2025-12-17 08:00:00,-12.7237
2025-12-17 09:00:00,-40.6636
2025-12-17 10:00:00,-58.252
2025-12-17 11:00:00,-71.3681
2025-12-17 12:00:00,-81.6059
2025-12-17 13:00:00,-79.5492
2025-12-17 14:00:00,-62.9895
2025-12-17 15:00:00,-29.2924
2025-12-17 16:00:00,12.1402
2025-12-17 17:00:00,34.752
2025-12-17 18:00:00,44.0811
2025-12-17 19:00:00,53.6876
2025-12-17 20:00:00,58.969
2025-12-17 21:00:00,53.7541
2025-12-17 22:00:00,45.1946
2025-12-17 23:00:00,36.4795
2025-12-18 00:00:00,23.4663
2025-12-18 01:00:00,20.8692
2025-12-18 02:00:00,19.1677
2025-12-18 03:00:00,17.336
2025-12-18 04:00:00,18.4587
2025-12-18 05:00:00,20.9255
2025-12-18 06:00:00,23.7899
2025-12-18 07:00:00,18.5774
2025-12-18 08:00:00,-14.3923
2025-12-18 09:00:00,-40.4455
2025-12-18 10:00:00,-57.1652
2025-12-18 11:00:00,-68.1446
2025-12-18 12:00:00,-77.9435
2025-12-18 13:00:00,-74.4004
2025-12-18 14:00:00,-58.9761
2025-12-18 15:00:00,-24.5582
2025-12-18 16:00:00,15.0768
2025-12-18 17:00:00,35.6123
2025-12-18 18:00:00,43.3247
2025-12-18 19:00:00,54.0711
2025-12-18 20:00:00,56.8977
2025-12-18 21:00:00,51.9682
2025-12-18 22:00:00,44.4311
2025-12-18 23:00:00,34.9546
2025-12-19 00:00:00,24.5891
2025-12-19 01:00:00,21.0088
2025-12-19 02:00:00,18.1132
2025-12-19 03:00:00,17.6833
2025-12-19 04:00:00,18.4151
2025-12-19 05:00:00,20.6459
2025-12-19 06:00:00,24.0814
2025-12-19 07:00:00,18.7637
2025-12-19 08:00:00,-11.0512
2025-12-19 09:00:00,-34.924
2025-12-19 10:00:00,-51.3856
2025-12-19 11:00:00,-62.6882
2025-12-19 12:00:00,-69.2988
2025-12-19 13:00:00,-69.1103
2025-12-19 14:00:00,-52.8905
2025-12-19 15:00:00,-24.1254
2025-12-19 16:00:00,14.2123
2025-12-19 17:00:00,35.2183
2025-12-19 18:00:00,43.8962
2025-12-19 19:00:00,53.5012
2025-12-19 20:00:00,57.8837
2025-12-19 21:00:00,53.0579
2025-12-19 22:00:00,43.8871
2025-12-19 23:00:00,35.5785
2025-12-20 00:00:00,20.2174
2025-12-20 01:00:00,18.4356
2025-12-20 02:00:00,15.9831
2025-12-20 03:00:00,14.8722
2025-12-20 04:00:00,15.7946
2025-12-20 05:00:00,18.4031
2025-12-20 06:00:00,20.421
2025-12-20 07:00:00,22.6217
2025-12-20 08:00:00,18.2979
2025-12-20 09:00:00,-16.2281
2025-12-20 10:00:00,-28.1344
2025-12-20 11:00:00,-30.154
2025-12-20 12:00:00,-43.1828
2025-12-20 13:00:00,-37.5169
2025-12-20 14:00:00,-4.7274
2025-12-20 15:00:00,1.315
2025-12-20 16:00:00,14.4184
2025-12-20 17:00:00,29.9137
2025-12-20 18:00:00,36.3018
2025-12-20 19:00:00,44.2477
2025-12-20 20:00:00,48.1192
2025-12-20 21:00:00,45.1175
2025-12-20 22:00:00,37.288
2025-12-20 23:00:00,30.3506
2025-12-21 00:00:00,20.3265
2025-12-21 01:00:00,17.9876
2025-12-21 02:00:00,15.7977
2025-12-21 03:00:00,14.9469
2025-12-21 04:00:00,15.4817
2025-12-21 05:00:00,18.537
2025-12-21 06:00:00,20.9591
2025-12-21 07:00:00,22.6112
2025-12-21 08:00:00,-17.1945
2025-12-21 09:00:00,-50.6466
2025-12-21 10:00:00,-73.0352
2025-12-21 11:00:00,-86.7429
2025-12-21 12:00:00,-95.7848
2025-12-21 13:00:00,-91.1069
2025-12-21 14:00:00,-72.0789
2025-12-21 15:00:00,-37.4676
2025-12-21 16:00:00,6.336
2025-12-21 17:00:00,29.909
2025-12-21 18:00:00,36.6019
2025-12-21 19:00:00,44.4639
2025-12-21 20:00:00,49.135
2025-12-21 21:00:00,45.4442
2025-12-21 22:00:00,37.1045
2025-12-21 23:00:00,30.0424
2025-12-22 00:00:00,23.7481
2025-12-22 01:00:00,20.6474
2025-12-22 02:00:00,18.1754
2025-12-22 03:00:00,17.5157
2025-12-22 04:00:00,18.0539
2025-12-22 05:00:00,21.7507
2025-12-22 06:00:00,24.2022
2025-12-22 07:00:00,26.8784
2025-12-22 08:00:00,-10.8826
2025-12-22 09:00:00,-38.9645
2025-12-22 10:00:00,-55.0375
2025-12-22 11:00:00,-65.793
2025-12-22 12:00:00,-76.327
2025-12-22 13:00:00,-74.0237
2025-12-22 14:00:00,-58.7776
2025-12-22 15:00:00,-27.8457
2025-12-22 16:00:00,12.3772
2025-12-22 17:00:00,35.4314
2025-12-22 18:00:00,43.1745
2025-12-22 19:00:00,53.3406
2025-12-22 20:00:00,56.7252
2025-12-22 21:00:00,53.0052
2025-12-22 22:00:00,42.7378
2025-12-22 23:00:00,35.8458
2025-12-23 00:00:00,24.2541
2025-12-23 01:00:00,20.7552
2025-12-23 02:00:00,18.2132
2025-12-23 03:00:00,17.721
2025-12-23 04:00:00,18.9929
2025-12-23 05:00:00,21.6854
2025-12-23 06:00:00,23.6117
2025-12-23 07:00:00,28.0024
2025-12-23 08:00:00,-9.9597
2025-12-23 09:00:00,-35.9376
2025-12-23 10:00:00,-53.6613
2025-12-23 11:00:00,-64.3722
2025-12-23 12:00:00,-71.2301
2025-12-23 13:00:00,-71.0788
2025-12-23 14:00:00,-56.3701
2025-12-23 15:00:00,-26.0021
2025-12-23 16:00:00,11.8634
2025-12-23 17:00:00,35.3694
2025-12-23 18:00:00,44.2764
2025-12-23 19:00:00,53.0625
2025-12-23 20:00:00,57.564
2025-12-23 21:00:00,53.4101
2025-12-23 22:00:00,43.5616
2025-12-23 23:00:00,35.4391
2025-12-24 00:00:00,24.1775
2025-12-24 01:00:00,20.6244
2025-12-24 02:00:00,18.9
2025-12-24 03:00:00,17.6753
2025-12-24 04:00:00,19.0008
2025-12-24 05:00:00,21.0122
2025-12-24 06:00:00,24.4342
2025-12-24 07:00:00,27.5795
2025-12-24 08:00:00,14.9296
2025-12-24 09:00:00,-5.7087
2025-12-24 10:00:00,-17.6525
2025-12-24 11:00:00,-30.2585
2025-12-24 12:00:00,-34.884
2025-12-24 13:00:00,-40.5958
2025-12-24 14:00:00,-28.5342
2025-12-24 15:00:00,-5.3415
2025-12-24 16:00:00,21.4125
2025-12-24 17:00:00,34.6826
2025-12-24 18:00:00,44.2195
2025-12-24 19:00:00,53.4442
2025-12-24 20:00:00,57.673
2025-12-24 21:00:00,53.2791
2025-12-24 22:00:00,43.0788
2025-12-24 23:00:00,35.0794
2025-12-25 00:00:00,24.4001
2025-12-25 01:00:00,20.9808
2025-12-25 02:00:00,18.6055
2025-12-25 03:00:00,17.4372
2025-12-25 04:00:00,18.6978
2025-12-25 05:00:00,21.6705
2025-12-25 06:00:00,24.0871
2025-12-25 07:00:00,28.4159
2025-12-25 08:00:00,-10.4351
2025-12-25 09:00:00,-33.8237
2025-12-25 10:00:00,-48.9942
2025-12-25 11:00:00,-61.7003
2025-12-25 12:00:00,-69.9482
2025-12-25 13:00:00,-69.4697
2025-12-25 14:00:00,-55.7152
2025-12-25 15:00:00,-26.1953
2025-12-25 16:00:00,12.2516
2025-12-25 17:00:00,34.8634
2025-12-25 18:00:00,43.9416
2025-12-25 19:00:00,51.647
2025-12-25 20:00:00,57.7652
2025-12-25 21:00:00,53.512
2025-12-25 22:00:00,44.0408
2025-12-25 23:00:00,35.0058
2025-12-26 00:00:00,23.7614
2025-12-26 01:00:00,20.7568
2025-12-26 02:00:00,18.4687
2025-12-26 03:00:00,17.5391
2025-12-26 04:00:00,18.8245
2025-12-26 05:00:00,20.9397
2025-12-26 06:00:00,24.5572
2025-12-26 07:00:00,28.0324
2025-12-26 08:00:00,-7.4771
2025-12-26 09:00:00,-25.5689
2025-12-26 10:00:00,-34.935
2025-12-26 11:00:00,-47.9716
2025-12-26 12:00:00,-54.8609
2025-12-26 13:00:00,-57.2193
2025-12-26 14:00:00,-17.7803
2025-12-26 15:00:00,6.1316
2025-12-26 16:00:00,23.7243
2025-12-26 17:00:00,35.5304
2025-12-26 18:00:00,44.5305
2025-12-26 19:00:00,52.895
2025-12-26 20:00:00,56.9669
2025-12-26 21:00:00,52.7394
2025-12-26 22:00:00,43.9398
2025-12-26 23:00:00,36.2502
2025-12-27 00:00:00,20.4378
2025-12-27 01:00:00,18.5779
2025-12-27 02:00:00,15.9114
2025-12-27 03:00:00,14.7076
2025-12-27 04:00:00,15.9013
2025-12-27 05:00:00,17.7675
2025-12-27 06:00:00,20.7222
2025-12-27 07:00:00,23.201
2025-12-27 08:00:00,-12.659
2025-12-27 09:00:00,-40.5564
2025-12-27 10:00:00,-57.1075
2025-12-27 11:00:00,-69.2546
2025-12-27 12:00:00,-77.7201
2025-12-27 13:00:00,-75.743
2025-12-27 14:00:00,-57.434
2025-12-27 15:00:00,-31.7895
2025-12-27 16:00:00,5.8248
2025-12-27 17:00:00,30.1018
2025-12-27 18:00:00,37.0963
2025-12-27 19:00:00,44.4731
2025-12-27 20:00:00,49.704
2025-12-27 21:00:00,45.2716
2025-12-27 22:00:00,37.495
2025-12-27 23:00:00,29.8752
2025-12-28 00:00:00,20.3747
2025-12-28 01:00:00,17.8226
2025-12-28 02:00:00,15.9329
2025-12-28 03:00:00,14.3677
2025-12-28 04:00:00,16.3232
2025-12-28 05:00:00,17.5105
2025-12-28 06:00:00,20.7739
2025-12-28 07:00:00,23.0492
2025-12-28 08:00:00,-7.3225
2025-12-28 09:00:00,-34.8064
2025-12-28 10:00:00,-44.1329
2025-12-28 11:00:00,-59.895
2025-12-28 12:00:00,-60.4164
2025-12-28 13:00:00,-66.0488
2025-12-28 14:00:00,-57.6969
2025-12-28 15:00:00,-29.3775
2025-12-28 16:00:00,10.299
2025-12-28 17:00:00,30.7824
2025-12-28 18:00:00,37.61
2025-12-28 19:00:00,44.898
2025-12-28 20:00:00,48.8107
2025-12-28 21:00:00,44.6214
2025-12-28 22:00:00,38.347
2025-12-28 23:00:00,30.0158
2025-12-29 00:00:00,23.7622
2025-12-29 01:00:00,21.5961
2025-12-29 02:00:00,18.5282
2025-12-29 03:00:00,17.5085
2025-12-29 04:00:00,18.8682
2025-12-29 05:00:00,21.7338
2025-12-29 06:00:00,24.302
2025-12-29 07:00:00,28.5235
2025-12-29 08:00:00,16.0777
2025-12-29 09:00:00,4.5955
2025-12-29 10:00:00,-11.0122
2025-12-29 11:00:00,-19.7299
2025-12-29 12:00:00,-27.7833
2025-12-29 13:00:00,-3.5436
2025-12-29 14:00:00,2.5376
2025-12-29 15:00:00,15.3237
2025-12-29 16:00:00,26.6294
2025-12-29 17:00:00,35.5226
2025-12-29 18:00:00,44.6124
2025-12-29 19:00:00,53.2427
2025-12-29 20:00:00,56.2103
2025-12-29 21:00:00,53.4263
2025-12-29 22:00:00,42.8226
2025-12-29 23:00:00,36.3248
2025-12-30 00:00:00,23.9554
2025-12-30 01:00:00,20.9458
2025-12-30 02:00:00,18.9304
2025-12-30 03:00:00,17.5295
2025-12-30 04:00:00,18.4036
2025-12-30 05:00:00,21.1335
2025-12-30 06:00:00,23.9354
2025-12-30 07:00:00,28.9106
2025-12-30 08:00:00,30.0516
2025-12-30 09:00:00,30.1327
2025-12-30 10:00:00,35.6548
2025-12-30 11:00:00,35.3398
2025-12-30 12:00:00,29.4874
2025-12-30 13:00:00,26.9801
2025-12-30 14:00:00,26.2866
2025-12-30 15:00:00,27.6678
2025-12-30 16:00:00,30.5599
2025-12-30 17:00:00,35.1701
2025-12-30 18:00:00,43.4987
2025-12-30 19:00:00,53.7552
2025-12-30 20:00:00,57.2612
2025-12-30 21:00:00,52.5994
2025-12-30 22:00:00,43.3922
2025-12-30 23:00:00,35.7145
2025-12-31 00:00:00,24.1114
2025-12-31 01:00:00,21.9025
2025-12-31 02:00:00,18.7366
2025-12-31 03:00:00,17.5604
2025-12-31 04:00:00,17.9221
2025-12-31 05:00:00,20.8656
2025-12-31 06:00:00,24.4497
2025-12-31 07:00:00,28.1518
2025-12-31 08:00:00,33.4938
2025-12-31 09:00:00,39.5475
2025-12-31 10:00:00,47.3925
2025-12-31 11:00:00,44.9629
2025-12-31 12:00:00,38.4847
2025-12-31 13:00:00,29.7487
2025-12-31 14:00:00,26.3139
2025-12-31 15:00:00,27.3771
2025-12-31 16:00:00,30.5691
2025-12-31 17:00:00,36.1584
2025-12-31 18:00:00,43.2782
2025-12-31 19:00:00,54.5775
2025-12-31 20:00:00,57.4245
2025-12-31 21:00:00,53.0194
2025-12-31 22:00:00,43.8022
2025-12-31 23:00:00,35.3826
