timestamp,p_net_mw
2025-01-01 00:00:00,23.3501
2025-01-01 01:00:00,20.3371
2025-01-01 02:00:00,17.9352
2025-01-01 03:00:00,17.5309
2025-01-01 04:00:00,18.0988
2025-01-01 05:00:00,20.7431
2025-01-01 06:00:00,23.7698
2025-01-01 07:00:00,27.6946
2025-01-01 08:00:00,3.6747
2025-01-01 09:00:00,-11.0822
2025-01-01 10:00:00,-22.0442
2025-01-01 11:00:00,-29.544
2025-01-01 12:00:00,-37.6373
2025-01-01 13:00:00,-39.8888
2025-01-01 14:00:00,-33.4695
2025-01-01 15:00:00,-4.9074
2025-01-01 16:00:00,24.6497
2025-01-01 17:00:00,35.0305
2025-01-01 18:00:00,43.6635
2025-01-01 19:00:00,52.9135
2025-01-01 20:00:00,56.1478
2025-01-01 21:00:00,52.5814
2025-01-01 22:00:00,42.1994
2025-01-01 23:00:00,35.457
2025-01-02 00:00:00,23.5736
2025-01-02 01:00:00,21.1638
2025-01-02 02:00:00,18.0138
2025-01-02 03:00:00,16.9841
2025-01-02 04:00:00,18.2192
2025-01-02 05:00:00,20.9696
2025-01-02 06:00:00,24.0024
2025-01-02 07:00:00,28.3159
2025-01-02 08:00:00,6.1158
2025-01-02 09:00:00,-9.6702
2025-01-02 10:00:00,-18.3278
2025-01-02 11:00:00,-27.3348
2025-01-02 12:00:00,-34.7772
2025-01-02 13:00:00,-39.1075
2025-01-02 14:00:00,-29.6498
2025-01-02 15:00:00,-10.9499
2025-01-02 16:00:00,14.0309
2025-01-02 17:00:00,34.8601
2025-01-02 18:00:00,42.974
2025-01-02 19:00:00,51.2765
2025-01-02 20:00:00,55.5695
2025-01-02 21:00:00,51.5561
2025-01-02 22:00:00,43.0022
2025-01-02 23:00:00,35.7086
2025-01-03 00:00:00,23.5582
2025-01-03 01:00:00,20.9071
2025-01-03 02:00:00,17.9471
2025-01-03 03:00:00,17.6261
2025-01-03 04:00:00,18.7079
2025-01-03 05:00:00,21.0464
2025-01-03 06:00:00,24.2332
2025-01-03 07:00:00,27.7816
2025-01-03 08:00:00,8.461
2025-01-03 09:00:00,-0.982
2025-01-03 10:00:00,-3.1157
2025-01-03 11:00:00,-3.8291
2025-01-03 12:00:00,-4.1679
2025-01-03 13:00:00,-11.4639
2025-01-03 14:00:00,-14.6234
2025-01-03 15:00:00,-1.4971
2025-01-03 16:00:00,17.3676
2025-01-03 17:00:00,34.5483
2025-01-03 18:00:00,41.942
2025-01-03 19:00:00,52.1367
2025-01-03 20:00:00,55.2636
2025-01-03 21:00:00,53.5006
2025-01-03 22:00:00,43.8767
2025-01-03 23:00:00,35.1838
2025-01-04 00:00:00,19.3996
2025-01-04 01:00:00,18.1676
2025-01-04 02:00:00,15.7197
2025-01-04 03:00:00,14.434
2025-01-04 04:00:00,15.6348
2025-01-04 05:00:00,17.1126
2025-01-04 06:00:00,20.9805
2025-01-04 07:00:00,23.4348
2025-01-04 08:00:00,-0.1042
2025-01-04 09:00:00,-15.2037
2025-01-04 10:00:00,-25.1943
2025-01-04 11:00:00,-33.2746
2025-01-04 12:00:00,-40.478
2025-01-04 13:00:00,-42.441
2025-01-04 14:00:00,-28.4573
2025-01-04 15:00:00,-9.2137
2025-01-04 16:00:00,13.374
2025-01-04 17:00:00,29.8318
2025-01-04 18:00:00,35.9162
2025-01-04 19:00:00,44.5382
2025-01-04 20:00:00,49.3494
2025-01-04 21:00:00,44.5662
2025-01-04 22:00:00,36.7502
2025-01-04 23:00:00,28.9272
2025-01-05 00:00:00,20.2416
2025-01-05 01:00:00,17.565
2025-01-05 02:00:00,15.5516
2025-01-05 03:00:00,14.809
2025-01-05 04:00:00,15.4029
2025-01-05 05:00:00,17.5663
2025-01-05 06:00:00,20.7312
2025-01-05 07:00:00,24.0709
2025-01-05 08:00:00,16.4699
2025-01-05 09:00:00,2.2637
2025-01-05 10:00:00,1.6018
2025-01-05 11:00:00,-5.4305
2025-01-05 12:00:00,-13.36
2025-01-05 13:00:00,-5.1778
2025-01-05 14:00:00,7.7796
2025-01-05 15:00:00,6.4777
2025-01-05 16:00:00,23.0599
2025-01-05 17:00:00,29.886
2025-01-05 18:00:00,36.3814
2025-01-05 19:00:00,45.4301
2025-01-05 20:00:00,47.4853
2025-01-05 21:00:00,44.6919
2025-01-05 22:00:00,36.4251
2025-01-05 23:00:00,29.361
2025-01-06 00:00:00,23.4585
2025-01-06 01:00:00,20.6765
2025-01-06 02:00:00,18.4475
2025-01-06 03:00:00,16.9145
2025-01-06 04:00:00,18.2566
2025-01-06 05:00:00,20.5477
2025-01-06 06:00:00,23.9447
2025-01-06 07:00:00,27.3295
2025-01-06 08:00:00,8.1829
2025-01-06 09:00:00,-5.6866
2025-01-06 10:00:00,-14.6772
2025-01-06 11:00:00,-22.0978
2025-01-06 12:00:00,-29.0386
2025-01-06 13:00:00,-29.3366
2025-01-06 14:00:00,-0.558
2025-01-06 15:00:00,11.9921
2025-01-06 16:00:00,20.5117
2025-01-06 17:00:00,34.8488
2025-01-06 18:00:00,43.3444
2025-01-06 19:00:00,51.6935
2025-01-06 20:00:00,56.6379
2025-01-06 21:00:00,52.8744
2025-01-06 22:00:00,42.516
2025-01-06 23:00:00,35.2005
2025-01-07 00:00:00,23.6875
2025-01-07 01:00:00,20.4026
2025-01-07 02:00:00,18.5595
2025-01-07 03:00:00,16.932
2025-01-07 04:00:00,18.3268
2025-01-07 05:00:00,20.6696
2025-01-07 06:00:00,24.8126
2025-01-07 07:00:00,27.7618
2025-01-07 08:00:00,12.3998
2025-01-07 09:00:00,-2.3136
2025-01-07 10:00:00,-1.2003
2025-01-07 11:00:00,-15.6749
2025-01-07 12:00:00,-30.9348
2025-01-07 13:00:00,-29.9977
2025-01-07 14:00:00,-25.5825
2025-01-07 15:00:00,-11.8367
2025-01-07 16:00:00,14.6921
2025-01-07 17:00:00,34.7731
2025-01-07 18:00:00,44.0569
2025-01-07 19:00:00,52.0752
2025-01-07 20:00:00,57.0944
2025-01-07 21:00:00,51.4529
2025-01-07 22:00:00,43.654
2025-01-07 23:00:00,35.6894
2025-01-08 00:00:00,22.8819
2025-01-08 01:00:00,20.5279
2025-01-08 02:00:00,18.4673
2025-01-08 03:00:00,16.9598
2025-01-08 04:00:00,18.0563
2025-01-08 05:00:00,21.1012
2025-01-08 06:00:00,24.1657
2025-01-08 07:00:00,27.7495
2025-01-08 08:00:00,6.347
2025-01-08 09:00:00,-6.1661
2025-01-08 10:00:00,-14.2057
2025-01-08 11:00:00,-21.9014
2025-01-08 12:00:00,-28.1234
2025-01-08 13:00:00,-34.1005
2025-01-08 14:00:00,-17.7141
2025-01-08 15:00:00,2.6111
2025-01-08 16:00:00,19.4226
2025-01-08 17:00:00,34.896
2025-01-08 18:00:00,42.7732
2025-01-08 19:00:00,52.0852
2025-01-08 20:00:00,55.2596
2025-01-08 21:00:00,52.5454
2025-01-08 22:00:00,42.8127
2025-01-08 23:00:00,35.1894
2025-01-09 00:00:00,23.0262
2025-01-09 01:00:00,20.9043
2025-01-09 02:00:00,17.8175
2025-01-09 03:00:00,16.8969
2025-01-09 04:00:00,18.29
2025-01-09 05:00:00,20.4878
2025-01-09 06:00:00,24.4568
2025-01-09 07:00:00,28.0653
2025-01-09 08:00:00,5.6023
2025-01-09 09:00:00,-10.4334
2025-01-09 10:00:00,-19.2907
2025-01-09 11:00:00,-26.775
2025-01-09 12:00:00,-35.0189
2025-01-09 13:00:00,-39.3095
2025-01-09 14:00:00,-31.1746
2025-01-09 15:00:00,-13.5097
2025-01-09 16:00:00,11.9948
2025-01-09 17:00:00,34.6093
2025-01-09 18:00:00,43.2316
2025-01-09 19:00:00,52.971
2025-01-09 20:00:00,56.4902
2025-01-09 21:00:00,52.5531
2025-01-09 22:00:00,43.6965
2025-01-09 23:00:00,35.0729
2025-01-10 00:00:00,23.8888
2025-01-10 01:00:00,21.2767
2025-01-10 02:00:00,18.1828
2025-01-10 03:00:00,17.1981
2025-01-10 04:00:00,18.3611
2025-01-10 05:00:00,20.7089
2025-01-10 06:00:00,24.0445
2025-01-10 07:00:00,27.3181
2025-01-10 08:00:00,5.8515
2025-01-10 09:00:00,-7.8703
2025-01-10 10:00:00,-14.8302
2025-01-10 11:00:00,-25.9553
2025-01-10 12:00:00,-33.826
2025-01-10 13:00:00,-36.3822
2025-01-10 14:00:00,-30.0336
2025-01-10 15:00:00,-14.008
2025-01-10 16:00:00,12.4517
2025-01-10 17:00:00,34.4426
2025-01-10 18:00:00,43.2945
2025-01-10 19:00:00,52.8605
2025-01-10 20:00:00,57.0352
2025-01-10 21:00:00,52.5942
2025-01-10 22:00:00,44.1291
2025-01-10 23:00:00,35.6252
2025-01-11 00:00:00,20.3276
2025-01-11 01:00:00,18.1936
2025-01-11 02:00:00,15.6418
2025-01-11 03:00:00,14.3645
2025-01-11 04:00:00,15.7332
2025-01-11 05:00:00,17.3792
2025-01-11 06:00:00,20.0656
2025-01-11 07:00:00,22.94
2025-01-11 08:00:00,6.7898
2025-01-11 09:00:00,-9.4012
2025-01-11 10:00:00,-21.1061
2025-01-11 11:00:00,-27.5702
2025-01-11 12:00:00,-36.0375
2025-01-11 13:00:00,-38.3655
2025-01-11 14:00:00,-34.6991
2025-01-11 15:00:00,-18.455
2025-01-11 16:00:00,6.9693
2025-01-11 17:00:00,29.9181
2025-01-11 18:00:00,37.2992
2025-01-11 19:00:00,43.8234
2025-01-11 20:00:00,48.419
2025-01-11 21:00:00,44.8039
2025-01-11 22:00:00,35.973
2025-01-11 23:00:00,29.7153
2025-01-12 00:00:00,20.6022
2025-01-12 01:00:00,17.8013
2025-01-12 02:00:00,15.6468
2025-01-12 03:00:00,14.3958
2025-01-12 04:00:00,15.8088
2025-01-12 05:00:00,17.2132
2025-01-12 06:00:00,20.3047
2025-01-12 07:00:00,23.5618
2025-01-12 08:00:00,1.2795
2025-01-12 09:00:00,-12.8668
2025-01-12 10:00:00,-21.1464
2025-01-12 11:00:00,-32.4145
2025-01-12 12:00:00,-41.057
2025-01-12 13:00:00,-43.6199
2025-01-12 14:00:00,-36.8929
2025-01-12 15:00:00,-20.2145
2025-01-12 16:00:00,6.7095
2025-01-12 17:00:00,29.7434
2025-01-12 18:00:00,36.2689
2025-01-12 19:00:00,43.7411
2025-01-12 20:00:00,46.0805
2025-01-12 21:00:00,43.2003
2025-01-12 22:00:00,36.3991
2025-01-12 23:00:00,29.4881
2025-01-13 00:00:00,23.8212
2025-01-13 01:00:00,20.8557
2025-01-13 02:00:00,17.9002
2025-01-13 03:00:00,17.241
2025-01-13 04:00:00,18.3143
2025-01-13 05:00:00,21.1986
2025-01-13 06:00:00,23.4999
2025-01-13 07:00:00,26.6474
2025-01-13 08:00:00,9.3845
2025-01-13 09:00:00,-8.1099
2025-01-13 10:00:00,-17.5511
2025-01-13 11:00:00,-24.1982
2025-01-13 12:00:00,-25.8257
2025-01-13 13:00:00,-24.6865
2025-01-13 14:00:00,-13.7211
2025-01-13 15:00:00,-2.2123
2025-01-13 16:00:00,18.2429
2025-01-13 17:00:00,34.4447
2025-01-13 18:00:00,42.6721
2025-01-13 19:00:00,51.9127
2025-01-13 20:00:00,56.0985
2025-01-13 21:00:00,53.1484
2025-01-13 22:00:00,42.9412
2025-01-13 23:00:00,34.039
2025-01-14 00:00:00,23.9225
2025-01-14 01:00:00,20.6362
2025-01-14 02:00:00,18.8112
2025-01-14 03:00:00,17.5169
2025-01-14 04:00:00,18.3381
2025-01-14 05:00:00,20.8
2025-01-14 06:00:00,23.4894
2025-01-14 07:00:00,27.4831
2025-01-14 08:00:00,13.3974
2025-01-14 09:00:00,6.8889
2025-01-14 10:00:00,6.5674
2025-01-14 11:00:00,-3.5359
2025-01-14 12:00:00,-19.5775
2025-01-14 13:00:00,-13.3778
2025-01-14 14:00:00,-3.0005
2025-01-14 15:00:00,9.6199
2025-01-14 16:00:00,23.6294
2025-01-14 17:00:00,35.2087
2025-01-14 18:00:00,42.8384
2025-01-14 19:00:00,50.9418
2025-01-14 20:00:00,56.7317
2025-01-14 21:00:00,51.9576
2025-01-14 22:00:00,42.5973
2025-01-14 23:00:00,35.2775
2025-01-15 00:00:00,23.8345
2025-01-15 01:00:00,20.4207
2025-01-15 02:00:00,18.3456
2025-01-15 03:00:00,17.0161
2025-01-15 04:00:00,18.1463
2025-01-15 05:00:00,20.6305
2025-01-15 06:00:00,23.7238
2025-01-15 07:00:00,27.5412
2025-01-15 08:00:00,5.0827
2025-01-15 09:00:00,-12.2408
2025-01-15 10:00:00,-18.4182
2025-01-15 11:00:00,-27.0902
2025-01-15 12:00:00,-39.3245
2025-01-15 13:00:00,-42.179
2025-01-15 14:00:00,-34.7538
2025-01-15 15:00:00,-17.8384
2025-01-15 16:00:00,8.2846
2025-01-15 17:00:00,34.6426
2025-01-15 18:00:00,43.3805
2025-01-15 19:00:00,51.9115
2025-01-15 20:00:00,58.2438
2025-01-15 21:00:00,52.3192
2025-01-15 22:00:00,43.8487
2025-01-15 23:00:00,35.6906
2025-01-16 00:00:00,23.3208
2025-01-16 01:00:00,20.8521
2025-01-16 02:00:00,18.3778
2025-01-16 03:00:00,17.1845
2025-01-16 04:00:00,18.2935
2025-01-16 05:00:00,20.781
2025-01-16 06:00:00,23.824
2025-01-16 07:00:00,27.8193
2025-01-16 08:00:00,3.0696
2025-01-16 09:00:00,-10.8993
2025-01-16 10:00:00,-18.4525
2025-01-16 11:00:00,-26.428
2025-01-16 12:00:00,-35.6459
2025-01-16 13:00:00,-40.2818
2025-01-16 14:00:00,-34.1308
2025-01-16 15:00:00,-17.4144
2025-01-16 16:00:00,7.9378
2025-01-16 17:00:00,34.8551
2025-01-16 18:00:00,42.6158
2025-01-16 19:00:00,52.7532
2025-01-16 20:00:00,54.5958
2025-01-16 21:00:00,51.5965
2025-01-16 22:00:00,43.977
2025-01-16 23:00:00,35.3172
2025-01-17 00:00:00,23.7858
2025-01-17 01:00:00,20.7545
2025-01-17 02:00:00,18.1949
2025-01-17 03:00:00,17.6042
2025-01-17 04:00:00,17.9384
2025-01-17 05:00:00,21.6004
2025-01-17 06:00:00,23.9597
2025-01-17 07:00:00,27.2757
2025-01-17 08:00:00,5.0286
2025-01-17 09:00:00,-8.7824
2025-01-17 10:00:00,-12.9075
2025-01-17 11:00:00,-24.2444
2025-01-17 12:00:00,-35.4287
2025-01-17 13:00:00,-36.7776
2025-01-17 14:00:00,-23.8392
2025-01-17 15:00:00,-7.1099
2025-01-17 16:00:00,11.9395
2025-01-17 17:00:00,35.2519
2025-01-17 18:00:00,43.4296
2025-01-17 19:00:00,50.9817
2025-01-17 20:00:00,55.4913
2025-01-17 21:00:00,52.5274
2025-01-17 22:00:00,43.7081
2025-01-17 23:00:00,34.9385
2025-01-18 00:00:00,19.8104
2025-01-18 01:00:00,17.5665
2025-01-18 02:00:00,15.351
2025-01-18 03:00:00,14.725
2025-01-18 04:00:00,15.5249
2025-01-18 05:00:00,17.4936
2025-01-18 06:00:00,20.4909
2025-01-18 07:00:00,22.987
2025-01-18 08:00:00,13.3072
2025-01-18 09:00:00,-11.6583
2025-01-18 10:00:00,-25.9556
2025-01-18 11:00:00,-32.7058
2025-01-18 12:00:00,-41.4908
2025-01-18 13:00:00,-44.517
2025-01-18 14:00:00,-35.5145
2025-01-18 15:00:00,-21.8375
2025-01-18 16:00:00,2.9391
2025-01-18 17:00:00,29.5614
2025-01-18 18:00:00,36.6841
2025-01-18 19:00:00,42.8493
2025-01-18 20:00:00,48.0547
2025-01-18 21:00:00,44.3045
2025-01-18 22:00:00,37.6255
2025-01-18 23:00:00,30.0822
2025-01-19 00:00:00,19.8138
2025-01-19 01:00:00,17.4374
2025-01-19 02:00:00,15.6459
2025-01-19 03:00:00,14.5619
2025-01-19 04:00:00,15.7941
2025-01-19 05:00:00,17.7371
2025-01-19 06:00:00,19.8427
2025-01-19 07:00:00,23.3784
2025-01-19 08:00:00,-1.3729
2025-01-19 09:00:00,-16.7959
2025-01-19 10:00:00,-25.3673
2025-01-19 11:00:00,-34.4979
2025-01-19 12:00:00,-42.0965
2025-01-19 13:00:00,-43.6744
2025-01-19 14:00:00,-37.4652
2025-01-19 15:00:00,-21.6748
2025-01-19 16:00:00,3.7236
2025-01-19 17:00:00,30.1349
2025-01-19 18:00:00,35.9944
2025-01-19 19:00:00,45.6281
2025-01-19 20:00:00,47.0562
2025-01-19 21:00:00,44.9713
2025-01-19 22:00:00,36.1941
2025-01-19 23:00:00,29.7043
2025-01-20 00:00:00,23.5607
2025-01-20 01:00:00,20.4539
2025-01-20 02:00:00,18.6205
2025-01-20 03:00:00,17.3331
2025-01-20 04:00:00,18.8124
2025-01-20 05:00:00,20.1839
2025-01-20 06:00:00,23.6991
2025-01-20 07:00:00,28.3871
2025-01-20 08:00:00,4.7354
2025-01-20 09:00:00,-10.065
2025-01-20 10:00:00,-17.7045
2025-01-20 11:00:00,-21.808
2025-01-20 12:00:00,-27.5179
2025-01-20 13:00:00,-22.69
2025-01-20 14:00:00,-20.6603
2025-01-20 15:00:00,-8.9824
2025-01-20 16:00:00,15.4552
2025-01-20 17:00:00,35.1762
2025-01-20 18:00:00,44.2928
2025-01-20 19:00:00,51.8351
2025-01-20 20:00:00,54.3253
2025-01-20 21:00:00,53.8378
2025-01-20 22:00:00,43.2009
2025-01-20 23:00:00,34.9268
2025-01-21 00:00:00,23.5342
2025-01-21 01:00:00,20.6777
2025-01-21 02:00:00,18.295
2025-01-21 03:00:00,17.4042
2025-01-21 04:00:00,18.0731
2025-01-21 05:00:00,20.5226
2025-01-21 06:00:00,24.19
2025-01-21 07:00:00,26.975
2025-01-21 08:00:00,7.4192
2025-01-21 09:00:00,-2.565
2025-01-21 10:00:00,-6.8263
2025-01-21 11:00:00,-7.6874
2025-01-21 12:00:00,-18.1229
2025-01-21 13:00:00,-15.1269
2025-01-21 14:00:00,6.4271
2025-01-21 15:00:00,19.6272
2025-01-21 16:00:00,27.2685
2025-01-21 17:00:00,35.1244
2025-01-21 18:00:00,43.131
2025-01-21 19:00:00,52.1465
2025-01-21 20:00:00,56.2064
2025-01-21 21:00:00,51.7384
2025-01-21 22:00:00,42.541
2025-01-21 23:00:00,35.8158
2025-01-22 00:00:00,23.576
2025-01-22 01:00:00,20.7507
2025-01-22 02:00:00,18.3157
2025-01-22 03:00:00,17.058
2025-01-22 04:00:00,17.8951
2025-01-22 05:00:00,21.4776
2025-01-22 06:00:00,23.7804
2025-01-22 07:00:00,27.6778
2025-01-22 08:00:00,29.9057
2025-01-22 09:00:00,34.0345
2025-01-22 10:00:00,41.421
2025-01-22 11:00:00,38.327
2025-01-22 12:00:00,7.9218
2025-01-22 13:00:00,-5.0287
2025-01-22 14:00:00,6.8742
2025-01-22 15:00:00,19.8042
2025-01-22 16:00:00,27.0955
2025-01-22 17:00:00,34.3477
2025-01-22 18:00:00,42.8907
2025-01-22 19:00:00,52.8199
2025-01-22 20:00:00,55.8662
2025-01-22 21:00:00,51.3264
2025-01-22 22:00:00,42.7725
2025-01-22 23:00:00,34.8185
2025-01-23 00:00:00,23.1184
2025-01-23 01:00:00,21.0947
2025-01-23 02:00:00,18.279
2025-01-23 03:00:00,17.6332
2025-01-23 04:00:00,18.2301
2025-01-23 05:00:00,20.9531
2025-01-23 06:00:00,24.3915
2025-01-23 07:00:00,27.6581
2025-01-23 08:00:00,26.7247
2025-01-23 09:00:00,24.8134
2025-01-23 10:00:00,28.6241
2025-01-23 11:00:00,30.09
2025-01-23 12:00:00,19.1497
2025-01-23 13:00:00,13.0182
2025-01-23 14:00:00,18.8435
2025-01-23 15:00:00,22.0818
2025-01-23 16:00:00,26.4117
2025-01-23 17:00:00,35.1014
2025-01-23 18:00:00,42.9634
2025-01-23 19:00:00,50.4421
2025-01-23 20:00:00,56.4896
2025-01-23 21:00:00,51.974
2025-01-23 22:00:00,43.4592
2025-01-23 23:00:00,35.2032
2025-01-24 00:00:00,23.7215
2025-01-24 01:00:00,20.8567
2025-01-24 02:00:00,18.3767
2025-01-24 03:00:00,16.8736
2025-01-24 04:00:00,18.1715
2025-01-24 05:00:00,20.6174
2025-01-24 06:00:00,23.7407
2025-01-24 07:00:00,27.0286
2025-01-24 08:00:00,19.0461
2025-01-24 09:00:00,7.4145
2025-01-24 10:00:00,15.1287
2025-01-24 11:00:00,12.9471
2025-01-24 12:00:00,12.0164
2025-01-24 13:00:00,15.571
2025-01-24 14:00:00,18.6604
2025-01-24 15:00:00,19.9311
2025-01-24 16:00:00,27.6293
2025-01-24 17:00:00,36.0545
2025-01-24 18:00:00,43.7258
2025-01-24 19:00:00,51.0914
2025-01-24 20:00:00,56.4438
2025-01-24 21:00:00,52.4503
2025-01-24 22:00:00,42.4274
2025-01-24 23:00:00,34.4773
2025-01-25 00:00:00,19.8386
2025-01-25 01:00:00,17.261
2025-01-25 02:00:00,15.3916
2025-01-25 03:00:00,14.8201
2025-01-25 04:00:00,15.5009
2025-01-25 05:00:00,17.8561
2025-01-25 06:00:00,20.549
2025-01-25 07:00:00,23.7203
2025-01-25 08:00:00,24.8584
2025-01-25 09:00:00,23.5445
2025-01-25 10:00:00,12.7609
2025-01-25 11:00:00,-7.7497
2025-01-25 12:00:00,-24.6145
2025-01-25 13:00:00,-43.8962
2025-01-25 14:00:00,-28.4472
2025-01-25 15:00:00,-5.922
2025-01-25 16:00:00,10.8188
2025-01-25 17:00:00,30.0361
2025-01-25 18:00:00,35.2945
2025-01-25 19:00:00,44.1988
2025-01-25 20:00:00,47.3521
2025-01-25 21:00:00,44.8255
2025-01-25 22:00:00,36.2718
2025-01-25 23:00:00,29.7706
2025-01-26 00:00:00,20.2779
2025-01-26 01:00:00,17.7228
2025-01-26 02:00:00,15.2091
2025-01-26 03:00:00,14.5489
2025-01-26 04:00:00,15.5906
2025-01-26 05:00:00,17.7076
2025-01-26 06:00:00,20.9668
2025-01-26 07:00:00,16.7723
2025-01-26 08:00:00,-1.0704
2025-01-26 09:00:00,-15.9665
2025-01-26 10:00:00,-25.3433
2025-01-26 11:00:00,-29.1263
2025-01-26 12:00:00,-26.8141
2025-01-26 13:00:00,-22.7096
2025-01-26 14:00:00,10.3532
2025-01-26 15:00:00,16.8892
2025-01-26 16:00:00,22.923
2025-01-26 17:00:00,29.1723
2025-01-26 18:00:00,36.1222
2025-01-26 19:00:00,43.2723
2025-01-26 20:00:00,47.6057
2025-01-26 21:00:00,44.8502
2025-01-26 22:00:00,36.8797
2025-01-26 23:00:00,29.4089
2025-01-27 00:00:00,23.2627
2025-01-27 01:00:00,20.8552
2025-01-27 02:00:00,18.5095
2025-01-27 03:00:00,17.5293
2025-01-27 04:00:00,18.1202
2025-01-27 05:00:00,21.1981
2025-01-27 06:00:00,24.4311
2025-01-27 07:00:00,26.9241
2025-01-27 08:00:00,8.5154
2025-01-27 09:00:00,-6.1797
2025-01-27 10:00:00,-14.6851
2025-01-27 11:00:00,-24.7204
2025-01-27 12:00:00,-33.3295
2025-01-27 13:00:00,-39.9754
2025-01-27 14:00:00,-26.6743
2025-01-27 15:00:00,-8.4697
2025-01-27 16:00:00,12.9606
2025-01-27 17:00:00,33.6285
2025-01-27 18:00:00,42.6962
2025-01-27 19:00:00,51.8384
2025-01-27 20:00:00,57.0452
2025-01-27 21:00:00,52.2316
2025-01-27 22:00:00,42.3315
2025-01-27 23:00:00,34.9294
2025-01-28 00:00:00,23.32
2025-01-28 01:00:00,20.3696
2025-01-28 02:00:00,18.3102
2025-01-28 03:00:00,17.5564
2025-01-28 04:00:00,18.3791
2025-01-28 05:00:00,20.2304
2025-01-28 06:00:00,23.8919
2025-01-28 07:00:00,22.1091
2025-01-28 08:00:00,9.0656
2025-01-28 09:00:00,1.2389
2025-01-28 10:00:00,-0.5482
2025-01-28 11:00:00,10.6657
2025-01-28 12:00:00,2.2649
2025-01-28 13:00:00,-5.4533
2025-01-28 14:00:00,10.5933
2025-01-28 15:00:00,15.9554
2025-01-28 16:00:00,23.9936
2025-01-28 17:00:00,34.5536
2025-01-28 18:00:00,43.1094
2025-01-28 19:00:00,51.7413
2025-01-28 20:00:00,56.7477
2025-01-28 21:00:00,52.5963
2025-01-28 22:00:00,42.6059
2025-01-28 23:00:00,34.4518
2025-01-29 00:00:00,23.4518
2025-01-29 01:00:00,20.6488
2025-01-29 02:00:00,18.1366
2025-01-29 03:00:00,17.3939
2025-01-29 04:00:00,18.3659
2025-01-29 05:00:00,20.9252
2025-01-29 06:00:00,24.508
2025-01-29 07:00:00,27.7293
2025-01-29 08:00:00,19.3075
2025-01-29 09:00:00,6.9501
2025-01-29 10:00:00,-14.1833
2025-01-29 11:00:00,-25.146
2025-01-29 12:00:00,-37.1805
2025-01-29 13:00:00,-45.517
2025-01-29 14:00:00,-12.4225
2025-01-29 15:00:00,-1.9608
2025-01-29 16:00:00,19.564
2025-01-29 17:00:00,35.2735
2025-01-29 18:00:00,42.9847
2025-01-29 19:00:00,52.7716
2025-01-29 20:00:00,55.1196
2025-01-29 21:00:00,51.8791
2025-01-29 22:00:00,43.2803
2025-01-29 23:00:00,34.8355
2025-01-30 00:00:00,23.642
2025-01-30 01:00:00,20.3488
2025-01-30 02:00:00,18.2305
2025-01-30 03:00:00,17.5337
2025-01-30 04:00:00,17.98
2025-01-30 05:00:00,20.306
2025-01-30 06:00:00,23.4435
2025-01-30 07:00:00,26.6602
2025-01-30 08:00:00,17.1165
2025-01-30 09:00:00,15.9242
2025-01-30 10:00:00,2.9211
2025-01-30 11:00:00,-26.8818
2025-01-30 12:00:00,-38.9894
2025-01-30 13:00:00,-44.4811
2025-01-30 14:00:00,-36.718
2025-01-30 15:00:00,-21.0259
2025-01-30 16:00:00,4.5719
2025-01-30 17:00:00,34.5609
2025-01-30 18:00:00,43.6295
2025-01-30 19:00:00,51.8262
2025-01-30 20:00:00,56.2456
2025-01-30 21:00:00,51.3275
2025-01-30 22:00:00,43.3796
2025-01-30 23:00:00,34.8102
2025-01-31 00:00:00,23.304
2025-01-31 01:00:00,21.0876
2025-01-31 02:00:00,17.8272
2025-01-31 03:00:00,17.6505
2025-01-31 04:00:00,17.9346
2025-01-31 05:00:00,20.5865
2025-01-31 06:00:00,23.7001
2025-01-31 07:00:00,25.1837
2025-01-31 08:00:00,17.2892
2025-01-31 09:00:00,6.0736
2025-01-31 10:00:00,-1.909
2025-01-31 11:00:00,-8.7423
2025-01-31 12:00:00,-25.0411
2025-01-31 13:00:00,-32.8808
2025-01-31 14:00:00,-31.7395
2025-01-31 15:00:00,-13.8651
2025-01-31 16:00:00,8.0993
2025-01-31 17:00:00,34.8695
2025-01-31 18:00:00,42.2261
2025-01-31 19:00:00,51.2478
2025-01-31 20:00:00,56.6371
2025-01-31 21:00:00,52.4701
2025-01-31 22:00:00,43.0839
2025-01-31 23:00:00,35.3908
2025-02-01 00:00:00,18.8754
2025-02-01 01:00:00,17.2519
2025-02-01 02:00:00,14.8092
2025-02-01 03:00:00,14.6874
2025-02-01 04:00:00,15.105
2025-02-01 05:00:00,16.9548
2025-02-01 06:00:00,19.6239
2025-02-01 07:00:00,19.3325
2025-02-01 08:00:00,10.7303
2025-02-01 09:00:00,-4.0798
2025-02-01 10:00:00,-18.2277
2025-02-01 11:00:00,-36.3376
2025-02-01 12:00:00,-47.852
2025-02-01 13:00:00,-44.2119
2025-02-01 14:00:00,-40.9847
2025-02-01 15:00:00,-17.985
2025-02-01 16:00:00,4.7043
2025-02-01 17:00:00,27.9535
2025-02-01 18:00:00,35.9476
2025-02-01 19:00:00,42.1821
2025-02-01 20:00:00,46.9892
2025-02-01 21:00:00,43.5095
2025-02-01 22:00:00,35.9676
2025-02-01 23:00:00,28.7297
2025-02-02 00:00:00,19.3628
2025-02-02 01:00:00,17.1075
2025-02-02 02:00:00,14.9878
2025-02-02 03:00:00,14.1653
2025-02-02 04:00:00,15.0387
2025-02-02 05:00:00,17.3228
2025-02-02 06:00:00,19.5185
2025-02-02 07:00:00,18.7253
2025-02-02 08:00:00,-0.8028
2025-02-02 09:00:00,-18.4858
2025-02-02 10:00:00,-20.422
2025-02-02 11:00:00,-19.7257
2025-02-02 12:00:00,-29.8989
2025-02-02 13:00:00,-41.8524
2025-02-02 14:00:00,-38.2505
2025-02-02 15:00:00,-23.0585
2025-02-02 16:00:00,5.7631
2025-02-02 17:00:00,27.8398
2025-02-02 18:00:00,35.9542
2025-02-02 19:00:00,42.8008
2025-02-02 20:00:00,47.5038
2025-02-02 21:00:00,42.6416
2025-02-02 22:00:00,35.1965
2025-02-02 23:00:00,29.1422
2025-02-03 00:00:00,22.4699
2025-02-03 01:00:00,20.3822
2025-02-03 02:00:00,17.9538
2025-02-03 03:00:00,16.889
2025-02-03 04:00:00,17.9032
2025-02-03 05:00:00,20.3531
2025-02-03 06:00:00,22.8559
2025-02-03 07:00:00,20.2678
2025-02-03 08:00:00,1.1027
2025-02-03 09:00:00,-13.8403
2025-02-03 10:00:00,-22.6541
2025-02-03 11:00:00,-32.7683
2025-02-03 12:00:00,-42.6292
2025-02-03 13:00:00,-45.0605
2025-02-03 14:00:00,-38.9497
2025-02-03 15:00:00,-21.5176
2025-02-03 16:00:00,4.1395
2025-02-03 17:00:00,33.1419
2025-02-03 18:00:00,40.8416
2025-02-03 19:00:00,50.6278
2025-02-03 20:00:00,54.0292
2025-02-03 21:00:00,50.3607
2025-02-03 22:00:00,42.3481
2025-02-03 23:00:00,34.6156
2025-02-04 00:00:00,22.8311
2025-02-04 01:00:00,20.4562
2025-02-04 02:00:00,17.3776
2025-02-04 03:00:00,16.8357
2025-02-04 04:00:00,17.8006
2025-02-04 05:00:00,20.6996
2025-02-04 06:00:00,23.5516
2025-02-04 07:00:00,20.7653
2025-02-04 08:00:00,3.8372
2025-02-04 09:00:00,-10.6256
2025-02-04 10:00:00,-20.2782
2025-02-04 11:00:00,-27.8417
2025-02-04 12:00:00,-39.3844
2025-02-04 13:00:00,-42.6936
2025-02-04 14:00:00,-25.8588
2025-02-04 15:00:00,-7.0678
2025-02-04 16:00:00,14.1812
2025-02-04 17:00:00,33.1732
2025-02-04 18:00:00,41.8001
2025-02-04 19:00:00,51.511
2025-02-04 20:00:00,54.8307
2025-02-04 21:00:00,50.89
2025-02-04 22:00:00,41.3357
2025-02-04 23:00:00,34.0948
2025-02-05 00:00:00,22.4805
2025-02-05 01:00:00,20.4429
2025-02-05 02:00:00,17.6293
2025-02-05 03:00:00,16.7084
2025-02-05 04:00:00,17.7044
2025-02-05 05:00:00,19.9951
2025-02-05 06:00:00,23.4076
2025-02-05 07:00:00,26.2074
2025-02-05 08:00:00,27.7405
2025-02-05 09:00:00,29.156
2025-02-05 10:00:00,37.8779
2025-02-05 11:00:00,41.8668
2025-02-05 12:00:00,34.7467
2025-02-05 13:00:00,27.9156
2025-02-05 14:00:00,23.7953
2025-02-05 15:00:00,25.4412
2025-02-05 16:00:00,27.6956
2025-02-05 17:00:00,33.4687
2025-02-05 18:00:00,41.943
2025-02-05 19:00:00,50.9163
2025-02-05 20:00:00,53.4887
2025-02-05 21:00:00,50.6991
2025-02-05 22:00:00,41.5578
2025-02-05 23:00:00,34.6584
2025-02-06 00:00:00,23.0266
2025-02-06 01:00:00,20.071
2025-02-06 02:00:00,17.8391
2025-02-06 03:00:00,17.0335
2025-02-06 04:00:00,17.8355
2025-02-06 05:00:00,20.3352
2025-02-06 06:00:00,23.1889
2025-02-06 07:00:00,26.2764
2025-02-06 08:00:00,29.3973
2025-02-06 09:00:00,33.3623
2025-02-06 10:00:00,37.7416
2025-02-06 11:00:00,33.5897
2025-02-06 12:00:00,27.5898
2025-02-06 13:00:00,24.671
2025-02-06 14:00:00,25.6691
2025-02-06 15:00:00,25.427
2025-02-06 16:00:00,27.8464
2025-02-06 17:00:00,33.3198
2025-02-06 18:00:00,40.5444
2025-02-06 19:00:00,51.2355
2025-02-06 20:00:00,54.7572
2025-02-06 21:00:00,51.319
2025-02-06 22:00:00,42.9413
2025-02-06 23:00:00,33.512
2025-02-07 00:00:00,22.9295
2025-02-07 01:00:00,20.4347
2025-02-07 02:00:00,17.3489
2025-02-07 03:00:00,16.7673
2025-02-07 04:00:00,17.6379
2025-02-07 05:00:00,20.1052
2025-02-07 06:00:00,23.6868
2025-02-07 07:00:00,23.9826
2025-02-07 08:00:00,25.0088
2025-02-07 09:00:00,19.6095
2025-02-07 10:00:00,24.6454
2025-02-07 11:00:00,2.7953
2025-02-07 12:00:00,1.8602
2025-02-07 13:00:00,-2.3003
2025-02-07 14:00:00,4.8091
2025-02-07 15:00:00,22.5962
2025-02-07 16:00:00,25.5472
2025-02-07 17:00:00,32.1107
2025-02-07 18:00:00,42.729
2025-02-07 19:00:00,48.8502
2025-02-07 20:00:00,55.0967
2025-02-07 21:00:00,51.3178
2025-02-07 22:00:00,41.5203
2025-02-07 23:00:00,32.7496
2025-02-08 00:00:00,19.8115
2025-02-08 01:00:00,17.2392
2025-02-08 02:00:00,15.4571
2025-02-08 03:00:00,14.5136
2025-02-08 04:00:00,15.0737
2025-02-08 05:00:00,16.8759
2025-02-08 06:00:00,19.4906
2025-02-08 07:00:00,19.9057
2025-02-08 08:00:00,11.0192
2025-02-08 09:00:00,-3.8536
2025-02-08 10:00:00,-9.5952
2025-02-08 11:00:00,-19.2505
2025-02-08 12:00:00,-33.0945
2025-02-08 13:00:00,-32.4874
2025-02-08 14:00:00,-3.5761
2025-02-08 15:00:00,13.4439
2025-02-08 16:00:00,21.356
2025-02-08 17:00:00,28.5517
2025-02-08 18:00:00,35.3097
2025-02-08 19:00:00,42.4835
2025-02-08 20:00:00,47.6658
2025-02-08 21:00:00,44.1145
2025-02-08 22:00:00,35.7489
2025-02-08 23:00:00,28.469
2025-02-09 00:00:00,19.7847
2025-02-09 01:00:00,17.424
2025-02-09 02:00:00,15.2837
2025-02-09 03:00:00,14.1817
2025-02-09 04:00:00,14.6919
2025-02-09 05:00:00,16.9609
2025-02-09 06:00:00,20.1371
2025-02-09 07:00:00,22.1978
2025-02-09 08:00:00,21.6878
2025-02-09 09:00:00,23.3749
2025-02-09 10:00:00,21.1496
2025-02-09 11:00:00,15.755
2025-02-09 12:00:00,11.0503
2025-02-09 13:00:00,7.5087
2025-02-09 14:00:00,10.8711
2025-02-09 15:00:00,15.269
2025-02-09 16:00:00,18.6598
2025-02-09 17:00:00,27.5791
2025-02-09 18:00:00,35.1549
2025-02-09 19:00:00,42.8112
2025-02-09 20:00:00,45.8126
2025-02-09 21:00:00,42.7898
2025-02-09 22:00:00,35.0557
2025-02-09 23:00:00,28.0721
2025-02-10 00:00:00,22.3129
2025-02-10 01:00:00,20.3893
2025-02-10 02:00:00,17.4331
2025-02-10 03:00:00,16.5855
2025-02-10 04:00:00,17.9854
2025-02-10 05:00:00,20.2155
2025-02-10 06:00:00,24.0725
2025-02-10 07:00:00,22.1194
2025-02-10 08:00:00,1.9
2025-02-10 09:00:00,-10.9637
2025-02-10 10:00:00,-21.7351
2025-02-10 11:00:00,-33.3684
2025-02-10 12:00:00,-43.6163
2025-02-10 13:00:00,-42.9089
2025-02-10 14:00:00,-32.6828
2025-02-10 15:00:00,-16.0994
2025-02-10 16:00:00,4.658
2025-02-10 17:00:00,28.794
2025-02-10 18:00:00,42.1006
2025-02-10 19:00:00,50.0099
2025-02-10 20:00:00,55.3947
2025-02-10 21:00:00,50.5984
2025-02-10 22:00:00,41.4012
2025-02-10 23:00:00,33.3458
2025-02-11 00:00:00,23.4649
2025-02-11 01:00:00,20.3591
2025-02-11 02:00:00,17.5501
2025-02-11 03:00:00,16.6897
2025-02-11 04:00:00,18.0951
2025-02-11 05:00:00,20.1694
2025-02-11 06:00:00,23.3562
2025-02-11 07:00:00,19.6051
2025-02-11 08:00:00,0.2185
2025-02-11 09:00:00,-13.6803
2025-02-11 10:00:00,-22.5522
2025-02-11 11:00:00,-33.0681
2025-02-11 12:00:00,-36.8013
2025-02-11 13:00:00,-42.423
2025-02-11 14:00:00,-29.9442
2025-02-11 15:00:00,-16.3628
2025-02-11 16:00:00,10.2972
2025-02-11 17:00:00,32.7466
2025-02-11 18:00:00,40.4264
2025-02-11 19:00:00,52.6603
2025-02-11 20:00:00,56.0902
2025-02-11 21:00:00,49.7117
2025-02-11 22:00:00,43.1589
2025-02-11 23:00:00,33.5599
2025-02-12 00:00:00,22.4817
2025-02-12 01:00:00,21.0369
2025-02-12 02:00:00,17.2835
2025-02-12 03:00:00,17.263
2025-02-12 04:00:00,17.556
2025-02-12 05:00:00,20.0109
2025-02-12 06:00:00,23.138
2025-02-12 07:00:00,21.0335
2025-02-12 08:00:00,1.6345
2025-02-12 09:00:00,-6.9796
2025-02-12 10:00:00,-11.9965
2025-02-12 11:00:00,-27.3376
2025-02-12 12:00:00,-10.3667
2025-02-12 13:00:00,-2.1779
2025-02-12 14:00:00,1.0324
2025-02-12 15:00:00,7.3489
2025-02-12 16:00:00,21.0723
2025-02-12 17:00:00,32.4195
2025-02-12 18:00:00,41.4615
2025-02-12 19:00:00,50.9076
2025-02-12 20:00:00,56.1937
2025-02-12 21:00:00,52.1683
2025-02-12 22:00:00,42.5735
2025-02-12 23:00:00,33.6161
2025-02-13 00:00:00,22.5853
2025-02-13 01:00:00,20.4926
2025-02-13 02:00:00,17.7265
2025-02-13 03:00:00,16.7456
2025-02-13 04:00:00,17.9265
2025-02-13 05:00:00,19.7764
2025-02-13 06:00:00,23.0889
2025-02-13 07:00:00,20.266
2025-02-13 08:00:00,2.4012
2025-02-13 09:00:00,-11.2632
2025-02-13 10:00:00,-22.9889
2025-02-13 11:00:00,-30.2702
2025-02-13 12:00:00,-41.5644
2025-02-13 13:00:00,-46.7034
2025-02-13 14:00:00,-3.4122
2025-02-13 15:00:00,8.3136
2025-02-13 16:00:00,19.6372
2025-02-13 17:00:00,32.7382
2025-02-13 18:00:00,41.9057
2025-02-13 19:00:00,50.3044
2025-02-13 20:00:00,55.2215
2025-02-13 21:00:00,50.4788
2025-02-13 22:00:00,41.9615
2025-02-13 23:00:00,33.7117
2025-02-14 00:00:00,23.4523
2025-02-14 01:00:00,19.9459
2025-02-14 02:00:00,17.5432
2025-02-14 03:00:00,16.9727
2025-02-14 04:00:00,17.5965
2025-02-14 05:00:00,20.2897
2025-02-14 06:00:00,23.2258
2025-02-14 07:00:00,26.4295
2025-02-14 08:00:00,31.1199
2025-02-14 09:00:00,36.9018
2025-02-14 10:00:00,43.5419
2025-02-14 11:00:00,43.8862
2025-02-14 12:00:00,37.4844
2025-02-14 13:00:00,26.4307
2025-02-14 14:00:00,24.4849
2025-02-14 15:00:00,24.3487
2025-02-14 16:00:00,27.3992
2025-02-14 17:00:00,33.1713
2025-02-14 18:00:00,42.2217
2025-02-14 19:00:00,50.9739
2025-02-14 20:00:00,54.9745
2025-02-14 21:00:00,50.5342
2025-02-14 22:00:00,41.9978
2025-02-14 23:00:00,33.3993
2025-02-15 00:00:00,19.5269
2025-02-15 01:00:00,16.8875
2025-02-15 02:00:00,14.6107
2025-02-15 03:00:00,14.0595
2025-02-15 04:00:00,15.2765
2025-02-15 05:00:00,17.0993
2025-02-15 06:00:00,20.1602
2025-02-15 07:00:00,22.4043
2025-02-15 08:00:00,27.2565
2025-02-15 09:00:00,34.7367
2025-02-15 10:00:00,38.8526
2025-02-15 11:00:00,38.5106
2025-02-15 12:00:00,29.5081
2025-02-15 13:00:00,24.469
2025-02-15 14:00:00,23.2854
2025-02-15 15:00:00,22.4725
2025-02-15 16:00:00,23.7001
2025-02-15 17:00:00,28.263
2025-02-15 18:00:00,35.443
2025-02-15 19:00:00,42.9137
2025-02-15 20:00:00,45.8835
2025-02-15 21:00:00,43.0212
2025-02-15 22:00:00,36.1486
2025-02-15 23:00:00,29.1231
2025-02-16 00:00:00,19.2632
2025-02-16 01:00:00,17.4469
2025-02-16 02:00:00,15.0315
2025-02-16 03:00:00,14.2304
2025-02-16 04:00:00,14.6138
2025-02-16 05:00:00,17.1278
2025-02-16 06:00:00,19.7261
2025-02-16 07:00:00,19.3684
2025-02-16 08:00:00,9.8537
2025-02-16 09:00:00,11.1354
2025-02-16 10:00:00,8.1178
2025-02-16 11:00:00,6.2368
2025-02-16 12:00:00,0.7892
2025-02-16 13:00:00,8.4856
2025-02-16 14:00:00,10.1484
2025-02-16 15:00:00,12.8285
2025-02-16 16:00:00,20.4437
2025-02-16 17:00:00,27.7414
2025-02-16 18:00:00,35.0348
2025-02-16 19:00:00,43.2714
2025-02-16 20:00:00,47.3057
2025-02-16 21:00:00,42.5664
2025-02-16 22:00:00,35.6777
2025-02-16 23:00:00,28.4222
2025-02-17 00:00:00,23.168
2025-02-17 01:00:00,19.8268
2025-02-17 02:00:00,17.8565
2025-02-17 03:00:00,16.6184
2025-02-17 04:00:00,18.2454
2025-02-17 05:00:00,20.1144
2025-02-17 06:00:00,23.585
2025-02-17 07:00:00,26.2682
2025-02-17 08:00:00,24.1749
2025-02-17 09:00:00,30.1239
2025-02-17 10:00:00,39.8803
2025-02-17 11:00:00,32.0081
2025-02-17 12:00:00,11.577
2025-02-17 13:00:00,8.2473
2025-02-17 14:00:00,18.9491
2025-02-17 15:00:00,19.7692
2025-02-17 16:00:00,25.1954
2025-02-17 17:00:00,33.0817
2025-02-17 18:00:00,40.9908
2025-02-17 19:00:00,50.9
2025-02-17 20:00:00,54.966
2025-02-17 21:00:00,51.2564
2025-02-17 22:00:00,41.9077
2025-02-17 23:00:00,34.0922
2025-02-18 00:00:00,23.1042
2025-02-18 01:00:00,19.9434
2025-02-18 02:00:00,17.4721
2025-02-18 03:00:00,17.6152
2025-02-18 04:00:00,17.6225
2025-02-18 05:00:00,20.3953
2025-02-18 06:00:00,22.4508
2025-02-18 07:00:00,18.1481
2025-02-18 08:00:00,-1.0388
2025-02-18 09:00:00,-16.8429
2025-02-18 10:00:00,-24.0924
2025-02-18 11:00:00,-33.6577
2025-02-18 12:00:00,-44.8878
2025-02-18 13:00:00,-42.1713
2025-02-18 14:00:00,-21.3633
2025-02-18 15:00:00,-4.5055
2025-02-18 16:00:00,17.9078
2025-02-18 17:00:00,31.0298
2025-02-18 18:00:00,41.7939
2025-02-18 19:00:00,50.1145
2025-02-18 20:00:00,55.3182
2025-02-18 21:00:00,51.691
2025-02-18 22:00:00,41.8963
2025-02-18 23:00:00,33.2429
2025-02-19 00:00:00,22.4991
2025-02-19 01:00:00,20.4893
2025-02-19 02:00:00,17.4404
2025-02-19 03:00:00,16.9245
2025-02-19 04:00:00,18.0237
2025-02-19 05:00:00,20.0052
2025-02-19 06:00:00,23.0801
2025-02-19 07:00:00,15.7117
2025-02-19 08:00:00,-4.3449
2025-02-19 09:00:00,-20.3498
2025-02-19 10:00:00,-28.7506
2025-02-19 11:00:00,-38.4323
2025-02-19 12:00:00,-50.4291
2025-02-19 13:00:00,-54.0967
2025-02-19 14:00:00,-35.5135
2025-02-19 15:00:00,-13.4092
2025-02-19 16:00:00,7.9931
2025-02-19 17:00:00,30.6171
2025-02-19 18:00:00,43.6874
2025-02-19 19:00:00,50.4623
2025-02-19 20:00:00,54.6617
2025-02-19 21:00:00,49.4593
2025-02-19 22:00:00,42.9088
2025-02-19 23:00:00,33.0269
2025-02-20 00:00:00,22.391
2025-02-20 01:00:00,20.4246
2025-02-20 02:00:00,17.5556
2025-02-20 03:00:00,17.1095
2025-02-20 04:00:00,17.5019
2025-02-20 05:00:00,19.5748
2025-02-20 06:00:00,23.0168
2025-02-20 07:00:00,16.211
2025-02-20 08:00:00,-4.4609
2025-02-20 09:00:00,-18.3426
2025-02-20 10:00:00,-27.7903
2025-02-20 11:00:00,-36.2368
2025-02-20 12:00:00,-45.0881
2025-02-20 13:00:00,-50.0381
2025-02-20 14:00:00,-42.7187
2025-02-20 15:00:00,-22.3626
2025-02-20 16:00:00,-1.5992
2025-02-20 17:00:00,27.5524
2025-02-20 18:00:00,42.3925
2025-02-20 19:00:00,50.6152
2025-02-20 20:00:00,54.1565
2025-02-20 21:00:00,50.9923
2025-02-20 22:00:00,41.3096
2025-02-20 23:00:00,34.1974
2025-02-21 00:00:00,23.5023
2025-02-21 01:00:00,20.5154
2025-02-21 02:00:00,17.7305
2025-02-21 03:00:00,16.8959
2025-02-21 04:00:00,17.965
2025-02-21 05:00:00,19.9521
2025-02-21 06:00:00,22.9815
2025-02-21 07:00:00,16.2485
2025-02-21 08:00:00,-3.8214
2025-02-21 09:00:00,-18.932
2025-02-21 10:00:00,-27.6334
2025-02-21 11:00:00,-36.7633
2025-02-21 12:00:00,-45.8194
2025-02-21 13:00:00,-50.3129
2025-02-21 14:00:00,-42.2435
2025-02-21 15:00:00,-25.906
2025-02-21 16:00:00,-1.5056
2025-02-21 17:00:00,27.6431
2025-02-21 18:00:00,41.2563
2025-02-21 19:00:00,51.3721
2025-02-21 20:00:00,52.7289
2025-02-21 21:00:00,50.9369
2025-02-21 22:00:00,40.3173
2025-02-21 23:00:00,33.3802
2025-02-22 00:00:00,19.0059
2025-02-22 01:00:00,16.7776
2025-02-22 02:00:00,15.3166
2025-02-22 03:00:00,14.3427
2025-02-22 04:00:00,14.9985
2025-02-22 05:00:00,17.0856
2025-02-22 06:00:00,19.9939
2025-02-22 07:00:00,12.6673
2025-02-22 08:00:00,-7.1596
2025-02-22 09:00:00,-22.0443
2025-02-22 10:00:00,-31.9039
2025-02-22 11:00:00,-41.081
2025-02-22 12:00:00,-48.9428
2025-02-22 13:00:00,-50.5886
2025-02-22 14:00:00,-44.0942
2025-02-22 15:00:00,-27.5335
2025-02-22 16:00:00,-4.6348
2025-02-22 17:00:00,22.7131
2025-02-22 18:00:00,35.7656
2025-02-22 19:00:00,42.581
2025-02-22 20:00:00,46.663
2025-02-22 21:00:00,41.7046
2025-02-22 22:00:00,35.3378
2025-02-22 23:00:00,28.9011
2025-02-23 00:00:00,19.0253
2025-02-23 01:00:00,17.4948
2025-02-23 02:00:00,14.9507
2025-02-23 03:00:00,13.856
2025-02-23 04:00:00,15.0837
2025-02-23 05:00:00,16.7641
2025-02-23 06:00:00,19.8085
2025-02-23 07:00:00,13.2018
2025-02-23 08:00:00,-6.4978
2025-02-23 09:00:00,-22.3751
2025-02-23 10:00:00,-31.0359
2025-02-23 11:00:00,-37.572
2025-02-23 12:00:00,-38.6833
2025-02-23 13:00:00,-37.0001
2025-02-23 14:00:00,-19.238
2025-02-23 15:00:00,0.5607
2025-02-23 16:00:00,15.6537
2025-02-23 17:00:00,26.6547
2025-02-23 18:00:00,36.2847
2025-02-23 19:00:00,42.19
2025-02-23 20:00:00,47.4244
2025-02-23 21:00:00,43.9942
2025-02-23 22:00:00,35.475
2025-02-23 23:00:00,29.5472
2025-02-24 00:00:00,23.0579
2025-02-24 01:00:00,20.1601
2025-02-24 02:00:00,17.9794
2025-02-24 03:00:00,16.918
2025-02-24 04:00:00,17.9938
2025-02-24 05:00:00,20.6706
2025-02-24 06:00:00,23.6182
2025-02-24 07:00:00,24.9969
2025-02-24 08:00:00,23.4617
2025-02-24 09:00:00,29.0642
2025-02-24 10:00:00,15.9616
2025-02-24 11:00:00,18.5781
2025-02-24 12:00:00,8.5915
2025-02-24 13:00:00,-6.6142
2025-02-24 14:00:00,-2.0983
2025-02-24 15:00:00,16.6537
2025-02-24 16:00:00,23.2591
2025-02-24 17:00:00,32.5201
2025-02-24 18:00:00,42.1216
2025-02-24 19:00:00,50.5788
2025-02-24 20:00:00,55.8069
2025-02-24 21:00:00,50.3771
2025-02-24 22:00:00,41.2189
2025-02-24 23:00:00,33.6889
2025-02-25 00:00:00,22.4035
2025-02-25 01:00:00,20.2628
2025-02-25 02:00:00,17.7406
2025-02-25 03:00:00,16.8952
2025-02-25 04:00:00,18.2152
2025-02-25 05:00:00,20.3027
2025-02-25 06:00:00,22.873
2025-02-25 07:00:00,27.3471
2025-02-25 08:00:00,31.6663
2025-02-25 09:00:00,35.1531
2025-02-25 10:00:00,37.8047
2025-02-25 11:00:00,23.3033
2025-02-25 12:00:00,11.4577
2025-02-25 13:00:00,-3.4495
2025-02-25 14:00:00,-6.596
2025-02-25 15:00:00,-9.4485
2025-02-25 16:00:00,4.1783
2025-02-25 17:00:00,25.5362
2025-02-25 18:00:00,42.3387
2025-02-25 19:00:00,50.5454
2025-02-25 20:00:00,54.0885
2025-02-25 21:00:00,50.2366
2025-02-25 22:00:00,40.8965
2025-02-25 23:00:00,33.263
2025-02-26 00:00:00,23.4882
2025-02-26 01:00:00,20.026
2025-02-26 02:00:00,17.6022
2025-02-26 03:00:00,16.6412
2025-02-26 04:00:00,18.0078
2025-02-26 05:00:00,19.9733
2025-02-26 06:00:00,23.324
2025-02-26 07:00:00,14.9964
2025-02-26 08:00:00,-5.9073
2025-02-26 09:00:00,-19.6488
2025-02-26 10:00:00,-28.4282
2025-02-26 11:00:00,-36.9335
2025-02-26 12:00:00,-46.0993
2025-02-26 13:00:00,-51.0676
2025-02-26 14:00:00,-43.3618
2025-02-26 15:00:00,-28.4584
2025-02-26 16:00:00,-4.1699
2025-02-26 17:00:00,26.862
2025-02-26 18:00:00,42.0189
2025-02-26 19:00:00,51.4707
2025-02-26 20:00:00,54.4948
2025-02-26 21:00:00,50.9482
2025-02-26 22:00:00,42.4114
2025-02-26 23:00:00,34.4128
2025-02-27 00:00:00,22.5361
2025-02-27 01:00:00,20.4012
2025-02-27 02:00:00,17.2626
2025-02-27 03:00:00,16.7762
2025-02-27 04:00:00,17.7333
2025-02-27 05:00:00,20.5498
2025-02-27 06:00:00,23.1623
2025-02-27 07:00:00,22.1436
2025-02-27 08:00:00,12.1263
2025-02-27 09:00:00,-10.5079
2025-02-27 10:00:00,-22.5885
2025-02-27 11:00:00,-34.4912
2025-02-27 12:00:00,-42.4512
2025-02-27 13:00:00,-46.9289
2025-02-27 14:00:00,-42.1596
2025-02-27 15:00:00,-26.2167
2025-02-27 16:00:00,-1.4759
2025-02-27 17:00:00,25.4362
2025-02-27 18:00:00,42.6318
2025-02-27 19:00:00,50.6249
2025-02-27 20:00:00,54.8766
2025-02-27 21:00:00,49.8185
2025-02-27 22:00:00,41.5318
2025-02-27 23:00:00,32.8146
2025-02-28 00:00:00,22.808
2025-02-28 01:00:00,19.8057
2025-02-28 02:00:00,17.8436
2025-02-28 03:00:00,16.7507
2025-02-28 04:00:00,17.5114
2025-02-28 05:00:00,20.6546
2025-02-28 06:00:00,23.29
2025-02-28 07:00:00,14.7563
2025-02-28 08:00:00,-3.262
2025-02-28 09:00:00,-15.6118
2025-02-28 10:00:00,-23.3914
2025-02-28 11:00:00,-31.7886
2025-02-28 12:00:00,-39.7957
2025-02-28 13:00:00,-45.6908
2025-02-28 14:00:00,-38.7994
2025-02-28 15:00:00,-23.8369
2025-02-28 16:00:00,0.9403
2025-02-28 17:00:00,26.6955
2025-02-28 18:00:00,41.1597
2025-02-28 19:00:00,50.3335
2025-02-28 20:00:00,54.4985
2025-02-28 21:00:00,50.3605
2025-02-28 22:00:00,40.9608
2025-02-28 23:00:00,33.4635
2025-03-01 00:00:00,17.7736
2025-03-01 01:00:00,15.6085
2025-03-01 02:00:00,13.9019
2025-03-01 03:00:00,13.1659
2025-03-01 04:00:00,13.701
2025-03-01 05:00:00,15.3669
2025-03-01 06:00:00,17.6613
2025-03-01 07:00:00,10.8438
2025-03-01 08:00:00,-8.4425
2025-03-01 09:00:00,-23.5004
2025-03-01 10:00:00,-33.105
2025-03-01 11:00:00,-43.2931
2025-03-01 12:00:00,-51.3438
2025-03-01 13:00:00,-54.0358
2025-03-01 14:00:00,-45.8398
2025-03-01 15:00:00,-28.1702
2025-03-01 16:00:00,-6.2731
2025-03-01 17:00:00,19.1214
2025-03-01 18:00:00,32.4541
2025-03-01 19:00:00,38.4457
2025-03-01 20:00:00,42.4193
2025-03-01 21:00:00,38.1825
2025-03-01 22:00:00,32.406
2025-03-01 23:00:00,26.1284
2025-03-02 00:00:00,17.9474
2025-03-02 01:00:00,15.3541
2025-03-02 02:00:00,13.726
2025-03-02 03:00:00,12.8322
2025-03-02 04:00:00,13.2624
2025-03-02 05:00:00,15.8751
2025-03-02 06:00:00,17.5836
2025-03-02 07:00:00,17.8939
2025-03-02 08:00:00,11.7215
2025-03-02 09:00:00,13.2032
2025-03-02 10:00:00,10.524
2025-03-02 11:00:00,-9.2979
2025-03-02 12:00:00,-16.1697
2025-03-02 13:00:00,0.7501
2025-03-02 14:00:00,-2.2914
2025-03-02 15:00:00,1.6091
2025-03-02 16:00:00,4.6299
2025-03-02 17:00:00,20.5368
2025-03-02 18:00:00,31.8692
2025-03-02 19:00:00,38.6093
2025-03-02 20:00:00,42.0299
2025-03-02 21:00:00,39.3643
2025-03-02 22:00:00,33.1337
2025-03-02 23:00:00,25.8228
2025-03-03 00:00:00,20.4823
2025-03-03 01:00:00,18.6242
2025-03-03 02:00:00,15.8726
2025-03-03 03:00:00,15.5413
2025-03-03 04:00:00,16.0895
2025-03-03 05:00:00,18.3053
2025-03-03 06:00:00,21.112
2025-03-03 07:00:00,20.3674
2025-03-03 08:00:00,7.3043
2025-03-03 09:00:00,-6.8265
2025-03-03 10:00:00,-25.7882
2025-03-03 11:00:00,-38.167
2025-03-03 12:00:00,-45.9686
2025-03-03 13:00:00,-43.6886
2025-03-03 14:00:00,-39.5734
2025-03-03 15:00:00,-24.5476
2025-03-03 16:00:00,-2.9543
2025-03-03 17:00:00,22.6083
2025-03-03 18:00:00,36.8695
2025-03-03 19:00:00,45.8949
2025-03-03 20:00:00,50.9122
2025-03-03 21:00:00,45.6838
2025-03-03 22:00:00,37.5711
2025-03-03 23:00:00,30.351
2025-03-04 00:00:00,20.9008
2025-03-04 01:00:00,18.1614
2025-03-04 02:00:00,15.73
2025-03-04 03:00:00,15.5207
2025-03-04 04:00:00,15.932
2025-03-04 05:00:00,18.7485
2025-03-04 06:00:00,21.4321
2025-03-04 07:00:00,10.7149
2025-03-04 08:00:00,-10.9312
2025-03-04 09:00:00,-26.002
2025-03-04 10:00:00,-35.7904
2025-03-04 11:00:00,-42.6535
2025-03-04 12:00:00,-51.139
2025-03-04 13:00:00,-55.1841
2025-03-04 14:00:00,-49.3853
2025-03-04 15:00:00,-27.8507
2025-03-04 16:00:00,0.4449
2025-03-04 17:00:00,26.639
2025-03-04 18:00:00,37.1915
2025-03-04 19:00:00,45.9924
2025-03-04 20:00:00,49.5958
2025-03-04 21:00:00,46.8209
2025-03-04 22:00:00,37.936
2025-03-04 23:00:00,30.3571
2025-03-05 00:00:00,20.5713
2025-03-05 01:00:00,18.2461
2025-03-05 02:00:00,15.943
2025-03-05 03:00:00,15.1796
2025-03-05 04:00:00,16.4915
2025-03-05 05:00:00,18.0347
2025-03-05 06:00:00,21.515
2025-03-05 07:00:00,9.5103
2025-03-05 08:00:00,-11.1794
2025-03-05 09:00:00,-23.9487
2025-03-05 10:00:00,-32.4824
2025-03-05 11:00:00,-42.5642
2025-03-05 12:00:00,-53.2279
2025-03-05 13:00:00,-54.2173
2025-03-05 14:00:00,-48.0342
2025-03-05 15:00:00,-31.8976
2025-03-05 16:00:00,-6.7875
2025-03-05 17:00:00,22.7408
2025-03-05 18:00:00,37.1818
2025-03-05 19:00:00,45.9665
2025-03-05 20:00:00,50.3237
2025-03-05 21:00:00,45.9275
2025-03-05 22:00:00,37.6855
2025-03-05 23:00:00,30.4877
2025-03-06 00:00:00,20.5268
2025-03-06 01:00:00,18.4956
2025-03-06 02:00:00,15.9117
2025-03-06 03:00:00,15.6001
2025-03-06 04:00:00,16.466
2025-03-06 05:00:00,18.3568
2025-03-06 06:00:00,20.9245
2025-03-06 07:00:00,9.2612
2025-03-06 08:00:00,-9.6
2025-03-06 09:00:00,-24.746
2025-03-06 10:00:00,-31.7509
2025-03-06 11:00:00,-40.3524
2025-03-06 12:00:00,-48.3189
2025-03-06 13:00:00,-50.5962
2025-03-06 14:00:00,-44.6261
2025-03-06 15:00:00,-28.9931
2025-03-06 16:00:00,-5.111
2025-03-06 17:00:00,22.9851
2025-03-06 18:00:00,38.0346
2025-03-06 19:00:00,45.8612
2025-03-06 20:00:00,49.0069
2025-03-06 21:00:00,45.6822
2025-03-06 22:00:00,38.2112
2025-03-06 23:00:00,30.396
2025-03-07 00:00:00,20.4525
2025-03-07 01:00:00,17.7965
2025-03-07 02:00:00,16.1903
2025-03-07 03:00:00,15.2606
2025-03-07 04:00:00,16.3443
2025-03-07 05:00:00,18.4623
2025-03-07 06:00:00,21.5115
2025-03-07 07:00:00,10.8273
2025-03-07 08:00:00,-8.053
2025-03-07 09:00:00,-21.7955
2025-03-07 10:00:00,-29.0537
2025-03-07 11:00:00,-36.3697
2025-03-07 12:00:00,-45.069
2025-03-07 13:00:00,-48.0789
2025-03-07 14:00:00,-42.5318
2025-03-07 15:00:00,-26.0651
2025-03-07 16:00:00,-4.303
2025-03-07 17:00:00,23.0638
2025-03-07 18:00:00,38.0148
2025-03-07 19:00:00,45.699
2025-03-07 20:00:00,50.5029
2025-03-07 21:00:00,45.6779
2025-03-07 22:00:00,37.9294
2025-03-07 23:00:00,30.531
2025-03-08 00:00:00,17.519
2025-03-08 01:00:00,15.9314
2025-03-08 02:00:00,13.3618
2025-03-08 03:00:00,12.899
2025-03-08 04:00:00,13.714
2025-03-08 05:00:00,15.903
2025-03-08 06:00:00,17.883
2025-03-08 07:00:00,6.439
2025-03-08 08:00:00,-12.3784
2025-03-08 09:00:00,-25.1449
2025-03-08 10:00:00,-33.0444
2025-03-08 11:00:00,-40.0279
2025-03-08 12:00:00,-47.1267
2025-03-08 13:00:00,-49.6122
2025-03-08 14:00:00,-43.6218
2025-03-08 15:00:00,-29.2477
2025-03-08 16:00:00,-5.7573
2025-03-08 17:00:00,19.6469
2025-03-08 18:00:00,31.6182
2025-03-08 19:00:00,39.2011
2025-03-08 20:00:00,42.1959
2025-03-08 21:00:00,39.1311
2025-03-08 22:00:00,32.1485
2025-03-08 23:00:00,25.5151
2025-03-09 00:00:00,17.3161
2025-03-09 01:00:00,15.7787
2025-03-09 02:00:00,13.6507
2025-03-09 03:00:00,13.1294
2025-03-09 04:00:00,13.377
2025-03-09 05:00:00,15.4491
2025-03-09 06:00:00,17.8411
2025-03-09 07:00:00,7.8463
2025-03-09 08:00:00,-10.7326
2025-03-09 09:00:00,-24.1029
2025-03-09 10:00:00,-30.755
2025-03-09 11:00:00,-37.8746
2025-03-09 12:00:00,-45.8074
2025-03-09 13:00:00,-48.0138
2025-03-09 14:00:00,-42.1737
2025-03-09 15:00:00,-28.6268
2025-03-09 16:00:00,-5.888
2025-03-09 17:00:00,18.4996
2025-03-09 18:00:00,31.9827
2025-03-09 19:00:00,39.8754
2025-03-09 20:00:00,42.5558
2025-03-09 21:00:00,38.7643
2025-03-09 22:00:00,32.4762
2025-03-09 23:00:00,25.8246
2025-03-10 00:00:00,20.5186
2025-03-10 01:00:00,18.7253
2025-03-10 02:00:00,16.2426
2025-03-10 03:00:00,15.1507
2025-03-10 04:00:00,16.0994
2025-03-10 05:00:00,18.2691
2025-03-10 06:00:00,20.9053
2025-03-10 07:00:00,13.193
2025-03-10 08:00:00,-1.9559
2025-03-10 09:00:00,-10.4629
2025-03-10 10:00:00,-16.2861
2025-03-10 11:00:00,-15.3816
2025-03-10 12:00:00,-15.534
2025-03-10 13:00:00,1.6308
2025-03-10 14:00:00,0.524
2025-03-10 15:00:00,5.6824
2025-03-10 16:00:00,19.4186
2025-03-10 17:00:00,29.2797
2025-03-10 18:00:00,37.1251
2025-03-10 19:00:00,46.0082
2025-03-10 20:00:00,49.975
2025-03-10 21:00:00,45.0925
2025-03-10 22:00:00,37.7038
2025-03-10 23:00:00,30.4839
2025-03-11 00:00:00,20.8371
2025-03-11 01:00:00,18.436
2025-03-11 02:00:00,16.1607
2025-03-11 03:00:00,15.3651
2025-03-11 04:00:00,16.4659
2025-03-11 05:00:00,18.0496
2025-03-11 06:00:00,21.7351
2025-03-11 07:00:00,15.6706
2025-03-11 08:00:00,11.7381
2025-03-11 09:00:00,7.8771
2025-03-11 10:00:00,3.9809
2025-03-11 11:00:00,-2.8074
2025-03-11 12:00:00,-3.0252
2025-03-11 13:00:00,-4.6763
2025-03-11 14:00:00,0.3152
2025-03-11 15:00:00,8.6838
2025-03-11 16:00:00,18.9884
2025-03-11 17:00:00,28.3867
2025-03-11 18:00:00,37.2937
2025-03-11 19:00:00,45.8719
2025-03-11 20:00:00,49.9398
2025-03-11 21:00:00,44.8128
2025-03-11 22:00:00,38.163
2025-03-11 23:00:00,31.0722
2025-03-12 00:00:00,20.5941
2025-03-12 01:00:00,18.0038
2025-03-12 02:00:00,15.8298
2025-03-12 03:00:00,15.2723
2025-03-12 04:00:00,15.9038
2025-03-12 05:00:00,18.1302
2025-03-12 06:00:00,20.6223
2025-03-12 07:00:00,12.3581
2025-03-12 08:00:00,-4.5265
2025-03-12 09:00:00,-17.3008
2025-03-12 10:00:00,-20.6961
2025-03-12 11:00:00,-23.9198
2025-03-12 12:00:00,-35.6424
2025-03-12 13:00:00,-37.9523
2025-03-12 14:00:00,-40.3903
2025-03-12 15:00:00,-23.799
2025-03-12 16:00:00,-6.0084
2025-03-12 17:00:00,21.5368
2025-03-12 18:00:00,38.2212
2025-03-12 19:00:00,45.5424
2025-03-12 20:00:00,50.0216
2025-03-12 21:00:00,46.6396
2025-03-12 22:00:00,38.1
2025-03-12 23:00:00,30.9245
2025-03-13 00:00:00,20.385
2025-03-13 01:00:00,17.6644
2025-03-13 02:00:00,15.765
2025-03-13 03:00:00,15.3686
2025-03-13 04:00:00,15.9909
2025-03-13 05:00:00,18.1771
2025-03-13 06:00:00,21.1315
2025-03-13 07:00:00,7.1125
2025-03-13 08:00:00,-12.9357
2025-03-13 09:00:00,-26.2949
2025-03-13 10:00:00,-36.0119
2025-03-13 11:00:00,-43.6824
2025-03-13 12:00:00,-51.7508
2025-03-13 13:00:00,-55.5151
2025-03-13 14:00:00,-48.6467
2025-03-13 15:00:00,-32.5373
2025-03-13 16:00:00,-8.0983
2025-03-13 17:00:00,21.551
2025-03-13 18:00:00,38.31
2025-03-13 19:00:00,44.6809
2025-03-13 20:00:00,50.3574
2025-03-13 21:00:00,44.1512
2025-03-13 22:00:00,37.713
2025-03-13 23:00:00,30.6031
2025-03-14 00:00:00,20.6918
2025-03-14 01:00:00,17.9152
2025-03-14 02:00:00,15.8013
2025-03-14 03:00:00,14.8404
2025-03-14 04:00:00,16.3576
2025-03-14 05:00:00,18.5568
2025-03-14 06:00:00,21.0055
2025-03-14 07:00:00,15.6327
2025-03-14 08:00:00,15.2881
2025-03-14 09:00:00,16.0166
2025-03-14 10:00:00,17.5754
2025-03-14 11:00:00,6.8466
2025-03-14 12:00:00,14.234
2025-03-14 13:00:00,16.6386
2025-03-14 14:00:00,12.1175
2025-03-14 15:00:00,-3.355
2025-03-14 16:00:00,2.6549
2025-03-14 17:00:00,23.9038
2025-03-14 18:00:00,37.9328
2025-03-14 19:00:00,46.6199
2025-03-14 20:00:00,49.4767
2025-03-14 21:00:00,45.7087
2025-03-14 22:00:00,38.1167
2025-03-14 23:00:00,30.8244
2025-03-15 00:00:00,17.8108
2025-03-15 01:00:00,15.3752
2025-03-15 02:00:00,13.4647
2025-03-15 03:00:00,12.8035
2025-03-15 04:00:00,13.456
2025-03-15 05:00:00,15.6728
2025-03-15 06:00:00,17.7109
2025-03-15 07:00:00,15.7622
2025-03-15 08:00:00,11.7665
2025-03-15 09:00:00,10.2306
2025-03-15 10:00:00,-9.5252
2025-03-15 11:00:00,-27.014
2025-03-15 12:00:00,-37.9746
2025-03-15 13:00:00,-47.0101
2025-03-15 14:00:00,-42.8723
2025-03-15 15:00:00,-27.5662
2025-03-15 16:00:00,-5.2811
2025-03-15 17:00:00,19.7958
2025-03-15 18:00:00,32.9224
2025-03-15 19:00:00,38.5087
2025-03-15 20:00:00,41.8877
2025-03-15 21:00:00,39.3451
2025-03-15 22:00:00,32.3267
2025-03-15 23:00:00,25.8313
2025-03-16 00:00:00,17.1732
2025-03-16 01:00:00,15.3335
2025-03-16 02:00:00,13.7758
2025-03-16 03:00:00,12.7645
2025-03-16 04:00:00,13.3785
2025-03-16 05:00:00,15.4244
2025-03-16 06:00:00,18.0208
2025-03-16 07:00:00,12.4602
2025-03-16 08:00:00,14.842
2025-03-16 09:00:00,16.6179
2025-03-16 10:00:00,23.2775
2025-03-16 11:00:00,19.3784
2025-03-16 12:00:00,15.244
2025-03-16 13:00:00,13.7578
2025-03-16 14:00:00,15.3415
2025-03-16 15:00:00,15.6202
2025-03-16 16:00:00,18.8565
2025-03-16 17:00:00,24.736
2025-03-16 18:00:00,31.8444
2025-03-16 19:00:00,38.9931
2025-03-16 20:00:00,41.6033
2025-03-16 21:00:00,40.2479
2025-03-16 22:00:00,31.4562
2025-03-16 23:00:00,25.6007
2025-03-17 00:00:00,20.3609
2025-03-17 01:00:00,18.3911
2025-03-17 02:00:00,16.0506
2025-03-17 03:00:00,14.9067
2025-03-17 04:00:00,16.3806
2025-03-17 05:00:00,17.7686
2025-03-17 06:00:00,20.6732
2025-03-17 07:00:00,7.7046
2025-03-17 08:00:00,-12.8241
2025-03-17 09:00:00,-26.1758
2025-03-17 10:00:00,-33.6358
2025-03-17 11:00:00,-41.8972
2025-03-17 12:00:00,-49.9161
2025-03-17 13:00:00,-49.5208
2025-03-17 14:00:00,-48.6685
2025-03-17 15:00:00,-32.1299
2025-03-17 16:00:00,-7.2369
2025-03-17 17:00:00,21.8839
2025-03-17 18:00:00,37.4042
2025-03-17 19:00:00,46.9417
2025-03-17 20:00:00,48.8464
2025-03-17 21:00:00,46.0507
2025-03-17 22:00:00,38.3253
2025-03-17 23:00:00,31.1556
2025-03-18 00:00:00,20.5915
2025-03-18 01:00:00,18.308
2025-03-18 02:00:00,16.0523
2025-03-18 03:00:00,14.7848
2025-03-18 04:00:00,16.1532
2025-03-18 05:00:00,18.6487
2025-03-18 06:00:00,20.7234
2025-03-18 07:00:00,6.276
2025-03-18 08:00:00,-14.1688
2025-03-18 09:00:00,-27.3905
2025-03-18 10:00:00,-33.7771
2025-03-18 11:00:00,-33.6152
2025-03-18 12:00:00,-40.5135
2025-03-18 13:00:00,-49.2456
2025-03-18 14:00:00,-44.7085
2025-03-18 15:00:00,-29.729
2025-03-18 16:00:00,-5.1129
2025-03-18 17:00:00,21.5065
2025-03-18 18:00:00,38.9104
2025-03-18 19:00:00,47.0578
2025-03-18 20:00:00,48.9473
2025-03-18 21:00:00,46.095
2025-03-18 22:00:00,37.0717
2025-03-18 23:00:00,30.3106
2025-03-19 00:00:00,20.5992
2025-03-19 01:00:00,18.3982
2025-03-19 02:00:00,15.9746
2025-03-19 03:00:00,15.1877
2025-03-19 04:00:00,16.1977
2025-03-19 05:00:00,18.5665
2025-03-19 06:00:00,20.5151
2025-03-19 07:00:00,13.7972
2025-03-19 08:00:00,-2.1523
2025-03-19 09:00:00,-13.9359
2025-03-19 10:00:00,-19.6404
2025-03-19 11:00:00,-28.8293
2025-03-19 12:00:00,-14.4733
2025-03-19 13:00:00,2.0417
2025-03-19 14:00:00,8.5892
2025-03-19 15:00:00,12.4426
2025-03-19 16:00:00,18.9346
2025-03-19 17:00:00,26.2366
2025-03-19 18:00:00,38.1326
2025-03-19 19:00:00,45.9072
2025-03-19 20:00:00,50.3244
2025-03-19 21:00:00,46.0275
2025-03-19 22:00:00,37.4689
2025-03-19 23:00:00,30.183
2025-03-20 00:00:00,21.0675
2025-03-20 01:00:00,18.2248
2025-03-20 02:00:00,15.9274
2025-03-20 03:00:00,15.2185
2025-03-20 04:00:00,15.9369
2025-03-20 05:00:00,18.3606
2025-03-20 06:00:00,20.5526
2025-03-20 07:00:00,8.4803
2025-03-20 08:00:00,-11.8773
2025-03-20 09:00:00,-21.9254
2025-03-20 10:00:00,-28.5407
2025-03-20 11:00:00,-37.0543
2025-03-20 12:00:00,-44.4231
2025-03-20 13:00:00,-48.9111
2025-03-20 14:00:00,-43.1638
2025-03-20 15:00:00,-28.7961
2025-03-20 16:00:00,-4.3943
2025-03-20 17:00:00,22.1253
2025-03-20 18:00:00,37.1592
2025-03-20 19:00:00,44.8097
2025-03-20 20:00:00,49.0149
2025-03-20 21:00:00,47.0442
2025-03-20 22:00:00,37.1222
2025-03-20 23:00:00,29.7495
2025-03-21 00:00:00,20.3097
2025-03-21 01:00:00,17.9856
2025-03-21 02:00:00,15.7355
2025-03-21 03:00:00,15.1444
2025-03-21 04:00:00,16.0928
2025-03-21 05:00:00,17.9509
2025-03-21 06:00:00,20.6274
2025-03-21 07:00:00,23.497
2025-03-21 08:00:00,28.1545
2025-03-21 09:00:00,35.3804
2025-03-21 10:00:00,41.9272
2025-03-21 11:00:00,39.6202
2025-03-21 12:00:00,33.552
2025-03-21 13:00:00,28.5406
2025-03-21 14:00:00,24.1572
2025-03-21 15:00:00,23.6429
2025-03-21 16:00:00,25.668
2025-03-21 17:00:00,31.1728
2025-03-21 18:00:00,37.6473
2025-03-21 19:00:00,46.8709
2025-03-21 20:00:00,50.0022
2025-03-21 21:00:00,44.887
2025-03-21 22:00:00,38.6497
2025-03-21 23:00:00,30.3707
2025-03-22 00:00:00,17.9895
2025-03-22 01:00:00,15.5669
2025-03-22 02:00:00,13.3561
2025-03-22 03:00:00,13.4226
2025-03-22 04:00:00,13.6903
2025-03-22 05:00:00,15.7
2025-03-22 06:00:00,17.482
2025-03-22 07:00:00,6.8735
2025-03-22 08:00:00,-3.9055
2025-03-22 09:00:00,-18.654
2025-03-22 10:00:00,-30.6708
2025-03-22 11:00:00,-39.766
2025-03-22 12:00:00,-39.2822
2025-03-22 13:00:00,-36.9881
2025-03-22 14:00:00,-12.592
2025-03-22 15:00:00,4.0125
2025-03-22 16:00:00,17.2009
2025-03-22 17:00:00,23.0618
2025-03-22 18:00:00,31.8903
2025-03-22 19:00:00,38.4489
2025-03-22 20:00:00,41.3267
2025-03-22 21:00:00,38.469
2025-03-22 22:00:00,32.3668
2025-03-22 23:00:00,25.8307
2025-03-23 00:00:00,17.4426
2025-03-23 01:00:00,15.7517
2025-03-23 02:00:00,13.5392
2025-03-23 03:00:00,12.7305
2025-03-23 04:00:00,13.6609
2025-03-23 05:00:00,15.7397
2025-03-23 06:00:00,16.7311
2025-03-23 07:00:00,3.574
2025-03-23 08:00:00,-15.2411
2025-03-23 09:00:00,-28.6446
2025-03-23 10:00:00,-35.9876
2025-03-23 11:00:00,-43.7557
2025-03-23 12:00:00,-46.992
2025-03-23 13:00:00,-51.1957
2025-03-23 14:00:00,-39.3403
2025-03-23 15:00:00,-27.997
2025-03-23 16:00:00,-4.9598
2025-03-23 17:00:00,18.3663
2025-03-23 18:00:00,31.9208
2025-03-23 19:00:00,39.833
2025-03-23 20:00:00,42.1514
2025-03-23 21:00:00,38.9509
2025-03-23 22:00:00,31.4795
2025-03-23 23:00:00,25.8984
2025-03-24 00:00:00,20.4639
2025-03-24 01:00:00,18.3081
2025-03-24 02:00:00,15.9178
2025-03-24 03:00:00,15.1201
2025-03-24 04:00:00,16.1983
2025-03-24 05:00:00,17.8143
2025-03-24 06:00:00,20.8496
2025-03-24 07:00:00,4.0283
2025-03-24 08:00:00,-16.6986
2025-03-24 09:00:00,-31.4094
2025-03-24 10:00:00,-39.6047
2025-03-24 11:00:00,-45.5809
2025-03-24 12:00:00,-54.0776
2025-03-24 13:00:00,-56.6349
2025-03-24 14:00:00,-49.3432
2025-03-24 15:00:00,-32.9543
2025-03-24 16:00:00,-8.2108
2025-03-24 17:00:00,20.5969
2025-03-24 18:00:00,38.4371
2025-03-24 19:00:00,46.469
2025-03-24 20:00:00,50.2848
2025-03-24 21:00:00,46.2306
2025-03-24 22:00:00,37.7561
2025-03-24 23:00:00,30.4801
2025-03-25 00:00:00,20.5621
2025-03-25 01:00:00,18.3924
2025-03-25 02:00:00,15.829
2025-03-25 03:00:00,15.6462
2025-03-25 04:00:00,16.1349
2025-03-25 05:00:00,18.1006
2025-03-25 06:00:00,20.1254
2025-03-25 07:00:00,5.0004
2025-03-25 08:00:00,-16.0878
2025-03-25 09:00:00,-28.0576
2025-03-25 10:00:00,-35.3794
2025-03-25 11:00:00,-41.9347
2025-03-25 12:00:00,-49.7045
2025-03-25 13:00:00,-51.4012
2025-03-25 14:00:00,-44.9048
2025-03-25 15:00:00,-29.0029
2025-03-25 16:00:00,-6.5696
2025-03-25 17:00:00,21.6517
2025-03-25 18:00:00,37.1495
2025-03-25 19:00:00,45.061
2025-03-25 20:00:00,48.0778
2025-03-25 21:00:00,46.1377
2025-03-25 22:00:00,37.2923
2025-03-25 23:00:00,30.4348
2025-03-26 00:00:00,20.2393
2025-03-26 01:00:00,18.2946
2025-03-26 02:00:00,15.85
2025-03-26 03:00:00,15.1337
2025-03-26 04:00:00,16.0491
2025-03-26 05:00:00,18.3444
2025-03-26 06:00:00,20.8822
2025-03-26 07:00:00,21.4981
2025-03-26 08:00:00,18.0576
2025-03-26 09:00:00,18.0847
2025-03-26 10:00:00,11.285
2025-03-26 11:00:00,-1.0387
2025-03-26 12:00:00,-25.3917
2025-03-26 13:00:00,-44.7406
2025-03-26 14:00:00,-39.5642
2025-03-26 15:00:00,-13.779
2025-03-26 16:00:00,6.5062
2025-03-26 17:00:00,25.2319
2025-03-26 18:00:00,38.8899
2025-03-26 19:00:00,45.0857
2025-03-26 20:00:00,50.8446
2025-03-26 21:00:00,46.1814
2025-03-26 22:00:00,38.1305
2025-03-26 23:00:00,31.0191
2025-03-27 00:00:00,20.7854
2025-03-27 01:00:00,18.1629
2025-03-27 02:00:00,15.8902
2025-03-27 03:00:00,15.1145
2025-03-27 04:00:00,16.0246
2025-03-27 05:00:00,18.5246
2025-03-27 06:00:00,19.9986
2025-03-27 07:00:00,8.3173
2025-03-27 08:00:00,-9.6448
2025-03-27 09:00:00,-20.5276
2025-03-27 10:00:00,-19.3535
2025-03-27 11:00:00,0.0467
2025-03-27 12:00:00,0.4031
2025-03-27 13:00:00,0.443
2025-03-27 14:00:00,1.5523
2025-03-27 15:00:00,8.7388
2025-03-27 16:00:00,17.6409
2025-03-27 17:00:00,26.0676
2025-03-27 18:00:00,38.755
2025-03-27 19:00:00,46.7757
2025-03-27 20:00:00,49.723
2025-03-27 21:00:00,45.8361
2025-03-27 22:00:00,38.4337
2025-03-27 23:00:00,30.8189
2025-03-28 00:00:00,21.1139
2025-03-28 01:00:00,18.4699
2025-03-28 02:00:00,15.6483
2025-03-28 03:00:00,15.219
2025-03-28 04:00:00,16.234
2025-03-28 05:00:00,18.5614
2025-03-28 06:00:00,20.2166
2025-03-28 07:00:00,6.2321
2025-03-28 08:00:00,-11.3354
2025-03-28 09:00:00,-20.7761
2025-03-28 10:00:00,-27.0776
2025-03-28 11:00:00,-33.6057
2025-03-28 12:00:00,-41.5603
2025-03-28 13:00:00,-44.9578
2025-03-28 14:00:00,-39.2293
2025-03-28 15:00:00,-23.6785
2025-03-28 16:00:00,1.4072
2025-03-28 17:00:00,24.9872
2025-03-28 18:00:00,37.1752
2025-03-28 19:00:00,45.7978
2025-03-28 20:00:00,49.7391
2025-03-28 21:00:00,45.9978
2025-03-28 22:00:00,37.2294
2025-03-28 23:00:00,30.2463
2025-03-29 00:00:00,17.3178
2025-03-29 01:00:00,14.7882
2025-03-29 02:00:00,14.0294
2025-03-29 03:00:00,12.4626
2025-03-29 04:00:00,13.4682
2025-03-29 05:00:00,16.1541
2025-03-29 06:00:00,17.2152
2025-03-29 07:00:00,12.5875
2025-03-29 08:00:00,1.3659
2025-03-29 09:00:00,-8.1822
2025-03-29 10:00:00,-30.4076
2025-03-29 11:00:00,-37.0485
2025-03-29 12:00:00,-36.2063
2025-03-29 13:00:00,-26.7812
2025-03-29 14:00:00,-24.4813
2025-03-29 15:00:00,-29.1372
2025-03-29 16:00:00,-9.0341
2025-03-29 17:00:00,16.3152
2025-03-29 18:00:00,32.7757
2025-03-29 19:00:00,39.3378
2025-03-29 20:00:00,42.0846
2025-03-29 21:00:00,38.7168
2025-03-29 22:00:00,31.5806
2025-03-29 23:00:00,26.2106
2025-03-30 00:00:00,17.0781
2025-03-30 01:00:00,15.1991
2025-03-30 02:00:00,13.7804
2025-03-30 03:00:00,13.206
2025-03-30 04:00:00,13.324
2025-03-30 05:00:00,15.803
2025-03-30 06:00:00,16.4633
2025-03-30 07:00:00,0.1067
2025-03-30 08:00:00,-17.5053
2025-03-30 09:00:00,-31.5613
2025-03-30 10:00:00,-38.9633
2025-03-30 11:00:00,-47.541
2025-03-30 12:00:00,-51.9686
2025-03-30 13:00:00,-53.8787
2025-03-30 14:00:00,-43.7865
2025-03-30 15:00:00,-21.7036
2025-03-30 16:00:00,0.3984
2025-03-30 17:00:00,19.0899
2025-03-30 18:00:00,31.9272
2025-03-30 19:00:00,39.0592
2025-03-30 20:00:00,41.5946
2025-03-30 21:00:00,38.7809
2025-03-30 22:00:00,31.5034
2025-03-30 23:00:00,25.9551
2025-03-31 00:00:00,20.6703
2025-03-31 01:00:00,18.1994
2025-03-31 02:00:00,15.8318
2025-03-31 03:00:00,15.2951
2025-03-31 04:00:00,15.8928
2025-03-31 05:00:00,18.1762
2025-03-31 06:00:00,19.2898
2025-03-31 07:00:00,3.9819
2025-03-31 08:00:00,-15.0736
2025-03-31 09:00:00,-26.496
2025-03-31 10:00:00,-31.709
2025-03-31 11:00:00,-38.0958
2025-03-31 12:00:00,-47.1409
2025-03-31 13:00:00,-49.6825
2025-03-31 14:00:00,-43.5565
2025-03-31 15:00:00,-28.4296
2025-03-31 16:00:00,-1.9142
2025-03-31 17:00:00,22.2895
2025-03-31 18:00:00,37.6416
2025-03-31 19:00:00,45.6633
2025-03-31 20:00:00,50.1149
2025-03-31 21:00:00,45.9073
2025-03-31 22:00:00,37.7803
2025-03-31 23:00:00,31.3416
2025-04-01 00:00:00,19.5699
2025-04-01 01:00:00,17.1443
2025-04-01 02:00:00,15.4057
2025-04-01 03:00:00,14.246
2025-04-01 04:00:00,15.1817
2025-04-01 05:00:00,17.3337
2025-04-01 06:00:00,17.9903
2025-04-01 07:00:00,7.7277
2025-04-01 08:00:00,-9.8856
2025-04-01 09:00:00,-19.8305
2025-04-01 10:00:00,-24.2444
2025-04-01 11:00:00,-31.8247
2025-04-01 12:00:00,-28.205
2025-04-01 13:00:00,-36.7645
2025-04-01 14:00:00,-28.9719
2025-04-01 15:00:00,-17.6634
2025-04-01 16:00:00,1.281
2025-04-01 17:00:00,21.1478
2025-04-01 18:00:00,35.8625
2025-04-01 19:00:00,42.0043
2025-04-01 20:00:00,47.5257
2025-04-01 21:00:00,44.1036
2025-04-01 22:00:00,36.4062
2025-04-01 23:00:00,29.5545
2025-04-02 00:00:00,19.486
2025-04-02 01:00:00,17.1915
2025-04-02 02:00:00,14.98
2025-04-02 03:00:00,14.3819
2025-04-02 04:00:00,15.1795
2025-04-02 05:00:00,17.3372
2025-04-02 06:00:00,18.8305
2025-04-02 07:00:00,4.1058
2025-04-02 08:00:00,-12.3905
2025-04-02 09:00:00,-22.0109
2025-04-02 10:00:00,-26.6842
2025-04-02 11:00:00,-31.9679
2025-04-02 12:00:00,-37.4114
2025-04-02 13:00:00,-42.995
2025-04-02 14:00:00,-25.3135
2025-04-02 15:00:00,-22.7288
2025-04-02 16:00:00,-4.2738
2025-04-02 17:00:00,19.4698
2025-04-02 18:00:00,35.975
2025-04-02 19:00:00,43.9918
2025-04-02 20:00:00,46.8319
2025-04-02 21:00:00,42.7916
2025-04-02 22:00:00,35.3679
2025-04-02 23:00:00,29.1164
2025-04-03 00:00:00,19.7191
2025-04-03 01:00:00,17.3353
2025-04-03 02:00:00,15.0373
2025-04-03 03:00:00,14.6688
2025-04-03 04:00:00,15.5081
2025-04-03 05:00:00,17.5953
2025-04-03 06:00:00,18.6033
2025-04-03 07:00:00,15.7047
2025-04-03 08:00:00,10.9938
2025-04-03 09:00:00,-10.3596
2025-04-03 10:00:00,-2.6198
2025-04-03 11:00:00,-36.1082
2025-04-03 12:00:00,-47.5838
2025-04-03 13:00:00,-49.2288
2025-04-03 14:00:00,-43.717
2025-04-03 15:00:00,-27.8801
2025-04-03 16:00:00,-6.1183
2025-04-03 17:00:00,20.0057
2025-04-03 18:00:00,35.4414
2025-04-03 19:00:00,43.1886
2025-04-03 20:00:00,47.1517
2025-04-03 21:00:00,44.2999
2025-04-03 22:00:00,35.7364
2025-04-03 23:00:00,28.7794
2025-04-04 00:00:00,19.8527
2025-04-04 01:00:00,17.3353
2025-04-04 02:00:00,15.3372
2025-04-04 03:00:00,14.2828
2025-04-04 04:00:00,15.1448
2025-04-04 05:00:00,16.8788
2025-04-04 06:00:00,17.9621
2025-04-04 07:00:00,1.931
2025-04-04 08:00:00,-16.4175
2025-04-04 09:00:00,-28.9383
2025-04-04 10:00:00,-35.2524
2025-04-04 11:00:00,-42.7361
2025-04-04 12:00:00,-48.6351
2025-04-04 13:00:00,-49.9816
2025-04-04 14:00:00,-43.8517
2025-04-04 15:00:00,-27.8739
2025-04-04 16:00:00,-5.1498
2025-04-04 17:00:00,20.7762
2025-04-04 18:00:00,36.8296
2025-04-04 19:00:00,43.3291
2025-04-04 20:00:00,46.8091
2025-04-04 21:00:00,43.0502
2025-04-04 22:00:00,35.2543
2025-04-04 23:00:00,29.3851
2025-04-05 00:00:00,16.5073
2025-04-05 01:00:00,15.0385
2025-04-05 02:00:00,12.6888
2025-04-05 03:00:00,12.2234
2025-04-05 04:00:00,12.8071
2025-04-05 05:00:00,14.788
2025-04-05 06:00:00,14.8494
2025-04-05 07:00:00,-0.0365
2025-04-05 08:00:00,-17.0359
2025-04-05 09:00:00,-28.4443
2025-04-05 10:00:00,-35.6702
2025-04-05 11:00:00,-41.7255
2025-04-05 12:00:00,-48.2059
2025-04-05 13:00:00,-50.1858
2025-04-05 14:00:00,-41.3293
2025-04-05 15:00:00,-16.2482
2025-04-05 16:00:00,2.7135
2025-04-05 17:00:00,21.0141
2025-04-05 18:00:00,30.569
2025-04-05 19:00:00,37.4246
2025-04-05 20:00:00,38.7261
2025-04-05 21:00:00,37.5304
2025-04-05 22:00:00,30.5991
2025-04-05 23:00:00,25.1769
2025-04-06 00:00:00,16.8416
2025-04-06 01:00:00,14.8186
2025-04-06 02:00:00,13.0874
2025-04-06 03:00:00,12.3018
2025-04-06 04:00:00,13.1892
2025-04-06 05:00:00,14.7269
2025-04-06 06:00:00,14.4847
2025-04-06 07:00:00,0.88
2025-04-06 08:00:00,-15.8669
2025-04-06 09:00:00,-27.6551
2025-04-06 10:00:00,-34.6812
2025-04-06 11:00:00,-44.0325
2025-04-06 12:00:00,-48.823
2025-04-06 13:00:00,-50.5325
2025-04-06 14:00:00,-42.6581
2025-04-06 15:00:00,-28.6004
2025-04-06 16:00:00,-7.2589
2025-04-06 17:00:00,16.0362
2025-04-06 18:00:00,30.4078
2025-04-06 19:00:00,37.513
2025-04-06 20:00:00,40.298
2025-04-06 21:00:00,37.8418
2025-04-06 22:00:00,30.7745
2025-04-06 23:00:00,25.1895
2025-04-07 00:00:00,19.5797
2025-04-07 01:00:00,17.4317
2025-04-07 02:00:00,15.0742
2025-04-07 03:00:00,14.3085
2025-04-07 04:00:00,14.5851
2025-04-07 05:00:00,17.903
2025-04-07 06:00:00,17.8282
2025-04-07 07:00:00,3.1128
2025-04-07 08:00:00,-12.7125
2025-04-07 09:00:00,-22.6816
2025-04-07 10:00:00,-27.695
2025-04-07 11:00:00,-34.2239
2025-04-07 12:00:00,-39.1523
2025-04-07 13:00:00,-41.8727
2025-04-07 14:00:00,-37.3721
2025-04-07 15:00:00,-23.2509
2025-04-07 16:00:00,-3.0432
2025-04-07 17:00:00,20.7282
2025-04-07 18:00:00,35.5821
2025-04-07 19:00:00,44.2653
2025-04-07 20:00:00,48.6584
2025-04-07 21:00:00,43.4974
2025-04-07 22:00:00,35.1719
2025-04-07 23:00:00,28.6098
2025-04-08 00:00:00,19.2061
2025-04-08 01:00:00,17.5604
2025-04-08 02:00:00,15.0947
2025-04-08 03:00:00,14.157
2025-04-08 04:00:00,15.648
2025-04-08 05:00:00,17.8496
2025-04-08 06:00:00,18.4456
2025-04-08 07:00:00,6.3566
2025-04-08 08:00:00,-3.4068
2025-04-08 09:00:00,-13.3114
2025-04-08 10:00:00,-18.9613
2025-04-08 11:00:00,-25.4122
2025-04-08 12:00:00,-34.4703
2025-04-08 13:00:00,-40.9221
2025-04-08 14:00:00,-26.1616
2025-04-08 15:00:00,-14.6152
2025-04-08 16:00:00,3.8113
2025-04-08 17:00:00,23.0259
2025-04-08 18:00:00,35.0435
2025-04-08 19:00:00,44.0502
2025-04-08 20:00:00,47.6277
2025-04-08 21:00:00,43.1101
2025-04-08 22:00:00,34.9616
2025-04-08 23:00:00,28.7688
2025-04-09 00:00:00,19.838
2025-04-09 01:00:00,17.2213
2025-04-09 02:00:00,15.0357
2025-04-09 03:00:00,14.2317
2025-04-09 04:00:00,14.8379
2025-04-09 05:00:00,17.4418
2025-04-09 06:00:00,20.1906
2025-04-09 07:00:00,21.6332
2025-04-09 08:00:00,24.9826
2025-04-09 09:00:00,33.3023
2025-04-09 10:00:00,36.1587
2025-04-09 11:00:00,36.6322
2025-04-09 12:00:00,28.5946
2025-04-09 13:00:00,24.5982
2025-04-09 14:00:00,20.0157
2025-04-09 15:00:00,15.344
2025-04-09 16:00:00,16.0714
2025-04-09 17:00:00,25.054
2025-04-09 18:00:00,35.9195
2025-04-09 19:00:00,42.8178
2025-04-09 20:00:00,48.0671
2025-04-09 21:00:00,43.2437
2025-04-09 22:00:00,35.935
2025-04-09 23:00:00,29.1257
2025-04-10 00:00:00,19.3836
2025-04-10 01:00:00,17.3452
2025-04-10 02:00:00,15.181
2025-04-10 03:00:00,14.4339
2025-04-10 04:00:00,14.8724
2025-04-10 05:00:00,17.3698
2025-04-10 06:00:00,17.3364
2025-04-10 07:00:00,1.0785
2025-04-10 08:00:00,-17.5365
2025-04-10 09:00:00,-27.1603
2025-04-10 10:00:00,-32.3305
2025-04-10 11:00:00,-33.8724
2025-04-10 12:00:00,-43.0063
2025-04-10 13:00:00,-37.8796
2025-04-10 14:00:00,-0.5327
2025-04-10 15:00:00,-18.2443
2025-04-10 16:00:00,-4.8994
2025-04-10 17:00:00,18.8022
2025-04-10 18:00:00,35.9913
2025-04-10 19:00:00,43.1181
2025-04-10 20:00:00,46.1857
2025-04-10 21:00:00,43.3783
2025-04-10 22:00:00,36.9067
2025-04-10 23:00:00,28.4801
2025-04-11 00:00:00,19.8727
2025-04-11 01:00:00,17.4729
2025-04-11 02:00:00,15.4013
2025-04-11 03:00:00,14.2717
2025-04-11 04:00:00,15.5492
2025-04-11 05:00:00,17.557
2025-04-11 06:00:00,17.0427
2025-04-11 07:00:00,6.264
2025-04-11 08:00:00,-5.8992
2025-04-11 09:00:00,-3.2881
2025-04-11 10:00:00,2.994
2025-04-11 11:00:00,-1.2746
2025-04-11 12:00:00,-14.0748
2025-04-11 13:00:00,-9.0574
2025-04-11 14:00:00,1.1365
2025-04-11 15:00:00,17.5476
2025-04-11 16:00:00,17.7646
2025-04-11 17:00:00,25.9328
2025-04-11 18:00:00,36.1244
2025-04-11 19:00:00,43.1162
2025-04-11 20:00:00,48.1622
2025-04-11 21:00:00,42.7403
2025-04-11 22:00:00,35.5028
2025-04-11 23:00:00,28.4638
2025-04-12 00:00:00,16.5177
2025-04-12 01:00:00,14.8174
2025-04-12 02:00:00,12.7346
2025-04-12 03:00:00,11.9803
2025-04-12 04:00:00,13.2106
2025-04-12 05:00:00,14.8054
2025-04-12 06:00:00,12.9852
2025-04-12 07:00:00,-0.6352
2025-04-12 08:00:00,-17.6023
2025-04-12 09:00:00,-30.1254
2025-04-12 10:00:00,-32.2411
2025-04-12 11:00:00,-39.9464
2025-04-12 12:00:00,-47.0552
2025-04-12 13:00:00,-48.5763
2025-04-12 14:00:00,-36.6033
2025-04-12 15:00:00,-26.4863
2025-04-12 16:00:00,-3.9848
2025-04-12 17:00:00,17.2323
2025-04-12 18:00:00,29.3756
2025-04-12 19:00:00,37.6128
2025-04-12 20:00:00,39.8551
2025-04-12 21:00:00,37.001
2025-04-12 22:00:00,30.3527
2025-04-12 23:00:00,24.8103
2025-04-13 00:00:00,16.7223
2025-04-13 01:00:00,14.5973
2025-04-13 02:00:00,12.7248
2025-04-13 03:00:00,12.3524
2025-04-13 04:00:00,13.0235
2025-04-13 05:00:00,14.6861
2025-04-13 06:00:00,13.6578
2025-04-13 07:00:00,-3.8704
2025-04-13 08:00:00,-21.3786
2025-04-13 09:00:00,-31.542
2025-04-13 10:00:00,-40.2507
2025-04-13 11:00:00,-45.9879
2025-04-13 12:00:00,-52.3349
2025-04-13 13:00:00,-53.6023
2025-04-13 14:00:00,-47.7202
2025-04-13 15:00:00,-32.1099
2025-04-13 16:00:00,-10.0333
2025-04-13 17:00:00,15.3372
2025-04-13 18:00:00,29.8274
2025-04-13 19:00:00,37.3926
2025-04-13 20:00:00,39.5159
2025-04-13 21:00:00,37.2359
2025-04-13 22:00:00,30.0677
2025-04-13 23:00:00,24.271
2025-04-14 00:00:00,19.3127
2025-04-14 01:00:00,17.1529
2025-04-14 02:00:00,15.1757
2025-04-14 03:00:00,14.4624
2025-04-14 04:00:00,14.7689
2025-04-14 05:00:00,17.2159
2025-04-14 06:00:00,16.6744
2025-04-14 07:00:00,0.3904
2025-04-14 08:00:00,-16.0715
2025-04-14 09:00:00,-27.4221
2025-04-14 10:00:00,-33.1535
2025-04-14 11:00:00,-39.0269
2025-04-14 12:00:00,-45.3095
2025-04-14 13:00:00,-47.1303
2025-04-14 14:00:00,-40.5301
2025-04-14 15:00:00,-25.5586
2025-04-14 16:00:00,-3.6991
2025-04-14 17:00:00,20.4141
2025-04-14 18:00:00,35.21
2025-04-14 19:00:00,43.2199
2025-04-14 20:00:00,47.2567
2025-04-14 21:00:00,42.7878
2025-04-14 22:00:00,35.379
2025-04-14 23:00:00,29.2324
2025-04-15 00:00:00,20.0035
2025-04-15 01:00:00,17.2712
2025-04-15 02:00:00,15.12
2025-04-15 03:00:00,14.1695
2025-04-15 04:00:00,15.2804
2025-04-15 05:00:00,17.4233
2025-04-15 06:00:00,16.4483
2025-04-15 07:00:00,2.4372
2025-04-15 08:00:00,-15.6525
2025-04-15 09:00:00,-25.2
2025-04-15 10:00:00,-30.7927
2025-04-15 11:00:00,-37.3084
2025-04-15 12:00:00,-40.0031
2025-04-15 13:00:00,-43.4629
2025-04-15 14:00:00,-39.7113
2025-04-15 15:00:00,-23.1725
2025-04-15 16:00:00,-5.1894
2025-04-15 17:00:00,19.4131
2025-04-15 18:00:00,36.2468
2025-04-15 19:00:00,41.3756
2025-04-15 20:00:00,47.1713
2025-04-15 21:00:00,42.1712
2025-04-15 22:00:00,35.5255
2025-04-15 23:00:00,29.0035
2025-04-16 00:00:00,19.0961
2025-04-16 01:00:00,17.1919
2025-04-16 02:00:00,15.3639
2025-04-16 03:00:00,14.1211
2025-04-16 04:00:00,15.2898
2025-04-16 05:00:00,17.9661
2025-04-16 06:00:00,16.8236
2025-04-16 07:00:00,1.3761
2025-04-16 08:00:00,-15.2401
2025-04-16 09:00:00,-25.4435
2025-04-16 10:00:00,-30.9336
2025-04-16 11:00:00,-36.4192
2025-04-16 12:00:00,-42.4395
2025-04-16 13:00:00,-45.5555
2025-04-16 14:00:00,-36.6248
2025-04-16 15:00:00,-22.4529
2025-04-16 16:00:00,0.5997
2025-04-16 17:00:00,20.9119
2025-04-16 18:00:00,36.1166
2025-04-16 19:00:00,44.5385
2025-04-16 20:00:00,46.9635
2025-04-16 21:00:00,43.1285
2025-04-16 22:00:00,36.521
2025-04-16 23:00:00,28.7241
2025-04-17 00:00:00,19.7366
2025-04-17 01:00:00,17.1728
2025-04-17 02:00:00,15.2647
2025-04-17 03:00:00,14.4686
2025-04-17 04:00:00,15.7121
2025-04-17 05:00:00,17.5048
2025-04-17 06:00:00,16.4334
2025-04-17 07:00:00,0.8155
2025-04-17 08:00:00,-13.4662
2025-04-17 09:00:00,-25.1843
2025-04-17 10:00:00,-29.3842
2025-04-17 11:00:00,-34.4614
2025-04-17 12:00:00,-42.2577
2025-04-17 13:00:00,-44.601
2025-04-17 14:00:00,-37.2748
2025-04-17 15:00:00,-20.9419
2025-04-17 16:00:00,3.2579
2025-04-17 17:00:00,22.5302
2025-04-17 18:00:00,34.8475
2025-04-17 19:00:00,43.332
2025-04-17 20:00:00,46.6975
2025-04-17 21:00:00,43.4344
2025-04-17 22:00:00,35.8876
2025-04-17 23:00:00,28.9207
2025-04-18 00:00:00,19.442
2025-04-18 01:00:00,17.2818
2025-04-18 02:00:00,15.4539
2025-04-18 03:00:00,14.402
2025-04-18 04:00:00,14.9845
2025-04-18 05:00:00,17.0344
2025-04-18 06:00:00,15.2307
2025-04-18 07:00:00,4.6319
2025-04-18 08:00:00,-6.8535
2025-04-18 09:00:00,-6.1832
2025-04-18 10:00:00,-20.0681
2025-04-18 11:00:00,-29.6474
2025-04-18 12:00:00,-37.7847
2025-04-18 13:00:00,-40.7008
2025-04-18 14:00:00,-25.0852
2025-04-18 15:00:00,-17.87
2025-04-18 16:00:00,1.3428
2025-04-18 17:00:00,20.4324
2025-04-18 18:00:00,35.5954
2025-04-18 19:00:00,43.3634
2025-04-18 20:00:00,47.9617
2025-04-18 21:00:00,43.4447
2025-04-18 22:00:00,35.3364
2025-04-18 23:00:00,29.6162
2025-04-19 00:00:00,16.0713
2025-04-19 01:00:00,15.0754
2025-04-19 02:00:00,12.6895
2025-04-19 03:00:00,12.2551
2025-04-19 04:00:00,13.3614
2025-04-19 05:00:00,14.8957
2025-04-19 06:00:00,16.0721
2025-04-19 07:00:00,15.4388
2025-04-19 08:00:00,18.8603
2025-04-19 09:00:00,17.4902
2025-04-19 10:00:00,17.3071
2025-04-19 11:00:00,14.5652
2025-04-19 12:00:00,-22.9609
2025-04-19 13:00:00,-38.1296
2025-04-19 14:00:00,-38.2735
2025-04-19 15:00:00,-25.7489
2025-04-19 16:00:00,-5.6498
2025-04-19 17:00:00,16.9318
2025-04-19 18:00:00,30.3703
2025-04-19 19:00:00,36.9648
2025-04-19 20:00:00,39.6837
2025-04-19 21:00:00,36.2359
2025-04-19 22:00:00,30.6095
2025-04-19 23:00:00,24.8647
2025-04-20 00:00:00,16.7136
2025-04-20 01:00:00,14.8004
2025-04-20 02:00:00,12.4383
2025-04-20 03:00:00,12.339
2025-04-20 04:00:00,13.3485
2025-04-20 05:00:00,14.4931
2025-04-20 06:00:00,12.3214
2025-04-20 07:00:00,-4.7657
2025-04-20 08:00:00,-22.2292
2025-04-20 09:00:00,-33.3356
2025-04-20 10:00:00,-40.7476
2025-04-20 11:00:00,-46.9333
2025-04-20 12:00:00,-47.6613
2025-04-20 13:00:00,-38.5205
2025-04-20 14:00:00,-39.2182
2025-04-20 15:00:00,-28.7754
2025-04-20 16:00:00,-8.2772
2025-04-20 17:00:00,16.3132
2025-04-20 18:00:00,29.8515
2025-04-20 19:00:00,36.8876
2025-04-20 20:00:00,39.5462
2025-04-20 21:00:00,37.5161
2025-04-20 22:00:00,30.1467
2025-04-20 23:00:00,24.4648
2025-04-21 00:00:00,19.4006
2025-04-21 01:00:00,17.1266
2025-04-21 02:00:00,15.1862
2025-04-21 03:00:00,14.3357
2025-04-21 04:00:00,14.8714
2025-04-21 05:00:00,17.5465
2025-04-21 06:00:00,15.474
2025-04-21 07:00:00,-1.42
2025-04-21 08:00:00,-17.8714
2025-04-21 09:00:00,-26.3527
2025-04-21 10:00:00,-31.7194
2025-04-21 11:00:00,-37.6082
2025-04-21 12:00:00,-43.2866
2025-04-21 13:00:00,-46.4166
2025-04-21 14:00:00,-40.0778
2025-04-21 15:00:00,-26.5994
2025-04-21 16:00:00,-5.5349
2025-04-21 17:00:00,19.4153
2025-04-21 18:00:00,35.7074
2025-04-21 19:00:00,43.6063
2025-04-21 20:00:00,47.2147
2025-04-21 21:00:00,43.5948
2025-04-21 22:00:00,35.9142
2025-04-21 23:00:00,28.8391
2025-04-22 00:00:00,19.7828
2025-04-22 01:00:00,17.0079
2025-04-22 02:00:00,15.4689
2025-04-22 03:00:00,14.2518
2025-04-22 04:00:00,15.06
2025-04-22 05:00:00,17.1302
2025-04-22 06:00:00,14.1679
2025-04-22 07:00:00,2.7323
2025-04-22 08:00:00,-9.5813
2025-04-22 09:00:00,-16.0585
2025-04-22 10:00:00,-17.7956
2025-04-22 11:00:00,-19.8459
2025-04-22 12:00:00,-22.9749
2025-04-22 13:00:00,-11.1048
2025-04-22 14:00:00,-9.8072
2025-04-22 15:00:00,0.5687
2025-04-22 16:00:00,11.0243
2025-04-22 17:00:00,21.6788
2025-04-22 18:00:00,35.7571
2025-04-22 19:00:00,43.1333
2025-04-22 20:00:00,46.3781
2025-04-22 21:00:00,42.1394
2025-04-22 22:00:00,36.4753
2025-04-22 23:00:00,28.2307
2025-04-23 00:00:00,19.0045
2025-04-23 01:00:00,17.3026
2025-04-23 02:00:00,14.9565
2025-04-23 03:00:00,13.9878
2025-04-23 04:00:00,15.5398
2025-04-23 05:00:00,17.3639
2025-04-23 06:00:00,15.9952
2025-04-23 07:00:00,-0.7854
2025-04-23 08:00:00,-16.6575
2025-04-23 09:00:00,-27.2009
2025-04-23 10:00:00,-32.9029
2025-04-23 11:00:00,-38.4167
2025-04-23 12:00:00,-46.1414
2025-04-23 13:00:00,-47.4125
2025-04-23 14:00:00,-34.1129
2025-04-23 15:00:00,-22.6772
2025-04-23 16:00:00,-2.2946
2025-04-23 17:00:00,20.2462
2025-04-23 18:00:00,35.4067
2025-04-23 19:00:00,42.7101
2025-04-23 20:00:00,46.5961
2025-04-23 21:00:00,44.0899
2025-04-23 22:00:00,36.7409
2025-04-23 23:00:00,28.9122
2025-04-24 00:00:00,19.2232
2025-04-24 01:00:00,17.1613
2025-04-24 02:00:00,15.3724
2025-04-24 03:00:00,14.3552
2025-04-24 04:00:00,15.2357
2025-04-24 05:00:00,17.284
2025-04-24 06:00:00,16.675
2025-04-24 07:00:00,4.4309
2025-04-24 08:00:00,-11.3552
2025-04-24 09:00:00,-23.797
2025-04-24 10:00:00,-27.8348
2025-04-24 11:00:00,-33.0321
2025-04-24 12:00:00,-39.0949
2025-04-24 13:00:00,-35.9597
2025-04-24 14:00:00,-28.6638
2025-04-24 15:00:00,-8.9153
2025-04-24 16:00:00,10.2641
2025-04-24 17:00:00,20.9221
2025-04-24 18:00:00,34.4327
2025-04-24 19:00:00,43.5159
2025-04-24 20:00:00,46.3627
2025-04-24 21:00:00,43.7363
2025-04-24 22:00:00,36.5025
2025-04-24 23:00:00,28.6253
2025-04-25 00:00:00,19.5934
2025-04-25 01:00:00,17.6271
2025-04-25 02:00:00,14.8676
2025-04-25 03:00:00,14.8265
2025-04-25 04:00:00,14.8858
2025-04-25 05:00:00,17.8112
2025-04-25 06:00:00,15.133
2025-04-25 07:00:00,0.7664
2025-04-25 08:00:00,-13.9859
2025-04-25 09:00:00,-22.9326
2025-04-25 10:00:00,-27.7401
2025-04-25 11:00:00,-34.2875
2025-04-25 12:00:00,-38.5464
2025-04-25 13:00:00,-37.4201
2025-04-25 14:00:00,-31.5506
2025-04-25 15:00:00,-17.2671
2025-04-25 16:00:00,-1.7912
2025-04-25 17:00:00,20.5005
2025-04-25 18:00:00,35.1336
2025-04-25 19:00:00,42.5735
2025-04-25 20:00:00,47.1137
2025-04-25 21:00:00,42.6959
2025-04-25 22:00:00,35.8465
2025-04-25 23:00:00,28.4312
2025-04-26 00:00:00,16.6835
2025-04-26 01:00:00,14.7492
2025-04-26 02:00:00,12.7011
2025-04-26 03:00:00,12.2493
2025-04-26 04:00:00,13.2607
2025-04-26 05:00:00,14.6223
2025-04-26 06:00:00,12.2155
2025-04-26 07:00:00,-3.7465
2025-04-26 08:00:00,-20.5904
2025-04-26 09:00:00,-31.7921
2025-04-26 10:00:00,-36.8616
2025-04-26 11:00:00,-41.9728
2025-04-26 12:00:00,-45.4826
2025-04-26 13:00:00,-45.3996
2025-04-26 14:00:00,-40.8661
2025-04-26 15:00:00,-23.3651
2025-04-26 16:00:00,-0.6616
2025-04-26 17:00:00,16.6253
2025-04-26 18:00:00,30.1578
2025-04-26 19:00:00,36.5231
2025-04-26 20:00:00,39.5813
2025-04-26 21:00:00,37.641
2025-04-26 22:00:00,30.8717
2025-04-26 23:00:00,24.8876
2025-04-27 00:00:00,16.6691
2025-04-27 01:00:00,14.5447
2025-04-27 02:00:00,12.7522
2025-04-27 03:00:00,12.1685
2025-04-27 04:00:00,12.8997
2025-04-27 05:00:00,14.4399
2025-04-27 06:00:00,12.0132
2025-04-27 07:00:00,-3.0952
2025-04-27 08:00:00,-19.2475
2025-04-27 09:00:00,-29.6676
2025-04-27 10:00:00,-34.8792
2025-04-27 11:00:00,-40.1549
2025-04-27 12:00:00,-46.1081
2025-04-27 13:00:00,-46.5092
2025-04-27 14:00:00,-40.5131
2025-04-27 15:00:00,-26.5679
2025-04-27 16:00:00,-3.1883
2025-04-27 17:00:00,17.4504
2025-04-27 18:00:00,30.0144
2025-04-27 19:00:00,37.2475
2025-04-27 20:00:00,39.3253
2025-04-27 21:00:00,36.8743
2025-04-27 22:00:00,30.116
2025-04-27 23:00:00,24.7958
2025-04-28 00:00:00,19.6778
2025-04-28 01:00:00,17.4023
2025-04-28 02:00:00,15.0412
2025-04-28 03:00:00,14.1083
2025-04-28 04:00:00,15.3985
2025-04-28 05:00:00,17.5056
2025-04-28 06:00:00,14.2811
2025-04-28 07:00:00,5.4395
2025-04-28 08:00:00,-9.4579
2025-04-28 09:00:00,-14.4275
2025-04-28 10:00:00,-23.633
2025-04-28 11:00:00,-31.5132
2025-04-28 12:00:00,-38.0844
2025-04-28 13:00:00,-25.2241
2025-04-28 14:00:00,-36.125
2025-04-28 15:00:00,-21.1843
2025-04-28 16:00:00,-2.2344
2025-04-28 17:00:00,20.614
2025-04-28 18:00:00,35.3169
2025-04-28 19:00:00,42.4705
2025-04-28 20:00:00,47.2813
2025-04-28 21:00:00,43.9259
2025-04-28 22:00:00,36.8244
2025-04-28 23:00:00,29.9012
2025-04-29 00:00:00,19.1211
2025-04-29 01:00:00,17.4315
2025-04-29 02:00:00,14.8795
2025-04-29 03:00:00,14.9076
2025-04-29 04:00:00,15.3193
2025-04-29 05:00:00,17.934
2025-04-29 06:00:00,15.3145
2025-04-29 07:00:00,2.9206
2025-04-29 08:00:00,-10.8079
2025-04-29 09:00:00,-17.4465
2025-04-29 10:00:00,-21.1911
2025-04-29 11:00:00,-17.4627
2025-04-29 12:00:00,-13.7259
2025-04-29 13:00:00,-12.1642
2025-04-29 14:00:00,9.2661
2025-04-29 15:00:00,17.6077
2025-04-29 16:00:00,12.3576
2025-04-29 17:00:00,21.2881
2025-04-29 18:00:00,35.937
2025-04-29 19:00:00,43.1391
2025-04-29 20:00:00,46.3053
2025-04-29 21:00:00,42.7446
2025-04-29 22:00:00,35.6552
2025-04-29 23:00:00,28.8305
2025-04-30 00:00:00,19.6091
2025-04-30 01:00:00,17.3837
2025-04-30 02:00:00,15.3207
2025-04-30 03:00:00,14.6717
2025-04-30 04:00:00,15.4741
2025-04-30 05:00:00,17.2004
2025-04-30 06:00:00,18.6156
2025-04-30 07:00:00,20.0629
2025-04-30 08:00:00,21.7842
2025-04-30 09:00:00,25.6689
2025-04-30 10:00:00,28.5393
2025-04-30 11:00:00,15.8809
2025-04-30 12:00:00,1.2151
2025-04-30 13:00:00,-15.0572
2025-04-30 14:00:00,-11.1753
2025-04-30 15:00:00,-10.2937
2025-04-30 16:00:00,6.6389
2025-04-30 17:00:00,22.7441
2025-04-30 18:00:00,36.0023
2025-04-30 19:00:00,43.4668
2025-04-30 20:00:00,46.9298
2025-04-30 21:00:00,43.5662
2025-04-30 22:00:00,35.6399
2025-04-30 23:00:00,29.6066
2025-05-01 00:00:00,19.9804
2025-05-01 01:00:00,17.5498
2025-05-01 02:00:00,15.443
2025-05-01 03:00:00,14.8508
2025-05-01 04:00:00,15.5523
2025-05-01 05:00:00,17.438
2025-05-01 06:00:00,17.9983
2025-05-01 07:00:00,11.6198
2025-05-01 08:00:00,-2.5621
2025-05-01 09:00:00,4.5284
2025-05-01 10:00:00,3.9386
2025-05-01 11:00:00,5.7912
2025-05-01 12:00:00,-0.0334
2025-05-01 13:00:00,-19.7675
2025-05-01 14:00:00,-24.0961
2025-05-01 15:00:00,-8.9883
2025-05-01 16:00:00,3.3196
2025-05-01 17:00:00,20.3533
2025-05-01 18:00:00,37.0083
2025-05-01 19:00:00,45.0256
2025-05-01 20:00:00,48.7426
2025-05-01 21:00:00,44.2845
2025-05-01 22:00:00,36.4215
2025-05-01 23:00:00,29.5163
2025-05-02 00:00:00,20.1995
2025-05-02 01:00:00,17.6417
2025-05-02 02:00:00,15.8086
2025-05-02 03:00:00,14.7093
2025-05-02 04:00:00,15.6934
2025-05-02 05:00:00,17.4412
2025-05-02 06:00:00,14.707
2025-05-02 07:00:00,-1.7371
2025-05-02 08:00:00,-18.5583
2025-05-02 09:00:00,-25.8838
2025-05-02 10:00:00,-31.6042
2025-05-02 11:00:00,-37.7193
2025-05-02 12:00:00,-42.5831
2025-05-02 13:00:00,-45.3735
2025-05-02 14:00:00,-38.9263
2025-05-02 15:00:00,-25.8151
2025-05-02 16:00:00,-4.025
2025-05-02 17:00:00,20.3872
2025-05-02 18:00:00,34.8723
2025-05-02 19:00:00,43.5853
2025-05-02 20:00:00,48.6607
2025-05-02 21:00:00,44.6303
2025-05-02 22:00:00,37.2586
2025-05-02 23:00:00,29.7385
2025-05-03 00:00:00,17.0651
2025-05-03 01:00:00,15.2521
2025-05-03 02:00:00,13.0816
2025-05-03 03:00:00,12.3985
2025-05-03 04:00:00,13.3579
2025-05-03 05:00:00,14.6903
2025-05-03 06:00:00,11.654
2025-05-03 07:00:00,-3.7797
2025-05-03 08:00:00,-12.9051
2025-05-03 09:00:00,-25.4286
2025-05-03 10:00:00,-18.3373
2025-05-03 11:00:00,-22.5119
2025-05-03 12:00:00,-16.1818
2025-05-03 13:00:00,-20.7873
2025-05-03 14:00:00,-9.5831
2025-05-03 15:00:00,-2.8795
2025-05-03 16:00:00,-0.7155
2025-05-03 17:00:00,15.7546
2025-05-03 18:00:00,30.0558
2025-05-03 19:00:00,38.4986
2025-05-03 20:00:00,40.5575
2025-05-03 21:00:00,38.1867
2025-05-03 22:00:00,31.641
2025-05-03 23:00:00,25.3466
2025-05-04 00:00:00,16.7749
2025-05-04 01:00:00,15.0699
2025-05-04 02:00:00,13.1358
2025-05-04 03:00:00,12.4313
2025-05-04 04:00:00,13.0978
2025-05-04 05:00:00,15.1457
2025-05-04 06:00:00,12.994
2025-05-04 07:00:00,7.1226
2025-05-04 08:00:00,-3.1937
2025-05-04 09:00:00,-3.0394
2025-05-04 10:00:00,-1.6553
2025-05-04 11:00:00,1.9536
2025-05-04 12:00:00,-4.2704
2025-05-04 13:00:00,-16.662
2025-05-04 14:00:00,-6.8172
2025-05-04 15:00:00,5.7741
2025-05-04 16:00:00,17.3676
2025-05-04 17:00:00,22.3137
2025-05-04 18:00:00,31.0725
2025-05-04 19:00:00,37.9285
2025-05-04 20:00:00,40.1923
2025-05-04 21:00:00,36.9998
2025-05-04 22:00:00,31.1709
2025-05-04 23:00:00,24.8617
2025-05-05 00:00:00,19.8145
2025-05-05 01:00:00,17.5767
2025-05-05 02:00:00,15.6291
2025-05-05 03:00:00,14.7834
2025-05-05 04:00:00,15.6165
2025-05-05 05:00:00,17.6612
2025-05-05 06:00:00,20.5192
2025-05-05 07:00:00,21.1754
2025-05-05 08:00:00,25.8893
2025-05-05 09:00:00,29.9784
2025-05-05 10:00:00,31.2583
2025-05-05 11:00:00,24.9872
2025-05-05 12:00:00,8.7261
2025-05-05 13:00:00,-8.1009
2025-05-05 14:00:00,-15.316
2025-05-05 15:00:00,8.181
2025-05-05 16:00:00,14.8192
2025-05-05 17:00:00,25.1767
2025-05-05 18:00:00,35.4027
2025-05-05 19:00:00,43.4819
2025-05-05 20:00:00,47.762
2025-05-05 21:00:00,43.9715
2025-05-05 22:00:00,37.1247
2025-05-05 23:00:00,29.4775
2025-05-06 00:00:00,19.8117
2025-05-06 01:00:00,17.0753
2025-05-06 02:00:00,15.3747
2025-05-06 03:00:00,14.805
2025-05-06 04:00:00,15.1938
2025-05-06 05:00:00,17.7459
2025-05-06 06:00:00,14.1513
2025-05-06 07:00:00,-2.533
2025-05-06 08:00:00,-18.7183
2025-05-06 09:00:00,-27.9958
2025-05-06 10:00:00,-31.8809
2025-05-06 11:00:00,-37.278
2025-05-06 12:00:00,-43.4639
2025-05-06 13:00:00,-45.0682
2025-05-06 14:00:00,-38.9008
2025-05-06 15:00:00,-25.1056
2025-05-06 16:00:00,-5.149
2025-05-06 17:00:00,20.2807
2025-05-06 18:00:00,35.9326
2025-05-06 19:00:00,43.4719
2025-05-06 20:00:00,48.2393
2025-05-06 21:00:00,43.9934
2025-05-06 22:00:00,35.5802
2025-05-06 23:00:00,29.7106
2025-05-07 00:00:00,19.9093
2025-05-07 01:00:00,17.5513
2025-05-07 02:00:00,15.4969
2025-05-07 03:00:00,14.4692
2025-05-07 04:00:00,15.7546
2025-05-07 05:00:00,17.347
2025-05-07 06:00:00,14.2813
2025-05-07 07:00:00,-1.7364
2025-05-07 08:00:00,-17.5673
2025-05-07 09:00:00,-26.1204
2025-05-07 10:00:00,-31.3254
2025-05-07 11:00:00,-35.1099
2025-05-07 12:00:00,-43.4806
2025-05-07 13:00:00,-43.3492
2025-05-07 14:00:00,-36.5652
2025-05-07 15:00:00,-22.28
2025-05-07 16:00:00,-0.5707
2025-05-07 17:00:00,20.8064
2025-05-07 18:00:00,35.561
2025-05-07 19:00:00,44.4069
2025-05-07 20:00:00,50.139
2025-05-07 21:00:00,44.2405
2025-05-07 22:00:00,36.254
2025-05-07 23:00:00,29.3392
2025-05-08 00:00:00,19.9326
2025-05-08 01:00:00,18.5331
2025-05-08 02:00:00,15.7129
2025-05-08 03:00:00,14.6013
2025-05-08 04:00:00,15.9907
2025-05-08 05:00:00,17.7293
2025-05-08 06:00:00,15.0681
2025-05-08 07:00:00,1.0925
2025-05-08 08:00:00,-13.7465
2025-05-08 09:00:00,-24.5006
2025-05-08 10:00:00,-29.4275
2025-05-08 11:00:00,-34.8502
2025-05-08 12:00:00,-40.7475
2025-05-08 13:00:00,-44.0644
2025-05-08 14:00:00,-38.2302
2025-05-08 15:00:00,-25.3939
2025-05-08 16:00:00,-4.7377
2025-05-08 17:00:00,19.7904
2025-05-08 18:00:00,34.1071
2025-05-08 19:00:00,44.4802
2025-05-08 20:00:00,48.337
2025-05-08 21:00:00,44.6174
2025-05-08 22:00:00,36.3658
2025-05-08 23:00:00,29.3657
2025-05-09 00:00:00,20.7161
2025-05-09 01:00:00,17.7253
2025-05-09 02:00:00,15.4847
2025-05-09 03:00:00,14.7803
2025-05-09 04:00:00,15.5216
2025-05-09 05:00:00,17.1348
2025-05-09 06:00:00,14.4698
2025-05-09 07:00:00,-0.9573
2025-05-09 08:00:00,-15.1086
2025-05-09 09:00:00,-22.988
2025-05-09 10:00:00,-26.7066
2025-05-09 11:00:00,-31.8765
2025-05-09 12:00:00,-38.7062
2025-05-09 13:00:00,-40.6826
2025-05-09 14:00:00,-34.8541
2025-05-09 15:00:00,-21.4375
2025-05-09 16:00:00,-2.1869
2025-05-09 17:00:00,19.7914
2025-05-09 18:00:00,36.0788
2025-05-09 19:00:00,43.77
2025-05-09 20:00:00,47.9668
2025-05-09 21:00:00,44.8615
2025-05-09 22:00:00,36.2257
2025-05-09 23:00:00,30.2043
2025-05-10 00:00:00,16.6896
2025-05-10 01:00:00,15.0919
2025-05-10 02:00:00,12.9182
2025-05-10 03:00:00,12.4005
2025-05-10 04:00:00,13.2178
2025-05-10 05:00:00,14.569
2025-05-10 06:00:00,11.1363
2025-05-10 07:00:00,-3.9119
2025-05-10 08:00:00,-20.624
2025-05-10 09:00:00,-28.2364
2025-05-10 10:00:00,-30.8591
2025-05-10 11:00:00,-23.738
2025-05-10 12:00:00,-15.3773
2025-05-10 13:00:00,-33.3311
2025-05-10 14:00:00,-35.5505
2025-05-10 15:00:00,-24.7754
2025-05-10 16:00:00,-5.1671
2025-05-10 17:00:00,16.37
2025-05-10 18:00:00,30.1523
2025-05-10 19:00:00,37.5267
2025-05-10 20:00:00,40.4162
2025-05-10 21:00:00,37.492
2025-05-10 22:00:00,30.783
2025-05-10 23:00:00,25.5283
2025-05-11 00:00:00,16.8549
2025-05-11 01:00:00,15.0292
2025-05-11 02:00:00,13.3369
2025-05-11 03:00:00,12.4539
2025-05-11 04:00:00,13.4798
2025-05-11 05:00:00,14.8456
2025-05-11 06:00:00,11.8912
2025-05-11 07:00:00,-3.1629
2025-05-11 08:00:00,-17.3549
2025-05-11 09:00:00,-24.57
2025-05-11 10:00:00,-33.0325
2025-05-11 11:00:00,-38.8925
2025-05-11 12:00:00,-44.714
2025-05-11 13:00:00,-46.0189
2025-05-11 14:00:00,-40.6439
2025-05-11 15:00:00,-27.4477
2025-05-11 16:00:00,-6.9178
2025-05-11 17:00:00,15.3041
2025-05-11 18:00:00,29.9963
2025-05-11 19:00:00,38.1576
2025-05-11 20:00:00,41.0496
2025-05-11 21:00:00,37.4797
2025-05-11 22:00:00,30.9927
2025-05-11 23:00:00,25.7503
2025-05-12 00:00:00,20.1204
2025-05-12 01:00:00,17.8335
2025-05-12 02:00:00,15.9549
2025-05-12 03:00:00,14.4425
2025-05-12 04:00:00,15.4367
2025-05-12 05:00:00,17.3632
2025-05-12 06:00:00,14.4291
2025-05-12 07:00:00,-0.7714
2025-05-12 08:00:00,-15.2411
2025-05-12 09:00:00,-23.3406
2025-05-12 10:00:00,-28.4394
2025-05-12 11:00:00,-33.0341
2025-05-12 12:00:00,-39.5944
2025-05-12 13:00:00,-41.334
2025-05-12 14:00:00,-35.311
2025-05-12 15:00:00,-20.9835
2025-05-12 16:00:00,-0.0112
2025-05-12 17:00:00,20.4528
2025-05-12 18:00:00,34.9335
2025-05-12 19:00:00,43.5662
2025-05-12 20:00:00,46.7022
2025-05-12 21:00:00,45.1232
2025-05-12 22:00:00,35.7266
2025-05-12 23:00:00,30.4311
2025-05-13 00:00:00,19.7285
2025-05-13 01:00:00,17.5239
2025-05-13 02:00:00,15.5906
2025-05-13 03:00:00,15.0995
2025-05-13 04:00:00,15.3898
2025-05-13 05:00:00,16.806
2025-05-13 06:00:00,13.669
2025-05-13 07:00:00,7.6819
2025-05-13 08:00:00,-2.8795
2025-05-13 09:00:00,-3.2303
2025-05-13 10:00:00,9.3697
2025-05-13 11:00:00,1.7938
2025-05-13 12:00:00,-11.8147
2025-05-13 13:00:00,-0.6034
2025-05-13 14:00:00,10.5316
2025-05-13 15:00:00,8.584
2025-05-13 16:00:00,15.2766
2025-05-13 17:00:00,27.1124
2025-05-13 18:00:00,36.8383
2025-05-13 19:00:00,44.1237
2025-05-13 20:00:00,47.8844
2025-05-13 21:00:00,44.8326
2025-05-13 22:00:00,35.8766
2025-05-13 23:00:00,29.1205
2025-05-14 00:00:00,19.7492
2025-05-14 01:00:00,17.865
2025-05-14 02:00:00,15.3789
2025-05-14 03:00:00,14.7938
2025-05-14 04:00:00,15.4385
2025-05-14 05:00:00,17.4116
2025-05-14 06:00:00,18.922
2025-05-14 07:00:00,17.7132
2025-05-14 08:00:00,12.7753
2025-05-14 09:00:00,21.0905
2025-05-14 10:00:00,26.2289
2025-05-14 11:00:00,26.2639
2025-05-14 12:00:00,20.7556
2025-05-14 13:00:00,16.9589
2025-05-14 14:00:00,0.2956
2025-05-14 15:00:00,5.5874
2025-05-14 16:00:00,6.4619
2025-05-14 17:00:00,20.8528
2025-05-14 18:00:00,34.238
2025-05-14 19:00:00,44.6226
2025-05-14 20:00:00,46.2421
2025-05-14 21:00:00,44.0949
2025-05-14 22:00:00,36.3594
2025-05-14 23:00:00,29.7452
2025-05-15 00:00:00,19.3393
2025-05-15 01:00:00,18.0999
2025-05-15 02:00:00,15.506
2025-05-15 03:00:00,14.638
2025-05-15 04:00:00,15.6896
2025-05-15 05:00:00,17.8998
2025-05-15 06:00:00,19.9482
2025-05-15 07:00:00,20.8985
2025-05-15 08:00:00,23.6801
2025-05-15 09:00:00,29.1137
2025-05-15 10:00:00,27.4007
2025-05-15 11:00:00,18.0412
2025-05-15 12:00:00,7.7306
2025-05-15 13:00:00,0.7773
2025-05-15 14:00:00,16.5209
2025-05-15 15:00:00,16.4973
2025-05-15 16:00:00,20.8606
2025-05-15 17:00:00,27.2136
2025-05-15 18:00:00,36.674
2025-05-15 19:00:00,45.2217
2025-05-15 20:00:00,48.8465
2025-05-15 21:00:00,44.4567
2025-05-15 22:00:00,36.6289
2025-05-15 23:00:00,29.48
2025-05-16 00:00:00,20.1756
2025-05-16 01:00:00,17.679
2025-05-16 02:00:00,15.5008
2025-05-16 03:00:00,14.5419
2025-05-16 04:00:00,15.4537
2025-05-16 05:00:00,17.351
2025-05-16 06:00:00,19.152
2025-05-16 07:00:00,19.3216
2025-05-16 08:00:00,24.2918
2025-05-16 09:00:00,28.9847
2025-05-16 10:00:00,26.2955
2025-05-16 11:00:00,17.0429
2025-05-16 12:00:00,10.7008
2025-05-16 13:00:00,14.901
2025-05-16 14:00:00,10.8384
2025-05-16 15:00:00,16.7061
2025-05-16 16:00:00,19.6963
2025-05-16 17:00:00,28.1083
2025-05-16 18:00:00,36.829
2025-05-16 19:00:00,45.1743
2025-05-16 20:00:00,46.4425
2025-05-16 21:00:00,43.7326
2025-05-16 22:00:00,36.4252
2025-05-16 23:00:00,30.4101
2025-05-17 00:00:00,16.5191
2025-05-17 01:00:00,15.0442
2025-05-17 02:00:00,13.2803
2025-05-17 03:00:00,12.2815
2025-05-17 04:00:00,13.1059
2025-05-17 05:00:00,14.5218
2025-05-17 06:00:00,16.8244
2025-05-17 07:00:00,19.1009
2025-05-17 08:00:00,21.6285
2025-05-17 09:00:00,26.7517
2025-05-17 10:00:00,21.1999
2025-05-17 11:00:00,17.2027
2025-05-17 12:00:00,-0.0601
2025-05-17 13:00:00,-7.659
2025-05-17 14:00:00,-4.6526
2025-05-17 15:00:00,-2.6909
2025-05-17 16:00:00,5.0514
2025-05-17 17:00:00,17.9313
2025-05-17 18:00:00,30.324
2025-05-17 19:00:00,38.3916
2025-05-17 20:00:00,41.0664
2025-05-17 21:00:00,37.6477
2025-05-17 22:00:00,30.2482
2025-05-17 23:00:00,25.3739
2025-05-18 00:00:00,16.9981
2025-05-18 01:00:00,14.662
2025-05-18 02:00:00,13.2002
2025-05-18 03:00:00,12.3053
2025-05-18 04:00:00,13.2348
2025-05-18 05:00:00,14.8642
2025-05-18 06:00:00,10.965
2025-05-18 07:00:00,-3.8255
2025-05-18 08:00:00,-19.4721
2025-05-18 09:00:00,-29.784
2025-05-18 10:00:00,-35.4487
2025-05-18 11:00:00,-38.0053
2025-05-18 12:00:00,-42.2719
2025-05-18 13:00:00,-44.0978
2025-05-18 14:00:00,-37.3368
2025-05-18 15:00:00,-25.2625
2025-05-18 16:00:00,-6.0902
2025-05-18 17:00:00,15.07
2025-05-18 18:00:00,29.6353
2025-05-18 19:00:00,37.0917
2025-05-18 20:00:00,41.5716
2025-05-18 21:00:00,37.4898
2025-05-18 22:00:00,31.1287
2025-05-18 23:00:00,25.3567
2025-05-19 00:00:00,19.9355
2025-05-19 01:00:00,17.7676
2025-05-19 02:00:00,16.0185
2025-05-19 03:00:00,14.6362
2025-05-19 04:00:00,15.3514
2025-05-19 05:00:00,17.1391
2025-05-19 06:00:00,13.7053
2025-05-19 07:00:00,1.3267
2025-05-19 08:00:00,-10.0761
2025-05-19 09:00:00,-18.99
2025-05-19 10:00:00,-26.2412
2025-05-19 11:00:00,-31.5244
2025-05-19 12:00:00,-38.4842
2025-05-19 13:00:00,-39.782
2025-05-19 14:00:00,-34.6223
2025-05-19 15:00:00,-15.6875
2025-05-19 16:00:00,7.2715
2025-05-19 17:00:00,21.816
2025-05-19 18:00:00,36.0021
2025-05-19 19:00:00,44.7058
2025-05-19 20:00:00,48.7061
2025-05-19 21:00:00,44.1041
2025-05-19 22:00:00,36.0177
2025-05-19 23:00:00,29.3024
2025-05-20 00:00:00,20.099
2025-05-20 01:00:00,17.2593
2025-05-20 02:00:00,15.2771
2025-05-20 03:00:00,14.4972
2025-05-20 04:00:00,15.5356
2025-05-20 05:00:00,17.2055
2025-05-20 06:00:00,13.7517
2025-05-20 07:00:00,-0.5226
2025-05-20 08:00:00,-14.0597
2025-05-20 09:00:00,-21.8974
2025-05-20 10:00:00,-26.0408
2025-05-20 11:00:00,-31.7353
2025-05-20 12:00:00,-38.2325
2025-05-20 13:00:00,-35.9866
2025-05-20 14:00:00,-27.677
2025-05-20 15:00:00,-13.9319
2025-05-20 16:00:00,3.2123
2025-05-20 17:00:00,24.0752
2025-05-20 18:00:00,36.5859
2025-05-20 19:00:00,44.8811
2025-05-20 20:00:00,47.4893
2025-05-20 21:00:00,44.5433
2025-05-20 22:00:00,35.806
2025-05-20 23:00:00,29.5036
2025-05-21 00:00:00,20.186
2025-05-21 01:00:00,17.5533
2025-05-21 02:00:00,15.3287
2025-05-21 03:00:00,14.5093
2025-05-21 04:00:00,15.7776
2025-05-21 05:00:00,17.0475
2025-05-21 06:00:00,14.9474
2025-05-21 07:00:00,2.3718
2025-05-21 08:00:00,-11.4198
2025-05-21 09:00:00,-20.5165
2025-05-21 10:00:00,-23.1293
2025-05-21 11:00:00,-27.1667
2025-05-21 12:00:00,-18.2873
2025-05-21 13:00:00,-26.5952
2025-05-21 14:00:00,-25.5532
2025-05-21 15:00:00,-12.6466
2025-05-21 16:00:00,2.2218
2025-05-21 17:00:00,20.3704
2025-05-21 18:00:00,35.9454
2025-05-21 19:00:00,43.9755
2025-05-21 20:00:00,47.7036
2025-05-21 21:00:00,44.4018
2025-05-21 22:00:00,37.357
2025-05-21 23:00:00,29.559
2025-05-22 00:00:00,20.0833
2025-05-22 01:00:00,17.7354
2025-05-22 02:00:00,15.6574
2025-05-22 03:00:00,14.3355
2025-05-22 04:00:00,15.4643
2025-05-22 05:00:00,17.4166
2025-05-22 06:00:00,14.4629
2025-05-22 07:00:00,1.1235
2025-05-22 08:00:00,-14.3502
2025-05-22 09:00:00,-21.3468
2025-05-22 10:00:00,-25.1597
2025-05-22 11:00:00,-31.11
2025-05-22 12:00:00,-37.1452
2025-05-22 13:00:00,-40.0574
2025-05-22 14:00:00,-30.316
2025-05-22 15:00:00,-17.0178
2025-05-22 16:00:00,5.8483
2025-05-22 17:00:00,23.3669
2025-05-22 18:00:00,34.7743
2025-05-22 19:00:00,43.9035
2025-05-22 20:00:00,48.4918
2025-05-22 21:00:00,43.789
2025-05-22 22:00:00,37.0898
2025-05-22 23:00:00,29.2478
2025-05-23 00:00:00,19.9235
2025-05-23 01:00:00,17.7278
2025-05-23 02:00:00,15.7127
2025-05-23 03:00:00,15.1606
2025-05-23 04:00:00,15.5841
2025-05-23 05:00:00,16.6718
2025-05-23 06:00:00,13.46
2025-05-23 07:00:00,4.4467
2025-05-23 08:00:00,-3.08
2025-05-23 09:00:00,-11.0289
2025-05-23 10:00:00,-15.0288
2025-05-23 11:00:00,-15.9586
2025-05-23 12:00:00,-26.55
2025-05-23 13:00:00,-29.7774
2025-05-23 14:00:00,-22.4501
2025-05-23 15:00:00,-10.1628
2025-05-23 16:00:00,4.3727
2025-05-23 17:00:00,20.1427
2025-05-23 18:00:00,34.7221
2025-05-23 19:00:00,43.5586
2025-05-23 20:00:00,47.124
2025-05-23 21:00:00,44.505
2025-05-23 22:00:00,37.2915
2025-05-23 23:00:00,29.9169
2025-05-24 00:00:00,16.7358
2025-05-24 01:00:00,15.168
2025-05-24 02:00:00,13.1789
2025-05-24 03:00:00,12.5288
2025-05-24 04:00:00,13.373
2025-05-24 05:00:00,14.2909
2025-05-24 06:00:00,11.2047
2025-05-24 07:00:00,-2.976
2025-05-24 08:00:00,-16.9225
2025-05-24 09:00:00,-25.7766
2025-05-24 10:00:00,-30.3921
2025-05-24 11:00:00,-35.2835
2025-05-24 12:00:00,-34.3074
2025-05-24 13:00:00,-31.9644
2025-05-24 14:00:00,-28.4925
2025-05-24 15:00:00,-18.2622
2025-05-24 16:00:00,-4.184
2025-05-24 17:00:00,15.4658
2025-05-24 18:00:00,29.4355
2025-05-24 19:00:00,38.8493
2025-05-24 20:00:00,39.7844
2025-05-24 21:00:00,37.2264
2025-05-24 22:00:00,32.0463
2025-05-24 23:00:00,25.2375
2025-05-25 00:00:00,17.0891
2025-05-25 01:00:00,15.061
2025-05-25 02:00:00,13.019
2025-05-25 03:00:00,12.4126
2025-05-25 04:00:00,12.837
2025-05-25 05:00:00,14.1484
2025-05-25 06:00:00,11.1588
2025-05-25 07:00:00,-4.491
2025-05-25 08:00:00,-19.5748
2025-05-25 09:00:00,-29.5165
2025-05-25 10:00:00,-34.4935
2025-05-25 11:00:00,-39.118
2025-05-25 12:00:00,-44.066
2025-05-25 13:00:00,-43.7568
2025-05-25 14:00:00,-33.3228
2025-05-25 15:00:00,-20.7914
2025-05-25 16:00:00,1.5475
2025-05-25 17:00:00,15.1242
2025-05-25 18:00:00,29.2115
2025-05-25 19:00:00,37.6977
2025-05-25 20:00:00,41.3028
2025-05-25 21:00:00,38.2864
2025-05-25 22:00:00,31.0048
2025-05-25 23:00:00,25.4227
2025-05-26 00:00:00,20.1916
2025-05-26 01:00:00,18.0397
2025-05-26 02:00:00,15.878
2025-05-26 03:00:00,14.7712
2025-05-26 04:00:00,15.8885
2025-05-26 05:00:00,16.563
2025-05-26 06:00:00,14.4724
2025-05-26 07:00:00,0.9733
2025-05-26 08:00:00,-10.7227
2025-05-26 09:00:00,-18.402
2025-05-26 10:00:00,-22.5914
2025-05-26 11:00:00,-26.4414
2025-05-26 12:00:00,-22.1791
2025-05-26 13:00:00,-28.2341
2025-05-26 14:00:00,-23.138
2025-05-26 15:00:00,-15.7561
2025-05-26 16:00:00,0.6764
2025-05-26 17:00:00,19.9622
2025-05-26 18:00:00,34.2077
2025-05-26 19:00:00,44.1079
2025-05-26 20:00:00,48.1308
2025-05-26 21:00:00,43.6607
2025-05-26 22:00:00,37.3314
2025-05-26 23:00:00,29.5662
2025-05-27 00:00:00,20.1234
2025-05-27 01:00:00,17.5418
2025-05-27 02:00:00,15.6112
2025-05-27 03:00:00,14.6897
2025-05-27 04:00:00,15.3604
2025-05-27 05:00:00,17.0944
2025-05-27 06:00:00,14.2043
2025-05-27 07:00:00,3.0201
2025-05-27 08:00:00,-11.0716
2025-05-27 09:00:00,-18.2071
2025-05-27 10:00:00,-10.7682
2025-05-27 11:00:00,8.0412
2025-05-27 12:00:00,-0.9896
2025-05-27 13:00:00,-9.8535
2025-05-27 14:00:00,0.4534
2025-05-27 15:00:00,4.2488
2025-05-27 16:00:00,6.9354
2025-05-27 17:00:00,23.879
2025-05-27 18:00:00,34.1568
2025-05-27 19:00:00,45.5605
2025-05-27 20:00:00,48.2839
2025-05-27 21:00:00,44.373
2025-05-27 22:00:00,37.1338
2025-05-27 23:00:00,29.529
2025-05-28 00:00:00,19.3525
2025-05-28 01:00:00,17.5597
2025-05-28 02:00:00,15.5198
2025-05-28 03:00:00,14.7419
2025-05-28 04:00:00,15.3905
2025-05-28 05:00:00,17.4831
2025-05-28 06:00:00,14.6246
2025-05-28 07:00:00,1.0913
2025-05-28 08:00:00,-11.1527
2025-05-28 09:00:00,-18.1559
2025-05-28 10:00:00,-12.5883
2025-05-28 11:00:00,-19.0605
2025-05-28 12:00:00,-14.5164
2025-05-28 13:00:00,-12.4638
2025-05-28 14:00:00,-12.2862
2025-05-28 15:00:00,-7.8815
2025-05-28 16:00:00,6.1584
2025-05-28 17:00:00,20.2783
2025-05-28 18:00:00,34.709
2025-05-28 19:00:00,43.5336
2025-05-28 20:00:00,46.9525
2025-05-28 21:00:00,43.4639
2025-05-28 22:00:00,36.432
2025-05-28 23:00:00,29.7432
2025-05-29 00:00:00,20.4593
2025-05-29 01:00:00,17.7328
2025-05-29 02:00:00,15.6083
2025-05-29 03:00:00,15.1231
2025-05-29 04:00:00,15.2568
2025-05-29 05:00:00,16.6691
2025-05-29 06:00:00,14.4346
2025-05-29 07:00:00,2.2084
2025-05-29 08:00:00,-11.2391
2025-05-29 09:00:00,-20.4984
2025-05-29 10:00:00,-24.6463
2025-05-29 11:00:00,-28.5918
2025-05-29 12:00:00,-32.0806
2025-05-29 13:00:00,-36.8418
2025-05-29 14:00:00,-32.2397
2025-05-29 15:00:00,-18.9347
2025-05-29 16:00:00,-1.3055
2025-05-29 17:00:00,20.5896
2025-05-29 18:00:00,34.5805
2025-05-29 19:00:00,44.4429
2025-05-29 20:00:00,48.0679
2025-05-29 21:00:00,44.2178
2025-05-29 22:00:00,37.0309
2025-05-29 23:00:00,29.2471
2025-05-30 00:00:00,19.5753
2025-05-30 01:00:00,17.974
2025-05-30 02:00:00,15.7538
2025-05-30 03:00:00,14.413
2025-05-30 04:00:00,15.3167
2025-05-30 05:00:00,16.7341
2025-05-30 06:00:00,14.8427
2025-05-30 07:00:00,0.768
2025-05-30 08:00:00,-11.3404
2025-05-30 09:00:00,-17.3754
2025-05-30 10:00:00,-18.9685
2025-05-30 11:00:00,-22.7859
2025-05-30 12:00:00,-22.2229
2025-05-30 13:00:00,-16.245
2025-05-30 14:00:00,-16.1108
2025-05-30 15:00:00,0.3843
2025-05-30 16:00:00,8.4044
2025-05-30 17:00:00,20.5111
2025-05-30 18:00:00,34.6172
2025-05-30 19:00:00,45.5769
2025-05-30 20:00:00,47.5459
2025-05-30 21:00:00,46.2391
2025-05-30 22:00:00,37.0776
2025-05-30 23:00:00,29.392
2025-05-31 00:00:00,16.824
2025-05-31 01:00:00,14.7526
2025-05-31 02:00:00,13.2773
2025-05-31 03:00:00,11.8022
2025-05-31 04:00:00,13.1714
2025-05-31 05:00:00,14.3025
2025-05-31 06:00:00,12.2178
2025-05-31 07:00:00,-0.8211
2025-05-31 08:00:00,-13.1298
2025-05-31 09:00:00,-21.078
2025-05-31 10:00:00,-27.172
2025-05-31 11:00:00,-32.1285
2025-05-31 12:00:00,-40.313
2025-05-31 13:00:00,-39.7921
2025-05-31 14:00:00,-18.1604
2025-05-31 15:00:00,-9.071
2025-05-31 16:00:00,5.4329
2025-05-31 17:00:00,19.107
2025-05-31 18:00:00,29.8213
2025-05-31 19:00:00,38.8908
2025-05-31 20:00:00,40.9339
2025-05-31 21:00:00,38.7721
2025-05-31 22:00:00,31.1583
2025-05-31 23:00:00,25.5576
2025-06-01 00:00:00,18.8385
2025-06-01 01:00:00,16.5793
2025-06-01 02:00:00,14.3289
2025-06-01 03:00:00,13.4627
2025-06-01 04:00:00,14.3567
2025-06-01 05:00:00,15.3559
2025-06-01 06:00:00,12.7887
2025-06-01 07:00:00,0.4179
2025-06-01 08:00:00,-10.1316
2025-06-01 09:00:00,-20.9517
2025-06-01 10:00:00,-24.7717
2025-06-01 11:00:00,-30.9741
2025-06-01 12:00:00,-36.146
2025-06-01 13:00:00,-37.1553
2025-06-01 14:00:00,-33.0014
2025-06-01 15:00:00,-22.9841
2025-06-01 16:00:00,-0.7608
2025-06-01 17:00:00,17.2493
2025-06-01 18:00:00,32.1535
2025-06-01 19:00:00,41.5117
2025-06-01 20:00:00,44.9553
2025-06-01 21:00:00,41.161
2025-06-01 22:00:00,33.5894
2025-06-01 23:00:00,27.1955
2025-06-02 00:00:00,21.7062
2025-06-02 01:00:00,19.0482
2025-06-02 02:00:00,16.4107
2025-06-02 03:00:00,15.7134
2025-06-02 04:00:00,17.0314
2025-06-02 05:00:00,18.608
2025-06-02 06:00:00,15.9919
2025-06-02 07:00:00,2.9203
2025-06-02 08:00:00,-9.8216
2025-06-02 09:00:00,-15.1057
2025-06-02 10:00:00,-17.2107
2025-06-02 11:00:00,-21.9869
2025-06-02 12:00:00,-32.4
2025-06-02 13:00:00,-34.6191
2025-06-02 14:00:00,-30.0811
2025-06-02 15:00:00,-19.6511
2025-06-02 16:00:00,-1.3445
2025-06-02 17:00:00,22.4108
2025-06-02 18:00:00,38.8782
2025-06-02 19:00:00,48.5182
2025-06-02 20:00:00,52.0467
2025-06-02 21:00:00,48.1008
2025-06-02 22:00:00,40.536
2025-06-02 23:00:00,31.8613
2025-06-03 00:00:00,21.2496
2025-06-03 01:00:00,19.0243
2025-06-03 02:00:00,17.0355
2025-06-03 03:00:00,15.8796
2025-06-03 04:00:00,16.9024
2025-06-03 05:00:00,18.4104
2025-06-03 06:00:00,15.958
2025-06-03 07:00:00,2.5321
2025-06-03 08:00:00,-10.2206
2025-06-03 09:00:00,-16.9998
2025-06-03 10:00:00,-18.7238
2025-06-03 11:00:00,-22.8442
2025-06-03 12:00:00,-29.0002
2025-06-03 13:00:00,-31.8927
2025-06-03 14:00:00,-27.7457
2025-06-03 15:00:00,-16.4883
2025-06-03 16:00:00,0.9306
2025-06-03 17:00:00,22.1704
2025-06-03 18:00:00,36.9618
2025-06-03 19:00:00,48.2909
2025-06-03 20:00:00,52.2671
2025-06-03 21:00:00,49.1036
2025-06-03 22:00:00,39.4242
2025-06-03 23:00:00,32.8983
2025-06-04 00:00:00,22.4629
2025-06-04 01:00:00,19.4555
2025-06-04 02:00:00,16.9812
2025-06-04 03:00:00,15.8717
2025-06-04 04:00:00,16.955
2025-06-04 05:00:00,18.6819
2025-06-04 06:00:00,16.699
2025-06-04 07:00:00,2.9807
2025-06-04 08:00:00,-9.931
2025-06-04 09:00:00,-15.1823
2025-06-04 10:00:00,-17.8661
2025-06-04 11:00:00,-24.152
2025-06-04 12:00:00,-30.4084
2025-06-04 13:00:00,-34.7185
2025-06-04 14:00:00,-30.5379
2025-06-04 15:00:00,-17.7171
2025-06-04 16:00:00,0.0391
2025-06-04 17:00:00,22.3667
2025-06-04 18:00:00,38.0162
2025-06-04 19:00:00,47.5519
2025-06-04 20:00:00,51.9955
2025-06-04 21:00:00,48.0865
2025-06-04 22:00:00,40.5654
2025-06-04 23:00:00,32.3541
2025-06-05 00:00:00,21.4309
2025-06-05 01:00:00,19.5692
2025-06-05 02:00:00,16.9066
2025-06-05 03:00:00,16.0852
2025-06-05 04:00:00,17.4234
2025-06-05 05:00:00,18.3791
2025-06-05 06:00:00,14.7903
2025-06-05 07:00:00,7.1623
2025-06-05 08:00:00,3.9202
2025-06-05 09:00:00,1.6936
2025-06-05 10:00:00,6.2408
2025-06-05 11:00:00,-2.8845
2025-06-05 12:00:00,-10.6083
2025-06-05 13:00:00,-14.161
2025-06-05 14:00:00,-19.3872
2025-06-05 15:00:00,-4.5322
2025-06-05 16:00:00,11.179
2025-06-05 17:00:00,27.7219
2025-06-05 18:00:00,39.3511
2025-06-05 19:00:00,48.4869
2025-06-05 20:00:00,52.6018
2025-06-05 21:00:00,48.8722
2025-06-05 22:00:00,39.6908
2025-06-05 23:00:00,32.5665
2025-06-06 00:00:00,21.5981
2025-06-06 01:00:00,19.967
2025-06-06 02:00:00,16.4546
2025-06-06 03:00:00,15.8862
2025-06-06 04:00:00,17.0144
2025-06-06 05:00:00,18.8616
2025-06-06 06:00:00,18.9969
2025-06-06 07:00:00,18.8031
2025-06-06 08:00:00,12.0571
2025-06-06 09:00:00,15.3087
2025-06-06 10:00:00,5.1521
2025-06-06 11:00:00,1.3632
2025-06-06 12:00:00,-2.6602
2025-06-06 13:00:00,4.2009
2025-06-06 14:00:00,10.6177
2025-06-06 15:00:00,6.1105
2025-06-06 16:00:00,12.5398
2025-06-06 17:00:00,24.9435
2025-06-06 18:00:00,38.4978
2025-06-06 19:00:00,49.0412
2025-06-06 20:00:00,51.6101
2025-06-06 21:00:00,48.7513
2025-06-06 22:00:00,41.2082
2025-06-06 23:00:00,32.0814
2025-06-07 00:00:00,18.7967
2025-06-07 01:00:00,16.2576
2025-06-07 02:00:00,14.3896
2025-06-07 03:00:00,13.7536
2025-06-07 04:00:00,13.7806
2025-06-07 05:00:00,15.4549
2025-06-07 06:00:00,12.781
2025-06-07 07:00:00,5.2727
2025-06-07 08:00:00,-4.2628
2025-06-07 09:00:00,-14.141
2025-06-07 10:00:00,-24.587
2025-06-07 11:00:00,-29.0482
2025-06-07 12:00:00,-28.5284
2025-06-07 13:00:00,-32.9888
2025-06-07 14:00:00,-21.2032
2025-06-07 15:00:00,-6.7429
2025-06-07 16:00:00,2.7357
2025-06-07 17:00:00,16.6777
2025-06-07 18:00:00,31.7383
2025-06-07 19:00:00,40.0402
2025-06-07 20:00:00,42.9203
2025-06-07 21:00:00,40.8679
2025-06-07 22:00:00,33.6677
2025-06-07 23:00:00,26.7
2025-06-08 00:00:00,18.7081
2025-06-08 01:00:00,16.6641
2025-06-08 02:00:00,14.3305
2025-06-08 03:00:00,13.7208
2025-06-08 04:00:00,14.6628
2025-06-08 05:00:00,15.9481
2025-06-08 06:00:00,12.678
2025-06-08 07:00:00,-0.8174
2025-06-08 08:00:00,-13.9376
2025-06-08 09:00:00,-22.6285
2025-06-08 10:00:00,-26.903
2025-06-08 11:00:00,-31.1584
2025-06-08 12:00:00,-38.9336
2025-06-08 13:00:00,-40.9736
2025-06-08 14:00:00,-35.9404
2025-06-08 15:00:00,-22.1967
2025-06-08 16:00:00,-4.3759
2025-06-08 17:00:00,16.2188
2025-06-08 18:00:00,31.2409
2025-06-08 19:00:00,41.4229
2025-06-08 20:00:00,43.8734
2025-06-08 21:00:00,41.0349
2025-06-08 22:00:00,34.0253
2025-06-08 23:00:00,27.4124
2025-06-09 00:00:00,21.62
2025-06-09 01:00:00,18.6536
2025-06-09 02:00:00,17.1961
2025-06-09 03:00:00,16.2106
2025-06-09 04:00:00,17.1131
2025-06-09 05:00:00,19.5319
2025-06-09 06:00:00,22.2392
2025-06-09 07:00:00,19.9198
2025-06-09 08:00:00,19.1269
2025-06-09 09:00:00,28.7362
2025-06-09 10:00:00,37.8526
2025-06-09 11:00:00,38.5455
2025-06-09 12:00:00,32.6927
2025-06-09 13:00:00,23.1069
2025-06-09 14:00:00,25.4293
2025-06-09 15:00:00,24.8623
2025-06-09 16:00:00,26.9689
2025-06-09 17:00:00,31.964
2025-06-09 18:00:00,41.0566
2025-06-09 19:00:00,47.9329
2025-06-09 20:00:00,52.3998
2025-06-09 21:00:00,48.2042
2025-06-09 22:00:00,40.0218
2025-06-09 23:00:00,31.873
2025-06-10 00:00:00,21.961
2025-06-10 01:00:00,19.2296
2025-06-10 02:00:00,16.94
2025-06-10 03:00:00,16.3292
2025-06-10 04:00:00,17.2249
2025-06-10 05:00:00,17.9558
2025-06-10 06:00:00,17.04
2025-06-10 07:00:00,4.4008
2025-06-10 08:00:00,-5.6297
2025-06-10 09:00:00,-14.4911
2025-06-10 10:00:00,-13.6294
2025-06-10 11:00:00,-16.2664
2025-06-10 12:00:00,-26.944
2025-06-10 13:00:00,-31.1697
2025-06-10 14:00:00,-25.0503
2025-06-10 15:00:00,-8.0555
2025-06-10 16:00:00,5.1155
2025-06-10 17:00:00,22.0975
2025-06-10 18:00:00,37.1836
2025-06-10 19:00:00,47.8564
2025-06-10 20:00:00,50.6175
2025-06-10 21:00:00,48.2298
2025-06-10 22:00:00,40.6402
2025-06-10 23:00:00,31.9371
2025-06-11 00:00:00,21.6577
2025-06-11 01:00:00,18.9644
2025-06-11 02:00:00,17.0613
2025-06-11 03:00:00,15.5552
2025-06-11 04:00:00,16.4811
2025-06-11 05:00:00,18.3852
2025-06-11 06:00:00,16.2922
2025-06-11 07:00:00,3.7764
2025-06-11 08:00:00,-8.2282
2025-06-11 09:00:00,-13.7977
2025-06-11 10:00:00,-19.5813
2025-06-11 11:00:00,-23.8789
2025-06-11 12:00:00,-30.3068
2025-06-11 13:00:00,-36.1438
2025-06-11 14:00:00,-31.5882
2025-06-11 15:00:00,-19.0386
2025-06-11 16:00:00,-0.5387
2025-06-11 17:00:00,21.397
2025-06-11 18:00:00,37.2742
2025-06-11 19:00:00,48.0537
2025-06-11 20:00:00,52.8382
2025-06-11 21:00:00,49.9399
2025-06-11 22:00:00,39.0283
2025-06-11 23:00:00,31.8646
2025-06-12 00:00:00,21.4643
2025-06-12 01:00:00,19.4782
2025-06-12 02:00:00,16.9457
2025-06-12 03:00:00,16.0165
2025-06-12 04:00:00,16.7343
2025-06-12 05:00:00,18.3265
2025-06-12 06:00:00,16.09
2025-06-12 07:00:00,3.1235
2025-06-12 08:00:00,-9.2051
2025-06-12 09:00:00,-16.6718
2025-06-12 10:00:00,-19.8973
2025-06-12 11:00:00,-25.2614
2025-06-12 12:00:00,-31.5139
2025-06-12 13:00:00,-36.0788
2025-06-12 14:00:00,-31.6113
2025-06-12 15:00:00,-19.8314
2025-06-12 16:00:00,-1.733
2025-06-12 17:00:00,21.5778
2025-06-12 18:00:00,37.3671
2025-06-12 19:00:00,48.1939
2025-06-12 20:00:00,52.8495
2025-06-12 21:00:00,48.3566
2025-06-12 22:00:00,39.5618
2025-06-12 23:00:00,32.0219
2025-06-13 00:00:00,21.7301
2025-06-13 01:00:00,19.3038
2025-06-13 02:00:00,16.3833
2025-06-13 03:00:00,15.7707
2025-06-13 04:00:00,16.9786
2025-06-13 05:00:00,18.4512
2025-06-13 06:00:00,16.057
2025-06-13 07:00:00,2.9675
2025-06-13 08:00:00,-10.6419
2025-06-13 09:00:00,-17.2803
2025-06-13 10:00:00,-21.3125
2025-06-13 11:00:00,-25.9003
2025-06-13 12:00:00,-32.7636
2025-06-13 13:00:00,-36.9437
2025-06-13 14:00:00,-28.3779
2025-06-13 15:00:00,-14.6055
2025-06-13 16:00:00,1.0971
2025-06-13 17:00:00,21.7068
2025-06-13 18:00:00,35.8175
2025-06-13 19:00:00,49.7454
2025-06-13 20:00:00,52.6874
2025-06-13 21:00:00,48.8529
2025-06-13 22:00:00,40.2131
2025-06-13 23:00:00,32.2627
2025-06-14 00:00:00,18.6553
2025-06-14 01:00:00,16.1522
2025-06-14 02:00:00,14.0926
2025-06-14 03:00:00,13.3786
2025-06-14 04:00:00,14.1057
2025-06-14 05:00:00,15.6663
2025-06-14 06:00:00,13.1182
2025-06-14 07:00:00,0.4608
2025-06-14 08:00:00,-12.0976
2025-06-14 09:00:00,-18.9741
2025-06-14 10:00:00,-25.033
2025-06-14 11:00:00,-30.1021
2025-06-14 12:00:00,-35.3269
2025-06-14 13:00:00,-37.8725
2025-06-14 14:00:00,-32.3323
2025-06-14 15:00:00,-20.3414
2025-06-14 16:00:00,-1.6089
2025-06-14 17:00:00,18.6937
2025-06-14 18:00:00,32.7089
2025-06-14 19:00:00,40.7959
2025-06-14 20:00:00,44.3804
2025-06-14 21:00:00,42.7774
2025-06-14 22:00:00,34.4307
2025-06-14 23:00:00,27.8995
2025-06-15 00:00:00,18.3557
2025-06-15 01:00:00,16.3868
2025-06-15 02:00:00,14.281
2025-06-15 03:00:00,13.5933
2025-06-15 04:00:00,14.0962
2025-06-15 05:00:00,15.9364
2025-06-15 06:00:00,13.4874
2025-06-15 07:00:00,-0.4743
2025-06-15 08:00:00,-12.7323
2025-06-15 09:00:00,-20.6328
2025-06-15 10:00:00,-24.5176
2025-06-15 11:00:00,-29.6467
2025-06-15 12:00:00,-35.0025
2025-06-15 13:00:00,-38.7693
2025-06-15 14:00:00,-28.8559
2025-06-15 15:00:00,-11.3335
2025-06-15 16:00:00,0.5184
2025-06-15 17:00:00,17.6588
2025-06-15 18:00:00,31.1381
2025-06-15 19:00:00,41.2992
2025-06-15 20:00:00,44.8627
2025-06-15 21:00:00,40.6852
2025-06-15 22:00:00,33.9712
2025-06-15 23:00:00,27.9131
2025-06-16 00:00:00,21.4556
2025-06-16 01:00:00,19.4103
2025-06-16 02:00:00,16.8977
2025-06-16 03:00:00,16.1424
2025-06-16 04:00:00,16.7931
2025-06-16 05:00:00,18.4806
2025-06-16 06:00:00,16.4684
2025-06-16 07:00:00,3.4429
2025-06-16 08:00:00,-8.1562
2025-06-16 09:00:00,-14.9957
2025-06-16 10:00:00,-18.6801
2025-06-16 11:00:00,-21.9713
2025-06-16 12:00:00,-29.3566
2025-06-16 13:00:00,-30.1756
2025-06-16 14:00:00,-21.8843
2025-06-16 15:00:00,-4.5515
2025-06-16 16:00:00,6.3559
2025-06-16 17:00:00,22.5559
2025-06-16 18:00:00,37.4355
2025-06-16 19:00:00,48.7364
2025-06-16 20:00:00,51.8993
2025-06-16 21:00:00,48.6003
2025-06-16 22:00:00,38.8541
2025-06-16 23:00:00,32.3864
2025-06-17 00:00:00,21.8837
2025-06-17 01:00:00,19.3284
2025-06-17 02:00:00,17.2347
2025-06-17 03:00:00,15.994
2025-06-17 04:00:00,16.742
2025-06-17 05:00:00,18.2242
2025-06-17 06:00:00,15.8277
2025-06-17 07:00:00,4.8802
2025-06-17 08:00:00,-5.0354
2025-06-17 09:00:00,-10.3683
2025-06-17 10:00:00,-8.2906
2025-06-17 11:00:00,-13.9681
2025-06-17 12:00:00,-23.8502
2025-06-17 13:00:00,-21.7535
2025-06-17 14:00:00,-13.0692
2025-06-17 15:00:00,-6.7784
2025-06-17 16:00:00,6.3393
2025-06-17 17:00:00,22.7906
2025-06-17 18:00:00,38.7614
2025-06-17 19:00:00,50.039
2025-06-17 20:00:00,52.8382
2025-06-17 21:00:00,49.6525
2025-06-17 22:00:00,40.0986
2025-06-17 23:00:00,32.5421
2025-06-18 00:00:00,21.5391
2025-06-18 01:00:00,19.05
2025-06-18 02:00:00,17.1495
2025-06-18 03:00:00,15.94
2025-06-18 04:00:00,16.9609
2025-06-18 05:00:00,18.217
2025-06-18 06:00:00,15.6772
2025-06-18 07:00:00,9.8907
2025-06-18 08:00:00,2.4626
2025-06-18 09:00:00,-3.3889
2025-06-18 10:00:00,-4.3047
2025-06-18 11:00:00,-15.6396
2025-06-18 12:00:00,-21.6558
2025-06-18 13:00:00,-30.3114
2025-06-18 14:00:00,-29.3092
2025-06-18 15:00:00,-15.9734
2025-06-18 16:00:00,6.8355
2025-06-18 17:00:00,23.5261
2025-06-18 18:00:00,37.5456
2025-06-18 19:00:00,48.086
2025-06-18 20:00:00,51.3732
2025-06-18 21:00:00,47.8992
2025-06-18 22:00:00,40.2532
2025-06-18 23:00:00,32.3996
2025-06-19 00:00:00,21.4836
2025-06-19 01:00:00,19.2335
2025-06-19 02:00:00,16.836
2025-06-19 03:00:00,15.9478
2025-06-19 04:00:00,16.8177
2025-06-19 05:00:00,18.7984
2025-06-19 06:00:00,16.9828
2025-06-19 07:00:00,6.2541
2025-06-19 08:00:00,-6.6769
2025-06-19 09:00:00,-12.9425
2025-06-19 10:00:00,-15.4937
2025-06-19 11:00:00,-16.2873
2025-06-19 12:00:00,-20.6066
2025-06-19 13:00:00,-30.3286
2025-06-19 14:00:00,-26.2261
2025-06-19 15:00:00,-15.2711
2025-06-19 16:00:00,0.9163
2025-06-19 17:00:00,21.8991
2025-06-19 18:00:00,38.6829
2025-06-19 19:00:00,48.3674
2025-06-19 20:00:00,52.4009
2025-06-19 21:00:00,47.751
2025-06-19 22:00:00,38.9714
2025-06-19 23:00:00,31.558
2025-06-20 00:00:00,21.8437
2025-06-20 01:00:00,19.2281
2025-06-20 02:00:00,16.7347
2025-06-20 03:00:00,15.8135
2025-06-20 04:00:00,16.7675
2025-06-20 05:00:00,18.5348
2025-06-20 06:00:00,15.8107
2025-06-20 07:00:00,6.6644
2025-06-20 08:00:00,-4.3101
2025-06-20 09:00:00,-10.9228
2025-06-20 10:00:00,-11.196
2025-06-20 11:00:00,-19.7307
2025-06-20 12:00:00,-29.8423
2025-06-20 13:00:00,-32.2722
2025-06-20 14:00:00,-29.8263
2025-06-20 15:00:00,-16.6535
2025-06-20 16:00:00,2.243
2025-06-20 17:00:00,23.3334
2025-06-20 18:00:00,38.2176
2025-06-20 19:00:00,49.6353
2025-06-20 20:00:00,51.8424
2025-06-20 21:00:00,49.9202
2025-06-20 22:00:00,40.1448
2025-06-20 23:00:00,32.2997
2025-06-21 00:00:00,18.6177
2025-06-21 01:00:00,16.6058
2025-06-21 02:00:00,14.394
2025-06-21 03:00:00,13.5092
2025-06-21 04:00:00,14.365
2025-06-21 05:00:00,15.5085
2025-06-21 06:00:00,12.7469
2025-06-21 07:00:00,2.4054
2025-06-21 08:00:00,-7.6876
2025-06-21 09:00:00,-14.2465
2025-06-21 10:00:00,-18.4523
2025-06-21 11:00:00,-22.9089
2025-06-21 12:00:00,-29.6126
2025-06-21 13:00:00,-29.6103
2025-06-21 14:00:00,-19.6871
2025-06-21 15:00:00,-10.3026
2025-06-21 16:00:00,3.1835
2025-06-21 17:00:00,18.2194
2025-06-21 18:00:00,31.2469
2025-06-21 19:00:00,41.0382
2025-06-21 20:00:00,45.6585
2025-06-21 21:00:00,40.5799
2025-06-21 22:00:00,34.3944
2025-06-21 23:00:00,27.3525
2025-06-22 00:00:00,19.5673
2025-06-22 01:00:00,16.6433
2025-06-22 02:00:00,14.1659
2025-06-22 03:00:00,13.5725
2025-06-22 04:00:00,14.7386
2025-06-22 05:00:00,15.797
2025-06-22 06:00:00,14.0464
2025-06-22 07:00:00,1.0722
2025-06-22 08:00:00,-10.3886
2025-06-22 09:00:00,-18.087
2025-06-22 10:00:00,-20.4869
2025-06-22 11:00:00,-26.2946
2025-06-22 12:00:00,-33.6402
2025-06-22 13:00:00,-36.1905
2025-06-22 14:00:00,-32.8814
2025-06-22 15:00:00,-21.499
2025-06-22 16:00:00,-4.7313
2025-06-22 17:00:00,16.2938
2025-06-22 18:00:00,31.1136
2025-06-22 19:00:00,41.3868
2025-06-22 20:00:00,43.7634
2025-06-22 21:00:00,41.5148
2025-06-22 22:00:00,34.4167
2025-06-22 23:00:00,27.224
2025-06-23 00:00:00,21.2034
2025-06-23 01:00:00,18.8937
2025-06-23 02:00:00,16.6665
2025-06-23 03:00:00,15.8899
2025-06-23 04:00:00,16.9317
2025-06-23 05:00:00,18.919
2025-06-23 06:00:00,17.2555
2025-06-23 07:00:00,4.9582
2025-06-23 08:00:00,-7.3646
2025-06-23 09:00:00,-13.1416
2025-06-23 10:00:00,-15.9726
2025-06-23 11:00:00,-21.4398
2025-06-23 12:00:00,-28.0404
2025-06-23 13:00:00,-32.4441
2025-06-23 14:00:00,-29.137
2025-06-23 15:00:00,-18.233
2025-06-23 16:00:00,-0.0775
2025-06-23 17:00:00,21.6483
2025-06-23 18:00:00,37.1255
2025-06-23 19:00:00,48.0988
2025-06-23 20:00:00,51.7206
2025-06-23 21:00:00,48.2695
2025-06-23 22:00:00,39.3063
2025-06-23 23:00:00,32.0971
2025-06-24 00:00:00,21.867
2025-06-24 01:00:00,18.9391
2025-06-24 02:00:00,16.7577
2025-06-24 03:00:00,16.1991
2025-06-24 04:00:00,17.2043
2025-06-24 05:00:00,18.515
2025-06-24 06:00:00,17.0328
2025-06-24 07:00:00,4.5041
2025-06-24 08:00:00,-7.7557
2025-06-24 09:00:00,-15.1684
2025-06-24 10:00:00,-17.3589
2025-06-24 11:00:00,-21.616
2025-06-24 12:00:00,-30.9422
2025-06-24 13:00:00,-35.5088
2025-06-24 14:00:00,-30.3609
2025-06-24 15:00:00,-19.2201
2025-06-24 16:00:00,-0.7752
2025-06-24 17:00:00,21.2601
2025-06-24 18:00:00,37.4611
2025-06-24 19:00:00,48.0381
2025-06-24 20:00:00,51.1843
2025-06-24 21:00:00,48.6138
2025-06-24 22:00:00,40.2877
2025-06-24 23:00:00,32.8341
2025-06-25 00:00:00,21.6185
2025-06-25 01:00:00,19.0654
2025-06-25 02:00:00,16.902
2025-06-25 03:00:00,15.9247
2025-06-25 04:00:00,16.9476
2025-06-25 05:00:00,18.35
2025-06-25 06:00:00,16.0368
2025-06-25 07:00:00,9.8823
2025-06-25 08:00:00,-1.7714
2025-06-25 09:00:00,-2.5
2025-06-25 10:00:00,-12.4748
2025-06-25 11:00:00,-17.01
2025-06-25 12:00:00,-18.8039
2025-06-25 13:00:00,-18.0891
2025-06-25 14:00:00,-8.4595
2025-06-25 15:00:00,-0.1189
2025-06-25 16:00:00,17.5149
2025-06-25 17:00:00,27.3927
2025-06-25 18:00:00,37.701
2025-06-25 19:00:00,48.2279
2025-06-25 20:00:00,52.8608
2025-06-25 21:00:00,47.7704
2025-06-25 22:00:00,40.97
2025-06-25 23:00:00,32.4736
2025-06-26 00:00:00,21.7873
2025-06-26 01:00:00,18.8866
2025-06-26 02:00:00,16.6708
2025-06-26 03:00:00,15.448
2025-06-26 04:00:00,16.6547
2025-06-26 05:00:00,19.9405
2025-06-26 06:00:00,22.1371
2025-06-26 07:00:00,25.1138
2025-06-26 08:00:00,24.1623
2025-06-26 09:00:00,18.8832
2025-06-26 10:00:00,17.5147
2025-06-26 11:00:00,25.3114
2025-06-26 12:00:00,7.6478
2025-06-26 13:00:00,-3.1882
2025-06-26 14:00:00,12.1305
2025-06-26 15:00:00,10.4224
2025-06-26 16:00:00,13.6296
2025-06-26 17:00:00,22.2881
2025-06-26 18:00:00,36.6968
2025-06-26 19:00:00,48.9471
2025-06-26 20:00:00,52.9453
2025-06-26 21:00:00,47.8293
2025-06-26 22:00:00,39.4443
2025-06-26 23:00:00,33.4564
2025-06-27 00:00:00,22.0415
2025-06-27 01:00:00,19.4161
2025-06-27 02:00:00,17.285
2025-06-27 03:00:00,15.9568
2025-06-27 04:00:00,16.6884
2025-06-27 05:00:00,18.0684
2025-06-27 06:00:00,15.7863
2025-06-27 07:00:00,10.3815
2025-06-27 08:00:00,6.5372
2025-06-27 09:00:00,3.3559
2025-06-27 10:00:00,-5.0127
2025-06-27 11:00:00,-6.8788
2025-06-27 12:00:00,-17.072
2025-06-27 13:00:00,-15.471
2025-06-27 14:00:00,5.3908
2025-06-27 15:00:00,5.8341
2025-06-27 16:00:00,12.2995
2025-06-27 17:00:00,24.1817
2025-06-27 18:00:00,37.4912
2025-06-27 19:00:00,48.8592
2025-06-27 20:00:00,52.4527
2025-06-27 21:00:00,49.4894
2025-06-27 22:00:00,40.6187
2025-06-27 23:00:00,31.5969
2025-06-28 00:00:00,18.4242
2025-06-28 01:00:00,16.5478
2025-06-28 02:00:00,14.3099
2025-06-28 03:00:00,13.5719
2025-06-28 04:00:00,14.1204
2025-06-28 05:00:00,15.4041
2025-06-28 06:00:00,14.4059
2025-06-28 07:00:00,2.2325
2025-06-28 08:00:00,-11.1136
2025-06-28 09:00:00,-18.9899
2025-06-28 10:00:00,-21.2306
2025-06-28 11:00:00,-27.1096
2025-06-28 12:00:00,-32.0597
2025-06-28 13:00:00,-33.9014
2025-06-28 14:00:00,-23.9641
2025-06-28 15:00:00,-16.7625
2025-06-28 16:00:00,-2.6345
2025-06-28 17:00:00,17.3781
2025-06-28 18:00:00,31.9873
2025-06-28 19:00:00,40.307
2025-06-28 20:00:00,43.7025
2025-06-28 21:00:00,40.9655
2025-06-28 22:00:00,34.135
2025-06-28 23:00:00,27.5382
2025-06-29 00:00:00,17.9663
2025-06-29 01:00:00,16.8289
2025-06-29 02:00:00,14.151
2025-06-29 03:00:00,13.5769
2025-06-29 04:00:00,14.6929
2025-06-29 05:00:00,16.1325
2025-06-29 06:00:00,13.8688
2025-06-29 07:00:00,2.3336
2025-06-29 08:00:00,-10.4156
2025-06-29 09:00:00,-17.1219
2025-06-29 10:00:00,-22.3241
2025-06-29 11:00:00,-27.2871
2025-06-29 12:00:00,-32.8814
2025-06-29 13:00:00,-31.9516
2025-06-29 14:00:00,-22.2954
2025-06-29 15:00:00,-18.4801
2025-06-29 16:00:00,-2.3428
2025-06-29 17:00:00,17.534
2025-06-29 18:00:00,32.0388
2025-06-29 19:00:00,41.3027
2025-06-29 20:00:00,45.7169
2025-06-29 21:00:00,41.6727
2025-06-29 22:00:00,33.945
2025-06-29 23:00:00,27.4098
2025-06-30 00:00:00,21.4267
2025-06-30 01:00:00,19.2372
2025-06-30 02:00:00,16.7941
2025-06-30 03:00:00,16.5668
2025-06-30 04:00:00,16.4879
2025-06-30 05:00:00,18.9279
2025-06-30 06:00:00,16.5636
2025-06-30 07:00:00,8.2896
2025-06-30 08:00:00,2.0738
2025-06-30 09:00:00,0.2224
2025-06-30 10:00:00,7.865
2025-06-30 11:00:00,8.2848
2025-06-30 12:00:00,-2.2279
2025-06-30 13:00:00,-20.66
2025-06-30 14:00:00,-19.7646
2025-06-30 15:00:00,-5.6328
2025-06-30 16:00:00,6.54
2025-06-30 17:00:00,24.1706
2025-06-30 18:00:00,38.7219
2025-06-30 19:00:00,48.9858
2025-06-30 20:00:00,50.7985
2025-06-30 21:00:00,48.6656
2025-06-30 22:00:00,40.1762
2025-06-30 23:00:00,32.7322
2025-07-01 00:00:00,23.5499
2025-07-01 01:00:00,21.4535
2025-07-01 02:00:00,18.6467
2025-07-01 03:00:00,17.2023
2025-07-01 04:00:00,18.455
2025-07-01 05:00:00,21.0098
2025-07-01 06:00:00,21.6295
2025-07-01 07:00:00,19.6712
2025-07-01 08:00:00,17.6841
2025-07-01 09:00:00,11.294
2025-07-01 10:00:00,7.5325
2025-07-01 11:00:00,-3.3281
2025-07-01 12:00:00,-10.9773
2025-07-01 13:00:00,-21.5783
2025-07-01 14:00:00,-22.0326
2025-07-01 15:00:00,-11.0738
2025-07-01 16:00:00,7.5514
2025-07-01 17:00:00,26.0407
2025-07-01 18:00:00,42.2661
2025-07-01 19:00:00,53.5562
2025-07-01 20:00:00,56.9825
2025-07-01 21:00:00,53.6394
2025-07-01 22:00:00,44.3376
2025-07-01 23:00:00,35.9618
2025-07-02 00:00:00,24.014
2025-07-02 01:00:00,21.0215
2025-07-02 02:00:00,18.4078
2025-07-02 03:00:00,17.1548
2025-07-02 04:00:00,18.5149
2025-07-02 05:00:00,20.4401
2025-07-02 06:00:00,19.0916
2025-07-02 07:00:00,10.5498
2025-07-02 08:00:00,-0.1583
2025-07-02 09:00:00,-6.8142
2025-07-02 10:00:00,-8.9099
2025-07-02 11:00:00,-11.6316
2025-07-02 12:00:00,-14.2416
2025-07-02 13:00:00,-22.8524
2025-07-02 14:00:00,-14.7575
2025-07-02 15:00:00,-9.2236
2025-07-02 16:00:00,8.3547
2025-07-02 17:00:00,26.2482
2025-07-02 18:00:00,42.4033
2025-07-02 19:00:00,53.409
2025-07-02 20:00:00,56.8045
2025-07-02 21:00:00,53.8798
2025-07-02 22:00:00,43.6538
2025-07-02 23:00:00,35.2502
2025-07-03 00:00:00,24.0468
2025-07-03 01:00:00,21.2114
2025-07-03 02:00:00,18.6838
2025-07-03 03:00:00,17.4061
2025-07-03 04:00:00,18.9958
2025-07-03 05:00:00,20.7091
2025-07-03 06:00:00,19.4193
2025-07-03 07:00:00,18.2539
2025-07-03 08:00:00,17.6665
2025-07-03 09:00:00,17.9945
2025-07-03 10:00:00,17.5706
2025-07-03 11:00:00,24.3241
2025-07-03 12:00:00,9.0508
2025-07-03 13:00:00,10.1717
2025-07-03 14:00:00,-0.2176
2025-07-03 15:00:00,14.3005
2025-07-03 16:00:00,20.835
2025-07-03 17:00:00,29.1976
2025-07-03 18:00:00,42.7559
2025-07-03 19:00:00,53.6956
2025-07-03 20:00:00,57.1261
2025-07-03 21:00:00,52.9263
2025-07-03 22:00:00,44.6094
2025-07-03 23:00:00,35.5645
2025-07-04 00:00:00,24.5978
2025-07-04 01:00:00,21.1838
2025-07-04 02:00:00,18.4268
2025-07-04 03:00:00,17.778
2025-07-04 04:00:00,18.0199
2025-07-04 05:00:00,21.2001
2025-07-04 06:00:00,21.0009
2025-07-04 07:00:00,22.9503
2025-07-04 08:00:00,15.8075
2025-07-04 09:00:00,20.7058
2025-07-04 10:00:00,21.6119
2025-07-04 11:00:00,25.6665
2025-07-04 12:00:00,25.586
2025-07-04 13:00:00,8.442
2025-07-04 14:00:00,5.8776
2025-07-04 15:00:00,17.5729
2025-07-04 16:00:00,19.8397
2025-07-04 17:00:00,31.8253
2025-07-04 18:00:00,42.6764
2025-07-04 19:00:00,54.3301
2025-07-04 20:00:00,58.1025
2025-07-04 21:00:00,53.4434
2025-07-04 22:00:00,43.1901
2025-07-04 23:00:00,34.9288
2025-07-05 00:00:00,20.4308
2025-07-05 01:00:00,17.6943
2025-07-05 02:00:00,16.0003
2025-07-05 03:00:00,14.6687
2025-07-05 04:00:00,16.2711
2025-07-05 05:00:00,18.1806
2025-07-05 06:00:00,17.4125
2025-07-05 07:00:00,18.954
2025-07-05 08:00:00,17.8357
2025-07-05 09:00:00,15.926
2025-07-05 10:00:00,20.4671
2025-07-05 11:00:00,22.6603
2025-07-05 12:00:00,19.7839
2025-07-05 13:00:00,20.1749
2025-07-05 14:00:00,1.6713
2025-07-05 15:00:00,15.3584
2025-07-05 16:00:00,24.3964
2025-07-05 17:00:00,25.2322
2025-07-05 18:00:00,35.2269
2025-07-05 19:00:00,44.4608
2025-07-05 20:00:00,48.5432
2025-07-05 21:00:00,45.4186
2025-07-05 22:00:00,36.5031
2025-07-05 23:00:00,30.3545
2025-07-06 00:00:00,20.3374
2025-07-06 01:00:00,18.1459
2025-07-06 02:00:00,15.7727
2025-07-06 03:00:00,15.08
2025-07-06 04:00:00,15.8702
2025-07-06 05:00:00,17.0848
2025-07-06 06:00:00,15.7138
2025-07-06 07:00:00,3.5482
2025-07-06 08:00:00,-10.9979
2025-07-06 09:00:00,-15.9379
2025-07-06 10:00:00,-19.2516
2025-07-06 11:00:00,15.089
2025-07-06 12:00:00,19.6065
2025-07-06 13:00:00,23.9331
2025-07-06 14:00:00,17.7925
2025-07-06 15:00:00,16.5241
2025-07-06 16:00:00,21.0962
2025-07-06 17:00:00,27.9111
2025-07-06 18:00:00,37.5772
2025-07-06 19:00:00,44.6181
2025-07-06 20:00:00,48.5498
2025-07-06 21:00:00,45.0534
2025-07-06 22:00:00,37.4632
2025-07-06 23:00:00,30.711
2025-07-07 00:00:00,23.6571
2025-07-07 01:00:00,21.4186
2025-07-07 02:00:00,18.3797
2025-07-07 03:00:00,17.848
2025-07-07 04:00:00,18.751
2025-07-07 05:00:00,20.8713
2025-07-07 06:00:00,22.2616
2025-07-07 07:00:00,18.3929
2025-07-07 08:00:00,14.9563
2025-07-07 09:00:00,8.1646
2025-07-07 10:00:00,-0.0271
2025-07-07 11:00:00,-6.7268
2025-07-07 12:00:00,-14.6656
2025-07-07 13:00:00,-28.7451
2025-07-07 14:00:00,5.3094
2025-07-07 15:00:00,14.2429
2025-07-07 16:00:00,22.572
2025-07-07 17:00:00,30.4784
2025-07-07 18:00:00,42.6919
2025-07-07 19:00:00,53.3712
2025-07-07 20:00:00,58.1118
2025-07-07 21:00:00,53.5325
2025-07-07 22:00:00,43.6246
2025-07-07 23:00:00,34.746
2025-07-08 00:00:00,24.4641
2025-07-08 01:00:00,21.27
2025-07-08 02:00:00,18.5445
2025-07-08 03:00:00,17.8238
2025-07-08 04:00:00,18.6824
2025-07-08 05:00:00,21.3459
2025-07-08 06:00:00,24.0461
2025-07-08 07:00:00,27.6968
2025-07-08 08:00:00,32.3598
2025-07-08 09:00:00,40.6845
2025-07-08 10:00:00,51.2734
2025-07-08 11:00:00,48.6671
2025-07-08 12:00:00,39.9798
2025-07-08 13:00:00,30.0061
2025-07-08 14:00:00,26.319
2025-07-08 15:00:00,26.3843
2025-07-08 16:00:00,26.4049
2025-07-08 17:00:00,33.0649
2025-07-08 18:00:00,42.3973
2025-07-08 19:00:00,54.0124
2025-07-08 20:00:00,55.8768
2025-07-08 21:00:00,52.5775
2025-07-08 22:00:00,44.1816
2025-07-08 23:00:00,36.0346
2025-07-09 00:00:00,23.7889
2025-07-09 01:00:00,21.3029
2025-07-09 02:00:00,18.6308
2025-07-09 03:00:00,17.7796
2025-07-09 04:00:00,18.7922
2025-07-09 05:00:00,21.1458
2025-07-09 06:00:00,19.1243
2025-07-09 07:00:00,14.7335
2025-07-09 08:00:00,12.2156
2025-07-09 09:00:00,9.5272
2025-07-09 10:00:00,19.4761
2025-07-09 11:00:00,15.1056
2025-07-09 12:00:00,18.7855
2025-07-09 13:00:00,8.3699
2025-07-09 14:00:00,-9.971
2025-07-09 15:00:00,-5.3635
2025-07-09 16:00:00,9.5233
2025-07-09 17:00:00,24.4172
2025-07-09 18:00:00,41.7769
2025-07-09 19:00:00,52.1889
2025-07-09 20:00:00,58.1983
2025-07-09 21:00:00,54.7323
2025-07-09 22:00:00,41.9244
2025-07-09 23:00:00,35.1534
2025-07-10 00:00:00,23.7845
2025-07-10 01:00:00,21.0705
2025-07-10 02:00:00,18.1994
2025-07-10 03:00:00,17.1581
2025-07-10 04:00:00,18.4441
2025-07-10 05:00:00,20.8392
2025-07-10 06:00:00,23.7434
2025-07-10 07:00:00,27.4611
2025-07-10 08:00:00,34.6607
2025-07-10 09:00:00,42.5098
2025-07-10 10:00:00,46.2932
2025-07-10 11:00:00,49.4669
2025-07-10 12:00:00,42.0919
2025-07-10 13:00:00,33.0995
2025-07-10 14:00:00,26.5572
2025-07-10 15:00:00,22.3128
2025-07-10 16:00:00,26.4836
2025-07-10 17:00:00,34.4404
2025-07-10 18:00:00,43.44
2025-07-10 19:00:00,53.3931
2025-07-10 20:00:00,56.2947
2025-07-10 21:00:00,52.4719
2025-07-10 22:00:00,43.2194
2025-07-10 23:00:00,34.6091
2025-07-11 00:00:00,24.0514
2025-07-11 01:00:00,21.2878
2025-07-11 02:00:00,18.1176
2025-07-11 03:00:00,17.7491
2025-07-11 04:00:00,18.6281
2025-07-11 05:00:00,20.4606
2025-07-11 06:00:00,18.3744
2025-07-11 07:00:00,9.7408
2025-07-11 08:00:00,-1.5128
2025-07-11 09:00:00,-5.8187
2025-07-11 10:00:00,-7.2752
2025-07-11 11:00:00,-7.0355
2025-07-11 12:00:00,-16.1319
2025-07-11 13:00:00,-20.8397
2025-07-11 14:00:00,-12.6141
2025-07-11 15:00:00,-3.734
2025-07-11 16:00:00,9.1563
2025-07-11 17:00:00,23.7128
2025-07-11 18:00:00,41.3773
2025-07-11 19:00:00,52.9424
2025-07-11 20:00:00,56.5134
2025-07-11 21:00:00,52.6971
2025-07-11 22:00:00,43.1897
2025-07-11 23:00:00,35.3957
2025-07-12 00:00:00,20.7451
2025-07-12 01:00:00,18.1333
2025-07-12 02:00:00,15.6241
2025-07-12 03:00:00,14.8794
2025-07-12 04:00:00,15.7876
2025-07-12 05:00:00,17.6115
2025-07-12 06:00:00,14.5126
2025-07-12 07:00:00,8.7671
2025-07-12 08:00:00,1.6436
2025-07-12 09:00:00,-3.855
2025-07-12 10:00:00,-7.9673
2025-07-12 11:00:00,-6.7168
2025-07-12 12:00:00,-17.8227
2025-07-12 13:00:00,-23.4769
2025-07-12 14:00:00,-29.2756
2025-07-12 15:00:00,-15.4259
2025-07-12 16:00:00,3.5181
2025-07-12 17:00:00,19.9013
2025-07-12 18:00:00,34.2348
2025-07-12 19:00:00,45.6059
2025-07-12 20:00:00,48.031
2025-07-12 21:00:00,45.2858
2025-07-12 22:00:00,36.3382
2025-07-12 23:00:00,30.2294
2025-07-13 00:00:00,20.4264
2025-07-13 01:00:00,18.1858
2025-07-13 02:00:00,15.8246
2025-07-13 03:00:00,14.9265
2025-07-13 04:00:00,15.5299
2025-07-13 05:00:00,17.454
2025-07-13 06:00:00,15.913
2025-07-13 07:00:00,5.6272
2025-07-13 08:00:00,-6.9218
2025-07-13 09:00:00,-14.9581
2025-07-13 10:00:00,-19.0338
2025-07-13 11:00:00,-26.1312
2025-07-13 12:00:00,-32.731
2025-07-13 13:00:00,-36.3519
2025-07-13 14:00:00,-32.7479
2025-07-13 15:00:00,-20.5426
2025-07-13 16:00:00,-3.4136
2025-07-13 17:00:00,17.8759
2025-07-13 18:00:00,35.1906
2025-07-13 19:00:00,44.6153
2025-07-13 20:00:00,48.4256
2025-07-13 21:00:00,45.0053
2025-07-13 22:00:00,38.3714
2025-07-13 23:00:00,30.3396
2025-07-14 00:00:00,24.077
2025-07-14 01:00:00,20.9704
2025-07-14 02:00:00,18.7807
2025-07-14 03:00:00,17.4333
2025-07-14 04:00:00,18.6081
2025-07-14 05:00:00,21.4257
2025-07-14 06:00:00,19.8277
2025-07-14 07:00:00,8.6253
2025-07-14 08:00:00,-2.4653
2025-07-14 09:00:00,-8.0187
2025-07-14 10:00:00,-11.2631
2025-07-14 11:00:00,-16.3478
2025-07-14 12:00:00,-19.5898
2025-07-14 13:00:00,-28.8019
2025-07-14 14:00:00,-26.2467
2025-07-14 15:00:00,-12.5627
2025-07-14 16:00:00,3.5907
2025-07-14 17:00:00,24.3779
2025-07-14 18:00:00,43.1917
2025-07-14 19:00:00,53.7102
2025-07-14 20:00:00,56.5355
2025-07-14 21:00:00,53.6789
2025-07-14 22:00:00,43.6687
2025-07-14 23:00:00,35.135
2025-07-15 00:00:00,24.4443
2025-07-15 01:00:00,21.3034
2025-07-15 02:00:00,18.7061
2025-07-15 03:00:00,17.7904
2025-07-15 04:00:00,18.8593
2025-07-15 05:00:00,20.7253
2025-07-15 06:00:00,19.9941
2025-07-15 07:00:00,11.7019
2025-07-15 08:00:00,4.4881
2025-07-15 09:00:00,0.5382
2025-07-15 10:00:00,-3.7551
2025-07-15 11:00:00,-9.7224
2025-07-15 12:00:00,-18.7899
2025-07-15 13:00:00,-18.5575
2025-07-15 14:00:00,-12.6275
2025-07-15 15:00:00,-6.6934
2025-07-15 16:00:00,7.8639
2025-07-15 17:00:00,27.8716
2025-07-15 18:00:00,43.0692
2025-07-15 19:00:00,52.5106
2025-07-15 20:00:00,57.9041
2025-07-15 21:00:00,52.375
2025-07-15 22:00:00,43.9202
2025-07-15 23:00:00,35.8147
2025-07-16 00:00:00,23.522
2025-07-16 01:00:00,21.0581
2025-07-16 02:00:00,18.9939
2025-07-16 03:00:00,17.2058
2025-07-16 04:00:00,18.6239
2025-07-16 05:00:00,20.9335
2025-07-16 06:00:00,20.9099
2025-07-16 07:00:00,12.4742
2025-07-16 08:00:00,7.736
2025-07-16 09:00:00,5.0547
2025-07-16 10:00:00,6.8453
2025-07-16 11:00:00,7.5917
2025-07-16 12:00:00,-7.0856
2025-07-16 13:00:00,-10.2754
2025-07-16 14:00:00,15.7439
2025-07-16 15:00:00,11.722
2025-07-16 16:00:00,23.2323
2025-07-16 17:00:00,26.7488
2025-07-16 18:00:00,42.973
2025-07-16 19:00:00,52.254
2025-07-16 20:00:00,55.5039
2025-07-16 21:00:00,53.8839
2025-07-16 22:00:00,43.7973
2025-07-16 23:00:00,35.9787
2025-07-17 00:00:00,24.2189
2025-07-17 01:00:00,21.3449
2025-07-17 02:00:00,18.0807
2025-07-17 03:00:00,17.5458
2025-07-17 04:00:00,18.2387
2025-07-17 05:00:00,20.7148
2025-07-17 06:00:00,20.8047
2025-07-17 07:00:00,18.5845
2025-07-17 08:00:00,17.7568
2025-07-17 09:00:00,21.7637
2025-07-17 10:00:00,18.9928
2025-07-17 11:00:00,10.8809
2025-07-17 12:00:00,5.2477
2025-07-17 13:00:00,3.8541
2025-07-17 14:00:00,-5.0938
2025-07-17 15:00:00,-7.5852
2025-07-17 16:00:00,5.3724
2025-07-17 17:00:00,27.0596
2025-07-17 18:00:00,42.2345
2025-07-17 19:00:00,53.6267
2025-07-17 20:00:00,57.6666
2025-07-17 21:00:00,52.8914
2025-07-17 22:00:00,43.862
2025-07-17 23:00:00,36.1298
2025-07-18 00:00:00,23.6644
2025-07-18 01:00:00,20.6777
2025-07-18 02:00:00,18.3149
2025-07-18 03:00:00,17.5955
2025-07-18 04:00:00,19.0943
2025-07-18 05:00:00,21.0149
2025-07-18 06:00:00,21.2012
2025-07-18 07:00:00,11.6191
2025-07-18 08:00:00,4.8934
2025-07-18 09:00:00,3.4443
2025-07-18 10:00:00,-4.7442
2025-07-18 11:00:00,-5.29
2025-07-18 12:00:00,-12.0155
2025-07-18 13:00:00,-12.1008
2025-07-18 14:00:00,-2.3663
2025-07-18 15:00:00,-0.2116
2025-07-18 16:00:00,6.3653
2025-07-18 17:00:00,23.7108
2025-07-18 18:00:00,41.9893
2025-07-18 19:00:00,52.371
2025-07-18 20:00:00,58.3279
2025-07-18 21:00:00,53.0865
2025-07-18 22:00:00,44.7287
2025-07-18 23:00:00,35.565
2025-07-19 00:00:00,20.306
2025-07-19 01:00:00,17.5386
2025-07-19 02:00:00,15.9075
2025-07-19 03:00:00,14.9076
2025-07-19 04:00:00,15.7368
2025-07-19 05:00:00,18.4247
2025-07-19 06:00:00,16.4043
2025-07-19 07:00:00,9.3172
2025-07-19 08:00:00,5.4573
2025-07-19 09:00:00,-1.1118
2025-07-19 10:00:00,3.9526
2025-07-19 11:00:00,-8.7291
2025-07-19 12:00:00,-24.1231
2025-07-19 13:00:00,-18.5476
2025-07-19 14:00:00,-20.0499
2025-07-19 15:00:00,-15.1974
2025-07-19 16:00:00,3.2788
2025-07-19 17:00:00,20.0176
2025-07-19 18:00:00,36.2857
2025-07-19 19:00:00,45.46
2025-07-19 20:00:00,49.2358
2025-07-19 21:00:00,45.8683
2025-07-19 22:00:00,37.152
2025-07-19 23:00:00,31.0612
2025-07-20 00:00:00,20.1394
2025-07-20 01:00:00,17.765
2025-07-20 02:00:00,15.4295
2025-07-20 03:00:00,14.8581
2025-07-20 04:00:00,16.0292
2025-07-20 05:00:00,17.4805
2025-07-20 06:00:00,15.5416
2025-07-20 07:00:00,6.4658
2025-07-20 08:00:00,-5.9332
2025-07-20 09:00:00,-14.4849
2025-07-20 10:00:00,-14.7752
2025-07-20 11:00:00,-19.2212
2025-07-20 12:00:00,-25.7371
2025-07-20 13:00:00,-28.1754
2025-07-20 14:00:00,-1.5841
2025-07-20 15:00:00,-6.6238
2025-07-20 16:00:00,-0.7228
2025-07-20 17:00:00,20.0321
2025-07-20 18:00:00,33.4494
2025-07-20 19:00:00,44.8686
2025-07-20 20:00:00,47.7938
2025-07-20 21:00:00,45.5288
2025-07-20 22:00:00,36.498
2025-07-20 23:00:00,29.7808
2025-07-21 00:00:00,23.7615
2025-07-21 01:00:00,20.8946
2025-07-21 02:00:00,18.8701
2025-07-21 03:00:00,17.8435
2025-07-21 04:00:00,18.5675
2025-07-21 05:00:00,21.2692
2025-07-21 06:00:00,21.7321
2025-07-21 07:00:00,17.2908
2025-07-21 08:00:00,12.2582
2025-07-21 09:00:00,11.2332
2025-07-21 10:00:00,3.2374
2025-07-21 11:00:00,-2.1137
2025-07-21 12:00:00,-7.9937
2025-07-21 13:00:00,-7.354
2025-07-21 14:00:00,5.2351
2025-07-21 15:00:00,-1.8273
2025-07-21 16:00:00,16.7905
2025-07-21 17:00:00,28.8599
2025-07-21 18:00:00,40.8918
2025-07-21 19:00:00,53.4203
2025-07-21 20:00:00,58.2481
2025-07-21 21:00:00,50.6734
2025-07-21 22:00:00,43.2569
2025-07-21 23:00:00,35.9218
2025-07-22 00:00:00,24.1245
2025-07-22 01:00:00,21.1736
2025-07-22 02:00:00,18.7486
2025-07-22 03:00:00,17.6654
2025-07-22 04:00:00,18.4751
2025-07-22 05:00:00,21.5302
2025-07-22 06:00:00,22.4885
2025-07-22 07:00:00,17.6793
2025-07-22 08:00:00,7.8418
2025-07-22 09:00:00,4.5548
2025-07-22 10:00:00,6.4405
2025-07-22 11:00:00,-6.4351
2025-07-22 12:00:00,-13.631
2025-07-22 13:00:00,-6.5494
2025-07-22 14:00:00,-11.1299
2025-07-22 15:00:00,-7.7552
2025-07-22 16:00:00,7.225
2025-07-22 17:00:00,27.9052
2025-07-22 18:00:00,42.4423
2025-07-22 19:00:00,53.3608
2025-07-22 20:00:00,56.1523
2025-07-22 21:00:00,53.2376
2025-07-22 22:00:00,42.7973
2025-07-22 23:00:00,35.6004
2025-07-23 00:00:00,24.3451
2025-07-23 01:00:00,21.3187
2025-07-23 02:00:00,18.6292
2025-07-23 03:00:00,17.806
2025-07-23 04:00:00,18.8889
2025-07-23 05:00:00,21.1748
2025-07-23 06:00:00,21.3913
2025-07-23 07:00:00,17.1759
2025-07-23 08:00:00,12.0273
2025-07-23 09:00:00,9.8699
2025-07-23 10:00:00,5.3504
2025-07-23 11:00:00,4.6749
2025-07-23 12:00:00,-1.7497
2025-07-23 13:00:00,-2.592
2025-07-23 14:00:00,-1.1685
2025-07-23 15:00:00,5.7575
2025-07-23 16:00:00,18.4556
2025-07-23 17:00:00,32.485
2025-07-23 18:00:00,42.6129
2025-07-23 19:00:00,53.8173
2025-07-23 20:00:00,56.2097
2025-07-23 21:00:00,53.9376
2025-07-23 22:00:00,43.4984
2025-07-23 23:00:00,34.8654
2025-07-24 00:00:00,24.3783
2025-07-24 01:00:00,21.4404
2025-07-24 02:00:00,18.6567
2025-07-24 03:00:00,17.7304
2025-07-24 04:00:00,18.5639
2025-07-24 05:00:00,21.1356
2025-07-24 06:00:00,21.7759
2025-07-24 07:00:00,21.8652
2025-07-24 08:00:00,21.1718
2025-07-24 09:00:00,23.7625
2025-07-24 10:00:00,24.1026
2025-07-24 11:00:00,14.6305
2025-07-24 12:00:00,3.8952
2025-07-24 13:00:00,-0.7162
2025-07-24 14:00:00,-9.3382
2025-07-24 15:00:00,3.9263
2025-07-24 16:00:00,21.8137
2025-07-24 17:00:00,31.0928
2025-07-24 18:00:00,43.4822
2025-07-24 19:00:00,53.0221
2025-07-24 20:00:00,56.5963
2025-07-24 21:00:00,52.2053
2025-07-24 22:00:00,44.686
2025-07-24 23:00:00,35.7533
2025-07-25 00:00:00,23.8928
2025-07-25 01:00:00,20.9624
2025-07-25 02:00:00,18.7745
2025-07-25 03:00:00,17.3737
2025-07-25 04:00:00,18.0099
2025-07-25 05:00:00,20.6022
2025-07-25 06:00:00,20.8709
2025-07-25 07:00:00,14.5275
2025-07-25 08:00:00,11.9134
2025-07-25 09:00:00,11.6142
2025-07-25 10:00:00,5.4151
2025-07-25 11:00:00,-1.3995
2025-07-25 12:00:00,-6.564
2025-07-25 13:00:00,-19.4782
2025-07-25 14:00:00,-8.7878
2025-07-25 15:00:00,-1.5967
2025-07-25 16:00:00,9.218
2025-07-25 17:00:00,27.3954
2025-07-25 18:00:00,43.69
2025-07-25 19:00:00,53.8983
2025-07-25 20:00:00,57.244
2025-07-25 21:00:00,51.8421
2025-07-25 22:00:00,43.8694
2025-07-25 23:00:00,34.7135
2025-07-26 00:00:00,20.2513
2025-07-26 01:00:00,18.2516
2025-07-26 02:00:00,16.1555
2025-07-26 03:00:00,15.0968
2025-07-26 04:00:00,15.7702
2025-07-26 05:00:00,18.0382
2025-07-26 06:00:00,18.3025
2025-07-26 07:00:00,14.5986
2025-07-26 08:00:00,9.2245
2025-07-26 09:00:00,7.5813
2025-07-26 10:00:00,-5.413
2025-07-26 11:00:00,-10.2683
2025-07-26 12:00:00,-11.3184
2025-07-26 13:00:00,-21.6153
2025-07-26 14:00:00,-11.3408
2025-07-26 15:00:00,-8.3242
2025-07-26 16:00:00,5.0691
2025-07-26 17:00:00,22.2915
2025-07-26 18:00:00,36.2003
2025-07-26 19:00:00,45.3585
2025-07-26 20:00:00,49.2767
2025-07-26 21:00:00,44.542
2025-07-26 22:00:00,36.9173
2025-07-26 23:00:00,30.2162
2025-07-27 00:00:00,20.6815
2025-07-27 01:00:00,18.4099
2025-07-27 02:00:00,15.5803
2025-07-27 03:00:00,15.349
2025-07-27 04:00:00,15.6782
2025-07-27 05:00:00,17.8516
2025-07-27 06:00:00,16.7692
2025-07-27 07:00:00,11.6512
2025-07-27 08:00:00,7.6919
2025-07-27 09:00:00,7.828
2025-07-27 10:00:00,15.7838
2025-07-27 11:00:00,4.8836
2025-07-27 12:00:00,-11.5245
2025-07-27 13:00:00,-6.4161
2025-07-27 14:00:00,-1.6714
2025-07-27 15:00:00,-4.5839
2025-07-27 16:00:00,8.0359
2025-07-27 17:00:00,23.022
2025-07-27 18:00:00,36.7145
2025-07-27 19:00:00,44.8368
2025-07-27 20:00:00,49.1952
2025-07-27 21:00:00,45.3118
2025-07-27 22:00:00,37.1366
2025-07-27 23:00:00,30.7189
2025-07-28 00:00:00,23.5779
2025-07-28 01:00:00,21.1633
2025-07-28 02:00:00,18.8284
2025-07-28 03:00:00,17.5837
2025-07-28 04:00:00,18.5395
2025-07-28 05:00:00,21.0659
2025-07-28 06:00:00,23.7099
2025-07-28 07:00:00,23.9251
2025-07-28 08:00:00,25.9594
2025-07-28 09:00:00,28.5971
2025-07-28 10:00:00,30.1137
2025-07-28 11:00:00,22.504
2025-07-28 12:00:00,6.4055
2025-07-28 13:00:00,-11.2833
2025-07-28 14:00:00,-22.2309
2025-07-28 15:00:00,-2.1446
2025-07-28 16:00:00,8.5208
2025-07-28 17:00:00,25.595
2025-07-28 18:00:00,41.2128
2025-07-28 19:00:00,52.0597
2025-07-28 20:00:00,55.7846
2025-07-28 21:00:00,53.9892
2025-07-28 22:00:00,43.0344
2025-07-28 23:00:00,35.03
2025-07-29 00:00:00,23.7394
2025-07-29 01:00:00,20.5483
2025-07-29 02:00:00,18.5185
2025-07-29 03:00:00,17.7619
2025-07-29 04:00:00,18.4788
2025-07-29 05:00:00,21.6048
2025-07-29 06:00:00,19.9945
2025-07-29 07:00:00,12.3674
2025-07-29 08:00:00,2.6077
2025-07-29 09:00:00,-0.331
2025-07-29 10:00:00,1.7065
2025-07-29 11:00:00,-2.9691
2025-07-29 12:00:00,-17.5225
2025-07-29 13:00:00,-27.1644
2025-07-29 14:00:00,-25.071
2025-07-29 15:00:00,-14.8216
2025-07-29 16:00:00,5.417
2025-07-29 17:00:00,25.029
2025-07-29 18:00:00,42.5273
2025-07-29 19:00:00,51.6857
2025-07-29 20:00:00,56.2685
2025-07-29 21:00:00,53.4124
2025-07-29 22:00:00,43.9846
2025-07-29 23:00:00,34.8605
2025-07-30 00:00:00,23.856
2025-07-30 01:00:00,21.4379
2025-07-30 02:00:00,18.4116
2025-07-30 03:00:00,17.5309
2025-07-30 04:00:00,18.2686
2025-07-30 05:00:00,20.9244
2025-07-30 06:00:00,23.472
2025-07-30 07:00:00,26.2139
2025-07-30 08:00:00,33.4866
2025-07-30 09:00:00,39.4704
2025-07-30 10:00:00,44.3804
2025-07-30 11:00:00,30.1586
2025-07-30 12:00:00,10.849
2025-07-30 13:00:00,-0.7368
2025-07-30 14:00:00,-9.0182
2025-07-30 15:00:00,-6.4707
2025-07-30 16:00:00,11.9592
2025-07-30 17:00:00,26.5873
2025-07-30 18:00:00,41.7015
2025-07-30 19:00:00,53.6805
2025-07-30 20:00:00,57.2199
2025-07-30 21:00:00,52.3897
2025-07-30 22:00:00,42.9273
2025-07-30 23:00:00,35.2319
2025-07-31 00:00:00,23.637
2025-07-31 01:00:00,21.1615
2025-07-31 02:00:00,18.7257
2025-07-31 03:00:00,17.5202
2025-07-31 04:00:00,18.5775
2025-07-31 05:00:00,20.935
2025-07-31 06:00:00,23.1359
2025-07-31 07:00:00,21.1509
2025-07-31 08:00:00,26.8113
2025-07-31 09:00:00,27.653
2025-07-31 10:00:00,34.3778
2025-07-31 11:00:00,21.267
2025-07-31 12:00:00,3.7936
2025-07-31 13:00:00,11.3085
2025-07-31 14:00:00,18.433
2025-07-31 15:00:00,14.9801
2025-07-31 16:00:00,22.2281
2025-07-31 17:00:00,32.3316
2025-07-31 18:00:00,43.7069
2025-07-31 19:00:00,53.7763
2025-07-31 20:00:00,58.1401
2025-07-31 21:00:00,53.2267
2025-07-31 22:00:00,43.2829
2025-07-31 23:00:00,35.5103
2025-08-01 00:00:00,24.3301
2025-08-01 01:00:00,21.6058
2025-08-01 02:00:00,19.0741
2025-08-01 03:00:00,17.5237
2025-08-01 04:00:00,18.8981
2025-08-01 05:00:00,21.3405
2025-08-01 06:00:00,21.4024
2025-08-01 07:00:00,13.7513
2025-08-01 08:00:00,4.7102
2025-08-01 09:00:00,0.5099
2025-08-01 10:00:00,-5.1688
2025-08-01 11:00:00,-12.1709
2025-08-01 12:00:00,-21.311
2025-08-01 13:00:00,-23.3177
2025-08-01 14:00:00,-15.6521
2025-08-01 15:00:00,-6.3004
2025-08-01 16:00:00,7.8648
2025-08-01 17:00:00,28.041
2025-08-01 18:00:00,42.8244
2025-08-01 19:00:00,52.7099
2025-08-01 20:00:00,58.3717
2025-08-01 21:00:00,53.0296
2025-08-01 22:00:00,45.261
2025-08-01 23:00:00,35.4701
2025-08-02 00:00:00,21.0742
2025-08-02 01:00:00,18.225
2025-08-02 02:00:00,15.6574
2025-08-02 03:00:00,15.2128
2025-08-02 04:00:00,16.1117
2025-08-02 05:00:00,18.1013
2025-08-02 06:00:00,19.6844
2025-08-02 07:00:00,21.7851
2025-08-02 08:00:00,21.5396
2025-08-02 09:00:00,33.1742
2025-08-02 10:00:00,40.5773
2025-08-02 11:00:00,36.6952
2025-08-02 12:00:00,34.444
2025-08-02 13:00:00,26.1373
2025-08-02 14:00:00,14.6306
2025-08-02 15:00:00,15.4983
2025-08-02 16:00:00,21.1067
2025-08-02 17:00:00,27.7467
2025-08-02 18:00:00,38.0384
2025-08-02 19:00:00,46.026
2025-08-02 20:00:00,49.1618
2025-08-02 21:00:00,45.1489
2025-08-02 22:00:00,38.6361
2025-08-02 23:00:00,31.1031
2025-08-03 00:00:00,20.5798
2025-08-03 01:00:00,18.2053
2025-08-03 02:00:00,16.0767
2025-08-03 03:00:00,15.2433
2025-08-03 04:00:00,16.2742
2025-08-03 05:00:00,18.5786
2025-08-03 06:00:00,20.7408
2025-08-03 07:00:00,23.3324
2025-08-03 08:00:00,26.2885
2025-08-03 09:00:00,34.1135
2025-08-03 10:00:00,38.7754
2025-08-03 11:00:00,37.9922
2025-08-03 12:00:00,19.9756
2025-08-03 13:00:00,11.0969
2025-08-03 14:00:00,-14.751
2025-08-03 15:00:00,-3.9863
2025-08-03 16:00:00,7.4804
2025-08-03 17:00:00,23.685
2025-08-03 18:00:00,36.8666
2025-08-03 19:00:00,44.8997
2025-08-03 20:00:00,49.6512
2025-08-03 21:00:00,45.4861
2025-08-03 22:00:00,38.1381
2025-08-03 23:00:00,31.9089
2025-08-04 00:00:00,24.4666
2025-08-04 01:00:00,21.4684
2025-08-04 02:00:00,18.6837
2025-08-04 03:00:00,17.7091
2025-08-04 04:00:00,19.0832
2025-08-04 05:00:00,21.2488
2025-08-04 06:00:00,20.7157
2025-08-04 07:00:00,16.046
2025-08-04 08:00:00,10.1119
2025-08-04 09:00:00,7.5391
2025-08-04 10:00:00,13.2672
2025-08-04 11:00:00,9.1454
2025-08-04 12:00:00,4.4897
2025-08-04 13:00:00,-4.087
2025-08-04 14:00:00,6.9072
2025-08-04 15:00:00,7.0374
2025-08-04 16:00:00,18.2607
2025-08-04 17:00:00,27.2785
2025-08-04 18:00:00,43.7994
2025-08-04 19:00:00,55.043
2025-08-04 20:00:00,57.8601
2025-08-04 21:00:00,53.8347
2025-08-04 22:00:00,43.3809
2025-08-04 23:00:00,36.2965
2025-08-05 00:00:00,24.1899
2025-08-05 01:00:00,21.6357
2025-08-05 02:00:00,18.6147
2025-08-05 03:00:00,18.0428
2025-08-05 04:00:00,19.1336
2025-08-05 05:00:00,21.6557
2025-08-05 06:00:00,24.2856
2025-08-05 07:00:00,25.4705
2025-08-05 08:00:00,28.1535
2025-08-05 09:00:00,35.8344
2025-08-05 10:00:00,44.9788
2025-08-05 11:00:00,43.2502
2025-08-05 12:00:00,28.308
2025-08-05 13:00:00,22.0498
2025-08-05 14:00:00,7.8694
2025-08-05 15:00:00,5.7682
2025-08-05 16:00:00,18.1232
2025-08-05 17:00:00,29.6293
2025-08-05 18:00:00,42.7936
2025-08-05 19:00:00,53.848
2025-08-05 20:00:00,57.0324
2025-08-05 21:00:00,55.1585
2025-08-05 22:00:00,45.4253
2025-08-05 23:00:00,35.2667
2025-08-06 00:00:00,24.2971
2025-08-06 01:00:00,21.6258
2025-08-06 02:00:00,18.8003
2025-08-06 03:00:00,17.7535
2025-08-06 04:00:00,19.1566
2025-08-06 05:00:00,22.4827
2025-08-06 06:00:00,22.6879
2025-08-06 07:00:00,19.9653
2025-08-06 08:00:00,14.623
2025-08-06 09:00:00,5.606
2025-08-06 10:00:00,5.4423
2025-08-06 11:00:00,-1.9505
2025-08-06 12:00:00,-14.1001
2025-08-06 13:00:00,-23.4855
2025-08-06 14:00:00,-12.7347
2025-08-06 15:00:00,9.2016
2025-08-06 16:00:00,12.733
2025-08-06 17:00:00,26.4082
2025-08-06 18:00:00,43.1598
2025-08-06 19:00:00,53.4318
2025-08-06 20:00:00,58.0081
2025-08-06 21:00:00,52.8908
2025-08-06 22:00:00,44.3241
2025-08-06 23:00:00,36.5007
2025-08-07 00:00:00,24.3263
2025-08-07 01:00:00,21.6341
2025-08-07 02:00:00,19.4268
2025-08-07 03:00:00,17.999
2025-08-07 04:00:00,18.9989
2025-08-07 05:00:00,21.4978
2025-08-07 06:00:00,23.7021
2025-08-07 07:00:00,27.5823
2025-08-07 08:00:00,34.1522
2025-08-07 09:00:00,40.6249
2025-08-07 10:00:00,48.1829
2025-08-07 11:00:00,44.962
2025-08-07 12:00:00,36.7106
2025-08-07 13:00:00,28.6062
2025-08-07 14:00:00,8.1481
2025-08-07 15:00:00,14.2909
2025-08-07 16:00:00,17.7599
2025-08-07 17:00:00,28.2586
2025-08-07 18:00:00,43.5214
2025-08-07 19:00:00,53.4974
2025-08-07 20:00:00,58.3063
2025-08-07 21:00:00,53.6232
2025-08-07 22:00:00,44.345
2025-08-07 23:00:00,36.3286
2025-08-08 00:00:00,23.9341
2025-08-08 01:00:00,21.3983
2025-08-08 02:00:00,19.2843
2025-08-08 03:00:00,18.2677
2025-08-08 04:00:00,18.4694
2025-08-08 05:00:00,21.397
2025-08-08 06:00:00,24.7476
2025-08-08 07:00:00,28.2106
2025-08-08 08:00:00,32.922
2025-08-08 09:00:00,39.7144
2025-08-08 10:00:00,42.6537
2025-08-08 11:00:00,24.5108
2025-08-08 12:00:00,2.7805
2025-08-08 13:00:00,-21.5237
2025-08-08 14:00:00,-24.3126
2025-08-08 15:00:00,-13.4216
2025-08-08 16:00:00,4.5595
2025-08-08 17:00:00,26.3767
2025-08-08 18:00:00,43.866
2025-08-08 19:00:00,54.1327
2025-08-08 20:00:00,58.5557
2025-08-08 21:00:00,54.1174
2025-08-08 22:00:00,44.6831
2025-08-08 23:00:00,35.6883
2025-08-09 00:00:00,20.5327
2025-08-09 01:00:00,18.1099
2025-08-09 02:00:00,16.1966
2025-08-09 03:00:00,14.93
2025-08-09 04:00:00,16.1652
2025-08-09 05:00:00,18.6239
2025-08-09 06:00:00,16.7953
2025-08-09 07:00:00,7.9731
2025-08-09 08:00:00,-4.7739
2025-08-09 09:00:00,-8.2848
2025-08-09 10:00:00,-17.033
2025-08-09 11:00:00,-22.4607
2025-08-09 12:00:00,-30.9385
2025-08-09 13:00:00,-33.9958
2025-08-09 14:00:00,-20.8211
2025-08-09 15:00:00,-5.6236
2025-08-09 16:00:00,7.7007
2025-08-09 17:00:00,24.3979
2025-08-09 18:00:00,36.3439
2025-08-09 19:00:00,47.1722
2025-08-09 20:00:00,51.202
2025-08-09 21:00:00,44.1018
2025-08-09 22:00:00,37.7413
2025-08-09 23:00:00,30.0778
2025-08-10 00:00:00,20.9945
2025-08-10 01:00:00,17.9481
2025-08-10 02:00:00,16.3113
2025-08-10 03:00:00,15.3031
2025-08-10 04:00:00,16.1868
2025-08-10 05:00:00,18.1452
2025-08-10 06:00:00,19.2296
2025-08-10 07:00:00,17.6248
2025-08-10 08:00:00,15.5923
2025-08-10 09:00:00,21.661
2025-08-10 10:00:00,17.6883
2025-08-10 11:00:00,2.4223
2025-08-10 12:00:00,-11.3213
2025-08-10 13:00:00,-18.7413
2025-08-10 14:00:00,-2.7868
2025-08-10 15:00:00,-5.0138
2025-08-10 16:00:00,21.1492
2025-08-10 17:00:00,29.457
2025-08-10 18:00:00,36.8872
2025-08-10 19:00:00,46.4272
2025-08-10 20:00:00,50.6915
2025-08-10 21:00:00,46.7255
2025-08-10 22:00:00,37.7708
2025-08-10 23:00:00,29.8118
2025-08-11 00:00:00,23.9513
2025-08-11 01:00:00,21.7757
2025-08-11 02:00:00,18.8963
2025-08-11 03:00:00,17.6028
2025-08-11 04:00:00,18.6107
2025-08-11 05:00:00,21.2218
2025-08-11 06:00:00,21.7794
2025-08-11 07:00:00,11.5058
2025-08-11 08:00:00,0.2182
2025-08-11 09:00:00,-6.7032
2025-08-11 10:00:00,-9.6538
2025-08-11 11:00:00,-15.4057
2025-08-11 12:00:00,-23.7233
2025-08-11 13:00:00,-24.9449
2025-08-11 14:00:00,-23.4808
2025-08-11 15:00:00,-14.736
2025-08-11 16:00:00,4.6802
2025-08-11 17:00:00,26.6588
2025-08-11 18:00:00,44.3058
2025-08-11 19:00:00,53.0315
2025-08-11 20:00:00,57.6864
2025-08-11 21:00:00,55.0373
2025-08-11 22:00:00,44.0102
2025-08-11 23:00:00,35.8603
2025-08-12 00:00:00,24.2109
2025-08-12 01:00:00,20.8829
2025-08-12 02:00:00,19.7832
2025-08-12 03:00:00,17.2976
2025-08-12 04:00:00,19.2301
2025-08-12 05:00:00,21.7656
2025-08-12 06:00:00,21.5875
2025-08-12 07:00:00,10.6127
2025-08-12 08:00:00,-0.85
2025-08-12 09:00:00,-6.7984
2025-08-12 10:00:00,-9.6774
2025-08-12 11:00:00,-13.932
2025-08-12 12:00:00,-20.8605
2025-08-12 13:00:00,-30.1559
2025-08-12 14:00:00,-23.5723
2025-08-12 15:00:00,-13.3015
2025-08-12 16:00:00,4.5818
2025-08-12 17:00:00,26.8649
2025-08-12 18:00:00,44.3952
2025-08-12 19:00:00,53.7931
2025-08-12 20:00:00,58.526
2025-08-12 21:00:00,55.2413
2025-08-12 22:00:00,44.4381
2025-08-12 23:00:00,34.7831
2025-08-13 00:00:00,24.5149
2025-08-13 01:00:00,21.729
2025-08-13 02:00:00,18.8526
2025-08-13 03:00:00,18.1139
2025-08-13 04:00:00,19.0423
2025-08-13 05:00:00,21.3423
2025-08-13 06:00:00,21.4265
2025-08-13 07:00:00,10.5116
2025-08-13 08:00:00,0.888
2025-08-13 09:00:00,-0.449
2025-08-13 10:00:00,-0.8874
2025-08-13 11:00:00,4.3075
2025-08-13 12:00:00,8.1665
2025-08-13 13:00:00,3.6542
2025-08-13 14:00:00,6.4361
2025-08-13 15:00:00,15.7884
2025-08-13 16:00:00,24.5512
2025-08-13 17:00:00,32.672
2025-08-13 18:00:00,44.4396
2025-08-13 19:00:00,54.7766
2025-08-13 20:00:00,57.4823
2025-08-13 21:00:00,54.8006
2025-08-13 22:00:00,43.3751
2025-08-13 23:00:00,35.1737
2025-08-14 00:00:00,24.6259
2025-08-14 01:00:00,21.0637
2025-08-14 02:00:00,19.1067
2025-08-14 03:00:00,18.336
2025-08-14 04:00:00,18.8614
2025-08-14 05:00:00,22.0208
2025-08-14 06:00:00,21.0547
2025-08-14 07:00:00,16.254
2025-08-14 08:00:00,10.791
2025-08-14 09:00:00,18.8205
2025-08-14 10:00:00,20.6339
2025-08-14 11:00:00,24.3047
2025-08-14 12:00:00,16.0329
2025-08-14 13:00:00,1.0075
2025-08-14 14:00:00,0.1674
2025-08-14 15:00:00,0.984
2025-08-14 16:00:00,10.4984
2025-08-14 17:00:00,28.9331
2025-08-14 18:00:00,44.3247
2025-08-14 19:00:00,54.1988
2025-08-14 20:00:00,58.3591
2025-08-14 21:00:00,55.2167
2025-08-14 22:00:00,45.6151
2025-08-14 23:00:00,35.349
2025-08-15 00:00:00,24.3152
2025-08-15 01:00:00,21.4936
2025-08-15 02:00:00,19.2933
2025-08-15 03:00:00,17.9595
2025-08-15 04:00:00,19.1699
2025-08-15 05:00:00,21.12
2025-08-15 06:00:00,22.2475
2025-08-15 07:00:00,11.9529
2025-08-15 08:00:00,0.4938
2025-08-15 09:00:00,-5.015
2025-08-15 10:00:00,-8.8177
2025-08-15 11:00:00,-11.1126
2025-08-15 12:00:00,-15.6078
2025-08-15 13:00:00,-19.0062
2025-08-15 14:00:00,-13.7063
2025-08-15 15:00:00,-5.8378
2025-08-15 16:00:00,9.2943
2025-08-15 17:00:00,27.4041
2025-08-15 18:00:00,43.6813
2025-08-15 19:00:00,55.1421
2025-08-15 20:00:00,58.2846
2025-08-15 21:00:00,54.9632
2025-08-15 22:00:00,45.6459
2025-08-15 23:00:00,36.2536
2025-08-16 00:00:00,20.6405
2025-08-16 01:00:00,18.0791
2025-08-16 02:00:00,16.2783
2025-08-16 03:00:00,15.0875
2025-08-16 04:00:00,16.1917
2025-08-16 05:00:00,18.6127
2025-08-16 06:00:00,17.2318
2025-08-16 07:00:00,7.5423
2025-08-16 08:00:00,-4.8267
2025-08-16 09:00:00,-11.9092
2025-08-16 10:00:00,-15.3809
2025-08-16 11:00:00,-19.411
2025-08-16 12:00:00,-29.738
2025-08-16 13:00:00,-28.5945
2025-08-16 14:00:00,-29.9241
2025-08-16 15:00:00,-15.4517
2025-08-16 16:00:00,3.7007
2025-08-16 17:00:00,22.1411
2025-08-16 18:00:00,38.1692
2025-08-16 19:00:00,45.9792
2025-08-16 20:00:00,50.5612
2025-08-16 21:00:00,45.8392
2025-08-16 22:00:00,38.0376
2025-08-16 23:00:00,30.6466
2025-08-17 00:00:00,20.9546
2025-08-17 01:00:00,17.8818
2025-08-17 02:00:00,15.9938
2025-08-17 03:00:00,14.8171
2025-08-17 04:00:00,15.8921
2025-08-17 05:00:00,19.1564
2025-08-17 06:00:00,19.6528
2025-08-17 07:00:00,15.4219
2025-08-17 08:00:00,10.0559
2025-08-17 09:00:00,2.8273
2025-08-17 10:00:00,-0.6633
2025-08-17 11:00:00,-4.2288
2025-08-17 12:00:00,-12.6888
2025-08-17 13:00:00,-12.093
2025-08-17 14:00:00,-7.5037
2025-08-17 15:00:00,0.5555
2025-08-17 16:00:00,14.8134
2025-08-17 17:00:00,26.6484
2025-08-17 18:00:00,38.0312
2025-08-17 19:00:00,45.9912
2025-08-17 20:00:00,49.5049
2025-08-17 21:00:00,46.2216
2025-08-17 22:00:00,37.5407
2025-08-17 23:00:00,30.7257
2025-08-18 00:00:00,24.0001
2025-08-18 01:00:00,21.4851
2025-08-18 02:00:00,18.7772
2025-08-18 03:00:00,18.3003
2025-08-18 04:00:00,18.8414
2025-08-18 05:00:00,21.3956
2025-08-18 06:00:00,24.9129
2025-08-18 07:00:00,29.0415
2025-08-18 08:00:00,34.5787
2025-08-18 09:00:00,41.4062
2025-08-18 10:00:00,44.2862
2025-08-18 11:00:00,38.9014
2025-08-18 12:00:00,28.5406
2025-08-18 13:00:00,12.8489
2025-08-18 14:00:00,8.2629
2025-08-18 15:00:00,14.7089
2025-08-18 16:00:00,21.0919
2025-08-18 17:00:00,31.9736
2025-08-18 18:00:00,44.7386
2025-08-18 19:00:00,54.3351
2025-08-18 20:00:00,58.6347
2025-08-18 21:00:00,52.7638
2025-08-18 22:00:00,45.4433
2025-08-18 23:00:00,36.7051
2025-08-19 00:00:00,24.5947
2025-08-19 01:00:00,21.2249
2025-08-19 02:00:00,19.2698
2025-08-19 03:00:00,18.2436
2025-08-19 04:00:00,18.5464
2025-08-19 05:00:00,21.1547
2025-08-19 06:00:00,23.8846
2025-08-19 07:00:00,26.0874
2025-08-19 08:00:00,27.2768
2025-08-19 09:00:00,33.4689
2025-08-19 10:00:00,42.643
2025-08-19 11:00:00,39.3812
2025-08-19 12:00:00,33.7184
2025-08-19 13:00:00,16.0862
2025-08-19 14:00:00,15.6296
2025-08-19 15:00:00,11.7284
2025-08-19 16:00:00,20.1088
2025-08-19 17:00:00,27.7127
2025-08-19 18:00:00,43.7997
2025-08-19 19:00:00,54.1838
2025-08-19 20:00:00,57.1535
2025-08-19 21:00:00,54.4407
2025-08-19 22:00:00,44.5626
2025-08-19 23:00:00,35.5116
2025-08-20 00:00:00,24.8517
2025-08-20 01:00:00,22.1038
2025-08-20 02:00:00,19.089
2025-08-20 03:00:00,17.7639
2025-08-20 04:00:00,18.8597
2025-08-20 05:00:00,21.6945
2025-08-20 06:00:00,20.9673
2025-08-20 07:00:00,11.2833
2025-08-20 08:00:00,1.1902
2025-08-20 09:00:00,-7.4367
2025-08-20 10:00:00,-5.6687
2025-08-20 11:00:00,-6.3977
2025-08-20 12:00:00,4.2147
2025-08-20 13:00:00,11.5829
2025-08-20 14:00:00,2.2705
2025-08-20 15:00:00,8.0122
2025-08-20 16:00:00,20.967
2025-08-20 17:00:00,31.242
2025-08-20 18:00:00,42.8329
2025-08-20 19:00:00,55.0432
2025-08-20 20:00:00,59.3139
2025-08-20 21:00:00,54.7887
2025-08-20 22:00:00,44.3468
2025-08-20 23:00:00,36.0334
2025-08-21 00:00:00,23.9339
2025-08-21 01:00:00,22.0286
2025-08-21 02:00:00,19.5198
2025-08-21 03:00:00,17.7188
2025-08-21 04:00:00,19.1927
2025-08-21 05:00:00,22.0631
2025-08-21 06:00:00,24.4076
2025-08-21 07:00:00,25.1414
2025-08-21 08:00:00,26.6482
2025-08-21 09:00:00,35.4642
2025-08-21 10:00:00,36.1571
2025-08-21 11:00:00,20.4588
2025-08-21 12:00:00,8.0728
2025-08-21 13:00:00,-2.0029
2025-08-21 14:00:00,21.6054
2025-08-21 15:00:00,23.682
2025-08-21 16:00:00,28.1875
2025-08-21 17:00:00,35.2509
2025-08-21 18:00:00,44.5179
2025-08-21 19:00:00,54.5044
2025-08-21 20:00:00,58.1306
2025-08-21 21:00:00,54.0589
2025-08-21 22:00:00,43.4648
2025-08-21 23:00:00,36.3155
2025-08-22 00:00:00,25.0422
2025-08-22 01:00:00,21.8471
2025-08-22 02:00:00,19.285
2025-08-22 03:00:00,17.7878
2025-08-22 04:00:00,18.5436
2025-08-22 05:00:00,21.4626
2025-08-22 06:00:00,24.7702
2025-08-22 07:00:00,27.6155
2025-08-22 08:00:00,32.3951
2025-08-22 09:00:00,37.7417
2025-08-22 10:00:00,46.0664
2025-08-22 11:00:00,46.4096
2025-08-22 12:00:00,29.4458
2025-08-22 13:00:00,24.8998
2025-08-22 14:00:00,27.0903
2025-08-22 15:00:00,24.139
2025-08-22 16:00:00,28.0692
2025-08-22 17:00:00,35.9562
2025-08-22 18:00:00,46.2603
2025-08-22 19:00:00,54.491
2025-08-22 20:00:00,58.6698
2025-08-22 21:00:00,54.2525
2025-08-22 22:00:00,44.3377
2025-08-22 23:00:00,36.77
2025-08-23 00:00:00,20.6391
2025-08-23 01:00:00,18.2496
2025-08-23 02:00:00,16.2956
2025-08-23 03:00:00,14.9652
2025-08-23 04:00:00,16.4047
2025-08-23 05:00:00,18.2125
2025-08-23 06:00:00,21.0702
2025-08-23 07:00:00,22.7369
2025-08-23 08:00:00,27.848
2025-08-23 09:00:00,33.7203
2025-08-23 10:00:00,39.6306
2025-08-23 11:00:00,35.7599
2025-08-23 12:00:00,29.199
2025-08-23 13:00:00,26.1978
2025-08-23 14:00:00,23.5206
2025-08-23 15:00:00,23.4528
2025-08-23 16:00:00,24.5877
2025-08-23 17:00:00,30.3831
2025-08-23 18:00:00,38.5812
2025-08-23 19:00:00,44.6033
2025-08-23 20:00:00,50.1395
2025-08-23 21:00:00,45.2657
2025-08-23 22:00:00,38.1972
2025-08-23 23:00:00,31.2752
2025-08-24 00:00:00,20.6851
2025-08-24 01:00:00,18.3407
2025-08-24 02:00:00,15.7409
2025-08-24 03:00:00,14.7102
2025-08-24 04:00:00,16.1209
2025-08-24 05:00:00,18.0475
2025-08-24 06:00:00,20.4638
2025-08-24 07:00:00,20.5705
2025-08-24 08:00:00,13.3504
2025-08-24 09:00:00,2.2819
2025-08-24 10:00:00,6.3013
2025-08-24 11:00:00,-3.5407
2025-08-24 12:00:00,1.6399
2025-08-24 13:00:00,-1.7019
2025-08-24 14:00:00,-19.5972
2025-08-24 15:00:00,-5.7977
2025-08-24 16:00:00,6.5159
2025-08-24 17:00:00,23.5589
2025-08-24 18:00:00,37.872
2025-08-24 19:00:00,47.4932
2025-08-24 20:00:00,51.034
2025-08-24 21:00:00,47.1878
2025-08-24 22:00:00,38.3935
2025-08-24 23:00:00,31.1252
2025-08-25 00:00:00,24.4942
2025-08-25 01:00:00,21.3682
2025-08-25 02:00:00,18.77
2025-08-25 03:00:00,18.1808
2025-08-25 04:00:00,19.2685
2025-08-25 05:00:00,21.7384
2025-08-25 06:00:00,21.7517
2025-08-25 07:00:00,11.4414
2025-08-25 08:00:00,-3.0583
2025-08-25 09:00:00,-9.5418
2025-08-25 10:00:00,-13.6261
2025-08-25 11:00:00,-19.5703
2025-08-25 12:00:00,-29.8678
2025-08-25 13:00:00,-35.6673
2025-08-25 14:00:00,-31.6092
2025-08-25 15:00:00,-17.2196
2025-08-25 16:00:00,3.2741
2025-08-25 17:00:00,25.7749
2025-08-25 18:00:00,43.642
2025-08-25 19:00:00,53.3113
2025-08-25 20:00:00,58.4765
2025-08-25 21:00:00,53.7511
2025-08-25 22:00:00,43.9323
2025-08-25 23:00:00,35.6095
2025-08-26 00:00:00,24.2054
2025-08-26 01:00:00,21.4083
2025-08-26 02:00:00,19.1017
2025-08-26 03:00:00,17.6464
2025-08-26 04:00:00,19.8414
2025-08-26 05:00:00,21.7028
2025-08-26 06:00:00,21.9754
2025-08-26 07:00:00,10.0052
2025-08-26 08:00:00,-3.0785
2025-08-26 09:00:00,-12.0063
2025-08-26 10:00:00,-10.8892
2025-08-26 11:00:00,-10.2491
2025-08-26 12:00:00,-7.1892
2025-08-26 13:00:00,-11.1386
2025-08-26 14:00:00,-11.2141
2025-08-26 15:00:00,-5.7849
2025-08-26 16:00:00,7.2123
2025-08-26 17:00:00,27.3845
2025-08-26 18:00:00,43.1992
2025-08-26 19:00:00,54.1165
2025-08-26 20:00:00,57.7381
2025-08-26 21:00:00,53.7673
2025-08-26 22:00:00,44.4406
2025-08-26 23:00:00,35.9237
2025-08-27 00:00:00,24.0159
2025-08-27 01:00:00,21.6017
2025-08-27 02:00:00,19.0993
2025-08-27 03:00:00,18.0403
2025-08-27 04:00:00,18.9147
2025-08-27 05:00:00,21.6935
2025-08-27 06:00:00,21.7148
2025-08-27 07:00:00,10.3892
2025-08-27 08:00:00,-3.2083
2025-08-27 09:00:00,-9.9888
2025-08-27 10:00:00,-12.5793
2025-08-27 11:00:00,-16.9984
2025-08-27 12:00:00,-18.6739
2025-08-27 13:00:00,-28.5696
2025-08-27 14:00:00,-22.0385
2025-08-27 15:00:00,-10.731
2025-08-27 16:00:00,7.3256
2025-08-27 17:00:00,28.7479
2025-08-27 18:00:00,44.5597
2025-08-27 19:00:00,55.1966
2025-08-27 20:00:00,60.9591
2025-08-27 21:00:00,54.9071
2025-08-27 22:00:00,44.2474
2025-08-27 23:00:00,35.7539
2025-08-28 00:00:00,24.0577
2025-08-28 01:00:00,21.244
2025-08-28 02:00:00,18.7538
2025-08-28 03:00:00,17.7741
2025-08-28 04:00:00,19.3025
2025-08-28 05:00:00,22.1397
2025-08-28 06:00:00,22.0271
2025-08-28 07:00:00,16.7378
2025-08-28 08:00:00,8.765
2025-08-28 09:00:00,8.4334
2025-08-28 10:00:00,5.0753
2025-08-28 11:00:00,-3.4294
2025-08-28 12:00:00,-9.2333
2025-08-28 13:00:00,-9.7123
2025-08-28 14:00:00,11.3318
2025-08-28 15:00:00,21.1022
2025-08-28 16:00:00,25.9636
2025-08-28 17:00:00,32.8822
2025-08-28 18:00:00,43.9561
2025-08-28 19:00:00,55.3154
2025-08-28 20:00:00,56.9489
2025-08-28 21:00:00,53.0885
2025-08-28 22:00:00,45.8816
2025-08-28 23:00:00,35.7331
2025-08-29 00:00:00,24.0396
2025-08-29 01:00:00,21.5574
2025-08-29 02:00:00,19.2182
2025-08-29 03:00:00,18.3494
2025-08-29 04:00:00,18.8628
2025-08-29 05:00:00,22.1513
2025-08-29 06:00:00,24.9308
2025-08-29 07:00:00,27.5268
2025-08-29 08:00:00,35.3067
2025-08-29 09:00:00,43.2548
2025-08-29 10:00:00,50.6379
2025-08-29 11:00:00,50.3576
2025-08-29 12:00:00,43.6418
2025-08-29 13:00:00,29.3581
2025-08-29 14:00:00,26.7186
2025-08-29 15:00:00,27.1619
2025-08-29 16:00:00,27.9369
2025-08-29 17:00:00,36.142
2025-08-29 18:00:00,45.2879
2025-08-29 19:00:00,53.9624
2025-08-29 20:00:00,58.0257
2025-08-29 21:00:00,54.613
2025-08-29 22:00:00,44.5215
2025-08-29 23:00:00,35.7821
2025-08-30 00:00:00,20.4382
2025-08-30 01:00:00,18.3637
2025-08-30 02:00:00,16.1162
2025-08-30 03:00:00,15.1266
2025-08-30 04:00:00,16.1555
2025-08-30 05:00:00,18.851
2025-08-30 06:00:00,21.6821
2025-08-30 07:00:00,22.6079
2025-08-30 08:00:00,21.5615
2025-08-30 09:00:00,21.8344
2025-08-30 10:00:00,21.8238
2025-08-30 11:00:00,12.9158
2025-08-30 12:00:00,7.0574
2025-08-30 13:00:00,7.3121
2025-08-30 14:00:00,-4.5727
2025-08-30 15:00:00,2.5112
2025-08-30 16:00:00,6.8648
2025-08-30 17:00:00,22.7976
2025-08-30 18:00:00,37.7223
2025-08-30 19:00:00,46.7037
2025-08-30 20:00:00,50.1833
2025-08-30 21:00:00,46.922
2025-08-30 22:00:00,38.1062
2025-08-30 23:00:00,31.2808
2025-08-31 00:00:00,21.3304
2025-08-31 01:00:00,18.1063
2025-08-31 02:00:00,16.2038
2025-08-31 03:00:00,15.6247
2025-08-31 04:00:00,15.8095
2025-08-31 05:00:00,18.4853
2025-08-31 06:00:00,19.0576
2025-08-31 07:00:00,12.199
2025-08-31 08:00:00,5.3278
2025-08-31 09:00:00,1.729
2025-08-31 10:00:00,4.3682
2025-08-31 11:00:00,-0.2815
2025-08-31 12:00:00,-2.7299
2025-08-31 13:00:00,4.841
2025-08-31 14:00:00,15.1023
2025-08-31 15:00:00,16.9854
2025-08-31 16:00:00,17.0393
2025-08-31 17:00:00,27.5963
2025-08-31 18:00:00,38.0721
2025-08-31 19:00:00,46.3055
2025-08-31 20:00:00,49.7989
2025-08-31 21:00:00,45.6843
2025-08-31 22:00:00,37.6821
2025-08-31 23:00:00,30.5798
2025-09-01 00:00:00,22.1936
2025-09-01 01:00:00,19.0346
2025-09-01 02:00:00,16.6695
2025-09-01 03:00:00,15.6989
2025-09-01 04:00:00,17.1467
2025-09-01 05:00:00,19.4377
2025-09-01 06:00:00,19.7525
2025-09-01 07:00:00,13.5542
2025-09-01 08:00:00,1.0246
2025-09-01 09:00:00,-2.0077
2025-09-01 10:00:00,-7.0966
2025-09-01 11:00:00,-4.5802
2025-09-01 12:00:00,-4.9536
2025-09-01 13:00:00,-4.1828
2025-09-01 14:00:00,5.2867
2025-09-01 15:00:00,-0.5908
2025-09-01 16:00:00,13.8548
2025-09-01 17:00:00,27.4442
2025-09-01 18:00:00,40.5447
2025-09-01 19:00:00,47.6444
2025-09-01 20:00:00,52.0267
2025-09-01 21:00:00,49.3453
2025-09-01 22:00:00,41.3049
2025-09-01 23:00:00,32.0389
2025-09-02 00:00:00,21.3779
2025-09-02 01:00:00,19.4634
2025-09-02 02:00:00,17.0634
2025-09-02 03:00:00,16.2036
2025-09-02 04:00:00,17.1731
2025-09-02 05:00:00,19.271
2025-09-02 06:00:00,20.9676
2025-09-02 07:00:00,20.203
2025-09-02 08:00:00,20.7398
2025-09-02 09:00:00,19.0094
2025-09-02 10:00:00,30.5783
2025-09-02 11:00:00,27.1639
2025-09-02 12:00:00,25.5547
2025-09-02 13:00:00,20.2244
2025-09-02 14:00:00,20.2369
2025-09-02 15:00:00,21.6492
2025-09-02 16:00:00,26.5131
2025-09-02 17:00:00,31.2139
2025-09-02 18:00:00,39.3953
2025-09-02 19:00:00,48.1089
2025-09-02 20:00:00,53.3871
2025-09-02 21:00:00,49.1106
2025-09-02 22:00:00,38.1837
2025-09-02 23:00:00,32.436
2025-09-03 00:00:00,21.1979
2025-09-03 01:00:00,19.0404
2025-09-03 02:00:00,16.7703
2025-09-03 03:00:00,15.8792
2025-09-03 04:00:00,16.4333
2025-09-03 05:00:00,18.3923
2025-09-03 06:00:00,21.7418
2025-09-03 07:00:00,22.8416
2025-09-03 08:00:00,27.4634
2025-09-03 09:00:00,34.1367
2025-09-03 10:00:00,42.2941
2025-09-03 11:00:00,38.8677
2025-09-03 12:00:00,28.1302
2025-09-03 13:00:00,23.4607
2025-09-03 14:00:00,13.505
2025-09-03 15:00:00,13.264
2025-09-03 16:00:00,15.2749
2025-09-03 17:00:00,29.7133
2025-09-03 18:00:00,39.6302
2025-09-03 19:00:00,48.89
2025-09-03 20:00:00,51.9158
2025-09-03 21:00:00,47.9812
2025-09-03 22:00:00,41.0852
2025-09-03 23:00:00,31.549
2025-09-04 00:00:00,21.7201
2025-09-04 01:00:00,19.3177
2025-09-04 02:00:00,17.2693
2025-09-04 03:00:00,15.7823
2025-09-04 04:00:00,17.0618
2025-09-04 05:00:00,19.6313
2025-09-04 06:00:00,19.8757
2025-09-04 07:00:00,7.176
2025-09-04 08:00:00,-7.1242
2025-09-04 09:00:00,-10.3111
2025-09-04 10:00:00,-20.922
2025-09-04 11:00:00,-28.057
2025-09-04 12:00:00,-36.9278
2025-09-04 13:00:00,-36.9963
2025-09-04 14:00:00,-33.3706
2025-09-04 15:00:00,-18.2824
2025-09-04 16:00:00,2.4181
2025-09-04 17:00:00,26.5802
2025-09-04 18:00:00,39.9435
2025-09-04 19:00:00,48.4223
2025-09-04 20:00:00,52.2871
2025-09-04 21:00:00,48.0764
2025-09-04 22:00:00,40.4981
2025-09-04 23:00:00,31.5691
2025-09-05 00:00:00,22.1026
2025-09-05 01:00:00,19.3555
2025-09-05 02:00:00,16.6606
2025-09-05 03:00:00,16.3123
2025-09-05 04:00:00,16.9146
2025-09-05 05:00:00,19.2089
2025-09-05 06:00:00,19.4169
2025-09-05 07:00:00,7.6289
2025-09-05 08:00:00,-4.4024
2025-09-05 09:00:00,-15.7211
2025-09-05 10:00:00,-15.2046
2025-09-05 11:00:00,-7.8346
2025-09-05 12:00:00,-5.1393
2025-09-05 13:00:00,-7.5195
2025-09-05 14:00:00,-7.2324
2025-09-05 15:00:00,-11.0765
2025-09-05 16:00:00,6.5232
2025-09-05 17:00:00,25.3154
2025-09-05 18:00:00,40.5768
2025-09-05 19:00:00,48.5528
2025-09-05 20:00:00,52.1821
2025-09-05 21:00:00,47.7001
2025-09-05 22:00:00,40.5037
2025-09-05 23:00:00,31.3616
2025-09-06 00:00:00,18.6403
2025-09-06 01:00:00,16.0938
2025-09-06 02:00:00,14.3684
2025-09-06 03:00:00,13.6662
2025-09-06 04:00:00,14.4841
2025-09-06 05:00:00,16.2905
2025-09-06 06:00:00,16.4668
2025-09-06 07:00:00,2.5626
2025-09-06 08:00:00,-11.4806
2025-09-06 09:00:00,-18.7203
2025-09-06 10:00:00,-22.9198
2025-09-06 11:00:00,-29.4145
2025-09-06 12:00:00,-37.5427
2025-09-06 13:00:00,-42.4486
2025-09-06 14:00:00,-34.8726
2025-09-06 15:00:00,-21.6752
2025-09-06 16:00:00,-1.1677
2025-09-06 17:00:00,20.8905
2025-09-06 18:00:00,34.7381
2025-09-06 19:00:00,41.8167
2025-09-06 20:00:00,43.7165
2025-09-06 21:00:00,40.8958
2025-09-06 22:00:00,34.9106
2025-09-06 23:00:00,27.298
2025-09-07 00:00:00,18.7875
2025-09-07 01:00:00,16.4698
2025-09-07 02:00:00,14.3408
2025-09-07 03:00:00,13.4179
2025-09-07 04:00:00,14.1969
2025-09-07 05:00:00,16.599
2025-09-07 06:00:00,16.6218
2025-09-07 07:00:00,2.4372
2025-09-07 08:00:00,-12.1675
2025-09-07 09:00:00,-21.9965
2025-09-07 10:00:00,-27.2259
2025-09-07 11:00:00,-31.58
2025-09-07 12:00:00,-38.6562
2025-09-07 13:00:00,-41.3381
2025-09-07 14:00:00,-29.5578
2025-09-07 15:00:00,-17.6862
2025-09-07 16:00:00,2.8323
2025-09-07 17:00:00,21.1449
2025-09-07 18:00:00,33.1029
2025-09-07 19:00:00,40.7989
2025-09-07 20:00:00,44.2061
2025-09-07 21:00:00,41.0291
2025-09-07 22:00:00,34.0459
2025-09-07 23:00:00,26.6973
2025-09-08 00:00:00,21.7675
2025-09-08 01:00:00,18.731
2025-09-08 02:00:00,17.2114
2025-09-08 03:00:00,16.0097
2025-09-08 04:00:00,16.5011
2025-09-08 05:00:00,19.3824
2025-09-08 06:00:00,19.5469
2025-09-08 07:00:00,6.2496
2025-09-08 08:00:00,-7.4224
2025-09-08 09:00:00,-14.6555
2025-09-08 10:00:00,-17.1546
2025-09-08 11:00:00,-23.7095
2025-09-08 12:00:00,-26.3747
2025-09-08 13:00:00,-32.0947
2025-09-08 14:00:00,-26.3834
2025-09-08 15:00:00,-10.0449
2025-09-08 16:00:00,7.5873
2025-09-08 17:00:00,26.6082
2025-09-08 18:00:00,41.1286
2025-09-08 19:00:00,48.5048
2025-09-08 20:00:00,51.6573
2025-09-08 21:00:00,49.5064
2025-09-08 22:00:00,39.5754
2025-09-08 23:00:00,32.452
2025-09-09 00:00:00,21.9484
2025-09-09 01:00:00,19.0081
2025-09-09 02:00:00,17.1317
2025-09-09 03:00:00,16.1653
2025-09-09 04:00:00,16.6717
2025-09-09 05:00:00,19.3608
2025-09-09 06:00:00,20.0252
2025-09-09 07:00:00,7.8195
2025-09-09 08:00:00,-6.1995
2025-09-09 09:00:00,-14.0247
2025-09-09 10:00:00,-14.9808
2025-09-09 11:00:00,-12.281
2025-09-09 12:00:00,-21.1841
2025-09-09 13:00:00,-12.777
2025-09-09 14:00:00,-17.6932
2025-09-09 15:00:00,-5.1604
2025-09-09 16:00:00,5.382
2025-09-09 17:00:00,26.5762
2025-09-09 18:00:00,40.5974
2025-09-09 19:00:00,48.557
2025-09-09 20:00:00,51.2934
2025-09-09 21:00:00,49.0325
2025-09-09 22:00:00,40.6586
2025-09-09 23:00:00,31.8132
2025-09-10 00:00:00,22.174
2025-09-10 01:00:00,18.6393
2025-09-10 02:00:00,16.8319
2025-09-10 03:00:00,16.3157
2025-09-10 04:00:00,16.758
2025-09-10 05:00:00,18.9341
2025-09-10 06:00:00,19.469
2025-09-10 07:00:00,6.9086
2025-09-10 08:00:00,-8.6023
2025-09-10 09:00:00,-16.3808
2025-09-10 10:00:00,-19.8729
2025-09-10 11:00:00,-25.6287
2025-09-10 12:00:00,-31.4881
2025-09-10 13:00:00,-34.2347
2025-09-10 14:00:00,-28.9524
2025-09-10 15:00:00,-17.1135
2025-09-10 16:00:00,4.5578
2025-09-10 17:00:00,26.9734
2025-09-10 18:00:00,41.3304
2025-09-10 19:00:00,48.5237
2025-09-10 20:00:00,52.5597
2025-09-10 21:00:00,48.7089
2025-09-10 22:00:00,40.3041
2025-09-10 23:00:00,32.7154
2025-09-11 00:00:00,21.4959
2025-09-11 01:00:00,18.9819
2025-09-11 02:00:00,16.9133
2025-09-11 03:00:00,15.7225
2025-09-11 04:00:00,16.9904
2025-09-11 05:00:00,19.0782
2025-09-11 06:00:00,19.6381
2025-09-11 07:00:00,6.2922
2025-09-11 08:00:00,-8.7575
2025-09-11 09:00:00,-17.1106
2025-09-11 10:00:00,-23.2199
2025-09-11 11:00:00,-28.9967
2025-09-11 12:00:00,-37.5004
2025-09-11 13:00:00,-41.6006
2025-09-11 14:00:00,-34.3653
2025-09-11 15:00:00,-19.0729
2025-09-11 16:00:00,2.8286
2025-09-11 17:00:00,26.3567
2025-09-11 18:00:00,39.2535
2025-09-11 19:00:00,47.6558
2025-09-11 20:00:00,51.544
2025-09-11 21:00:00,46.9314
2025-09-11 22:00:00,39.9716
2025-09-11 23:00:00,31.8549
2025-09-12 00:00:00,21.1495
2025-09-12 01:00:00,18.8652
2025-09-12 02:00:00,16.4623
2025-09-12 03:00:00,16.2347
2025-09-12 04:00:00,16.8714
2025-09-12 05:00:00,19.4849
2025-09-12 06:00:00,20.8383
2025-09-12 07:00:00,15.0959
2025-09-12 08:00:00,10.9907
2025-09-12 09:00:00,8.5213
2025-09-12 10:00:00,-0.5223
2025-09-12 11:00:00,-1.5468
2025-09-12 12:00:00,-0.3195
2025-09-12 13:00:00,2.1671
2025-09-12 14:00:00,-1.808
2025-09-12 15:00:00,3.8591
2025-09-12 16:00:00,10.5638
2025-09-12 17:00:00,28.0062
2025-09-12 18:00:00,38.9441
2025-09-12 19:00:00,48.1725
2025-09-12 20:00:00,52.9101
2025-09-12 21:00:00,47.3883
2025-09-12 22:00:00,39.2395
2025-09-12 23:00:00,32.2562
2025-09-13 00:00:00,18.6997
2025-09-13 01:00:00,16.4223
2025-09-13 02:00:00,14.4409
2025-09-13 03:00:00,13.4299
2025-09-13 04:00:00,14.1957
2025-09-13 05:00:00,16.207
2025-09-13 06:00:00,16.2421
2025-09-13 07:00:00,4.1392
2025-09-13 08:00:00,-10.1816
2025-09-13 09:00:00,-20.5341
2025-09-13 10:00:00,-22.171
2025-09-13 11:00:00,-30.9622
2025-09-13 12:00:00,-32.8344
2025-09-13 13:00:00,-33.8109
2025-09-13 14:00:00,-33.1607
2025-09-13 15:00:00,-17.455
2025-09-13 16:00:00,1.4933
2025-09-13 17:00:00,21.7722
2025-09-13 18:00:00,34.1799
2025-09-13 19:00:00,40.9207
2025-09-13 20:00:00,44.5466
2025-09-13 21:00:00,41.0135
2025-09-13 22:00:00,34.4845
2025-09-13 23:00:00,26.7561
2025-09-14 00:00:00,18.9197
2025-09-14 01:00:00,16.3718
2025-09-14 02:00:00,14.3162
2025-09-14 03:00:00,13.4608
2025-09-14 04:00:00,13.9851
2025-09-14 05:00:00,16.5175
2025-09-14 06:00:00,16.7287
2025-09-14 07:00:00,5.2697
2025-09-14 08:00:00,-8.6668
2025-09-14 09:00:00,-13.3027
2025-09-14 10:00:00,-14.8585
2025-09-14 11:00:00,-10.2942
2025-09-14 12:00:00,-26.2291
2025-09-14 13:00:00,-25.686
2025-09-14 14:00:00,-21.0808
2025-09-14 15:00:00,-10.2098
2025-09-14 16:00:00,6.5145
2025-09-14 17:00:00,24.113
2025-09-14 18:00:00,33.5753
2025-09-14 19:00:00,41.2391
2025-09-14 20:00:00,44.3073
2025-09-14 21:00:00,41.2281
2025-09-14 22:00:00,32.9516
2025-09-14 23:00:00,27.1775
2025-09-15 00:00:00,22.1746
2025-09-15 01:00:00,19.3285
2025-09-15 02:00:00,16.7116
2025-09-15 03:00:00,16.2271
2025-09-15 04:00:00,17.0925
2025-09-15 05:00:00,19.468
2025-09-15 06:00:00,21.7594
2025-09-15 07:00:00,22.7098
2025-09-15 08:00:00,24.2861
2025-09-15 09:00:00,26.6982
2025-09-15 10:00:00,23.5612
2025-09-15 11:00:00,19.8953
2025-09-15 12:00:00,11.2202
2025-09-15 13:00:00,11.4027
2025-09-15 14:00:00,12.601
2025-09-15 15:00:00,7.6872
2025-09-15 16:00:00,15.226
2025-09-15 17:00:00,28.8568
2025-09-15 18:00:00,39.4187
2025-09-15 19:00:00,49.3584
2025-09-15 20:00:00,51.9412
2025-09-15 21:00:00,48.8346
2025-09-15 22:00:00,40.3454
2025-09-15 23:00:00,31.8284
2025-09-16 00:00:00,22.329
2025-09-16 01:00:00,18.8308
2025-09-16 02:00:00,16.9278
2025-09-16 03:00:00,15.7675
2025-09-16 04:00:00,16.9267
2025-09-16 05:00:00,19.3495
2025-09-16 06:00:00,21.4647
2025-09-16 07:00:00,23.0633
2025-09-16 08:00:00,25.4499
2025-09-16 09:00:00,24.666
2025-09-16 10:00:00,35.8335
2025-09-16 11:00:00,34.7037
2025-09-16 12:00:00,18.3675
2025-09-16 13:00:00,5.8926
2025-09-16 14:00:00,7.0952
2025-09-16 15:00:00,12.4528
2025-09-16 16:00:00,19.7148
2025-09-16 17:00:00,30.7826
2025-09-16 18:00:00,39.9913
2025-09-16 19:00:00,47.6661
2025-09-16 20:00:00,52.6048
2025-09-16 21:00:00,49.0656
2025-09-16 22:00:00,41.3088
2025-09-16 23:00:00,31.8609
2025-09-17 00:00:00,21.8741
2025-09-17 01:00:00,19.4109
2025-09-17 02:00:00,16.9992
2025-09-17 03:00:00,16.3473
2025-09-17 04:00:00,16.7508
2025-09-17 05:00:00,19.5084
2025-09-17 06:00:00,22.2233
2025-09-17 07:00:00,23.3514
2025-09-17 08:00:00,20.7016
2025-09-17 09:00:00,24.3736
2025-09-17 10:00:00,33.9073
2025-09-17 11:00:00,42.1798
2025-09-17 12:00:00,32.3458
2025-09-17 13:00:00,28.9257
2025-09-17 14:00:00,17.8434
2025-09-17 15:00:00,23.1104
2025-09-17 16:00:00,23.0575
2025-09-17 17:00:00,29.8889
2025-09-17 18:00:00,39.8228
2025-09-17 19:00:00,48.6899
2025-09-17 20:00:00,51.95
2025-09-17 21:00:00,48.154
2025-09-17 22:00:00,39.7264
2025-09-17 23:00:00,32.0243
2025-09-18 00:00:00,21.1954
2025-09-18 01:00:00,19.3467
2025-09-18 02:00:00,17.0516
2025-09-18 03:00:00,16.0013
2025-09-18 04:00:00,16.4434
2025-09-18 05:00:00,19.1397
2025-09-18 06:00:00,20.6794
2025-09-18 07:00:00,16.3744
2025-09-18 08:00:00,13.3302
2025-09-18 09:00:00,14.1817
2025-09-18 10:00:00,13.6743
2025-09-18 11:00:00,3.9916
2025-09-18 12:00:00,-5.03
2025-09-18 13:00:00,-11.299
2025-09-18 14:00:00,-5.6707
2025-09-18 15:00:00,6.3769
2025-09-18 16:00:00,18.8685
2025-09-18 17:00:00,29.4706
2025-09-18 18:00:00,40.1821
2025-09-18 19:00:00,47.4183
2025-09-18 20:00:00,52.2071
2025-09-18 21:00:00,47.3493
2025-09-18 22:00:00,38.9976
2025-09-18 23:00:00,32.6099
2025-09-19 00:00:00,22.4157
2025-09-19 01:00:00,19.586
2025-09-19 02:00:00,17.0916
2025-09-19 03:00:00,15.8968
2025-09-19 04:00:00,17.0689
2025-09-19 05:00:00,19.6518
2025-09-19 06:00:00,20.3971
2025-09-19 07:00:00,11.8905
2025-09-19 08:00:00,4.1975
2025-09-19 09:00:00,-0.3878
2025-09-19 10:00:00,3.5913
2025-09-19 11:00:00,9.4575
2025-09-19 12:00:00,0.8444
2025-09-19 13:00:00,-1.4577
2025-09-19 14:00:00,7.8676
2025-09-19 15:00:00,7.6984
2025-09-19 16:00:00,15.5116
2025-09-19 17:00:00,29.9572
2025-09-19 18:00:00,39.8072
2025-09-19 19:00:00,47.5143
2025-09-19 20:00:00,53.6636
2025-09-19 21:00:00,49.7457
2025-09-19 22:00:00,38.4999
2025-09-19 23:00:00,31.8026
2025-09-20 00:00:00,18.7179
2025-09-20 01:00:00,16.396
2025-09-20 02:00:00,14.2761
2025-09-20 03:00:00,13.8598
2025-09-20 04:00:00,14.3281
2025-09-20 05:00:00,16.5087
2025-09-20 06:00:00,18.9785
2025-09-20 07:00:00,18.8612
2025-09-20 08:00:00,18.8625
2025-09-20 09:00:00,25.9134
2025-09-20 10:00:00,23.0615
2025-09-20 11:00:00,10.5782
2025-09-20 12:00:00,-0.6513
2025-09-20 13:00:00,5.1595
2025-09-20 14:00:00,6.5935
2025-09-20 15:00:00,14.9852
2025-09-20 16:00:00,20.6822
2025-09-20 17:00:00,26.3883
2025-09-20 18:00:00,33.1467
2025-09-20 19:00:00,41.8869
2025-09-20 20:00:00,44.9743
2025-09-20 21:00:00,40.7112
2025-09-20 22:00:00,33.9028
2025-09-20 23:00:00,28.0346
2025-09-21 00:00:00,18.0695
2025-09-21 01:00:00,16.3501
2025-09-21 02:00:00,14.4321
2025-09-21 03:00:00,13.4455
2025-09-21 04:00:00,14.4993
2025-09-21 05:00:00,16.8264
2025-09-21 06:00:00,18.7619
2025-09-21 07:00:00,21.3419
2025-09-21 08:00:00,23.6964
2025-09-21 09:00:00,28.3331
2025-09-21 10:00:00,34.4753
2025-09-21 11:00:00,33.2238
2025-09-21 12:00:00,25.0216
2025-09-21 13:00:00,20.7379
2025-09-21 14:00:00,20.9085
2025-09-21 15:00:00,20.1791
2025-09-21 16:00:00,19.05
2025-09-21 17:00:00,24.9841
2025-09-21 18:00:00,34.5989
2025-09-21 19:00:00,41.6288
2025-09-21 20:00:00,43.5015
2025-09-21 21:00:00,40.299
2025-09-21 22:00:00,33.191
2025-09-21 23:00:00,27.3646
2025-09-22 00:00:00,22.0602
2025-09-22 01:00:00,18.9545
2025-09-22 02:00:00,17.3895
2025-09-22 03:00:00,15.6021
2025-09-22 04:00:00,16.7337
2025-09-22 05:00:00,19.0171
2025-09-22 06:00:00,20.0207
2025-09-22 07:00:00,5.2564
2025-09-22 08:00:00,-11.3177
2025-09-22 09:00:00,-20.7479
2025-09-22 10:00:00,-24.9384
2025-09-22 11:00:00,-29.8134
2025-09-22 12:00:00,-35.2458
2025-09-22 13:00:00,-40.7226
2025-09-22 14:00:00,-30.6887
2025-09-22 15:00:00,-16.9714
2025-09-22 16:00:00,5.1026
2025-09-22 17:00:00,28.1495
2025-09-22 18:00:00,40.549
2025-09-22 19:00:00,47.874
2025-09-22 20:00:00,51.8215
2025-09-22 21:00:00,46.5584
2025-09-22 22:00:00,40.1068
2025-09-22 23:00:00,32.4479
2025-09-23 00:00:00,21.517
2025-09-23 01:00:00,19.3202
2025-09-23 02:00:00,17.1455
2025-09-23 03:00:00,16.0418
2025-09-23 04:00:00,16.6371
2025-09-23 05:00:00,19.5321
2025-09-23 06:00:00,20.1888
2025-09-23 07:00:00,14.4643
2025-09-23 08:00:00,4.7978
2025-09-23 09:00:00,5.0777
2025-09-23 10:00:00,11.1593
2025-09-23 11:00:00,27.5441
2025-09-23 12:00:00,24.2226
2025-09-23 13:00:00,15.2367
2025-09-23 14:00:00,5.8008
2025-09-23 15:00:00,3.4466
2025-09-23 16:00:00,14.952
2025-09-23 17:00:00,29.3336
2025-09-23 18:00:00,39.9774
2025-09-23 19:00:00,48.091
2025-09-23 20:00:00,53.0126
2025-09-23 21:00:00,47.4607
2025-09-23 22:00:00,40.596
2025-09-23 23:00:00,32.8906
2025-09-24 00:00:00,22.307
2025-09-24 01:00:00,18.9962
2025-09-24 02:00:00,16.7158
2025-09-24 03:00:00,16.0248
2025-09-24 04:00:00,16.6467
2025-09-24 05:00:00,19.638
2025-09-24 06:00:00,20.1642
2025-09-24 07:00:00,5.4368
2025-09-24 08:00:00,-9.9794
2025-09-24 09:00:00,-19.0624
2025-09-24 10:00:00,-23.3403
2025-09-24 11:00:00,-27.3147
2025-09-24 12:00:00,-33.4714
2025-09-24 13:00:00,-35.2322
2025-09-24 14:00:00,-28.6909
2025-09-24 15:00:00,-8.9111
2025-09-24 16:00:00,12.8525
2025-09-24 17:00:00,28.962
2025-09-24 18:00:00,39.6222
2025-09-24 19:00:00,49.0071
2025-09-24 20:00:00,51.6308
2025-09-24 21:00:00,48.5883
2025-09-24 22:00:00,39.077
2025-09-24 23:00:00,32.2464
2025-09-25 00:00:00,22.0213
2025-09-25 01:00:00,18.8985
2025-09-25 02:00:00,16.854
2025-09-25 03:00:00,16.3834
2025-09-25 04:00:00,16.6938
2025-09-25 05:00:00,19.4557
2025-09-25 06:00:00,22.415
2025-09-25 07:00:00,25.4542
2025-09-25 08:00:00,30.3572
2025-09-25 09:00:00,37.3721
2025-09-25 10:00:00,43.9614
2025-09-25 11:00:00,43.2333
2025-09-25 12:00:00,33.0268
2025-09-25 13:00:00,26.2841
2025-09-25 14:00:00,26.6194
2025-09-25 15:00:00,25.4801
2025-09-25 16:00:00,24.5501
2025-09-25 17:00:00,32.1671
2025-09-25 18:00:00,39.9304
2025-09-25 19:00:00,47.5738
2025-09-25 20:00:00,53.3061
2025-09-25 21:00:00,47.5324
2025-09-25 22:00:00,39.6345
2025-09-25 23:00:00,31.8908
2025-09-26 00:00:00,21.4702
2025-09-26 01:00:00,19.4126
2025-09-26 02:00:00,16.3657
2025-09-26 03:00:00,15.8257
2025-09-26 04:00:00,17.224
2025-09-26 05:00:00,18.6057
2025-09-26 06:00:00,22.2046
2025-09-26 07:00:00,23.3775
2025-09-26 08:00:00,20.4879
2025-09-26 09:00:00,24.077
2025-09-26 10:00:00,21.2685
2025-09-26 11:00:00,25.2326
2025-09-26 12:00:00,27.9105
2025-09-26 13:00:00,28.7041
2025-09-26 14:00:00,25.1624
2025-09-26 15:00:00,25.3402
2025-09-26 16:00:00,27.3955
2025-09-26 17:00:00,31.106
2025-09-26 18:00:00,40.3656
2025-09-26 19:00:00,48.6607
2025-09-26 20:00:00,51.6356
2025-09-26 21:00:00,48.9151
2025-09-26 22:00:00,39.9966
2025-09-26 23:00:00,32.1336
2025-09-27 00:00:00,18.168
2025-09-27 01:00:00,16.2273
2025-09-27 02:00:00,14.4293
2025-09-27 03:00:00,13.7086
2025-09-27 04:00:00,14.2662
2025-09-27 05:00:00,16.1431
2025-09-27 06:00:00,18.8131
2025-09-27 07:00:00,21.0244
2025-09-27 08:00:00,25.931
2025-09-27 09:00:00,30.8376
2025-09-27 10:00:00,35.2269
2025-09-27 11:00:00,36.1376
2025-09-27 12:00:00,31.0405
2025-09-27 13:00:00,25.5374
2025-09-27 14:00:00,21.7797
2025-09-27 15:00:00,20.617
2025-09-27 16:00:00,21.795
2025-09-27 17:00:00,27.3851
2025-09-27 18:00:00,34.2181
2025-09-27 19:00:00,42.227
2025-09-27 20:00:00,43.907
2025-09-27 21:00:00,40.814
2025-09-27 22:00:00,34.7193
2025-09-27 23:00:00,27.7777
2025-09-28 00:00:00,18.2435
2025-09-28 01:00:00,15.7876
2025-09-28 02:00:00,14.2291
2025-09-28 03:00:00,13.9443
2025-09-28 04:00:00,14.6826
2025-09-28 05:00:00,16.8614
2025-09-28 06:00:00,19.3375
2025-09-28 07:00:00,21.678
2025-09-28 08:00:00,21.7098
2025-09-28 09:00:00,22.5791
2025-09-28 10:00:00,24.0249
2025-09-28 11:00:00,28.791
2025-09-28 12:00:00,24.7784
2025-09-28 13:00:00,21.0443
2025-09-28 14:00:00,17.2645
2025-09-28 15:00:00,19.799
2025-09-28 16:00:00,22.4771
2025-09-28 17:00:00,27.0317
2025-09-28 18:00:00,33.4757
2025-09-28 19:00:00,40.2913
2025-09-28 20:00:00,44.818
2025-09-28 21:00:00,41.7496
2025-09-28 22:00:00,34.1069
2025-09-28 23:00:00,27.4201
2025-09-29 00:00:00,21.7163
2025-09-29 01:00:00,19.2519
2025-09-29 02:00:00,16.9638
2025-09-29 03:00:00,15.9896
2025-09-29 04:00:00,16.8212
2025-09-29 05:00:00,19.5421
2025-09-29 06:00:00,21.7358
2025-09-29 07:00:00,25.148
2025-09-29 08:00:00,27.5388
2025-09-29 09:00:00,30.3103
2025-09-29 10:00:00,30.8022
2025-09-29 11:00:00,28.0256
2025-09-29 12:00:00,26.0417
2025-09-29 13:00:00,19.4426
2025-09-29 14:00:00,17.507
2025-09-29 15:00:00,21.1087
2025-09-29 16:00:00,24.6923
2025-09-29 17:00:00,30.9769
2025-09-29 18:00:00,39.4613
2025-09-29 19:00:00,49.1814
2025-09-29 20:00:00,52.5376
2025-09-29 21:00:00,47.8473
2025-09-29 22:00:00,40.7848
2025-09-29 23:00:00,32.1898
2025-09-30 00:00:00,21.8752
2025-09-30 01:00:00,19.1199
2025-09-30 02:00:00,17.3273
2025-09-30 03:00:00,16.0767
2025-09-30 04:00:00,16.7781
2025-09-30 05:00:00,19.27
2025-09-30 06:00:00,22.2379
2025-09-30 07:00:00,22.943
2025-09-30 08:00:00,23.4096
2025-09-30 09:00:00,29.0459
2025-09-30 10:00:00,25.9455
2025-09-30 11:00:00,13.1471
2025-09-30 12:00:00,-2.8124
2025-09-30 13:00:00,1.0314
2025-09-30 14:00:00,8.0129
2025-09-30 15:00:00,12.746
2025-09-30 16:00:00,20.1422
2025-09-30 17:00:00,30.757
2025-09-30 18:00:00,40.2058
2025-09-30 19:00:00,48.0705
2025-09-30 20:00:00,51.3846
2025-09-30 21:00:00,48.1673
2025-09-30 22:00:00,40.3638
2025-09-30 23:00:00,31.8656
2025-10-01 00:00:00,19.4994
2025-10-01 01:00:00,17.5896
2025-10-01 02:00:00,14.9197
2025-10-01 03:00:00,14.525
2025-10-01 04:00:00,14.9919
2025-10-01 05:00:00,17.1346
2025-10-01 06:00:00,20.1025
2025-10-01 07:00:00,21.417
2025-10-01 08:00:00,18.5649
2025-10-01 09:00:00,16.9015
2025-10-01 10:00:00,11.8401
2025-10-01 11:00:00,-13.9112
2025-10-01 12:00:00,-4.1727
2025-10-01 13:00:00,5.4978
2025-10-01 14:00:00,14.6132
2025-10-01 15:00:00,20.487
2025-10-01 16:00:00,24.3474
2025-10-01 17:00:00,28.4456
2025-10-01 18:00:00,35.8875
2025-10-01 19:00:00,42.9805
2025-10-01 20:00:00,45.9079
2025-10-01 21:00:00,43.7104
2025-10-01 22:00:00,35.5173
2025-10-01 23:00:00,28.7719
2025-10-02 00:00:00,19.6913
2025-10-02 01:00:00,17.4712
2025-10-02 02:00:00,15.4787
2025-10-02 03:00:00,14.5169
2025-10-02 04:00:00,15.4505
2025-10-02 05:00:00,17.1491
2025-10-02 06:00:00,19.637
2025-10-02 07:00:00,21.9709
2025-10-02 08:00:00,24.2627
2025-10-02 09:00:00,25.771
2025-10-02 10:00:00,20.238
2025-10-02 11:00:00,20.1545
2025-10-02 12:00:00,14.9811
2025-10-02 13:00:00,16.1811
2025-10-02 14:00:00,8.9499
2025-10-02 15:00:00,21.2899
2025-10-02 16:00:00,24.2758
2025-10-02 17:00:00,29.0165
2025-10-02 18:00:00,35.7885
2025-10-02 19:00:00,43.4805
2025-10-02 20:00:00,46.4347
2025-10-02 21:00:00,43.8537
2025-10-02 22:00:00,36.7727
2025-10-02 23:00:00,28.6839
2025-10-03 00:00:00,19.7764
2025-10-03 01:00:00,17.5958
2025-10-03 02:00:00,15.4467
2025-10-03 03:00:00,14.4583
2025-10-03 04:00:00,15.0424
2025-10-03 05:00:00,17.3804
2025-10-03 06:00:00,19.8593
2025-10-03 07:00:00,22.3529
2025-10-03 08:00:00,26.5845
2025-10-03 09:00:00,31.9236
2025-10-03 10:00:00,37.1178
2025-10-03 11:00:00,32.5354
2025-10-03 12:00:00,28.9295
2025-10-03 13:00:00,26.0738
2025-10-03 14:00:00,21.8873
2025-10-03 15:00:00,21.9782
2025-10-03 16:00:00,24.5823
2025-10-03 17:00:00,28.2009
2025-10-03 18:00:00,35.6998
2025-10-03 19:00:00,44.0796
2025-10-03 20:00:00,46.9127
2025-10-03 21:00:00,43.8639
2025-10-03 22:00:00,36.8373
2025-10-03 23:00:00,28.9936
2025-10-04 00:00:00,16.2246
2025-10-04 01:00:00,15.0209
2025-10-04 02:00:00,13.0734
2025-10-04 03:00:00,12.4945
2025-10-04 04:00:00,12.4578
2025-10-04 05:00:00,14.611
2025-10-04 06:00:00,16.1729
2025-10-04 07:00:00,7.4817
2025-10-04 08:00:00,-7.8193
2025-10-04 09:00:00,-18.2044
2025-10-04 10:00:00,-31.034
2025-10-04 11:00:00,-37.5796
2025-10-04 12:00:00,-44.9841
2025-10-04 13:00:00,-43.2327
2025-10-04 14:00:00,-28.4336
2025-10-04 15:00:00,-18.6932
2025-10-04 16:00:00,1.7204
2025-10-04 17:00:00,22.4947
2025-10-04 18:00:00,30.1554
2025-10-04 19:00:00,36.449
2025-10-04 20:00:00,39.4442
2025-10-04 21:00:00,37.0476
2025-10-04 22:00:00,29.9795
2025-10-04 23:00:00,24.1632
2025-10-05 00:00:00,16.5792
2025-10-05 01:00:00,14.6306
2025-10-05 02:00:00,12.5864
2025-10-05 03:00:00,12.1958
2025-10-05 04:00:00,13.0077
2025-10-05 05:00:00,15.1178
2025-10-05 06:00:00,15.7007
2025-10-05 07:00:00,7.9295
2025-10-05 08:00:00,-2.9558
2025-10-05 09:00:00,-18.6337
2025-10-05 10:00:00,-25.8316
2025-10-05 11:00:00,-39.1438
2025-10-05 12:00:00,-43.204
2025-10-05 13:00:00,-38.5237
2025-10-05 14:00:00,-33.6179
2025-10-05 15:00:00,-18.8132
2025-10-05 16:00:00,1.9703
2025-10-05 17:00:00,23.1473
2025-10-05 18:00:00,30.9515
2025-10-05 19:00:00,36.7808
2025-10-05 20:00:00,39.8496
2025-10-05 21:00:00,37.8182
2025-10-05 22:00:00,30.4466
2025-10-05 23:00:00,24.7658
2025-10-06 00:00:00,20.0651
2025-10-06 01:00:00,17.2537
2025-10-06 02:00:00,14.9475
2025-10-06 03:00:00,13.924
2025-10-06 04:00:00,15.0548
2025-10-06 05:00:00,17.3829
2025-10-06 06:00:00,19.7294
2025-10-06 07:00:00,20.8312
2025-10-06 08:00:00,23.8417
2025-10-06 09:00:00,29.8403
2025-10-06 10:00:00,39.211
2025-10-06 11:00:00,36.5686
2025-10-06 12:00:00,31.4476
2025-10-06 13:00:00,25.5829
2025-10-06 14:00:00,24.033
2025-10-06 15:00:00,23.1967
2025-10-06 16:00:00,25.8581
2025-10-06 17:00:00,29.9142
2025-10-06 18:00:00,35.3063
2025-10-06 19:00:00,42.8504
2025-10-06 20:00:00,47.2731
2025-10-06 21:00:00,42.7963
2025-10-06 22:00:00,36.4657
2025-10-06 23:00:00,28.4105
2025-10-07 00:00:00,20.0666
2025-10-07 01:00:00,17.6133
2025-10-07 02:00:00,15.1553
2025-10-07 03:00:00,14.5755
2025-10-07 04:00:00,15.2374
2025-10-07 05:00:00,17.3644
2025-10-07 06:00:00,19.6267
2025-10-07 07:00:00,10.2285
2025-10-07 08:00:00,3.6897
2025-10-07 09:00:00,4.7021
2025-10-07 10:00:00,0.8098
2025-10-07 11:00:00,-12.6014
2025-10-07 12:00:00,-30.1788
2025-10-07 13:00:00,-27.6379
2025-10-07 14:00:00,-28.0113
2025-10-07 15:00:00,-13.423
2025-10-07 16:00:00,7.5003
2025-10-07 17:00:00,27.6971
2025-10-07 18:00:00,36.9346
2025-10-07 19:00:00,43.8878
2025-10-07 20:00:00,47.0679
2025-10-07 21:00:00,43.2122
2025-10-07 22:00:00,35.9754
2025-10-07 23:00:00,28.768
2025-10-08 00:00:00,19.4799
2025-10-08 01:00:00,17.3675
2025-10-08 02:00:00,15.2707
2025-10-08 03:00:00,14.5821
2025-10-08 04:00:00,15.4136
2025-10-08 05:00:00,17.0159
2025-10-08 06:00:00,17.9792
2025-10-08 07:00:00,3.8524
2025-10-08 08:00:00,-13.6076
2025-10-08 09:00:00,-23.293
2025-10-08 10:00:00,-27.3691
2025-10-08 11:00:00,-33.2946
2025-10-08 12:00:00,-38.9495
2025-10-08 13:00:00,-38.1823
2025-10-08 14:00:00,-30.7691
2025-10-08 15:00:00,-14.0518
2025-10-08 16:00:00,7.5823
2025-10-08 17:00:00,26.8733
2025-10-08 18:00:00,35.6676
2025-10-08 19:00:00,44.1186
2025-10-08 20:00:00,46.6451
2025-10-08 21:00:00,42.615
2025-10-08 22:00:00,35.0854
2025-10-08 23:00:00,29.2187
2025-10-09 00:00:00,19.9659
2025-10-09 01:00:00,17.3362
2025-10-09 02:00:00,14.9847
2025-10-09 03:00:00,14.4281
2025-10-09 04:00:00,15.4594
2025-10-09 05:00:00,17.9041
2025-10-09 06:00:00,18.4384
2025-10-09 07:00:00,3.5346
2025-10-09 08:00:00,-9.6102
2025-10-09 09:00:00,-15.9192
2025-10-09 10:00:00,-23.7076
2025-10-09 11:00:00,-32.0402
2025-10-09 12:00:00,-38.1826
2025-10-09 13:00:00,-39.4316
2025-10-09 14:00:00,-31.7482
2025-10-09 15:00:00,-15.8136
2025-10-09 16:00:00,8.2087
2025-10-09 17:00:00,28.8917
2025-10-09 18:00:00,35.3963
2025-10-09 19:00:00,43.3994
2025-10-09 20:00:00,47.0311
2025-10-09 21:00:00,44.2255
2025-10-09 22:00:00,35.7052
2025-10-09 23:00:00,30.0635
2025-10-10 00:00:00,19.804
2025-10-10 01:00:00,17.3656
2025-10-10 02:00:00,15.2949
2025-10-10 03:00:00,14.5862
2025-10-10 04:00:00,15.036
2025-10-10 05:00:00,16.8774
2025-10-10 06:00:00,17.8358
2025-10-10 07:00:00,3.4483
2025-10-10 08:00:00,-13.3588
2025-10-10 09:00:00,-22.5412
2025-10-10 10:00:00,-27.068
2025-10-10 11:00:00,-33.0113
2025-10-10 12:00:00,-37.8441
2025-10-10 13:00:00,-39.8383
2025-10-10 14:00:00,-32.0634
2025-10-10 15:00:00,-16.0882
2025-10-10 16:00:00,6.6635
2025-10-10 17:00:00,28.3987
2025-10-10 18:00:00,36.5112
2025-10-10 19:00:00,42.4065
2025-10-10 20:00:00,46.795
2025-10-10 21:00:00,43.5182
2025-10-10 22:00:00,35.5155
2025-10-10 23:00:00,29.4186
2025-10-11 00:00:00,16.5866
2025-10-11 01:00:00,14.7229
2025-10-11 02:00:00,13.1074
2025-10-11 03:00:00,12.0653
2025-10-11 04:00:00,12.9699
2025-10-11 05:00:00,15.1465
2025-10-11 06:00:00,15.054
2025-10-11 07:00:00,0.0288
2025-10-11 08:00:00,-16.942
2025-10-11 09:00:00,-29.2802
2025-10-11 10:00:00,-35.2732
2025-10-11 11:00:00,-42.0212
2025-10-11 12:00:00,-46.6177
2025-10-11 13:00:00,-45.797
2025-10-11 14:00:00,-36.9686
2025-10-11 15:00:00,-20.0799
2025-10-11 16:00:00,3.8892
2025-10-11 17:00:00,24.2386
2025-10-11 18:00:00,31.3933
2025-10-11 19:00:00,37.8897
2025-10-11 20:00:00,39.253
2025-10-11 21:00:00,36.5209
2025-10-11 22:00:00,30.9918
2025-10-11 23:00:00,25.1737
2025-10-12 00:00:00,16.8211
2025-10-12 01:00:00,14.6928
2025-10-12 02:00:00,12.8399
2025-10-12 03:00:00,12.0662
2025-10-12 04:00:00,12.6989
2025-10-12 05:00:00,15.0516
2025-10-12 06:00:00,16.1111
2025-10-12 07:00:00,3.7058
2025-10-12 08:00:00,-10.2048
2025-10-12 09:00:00,-18.4937
2025-10-12 10:00:00,-25.2888
2025-10-12 11:00:00,-25.3381
2025-10-12 12:00:00,-13.3779
2025-10-12 13:00:00,-23.9328
2025-10-12 14:00:00,-18.2445
2025-10-12 15:00:00,-5.9425
2025-10-12 16:00:00,10.1014
2025-10-12 17:00:00,24.7158
2025-10-12 18:00:00,31.0685
2025-10-12 19:00:00,36.3542
2025-10-12 20:00:00,39.1795
2025-10-12 21:00:00,36.6043
2025-10-12 22:00:00,31.0989
2025-10-12 23:00:00,24.643
2025-10-13 00:00:00,19.6239
2025-10-13 01:00:00,17.1455
2025-10-13 02:00:00,15.2108
2025-10-13 03:00:00,14.8503
2025-10-13 04:00:00,15.1395
2025-10-13 05:00:00,17.5649
2025-10-13 06:00:00,18.9922
2025-10-13 07:00:00,9.1555
2025-10-13 08:00:00,-7.5376
2025-10-13 09:00:00,-17.3972
2025-10-13 10:00:00,-17.8256
2025-10-13 11:00:00,-20.5293
2025-10-13 12:00:00,-4.1973
2025-10-13 13:00:00,-15.6366
2025-10-13 14:00:00,-5.6256
2025-10-13 15:00:00,8.2101
2025-10-13 16:00:00,18.0156
2025-10-13 17:00:00,29.231
2025-10-13 18:00:00,35.5304
2025-10-13 19:00:00,43.3605
2025-10-13 20:00:00,47.4119
2025-10-13 21:00:00,43.597
2025-10-13 22:00:00,35.6866
2025-10-13 23:00:00,29.0448
2025-10-14 00:00:00,19.2106
2025-10-14 01:00:00,17.1335
2025-10-14 02:00:00,15.1364
2025-10-14 03:00:00,14.4173
2025-10-14 04:00:00,14.9651
2025-10-14 05:00:00,17.7048
2025-10-14 06:00:00,18.5534
2025-10-14 07:00:00,4.0653
2025-10-14 08:00:00,-13.9958
2025-10-14 09:00:00,-24.2883
2025-10-14 10:00:00,-23.2442
2025-10-14 11:00:00,-31.0566
2025-10-14 12:00:00,-39.2862
2025-10-14 13:00:00,-40.7534
2025-10-14 14:00:00,3.061
2025-10-14 15:00:00,11.5782
2025-10-14 16:00:00,21.8804
2025-10-14 17:00:00,29.4788
2025-10-14 18:00:00,35.2996
2025-10-14 19:00:00,44.4778
2025-10-14 20:00:00,46.621
2025-10-14 21:00:00,44.2545
2025-10-14 22:00:00,35.8339
2025-10-14 23:00:00,29.369
2025-10-15 00:00:00,19.7046
2025-10-15 01:00:00,17.0848
2025-10-15 02:00:00,15.2646
2025-10-15 03:00:00,14.4899
2025-10-15 04:00:00,15.0469
2025-10-15 05:00:00,16.7974
2025-10-15 06:00:00,19.2698
2025-10-15 07:00:00,4.9373
2025-10-15 08:00:00,-14.1327
2025-10-15 09:00:00,-16.3506
2025-10-15 10:00:00,-17.3911
2025-10-15 11:00:00,-34.517
2025-10-15 12:00:00,-41.1069
2025-10-15 13:00:00,-41.2197
2025-10-15 14:00:00,-33.7137
2025-10-15 15:00:00,-16.7384
2025-10-15 16:00:00,7.2793
2025-10-15 17:00:00,29.1974
2025-10-15 18:00:00,35.5136
2025-10-15 19:00:00,42.3286
2025-10-15 20:00:00,46.5982
2025-10-15 21:00:00,43.5403
2025-10-15 22:00:00,35.8729
2025-10-15 23:00:00,28.4637
2025-10-16 00:00:00,19.8049
2025-10-16 01:00:00,17.2734
2025-10-16 02:00:00,15.0003
2025-10-16 03:00:00,14.2676
2025-10-16 04:00:00,15.3057
2025-10-16 05:00:00,17.6318
2025-10-16 06:00:00,19.8155
2025-10-16 07:00:00,3.5101
2025-10-16 08:00:00,-13.761
2025-10-16 09:00:00,-23.5246
2025-10-16 10:00:00,-30.309
2025-10-16 11:00:00,-34.6501
2025-10-16 12:00:00,-40.2251
2025-10-16 13:00:00,-41.2897
2025-10-16 14:00:00,-31.4627
2025-10-16 15:00:00,-15.0939
2025-10-16 16:00:00,8.4246
2025-10-16 17:00:00,29.6226
2025-10-16 18:00:00,35.3519
2025-10-16 19:00:00,43.8085
2025-10-16 20:00:00,46.1572
2025-10-16 21:00:00,43.9344
2025-10-16 22:00:00,35.0111
2025-10-16 23:00:00,29.0356
2025-10-17 00:00:00,19.7678
2025-10-17 01:00:00,17.2177
2025-10-17 02:00:00,14.8894
2025-10-17 03:00:00,14.2341
2025-10-17 04:00:00,15.6468
2025-10-17 05:00:00,17.758
2025-10-17 06:00:00,19.4929
2025-10-17 07:00:00,4.128
2025-10-17 08:00:00,-12.0874
2025-10-17 09:00:00,-22.1753
2025-10-17 10:00:00,-25.2729
2025-10-17 11:00:00,-31.9017
2025-10-17 12:00:00,-36.8025
2025-10-17 13:00:00,-38.0525
2025-10-17 14:00:00,-30.4855
2025-10-17 15:00:00,-14.5007
2025-10-17 16:00:00,8.5403
2025-10-17 17:00:00,29.3815
2025-10-17 18:00:00,35.8779
2025-10-17 19:00:00,44.6628
2025-10-17 20:00:00,46.0456
2025-10-17 21:00:00,45.0612
2025-10-17 22:00:00,35.6794
2025-10-17 23:00:00,29.0068
2025-10-18 00:00:00,16.9048
2025-10-18 01:00:00,15.0371
2025-10-18 02:00:00,12.8072
2025-10-18 03:00:00,12.061
2025-10-18 04:00:00,12.8163
2025-10-18 05:00:00,14.825
2025-10-18 06:00:00,16.3951
2025-10-18 07:00:00,14.6502
2025-10-18 08:00:00,1.9461
2025-10-18 09:00:00,-9.1834
2025-10-18 10:00:00,-23.326
2025-10-18 11:00:00,-31.309
2025-10-18 12:00:00,-39.8488
2025-10-18 13:00:00,-41.0187
2025-10-18 14:00:00,-14.1501
2025-10-18 15:00:00,0.8618
2025-10-18 16:00:00,9.3394
2025-10-18 17:00:00,24.4815
2025-10-18 18:00:00,30.9169
2025-10-18 19:00:00,37.1164
2025-10-18 20:00:00,40.3238
2025-10-18 21:00:00,35.827
2025-10-18 22:00:00,30.341
2025-10-18 23:00:00,25.0552
2025-10-19 00:00:00,16.5679
2025-10-19 01:00:00,14.6083
2025-10-19 02:00:00,12.8504
2025-10-19 03:00:00,12.0911
2025-10-19 04:00:00,13.0037
2025-10-19 05:00:00,15.1112
2025-10-19 06:00:00,16.7171
2025-10-19 07:00:00,5.0851
2025-10-19 08:00:00,-7.5087
2025-10-19 09:00:00,-14.8136
2025-10-19 10:00:00,-21.2478
2025-10-19 11:00:00,-28.4629
2025-10-19 12:00:00,-36.8994
2025-10-19 13:00:00,-39.6988
2025-10-19 14:00:00,-25.936
2025-10-19 15:00:00,-15.9563
2025-10-19 16:00:00,8.7643
2025-10-19 17:00:00,25.0001
2025-10-19 18:00:00,30.997
2025-10-19 19:00:00,36.6679
2025-10-19 20:00:00,40.5316
2025-10-19 21:00:00,36.6135
2025-10-19 22:00:00,30.5255
2025-10-19 23:00:00,24.8276
2025-10-20 00:00:00,19.463
2025-10-20 01:00:00,16.8335
2025-10-20 02:00:00,15.17
2025-10-20 03:00:00,14.4308
2025-10-20 04:00:00,15.1749
2025-10-20 05:00:00,16.8828
2025-10-20 06:00:00,19.5334
2025-10-20 07:00:00,19.0782
2025-10-20 08:00:00,14.0553
2025-10-20 09:00:00,9.5315
2025-10-20 10:00:00,-0.0178
2025-10-20 11:00:00,-18.8059
2025-10-20 12:00:00,-23.3862
2025-10-20 13:00:00,-9.2331
2025-10-20 14:00:00,-2.5862
2025-10-20 15:00:00,16.7457
2025-10-20 16:00:00,23.9787
2025-10-20 17:00:00,28.6543
2025-10-20 18:00:00,34.8352
2025-10-20 19:00:00,43.5302
2025-10-20 20:00:00,47.733
2025-10-20 21:00:00,43.6933
2025-10-20 22:00:00,36.8008
2025-10-20 23:00:00,29.148
2025-10-21 00:00:00,19.6738
2025-10-21 01:00:00,17.1124
2025-10-21 02:00:00,15.3738
2025-10-21 03:00:00,14.0992
2025-10-21 04:00:00,15.5005
2025-10-21 05:00:00,17.4736
2025-10-21 06:00:00,19.6806
2025-10-21 07:00:00,19.7231
2025-10-21 08:00:00,12.3766
2025-10-21 09:00:00,5.0202
2025-10-21 10:00:00,1.9978
2025-10-21 11:00:00,-10.635
2025-10-21 12:00:00,-14.9505
2025-10-21 13:00:00,-16.0244
2025-10-21 14:00:00,9.6927
2025-10-21 15:00:00,11.55
2025-10-21 16:00:00,19.816
2025-10-21 17:00:00,28.8334
2025-10-21 18:00:00,35.997
2025-10-21 19:00:00,43.9363
2025-10-21 20:00:00,46.7655
2025-10-21 21:00:00,43.4427
2025-10-21 22:00:00,36.3117
2025-10-21 23:00:00,28.7811
2025-10-22 00:00:00,19.7644
2025-10-22 01:00:00,17.6692
2025-10-22 02:00:00,15.301
2025-10-22 03:00:00,14.3018
2025-10-22 04:00:00,15.2439
2025-10-22 05:00:00,16.9962
2025-10-22 06:00:00,19.3541
2025-10-22 07:00:00,8.2712
2025-10-22 08:00:00,-10.7124
2025-10-22 09:00:00,-19.9499
2025-10-22 10:00:00,-22.6725
2025-10-22 11:00:00,-30.5021
2025-10-22 12:00:00,-36.3727
2025-10-22 13:00:00,-30.933
2025-10-22 14:00:00,-21.4154
2025-10-22 15:00:00,-4.4137
2025-10-22 16:00:00,16.29
2025-10-22 17:00:00,29.4238
2025-10-22 18:00:00,35.814
2025-10-22 19:00:00,43.0026
2025-10-22 20:00:00,47.1055
2025-10-22 21:00:00,43.296
2025-10-22 22:00:00,36.3062
2025-10-22 23:00:00,29.2852
2025-10-23 00:00:00,19.6147
2025-10-23 01:00:00,17.4951
2025-10-23 02:00:00,15.2341
2025-10-23 03:00:00,14.4902
2025-10-23 04:00:00,15.1139
2025-10-23 05:00:00,17.1115
2025-10-23 06:00:00,19.8495
2025-10-23 07:00:00,4.5251
2025-10-23 08:00:00,-13.2578
2025-10-23 09:00:00,-23.8589
2025-10-23 10:00:00,-29.3986
2025-10-23 11:00:00,-34.2138
2025-10-23 12:00:00,-39.8854
2025-10-23 13:00:00,-39.2696
2025-10-23 14:00:00,-30.5843
2025-10-23 15:00:00,-13.0739
2025-10-23 16:00:00,10.3382
2025-10-23 17:00:00,28.396
2025-10-23 18:00:00,35.5459
2025-10-23 19:00:00,43.6332
2025-10-23 20:00:00,45.5902
2025-10-23 21:00:00,42.7594
2025-10-23 22:00:00,35.512
2025-10-23 23:00:00,28.7666
2025-10-24 00:00:00,19.0615
2025-10-24 01:00:00,16.9179
2025-10-24 02:00:00,15.5916
2025-10-24 03:00:00,14.1592
2025-10-24 04:00:00,14.9439
2025-10-24 05:00:00,16.7837
2025-10-24 06:00:00,19.1153
2025-10-24 07:00:00,8.4744
2025-10-24 08:00:00,-6.8222
2025-10-24 09:00:00,-14.5732
2025-10-24 10:00:00,-11.9773
2025-10-24 11:00:00,-20.5165
2025-10-24 12:00:00,-27.4743
2025-10-24 13:00:00,-27.8325
2025-10-24 14:00:00,-23.9855
2025-10-24 15:00:00,-6.6987
2025-10-24 16:00:00,16.0763
2025-10-24 17:00:00,28.7828
2025-10-24 18:00:00,35.8414
2025-10-24 19:00:00,43.4986
2025-10-24 20:00:00,46.9313
2025-10-24 21:00:00,44.7629
2025-10-24 22:00:00,36.7518
2025-10-24 23:00:00,29.3273
2025-10-25 00:00:00,16.7035
2025-10-25 01:00:00,14.6878
2025-10-25 02:00:00,13.0197
2025-10-25 03:00:00,12.3078
2025-10-25 04:00:00,13.0552
2025-10-25 05:00:00,14.8391
2025-10-25 06:00:00,16.5772
2025-10-25 07:00:00,4.1998
2025-10-25 08:00:00,-14.3591
2025-10-25 09:00:00,-24.678
2025-10-25 10:00:00,-31.4596
2025-10-25 11:00:00,-37.0193
2025-10-25 12:00:00,-42.3638
2025-10-25 13:00:00,-43.0092
2025-10-25 14:00:00,-33.4819
2025-10-25 15:00:00,-16.733
2025-10-25 16:00:00,7.1804
2025-10-25 17:00:00,25.0881
2025-10-25 18:00:00,31.0693
2025-10-25 19:00:00,36.6156
2025-10-25 20:00:00,40.799
2025-10-25 21:00:00,37.0424
2025-10-25 22:00:00,30.781
2025-10-25 23:00:00,23.9608
2025-10-26 00:00:00,16.5877
2025-10-26 01:00:00,14.7657
2025-10-26 02:00:00,13.127
2025-10-26 03:00:00,11.9884
2025-10-26 04:00:00,12.6066
2025-10-26 05:00:00,15.0474
2025-10-26 06:00:00,16.5484
2025-10-26 07:00:00,6.0023
2025-10-26 08:00:00,-13.3588
2025-10-26 09:00:00,-25.2497
2025-10-26 10:00:00,-31.3095
2025-10-26 11:00:00,-36.131
2025-10-26 12:00:00,-40.1284
2025-10-26 13:00:00,-40.2227
2025-10-26 14:00:00,-31.1802
2025-10-26 15:00:00,-14.4051
2025-10-26 16:00:00,9.8551
2025-10-26 17:00:00,24.7011
2025-10-26 18:00:00,30.3915
2025-10-26 19:00:00,36.7803
2025-10-26 20:00:00,39.6568
2025-10-26 21:00:00,36.9272
2025-10-26 22:00:00,30.5289
2025-10-26 23:00:00,24.5229
2025-10-27 00:00:00,19.4054
2025-10-27 01:00:00,17.2737
2025-10-27 02:00:00,15.2519
2025-10-27 03:00:00,14.2497
2025-10-27 04:00:00,15.1307
2025-10-27 05:00:00,17.2544
2025-10-27 06:00:00,20.1048
2025-10-27 07:00:00,7.7793
2025-10-27 08:00:00,-5.8293
2025-10-27 09:00:00,-17.2858
2025-10-27 10:00:00,-17.3795
2025-10-27 11:00:00,-20.0756
2025-10-27 12:00:00,-27.1064
2025-10-27 13:00:00,-27.6923
2025-10-27 14:00:00,-6.3832
2025-10-27 15:00:00,8.1182
2025-10-27 16:00:00,20.2484
2025-10-27 17:00:00,29.0575
2025-10-27 18:00:00,35.9661
2025-10-27 19:00:00,42.6161
2025-10-27 20:00:00,46.2063
2025-10-27 21:00:00,43.7941
2025-10-27 22:00:00,36.2285
2025-10-27 23:00:00,28.8793
2025-10-28 00:00:00,20.1879
2025-10-28 01:00:00,16.797
2025-10-28 02:00:00,15.0297
2025-10-28 03:00:00,14.5892
2025-10-28 04:00:00,15.4834
2025-10-28 05:00:00,17.2614
2025-10-28 06:00:00,20.0931
2025-10-28 07:00:00,12.3743
2025-10-28 08:00:00,-5.6904
2025-10-28 09:00:00,-18.935
2025-10-28 10:00:00,-16.0184
2025-10-28 11:00:00,-23.7626
2025-10-28 12:00:00,-30.1986
2025-10-28 13:00:00,-33.886
2025-10-28 14:00:00,-18.1794
2025-10-28 15:00:00,-3.2452
2025-10-28 16:00:00,19.4582
2025-10-28 17:00:00,28.3595
2025-10-28 18:00:00,35.6811
2025-10-28 19:00:00,44.565
2025-10-28 20:00:00,46.4926
2025-10-28 21:00:00,43.4558
2025-10-28 22:00:00,35.8935
2025-10-28 23:00:00,29.1626
2025-10-29 00:00:00,19.1241
2025-10-29 01:00:00,17.3913
2025-10-29 02:00:00,15.0149
2025-10-29 03:00:00,14.4185
2025-10-29 04:00:00,15.5242
2025-10-29 05:00:00,17.5408
2025-10-29 06:00:00,19.6048
2025-10-29 07:00:00,6.1843
2025-10-29 08:00:00,-11.0333
2025-10-29 09:00:00,-21.7243
2025-10-29 10:00:00,-25.9001
2025-10-29 11:00:00,-29.678
2025-10-29 12:00:00,-36.7599
2025-10-29 13:00:00,-37.5067
2025-10-29 14:00:00,-28.7658
2025-10-29 15:00:00,-11.4098
2025-10-29 16:00:00,11.6053
2025-10-29 17:00:00,29.4963
2025-10-29 18:00:00,35.5829
2025-10-29 19:00:00,44.3584
2025-10-29 20:00:00,46.2231
2025-10-29 21:00:00,44.0557
2025-10-29 22:00:00,37.1897
2025-10-29 23:00:00,28.4473
2025-10-30 00:00:00,19.8029
2025-10-30 01:00:00,17.5915
2025-10-30 02:00:00,14.9126
2025-10-30 03:00:00,14.2542
2025-10-30 04:00:00,15.2896
2025-10-30 05:00:00,17.1268
2025-10-30 06:00:00,19.4578
2025-10-30 07:00:00,16.0616
2025-10-30 08:00:00,6.4262
2025-10-30 09:00:00,-5.2852
2025-10-30 10:00:00,-7.1237
2025-10-30 11:00:00,-22.2322
2025-10-30 12:00:00,-34.4661
2025-10-30 13:00:00,-34.3656
2025-10-30 14:00:00,-22.9323
2025-10-30 15:00:00,-8.3067
2025-10-30 16:00:00,13.0591
2025-10-30 17:00:00,29.0384
2025-10-30 18:00:00,36.1751
2025-10-30 19:00:00,42.2405
2025-10-30 20:00:00,45.8913
2025-10-30 21:00:00,42.9904
2025-10-30 22:00:00,36.1413
2025-10-30 23:00:00,29.2432
2025-10-31 00:00:00,19.8334
2025-10-31 01:00:00,17.324
2025-10-31 02:00:00,14.8659
2025-10-31 03:00:00,13.9529
2025-10-31 04:00:00,15.0772
2025-10-31 05:00:00,17.2989
2025-10-31 06:00:00,20.1883
2025-10-31 07:00:00,6.652
2025-10-31 08:00:00,-11.2809
2025-10-31 09:00:00,-20.6042
2025-10-31 10:00:00,-26.6215
2025-10-31 11:00:00,-32.3323
2025-10-31 12:00:00,-38.0085
2025-10-31 13:00:00,-36.3147
2025-10-31 14:00:00,-28.7539
2025-10-31 15:00:00,-11.1297
2025-10-31 16:00:00,12.1672
2025-10-31 17:00:00,29.3355
2025-10-31 18:00:00,35.5027
2025-10-31 19:00:00,43.5371
2025-10-31 20:00:00,46.7363
2025-10-31 21:00:00,44.2696
2025-10-31 22:00:00,35.2125
2025-10-31 23:00:00,29.513
2025-11-01 00:00:00,17.2175
2025-11-01 01:00:00,14.9462
2025-11-01 02:00:00,12.7638
2025-11-01 03:00:00,12.5045
2025-11-01 04:00:00,13.152
2025-11-01 05:00:00,14.836
2025-11-01 06:00:00,17.2687
2025-11-01 07:00:00,4.9789
2025-11-01 08:00:00,-13.7108
2025-11-01 09:00:00,-23.7955
2025-11-01 10:00:00,-28.9894
2025-11-01 11:00:00,-34.168
2025-11-01 12:00:00,-39.1141
2025-11-01 13:00:00,-39.5041
2025-11-01 14:00:00,-28.01
2025-11-01 15:00:00,-8.7878
2025-11-01 16:00:00,12.154
2025-11-01 17:00:00,25.3047
2025-11-01 18:00:00,31.7016
2025-11-01 19:00:00,37.3169
2025-11-01 20:00:00,40.4141
2025-11-01 21:00:00,37.8227
2025-11-01 22:00:00,31.6721
2025-11-01 23:00:00,25.0736
2025-11-02 00:00:00,17.2613
2025-11-02 01:00:00,14.9605
2025-11-02 02:00:00,12.9986
2025-11-02 03:00:00,12.8764
2025-11-02 04:00:00,12.8973
2025-11-02 05:00:00,14.7119
2025-11-02 06:00:00,17.5001
2025-11-02 07:00:00,11.7382
2025-11-02 08:00:00,-3.3174
2025-11-02 09:00:00,-5.2383
2025-11-02 10:00:00,-4.8161
2025-11-02 11:00:00,-19.9835
2025-11-02 12:00:00,-29.1072
2025-11-02 13:00:00,-30.7689
2025-11-02 14:00:00,-20.6067
2025-11-02 15:00:00,-6.1288
2025-11-02 16:00:00,13.8937
2025-11-02 17:00:00,25.8237
2025-11-02 18:00:00,30.4178
2025-11-02 19:00:00,37.5048
2025-11-02 20:00:00,41.4214
2025-11-02 21:00:00,37.9204
2025-11-02 22:00:00,31.5685
2025-11-02 23:00:00,25.2094
2025-11-03 00:00:00,20.0023
2025-11-03 01:00:00,17.6202
2025-11-03 02:00:00,15.8515
2025-11-03 03:00:00,14.4905
2025-11-03 04:00:00,15.5667
2025-11-03 05:00:00,17.7826
2025-11-03 06:00:00,20.2186
2025-11-03 07:00:00,10.157
2025-11-03 08:00:00,-5.7839
2025-11-03 09:00:00,-15.1137
2025-11-03 10:00:00,-19.5864
2025-11-03 11:00:00,-23.1604
2025-11-03 12:00:00,-28.981
2025-11-03 13:00:00,-29.8447
2025-11-03 14:00:00,-22.463
2025-11-03 15:00:00,-5.8451
2025-11-03 16:00:00,15.5263
2025-11-03 17:00:00,29.3589
2025-11-03 18:00:00,36.735
2025-11-03 19:00:00,43.6602
2025-11-03 20:00:00,48.1858
2025-11-03 21:00:00,43.2833
2025-11-03 22:00:00,36.1096
2025-11-03 23:00:00,29.1113
2025-11-04 00:00:00,19.6538
2025-11-04 01:00:00,17.4516
2025-11-04 02:00:00,15.6152
2025-11-04 03:00:00,14.8955
2025-11-04 04:00:00,15.5393
2025-11-04 05:00:00,17.4113
2025-11-04 06:00:00,20.1159
2025-11-04 07:00:00,11.9875
2025-11-04 08:00:00,-1.2296
2025-11-04 09:00:00,-6.6497
2025-11-04 10:00:00,-9.5344
2025-11-04 11:00:00,-13.6774
2025-11-04 12:00:00,-13.3386
2025-11-04 13:00:00,-6.7229
2025-11-04 14:00:00,-1.653
2025-11-04 15:00:00,10.3768
2025-11-04 16:00:00,19.5681
2025-11-04 17:00:00,30.0653
2025-11-04 18:00:00,36.6488
2025-11-04 19:00:00,44.8001
2025-11-04 20:00:00,47.5376
2025-11-04 21:00:00,44.3434
2025-11-04 22:00:00,36.9653
2025-11-04 23:00:00,30.1282
2025-11-05 00:00:00,20.2676
2025-11-05 01:00:00,17.7974
2025-11-05 02:00:00,15.3877
2025-11-05 03:00:00,14.5944
2025-11-05 04:00:00,15.695
2025-11-05 05:00:00,18.1594
2025-11-05 06:00:00,20.1011
2025-11-05 07:00:00,22.2722
2025-11-05 08:00:00,25.3272
2025-11-05 09:00:00,34.4106
2025-11-05 10:00:00,40.3325
2025-11-05 11:00:00,39.1077
2025-11-05 12:00:00,31.1848
2025-11-05 13:00:00,24.1663
2025-11-05 14:00:00,21.6702
2025-11-05 15:00:00,22.5158
2025-11-05 16:00:00,25.605
2025-11-05 17:00:00,29.5896
2025-11-05 18:00:00,35.3566
2025-11-05 19:00:00,43.9811
2025-11-05 20:00:00,48.4754
2025-11-05 21:00:00,44.9747
2025-11-05 22:00:00,36.1634
2025-11-05 23:00:00,29.3028
2025-11-06 00:00:00,20.2052
2025-11-06 01:00:00,17.582
2025-11-06 02:00:00,15.4151
2025-11-06 03:00:00,15.0129
2025-11-06 04:00:00,15.483
2025-11-06 05:00:00,17.4533
2025-11-06 06:00:00,20.3209
2025-11-06 07:00:00,10.3066
2025-11-06 08:00:00,1.0429
2025-11-06 09:00:00,-8.8359
2025-11-06 10:00:00,-19.4491
2025-11-06 11:00:00,-20.6407
2025-11-06 12:00:00,-33.4202
2025-11-06 13:00:00,-35.8548
2025-11-06 14:00:00,-28.0226
2025-11-06 15:00:00,-9.3698
2025-11-06 16:00:00,13.3637
2025-11-06 17:00:00,28.9569
2025-11-06 18:00:00,36.7598
2025-11-06 19:00:00,44.2083
2025-11-06 20:00:00,48.4909
2025-11-06 21:00:00,44.6367
2025-11-06 22:00:00,36.4451
2025-11-06 23:00:00,29.8094
2025-11-07 00:00:00,19.8173
2025-11-07 01:00:00,17.5344
2025-11-07 02:00:00,15.4583
2025-11-07 03:00:00,14.7621
2025-11-07 04:00:00,15.8597
2025-11-07 05:00:00,17.7695
2025-11-07 06:00:00,19.9263
2025-11-07 07:00:00,8.762
2025-11-07 08:00:00,-9.7077
2025-11-07 09:00:00,-18.6417
2025-11-07 10:00:00,-24.9637
2025-11-07 11:00:00,-29.0592
2025-11-07 12:00:00,-33.1702
2025-11-07 13:00:00,-33.6663
2025-11-07 14:00:00,-25.2226
2025-11-07 15:00:00,-6.4021
2025-11-07 16:00:00,16.6897
2025-11-07 17:00:00,30.2898
2025-11-07 18:00:00,37.5609
2025-11-07 19:00:00,45.3056
2025-11-07 20:00:00,48.6301
2025-11-07 21:00:00,43.8851
2025-11-07 22:00:00,36.3046
2025-11-07 23:00:00,29.5869
2025-11-08 00:00:00,16.9729
2025-11-08 01:00:00,14.6074
2025-11-08 02:00:00,13.2192
2025-11-08 03:00:00,12.4779
2025-11-08 04:00:00,13.259
2025-11-08 05:00:00,15.3724
2025-11-08 06:00:00,17.4386
2025-11-08 07:00:00,6.0354
2025-11-08 08:00:00,-12.8398
2025-11-08 09:00:00,-25.0426
2025-11-08 10:00:00,-31.5687
2025-11-08 11:00:00,-36.8309
2025-11-08 12:00:00,-39.7036
2025-11-08 13:00:00,-38.8971
2025-11-08 14:00:00,-17.2193
2025-11-08 15:00:00,-4.7914
2025-11-08 16:00:00,14.5284
2025-11-08 17:00:00,25.3823
2025-11-08 18:00:00,31.2981
2025-11-08 19:00:00,38.3458
2025-11-08 20:00:00,41.7409
2025-11-08 21:00:00,37.7571
2025-11-08 22:00:00,31.2494
2025-11-08 23:00:00,24.9258
2025-11-09 00:00:00,17.0001
2025-11-09 01:00:00,15.1901
2025-11-09 02:00:00,13.2756
2025-11-09 03:00:00,12.4373
2025-11-09 04:00:00,13.6366
2025-11-09 05:00:00,14.7863
2025-11-09 06:00:00,17.3256
2025-11-09 07:00:00,9.631
2025-11-09 08:00:00,-4.4908
2025-11-09 09:00:00,-11.4094
2025-11-09 10:00:00,-20.4999
2025-11-09 11:00:00,-24.6166
2025-11-09 12:00:00,-21.0981
2025-11-09 13:00:00,-8.2347
2025-11-09 14:00:00,-16.9427
2025-11-09 15:00:00,-4.7413
2025-11-09 16:00:00,13.2487
2025-11-09 17:00:00,25.2327
2025-11-09 18:00:00,30.368
2025-11-09 19:00:00,38.1088
2025-11-09 20:00:00,41.6278
2025-11-09 21:00:00,37.7466
2025-11-09 22:00:00,31.7632
2025-11-09 23:00:00,25.5375
2025-11-10 00:00:00,19.8411
2025-11-10 01:00:00,17.4959
2025-11-10 02:00:00,15.7282
2025-11-10 03:00:00,14.4927
2025-11-10 04:00:00,15.5409
2025-11-10 05:00:00,17.4625
2025-11-10 06:00:00,20.3343
2025-11-10 07:00:00,13.5473
2025-11-10 08:00:00,0.8786
2025-11-10 09:00:00,-8.1439
2025-11-10 10:00:00,-12.7207
2025-11-10 11:00:00,-13.7372
2025-11-10 12:00:00,-13.8031
2025-11-10 13:00:00,-14.8652
2025-11-10 14:00:00,-17.0107
2025-11-10 15:00:00,-2.5334
2025-11-10 16:00:00,17.3148
2025-11-10 17:00:00,29.9668
2025-11-10 18:00:00,35.3591
2025-11-10 19:00:00,43.7659
2025-11-10 20:00:00,48.7336
2025-11-10 21:00:00,44.2621
2025-11-10 22:00:00,37.4025
2025-11-10 23:00:00,28.6534
2025-11-11 00:00:00,19.437
2025-11-11 01:00:00,18.0418
2025-11-11 02:00:00,15.7471
2025-11-11 03:00:00,14.6896
2025-11-11 04:00:00,15.4184
2025-11-11 05:00:00,18.0092
2025-11-11 06:00:00,20.3847
2025-11-11 07:00:00,15.1205
2025-11-11 08:00:00,2.5184
2025-11-11 09:00:00,-15.7627
2025-11-11 10:00:00,-23.3482
2025-11-11 11:00:00,-29.412
2025-11-11 12:00:00,-32.6131
2025-11-11 13:00:00,-33.4211
2025-11-11 14:00:00,-24.3509
2025-11-11 15:00:00,-7.4071
2025-11-11 16:00:00,15.8421
2025-11-11 17:00:00,29.4025
2025-11-11 18:00:00,36.8359
2025-11-11 19:00:00,43.3176
2025-11-11 20:00:00,47.1705
2025-11-11 21:00:00,43.3585
2025-11-11 22:00:00,37.3878
2025-11-11 23:00:00,29.2552
2025-11-12 00:00:00,19.8589
2025-11-12 01:00:00,17.3743
2025-11-12 02:00:00,15.5747
2025-11-12 03:00:00,14.6753
2025-11-12 04:00:00,15.8065
2025-11-12 05:00:00,17.8791
2025-11-12 06:00:00,20.0587
2025-11-12 07:00:00,12.4319
2025-11-12 08:00:00,2.3351
2025-11-12 09:00:00,-3.0064
2025-11-12 10:00:00,-3.037
2025-11-12 11:00:00,-18.6397
2025-11-12 12:00:00,-31.8281
2025-11-12 13:00:00,-33.0025
2025-11-12 14:00:00,-16.222
2025-11-12 15:00:00,-3.673
2025-11-12 16:00:00,17.9635
2025-11-12 17:00:00,30.5767
2025-11-12 18:00:00,36.6415
2025-11-12 19:00:00,43.8654
2025-11-12 20:00:00,47.7558
2025-11-12 21:00:00,45.0656
2025-11-12 22:00:00,36.3002
2025-11-12 23:00:00,29.7379
2025-11-13 00:00:00,20.4298
2025-11-13 01:00:00,18.0391
2025-11-13 02:00:00,15.3396
2025-11-13 03:00:00,14.7542
2025-11-13 04:00:00,15.5134
2025-11-13 05:00:00,17.9141
2025-11-13 06:00:00,20.1073
2025-11-13 07:00:00,18.6143
2025-11-13 08:00:00,16.2496
2025-11-13 09:00:00,3.5424
2025-11-13 10:00:00,-10.7011
2025-11-13 11:00:00,-0.4812
2025-11-13 12:00:00,10.4844
2025-11-13 13:00:00,18.988
2025-11-13 14:00:00,21.6526
2025-11-13 15:00:00,23.0513
2025-11-13 16:00:00,25.3132
2025-11-13 17:00:00,29.4445
2025-11-13 18:00:00,37.037
2025-11-13 19:00:00,44.02
2025-11-13 20:00:00,47.9509
2025-11-13 21:00:00,44.1238
2025-11-13 22:00:00,37.0967
2025-11-13 23:00:00,29.3342
2025-11-14 00:00:00,19.7734
2025-11-14 01:00:00,17.6818
2025-11-14 02:00:00,15.3486
2025-11-14 03:00:00,14.6823
2025-11-14 04:00:00,15.5363
2025-11-14 05:00:00,17.7376
2025-11-14 06:00:00,20.5169
2025-11-14 07:00:00,17.219
2025-11-14 08:00:00,-3.2445
2025-11-14 09:00:00,-13.1256
2025-11-14 10:00:00,-19.3009
2025-11-14 11:00:00,-15.0932
2025-11-14 12:00:00,-6.2937
2025-11-14 13:00:00,-4.506
2025-11-14 14:00:00,-3.4626
2025-11-14 15:00:00,7.0081
2025-11-14 16:00:00,21.9881
2025-11-14 17:00:00,29.5927
2025-11-14 18:00:00,36.9024
2025-11-14 19:00:00,44.5943
2025-11-14 20:00:00,48.5279
2025-11-14 21:00:00,44.3688
2025-11-14 22:00:00,37.4741
2025-11-14 23:00:00,28.7776
2025-11-15 00:00:00,16.6447
2025-11-15 01:00:00,14.9887
2025-11-15 02:00:00,13.1426
2025-11-15 03:00:00,12.4967
2025-11-15 04:00:00,13.356
2025-11-15 05:00:00,14.7628
2025-11-15 06:00:00,17.8498
2025-11-15 07:00:00,10.1225
2025-11-15 08:00:00,-4.2167
2025-11-15 09:00:00,-10.4079
2025-11-15 10:00:00,-12.8153
2025-11-15 11:00:00,-28.8389
2025-11-15 12:00:00,-29.903
2025-11-15 13:00:00,-31.4599
2025-11-15 14:00:00,-26.0295
2025-11-15 15:00:00,-8.9487
2025-11-15 16:00:00,12.6076
2025-11-15 17:00:00,25.8949
2025-11-15 18:00:00,30.8717
2025-11-15 19:00:00,37.8593
2025-11-15 20:00:00,41.7769
2025-11-15 21:00:00,38.8013
2025-11-15 22:00:00,31.3086
2025-11-15 23:00:00,25.4844
2025-11-16 00:00:00,16.802
2025-11-16 01:00:00,15.028
2025-11-16 02:00:00,13.2123
2025-11-16 03:00:00,12.4439
2025-11-16 04:00:00,13.146
2025-11-16 05:00:00,14.951
2025-11-16 06:00:00,17.0547
2025-11-16 07:00:00,18.1933
2025-11-16 08:00:00,15.8624
2025-11-16 09:00:00,12.9499
2025-11-16 10:00:00,6.8725
2025-11-16 11:00:00,-13.3653
2025-11-16 12:00:00,-28.9912
2025-11-16 13:00:00,-36.2285
2025-11-16 14:00:00,-29.0715
2025-11-16 15:00:00,-10.4029
2025-11-16 16:00:00,12.6001
2025-11-16 17:00:00,25.2531
2025-11-16 18:00:00,31.4076
2025-11-16 19:00:00,37.061
2025-11-16 20:00:00,40.7249
2025-11-16 21:00:00,37.2809
2025-11-16 22:00:00,31.2424
2025-11-16 23:00:00,24.8739
2025-11-17 00:00:00,19.7216
2025-11-17 01:00:00,17.3768
2025-11-17 02:00:00,15.3643
2025-11-17 03:00:00,14.9581
2025-11-17 04:00:00,16.2004
2025-11-17 05:00:00,17.4888
2025-11-17 06:00:00,20.6215
2025-11-17 07:00:00,17.7924
2025-11-17 08:00:00,2.7519
2025-11-17 09:00:00,-14.5338
2025-11-17 10:00:00,-22.1425
2025-11-17 11:00:00,-24.9442
2025-11-17 12:00:00,-28.6153
2025-11-17 13:00:00,-25.857
2025-11-17 14:00:00,-24.6157
2025-11-17 15:00:00,-6.72
2025-11-17 16:00:00,16.715
2025-11-17 17:00:00,29.8549
2025-11-17 18:00:00,36.3451
2025-11-17 19:00:00,45.3857
2025-11-17 20:00:00,47.4288
2025-11-17 21:00:00,44.3924
2025-11-17 22:00:00,36.9446
2025-11-17 23:00:00,30.0834
2025-11-18 00:00:00,19.9999
2025-11-18 01:00:00,17.8942
2025-11-18 02:00:00,15.482
2025-11-18 03:00:00,14.7493
2025-11-18 04:00:00,15.537
2025-11-18 05:00:00,17.5437
2025-11-18 06:00:00,20.7687
2025-11-18 07:00:00,19.5688
2025-11-18 08:00:00,5.837
2025-11-18 09:00:00,0.4057
2025-11-18 10:00:00,-7.9945
2025-11-18 11:00:00,-18.8474
2025-11-18 12:00:00,-27.3009
2025-11-18 13:00:00,-24.5939
2025-11-18 14:00:00,-12.5718
2025-11-18 15:00:00,4.6133
2025-11-18 16:00:00,21.055
2025-11-18 17:00:00,29.5578
2025-11-18 18:00:00,36.2796
2025-11-18 19:00:00,44.1056
2025-11-18 20:00:00,49.1833
2025-11-18 21:00:00,45.0794
2025-11-18 22:00:00,37.2021
2025-11-18 23:00:00,29.5346
2025-11-19 00:00:00,19.7815
2025-11-19 01:00:00,17.8152
2025-11-19 02:00:00,15.7255
2025-11-19 03:00:00,14.9327
2025-11-19 04:00:00,15.5523
2025-11-19 05:00:00,17.8536
2025-11-19 06:00:00,20.6798
2025-11-19 07:00:00,19.3517
2025-11-19 08:00:00,12.7013
2025-11-19 09:00:00,0.8086
2025-11-19 10:00:00,-9.1732
2025-11-19 11:00:00,-7.0554
2025-11-19 12:00:00,-12.3704
2025-11-19 13:00:00,-24.1295
2025-11-19 14:00:00,-13.8282
2025-11-19 15:00:00,-3.0415
2025-11-19 16:00:00,17.4586
2025-11-19 17:00:00,29.2786
2025-11-19 18:00:00,36.194
2025-11-19 19:00:00,44.1387
2025-11-19 20:00:00,47.748
2025-11-19 21:00:00,43.8561
2025-11-19 22:00:00,37.1883
2025-11-19 23:00:00,29.6899
2025-11-20 00:00:00,19.873
2025-11-20 01:00:00,17.7959
2025-11-20 02:00:00,15.4631
2025-11-20 03:00:00,14.6596
2025-11-20 04:00:00,15.6207
2025-11-20 05:00:00,17.9881
2025-11-20 06:00:00,20.6404
2025-11-20 07:00:00,15.4692
2025-11-20 08:00:00,6.0556
2025-11-20 09:00:00,0.7866
2025-11-20 10:00:00,-12.4796
2025-11-20 11:00:00,-23.9595
2025-11-20 12:00:00,-30.045
2025-11-20 13:00:00,-29.7466
2025-11-20 14:00:00,-4.3732
2025-11-20 15:00:00,14.2707
2025-11-20 16:00:00,21.9326
2025-11-20 17:00:00,29.3695
2025-11-20 18:00:00,35.9544
2025-11-20 19:00:00,43.5856
2025-11-20 20:00:00,48.8229
2025-11-20 21:00:00,44.9779
2025-11-20 22:00:00,36.1734
2025-11-20 23:00:00,28.7621
2025-11-21 00:00:00,19.8705
2025-11-21 01:00:00,17.9519
2025-11-21 02:00:00,15.5063
2025-11-21 03:00:00,14.5467
2025-11-21 04:00:00,15.2028
2025-11-21 05:00:00,17.6093
2025-11-21 06:00:00,19.849
2025-11-21 07:00:00,14.8911
2025-11-21 08:00:00,4.8095
2025-11-21 09:00:00,-2.8404
2025-11-21 10:00:00,-14.2092
2025-11-21 11:00:00,-21.7755
2025-11-21 12:00:00,-16.9863
2025-11-21 13:00:00,-12.2928
2025-11-21 14:00:00,6.8787
2025-11-21 15:00:00,15.4732
2025-11-21 16:00:00,21.2179
2025-11-21 17:00:00,29.9571
2025-11-21 18:00:00,37.0215
2025-11-21 19:00:00,43.8054
2025-11-21 20:00:00,48.1947
2025-11-21 21:00:00,44.2326
2025-11-21 22:00:00,37.2124
2025-11-21 23:00:00,29.7545
2025-11-22 00:00:00,16.7748
2025-11-22 01:00:00,15.1789
2025-11-22 02:00:00,12.9294
2025-11-22 03:00:00,12.542
2025-11-22 04:00:00,13.3292
2025-11-22 05:00:00,15.0661
2025-11-22 06:00:00,17.3869
2025-11-22 07:00:00,11.2099
2025-11-22 08:00:00,-7.4672
2025-11-22 09:00:00,-20.6558
2025-11-22 10:00:00,-28.728
2025-11-22 11:00:00,-32.2779
2025-11-22 12:00:00,-37.1286
2025-11-22 13:00:00,-37.3991
2025-11-22 14:00:00,-24.4064
2025-11-22 15:00:00,-3.2812
2025-11-22 16:00:00,17.6027
2025-11-22 17:00:00,24.5613
2025-11-22 18:00:00,30.8978
2025-11-22 19:00:00,37.539
2025-11-22 20:00:00,41.2119
2025-11-22 21:00:00,37.4822
2025-11-22 22:00:00,31.081
2025-11-22 23:00:00,25.1233
2025-11-23 00:00:00,16.7902
2025-11-23 01:00:00,15.2589
2025-11-23 02:00:00,13.2713
2025-11-23 03:00:00,12.5308
2025-11-23 04:00:00,13.345
2025-11-23 05:00:00,15.4207
2025-11-23 06:00:00,17.4672
2025-11-23 07:00:00,11.8962
2025-11-23 08:00:00,-7.3858
2025-11-23 09:00:00,-20.321
2025-11-23 10:00:00,-31.2189
2025-11-23 11:00:00,-35.5865
2025-11-23 12:00:00,-40.6033
2025-11-23 13:00:00,-39.9894
2025-11-23 14:00:00,-29.5455
2025-11-23 15:00:00,-10.1147
2025-11-23 16:00:00,12.433
2025-11-23 17:00:00,25.2028
2025-11-23 18:00:00,31.246
2025-11-23 19:00:00,37.9623
2025-11-23 20:00:00,41.551
2025-11-23 21:00:00,36.7888
2025-11-23 22:00:00,30.8693
2025-11-23 23:00:00,25.7897
2025-11-24 00:00:00,20.1963
2025-11-24 01:00:00,17.6053
2025-11-24 02:00:00,15.5105
2025-11-24 03:00:00,14.6087
2025-11-24 04:00:00,16.3179
2025-11-24 05:00:00,17.3226
2025-11-24 06:00:00,20.6996
2025-11-24 07:00:00,12.9417
2025-11-24 08:00:00,-5.5152
2025-11-24 09:00:00,-18.3547
2025-11-24 10:00:00,-23.1314
2025-11-24 11:00:00,-30.6939
2025-11-24 12:00:00,-35.3343
2025-11-24 13:00:00,-35.4669
2025-11-24 14:00:00,-26.8485
2025-11-24 15:00:00,-7.6747
2025-11-24 16:00:00,16.7657
2025-11-24 17:00:00,30.3224
2025-11-24 18:00:00,36.5882
2025-11-24 19:00:00,44.9968
2025-11-24 20:00:00,48.4998
2025-11-24 21:00:00,45.0203
2025-11-24 22:00:00,36.7173
2025-11-24 23:00:00,28.9694
2025-11-25 00:00:00,19.8184
2025-11-25 01:00:00,17.7732
2025-11-25 02:00:00,15.517
2025-11-25 03:00:00,14.8255
2025-11-25 04:00:00,15.9888
2025-11-25 05:00:00,17.7792
2025-11-25 06:00:00,20.3657
2025-11-25 07:00:00,13.2186
2025-11-25 08:00:00,-5.4637
2025-11-25 09:00:00,-17.5685
2025-11-25 10:00:00,-25.1611
2025-11-25 11:00:00,-29.7341
2025-11-25 12:00:00,-35.6308
2025-11-25 13:00:00,-36.0229
2025-11-25 14:00:00,-27.233
2025-11-25 15:00:00,-8.2011
2025-11-25 16:00:00,16.7666
2025-11-25 17:00:00,29.0827
2025-11-25 18:00:00,36.0491
2025-11-25 19:00:00,44.419
2025-11-25 20:00:00,48.2036
2025-11-25 21:00:00,44.9993
2025-11-25 22:00:00,37.5502
2025-11-25 23:00:00,29.0409
2025-11-26 00:00:00,19.5098
2025-11-26 01:00:00,17.8195
2025-11-26 02:00:00,15.3766
2025-11-26 03:00:00,14.5879
2025-11-26 04:00:00,15.5824
2025-11-26 05:00:00,17.3321
2025-11-26 06:00:00,20.6936
2025-11-26 07:00:00,14.1912
2025-11-26 08:00:00,-3.703
2025-11-26 09:00:00,-15.4363
2025-11-26 10:00:00,-22.026
2025-11-26 11:00:00,-27.4292
2025-11-26 12:00:00,-33.8131
2025-11-26 13:00:00,-33.9824
2025-11-26 14:00:00,-25.0019
2025-11-26 15:00:00,-5.6642
2025-11-26 16:00:00,17.8701
2025-11-26 17:00:00,29.8814
2025-11-26 18:00:00,36.5932
2025-11-26 19:00:00,44.7209
2025-11-26 20:00:00,48.8215
2025-11-26 21:00:00,45.2037
2025-11-26 22:00:00,35.7513
2025-11-26 23:00:00,29.8886
2025-11-27 00:00:00,19.9041
2025-11-27 01:00:00,17.8171
2025-11-27 02:00:00,16.1267
2025-11-27 03:00:00,14.2505
2025-11-27 04:00:00,15.4654
2025-11-27 05:00:00,17.8945
2025-11-27 06:00:00,20.1905
2025-11-27 07:00:00,16.0343
2025-11-27 08:00:00,2.6574
2025-11-27 09:00:00,-6.9299
2025-11-27 10:00:00,-13.18
2025-11-27 11:00:00,-17.4155
2025-11-27 12:00:00,-10.4215
2025-11-27 13:00:00,-18.5935
2025-11-27 14:00:00,-14.6742
2025-11-27 15:00:00,-0.2702
2025-11-27 16:00:00,18.2318
2025-11-27 17:00:00,28.7965
2025-11-27 18:00:00,36.4334
2025-11-27 19:00:00,44.0083
2025-11-27 20:00:00,47.1871
2025-11-27 21:00:00,45.2713
2025-11-27 22:00:00,36.9199
2025-11-27 23:00:00,30.0631
2025-11-28 00:00:00,19.8451
2025-11-28 01:00:00,17.2157
2025-11-28 02:00:00,15.6117
2025-11-28 03:00:00,14.7964
2025-11-28 04:00:00,15.8027
2025-11-28 05:00:00,17.7915
2025-11-28 06:00:00,20.1747
2025-11-28 07:00:00,17.3943
2025-11-28 08:00:00,-4.5305
2025-11-28 09:00:00,-15.9855
2025-11-28 10:00:00,-24.8423
2025-11-28 11:00:00,-33.4068
2025-11-28 12:00:00,-37.8096
2025-11-28 13:00:00,-37.4377
2025-11-28 14:00:00,-22.6785
2025-11-28 15:00:00,-6.0113
2025-11-28 16:00:00,18.6244
2025-11-28 17:00:00,29.5914
2025-11-28 18:00:00,36.7442
2025-11-28 19:00:00,44.821
2025-11-28 20:00:00,48.4291
2025-11-28 21:00:00,43.7277
2025-11-28 22:00:00,36.7531
2025-11-28 23:00:00,29.2236
2025-11-29 00:00:00,17.2023
2025-11-29 01:00:00,15.3778
2025-11-29 02:00:00,12.9743
2025-11-29 03:00:00,12.3737
2025-11-29 04:00:00,13.4749
2025-11-29 05:00:00,14.9748
2025-11-29 06:00:00,17.5299
2025-11-29 07:00:00,11.1812
2025-11-29 08:00:00,-8.8482
2025-11-29 09:00:00,-23.1026
2025-11-29 10:00:00,-31.7424
2025-11-29 11:00:00,-37.6247
2025-11-29 12:00:00,-42.494
2025-11-29 13:00:00,-41.4596
2025-11-29 14:00:00,-30.9515
2025-11-29 15:00:00,-11.7239
2025-11-29 16:00:00,13.0767
2025-11-29 17:00:00,25.188
2025-11-29 18:00:00,31.3408
2025-11-29 19:00:00,38.1135
2025-11-29 20:00:00,41.0735
2025-11-29 21:00:00,38.185
2025-11-29 22:00:00,31.6612
2025-11-29 23:00:00,24.811
2025-11-30 00:00:00,17.0988
2025-11-30 01:00:00,15.1112
2025-11-30 02:00:00,13.1559
2025-11-30 03:00:00,12.4374
2025-11-30 04:00:00,13.2316
2025-11-30 05:00:00,15.3657
2025-11-30 06:00:00,17.8037
2025-11-30 07:00:00,11.1547
2025-11-30 08:00:00,-7.4848
2025-11-30 09:00:00,-21.9505
2025-11-30 10:00:00,-27.4025
2025-11-30 11:00:00,-34.8197
2025-11-30 12:00:00,-39.77
2025-11-30 13:00:00,-38.728
2025-11-30 14:00:00,-29.773
2025-11-30 15:00:00,-10.4645
2025-11-30 16:00:00,13.4044
2025-11-30 17:00:00,25.1863
2025-11-30 18:00:00,31.1459
2025-11-30 19:00:00,38.0311
2025-11-30 20:00:00,40.7608
2025-11-30 21:00:00,38.1186
2025-11-30 22:00:00,31.1944
2025-11-30 23:00:00,24.8502
2025-12-01 00:00:00,22.6927
2025-12-01 01:00:00,20.1127
2025-12-01 02:00:00,17.7122
2025-12-01 03:00:00,16.5896
2025-12-01 04:00:00,17.501
2025-12-01 05:00:00,19.723
2025-12-01 06:00:00,22.7305
2025-12-01 07:00:00,18.9861
2025-12-01 08:00:00,6.6689
2025-12-01 09:00:00,1.3574
2025-12-01 10:00:00,4.9687
2025-12-01 11:00:00,2.1772
2025-12-01 12:00:00,-8.4324
2025-12-01 13:00:00,-12.5222
2025-12-01 14:00:00,4.1137
2025-12-01 15:00:00,16.129
2025-12-01 16:00:00,27.8406
2025-12-01 17:00:00,33.7107
2025-12-01 18:00:00,42.0509
2025-12-01 19:00:00,51.0149
2025-12-01 20:00:00,55.4758
2025-12-01 21:00:00,49.9684
2025-12-01 22:00:00,41.1723
2025-12-01 23:00:00,33.2373
2025-12-02 00:00:00,22.7392
2025-12-02 01:00:00,20.0489
2025-12-02 02:00:00,18.0661
2025-12-02 03:00:00,17.0115
2025-12-02 04:00:00,17.7994
2025-12-02 05:00:00,20.0126
2025-12-02 06:00:00,23.2456
2025-12-02 07:00:00,19.0764
2025-12-02 08:00:00,1.8006
2025-12-02 09:00:00,-9.8356
2025-12-02 10:00:00,-16.6409
2025-12-02 11:00:00,-23.6453
2025-12-02 12:00:00,-30.0633
2025-12-02 13:00:00,-30.5057
2025-12-02 14:00:00,-11.5162
2025-12-02 15:00:00,6.9526
2025-12-02 16:00:00,24.309
2025-12-02 17:00:00,33.2982
2025-12-02 18:00:00,42.1564
2025-12-02 19:00:00,49.0096
2025-12-02 20:00:00,54.1472
2025-12-02 21:00:00,49.6859
2025-12-02 22:00:00,40.9984
2025-12-02 23:00:00,34.1156
2025-12-03 00:00:00,22.8691
2025-12-03 01:00:00,20.1531
2025-12-03 02:00:00,17.6838
2025-12-03 03:00:00,16.6887
2025-12-03 04:00:00,17.6525
2025-12-03 05:00:00,20.0598
2025-12-03 06:00:00,23.1673
2025-12-03 07:00:00,27.4887
2025-12-03 08:00:00,26.5238
2025-12-03 09:00:00,28.232
2025-12-03 10:00:00,19.3323
2025-12-03 11:00:00,7.2788
2025-12-03 12:00:00,24.2396
2025-12-03 13:00:00,23.3694
2025-12-03 14:00:00,19.6131
2025-12-03 15:00:00,17.6944
2025-12-03 16:00:00,24.9714
2025-12-03 17:00:00,33.7322
2025-12-03 18:00:00,42.2439
2025-12-03 19:00:00,51.3688
2025-12-03 20:00:00,54.9569
2025-12-03 21:00:00,50.8719
2025-12-03 22:00:00,41.3497
2025-12-03 23:00:00,34.0878
2025-12-04 00:00:00,23.0838
2025-12-04 01:00:00,20.0429
2025-12-04 02:00:00,18.1794
2025-12-04 03:00:00,16.5659
2025-12-04 04:00:00,17.9195
2025-12-04 05:00:00,19.909
2025-12-04 06:00:00,23.1982
2025-12-04 07:00:00,18.5589
2025-12-04 08:00:00,-1.121
2025-12-04 09:00:00,-15.0128
2025-12-04 10:00:00,-23.3676
2025-12-04 11:00:00,-30.9631
2025-12-04 12:00:00,-38.5964
2025-12-04 13:00:00,-39.4014
2025-12-04 14:00:00,-28.5466
2025-12-04 15:00:00,-7.465
2025-12-04 16:00:00,18.6189
2025-12-04 17:00:00,34.0103
2025-12-04 18:00:00,42.1417
2025-12-04 19:00:00,49.1355
2025-12-04 20:00:00,55.5569
2025-12-04 21:00:00,49.1594
2025-12-04 22:00:00,43.0936
2025-12-04 23:00:00,34.0821
2025-12-05 00:00:00,22.5877
2025-12-05 01:00:00,20.1908
2025-12-05 02:00:00,17.8604
2025-12-05 03:00:00,16.8862
2025-12-05 04:00:00,17.3519
2025-12-05 05:00:00,20.0799
2025-12-05 06:00:00,23.4806
2025-12-05 07:00:00,22.212
2025-12-05 08:00:00,1.8167
2025-12-05 09:00:00,-6.4281
2025-12-05 10:00:00,-8.9029
2025-12-05 11:00:00,-14.9824
2025-12-05 12:00:00,-26.0621
2025-12-05 13:00:00,-26.8387
2025-12-05 14:00:00,-26.0907
2025-12-05 15:00:00,-6.521
2025-12-05 16:00:00,20.1371
2025-12-05 17:00:00,33.2834
2025-12-05 18:00:00,41.6421
2025-12-05 19:00:00,49.6759
2025-12-05 20:00:00,54.9168
2025-12-05 21:00:00,50.2626
2025-12-05 22:00:00,42.0279
2025-12-05 23:00:00,34.5658
2025-12-06 00:00:00,19.2137
2025-12-06 01:00:00,17.0441
2025-12-06 02:00:00,15.0238
2025-12-06 03:00:00,14.0007
2025-12-06 04:00:00,15.3064
2025-12-06 05:00:00,16.4
2025-12-06 06:00:00,19.5392
2025-12-06 07:00:00,14.8458
2025-12-06 08:00:00,-4.7921
2025-12-06 09:00:00,-18.2184
2025-12-06 10:00:00,-25.8379
2025-12-06 11:00:00,-32.0263
2025-12-06 12:00:00,-39.0727
2025-12-06 13:00:00,-39.0318
2025-12-06 14:00:00,-29.6677
2025-12-06 15:00:00,-9.4459
2025-12-06 16:00:00,15.5654
2025-12-06 17:00:00,28.9582
2025-12-06 18:00:00,35.5484
2025-12-06 19:00:00,43.4713
2025-12-06 20:00:00,46.0485
2025-12-06 21:00:00,43.0116
2025-12-06 22:00:00,35.3792
2025-12-06 23:00:00,29.1424
2025-12-07 00:00:00,19.5299
2025-12-07 01:00:00,17.4074
2025-12-07 02:00:00,14.8874
2025-12-07 03:00:00,14.2426
2025-12-07 04:00:00,15.279
2025-12-07 05:00:00,17.269
2025-12-07 06:00:00,19.9353
2025-12-07 07:00:00,15.5052
2025-12-07 08:00:00,-4.1298
2025-12-07 09:00:00,-17.2846
2025-12-07 10:00:00,-23.7216
2025-12-07 11:00:00,-31.0723
2025-12-07 12:00:00,-37.3728
2025-12-07 13:00:00,-37.1717
2025-12-07 14:00:00,-28.6133
2025-12-07 15:00:00,-9.1792
2025-12-07 16:00:00,15.8481
2025-12-07 17:00:00,28.2531
2025-12-07 18:00:00,35.721
2025-12-07 19:00:00,42.5898
2025-12-07 20:00:00,47.0351
2025-12-07 21:00:00,43.5079
2025-12-07 22:00:00,35.5111
2025-12-07 23:00:00,28.3481
2025-12-08 00:00:00,22.7348
2025-12-08 01:00:00,20.0624
2025-12-08 02:00:00,17.8363
2025-12-08 03:00:00,16.7319
2025-12-08 04:00:00,18.1747
2025-12-08 05:00:00,20.1973
2025-12-08 06:00:00,23.1607
2025-12-08 07:00:00,20.4808
2025-12-08 08:00:00,2.2938
2025-12-08 09:00:00,-10.5709
2025-12-08 10:00:00,-15.3312
2025-12-08 11:00:00,-22.4808
2025-12-08 12:00:00,-29.1435
2025-12-08 13:00:00,-31.2895
2025-12-08 14:00:00,-22.2109
2025-12-08 15:00:00,-2.9154
2025-12-08 16:00:00,20.712
2025-12-08 17:00:00,33.0429
2025-12-08 18:00:00,42.2745
2025-12-08 19:00:00,50.5138
2025-12-08 20:00:00,56.0803
2025-12-08 21:00:00,51.2727
2025-12-08 22:00:00,40.9357
2025-12-08 23:00:00,32.853
2025-12-09 00:00:00,23.1905
2025-12-09 01:00:00,20.1326
2025-12-09 02:00:00,17.1901
2025-12-09 03:00:00,16.6397
2025-12-09 04:00:00,17.5821
2025-12-09 05:00:00,20.1391
2025-12-09 06:00:00,23.5735
2025-12-09 07:00:00,24.6681
2025-12-09 08:00:00,7.3636
2025-12-09 09:00:00,-2.6169
2025-12-09 10:00:00,-11.8517
2025-12-09 11:00:00,-20.5222
2025-12-09 12:00:00,-29.323
2025-12-09 13:00:00,-30.3563
2025-12-09 14:00:00,-10.2083
2025-12-09 15:00:00,8.7355
2025-12-09 16:00:00,24.1391
2025-12-09 17:00:00,33.8739
2025-12-09 18:00:00,41.3624
2025-12-09 19:00:00,51.4717
2025-12-09 20:00:00,54.8454
2025-12-09 21:00:00,51.1715
2025-12-09 22:00:00,43.2039
2025-12-09 23:00:00,33.9781
2025-12-10 00:00:00,22.6522
2025-12-10 01:00:00,19.9974
2025-12-10 02:00:00,17.4295
2025-12-10 03:00:00,16.3758
2025-12-10 04:00:00,17.9743
2025-12-10 05:00:00,20.3252
2025-12-10 06:00:00,22.8686
2025-12-10 07:00:00,25.5781
2025-12-10 08:00:00,27.0147
2025-12-10 09:00:00,32.4639
2025-12-10 10:00:00,34.9649
2025-12-10 11:00:00,25.3537
2025-12-10 12:00:00,15.9548
2025-12-10 13:00:00,20.8814
2025-12-10 14:00:00,18.676
2025-12-10 15:00:00,24.1198
2025-12-10 16:00:00,29.2652
2025-12-10 17:00:00,34.3498
2025-12-10 18:00:00,43.1002
2025-12-10 19:00:00,51.081
2025-12-10 20:00:00,53.9483
2025-12-10 21:00:00,51.1537
2025-12-10 22:00:00,41.9879
2025-12-10 23:00:00,32.7563
2025-12-11 00:00:00,22.5954
2025-12-11 01:00:00,19.7954
2025-12-11 02:00:00,17.5943
2025-12-11 03:00:00,16.9877
2025-12-11 04:00:00,17.8124
2025-12-11 05:00:00,20.26
2025-12-11 06:00:00,22.9957
2025-12-11 07:00:00,20.4893
2025-12-11 08:00:00,3.6198
2025-12-11 09:00:00,-10.7361
2025-12-11 10:00:00,-17.8861
2025-12-11 11:00:00,-24.7866
2025-12-11 12:00:00,-30.4172
2025-12-11 13:00:00,-30.7752
2025-12-11 14:00:00,-21.9902
2025-12-11 15:00:00,-6.2714
2025-12-11 16:00:00,20.6265
2025-12-11 17:00:00,34.1633
2025-12-11 18:00:00,41.3614
2025-12-11 19:00:00,50.5844
2025-12-11 20:00:00,52.9555
2025-12-11 21:00:00,50.422
2025-12-11 22:00:00,41.8173
2025-12-11 23:00:00,32.8023
2025-12-12 00:00:00,22.9004
2025-12-12 01:00:00,20.0215
2025-12-12 02:00:00,17.9398
2025-12-12 03:00:00,16.9461
2025-12-12 04:00:00,17.9517
2025-12-12 05:00:00,20.4209
2025-12-12 06:00:00,22.8597
2025-12-12 07:00:00,21.3963
2025-12-12 08:00:00,3.4188
2025-12-12 09:00:00,-8.9851
2025-12-12 10:00:00,-14.1765
2025-12-12 11:00:00,-20.8155
2025-12-12 12:00:00,-29.7454
2025-12-12 13:00:00,-32.4981
2025-12-12 14:00:00,-24.2535
2025-12-12 15:00:00,-4.6302
2025-12-12 16:00:00,19.4208
2025-12-12 17:00:00,33.8996
2025-12-12 18:00:00,41.7678
2025-12-12 19:00:00,50.3596
2025-12-12 20:00:00,55.4597
2025-12-12 21:00:00,50.0
2025-12-12 22:00:00,42.1493
2025-12-12 23:00:00,33.9837
2025-12-13 00:00:00,19.9253
2025-12-13 01:00:00,17.0382
2025-12-13 02:00:00,15.1336
2025-12-13 03:00:00,14.2299
2025-12-13 04:00:00,15.0838
2025-12-13 05:00:00,17.6761
2025-12-13 06:00:00,20.0056
2025-12-13 07:00:00,16.8907
2025-12-13 08:00:00,-2.9565
2025-12-13 09:00:00,-16.7077
2025-12-13 10:00:00,-23.0877
2025-12-13 11:00:00,-31.9579
2025-12-13 12:00:00,-39.3052
2025-12-13 13:00:00,-39.8299
2025-12-13 14:00:00,-29.6449
2025-12-13 15:00:00,-7.1376
2025-12-13 16:00:00,17.2353
2025-12-13 17:00:00,29.0715
2025-12-13 18:00:00,35.8305
2025-12-13 19:00:00,41.7444
2025-12-13 20:00:00,46.0414
2025-12-13 21:00:00,43.0999
2025-12-13 22:00:00,35.6224
2025-12-13 23:00:00,29.0925
2025-12-14 00:00:00,19.6171
2025-12-14 01:00:00,17.3908
2025-12-14 02:00:00,15.2299
2025-12-14 03:00:00,14.598
2025-12-14 04:00:00,15.2606
2025-12-14 05:00:00,17.3592
2025-12-14 06:00:00,19.3376
2025-12-14 07:00:00,16.3837
2025-12-14 08:00:00,-1.8189
2025-12-14 09:00:00,-16.0692
2025-12-14 10:00:00,-24.7649
2025-12-14 11:00:00,-32.8894
2025-12-14 12:00:00,-38.1802
2025-12-14 13:00:00,-39.9458
2025-12-14 14:00:00,-30.4624
2025-12-14 15:00:00,-11.2891
2025-12-14 16:00:00,15.1508
2025-12-14 17:00:00,28.9982
2025-12-14 18:00:00,35.7512
2025-12-14 19:00:00,42.7845
2025-12-14 20:00:00,47.1842
2025-12-14 21:00:00,43.5449
2025-12-14 22:00:00,35.8274
2025-12-14 23:00:00,28.3691
2025-12-15 00:00:00,22.5935
2025-12-15 01:00:00,20.136
2025-12-15 02:00:00,17.896
2025-12-15 03:00:00,16.7947
2025-12-15 04:00:00,17.5873
2025-12-15 05:00:00,20.2543
2025-12-15 06:00:00,23.7137
2025-12-15 07:00:00,20.6591
2025-12-15 08:00:00,2.4428
2025-12-15 09:00:00,-11.3676
2025-12-15 10:00:00,-20.0715
2025-12-15 11:00:00,-27.4545
2025-12-15 12:00:00,-34.8336
2025-12-15 13:00:00,-36.7172
2025-12-15 14:00:00,-27.5319
2025-12-15 15:00:00,-7.474
2025-12-15 16:00:00,18.5823
2025-12-15 17:00:00,33.9804
2025-12-15 18:00:00,41.7611
2025-12-15 19:00:00,50.4218
2025-12-15 20:00:00,54.1401
2025-12-15 21:00:00,49.8749
2025-12-15 22:00:00,42.3877
2025-12-15 23:00:00,33.466
2025-12-16 00:00:00,22.9283
2025-12-16 01:00:00,19.9716
2025-12-16 02:00:00,18.2671
2025-12-16 03:00:00,17.0051
2025-12-16 04:00:00,18.0354
2025-12-16 05:00:00,20.1929
2025-12-16 06:00:00,22.654
2025-12-16 07:00:00,20.473
2025-12-16 08:00:00,2.9535
2025-12-16 09:00:00,-10.4292
2025-12-16 10:00:00,-18.8144
2025-12-16 11:00:00,-26.3261
2025-12-16 12:00:00,-34.2261
2025-12-16 13:00:00,-34.468
2025-12-16 14:00:00,-26.2382
2025-12-16 15:00:00,-7.1018
2025-12-16 16:00:00,19.8359
2025-12-16 17:00:00,33.8065
2025-12-16 18:00:00,42.2482
2025-12-16 19:00:00,51.9034
2025-12-16 20:00:00,54.2232
2025-12-16 21:00:00,51.4969
2025-12-16 22:00:00,42.0495
2025-12-16 23:00:00,32.9455
2025-12-17 00:00:00,22.8039
2025-12-17 01:00:00,19.9771
2025-12-17 02:00:00,17.5581
2025-12-17 03:00:00,16.7826
2025-12-17 04:00:00,17.8872
2025-12-17 05:00:00,20.0786
2025-12-17 06:00:00,22.731
2025-12-17 07:00:00,21.1848
2025-12-17 08:00:00,2.8672
2025-12-17 09:00:00,-9.6683
2025-12-17 10:00:00,-18.7049
2025-12-17 11:00:00,-27.3207
2025-12-17 12:00:00,-36.8073
2025-12-17 13:00:00,-37.831
2025-12-17 14:00:00,-28.96
2025-12-17 15:00:00,-8.8817
2025-12-17 16:00:00,18.4767
2025-12-17 17:00:00,33.5599
2025-12-17 18:00:00,40.7665
2025-12-17 19:00:00,50.2555
2025-12-17 20:00:00,54.844
2025-12-17 21:00:00,50.6845
2025-12-17 22:00:00,41.1308
2025-12-17 23:00:00,33.8422
2025-12-18 00:00:00,23.5672
2025-12-18 01:00:00,19.978
2025-12-18 02:00:00,17.6633
2025-12-18 03:00:00,16.8677
2025-12-18 04:00:00,17.6557
2025-12-18 05:00:00,20.0448
2025-12-18 06:00:00,23.0186
2025-12-18 07:00:00,21.6273
2025-12-18 08:00:00,3.0895
2025-12-18 09:00:00,-11.6568
2025-12-18 10:00:00,-18.8197
2025-12-18 11:00:00,-26.858
2025-12-18 12:00:00,-33.5917
2025-12-18 13:00:00,-35.3332
2025-12-18 14:00:00,-27.1204
2025-12-18 15:00:00,-5.5759
2025-12-18 16:00:00,20.4122
2025-12-18 17:00:00,33.978
2025-12-18 18:00:00,42.4555
2025-12-18 19:00:00,50.4282
2025-12-18 20:00:00,55.2973
2025-12-18 21:00:00,50.3873
2025-12-18 22:00:00,41.3463
2025-12-18 23:00:00,34.582
2025-12-19 00:00:00,22.2826
2025-12-19 01:00:00,19.9561
2025-12-19 02:00:00,17.5431
2025-12-19 03:00:00,16.18
2025-12-19 04:00:00,17.8198
2025-12-19 05:00:00,20.2005
2025-12-19 06:00:00,22.9927
2025-12-19 07:00:00,21.2719
2025-12-19 08:00:00,4.0944
2025-12-19 09:00:00,-8.3492
2025-12-19 10:00:00,-15.8041
2025-12-19 11:00:00,-22.5065
2025-12-19 12:00:00,-28.9582
2025-12-19 13:00:00,-31.5257
2025-12-19 14:00:00,-24.588
2025-12-19 15:00:00,-6.0246
2025-12-19 16:00:00,18.751
2025-12-19 17:00:00,33.4503
2025-12-19 18:00:00,41.9543
2025-12-19 19:00:00,51.0112
2025-12-19 20:00:00,54.5329
2025-12-19 21:00:00,51.203
2025-12-19 22:00:00,42.1146
2025-12-19 23:00:00,33.7612
2025-12-20 00:00:00,19.1886
2025-12-20 01:00:00,16.9048
2025-12-20 02:00:00,15.1307
2025-12-20 03:00:00,14.0276
2025-12-20 04:00:00,15.215
2025-12-20 05:00:00,17.0737
2025-12-20 06:00:00,19.8871
2025-12-20 07:00:00,21.3224
2025-12-20 08:00:00,21.2238
2025-12-20 09:00:00,2.1532
2025-12-20 10:00:00,-3.2226
2025-12-20 11:00:00,-5.5649
2025-12-20 12:00:00,-13.898
2025-12-20 13:00:00,-13.3281
2025-12-20 14:00:00,5.71
2025-12-20 15:00:00,9.1732
2025-12-20 16:00:00,17.8209
2025-12-20 17:00:00,28.9225
2025-12-20 18:00:00,35.5683
2025-12-20 19:00:00,42.4649
2025-12-20 20:00:00,45.5959
2025-12-20 21:00:00,43.8147
2025-12-20 22:00:00,34.8791
2025-12-20 23:00:00,29.3745
2025-12-21 00:00:00,19.7432
2025-12-21 01:00:00,17.3214
2025-12-21 02:00:00,14.6263
2025-12-21 03:00:00,14.2503
2025-12-21 04:00:00,15.2888
2025-12-21 05:00:00,17.3471
2025-12-21 06:00:00,20.0483
2025-12-21 07:00:00,22.7135
2025-12-21 08:00:00,-1.6369
2025-12-21 09:00:00,-19.8249
2025-12-21 10:00:00,-30.626
2025-12-21 11:00:00,-40.0598
2025-12-21 12:00:00,-47.3455
2025-12-21 13:00:00,-47.5241
2025-12-21 14:00:00,-36.5011
2025-12-21 15:00:00,-15.9058
2025-12-21 16:00:00,11.4239
2025-12-21 17:00:00,28.9289
2025-12-21 18:00:00,36.3451
2025-12-21 19:00:00,43.5905
2025-12-21 20:00:00,45.8853
2025-12-21 21:00:00,43.669
2025-12-21 22:00:00,35.9098
2025-12-21 23:00:00,28.3681
2025-12-22 00:00:00,23.0316
2025-12-22 01:00:00,20.4213
2025-12-22 02:00:00,17.7646
2025-12-22 03:00:00,16.5821
2025-12-22 04:00:00,17.6065
2025-12-22 05:00:00,20.0951
2025-12-22 06:00:00,23.4603
2025-12-22 07:00:00,26.4932
2025-12-22 08:00:00,4.7053
2025-12-22 09:00:00,-9.0003
2025-12-22 10:00:00,-17.2804
2025-12-22 11:00:00,-25.4547
2025-12-22 12:00:00,-33.1533
2025-12-22 13:00:00,-35.5097
2025-12-22 14:00:00,-25.9399
2025-12-22 15:00:00,-7.2387
2025-12-22 16:00:00,17.2726
2025-12-22 17:00:00,33.6765
2025-12-22 18:00:00,42.7233
2025-12-22 19:00:00,50.4941
2025-12-22 20:00:00,53.5741
2025-12-22 21:00:00,49.6776
2025-12-22 22:00:00,41.938
2025-12-22 23:00:00,33.3077
2025-12-23 00:00:00,23.103
2025-12-23 01:00:00,20.1879
2025-12-23 02:00:00,17.6221
2025-12-23 03:00:00,16.9871
2025-12-23 04:00:00,17.8129
2025-12-23 05:00:00,20.0395
2025-12-23 06:00:00,23.7583
2025-12-23 07:00:00,25.9808
2025-12-23 08:00:00,4.478
2025-12-23 09:00:00,-8.7862
2025-12-23 10:00:00,-16.7846
2025-12-23 11:00:00,-23.3731
2025-12-23 12:00:00,-31.3857
2025-12-23 13:00:00,-32.9179
2025-12-23 14:00:00,-25.0488
2025-12-23 15:00:00,-6.7568
2025-12-23 16:00:00,18.0063
2025-12-23 17:00:00,33.9908
2025-12-23 18:00:00,41.6066
2025-12-23 19:00:00,51.0203
2025-12-23 20:00:00,54.9904
2025-12-23 21:00:00,51.3014
2025-12-23 22:00:00,42.3177
2025-12-23 23:00:00,33.8945
2025-12-24 00:00:00,22.6635
2025-12-24 01:00:00,20.1636
2025-12-24 02:00:00,17.7237
2025-12-24 03:00:00,16.4098
2025-12-24 04:00:00,18.0674
2025-12-24 05:00:00,20.024
2025-12-24 06:00:00,23.1141
2025-12-24 07:00:00,26.6754
2025-12-24 08:00:00,21.4088
2025-12-24 09:00:00,9.352
2025-12-24 10:00:00,5.8772
2025-12-24 11:00:00,-1.1528
2025-12-24 12:00:00,-6.3245
2025-12-24 13:00:00,-13.3917
2025-12-24 14:00:00,-8.227
2025-12-24 15:00:00,5.6761
2025-12-24 16:00:00,22.5983
2025-12-24 17:00:00,34.3648
2025-12-24 18:00:00,40.9698
2025-12-24 19:00:00,49.7991
2025-12-24 20:00:00,54.3263
2025-12-24 21:00:00,51.1202
2025-12-24 22:00:00,40.6369
2025-12-24 23:00:00,33.2049
2025-12-25 00:00:00,23.2285
2025-12-25 01:00:00,19.3675
2025-12-25 02:00:00,17.6534
2025-12-25 03:00:00,16.7145
2025-12-25 04:00:00,17.4255
2025-12-25 05:00:00,20.5612
2025-12-25 06:00:00,23.5519
2025-12-25 07:00:00,26.0599
2025-12-25 08:00:00,5.9597
2025-12-25 09:00:00,-7.4795
2025-12-25 10:00:00,-15.4268
2025-12-25 11:00:00,-21.7558
2025-12-25 12:00:00,-29.4111
2025-12-25 13:00:00,-31.9362
2025-12-25 14:00:00,-24.4776
2025-12-25 15:00:00,-6.6222
2025-12-25 16:00:00,17.4668
2025-12-25 17:00:00,33.7902
2025-12-25 18:00:00,41.8737
2025-12-25 19:00:00,50.7145
2025-12-25 20:00:00,54.1571
2025-12-25 21:00:00,51.2302
2025-12-25 22:00:00,41.0005
2025-12-25 23:00:00,33.4633
2025-12-26 00:00:00,23.3382
2025-12-26 01:00:00,20.1634
2025-12-26 02:00:00,17.6569
2025-12-26 03:00:00,16.3011
2025-12-26 04:00:00,18.0077
2025-12-26 05:00:00,20.206
2025-12-26 06:00:00,23.5513
2025-12-26 07:00:00,26.1867
2025-12-26 08:00:00,8.0476
2025-12-26 09:00:00,-1.3569
2025-12-26 10:00:00,-5.3585
2025-12-26 11:00:00,-13.0923
2025-12-26 12:00:00,-21.2369
2025-12-26 13:00:00,-23.9466
2025-12-26 14:00:00,-1.1096
2025-12-26 15:00:00,13.2804
2025-12-26 16:00:00,24.4026
2025-12-26 17:00:00,33.5342
2025-12-26 18:00:00,41.0924
2025-12-26 19:00:00,51.3555
2025-12-26 20:00:00,54.3322
2025-12-26 21:00:00,51.2052
2025-12-26 22:00:00,42.1168
2025-12-26 23:00:00,34.1366
2025-12-27 00:00:00,19.4397
2025-12-27 01:00:00,16.4108
2025-12-27 02:00:00,14.9687
2025-12-27 03:00:00,13.4798
2025-12-27 04:00:00,15.1349
2025-12-27 05:00:00,17.3143
2025-12-27 06:00:00,19.977
2025-12-27 07:00:00,22.7354
2025-12-27 08:00:00,1.3272
2025-12-27 09:00:00,-13.3177
2025-12-27 10:00:00,-21.4712
2025-12-27 11:00:00,-28.8369
2025-12-27 12:00:00,-36.9404
2025-12-27 13:00:00,-37.5406
2025-12-27 14:00:00,-27.9458
2025-12-27 15:00:00,-11.7519
2025-12-27 16:00:00,12.6383
2025-12-27 17:00:00,28.5536
2025-12-27 18:00:00,34.9937
2025-12-27 19:00:00,42.9985
2025-12-27 20:00:00,46.5479
2025-12-27 21:00:00,42.925
2025-12-27 22:00:00,35.4816
2025-12-27 23:00:00,28.5143
2025-12-28 00:00:00,19.3444
2025-12-28 01:00:00,17.1764
2025-12-28 02:00:00,14.9952
2025-12-28 03:00:00,14.3596
2025-12-28 04:00:00,15.0257
2025-12-28 05:00:00,16.9515
2025-12-28 06:00:00,20.0884
2025-12-28 07:00:00,22.3955
2025-12-28 08:00:00,5.0397
2025-12-28 09:00:00,-9.9337
2025-12-28 10:00:00,-14.619
2025-12-28 11:00:00,-22.9637
2025-12-28 12:00:00,-26.4057
2025-12-28 13:00:00,-31.7352
2025-12-28 14:00:00,-28.0592
2025-12-28 15:00:00,-10.417
2025-12-28 16:00:00,14.7648
2025-12-28 17:00:00,28.7458
2025-12-28 18:00:00,35.8645
2025-12-28 19:00:00,43.7645
2025-12-28 20:00:00,46.94
2025-12-28 21:00:00,43.615
2025-12-28 22:00:00,35.5799
2025-12-28 23:00:00,29.0929
2025-12-29 00:00:00,23.197
2025-12-29 01:00:00,19.9536
2025-12-29 02:00:00,17.7883
2025-12-29 03:00:00,16.3599
2025-12-29 04:00:00,17.6619
2025-12-29 05:00:00,19.9775
2025-12-29 06:00:00,23.1599
2025-12-29 07:00:00,26.4342
2025-12-29 08:00:00,19.631
2025-12-29 09:00:00,16.9091
2025-12-29 10:00:00,10.9281
2025-12-29 11:00:00,4.8359
2025-12-29 12:00:00,-2.6489
2025-12-29 13:00:00,9.8858
2025-12-29 14:00:00,11.3697
2025-12-29 15:00:00,19.486
2025-12-29 16:00:00,27.596
2025-12-29 17:00:00,33.8391
2025-12-29 18:00:00,42.7584
2025-12-29 19:00:00,51.3232
2025-12-29 20:00:00,55.2991
2025-12-29 21:00:00,51.2493
2025-12-29 22:00:00,42.2766
2025-12-29 23:00:00,33.4121
2025-12-30 00:00:00,22.709
2025-12-30 01:00:00,20.0543
2025-12-30 02:00:00,17.3831
2025-12-30 03:00:00,17.0271
2025-12-30 04:00:00,17.338
2025-12-30 05:00:00,20.5633
2025-12-30 06:00:00,23.8923
2025-12-30 07:00:00,27.2632
2025-12-30 08:00:00,29.7385
2025-12-30 09:00:00,34.5204
2025-12-30 10:00:00,40.5336
2025-12-30 11:00:00,38.5198
2025-12-30 12:00:00,34.5513
2025-12-30 13:00:00,27.6092
2025-12-30 14:00:00,26.8643
2025-12-30 15:00:00,27.1608
2025-12-30 16:00:00,28.7883
2025-12-30 17:00:00,34.1158
2025-12-30 18:00:00,41.6794
2025-12-30 19:00:00,51.1059
2025-12-30 20:00:00,54.04
2025-12-30 21:00:00,51.8844
2025-12-30 22:00:00,42.1494
2025-12-30 23:00:00,33.9315
2025-12-31 00:00:00,23.2854
2025-12-31 01:00:00,20.7459
2025-12-31 02:00:00,17.5949
2025-12-31 03:00:00,16.6193
2025-12-31 04:00:00,17.445
2025-12-31 05:00:00,20.858
2025-12-31 06:00:00,22.8879
2025-12-31 07:00:00,26.4488
2025-12-31 08:00:00,32.7813
2025-12-31 09:00:00,39.8331
2025-12-31 10:00:00,46.0737
2025-12-31 11:00:00,44.9313
2025-12-31 12:00:00,38.3885
2025-12-31 13:00:00,30.3102
2025-12-31 14:00:00,26.9138
2025-12-31 15:00:00,26.7316
2025-12-31 16:00:00,28.9742
2025-12-31 17:00:00,33.9646
2025-12-31 18:00:00,41.1355
2025-12-31 19:00:00,50.4585
2025-12-31 20:00:00,54.3335
2025-12-31 21:00:00,50.363
2025-12-31 22:00:00,41.2369
2025-12-31 23:00:00,33.6245
