timestamp,p_net_mw
2025-01-01 00:00:00,32.9106
2025-01-01 01:00:00,29.0786
2025-01-01 02:00:00,26.1077
2025-01-01 03:00:00,24.4628
2025-01-01 04:00:00,25.9277
2025-01-01 05:00:00,29.4882
2025-01-01 06:00:00,34.4607
2025-01-01 07:00:00,38.1169
2025-01-01 08:00:00,40.1761
2025-01-01 09:00:00,49.5498
2025-01-01 10:00:00,57.9274
2025-01-01 11:00:00,56.0152
2025-01-01 12:00:00,45.5351
2025-01-01 13:00:00,34.234
2025-01-01 14:00:00,30.7081
2025-01-01 15:00:00,33.5416
2025-01-01 16:00:00,42.1834
2025-01-01 17:00:00,48.5333
2025-01-01 18:00:00,62.1809
2025-01-01 19:00:00,72.0355
2025-01-01 20:00:00,79.9792
2025-01-01 21:00:00,74.9904
2025-01-01 22:00:00,61.4347
2025-01-01 23:00:00,48.2526
2025-01-02 00:00:00,33.2858
2025-01-02 01:00:00,28.8213
2025-01-02 02:00:00,25.5582
2025-01-02 03:00:00,24.0679
2025-01-02 04:00:00,25.0161
2025-01-02 05:00:00,29.1061
2025-01-02 06:00:00,34.1973
2025-01-02 07:00:00,38.7448
2025-01-02 08:00:00,42.2026
2025-01-02 09:00:00,50.2329
2025-01-02 10:00:00,56.5938
2025-01-02 11:00:00,56.5494
2025-01-02 12:00:00,45.0391
2025-01-02 13:00:00,35.2276
2025-01-02 14:00:00,31.0894
2025-01-02 15:00:00,32.3303
2025-01-02 16:00:00,39.1999
2025-01-02 17:00:00,49.0342
2025-01-02 18:00:00,59.2368
2025-01-02 19:00:00,72.5582
2025-01-02 20:00:00,80.0217
2025-01-02 21:00:00,73.973
2025-01-02 22:00:00,60.352
2025-01-02 23:00:00,48.9171
2025-01-03 00:00:00,33.2486
2025-01-03 01:00:00,29.8418
2025-01-03 02:00:00,25.0035
2025-01-03 03:00:00,24.4357
2025-01-03 04:00:00,26.1039
2025-01-03 05:00:00,29.8774
2025-01-03 06:00:00,33.8558
2025-01-03 07:00:00,39.1943
2025-01-03 08:00:00,42.0673
2025-01-03 09:00:00,54.0191
2025-01-03 10:00:00,60.0804
2025-01-03 11:00:00,60.6496
2025-01-03 12:00:00,50.8617
2025-01-03 13:00:00,39.527
2025-01-03 14:00:00,32.4435
2025-01-03 15:00:00,32.8253
2025-01-03 16:00:00,39.5762
2025-01-03 17:00:00,48.406
2025-01-03 18:00:00,60.716
2025-01-03 19:00:00,73.9206
2025-01-03 20:00:00,76.7546
2025-01-03 21:00:00,73.0405
2025-01-03 22:00:00,60.349
2025-01-03 23:00:00,48.8869
2025-01-04 00:00:00,27.752
2025-01-04 01:00:00,24.7938
2025-01-04 02:00:00,21.4829
2025-01-04 03:00:00,20.1415
2025-01-04 04:00:00,21.8077
2025-01-04 05:00:00,24.4177
2025-01-04 06:00:00,28.4898
2025-01-04 07:00:00,31.6544
2025-01-04 08:00:00,33.9555
2025-01-04 09:00:00,40.7721
2025-01-04 10:00:00,48.697
2025-01-04 11:00:00,46.4416
2025-01-04 12:00:00,35.733
2025-01-04 13:00:00,27.1367
2025-01-04 14:00:00,25.3642
2025-01-04 15:00:00,28.2223
2025-01-04 16:00:00,33.0631
2025-01-04 17:00:00,41.8632
2025-01-04 18:00:00,49.874
2025-01-04 19:00:00,62.4253
2025-01-04 20:00:00,66.3707
2025-01-04 21:00:00,63.7647
2025-01-04 22:00:00,52.6613
2025-01-04 23:00:00,40.7525
2025-01-05 00:00:00,28.0677
2025-01-05 01:00:00,24.1358
2025-01-05 02:00:00,21.8273
2025-01-05 03:00:00,20.6371
2025-01-05 04:00:00,21.98
2025-01-05 05:00:00,24.1459
2025-01-05 06:00:00,29.0206
2025-01-05 07:00:00,33.3136
2025-01-05 08:00:00,38.4302
2025-01-05 09:00:00,46.0012
2025-01-05 10:00:00,50.4408
2025-01-05 11:00:00,51.2424
2025-01-05 12:00:00,40.4763
2025-01-05 13:00:00,35.0453
2025-01-05 14:00:00,31.9091
2025-01-05 15:00:00,31.5009
2025-01-05 16:00:00,35.6932
2025-01-05 17:00:00,41.6548
2025-01-05 18:00:00,52.2488
2025-01-05 19:00:00,60.4057
2025-01-05 20:00:00,66.7515
2025-01-05 21:00:00,61.4561
2025-01-05 22:00:00,53.1053
2025-01-05 23:00:00,42.3213
2025-01-06 00:00:00,32.6879
2025-01-06 01:00:00,29.7735
2025-01-06 02:00:00,25.7513
2025-01-06 03:00:00,24.3668
2025-01-06 04:00:00,25.455
2025-01-06 05:00:00,29.7803
2025-01-06 06:00:00,33.6354
2025-01-06 07:00:00,38.4552
2025-01-06 08:00:00,43.6271
2025-01-06 09:00:00,50.0551
2025-01-06 10:00:00,58.1688
2025-01-06 11:00:00,56.2072
2025-01-06 12:00:00,47.6046
2025-01-06 13:00:00,36.2641
2025-01-06 14:00:00,36.5338
2025-01-06 15:00:00,37.0728
2025-01-06 16:00:00,41.0006
2025-01-06 17:00:00,49.1024
2025-01-06 18:00:00,61.8394
2025-01-06 19:00:00,75.2586
2025-01-06 20:00:00,77.3314
2025-01-06 21:00:00,74.2436
2025-01-06 22:00:00,61.3439
2025-01-06 23:00:00,48.7222
2025-01-07 00:00:00,32.6362
2025-01-07 01:00:00,28.9386
2025-01-07 02:00:00,25.7588
2025-01-07 03:00:00,24.6223
2025-01-07 04:00:00,25.9282
2025-01-07 05:00:00,29.5481
2025-01-07 06:00:00,33.5588
2025-01-07 07:00:00,38.8633
2025-01-07 08:00:00,43.6986
2025-01-07 09:00:00,51.4559
2025-01-07 10:00:00,59.6413
2025-01-07 11:00:00,60.8826
2025-01-07 12:00:00,45.8894
2025-01-07 13:00:00,36.4352
2025-01-07 14:00:00,32.0376
2025-01-07 15:00:00,32.3132
2025-01-07 16:00:00,40.168
2025-01-07 17:00:00,48.9815
2025-01-07 18:00:00,59.4846
2025-01-07 19:00:00,75.0827
2025-01-07 20:00:00,80.0947
2025-01-07 21:00:00,73.717
2025-01-07 22:00:00,60.7051
2025-01-07 23:00:00,49.7176
2025-01-08 00:00:00,33.0478
2025-01-08 01:00:00,28.9974
2025-01-08 02:00:00,26.0094
2025-01-08 03:00:00,24.4548
2025-01-08 04:00:00,25.386
2025-01-08 05:00:00,29.5897
2025-01-08 06:00:00,34.0676
2025-01-08 07:00:00,39.3501
2025-01-08 08:00:00,42.0982
2025-01-08 09:00:00,49.9315
2025-01-08 10:00:00,57.245
2025-01-08 11:00:00,55.5865
2025-01-08 12:00:00,46.5761
2025-01-08 13:00:00,36.0649
2025-01-08 14:00:00,33.4287
2025-01-08 15:00:00,35.4134
2025-01-08 16:00:00,40.5245
2025-01-08 17:00:00,50.291
2025-01-08 18:00:00,60.259
2025-01-08 19:00:00,73.5691
2025-01-08 20:00:00,81.1817
2025-01-08 21:00:00,74.3134
2025-01-08 22:00:00,61.7836
2025-01-08 23:00:00,48.3314
2025-01-09 00:00:00,33.0418
2025-01-09 01:00:00,29.356
2025-01-09 02:00:00,25.3885
2025-01-09 03:00:00,24.0233
2025-01-09 04:00:00,25.622
2025-01-09 05:00:00,29.4622
2025-01-09 06:00:00,34.0797
2025-01-09 07:00:00,38.4206
2025-01-09 08:00:00,43.1333
2025-01-09 09:00:00,50.0198
2025-01-09 10:00:00,57.0884
2025-01-09 11:00:00,54.2909
2025-01-09 12:00:00,45.2342
2025-01-09 13:00:00,34.9497
2025-01-09 14:00:00,29.6441
2025-01-09 15:00:00,32.4264
2025-01-09 16:00:00,37.6389
2025-01-09 17:00:00,49.1278
2025-01-09 18:00:00,59.2603
2025-01-09 19:00:00,72.2292
2025-01-09 20:00:00,79.3103
2025-01-09 21:00:00,74.938
2025-01-09 22:00:00,61.1123
2025-01-09 23:00:00,47.1055
2025-01-10 00:00:00,33.2159
2025-01-10 01:00:00,28.9763
2025-01-10 02:00:00,25.8485
2025-01-10 03:00:00,24.8353
2025-01-10 04:00:00,25.3553
2025-01-10 05:00:00,29.4984
2025-01-10 06:00:00,32.7555
2025-01-10 07:00:00,39.1421
2025-01-10 08:00:00,43.3284
2025-01-10 09:00:00,48.5456
2025-01-10 10:00:00,57.4554
2025-01-10 11:00:00,55.3574
2025-01-10 12:00:00,46.9403
2025-01-10 13:00:00,34.3848
2025-01-10 14:00:00,29.4492
2025-01-10 15:00:00,32.4284
2025-01-10 16:00:00,39.6128
2025-01-10 17:00:00,48.346
2025-01-10 18:00:00,61.0121
2025-01-10 19:00:00,71.1856
2025-01-10 20:00:00,76.7968
2025-01-10 21:00:00,73.8159
2025-01-10 22:00:00,59.0577
2025-01-10 23:00:00,49.1235
2025-01-11 00:00:00,28.792
2025-01-11 01:00:00,24.4298
2025-01-11 02:00:00,21.5642
2025-01-11 03:00:00,20.6229
2025-01-11 04:00:00,21.824
2025-01-11 05:00:00,24.5193
2025-01-11 06:00:00,28.9664
2025-01-11 07:00:00,33.3498
2025-01-11 08:00:00,37.2317
2025-01-11 09:00:00,42.3353
2025-01-11 10:00:00,47.0479
2025-01-11 11:00:00,46.4904
2025-01-11 12:00:00,37.7884
2025-01-11 13:00:00,28.3083
2025-01-11 14:00:00,25.1087
2025-01-11 15:00:00,25.6836
2025-01-11 16:00:00,32.1817
2025-01-11 17:00:00,41.7488
2025-01-11 18:00:00,51.3911
2025-01-11 19:00:00,62.3273
2025-01-11 20:00:00,66.8647
2025-01-11 21:00:00,61.6896
2025-01-11 22:00:00,52.8926
2025-01-11 23:00:00,42.5352
2025-01-12 00:00:00,28.4322
2025-01-12 01:00:00,25.3272
2025-01-12 02:00:00,21.9055
2025-01-12 03:00:00,20.5293
2025-01-12 04:00:00,22.1277
2025-01-12 05:00:00,25.1188
2025-01-12 06:00:00,28.2018
2025-01-12 07:00:00,33.5959
2025-01-12 08:00:00,34.47
2025-01-12 09:00:00,41.7681
2025-01-12 10:00:00,45.8483
2025-01-12 11:00:00,45.9686
2025-01-12 12:00:00,36.3901
2025-01-12 13:00:00,26.7322
2025-01-12 14:00:00,24.7662
2025-01-12 15:00:00,25.2364
2025-01-12 16:00:00,33.1919
2025-01-12 17:00:00,41.0724
2025-01-12 18:00:00,53.5231
2025-01-12 19:00:00,64.0531
2025-01-12 20:00:00,67.9848
2025-01-12 21:00:00,64.9134
2025-01-12 22:00:00,53.1411
2025-01-12 23:00:00,40.3872
2025-01-13 00:00:00,33.1936
2025-01-13 01:00:00,28.7986
2025-01-13 02:00:00,25.9503
2025-01-13 03:00:00,24.6803
2025-01-13 04:00:00,25.1942
2025-01-13 05:00:00,29.4015
2025-01-13 06:00:00,34.031
2025-01-13 07:00:00,39.5954
2025-01-13 08:00:00,41.8925
2025-01-13 09:00:00,48.796
2025-01-13 10:00:00,59.0295
2025-01-13 11:00:00,54.0498
2025-01-13 12:00:00,49.0996
2025-01-13 13:00:00,36.6998
2025-01-13 14:00:00,33.5149
2025-01-13 15:00:00,34.1322
2025-01-13 16:00:00,40.1156
2025-01-13 17:00:00,49.9093
2025-01-13 18:00:00,60.5463
2025-01-13 19:00:00,73.4264
2025-01-13 20:00:00,79.109
2025-01-13 21:00:00,74.5401
2025-01-13 22:00:00,60.9403
2025-01-13 23:00:00,48.4193
2025-01-14 00:00:00,34.1441
2025-01-14 01:00:00,29.3104
2025-01-14 02:00:00,25.584
2025-01-14 03:00:00,24.5648
2025-01-14 04:00:00,25.8796
2025-01-14 05:00:00,29.0647
2025-01-14 06:00:00,33.8603
2025-01-14 07:00:00,39.5643
2025-01-14 08:00:00,44.1457
2025-01-14 09:00:00,53.4222
2025-01-14 10:00:00,62.3797
2025-01-14 11:00:00,59.1983
2025-01-14 12:00:00,48.4481
2025-01-14 13:00:00,39.6145
2025-01-14 14:00:00,34.6005
2025-01-14 15:00:00,36.2356
2025-01-14 16:00:00,40.9789
2025-01-14 17:00:00,48.1248
2025-01-14 18:00:00,59.9351
2025-01-14 19:00:00,74.1871
2025-01-14 20:00:00,78.1844
2025-01-14 21:00:00,73.0862
2025-01-14 22:00:00,59.8863
2025-01-14 23:00:00,48.1494
2025-01-15 00:00:00,33.3356
2025-01-15 01:00:00,29.4354
2025-01-15 02:00:00,25.3981
2025-01-15 03:00:00,23.8117
2025-01-15 04:00:00,25.2526
2025-01-15 05:00:00,29.5231
2025-01-15 06:00:00,33.3753
2025-01-15 07:00:00,39.2089
2025-01-15 08:00:00,41.8638
2025-01-15 09:00:00,49.2577
2025-01-15 10:00:00,57.0592
2025-01-15 11:00:00,57.2256
2025-01-15 12:00:00,44.6112
2025-01-15 13:00:00,33.7779
2025-01-15 14:00:00,29.18
2025-01-15 15:00:00,32.0091
2025-01-15 16:00:00,38.4839
2025-01-15 17:00:00,48.9392
2025-01-15 18:00:00,62.0421
2025-01-15 19:00:00,75.1479
2025-01-15 20:00:00,78.9543
2025-01-15 21:00:00,73.2586
2025-01-15 22:00:00,59.764
2025-01-15 23:00:00,48.5501
2025-01-16 00:00:00,32.9604
2025-01-16 01:00:00,29.9529
2025-01-16 02:00:00,25.772
2025-01-16 03:00:00,23.9658
2025-01-16 04:00:00,25.653
2025-01-16 05:00:00,28.9403
2025-01-16 06:00:00,33.7025
2025-01-16 07:00:00,39.2923
2025-01-16 08:00:00,42.3852
2025-01-16 09:00:00,49.8817
2025-01-16 10:00:00,57.5389
2025-01-16 11:00:00,54.6219
2025-01-16 12:00:00,45.4468
2025-01-16 13:00:00,34.2108
2025-01-16 14:00:00,29.8902
2025-01-16 15:00:00,30.8175
2025-01-16 16:00:00,38.3966
2025-01-16 17:00:00,49.2966
2025-01-16 18:00:00,60.9599
2025-01-16 19:00:00,72.7994
2025-01-16 20:00:00,77.8033
2025-01-16 21:00:00,72.4461
2025-01-16 22:00:00,58.9286
2025-01-16 23:00:00,48.1766
2025-01-17 00:00:00,32.3426
2025-01-17 01:00:00,29.4389
2025-01-17 02:00:00,26.5
2025-01-17 03:00:00,24.8129
2025-01-17 04:00:00,25.4527
2025-01-17 05:00:00,28.8634
2025-01-17 06:00:00,33.6365
2025-01-17 07:00:00,38.9891
2025-01-17 08:00:00,41.3662
2025-01-17 09:00:00,50.6333
2025-01-17 10:00:00,58.8766
2025-01-17 11:00:00,55.8343
2025-01-17 12:00:00,45.3387
2025-01-17 13:00:00,35.625
2025-01-17 14:00:00,31.5809
2025-01-17 15:00:00,33.5377
2025-01-17 16:00:00,39.3527
2025-01-17 17:00:00,50.734
2025-01-17 18:00:00,60.185
2025-01-17 19:00:00,73.7312
2025-01-17 20:00:00,78.9124
2025-01-17 21:00:00,75.4063
2025-01-17 22:00:00,59.0941
2025-01-17 23:00:00,49.2943
2025-01-18 00:00:00,27.4891
2025-01-18 01:00:00,24.6786
2025-01-18 02:00:00,21.758
2025-01-18 03:00:00,20.2237
2025-01-18 04:00:00,21.7009
2025-01-18 05:00:00,25.1192
2025-01-18 06:00:00,28.5793
2025-01-18 07:00:00,32.8547
2025-01-18 08:00:00,37.7657
2025-01-18 09:00:00,42.8474
2025-01-18 10:00:00,47.2045
2025-01-18 11:00:00,45.1922
2025-01-18 12:00:00,35.7072
2025-01-18 13:00:00,26.3718
2025-01-18 14:00:00,23.4647
2025-01-18 15:00:00,25.4689
2025-01-18 16:00:00,31.5336
2025-01-18 17:00:00,42.2608
2025-01-18 18:00:00,51.04
2025-01-18 19:00:00,61.0664
2025-01-18 20:00:00,67.1449
2025-01-18 21:00:00,61.9332
2025-01-18 22:00:00,51.0249
2025-01-18 23:00:00,41.4127
2025-01-19 00:00:00,27.7103
2025-01-19 01:00:00,25.381
2025-01-19 02:00:00,21.694
2025-01-19 03:00:00,20.2799
2025-01-19 04:00:00,21.9074
2025-01-19 05:00:00,24.4641
2025-01-19 06:00:00,27.8614
2025-01-19 07:00:00,32.9588
2025-01-19 08:00:00,34.4197
2025-01-19 09:00:00,41.5259
2025-01-19 10:00:00,48.1331
2025-01-19 11:00:00,44.2256
2025-01-19 12:00:00,36.8306
2025-01-19 13:00:00,26.3542
2025-01-19 14:00:00,23.3855
2025-01-19 15:00:00,24.7949
2025-01-19 16:00:00,31.0262
2025-01-19 17:00:00,42.6502
2025-01-19 18:00:00,52.7743
2025-01-19 19:00:00,62.1886
2025-01-19 20:00:00,66.7264
2025-01-19 21:00:00,61.3766
2025-01-19 22:00:00,51.755
2025-01-19 23:00:00,42.0804
2025-01-20 00:00:00,33.0283
2025-01-20 01:00:00,28.7088
2025-01-20 02:00:00,25.7432
2025-01-20 03:00:00,23.9537
2025-01-20 04:00:00,25.7483
2025-01-20 05:00:00,29.2518
2025-01-20 06:00:00,33.2888
2025-01-20 07:00:00,38.6501
2025-01-20 08:00:00,42.406
2025-01-20 09:00:00,49.9873
2025-01-20 10:00:00,57.2429
2025-01-20 11:00:00,55.7149
2025-01-20 12:00:00,45.4615
2025-01-20 13:00:00,37.7356
2025-01-20 14:00:00,31.8659
2025-01-20 15:00:00,32.8343
2025-01-20 16:00:00,39.54
2025-01-20 17:00:00,47.0434
2025-01-20 18:00:00,60.0031
2025-01-20 19:00:00,72.7744
2025-01-20 20:00:00,79.19
2025-01-20 21:00:00,74.2068
2025-01-20 22:00:00,61.5602
2025-01-20 23:00:00,48.916
2025-01-21 00:00:00,32.9539
2025-01-21 01:00:00,29.6404
2025-01-21 02:00:00,25.3356
2025-01-21 03:00:00,24.6312
2025-01-21 04:00:00,25.3177
2025-01-21 05:00:00,29.1845
2025-01-21 06:00:00,33.3904
2025-01-21 07:00:00,38.0671
2025-01-21 08:00:00,41.6439
2025-01-21 09:00:00,51.3767
2025-01-21 10:00:00,60.3343
2025-01-21 11:00:00,60.216
2025-01-21 12:00:00,48.4417
2025-01-21 13:00:00,38.691
2025-01-21 14:00:00,36.7631
2025-01-21 15:00:00,37.6734
2025-01-21 16:00:00,41.7819
2025-01-21 17:00:00,49.2188
2025-01-21 18:00:00,58.7193
2025-01-21 19:00:00,75.5558
2025-01-21 20:00:00,79.7556
2025-01-21 21:00:00,72.4981
2025-01-21 22:00:00,61.3836
2025-01-21 23:00:00,48.7911
2025-01-22 00:00:00,33.1314
2025-01-22 01:00:00,29.266
2025-01-22 02:00:00,24.7362
2025-01-22 03:00:00,24.2772
2025-01-22 04:00:00,26.009
2025-01-22 05:00:00,30.1062
2025-01-22 06:00:00,33.875
2025-01-22 07:00:00,38.605
2025-01-22 08:00:00,47.7575
2025-01-22 09:00:00,58.3219
2025-01-22 10:00:00,71.5531
2025-01-22 11:00:00,71.0551
2025-01-22 12:00:00,53.9338
2025-01-22 13:00:00,41.1794
2025-01-22 14:00:00,37.3454
2025-01-22 15:00:00,38.8723
2025-01-22 16:00:00,42.6917
2025-01-22 17:00:00,49.8694
2025-01-22 18:00:00,59.9932
2025-01-22 19:00:00,71.0477
2025-01-22 20:00:00,80.0664
2025-01-22 21:00:00,73.696
2025-01-22 22:00:00,58.7688
2025-01-22 23:00:00,49.6267
2025-01-23 00:00:00,33.3292
2025-01-23 01:00:00,29.3961
2025-01-23 02:00:00,25.8846
2025-01-23 03:00:00,24.2325
2025-01-23 04:00:00,25.5209
2025-01-23 05:00:00,29.5627
2025-01-23 06:00:00,32.5982
2025-01-23 07:00:00,39.5947
2025-01-23 08:00:00,45.8949
2025-01-23 09:00:00,55.2326
2025-01-23 10:00:00,65.9257
2025-01-23 11:00:00,69.0143
2025-01-23 12:00:00,55.8259
2025-01-23 13:00:00,43.853
2025-01-23 14:00:00,38.7899
2025-01-23 15:00:00,38.1131
2025-01-23 16:00:00,42.3923
2025-01-23 17:00:00,49.1894
2025-01-23 18:00:00,60.6437
2025-01-23 19:00:00,75.5504
2025-01-23 20:00:00,77.0451
2025-01-23 21:00:00,71.6156
2025-01-23 22:00:00,61.4222
2025-01-23 23:00:00,49.1324
2025-01-24 00:00:00,32.8851
2025-01-24 01:00:00,29.1343
2025-01-24 02:00:00,25.6707
2025-01-24 03:00:00,24.4849
2025-01-24 04:00:00,25.3683
2025-01-24 05:00:00,29.6489
2025-01-24 06:00:00,33.4303
2025-01-24 07:00:00,39.3732
2025-01-24 08:00:00,45.804
2025-01-24 09:00:00,54.5462
2025-01-24 10:00:00,65.0579
2025-01-24 11:00:00,63.206
2025-01-24 12:00:00,55.0272
2025-01-24 13:00:00,44.0015
2025-01-24 14:00:00,40.266
2025-01-24 15:00:00,38.4929
2025-01-24 16:00:00,42.1769
2025-01-24 17:00:00,49.0908
2025-01-24 18:00:00,59.9359
2025-01-24 19:00:00,74.6653
2025-01-24 20:00:00,77.9518
2025-01-24 21:00:00,72.2065
2025-01-24 22:00:00,61.0945
2025-01-24 23:00:00,47.9277
2025-01-25 00:00:00,27.9854
2025-01-25 01:00:00,25.038
2025-01-25 02:00:00,22.2277
2025-01-25 03:00:00,20.8952
2025-01-25 04:00:00,21.7577
2025-01-25 05:00:00,24.3226
2025-01-25 06:00:00,29.4776
2025-01-25 07:00:00,32.7731
2025-01-25 08:00:00,39.4537
2025-01-25 09:00:00,47.8094
2025-01-25 10:00:00,54.8173
2025-01-25 11:00:00,51.1367
2025-01-25 12:00:00,39.0502
2025-01-25 13:00:00,27.2747
2025-01-25 14:00:00,25.3613
2025-01-25 15:00:00,28.4639
2025-01-25 16:00:00,32.9758
2025-01-25 17:00:00,41.9336
2025-01-25 18:00:00,50.2523
2025-01-25 19:00:00,62.261
2025-01-25 20:00:00,67.7649
2025-01-25 21:00:00,62.7941
2025-01-25 22:00:00,51.5733
2025-01-25 23:00:00,41.215
2025-01-26 00:00:00,29.2004
2025-01-26 01:00:00,24.4322
2025-01-26 02:00:00,22.1816
2025-01-26 03:00:00,20.046
2025-01-26 04:00:00,21.268
2025-01-26 05:00:00,24.5495
2025-01-26 06:00:00,28.568
2025-01-26 07:00:00,32.3785
2025-01-26 08:00:00,35.1498
2025-01-26 09:00:00,40.2332
2025-01-26 10:00:00,47.7165
2025-01-26 11:00:00,46.4205
2025-01-26 12:00:00,37.2453
2025-01-26 13:00:00,31.4817
2025-01-26 14:00:00,33.0059
2025-01-26 15:00:00,33.2352
2025-01-26 16:00:00,35.3806
2025-01-26 17:00:00,41.793
2025-01-26 18:00:00,51.5766
2025-01-26 19:00:00,63.6651
2025-01-26 20:00:00,67.4128
2025-01-26 21:00:00,61.9165
2025-01-26 22:00:00,52.4297
2025-01-26 23:00:00,42.9299
2025-01-27 00:00:00,32.0721
2025-01-27 01:00:00,28.5504
2025-01-27 02:00:00,25.8906
2025-01-27 03:00:00,24.1674
2025-01-27 04:00:00,25.2312
2025-01-27 05:00:00,29.412
2025-01-27 06:00:00,33.049
2025-01-27 07:00:00,38.7521
2025-01-27 08:00:00,42.7639
2025-01-27 09:00:00,51.434
2025-01-27 10:00:00,57.4559
2025-01-27 11:00:00,57.0891
2025-01-27 12:00:00,46.051
2025-01-27 13:00:00,34.2115
2025-01-27 14:00:00,31.0397
2025-01-27 15:00:00,33.637
2025-01-27 16:00:00,38.3249
2025-01-27 17:00:00,49.4009
2025-01-27 18:00:00,60.2521
2025-01-27 19:00:00,72.5572
2025-01-27 20:00:00,80.5771
2025-01-27 21:00:00,73.3727
2025-01-27 22:00:00,61.9512
2025-01-27 23:00:00,48.5734
2025-01-28 00:00:00,33.8047
2025-01-28 01:00:00,29.5897
2025-01-28 02:00:00,25.9154
2025-01-28 03:00:00,23.2734
2025-01-28 04:00:00,25.6385
2025-01-28 05:00:00,29.1566
2025-01-28 06:00:00,33.8586
2025-01-28 07:00:00,38.244
2025-01-28 08:00:00,43.941
2025-01-28 09:00:00,52.6132
2025-01-28 10:00:00,60.3046
2025-01-28 11:00:00,62.4229
2025-01-28 12:00:00,51.6438
2025-01-28 13:00:00,40.5965
2025-01-28 14:00:00,39.3083
2025-01-28 15:00:00,37.2382
2025-01-28 16:00:00,41.6851
2025-01-28 17:00:00,50.1273
2025-01-28 18:00:00,58.3331
2025-01-28 19:00:00,72.955
2025-01-28 20:00:00,80.1887
2025-01-28 21:00:00,73.7577
2025-01-28 22:00:00,60.7674
2025-01-28 23:00:00,49.4196
2025-01-29 00:00:00,33.2096
2025-01-29 01:00:00,29.6743
2025-01-29 02:00:00,24.6998
2025-01-29 03:00:00,24.2373
2025-01-29 04:00:00,25.8817
2025-01-29 05:00:00,29.1883
2025-01-29 06:00:00,33.6869
2025-01-29 07:00:00,39.661
2025-01-29 08:00:00,46.0846
2025-01-29 09:00:00,53.0714
2025-01-29 10:00:00,57.5308
2025-01-29 11:00:00,56.5184
2025-01-29 12:00:00,44.9195
2025-01-29 13:00:00,32.7391
2025-01-29 14:00:00,34.2907
2025-01-29 15:00:00,34.4642
2025-01-29 16:00:00,39.801
2025-01-29 17:00:00,47.8363
2025-01-29 18:00:00,60.3178
2025-01-29 19:00:00,72.589
2025-01-29 20:00:00,81.0073
2025-01-29 21:00:00,73.7246
2025-01-29 22:00:00,60.2652
2025-01-29 23:00:00,47.0219
2025-01-30 00:00:00,33.6852
2025-01-30 01:00:00,28.9131
2025-01-30 02:00:00,25.4815
2025-01-30 03:00:00,23.4531
2025-01-30 04:00:00,25.8568
2025-01-30 05:00:00,29.0501
2025-01-30 06:00:00,33.5061
2025-01-30 07:00:00,39.3171
2025-01-30 08:00:00,44.7573
2025-01-30 09:00:00,55.1008
2025-01-30 10:00:00,61.8294
2025-01-30 11:00:00,55.3655
2025-01-30 12:00:00,43.1365
2025-01-30 13:00:00,32.9182
2025-01-30 14:00:00,28.9984
2025-01-30 15:00:00,30.7206
2025-01-30 16:00:00,37.7939
2025-01-30 17:00:00,49.802
2025-01-30 18:00:00,61.699
2025-01-30 19:00:00,72.6838
2025-01-30 20:00:00,80.888
2025-01-30 21:00:00,73.6313
2025-01-30 22:00:00,61.108
2025-01-30 23:00:00,49.7613
2025-01-31 00:00:00,32.62
2025-01-31 01:00:00,29.279
2025-01-31 02:00:00,25.8176
2025-01-31 03:00:00,23.9742
2025-01-31 04:00:00,25.4382
2025-01-31 05:00:00,29.5995
2025-01-31 06:00:00,34.3852
2025-01-31 07:00:00,38.6647
2025-01-31 08:00:00,44.3043
2025-01-31 09:00:00,52.7099
2025-01-31 10:00:00,60.294
2025-01-31 11:00:00,58.2492
2025-01-31 12:00:00,46.7214
2025-01-31 13:00:00,35.8305
2025-01-31 14:00:00,29.8449
2025-01-31 15:00:00,32.3674
2025-01-31 16:00:00,36.9575
2025-01-31 17:00:00,47.509
2025-01-31 18:00:00,60.537
2025-01-31 19:00:00,72.6245
2025-01-31 20:00:00,78.1736
2025-01-31 21:00:00,73.1361
2025-01-31 22:00:00,60.015
2025-01-31 23:00:00,48.205
2025-02-01 00:00:00,27.1183
2025-02-01 01:00:00,24.1482
2025-02-01 02:00:00,21.2884
2025-02-01 03:00:00,19.7318
2025-02-01 04:00:00,21.4498
2025-02-01 05:00:00,23.7319
2025-02-01 06:00:00,28.0899
2025-02-01 07:00:00,31.2364
2025-02-01 08:00:00,36.0329
2025-02-01 09:00:00,42.1158
2025-02-01 10:00:00,47.3395
2025-02-01 11:00:00,43.582
2025-02-01 12:00:00,33.6786
2025-02-01 13:00:00,26.806
2025-02-01 14:00:00,22.2443
2025-02-01 15:00:00,24.7203
2025-02-01 16:00:00,30.8151
2025-02-01 17:00:00,40.3362
2025-02-01 18:00:00,48.9719
2025-02-01 19:00:00,60.5303
2025-02-01 20:00:00,66.5479
2025-02-01 21:00:00,62.0586
2025-02-01 22:00:00,49.3337
2025-02-01 23:00:00,39.7549
2025-02-02 00:00:00,26.8683
2025-02-02 01:00:00,24.4294
2025-02-02 02:00:00,21.2721
2025-02-02 03:00:00,19.8944
2025-02-02 04:00:00,21.3256
2025-02-02 05:00:00,23.9191
2025-02-02 06:00:00,28.3135
2025-02-02 07:00:00,31.6413
2025-02-02 08:00:00,33.8535
2025-02-02 09:00:00,36.9531
2025-02-02 10:00:00,46.0725
2025-02-02 11:00:00,48.7488
2025-02-02 12:00:00,37.7922
2025-02-02 13:00:00,26.4985
2025-02-02 14:00:00,22.2194
2025-02-02 15:00:00,22.8762
2025-02-02 16:00:00,31.1821
2025-02-02 17:00:00,40.0157
2025-02-02 18:00:00,49.231
2025-02-02 19:00:00,63.0614
2025-02-02 20:00:00,66.3495
2025-02-02 21:00:00,60.6926
2025-02-02 22:00:00,48.4932
2025-02-02 23:00:00,39.7413
2025-02-03 00:00:00,31.5154
2025-02-03 01:00:00,28.3806
2025-02-03 02:00:00,25.1284
2025-02-03 03:00:00,23.968
2025-02-03 04:00:00,24.6315
2025-02-03 05:00:00,27.7713
2025-02-03 06:00:00,33.1055
2025-02-03 07:00:00,36.392
2025-02-03 08:00:00,40.1477
2025-02-03 09:00:00,47.126
2025-02-03 10:00:00,53.7203
2025-02-03 11:00:00,54.2538
2025-02-03 12:00:00,42.3649
2025-02-03 13:00:00,32.3229
2025-02-03 14:00:00,27.6946
2025-02-03 15:00:00,30.0675
2025-02-03 16:00:00,36.4618
2025-02-03 17:00:00,48.203
2025-02-03 18:00:00,60.3848
2025-02-03 19:00:00,70.9474
2025-02-03 20:00:00,75.8539
2025-02-03 21:00:00,71.4264
2025-02-03 22:00:00,60.2487
2025-02-03 23:00:00,48.1543
2025-02-04 00:00:00,32.3869
2025-02-04 01:00:00,28.7623
2025-02-04 02:00:00,24.5528
2025-02-04 03:00:00,23.6357
2025-02-04 04:00:00,24.7188
2025-02-04 05:00:00,27.3073
2025-02-04 06:00:00,33.444
2025-02-04 07:00:00,35.8908
2025-02-04 08:00:00,41.5956
2025-02-04 09:00:00,48.1459
2025-02-04 10:00:00,55.8394
2025-02-04 11:00:00,54.0778
2025-02-04 12:00:00,44.4479
2025-02-04 13:00:00,32.7774
2025-02-04 14:00:00,30.1631
2025-02-04 15:00:00,33.6751
2025-02-04 16:00:00,38.5059
2025-02-04 17:00:00,48.0662
2025-02-04 18:00:00,58.5749
2025-02-04 19:00:00,70.4442
2025-02-04 20:00:00,76.2512
2025-02-04 21:00:00,71.5141
2025-02-04 22:00:00,58.6952
2025-02-04 23:00:00,47.5978
2025-02-05 00:00:00,32.0703
2025-02-05 01:00:00,28.0742
2025-02-05 02:00:00,25.4473
2025-02-05 03:00:00,23.6815
2025-02-05 04:00:00,25.2785
2025-02-05 05:00:00,28.8937
2025-02-05 06:00:00,33.2239
2025-02-05 07:00:00,37.7426
2025-02-05 08:00:00,46.3234
2025-02-05 09:00:00,55.4792
2025-02-05 10:00:00,67.5423
2025-02-05 11:00:00,69.5403
2025-02-05 12:00:00,57.0834
2025-02-05 13:00:00,46.6058
2025-02-05 14:00:00,39.7989
2025-02-05 15:00:00,37.7065
2025-02-05 16:00:00,40.1062
2025-02-05 17:00:00,48.1402
2025-02-05 18:00:00,58.8805
2025-02-05 19:00:00,70.6519
2025-02-05 20:00:00,74.8584
2025-02-05 21:00:00,70.7656
2025-02-05 22:00:00,59.2897
2025-02-05 23:00:00,47.4115
2025-02-06 00:00:00,31.7931
2025-02-06 01:00:00,28.7853
2025-02-06 02:00:00,24.9283
2025-02-06 03:00:00,22.768
2025-02-06 04:00:00,25.3362
2025-02-06 05:00:00,28.0854
2025-02-06 06:00:00,33.426
2025-02-06 07:00:00,38.5766
2025-02-06 08:00:00,45.6056
2025-02-06 09:00:00,55.8761
2025-02-06 10:00:00,67.9731
2025-02-06 11:00:00,66.5652
2025-02-06 12:00:00,56.3415
2025-02-06 13:00:00,46.6083
2025-02-06 14:00:00,39.4893
2025-02-06 15:00:00,39.4325
2025-02-06 16:00:00,39.8232
2025-02-06 17:00:00,47.0856
2025-02-06 18:00:00,57.835
2025-02-06 19:00:00,71.0666
2025-02-06 20:00:00,77.348
2025-02-06 21:00:00,71.958
2025-02-06 22:00:00,59.206
2025-02-06 23:00:00,48.2458
2025-02-07 00:00:00,30.5769
2025-02-07 01:00:00,28.0619
2025-02-07 02:00:00,24.6269
2025-02-07 03:00:00,23.3067
2025-02-07 04:00:00,25.064
2025-02-07 05:00:00,28.2684
2025-02-07 06:00:00,32.05
2025-02-07 07:00:00,37.6635
2025-02-07 08:00:00,44.8206
2025-02-07 09:00:00,52.6401
2025-02-07 10:00:00,61.3082
2025-02-07 11:00:00,60.3376
2025-02-07 12:00:00,51.6528
2025-02-07 13:00:00,39.4599
2025-02-07 14:00:00,37.0155
2025-02-07 15:00:00,38.4296
2025-02-07 16:00:00,39.9836
2025-02-07 17:00:00,46.4779
2025-02-07 18:00:00,60.836
2025-02-07 19:00:00,71.6866
2025-02-07 20:00:00,77.4958
2025-02-07 21:00:00,70.9604
2025-02-07 22:00:00,58.4656
2025-02-07 23:00:00,45.7743
2025-02-08 00:00:00,27.2398
2025-02-08 01:00:00,24.4615
2025-02-08 02:00:00,21.5255
2025-02-08 03:00:00,19.9646
2025-02-08 04:00:00,20.9159
2025-02-08 05:00:00,23.9727
2025-02-08 06:00:00,28.0386
2025-02-08 07:00:00,31.5181
2025-02-08 08:00:00,36.4083
2025-02-08 09:00:00,42.2771
2025-02-08 10:00:00,47.7774
2025-02-08 11:00:00,47.6126
2025-02-08 12:00:00,37.2127
2025-02-08 13:00:00,28.3212
2025-02-08 14:00:00,29.3509
2025-02-08 15:00:00,31.3222
2025-02-08 16:00:00,34.5587
2025-02-08 17:00:00,41.2571
2025-02-08 18:00:00,51.8194
2025-02-08 19:00:00,60.6497
2025-02-08 20:00:00,66.11
2025-02-08 21:00:00,60.5891
2025-02-08 22:00:00,50.839
2025-02-08 23:00:00,41.4723
2025-02-09 00:00:00,27.4719
2025-02-09 01:00:00,23.4448
2025-02-09 02:00:00,20.9649
2025-02-09 03:00:00,20.0457
2025-02-09 04:00:00,20.8417
2025-02-09 05:00:00,25.0136
2025-02-09 06:00:00,28.3738
2025-02-09 07:00:00,32.3511
2025-02-09 08:00:00,37.804
2025-02-09 09:00:00,47.9397
2025-02-09 10:00:00,54.3055
2025-02-09 11:00:00,53.4932
2025-02-09 12:00:00,46.7209
2025-02-09 13:00:00,36.5796
2025-02-09 14:00:00,32.9115
2025-02-09 15:00:00,31.3495
2025-02-09 16:00:00,32.6202
2025-02-09 17:00:00,40.3125
2025-02-09 18:00:00,49.8253
2025-02-09 19:00:00,62.5868
2025-02-09 20:00:00,66.0547
2025-02-09 21:00:00,60.4964
2025-02-09 22:00:00,51.1687
2025-02-09 23:00:00,39.9014
2025-02-10 00:00:00,32.5199
2025-02-10 01:00:00,28.2569
2025-02-10 02:00:00,24.5061
2025-02-10 03:00:00,23.5721
2025-02-10 04:00:00,25.3175
2025-02-10 05:00:00,27.9513
2025-02-10 06:00:00,32.8553
2025-02-10 07:00:00,37.3036
2025-02-10 08:00:00,40.3907
2025-02-10 09:00:00,49.0035
2025-02-10 10:00:00,53.6053
2025-02-10 11:00:00,51.1417
2025-02-10 12:00:00,43.3221
2025-02-10 13:00:00,30.3854
2025-02-10 14:00:00,29.8469
2025-02-10 15:00:00,30.1026
2025-02-10 16:00:00,37.3824
2025-02-10 17:00:00,47.417
2025-02-10 18:00:00,59.2463
2025-02-10 19:00:00,71.3666
2025-02-10 20:00:00,75.1805
2025-02-10 21:00:00,71.6714
2025-02-10 22:00:00,59.4356
2025-02-10 23:00:00,47.5766
2025-02-11 00:00:00,32.2748
2025-02-11 01:00:00,28.1439
2025-02-11 02:00:00,25.1108
2025-02-11 03:00:00,24.1626
2025-02-11 04:00:00,25.1726
2025-02-11 05:00:00,28.995
2025-02-11 06:00:00,32.4055
2025-02-11 07:00:00,35.8744
2025-02-11 08:00:00,40.2586
2025-02-11 09:00:00,46.597
2025-02-11 10:00:00,55.1371
2025-02-11 11:00:00,53.5634
2025-02-11 12:00:00,42.9949
2025-02-11 13:00:00,31.8401
2025-02-11 14:00:00,29.6824
2025-02-11 15:00:00,31.2898
2025-02-11 16:00:00,36.9214
2025-02-11 17:00:00,47.0091
2025-02-11 18:00:00,59.7914
2025-02-11 19:00:00,72.7008
2025-02-11 20:00:00,77.2791
2025-02-11 21:00:00,72.3761
2025-02-11 22:00:00,59.2934
2025-02-11 23:00:00,47.4832
2025-02-12 00:00:00,32.6943
2025-02-12 01:00:00,28.3206
2025-02-12 02:00:00,25.0735
2025-02-12 03:00:00,23.7441
2025-02-12 04:00:00,24.8403
2025-02-12 05:00:00,28.3212
2025-02-12 06:00:00,33.2396
2025-02-12 07:00:00,36.8683
2025-02-12 08:00:00,41.1946
2025-02-12 09:00:00,46.8227
2025-02-12 10:00:00,56.4935
2025-02-12 11:00:00,55.7373
2025-02-12 12:00:00,48.2275
2025-02-12 13:00:00,39.2695
2025-02-12 14:00:00,36.2028
2025-02-12 15:00:00,34.9326
2025-02-12 16:00:00,40.6438
2025-02-12 17:00:00,48.0607
2025-02-12 18:00:00,56.9862
2025-02-12 19:00:00,71.3485
2025-02-12 20:00:00,77.5431
2025-02-12 21:00:00,70.9959
2025-02-12 22:00:00,58.8609
2025-02-12 23:00:00,47.437
2025-02-13 00:00:00,32.7336
2025-02-13 01:00:00,28.1917
2025-02-13 02:00:00,24.6548
2025-02-13 03:00:00,23.3333
2025-02-13 04:00:00,25.0048
2025-02-13 05:00:00,28.0814
2025-02-13 06:00:00,32.3786
2025-02-13 07:00:00,36.9983
2025-02-13 08:00:00,39.7018
2025-02-13 09:00:00,46.8586
2025-02-13 10:00:00,54.7882
2025-02-13 11:00:00,53.0998
2025-02-13 12:00:00,41.9822
2025-02-13 13:00:00,32.6442
2025-02-13 14:00:00,34.8748
2025-02-13 15:00:00,34.7227
2025-02-13 16:00:00,40.6015
2025-02-13 17:00:00,47.5317
2025-02-13 18:00:00,59.0237
2025-02-13 19:00:00,70.7705
2025-02-13 20:00:00,74.3317
2025-02-13 21:00:00,72.3392
2025-02-13 22:00:00,59.9177
2025-02-13 23:00:00,46.6892
2025-02-14 00:00:00,31.0862
2025-02-14 01:00:00,28.1048
2025-02-14 02:00:00,24.5443
2025-02-14 03:00:00,22.9234
2025-02-14 04:00:00,24.502
2025-02-14 05:00:00,27.805
2025-02-14 06:00:00,32.5518
2025-02-14 07:00:00,37.4065
2025-02-14 08:00:00,46.2116
2025-02-14 09:00:00,56.6329
2025-02-14 10:00:00,68.1302
2025-02-14 11:00:00,67.5993
2025-02-14 12:00:00,58.3671
2025-02-14 13:00:00,47.511
2025-02-14 14:00:00,40.328
2025-02-14 15:00:00,38.6602
2025-02-14 16:00:00,41.3992
2025-02-14 17:00:00,48.1321
2025-02-14 18:00:00,56.7607
2025-02-14 19:00:00,70.2708
2025-02-14 20:00:00,76.0274
2025-02-14 21:00:00,71.7158
2025-02-14 22:00:00,59.1614
2025-02-14 23:00:00,47.5068
2025-02-15 00:00:00,26.654
2025-02-15 01:00:00,24.9155
2025-02-15 02:00:00,21.7054
2025-02-15 03:00:00,19.6736
2025-02-15 04:00:00,21.4913
2025-02-15 05:00:00,24.4351
2025-02-15 06:00:00,27.8488
2025-02-15 07:00:00,32.8951
2025-02-15 08:00:00,39.9464
2025-02-15 09:00:00,49.2874
2025-02-15 10:00:00,57.2811
2025-02-15 11:00:00,58.2113
2025-02-15 12:00:00,49.0092
2025-02-15 13:00:00,39.9538
2025-02-15 14:00:00,36.5285
2025-02-15 15:00:00,32.2967
2025-02-15 16:00:00,33.6615
2025-02-15 17:00:00,40.3569
2025-02-15 18:00:00,50.2207
2025-02-15 19:00:00,60.7701
2025-02-15 20:00:00,65.6673
2025-02-15 21:00:00,60.5784
2025-02-15 22:00:00,50.3662
2025-02-15 23:00:00,39.8818
2025-02-16 00:00:00,27.1312
2025-02-16 01:00:00,24.3698
2025-02-16 02:00:00,20.8051
2025-02-16 03:00:00,19.8731
2025-02-16 04:00:00,20.8951
2025-02-16 05:00:00,24.3305
2025-02-16 06:00:00,28.1602
2025-02-16 07:00:00,32.6804
2025-02-16 08:00:00,35.5574
2025-02-16 09:00:00,44.3428
2025-02-16 10:00:00,52.416
2025-02-16 11:00:00,51.0596
2025-02-16 12:00:00,43.8532
2025-02-16 13:00:00,36.0992
2025-02-16 14:00:00,32.2614
2025-02-16 15:00:00,29.9912
2025-02-16 16:00:00,34.4439
2025-02-16 17:00:00,39.9294
2025-02-16 18:00:00,49.9968
2025-02-16 19:00:00,61.4139
2025-02-16 20:00:00,64.2243
2025-02-16 21:00:00,61.3354
2025-02-16 22:00:00,50.9211
2025-02-16 23:00:00,40.639
2025-02-17 00:00:00,32.3794
2025-02-17 01:00:00,28.5131
2025-02-17 02:00:00,24.534
2025-02-17 03:00:00,23.9499
2025-02-17 04:00:00,25.217
2025-02-17 05:00:00,28.6233
2025-02-17 06:00:00,31.863
2025-02-17 07:00:00,38.0584
2025-02-17 08:00:00,45.4338
2025-02-17 09:00:00,56.7365
2025-02-17 10:00:00,68.2598
2025-02-17 11:00:00,65.86
2025-02-17 12:00:00,53.8116
2025-02-17 13:00:00,42.4973
2025-02-17 14:00:00,39.4431
2025-02-17 15:00:00,36.4641
2025-02-17 16:00:00,39.7044
2025-02-17 17:00:00,47.1693
2025-02-17 18:00:00,56.5318
2025-02-17 19:00:00,69.8958
2025-02-17 20:00:00,78.1842
2025-02-17 21:00:00,70.4903
2025-02-17 22:00:00,59.146
2025-02-17 23:00:00,48.2158
2025-02-18 00:00:00,31.8399
2025-02-18 01:00:00,28.4507
2025-02-18 02:00:00,24.947
2025-02-18 03:00:00,23.544
2025-02-18 04:00:00,25.249
2025-02-18 05:00:00,28.0575
2025-02-18 06:00:00,33.7813
2025-02-18 07:00:00,36.2776
2025-02-18 08:00:00,39.1472
2025-02-18 09:00:00,47.7286
2025-02-18 10:00:00,55.0745
2025-02-18 11:00:00,52.2757
2025-02-18 12:00:00,42.4828
2025-02-18 13:00:00,32.6933
2025-02-18 14:00:00,31.1834
2025-02-18 15:00:00,32.8433
2025-02-18 16:00:00,39.2619
2025-02-18 17:00:00,46.6071
2025-02-18 18:00:00,58.5455
2025-02-18 19:00:00,73.076
2025-02-18 20:00:00,78.6642
2025-02-18 21:00:00,71.2367
2025-02-18 22:00:00,60.4484
2025-02-18 23:00:00,46.4386
2025-02-19 00:00:00,32.9327
2025-02-19 01:00:00,27.9385
2025-02-19 02:00:00,25.0125
2025-02-19 03:00:00,23.2477
2025-02-19 04:00:00,25.1906
2025-02-19 05:00:00,28.4519
2025-02-19 06:00:00,33.0752
2025-02-19 07:00:00,35.3288
2025-02-19 08:00:00,38.7392
2025-02-19 09:00:00,46.2683
2025-02-19 10:00:00,51.7861
2025-02-19 11:00:00,50.6788
2025-02-19 12:00:00,42.4234
2025-02-19 13:00:00,30.0107
2025-02-19 14:00:00,28.442
2025-02-19 15:00:00,31.0419
2025-02-19 16:00:00,38.414
2025-02-19 17:00:00,46.966
2025-02-19 18:00:00,58.0501
2025-02-19 19:00:00,70.4652
2025-02-19 20:00:00,77.7979
2025-02-19 21:00:00,72.2894
2025-02-19 22:00:00,60.3312
2025-02-19 23:00:00,47.9624
2025-02-20 00:00:00,31.7464
2025-02-20 01:00:00,28.17
2025-02-20 02:00:00,25.213
2025-02-20 03:00:00,23.2668
2025-02-20 04:00:00,24.4629
2025-02-20 05:00:00,28.0814
2025-02-20 06:00:00,32.868
2025-02-20 07:00:00,36.382
2025-02-20 08:00:00,40.1754
2025-02-20 09:00:00,45.789
2025-02-20 10:00:00,51.4965
2025-02-20 11:00:00,53.0263
2025-02-20 12:00:00,40.8146
2025-02-20 13:00:00,31.7564
2025-02-20 14:00:00,26.9108
2025-02-20 15:00:00,29.8966
2025-02-20 16:00:00,34.9466
2025-02-20 17:00:00,45.7803
2025-02-20 18:00:00,59.9247
2025-02-20 19:00:00,71.0748
2025-02-20 20:00:00,77.8168
2025-02-20 21:00:00,70.8352
2025-02-20 22:00:00,59.8047
2025-02-20 23:00:00,47.383
2025-02-21 00:00:00,31.5767
2025-02-21 01:00:00,28.8966
2025-02-21 02:00:00,24.6866
2025-02-21 03:00:00,24.0615
2025-02-21 04:00:00,25.2024
2025-02-21 05:00:00,28.6726
2025-02-21 06:00:00,33.1634
2025-02-21 07:00:00,35.2437
2025-02-21 08:00:00,39.4155
2025-02-21 09:00:00,48.4396
2025-02-21 10:00:00,52.6526
2025-02-21 11:00:00,50.8223
2025-02-21 12:00:00,40.7963
2025-02-21 13:00:00,31.1173
2025-02-21 14:00:00,26.3597
2025-02-21 15:00:00,28.061
2025-02-21 16:00:00,35.5432
2025-02-21 17:00:00,46.8159
2025-02-21 18:00:00,58.687
2025-02-21 19:00:00,71.1288
2025-02-21 20:00:00,77.8919
2025-02-21 21:00:00,70.6875
2025-02-21 22:00:00,58.3655
2025-02-21 23:00:00,47.5887
2025-02-22 00:00:00,26.8107
2025-02-22 01:00:00,23.6923
2025-02-22 02:00:00,21.1703
2025-02-22 03:00:00,19.8298
2025-02-22 04:00:00,20.5172
2025-02-22 05:00:00,23.9362
2025-02-22 06:00:00,27.5745
2025-02-22 07:00:00,29.4009
2025-02-22 08:00:00,31.829
2025-02-22 09:00:00,38.8012
2025-02-22 10:00:00,44.3154
2025-02-22 11:00:00,42.8607
2025-02-22 12:00:00,33.8207
2025-02-22 13:00:00,26.2639
2025-02-22 14:00:00,21.2857
2025-02-22 15:00:00,22.4191
2025-02-22 16:00:00,29.1881
2025-02-22 17:00:00,39.4327
2025-02-22 18:00:00,50.9939
2025-02-22 19:00:00,61.1139
2025-02-22 20:00:00,66.3395
2025-02-22 21:00:00,59.6313
2025-02-22 22:00:00,49.2357
2025-02-22 23:00:00,39.9439
2025-02-23 00:00:00,27.5209
2025-02-23 01:00:00,24.1204
2025-02-23 02:00:00,20.5099
2025-02-23 03:00:00,19.9282
2025-02-23 04:00:00,21.2031
2025-02-23 05:00:00,24.3906
2025-02-23 06:00:00,28.2983
2025-02-23 07:00:00,30.5231
2025-02-23 08:00:00,32.5445
2025-02-23 09:00:00,38.7071
2025-02-23 10:00:00,44.9733
2025-02-23 11:00:00,42.4663
2025-02-23 12:00:00,34.037
2025-02-23 13:00:00,27.3774
2025-02-23 14:00:00,26.0628
2025-02-23 15:00:00,28.9624
2025-02-23 16:00:00,32.9002
2025-02-23 17:00:00,40.7363
2025-02-23 18:00:00,49.2791
2025-02-23 19:00:00,60.2672
2025-02-23 20:00:00,64.8371
2025-02-23 21:00:00,61.5679
2025-02-23 22:00:00,49.8937
2025-02-23 23:00:00,41.8165
2025-02-24 00:00:00,31.8344
2025-02-24 01:00:00,28.4455
2025-02-24 02:00:00,25.4552
2025-02-24 03:00:00,23.4888
2025-02-24 04:00:00,25.0384
2025-02-24 05:00:00,28.745
2025-02-24 06:00:00,32.473
2025-02-24 07:00:00,37.9263
2025-02-24 08:00:00,43.432
2025-02-24 09:00:00,56.9832
2025-02-24 10:00:00,62.3731
2025-02-24 11:00:00,64.0253
2025-02-24 12:00:00,52.1282
2025-02-24 13:00:00,39.8215
2025-02-24 14:00:00,35.0337
2025-02-24 15:00:00,36.2123
2025-02-24 16:00:00,38.2301
2025-02-24 17:00:00,47.8899
2025-02-24 18:00:00,59.4493
2025-02-24 19:00:00,70.5485
2025-02-24 20:00:00,76.6837
2025-02-24 21:00:00,73.8611
2025-02-24 22:00:00,57.6037
2025-02-24 23:00:00,47.4504
2025-02-25 00:00:00,33.2393
2025-02-25 01:00:00,27.6058
2025-02-25 02:00:00,25.6407
2025-02-25 03:00:00,23.8737
2025-02-25 04:00:00,24.6982
2025-02-25 05:00:00,28.549
2025-02-25 06:00:00,32.6623
2025-02-25 07:00:00,38.7012
2025-02-25 08:00:00,46.2744
2025-02-25 09:00:00,56.2061
2025-02-25 10:00:00,68.8214
2025-02-25 11:00:00,65.2756
2025-02-25 12:00:00,53.6635
2025-02-25 13:00:00,38.0086
2025-02-25 14:00:00,34.6464
2025-02-25 15:00:00,32.1696
2025-02-25 16:00:00,37.0683
2025-02-25 17:00:00,45.68
2025-02-25 18:00:00,58.8181
2025-02-25 19:00:00,70.0282
2025-02-25 20:00:00,75.7336
2025-02-25 21:00:00,72.7128
2025-02-25 22:00:00,60.4473
2025-02-25 23:00:00,47.7541
2025-02-26 00:00:00,31.7552
2025-02-26 01:00:00,28.4344
2025-02-26 02:00:00,24.6231
2025-02-26 03:00:00,24.1618
2025-02-26 04:00:00,24.9878
2025-02-26 05:00:00,28.091
2025-02-26 06:00:00,32.8209
2025-02-26 07:00:00,36.3485
2025-02-26 08:00:00,37.7006
2025-02-26 09:00:00,46.4028
2025-02-26 10:00:00,52.4579
2025-02-26 11:00:00,52.871
2025-02-26 12:00:00,42.4374
2025-02-26 13:00:00,30.0242
2025-02-26 14:00:00,26.7561
2025-02-26 15:00:00,28.2372
2025-02-26 16:00:00,35.301
2025-02-26 17:00:00,46.1228
2025-02-26 18:00:00,58.8814
2025-02-26 19:00:00,71.5349
2025-02-26 20:00:00,76.6964
2025-02-26 21:00:00,71.1272
2025-02-26 22:00:00,58.3357
2025-02-26 23:00:00,48.5376
2025-02-27 00:00:00,32.6582
2025-02-27 01:00:00,28.8426
2025-02-27 02:00:00,25.3414
2025-02-27 03:00:00,23.4496
2025-02-27 04:00:00,25.2879
2025-02-27 05:00:00,28.1271
2025-02-27 06:00:00,32.4109
2025-02-27 07:00:00,37.3428
2025-02-27 08:00:00,42.9969
2025-02-27 09:00:00,47.5359
2025-02-27 10:00:00,54.9387
2025-02-27 11:00:00,52.5028
2025-02-27 12:00:00,41.677
2025-02-27 13:00:00,31.7402
2025-02-27 14:00:00,26.861
2025-02-27 15:00:00,29.2233
2025-02-27 16:00:00,36.3069
2025-02-27 17:00:00,45.1293
2025-02-27 18:00:00,58.7783
2025-02-27 19:00:00,72.1392
2025-02-27 20:00:00,77.4541
2025-02-27 21:00:00,73.2246
2025-02-27 22:00:00,59.6119
2025-02-27 23:00:00,47.845
2025-02-28 00:00:00,32.2691
2025-02-28 01:00:00,28.116
2025-02-28 02:00:00,25.2503
2025-02-28 03:00:00,23.39
2025-02-28 04:00:00,25.6547
2025-02-28 05:00:00,28.4389
2025-02-28 06:00:00,32.7571
2025-02-28 07:00:00,36.4139
2025-02-28 08:00:00,38.8273
2025-02-28 09:00:00,46.7641
2025-02-28 10:00:00,53.6066
2025-02-28 11:00:00,53.2753
2025-02-28 12:00:00,43.0282
2025-02-28 13:00:00,31.9927
2025-02-28 14:00:00,27.6566
2025-02-28 15:00:00,29.3473
2025-02-28 16:00:00,35.5716
2025-02-28 17:00:00,46.1523
2025-02-28 18:00:00,59.2428
2025-02-28 19:00:00,72.6208
2025-02-28 20:00:00,77.8987
2025-02-28 21:00:00,71.9428
2025-02-28 22:00:00,58.8736
2025-02-28 23:00:00,47.9293
2025-03-01 00:00:00,24.7986
2025-03-01 01:00:00,21.4195
2025-03-01 02:00:00,19.1999
2025-03-01 03:00:00,17.7089
2025-03-01 04:00:00,19.0437
2025-03-01 05:00:00,21.2017
2025-03-01 06:00:00,25.0596
2025-03-01 07:00:00,27.1351
2025-03-01 08:00:00,28.8006
2025-03-01 09:00:00,34.5845
2025-03-01 10:00:00,40.2894
2025-03-01 11:00:00,35.9183
2025-03-01 12:00:00,29.0987
2025-03-01 13:00:00,20.8621
2025-03-01 14:00:00,17.8363
2025-03-01 15:00:00,21.5879
2025-03-01 16:00:00,27.0544
2025-03-01 17:00:00,35.96
2025-03-01 18:00:00,45.2441
2025-03-01 19:00:00,55.124
2025-03-01 20:00:00,58.7781
2025-03-01 21:00:00,54.4701
2025-03-01 22:00:00,44.3112
2025-03-01 23:00:00,36.0167
2025-03-02 00:00:00,24.5099
2025-03-02 01:00:00,21.7188
2025-03-02 02:00:00,19.5107
2025-03-02 03:00:00,18.122
2025-03-02 04:00:00,19.0556
2025-03-02 05:00:00,21.7144
2025-03-02 06:00:00,25.1799
2025-03-02 07:00:00,29.8767
2025-03-02 08:00:00,32.2793
2025-03-02 09:00:00,41.2687
2025-03-02 10:00:00,47.3685
2025-03-02 11:00:00,44.8225
2025-03-02 12:00:00,35.8661
2025-03-02 13:00:00,31.3651
2025-03-02 14:00:00,25.8599
2025-03-02 15:00:00,26.2631
2025-03-02 16:00:00,28.5412
2025-03-02 17:00:00,35.2059
2025-03-02 18:00:00,45.3205
2025-03-02 19:00:00,55.6389
2025-03-02 20:00:00,59.6759
2025-03-02 21:00:00,53.6743
2025-03-02 22:00:00,44.9165
2025-03-02 23:00:00,36.8549
2025-03-03 00:00:00,29.1909
2025-03-03 01:00:00,26.5525
2025-03-03 02:00:00,22.2947
2025-03-03 03:00:00,21.0905
2025-03-03 04:00:00,22.5165
2025-03-03 05:00:00,26.0096
2025-03-03 06:00:00,29.1268
2025-03-03 07:00:00,33.5945
2025-03-03 08:00:00,37.4088
2025-03-03 09:00:00,44.9542
2025-03-03 10:00:00,48.4941
2025-03-03 11:00:00,46.5845
2025-03-03 12:00:00,36.15
2025-03-03 13:00:00,28.9206
2025-03-03 14:00:00,23.8552
2025-03-03 15:00:00,25.9502
2025-03-03 16:00:00,31.0626
2025-03-03 17:00:00,41.8867
2025-03-03 18:00:00,54.5289
2025-03-03 19:00:00,63.5298
2025-03-03 20:00:00,69.242
2025-03-03 21:00:00,63.5678
2025-03-03 22:00:00,54.1187
2025-03-03 23:00:00,42.8886
2025-03-04 00:00:00,29.1573
2025-03-04 01:00:00,25.3768
2025-03-04 02:00:00,23.4723
2025-03-04 03:00:00,21.6105
2025-03-04 04:00:00,22.602
2025-03-04 05:00:00,26.1332
2025-03-04 06:00:00,29.0765
2025-03-04 07:00:00,31.8539
2025-03-04 08:00:00,33.2729
2025-03-04 09:00:00,39.8212
2025-03-04 10:00:00,46.9769
2025-03-04 11:00:00,45.1782
2025-03-04 12:00:00,37.065
2025-03-04 13:00:00,26.479
2025-03-04 14:00:00,22.4106
2025-03-04 15:00:00,26.6403
2025-03-04 16:00:00,31.6937
2025-03-04 17:00:00,41.6681
2025-03-04 18:00:00,53.107
2025-03-04 19:00:00,63.5564
2025-03-04 20:00:00,70.3774
2025-03-04 21:00:00,64.297
2025-03-04 22:00:00,53.6269
2025-03-04 23:00:00,41.3209
2025-03-05 00:00:00,28.6429
2025-03-05 01:00:00,25.8387
2025-03-05 02:00:00,22.8008
2025-03-05 03:00:00,21.1403
2025-03-05 04:00:00,22.8537
2025-03-05 05:00:00,26.7892
2025-03-05 06:00:00,29.1985
2025-03-05 07:00:00,31.2434
2025-03-05 08:00:00,33.8359
2025-03-05 09:00:00,40.3686
2025-03-05 10:00:00,46.1958
2025-03-05 11:00:00,46.0371
2025-03-05 12:00:00,36.1723
2025-03-05 13:00:00,26.2569
2025-03-05 14:00:00,23.155
2025-03-05 15:00:00,24.3362
2025-03-05 16:00:00,30.1867
2025-03-05 17:00:00,39.9184
2025-03-05 18:00:00,53.3749
2025-03-05 19:00:00,66.7648
2025-03-05 20:00:00,70.559
2025-03-05 21:00:00,63.2048
2025-03-05 22:00:00,53.6988
2025-03-05 23:00:00,42.9028
2025-03-06 00:00:00,29.0222
2025-03-06 01:00:00,25.9601
2025-03-06 02:00:00,23.0117
2025-03-06 03:00:00,21.2219
2025-03-06 04:00:00,22.7508
2025-03-06 05:00:00,25.597
2025-03-06 06:00:00,30.1375
2025-03-06 07:00:00,31.463
2025-03-06 08:00:00,33.4261
2025-03-06 09:00:00,40.4052
2025-03-06 10:00:00,46.3411
2025-03-06 11:00:00,46.2793
2025-03-06 12:00:00,36.5088
2025-03-06 13:00:00,26.301
2025-03-06 14:00:00,23.3914
2025-03-06 15:00:00,24.8424
2025-03-06 16:00:00,30.5553
2025-03-06 17:00:00,40.9088
2025-03-06 18:00:00,53.441
2025-03-06 19:00:00,64.9494
2025-03-06 20:00:00,68.6757
2025-03-06 21:00:00,65.4089
2025-03-06 22:00:00,53.43
2025-03-06 23:00:00,43.2183
2025-03-07 00:00:00,28.9165
2025-03-07 01:00:00,25.3679
2025-03-07 02:00:00,22.8361
2025-03-07 03:00:00,21.3209
2025-03-07 04:00:00,22.5623
2025-03-07 05:00:00,25.5917
2025-03-07 06:00:00,28.4145
2025-03-07 07:00:00,31.3184
2025-03-07 08:00:00,34.5462
2025-03-07 09:00:00,42.1547
2025-03-07 10:00:00,47.2459
2025-03-07 11:00:00,47.6893
2025-03-07 12:00:00,37.4954
2025-03-07 13:00:00,27.3036
2025-03-07 14:00:00,23.9435
2025-03-07 15:00:00,25.9138
2025-03-07 16:00:00,31.24
2025-03-07 17:00:00,42.4894
2025-03-07 18:00:00,53.7124
2025-03-07 19:00:00,66.0358
2025-03-07 20:00:00,70.2997
2025-03-07 21:00:00,64.6125
2025-03-07 22:00:00,53.0993
2025-03-07 23:00:00,43.9074
2025-03-08 00:00:00,24.2838
2025-03-08 01:00:00,22.183
2025-03-08 02:00:00,19.0797
2025-03-08 03:00:00,18.3089
2025-03-08 04:00:00,18.6718
2025-03-08 05:00:00,21.6693
2025-03-08 06:00:00,25.1032
2025-03-08 07:00:00,26.3982
2025-03-08 08:00:00,29.2968
2025-03-08 09:00:00,32.5448
2025-03-08 10:00:00,39.2446
2025-03-08 11:00:00,38.7186
2025-03-08 12:00:00,29.2691
2025-03-08 13:00:00,22.43
2025-03-08 14:00:00,18.1244
2025-03-08 15:00:00,20.6662
2025-03-08 16:00:00,25.7481
2025-03-08 17:00:00,34.2552
2025-03-08 18:00:00,45.1557
2025-03-08 19:00:00,55.2489
2025-03-08 20:00:00,58.3534
2025-03-08 21:00:00,55.1876
2025-03-08 22:00:00,45.2317
2025-03-08 23:00:00,37.8196
2025-03-09 00:00:00,23.8343
2025-03-09 01:00:00,21.9007
2025-03-09 02:00:00,18.785
2025-03-09 03:00:00,17.7852
2025-03-09 04:00:00,19.1127
2025-03-09 05:00:00,22.0895
2025-03-09 06:00:00,24.8583
2025-03-09 07:00:00,26.0525
2025-03-09 08:00:00,28.5254
2025-03-09 09:00:00,34.134
2025-03-09 10:00:00,39.884
2025-03-09 11:00:00,38.3946
2025-03-09 12:00:00,29.9551
2025-03-09 13:00:00,22.0119
2025-03-09 14:00:00,19.6515
2025-03-09 15:00:00,20.7957
2025-03-09 16:00:00,26.9494
2025-03-09 17:00:00,34.7635
2025-03-09 18:00:00,45.6993
2025-03-09 19:00:00,55.3269
2025-03-09 20:00:00,59.8566
2025-03-09 21:00:00,54.3843
2025-03-09 22:00:00,45.1114
2025-03-09 23:00:00,36.1375
2025-03-10 00:00:00,28.8839
2025-03-10 01:00:00,26.0296
2025-03-10 02:00:00,22.6225
2025-03-10 03:00:00,21.3612
2025-03-10 04:00:00,22.2536
2025-03-10 05:00:00,25.2617
2025-03-10 06:00:00,29.9746
2025-03-10 07:00:00,31.6056
2025-03-10 08:00:00,35.3614
2025-03-10 09:00:00,43.2313
2025-03-10 10:00:00,52.0499
2025-03-10 11:00:00,50.3793
2025-03-10 12:00:00,42.1388
2025-03-10 13:00:00,37.5247
2025-03-10 14:00:00,32.562
2025-03-10 15:00:00,30.5937
2025-03-10 16:00:00,35.956
2025-03-10 17:00:00,42.0837
2025-03-10 18:00:00,52.1223
2025-03-10 19:00:00,62.7316
2025-03-10 20:00:00,71.0379
2025-03-10 21:00:00,63.4877
2025-03-10 22:00:00,53.0722
2025-03-10 23:00:00,42.2635
2025-03-11 00:00:00,28.4386
2025-03-11 01:00:00,25.7296
2025-03-11 02:00:00,21.8838
2025-03-11 03:00:00,21.43
2025-03-11 04:00:00,22.8832
2025-03-11 05:00:00,25.0861
2025-03-11 06:00:00,30.7034
2025-03-11 07:00:00,33.1874
2025-03-11 08:00:00,38.0736
2025-03-11 09:00:00,46.4357
2025-03-11 10:00:00,55.0084
2025-03-11 11:00:00,53.1099
2025-03-11 12:00:00,45.0033
2025-03-11 13:00:00,35.7303
2025-03-11 14:00:00,31.692
2025-03-11 15:00:00,32.0019
2025-03-11 16:00:00,36.1993
2025-03-11 17:00:00,42.2313
2025-03-11 18:00:00,51.5772
2025-03-11 19:00:00,65.1903
2025-03-11 20:00:00,71.332
2025-03-11 21:00:00,63.9058
2025-03-11 22:00:00,52.9521
2025-03-11 23:00:00,43.4917
2025-03-12 00:00:00,28.4581
2025-03-12 01:00:00,25.658
2025-03-12 02:00:00,23.1199
2025-03-12 03:00:00,21.3047
2025-03-12 04:00:00,22.1687
2025-03-12 05:00:00,25.9327
2025-03-12 06:00:00,29.6626
2025-03-12 07:00:00,31.0883
2025-03-12 08:00:00,36.6099
2025-03-12 09:00:00,42.8437
2025-03-12 10:00:00,50.4068
2025-03-12 11:00:00,49.9613
2025-03-12 12:00:00,38.1626
2025-03-12 13:00:00,30.0479
2025-03-12 14:00:00,23.1738
2025-03-12 15:00:00,26.5101
2025-03-12 16:00:00,30.7653
2025-03-12 17:00:00,41.6153
2025-03-12 18:00:00,53.848
2025-03-12 19:00:00,66.0173
2025-03-12 20:00:00,69.5613
2025-03-12 21:00:00,64.6689
2025-03-12 22:00:00,54.4716
2025-03-12 23:00:00,42.876
2025-03-13 00:00:00,28.7651
2025-03-13 01:00:00,25.484
2025-03-13 02:00:00,22.5225
2025-03-13 03:00:00,21.6569
2025-03-13 04:00:00,22.3642
2025-03-13 05:00:00,26.0463
2025-03-13 06:00:00,29.3869
2025-03-13 07:00:00,31.5378
2025-03-13 08:00:00,33.5524
2025-03-13 09:00:00,40.5354
2025-03-13 10:00:00,45.6111
2025-03-13 11:00:00,44.4119
2025-03-13 12:00:00,35.7592
2025-03-13 13:00:00,25.9435
2025-03-13 14:00:00,22.7468
2025-03-13 15:00:00,25.2926
2025-03-13 16:00:00,30.8695
2025-03-13 17:00:00,41.4177
2025-03-13 18:00:00,54.6322
2025-03-13 19:00:00,65.4267
2025-03-13 20:00:00,70.8529
2025-03-13 21:00:00,64.1064
2025-03-13 22:00:00,53.5467
2025-03-13 23:00:00,42.9268
2025-03-14 00:00:00,28.6389
2025-03-14 01:00:00,26.1581
2025-03-14 02:00:00,21.9725
2025-03-14 03:00:00,21.264
2025-03-14 04:00:00,22.9381
2025-03-14 05:00:00,26.0532
2025-03-14 06:00:00,29.3711
2025-03-14 07:00:00,32.3821
2025-03-14 08:00:00,39.177
2025-03-14 09:00:00,49.9905
2025-03-14 10:00:00,56.1877
2025-03-14 11:00:00,55.014
2025-03-14 12:00:00,50.1703
2025-03-14 13:00:00,40.0768
2025-03-14 14:00:00,33.6086
2025-03-14 15:00:00,29.5427
2025-03-14 16:00:00,32.9326
2025-03-14 17:00:00,41.93
2025-03-14 18:00:00,52.9011
2025-03-14 19:00:00,65.0272
2025-03-14 20:00:00,70.9162
2025-03-14 21:00:00,64.8719
2025-03-14 22:00:00,52.6706
2025-03-14 23:00:00,42.0596
2025-03-15 00:00:00,24.9145
2025-03-15 01:00:00,21.6946
2025-03-15 02:00:00,19.3536
2025-03-15 03:00:00,17.737
2025-03-15 04:00:00,19.2462
2025-03-15 05:00:00,22.3996
2025-03-15 06:00:00,24.3744
2025-03-15 07:00:00,27.8243
2025-03-15 08:00:00,33.4969
2025-03-15 09:00:00,40.6922
2025-03-15 10:00:00,44.5697
2025-03-15 11:00:00,40.1152
2025-03-15 12:00:00,32.343
2025-03-15 13:00:00,22.3864
2025-03-15 14:00:00,19.1525
2025-03-15 15:00:00,20.7707
2025-03-15 16:00:00,26.2311
2025-03-15 17:00:00,35.0664
2025-03-15 18:00:00,44.3778
2025-03-15 19:00:00,55.1261
2025-03-15 20:00:00,59.8191
2025-03-15 21:00:00,55.0591
2025-03-15 22:00:00,45.0118
2025-03-15 23:00:00,36.919
2025-03-16 00:00:00,24.6209
2025-03-16 01:00:00,21.65
2025-03-16 02:00:00,19.0963
2025-03-16 03:00:00,17.7747
2025-03-16 04:00:00,18.7158
2025-03-16 05:00:00,21.3124
2025-03-16 06:00:00,24.1851
2025-03-16 07:00:00,27.7026
2025-03-16 08:00:00,33.851
2025-03-16 09:00:00,43.1469
2025-03-16 10:00:00,50.2479
2025-03-16 11:00:00,49.5978
2025-03-16 12:00:00,41.4493
2025-03-16 13:00:00,33.8117
2025-03-16 14:00:00,29.6965
2025-03-16 15:00:00,29.3096
2025-03-16 16:00:00,30.9132
2025-03-16 17:00:00,36.9781
2025-03-16 18:00:00,45.8658
2025-03-16 19:00:00,54.2673
2025-03-16 20:00:00,58.6394
2025-03-16 21:00:00,55.8333
2025-03-16 22:00:00,46.1173
2025-03-16 23:00:00,35.8508
2025-03-17 00:00:00,29.4867
2025-03-17 01:00:00,25.2745
2025-03-17 02:00:00,23.1488
2025-03-17 03:00:00,21.2826
2025-03-17 04:00:00,22.0748
2025-03-17 05:00:00,25.8974
2025-03-17 06:00:00,28.9226
2025-03-17 07:00:00,31.1725
2025-03-17 08:00:00,33.9193
2025-03-17 09:00:00,40.5372
2025-03-17 10:00:00,47.4695
2025-03-17 11:00:00,46.3015
2025-03-17 12:00:00,35.7747
2025-03-17 13:00:00,27.4297
2025-03-17 14:00:00,22.6506
2025-03-17 15:00:00,24.2649
2025-03-17 16:00:00,30.928
2025-03-17 17:00:00,40.8203
2025-03-17 18:00:00,52.2033
2025-03-17 19:00:00,65.4488
2025-03-17 20:00:00,72.8606
2025-03-17 21:00:00,64.1815
2025-03-17 22:00:00,53.9245
2025-03-17 23:00:00,41.3728
2025-03-18 00:00:00,29.369
2025-03-18 01:00:00,25.6489
2025-03-18 02:00:00,22.1181
2025-03-18 03:00:00,21.2194
2025-03-18 04:00:00,22.5167
2025-03-18 05:00:00,25.9382
2025-03-18 06:00:00,30.1674
2025-03-18 07:00:00,31.1467
2025-03-18 08:00:00,33.6407
2025-03-18 09:00:00,40.514
2025-03-18 10:00:00,48.8954
2025-03-18 11:00:00,47.5082
2025-03-18 12:00:00,37.9219
2025-03-18 13:00:00,27.6031
2025-03-18 14:00:00,22.4779
2025-03-18 15:00:00,24.5537
2025-03-18 16:00:00,31.9475
2025-03-18 17:00:00,41.43
2025-03-18 18:00:00,54.0557
2025-03-18 19:00:00,64.869
2025-03-18 20:00:00,69.5176
2025-03-18 21:00:00,64.8937
2025-03-18 22:00:00,53.1224
2025-03-18 23:00:00,42.8339
2025-03-19 00:00:00,28.3118
2025-03-19 01:00:00,24.7196
2025-03-19 02:00:00,22.6931
2025-03-19 03:00:00,21.3767
2025-03-19 04:00:00,22.8578
2025-03-19 05:00:00,25.4218
2025-03-19 06:00:00,29.2505
2025-03-19 07:00:00,32.582
2025-03-19 08:00:00,34.7457
2025-03-19 09:00:00,43.3921
2025-03-19 10:00:00,48.2977
2025-03-19 11:00:00,49.4707
2025-03-19 12:00:00,42.3572
2025-03-19 13:00:00,35.9492
2025-03-19 14:00:00,33.3823
2025-03-19 15:00:00,33.3345
2025-03-19 16:00:00,37.2482
2025-03-19 17:00:00,42.9345
2025-03-19 18:00:00,53.5685
2025-03-19 19:00:00,64.4382
2025-03-19 20:00:00,69.7857
2025-03-19 21:00:00,66.4202
2025-03-19 22:00:00,53.6975
2025-03-19 23:00:00,42.8565
2025-03-20 00:00:00,29.4084
2025-03-20 01:00:00,25.7407
2025-03-20 02:00:00,22.4336
2025-03-20 03:00:00,21.2345
2025-03-20 04:00:00,22.8758
2025-03-20 05:00:00,24.9531
2025-03-20 06:00:00,29.6186
2025-03-20 07:00:00,30.9452
2025-03-20 08:00:00,34.3453
2025-03-20 09:00:00,41.7828
2025-03-20 10:00:00,47.6539
2025-03-20 11:00:00,45.4153
2025-03-20 12:00:00,37.5329
2025-03-20 13:00:00,26.1516
2025-03-20 14:00:00,23.0902
2025-03-20 15:00:00,24.1769
2025-03-20 16:00:00,30.7662
2025-03-20 17:00:00,42.1928
2025-03-20 18:00:00,52.4626
2025-03-20 19:00:00,64.3942
2025-03-20 20:00:00,71.2741
2025-03-20 21:00:00,63.4227
2025-03-20 22:00:00,53.3636
2025-03-20 23:00:00,41.5887
2025-03-21 00:00:00,29.8688
2025-03-21 01:00:00,26.053
2025-03-21 02:00:00,22.7487
2025-03-21 03:00:00,21.2191
2025-03-21 04:00:00,22.5195
2025-03-21 05:00:00,25.4011
2025-03-21 06:00:00,29.2663
2025-03-21 07:00:00,34.2762
2025-03-21 08:00:00,42.7188
2025-03-21 09:00:00,52.662
2025-03-21 10:00:00,62.6016
2025-03-21 11:00:00,61.6466
2025-03-21 12:00:00,51.8821
2025-03-21 13:00:00,41.7407
2025-03-21 14:00:00,36.5125
2025-03-21 15:00:00,35.5443
2025-03-21 16:00:00,36.382
2025-03-21 17:00:00,43.0783
2025-03-21 18:00:00,54.9626
2025-03-21 19:00:00,63.96
2025-03-21 20:00:00,69.0107
2025-03-21 21:00:00,64.8791
2025-03-21 22:00:00,53.7401
2025-03-21 23:00:00,43.942
2025-03-22 00:00:00,24.2651
2025-03-22 01:00:00,21.6421
2025-03-22 02:00:00,19.6179
2025-03-22 03:00:00,18.5246
2025-03-22 04:00:00,19.3194
2025-03-22 05:00:00,21.6756
2025-03-22 06:00:00,25.1397
2025-03-22 07:00:00,26.6853
2025-03-22 08:00:00,28.9951
2025-03-22 09:00:00,34.5719
2025-03-22 10:00:00,39.1795
2025-03-22 11:00:00,38.2723
2025-03-22 12:00:00,31.0999
2025-03-22 13:00:00,23.6776
2025-03-22 14:00:00,24.9706
2025-03-22 15:00:00,26.6736
2025-03-22 16:00:00,30.125
2025-03-22 17:00:00,35.5877
2025-03-22 18:00:00,45.5058
2025-03-22 19:00:00,53.8329
2025-03-22 20:00:00,59.9628
2025-03-22 21:00:00,55.0702
2025-03-22 22:00:00,45.3433
2025-03-22 23:00:00,36.2838
2025-03-23 00:00:00,24.9416
2025-03-23 01:00:00,21.7442
2025-03-23 02:00:00,19.3391
2025-03-23 03:00:00,17.872
2025-03-23 04:00:00,19.096
2025-03-23 05:00:00,21.7157
2025-03-23 06:00:00,24.9718
2025-03-23 07:00:00,25.3797
2025-03-23 08:00:00,27.1407
2025-03-23 09:00:00,33.1442
2025-03-23 10:00:00,37.7903
2025-03-23 11:00:00,37.0181
2025-03-23 12:00:00,30.2734
2025-03-23 13:00:00,22.7916
2025-03-23 14:00:00,19.8094
2025-03-23 15:00:00,21.4257
2025-03-23 16:00:00,26.409
2025-03-23 17:00:00,34.9589
2025-03-23 18:00:00,44.8422
2025-03-23 19:00:00,54.5851
2025-03-23 20:00:00,59.39
2025-03-23 21:00:00,54.4527
2025-03-23 22:00:00,45.1389
2025-03-23 23:00:00,37.3132
2025-03-24 00:00:00,28.1419
2025-03-24 01:00:00,25.8861
2025-03-24 02:00:00,22.4734
2025-03-24 03:00:00,21.2657
2025-03-24 04:00:00,22.4389
2025-03-24 05:00:00,25.8973
2025-03-24 06:00:00,29.6058
2025-03-24 07:00:00,31.1191
2025-03-24 08:00:00,33.0426
2025-03-24 09:00:00,39.1773
2025-03-24 10:00:00,46.4555
2025-03-24 11:00:00,44.1785
2025-03-24 12:00:00,35.0568
2025-03-24 13:00:00,25.6858
2025-03-24 14:00:00,21.6567
2025-03-24 15:00:00,24.2679
2025-03-24 16:00:00,30.1142
2025-03-24 17:00:00,40.4585
2025-03-24 18:00:00,53.3406
2025-03-24 19:00:00,64.7694
2025-03-24 20:00:00,70.0721
2025-03-24 21:00:00,65.3229
2025-03-24 22:00:00,53.9833
2025-03-24 23:00:00,44.3676
2025-03-25 00:00:00,28.6469
2025-03-25 01:00:00,26.1349
2025-03-25 02:00:00,22.8955
2025-03-25 03:00:00,21.3423
2025-03-25 04:00:00,22.2814
2025-03-25 05:00:00,25.7611
2025-03-25 06:00:00,29.4971
2025-03-25 07:00:00,30.5136
2025-03-25 08:00:00,33.4046
2025-03-25 09:00:00,39.9552
2025-03-25 10:00:00,45.8456
2025-03-25 11:00:00,44.7593
2025-03-25 12:00:00,35.89
2025-03-25 13:00:00,26.6096
2025-03-25 14:00:00,22.7766
2025-03-25 15:00:00,24.4419
2025-03-25 16:00:00,31.4422
2025-03-25 17:00:00,41.6727
2025-03-25 18:00:00,53.1218
2025-03-25 19:00:00,63.5369
2025-03-25 20:00:00,68.6251
2025-03-25 21:00:00,65.0715
2025-03-25 22:00:00,53.1662
2025-03-25 23:00:00,42.884
2025-03-26 00:00:00,29.3489
2025-03-26 01:00:00,25.3726
2025-03-26 02:00:00,22.1792
2025-03-26 03:00:00,21.5779
2025-03-26 04:00:00,23.0043
2025-03-26 05:00:00,25.6354
2025-03-26 06:00:00,29.5738
2025-03-26 07:00:00,34.1953
2025-03-26 08:00:00,39.87
2025-03-26 09:00:00,48.627
2025-03-26 10:00:00,55.3328
2025-03-26 11:00:00,52.7463
2025-03-26 12:00:00,42.9031
2025-03-26 13:00:00,27.4321
2025-03-26 14:00:00,24.1621
2025-03-26 15:00:00,27.7214
2025-03-26 16:00:00,33.6854
2025-03-26 17:00:00,41.9991
2025-03-26 18:00:00,53.3846
2025-03-26 19:00:00,64.6058
2025-03-26 20:00:00,69.8813
2025-03-26 21:00:00,63.6745
2025-03-26 22:00:00,53.3934
2025-03-26 23:00:00,42.167
2025-03-27 00:00:00,28.9506
2025-03-27 01:00:00,25.4731
2025-03-27 02:00:00,22.4093
2025-03-27 03:00:00,21.1931
2025-03-27 04:00:00,22.3528
2025-03-27 05:00:00,24.9659
2025-03-27 06:00:00,29.4108
2025-03-27 07:00:00,31.0359
2025-03-27 08:00:00,34.8115
2025-03-27 09:00:00,41.6318
2025-03-27 10:00:00,48.2287
2025-03-27 11:00:00,54.1673
2025-03-27 12:00:00,45.6494
2025-03-27 13:00:00,38.3567
2025-03-27 14:00:00,32.0872
2025-03-27 15:00:00,32.4616
2025-03-27 16:00:00,35.7784
2025-03-27 17:00:00,41.1646
2025-03-27 18:00:00,52.0837
2025-03-27 19:00:00,65.3127
2025-03-27 20:00:00,68.1054
2025-03-27 21:00:00,66.0439
2025-03-27 22:00:00,53.6578
2025-03-27 23:00:00,42.5227
2025-03-28 00:00:00,28.3683
2025-03-28 01:00:00,25.8928
2025-03-28 02:00:00,22.5031
2025-03-28 03:00:00,21.0917
2025-03-28 04:00:00,22.8629
2025-03-28 05:00:00,26.1078
2025-03-28 06:00:00,28.7482
2025-03-28 07:00:00,30.6667
2025-03-28 08:00:00,34.3897
2025-03-28 09:00:00,41.4952
2025-03-28 10:00:00,49.6698
2025-03-28 11:00:00,45.8923
2025-03-28 12:00:00,37.9835
2025-03-28 13:00:00,28.4068
2025-03-28 14:00:00,24.5958
2025-03-28 15:00:00,25.874
2025-03-28 16:00:00,31.701
2025-03-28 17:00:00,41.733
2025-03-28 18:00:00,52.5931
2025-03-28 19:00:00,64.3946
2025-03-28 20:00:00,69.0041
2025-03-28 21:00:00,63.2779
2025-03-28 22:00:00,53.9673
2025-03-28 23:00:00,42.7937
2025-03-29 00:00:00,25.0764
2025-03-29 01:00:00,21.5887
2025-03-29 02:00:00,19.0398
2025-03-29 03:00:00,18.0943
2025-03-29 04:00:00,19.5884
2025-03-29 05:00:00,22.1189
2025-03-29 06:00:00,25.635
2025-03-29 07:00:00,27.3823
2025-03-29 08:00:00,30.6923
2025-03-29 09:00:00,36.9283
2025-03-29 10:00:00,39.2783
2025-03-29 11:00:00,38.0783
2025-03-29 12:00:00,31.9225
2025-03-29 13:00:00,26.5262
2025-03-29 14:00:00,22.8296
2025-03-29 15:00:00,20.2575
2025-03-29 16:00:00,24.8333
2025-03-29 17:00:00,35.1063
2025-03-29 18:00:00,44.7669
2025-03-29 19:00:00,55.3481
2025-03-29 20:00:00,58.8155
2025-03-29 21:00:00,55.9128
2025-03-29 22:00:00,45.2692
2025-03-29 23:00:00,34.9993
2025-03-30 00:00:00,24.2726
2025-03-30 01:00:00,21.9717
2025-03-30 02:00:00,18.7758
2025-03-30 03:00:00,18.0637
2025-03-30 04:00:00,19.4138
2025-03-30 05:00:00,21.8124
2025-03-30 06:00:00,24.4974
2025-03-30 07:00:00,25.3565
2025-03-30 08:00:00,27.2287
2025-03-30 09:00:00,32.2157
2025-03-30 10:00:00,37.6219
2025-03-30 11:00:00,35.8643
2025-03-30 12:00:00,29.2505
2025-03-30 13:00:00,20.972
2025-03-30 14:00:00,18.8255
2025-03-30 15:00:00,22.1864
2025-03-30 16:00:00,27.3009
2025-03-30 17:00:00,35.0934
2025-03-30 18:00:00,45.4538
2025-03-30 19:00:00,54.793
2025-03-30 20:00:00,58.4733
2025-03-30 21:00:00,55.2505
2025-03-30 22:00:00,44.88
2025-03-30 23:00:00,35.9244
2025-03-31 00:00:00,29.6451
2025-03-31 01:00:00,25.9432
2025-03-31 02:00:00,22.9183
2025-03-31 03:00:00,21.8515
2025-03-31 04:00:00,22.2941
2025-03-31 05:00:00,25.6007
2025-03-31 06:00:00,28.9836
2025-03-31 07:00:00,30.7067
2025-03-31 08:00:00,32.8085
2025-03-31 09:00:00,41.3272
2025-03-31 10:00:00,47.0053
2025-03-31 11:00:00,45.9653
2025-03-31 12:00:00,36.6643
2025-03-31 13:00:00,27.6152
2025-03-31 14:00:00,23.8884
2025-03-31 15:00:00,25.8032
2025-03-31 16:00:00,31.6678
2025-03-31 17:00:00,40.9552
2025-03-31 18:00:00,52.9911
2025-03-31 19:00:00,63.7469
2025-03-31 20:00:00,70.7614
2025-03-31 21:00:00,65.6158
2025-03-31 22:00:00,53.8104
2025-03-31 23:00:00,42.6367
2025-04-01 00:00:00,27.4929
2025-04-01 01:00:00,23.8131
2025-04-01 02:00:00,21.3614
2025-04-01 03:00:00,20.2189
2025-04-01 04:00:00,21.3872
2025-04-01 05:00:00,23.8771
2025-04-01 06:00:00,27.4679
2025-04-01 07:00:00,30.3997
2025-04-01 08:00:00,32.5214
2025-04-01 09:00:00,40.0399
2025-04-01 10:00:00,46.9132
2025-04-01 11:00:00,44.7487
2025-04-01 12:00:00,38.563
2025-04-01 13:00:00,27.5559
2025-04-01 14:00:00,24.4037
2025-04-01 15:00:00,25.3242
2025-04-01 16:00:00,30.4994
2025-04-01 17:00:00,40.0242
2025-04-01 18:00:00,50.3217
2025-04-01 19:00:00,61.6551
2025-04-01 20:00:00,64.7627
2025-04-01 21:00:00,60.4604
2025-04-01 22:00:00,49.6207
2025-04-01 23:00:00,41.1552
2025-04-02 00:00:00,27.6639
2025-04-02 01:00:00,24.208
2025-04-02 02:00:00,21.3066
2025-04-02 03:00:00,19.949
2025-04-02 04:00:00,20.9888
2025-04-02 05:00:00,24.5433
2025-04-02 06:00:00,27.6122
2025-04-02 07:00:00,27.8595
2025-04-02 08:00:00,32.1892
2025-04-02 09:00:00,39.1499
2025-04-02 10:00:00,46.5735
2025-04-02 11:00:00,42.9294
2025-04-02 12:00:00,35.4552
2025-04-02 13:00:00,26.6255
2025-04-02 14:00:00,25.1906
2025-04-02 15:00:00,24.9582
2025-04-02 16:00:00,29.2969
2025-04-02 17:00:00,37.4581
2025-04-02 18:00:00,51.4637
2025-04-02 19:00:00,61.5288
2025-04-02 20:00:00,66.2917
2025-04-02 21:00:00,60.4512
2025-04-02 22:00:00,50.5199
2025-04-02 23:00:00,39.2451
2025-04-03 00:00:00,27.7687
2025-04-03 01:00:00,24.3475
2025-04-03 02:00:00,21.5609
2025-04-03 03:00:00,19.9688
2025-04-03 04:00:00,21.3764
2025-04-03 05:00:00,24.1651
2025-04-03 06:00:00,27.6853
2025-04-03 07:00:00,31.269
2025-04-03 08:00:00,37.4292
2025-04-03 09:00:00,41.828
2025-04-03 10:00:00,49.6678
2025-04-03 11:00:00,44.658
2025-04-03 12:00:00,32.8387
2025-04-03 13:00:00,25.4792
2025-04-03 14:00:00,20.7282
2025-04-03 15:00:00,22.7718
2025-04-03 16:00:00,29.1113
2025-04-03 17:00:00,39.1766
2025-04-03 18:00:00,51.4166
2025-04-03 19:00:00,60.7109
2025-04-03 20:00:00,65.7306
2025-04-03 21:00:00,62.2951
2025-04-03 22:00:00,50.2695
2025-04-03 23:00:00,40.6502
2025-04-04 00:00:00,27.2942
2025-04-04 01:00:00,23.7017
2025-04-04 02:00:00,21.4333
2025-04-04 03:00:00,20.503
2025-04-04 04:00:00,21.0083
2025-04-04 05:00:00,24.6963
2025-04-04 06:00:00,28.1559
2025-04-04 07:00:00,28.1805
2025-04-04 08:00:00,31.0891
2025-04-04 09:00:00,37.4533
2025-04-04 10:00:00,44.2266
2025-04-04 11:00:00,44.2387
2025-04-04 12:00:00,33.311
2025-04-04 13:00:00,24.7025
2025-04-04 14:00:00,22.5648
2025-04-04 15:00:00,24.1156
2025-04-04 16:00:00,29.5783
2025-04-04 17:00:00,39.3776
2025-04-04 18:00:00,50.0501
2025-04-04 19:00:00,61.3744
2025-04-04 20:00:00,66.0034
2025-04-04 21:00:00,61.0414
2025-04-04 22:00:00,49.7473
2025-04-04 23:00:00,40.8889
2025-04-05 00:00:00,23.1821
2025-04-05 01:00:00,20.9897
2025-04-05 02:00:00,18.9082
2025-04-05 03:00:00,16.8321
2025-04-05 04:00:00,18.0831
2025-04-05 05:00:00,21.0563
2025-04-05 06:00:00,23.4046
2025-04-05 07:00:00,24.2668
2025-04-05 08:00:00,26.3518
2025-04-05 09:00:00,31.4896
2025-04-05 10:00:00,36.945
2025-04-05 11:00:00,34.2903
2025-04-05 12:00:00,28.3482
2025-04-05 13:00:00,20.3003
2025-04-05 14:00:00,17.9428
2025-04-05 15:00:00,21.4768
2025-04-05 16:00:00,26.2604
2025-04-05 17:00:00,35.2136
2025-04-05 18:00:00,42.4709
2025-04-05 19:00:00,52.3279
2025-04-05 20:00:00,55.776
2025-04-05 21:00:00,52.0184
2025-04-05 22:00:00,42.2415
2025-04-05 23:00:00,34.512
2025-04-06 00:00:00,22.7575
2025-04-06 01:00:00,20.8094
2025-04-06 02:00:00,17.8675
2025-04-06 03:00:00,17.2687
2025-04-06 04:00:00,18.3468
2025-04-06 05:00:00,20.498
2025-04-06 06:00:00,23.7795
2025-04-06 07:00:00,23.7901
2025-04-06 08:00:00,25.8473
2025-04-06 09:00:00,30.9201
2025-04-06 10:00:00,35.9548
2025-04-06 11:00:00,35.2125
2025-04-06 12:00:00,28.4725
2025-04-06 13:00:00,19.553
2025-04-06 14:00:00,17.4674
2025-04-06 15:00:00,19.4906
2025-04-06 16:00:00,24.9889
2025-04-06 17:00:00,32.2839
2025-04-06 18:00:00,42.9106
2025-04-06 19:00:00,51.9613
2025-04-06 20:00:00,56.3246
2025-04-06 21:00:00,51.4551
2025-04-06 22:00:00,43.7961
2025-04-06 23:00:00,34.5214
2025-04-07 00:00:00,28.4397
2025-04-07 01:00:00,24.0093
2025-04-07 02:00:00,21.5294
2025-04-07 03:00:00,20.0217
2025-04-07 04:00:00,21.2535
2025-04-07 05:00:00,23.7941
2025-04-07 06:00:00,27.5101
2025-04-07 07:00:00,28.9631
2025-04-07 08:00:00,31.8789
2025-04-07 09:00:00,38.7261
2025-04-07 10:00:00,46.854
2025-04-07 11:00:00,45.2525
2025-04-07 12:00:00,35.4768
2025-04-07 13:00:00,26.6243
2025-04-07 14:00:00,23.0214
2025-04-07 15:00:00,24.8381
2025-04-07 16:00:00,29.316
2025-04-07 17:00:00,38.4854
2025-04-07 18:00:00,50.2379
2025-04-07 19:00:00,59.3907
2025-04-07 20:00:00,64.7082
2025-04-07 21:00:00,62.0585
2025-04-07 22:00:00,50.7372
2025-04-07 23:00:00,39.2419
2025-04-08 00:00:00,27.9421
2025-04-08 01:00:00,24.7196
2025-04-08 02:00:00,22.0573
2025-04-08 03:00:00,20.6485
2025-04-08 04:00:00,21.1987
2025-04-08 05:00:00,24.535
2025-04-08 06:00:00,27.5183
2025-04-08 07:00:00,28.8052
2025-04-08 08:00:00,32.2202
2025-04-08 09:00:00,41.1456
2025-04-08 10:00:00,47.129
2025-04-08 11:00:00,46.8297
2025-04-08 12:00:00,36.3246
2025-04-08 13:00:00,27.6605
2025-04-08 14:00:00,25.0181
2025-04-08 15:00:00,26.4876
2025-04-08 16:00:00,31.3999
2025-04-08 17:00:00,39.5593
2025-04-08 18:00:00,49.5394
2025-04-08 19:00:00,61.9713
2025-04-08 20:00:00,66.5264
2025-04-08 21:00:00,60.5573
2025-04-08 22:00:00,50.2241
2025-04-08 23:00:00,41.6005
2025-04-09 00:00:00,27.0497
2025-04-09 01:00:00,24.6926
2025-04-09 02:00:00,21.0507
2025-04-09 03:00:00,19.9235
2025-04-09 04:00:00,21.4774
2025-04-09 05:00:00,24.7183
2025-04-09 06:00:00,26.806
2025-04-09 07:00:00,31.5224
2025-04-09 08:00:00,38.9754
2025-04-09 09:00:00,50.837
2025-04-09 10:00:00,57.6046
2025-04-09 11:00:00,59.3101
2025-04-09 12:00:00,48.7053
2025-04-09 13:00:00,39.5977
2025-04-09 14:00:00,34.124
2025-04-09 15:00:00,31.9411
2025-04-09 16:00:00,33.4242
2025-04-09 17:00:00,40.0052
2025-04-09 18:00:00,50.4212
2025-04-09 19:00:00,61.423
2025-04-09 20:00:00,65.7589
2025-04-09 21:00:00,62.1224
2025-04-09 22:00:00,50.9313
2025-04-09 23:00:00,41.7146
2025-04-10 00:00:00,27.7941
2025-04-10 01:00:00,24.6113
2025-04-10 02:00:00,21.3637
2025-04-10 03:00:00,20.3026
2025-04-10 04:00:00,21.3129
2025-04-10 05:00:00,24.234
2025-04-10 06:00:00,27.4156
2025-04-10 07:00:00,28.1171
2025-04-10 08:00:00,31.0842
2025-04-10 09:00:00,38.3159
2025-04-10 10:00:00,45.2954
2025-04-10 11:00:00,44.3421
2025-04-10 12:00:00,35.3912
2025-04-10 13:00:00,26.6777
2025-04-10 14:00:00,30.6618
2025-04-10 15:00:00,25.6306
2025-04-10 16:00:00,28.4704
2025-04-10 17:00:00,38.5178
2025-04-10 18:00:00,49.9922
2025-04-10 19:00:00,60.6535
2025-04-10 20:00:00,66.1481
2025-04-10 21:00:00,59.5417
2025-04-10 22:00:00,50.4681
2025-04-10 23:00:00,40.7997
2025-04-11 00:00:00,27.0944
2025-04-11 01:00:00,24.1997
2025-04-11 02:00:00,21.0334
2025-04-11 03:00:00,21.1448
2025-04-11 04:00:00,21.0398
2025-04-11 05:00:00,24.5724
2025-04-11 06:00:00,27.3746
2025-04-11 07:00:00,29.9133
2025-04-11 08:00:00,33.5394
2025-04-11 09:00:00,42.4773
2025-04-11 10:00:00,48.1823
2025-04-11 11:00:00,49.5059
2025-04-11 12:00:00,40.4085
2025-04-11 13:00:00,32.6933
2025-04-11 14:00:00,30.6784
2025-04-11 15:00:00,32.3548
2025-04-11 16:00:00,33.4605
2025-04-11 17:00:00,40.2032
2025-04-11 18:00:00,51.04
2025-04-11 19:00:00,61.3523
2025-04-11 20:00:00,66.9211
2025-04-11 21:00:00,59.5555
2025-04-11 22:00:00,51.0872
2025-04-11 23:00:00,40.5032
2025-04-12 00:00:00,23.7648
2025-04-12 01:00:00,20.5837
2025-04-12 02:00:00,18.0925
2025-04-12 03:00:00,16.8494
2025-04-12 04:00:00,18.3305
2025-04-12 05:00:00,20.5187
2025-04-12 06:00:00,23.7256
2025-04-12 07:00:00,23.5374
2025-04-12 08:00:00,25.3574
2025-04-12 09:00:00,31.2507
2025-04-12 10:00:00,37.1134
2025-04-12 11:00:00,33.8633
2025-04-12 12:00:00,26.9745
2025-04-12 13:00:00,20.2967
2025-04-12 14:00:00,18.4285
2025-04-12 15:00:00,19.9017
2025-04-12 16:00:00,25.1418
2025-04-12 17:00:00,32.8218
2025-04-12 18:00:00,42.1705
2025-04-12 19:00:00,51.8669
2025-04-12 20:00:00,56.0704
2025-04-12 21:00:00,51.0893
2025-04-12 22:00:00,43.5923
2025-04-12 23:00:00,33.7495
2025-04-13 00:00:00,22.9875
2025-04-13 01:00:00,20.3501
2025-04-13 02:00:00,18.2445
2025-04-13 03:00:00,16.9144
2025-04-13 04:00:00,18.2124
2025-04-13 05:00:00,21.1286
2025-04-13 06:00:00,22.7729
2025-04-13 07:00:00,22.6552
2025-04-13 08:00:00,24.4393
2025-04-13 09:00:00,30.5607
2025-04-13 10:00:00,36.5307
2025-04-13 11:00:00,34.3804
2025-04-13 12:00:00,27.4633
2025-04-13 13:00:00,18.7819
2025-04-13 14:00:00,16.6321
2025-04-13 15:00:00,18.5125
2025-04-13 16:00:00,23.7483
2025-04-13 17:00:00,31.7933
2025-04-13 18:00:00,44.079
2025-04-13 19:00:00,52.1232
2025-04-13 20:00:00,56.0589
2025-04-13 21:00:00,51.9475
2025-04-13 22:00:00,43.7017
2025-04-13 23:00:00,34.5667
2025-04-14 00:00:00,27.2518
2025-04-14 01:00:00,24.4651
2025-04-14 02:00:00,21.3316
2025-04-14 03:00:00,19.4985
2025-04-14 04:00:00,22.1407
2025-04-14 05:00:00,23.9553
2025-04-14 06:00:00,27.5492
2025-04-14 07:00:00,27.4406
2025-04-14 08:00:00,30.9692
2025-04-14 09:00:00,37.9297
2025-04-14 10:00:00,45.2773
2025-04-14 11:00:00,43.0217
2025-04-14 12:00:00,35.0708
2025-04-14 13:00:00,25.4886
2025-04-14 14:00:00,21.8089
2025-04-14 15:00:00,24.5405
2025-04-14 16:00:00,28.7349
2025-04-14 17:00:00,38.0593
2025-04-14 18:00:00,49.0771
2025-04-14 19:00:00,61.7517
2025-04-14 20:00:00,65.9115
2025-04-14 21:00:00,61.0201
2025-04-14 22:00:00,48.8433
2025-04-14 23:00:00,40.68
2025-04-15 00:00:00,27.8905
2025-04-15 01:00:00,24.4647
2025-04-15 02:00:00,21.3622
2025-04-15 03:00:00,19.9042
2025-04-15 04:00:00,20.8294
2025-04-15 05:00:00,24.678
2025-04-15 06:00:00,27.8305
2025-04-15 07:00:00,29.0445
2025-04-15 08:00:00,30.372
2025-04-15 09:00:00,38.6558
2025-04-15 10:00:00,46.8813
2025-04-15 11:00:00,42.0869
2025-04-15 12:00:00,33.6132
2025-04-15 13:00:00,26.4524
2025-04-15 14:00:00,21.8061
2025-04-15 15:00:00,24.2499
2025-04-15 16:00:00,29.6456
2025-04-15 17:00:00,40.0505
2025-04-15 18:00:00,50.6834
2025-04-15 19:00:00,62.7744
2025-04-15 20:00:00,65.0638
2025-04-15 21:00:00,60.8474
2025-04-15 22:00:00,49.5821
2025-04-15 23:00:00,41.151
2025-04-16 00:00:00,27.7244
2025-04-16 01:00:00,23.9154
2025-04-16 02:00:00,21.3166
2025-04-16 03:00:00,19.9854
2025-04-16 04:00:00,21.3136
2025-04-16 05:00:00,24.2163
2025-04-16 06:00:00,27.347
2025-04-16 07:00:00,27.3688
2025-04-16 08:00:00,31.3507
2025-04-16 09:00:00,38.5684
2025-04-16 10:00:00,45.2847
2025-04-16 11:00:00,44.3221
2025-04-16 12:00:00,35.1899
2025-04-16 13:00:00,26.4655
2025-04-16 14:00:00,22.5952
2025-04-16 15:00:00,24.0238
2025-04-16 16:00:00,30.7769
2025-04-16 17:00:00,40.2966
2025-04-16 18:00:00,50.3196
2025-04-16 19:00:00,62.5466
2025-04-16 20:00:00,65.883
2025-04-16 21:00:00,61.5284
2025-04-16 22:00:00,51.8736
2025-04-16 23:00:00,42.2922
2025-04-17 00:00:00,27.154
2025-04-17 01:00:00,24.8107
2025-04-17 02:00:00,21.5143
2025-04-17 03:00:00,20.4597
2025-04-17 04:00:00,21.1728
2025-04-17 05:00:00,24.7711
2025-04-17 06:00:00,27.4259
2025-04-17 07:00:00,28.1678
2025-04-17 08:00:00,32.8764
2025-04-17 09:00:00,38.6523
2025-04-17 10:00:00,44.7584
2025-04-17 11:00:00,44.243
2025-04-17 12:00:00,34.9851
2025-04-17 13:00:00,26.086
2025-04-17 14:00:00,23.1427
2025-04-17 15:00:00,24.8319
2025-04-17 16:00:00,31.1272
2025-04-17 17:00:00,38.7386
2025-04-17 18:00:00,50.1243
2025-04-17 19:00:00,59.473
2025-04-17 20:00:00,66.2417
2025-04-17 21:00:00,60.9157
2025-04-17 22:00:00,51.012
2025-04-17 23:00:00,40.4865
2025-04-18 00:00:00,28.329
2025-04-18 01:00:00,24.7471
2025-04-18 02:00:00,21.3568
2025-04-18 03:00:00,20.2228
2025-04-18 04:00:00,22.1031
2025-04-18 05:00:00,24.2295
2025-04-18 06:00:00,26.5669
2025-04-18 07:00:00,29.271
2025-04-18 08:00:00,32.5987
2025-04-18 09:00:00,39.8912
2025-04-18 10:00:00,46.5479
2025-04-18 11:00:00,46.5182
2025-04-18 12:00:00,35.2462
2025-04-18 13:00:00,27.2793
2025-04-18 14:00:00,25.535
2025-04-18 15:00:00,25.4699
2025-04-18 16:00:00,30.9498
2025-04-18 17:00:00,39.2043
2025-04-18 18:00:00,49.767
2025-04-18 19:00:00,61.0956
2025-04-18 20:00:00,64.8351
2025-04-18 21:00:00,61.9546
2025-04-18 22:00:00,50.1192
2025-04-18 23:00:00,40.6777
2025-04-19 00:00:00,23.5598
2025-04-19 01:00:00,20.1812
2025-04-19 02:00:00,17.9821
2025-04-19 03:00:00,17.1872
2025-04-19 04:00:00,17.4324
2025-04-19 05:00:00,21.0207
2025-04-19 06:00:00,23.5273
2025-04-19 07:00:00,26.4363
2025-04-19 08:00:00,32.4866
2025-04-19 09:00:00,39.5024
2025-04-19 10:00:00,46.3436
2025-04-19 11:00:00,45.5932
2025-04-19 12:00:00,32.4536
2025-04-19 13:00:00,21.7795
2025-04-19 14:00:00,17.6707
2025-04-19 15:00:00,20.0291
2025-04-19 16:00:00,24.1514
2025-04-19 17:00:00,32.942
2025-04-19 18:00:00,43.1836
2025-04-19 19:00:00,51.0999
2025-04-19 20:00:00,56.0861
2025-04-19 21:00:00,50.598
2025-04-19 22:00:00,42.9527
2025-04-19 23:00:00,33.2405
2025-04-20 00:00:00,22.9718
2025-04-20 01:00:00,20.7831
2025-04-20 02:00:00,18.139
2025-04-20 03:00:00,17.0659
2025-04-20 04:00:00,18.3601
2025-04-20 05:00:00,20.0931
2025-04-20 06:00:00,22.8107
2025-04-20 07:00:00,22.6004
2025-04-20 08:00:00,25.2821
2025-04-20 09:00:00,31.5803
2025-04-20 10:00:00,33.5387
2025-04-20 11:00:00,33.6674
2025-04-20 12:00:00,27.0766
2025-04-20 13:00:00,21.957
2025-04-20 14:00:00,17.9629
2025-04-20 15:00:00,19.7503
2025-04-20 16:00:00,24.0085
2025-04-20 17:00:00,31.9178
2025-04-20 18:00:00,42.7399
2025-04-20 19:00:00,53.5023
2025-04-20 20:00:00,55.1708
2025-04-20 21:00:00,51.7654
2025-04-20 22:00:00,42.6454
2025-04-20 23:00:00,34.5546
2025-04-21 00:00:00,27.6864
2025-04-21 01:00:00,23.6814
2025-04-21 02:00:00,20.9591
2025-04-21 03:00:00,19.9621
2025-04-21 04:00:00,20.9504
2025-04-21 05:00:00,24.9391
2025-04-21 06:00:00,27.7767
2025-04-21 07:00:00,27.8356
2025-04-21 08:00:00,31.1031
2025-04-21 09:00:00,38.7205
2025-04-21 10:00:00,44.4765
2025-04-21 11:00:00,43.3147
2025-04-21 12:00:00,34.7523
2025-04-21 13:00:00,27.5577
2025-04-21 14:00:00,22.7204
2025-04-21 15:00:00,24.7172
2025-04-21 16:00:00,29.2687
2025-04-21 17:00:00,38.8865
2025-04-21 18:00:00,50.8129
2025-04-21 19:00:00,61.3441
2025-04-21 20:00:00,66.9602
2025-04-21 21:00:00,63.2781
2025-04-21 22:00:00,50.7556
2025-04-21 23:00:00,41.1577
2025-04-22 00:00:00,27.7051
2025-04-22 01:00:00,24.4979
2025-04-22 02:00:00,21.3946
2025-04-22 03:00:00,20.3351
2025-04-22 04:00:00,20.9112
2025-04-22 05:00:00,24.5424
2025-04-22 06:00:00,26.6252
2025-04-22 07:00:00,29.0301
2025-04-22 08:00:00,32.579
2025-04-22 09:00:00,39.4743
2025-04-22 10:00:00,49.3449
2025-04-22 11:00:00,45.6784
2025-04-22 12:00:00,38.7502
2025-04-22 13:00:00,33.4213
2025-04-22 14:00:00,27.2513
2025-04-22 15:00:00,29.9234
2025-04-22 16:00:00,32.4442
2025-04-22 17:00:00,39.5364
2025-04-22 18:00:00,49.6019
2025-04-22 19:00:00,60.6811
2025-04-22 20:00:00,65.5187
2025-04-22 21:00:00,62.3294
2025-04-22 22:00:00,50.8615
2025-04-22 23:00:00,41.3858
2025-04-23 00:00:00,27.5726
2025-04-23 01:00:00,23.8925
2025-04-23 02:00:00,21.0933
2025-04-23 03:00:00,20.5938
2025-04-23 04:00:00,21.3389
2025-04-23 05:00:00,24.1164
2025-04-23 06:00:00,26.6802
2025-04-23 07:00:00,28.109
2025-04-23 08:00:00,31.614
2025-04-23 09:00:00,38.9553
2025-04-23 10:00:00,44.5374
2025-04-23 11:00:00,43.838
2025-04-23 12:00:00,33.4655
2025-04-23 13:00:00,26.2423
2025-04-23 14:00:00,23.6557
2025-04-23 15:00:00,23.8587
2025-04-23 16:00:00,30.9116
2025-04-23 17:00:00,39.5961
2025-04-23 18:00:00,50.6914
2025-04-23 19:00:00,60.084
2025-04-23 20:00:00,66.6516
2025-04-23 21:00:00,60.7999
2025-04-23 22:00:00,51.0271
2025-04-23 23:00:00,41.1172
2025-04-24 00:00:00,27.0948
2025-04-24 01:00:00,24.1796
2025-04-24 02:00:00,21.6779
2025-04-24 03:00:00,20.5491
2025-04-24 04:00:00,20.959
2025-04-24 05:00:00,24.3809
2025-04-24 06:00:00,26.2639
2025-04-24 07:00:00,29.7537
2025-04-24 08:00:00,33.1389
2025-04-24 09:00:00,38.194
2025-04-24 10:00:00,44.6708
2025-04-24 11:00:00,44.8191
2025-04-24 12:00:00,35.6558
2025-04-24 13:00:00,28.5786
2025-04-24 14:00:00,25.0968
2025-04-24 15:00:00,27.0134
2025-04-24 16:00:00,33.0723
2025-04-24 17:00:00,39.5144
2025-04-24 18:00:00,50.2357
2025-04-24 19:00:00,62.2063
2025-04-24 20:00:00,67.364
2025-04-24 21:00:00,60.9222
2025-04-24 22:00:00,49.1008
2025-04-24 23:00:00,40.2018
2025-04-25 00:00:00,27.388
2025-04-25 01:00:00,24.5236
2025-04-25 02:00:00,21.7714
2025-04-25 03:00:00,19.8992
2025-04-25 04:00:00,21.3232
2025-04-25 05:00:00,24.4822
2025-04-25 06:00:00,27.5831
2025-04-25 07:00:00,28.4264
2025-04-25 08:00:00,31.9265
2025-04-25 09:00:00,37.681
2025-04-25 10:00:00,46.3606
2025-04-25 11:00:00,44.8813
2025-04-25 12:00:00,36.1361
2025-04-25 13:00:00,26.7528
2025-04-25 14:00:00,23.8991
2025-04-25 15:00:00,25.8561
2025-04-25 16:00:00,29.6791
2025-04-25 17:00:00,39.5974
2025-04-25 18:00:00,49.5531
2025-04-25 19:00:00,60.6191
2025-04-25 20:00:00,65.0618
2025-04-25 21:00:00,60.669
2025-04-25 22:00:00,50.0078
2025-04-25 23:00:00,40.5878
2025-04-26 00:00:00,23.2645
2025-04-26 01:00:00,20.6925
2025-04-26 02:00:00,18.0689
2025-04-26 03:00:00,16.8934
2025-04-26 04:00:00,18.1383
2025-04-26 05:00:00,21.0468
2025-04-26 06:00:00,22.9306
2025-04-26 07:00:00,23.4985
2025-04-26 08:00:00,24.5529
2025-04-26 09:00:00,30.8971
2025-04-26 10:00:00,35.1926
2025-04-26 11:00:00,35.5513
2025-04-26 12:00:00,28.6243
2025-04-26 13:00:00,20.8016
2025-04-26 14:00:00,17.9137
2025-04-26 15:00:00,20.0978
2025-04-26 16:00:00,25.4345
2025-04-26 17:00:00,33.4365
2025-04-26 18:00:00,43.6502
2025-04-26 19:00:00,51.0385
2025-04-26 20:00:00,54.9063
2025-04-26 21:00:00,51.7039
2025-04-26 22:00:00,43.1853
2025-04-26 23:00:00,34.4194
2025-04-27 00:00:00,23.7531
2025-04-27 01:00:00,20.2406
2025-04-27 02:00:00,18.2675
2025-04-27 03:00:00,17.1564
2025-04-27 04:00:00,18.2899
2025-04-27 05:00:00,20.331
2025-04-27 06:00:00,22.7794
2025-04-27 07:00:00,22.9891
2025-04-27 08:00:00,25.658
2025-04-27 09:00:00,31.0175
2025-04-27 10:00:00,37.0279
2025-04-27 11:00:00,34.9515
2025-04-27 12:00:00,27.3958
2025-04-27 13:00:00,20.3805
2025-04-27 14:00:00,17.8139
2025-04-27 15:00:00,19.4131
2025-04-27 16:00:00,25.05
2025-04-27 17:00:00,33.1864
2025-04-27 18:00:00,41.6923
2025-04-27 19:00:00,51.9296
2025-04-27 20:00:00,55.7256
2025-04-27 21:00:00,51.2153
2025-04-27 22:00:00,41.9897
2025-04-27 23:00:00,33.8984
2025-04-28 00:00:00,27.2618
2025-04-28 01:00:00,24.1855
2025-04-28 02:00:00,21.5368
2025-04-28 03:00:00,19.379
2025-04-28 04:00:00,21.1815
2025-04-28 05:00:00,23.8282
2025-04-28 06:00:00,27.0049
2025-04-28 07:00:00,28.9434
2025-04-28 08:00:00,32.0053
2025-04-28 09:00:00,40.8343
2025-04-28 10:00:00,46.4362
2025-04-28 11:00:00,45.0748
2025-04-28 12:00:00,35.91
2025-04-28 13:00:00,30.5889
2025-04-28 14:00:00,23.1215
2025-04-28 15:00:00,24.8974
2025-04-28 16:00:00,30.389
2025-04-28 17:00:00,38.4304
2025-04-28 18:00:00,51.3362
2025-04-28 19:00:00,60.8212
2025-04-28 20:00:00,64.8485
2025-04-28 21:00:00,59.6749
2025-04-28 22:00:00,50.7088
2025-04-28 23:00:00,40.5617
2025-04-29 00:00:00,27.1173
2025-04-29 01:00:00,24.7614
2025-04-29 02:00:00,21.308
2025-04-29 03:00:00,21.0617
2025-04-29 04:00:00,21.1395
2025-04-29 05:00:00,24.2294
2025-04-29 06:00:00,27.7533
2025-04-29 07:00:00,28.7573
2025-04-29 08:00:00,32.4436
2025-04-29 09:00:00,40.1782
2025-04-29 10:00:00,46.5099
2025-04-29 11:00:00,48.601
2025-04-29 12:00:00,41.3567
2025-04-29 13:00:00,33.3835
2025-04-29 14:00:00,32.2442
2025-04-29 15:00:00,32.2097
2025-04-29 16:00:00,32.7394
2025-04-29 17:00:00,39.2441
2025-04-29 18:00:00,50.3293
2025-04-29 19:00:00,61.9646
2025-04-29 20:00:00,67.0093
2025-04-29 21:00:00,60.0475
2025-04-29 22:00:00,49.1796
2025-04-29 23:00:00,41.6209
2025-04-30 00:00:00,27.4817
2025-04-30 01:00:00,24.0848
2025-04-30 02:00:00,21.6315
2025-04-30 03:00:00,20.2138
2025-04-30 04:00:00,21.4943
2025-04-30 05:00:00,23.6666
2025-04-30 06:00:00,27.1433
2025-04-30 07:00:00,32.6777
2025-04-30 08:00:00,37.2622
2025-04-30 09:00:00,47.9996
2025-04-30 10:00:00,57.5641
2025-04-30 11:00:00,53.9547
2025-04-30 12:00:00,44.457
2025-04-30 13:00:00,32.1715
2025-04-30 14:00:00,29.1802
2025-04-30 15:00:00,26.4577
2025-04-30 16:00:00,32.6256
2025-04-30 17:00:00,40.6235
2025-04-30 18:00:00,50.2143
2025-04-30 19:00:00,61.5248
2025-04-30 20:00:00,66.2478
2025-04-30 21:00:00,60.1736
2025-04-30 22:00:00,51.1763
2025-04-30 23:00:00,41.0758
2025-05-01 00:00:00,28.1091
2025-05-01 01:00:00,24.7383
2025-05-01 02:00:00,21.686
2025-05-01 03:00:00,20.8398
2025-05-01 04:00:00,21.879
2025-05-01 05:00:00,24.6169
2025-05-01 06:00:00,28.4895
2025-05-01 07:00:00,31.6106
2025-05-01 08:00:00,35.1477
2025-05-01 09:00:00,44.5249
2025-05-01 10:00:00,52.949
2025-05-01 11:00:00,53.5166
2025-05-01 12:00:00,44.2098
2025-05-01 13:00:00,32.1781
2025-05-01 14:00:00,26.4616
2025-05-01 15:00:00,28.007
2025-05-01 16:00:00,31.8134
2025-05-01 17:00:00,39.7524
2025-05-01 18:00:00,50.8494
2025-05-01 19:00:00,61.4286
2025-05-01 20:00:00,66.9282
2025-05-01 21:00:00,63.8563
2025-05-01 22:00:00,52.2922
2025-05-01 23:00:00,40.9204
2025-05-02 00:00:00,28.509
2025-05-02 01:00:00,24.1776
2025-05-02 02:00:00,22.5665
2025-05-02 03:00:00,20.5426
2025-05-02 04:00:00,21.5803
2025-05-02 05:00:00,25.1517
2025-05-02 06:00:00,27.3281
2025-05-02 07:00:00,28.2243
2025-05-02 08:00:00,31.418
2025-05-02 09:00:00,39.2889
2025-05-02 10:00:00,45.6526
2025-05-02 11:00:00,45.3522
2025-05-02 12:00:00,36.502
2025-05-02 13:00:00,27.524
2025-05-02 14:00:00,22.5476
2025-05-02 15:00:00,24.5242
2025-05-02 16:00:00,29.5354
2025-05-02 17:00:00,40.2804
2025-05-02 18:00:00,50.4511
2025-05-02 19:00:00,63.8711
2025-05-02 20:00:00,68.969
2025-05-02 21:00:00,63.4296
2025-05-02 22:00:00,51.6628
2025-05-02 23:00:00,40.8114
2025-05-03 00:00:00,23.5372
2025-05-03 01:00:00,21.1135
2025-05-03 02:00:00,18.3811
2025-05-03 03:00:00,17.0164
2025-05-03 04:00:00,18.4127
2025-05-03 05:00:00,20.9873
2025-05-03 06:00:00,23.8158
2025-05-03 07:00:00,23.5361
2025-05-03 08:00:00,28.0701
2025-05-03 09:00:00,32.1412
2025-05-03 10:00:00,40.7036
2025-05-03 11:00:00,38.9904
2025-05-03 12:00:00,33.4118
2025-05-03 13:00:00,26.5027
2025-05-03 14:00:00,24.5869
2025-05-03 15:00:00,25.1743
2025-05-03 16:00:00,25.1038
2025-05-03 17:00:00,33.933
2025-05-03 18:00:00,43.4859
2025-05-03 19:00:00,52.282
2025-05-03 20:00:00,56.195
2025-05-03 21:00:00,52.8784
2025-05-03 22:00:00,45.0287
2025-05-03 23:00:00,35.831
2025-05-04 00:00:00,24.178
2025-05-04 01:00:00,20.9185
2025-05-04 02:00:00,18.0676
2025-05-04 03:00:00,17.9052
2025-05-04 04:00:00,18.5349
2025-05-04 05:00:00,20.8423
2025-05-04 06:00:00,23.8452
2025-05-04 07:00:00,26.3046
2025-05-04 08:00:00,28.9472
2025-05-04 09:00:00,36.1703
2025-05-04 10:00:00,44.6034
2025-05-04 11:00:00,45.9772
2025-05-04 12:00:00,37.3933
2025-05-04 13:00:00,27.6643
2025-05-04 14:00:00,26.294
2025-05-04 15:00:00,25.2635
2025-05-04 16:00:00,29.6957
2025-05-04 17:00:00,34.1934
2025-05-04 18:00:00,43.6829
2025-05-04 19:00:00,52.5793
2025-05-04 20:00:00,57.3576
2025-05-04 21:00:00,54.2449
2025-05-04 22:00:00,43.7212
2025-05-04 23:00:00,35.7624
2025-05-05 00:00:00,27.5225
2025-05-05 01:00:00,24.8349
2025-05-05 02:00:00,21.7695
2025-05-05 03:00:00,20.6145
2025-05-05 04:00:00,21.4863
2025-05-05 05:00:00,24.9373
2025-05-05 06:00:00,28.8175
2025-05-05 07:00:00,33.1995
2025-05-05 08:00:00,40.5056
2025-05-05 09:00:00,50.4811
2025-05-05 10:00:00,59.5453
2025-05-05 11:00:00,56.8912
2025-05-05 12:00:00,45.6621
2025-05-05 13:00:00,34.2687
2025-05-05 14:00:00,27.4544
2025-05-05 15:00:00,30.3013
2025-05-05 16:00:00,33.7292
2025-05-05 17:00:00,41.2006
2025-05-05 18:00:00,51.3529
2025-05-05 19:00:00,62.2026
2025-05-05 20:00:00,68.6274
2025-05-05 21:00:00,61.4226
2025-05-05 22:00:00,52.0812
2025-05-05 23:00:00,42.8085
2025-05-06 00:00:00,27.9401
2025-05-06 01:00:00,25.0631
2025-05-06 02:00:00,22.1118
2025-05-06 03:00:00,19.774
2025-05-06 04:00:00,21.6733
2025-05-06 05:00:00,24.7269
2025-05-06 06:00:00,27.4361
2025-05-06 07:00:00,28.7812
2025-05-06 08:00:00,30.9646
2025-05-06 09:00:00,38.5254
2025-05-06 10:00:00,45.1968
2025-05-06 11:00:00,46.0789
2025-05-06 12:00:00,37.7098
2025-05-06 13:00:00,27.1954
2025-05-06 14:00:00,23.7696
2025-05-06 15:00:00,24.8219
2025-05-06 16:00:00,30.3149
2025-05-06 17:00:00,40.5637
2025-05-06 18:00:00,52.1001
2025-05-06 19:00:00,61.846
2025-05-06 20:00:00,67.1844
2025-05-06 21:00:00,61.0526
2025-05-06 22:00:00,51.1803
2025-05-06 23:00:00,41.747
2025-05-07 00:00:00,28.3179
2025-05-07 01:00:00,24.3631
2025-05-07 02:00:00,21.5536
2025-05-07 03:00:00,20.8364
2025-05-07 04:00:00,21.7724
2025-05-07 05:00:00,25.4905
2025-05-07 06:00:00,27.7223
2025-05-07 07:00:00,28.273
2025-05-07 08:00:00,31.5172
2025-05-07 09:00:00,37.8886
2025-05-07 10:00:00,46.8275
2025-05-07 11:00:00,44.4432
2025-05-07 12:00:00,35.3757
2025-05-07 13:00:00,27.1921
2025-05-07 14:00:00,23.826
2025-05-07 15:00:00,25.3021
2025-05-07 16:00:00,32.7298
2025-05-07 17:00:00,40.0216
2025-05-07 18:00:00,51.5541
2025-05-07 19:00:00,62.6952
2025-05-07 20:00:00,68.1409
2025-05-07 21:00:00,63.2164
2025-05-07 22:00:00,50.5676
2025-05-07 23:00:00,41.8423
2025-05-08 00:00:00,28.0447
2025-05-08 01:00:00,25.645
2025-05-08 02:00:00,22.3705
2025-05-08 03:00:00,21.0498
2025-05-08 04:00:00,21.9674
2025-05-08 05:00:00,25.2667
2025-05-08 06:00:00,28.067
2025-05-08 07:00:00,29.5782
2025-05-08 08:00:00,32.7017
2025-05-08 09:00:00,38.6502
2025-05-08 10:00:00,45.4624
2025-05-08 11:00:00,45.9045
2025-05-08 12:00:00,36.2097
2025-05-08 13:00:00,27.936
2025-05-08 14:00:00,24.502
2025-05-08 15:00:00,24.4051
2025-05-08 16:00:00,29.6019
2025-05-08 17:00:00,39.7726
2025-05-08 18:00:00,51.7188
2025-05-08 19:00:00,64.8731
2025-05-08 20:00:00,65.7858
2025-05-08 21:00:00,62.5625
2025-05-08 22:00:00,52.5399
2025-05-08 23:00:00,41.2518
2025-05-09 00:00:00,28.0534
2025-05-09 01:00:00,25.3408
2025-05-09 02:00:00,21.7258
2025-05-09 03:00:00,21.147
2025-05-09 04:00:00,21.9655
2025-05-09 05:00:00,25.0767
2025-05-09 06:00:00,27.6121
2025-05-09 07:00:00,29.0245
2025-05-09 08:00:00,32.562
2025-05-09 09:00:00,40.1087
2025-05-09 10:00:00,46.8912
2025-05-09 11:00:00,45.5116
2025-05-09 12:00:00,36.9417
2025-05-09 13:00:00,28.743
2025-05-09 14:00:00,24.7702
2025-05-09 15:00:00,25.3722
2025-05-09 16:00:00,30.4722
2025-05-09 17:00:00,39.4859
2025-05-09 18:00:00,50.2483
2025-05-09 19:00:00,60.5168
2025-05-09 20:00:00,67.9597
2025-05-09 21:00:00,62.3151
2025-05-09 22:00:00,51.6588
2025-05-09 23:00:00,41.2067
2025-05-10 00:00:00,23.4158
2025-05-10 01:00:00,20.9885
2025-05-10 02:00:00,18.0409
2025-05-10 03:00:00,17.82
2025-05-10 04:00:00,18.771
2025-05-10 05:00:00,20.872
2025-05-10 06:00:00,23.27
2025-05-10 07:00:00,24.349
2025-05-10 08:00:00,25.9817
2025-05-10 09:00:00,32.7063
2025-05-10 10:00:00,38.7316
2025-05-10 11:00:00,40.6887
2025-05-10 12:00:00,35.3741
2025-05-10 13:00:00,23.5919
2025-05-10 14:00:00,19.5471
2025-05-10 15:00:00,19.9264
2025-05-10 16:00:00,24.8019
2025-05-10 17:00:00,33.5621
2025-05-10 18:00:00,43.2223
2025-05-10 19:00:00,52.7332
2025-05-10 20:00:00,56.8021
2025-05-10 21:00:00,52.1803
2025-05-10 22:00:00,44.1988
2025-05-10 23:00:00,35.821
2025-05-11 00:00:00,23.2853
2025-05-11 01:00:00,21.3565
2025-05-11 02:00:00,18.3823
2025-05-11 03:00:00,17.4027
2025-05-11 04:00:00,18.4998
2025-05-11 05:00:00,21.0173
2025-05-11 06:00:00,23.1033
2025-05-11 07:00:00,24.5564
2025-05-11 08:00:00,25.8788
2025-05-11 09:00:00,33.3143
2025-05-11 10:00:00,37.4833
2025-05-11 11:00:00,37.2244
2025-05-11 12:00:00,29.7947
2025-05-11 13:00:00,21.2501
2025-05-11 14:00:00,19.2446
2025-05-11 15:00:00,20.0387
2025-05-11 16:00:00,24.3809
2025-05-11 17:00:00,33.5557
2025-05-11 18:00:00,43.4248
2025-05-11 19:00:00,53.2595
2025-05-11 20:00:00,57.6322
2025-05-11 21:00:00,52.8876
2025-05-11 22:00:00,43.8498
2025-05-11 23:00:00,35.8505
2025-05-12 00:00:00,29.0652
2025-05-12 01:00:00,24.468
2025-05-12 02:00:00,22.0468
2025-05-12 03:00:00,20.6217
2025-05-12 04:00:00,21.7773
2025-05-12 05:00:00,24.8253
2025-05-12 06:00:00,27.4185
2025-05-12 07:00:00,28.7462
2025-05-12 08:00:00,32.7399
2025-05-12 09:00:00,38.6487
2025-05-12 10:00:00,47.0961
2025-05-12 11:00:00,44.4311
2025-05-12 12:00:00,37.0501
2025-05-12 13:00:00,26.9227
2025-05-12 14:00:00,24.7972
2025-05-12 15:00:00,25.3037
2025-05-12 16:00:00,30.669
2025-05-12 17:00:00,38.9617
2025-05-12 18:00:00,51.892
2025-05-12 19:00:00,62.5272
2025-05-12 20:00:00,68.1597
2025-05-12 21:00:00,62.7323
2025-05-12 22:00:00,51.3175
2025-05-12 23:00:00,41.4698
2025-05-13 00:00:00,28.0823
2025-05-13 01:00:00,24.8371
2025-05-13 02:00:00,21.9073
2025-05-13 03:00:00,20.498
2025-05-13 04:00:00,21.7858
2025-05-13 05:00:00,24.4024
2025-05-13 06:00:00,27.4672
2025-05-13 07:00:00,30.9324
2025-05-13 08:00:00,34.121
2025-05-13 09:00:00,43.9816
2025-05-13 10:00:00,54.0451
2025-05-13 11:00:00,51.0232
2025-05-13 12:00:00,42.0818
2025-05-13 13:00:00,36.4554
2025-05-13 14:00:00,32.4963
2025-05-13 15:00:00,31.1422
2025-05-13 16:00:00,35.4457
2025-05-13 17:00:00,40.9868
2025-05-13 18:00:00,51.5809
2025-05-13 19:00:00,62.8198
2025-05-13 20:00:00,67.5153
2025-05-13 21:00:00,63.6635
2025-05-13 22:00:00,51.0157
2025-05-13 23:00:00,41.9189
2025-05-14 00:00:00,27.9525
2025-05-14 01:00:00,24.6147
2025-05-14 02:00:00,21.2146
2025-05-14 03:00:00,20.3651
2025-05-14 04:00:00,21.4409
2025-05-14 05:00:00,25.0866
2025-05-14 06:00:00,28.0288
2025-05-14 07:00:00,31.899
2025-05-14 08:00:00,37.2015
2025-05-14 09:00:00,48.1653
2025-05-14 10:00:00,56.3746
2025-05-14 11:00:00,57.8194
2025-05-14 12:00:00,47.6932
2025-05-14 13:00:00,38.745
2025-05-14 14:00:00,30.3803
2025-05-14 15:00:00,30.7094
2025-05-14 16:00:00,32.4142
2025-05-14 17:00:00,40.4932
2025-05-14 18:00:00,52.2142
2025-05-14 19:00:00,62.7924
2025-05-14 20:00:00,67.5637
2025-05-14 21:00:00,62.8792
2025-05-14 22:00:00,52.6053
2025-05-14 23:00:00,40.2837
2025-05-15 00:00:00,27.7508
2025-05-15 01:00:00,24.9701
2025-05-15 02:00:00,22.1699
2025-05-15 03:00:00,20.6482
2025-05-15 04:00:00,21.3139
2025-05-15 05:00:00,25.2469
2025-05-15 06:00:00,28.2876
2025-05-15 07:00:00,32.387
2025-05-15 08:00:00,40.4611
2025-05-15 09:00:00,49.6405
2025-05-15 10:00:00,58.6405
2025-05-15 11:00:00,55.17
2025-05-15 12:00:00,46.525
2025-05-15 13:00:00,36.2702
2025-05-15 14:00:00,34.1911
2025-05-15 15:00:00,33.0341
2025-05-15 16:00:00,35.2421
2025-05-15 17:00:00,39.8487
2025-05-15 18:00:00,51.2474
2025-05-15 19:00:00,62.5988
2025-05-15 20:00:00,66.9838
2025-05-15 21:00:00,62.2972
2025-05-15 22:00:00,51.5188
2025-05-15 23:00:00,41.5225
2025-05-16 00:00:00,28.5409
2025-05-16 01:00:00,25.1261
2025-05-16 02:00:00,21.7734
2025-05-16 03:00:00,20.5172
2025-05-16 04:00:00,21.7211
2025-05-16 05:00:00,24.859
2025-05-16 06:00:00,28.1495
2025-05-16 07:00:00,32.2607
2025-05-16 08:00:00,39.6937
2025-05-16 09:00:00,48.9094
2025-05-16 10:00:00,59.6117
2025-05-16 11:00:00,53.7655
2025-05-16 12:00:00,45.55
2025-05-16 13:00:00,38.0368
2025-05-16 14:00:00,32.1097
2025-05-16 15:00:00,32.147
2025-05-16 16:00:00,34.5702
2025-05-16 17:00:00,40.2201
2025-05-16 18:00:00,50.3573
2025-05-16 19:00:00,63.9787
2025-05-16 20:00:00,68.7552
2025-05-16 21:00:00,61.2819
2025-05-16 22:00:00,51.4772
2025-05-16 23:00:00,40.796
2025-05-17 00:00:00,23.7715
2025-05-17 01:00:00,21.1446
2025-05-17 02:00:00,18.691
2025-05-17 03:00:00,17.4453
2025-05-17 04:00:00,18.941
2025-05-17 05:00:00,21.3769
2025-05-17 06:00:00,23.8493
2025-05-17 07:00:00,27.9253
2025-05-17 08:00:00,33.5722
2025-05-17 09:00:00,44.0023
2025-05-17 10:00:00,48.448
2025-05-17 11:00:00,48.406
2025-05-17 12:00:00,38.4662
2025-05-17 13:00:00,27.6549
2025-05-17 14:00:00,25.0064
2025-05-17 15:00:00,24.12
2025-05-17 16:00:00,26.1511
2025-05-17 17:00:00,34.5229
2025-05-17 18:00:00,44.0489
2025-05-17 19:00:00,51.511
2025-05-17 20:00:00,59.1629
2025-05-17 21:00:00,52.9449
2025-05-17 22:00:00,43.0228
2025-05-17 23:00:00,34.6098
2025-05-18 00:00:00,24.6337
2025-05-18 01:00:00,21.1887
2025-05-18 02:00:00,19.1056
2025-05-18 03:00:00,17.1483
2025-05-18 04:00:00,18.6984
2025-05-18 05:00:00,20.8445
2025-05-18 06:00:00,23.373
2025-05-18 07:00:00,23.3237
2025-05-18 08:00:00,25.2151
2025-05-18 09:00:00,32.2639
2025-05-18 10:00:00,37.2606
2025-05-18 11:00:00,35.8587
2025-05-18 12:00:00,30.7841
2025-05-18 13:00:00,22.6161
2025-05-18 14:00:00,18.9846
2025-05-18 15:00:00,20.6984
2025-05-18 16:00:00,25.2466
2025-05-18 17:00:00,32.4098
2025-05-18 18:00:00,42.5795
2025-05-18 19:00:00,52.495
2025-05-18 20:00:00,56.6737
2025-05-18 21:00:00,53.6509
2025-05-18 22:00:00,45.2296
2025-05-18 23:00:00,35.1156
2025-05-19 00:00:00,28.2047
2025-05-19 01:00:00,24.6931
2025-05-19 02:00:00,21.5694
2025-05-19 03:00:00,20.4052
2025-05-19 04:00:00,21.9525
2025-05-19 05:00:00,24.4271
2025-05-19 06:00:00,27.2649
2025-05-19 07:00:00,29.4981
2025-05-19 08:00:00,32.7951
2025-05-19 09:00:00,39.71
2025-05-19 10:00:00,47.0462
2025-05-19 11:00:00,47.3444
2025-05-19 12:00:00,37.7522
2025-05-19 13:00:00,28.4127
2025-05-19 14:00:00,24.113
2025-05-19 15:00:00,27.0379
2025-05-19 16:00:00,32.4676
2025-05-19 17:00:00,39.8832
2025-05-19 18:00:00,51.077
2025-05-19 19:00:00,62.2177
2025-05-19 20:00:00,66.5603
2025-05-19 21:00:00,63.5612
2025-05-19 22:00:00,50.0833
2025-05-19 23:00:00,41.0007
2025-05-20 00:00:00,27.5568
2025-05-20 01:00:00,24.9973
2025-05-20 02:00:00,21.5238
2025-05-20 03:00:00,20.442
2025-05-20 04:00:00,21.7915
2025-05-20 05:00:00,24.6599
2025-05-20 06:00:00,27.5835
2025-05-20 07:00:00,29.2071
2025-05-20 08:00:00,32.9476
2025-05-20 09:00:00,39.2636
2025-05-20 10:00:00,47.4337
2025-05-20 11:00:00,46.8772
2025-05-20 12:00:00,35.8104
2025-05-20 13:00:00,28.3794
2025-05-20 14:00:00,25.4488
2025-05-20 15:00:00,27.4949
2025-05-20 16:00:00,32.4449
2025-05-20 17:00:00,40.936
2025-05-20 18:00:00,51.7528
2025-05-20 19:00:00,63.066
2025-05-20 20:00:00,67.2503
2025-05-20 21:00:00,62.0127
2025-05-20 22:00:00,51.6516
2025-05-20 23:00:00,40.9
2025-05-21 00:00:00,28.6442
2025-05-21 01:00:00,25.5151
2025-05-21 02:00:00,22.185
2025-05-21 03:00:00,20.7282
2025-05-21 04:00:00,21.815
2025-05-21 05:00:00,24.762
2025-05-21 06:00:00,27.9552
2025-05-21 07:00:00,29.0235
2025-05-21 08:00:00,33.108
2025-05-21 09:00:00,39.6213
2025-05-21 10:00:00,47.2513
2025-05-21 11:00:00,45.6131
2025-05-21 12:00:00,41.3429
2025-05-21 13:00:00,31.1035
2025-05-21 14:00:00,26.633
2025-05-21 15:00:00,27.398
2025-05-21 16:00:00,30.3342
2025-05-21 17:00:00,40.2594
2025-05-21 18:00:00,50.9693
2025-05-21 19:00:00,61.9046
2025-05-21 20:00:00,68.1048
2025-05-21 21:00:00,62.9405
2025-05-21 22:00:00,50.9496
2025-05-21 23:00:00,41.8571
2025-05-22 00:00:00,28.058
2025-05-22 01:00:00,24.9433
2025-05-22 02:00:00,21.7591
2025-05-22 03:00:00,20.6994
2025-05-22 04:00:00,21.744
2025-05-22 05:00:00,24.5671
2025-05-22 06:00:00,27.3117
2025-05-22 07:00:00,28.8845
2025-05-22 08:00:00,31.8284
2025-05-22 09:00:00,39.8047
2025-05-22 10:00:00,48.2136
2025-05-22 11:00:00,47.3712
2025-05-22 12:00:00,36.9715
2025-05-22 13:00:00,28.0417
2025-05-22 14:00:00,25.1796
2025-05-22 15:00:00,26.7424
2025-05-22 16:00:00,31.9063
2025-05-22 17:00:00,40.2022
2025-05-22 18:00:00,50.7024
2025-05-22 19:00:00,62.5643
2025-05-22 20:00:00,68.0895
2025-05-22 21:00:00,63.0355
2025-05-22 22:00:00,52.1949
2025-05-22 23:00:00,42.2481
2025-05-23 00:00:00,28.1885
2025-05-23 01:00:00,24.7524
2025-05-23 02:00:00,21.5274
2025-05-23 03:00:00,20.6801
2025-05-23 04:00:00,21.6021
2025-05-23 05:00:00,25.2565
2025-05-23 06:00:00,26.9037
2025-05-23 07:00:00,30.2407
2025-05-23 08:00:00,33.7928
2025-05-23 09:00:00,43.7797
2025-05-23 10:00:00,49.0215
2025-05-23 11:00:00,48.5536
2025-05-23 12:00:00,38.5916
2025-05-23 13:00:00,30.3165
2025-05-23 14:00:00,26.0592
2025-05-23 15:00:00,27.4945
2025-05-23 16:00:00,32.8448
2025-05-23 17:00:00,39.313
2025-05-23 18:00:00,51.5453
2025-05-23 19:00:00,63.2389
2025-05-23 20:00:00,68.1735
2025-05-23 21:00:00,61.2198
2025-05-23 22:00:00,50.9539
2025-05-23 23:00:00,42.9301
2025-05-24 00:00:00,23.3945
2025-05-24 01:00:00,21.2496
2025-05-24 02:00:00,18.2745
2025-05-24 03:00:00,18.2773
2025-05-24 04:00:00,18.5295
2025-05-24 05:00:00,20.8472
2025-05-24 06:00:00,22.7043
2025-05-24 07:00:00,23.2354
2025-05-24 08:00:00,26.3489
2025-05-24 09:00:00,32.7005
2025-05-24 10:00:00,38.3243
2025-05-24 11:00:00,38.4942
2025-05-24 12:00:00,31.2876
2025-05-24 13:00:00,23.7617
2025-05-24 14:00:00,21.3108
2025-05-24 15:00:00,21.4663
2025-05-24 16:00:00,25.5613
2025-05-24 17:00:00,32.6006
2025-05-24 18:00:00,42.0889
2025-05-24 19:00:00,52.0198
2025-05-24 20:00:00,55.047
2025-05-24 21:00:00,51.2436
2025-05-24 22:00:00,43.7075
2025-05-24 23:00:00,34.613
2025-05-25 00:00:00,24.0536
2025-05-25 01:00:00,20.6104
2025-05-25 02:00:00,18.5311
2025-05-25 03:00:00,17.5017
2025-05-25 04:00:00,18.3973
2025-05-25 05:00:00,21.0638
2025-05-25 06:00:00,23.1787
2025-05-25 07:00:00,23.4881
2025-05-25 08:00:00,25.9424
2025-05-25 09:00:00,31.5824
2025-05-25 10:00:00,36.5992
2025-05-25 11:00:00,36.2838
2025-05-25 12:00:00,30.4752
2025-05-25 13:00:00,22.628
2025-05-25 14:00:00,20.3067
2025-05-25 15:00:00,20.6155
2025-05-25 16:00:00,27.0453
2025-05-25 17:00:00,33.184
2025-05-25 18:00:00,44.0192
2025-05-25 19:00:00,53.5954
2025-05-25 20:00:00,57.5751
2025-05-25 21:00:00,53.3459
2025-05-25 22:00:00,43.1907
2025-05-25 23:00:00,34.8172
2025-05-26 00:00:00,28.0274
2025-05-26 01:00:00,25.1904
2025-05-26 02:00:00,22.0135
2025-05-26 03:00:00,20.5909
2025-05-26 04:00:00,21.6658
2025-05-26 05:00:00,25.1925
2025-05-26 06:00:00,26.7868
2025-05-26 07:00:00,29.6501
2025-05-26 08:00:00,32.9933
2025-05-26 09:00:00,40.5805
2025-05-26 10:00:00,48.2532
2025-05-26 11:00:00,47.9435
2025-05-26 12:00:00,40.5232
2025-05-26 13:00:00,31.0371
2025-05-26 14:00:00,26.6647
2025-05-26 15:00:00,26.2709
2025-05-26 16:00:00,31.5198
2025-05-26 17:00:00,40.066
2025-05-26 18:00:00,51.8491
2025-05-26 19:00:00,62.5224
2025-05-26 20:00:00,67.8465
2025-05-26 21:00:00,61.331
2025-05-26 22:00:00,51.6684
2025-05-26 23:00:00,40.9736
2025-05-27 00:00:00,27.3582
2025-05-27 01:00:00,24.5669
2025-05-27 02:00:00,21.9954
2025-05-27 03:00:00,20.6935
2025-05-27 04:00:00,21.8515
2025-05-27 05:00:00,25.0278
2025-05-27 06:00:00,27.1299
2025-05-27 07:00:00,29.0121
2025-05-27 08:00:00,32.06
2025-05-27 09:00:00,41.1742
2025-05-27 10:00:00,50.9419
2025-05-27 11:00:00,53.3491
2025-05-27 12:00:00,44.0479
2025-05-27 13:00:00,32.8755
2025-05-27 14:00:00,30.7015
2025-05-27 15:00:00,30.8006
2025-05-27 16:00:00,32.4441
2025-05-27 17:00:00,41.4584
2025-05-27 18:00:00,52.5905
2025-05-27 19:00:00,61.6452
2025-05-27 20:00:00,67.767
2025-05-27 21:00:00,63.4045
2025-05-27 22:00:00,51.9048
2025-05-27 23:00:00,40.7585
2025-05-28 00:00:00,27.7833
2025-05-28 01:00:00,24.2317
2025-05-28 02:00:00,21.6366
2025-05-28 03:00:00,20.8268
2025-05-28 04:00:00,21.7575
2025-05-28 05:00:00,25.4564
2025-05-28 06:00:00,27.0348
2025-05-28 07:00:00,29.6238
2025-05-28 08:00:00,33.161
2025-05-28 09:00:00,40.984
2025-05-28 10:00:00,50.111
2025-05-28 11:00:00,46.7063
2025-05-28 12:00:00,41.9053
2025-05-28 13:00:00,32.7298
2025-05-28 14:00:00,28.8538
2025-05-28 15:00:00,28.0996
2025-05-28 16:00:00,32.1772
2025-05-28 17:00:00,39.9562
2025-05-28 18:00:00,50.824
2025-05-28 19:00:00,64.1861
2025-05-28 20:00:00,68.4726
2025-05-28 21:00:00,63.3985
2025-05-28 22:00:00,51.7308
2025-05-28 23:00:00,41.4508
2025-05-29 00:00:00,27.8313
2025-05-29 01:00:00,24.3599
2025-05-29 02:00:00,21.5651
2025-05-29 03:00:00,20.4605
2025-05-29 04:00:00,21.7619
2025-05-29 05:00:00,24.3629
2025-05-29 06:00:00,27.7042
2025-05-29 07:00:00,29.0134
2025-05-29 08:00:00,32.2109
2025-05-29 09:00:00,40.3076
2025-05-29 10:00:00,47.5052
2025-05-29 11:00:00,46.4034
2025-05-29 12:00:00,37.9996
2025-05-29 13:00:00,29.1418
2025-05-29 14:00:00,24.1782
2025-05-29 15:00:00,26.2646
2025-05-29 16:00:00,31.2783
2025-05-29 17:00:00,40.0966
2025-05-29 18:00:00,50.6964
2025-05-29 19:00:00,59.8976
2025-05-29 20:00:00,66.3416
2025-05-29 21:00:00,62.2497
2025-05-29 22:00:00,51.2128
2025-05-29 23:00:00,41.0987
2025-05-30 00:00:00,28.4685
2025-05-30 01:00:00,24.9652
2025-05-30 02:00:00,21.6071
2025-05-30 03:00:00,20.4047
2025-05-30 04:00:00,22.3685
2025-05-30 05:00:00,24.3994
2025-05-30 06:00:00,27.507
2025-05-30 07:00:00,29.0758
2025-05-30 08:00:00,32.7392
2025-05-30 09:00:00,41.2157
2025-05-30 10:00:00,47.9569
2025-05-30 11:00:00,47.9592
2025-05-30 12:00:00,39.7532
2025-05-30 13:00:00,32.7591
2025-05-30 14:00:00,27.8192
2025-05-30 15:00:00,29.5375
2025-05-30 16:00:00,32.9938
2025-05-30 17:00:00,39.765
2025-05-30 18:00:00,51.5215
2025-05-30 19:00:00,62.701
2025-05-30 20:00:00,67.8001
2025-05-30 21:00:00,60.4623
2025-05-30 22:00:00,52.0791
2025-05-30 23:00:00,41.5698
2025-05-31 00:00:00,23.8285
2025-05-31 01:00:00,21.2036
2025-05-31 02:00:00,19.0516
2025-05-31 03:00:00,17.5496
2025-05-31 04:00:00,19.5121
2025-05-31 05:00:00,20.6407
2025-05-31 06:00:00,24.0138
2025-05-31 07:00:00,23.7085
2025-05-31 08:00:00,27.5159
2025-05-31 09:00:00,34.5186
2025-05-31 10:00:00,38.4946
2025-05-31 11:00:00,37.4645
2025-05-31 12:00:00,30.9916
2025-05-31 13:00:00,22.4756
2025-05-31 14:00:00,22.4687
2025-05-31 15:00:00,24.0577
2025-05-31 16:00:00,27.0311
2025-05-31 17:00:00,34.1679
2025-05-31 18:00:00,44.8578
2025-05-31 19:00:00,53.0378
2025-05-31 20:00:00,57.0728
2025-05-31 21:00:00,53.1902
2025-05-31 22:00:00,43.2931
2025-05-31 23:00:00,35.7923
2025-06-01 00:00:00,26.4847
2025-06-01 01:00:00,22.5543
2025-06-01 02:00:00,20.1399
2025-06-01 03:00:00,19.2077
2025-06-01 04:00:00,20.6469
2025-06-01 05:00:00,22.903
2025-06-01 06:00:00,25.389
2025-06-01 07:00:00,26.4758
2025-06-01 08:00:00,31.7336
2025-06-01 09:00:00,37.1065
2025-06-01 10:00:00,43.7705
2025-06-01 11:00:00,42.6216
2025-06-01 12:00:00,34.8751
2025-06-01 13:00:00,25.2666
2025-06-01 14:00:00,21.5672
2025-06-01 15:00:00,22.5042
2025-06-01 16:00:00,27.9473
2025-06-01 17:00:00,36.1695
2025-06-01 18:00:00,46.6245
2025-06-01 19:00:00,58.5408
2025-06-01 20:00:00,60.7685
2025-06-01 21:00:00,58.0438
2025-06-01 22:00:00,46.5933
2025-06-01 23:00:00,38.0164
2025-06-02 00:00:00,31.2243
2025-06-02 01:00:00,26.8084
2025-06-02 02:00:00,23.995
2025-06-02 03:00:00,22.6811
2025-06-02 04:00:00,23.4949
2025-06-02 05:00:00,27.3686
2025-06-02 06:00:00,30.9094
2025-06-02 07:00:00,30.8168
2025-06-02 08:00:00,35.7028
2025-06-02 09:00:00,45.2528
2025-06-02 10:00:00,52.9289
2025-06-02 11:00:00,51.2629
2025-06-02 12:00:00,42.0425
2025-06-02 13:00:00,32.4629
2025-06-02 14:00:00,27.1632
2025-06-02 15:00:00,28.268
2025-06-02 16:00:00,34.5845
2025-06-02 17:00:00,43.4107
2025-06-02 18:00:00,55.7524
2025-06-02 19:00:00,65.5014
2025-06-02 20:00:00,74.2881
2025-06-02 21:00:00,69.5766
2025-06-02 22:00:00,57.1381
2025-06-02 23:00:00,44.4756
2025-06-03 00:00:00,31.1465
2025-06-03 01:00:00,27.0215
2025-06-03 02:00:00,23.3653
2025-06-03 03:00:00,22.4077
2025-06-03 04:00:00,23.3788
2025-06-03 05:00:00,26.2695
2025-06-03 06:00:00,30.5368
2025-06-03 07:00:00,31.0264
2025-06-03 08:00:00,36.1348
2025-06-03 09:00:00,45.4428
2025-06-03 10:00:00,53.2043
2025-06-03 11:00:00,53.7856
2025-06-03 12:00:00,41.988
2025-06-03 13:00:00,31.9854
2025-06-03 14:00:00,28.6267
2025-06-03 15:00:00,29.238
2025-06-03 16:00:00,34.8441
2025-06-03 17:00:00,43.0895
2025-06-03 18:00:00,55.4256
2025-06-03 19:00:00,66.4093
2025-06-03 20:00:00,73.8431
2025-06-03 21:00:00,67.4826
2025-06-03 22:00:00,56.2644
2025-06-03 23:00:00,45.8325
2025-06-04 00:00:00,29.457
2025-06-04 01:00:00,27.3215
2025-06-04 02:00:00,23.5016
2025-06-04 03:00:00,22.7854
2025-06-04 04:00:00,23.553
2025-06-04 05:00:00,27.139
2025-06-04 06:00:00,30.4195
2025-06-04 07:00:00,32.3482
2025-06-04 08:00:00,36.4714
2025-06-04 09:00:00,45.2339
2025-06-04 10:00:00,52.6817
2025-06-04 11:00:00,52.1072
2025-06-04 12:00:00,42.9309
2025-06-04 13:00:00,31.7266
2025-06-04 14:00:00,27.9681
2025-06-04 15:00:00,28.1659
2025-06-04 16:00:00,33.5963
2025-06-04 17:00:00,42.3837
2025-06-04 18:00:00,54.4798
2025-06-04 19:00:00,67.7477
2025-06-04 20:00:00,71.2947
2025-06-04 21:00:00,67.0903
2025-06-04 22:00:00,57.4824
2025-06-04 23:00:00,45.8283
2025-06-05 00:00:00,30.6439
2025-06-05 01:00:00,27.4221
2025-06-05 02:00:00,23.6894
2025-06-05 03:00:00,22.1232
2025-06-05 04:00:00,22.9953
2025-06-05 05:00:00,26.283
2025-06-05 06:00:00,29.7479
2025-06-05 07:00:00,33.0144
2025-06-05 08:00:00,37.4971
2025-06-05 09:00:00,47.6781
2025-06-05 10:00:00,58.2155
2025-06-05 11:00:00,55.1148
2025-06-05 12:00:00,45.9142
2025-06-05 13:00:00,35.0955
2025-06-05 14:00:00,30.3508
2025-06-05 15:00:00,31.0857
2025-06-05 16:00:00,35.0513
2025-06-05 17:00:00,45.1878
2025-06-05 18:00:00,55.7748
2025-06-05 19:00:00,66.8591
2025-06-05 20:00:00,74.5008
2025-06-05 21:00:00,68.6617
2025-06-05 22:00:00,55.3473
2025-06-05 23:00:00,45.4399
2025-06-06 00:00:00,30.4628
2025-06-06 01:00:00,25.8072
2025-06-06 02:00:00,23.7411
2025-06-06 03:00:00,21.8482
2025-06-06 04:00:00,24.0839
2025-06-06 05:00:00,27.2252
2025-06-06 06:00:00,29.976
2025-06-06 07:00:00,35.0358
2025-06-06 08:00:00,40.8024
2025-06-06 09:00:00,50.3325
2025-06-06 10:00:00,57.5049
2025-06-06 11:00:00,58.2067
2025-06-06 12:00:00,47.5548
2025-06-06 13:00:00,39.6892
2025-06-06 14:00:00,35.593
2025-06-06 15:00:00,34.0727
2025-06-06 16:00:00,35.2013
2025-06-06 17:00:00,43.9967
2025-06-06 18:00:00,56.9297
2025-06-06 19:00:00,67.3077
2025-06-06 20:00:00,73.4575
2025-06-06 21:00:00,69.4096
2025-06-06 22:00:00,55.3154
2025-06-06 23:00:00,44.9117
2025-06-07 00:00:00,25.822
2025-06-07 01:00:00,22.6485
2025-06-07 02:00:00,19.9088
2025-06-07 03:00:00,18.9895
2025-06-07 04:00:00,20.1093
2025-06-07 05:00:00,22.7643
2025-06-07 06:00:00,25.3809
2025-06-07 07:00:00,27.0882
2025-06-07 08:00:00,31.3078
2025-06-07 09:00:00,39.2333
2025-06-07 10:00:00,42.2521
2025-06-07 11:00:00,41.9287
2025-06-07 12:00:00,34.9947
2025-06-07 13:00:00,26.8434
2025-06-07 14:00:00,24.0887
2025-06-07 15:00:00,25.3116
2025-06-07 16:00:00,29.1234
2025-06-07 17:00:00,35.8032
2025-06-07 18:00:00,47.0008
2025-06-07 19:00:00,57.4074
2025-06-07 20:00:00,61.891
2025-06-07 21:00:00,57.0613
2025-06-07 22:00:00,47.2017
2025-06-07 23:00:00,38.5597
2025-06-08 00:00:00,25.9404
2025-06-08 01:00:00,22.8061
2025-06-08 02:00:00,20.1458
2025-06-08 03:00:00,18.909
2025-06-08 04:00:00,20.3575
2025-06-08 05:00:00,22.4806
2025-06-08 06:00:00,24.7967
2025-06-08 07:00:00,25.8353
2025-06-08 08:00:00,30.4818
2025-06-08 09:00:00,36.8274
2025-06-08 10:00:00,43.5245
2025-06-08 11:00:00,44.5873
2025-06-08 12:00:00,32.1591
2025-06-08 13:00:00,24.3085
2025-06-08 14:00:00,22.0244
2025-06-08 15:00:00,22.1807
2025-06-08 16:00:00,27.8854
2025-06-08 17:00:00,36.3232
2025-06-08 18:00:00,47.5088
2025-06-08 19:00:00,57.2576
2025-06-08 20:00:00,62.0558
2025-06-08 21:00:00,56.8715
2025-06-08 22:00:00,47.4542
2025-06-08 23:00:00,38.4088
2025-06-09 00:00:00,31.4251
2025-06-09 01:00:00,26.7418
2025-06-09 02:00:00,22.9915
2025-06-09 03:00:00,21.8302
2025-06-09 04:00:00,23.2609
2025-06-09 05:00:00,26.6317
2025-06-09 06:00:00,31.2598
2025-06-09 07:00:00,35.6044
2025-06-09 08:00:00,41.2933
2025-06-09 09:00:00,53.3683
2025-06-09 10:00:00,65.0039
2025-06-09 11:00:00,65.112
2025-06-09 12:00:00,54.1035
2025-06-09 13:00:00,43.4483
2025-06-09 14:00:00,38.702
2025-06-09 15:00:00,36.9626
2025-06-09 16:00:00,39.7792
2025-06-09 17:00:00,46.2751
2025-06-09 18:00:00,56.2579
2025-06-09 19:00:00,69.1821
2025-06-09 20:00:00,72.0593
2025-06-09 21:00:00,67.6153
2025-06-09 22:00:00,57.0227
2025-06-09 23:00:00,45.756
2025-06-10 00:00:00,31.1204
2025-06-10 01:00:00,26.9565
2025-06-10 02:00:00,23.9431
2025-06-10 03:00:00,22.2092
2025-06-10 04:00:00,23.4859
2025-06-10 05:00:00,27.1962
2025-06-10 06:00:00,30.1824
2025-06-10 07:00:00,31.0911
2025-06-10 08:00:00,37.5683
2025-06-10 09:00:00,45.7731
2025-06-10 10:00:00,53.6599
2025-06-10 11:00:00,54.0115
2025-06-10 12:00:00,44.224
2025-06-10 13:00:00,33.7382
2025-06-10 14:00:00,27.9943
2025-06-10 15:00:00,30.7108
2025-06-10 16:00:00,34.9459
2025-06-10 17:00:00,43.9225
2025-06-10 18:00:00,54.3077
2025-06-10 19:00:00,69.3142
2025-06-10 20:00:00,72.8241
2025-06-10 21:00:00,67.4348
2025-06-10 22:00:00,55.7813
2025-06-10 23:00:00,44.6156
2025-06-11 00:00:00,30.7924
2025-06-11 01:00:00,26.8465
2025-06-11 02:00:00,23.4198
2025-06-11 03:00:00,22.4033
2025-06-11 04:00:00,23.0883
2025-06-11 05:00:00,27.1407
2025-06-11 06:00:00,29.7562
2025-06-11 07:00:00,32.046
2025-06-11 08:00:00,36.2072
2025-06-11 09:00:00,44.7631
2025-06-11 10:00:00,52.644
2025-06-11 11:00:00,51.377
2025-06-11 12:00:00,43.2389
2025-06-11 13:00:00,32.9383
2025-06-11 14:00:00,26.5305
2025-06-11 15:00:00,29.1079
2025-06-11 16:00:00,33.6213
2025-06-11 17:00:00,43.5847
2025-06-11 18:00:00,54.5833
2025-06-11 19:00:00,67.8322
2025-06-11 20:00:00,73.1507
2025-06-11 21:00:00,67.9329
2025-06-11 22:00:00,55.6731
2025-06-11 23:00:00,44.0424
2025-06-12 00:00:00,30.1297
2025-06-12 01:00:00,26.7312
2025-06-12 02:00:00,24.1967
2025-06-12 03:00:00,22.9006
2025-06-12 04:00:00,24.1777
2025-06-12 05:00:00,26.8132
2025-06-12 06:00:00,30.0482
2025-06-12 07:00:00,32.4877
2025-06-12 08:00:00,37.405
2025-06-12 09:00:00,45.1861
2025-06-12 10:00:00,53.4359
2025-06-12 11:00:00,51.7591
2025-06-12 12:00:00,42.0416
2025-06-12 13:00:00,32.2426
2025-06-12 14:00:00,27.1908
2025-06-12 15:00:00,28.5839
2025-06-12 16:00:00,32.9675
2025-06-12 17:00:00,44.3653
2025-06-12 18:00:00,53.7444
2025-06-12 19:00:00,66.7979
2025-06-12 20:00:00,72.1482
2025-06-12 21:00:00,68.3899
2025-06-12 22:00:00,56.7291
2025-06-12 23:00:00,45.3248
2025-06-13 00:00:00,30.0214
2025-06-13 01:00:00,27.0716
2025-06-13 02:00:00,23.3505
2025-06-13 03:00:00,21.765
2025-06-13 04:00:00,23.957
2025-06-13 05:00:00,26.5122
2025-06-13 06:00:00,29.7953
2025-06-13 07:00:00,33.0949
2025-06-13 08:00:00,35.2944
2025-06-13 09:00:00,44.399
2025-06-13 10:00:00,53.9525
2025-06-13 11:00:00,51.3101
2025-06-13 12:00:00,41.7866
2025-06-13 13:00:00,31.9532
2025-06-13 14:00:00,28.8668
2025-06-13 15:00:00,28.4968
2025-06-13 16:00:00,34.1033
2025-06-13 17:00:00,43.9491
2025-06-13 18:00:00,53.5648
2025-06-13 19:00:00,66.0987
2025-06-13 20:00:00,73.5843
2025-06-13 21:00:00,67.0576
2025-06-13 22:00:00,55.3185
2025-06-13 23:00:00,44.9391
2025-06-14 00:00:00,25.8277
2025-06-14 01:00:00,22.9444
2025-06-14 02:00:00,20.2575
2025-06-14 03:00:00,18.9745
2025-06-14 04:00:00,20.4212
2025-06-14 05:00:00,22.7301
2025-06-14 06:00:00,25.153
2025-06-14 07:00:00,26.5081
2025-06-14 08:00:00,29.4145
2025-06-14 09:00:00,37.8529
2025-06-14 10:00:00,44.6194
2025-06-14 11:00:00,43.0651
2025-06-14 12:00:00,32.7239
2025-06-14 13:00:00,25.6799
2025-06-14 14:00:00,22.3594
2025-06-14 15:00:00,23.8682
2025-06-14 16:00:00,28.2031
2025-06-14 17:00:00,36.6806
2025-06-14 18:00:00,47.9722
2025-06-14 19:00:00,57.8684
2025-06-14 20:00:00,62.299
2025-06-14 21:00:00,57.968
2025-06-14 22:00:00,47.7107
2025-06-14 23:00:00,38.3618
2025-06-15 00:00:00,25.9529
2025-06-15 01:00:00,22.8987
2025-06-15 02:00:00,20.2614
2025-06-15 03:00:00,19.0405
2025-06-15 04:00:00,19.8285
2025-06-15 05:00:00,23.2072
2025-06-15 06:00:00,25.4751
2025-06-15 07:00:00,26.0587
2025-06-15 08:00:00,29.8767
2025-06-15 09:00:00,37.7031
2025-06-15 10:00:00,43.3951
2025-06-15 11:00:00,42.8229
2025-06-15 12:00:00,34.4776
2025-06-15 13:00:00,25.6339
2025-06-15 14:00:00,23.0497
2025-06-15 15:00:00,24.316
2025-06-15 16:00:00,29.0329
2025-06-15 17:00:00,35.7898
2025-06-15 18:00:00,47.1324
2025-06-15 19:00:00,57.6683
2025-06-15 20:00:00,62.05
2025-06-15 21:00:00,57.9025
2025-06-15 22:00:00,47.7566
2025-06-15 23:00:00,37.8908
2025-06-16 00:00:00,30.6986
2025-06-16 01:00:00,27.6763
2025-06-16 02:00:00,23.4448
2025-06-16 03:00:00,22.5234
2025-06-16 04:00:00,24.148
2025-06-16 05:00:00,27.8331
2025-06-16 06:00:00,29.9419
2025-06-16 07:00:00,31.3337
2025-06-16 08:00:00,37.2092
2025-06-16 09:00:00,45.8936
2025-06-16 10:00:00,53.9301
2025-06-16 11:00:00,51.3527
2025-06-16 12:00:00,42.336
2025-06-16 13:00:00,32.9373
2025-06-16 14:00:00,28.5162
2025-06-16 15:00:00,31.1315
2025-06-16 16:00:00,35.0285
2025-06-16 17:00:00,43.9792
2025-06-16 18:00:00,56.9215
2025-06-16 19:00:00,68.8579
2025-06-16 20:00:00,72.0936
2025-06-16 21:00:00,67.4309
2025-06-16 22:00:00,56.8722
2025-06-16 23:00:00,45.5318
2025-06-17 00:00:00,30.9018
2025-06-17 01:00:00,27.2147
2025-06-17 02:00:00,23.7214
2025-06-17 03:00:00,22.1401
2025-06-17 04:00:00,23.6846
2025-06-17 05:00:00,26.8173
2025-06-17 06:00:00,30.3849
2025-06-17 07:00:00,31.8576
2025-06-17 08:00:00,36.5383
2025-06-17 09:00:00,46.9811
2025-06-17 10:00:00,55.5671
2025-06-17 11:00:00,55.9428
2025-06-17 12:00:00,43.1178
2025-06-17 13:00:00,34.5102
2025-06-17 14:00:00,31.0273
2025-06-17 15:00:00,31.6575
2025-06-17 16:00:00,34.6411
2025-06-17 17:00:00,43.6894
2025-06-17 18:00:00,56.0575
2025-06-17 19:00:00,67.299
2025-06-17 20:00:00,74.2021
2025-06-17 21:00:00,67.3538
2025-06-17 22:00:00,55.5768
2025-06-17 23:00:00,45.6244
2025-06-18 00:00:00,30.5509
2025-06-18 01:00:00,26.8112
2025-06-18 02:00:00,23.4181
2025-06-18 03:00:00,22.6635
2025-06-18 04:00:00,23.8582
2025-06-18 05:00:00,27.1315
2025-06-18 06:00:00,29.8047
2025-06-18 07:00:00,33.1441
2025-06-18 08:00:00,38.1261
2025-06-18 09:00:00,47.4068
2025-06-18 10:00:00,56.1045
2025-06-18 11:00:00,53.9024
2025-06-18 12:00:00,44.0299
2025-06-18 13:00:00,33.3653
2025-06-18 14:00:00,28.5428
2025-06-18 15:00:00,29.9818
2025-06-18 16:00:00,35.7106
2025-06-18 17:00:00,45.9352
2025-06-18 18:00:00,56.7129
2025-06-18 19:00:00,68.3328
2025-06-18 20:00:00,73.7319
2025-06-18 21:00:00,66.5017
2025-06-18 22:00:00,57.3994
2025-06-18 23:00:00,45.0653
2025-06-19 00:00:00,31.2686
2025-06-19 01:00:00,26.8079
2025-06-19 02:00:00,24.3768
2025-06-19 03:00:00,22.1546
2025-06-19 04:00:00,24.1476
2025-06-19 05:00:00,26.721
2025-06-19 06:00:00,30.723
2025-06-19 07:00:00,32.76
2025-06-19 08:00:00,37.1903
2025-06-19 09:00:00,43.9168
2025-06-19 10:00:00,52.863
2025-06-19 11:00:00,53.3089
2025-06-19 12:00:00,44.1978
2025-06-19 13:00:00,32.3901
2025-06-19 14:00:00,28.9687
2025-06-19 15:00:00,28.7257
2025-06-19 16:00:00,34.9723
2025-06-19 17:00:00,42.9982
2025-06-19 18:00:00,55.4932
2025-06-19 19:00:00,68.7865
2025-06-19 20:00:00,72.4451
2025-06-19 21:00:00,66.655
2025-06-19 22:00:00,55.3054
2025-06-19 23:00:00,43.4355
2025-06-20 00:00:00,31.1437
2025-06-20 01:00:00,27.1646
2025-06-20 02:00:00,23.5329
2025-06-20 03:00:00,22.5805
2025-06-20 04:00:00,24.1436
2025-06-20 05:00:00,26.7905
2025-06-20 06:00:00,29.8449
2025-06-20 07:00:00,32.1811
2025-06-20 08:00:00,37.7125
2025-06-20 09:00:00,45.8815
2025-06-20 10:00:00,54.0384
2025-06-20 11:00:00,51.4828
2025-06-20 12:00:00,43.1875
2025-06-20 13:00:00,33.4198
2025-06-20 14:00:00,27.0446
2025-06-20 15:00:00,29.2859
2025-06-20 16:00:00,33.3564
2025-06-20 17:00:00,44.1638
2025-06-20 18:00:00,56.8914
2025-06-20 19:00:00,67.3139
2025-06-20 20:00:00,74.9311
2025-06-20 21:00:00,68.3425
2025-06-20 22:00:00,56.4937
2025-06-20 23:00:00,45.3389
2025-06-21 00:00:00,25.6853
2025-06-21 01:00:00,22.3263
2025-06-21 02:00:00,19.9026
2025-06-21 03:00:00,19.0957
2025-06-21 04:00:00,20.3953
2025-06-21 05:00:00,22.7128
2025-06-21 06:00:00,25.2463
2025-06-21 07:00:00,27.1505
2025-06-21 08:00:00,30.3952
2025-06-21 09:00:00,37.6002
2025-06-21 10:00:00,45.2209
2025-06-21 11:00:00,45.0634
2025-06-21 12:00:00,34.4249
2025-06-21 13:00:00,27.0072
2025-06-21 14:00:00,25.3004
2025-06-21 15:00:00,25.435
2025-06-21 16:00:00,29.4903
2025-06-21 17:00:00,36.581
2025-06-21 18:00:00,47.224
2025-06-21 19:00:00,57.3611
2025-06-21 20:00:00,63.0367
2025-06-21 21:00:00,57.1576
2025-06-21 22:00:00,47.0505
2025-06-21 23:00:00,39.1715
2025-06-22 00:00:00,25.7089
2025-06-22 01:00:00,23.0334
2025-06-22 02:00:00,20.3177
2025-06-22 03:00:00,19.3888
2025-06-22 04:00:00,20.3539
2025-06-22 05:00:00,22.9399
2025-06-22 06:00:00,25.3503
2025-06-22 07:00:00,27.3225
2025-06-22 08:00:00,29.0463
2025-06-22 09:00:00,37.5232
2025-06-22 10:00:00,42.9888
2025-06-22 11:00:00,41.9724
2025-06-22 12:00:00,34.4237
2025-06-22 13:00:00,26.5616
2025-06-22 14:00:00,21.4247
2025-06-22 15:00:00,23.1151
2025-06-22 16:00:00,27.2215
2025-06-22 17:00:00,37.2555
2025-06-22 18:00:00,47.7305
2025-06-22 19:00:00,57.0958
2025-06-22 20:00:00,62.0437
2025-06-22 21:00:00,56.5627
2025-06-22 22:00:00,46.7031
2025-06-22 23:00:00,39.0532
2025-06-23 00:00:00,30.9614
2025-06-23 01:00:00,27.8205
2025-06-23 02:00:00,23.3497
2025-06-23 03:00:00,22.5682
2025-06-23 04:00:00,23.7159
2025-06-23 05:00:00,26.7104
2025-06-23 06:00:00,29.7988
2025-06-23 07:00:00,31.146
2025-06-23 08:00:00,35.9921
2025-06-23 09:00:00,44.8092
2025-06-23 10:00:00,52.4212
2025-06-23 11:00:00,52.2524
2025-06-23 12:00:00,43.4035
2025-06-23 13:00:00,32.516
2025-06-23 14:00:00,28.2878
2025-06-23 15:00:00,29.4763
2025-06-23 16:00:00,33.1105
2025-06-23 17:00:00,42.8974
2025-06-23 18:00:00,54.3257
2025-06-23 19:00:00,66.72
2025-06-23 20:00:00,72.5961
2025-06-23 21:00:00,67.4263
2025-06-23 22:00:00,55.8416
2025-06-23 23:00:00,45.4702
2025-06-24 00:00:00,30.271
2025-06-24 01:00:00,26.7244
2025-06-24 02:00:00,23.5312
2025-06-24 03:00:00,22.4853
2025-06-24 04:00:00,23.7821
2025-06-24 05:00:00,26.7515
2025-06-24 06:00:00,29.559
2025-06-24 07:00:00,31.2551
2025-06-24 08:00:00,36.5745
2025-06-24 09:00:00,44.6097
2025-06-24 10:00:00,52.5446
2025-06-24 11:00:00,52.6147
2025-06-24 12:00:00,41.2526
2025-06-24 13:00:00,32.2453
2025-06-24 14:00:00,27.5294
2025-06-24 15:00:00,27.9919
2025-06-24 16:00:00,34.3822
2025-06-24 17:00:00,44.0479
2025-06-24 18:00:00,54.8334
2025-06-24 19:00:00,66.8397
2025-06-24 20:00:00,72.4892
2025-06-24 21:00:00,66.9509
2025-06-24 22:00:00,55.5246
2025-06-24 23:00:00,46.6159
2025-06-25 00:00:00,30.8948
2025-06-25 01:00:00,26.2433
2025-06-25 02:00:00,23.224
2025-06-25 03:00:00,22.1423
2025-06-25 04:00:00,24.2761
2025-06-25 05:00:00,26.5285
2025-06-25 06:00:00,29.8036
2025-06-25 07:00:00,33.1936
2025-06-25 08:00:00,37.4874
2025-06-25 09:00:00,47.9729
2025-06-25 10:00:00,53.7198
2025-06-25 11:00:00,54.02
2025-06-25 12:00:00,45.5501
2025-06-25 13:00:00,36.3684
2025-06-25 14:00:00,31.741
2025-06-25 15:00:00,31.4279
2025-06-25 16:00:00,37.1677
2025-06-25 17:00:00,44.8875
2025-06-25 18:00:00,55.9523
2025-06-25 19:00:00,66.2567
2025-06-25 20:00:00,72.0991
2025-06-25 21:00:00,68.1356
2025-06-25 22:00:00,56.2859
2025-06-25 23:00:00,44.8188
2025-06-26 00:00:00,30.6412
2025-06-26 01:00:00,26.9519
2025-06-26 02:00:00,23.7315
2025-06-26 03:00:00,21.708
2025-06-26 04:00:00,23.5909
2025-06-26 05:00:00,27.1558
2025-06-26 06:00:00,31.4619
2025-06-26 07:00:00,36.0908
2025-06-26 08:00:00,42.8376
2025-06-26 09:00:00,50.3132
2025-06-26 10:00:00,60.4935
2025-06-26 11:00:00,60.5658
2025-06-26 12:00:00,50.4778
2025-06-26 13:00:00,37.7596
2025-06-26 14:00:00,37.3228
2025-06-26 15:00:00,33.5729
2025-06-26 16:00:00,35.4398
2025-06-26 17:00:00,43.7395
2025-06-26 18:00:00,57.5688
2025-06-26 19:00:00,68.1017
2025-06-26 20:00:00,73.2733
2025-06-26 21:00:00,67.2665
2025-06-26 22:00:00,55.4628
2025-06-26 23:00:00,45.9735
2025-06-27 00:00:00,30.3048
2025-06-27 01:00:00,26.9087
2025-06-27 02:00:00,23.4729
2025-06-27 03:00:00,22.2758
2025-06-27 04:00:00,23.8205
2025-06-27 05:00:00,27.1786
2025-06-27 06:00:00,30.0222
2025-06-27 07:00:00,32.3245
2025-06-27 08:00:00,39.8703
2025-06-27 09:00:00,48.7116
2025-06-27 10:00:00,57.5043
2025-06-27 11:00:00,54.7679
2025-06-27 12:00:00,46.4326
2025-06-27 13:00:00,36.6319
2025-06-27 14:00:00,33.3933
2025-06-27 15:00:00,33.6775
2025-06-27 16:00:00,35.653
2025-06-27 17:00:00,44.4465
2025-06-27 18:00:00,54.9897
2025-06-27 19:00:00,66.928
2025-06-27 20:00:00,73.4909
2025-06-27 21:00:00,67.6052
2025-06-27 22:00:00,56.144
2025-06-27 23:00:00,45.5826
2025-06-28 00:00:00,25.652
2025-06-28 01:00:00,23.0372
2025-06-28 02:00:00,20.2139
2025-06-28 03:00:00,19.11
2025-06-28 04:00:00,20.5863
2025-06-28 05:00:00,22.1345
2025-06-28 06:00:00,25.133
2025-06-28 07:00:00,26.0259
2025-06-28 08:00:00,30.0996
2025-06-28 09:00:00,38.0569
2025-06-28 10:00:00,43.9462
2025-06-28 11:00:00,42.6619
2025-06-28 12:00:00,34.1259
2025-06-28 13:00:00,26.2586
2025-06-28 14:00:00,23.631
2025-06-28 15:00:00,24.2925
2025-06-28 16:00:00,28.3452
2025-06-28 17:00:00,37.3303
2025-06-28 18:00:00,46.6451
2025-06-28 19:00:00,59.0055
2025-06-28 20:00:00,62.1545
2025-06-28 21:00:00,58.4525
2025-06-28 22:00:00,47.9363
2025-06-28 23:00:00,38.8014
2025-06-29 00:00:00,25.3674
2025-06-29 01:00:00,22.9551
2025-06-29 02:00:00,20.1732
2025-06-29 03:00:00,18.9398
2025-06-29 04:00:00,20.1859
2025-06-29 05:00:00,22.7758
2025-06-29 06:00:00,25.2769
2025-06-29 07:00:00,26.5657
2025-06-29 08:00:00,30.6214
2025-06-29 09:00:00,36.6016
2025-06-29 10:00:00,44.4416
2025-06-29 11:00:00,42.4542
2025-06-29 12:00:00,34.3357
2025-06-29 13:00:00,26.7867
2025-06-29 14:00:00,23.6376
2025-06-29 15:00:00,23.3165
2025-06-29 16:00:00,28.2533
2025-06-29 17:00:00,35.4788
2025-06-29 18:00:00,47.4332
2025-06-29 19:00:00,56.848
2025-06-29 20:00:00,61.7813
2025-06-29 21:00:00,56.6211
2025-06-29 22:00:00,47.5393
2025-06-29 23:00:00,37.8807
2025-06-30 00:00:00,30.1936
2025-06-30 01:00:00,27.2764
2025-06-30 02:00:00,23.9908
2025-06-30 03:00:00,22.1332
2025-06-30 04:00:00,23.7844
2025-06-30 05:00:00,26.8538
2025-06-30 06:00:00,29.0974
2025-06-30 07:00:00,32.9215
2025-06-30 08:00:00,38.2972
2025-06-30 09:00:00,47.7202
2025-06-30 10:00:00,57.9502
2025-06-30 11:00:00,59.0964
2025-06-30 12:00:00,47.0581
2025-06-30 13:00:00,34.6357
2025-06-30 14:00:00,30.0147
2025-06-30 15:00:00,31.6867
2025-06-30 16:00:00,35.3704
2025-06-30 17:00:00,43.738
2025-06-30 18:00:00,54.8438
2025-06-30 19:00:00,68.2449
2025-06-30 20:00:00,75.3794
2025-06-30 21:00:00,68.5132
2025-06-30 22:00:00,55.5601
2025-06-30 23:00:00,45.5009
2025-07-01 00:00:00,33.4884
2025-07-01 01:00:00,29.5803
2025-07-01 02:00:00,26.6987
2025-07-01 03:00:00,23.831
2025-07-01 04:00:00,26.2298
2025-07-01 05:00:00,29.2023
2025-07-01 06:00:00,33.7209
2025-07-01 07:00:00,38.8009
2025-07-01 08:00:00,45.8926
2025-07-01 09:00:00,54.7401
2025-07-01 10:00:00,63.2514
2025-07-01 11:00:00,61.5803
2025-07-01 12:00:00,51.6513
2025-07-01 13:00:00,38.5117
2025-07-01 14:00:00,32.6772
2025-07-01 15:00:00,33.14
2025-07-01 16:00:00,37.2992
2025-07-01 17:00:00,47.6057
2025-07-01 18:00:00,60.8012
2025-07-01 19:00:00,74.5488
2025-07-01 20:00:00,80.8116
2025-07-01 21:00:00,73.9152
2025-07-01 22:00:00,60.8803
2025-07-01 23:00:00,50.7783
2025-07-02 00:00:00,33.3567
2025-07-02 01:00:00,29.9872
2025-07-02 02:00:00,26.7415
2025-07-02 03:00:00,24.9038
2025-07-02 04:00:00,26.1412
2025-07-02 05:00:00,29.9615
2025-07-02 06:00:00,33.7784
2025-07-02 07:00:00,36.689
2025-07-02 08:00:00,40.9725
2025-07-02 09:00:00,52.8853
2025-07-02 10:00:00,59.5786
2025-07-02 11:00:00,60.1175
2025-07-02 12:00:00,51.4072
2025-07-02 13:00:00,39.1799
2025-07-02 14:00:00,34.3931
2025-07-02 15:00:00,33.6771
2025-07-02 16:00:00,39.1229
2025-07-02 17:00:00,48.4391
2025-07-02 18:00:00,61.4216
2025-07-02 19:00:00,73.7027
2025-07-02 20:00:00,79.6662
2025-07-02 21:00:00,75.0812
2025-07-02 22:00:00,61.4151
2025-07-02 23:00:00,50.0121
2025-07-03 00:00:00,34.054
2025-07-03 01:00:00,29.701
2025-07-03 02:00:00,26.6547
2025-07-03 03:00:00,25.1198
2025-07-03 04:00:00,26.0445
2025-07-03 05:00:00,29.6018
2025-07-03 06:00:00,33.8095
2025-07-03 07:00:00,36.7334
2025-07-03 08:00:00,44.0595
2025-07-03 09:00:00,54.7869
2025-07-03 10:00:00,65.5493
2025-07-03 11:00:00,67.1074
2025-07-03 12:00:00,54.0397
2025-07-03 13:00:00,44.5173
2025-07-03 14:00:00,36.2579
2025-07-03 15:00:00,37.7466
2025-07-03 16:00:00,41.7764
2025-07-03 17:00:00,48.0401
2025-07-03 18:00:00,60.173
2025-07-03 19:00:00,74.9068
2025-07-03 20:00:00,79.474
2025-07-03 21:00:00,75.587
2025-07-03 22:00:00,62.689
2025-07-03 23:00:00,50.2723
2025-07-04 00:00:00,34.0974
2025-07-04 01:00:00,29.8505
2025-07-04 02:00:00,25.8039
2025-07-04 03:00:00,24.5693
2025-07-04 04:00:00,26.2974
2025-07-04 05:00:00,29.6788
2025-07-04 06:00:00,33.204
2025-07-04 07:00:00,39.9793
2025-07-04 08:00:00,45.337
2025-07-04 09:00:00,56.2319
2025-07-04 10:00:00,66.701
2025-07-04 11:00:00,68.8969
2025-07-04 12:00:00,58.2496
2025-07-04 13:00:00,43.5674
2025-07-04 14:00:00,37.4542
2025-07-04 15:00:00,37.8311
2025-07-04 16:00:00,40.461
2025-07-04 17:00:00,49.3712
2025-07-04 18:00:00,61.4219
2025-07-04 19:00:00,74.1872
2025-07-04 20:00:00,79.8072
2025-07-04 21:00:00,74.859
2025-07-04 22:00:00,62.2805
2025-07-04 23:00:00,49.6222
2025-07-05 00:00:00,28.6464
2025-07-05 01:00:00,25.4217
2025-07-05 02:00:00,22.6728
2025-07-05 03:00:00,20.7893
2025-07-05 04:00:00,22.7573
2025-07-05 05:00:00,25.3972
2025-07-05 06:00:00,27.7993
2025-07-05 07:00:00,32.9418
2025-07-05 08:00:00,38.6138
2025-07-05 09:00:00,49.1657
2025-07-05 10:00:00,56.637
2025-07-05 11:00:00,56.8094
2025-07-05 12:00:00,48.8634
2025-07-05 13:00:00,41.6005
2025-07-05 14:00:00,31.6601
2025-07-05 15:00:00,32.9793
2025-07-05 16:00:00,36.6823
2025-07-05 17:00:00,41.5957
2025-07-05 18:00:00,52.4374
2025-07-05 19:00:00,64.3752
2025-07-05 20:00:00,69.479
2025-07-05 21:00:00,64.2407
2025-07-05 22:00:00,53.271
2025-07-05 23:00:00,42.6657
2025-07-06 00:00:00,28.3362
2025-07-06 01:00:00,24.8915
2025-07-06 02:00:00,22.8468
2025-07-06 03:00:00,21.1962
2025-07-06 04:00:00,21.4236
2025-07-06 05:00:00,25.8465
2025-07-06 06:00:00,28.8002
2025-07-06 07:00:00,29.518
2025-07-06 08:00:00,32.6871
2025-07-06 09:00:00,40.9431
2025-07-06 10:00:00,50.0127
2025-07-06 11:00:00,56.5282
2025-07-06 12:00:00,47.6497
2025-07-06 13:00:00,40.1
2025-07-06 14:00:00,35.8602
2025-07-06 15:00:00,33.0398
2025-07-06 16:00:00,35.6695
2025-07-06 17:00:00,41.9525
2025-07-06 18:00:00,51.027
2025-07-06 19:00:00,64.0866
2025-07-06 20:00:00,67.8037
2025-07-06 21:00:00,64.8026
2025-07-06 22:00:00,52.8475
2025-07-06 23:00:00,41.5171
2025-07-07 00:00:00,34.1914
2025-07-07 01:00:00,29.4552
2025-07-07 02:00:00,25.9395
2025-07-07 03:00:00,24.6291
2025-07-07 04:00:00,26.3436
2025-07-07 05:00:00,29.9765
2025-07-07 06:00:00,33.4815
2025-07-07 07:00:00,37.2513
2025-07-07 08:00:00,44.7156
2025-07-07 09:00:00,53.6406
2025-07-07 10:00:00,62.0084
2025-07-07 11:00:00,60.3728
2025-07-07 12:00:00,49.69
2025-07-07 13:00:00,36.4454
2025-07-07 14:00:00,37.9742
2025-07-07 15:00:00,38.0362
2025-07-07 16:00:00,41.8243
2025-07-07 17:00:00,48.7512
2025-07-07 18:00:00,62.7443
2025-07-07 19:00:00,75.3969
2025-07-07 20:00:00,79.4095
2025-07-07 21:00:00,76.5732
2025-07-07 22:00:00,61.2846
2025-07-07 23:00:00,50.0906
2025-07-08 00:00:00,33.1957
2025-07-08 01:00:00,29.2721
2025-07-08 02:00:00,26.218
2025-07-08 03:00:00,24.6943
2025-07-08 04:00:00,25.8476
2025-07-08 05:00:00,29.4065
2025-07-08 06:00:00,33.4538
2025-07-08 07:00:00,40.2313
2025-07-08 08:00:00,49.167
2025-07-08 09:00:00,59.1601
2025-07-08 10:00:00,72.6937
2025-07-08 11:00:00,71.6937
2025-07-08 12:00:00,61.4001
2025-07-08 13:00:00,49.4412
2025-07-08 14:00:00,42.5391
2025-07-08 15:00:00,40.7691
2025-07-08 16:00:00,42.9586
2025-07-08 17:00:00,50.6534
2025-07-08 18:00:00,63.4231
2025-07-08 19:00:00,75.7755
2025-07-08 20:00:00,81.1106
2025-07-08 21:00:00,75.3098
2025-07-08 22:00:00,61.2515
2025-07-08 23:00:00,49.9455
2025-07-09 00:00:00,33.919
2025-07-09 01:00:00,29.3901
2025-07-09 02:00:00,26.2712
2025-07-09 03:00:00,24.4284
2025-07-09 04:00:00,26.0073
2025-07-09 05:00:00,29.6457
2025-07-09 06:00:00,33.4584
2025-07-09 07:00:00,36.9777
2025-07-09 08:00:00,43.6686
2025-07-09 09:00:00,53.8485
2025-07-09 10:00:00,64.4478
2025-07-09 11:00:00,64.4234
2025-07-09 12:00:00,55.4562
2025-07-09 13:00:00,44.686
2025-07-09 14:00:00,35.0708
2025-07-09 15:00:00,34.5978
2025-07-09 16:00:00,39.5648
2025-07-09 17:00:00,47.9452
2025-07-09 18:00:00,61.2903
2025-07-09 19:00:00,75.5153
2025-07-09 20:00:00,78.8653
2025-07-09 21:00:00,75.6
2025-07-09 22:00:00,62.9643
2025-07-09 23:00:00,51.0372
2025-07-10 00:00:00,32.8516
2025-07-10 01:00:00,29.6353
2025-07-10 02:00:00,26.2315
2025-07-10 03:00:00,24.9546
2025-07-10 04:00:00,26.1228
2025-07-10 05:00:00,30.0364
2025-07-10 06:00:00,34.1576
2025-07-10 07:00:00,39.8541
2025-07-10 08:00:00,47.8313
2025-07-10 09:00:00,60.0167
2025-07-10 10:00:00,71.4747
2025-07-10 11:00:00,71.4317
2025-07-10 12:00:00,62.9642
2025-07-10 13:00:00,50.4612
2025-07-10 14:00:00,41.5627
2025-07-10 15:00:00,38.9208
2025-07-10 16:00:00,42.2684
2025-07-10 17:00:00,49.468
2025-07-10 18:00:00,62.1861
2025-07-10 19:00:00,73.9719
2025-07-10 20:00:00,79.9845
2025-07-10 21:00:00,75.7303
2025-07-10 22:00:00,61.3223
2025-07-10 23:00:00,49.8558
2025-07-11 00:00:00,33.4097
2025-07-11 01:00:00,29.5406
2025-07-11 02:00:00,25.6996
2025-07-11 03:00:00,24.9166
2025-07-11 04:00:00,26.0671
2025-07-11 05:00:00,29.879
2025-07-11 06:00:00,32.7892
2025-07-11 07:00:00,36.5359
2025-07-11 08:00:00,41.7698
2025-07-11 09:00:00,51.4085
2025-07-11 10:00:00,61.9181
2025-07-11 11:00:00,62.0143
2025-07-11 12:00:00,50.5491
2025-07-11 13:00:00,38.4897
2025-07-11 14:00:00,34.8005
2025-07-11 15:00:00,34.8352
2025-07-11 16:00:00,38.5871
2025-07-11 17:00:00,46.5682
2025-07-11 18:00:00,61.35
2025-07-11 19:00:00,77.9197
2025-07-11 20:00:00,79.2428
2025-07-11 21:00:00,72.6812
2025-07-11 22:00:00,62.8144
2025-07-11 23:00:00,49.6251
2025-07-12 00:00:00,29.3974
2025-07-12 01:00:00,25.0045
2025-07-12 02:00:00,22.3249
2025-07-12 03:00:00,20.9653
2025-07-12 04:00:00,22.2195
2025-07-12 05:00:00,25.8886
2025-07-12 06:00:00,28.0538
2025-07-12 07:00:00,31.3681
2025-07-12 08:00:00,35.8227
2025-07-12 09:00:00,44.795
2025-07-12 10:00:00,50.5982
2025-07-12 11:00:00,49.5272
2025-07-12 12:00:00,42.1776
2025-07-12 13:00:00,31.0102
2025-07-12 14:00:00,24.9668
2025-07-12 15:00:00,26.9004
2025-07-12 16:00:00,31.8015
2025-07-12 17:00:00,40.7329
2025-07-12 18:00:00,51.7012
2025-07-12 19:00:00,63.1154
2025-07-12 20:00:00,68.7277
2025-07-12 21:00:00,63.3971
2025-07-12 22:00:00,51.4716
2025-07-12 23:00:00,42.5741
2025-07-13 00:00:00,28.3769
2025-07-13 01:00:00,25.1462
2025-07-13 02:00:00,22.0744
2025-07-13 03:00:00,21.1947
2025-07-13 04:00:00,21.5464
2025-07-13 05:00:00,24.8756
2025-07-13 06:00:00,28.9188
2025-07-13 07:00:00,29.7671
2025-07-13 08:00:00,33.1455
2025-07-13 09:00:00,40.7162
2025-07-13 10:00:00,48.9873
2025-07-13 11:00:00,48.2437
2025-07-13 12:00:00,40.0884
2025-07-13 13:00:00,28.6583
2025-07-13 14:00:00,24.8755
2025-07-13 15:00:00,26.2625
2025-07-13 16:00:00,31.8539
2025-07-13 17:00:00,40.0707
2025-07-13 18:00:00,51.7995
2025-07-13 19:00:00,61.8445
2025-07-13 20:00:00,68.1543
2025-07-13 21:00:00,64.5698
2025-07-13 22:00:00,52.5091
2025-07-13 23:00:00,41.8935
2025-07-14 00:00:00,33.1776
2025-07-14 01:00:00,29.4608
2025-07-14 02:00:00,26.1463
2025-07-14 03:00:00,24.7453
2025-07-14 04:00:00,26.0137
2025-07-14 05:00:00,29.7515
2025-07-14 06:00:00,33.1693
2025-07-14 07:00:00,36.2508
2025-07-14 08:00:00,41.9656
2025-07-14 09:00:00,51.9847
2025-07-14 10:00:00,61.5031
2025-07-14 11:00:00,59.6988
2025-07-14 12:00:00,48.6215
2025-07-14 13:00:00,36.8058
2025-07-14 14:00:00,31.1791
2025-07-14 15:00:00,32.8377
2025-07-14 16:00:00,36.8896
2025-07-14 17:00:00,48.4273
2025-07-14 18:00:00,61.4332
2025-07-14 19:00:00,75.0881
2025-07-14 20:00:00,82.0083
2025-07-14 21:00:00,76.7179
2025-07-14 22:00:00,62.0151
2025-07-14 23:00:00,49.1014
2025-07-15 00:00:00,33.7556
2025-07-15 01:00:00,29.8411
2025-07-15 02:00:00,26.23
2025-07-15 03:00:00,25.1469
2025-07-15 04:00:00,25.4415
2025-07-15 05:00:00,28.6277
2025-07-15 06:00:00,34.3771
2025-07-15 07:00:00,35.5794
2025-07-15 08:00:00,41.9134
2025-07-15 09:00:00,54.6161
2025-07-15 10:00:00,61.1722
2025-07-15 11:00:00,58.278
2025-07-15 12:00:00,49.6637
2025-07-15 13:00:00,38.1706
2025-07-15 14:00:00,35.2531
2025-07-15 15:00:00,34.1197
2025-07-15 16:00:00,38.9373
2025-07-15 17:00:00,47.6834
2025-07-15 18:00:00,60.2652
2025-07-15 19:00:00,74.5724
2025-07-15 20:00:00,82.5145
2025-07-15 21:00:00,73.3366
2025-07-15 22:00:00,61.1142
2025-07-15 23:00:00,50.4177
2025-07-16 00:00:00,33.3371
2025-07-16 01:00:00,29.5185
2025-07-16 02:00:00,26.121
2025-07-16 03:00:00,25.0932
2025-07-16 04:00:00,26.5119
2025-07-16 05:00:00,29.4916
2025-07-16 06:00:00,33.1822
2025-07-16 07:00:00,37.3552
2025-07-16 08:00:00,42.9829
2025-07-16 09:00:00,53.9401
2025-07-16 10:00:00,64.7469
2025-07-16 11:00:00,66.2427
2025-07-16 12:00:00,50.4825
2025-07-16 13:00:00,41.4184
2025-07-16 14:00:00,39.6195
2025-07-16 15:00:00,38.1421
2025-07-16 16:00:00,41.5742
2025-07-16 17:00:00,49.1098
2025-07-16 18:00:00,62.5012
2025-07-16 19:00:00,74.86
2025-07-16 20:00:00,81.5395
2025-07-16 21:00:00,73.1205
2025-07-16 22:00:00,62.1772
2025-07-16 23:00:00,49.249
2025-07-17 00:00:00,33.5386
2025-07-17 01:00:00,29.4284
2025-07-17 02:00:00,25.1692
2025-07-17 03:00:00,24.1142
2025-07-17 04:00:00,26.0566
2025-07-17 05:00:00,29.9541
2025-07-17 06:00:00,33.1188
2025-07-17 07:00:00,38.1834
2025-07-17 08:00:00,45.9262
2025-07-17 09:00:00,57.0212
2025-07-17 10:00:00,66.2953
2025-07-17 11:00:00,67.6633
2025-07-17 12:00:00,53.3932
2025-07-17 13:00:00,43.6115
2025-07-17 14:00:00,35.9441
2025-07-17 15:00:00,33.5004
2025-07-17 16:00:00,37.8356
2025-07-17 17:00:00,48.2935
2025-07-17 18:00:00,61.5111
2025-07-17 19:00:00,74.3119
2025-07-17 20:00:00,82.0367
2025-07-17 21:00:00,73.1309
2025-07-17 22:00:00,61.0692
2025-07-17 23:00:00,49.4157
2025-07-18 00:00:00,33.7379
2025-07-18 01:00:00,30.0223
2025-07-18 02:00:00,26.6683
2025-07-18 03:00:00,24.9342
2025-07-18 04:00:00,25.7643
2025-07-18 05:00:00,29.7246
2025-07-18 06:00:00,34.2079
2025-07-18 07:00:00,36.5894
2025-07-18 08:00:00,42.7845
2025-07-18 09:00:00,52.9829
2025-07-18 10:00:00,63.5382
2025-07-18 11:00:00,62.5606
2025-07-18 12:00:00,51.004
2025-07-18 13:00:00,41.3841
2025-07-18 14:00:00,35.8714
2025-07-18 15:00:00,35.8102
2025-07-18 16:00:00,37.4139
2025-07-18 17:00:00,48.462
2025-07-18 18:00:00,59.3593
2025-07-18 19:00:00,77.7948
2025-07-18 20:00:00,80.8624
2025-07-18 21:00:00,75.785
2025-07-18 22:00:00,61.4744
2025-07-18 23:00:00,49.7544
2025-07-19 00:00:00,28.3357
2025-07-19 01:00:00,25.2264
2025-07-19 02:00:00,22.047
2025-07-19 03:00:00,21.3958
2025-07-19 04:00:00,22.0318
2025-07-19 05:00:00,25.4019
2025-07-19 06:00:00,29.4685
2025-07-19 07:00:00,30.7075
2025-07-19 08:00:00,36.7446
2025-07-19 09:00:00,43.6397
2025-07-19 10:00:00,53.4129
2025-07-19 11:00:00,51.9354
2025-07-19 12:00:00,40.6515
2025-07-19 13:00:00,33.0518
2025-07-19 14:00:00,27.6712
2025-07-19 15:00:00,26.6297
2025-07-19 16:00:00,31.9448
2025-07-19 17:00:00,39.865
2025-07-19 18:00:00,50.9814
2025-07-19 19:00:00,61.5808
2025-07-19 20:00:00,69.1448
2025-07-19 21:00:00,63.0927
2025-07-19 22:00:00,53.0855
2025-07-19 23:00:00,42.4516
2025-07-20 00:00:00,28.4097
2025-07-20 01:00:00,25.2027
2025-07-20 02:00:00,21.8347
2025-07-20 03:00:00,20.8271
2025-07-20 04:00:00,22.1201
2025-07-20 05:00:00,24.3165
2025-07-20 06:00:00,27.7096
2025-07-20 07:00:00,30.4694
2025-07-20 08:00:00,34.424
2025-07-20 09:00:00,41.9164
2025-07-20 10:00:00,48.9451
2025-07-20 11:00:00,49.6699
2025-07-20 12:00:00,42.0093
2025-07-20 13:00:00,32.2277
2025-07-20 14:00:00,31.465
2025-07-20 15:00:00,27.7441
2025-07-20 16:00:00,31.6959
2025-07-20 17:00:00,39.5972
2025-07-20 18:00:00,51.6194
2025-07-20 19:00:00,64.7998
2025-07-20 20:00:00,66.9427
2025-07-20 21:00:00,64.6501
2025-07-20 22:00:00,51.8419
2025-07-20 23:00:00,43.0291
2025-07-21 00:00:00,33.2432
2025-07-21 01:00:00,29.539
2025-07-21 02:00:00,26.5415
2025-07-21 03:00:00,24.8461
2025-07-21 04:00:00,26.0838
2025-07-21 05:00:00,30.4452
2025-07-21 06:00:00,34.1646
2025-07-21 07:00:00,38.6247
2025-07-21 08:00:00,43.7634
2025-07-21 09:00:00,55.4875
2025-07-21 10:00:00,60.8423
2025-07-21 11:00:00,61.6665
2025-07-21 12:00:00,51.3742
2025-07-21 13:00:00,40.9613
2025-07-21 14:00:00,37.0509
2025-07-21 15:00:00,34.8493
2025-07-21 16:00:00,41.5032
2025-07-21 17:00:00,48.3624
2025-07-21 18:00:00,60.4641
2025-07-21 19:00:00,76.2094
2025-07-21 20:00:00,79.7115
2025-07-21 21:00:00,76.0256
2025-07-21 22:00:00,61.5978
2025-07-21 23:00:00,51.1057
2025-07-22 00:00:00,33.7037
2025-07-22 01:00:00,29.8937
2025-07-22 02:00:00,26.265
2025-07-22 03:00:00,25.3554
2025-07-22 04:00:00,25.9496
2025-07-22 05:00:00,29.7863
2025-07-22 06:00:00,34.2107
2025-07-22 07:00:00,37.8975
2025-07-22 08:00:00,43.9666
2025-07-22 09:00:00,52.1829
2025-07-22 10:00:00,63.5393
2025-07-22 11:00:00,60.0584
2025-07-22 12:00:00,49.5335
2025-07-22 13:00:00,40.6134
2025-07-22 14:00:00,34.593
2025-07-22 15:00:00,34.3207
2025-07-22 16:00:00,38.6096
2025-07-22 17:00:00,47.924
2025-07-22 18:00:00,62.2383
2025-07-22 19:00:00,75.6265
2025-07-22 20:00:00,80.941
2025-07-22 21:00:00,74.8245
2025-07-22 22:00:00,61.2799
2025-07-22 23:00:00,50.5147
2025-07-23 00:00:00,34.0576
2025-07-23 01:00:00,29.4637
2025-07-23 02:00:00,25.5932
2025-07-23 03:00:00,25.0506
2025-07-23 04:00:00,26.5724
2025-07-23 05:00:00,29.6415
2025-07-23 06:00:00,33.5732
2025-07-23 07:00:00,37.148
2025-07-23 08:00:00,44.2974
2025-07-23 09:00:00,54.0457
2025-07-23 10:00:00,62.4458
2025-07-23 11:00:00,63.6395
2025-07-23 12:00:00,51.8127
2025-07-23 13:00:00,42.5652
2025-07-23 14:00:00,37.29
2025-07-23 15:00:00,36.6552
2025-07-23 16:00:00,41.1733
2025-07-23 17:00:00,49.6331
2025-07-23 18:00:00,62.155
2025-07-23 19:00:00,71.9676
2025-07-23 20:00:00,81.4457
2025-07-23 21:00:00,72.5843
2025-07-23 22:00:00,61.8194
2025-07-23 23:00:00,49.2113
2025-07-24 00:00:00,33.0107
2025-07-24 01:00:00,29.8122
2025-07-24 02:00:00,26.5252
2025-07-24 03:00:00,24.5566
2025-07-24 04:00:00,25.9887
2025-07-24 05:00:00,29.6227
2025-07-24 06:00:00,34.0006
2025-07-24 07:00:00,36.8909
2025-07-24 08:00:00,45.6342
2025-07-24 09:00:00,57.959
2025-07-24 10:00:00,67.3427
2025-07-24 11:00:00,64.1679
2025-07-24 12:00:00,54.0926
2025-07-24 13:00:00,43.1999
2025-07-24 14:00:00,34.7115
2025-07-24 15:00:00,36.4313
2025-07-24 16:00:00,42.4543
2025-07-24 17:00:00,48.2207
2025-07-24 18:00:00,60.6284
2025-07-24 19:00:00,76.379
2025-07-24 20:00:00,81.1546
2025-07-24 21:00:00,74.5072
2025-07-24 22:00:00,62.2884
2025-07-24 23:00:00,50.4329
2025-07-25 00:00:00,33.2063
2025-07-25 01:00:00,30.0517
2025-07-25 02:00:00,26.3341
2025-07-25 03:00:00,24.7215
2025-07-25 04:00:00,25.6612
2025-07-25 05:00:00,29.5883
2025-07-25 06:00:00,33.7472
2025-07-25 07:00:00,36.9252
2025-07-25 08:00:00,44.8721
2025-07-25 09:00:00,55.1342
2025-07-25 10:00:00,62.5465
2025-07-25 11:00:00,61.9725
2025-07-25 12:00:00,53.4039
2025-07-25 13:00:00,38.7381
2025-07-25 14:00:00,36.1464
2025-07-25 15:00:00,35.3657
2025-07-25 16:00:00,38.9044
2025-07-25 17:00:00,47.4133
2025-07-25 18:00:00,60.8023
2025-07-25 19:00:00,73.4903
2025-07-25 20:00:00,79.8031
2025-07-25 21:00:00,73.543
2025-07-25 22:00:00,62.5884
2025-07-25 23:00:00,49.0554
2025-07-26 00:00:00,28.8947
2025-07-26 01:00:00,25.4897
2025-07-26 02:00:00,21.93
2025-07-26 03:00:00,21.1715
2025-07-26 04:00:00,22.4808
2025-07-26 05:00:00,24.6979
2025-07-26 06:00:00,28.3212
2025-07-26 07:00:00,32.0344
2025-07-26 08:00:00,36.71
2025-07-26 09:00:00,45.9375
2025-07-26 10:00:00,51.9893
2025-07-26 11:00:00,51.916
2025-07-26 12:00:00,41.6487
2025-07-26 13:00:00,32.1743
2025-07-26 14:00:00,29.6177
2025-07-26 15:00:00,28.9836
2025-07-26 16:00:00,32.4939
2025-07-26 17:00:00,41.0748
2025-07-26 18:00:00,51.7388
2025-07-26 19:00:00,62.0924
2025-07-26 20:00:00,67.8168
2025-07-26 21:00:00,63.914
2025-07-26 22:00:00,53.3683
2025-07-26 23:00:00,43.2057
2025-07-27 00:00:00,28.993
2025-07-27 01:00:00,25.0692
2025-07-27 02:00:00,22.1759
2025-07-27 03:00:00,20.8004
2025-07-27 04:00:00,21.2199
2025-07-27 05:00:00,25.2189
2025-07-27 06:00:00,28.8697
2025-07-27 07:00:00,31.9372
2025-07-27 08:00:00,36.8341
2025-07-27 09:00:00,46.2664
2025-07-27 10:00:00,56.3479
2025-07-27 11:00:00,54.8931
2025-07-27 12:00:00,43.5285
2025-07-27 13:00:00,35.6961
2025-07-27 14:00:00,30.7798
2025-07-27 15:00:00,29.9631
2025-07-27 16:00:00,32.6256
2025-07-27 17:00:00,40.9964
2025-07-27 18:00:00,50.7816
2025-07-27 19:00:00,63.4696
2025-07-27 20:00:00,67.814
2025-07-27 21:00:00,63.3588
2025-07-27 22:00:00,53.8699
2025-07-27 23:00:00,42.8261
2025-07-28 00:00:00,32.7724
2025-07-28 01:00:00,29.2738
2025-07-28 02:00:00,26.4517
2025-07-28 03:00:00,24.8915
2025-07-28 04:00:00,25.9892
2025-07-28 05:00:00,30.4371
2025-07-28 06:00:00,33.9786
2025-07-28 07:00:00,39.2588
2025-07-28 08:00:00,47.3331
2025-07-28 09:00:00,57.7105
2025-07-28 10:00:00,67.1852
2025-07-28 11:00:00,67.0919
2025-07-28 12:00:00,53.1898
2025-07-28 13:00:00,40.9546
2025-07-28 14:00:00,32.6384
2025-07-28 15:00:00,34.794
2025-07-28 16:00:00,38.9618
2025-07-28 17:00:00,48.0094
2025-07-28 18:00:00,62.8166
2025-07-28 19:00:00,75.9572
2025-07-28 20:00:00,78.4455
2025-07-28 21:00:00,73.9155
2025-07-28 22:00:00,62.6256
2025-07-28 23:00:00,49.4232
2025-07-29 00:00:00,33.6493
2025-07-29 01:00:00,29.5724
2025-07-29 02:00:00,25.738
2025-07-29 03:00:00,24.5998
2025-07-29 04:00:00,25.8435
2025-07-29 05:00:00,30.0616
2025-07-29 06:00:00,33.6858
2025-07-29 07:00:00,35.4374
2025-07-29 08:00:00,43.0464
2025-07-29 09:00:00,52.8706
2025-07-29 10:00:00,61.8836
2025-07-29 11:00:00,60.9158
2025-07-29 12:00:00,50.1614
2025-07-29 13:00:00,38.4349
2025-07-29 14:00:00,31.9497
2025-07-29 15:00:00,31.8249
2025-07-29 16:00:00,38.261
2025-07-29 17:00:00,46.7917
2025-07-29 18:00:00,59.9883
2025-07-29 19:00:00,75.5057
2025-07-29 20:00:00,80.3918
2025-07-29 21:00:00,75.0738
2025-07-29 22:00:00,61.783
2025-07-29 23:00:00,49.5127
2025-07-30 00:00:00,33.6274
2025-07-30 01:00:00,28.948
2025-07-30 02:00:00,26.0418
2025-07-30 03:00:00,25.1899
2025-07-30 04:00:00,26.1352
2025-07-30 05:00:00,29.5386
2025-07-30 06:00:00,33.3453
2025-07-30 07:00:00,39.7921
2025-07-30 08:00:00,49.0861
2025-07-30 09:00:00,62.734
2025-07-30 10:00:00,69.3059
2025-07-30 11:00:00,66.0955
2025-07-30 12:00:00,56.6976
2025-07-30 13:00:00,41.85
2025-07-30 14:00:00,35.1107
2025-07-30 15:00:00,34.2204
2025-07-30 16:00:00,39.1575
2025-07-30 17:00:00,47.6351
2025-07-30 18:00:00,60.3154
2025-07-30 19:00:00,75.1414
2025-07-30 20:00:00,81.0018
2025-07-30 21:00:00,75.0918
2025-07-30 22:00:00,61.1246
2025-07-30 23:00:00,49.0875
2025-07-31 00:00:00,33.8266
2025-07-31 01:00:00,30.0636
2025-07-31 02:00:00,25.7678
2025-07-31 03:00:00,24.2744
2025-07-31 04:00:00,25.7138
2025-07-31 05:00:00,30.4136
2025-07-31 06:00:00,34.1734
2025-07-31 07:00:00,37.4735
2025-07-31 08:00:00,46.786
2025-07-31 09:00:00,58.3263
2025-07-31 10:00:00,69.6808
2025-07-31 11:00:00,67.3249
2025-07-31 12:00:00,53.4312
2025-07-31 13:00:00,45.8108
2025-07-31 14:00:00,40.4148
2025-07-31 15:00:00,38.4489
2025-07-31 16:00:00,39.8446
2025-07-31 17:00:00,48.4207
2025-07-31 18:00:00,62.219
2025-07-31 19:00:00,73.643
2025-07-31 20:00:00,81.515
2025-07-31 21:00:00,74.7575
2025-07-31 22:00:00,61.4698
2025-07-31 23:00:00,48.5633
2025-08-01 00:00:00,33.8877
2025-08-01 01:00:00,30.0595
2025-08-01 02:00:00,26.6198
2025-08-01 03:00:00,25.4642
2025-08-01 04:00:00,26.8121
2025-08-01 05:00:00,29.2667
2025-08-01 06:00:00,34.2839
2025-08-01 07:00:00,36.9234
2025-08-01 08:00:00,44.0277
2025-08-01 09:00:00,54.7257
2025-08-01 10:00:00,63.4916
2025-08-01 11:00:00,61.6488
2025-08-01 12:00:00,49.887
2025-08-01 13:00:00,40.0882
2025-08-01 14:00:00,34.2755
2025-08-01 15:00:00,34.9123
2025-08-01 16:00:00,39.0089
2025-08-01 17:00:00,48.5145
2025-08-01 18:00:00,62.2034
2025-08-01 19:00:00,74.6754
2025-08-01 20:00:00,81.821
2025-08-01 21:00:00,75.8566
2025-08-01 22:00:00,62.78
2025-08-01 23:00:00,52.3889
2025-08-02 00:00:00,29.2753
2025-08-02 01:00:00,25.8099
2025-08-02 02:00:00,22.0813
2025-08-02 03:00:00,21.8894
2025-08-02 04:00:00,23.0001
2025-08-02 05:00:00,26.1867
2025-08-02 06:00:00,29.1857
2025-08-02 07:00:00,34.0993
2025-08-02 08:00:00,39.8048
2025-08-02 09:00:00,51.316
2025-08-02 10:00:00,61.5292
2025-08-02 11:00:00,62.5166
2025-08-02 12:00:00,52.3841
2025-08-02 13:00:00,41.9672
2025-08-02 14:00:00,34.2404
2025-08-02 15:00:00,33.3981
2025-08-02 16:00:00,35.9215
2025-08-02 17:00:00,41.5912
2025-08-02 18:00:00,53.3638
2025-08-02 19:00:00,62.7764
2025-08-02 20:00:00,69.4829
2025-08-02 21:00:00,65.0971
2025-08-02 22:00:00,53.8263
2025-08-02 23:00:00,43.1004
2025-08-03 00:00:00,29.7138
2025-08-03 01:00:00,25.4499
2025-08-03 02:00:00,22.3672
2025-08-03 03:00:00,21.6952
2025-08-03 04:00:00,22.9751
2025-08-03 05:00:00,25.2914
2025-08-03 06:00:00,29.6679
2025-08-03 07:00:00,34.7193
2025-08-03 08:00:00,40.9624
2025-08-03 09:00:00,51.1262
2025-08-03 10:00:00,62.2891
2025-08-03 11:00:00,60.165
2025-08-03 12:00:00,49.1876
2025-08-03 13:00:00,38.6374
2025-08-03 14:00:00,29.4703
2025-08-03 15:00:00,29.3889
2025-08-03 16:00:00,33.472
2025-08-03 17:00:00,41.58
2025-08-03 18:00:00,52.8185
2025-08-03 19:00:00,63.4126
2025-08-03 20:00:00,70.9013
2025-08-03 21:00:00,67.441
2025-08-03 22:00:00,53.4902
2025-08-03 23:00:00,43.2105
2025-08-04 00:00:00,33.5324
2025-08-04 01:00:00,30.0487
2025-08-04 02:00:00,26.4316
2025-08-04 03:00:00,24.9419
2025-08-04 04:00:00,26.8376
2025-08-04 05:00:00,29.9517
2025-08-04 06:00:00,34.5877
2025-08-04 07:00:00,37.3218
2025-08-04 08:00:00,43.6844
2025-08-04 09:00:00,55.7225
2025-08-04 10:00:00,67.5851
2025-08-04 11:00:00,65.4282
2025-08-04 12:00:00,55.2311
2025-08-04 13:00:00,45.7356
2025-08-04 14:00:00,38.5177
2025-08-04 15:00:00,35.6831
2025-08-04 16:00:00,40.5779
2025-08-04 17:00:00,49.8081
2025-08-04 18:00:00,61.5781
2025-08-04 19:00:00,75.2365
2025-08-04 20:00:00,80.7569
2025-08-04 21:00:00,75.0021
2025-08-04 22:00:00,63.0472
2025-08-04 23:00:00,49.8506
2025-08-05 00:00:00,34.3208
2025-08-05 01:00:00,30.6489
2025-08-05 02:00:00,26.469
2025-08-05 03:00:00,24.7399
2025-08-05 04:00:00,26.9754
2025-08-05 05:00:00,30.4504
2025-08-05 06:00:00,34.4876
2025-08-05 07:00:00,39.7909
2025-08-05 08:00:00,48.9577
2025-08-05 09:00:00,60.5812
2025-08-05 10:00:00,74.1466
2025-08-05 11:00:00,69.9725
2025-08-05 12:00:00,59.9905
2025-08-05 13:00:00,47.95
2025-08-05 14:00:00,39.3921
2025-08-05 15:00:00,37.9497
2025-08-05 16:00:00,41.1179
2025-08-05 17:00:00,48.842
2025-08-05 18:00:00,60.7036
2025-08-05 19:00:00,76.7145
2025-08-05 20:00:00,80.1495
2025-08-05 21:00:00,75.5501
2025-08-05 22:00:00,62.7434
2025-08-05 23:00:00,51.2954
2025-08-06 00:00:00,33.8198
2025-08-06 01:00:00,30.248
2025-08-06 02:00:00,25.9826
2025-08-06 03:00:00,24.9617
2025-08-06 04:00:00,26.6614
2025-08-06 05:00:00,29.4509
2025-08-06 06:00:00,33.8918
2025-08-06 07:00:00,38.7662
2025-08-06 08:00:00,45.6627
2025-08-06 09:00:00,54.9757
2025-08-06 10:00:00,63.9774
2025-08-06 11:00:00,64.2293
2025-08-06 12:00:00,51.6178
2025-08-06 13:00:00,40.0732
2025-08-06 14:00:00,34.9084
2025-08-06 15:00:00,38.6033
2025-08-06 16:00:00,40.9158
2025-08-06 17:00:00,49.1248
2025-08-06 18:00:00,64.0837
2025-08-06 19:00:00,74.7148
2025-08-06 20:00:00,81.5655
2025-08-06 21:00:00,75.577
2025-08-06 22:00:00,62.6351
2025-08-06 23:00:00,51.3235
2025-08-07 00:00:00,34.3669
2025-08-07 01:00:00,30.0836
2025-08-07 02:00:00,26.841
2025-08-07 03:00:00,25.613
2025-08-07 04:00:00,26.3055
2025-08-07 05:00:00,30.3232
2025-08-07 06:00:00,34.8095
2025-08-07 07:00:00,40.6975
2025-08-07 08:00:00,48.9709
2025-08-07 09:00:00,63.0608
2025-08-07 10:00:00,71.4869
2025-08-07 11:00:00,74.1655
2025-08-07 12:00:00,60.4638
2025-08-07 13:00:00,47.7192
2025-08-07 14:00:00,38.921
2025-08-07 15:00:00,38.8564
2025-08-07 16:00:00,41.776
2025-08-07 17:00:00,49.5127
2025-08-07 18:00:00,62.0394
2025-08-07 19:00:00,76.136
2025-08-07 20:00:00,81.6583
2025-08-07 21:00:00,74.9292
2025-08-07 22:00:00,63.1642
2025-08-07 23:00:00,51.1146
2025-08-08 00:00:00,34.5236
2025-08-08 01:00:00,29.8554
2025-08-08 02:00:00,26.285
2025-08-08 03:00:00,24.8468
2025-08-08 04:00:00,26.5219
2025-08-08 05:00:00,30.2321
2025-08-08 06:00:00,35.4621
2025-08-08 07:00:00,39.8538
2025-08-08 08:00:00,49.9909
2025-08-08 09:00:00,61.7027
2025-08-08 10:00:00,72.2066
2025-08-08 11:00:00,67.2093
2025-08-08 12:00:00,55.1296
2025-08-08 13:00:00,39.5919
2025-08-08 14:00:00,32.803
2025-08-08 15:00:00,33.8794
2025-08-08 16:00:00,39.016
2025-08-08 17:00:00,48.0935
2025-08-08 18:00:00,63.4083
2025-08-08 19:00:00,76.3296
2025-08-08 20:00:00,80.8989
2025-08-08 21:00:00,77.7882
2025-08-08 22:00:00,61.3253
2025-08-08 23:00:00,49.7314
2025-08-09 00:00:00,29.6881
2025-08-09 01:00:00,25.4738
2025-08-09 02:00:00,22.7916
2025-08-09 03:00:00,20.545
2025-08-09 04:00:00,22.9798
2025-08-09 05:00:00,25.9825
2025-08-09 06:00:00,28.6574
2025-08-09 07:00:00,30.8655
2025-08-09 08:00:00,35.9813
2025-08-09 09:00:00,44.2878
2025-08-09 10:00:00,49.3392
2025-08-09 11:00:00,49.8494
2025-08-09 12:00:00,40.6214
2025-08-09 13:00:00,29.9046
2025-08-09 14:00:00,28.1667
2025-08-09 15:00:00,29.4073
2025-08-09 16:00:00,33.178
2025-08-09 17:00:00,41.0959
2025-08-09 18:00:00,53.6776
2025-08-09 19:00:00,64.8094
2025-08-09 20:00:00,68.8339
2025-08-09 21:00:00,63.9511
2025-08-09 22:00:00,53.3763
2025-08-09 23:00:00,42.0742
2025-08-10 00:00:00,29.3778
2025-08-10 01:00:00,25.3931
2025-08-10 02:00:00,22.4001
2025-08-10 03:00:00,21.1062
2025-08-10 04:00:00,22.3697
2025-08-10 05:00:00,25.6874
2025-08-10 06:00:00,29.5907
2025-08-10 07:00:00,32.6332
2025-08-10 08:00:00,39.5899
2025-08-10 09:00:00,49.5652
2025-08-10 10:00:00,57.5589
2025-08-10 11:00:00,53.6068
2025-08-10 12:00:00,44.8999
2025-08-10 13:00:00,33.0909
2025-08-10 14:00:00,31.5535
2025-08-10 15:00:00,29.1579
2025-08-10 16:00:00,36.7682
2025-08-10 17:00:00,43.3733
2025-08-10 18:00:00,52.516
2025-08-10 19:00:00,65.1776
2025-08-10 20:00:00,67.4992
2025-08-10 21:00:00,65.2674
2025-08-10 22:00:00,54.0288
2025-08-10 23:00:00,43.0563
2025-08-11 00:00:00,33.4216
2025-08-11 01:00:00,30.3923
2025-08-11 02:00:00,26.2516
2025-08-11 03:00:00,24.7125
2025-08-11 04:00:00,27.6444
2025-08-11 05:00:00,30.3702
2025-08-11 06:00:00,34.6988
2025-08-11 07:00:00,37.4166
2025-08-11 08:00:00,42.3623
2025-08-11 09:00:00,53.5457
2025-08-11 10:00:00,61.4741
2025-08-11 11:00:00,58.4046
2025-08-11 12:00:00,50.1508
2025-08-11 13:00:00,38.4386
2025-08-11 14:00:00,32.828
2025-08-11 15:00:00,33.8917
2025-08-11 16:00:00,40.5019
2025-08-11 17:00:00,50.8848
2025-08-11 18:00:00,61.4118
2025-08-11 19:00:00,75.0467
2025-08-11 20:00:00,80.0396
2025-08-11 21:00:00,77.3108
2025-08-11 22:00:00,61.4519
2025-08-11 23:00:00,50.7489
2025-08-12 00:00:00,35.0837
2025-08-12 01:00:00,30.9751
2025-08-12 02:00:00,26.185
2025-08-12 03:00:00,25.7706
2025-08-12 04:00:00,26.6368
2025-08-12 05:00:00,30.8983
2025-08-12 06:00:00,34.8639
2025-08-12 07:00:00,37.6572
2025-08-12 08:00:00,43.2285
2025-08-12 09:00:00,52.562
2025-08-12 10:00:00,62.4818
2025-08-12 11:00:00,62.0658
2025-08-12 12:00:00,48.1365
2025-08-12 13:00:00,38.8175
2025-08-12 14:00:00,32.6326
2025-08-12 15:00:00,33.5075
2025-08-12 16:00:00,38.1076
2025-08-12 17:00:00,49.5223
2025-08-12 18:00:00,62.7444
2025-08-12 19:00:00,76.1392
2025-08-12 20:00:00,82.5958
2025-08-12 21:00:00,76.2925
2025-08-12 22:00:00,63.1477
2025-08-12 23:00:00,49.9921
2025-08-13 00:00:00,34.9579
2025-08-13 01:00:00,30.1013
2025-08-13 02:00:00,26.6572
2025-08-13 03:00:00,24.646
2025-08-13 04:00:00,26.5919
2025-08-13 05:00:00,30.1286
2025-08-13 06:00:00,34.615
2025-08-13 07:00:00,36.9466
2025-08-13 08:00:00,42.9595
2025-08-13 09:00:00,53.815
2025-08-13 10:00:00,63.3988
2025-08-13 11:00:00,64.4927
2025-08-13 12:00:00,55.4615
2025-08-13 13:00:00,44.4101
2025-08-13 14:00:00,39.482
2025-08-13 15:00:00,38.5901
2025-08-13 16:00:00,43.5504
2025-08-13 17:00:00,50.2907
2025-08-13 18:00:00,63.7867
2025-08-13 19:00:00,74.4177
2025-08-13 20:00:00,81.9982
2025-08-13 21:00:00,73.5568
2025-08-13 22:00:00,64.1661
2025-08-13 23:00:00,50.3768
2025-08-14 00:00:00,33.5735
2025-08-14 01:00:00,30.0741
2025-08-14 02:00:00,26.1824
2025-08-14 03:00:00,25.032
2025-08-14 04:00:00,26.3941
2025-08-14 05:00:00,29.7806
2025-08-14 06:00:00,34.46
2025-08-14 07:00:00,37.1725
2025-08-14 08:00:00,45.0689
2025-08-14 09:00:00,57.3822
2025-08-14 10:00:00,66.4367
2025-08-14 11:00:00,66.1045
2025-08-14 12:00:00,57.8684
2025-08-14 13:00:00,43.131
2025-08-14 14:00:00,38.7285
2025-08-14 15:00:00,36.3456
2025-08-14 16:00:00,40.1789
2025-08-14 17:00:00,49.0665
2025-08-14 18:00:00,61.7062
2025-08-14 19:00:00,77.9386
2025-08-14 20:00:00,83.6827
2025-08-14 21:00:00,75.2513
2025-08-14 22:00:00,61.2303
2025-08-14 23:00:00,51.2159
2025-08-15 00:00:00,34.9531
2025-08-15 01:00:00,30.2591
2025-08-15 02:00:00,26.8554
2025-08-15 03:00:00,24.9435
2025-08-15 04:00:00,26.6077
2025-08-15 05:00:00,30.3722
2025-08-15 06:00:00,33.094
2025-08-15 07:00:00,37.0895
2025-08-15 08:00:00,42.8483
2025-08-15 09:00:00,51.7662
2025-08-15 10:00:00,61.0221
2025-08-15 11:00:00,61.8924
2025-08-15 12:00:00,51.8109
2025-08-15 13:00:00,40.4598
2025-08-15 14:00:00,35.4603
2025-08-15 15:00:00,34.1962
2025-08-15 16:00:00,40.2265
2025-08-15 17:00:00,49.2488
2025-08-15 18:00:00,62.5078
2025-08-15 19:00:00,75.1601
2025-08-15 20:00:00,81.3613
2025-08-15 21:00:00,76.5048
2025-08-15 22:00:00,62.0208
2025-08-15 23:00:00,52.2429
2025-08-16 00:00:00,29.2189
2025-08-16 01:00:00,25.1166
2025-08-16 02:00:00,22.5617
2025-08-16 03:00:00,21.3151
2025-08-16 04:00:00,22.1927
2025-08-16 05:00:00,25.535
2025-08-16 06:00:00,27.8706
2025-08-16 07:00:00,31.0751
2025-08-16 08:00:00,34.8118
2025-08-16 09:00:00,42.8272
2025-08-16 10:00:00,50.5084
2025-08-16 11:00:00,49.3695
2025-08-16 12:00:00,40.4551
2025-08-16 13:00:00,31.1136
2025-08-16 14:00:00,25.1095
2025-08-16 15:00:00,27.2663
2025-08-16 16:00:00,32.6884
2025-08-16 17:00:00,41.6632
2025-08-16 18:00:00,53.7709
2025-08-16 19:00:00,66.1988
2025-08-16 20:00:00,69.9951
2025-08-16 21:00:00,65.7145
2025-08-16 22:00:00,54.6515
2025-08-16 23:00:00,43.9303
2025-08-17 00:00:00,29.0134
2025-08-17 01:00:00,25.1706
2025-08-17 02:00:00,23.2017
2025-08-17 03:00:00,20.8499
2025-08-17 04:00:00,22.2313
2025-08-17 05:00:00,26.2574
2025-08-17 06:00:00,29.3976
2025-08-17 07:00:00,32.0941
2025-08-17 08:00:00,37.8449
2025-08-17 09:00:00,46.0653
2025-08-17 10:00:00,54.071
2025-08-17 11:00:00,52.8134
2025-08-17 12:00:00,42.8204
2025-08-17 13:00:00,34.8605
2025-08-17 14:00:00,30.4115
2025-08-17 15:00:00,30.5045
2025-08-17 16:00:00,34.4068
2025-08-17 17:00:00,42.3086
2025-08-17 18:00:00,53.0542
2025-08-17 19:00:00,65.1753
2025-08-17 20:00:00,70.3207
2025-08-17 21:00:00,64.1935
2025-08-17 22:00:00,52.6521
2025-08-17 23:00:00,43.4319
2025-08-18 00:00:00,34.1572
2025-08-18 01:00:00,29.3497
2025-08-18 02:00:00,26.1711
2025-08-18 03:00:00,25.3887
2025-08-18 04:00:00,26.8088
2025-08-18 05:00:00,30.3944
2025-08-18 06:00:00,35.9157
2025-08-18 07:00:00,42.4107
2025-08-18 08:00:00,49.0176
2025-08-18 09:00:00,61.3383
2025-08-18 10:00:00,71.5562
2025-08-18 11:00:00,69.3999
2025-08-18 12:00:00,58.343
2025-08-18 13:00:00,45.1351
2025-08-18 14:00:00,38.3044
2025-08-18 15:00:00,39.0867
2025-08-18 16:00:00,43.778
2025-08-18 17:00:00,49.5504
2025-08-18 18:00:00,61.7291
2025-08-18 19:00:00,76.8133
2025-08-18 20:00:00,84.2288
2025-08-18 21:00:00,76.3041
2025-08-18 22:00:00,62.3438
2025-08-18 23:00:00,49.6209
2025-08-19 00:00:00,34.6157
2025-08-19 01:00:00,30.1388
2025-08-19 02:00:00,26.9392
2025-08-19 03:00:00,25.0923
2025-08-19 04:00:00,25.907
2025-08-19 05:00:00,29.7077
2025-08-19 06:00:00,34.6086
2025-08-19 07:00:00,39.8605
2025-08-19 08:00:00,48.6513
2025-08-19 09:00:00,62.061
2025-08-19 10:00:00,72.5253
2025-08-19 11:00:00,71.4044
2025-08-19 12:00:00,60.4396
2025-08-19 13:00:00,45.4473
2025-08-19 14:00:00,40.2238
2025-08-19 15:00:00,38.2689
2025-08-19 16:00:00,41.3338
2025-08-19 17:00:00,47.5934
2025-08-19 18:00:00,62.238
2025-08-19 19:00:00,78.4003
2025-08-19 20:00:00,82.6981
2025-08-19 21:00:00,75.2147
2025-08-19 22:00:00,62.1115
2025-08-19 23:00:00,50.8318
2025-08-20 00:00:00,33.9163
2025-08-20 01:00:00,30.9533
2025-08-20 02:00:00,26.3107
2025-08-20 03:00:00,25.179
2025-08-20 04:00:00,26.6544
2025-08-20 05:00:00,31.1654
2025-08-20 06:00:00,33.9188
2025-08-20 07:00:00,37.8747
2025-08-20 08:00:00,42.1352
2025-08-20 09:00:00,52.875
2025-08-20 10:00:00,62.3429
2025-08-20 11:00:00,63.0171
2025-08-20 12:00:00,55.5257
2025-08-20 13:00:00,45.793
2025-08-20 14:00:00,37.5877
2025-08-20 15:00:00,36.9685
2025-08-20 16:00:00,41.2843
2025-08-20 17:00:00,49.892
2025-08-20 18:00:00,64.4358
2025-08-20 19:00:00,76.7175
2025-08-20 20:00:00,82.7522
2025-08-20 21:00:00,75.7993
2025-08-20 22:00:00,62.8366
2025-08-20 23:00:00,51.0376
2025-08-21 00:00:00,33.3506
2025-08-21 01:00:00,29.3823
2025-08-21 02:00:00,26.8881
2025-08-21 03:00:00,25.2292
2025-08-21 04:00:00,27.1114
2025-08-21 05:00:00,30.3541
2025-08-21 06:00:00,35.5065
2025-08-21 07:00:00,40.271
2025-08-21 08:00:00,47.1267
2025-08-21 09:00:00,60.729
2025-08-21 10:00:00,71.791
2025-08-21 11:00:00,67.5944
2025-08-21 12:00:00,54.9662
2025-08-21 13:00:00,42.4196
2025-08-21 14:00:00,42.0215
2025-08-21 15:00:00,40.2137
2025-08-21 16:00:00,42.614
2025-08-21 17:00:00,50.5239
2025-08-21 18:00:00,63.1576
2025-08-21 19:00:00,75.3835
2025-08-21 20:00:00,80.2687
2025-08-21 21:00:00,77.7057
2025-08-21 22:00:00,63.8819
2025-08-21 23:00:00,51.221
2025-08-22 00:00:00,34.2802
2025-08-22 01:00:00,30.3683
2025-08-22 02:00:00,26.7755
2025-08-22 03:00:00,25.6678
2025-08-22 04:00:00,25.988
2025-08-22 05:00:00,30.1789
2025-08-22 06:00:00,35.1384
2025-08-22 07:00:00,39.8238
2025-08-22 08:00:00,48.9199
2025-08-22 09:00:00,61.7158
2025-08-22 10:00:00,72.7022
2025-08-22 11:00:00,73.0431
2025-08-22 12:00:00,60.2228
2025-08-22 13:00:00,47.6234
2025-08-22 14:00:00,42.9039
2025-08-22 15:00:00,40.9451
2025-08-22 16:00:00,43.8479
2025-08-22 17:00:00,50.4647
2025-08-22 18:00:00,61.5761
2025-08-22 19:00:00,74.5421
2025-08-22 20:00:00,79.531
2025-08-22 21:00:00,76.053
2025-08-22 22:00:00,63.1559
2025-08-22 23:00:00,50.6001
2025-08-23 00:00:00,29.3547
2025-08-23 01:00:00,25.7366
2025-08-23 02:00:00,22.6504
2025-08-23 03:00:00,21.85
2025-08-23 04:00:00,23.0139
2025-08-23 05:00:00,26.1655
2025-08-23 06:00:00,29.1729
2025-08-23 07:00:00,34.2416
2025-08-23 08:00:00,42.9848
2025-08-23 09:00:00,51.9878
2025-08-23 10:00:00,59.6773
2025-08-23 11:00:00,61.1762
2025-08-23 12:00:00,52.1938
2025-08-23 13:00:00,42.6459
2025-08-23 14:00:00,36.7425
2025-08-23 15:00:00,34.7664
2025-08-23 16:00:00,36.8822
2025-08-23 17:00:00,41.8102
2025-08-23 18:00:00,53.2039
2025-08-23 19:00:00,66.3041
2025-08-23 20:00:00,71.4041
2025-08-23 21:00:00,64.8894
2025-08-23 22:00:00,53.3452
2025-08-23 23:00:00,41.9827
2025-08-24 00:00:00,28.7926
2025-08-24 01:00:00,25.9243
2025-08-24 02:00:00,22.1921
2025-08-24 03:00:00,21.4186
2025-08-24 04:00:00,23.3792
2025-08-24 05:00:00,25.2841
2025-08-24 06:00:00,29.7275
2025-08-24 07:00:00,33.4394
2025-08-24 08:00:00,39.2279
2025-08-24 09:00:00,46.257
2025-08-24 10:00:00,55.0951
2025-08-24 11:00:00,53.7211
2025-08-24 12:00:00,46.6895
2025-08-24 13:00:00,36.1904
2025-08-24 14:00:00,27.5619
2025-08-24 15:00:00,29.5142
2025-08-24 16:00:00,34.0278
2025-08-24 17:00:00,41.6238
2025-08-24 18:00:00,52.8988
2025-08-24 19:00:00,64.616
2025-08-24 20:00:00,68.5217
2025-08-24 21:00:00,63.9612
2025-08-24 22:00:00,53.9813
2025-08-24 23:00:00,43.266
2025-08-25 00:00:00,33.0816
2025-08-25 01:00:00,30.0207
2025-08-25 02:00:00,25.8637
2025-08-25 03:00:00,25.734
2025-08-25 04:00:00,27.0525
2025-08-25 05:00:00,30.1007
2025-08-25 06:00:00,34.8619
2025-08-25 07:00:00,37.8668
2025-08-25 08:00:00,42.1097
2025-08-25 09:00:00,51.3442
2025-08-25 10:00:00,59.2855
2025-08-25 11:00:00,58.7897
2025-08-25 12:00:00,46.883
2025-08-25 13:00:00,35.3307
2025-08-25 14:00:00,30.6603
2025-08-25 15:00:00,32.5437
2025-08-25 16:00:00,37.4959
2025-08-25 17:00:00,49.2904
2025-08-25 18:00:00,62.8953
2025-08-25 19:00:00,76.855
2025-08-25 20:00:00,81.8479
2025-08-25 21:00:00,73.6949
2025-08-25 22:00:00,62.465
2025-08-25 23:00:00,50.4134
2025-08-26 00:00:00,34.1231
2025-08-26 01:00:00,30.4958
2025-08-26 02:00:00,26.7346
2025-08-26 03:00:00,24.936
2025-08-26 04:00:00,26.4254
2025-08-26 05:00:00,30.3924
2025-08-26 06:00:00,33.5867
2025-08-26 07:00:00,37.2035
2025-08-26 08:00:00,41.6915
2025-08-26 09:00:00,51.5286
2025-08-26 10:00:00,60.8762
2025-08-26 11:00:00,60.8454
2025-08-26 12:00:00,51.7559
2025-08-26 13:00:00,41.2954
2025-08-26 14:00:00,35.1582
2025-08-26 15:00:00,35.0924
2025-08-26 16:00:00,39.7576
2025-08-26 17:00:00,48.2177
2025-08-26 18:00:00,64.2354
2025-08-26 19:00:00,75.4957
2025-08-26 20:00:00,81.7728
2025-08-26 21:00:00,79.0851
2025-08-26 22:00:00,63.1524
2025-08-26 23:00:00,50.5581
2025-08-27 00:00:00,33.7514
2025-08-27 01:00:00,30.1348
2025-08-27 02:00:00,26.5759
2025-08-27 03:00:00,25.2062
2025-08-27 04:00:00,27.1989
2025-08-27 05:00:00,30.7111
2025-08-27 06:00:00,34.5356
2025-08-27 07:00:00,37.192
2025-08-27 08:00:00,41.4645
2025-08-27 09:00:00,52.1548
2025-08-27 10:00:00,59.2806
2025-08-27 11:00:00,60.0891
2025-08-27 12:00:00,49.2713
2025-08-27 13:00:00,37.9133
2025-08-27 14:00:00,32.4364
2025-08-27 15:00:00,34.4105
2025-08-27 16:00:00,40.6614
2025-08-27 17:00:00,50.1394
2025-08-27 18:00:00,62.7505
2025-08-27 19:00:00,73.4864
2025-08-27 20:00:00,82.7921
2025-08-27 21:00:00,74.9166
2025-08-27 22:00:00,62.1805
2025-08-27 23:00:00,51.7235
2025-08-28 00:00:00,34.0912
2025-08-28 01:00:00,30.6748
2025-08-28 02:00:00,27.0685
2025-08-28 03:00:00,24.7807
2025-08-28 04:00:00,26.3231
2025-08-28 05:00:00,31.1998
2025-08-28 06:00:00,35.1948
2025-08-28 07:00:00,39.4191
2025-08-28 08:00:00,44.8538
2025-08-28 09:00:00,56.1022
2025-08-28 10:00:00,63.9188
2025-08-28 11:00:00,64.537
2025-08-28 12:00:00,51.6146
2025-08-28 13:00:00,41.1445
2025-08-28 14:00:00,41.0916
2025-08-28 15:00:00,39.6197
2025-08-28 16:00:00,42.2775
2025-08-28 17:00:00,49.885
2025-08-28 18:00:00,62.1582
2025-08-28 19:00:00,73.9624
2025-08-28 20:00:00,80.5066
2025-08-28 21:00:00,76.6066
2025-08-28 22:00:00,63.4515
2025-08-28 23:00:00,50.792
2025-08-29 00:00:00,34.9768
2025-08-29 01:00:00,30.2353
2025-08-29 02:00:00,26.6273
2025-08-29 03:00:00,25.5397
2025-08-29 04:00:00,26.7327
2025-08-29 05:00:00,30.5139
2025-08-29 06:00:00,35.033
2025-08-29 07:00:00,40.0857
2025-08-29 08:00:00,50.1058
2025-08-29 09:00:00,62.5434
2025-08-29 10:00:00,72.8837
2025-08-29 11:00:00,74.068
2025-08-29 12:00:00,62.558
2025-08-29 13:00:00,49.5989
2025-08-29 14:00:00,43.3011
2025-08-29 15:00:00,41.2813
2025-08-29 16:00:00,43.3217
2025-08-29 17:00:00,49.943
2025-08-29 18:00:00,63.5407
2025-08-29 19:00:00,77.6671
2025-08-29 20:00:00,81.0726
2025-08-29 21:00:00,77.0634
2025-08-29 22:00:00,63.7263
2025-08-29 23:00:00,50.9713
2025-08-30 00:00:00,28.5916
2025-08-30 01:00:00,26.7993
2025-08-30 02:00:00,22.5229
2025-08-30 03:00:00,21.8016
2025-08-30 04:00:00,23.4454
2025-08-30 05:00:00,26.0136
2025-08-30 06:00:00,28.7783
2025-08-30 07:00:00,34.0612
2025-08-30 08:00:00,39.968
2025-08-30 09:00:00,50.5028
2025-08-30 10:00:00,57.8719
2025-08-30 11:00:00,57.1192
2025-08-30 12:00:00,47.2415
2025-08-30 13:00:00,38.7137
2025-08-30 14:00:00,30.8114
2025-08-30 15:00:00,31.2696
2025-08-30 16:00:00,33.8412
2025-08-30 17:00:00,41.8813
2025-08-30 18:00:00,54.2943
2025-08-30 19:00:00,64.814
2025-08-30 20:00:00,71.3148
2025-08-30 21:00:00,64.4286
2025-08-30 22:00:00,54.4659
2025-08-30 23:00:00,43.7138
2025-08-31 00:00:00,28.3622
2025-08-31 01:00:00,26.1194
2025-08-31 02:00:00,22.2321
2025-08-31 03:00:00,21.4775
2025-08-31 04:00:00,22.5825
2025-08-31 05:00:00,26.7649
2025-08-31 06:00:00,29.0926
2025-08-31 07:00:00,32.2037
2025-08-31 08:00:00,37.743
2025-08-31 09:00:00,47.1622
2025-08-31 10:00:00,54.227
2025-08-31 11:00:00,53.9111
2025-08-31 12:00:00,45.1231
2025-08-31 13:00:00,37.7892
2025-08-31 14:00:00,35.0354
2025-08-31 15:00:00,33.2577
2025-08-31 16:00:00,35.493
2025-08-31 17:00:00,42.8033
2025-08-31 18:00:00,54.33
2025-08-31 19:00:00,64.6623
2025-08-31 20:00:00,73.2031
2025-08-31 21:00:00,65.36
2025-08-31 22:00:00,52.5949
2025-08-31 23:00:00,42.5671
2025-09-01 00:00:00,30.206
2025-09-01 01:00:00,27.2221
2025-09-01 02:00:00,23.5032
2025-09-01 03:00:00,22.4036
2025-09-01 04:00:00,24.146
2025-09-01 05:00:00,27.2973
2025-09-01 06:00:00,30.7856
2025-09-01 07:00:00,33.1152
2025-09-01 08:00:00,36.8992
2025-09-01 09:00:00,48.0397
2025-09-01 10:00:00,56.3483
2025-09-01 11:00:00,54.3444
2025-09-01 12:00:00,47.4191
2025-09-01 13:00:00,37.8365
2025-09-01 14:00:00,33.8404
2025-09-01 15:00:00,32.0167
2025-09-01 16:00:00,35.5617
2025-09-01 17:00:00,44.9573
2025-09-01 18:00:00,55.8568
2025-09-01 19:00:00,68.068
2025-09-01 20:00:00,71.7531
2025-09-01 21:00:00,69.1506
2025-09-01 22:00:00,57.2824
2025-09-01 23:00:00,46.0839
2025-09-02 00:00:00,30.5249
2025-09-02 01:00:00,27.245
2025-09-02 02:00:00,23.6341
2025-09-02 03:00:00,22.863
2025-09-02 04:00:00,23.6162
2025-09-02 05:00:00,26.9173
2025-09-02 06:00:00,31.5316
2025-09-02 07:00:00,35.2195
2025-09-02 08:00:00,42.3213
2025-09-02 09:00:00,52.4526
2025-09-02 10:00:00,60.9193
2025-09-02 11:00:00,62.5871
2025-09-02 12:00:00,53.7528
2025-09-02 13:00:00,42.9892
2025-09-02 14:00:00,38.1367
2025-09-02 15:00:00,35.8733
2025-09-02 16:00:00,38.6607
2025-09-02 17:00:00,45.626
2025-09-02 18:00:00,54.7759
2025-09-02 19:00:00,69.033
2025-09-02 20:00:00,71.5332
2025-09-02 21:00:00,67.9548
2025-09-02 22:00:00,55.5775
2025-09-02 23:00:00,45.6464
2025-09-03 00:00:00,30.5625
2025-09-03 01:00:00,26.8094
2025-09-03 02:00:00,23.9648
2025-09-03 03:00:00,22.5818
2025-09-03 04:00:00,24.1564
2025-09-03 05:00:00,27.0634
2025-09-03 06:00:00,32.5335
2025-09-03 07:00:00,35.2939
2025-09-03 08:00:00,42.9252
2025-09-03 09:00:00,54.9272
2025-09-03 10:00:00,66.6928
2025-09-03 11:00:00,64.4846
2025-09-03 12:00:00,54.868
2025-09-03 13:00:00,43.4889
2025-09-03 14:00:00,36.2759
2025-09-03 15:00:00,34.6754
2025-09-03 16:00:00,36.084
2025-09-03 17:00:00,44.5786
2025-09-03 18:00:00,55.2859
2025-09-03 19:00:00,69.0776
2025-09-03 20:00:00,71.5751
2025-09-03 21:00:00,67.3708
2025-09-03 22:00:00,55.8475
2025-09-03 23:00:00,44.8493
2025-09-04 00:00:00,30.2847
2025-09-04 01:00:00,27.0108
2025-09-04 02:00:00,23.1131
2025-09-04 03:00:00,22.3262
2025-09-04 04:00:00,24.1584
2025-09-04 05:00:00,26.7919
2025-09-04 06:00:00,30.7052
2025-09-04 07:00:00,32.8506
2025-09-04 08:00:00,37.4742
2025-09-04 09:00:00,46.1546
2025-09-04 10:00:00,52.2031
2025-09-04 11:00:00,52.3804
2025-09-04 12:00:00,41.1379
2025-09-04 13:00:00,31.4241
2025-09-04 14:00:00,27.3984
2025-09-04 15:00:00,27.8222
2025-09-04 16:00:00,33.5116
2025-09-04 17:00:00,44.7166
2025-09-04 18:00:00,56.5192
2025-09-04 19:00:00,69.5281
2025-09-04 20:00:00,72.8926
2025-09-04 21:00:00,69.1767
2025-09-04 22:00:00,56.5024
2025-09-04 23:00:00,44.4829
2025-09-05 00:00:00,30.7328
2025-09-05 01:00:00,26.969
2025-09-05 02:00:00,23.768
2025-09-05 03:00:00,23.0732
2025-09-05 04:00:00,23.8561
2025-09-05 05:00:00,26.4438
2025-09-05 06:00:00,30.463
2025-09-05 07:00:00,32.2842
2025-09-05 08:00:00,36.506
2025-09-05 09:00:00,45.8557
2025-09-05 10:00:00,54.7647
2025-09-05 11:00:00,54.2539
2025-09-05 12:00:00,47.9267
2025-09-05 13:00:00,36.6286
2025-09-05 14:00:00,31.6157
2025-09-05 15:00:00,30.5685
2025-09-05 16:00:00,35.2265
2025-09-05 17:00:00,43.3158
2025-09-05 18:00:00,56.2172
2025-09-05 19:00:00,66.9947
2025-09-05 20:00:00,73.9652
2025-09-05 21:00:00,66.8786
2025-09-05 22:00:00,56.3073
2025-09-05 23:00:00,44.9475
2025-09-06 00:00:00,26.2531
2025-09-06 01:00:00,22.9669
2025-09-06 02:00:00,20.3077
2025-09-06 03:00:00,19.4087
2025-09-06 04:00:00,20.3121
2025-09-06 05:00:00,23.0449
2025-09-06 06:00:00,26.8912
2025-09-06 07:00:00,26.7469
2025-09-06 08:00:00,29.4048
2025-09-06 09:00:00,37.3962
2025-09-06 10:00:00,43.8711
2025-09-06 11:00:00,42.9459
2025-09-06 12:00:00,33.8727
2025-09-06 13:00:00,25.0188
2025-09-06 14:00:00,20.9775
2025-09-06 15:00:00,23.1152
2025-09-06 16:00:00,27.4208
2025-09-06 17:00:00,36.7639
2025-09-06 18:00:00,47.2072
2025-09-06 19:00:00,58.1563
2025-09-06 20:00:00,60.6706
2025-09-06 21:00:00,56.0027
2025-09-06 22:00:00,47.1594
2025-09-06 23:00:00,39.2509
2025-09-07 00:00:00,26.1751
2025-09-07 01:00:00,22.9196
2025-09-07 02:00:00,20.4488
2025-09-07 03:00:00,18.8316
2025-09-07 04:00:00,20.4362
2025-09-07 05:00:00,22.5448
2025-09-07 06:00:00,25.8014
2025-09-07 07:00:00,27.1566
2025-09-07 08:00:00,29.9616
2025-09-07 09:00:00,37.1286
2025-09-07 10:00:00,43.1149
2025-09-07 11:00:00,40.5983
2025-09-07 12:00:00,32.2315
2025-09-07 13:00:00,25.1076
2025-09-07 14:00:00,23.4301
2025-09-07 15:00:00,23.5255
2025-09-07 16:00:00,28.7466
2025-09-07 17:00:00,37.1487
2025-09-07 18:00:00,47.58
2025-09-07 19:00:00,57.4882
2025-09-07 20:00:00,62.258
2025-09-07 21:00:00,57.8325
2025-09-07 22:00:00,46.6535
2025-09-07 23:00:00,39.1401
2025-09-08 00:00:00,30.1507
2025-09-08 01:00:00,27.126
2025-09-08 02:00:00,23.6859
2025-09-08 03:00:00,22.3523
2025-09-08 04:00:00,23.6295
2025-09-08 05:00:00,26.9937
2025-09-08 06:00:00,31.3247
2025-09-08 07:00:00,31.8998
2025-09-08 08:00:00,36.3611
2025-09-08 09:00:00,45.1086
2025-09-08 10:00:00,56.3451
2025-09-08 11:00:00,52.1667
2025-09-08 12:00:00,44.2851
2025-09-08 13:00:00,32.1036
2025-09-08 14:00:00,27.4522
2025-09-08 15:00:00,30.9894
2025-09-08 16:00:00,35.219
2025-09-08 17:00:00,44.0006
2025-09-08 18:00:00,55.2495
2025-09-08 19:00:00,69.0584
2025-09-08 20:00:00,72.577
2025-09-08 21:00:00,68.3507
2025-09-08 22:00:00,56.5869
2025-09-08 23:00:00,44.9504
2025-09-09 00:00:00,30.5679
2025-09-09 01:00:00,26.5251
2025-09-09 02:00:00,24.0801
2025-09-09 03:00:00,23.1218
2025-09-09 04:00:00,23.914
2025-09-09 05:00:00,27.7678
2025-09-09 06:00:00,30.6886
2025-09-09 07:00:00,32.4183
2025-09-09 08:00:00,36.1148
2025-09-09 09:00:00,45.3905
2025-09-09 10:00:00,53.0029
2025-09-09 11:00:00,54.5422
2025-09-09 12:00:00,43.2936
2025-09-09 13:00:00,36.7058
2025-09-09 14:00:00,30.2852
2025-09-09 15:00:00,29.237
2025-09-09 16:00:00,34.5353
2025-09-09 17:00:00,44.2308
2025-09-09 18:00:00,57.6266
2025-09-09 19:00:00,67.5742
2025-09-09 20:00:00,71.5348
2025-09-09 21:00:00,68.1337
2025-09-09 22:00:00,56.7997
2025-09-09 23:00:00,45.0758
2025-09-10 00:00:00,31.0954
2025-09-10 01:00:00,26.611
2025-09-10 02:00:00,23.6186
2025-09-10 03:00:00,22.2164
2025-09-10 04:00:00,23.7877
2025-09-10 05:00:00,27.2369
2025-09-10 06:00:00,29.8496
2025-09-10 07:00:00,31.9042
2025-09-10 08:00:00,37.1708
2025-09-10 09:00:00,45.5494
2025-09-10 10:00:00,52.8547
2025-09-10 11:00:00,52.0127
2025-09-10 12:00:00,42.501
2025-09-10 13:00:00,31.4671
2025-09-10 14:00:00,27.544
2025-09-10 15:00:00,27.8667
2025-09-10 16:00:00,32.6736
2025-09-10 17:00:00,42.6736
2025-09-10 18:00:00,56.0123
2025-09-10 19:00:00,68.0318
2025-09-10 20:00:00,72.8519
2025-09-10 21:00:00,67.7912
2025-09-10 22:00:00,56.3947
2025-09-10 23:00:00,44.4385
2025-09-11 00:00:00,30.6068
2025-09-11 01:00:00,26.9448
2025-09-11 02:00:00,23.5962
2025-09-11 03:00:00,22.4352
2025-09-11 04:00:00,23.6492
2025-09-11 05:00:00,27.1758
2025-09-11 06:00:00,30.6826
2025-09-11 07:00:00,32.6973
2025-09-11 08:00:00,36.2234
2025-09-11 09:00:00,43.0583
2025-09-11 10:00:00,51.7495
2025-09-11 11:00:00,50.6325
2025-09-11 12:00:00,39.9586
2025-09-11 13:00:00,30.565
2025-09-11 14:00:00,26.2809
2025-09-11 15:00:00,28.6278
2025-09-11 16:00:00,34.296
2025-09-11 17:00:00,44.0755
2025-09-11 18:00:00,55.6429
2025-09-11 19:00:00,67.5379
2025-09-11 20:00:00,74.0005
2025-09-11 21:00:00,68.3277
2025-09-11 22:00:00,55.5506
2025-09-11 23:00:00,43.5952
2025-09-12 00:00:00,30.2867
2025-09-12 01:00:00,27.0216
2025-09-12 02:00:00,23.8302
2025-09-12 03:00:00,22.1036
2025-09-12 04:00:00,23.8643
2025-09-12 05:00:00,27.999
2025-09-12 06:00:00,30.0814
2025-09-12 07:00:00,34.2225
2025-09-12 08:00:00,40.6244
2025-09-12 09:00:00,49.7229
2025-09-12 10:00:00,57.9547
2025-09-12 11:00:00,56.8967
2025-09-12 12:00:00,48.1957
2025-09-12 13:00:00,39.9431
2025-09-12 14:00:00,33.8047
2025-09-12 15:00:00,33.1555
2025-09-12 16:00:00,35.3458
2025-09-12 17:00:00,45.2792
2025-09-12 18:00:00,56.8899
2025-09-12 19:00:00,67.8608
2025-09-12 20:00:00,73.9715
2025-09-12 21:00:00,68.7226
2025-09-12 22:00:00,56.2502
2025-09-12 23:00:00,44.4913
2025-09-13 00:00:00,26.6196
2025-09-13 01:00:00,22.7235
2025-09-13 02:00:00,20.5214
2025-09-13 03:00:00,19.6856
2025-09-13 04:00:00,19.955
2025-09-13 05:00:00,22.7779
2025-09-13 06:00:00,25.5718
2025-09-13 07:00:00,27.7077
2025-09-13 08:00:00,29.7364
2025-09-13 09:00:00,36.1706
2025-09-13 10:00:00,43.8023
2025-09-13 11:00:00,42.7102
2025-09-13 12:00:00,34.5538
2025-09-13 13:00:00,26.7078
2025-09-13 14:00:00,22.4893
2025-09-13 15:00:00,25.1215
2025-09-13 16:00:00,28.2999
2025-09-13 17:00:00,37.2971
2025-09-13 18:00:00,48.2566
2025-09-13 19:00:00,58.0664
2025-09-13 20:00:00,62.2585
2025-09-13 21:00:00,57.0775
2025-09-13 22:00:00,46.6687
2025-09-13 23:00:00,37.5647
2025-09-14 00:00:00,26.1043
2025-09-14 01:00:00,23.4161
2025-09-14 02:00:00,20.4143
2025-09-14 03:00:00,18.9105
2025-09-14 04:00:00,20.3555
2025-09-14 05:00:00,23.0064
2025-09-14 06:00:00,25.682
2025-09-14 07:00:00,28.2445
2025-09-14 08:00:00,30.0482
2025-09-14 09:00:00,38.5363
2025-09-14 10:00:00,44.4427
2025-09-14 11:00:00,46.7156
2025-09-14 12:00:00,35.092
2025-09-14 13:00:00,27.5298
2025-09-14 14:00:00,24.0282
2025-09-14 15:00:00,24.482
2025-09-14 16:00:00,30.0508
2025-09-14 17:00:00,38.356
2025-09-14 18:00:00,47.2968
2025-09-14 19:00:00,57.8253
2025-09-14 20:00:00,61.8728
2025-09-14 21:00:00,58.6097
2025-09-14 22:00:00,47.6911
2025-09-14 23:00:00,37.9276
2025-09-15 00:00:00,30.948
2025-09-15 01:00:00,26.5831
2025-09-15 02:00:00,23.6099
2025-09-15 03:00:00,21.8988
2025-09-15 04:00:00,23.7894
2025-09-15 05:00:00,26.8128
2025-09-15 06:00:00,30.689
2025-09-15 07:00:00,35.1153
2025-09-15 08:00:00,43.1495
2025-09-15 09:00:00,53.7389
2025-09-15 10:00:00,61.0466
2025-09-15 11:00:00,62.1818
2025-09-15 12:00:00,51.0094
2025-09-15 13:00:00,40.2679
2025-09-15 14:00:00,35.9714
2025-09-15 15:00:00,32.8491
2025-09-15 16:00:00,36.5352
2025-09-15 17:00:00,44.1237
2025-09-15 18:00:00,56.3328
2025-09-15 19:00:00,66.7505
2025-09-15 20:00:00,72.6151
2025-09-15 21:00:00,69.0621
2025-09-15 22:00:00,56.7013
2025-09-15 23:00:00,45.3909
2025-09-16 00:00:00,30.815
2025-09-16 01:00:00,26.9199
2025-09-16 02:00:00,24.0486
2025-09-16 03:00:00,22.0514
2025-09-16 04:00:00,23.9509
2025-09-16 05:00:00,27.1606
2025-09-16 06:00:00,31.5086
2025-09-16 07:00:00,35.0955
2025-09-16 08:00:00,43.1695
2025-09-16 09:00:00,53.3976
2025-09-16 10:00:00,62.9392
2025-09-16 11:00:00,63.3744
2025-09-16 12:00:00,52.428
2025-09-16 13:00:00,39.7758
2025-09-16 14:00:00,34.0567
2025-09-16 15:00:00,33.5766
2025-09-16 16:00:00,38.662
2025-09-16 17:00:00,45.2076
2025-09-16 18:00:00,56.0464
2025-09-16 19:00:00,68.4071
2025-09-16 20:00:00,72.5139
2025-09-16 21:00:00,70.6244
2025-09-16 22:00:00,57.0007
2025-09-16 23:00:00,45.1513
2025-09-17 00:00:00,31.4918
2025-09-17 01:00:00,27.4791
2025-09-17 02:00:00,23.6116
2025-09-17 03:00:00,22.1211
2025-09-17 04:00:00,23.3445
2025-09-17 05:00:00,27.5278
2025-09-17 06:00:00,31.0148
2025-09-17 07:00:00,35.7341
2025-09-17 08:00:00,42.47
2025-09-17 09:00:00,53.9112
2025-09-17 10:00:00,62.0096
2025-09-17 11:00:00,64.2841
2025-09-17 12:00:00,54.7011
2025-09-17 13:00:00,43.8865
2025-09-17 14:00:00,37.0868
2025-09-17 15:00:00,36.2878
2025-09-17 16:00:00,38.4296
2025-09-17 17:00:00,44.7469
2025-09-17 18:00:00,55.0194
2025-09-17 19:00:00,67.5526
2025-09-17 20:00:00,75.1454
2025-09-17 21:00:00,68.144
2025-09-17 22:00:00,54.8936
2025-09-17 23:00:00,44.7061
2025-09-18 00:00:00,30.2086
2025-09-18 01:00:00,26.9937
2025-09-18 02:00:00,23.2675
2025-09-18 03:00:00,21.8288
2025-09-18 04:00:00,23.3158
2025-09-18 05:00:00,27.215
2025-09-18 06:00:00,30.5114
2025-09-18 07:00:00,33.5048
2025-09-18 08:00:00,39.4457
2025-09-18 09:00:00,51.3004
2025-09-18 10:00:00,58.2767
2025-09-18 11:00:00,57.4595
2025-09-18 12:00:00,45.0609
2025-09-18 13:00:00,37.1003
2025-09-18 14:00:00,32.2957
2025-09-18 15:00:00,32.5341
2025-09-18 16:00:00,36.6573
2025-09-18 17:00:00,44.3691
2025-09-18 18:00:00,55.4921
2025-09-18 19:00:00,69.1821
2025-09-18 20:00:00,70.015
2025-09-18 21:00:00,67.7852
2025-09-18 22:00:00,57.0807
2025-09-18 23:00:00,44.9837
2025-09-19 00:00:00,30.4013
2025-09-19 01:00:00,26.6239
2025-09-19 02:00:00,23.7322
2025-09-19 03:00:00,22.6294
2025-09-19 04:00:00,24.2387
2025-09-19 05:00:00,27.3765
2025-09-19 06:00:00,30.9498
2025-09-19 07:00:00,33.1324
2025-09-19 08:00:00,39.0408
2025-09-19 09:00:00,48.2932
2025-09-19 10:00:00,56.9995
2025-09-19 11:00:00,58.2416
2025-09-19 12:00:00,48.7379
2025-09-19 13:00:00,38.2655
2025-09-19 14:00:00,33.9455
2025-09-19 15:00:00,33.6739
2025-09-19 16:00:00,37.0908
2025-09-19 17:00:00,45.4673
2025-09-19 18:00:00,55.5956
2025-09-19 19:00:00,67.9443
2025-09-19 20:00:00,72.9386
2025-09-19 21:00:00,67.8539
2025-09-19 22:00:00,55.4048
2025-09-19 23:00:00,45.6544
2025-09-20 00:00:00,26.1859
2025-09-20 01:00:00,22.5176
2025-09-20 02:00:00,20.3144
2025-09-20 03:00:00,18.5571
2025-09-20 04:00:00,19.8554
2025-09-20 05:00:00,23.0307
2025-09-20 06:00:00,26.5108
2025-09-20 07:00:00,30.1869
2025-09-20 08:00:00,36.0389
2025-09-20 09:00:00,46.6306
2025-09-20 10:00:00,52.6958
2025-09-20 11:00:00,50.3689
2025-09-20 12:00:00,39.6898
2025-09-20 13:00:00,34.2417
2025-09-20 14:00:00,30.6174
2025-09-20 15:00:00,30.1722
2025-09-20 16:00:00,32.5151
2025-09-20 17:00:00,38.0627
2025-09-20 18:00:00,49.8871
2025-09-20 19:00:00,58.7708
2025-09-20 20:00:00,60.4432
2025-09-20 21:00:00,56.3387
2025-09-20 22:00:00,46.3874
2025-09-20 23:00:00,38.3871
2025-09-21 00:00:00,26.2075
2025-09-21 01:00:00,23.6624
2025-09-21 02:00:00,20.2394
2025-09-21 03:00:00,19.2856
2025-09-21 04:00:00,20.2968
2025-09-21 05:00:00,22.5219
2025-09-21 06:00:00,26.1795
2025-09-21 07:00:00,30.9964
2025-09-21 08:00:00,35.772
2025-09-21 09:00:00,46.4123
2025-09-21 10:00:00,53.882
2025-09-21 11:00:00,55.0449
2025-09-21 12:00:00,46.0993
2025-09-21 13:00:00,36.4251
2025-09-21 14:00:00,32.7132
2025-09-21 15:00:00,31.3874
2025-09-21 16:00:00,32.9156
2025-09-21 17:00:00,39.0283
2025-09-21 18:00:00,47.5301
2025-09-21 19:00:00,57.961
2025-09-21 20:00:00,62.4212
2025-09-21 21:00:00,56.3975
2025-09-21 22:00:00,47.7627
2025-09-21 23:00:00,38.3043
2025-09-22 00:00:00,29.6355
2025-09-22 01:00:00,27.0201
2025-09-22 02:00:00,23.9706
2025-09-22 03:00:00,22.0829
2025-09-22 04:00:00,23.7312
2025-09-22 05:00:00,26.5454
2025-09-22 06:00:00,30.2406
2025-09-22 07:00:00,31.9603
2025-09-22 08:00:00,35.3278
2025-09-22 09:00:00,44.4311
2025-09-22 10:00:00,51.3914
2025-09-22 11:00:00,51.2909
2025-09-22 12:00:00,42.7299
2025-09-22 13:00:00,31.0255
2025-09-22 14:00:00,27.0368
2025-09-22 15:00:00,28.8203
2025-09-22 16:00:00,34.1874
2025-09-22 17:00:00,43.6167
2025-09-22 18:00:00,56.0264
2025-09-22 19:00:00,66.7571
2025-09-22 20:00:00,72.9369
2025-09-22 21:00:00,67.0159
2025-09-22 22:00:00,56.4375
2025-09-22 23:00:00,45.0237
2025-09-23 00:00:00,30.9191
2025-09-23 01:00:00,26.169
2025-09-23 02:00:00,24.0194
2025-09-23 03:00:00,22.447
2025-09-23 04:00:00,23.9944
2025-09-23 05:00:00,27.8385
2025-09-23 06:00:00,30.5129
2025-09-23 07:00:00,34.3018
2025-09-23 08:00:00,39.0908
2025-09-23 09:00:00,48.9953
2025-09-23 10:00:00,57.8405
2025-09-23 11:00:00,62.1949
2025-09-23 12:00:00,53.1114
2025-09-23 13:00:00,42.1069
2025-09-23 14:00:00,34.0054
2025-09-23 15:00:00,33.2478
2025-09-23 16:00:00,37.6694
2025-09-23 17:00:00,44.0321
2025-09-23 18:00:00,55.4449
2025-09-23 19:00:00,68.7489
2025-09-23 20:00:00,73.1995
2025-09-23 21:00:00,68.0368
2025-09-23 22:00:00,56.5919
2025-09-23 23:00:00,44.4044
2025-09-24 00:00:00,31.5157
2025-09-24 01:00:00,27.2836
2025-09-24 02:00:00,24.2594
2025-09-24 03:00:00,22.4417
2025-09-24 04:00:00,23.5204
2025-09-24 05:00:00,27.1098
2025-09-24 06:00:00,29.7298
2025-09-24 07:00:00,31.5917
2025-09-24 08:00:00,36.3176
2025-09-24 09:00:00,44.6417
2025-09-24 10:00:00,51.9144
2025-09-24 11:00:00,50.795
2025-09-24 12:00:00,43.4215
2025-09-24 13:00:00,32.1783
2025-09-24 14:00:00,27.5351
2025-09-24 15:00:00,30.2867
2025-09-24 16:00:00,36.5175
2025-09-24 17:00:00,43.8612
2025-09-24 18:00:00,57.8473
2025-09-24 19:00:00,70.64
2025-09-24 20:00:00,72.7299
2025-09-24 21:00:00,69.7061
2025-09-24 22:00:00,54.9497
2025-09-24 23:00:00,43.1394
2025-09-25 00:00:00,31.0242
2025-09-25 01:00:00,27.287
2025-09-25 02:00:00,23.5323
2025-09-25 03:00:00,22.8088
2025-09-25 04:00:00,23.5765
2025-09-25 05:00:00,27.548
2025-09-25 06:00:00,30.9501
2025-09-25 07:00:00,37.4994
2025-09-25 08:00:00,43.3106
2025-09-25 09:00:00,54.9842
2025-09-25 10:00:00,66.3148
2025-09-25 11:00:00,65.1502
2025-09-25 12:00:00,54.1334
2025-09-25 13:00:00,44.0442
2025-09-25 14:00:00,38.0365
2025-09-25 15:00:00,37.0276
2025-09-25 16:00:00,38.1468
2025-09-25 17:00:00,43.8206
2025-09-25 18:00:00,56.8581
2025-09-25 19:00:00,67.4808
2025-09-25 20:00:00,72.6193
2025-09-25 21:00:00,67.3098
2025-09-25 22:00:00,56.5539
2025-09-25 23:00:00,45.072
2025-09-26 00:00:00,30.1919
2025-09-26 01:00:00,27.4405
2025-09-26 02:00:00,24.1284
2025-09-26 03:00:00,22.5892
2025-09-26 04:00:00,23.7461
2025-09-26 05:00:00,27.3628
2025-09-26 06:00:00,30.3996
2025-09-26 07:00:00,36.06
2025-09-26 08:00:00,43.6575
2025-09-26 09:00:00,53.3261
2025-09-26 10:00:00,60.8162
2025-09-26 11:00:00,61.6416
2025-09-26 12:00:00,53.6944
2025-09-26 13:00:00,45.5417
2025-09-26 14:00:00,38.3359
2025-09-26 15:00:00,37.4647
2025-09-26 16:00:00,39.0928
2025-09-26 17:00:00,45.202
2025-09-26 18:00:00,56.1614
2025-09-26 19:00:00,67.285
2025-09-26 20:00:00,75.6814
2025-09-26 21:00:00,68.0408
2025-09-26 22:00:00,56.4397
2025-09-26 23:00:00,45.6236
2025-09-27 00:00:00,25.5524
2025-09-27 01:00:00,23.1133
2025-09-27 02:00:00,20.1026
2025-09-27 03:00:00,18.7792
2025-09-27 04:00:00,19.9595
2025-09-27 05:00:00,22.4681
2025-09-27 06:00:00,26.3017
2025-09-27 07:00:00,29.9327
2025-09-27 08:00:00,37.4807
2025-09-27 09:00:00,47.6253
2025-09-27 10:00:00,55.1189
2025-09-27 11:00:00,54.6827
2025-09-27 12:00:00,48.083
2025-09-27 13:00:00,37.4394
2025-09-27 14:00:00,32.6231
2025-09-27 15:00:00,31.9312
2025-09-27 16:00:00,32.8886
2025-09-27 17:00:00,37.8855
2025-09-27 18:00:00,46.6151
2025-09-27 19:00:00,56.7869
2025-09-27 20:00:00,63.1643
2025-09-27 21:00:00,58.9947
2025-09-27 22:00:00,47.8195
2025-09-27 23:00:00,37.4474
2025-09-28 00:00:00,25.9643
2025-09-28 01:00:00,22.8552
2025-09-28 02:00:00,20.0061
2025-09-28 03:00:00,19.0646
2025-09-28 04:00:00,20.2556
2025-09-28 05:00:00,23.5622
2025-09-28 06:00:00,26.2665
2025-09-28 07:00:00,30.1826
2025-09-28 08:00:00,35.9587
2025-09-28 09:00:00,45.5711
2025-09-28 10:00:00,51.688
2025-09-28 11:00:00,53.4206
2025-09-28 12:00:00,45.933
2025-09-28 13:00:00,36.7917
2025-09-28 14:00:00,32.0261
2025-09-28 15:00:00,31.5468
2025-09-28 16:00:00,32.8544
2025-09-28 17:00:00,37.7741
2025-09-28 18:00:00,46.4457
2025-09-28 19:00:00,58.9191
2025-09-28 20:00:00,62.8187
2025-09-28 21:00:00,58.9371
2025-09-28 22:00:00,47.1022
2025-09-28 23:00:00,39.1251
2025-09-29 00:00:00,30.9532
2025-09-29 01:00:00,27.0561
2025-09-29 02:00:00,23.9175
2025-09-29 03:00:00,23.3066
2025-09-29 04:00:00,23.9241
2025-09-29 05:00:00,27.1734
2025-09-29 06:00:00,31.0646
2025-09-29 07:00:00,35.7135
2025-09-29 08:00:00,43.6816
2025-09-29 09:00:00,52.9954
2025-09-29 10:00:00,61.8315
2025-09-29 11:00:00,62.1486
2025-09-29 12:00:00,53.2252
2025-09-29 13:00:00,42.8179
2025-09-29 14:00:00,37.618
2025-09-29 15:00:00,36.0837
2025-09-29 16:00:00,38.1482
2025-09-29 17:00:00,45.3782
2025-09-29 18:00:00,56.6641
2025-09-29 19:00:00,67.8937
2025-09-29 20:00:00,73.0896
2025-09-29 21:00:00,68.0439
2025-09-29 22:00:00,56.3929
2025-09-29 23:00:00,46.4791
2025-09-30 00:00:00,30.6369
2025-09-30 01:00:00,27.172
2025-09-30 02:00:00,23.3731
2025-09-30 03:00:00,21.9509
2025-09-30 04:00:00,24.0673
2025-09-30 05:00:00,26.8734
2025-09-30 06:00:00,30.5917
2025-09-30 07:00:00,35.5029
2025-09-30 08:00:00,41.3561
2025-09-30 09:00:00,54.7239
2025-09-30 10:00:00,62.0776
2025-09-30 11:00:00,58.4004
2025-09-30 12:00:00,47.9337
2025-09-30 13:00:00,39.8939
2025-09-30 14:00:00,34.6804
2025-09-30 15:00:00,34.2169
2025-09-30 16:00:00,38.0998
2025-09-30 17:00:00,44.9823
2025-09-30 18:00:00,54.3188
2025-09-30 19:00:00,69.4084
2025-09-30 20:00:00,72.7494
2025-09-30 21:00:00,67.8672
2025-09-30 22:00:00,55.3876
2025-09-30 23:00:00,45.8837
2025-10-01 00:00:00,26.9775
2025-10-01 01:00:00,24.01
2025-10-01 02:00:00,21.6894
2025-10-01 03:00:00,20.0899
2025-10-01 04:00:00,21.7987
2025-10-01 05:00:00,24.6551
2025-10-01 06:00:00,27.3747
2025-10-01 07:00:00,32.7442
2025-10-01 08:00:00,38.035
2025-10-01 09:00:00,46.8192
2025-10-01 10:00:00,52.522
2025-10-01 11:00:00,49.7119
2025-10-01 12:00:00,42.0114
2025-10-01 13:00:00,35.9658
2025-10-01 14:00:00,32.9257
2025-10-01 15:00:00,33.1851
2025-10-01 16:00:00,35.4938
2025-10-01 17:00:00,41.1939
2025-10-01 18:00:00,51.9313
2025-10-01 19:00:00,60.2383
2025-10-01 20:00:00,66.5378
2025-10-01 21:00:00,60.1348
2025-10-01 22:00:00,51.3078
2025-10-01 23:00:00,39.5996
2025-10-02 00:00:00,27.9988
2025-10-02 01:00:00,24.4351
2025-10-02 02:00:00,21.7421
2025-10-02 03:00:00,19.8727
2025-10-02 04:00:00,21.4043
2025-10-02 05:00:00,24.7275
2025-10-02 06:00:00,27.8361
2025-10-02 07:00:00,32.0701
2025-10-02 08:00:00,39.4091
2025-10-02 09:00:00,48.2974
2025-10-02 10:00:00,54.78
2025-10-02 11:00:00,55.0641
2025-10-02 12:00:00,46.5861
2025-10-02 13:00:00,38.7267
2025-10-02 14:00:00,31.7003
2025-10-02 15:00:00,32.9407
2025-10-02 16:00:00,35.0215
2025-10-02 17:00:00,41.3026
2025-10-02 18:00:00,50.4316
2025-10-02 19:00:00,63.6909
2025-10-02 20:00:00,65.7196
2025-10-02 21:00:00,61.7966
2025-10-02 22:00:00,51.6104
2025-10-02 23:00:00,41.439
2025-10-03 00:00:00,27.097
2025-10-03 01:00:00,23.865
2025-10-03 02:00:00,20.5453
2025-10-03 03:00:00,20.3938
2025-10-03 04:00:00,21.5187
2025-10-03 05:00:00,24.9481
2025-10-03 06:00:00,28.3743
2025-10-03 07:00:00,32.3801
2025-10-03 08:00:00,38.7578
2025-10-03 09:00:00,50.3395
2025-10-03 10:00:00,58.9522
2025-10-03 11:00:00,57.431
2025-10-03 12:00:00,48.5703
2025-10-03 13:00:00,39.5916
2025-10-03 14:00:00,34.4808
2025-10-03 15:00:00,33.3026
2025-10-03 16:00:00,36.1601
2025-10-03 17:00:00,40.7411
2025-10-03 18:00:00,50.5716
2025-10-03 19:00:00,61.5532
2025-10-03 20:00:00,66.3923
2025-10-03 21:00:00,61.6009
2025-10-03 22:00:00,51.3268
2025-10-03 23:00:00,41.1827
2025-10-04 00:00:00,23.1595
2025-10-04 01:00:00,20.8171
2025-10-04 02:00:00,18.1268
2025-10-04 03:00:00,17.2956
2025-10-04 04:00:00,18.4815
2025-10-04 05:00:00,20.7069
2025-10-04 06:00:00,23.5508
2025-10-04 07:00:00,25.4715
2025-10-04 08:00:00,28.0951
2025-10-04 09:00:00,33.539
2025-10-04 10:00:00,37.2911
2025-10-04 11:00:00,36.8235
2025-10-04 12:00:00,28.2447
2025-10-04 13:00:00,21.6273
2025-10-04 14:00:00,19.209
2025-10-04 15:00:00,20.2268
2025-10-04 16:00:00,26.004
2025-10-04 17:00:00,34.5524
2025-10-04 18:00:00,43.5902
2025-10-04 19:00:00,52.079
2025-10-04 20:00:00,54.3398
2025-10-04 21:00:00,51.8936
2025-10-04 22:00:00,43.5351
2025-10-04 23:00:00,34.286
2025-10-05 00:00:00,23.9613
2025-10-05 01:00:00,20.8784
2025-10-05 02:00:00,18.0484
2025-10-05 03:00:00,16.8999
2025-10-05 04:00:00,18.9378
2025-10-05 05:00:00,21.0487
2025-10-05 06:00:00,23.8266
2025-10-05 07:00:00,25.0039
2025-10-05 08:00:00,28.4608
2025-10-05 09:00:00,33.3263
2025-10-05 10:00:00,38.9989
2025-10-05 11:00:00,36.5895
2025-10-05 12:00:00,28.3343
2025-10-05 13:00:00,22.7341
2025-10-05 14:00:00,19.1378
2025-10-05 15:00:00,20.4613
2025-10-05 16:00:00,26.2407
2025-10-05 17:00:00,34.5233
2025-10-05 18:00:00,42.416
2025-10-05 19:00:00,51.836
2025-10-05 20:00:00,55.3049
2025-10-05 21:00:00,52.4311
2025-10-05 22:00:00,43.3836
2025-10-05 23:00:00,34.3993
2025-10-06 00:00:00,27.1881
2025-10-06 01:00:00,24.3607
2025-10-06 02:00:00,21.8397
2025-10-06 03:00:00,20.5838
2025-10-06 04:00:00,21.2679
2025-10-06 05:00:00,24.277
2025-10-06 06:00:00,27.9178
2025-10-06 07:00:00,31.7672
2025-10-06 08:00:00,37.6827
2025-10-06 09:00:00,50.45
2025-10-06 10:00:00,59.2419
2025-10-06 11:00:00,58.8868
2025-10-06 12:00:00,49.7812
2025-10-06 13:00:00,40.5308
2025-10-06 14:00:00,35.1578
2025-10-06 15:00:00,33.369
2025-10-06 16:00:00,36.101
2025-10-06 17:00:00,41.5352
2025-10-06 18:00:00,51.48
2025-10-06 19:00:00,60.4249
2025-10-06 20:00:00,65.8618
2025-10-06 21:00:00,61.3029
2025-10-06 22:00:00,49.4353
2025-10-06 23:00:00,40.5489
2025-10-07 00:00:00,27.7048
2025-10-07 01:00:00,24.4507
2025-10-07 02:00:00,21.7856
2025-10-07 03:00:00,19.4992
2025-10-07 04:00:00,21.6329
2025-10-07 05:00:00,24.6635
2025-10-07 06:00:00,27.3952
2025-10-07 07:00:00,30.5314
2025-10-07 08:00:00,34.8832
2025-10-07 09:00:00,43.4334
2025-10-07 10:00:00,50.7309
2025-10-07 11:00:00,49.3791
2025-10-07 12:00:00,38.0408
2025-10-07 13:00:00,30.1737
2025-10-07 14:00:00,24.6965
2025-10-07 15:00:00,26.1725
2025-10-07 16:00:00,32.307
2025-10-07 17:00:00,39.9389
2025-10-07 18:00:00,49.9966
2025-10-07 19:00:00,61.7385
2025-10-07 20:00:00,67.8133
2025-10-07 21:00:00,60.915
2025-10-07 22:00:00,49.8314
2025-10-07 23:00:00,40.1295
2025-10-08 00:00:00,27.681
2025-10-08 01:00:00,24.6569
2025-10-08 02:00:00,22.0543
2025-10-08 03:00:00,20.4145
2025-10-08 04:00:00,21.1777
2025-10-08 05:00:00,24.728
2025-10-08 06:00:00,28.2139
2025-10-08 07:00:00,28.8078
2025-10-08 08:00:00,30.7049
2025-10-08 09:00:00,37.9603
2025-10-08 10:00:00,46.7265
2025-10-08 11:00:00,45.2773
2025-10-08 12:00:00,36.5187
2025-10-08 13:00:00,27.2539
2025-10-08 14:00:00,23.984
2025-10-08 15:00:00,26.3731
2025-10-08 16:00:00,31.8647
2025-10-08 17:00:00,40.9628
2025-10-08 18:00:00,49.9572
2025-10-08 19:00:00,62.0105
2025-10-08 20:00:00,66.7147
2025-10-08 21:00:00,60.9863
2025-10-08 22:00:00,50.2801
2025-10-08 23:00:00,40.8748
2025-10-09 00:00:00,27.2306
2025-10-09 01:00:00,23.5603
2025-10-09 02:00:00,20.8786
2025-10-09 03:00:00,20.3329
2025-10-09 04:00:00,21.3592
2025-10-09 05:00:00,24.6355
2025-10-09 06:00:00,27.6906
2025-10-09 07:00:00,29.7562
2025-10-09 08:00:00,34.0676
2025-10-09 09:00:00,40.0798
2025-10-09 10:00:00,46.708
2025-10-09 11:00:00,44.0456
2025-10-09 12:00:00,36.7591
2025-10-09 13:00:00,27.2597
2025-10-09 14:00:00,24.7772
2025-10-09 15:00:00,25.6763
2025-10-09 16:00:00,31.3864
2025-10-09 17:00:00,41.1559
2025-10-09 18:00:00,50.1574
2025-10-09 19:00:00,59.7034
2025-10-09 20:00:00,65.2509
2025-10-09 21:00:00,60.3281
2025-10-09 22:00:00,51.0336
2025-10-09 23:00:00,40.7558
2025-10-10 00:00:00,27.1997
2025-10-10 01:00:00,25.2913
2025-10-10 02:00:00,21.1099
2025-10-10 03:00:00,20.032
2025-10-10 04:00:00,21.0057
2025-10-10 05:00:00,24.8327
2025-10-10 06:00:00,27.0006
2025-10-10 07:00:00,28.0169
2025-10-10 08:00:00,32.2445
2025-10-10 09:00:00,39.5012
2025-10-10 10:00:00,44.9674
2025-10-10 11:00:00,43.7846
2025-10-10 12:00:00,36.0298
2025-10-10 13:00:00,28.7397
2025-10-10 14:00:00,25.4823
2025-10-10 15:00:00,25.2034
2025-10-10 16:00:00,31.8517
2025-10-10 17:00:00,41.0917
2025-10-10 18:00:00,49.8344
2025-10-10 19:00:00,60.1264
2025-10-10 20:00:00,65.835
2025-10-10 21:00:00,59.2425
2025-10-10 22:00:00,49.884
2025-10-10 23:00:00,41.2745
2025-10-11 00:00:00,23.158
2025-10-11 01:00:00,20.624
2025-10-11 02:00:00,17.9582
2025-10-11 03:00:00,17.2829
2025-10-11 04:00:00,17.7734
2025-10-11 05:00:00,20.7222
2025-10-11 06:00:00,23.3066
2025-10-11 07:00:00,24.067
2025-10-11 08:00:00,25.9706
2025-10-11 09:00:00,31.712
2025-10-11 10:00:00,36.7887
2025-10-11 11:00:00,34.8814
2025-10-11 12:00:00,27.5757
2025-10-11 13:00:00,21.085
2025-10-11 14:00:00,18.4894
2025-10-11 15:00:00,21.0996
2025-10-11 16:00:00,26.5159
2025-10-11 17:00:00,35.6932
2025-10-11 18:00:00,43.199
2025-10-11 19:00:00,52.4742
2025-10-11 20:00:00,56.1332
2025-10-11 21:00:00,54.828
2025-10-11 22:00:00,43.9658
2025-10-11 23:00:00,33.9883
2025-10-12 00:00:00,23.3081
2025-10-12 01:00:00,20.748
2025-10-12 02:00:00,18.0819
2025-10-12 03:00:00,17.293
2025-10-12 04:00:00,17.9652
2025-10-12 05:00:00,20.8304
2025-10-12 06:00:00,23.8049
2025-10-12 07:00:00,24.7451
2025-10-12 08:00:00,26.6119
2025-10-12 09:00:00,33.2147
2025-10-12 10:00:00,38.1471
2025-10-12 11:00:00,39.5098
2025-10-12 12:00:00,34.6087
2025-10-12 13:00:00,25.0709
2025-10-12 14:00:00,22.7638
2025-10-12 15:00:00,22.8731
2025-10-12 16:00:00,27.4679
2025-10-12 17:00:00,34.9992
2025-10-12 18:00:00,42.1519
2025-10-12 19:00:00,50.4379
2025-10-12 20:00:00,55.6989
2025-10-12 21:00:00,50.8636
2025-10-12 22:00:00,44.6289
2025-10-12 23:00:00,34.898
2025-10-13 00:00:00,27.33
2025-10-13 01:00:00,24.0326
2025-10-13 02:00:00,21.7043
2025-10-13 03:00:00,19.7573
2025-10-13 04:00:00,21.1226
2025-10-13 05:00:00,24.3612
2025-10-13 06:00:00,27.6444
2025-10-13 07:00:00,29.1556
2025-10-13 08:00:00,32.419
2025-10-13 09:00:00,41.0352
2025-10-13 10:00:00,48.3304
2025-10-13 11:00:00,48.2904
2025-10-13 12:00:00,44.2219
2025-10-13 13:00:00,32.5112
2025-10-13 14:00:00,29.381
2025-10-13 15:00:00,29.2248
2025-10-13 16:00:00,33.9784
2025-10-13 17:00:00,40.9352
2025-10-13 18:00:00,50.9686
2025-10-13 19:00:00,61.1747
2025-10-13 20:00:00,65.6645
2025-10-13 21:00:00,62.8312
2025-10-13 22:00:00,50.1676
2025-10-13 23:00:00,41.3378
2025-10-14 00:00:00,27.5667
2025-10-14 01:00:00,24.1854
2025-10-14 02:00:00,21.1269
2025-10-14 03:00:00,20.5279
2025-10-14 04:00:00,21.6568
2025-10-14 05:00:00,24.0277
2025-10-14 06:00:00,28.5276
2025-10-14 07:00:00,30.052
2025-10-14 08:00:00,32.1574
2025-10-14 09:00:00,38.8288
2025-10-14 10:00:00,44.5195
2025-10-14 11:00:00,43.321
2025-10-14 12:00:00,34.7809
2025-10-14 13:00:00,27.4516
2025-10-14 14:00:00,30.9679
2025-10-14 15:00:00,31.1656
2025-10-14 16:00:00,34.6175
2025-10-14 17:00:00,41.7964
2025-10-14 18:00:00,49.6013
2025-10-14 19:00:00,59.8221
2025-10-14 20:00:00,66.1553
2025-10-14 21:00:00,60.0115
2025-10-14 22:00:00,51.2498
2025-10-14 23:00:00,40.5323
2025-10-15 00:00:00,27.4557
2025-10-15 01:00:00,24.9193
2025-10-15 02:00:00,21.9012
2025-10-15 03:00:00,20.2851
2025-10-15 04:00:00,21.4478
2025-10-15 05:00:00,24.2819
2025-10-15 06:00:00,28.0179
2025-10-15 07:00:00,29.4312
2025-10-15 08:00:00,30.7224
2025-10-15 09:00:00,41.1368
2025-10-15 10:00:00,46.8389
2025-10-15 11:00:00,44.798
2025-10-15 12:00:00,34.7308
2025-10-15 13:00:00,26.637
2025-10-15 14:00:00,23.3535
2025-10-15 15:00:00,25.0799
2025-10-15 16:00:00,32.6905
2025-10-15 17:00:00,40.0411
2025-10-15 18:00:00,50.6883
2025-10-15 19:00:00,61.2022
2025-10-15 20:00:00,65.6291
2025-10-15 21:00:00,62.7905
2025-10-15 22:00:00,51.3174
2025-10-15 23:00:00,39.5243
2025-10-16 00:00:00,26.9546
2025-10-16 01:00:00,24.034
2025-10-16 02:00:00,21.3956
2025-10-16 03:00:00,20.2673
2025-10-16 04:00:00,20.9958
2025-10-16 05:00:00,24.5065
2025-10-16 06:00:00,28.2455
2025-10-16 07:00:00,28.3458
2025-10-16 08:00:00,31.5631
2025-10-16 09:00:00,39.3908
2025-10-16 10:00:00,45.9662
2025-10-16 11:00:00,44.411
2025-10-16 12:00:00,35.4099
2025-10-16 13:00:00,27.0973
2025-10-16 14:00:00,24.8993
2025-10-16 15:00:00,25.9805
2025-10-16 16:00:00,32.3987
2025-10-16 17:00:00,41.4094
2025-10-16 18:00:00,50.7732
2025-10-16 19:00:00,62.0323
2025-10-16 20:00:00,65.2065
2025-10-16 21:00:00,60.8585
2025-10-16 22:00:00,48.6124
2025-10-16 23:00:00,40.8499
2025-10-17 00:00:00,26.8142
2025-10-17 01:00:00,24.2922
2025-10-17 02:00:00,21.9038
2025-10-17 03:00:00,19.7943
2025-10-17 04:00:00,21.4074
2025-10-17 05:00:00,24.2652
2025-10-17 06:00:00,28.2822
2025-10-17 07:00:00,28.927
2025-10-17 08:00:00,31.7774
2025-10-17 09:00:00,39.0102
2025-10-17 10:00:00,45.9806
2025-10-17 11:00:00,45.6951
2025-10-17 12:00:00,38.0378
2025-10-17 13:00:00,27.1753
2025-10-17 14:00:00,23.9683
2025-10-17 15:00:00,25.4798
2025-10-17 16:00:00,31.7475
2025-10-17 17:00:00,39.6869
2025-10-17 18:00:00,50.6216
2025-10-17 19:00:00,60.5153
2025-10-17 20:00:00,65.6202
2025-10-17 21:00:00,62.2612
2025-10-17 22:00:00,50.0539
2025-10-17 23:00:00,41.7553
2025-10-18 00:00:00,23.6284
2025-10-18 01:00:00,20.4211
2025-10-18 02:00:00,17.6397
2025-10-18 03:00:00,17.2479
2025-10-18 04:00:00,18.3354
2025-10-18 05:00:00,20.6288
2025-10-18 06:00:00,23.9009
2025-10-18 07:00:00,27.0628
2025-10-18 08:00:00,29.0844
2025-10-18 09:00:00,34.3519
2025-10-18 10:00:00,38.8697
2025-10-18 11:00:00,37.2451
2025-10-18 12:00:00,29.5366
2025-10-18 13:00:00,21.4907
2025-10-18 14:00:00,22.3103
2025-10-18 15:00:00,25.7234
2025-10-18 16:00:00,28.2972
2025-10-18 17:00:00,35.1044
2025-10-18 18:00:00,41.715
2025-10-18 19:00:00,52.3988
2025-10-18 20:00:00,54.5906
2025-10-18 21:00:00,52.5496
2025-10-18 22:00:00,42.623
2025-10-18 23:00:00,35.6899
2025-10-19 00:00:00,23.775
2025-10-19 01:00:00,20.5924
2025-10-19 02:00:00,18.373
2025-10-19 03:00:00,17.4894
2025-10-19 04:00:00,18.2338
2025-10-19 05:00:00,20.824
2025-10-19 06:00:00,23.787
2025-10-19 07:00:00,24.5149
2025-10-19 08:00:00,27.5534
2025-10-19 09:00:00,34.4964
2025-10-19 10:00:00,38.3899
2025-10-19 11:00:00,37.5819
2025-10-19 12:00:00,28.9865
2025-10-19 13:00:00,22.674
2025-10-19 14:00:00,21.0411
2025-10-19 15:00:00,21.0634
2025-10-19 16:00:00,28.5748
2025-10-19 17:00:00,34.0779
2025-10-19 18:00:00,44.4932
2025-10-19 19:00:00,49.9718
2025-10-19 20:00:00,54.7014
2025-10-19 21:00:00,50.2862
2025-10-19 22:00:00,42.5217
2025-10-19 23:00:00,34.7125
2025-10-20 00:00:00,27.2584
2025-10-20 01:00:00,25.0857
2025-10-20 02:00:00,21.5199
2025-10-20 03:00:00,20.0377
2025-10-20 04:00:00,21.8184
2025-10-20 05:00:00,24.2698
2025-10-20 06:00:00,27.8089
2025-10-20 07:00:00,32.7919
2025-10-20 08:00:00,36.1693
2025-10-20 09:00:00,46.2648
2025-10-20 10:00:00,49.3545
2025-10-20 11:00:00,48.7019
2025-10-20 12:00:00,38.8931
2025-10-20 13:00:00,33.4816
2025-10-20 14:00:00,30.3862
2025-10-20 15:00:00,32.1202
2025-10-20 16:00:00,34.6628
2025-10-20 17:00:00,41.3961
2025-10-20 18:00:00,51.4357
2025-10-20 19:00:00,58.9751
2025-10-20 20:00:00,67.0817
2025-10-20 21:00:00,60.7203
2025-10-20 22:00:00,51.5252
2025-10-20 23:00:00,41.4151
2025-10-21 00:00:00,27.8775
2025-10-21 01:00:00,24.3531
2025-10-21 02:00:00,21.2687
2025-10-21 03:00:00,20.6084
2025-10-21 04:00:00,20.7355
2025-10-21 05:00:00,24.1841
2025-10-21 06:00:00,28.3604
2025-10-21 07:00:00,31.9412
2025-10-21 08:00:00,37.0705
2025-10-21 09:00:00,42.8943
2025-10-21 10:00:00,51.0661
2025-10-21 11:00:00,48.6332
2025-10-21 12:00:00,41.2278
2025-10-21 13:00:00,32.3522
2025-10-21 14:00:00,32.2896
2025-10-21 15:00:00,31.1184
2025-10-21 16:00:00,33.9651
2025-10-21 17:00:00,40.5383
2025-10-21 18:00:00,49.3048
2025-10-21 19:00:00,60.7221
2025-10-21 20:00:00,66.3328
2025-10-21 21:00:00,60.4302
2025-10-21 22:00:00,50.5066
2025-10-21 23:00:00,40.9683
2025-10-22 00:00:00,28.1859
2025-10-22 01:00:00,24.6748
2025-10-22 02:00:00,22.1771
2025-10-22 03:00:00,20.087
2025-10-22 04:00:00,21.3672
2025-10-22 05:00:00,24.2335
2025-10-22 06:00:00,28.2782
2025-10-22 07:00:00,28.8558
2025-10-22 08:00:00,32.3715
2025-10-22 09:00:00,39.1585
2025-10-22 10:00:00,47.4003
2025-10-22 11:00:00,44.7782
2025-10-22 12:00:00,38.1459
2025-10-22 13:00:00,30.1142
2025-10-22 14:00:00,25.9923
2025-10-22 15:00:00,27.498
2025-10-22 16:00:00,33.0284
2025-10-22 17:00:00,40.5269
2025-10-22 18:00:00,50.5129
2025-10-22 19:00:00,60.718
2025-10-22 20:00:00,67.0797
2025-10-22 21:00:00,61.0963
2025-10-22 22:00:00,50.1812
2025-10-22 23:00:00,39.9443
2025-10-23 00:00:00,27.1966
2025-10-23 01:00:00,24.0604
2025-10-23 02:00:00,21.7983
2025-10-23 03:00:00,19.6437
2025-10-23 04:00:00,21.3489
2025-10-23 05:00:00,23.7952
2025-10-23 06:00:00,28.2243
2025-10-23 07:00:00,30.2215
2025-10-23 08:00:00,32.4847
2025-10-23 09:00:00,38.4721
2025-10-23 10:00:00,45.8936
2025-10-23 11:00:00,42.0441
2025-10-23 12:00:00,35.4737
2025-10-23 13:00:00,27.3405
2025-10-23 14:00:00,25.1263
2025-10-23 15:00:00,27.0156
2025-10-23 16:00:00,32.3624
2025-10-23 17:00:00,40.3452
2025-10-23 18:00:00,49.9359
2025-10-23 19:00:00,60.6758
2025-10-23 20:00:00,66.1793
2025-10-23 21:00:00,61.8479
2025-10-23 22:00:00,50.8207
2025-10-23 23:00:00,39.6589
2025-10-24 00:00:00,27.7359
2025-10-24 01:00:00,24.6956
2025-10-24 02:00:00,20.8943
2025-10-24 03:00:00,20.1343
2025-10-24 04:00:00,21.2984
2025-10-24 05:00:00,24.1281
2025-10-24 06:00:00,28.2403
2025-10-24 07:00:00,29.7145
2025-10-24 08:00:00,33.3228
2025-10-24 09:00:00,39.5126
2025-10-24 10:00:00,48.8409
2025-10-24 11:00:00,46.5411
2025-10-24 12:00:00,38.8841
2025-10-24 13:00:00,29.2295
2025-10-24 14:00:00,25.7865
2025-10-24 15:00:00,28.1146
2025-10-24 16:00:00,32.9022
2025-10-24 17:00:00,39.911
2025-10-24 18:00:00,51.0638
2025-10-24 19:00:00,60.0143
2025-10-24 20:00:00,65.2675
2025-10-24 21:00:00,62.2057
2025-10-24 22:00:00,48.532
2025-10-24 23:00:00,40.4941
2025-10-25 00:00:00,23.4515
2025-10-25 01:00:00,20.466
2025-10-25 02:00:00,18.6505
2025-10-25 03:00:00,16.901
2025-10-25 04:00:00,18.1166
2025-10-25 05:00:00,20.7937
2025-10-25 06:00:00,23.692
2025-10-25 07:00:00,24.6083
2025-10-25 08:00:00,26.2576
2025-10-25 09:00:00,31.9868
2025-10-25 10:00:00,36.9561
2025-10-25 11:00:00,36.5148
2025-10-25 12:00:00,28.4189
2025-10-25 13:00:00,20.915
2025-10-25 14:00:00,19.6371
2025-10-25 15:00:00,20.8791
2025-10-25 16:00:00,26.7415
2025-10-25 17:00:00,34.5384
2025-10-25 18:00:00,44.3021
2025-10-25 19:00:00,51.8459
2025-10-25 20:00:00,55.3752
2025-10-25 21:00:00,51.4399
2025-10-25 22:00:00,42.2462
2025-10-25 23:00:00,33.6018
2025-10-26 00:00:00,23.5648
2025-10-26 01:00:00,20.6084
2025-10-26 02:00:00,18.3529
2025-10-26 03:00:00,16.9383
2025-10-26 04:00:00,18.5555
2025-10-26 05:00:00,20.3813
2025-10-26 06:00:00,23.4706
2025-10-26 07:00:00,25.3425
2025-10-26 08:00:00,26.3662
2025-10-26 09:00:00,31.3342
2025-10-26 10:00:00,37.7848
2025-10-26 11:00:00,35.2808
2025-10-26 12:00:00,29.087
2025-10-26 13:00:00,22.9415
2025-10-26 14:00:00,20.6277
2025-10-26 15:00:00,21.4243
2025-10-26 16:00:00,28.3035
2025-10-26 17:00:00,34.4826
2025-10-26 18:00:00,43.0333
2025-10-26 19:00:00,52.4362
2025-10-26 20:00:00,56.8502
2025-10-26 21:00:00,52.9342
2025-10-26 22:00:00,42.8324
2025-10-26 23:00:00,35.0105
2025-10-27 00:00:00,27.711
2025-10-27 01:00:00,24.2198
2025-10-27 02:00:00,21.1324
2025-10-27 03:00:00,20.1782
2025-10-27 04:00:00,21.4487
2025-10-27 05:00:00,24.1816
2025-10-27 06:00:00,27.879
2025-10-27 07:00:00,28.9827
2025-10-27 08:00:00,32.2311
2025-10-27 09:00:00,39.8358
2025-10-27 10:00:00,48.4005
2025-10-27 11:00:00,47.7254
2025-10-27 12:00:00,37.7515
2025-10-27 13:00:00,28.6349
2025-10-27 14:00:00,28.8736
2025-10-27 15:00:00,31.4265
2025-10-27 16:00:00,34.0291
2025-10-27 17:00:00,41.0789
2025-10-27 18:00:00,50.5291
2025-10-27 19:00:00,64.1895
2025-10-27 20:00:00,65.8212
2025-10-27 21:00:00,61.4685
2025-10-27 22:00:00,50.2882
2025-10-27 23:00:00,40.8583
2025-10-28 00:00:00,28.0066
2025-10-28 01:00:00,24.0796
2025-10-28 02:00:00,21.2762
2025-10-28 03:00:00,20.1495
2025-10-28 04:00:00,21.397
2025-10-28 05:00:00,24.1541
2025-10-28 06:00:00,28.1689
2025-10-28 07:00:00,30.611
2025-10-28 08:00:00,33.9005
2025-10-28 09:00:00,40.6479
2025-10-28 10:00:00,48.4706
2025-10-28 11:00:00,46.5099
2025-10-28 12:00:00,36.603
2025-10-28 13:00:00,28.027
2025-10-28 14:00:00,27.6916
2025-10-28 15:00:00,28.9589
2025-10-28 16:00:00,33.0554
2025-10-28 17:00:00,40.2085
2025-10-28 18:00:00,50.3044
2025-10-28 19:00:00,60.9758
2025-10-28 20:00:00,64.2899
2025-10-28 21:00:00,61.0273
2025-10-28 22:00:00,49.567
2025-10-28 23:00:00,40.7064
2025-10-29 00:00:00,27.1366
2025-10-29 01:00:00,23.325
2025-10-29 02:00:00,21.4857
2025-10-29 03:00:00,19.7336
2025-10-29 04:00:00,20.8916
2025-10-29 05:00:00,24.667
2025-10-29 06:00:00,28.679
2025-10-29 07:00:00,29.7157
2025-10-29 08:00:00,32.3261
2025-10-29 09:00:00,39.5392
2025-10-29 10:00:00,45.0731
2025-10-29 11:00:00,46.0147
2025-10-29 12:00:00,35.8688
2025-10-29 13:00:00,27.6197
2025-10-29 14:00:00,24.9066
2025-10-29 15:00:00,27.0515
2025-10-29 16:00:00,32.747
2025-10-29 17:00:00,40.5391
2025-10-29 18:00:00,49.6325
2025-10-29 19:00:00,60.5953
2025-10-29 20:00:00,64.7889
2025-10-29 21:00:00,60.7764
2025-10-29 22:00:00,49.6415
2025-10-29 23:00:00,40.5315
2025-10-30 00:00:00,27.4462
2025-10-30 01:00:00,24.6142
2025-10-30 02:00:00,21.1037
2025-10-30 03:00:00,20.1695
2025-10-30 04:00:00,21.4165
2025-10-30 05:00:00,24.5014
2025-10-30 06:00:00,28.5916
2025-10-30 07:00:00,30.9127
2025-10-30 08:00:00,37.1016
2025-10-30 09:00:00,43.2572
2025-10-30 10:00:00,50.4124
2025-10-30 11:00:00,46.8398
2025-10-30 12:00:00,36.2631
2025-10-30 13:00:00,28.543
2025-10-30 14:00:00,26.0296
2025-10-30 15:00:00,27.675
2025-10-30 16:00:00,32.3874
2025-10-30 17:00:00,39.6865
2025-10-30 18:00:00,52.7262
2025-10-30 19:00:00,59.6725
2025-10-30 20:00:00,66.457
2025-10-30 21:00:00,60.5017
2025-10-30 22:00:00,50.6757
2025-10-30 23:00:00,39.8858
2025-10-31 00:00:00,27.626
2025-10-31 01:00:00,24.0135
2025-10-31 02:00:00,21.9157
2025-10-31 03:00:00,20.3604
2025-10-31 04:00:00,21.023
2025-10-31 05:00:00,24.1207
2025-10-31 06:00:00,28.2437
2025-10-31 07:00:00,28.9764
2025-10-31 08:00:00,32.3699
2025-10-31 09:00:00,39.0431
2025-10-31 10:00:00,44.632
2025-10-31 11:00:00,45.9249
2025-10-31 12:00:00,37.1715
2025-10-31 13:00:00,27.3456
2025-10-31 14:00:00,24.8818
2025-10-31 15:00:00,26.4663
2025-10-31 16:00:00,32.9827
2025-10-31 17:00:00,40.9378
2025-10-31 18:00:00,51.3012
2025-10-31 19:00:00,59.9984
2025-10-31 20:00:00,66.6441
2025-10-31 21:00:00,63.2297
2025-10-31 22:00:00,48.0034
2025-10-31 23:00:00,40.7635
2025-11-01 00:00:00,24.4471
2025-11-01 01:00:00,21.2021
2025-11-01 02:00:00,18.6924
2025-11-01 03:00:00,17.2584
2025-11-01 04:00:00,18.6086
2025-11-01 05:00:00,21.1343
2025-11-01 06:00:00,24.727
2025-11-01 07:00:00,25.6802
2025-11-01 08:00:00,26.7065
2025-11-01 09:00:00,33.2986
2025-11-01 10:00:00,38.4418
2025-11-01 11:00:00,39.281
2025-11-01 12:00:00,30.5572
2025-11-01 13:00:00,23.1786
2025-11-01 14:00:00,21.5975
2025-11-01 15:00:00,24.3278
2025-11-01 16:00:00,28.3242
2025-11-01 17:00:00,35.1777
2025-11-01 18:00:00,43.9025
2025-11-01 19:00:00,51.5973
2025-11-01 20:00:00,57.8336
2025-11-01 21:00:00,54.3485
2025-11-01 22:00:00,44.1548
2025-11-01 23:00:00,35.4172
2025-11-02 00:00:00,24.1044
2025-11-02 01:00:00,20.9598
2025-11-02 02:00:00,19.0244
2025-11-02 03:00:00,18.1978
2025-11-02 04:00:00,19.1205
2025-11-02 05:00:00,21.7593
2025-11-02 06:00:00,24.3596
2025-11-02 07:00:00,26.7875
2025-11-02 08:00:00,29.23
2025-11-02 09:00:00,36.4897
2025-11-02 10:00:00,43.6414
2025-11-02 11:00:00,39.1865
2025-11-02 12:00:00,33.4921
2025-11-02 13:00:00,24.6212
2025-11-02 14:00:00,22.4671
2025-11-02 15:00:00,22.8528
2025-11-02 16:00:00,29.6589
2025-11-02 17:00:00,35.8017
2025-11-02 18:00:00,43.8441
2025-11-02 19:00:00,51.6517
2025-11-02 20:00:00,57.4016
2025-11-02 21:00:00,53.3185
2025-11-02 22:00:00,43.9009
2025-11-02 23:00:00,35.1424
2025-11-03 00:00:00,28.2384
2025-11-03 01:00:00,25.2127
2025-11-03 02:00:00,21.9641
2025-11-03 03:00:00,20.6299
2025-11-03 04:00:00,21.7525
2025-11-03 05:00:00,25.1587
2025-11-03 06:00:00,28.9677
2025-11-03 07:00:00,29.9417
2025-11-03 08:00:00,34.6844
2025-11-03 09:00:00,40.5115
2025-11-03 10:00:00,48.2894
2025-11-03 11:00:00,46.6352
2025-11-03 12:00:00,38.5287
2025-11-03 13:00:00,29.6194
2025-11-03 14:00:00,26.349
2025-11-03 15:00:00,28.0616
2025-11-03 16:00:00,34.0692
2025-11-03 17:00:00,41.92
2025-11-03 18:00:00,51.2184
2025-11-03 19:00:00,61.521
2025-11-03 20:00:00,68.1458
2025-11-03 21:00:00,62.037
2025-11-03 22:00:00,52.1195
2025-11-03 23:00:00,41.9021
2025-11-04 00:00:00,28.5398
2025-11-04 01:00:00,24.7728
2025-11-04 02:00:00,21.9277
2025-11-04 03:00:00,20.7692
2025-11-04 04:00:00,22.5425
2025-11-04 05:00:00,25.2234
2025-11-04 06:00:00,28.8961
2025-11-04 07:00:00,30.9094
2025-11-04 08:00:00,34.2566
2025-11-04 09:00:00,43.5392
2025-11-04 10:00:00,49.1395
2025-11-04 11:00:00,49.7128
2025-11-04 12:00:00,41.0998
2025-11-04 13:00:00,33.6513
2025-11-04 14:00:00,31.0454
2025-11-04 15:00:00,32.1432
2025-11-04 16:00:00,35.1946
2025-11-04 17:00:00,41.7394
2025-11-04 18:00:00,52.6545
2025-11-04 19:00:00,64.1753
2025-11-04 20:00:00,69.4968
2025-11-04 21:00:00,60.5766
2025-11-04 22:00:00,51.3392
2025-11-04 23:00:00,42.4953
2025-11-05 00:00:00,28.0377
2025-11-05 01:00:00,25.2374
2025-11-05 02:00:00,22.2855
2025-11-05 03:00:00,20.4434
2025-11-05 04:00:00,21.988
2025-11-05 05:00:00,24.9031
2025-11-05 06:00:00,28.3301
2025-11-05 07:00:00,31.9387
2025-11-05 08:00:00,39.7971
2025-11-05 09:00:00,50.717
2025-11-05 10:00:00,61.2519
2025-11-05 11:00:00,60.1228
2025-11-05 12:00:00,50.0798
2025-11-05 13:00:00,40.697
2025-11-05 14:00:00,35.523
2025-11-05 15:00:00,34.2526
2025-11-05 16:00:00,36.4237
2025-11-05 17:00:00,42.0271
2025-11-05 18:00:00,50.0809
2025-11-05 19:00:00,62.4182
2025-11-05 20:00:00,69.0011
2025-11-05 21:00:00,63.3856
2025-11-05 22:00:00,50.7299
2025-11-05 23:00:00,40.8852
2025-11-06 00:00:00,27.8869
2025-11-06 01:00:00,24.9487
2025-11-06 02:00:00,21.87
2025-11-06 03:00:00,20.8289
2025-11-06 04:00:00,21.9562
2025-11-06 05:00:00,24.5719
2025-11-06 06:00:00,28.4096
2025-11-06 07:00:00,30.5865
2025-11-06 08:00:00,34.8398
2025-11-06 09:00:00,43.7587
2025-11-06 10:00:00,48.3305
2025-11-06 11:00:00,48.8886
2025-11-06 12:00:00,38.9207
2025-11-06 13:00:00,29.5255
2025-11-06 14:00:00,25.5461
2025-11-06 15:00:00,28.2163
2025-11-06 16:00:00,33.5831
2025-11-06 17:00:00,40.7207
2025-11-06 18:00:00,52.254
2025-11-06 19:00:00,61.8698
2025-11-06 20:00:00,66.5847
2025-11-06 21:00:00,63.4844
2025-11-06 22:00:00,51.7577
2025-11-06 23:00:00,41.34
2025-11-07 00:00:00,28.2325
2025-11-07 01:00:00,24.835
2025-11-07 02:00:00,21.1893
2025-11-07 03:00:00,21.0831
2025-11-07 04:00:00,21.692
2025-11-07 05:00:00,25.1266
2025-11-07 06:00:00,28.0185
2025-11-07 07:00:00,31.0478
2025-11-07 08:00:00,32.895
2025-11-07 09:00:00,41.3786
2025-11-07 10:00:00,46.5215
2025-11-07 11:00:00,46.0441
2025-11-07 12:00:00,37.9229
2025-11-07 13:00:00,28.6986
2025-11-07 14:00:00,26.555
2025-11-07 15:00:00,28.3162
2025-11-07 16:00:00,33.3177
2025-11-07 17:00:00,42.0399
2025-11-07 18:00:00,52.31
2025-11-07 19:00:00,62.7842
2025-11-07 20:00:00,67.2933
2025-11-07 21:00:00,63.9785
2025-11-07 22:00:00,52.5894
2025-11-07 23:00:00,40.8809
2025-11-08 00:00:00,24.0887
2025-11-08 01:00:00,21.2081
2025-11-08 02:00:00,18.6816
2025-11-08 03:00:00,17.2632
2025-11-08 04:00:00,18.8581
2025-11-08 05:00:00,21.5509
2025-11-08 06:00:00,24.8475
2025-11-08 07:00:00,26.0762
2025-11-08 08:00:00,26.5791
2025-11-08 09:00:00,33.867
2025-11-08 10:00:00,37.0676
2025-11-08 11:00:00,37.5109
2025-11-08 12:00:00,29.3911
2025-11-08 13:00:00,22.8615
2025-11-08 14:00:00,22.9429
2025-11-08 15:00:00,23.7168
2025-11-08 16:00:00,29.6446
2025-11-08 17:00:00,35.5049
2025-11-08 18:00:00,45.4747
2025-11-08 19:00:00,52.8208
2025-11-08 20:00:00,58.2929
2025-11-08 21:00:00,53.9111
2025-11-08 22:00:00,44.4567
2025-11-08 23:00:00,35.4774
2025-11-09 00:00:00,23.7259
2025-11-09 01:00:00,20.6351
2025-11-09 02:00:00,18.7113
2025-11-09 03:00:00,17.4794
2025-11-09 04:00:00,18.2268
2025-11-09 05:00:00,21.4047
2025-11-09 06:00:00,23.9126
2025-11-09 07:00:00,25.5723
2025-11-09 08:00:00,28.6914
2025-11-09 09:00:00,34.761
2025-11-09 10:00:00,38.8257
2025-11-09 11:00:00,39.5947
2025-11-09 12:00:00,33.1586
2025-11-09 13:00:00,27.3373
2025-11-09 14:00:00,22.9749
2025-11-09 15:00:00,23.3402
2025-11-09 16:00:00,29.0752
2025-11-09 17:00:00,35.2521
2025-11-09 18:00:00,43.1587
2025-11-09 19:00:00,51.1298
2025-11-09 20:00:00,58.5123
2025-11-09 21:00:00,52.434
2025-11-09 22:00:00,44.05
2025-11-09 23:00:00,34.7633
2025-11-10 00:00:00,28.4145
2025-11-10 01:00:00,25.4832
2025-11-10 02:00:00,22.3095
2025-11-10 03:00:00,20.6995
2025-11-10 04:00:00,22.0458
2025-11-10 05:00:00,25.4293
2025-11-10 06:00:00,28.4341
2025-11-10 07:00:00,30.8573
2025-11-10 08:00:00,35.2432
2025-11-10 09:00:00,42.9989
2025-11-10 10:00:00,47.5942
2025-11-10 11:00:00,51.9548
2025-11-10 12:00:00,43.3003
2025-11-10 13:00:00,32.4809
2025-11-10 14:00:00,27.1242
2025-11-10 15:00:00,30.9649
2025-11-10 16:00:00,34.3882
2025-11-10 17:00:00,42.2642
2025-11-10 18:00:00,51.2121
2025-11-10 19:00:00,62.0556
2025-11-10 20:00:00,68.6681
2025-11-10 21:00:00,62.5152
2025-11-10 22:00:00,50.7534
2025-11-10 23:00:00,41.417
2025-11-11 00:00:00,28.5612
2025-11-11 01:00:00,24.3509
2025-11-11 02:00:00,21.7488
2025-11-11 03:00:00,20.6357
2025-11-11 04:00:00,22.1119
2025-11-11 05:00:00,25.1213
2025-11-11 06:00:00,28.5184
2025-11-11 07:00:00,32.4878
2025-11-11 08:00:00,36.0038
2025-11-11 09:00:00,40.5914
2025-11-11 10:00:00,48.5815
2025-11-11 11:00:00,45.1243
2025-11-11 12:00:00,37.9668
2025-11-11 13:00:00,29.5767
2025-11-11 14:00:00,26.458
2025-11-11 15:00:00,28.5385
2025-11-11 16:00:00,33.6627
2025-11-11 17:00:00,41.8839
2025-11-11 18:00:00,52.2358
2025-11-11 19:00:00,63.1356
2025-11-11 20:00:00,67.0232
2025-11-11 21:00:00,62.3955
2025-11-11 22:00:00,52.3969
2025-11-11 23:00:00,41.3733
2025-11-12 00:00:00,28.8092
2025-11-12 01:00:00,24.7601
2025-11-12 02:00:00,22.7722
2025-11-12 03:00:00,20.3681
2025-11-12 04:00:00,21.5196
2025-11-12 05:00:00,24.9632
2025-11-12 06:00:00,28.442
2025-11-12 07:00:00,31.615
2025-11-12 08:00:00,35.7648
2025-11-12 09:00:00,43.7449
2025-11-12 10:00:00,50.2695
2025-11-12 11:00:00,48.6022
2025-11-12 12:00:00,38.2491
2025-11-12 13:00:00,29.7155
2025-11-12 14:00:00,27.4748
2025-11-12 15:00:00,28.436
2025-11-12 16:00:00,34.1091
2025-11-12 17:00:00,42.0782
2025-11-12 18:00:00,51.3529
2025-11-12 19:00:00,62.3782
2025-11-12 20:00:00,66.7776
2025-11-12 21:00:00,63.1646
2025-11-12 22:00:00,51.5263
2025-11-12 23:00:00,41.421
2025-11-13 00:00:00,28.1404
2025-11-13 01:00:00,24.39
2025-11-13 02:00:00,22.2489
2025-11-13 03:00:00,20.5374
2025-11-13 04:00:00,21.9437
2025-11-13 05:00:00,24.977
2025-11-13 06:00:00,28.353
2025-11-13 07:00:00,32.7893
2025-11-13 08:00:00,37.8647
2025-11-13 09:00:00,46.0567
2025-11-13 10:00:00,50.6739
2025-11-13 11:00:00,52.4424
2025-11-13 12:00:00,46.5853
2025-11-13 13:00:00,39.0339
2025-11-13 14:00:00,35.4598
2025-11-13 15:00:00,34.2727
2025-11-13 16:00:00,35.9848
2025-11-13 17:00:00,41.365
2025-11-13 18:00:00,50.6797
2025-11-13 19:00:00,63.4139
2025-11-13 20:00:00,68.73
2025-11-13 21:00:00,63.0869
2025-11-13 22:00:00,50.7473
2025-11-13 23:00:00,40.5942
2025-11-14 00:00:00,28.8875
2025-11-14 01:00:00,24.5116
2025-11-14 02:00:00,21.6142
2025-11-14 03:00:00,20.3334
2025-11-14 04:00:00,21.6336
2025-11-14 05:00:00,24.4471
2025-11-14 06:00:00,28.5989
2025-11-14 07:00:00,31.5615
2025-11-14 08:00:00,34.4723
2025-11-14 09:00:00,40.831
2025-11-14 10:00:00,47.6762
2025-11-14 11:00:00,48.3044
2025-11-14 12:00:00,43.1229
2025-11-14 13:00:00,35.3355
2025-11-14 14:00:00,29.9261
2025-11-14 15:00:00,31.3124
2025-11-14 16:00:00,35.9883
2025-11-14 17:00:00,43.3881
2025-11-14 18:00:00,50.9743
2025-11-14 19:00:00,60.8077
2025-11-14 20:00:00,65.5596
2025-11-14 21:00:00,61.6784
2025-11-14 22:00:00,51.7851
2025-11-14 23:00:00,41.6606
2025-11-15 00:00:00,24.4852
2025-11-15 01:00:00,21.5576
2025-11-15 02:00:00,18.6655
2025-11-15 03:00:00,17.4418
2025-11-15 04:00:00,18.5525
2025-11-15 05:00:00,21.2567
2025-11-15 06:00:00,24.1642
2025-11-15 07:00:00,25.9352
2025-11-15 08:00:00,28.3927
2025-11-15 09:00:00,35.9351
2025-11-15 10:00:00,42.096
2025-11-15 11:00:00,39.9033
2025-11-15 12:00:00,31.4464
2025-11-15 13:00:00,24.1489
2025-11-15 14:00:00,20.3686
2025-11-15 15:00:00,23.9165
2025-11-15 16:00:00,28.7176
2025-11-15 17:00:00,34.6454
2025-11-15 18:00:00,43.5789
2025-11-15 19:00:00,53.289
2025-11-15 20:00:00,58.0787
2025-11-15 21:00:00,54.2595
2025-11-15 22:00:00,43.8406
2025-11-15 23:00:00,35.9908
2025-11-16 00:00:00,23.7183
2025-11-16 01:00:00,21.1675
2025-11-16 02:00:00,18.2936
2025-11-16 03:00:00,17.661
2025-11-16 04:00:00,18.7991
2025-11-16 05:00:00,20.6651
2025-11-16 06:00:00,24.5913
2025-11-16 07:00:00,28.1298
2025-11-16 08:00:00,32.9937
2025-11-16 09:00:00,39.8701
2025-11-16 10:00:00,46.5412
2025-11-16 11:00:00,42.0199
2025-11-16 12:00:00,32.1997
2025-11-16 13:00:00,23.1867
2025-11-16 14:00:00,20.4926
2025-11-16 15:00:00,23.5541
2025-11-16 16:00:00,28.6444
2025-11-16 17:00:00,35.4352
2025-11-16 18:00:00,43.602
2025-11-16 19:00:00,52.5497
2025-11-16 20:00:00,57.738
2025-11-16 21:00:00,52.9152
2025-11-16 22:00:00,43.0493
2025-11-16 23:00:00,35.6798
2025-11-17 00:00:00,27.7335
2025-11-17 01:00:00,24.3724
2025-11-17 02:00:00,21.6454
2025-11-17 03:00:00,20.1523
2025-11-17 04:00:00,22.2058
2025-11-17 05:00:00,25.6155
2025-11-17 06:00:00,28.6107
2025-11-17 07:00:00,32.2834
2025-11-17 08:00:00,35.5937
2025-11-17 09:00:00,42.2373
2025-11-17 10:00:00,47.2483
2025-11-17 11:00:00,46.5064
2025-11-17 12:00:00,39.0065
2025-11-17 13:00:00,30.5853
2025-11-17 14:00:00,25.7865
2025-11-17 15:00:00,27.5126
2025-11-17 16:00:00,35.0033
2025-11-17 17:00:00,41.2224
2025-11-17 18:00:00,51.179
2025-11-17 19:00:00,61.9585
2025-11-17 20:00:00,67.5803
2025-11-17 21:00:00,60.7112
2025-11-17 22:00:00,50.903
2025-11-17 23:00:00,42.2335
2025-11-18 00:00:00,27.4614
2025-11-18 01:00:00,24.8742
2025-11-18 02:00:00,21.4504
2025-11-18 03:00:00,20.7516
2025-11-18 04:00:00,21.3057
2025-11-18 05:00:00,24.3994
2025-11-18 06:00:00,28.542
2025-11-18 07:00:00,32.2894
2025-11-18 08:00:00,37.5468
2025-11-18 09:00:00,44.9563
2025-11-18 10:00:00,51.2952
2025-11-18 11:00:00,48.1894
2025-11-18 12:00:00,40.4407
2025-11-18 13:00:00,31.1944
2025-11-18 14:00:00,28.5773
2025-11-18 15:00:00,31.3683
2025-11-18 16:00:00,35.8655
2025-11-18 17:00:00,41.4324
2025-11-18 18:00:00,51.0848
2025-11-18 19:00:00,62.7587
2025-11-18 20:00:00,66.2551
2025-11-18 21:00:00,61.1891
2025-11-18 22:00:00,52.402
2025-11-18 23:00:00,40.3057
2025-11-19 00:00:00,28.3035
2025-11-19 01:00:00,25.1279
2025-11-19 02:00:00,21.7686
2025-11-19 03:00:00,20.6495
2025-11-19 04:00:00,22.4646
2025-11-19 05:00:00,24.8812
2025-11-19 06:00:00,28.1584
2025-11-19 07:00:00,32.3712
2025-11-19 08:00:00,38.3112
2025-11-19 09:00:00,44.1841
2025-11-19 10:00:00,50.717
2025-11-19 11:00:00,49.4399
2025-11-19 12:00:00,41.768
2025-11-19 13:00:00,31.0838
2025-11-19 14:00:00,27.6894
2025-11-19 15:00:00,29.2769
2025-11-19 16:00:00,34.3861
2025-11-19 17:00:00,40.2574
2025-11-19 18:00:00,51.3271
2025-11-19 19:00:00,60.9366
2025-11-19 20:00:00,67.3668
2025-11-19 21:00:00,62.4269
2025-11-19 22:00:00,52.3817
2025-11-19 23:00:00,41.1005
2025-11-20 00:00:00,27.936
2025-11-20 01:00:00,24.8962
2025-11-20 02:00:00,21.357
2025-11-20 03:00:00,20.9552
2025-11-20 04:00:00,21.3735
2025-11-20 05:00:00,24.0579
2025-11-20 06:00:00,29.0243
2025-11-20 07:00:00,30.629
2025-11-20 08:00:00,35.3588
2025-11-20 09:00:00,44.1483
2025-11-20 10:00:00,47.4006
2025-11-20 11:00:00,48.0179
2025-11-20 12:00:00,37.9797
2025-11-20 13:00:00,29.2597
2025-11-20 14:00:00,29.3027
2025-11-20 15:00:00,32.7559
2025-11-20 16:00:00,35.1064
2025-11-20 17:00:00,41.5815
2025-11-20 18:00:00,50.8699
2025-11-20 19:00:00,63.6595
2025-11-20 20:00:00,67.5657
2025-11-20 21:00:00,62.661
2025-11-20 22:00:00,50.2712
2025-11-20 23:00:00,41.2091
2025-11-21 00:00:00,28.5416
2025-11-21 01:00:00,24.9154
2025-11-21 02:00:00,21.72
2025-11-21 03:00:00,20.8211
2025-11-21 04:00:00,21.3337
2025-11-21 05:00:00,24.5934
2025-11-21 06:00:00,28.8104
2025-11-21 07:00:00,30.5521
2025-11-21 08:00:00,36.8302
2025-11-21 09:00:00,44.5302
2025-11-21 10:00:00,48.938
2025-11-21 11:00:00,47.8075
2025-11-21 12:00:00,41.633
2025-11-21 13:00:00,32.6047
2025-11-21 14:00:00,31.9761
2025-11-21 15:00:00,33.8224
2025-11-21 16:00:00,35.245
2025-11-21 17:00:00,42.0426
2025-11-21 18:00:00,51.0253
2025-11-21 19:00:00,62.146
2025-11-21 20:00:00,68.3102
2025-11-21 21:00:00,62.8733
2025-11-21 22:00:00,50.5324
2025-11-21 23:00:00,42.0353
2025-11-22 00:00:00,23.3818
2025-11-22 01:00:00,21.01
2025-11-22 02:00:00,18.5395
2025-11-22 03:00:00,17.058
2025-11-22 04:00:00,18.5941
2025-11-22 05:00:00,21.2821
2025-11-22 06:00:00,24.5435
2025-11-22 07:00:00,26.5043
2025-11-22 08:00:00,27.4616
2025-11-22 09:00:00,33.6169
2025-11-22 10:00:00,38.4902
2025-11-22 11:00:00,37.3051
2025-11-22 12:00:00,30.6553
2025-11-22 13:00:00,23.6869
2025-11-22 14:00:00,21.7217
2025-11-22 15:00:00,25.1877
2025-11-22 16:00:00,29.7608
2025-11-22 17:00:00,35.1753
2025-11-22 18:00:00,42.9867
2025-11-22 19:00:00,52.7335
2025-11-22 20:00:00,58.7155
2025-11-22 21:00:00,52.3895
2025-11-22 22:00:00,43.795
2025-11-22 23:00:00,35.1248
2025-11-23 00:00:00,23.875
2025-11-23 01:00:00,21.1893
2025-11-23 02:00:00,18.4287
2025-11-23 03:00:00,17.612
2025-11-23 04:00:00,18.2386
2025-11-23 05:00:00,20.6179
2025-11-23 06:00:00,23.9946
2025-11-23 07:00:00,26.3121
2025-11-23 08:00:00,28.7014
2025-11-23 09:00:00,33.9305
2025-11-23 10:00:00,38.7938
2025-11-23 11:00:00,37.5547
2025-11-23 12:00:00,29.3326
2025-11-23 13:00:00,22.9377
2025-11-23 14:00:00,21.3262
2025-11-23 15:00:00,22.7902
2025-11-23 16:00:00,28.6164
2025-11-23 17:00:00,35.7525
2025-11-23 18:00:00,43.0457
2025-11-23 19:00:00,53.2267
2025-11-23 20:00:00,56.745
2025-11-23 21:00:00,51.8292
2025-11-23 22:00:00,43.7094
2025-11-23 23:00:00,35.3671
2025-11-24 00:00:00,28.1829
2025-11-24 01:00:00,24.9057
2025-11-24 02:00:00,21.8244
2025-11-24 03:00:00,20.3393
2025-11-24 04:00:00,22.4408
2025-11-24 05:00:00,24.7301
2025-11-24 06:00:00,28.2856
2025-11-24 07:00:00,31.3277
2025-11-24 08:00:00,33.1522
2025-11-24 09:00:00,40.8411
2025-11-24 10:00:00,45.7454
2025-11-24 11:00:00,45.9795
2025-11-24 12:00:00,37.6541
2025-11-24 13:00:00,28.9749
2025-11-24 14:00:00,26.6489
2025-11-24 15:00:00,28.762
2025-11-24 16:00:00,34.0097
2025-11-24 17:00:00,40.9863
2025-11-24 18:00:00,51.4018
2025-11-24 19:00:00,63.3569
2025-11-24 20:00:00,67.966
2025-11-24 21:00:00,61.8837
2025-11-24 22:00:00,50.8165
2025-11-24 23:00:00,41.6278
2025-11-25 00:00:00,27.9978
2025-11-25 01:00:00,24.6778
2025-11-25 02:00:00,22.6172
2025-11-25 03:00:00,20.2011
2025-11-25 04:00:00,22.4214
2025-11-25 05:00:00,24.6687
2025-11-25 06:00:00,28.8436
2025-11-25 07:00:00,31.1008
2025-11-25 08:00:00,33.6803
2025-11-25 09:00:00,41.3985
2025-11-25 10:00:00,47.243
2025-11-25 11:00:00,46.2973
2025-11-25 12:00:00,36.1558
2025-11-25 13:00:00,28.2848
2025-11-25 14:00:00,25.5747
2025-11-25 15:00:00,28.3445
2025-11-25 16:00:00,33.7091
2025-11-25 17:00:00,40.6879
2025-11-25 18:00:00,51.7085
2025-11-25 19:00:00,61.5624
2025-11-25 20:00:00,66.9999
2025-11-25 21:00:00,60.96
2025-11-25 22:00:00,52.5654
2025-11-25 23:00:00,41.4388
2025-11-26 00:00:00,27.9743
2025-11-26 01:00:00,24.7018
2025-11-26 02:00:00,21.5481
2025-11-26 03:00:00,20.563
2025-11-26 04:00:00,21.734
2025-11-26 05:00:00,25.1362
2025-11-26 06:00:00,28.5547
2025-11-26 07:00:00,31.1427
2025-11-26 08:00:00,35.1563
2025-11-26 09:00:00,40.806
2025-11-26 10:00:00,49.3192
2025-11-26 11:00:00,47.1539
2025-11-26 12:00:00,37.6582
2025-11-26 13:00:00,29.5423
2025-11-26 14:00:00,26.1384
2025-11-26 15:00:00,28.4397
2025-11-26 16:00:00,34.1287
2025-11-26 17:00:00,41.6866
2025-11-26 18:00:00,52.4892
2025-11-26 19:00:00,61.5868
2025-11-26 20:00:00,67.7516
2025-11-26 21:00:00,62.5895
2025-11-26 22:00:00,51.6279
2025-11-26 23:00:00,41.117
2025-11-27 00:00:00,28.1909
2025-11-27 01:00:00,24.8836
2025-11-27 02:00:00,21.7698
2025-11-27 03:00:00,20.8004
2025-11-27 04:00:00,21.8271
2025-11-27 05:00:00,25.3313
2025-11-27 06:00:00,28.3758
2025-11-27 07:00:00,32.6258
2025-11-27 08:00:00,35.7683
2025-11-27 09:00:00,42.6501
2025-11-27 10:00:00,48.4704
2025-11-27 11:00:00,49.2713
2025-11-27 12:00:00,42.4034
2025-11-27 13:00:00,32.8943
2025-11-27 14:00:00,27.7497
2025-11-27 15:00:00,29.8118
2025-11-27 16:00:00,34.4001
2025-11-27 17:00:00,42.4543
2025-11-27 18:00:00,51.8493
2025-11-27 19:00:00,62.1397
2025-11-27 20:00:00,66.412
2025-11-27 21:00:00,63.5123
2025-11-27 22:00:00,51.6468
2025-11-27 23:00:00,42.4277
2025-11-28 00:00:00,28.9034
2025-11-28 01:00:00,24.9917
2025-11-28 02:00:00,21.6933
2025-11-28 03:00:00,20.407
2025-11-28 04:00:00,22.2425
2025-11-28 05:00:00,25.4697
2025-11-28 06:00:00,28.8925
2025-11-28 07:00:00,32.3022
2025-11-28 08:00:00,34.5143
2025-11-28 09:00:00,41.2891
2025-11-28 10:00:00,47.7067
2025-11-28 11:00:00,46.1675
2025-11-28 12:00:00,38.4536
2025-11-28 13:00:00,28.5941
2025-11-28 14:00:00,25.4655
2025-11-28 15:00:00,28.1447
2025-11-28 16:00:00,34.4483
2025-11-28 17:00:00,41.2071
2025-11-28 18:00:00,52.6297
2025-11-28 19:00:00,62.614
2025-11-28 20:00:00,67.2963
2025-11-28 21:00:00,62.8087
2025-11-28 22:00:00,51.009
2025-11-28 23:00:00,40.966
2025-11-29 00:00:00,23.7493
2025-11-29 01:00:00,21.1432
2025-11-29 02:00:00,18.9476
2025-11-29 03:00:00,17.3977
2025-11-29 04:00:00,18.543
2025-11-29 05:00:00,21.2167
2025-11-29 06:00:00,24.6107
2025-11-29 07:00:00,25.9965
2025-11-29 08:00:00,28.5507
2025-11-29 09:00:00,33.1632
2025-11-29 10:00:00,37.6714
2025-11-29 11:00:00,37.1426
2025-11-29 12:00:00,29.6117
2025-11-29 13:00:00,22.6016
2025-11-29 14:00:00,19.7627
2025-11-29 15:00:00,22.9051
2025-11-29 16:00:00,28.6873
2025-11-29 17:00:00,35.5408
2025-11-29 18:00:00,43.6159
2025-11-29 19:00:00,52.9966
2025-11-29 20:00:00,57.1268
2025-11-29 21:00:00,53.023
2025-11-29 22:00:00,43.8102
2025-11-29 23:00:00,34.7949
2025-11-30 00:00:00,23.4482
2025-11-30 01:00:00,20.9692
2025-11-30 02:00:00,18.6838
2025-11-30 03:00:00,17.454
2025-11-30 04:00:00,18.6531
2025-11-30 05:00:00,20.7552
2025-11-30 06:00:00,24.3774
2025-11-30 07:00:00,26.9692
2025-11-30 08:00:00,28.5572
2025-11-30 09:00:00,33.0863
2025-11-30 10:00:00,37.0376
2025-11-30 11:00:00,36.9336
2025-11-30 12:00:00,30.0343
2025-11-30 13:00:00,21.6715
2025-11-30 14:00:00,20.9393
2025-11-30 15:00:00,23.3501
2025-11-30 16:00:00,29.3851
2025-11-30 17:00:00,34.7308
2025-11-30 18:00:00,44.0577
2025-11-30 19:00:00,53.6174
2025-11-30 20:00:00,58.5376
2025-11-30 21:00:00,52.2735
2025-11-30 22:00:00,44.2155
2025-11-30 23:00:00,35.8332
2025-12-01 00:00:00,32.1353
2025-12-01 01:00:00,28.1365
2025-12-01 02:00:00,25.3733
2025-12-01 03:00:00,22.9964
2025-12-01 04:00:00,24.5465
2025-12-01 05:00:00,28.5581
2025-12-01 06:00:00,32.3513
2025-12-01 07:00:00,35.8853
2025-12-01 08:00:00,41.2203
2025-12-01 09:00:00,51.6701
2025-12-01 10:00:00,61.0191
2025-12-01 11:00:00,59.4099
2025-12-01 12:00:00,48.7879
2025-12-01 13:00:00,39.5041
2025-12-01 14:00:00,36.4202
2025-12-01 15:00:00,37.1634
2025-12-01 16:00:00,40.4653
2025-12-01 17:00:00,46.5419
2025-12-01 18:00:00,60.0703
2025-12-01 19:00:00,72.7248
2025-12-01 20:00:00,77.603
2025-12-01 21:00:00,71.0064
2025-12-01 22:00:00,59.3887
2025-12-01 23:00:00,46.3487
2025-12-02 00:00:00,32.5146
2025-12-02 01:00:00,28.0233
2025-12-02 02:00:00,24.4634
2025-12-02 03:00:00,23.5842
2025-12-02 04:00:00,24.5425
2025-12-02 05:00:00,28.0988
2025-12-02 06:00:00,33.0183
2025-12-02 07:00:00,37.3579
2025-12-02 08:00:00,40.913
2025-12-02 09:00:00,48.5016
2025-12-02 10:00:00,56.345
2025-12-02 11:00:00,54.9234
2025-12-02 12:00:00,45.5509
2025-12-02 13:00:00,34.6462
2025-12-02 14:00:00,32.727
2025-12-02 15:00:00,34.3396
2025-12-02 16:00:00,39.6189
2025-12-02 17:00:00,47.9369
2025-12-02 18:00:00,59.0022
2025-12-02 19:00:00,70.5186
2025-12-02 20:00:00,76.9231
2025-12-02 21:00:00,71.0853
2025-12-02 22:00:00,58.8027
2025-12-02 23:00:00,47.1533
2025-12-03 00:00:00,32.2592
2025-12-03 01:00:00,28.8629
2025-12-03 02:00:00,24.7246
2025-12-03 03:00:00,23.5884
2025-12-03 04:00:00,24.6718
2025-12-03 05:00:00,28.2023
2025-12-03 06:00:00,32.2715
2025-12-03 07:00:00,38.7254
2025-12-03 08:00:00,47.3589
2025-12-03 09:00:00,57.8844
2025-12-03 10:00:00,62.7302
2025-12-03 11:00:00,60.5467
2025-12-03 12:00:00,56.7409
2025-12-03 13:00:00,44.9165
2025-12-03 14:00:00,38.8348
2025-12-03 15:00:00,37.1862
2025-12-03 16:00:00,40.1324
2025-12-03 17:00:00,47.6286
2025-12-03 18:00:00,57.2402
2025-12-03 19:00:00,71.4793
2025-12-03 20:00:00,75.7058
2025-12-03 21:00:00,72.265
2025-12-03 22:00:00,59.1095
2025-12-03 23:00:00,47.2932
2025-12-04 00:00:00,31.995
2025-12-04 01:00:00,28.2735
2025-12-04 02:00:00,25.079
2025-12-04 03:00:00,23.6658
2025-12-04 04:00:00,24.9991
2025-12-04 05:00:00,28.3861
2025-12-04 06:00:00,32.5556
2025-12-04 07:00:00,36.1083
2025-12-04 08:00:00,40.1147
2025-12-04 09:00:00,47.3209
2025-12-04 10:00:00,53.5282
2025-12-04 11:00:00,54.0715
2025-12-04 12:00:00,43.5576
2025-12-04 13:00:00,32.7855
2025-12-04 14:00:00,30.6455
2025-12-04 15:00:00,31.0825
2025-12-04 16:00:00,38.893
2025-12-04 17:00:00,47.7956
2025-12-04 18:00:00,58.5744
2025-12-04 19:00:00,71.2904
2025-12-04 20:00:00,76.8923
2025-12-04 21:00:00,70.686
2025-12-04 22:00:00,59.0636
2025-12-04 23:00:00,48.3278
2025-12-05 00:00:00,32.0331
2025-12-05 01:00:00,28.4809
2025-12-05 02:00:00,24.6808
2025-12-05 03:00:00,23.5902
2025-12-05 04:00:00,24.9794
2025-12-05 05:00:00,29.1052
2025-12-05 06:00:00,32.6739
2025-12-05 07:00:00,36.5775
2025-12-05 08:00:00,41.622
2025-12-05 09:00:00,50.2525
2025-12-05 10:00:00,57.7911
2025-12-05 11:00:00,56.3722
2025-12-05 12:00:00,45.2649
2025-12-05 13:00:00,35.2935
2025-12-05 14:00:00,30.6179
2025-12-05 15:00:00,31.5527
2025-12-05 16:00:00,39.3646
2025-12-05 17:00:00,46.8471
2025-12-05 18:00:00,59.4447
2025-12-05 19:00:00,72.3861
2025-12-05 20:00:00,75.6859
2025-12-05 21:00:00,70.8589
2025-12-05 22:00:00,58.7688
2025-12-05 23:00:00,47.4999
2025-12-06 00:00:00,27.3966
2025-12-06 01:00:00,23.9283
2025-12-06 02:00:00,21.1826
2025-12-06 03:00:00,20.2449
2025-12-06 04:00:00,21.1652
2025-12-06 05:00:00,23.936
2025-12-06 06:00:00,27.3636
2025-12-06 07:00:00,30.6831
2025-12-06 08:00:00,33.6548
2025-12-06 09:00:00,39.8057
2025-12-06 10:00:00,46.088
2025-12-06 11:00:00,45.317
2025-12-06 12:00:00,34.8374
2025-12-06 13:00:00,26.9015
2025-12-06 14:00:00,24.512
2025-12-06 15:00:00,26.3709
2025-12-06 16:00:00,31.9555
2025-12-06 17:00:00,38.8707
2025-12-06 18:00:00,49.6125
2025-12-06 19:00:00,62.2135
2025-12-06 20:00:00,63.456
2025-12-06 21:00:00,59.7443
2025-12-06 22:00:00,49.5848
2025-12-06 23:00:00,39.3909
2025-12-07 00:00:00,27.5174
2025-12-07 01:00:00,24.0964
2025-12-07 02:00:00,21.1637
2025-12-07 03:00:00,19.7983
2025-12-07 04:00:00,20.9926
2025-12-07 05:00:00,23.9452
2025-12-07 06:00:00,28.1125
2025-12-07 07:00:00,30.6886
2025-12-07 08:00:00,33.1141
2025-12-07 09:00:00,39.3771
2025-12-07 10:00:00,46.0263
2025-12-07 11:00:00,44.8198
2025-12-07 12:00:00,35.9117
2025-12-07 13:00:00,27.9348
2025-12-07 14:00:00,24.2373
2025-12-07 15:00:00,27.4494
2025-12-07 16:00:00,33.0175
2025-12-07 17:00:00,41.7606
2025-12-07 18:00:00,50.4962
2025-12-07 19:00:00,61.4379
2025-12-07 20:00:00,66.1791
2025-12-07 21:00:00,62.4683
2025-12-07 22:00:00,49.8147
2025-12-07 23:00:00,40.5948
2025-12-08 00:00:00,31.5081
2025-12-08 01:00:00,28.0683
2025-12-08 02:00:00,24.714
2025-12-08 03:00:00,23.8384
2025-12-08 04:00:00,25.382
2025-12-08 05:00:00,27.8098
2025-12-08 06:00:00,32.8377
2025-12-08 07:00:00,37.0102
2025-12-08 08:00:00,40.1159
2025-12-08 09:00:00,49.001
2025-12-08 10:00:00,55.4599
2025-12-08 11:00:00,55.0845
2025-12-08 12:00:00,45.4085
2025-12-08 13:00:00,35.53
2025-12-08 14:00:00,30.9898
2025-12-08 15:00:00,32.944
2025-12-08 16:00:00,39.4946
2025-12-08 17:00:00,47.542
2025-12-08 18:00:00,58.8408
2025-12-08 19:00:00,73.1186
2025-12-08 20:00:00,77.8661
2025-12-08 21:00:00,71.8138
2025-12-08 22:00:00,58.2098
2025-12-08 23:00:00,46.0685
2025-12-09 00:00:00,32.33
2025-12-09 01:00:00,28.6312
2025-12-09 02:00:00,25.0789
2025-12-09 03:00:00,22.8404
2025-12-09 04:00:00,25.3145
2025-12-09 05:00:00,27.843
2025-12-09 06:00:00,32.5679
2025-12-09 07:00:00,37.623
2025-12-09 08:00:00,40.5898
2025-12-09 09:00:00,50.7781
2025-12-09 10:00:00,57.0071
2025-12-09 11:00:00,53.9998
2025-12-09 12:00:00,45.2179
2025-12-09 13:00:00,34.2945
2025-12-09 14:00:00,32.7771
2025-12-09 15:00:00,34.9228
2025-12-09 16:00:00,39.7458
2025-12-09 17:00:00,46.205
2025-12-09 18:00:00,59.0031
2025-12-09 19:00:00,71.7104
2025-12-09 20:00:00,75.8501
2025-12-09 21:00:00,71.1984
2025-12-09 22:00:00,58.8678
2025-12-09 23:00:00,46.9674
2025-12-10 00:00:00,31.8712
2025-12-10 01:00:00,28.4052
2025-12-10 02:00:00,24.9108
2025-12-10 03:00:00,23.3706
2025-12-10 04:00:00,24.9987
2025-12-10 05:00:00,28.454
2025-12-10 06:00:00,33.2504
2025-12-10 07:00:00,37.2768
2025-12-10 08:00:00,44.6761
2025-12-10 09:00:00,57.824
2025-12-10 10:00:00,66.1947
2025-12-10 11:00:00,63.569
2025-12-10 12:00:00,53.1535
2025-12-10 13:00:00,45.6878
2025-12-10 14:00:00,39.2122
2025-12-10 15:00:00,39.503
2025-12-10 16:00:00,41.2779
2025-12-10 17:00:00,45.9973
2025-12-10 18:00:00,59.6788
2025-12-10 19:00:00,71.0098
2025-12-10 20:00:00,78.0099
2025-12-10 21:00:00,73.2025
2025-12-10 22:00:00,58.837
2025-12-10 23:00:00,47.513
2025-12-11 00:00:00,31.7349
2025-12-11 01:00:00,28.4324
2025-12-11 02:00:00,25.1744
2025-12-11 03:00:00,23.1784
2025-12-11 04:00:00,24.9794
2025-12-11 05:00:00,28.2224
2025-12-11 06:00:00,33.0388
2025-12-11 07:00:00,35.8089
2025-12-11 08:00:00,39.8055
2025-12-11 09:00:00,50.166
2025-12-11 10:00:00,57.2644
2025-12-11 11:00:00,56.5183
2025-12-11 12:00:00,43.4916
2025-12-11 13:00:00,35.1593
2025-12-11 14:00:00,31.2513
2025-12-11 15:00:00,32.9709
2025-12-11 16:00:00,39.4406
2025-12-11 17:00:00,47.4382
2025-12-11 18:00:00,57.5487
2025-12-11 19:00:00,73.1062
2025-12-11 20:00:00,76.8492
2025-12-11 21:00:00,71.1169
2025-12-11 22:00:00,58.614
2025-12-11 23:00:00,48.395
2025-12-12 00:00:00,33.5668
2025-12-12 01:00:00,28.3549
2025-12-12 02:00:00,24.9667
2025-12-12 03:00:00,23.2071
2025-12-12 04:00:00,25.6425
2025-12-12 05:00:00,29.101
2025-12-12 06:00:00,32.8139
2025-12-12 07:00:00,36.9684
2025-12-12 08:00:00,41.5335
2025-12-12 09:00:00,49.2518
2025-12-12 10:00:00,55.7348
2025-12-12 11:00:00,56.2558
2025-12-12 12:00:00,46.5859
2025-12-12 13:00:00,33.1552
2025-12-12 14:00:00,30.849
2025-12-12 15:00:00,33.5462
2025-12-12 16:00:00,39.7567
2025-12-12 17:00:00,46.1797
2025-12-12 18:00:00,59.6422
2025-12-12 19:00:00,73.4954
2025-12-12 20:00:00,76.6832
2025-12-12 21:00:00,71.764
2025-12-12 22:00:00,59.547
2025-12-12 23:00:00,47.8617
2025-12-13 00:00:00,27.2029
2025-12-13 01:00:00,23.7702
2025-12-13 02:00:00,21.5954
2025-12-13 03:00:00,20.3134
2025-12-13 04:00:00,21.0858
2025-12-13 05:00:00,23.8807
2025-12-13 06:00:00,27.7755
2025-12-13 07:00:00,31.027
2025-12-13 08:00:00,33.8791
2025-12-13 09:00:00,40.6587
2025-12-13 10:00:00,45.4857
2025-12-13 11:00:00,45.3392
2025-12-13 12:00:00,36.0195
2025-12-13 13:00:00,25.9045
2025-12-13 14:00:00,23.8661
2025-12-13 15:00:00,26.087
2025-12-13 16:00:00,33.5046
2025-12-13 17:00:00,39.8953
2025-12-13 18:00:00,49.6719
2025-12-13 19:00:00,60.8174
2025-12-13 20:00:00,64.7058
2025-12-13 21:00:00,60.0245
2025-12-13 22:00:00,49.4751
2025-12-13 23:00:00,40.3321
2025-12-14 00:00:00,27.2847
2025-12-14 01:00:00,24.4968
2025-12-14 02:00:00,21.6961
2025-12-14 03:00:00,19.9302
2025-12-14 04:00:00,21.4233
2025-12-14 05:00:00,24.0468
2025-12-14 06:00:00,27.5629
2025-12-14 07:00:00,31.7362
2025-12-14 08:00:00,33.0366
2025-12-14 09:00:00,40.1523
2025-12-14 10:00:00,44.4424
2025-12-14 11:00:00,43.8559
2025-12-14 12:00:00,35.7778
2025-12-14 13:00:00,27.0844
2025-12-14 14:00:00,23.8646
2025-12-14 15:00:00,26.346
2025-12-14 16:00:00,32.3243
2025-12-14 17:00:00,40.4826
2025-12-14 18:00:00,49.6224
2025-12-14 19:00:00,60.3706
2025-12-14 20:00:00,67.6194
2025-12-14 21:00:00,60.3724
2025-12-14 22:00:00,50.868
2025-12-14 23:00:00,41.3065
2025-12-15 00:00:00,32.4198
2025-12-15 01:00:00,28.1587
2025-12-15 02:00:00,24.6565
2025-12-15 03:00:00,23.3355
2025-12-15 04:00:00,25.0141
2025-12-15 05:00:00,28.6792
2025-12-15 06:00:00,33.4812
2025-12-15 07:00:00,36.1643
2025-12-15 08:00:00,40.2949
2025-12-15 09:00:00,48.366
2025-12-15 10:00:00,53.6748
2025-12-15 11:00:00,54.3389
2025-12-15 12:00:00,43.6236
2025-12-15 13:00:00,33.9946
2025-12-15 14:00:00,29.4599
2025-12-15 15:00:00,31.8831
2025-12-15 16:00:00,38.645
2025-12-15 17:00:00,47.7185
2025-12-15 18:00:00,59.5111
2025-12-15 19:00:00,71.0697
2025-12-15 20:00:00,77.2306
2025-12-15 21:00:00,71.7649
2025-12-15 22:00:00,59.9586
2025-12-15 23:00:00,47.0728
2025-12-16 00:00:00,32.5958
2025-12-16 01:00:00,28.7397
2025-12-16 02:00:00,24.8529
2025-12-16 03:00:00,23.1145
2025-12-16 04:00:00,24.9742
2025-12-16 05:00:00,29.2558
2025-12-16 06:00:00,32.2485
2025-12-16 07:00:00,37.2677
2025-12-16 08:00:00,41.0561
2025-12-16 09:00:00,47.8329
2025-12-16 10:00:00,56.4263
2025-12-16 11:00:00,53.4916
2025-12-16 12:00:00,43.7375
2025-12-16 13:00:00,34.0475
2025-12-16 14:00:00,29.3342
2025-12-16 15:00:00,33.1682
2025-12-16 16:00:00,39.0569
2025-12-16 17:00:00,46.4867
2025-12-16 18:00:00,58.0628
2025-12-16 19:00:00,71.1943
2025-12-16 20:00:00,75.8063
2025-12-16 21:00:00,69.9353
2025-12-16 22:00:00,59.3603
2025-12-16 23:00:00,46.9518
2025-12-17 00:00:00,31.7266
2025-12-17 01:00:00,29.0102
2025-12-17 02:00:00,24.9214
2025-12-17 03:00:00,22.9417
2025-12-17 04:00:00,25.0574
2025-12-17 05:00:00,28.6636
2025-12-17 06:00:00,34.4614
2025-12-17 07:00:00,35.2072
2025-12-17 08:00:00,40.5551
2025-12-17 09:00:00,48.0852
2025-12-17 10:00:00,55.5266
2025-12-17 11:00:00,52.9601
2025-12-17 12:00:00,43.7475
2025-12-17 13:00:00,34.52
2025-12-17 14:00:00,30.1569
2025-12-17 15:00:00,32.5453
2025-12-17 16:00:00,38.5748
2025-12-17 17:00:00,46.3202
2025-12-17 18:00:00,57.8778
2025-12-17 19:00:00,69.8646
2025-12-17 20:00:00,77.7478
2025-12-17 21:00:00,72.1716
2025-12-17 22:00:00,58.5452
2025-12-17 23:00:00,48.2675
2025-12-18 00:00:00,31.8913
2025-12-18 01:00:00,28.0749
2025-12-18 02:00:00,24.5645
2025-12-18 03:00:00,23.4566
2025-12-18 04:00:00,25.3373
2025-12-18 05:00:00,28.3531
2025-12-18 06:00:00,32.8547
2025-12-18 07:00:00,37.7923
2025-12-18 08:00:00,41.4191
2025-12-18 09:00:00,47.4087
2025-12-18 10:00:00,56.4206
2025-12-18 11:00:00,53.8181
2025-12-18 12:00:00,42.9209
2025-12-18 13:00:00,32.7978
2025-12-18 14:00:00,29.7705
2025-12-18 15:00:00,33.2008
2025-12-18 16:00:00,39.0957
2025-12-18 17:00:00,47.9314
2025-12-18 18:00:00,59.1848
2025-12-18 19:00:00,72.0401
2025-12-18 20:00:00,78.4994
2025-12-18 21:00:00,71.4242
2025-12-18 22:00:00,57.7416
2025-12-18 23:00:00,48.0358
2025-12-19 00:00:00,32.6981
2025-12-19 01:00:00,28.6925
2025-12-19 02:00:00,24.6664
2025-12-19 03:00:00,23.727
2025-12-19 04:00:00,24.4284
2025-12-19 05:00:00,29.4447
2025-12-19 06:00:00,32.3273
2025-12-19 07:00:00,36.8706
2025-12-19 08:00:00,40.6855
2025-12-19 09:00:00,48.3944
2025-12-19 10:00:00,57.9892
2025-12-19 11:00:00,56.2159
2025-12-19 12:00:00,44.2196
2025-12-19 13:00:00,34.8178
2025-12-19 14:00:00,30.4787
2025-12-19 15:00:00,33.0403
2025-12-19 16:00:00,39.3355
2025-12-19 17:00:00,47.4941
2025-12-19 18:00:00,59.2097
2025-12-19 19:00:00,71.5747
2025-12-19 20:00:00,78.6079
2025-12-19 21:00:00,70.5492
2025-12-19 22:00:00,59.2478
2025-12-19 23:00:00,47.3163
2025-12-20 00:00:00,27.3332
2025-12-20 01:00:00,24.6303
2025-12-20 02:00:00,21.3227
2025-12-20 03:00:00,20.2842
2025-12-20 04:00:00,21.1398
2025-12-20 05:00:00,24.3379
2025-12-20 06:00:00,27.9519
2025-12-20 07:00:00,32.7573
2025-12-20 08:00:00,38.539
2025-12-20 09:00:00,42.5993
2025-12-20 10:00:00,49.4656
2025-12-20 11:00:00,48.696
2025-12-20 12:00:00,40.2823
2025-12-20 13:00:00,32.2214
2025-12-20 14:00:00,31.2047
2025-12-20 15:00:00,30.4161
2025-12-20 16:00:00,33.7086
2025-12-20 17:00:00,39.6626
2025-12-20 18:00:00,50.1406
2025-12-20 19:00:00,58.8327
2025-12-20 20:00:00,66.6318
2025-12-20 21:00:00,62.6475
2025-12-20 22:00:00,49.5482
2025-12-20 23:00:00,39.4111
2025-12-21 00:00:00,27.2561
2025-12-21 01:00:00,24.2974
2025-12-21 02:00:00,21.4913
2025-12-21 03:00:00,20.1771
2025-12-21 04:00:00,21.2747
2025-12-21 05:00:00,24.6689
2025-12-21 06:00:00,28.4435
2025-12-21 07:00:00,33.0651
2025-12-21 08:00:00,32.7338
2025-12-21 09:00:00,39.384
2025-12-21 10:00:00,45.1055
2025-12-21 11:00:00,43.9546
2025-12-21 12:00:00,34.0065
2025-12-21 13:00:00,25.4819
2025-12-21 14:00:00,22.2479
2025-12-21 15:00:00,24.9086
2025-12-21 16:00:00,32.8088
2025-12-21 17:00:00,41.4275
2025-12-21 18:00:00,51.369
2025-12-21 19:00:00,60.3217
2025-12-21 20:00:00,65.2191
2025-12-21 21:00:00,59.1852
2025-12-21 22:00:00,50.5405
2025-12-21 23:00:00,40.1804
2025-12-22 00:00:00,31.5518
2025-12-22 01:00:00,27.491
2025-12-22 02:00:00,24.9954
2025-12-22 03:00:00,23.2381
2025-12-22 04:00:00,24.6359
2025-12-22 05:00:00,28.2878
2025-12-22 06:00:00,32.1993
2025-12-22 07:00:00,37.359
2025-12-22 08:00:00,42.0938
2025-12-22 09:00:00,50.2665
2025-12-22 10:00:00,55.9972
2025-12-22 11:00:00,56.9199
2025-12-22 12:00:00,44.3997
2025-12-22 13:00:00,33.9244
2025-12-22 14:00:00,30.1448
2025-12-22 15:00:00,32.2695
2025-12-22 16:00:00,38.794
2025-12-22 17:00:00,48.2592
2025-12-22 18:00:00,59.6412
2025-12-22 19:00:00,72.637
2025-12-22 20:00:00,76.9725
2025-12-22 21:00:00,71.6175
2025-12-22 22:00:00,58.5917
2025-12-22 23:00:00,46.2347
2025-12-23 00:00:00,32.2682
2025-12-23 01:00:00,28.8494
2025-12-23 02:00:00,24.8846
2025-12-23 03:00:00,23.9083
2025-12-23 04:00:00,25.5959
2025-12-23 05:00:00,28.1579
2025-12-23 06:00:00,31.5904
2025-12-23 07:00:00,38.0428
2025-12-23 08:00:00,41.6182
2025-12-23 09:00:00,47.1188
2025-12-23 10:00:00,54.7081
2025-12-23 11:00:00,55.7421
2025-12-23 12:00:00,46.5727
2025-12-23 13:00:00,34.2629
2025-12-23 14:00:00,31.1068
2025-12-23 15:00:00,31.9435
2025-12-23 16:00:00,40.0824
2025-12-23 17:00:00,47.0386
2025-12-23 18:00:00,57.1885
2025-12-23 19:00:00,72.9283
2025-12-23 20:00:00,78.9437
2025-12-23 21:00:00,71.9725
2025-12-23 22:00:00,57.7769
2025-12-23 23:00:00,47.3995
2025-12-24 00:00:00,32.0753
2025-12-24 01:00:00,28.4546
2025-12-24 02:00:00,25.052
2025-12-24 03:00:00,23.6915
2025-12-24 04:00:00,24.6977
2025-12-24 05:00:00,29.1811
2025-12-24 06:00:00,32.4285
2025-12-24 07:00:00,37.4114
2025-12-24 08:00:00,43.0676
2025-12-24 09:00:00,53.9454
2025-12-24 10:00:00,57.6493
2025-12-24 11:00:00,58.1905
2025-12-24 12:00:00,48.9777
2025-12-24 13:00:00,38.965
2025-12-24 14:00:00,33.0339
2025-12-24 15:00:00,35.0096
2025-12-24 16:00:00,39.178
2025-12-24 17:00:00,48.06
2025-12-24 18:00:00,57.8465
2025-12-24 19:00:00,70.0355
2025-12-24 20:00:00,76.7865
2025-12-24 21:00:00,72.8229
2025-12-24 22:00:00,58.8325
2025-12-24 23:00:00,46.793
2025-12-25 00:00:00,31.8656
2025-12-25 01:00:00,28.5142
2025-12-25 02:00:00,25.065
2025-12-25 03:00:00,23.3595
2025-12-25 04:00:00,24.3232
2025-12-25 05:00:00,28.4882
2025-12-25 06:00:00,31.7614
2025-12-25 07:00:00,38.1899
2025-12-25 08:00:00,40.5543
2025-12-25 09:00:00,48.6573
2025-12-25 10:00:00,55.6037
2025-12-25 11:00:00,53.9604
2025-12-25 12:00:00,44.7153
2025-12-25 13:00:00,34.1685
2025-12-25 14:00:00,31.0482
2025-12-25 15:00:00,31.5884
2025-12-25 16:00:00,38.5028
2025-12-25 17:00:00,47.1447
2025-12-25 18:00:00,58.5644
2025-12-25 19:00:00,71.3079
2025-12-25 20:00:00,75.3513
2025-12-25 21:00:00,70.4477
2025-12-25 22:00:00,58.4151
2025-12-25 23:00:00,47.6722
2025-12-26 00:00:00,32.0631
2025-12-26 01:00:00,28.0444
2025-12-26 02:00:00,25.9987
2025-12-26 03:00:00,22.7545
2025-12-26 04:00:00,24.8868
2025-12-26 05:00:00,28.3637
2025-12-26 06:00:00,32.6739
2025-12-26 07:00:00,37.1099
2025-12-26 08:00:00,41.7058
2025-12-26 09:00:00,49.4311
2025-12-26 10:00:00,59.9825
2025-12-26 11:00:00,58.4801
2025-12-26 12:00:00,49.2088
2025-12-26 13:00:00,37.2527
2025-12-26 14:00:00,34.3838
2025-12-26 15:00:00,36.9793
2025-12-26 16:00:00,40.8245
2025-12-26 17:00:00,46.4896
2025-12-26 18:00:00,59.2855
2025-12-26 19:00:00,71.8225
2025-12-26 20:00:00,75.1083
2025-12-26 21:00:00,72.6168
2025-12-26 22:00:00,58.7076
2025-12-26 23:00:00,47.3932
2025-12-27 00:00:00,26.8666
2025-12-27 01:00:00,24.3761
2025-12-27 02:00:00,21.5637
2025-12-27 03:00:00,20.0206
2025-12-27 04:00:00,21.1557
2025-12-27 05:00:00,24.0858
2025-12-27 06:00:00,28.2671
2025-12-27 07:00:00,32.0272
2025-12-27 08:00:00,34.4768
2025-12-27 09:00:00,39.3759
2025-12-27 10:00:00,45.4133
2025-12-27 11:00:00,44.5518
2025-12-27 12:00:00,36.2665
2025-12-27 13:00:00,27.1543
2025-12-27 14:00:00,24.3788
2025-12-27 15:00:00,26.2872
2025-12-27 16:00:00,32.229
2025-12-27 17:00:00,40.2733
2025-12-27 18:00:00,50.1861
2025-12-27 19:00:00,59.5533
2025-12-27 20:00:00,64.8093
2025-12-27 21:00:00,59.6467
2025-12-27 22:00:00,51.1544
2025-12-27 23:00:00,40.2873
2025-12-28 00:00:00,26.8243
2025-12-28 01:00:00,23.8426
2025-12-28 02:00:00,20.7911
2025-12-28 03:00:00,20.0655
2025-12-28 04:00:00,21.3935
2025-12-28 05:00:00,24.0082
2025-12-28 06:00:00,27.9692
2025-12-28 07:00:00,31.7376
2025-12-28 08:00:00,34.6244
2025-12-28 09:00:00,42.6614
2025-12-28 10:00:00,47.544
2025-12-28 11:00:00,46.0862
2025-12-28 12:00:00,38.7009
2025-12-28 13:00:00,28.9256
2025-12-28 14:00:00,22.9802
2025-12-28 15:00:00,27.0227
2025-12-28 16:00:00,32.8121
2025-12-28 17:00:00,40.2589
2025-12-28 18:00:00,49.2478
2025-12-28 19:00:00,60.4228
2025-12-28 20:00:00,65.5898
2025-12-28 21:00:00,60.5618
2025-12-28 22:00:00,51.2611
2025-12-28 23:00:00,40.3304
2025-12-29 00:00:00,32.5057
2025-12-29 01:00:00,28.0261
2025-12-29 02:00:00,24.6212
2025-12-29 03:00:00,23.4512
2025-12-29 04:00:00,25.3914
2025-12-29 05:00:00,28.7509
2025-12-29 06:00:00,33.3373
2025-12-29 07:00:00,37.4844
2025-12-29 08:00:00,43.5031
2025-12-29 09:00:00,54.7624
2025-12-29 10:00:00,60.2957
2025-12-29 11:00:00,61.3479
2025-12-29 12:00:00,49.3539
2025-12-29 13:00:00,42.4215
2025-12-29 14:00:00,38.8514
2025-12-29 15:00:00,37.0109
2025-12-29 16:00:00,39.6679
2025-12-29 17:00:00,47.5399
2025-12-29 18:00:00,58.6692
2025-12-29 19:00:00,71.1142
2025-12-29 20:00:00,73.9958
2025-12-29 21:00:00,70.6645
2025-12-29 22:00:00,59.0773
2025-12-29 23:00:00,48.6209
2025-12-30 00:00:00,32.1794
2025-12-30 01:00:00,28.5774
2025-12-30 02:00:00,25.2951
2025-12-30 03:00:00,23.4057
2025-12-30 04:00:00,25.024
2025-12-30 05:00:00,28.031
2025-12-30 06:00:00,32.2895
2025-12-30 07:00:00,38.2593
2025-12-30 08:00:00,46.7246
2025-12-30 09:00:00,55.1213
2025-12-30 10:00:00,67.5902
2025-12-30 11:00:00,69.2295
2025-12-30 12:00:00,58.4307
2025-12-30 13:00:00,46.7309
2025-12-30 14:00:00,40.2895
2025-12-30 15:00:00,40.1506
2025-12-30 16:00:00,41.5914
2025-12-30 17:00:00,46.7983
2025-12-30 18:00:00,57.8413
2025-12-30 19:00:00,72.4203
2025-12-30 20:00:00,79.3829
2025-12-30 21:00:00,71.7601
2025-12-30 22:00:00,59.273
2025-12-30 23:00:00,45.8192
2025-12-31 00:00:00,31.9445
2025-12-31 01:00:00,28.1345
2025-12-31 02:00:00,24.9379
2025-12-31 03:00:00,23.623
2025-12-31 04:00:00,24.5987
2025-12-31 05:00:00,27.9424
2025-12-31 06:00:00,32.9065
2025-12-31 07:00:00,38.5194
2025-12-31 08:00:00,46.5572
2025-12-31 09:00:00,58.8401
2025-12-31 10:00:00,66.6604
2025-12-31 11:00:00,70.3793
2025-12-31 12:00:00,57.9557
2025-12-31 13:00:00,46.2536
2025-12-31 14:00:00,40.1986
2025-12-31 15:00:00,38.6159
2025-12-31 16:00:00,40.2146
2025-12-31 17:00:00,48.1648
2025-12-31 18:00:00,59.4212
2025-12-31 19:00:00,70.2916
2025-12-31 20:00:00,78.268
2025-12-31 21:00:00,71.184
2025-12-31 22:00:00,58.2158
2025-12-31 23:00:00,48.0052
