timestamp,p_net_mw
2025-01-01 00:00:00,36.4596
2025-01-01 01:00:00,31.0319
2025-01-01 02:00:00,27.8001
2025-01-01 03:00:00,26.5078
2025-01-01 04:00:00,26.9519
2025-01-01 05:00:00,31.4973
2025-01-01 06:00:00,36.1876
2025-01-01 07:00:00,40.9317
2025-01-01 08:00:00,21.6052
2025-01-01 09:00:00,8.6097
2025-01-01 10:00:00,3.0257
2025-01-01 11:00:00,-4.7632
2025-01-01 12:00:00,-17.0216
2025-01-01 13:00:00,-23.6245
2025-01-01 14:00:00,-18.4674
2025-01-01 15:00:00,8.193
2025-01-01 16:00:00,38.8228
2025-01-01 17:00:00,52.7328
2025-01-01 18:00:00,66.256
2025-01-01 19:00:00,77.8834
2025-01-01 20:00:00,86.5249
2025-01-01 21:00:00,79.2048
2025-01-01 22:00:00,64.3134
2025-01-01 23:00:00,52.1044
2025-01-02 00:00:00,35.9183
2025-01-02 01:00:00,31.7573
2025-01-02 02:00:00,27.9035
2025-01-02 03:00:00,25.4662
2025-01-02 04:00:00,27.5273
2025-01-02 05:00:00,31.3686
2025-01-02 06:00:00,36.0148
2025-01-02 07:00:00,41.2576
2025-01-02 08:00:00,23.0883
2025-01-02 09:00:00,12.7214
2025-01-02 10:00:00,7.2464
2025-01-02 11:00:00,-3.6229
2025-01-02 12:00:00,-15.7251
2025-01-02 13:00:00,-22.0171
2025-01-02 14:00:00,-15.639
2025-01-02 15:00:00,2.8824
2025-01-02 16:00:00,29.7018
2025-01-02 17:00:00,54.5055
2025-01-02 18:00:00,64.2034
2025-01-02 19:00:00,78.1783
2025-01-02 20:00:00,84.8767
2025-01-02 21:00:00,78.9453
2025-01-02 22:00:00,65.7059
2025-01-02 23:00:00,53.8269
2025-01-03 00:00:00,35.9249
2025-01-03 01:00:00,31.4436
2025-01-03 02:00:00,28.5737
2025-01-03 03:00:00,27.1381
2025-01-03 04:00:00,27.6239
2025-01-03 05:00:00,31.0182
2025-01-03 06:00:00,35.862
2025-01-03 07:00:00,42.1804
2025-01-03 08:00:00,25.622
2025-01-03 09:00:00,19.6996
2025-01-03 10:00:00,23.4192
2025-01-03 11:00:00,24.2325
2025-01-03 12:00:00,17.1342
2025-01-03 13:00:00,6.6253
2025-01-03 14:00:00,-1.3425
2025-01-03 15:00:00,12.4227
2025-01-03 16:00:00,31.3335
2025-01-03 17:00:00,53.2429
2025-01-03 18:00:00,64.4124
2025-01-03 19:00:00,82.0131
2025-01-03 20:00:00,85.4953
2025-01-03 21:00:00,80.2051
2025-01-03 22:00:00,65.5019
2025-01-03 23:00:00,53.4677
2025-01-04 00:00:00,30.2759
2025-01-04 01:00:00,26.541
2025-01-04 02:00:00,23.3214
2025-01-04 03:00:00,22.7337
2025-01-04 04:00:00,23.8703
2025-01-04 05:00:00,26.8285
2025-01-04 06:00:00,30.4477
2025-01-04 07:00:00,34.4227
2025-01-04 08:00:00,15.1321
2025-01-04 09:00:00,3.6586
2025-01-04 10:00:00,-3.9709
2025-01-04 11:00:00,-9.5032
2025-01-04 12:00:00,-21.6191
2025-01-04 13:00:00,-28.6379
2025-01-04 14:00:00,-15.4173
2025-01-04 15:00:00,3.1236
2025-01-04 16:00:00,27.4868
2025-01-04 17:00:00,44.4043
2025-01-04 18:00:00,56.6931
2025-01-04 19:00:00,68.2889
2025-01-04 20:00:00,72.504
2025-01-04 21:00:00,66.6907
2025-01-04 22:00:00,55.7647
2025-01-04 23:00:00,44.644
2025-01-05 00:00:00,30.5193
2025-01-05 01:00:00,26.4893
2025-01-05 02:00:00,23.297
2025-01-05 03:00:00,23.092
2025-01-05 04:00:00,24.2427
2025-01-05 05:00:00,26.7518
2025-01-05 06:00:00,30.7653
2025-01-05 07:00:00,35.6522
2025-01-05 08:00:00,30.8343
2025-01-05 09:00:00,20.3784
2025-01-05 10:00:00,22.7783
2025-01-05 11:00:00,14.5551
2025-01-05 12:00:00,5.3959
2025-01-05 13:00:00,9.2946
2025-01-05 14:00:00,20.5576
2025-01-05 15:00:00,18.5492
2025-01-05 16:00:00,34.4159
2025-01-05 17:00:00,45.6933
2025-01-05 18:00:00,55.791
2025-01-05 19:00:00,66.9986
2025-01-05 20:00:00,74.0741
2025-01-05 21:00:00,66.3538
2025-01-05 22:00:00,55.0822
2025-01-05 23:00:00,44.0123
2025-01-06 00:00:00,35.9487
2025-01-06 01:00:00,31.1583
2025-01-06 02:00:00,26.9679
2025-01-06 03:00:00,26.0681
2025-01-06 04:00:00,27.7975
2025-01-06 05:00:00,31.4933
2025-01-06 06:00:00,36.0225
2025-01-06 07:00:00,41.6985
2025-01-06 08:00:00,25.2505
2025-01-06 09:00:00,14.1011
2025-01-06 10:00:00,10.9138
2025-01-06 11:00:00,4.2022
2025-01-06 12:00:00,-12.0496
2025-01-06 13:00:00,-9.5403
2025-01-06 14:00:00,13.1403
2025-01-06 15:00:00,26.7978
2025-01-06 16:00:00,35.3496
2025-01-06 17:00:00,52.0368
2025-01-06 18:00:00,63.9411
2025-01-06 19:00:00,80.4608
2025-01-06 20:00:00,84.6784
2025-01-06 21:00:00,78.6862
2025-01-06 22:00:00,64.2275
2025-01-06 23:00:00,52.9082
2025-01-07 00:00:00,34.8153
2025-01-07 01:00:00,31.6859
2025-01-07 02:00:00,28.0277
2025-01-07 03:00:00,26.5243
2025-01-07 04:00:00,27.9694
2025-01-07 05:00:00,31.0207
2025-01-07 06:00:00,36.5376
2025-01-07 07:00:00,41.9049
2025-01-07 08:00:00,30.6005
2025-01-07 09:00:00,20.195
2025-01-07 10:00:00,23.9174
2025-01-07 11:00:00,9.5201
2025-01-07 12:00:00,-8.5554
2025-01-07 13:00:00,-12.4482
2025-01-07 14:00:00,-12.4128
2025-01-07 15:00:00,2.5231
2025-01-07 16:00:00,29.6229
2025-01-07 17:00:00,53.1239
2025-01-07 18:00:00,65.3195
2025-01-07 19:00:00,78.5821
2025-01-07 20:00:00,85.1279
2025-01-07 21:00:00,77.953
2025-01-07 22:00:00,64.7898
2025-01-07 23:00:00,52.2135
2025-01-08 00:00:00,35.6714
2025-01-08 01:00:00,31.9007
2025-01-08 02:00:00,28.1712
2025-01-08 03:00:00,25.8959
2025-01-08 04:00:00,27.9111
2025-01-08 05:00:00,31.7863
2025-01-08 06:00:00,36.7724
2025-01-08 07:00:00,41.3738
2025-01-08 08:00:00,23.5006
2025-01-08 09:00:00,15.2725
2025-01-08 10:00:00,9.6683
2025-01-08 11:00:00,2.6975
2025-01-08 12:00:00,-7.1184
2025-01-08 13:00:00,-17.7798
2025-01-08 14:00:00,-2.965
2025-01-08 15:00:00,16.3508
2025-01-08 16:00:00,35.6953
2025-01-08 17:00:00,53.6766
2025-01-08 18:00:00,62.8579
2025-01-08 19:00:00,79.1645
2025-01-08 20:00:00,87.2
2025-01-08 21:00:00,80.3925
2025-01-08 22:00:00,65.9705
2025-01-08 23:00:00,53.2541
2025-01-09 00:00:00,36.283
2025-01-09 01:00:00,30.5517
2025-01-09 02:00:00,27.0453
2025-01-09 03:00:00,26.0094
2025-01-09 04:00:00,27.9172
2025-01-09 05:00:00,31.15
2025-01-09 06:00:00,35.8889
2025-01-09 07:00:00,41.1303
2025-01-09 08:00:00,21.1607
2025-01-09 09:00:00,10.0098
2025-01-09 10:00:00,6.7493
2025-01-09 11:00:00,-1.9234
2025-01-09 12:00:00,-15.1263
2025-01-09 13:00:00,-21.7112
2025-01-09 14:00:00,-16.3111
2025-01-09 15:00:00,1.0253
2025-01-09 16:00:00,27.128
2025-01-09 17:00:00,53.0407
2025-01-09 18:00:00,64.9195
2025-01-09 19:00:00,79.3409
2025-01-09 20:00:00,85.7959
2025-01-09 21:00:00,79.4036
2025-01-09 22:00:00,63.9611
2025-01-09 23:00:00,52.4681
2025-01-10 00:00:00,36.4752
2025-01-10 01:00:00,31.5476
2025-01-10 02:00:00,27.7614
2025-01-10 03:00:00,26.2669
2025-01-10 04:00:00,27.5563
2025-01-10 05:00:00,31.492
2025-01-10 06:00:00,36.947
2025-01-10 07:00:00,41.929
2025-01-10 08:00:00,23.822
2025-01-10 09:00:00,13.9772
2025-01-10 10:00:00,9.7556
2025-01-10 11:00:00,1.2433
2025-01-10 12:00:00,-13.8825
2025-01-10 13:00:00,-19.8759
2025-01-10 14:00:00,-16.713
2025-01-10 15:00:00,1.5661
2025-01-10 16:00:00,27.2553
2025-01-10 17:00:00,51.9394
2025-01-10 18:00:00,64.5061
2025-01-10 19:00:00,79.3922
2025-01-10 20:00:00,86.772
2025-01-10 21:00:00,79.1949
2025-01-10 22:00:00,66.1203
2025-01-10 23:00:00,52.6483
2025-01-11 00:00:00,30.4246
2025-01-11 01:00:00,27.3127
2025-01-11 02:00:00,22.9294
2025-01-11 03:00:00,21.9382
2025-01-11 04:00:00,23.0888
2025-01-11 05:00:00,26.5008
2025-01-11 06:00:00,31.5405
2025-01-11 07:00:00,35.4539
2025-01-11 08:00:00,21.6815
2025-01-11 09:00:00,8.5293
2025-01-11 10:00:00,-0.1063
2025-01-11 11:00:00,-6.3854
2025-01-11 12:00:00,-18.7701
2025-01-11 13:00:00,-25.0038
2025-01-11 14:00:00,-22.734
2025-01-11 15:00:00,-6.6615
2025-01-11 16:00:00,19.0801
2025-01-11 17:00:00,44.4896
2025-01-11 18:00:00,56.9401
2025-01-11 19:00:00,66.0918
2025-01-11 20:00:00,72.9113
2025-01-11 21:00:00,67.1985
2025-01-11 22:00:00,55.6079
2025-01-11 23:00:00,44.6271
2025-01-12 00:00:00,31.4618
2025-01-12 01:00:00,26.9979
2025-01-12 02:00:00,23.0487
2025-01-12 03:00:00,22.0733
2025-01-12 04:00:00,23.8056
2025-01-12 05:00:00,26.8077
2025-01-12 06:00:00,30.798
2025-01-12 07:00:00,35.7829
2025-01-12 08:00:00,15.5167
2025-01-12 09:00:00,4.9561
2025-01-12 10:00:00,-0.0554
2025-01-12 11:00:00,-13.6937
2025-01-12 12:00:00,-23.6748
2025-01-12 13:00:00,-31.0347
2025-01-12 14:00:00,-25.7033
2025-01-12 15:00:00,-7.9056
2025-01-12 16:00:00,20.0285
2025-01-12 17:00:00,45.0749
2025-01-12 18:00:00,54.5832
2025-01-12 19:00:00,68.6837
2025-01-12 20:00:00,72.4831
2025-01-12 21:00:00,66.3538
2025-01-12 22:00:00,55.2511
2025-01-12 23:00:00,44.9328
2025-01-13 00:00:00,36.2465
2025-01-13 01:00:00,31.3653
2025-01-13 02:00:00,27.9094
2025-01-13 03:00:00,26.3076
2025-01-13 04:00:00,27.4728
2025-01-13 05:00:00,31.5934
2025-01-13 06:00:00,36.0717
2025-01-13 07:00:00,43.6156
2025-01-13 08:00:00,27.1233
2025-01-13 09:00:00,11.4038
2025-01-13 10:00:00,7.3013
2025-01-13 11:00:00,1.2737
2025-01-13 12:00:00,-4.077
2025-01-13 13:00:00,-7.189
2025-01-13 14:00:00,0.8399
2025-01-13 15:00:00,11.6154
2025-01-13 16:00:00,32.9172
2025-01-13 17:00:00,51.0406
2025-01-13 18:00:00,64.0351
2025-01-13 19:00:00,78.2533
2025-01-13 20:00:00,82.9058
2025-01-13 21:00:00,79.2126
2025-01-13 22:00:00,65.9168
2025-01-13 23:00:00,52.5649
2025-01-14 00:00:00,35.0449
2025-01-14 01:00:00,31.0146
2025-01-14 02:00:00,27.3201
2025-01-14 03:00:00,25.7991
2025-01-14 04:00:00,27.7602
2025-01-14 05:00:00,31.3712
2025-01-14 06:00:00,35.2464
2025-01-14 07:00:00,42.8578
2025-01-14 08:00:00,30.6019
2025-01-14 09:00:00,26.1401
2025-01-14 10:00:00,31.4982
2025-01-14 11:00:00,20.9305
2025-01-14 12:00:00,1.642
2025-01-14 13:00:00,5.2013
2025-01-14 14:00:00,11.5257
2025-01-14 15:00:00,25.2167
2025-01-14 16:00:00,39.5155
2025-01-14 17:00:00,51.4752
2025-01-14 18:00:00,65.3631
2025-01-14 19:00:00,78.7925
2025-01-14 20:00:00,86.9989
2025-01-14 21:00:00,79.1382
2025-01-14 22:00:00,65.0565
2025-01-14 23:00:00,53.0996
2025-01-15 00:00:00,35.5602
2025-01-15 01:00:00,31.0678
2025-01-15 02:00:00,27.6698
2025-01-15 03:00:00,25.9362
2025-01-15 04:00:00,27.3281
2025-01-15 05:00:00,31.744
2025-01-15 06:00:00,36.8886
2025-01-15 07:00:00,42.1124
2025-01-15 08:00:00,22.9695
2025-01-15 09:00:00,10.1627
2025-01-15 10:00:00,4.4016
2025-01-15 11:00:00,-4.1721
2025-01-15 12:00:00,-17.8318
2025-01-15 13:00:00,-25.4651
2025-01-15 14:00:00,-20.3043
2025-01-15 15:00:00,-2.8551
2025-01-15 16:00:00,23.1692
2025-01-15 17:00:00,53.494
2025-01-15 18:00:00,64.7323
2025-01-15 19:00:00,77.4247
2025-01-15 20:00:00,85.1172
2025-01-15 21:00:00,79.4804
2025-01-15 22:00:00,64.9611
2025-01-15 23:00:00,51.968
2025-01-16 00:00:00,35.5138
2025-01-16 01:00:00,32.0969
2025-01-16 02:00:00,28.0746
2025-01-16 03:00:00,25.7452
2025-01-16 04:00:00,27.8031
2025-01-16 05:00:00,31.8767
2025-01-16 06:00:00,36.0092
2025-01-16 07:00:00,41.5073
2025-01-16 08:00:00,20.4997
2025-01-16 09:00:00,10.4985
2025-01-16 10:00:00,8.1812
2025-01-16 11:00:00,0.2441
2025-01-16 12:00:00,-14.2006
2025-01-16 13:00:00,-23.7169
2025-01-16 14:00:00,-20.0933
2025-01-16 15:00:00,-4.5288
2025-01-16 16:00:00,23.1028
2025-01-16 17:00:00,53.4352
2025-01-16 18:00:00,64.305
2025-01-16 19:00:00,79.1708
2025-01-16 20:00:00,85.7708
2025-01-16 21:00:00,77.802
2025-01-16 22:00:00,66.3458
2025-01-16 23:00:00,52.6194
2025-01-17 00:00:00,35.6323
2025-01-17 01:00:00,31.7097
2025-01-17 02:00:00,27.1682
2025-01-17 03:00:00,26.0004
2025-01-17 04:00:00,27.546
2025-01-17 05:00:00,32.1288
2025-01-17 06:00:00,35.928
2025-01-17 07:00:00,41.7279
2025-01-17 08:00:00,21.9505
2025-01-17 09:00:00,13.5207
2025-01-17 10:00:00,11.7417
2025-01-17 11:00:00,0.2577
2025-01-17 12:00:00,-13.5338
2025-01-17 13:00:00,-19.6095
2025-01-17 14:00:00,-10.3962
2025-01-17 15:00:00,6.9982
2025-01-17 16:00:00,27.0843
2025-01-17 17:00:00,53.5015
2025-01-17 18:00:00,64.9487
2025-01-17 19:00:00,79.8518
2025-01-17 20:00:00,82.738
2025-01-17 21:00:00,80.5996
2025-01-17 22:00:00,65.332
2025-01-17 23:00:00,50.8986
2025-01-18 00:00:00,30.0245
2025-01-18 01:00:00,26.9316
2025-01-18 02:00:00,23.9604
2025-01-18 03:00:00,22.2717
2025-01-18 04:00:00,23.6701
2025-01-18 05:00:00,26.8367
2025-01-18 06:00:00,30.3875
2025-01-18 07:00:00,34.7371
2025-01-18 08:00:00,27.8895
2025-01-18 09:00:00,6.2463
2025-01-18 10:00:00,-2.3598
2025-01-18 11:00:00,-12.9385
2025-01-18 12:00:00,-23.252
2025-01-18 13:00:00,-30.8201
2025-01-18 14:00:00,-23.6379
2025-01-18 15:00:00,-9.364
2025-01-18 16:00:00,14.9069
2025-01-18 17:00:00,43.7351
2025-01-18 18:00:00,55.2748
2025-01-18 19:00:00,68.965
2025-01-18 20:00:00,74.5548
2025-01-18 21:00:00,68.29
2025-01-18 22:00:00,55.5512
2025-01-18 23:00:00,45.2728
2025-01-19 00:00:00,30.8659
2025-01-19 01:00:00,27.3029
2025-01-19 02:00:00,23.3766
2025-01-19 03:00:00,22.2528
2025-01-19 04:00:00,23.7831
2025-01-19 05:00:00,26.4848
2025-01-19 06:00:00,30.8495
2025-01-19 07:00:00,35.0858
2025-01-19 08:00:00,12.5199
2025-01-19 09:00:00,1.49
2025-01-19 10:00:00,-5.2715
2025-01-19 11:00:00,-13.1878
2025-01-19 12:00:00,-24.0271
2025-01-19 13:00:00,-29.8526
2025-01-19 14:00:00,-25.4699
2025-01-19 15:00:00,-9.5877
2025-01-19 16:00:00,16.2704
2025-01-19 17:00:00,44.4548
2025-01-19 18:00:00,55.9632
2025-01-19 19:00:00,67.3893
2025-01-19 20:00:00,71.6342
2025-01-19 21:00:00,67.5144
2025-01-19 22:00:00,55.3994
2025-01-19 23:00:00,44.1015
2025-01-20 00:00:00,35.8097
2025-01-20 01:00:00,31.1736
2025-01-20 02:00:00,28.2461
2025-01-20 03:00:00,26.3378
2025-01-20 04:00:00,27.7331
2025-01-20 05:00:00,31.536
2025-01-20 06:00:00,36.0648
2025-01-20 07:00:00,41.8949
2025-01-20 08:00:00,20.7412
2025-01-20 09:00:00,11.8596
2025-01-20 10:00:00,8.3859
2025-01-20 11:00:00,2.4096
2025-01-20 12:00:00,-5.711
2025-01-20 13:00:00,-6.7012
2025-01-20 14:00:00,-6.0009
2025-01-20 15:00:00,4.1089
2025-01-20 16:00:00,29.7872
2025-01-20 17:00:00,52.7722
2025-01-20 18:00:00,67.9269
2025-01-20 19:00:00,79.157
2025-01-20 20:00:00,85.2187
2025-01-20 21:00:00,76.562
2025-01-20 22:00:00,66.0723
2025-01-20 23:00:00,52.7511
2025-01-21 00:00:00,34.7919
2025-01-21 01:00:00,31.5972
2025-01-21 02:00:00,26.7917
2025-01-21 03:00:00,25.7825
2025-01-21 04:00:00,28.2255
2025-01-21 05:00:00,31.4053
2025-01-21 06:00:00,36.0948
2025-01-21 07:00:00,40.8444
2025-01-21 08:00:00,24.8101
2025-01-21 09:00:00,19.5612
2025-01-21 10:00:00,18.2117
2025-01-21 11:00:00,16.9879
2025-01-21 12:00:00,2.5671
2025-01-21 13:00:00,1.3031
2025-01-21 14:00:00,21.4986
2025-01-21 15:00:00,33.8508
2025-01-21 16:00:00,41.5911
2025-01-21 17:00:00,51.8823
2025-01-21 18:00:00,64.3085
2025-01-21 19:00:00,78.6722
2025-01-21 20:00:00,83.6593
2025-01-21 21:00:00,78.7361
2025-01-21 22:00:00,64.1208
2025-01-21 23:00:00,52.5224
2025-01-22 00:00:00,35.8062
2025-01-22 01:00:00,31.5367
2025-01-22 02:00:00,28.0575
2025-01-22 03:00:00,26.2978
2025-01-22 04:00:00,27.0761
2025-01-22 05:00:00,31.7104
2025-01-22 06:00:00,36.0914
2025-01-22 07:00:00,42.5067
2025-01-22 08:00:00,47.2658
2025-01-22 09:00:00,55.5231
2025-01-22 10:00:00,69.3548
2025-01-22 11:00:00,64.1192
2025-01-22 12:00:00,29.8899
2025-01-22 13:00:00,13.4828
2025-01-22 14:00:00,22.4456
2025-01-22 15:00:00,34.2641
2025-01-22 16:00:00,42.7729
2025-01-22 17:00:00,52.6095
2025-01-22 18:00:00,66.038
2025-01-22 19:00:00,78.8167
2025-01-22 20:00:00,82.4756
2025-01-22 21:00:00,78.3423
2025-01-22 22:00:00,64.7075
2025-01-22 23:00:00,52.7316
2025-01-23 00:00:00,36.1288
2025-01-23 01:00:00,31.1643
2025-01-23 02:00:00,27.7043
2025-01-23 03:00:00,25.8941
2025-01-23 04:00:00,27.0378
2025-01-23 05:00:00,31.5701
2025-01-23 06:00:00,37.0259
2025-01-23 07:00:00,42.0774
2025-01-23 08:00:00,43.7368
2025-01-23 09:00:00,46.7582
2025-01-23 10:00:00,55.3708
2025-01-23 11:00:00,51.5305
2025-01-23 12:00:00,43.1498
2025-01-23 13:00:00,31.4405
2025-01-23 14:00:00,33.1845
2025-01-23 15:00:00,35.8671
2025-01-23 16:00:00,43.7071
2025-01-23 17:00:00,52.651
2025-01-23 18:00:00,63.9829
2025-01-23 19:00:00,77.5914
2025-01-23 20:00:00,85.8127
2025-01-23 21:00:00,79.548
2025-01-23 22:00:00,65.4036
2025-01-23 23:00:00,51.393
2025-01-24 00:00:00,36.0555
2025-01-24 01:00:00,31.8649
2025-01-24 02:00:00,27.9792
2025-01-24 03:00:00,26.6223
2025-01-24 04:00:00,27.0555
2025-01-24 05:00:00,31.1686
2025-01-24 06:00:00,37.1486
2025-01-24 07:00:00,41.2505
2025-01-24 08:00:00,37.0773
2025-01-24 09:00:00,29.971
2025-01-24 10:00:00,39.4592
2025-01-24 11:00:00,37.8535
2025-01-24 12:00:00,32.1648
2025-01-24 13:00:00,31.1903
2025-01-24 14:00:00,33.1971
2025-01-24 15:00:00,34.7012
2025-01-24 16:00:00,43.0994
2025-01-24 17:00:00,53.1166
2025-01-24 18:00:00,66.0604
2025-01-24 19:00:00,78.41
2025-01-24 20:00:00,84.8693
2025-01-24 21:00:00,79.9993
2025-01-24 22:00:00,64.2086
2025-01-24 23:00:00,52.271
2025-01-25 00:00:00,29.9888
2025-01-25 01:00:00,27.267
2025-01-25 02:00:00,23.2669
2025-01-25 03:00:00,22.4119
2025-01-25 04:00:00,23.458
2025-01-25 05:00:00,26.5141
2025-01-25 06:00:00,30.5225
2025-01-25 07:00:00,35.994
2025-01-25 08:00:00,39.5847
2025-01-25 09:00:00,42.2709
2025-01-25 10:00:00,33.2934
2025-01-25 11:00:00,13.211
2025-01-25 12:00:00,-4.2876
2025-01-25 13:00:00,-29.1841
2025-01-25 14:00:00,-16.5374
2025-01-25 15:00:00,6.6268
2025-01-25 16:00:00,23.9477
2025-01-25 17:00:00,44.4954
2025-01-25 18:00:00,54.8365
2025-01-25 19:00:00,66.8722
2025-01-25 20:00:00,72.8984
2025-01-25 21:00:00,67.5825
2025-01-25 22:00:00,56.3627
2025-01-25 23:00:00,45.1869
2025-01-26 00:00:00,29.9479
2025-01-26 01:00:00,26.832
2025-01-26 02:00:00,23.52
2025-01-26 03:00:00,22.1651
2025-01-26 04:00:00,23.528
2025-01-26 05:00:00,26.0926
2025-01-26 06:00:00,31.3876
2025-01-26 07:00:00,28.1298
2025-01-26 08:00:00,14.0497
2025-01-26 09:00:00,1.0357
2025-01-26 10:00:00,-6.8626
2025-01-26 11:00:00,-6.6032
2025-01-26 12:00:00,-10.8083
2025-01-26 13:00:00,-9.4536
2025-01-26 14:00:00,22.3358
2025-01-26 15:00:00,30.3177
2025-01-26 16:00:00,35.1814
2025-01-26 17:00:00,45.1606
2025-01-26 18:00:00,56.2759
2025-01-26 19:00:00,65.9215
2025-01-26 20:00:00,73.2813
2025-01-26 21:00:00,66.2343
2025-01-26 22:00:00,56.4628
2025-01-26 23:00:00,45.9546
2025-01-27 00:00:00,35.2748
2025-01-27 01:00:00,31.9537
2025-01-27 02:00:00,28.0882
2025-01-27 03:00:00,26.0414
2025-01-27 04:00:00,27.7111
2025-01-27 05:00:00,32.2378
2025-01-27 06:00:00,35.983
2025-01-27 07:00:00,41.8639
2025-01-27 08:00:00,27.089
2025-01-27 09:00:00,16.1714
2025-01-27 10:00:00,9.3411
2025-01-27 11:00:00,-0.7906
2025-01-27 12:00:00,-12.6879
2025-01-27 13:00:00,-22.5351
2025-01-27 14:00:00,-10.5716
2025-01-27 15:00:00,5.4998
2025-01-27 16:00:00,29.0406
2025-01-27 17:00:00,52.6491
2025-01-27 18:00:00,66.6867
2025-01-27 19:00:00,77.9198
2025-01-27 20:00:00,84.9122
2025-01-27 21:00:00,80.4777
2025-01-27 22:00:00,65.026
2025-01-27 23:00:00,52.6795
2025-01-28 00:00:00,35.232
2025-01-28 01:00:00,31.9309
2025-01-28 02:00:00,28.1765
2025-01-28 03:00:00,26.5496
2025-01-28 04:00:00,28.13
2025-01-28 05:00:00,32.1945
2025-01-28 06:00:00,35.8849
2025-01-28 07:00:00,36.0243
2025-01-28 08:00:00,26.5454
2025-01-28 09:00:00,21.0199
2025-01-28 10:00:00,25.7853
2025-01-28 11:00:00,35.0064
2025-01-28 12:00:00,25.7071
2025-01-28 13:00:00,12.3172
2025-01-28 14:00:00,25.3834
2025-01-28 15:00:00,29.9696
2025-01-28 16:00:00,39.1263
2025-01-28 17:00:00,52.5654
2025-01-28 18:00:00,65.9314
2025-01-28 19:00:00,77.217
2025-01-28 20:00:00,84.6552
2025-01-28 21:00:00,78.427
2025-01-28 22:00:00,64.5757
2025-01-28 23:00:00,52.7131
2025-01-29 00:00:00,35.1259
2025-01-29 01:00:00,32.2476
2025-01-29 02:00:00,28.0595
2025-01-29 03:00:00,26.2219
2025-01-29 04:00:00,27.4438
2025-01-29 05:00:00,32.0821
2025-01-29 06:00:00,36.6143
2025-01-29 07:00:00,40.5193
2025-01-29 08:00:00,35.2523
2025-01-29 09:00:00,26.2834
2025-01-29 10:00:00,10.8201
2025-01-29 11:00:00,-0.1454
2025-01-29 12:00:00,-18.2214
2025-01-29 13:00:00,-29.4928
2025-01-29 14:00:00,2.5795
2025-01-29 15:00:00,12.648
2025-01-29 16:00:00,36.6136
2025-01-29 17:00:00,52.3752
2025-01-29 18:00:00,66.8873
2025-01-29 19:00:00,76.9818
2025-01-29 20:00:00,84.7795
2025-01-29 21:00:00,79.6424
2025-01-29 22:00:00,65.6756
2025-01-29 23:00:00,52.304
2025-01-30 00:00:00,35.0841
2025-01-30 01:00:00,30.931
2025-01-30 02:00:00,27.1611
2025-01-30 03:00:00,26.3271
2025-01-30 04:00:00,27.1707
2025-01-30 05:00:00,31.045
2025-01-30 06:00:00,36.4003
2025-01-30 07:00:00,41.437
2025-01-30 08:00:00,35.539
2025-01-30 09:00:00,36.3334
2025-01-30 10:00:00,29.3895
2025-01-30 11:00:00,-2.4282
2025-01-30 12:00:00,-19.8567
2025-01-30 13:00:00,-28.1875
2025-01-30 14:00:00,-21.0108
2025-01-30 15:00:00,-6.0555
2025-01-30 16:00:00,19.6728
2025-01-30 17:00:00,51.7626
2025-01-30 18:00:00,64.7622
2025-01-30 19:00:00,77.8065
2025-01-30 20:00:00,84.876
2025-01-30 21:00:00,77.0838
2025-01-30 22:00:00,66.0846
2025-01-30 23:00:00,53.8086
2025-01-31 00:00:00,35.9724
2025-01-31 01:00:00,31.3321
2025-01-31 02:00:00,27.9089
2025-01-31 03:00:00,26.7735
2025-01-31 04:00:00,27.8726
2025-01-31 05:00:00,31.2929
2025-01-31 06:00:00,37.0821
2025-01-31 07:00:00,38.9449
2025-01-31 08:00:00,34.073
2025-01-31 09:00:00,29.7282
2025-01-31 10:00:00,23.4117
2025-01-31 11:00:00,15.084
2025-01-31 12:00:00,-3.6443
2025-01-31 13:00:00,-15.6389
2025-01-31 14:00:00,-16.7735
2025-01-31 15:00:00,-0.3001
2025-01-31 16:00:00,24.4386
2025-01-31 17:00:00,52.7189
2025-01-31 18:00:00,65.445
2025-01-31 19:00:00,79.5394
2025-01-31 20:00:00,86.4858
2025-01-31 21:00:00,80.0456
2025-01-31 22:00:00,64.5318
2025-01-31 23:00:00,52.6959
2025-02-01 00:00:00,29.9768
2025-02-01 01:00:00,26.2168
2025-02-01 02:00:00,23.1378
2025-02-01 03:00:00,21.7354
2025-02-01 04:00:00,22.7617
2025-02-01 05:00:00,26.2857
2025-02-01 06:00:00,29.7882
2025-02-01 07:00:00,30.7047
2025-02-01 08:00:00,25.1185
2025-02-01 09:00:00,12.503
2025-02-01 10:00:00,1.5009
2025-02-01 11:00:00,-16.3568
2025-02-01 12:00:00,-30.0171
2025-02-01 13:00:00,-30.4083
2025-02-01 14:00:00,-28.9627
2025-02-01 15:00:00,-6.2988
2025-02-01 16:00:00,16.6436
2025-02-01 17:00:00,43.623
2025-02-01 18:00:00,53.9858
2025-02-01 19:00:00,66.3327
2025-02-01 20:00:00,71.0332
2025-02-01 21:00:00,63.1416
2025-02-01 22:00:00,54.2906
2025-02-01 23:00:00,42.097
2025-02-02 00:00:00,29.1683
2025-02-02 01:00:00,25.2711
2025-02-02 02:00:00,22.5598
2025-02-02 03:00:00,21.5302
2025-02-02 04:00:00,22.5987
2025-02-02 05:00:00,26.0275
2025-02-02 06:00:00,30.2806
2025-02-02 07:00:00,29.9995
2025-02-02 08:00:00,14.1842
2025-02-02 09:00:00,-3.0063
2025-02-02 10:00:00,-0.7791
2025-02-02 11:00:00,0.5273
2025-02-02 12:00:00,-10.5517
2025-02-02 13:00:00,-27.8274
2025-02-02 14:00:00,-27.3155
2025-02-02 15:00:00,-11.8747
2025-02-02 16:00:00,18.5331
2025-02-02 17:00:00,42.7933
2025-02-02 18:00:00,55.1282
2025-02-02 19:00:00,65.2472
2025-02-02 20:00:00,70.8774
2025-02-02 21:00:00,67.0162
2025-02-02 22:00:00,53.6463
2025-02-02 23:00:00,42.8135
2025-02-03 00:00:00,34.1003
2025-02-03 01:00:00,29.7677
2025-02-03 02:00:00,26.949
2025-02-03 03:00:00,25.1711
2025-02-03 04:00:00,26.3449
2025-02-03 05:00:00,30.7301
2025-02-03 06:00:00,35.624
2025-02-03 07:00:00,32.8683
2025-02-03 08:00:00,17.7836
2025-02-03 09:00:00,7.6389
2025-02-03 10:00:00,1.0201
2025-02-03 11:00:00,-8.5738
2025-02-03 12:00:00,-20.8307
2025-02-03 13:00:00,-29.9177
2025-02-03 14:00:00,-24.1847
2025-02-03 15:00:00,-8.5366
2025-02-03 16:00:00,18.5641
2025-02-03 17:00:00,50.5331
2025-02-03 18:00:00,63.2437
2025-02-03 19:00:00,78.2942
2025-02-03 20:00:00,83.1611
2025-02-03 21:00:00,78.4727
2025-02-03 22:00:00,63.4825
2025-02-03 23:00:00,51.9337
2025-02-04 00:00:00,34.4602
2025-02-04 01:00:00,29.8591
2025-02-04 02:00:00,26.2502
2025-02-04 03:00:00,25.1674
2025-02-04 04:00:00,27.203
2025-02-04 05:00:00,30.086
2025-02-04 06:00:00,35.1363
2025-02-04 07:00:00,32.8139
2025-02-04 08:00:00,18.6163
2025-02-04 09:00:00,8.1484
2025-02-04 10:00:00,4.1684
2025-02-04 11:00:00,-5.0311
2025-02-04 12:00:00,-19.6175
2025-02-04 13:00:00,-24.7999
2025-02-04 14:00:00,-11.7041
2025-02-04 15:00:00,6.7019
2025-02-04 16:00:00,27.8961
2025-02-04 17:00:00,49.9544
2025-02-04 18:00:00,62.0656
2025-02-04 19:00:00,77.6972
2025-02-04 20:00:00,81.2817
2025-02-04 21:00:00,77.1057
2025-02-04 22:00:00,63.8355
2025-02-04 23:00:00,51.6021
2025-02-05 00:00:00,34.7151
2025-02-05 01:00:00,31.2029
2025-02-05 02:00:00,26.7847
2025-02-05 03:00:00,24.9684
2025-02-05 04:00:00,26.6411
2025-02-05 05:00:00,30.5535
2025-02-05 06:00:00,35.1702
2025-02-05 07:00:00,40.2406
2025-02-05 08:00:00,43.9302
2025-02-05 09:00:00,50.5317
2025-02-05 10:00:00,63.7959
2025-02-05 11:00:00,67.9931
2025-02-05 12:00:00,54.7432
2025-02-05 13:00:00,44.8387
2025-02-05 14:00:00,40.3458
2025-02-05 15:00:00,39.0308
2025-02-05 16:00:00,41.6763
2025-02-05 17:00:00,51.5838
2025-02-05 18:00:00,64.9699
2025-02-05 19:00:00,78.3137
2025-02-05 20:00:00,82.3042
2025-02-05 21:00:00,77.637
2025-02-05 22:00:00,64.2743
2025-02-05 23:00:00,50.1457
2025-02-06 00:00:00,34.0282
2025-02-06 01:00:00,30.1838
2025-02-06 02:00:00,27.2757
2025-02-06 03:00:00,25.3394
2025-02-06 04:00:00,27.1759
2025-02-06 05:00:00,30.3666
2025-02-06 06:00:00,36.1879
2025-02-06 07:00:00,41.5497
2025-02-06 08:00:00,45.4808
2025-02-06 09:00:00,53.0381
2025-02-06 10:00:00,65.0683
2025-02-06 11:00:00,60.7351
2025-02-06 12:00:00,48.4676
2025-02-06 13:00:00,41.2959
2025-02-06 14:00:00,40.1175
2025-02-06 15:00:00,40.1625
2025-02-06 16:00:00,41.8528
2025-02-06 17:00:00,51.4599
2025-02-06 18:00:00,63.6559
2025-02-06 19:00:00,80.0311
2025-02-06 20:00:00,83.6127
2025-02-06 21:00:00,75.758
2025-02-06 22:00:00,63.0383
2025-02-06 23:00:00,51.0397
2025-02-07 00:00:00,34.846
2025-02-07 01:00:00,30.77
2025-02-07 02:00:00,26.6177
2025-02-07 03:00:00,24.8151
2025-02-07 04:00:00,26.8133
2025-02-07 05:00:00,30.6885
2025-02-07 06:00:00,35.5743
2025-02-07 07:00:00,36.9724
2025-02-07 08:00:00,41.7577
2025-02-07 09:00:00,40.4301
2025-02-07 10:00:00,49.8785
2025-02-07 11:00:00,31.6059
2025-02-07 12:00:00,22.8489
2025-02-07 13:00:00,15.1502
2025-02-07 14:00:00,20.5992
2025-02-07 15:00:00,37.0416
2025-02-07 16:00:00,41.495
2025-02-07 17:00:00,50.3045
2025-02-07 18:00:00,64.2549
2025-02-07 19:00:00,77.5158
2025-02-07 20:00:00,82.4426
2025-02-07 21:00:00,77.4582
2025-02-07 22:00:00,64.4706
2025-02-07 23:00:00,51.5032
2025-02-08 00:00:00,29.436
2025-02-08 01:00:00,26.0588
2025-02-08 02:00:00,22.4047
2025-02-08 03:00:00,22.4247
2025-02-08 04:00:00,23.036
2025-02-08 05:00:00,26.3772
2025-02-08 06:00:00,29.8642
2025-02-08 07:00:00,31.9629
2025-02-08 08:00:00,25.3207
2025-02-08 09:00:00,14.6923
2025-02-08 10:00:00,11.9482
2025-02-08 11:00:00,2.8477
2025-02-08 12:00:00,-15.1179
2025-02-08 13:00:00,-18.7328
2025-02-08 14:00:00,9.0557
2025-02-08 15:00:00,24.8108
2025-02-08 16:00:00,34.1883
2025-02-08 17:00:00,42.841
2025-02-08 18:00:00,54.0248
2025-02-08 19:00:00,65.8797
2025-02-08 20:00:00,69.0951
2025-02-08 21:00:00,66.9426
2025-02-08 22:00:00,54.1811
2025-02-08 23:00:00,44.4148
2025-02-09 00:00:00,29.7915
2025-02-09 01:00:00,25.7638
2025-02-09 02:00:00,23.1508
2025-02-09 03:00:00,21.6816
2025-02-09 04:00:00,22.4172
2025-02-09 05:00:00,25.8964
2025-02-09 06:00:00,29.6794
2025-02-09 07:00:00,34.5227
2025-02-09 08:00:00,36.1523
2025-02-09 09:00:00,40.2463
2025-02-09 10:00:00,42.3319
2025-02-09 11:00:00,35.9137
2025-02-09 12:00:00,29.9473
2025-02-09 13:00:00,22.1091
2025-02-09 14:00:00,24.0402
2025-02-09 15:00:00,27.6419
2025-02-09 16:00:00,31.016
2025-02-09 17:00:00,41.933
2025-02-09 18:00:00,55.2937
2025-02-09 19:00:00,66.3282
2025-02-09 20:00:00,68.8881
2025-02-09 21:00:00,64.6794
2025-02-09 22:00:00,52.9216
2025-02-09 23:00:00,43.197
2025-02-10 00:00:00,34.408
2025-02-10 01:00:00,31.303
2025-02-10 02:00:00,27.3231
2025-02-10 03:00:00,25.0906
2025-02-10 04:00:00,26.4679
2025-02-10 05:00:00,30.9312
2025-02-10 06:00:00,35.6403
2025-02-10 07:00:00,35.7232
2025-02-10 08:00:00,19.7434
2025-02-10 09:00:00,8.9482
2025-02-10 10:00:00,1.7999
2025-02-10 11:00:00,-12.1669
2025-02-10 12:00:00,-21.691
2025-02-10 13:00:00,-25.6941
2025-02-10 14:00:00,-17.9846
2025-02-10 15:00:00,-0.9936
2025-02-10 16:00:00,19.0902
2025-02-10 17:00:00,46.4868
2025-02-10 18:00:00,63.2535
2025-02-10 19:00:00,77.9901
2025-02-10 20:00:00,82.5914
2025-02-10 21:00:00,77.2706
2025-02-10 22:00:00,64.2926
2025-02-10 23:00:00,51.1663
2025-02-11 00:00:00,33.8837
2025-02-11 01:00:00,30.3561
2025-02-11 02:00:00,27.5253
2025-02-11 03:00:00,25.3606
2025-02-11 04:00:00,26.6529
2025-02-11 05:00:00,31.2204
2025-02-11 06:00:00,35.749
2025-02-11 07:00:00,32.6914
2025-02-11 08:00:00,16.5541
2025-02-11 09:00:00,6.19
2025-02-11 10:00:00,0.2642
2025-02-11 11:00:00,-8.6635
2025-02-11 12:00:00,-17.4698
2025-02-11 13:00:00,-27.2728
2025-02-11 14:00:00,-14.7555
2025-02-11 15:00:00,-3.5759
2025-02-11 16:00:00,25.7452
2025-02-11 17:00:00,49.5853
2025-02-11 18:00:00,65.4571
2025-02-11 19:00:00,76.9508
2025-02-11 20:00:00,84.2558
2025-02-11 21:00:00,77.3701
2025-02-11 22:00:00,63.317
2025-02-11 23:00:00,51.4732
2025-02-12 00:00:00,34.2029
2025-02-12 01:00:00,30.7001
2025-02-12 02:00:00,27.1336
2025-02-12 03:00:00,24.9621
2025-02-12 04:00:00,27.1943
2025-02-12 05:00:00,31.048
2025-02-12 06:00:00,34.9035
2025-02-12 07:00:00,34.7859
2025-02-12 08:00:00,19.2762
2025-02-12 09:00:00,11.7482
2025-02-12 10:00:00,14.45
2025-02-12 11:00:00,-3.4397
2025-02-12 12:00:00,9.842
2025-02-12 13:00:00,15.1499
2025-02-12 14:00:00,15.3016
2025-02-12 15:00:00,22.3351
2025-02-12 16:00:00,35.8378
2025-02-12 17:00:00,49.6666
2025-02-12 18:00:00,64.6118
2025-02-12 19:00:00,74.8606
2025-02-12 20:00:00,81.6433
2025-02-12 21:00:00,76.8147
2025-02-12 22:00:00,62.888
2025-02-12 23:00:00,52.03
2025-02-13 00:00:00,34.5069
2025-02-13 01:00:00,29.9545
2025-02-13 02:00:00,26.9063
2025-02-13 03:00:00,25.6373
2025-02-13 04:00:00,26.3534
2025-02-13 05:00:00,31.4012
2025-02-13 06:00:00,35.1477
2025-02-13 07:00:00,33.9529
2025-02-13 08:00:00,18.4683
2025-02-13 09:00:00,8.3665
2025-02-13 10:00:00,2.2536
2025-02-13 11:00:00,-6.1827
2025-02-13 12:00:00,-20.1851
2025-02-13 13:00:00,-29.8823
2025-02-13 14:00:00,10.3243
2025-02-13 15:00:00,22.5974
2025-02-13 16:00:00,34.2459
2025-02-13 17:00:00,49.9516
2025-02-13 18:00:00,63.5585
2025-02-13 19:00:00,76.0952
2025-02-13 20:00:00,80.5694
2025-02-13 21:00:00,75.0343
2025-02-13 22:00:00,65.0007
2025-02-13 23:00:00,51.2789
2025-02-14 00:00:00,34.3963
2025-02-14 01:00:00,30.1877
2025-02-14 02:00:00,26.6722
2025-02-14 03:00:00,25.5548
2025-02-14 04:00:00,26.6365
2025-02-14 05:00:00,29.9778
2025-02-14 06:00:00,35.2078
2025-02-14 07:00:00,40.7683
2025-02-14 08:00:00,48.3813
2025-02-14 09:00:00,59.6199
2025-02-14 10:00:00,66.9236
2025-02-14 11:00:00,70.781
2025-02-14 12:00:00,57.4796
2025-02-14 13:00:00,44.2283
2025-02-14 14:00:00,39.6585
2025-02-14 15:00:00,38.2412
2025-02-14 16:00:00,43.7336
2025-02-14 17:00:00,51.9208
2025-02-14 18:00:00,65.2241
2025-02-14 19:00:00,78.8062
2025-02-14 20:00:00,83.913
2025-02-14 21:00:00,77.598
2025-02-14 22:00:00,62.662
2025-02-14 23:00:00,51.6129
2025-02-15 00:00:00,30.0864
2025-02-15 01:00:00,25.7275
2025-02-15 02:00:00,23.0693
2025-02-15 03:00:00,21.2033
2025-02-15 04:00:00,22.8521
2025-02-15 05:00:00,26.8583
2025-02-15 06:00:00,29.9913
2025-02-15 07:00:00,35.153
2025-02-15 08:00:00,42.8859
2025-02-15 09:00:00,52.6305
2025-02-15 10:00:00,59.5841
2025-02-15 11:00:00,59.9522
2025-02-15 12:00:00,45.8675
2025-02-15 13:00:00,37.9393
2025-02-15 14:00:00,35.85
2025-02-15 15:00:00,34.035
2025-02-15 16:00:00,37.5818
2025-02-15 17:00:00,43.9935
2025-02-15 18:00:00,52.4912
2025-02-15 19:00:00,67.1714
2025-02-15 20:00:00,69.9931
2025-02-15 21:00:00,65.4432
2025-02-15 22:00:00,53.9996
2025-02-15 23:00:00,44.5842
2025-02-16 00:00:00,29.8953
2025-02-16 01:00:00,25.4322
2025-02-16 02:00:00,22.5498
2025-02-16 03:00:00,21.9893
2025-02-16 04:00:00,22.7118
2025-02-16 05:00:00,26.4412
2025-02-16 06:00:00,29.7128
2025-02-16 07:00:00,31.1625
2025-02-16 08:00:00,23.2249
2025-02-16 09:00:00,27.6056
2025-02-16 10:00:00,31.1098
2025-02-16 11:00:00,27.7919
2025-02-16 12:00:00,17.7529
2025-02-16 13:00:00,22.9458
2025-02-16 14:00:00,21.8601
2025-02-16 15:00:00,24.8032
2025-02-16 16:00:00,33.1922
2025-02-16 17:00:00,42.6412
2025-02-16 18:00:00,53.7952
2025-02-16 19:00:00,67.0847
2025-02-16 20:00:00,69.4069
2025-02-16 21:00:00,64.663
2025-02-16 22:00:00,53.2466
2025-02-16 23:00:00,43.2774
2025-02-17 00:00:00,35.0564
2025-02-17 01:00:00,31.1794
2025-02-17 02:00:00,27.5768
2025-02-17 03:00:00,25.7292
2025-02-17 04:00:00,26.2863
2025-02-17 05:00:00,30.4316
2025-02-17 06:00:00,35.3171
2025-02-17 07:00:00,39.1331
2025-02-17 08:00:00,39.8268
2025-02-17 09:00:00,51.7388
2025-02-17 10:00:00,65.4402
2025-02-17 11:00:00,55.0969
2025-02-17 12:00:00,32.6207
2025-02-17 13:00:00,25.5818
2025-02-17 14:00:00,34.641
2025-02-17 15:00:00,34.5022
2025-02-17 16:00:00,41.8026
2025-02-17 17:00:00,51.4175
2025-02-17 18:00:00,62.7791
2025-02-17 19:00:00,76.074
2025-02-17 20:00:00,84.5647
2025-02-17 21:00:00,78.6279
2025-02-17 22:00:00,63.6073
2025-02-17 23:00:00,49.9442
2025-02-18 00:00:00,35.2977
2025-02-18 01:00:00,30.9104
2025-02-18 02:00:00,26.6811
2025-02-18 03:00:00,26.4566
2025-02-18 04:00:00,26.7623
2025-02-18 05:00:00,31.2533
2025-02-18 06:00:00,35.2906
2025-02-18 07:00:00,32.563
2025-02-18 08:00:00,15.3691
2025-02-18 09:00:00,5.0036
2025-02-18 10:00:00,-0.3711
2025-02-18 11:00:00,-11.7927
2025-02-18 12:00:00,-25.0602
2025-02-18 13:00:00,-27.5477
2025-02-18 14:00:00,-7.7938
2025-02-18 15:00:00,8.8727
2025-02-18 16:00:00,32.6609
2025-02-18 17:00:00,49.1613
2025-02-18 18:00:00,63.8601
2025-02-18 19:00:00,77.463
2025-02-18 20:00:00,82.4578
2025-02-18 21:00:00,78.886
2025-02-18 22:00:00,62.4051
2025-02-18 23:00:00,51.5499
2025-02-19 00:00:00,34.1052
2025-02-19 01:00:00,30.9996
2025-02-19 02:00:00,26.6628
2025-02-19 03:00:00,26.3359
2025-02-19 04:00:00,26.2041
2025-02-19 05:00:00,30.8111
2025-02-19 06:00:00,35.8179
2025-02-19 07:00:00,29.78
2025-02-19 08:00:00,11.2859
2025-02-19 09:00:00,0.7987
2025-02-19 10:00:00,-5.2527
2025-02-19 11:00:00,-15.5737
2025-02-19 12:00:00,-30.4405
2025-02-19 13:00:00,-36.887
2025-02-19 14:00:00,-20.9652
2025-02-19 15:00:00,-0.7288
2025-02-19 16:00:00,21.7129
2025-02-19 17:00:00,48.0303
2025-02-19 18:00:00,63.2687
2025-02-19 19:00:00,77.6549
2025-02-19 20:00:00,81.7521
2025-02-19 21:00:00,76.9423
2025-02-19 22:00:00,63.5415
2025-02-19 23:00:00,49.6872
2025-02-20 00:00:00,34.3387
2025-02-20 01:00:00,30.0573
2025-02-20 02:00:00,26.649
2025-02-20 03:00:00,25.9532
2025-02-20 04:00:00,27.2957
2025-02-20 05:00:00,30.9375
2025-02-20 06:00:00,35.2478
2025-02-20 07:00:00,29.6578
2025-02-20 08:00:00,11.6773
2025-02-20 09:00:00,3.2307
2025-02-20 10:00:00,-2.3054
2025-02-20 11:00:00,-11.3348
2025-02-20 12:00:00,-26.8342
2025-02-20 13:00:00,-34.9367
2025-02-20 14:00:00,-29.0163
2025-02-20 15:00:00,-7.9359
2025-02-20 16:00:00,13.9449
2025-02-20 17:00:00,42.2379
2025-02-20 18:00:00,63.263
2025-02-20 19:00:00,77.5287
2025-02-20 20:00:00,83.3601
2025-02-20 21:00:00,75.806
2025-02-20 22:00:00,64.3454
2025-02-20 23:00:00,52.2708
2025-02-21 00:00:00,34.1634
2025-02-21 01:00:00,30.1073
2025-02-21 02:00:00,27.0434
2025-02-21 03:00:00,26.3018
2025-02-21 04:00:00,27.6141
2025-02-21 05:00:00,30.586
2025-02-21 06:00:00,35.5926
2025-02-21 07:00:00,30.5051
2025-02-21 08:00:00,13.5526
2025-02-21 09:00:00,1.9202
2025-02-21 10:00:00,-2.4347
2025-02-21 11:00:00,-10.9625
2025-02-21 12:00:00,-25.2887
2025-02-21 13:00:00,-34.867
2025-02-21 14:00:00,-27.6101
2025-02-21 15:00:00,-13.538
2025-02-21 16:00:00,13.6584
2025-02-21 17:00:00,44.0547
2025-02-21 18:00:00,62.7622
2025-02-21 19:00:00,75.8883
2025-02-21 20:00:00,83.6543
2025-02-21 21:00:00,77.3416
2025-02-21 22:00:00,62.9895
2025-02-21 23:00:00,50.6319
2025-02-22 00:00:00,29.0172
2025-02-22 01:00:00,26.3218
2025-02-22 02:00:00,23.3427
2025-02-22 03:00:00,21.2088
2025-02-22 04:00:00,23.1388
2025-02-22 05:00:00,25.8802
2025-02-22 06:00:00,30.0657
2025-02-22 07:00:00,23.7611
2025-02-22 08:00:00,7.2883
2025-02-22 09:00:00,-6.1782
2025-02-22 10:00:00,-14.0641
2025-02-22 11:00:00,-19.7939
2025-02-22 12:00:00,-30.6518
2025-02-22 13:00:00,-37.4294
2025-02-22 14:00:00,-32.1791
2025-02-22 15:00:00,-16.511
2025-02-22 16:00:00,7.9431
2025-02-22 17:00:00,37.0586
2025-02-22 18:00:00,53.7027
2025-02-22 19:00:00,65.876
2025-02-22 20:00:00,70.4371
2025-02-22 21:00:00,63.6591
2025-02-22 22:00:00,53.407
2025-02-22 23:00:00,42.9746
2025-02-23 00:00:00,29.2944
2025-02-23 01:00:00,25.8648
2025-02-23 02:00:00,22.2081
2025-02-23 03:00:00,21.7573
2025-02-23 04:00:00,22.1311
2025-02-23 05:00:00,26.2672
2025-02-23 06:00:00,30.0996
2025-02-23 07:00:00,24.6225
2025-02-23 08:00:00,7.7647
2025-02-23 09:00:00,-3.9513
2025-02-23 10:00:00,-10.9944
2025-02-23 11:00:00,-16.6905
2025-02-23 12:00:00,-22.5693
2025-02-23 13:00:00,-23.8065
2025-02-23 14:00:00,-6.4459
2025-02-23 15:00:00,12.3826
2025-02-23 16:00:00,28.3771
2025-02-23 17:00:00,42.9149
2025-02-23 18:00:00,53.8328
2025-02-23 19:00:00,65.2022
2025-02-23 20:00:00,69.7815
2025-02-23 21:00:00,65.663
2025-02-23 22:00:00,54.5506
2025-02-23 23:00:00,43.1605
2025-02-24 00:00:00,34.64
2025-02-24 01:00:00,30.3321
2025-02-24 02:00:00,26.6869
2025-02-24 03:00:00,25.7938
2025-02-24 04:00:00,26.8431
2025-02-24 05:00:00,30.8385
2025-02-24 06:00:00,35.4591
2025-02-24 07:00:00,37.042
2025-02-24 08:00:00,39.2539
2025-02-24 09:00:00,49.5952
2025-02-24 10:00:00,40.6411
2025-02-24 11:00:00,42.6705
2025-02-24 12:00:00,30.8884
2025-02-24 13:00:00,9.3736
2025-02-24 14:00:00,11.093
2025-02-24 15:00:00,30.5162
2025-02-24 16:00:00,36.8291
2025-02-24 17:00:00,51.3011
2025-02-24 18:00:00,61.1183
2025-02-24 19:00:00,75.8748
2025-02-24 20:00:00,84.4118
2025-02-24 21:00:00,75.056
2025-02-24 22:00:00,63.9973
2025-02-24 23:00:00,51.4136
2025-02-25 00:00:00,35.0163
2025-02-25 01:00:00,30.4286
2025-02-25 02:00:00,26.8845
2025-02-25 03:00:00,25.9347
2025-02-25 04:00:00,26.6273
2025-02-25 05:00:00,30.5876
2025-02-25 06:00:00,35.3357
2025-02-25 07:00:00,40.7215
2025-02-25 08:00:00,47.7099
2025-02-25 09:00:00,55.6354
2025-02-25 10:00:00,61.8124
2025-02-25 11:00:00,47.5688
2025-02-25 12:00:00,32.8599
2025-02-25 13:00:00,13.824
2025-02-25 14:00:00,8.3506
2025-02-25 15:00:00,4.2947
2025-02-25 16:00:00,18.2865
2025-02-25 17:00:00,43.0906
2025-02-25 18:00:00,63.0285
2025-02-25 19:00:00,76.4632
2025-02-25 20:00:00,83.2114
2025-02-25 21:00:00,77.7279
2025-02-25 22:00:00,63.1127
2025-02-25 23:00:00,51.0841
2025-02-26 00:00:00,34.0211
2025-02-26 01:00:00,30.0551
2025-02-26 02:00:00,26.9523
2025-02-26 03:00:00,25.8494
2025-02-26 04:00:00,27.48
2025-02-26 05:00:00,30.2594
2025-02-26 06:00:00,35.4452
2025-02-26 07:00:00,27.4447
2025-02-26 08:00:00,10.5814
2025-02-26 09:00:00,-0.0747
2025-02-26 10:00:00,-4.6031
2025-02-26 11:00:00,-14.6865
2025-02-26 12:00:00,-26.497
2025-02-26 13:00:00,-33.7853
2025-02-26 14:00:00,-29.2416
2025-02-26 15:00:00,-15.091
2025-02-26 16:00:00,10.9821
2025-02-26 17:00:00,43.2944
2025-02-26 18:00:00,63.4449
2025-02-26 19:00:00,76.7916
2025-02-26 20:00:00,81.6316
2025-02-26 21:00:00,75.1084
2025-02-26 22:00:00,63.3318
2025-02-26 23:00:00,51.3118
2025-02-27 00:00:00,34.4509
2025-02-27 01:00:00,31.3464
2025-02-27 02:00:00,27.0717
2025-02-27 03:00:00,25.4968
2025-02-27 04:00:00,26.3057
2025-02-27 05:00:00,30.7725
2025-02-27 06:00:00,34.8275
2025-02-27 07:00:00,35.7483
2025-02-27 08:00:00,28.1661
2025-02-27 09:00:00,10.1464
2025-02-27 10:00:00,2.1992
2025-02-27 11:00:00,-9.3621
2025-02-27 12:00:00,-23.2909
2025-02-27 13:00:00,-30.1662
2025-02-27 14:00:00,-27.2586
2025-02-27 15:00:00,-12.8416
2025-02-27 16:00:00,12.6775
2025-02-27 17:00:00,43.5342
2025-02-27 18:00:00,62.6368
2025-02-27 19:00:00,77.7877
2025-02-27 20:00:00,81.1613
2025-02-27 21:00:00,78.3132
2025-02-27 22:00:00,62.7493
2025-02-27 23:00:00,49.8995
2025-02-28 00:00:00,35.0354
2025-02-28 01:00:00,30.9467
2025-02-28 02:00:00,27.1124
2025-02-28 03:00:00,26.0265
2025-02-28 04:00:00,27.0656
2025-02-28 05:00:00,30.9819
2025-02-28 06:00:00,35.2484
2025-02-28 07:00:00,29.4831
2025-02-28 08:00:00,12.0051
2025-02-28 09:00:00,6.2646
2025-02-28 10:00:00,-0.5367
2025-02-28 11:00:00,-6.7566
2025-02-28 12:00:00,-20.0637
2025-02-28 13:00:00,-28.186
2025-02-28 14:00:00,-23.8002
2025-02-28 15:00:00,-10.5518
2025-02-28 16:00:00,14.5187
2025-02-28 17:00:00,44.1542
2025-02-28 18:00:00,65.0013
2025-02-28 19:00:00,75.7486
2025-02-28 20:00:00,83.113
2025-02-28 21:00:00,78.2521
2025-02-28 22:00:00,64.2268
2025-02-28 23:00:00,50.0907
2025-03-01 00:00:00,26.6469
2025-03-01 01:00:00,23.0571
2025-03-01 02:00:00,20.7628
2025-03-01 03:00:00,19.0727
2025-03-01 04:00:00,20.3194
2025-03-01 05:00:00,23.7607
2025-03-01 06:00:00,28.0917
2025-03-01 07:00:00,20.9919
2025-03-01 08:00:00,4.0258
2025-03-01 09:00:00,-6.2118
2025-03-01 10:00:00,-13.4851
2025-03-01 11:00:00,-23.213
2025-03-01 12:00:00,-35.2661
2025-03-01 13:00:00,-41.7892
2025-03-01 14:00:00,-35.3292
2025-03-01 15:00:00,-16.5378
2025-03-01 16:00:00,4.7187
2025-03-01 17:00:00,33.1099
2025-03-01 18:00:00,47.6874
2025-03-01 19:00:00,59.9971
2025-03-01 20:00:00,61.7529
2025-03-01 21:00:00,58.3865
2025-03-01 22:00:00,48.0886
2025-03-01 23:00:00,39.7383
2025-03-02 00:00:00,27.2521
2025-03-02 01:00:00,23.3852
2025-03-02 02:00:00,20.6873
2025-03-02 03:00:00,19.7886
2025-03-02 04:00:00,20.6258
2025-03-02 05:00:00,23.433
2025-03-02 06:00:00,26.6001
2025-03-02 07:00:00,29.8105
2025-03-02 08:00:00,24.7355
2025-03-02 09:00:00,30.9618
2025-03-02 10:00:00,28.7539
2025-03-02 11:00:00,9.2427
2025-03-02 12:00:00,-0.8219
2025-03-02 13:00:00,13.3383
2025-03-02 14:00:00,9.0071
2025-03-02 15:00:00,11.5566
2025-03-02 16:00:00,16.479
2025-03-02 17:00:00,33.5772
2025-03-02 18:00:00,50.3998
2025-03-02 19:00:00,58.072
2025-03-02 20:00:00,62.3774
2025-03-02 21:00:00,58.4361
2025-03-02 22:00:00,50.0321
2025-03-02 23:00:00,38.5154
2025-03-03 00:00:00,30.8815
2025-03-03 01:00:00,28.1124
2025-03-03 02:00:00,24.7485
2025-03-03 03:00:00,23.1509
2025-03-03 04:00:00,24.7704
2025-03-03 05:00:00,27.7461
2025-03-03 06:00:00,31.9914
2025-03-03 07:00:00,33.8007
2025-03-03 08:00:00,21.0132
2025-03-03 09:00:00,11.6061
2025-03-03 10:00:00,-4.0046
2025-03-03 11:00:00,-16.7508
2025-03-03 12:00:00,-28.4681
2025-03-03 13:00:00,-30.5187
2025-03-03 14:00:00,-28.0594
2025-03-03 15:00:00,-13.3611
2025-03-03 16:00:00,8.951
2025-03-03 17:00:00,37.3997
2025-03-03 18:00:00,56.3686
2025-03-03 19:00:00,67.5556
2025-03-03 20:00:00,75.2667
2025-03-03 21:00:00,69.2622
2025-03-03 22:00:00,58.2351
2025-03-03 23:00:00,46.1953
2025-03-04 00:00:00,31.4779
2025-03-04 01:00:00,28.4651
2025-03-04 02:00:00,24.8376
2025-03-04 03:00:00,22.881
2025-03-04 04:00:00,23.9324
2025-03-04 05:00:00,27.6123
2025-03-04 06:00:00,32.2332
2025-03-04 07:00:00,23.4393
2025-03-04 08:00:00,4.0691
2025-03-04 09:00:00,-6.824
2025-03-04 10:00:00,-15.2534
2025-03-04 11:00:00,-22.2956
2025-03-04 12:00:00,-33.1715
2025-03-04 13:00:00,-40.2248
2025-03-04 14:00:00,-38.35
2025-03-04 15:00:00,-15.5185
2025-03-04 16:00:00,13.5122
2025-03-04 17:00:00,41.8802
2025-03-04 18:00:00,56.1826
2025-03-04 19:00:00,68.7958
2025-03-04 20:00:00,75.2989
2025-03-04 21:00:00,70.3948
2025-03-04 22:00:00,57.4421
2025-03-04 23:00:00,45.8299
2025-03-05 00:00:00,32.1002
2025-03-05 01:00:00,27.7179
2025-03-05 02:00:00,23.838
2025-03-05 03:00:00,23.1269
2025-03-05 04:00:00,24.7656
2025-03-05 05:00:00,27.8058
2025-03-05 06:00:00,32.5624
2025-03-05 07:00:00,22.0703
2025-03-05 08:00:00,4.6599
2025-03-05 09:00:00,-7.0612
2025-03-05 10:00:00,-12.4659
2025-03-05 11:00:00,-22.2148
2025-03-05 12:00:00,-33.8
2025-03-05 13:00:00,-40.3169
2025-03-05 14:00:00,-35.6098
2025-03-05 15:00:00,-18.4821
2025-03-05 16:00:00,6.1546
2025-03-05 17:00:00,37.9088
2025-03-05 18:00:00,57.0278
2025-03-05 19:00:00,68.8791
2025-03-05 20:00:00,75.2844
2025-03-05 21:00:00,71.8349
2025-03-05 22:00:00,58.2669
2025-03-05 23:00:00,45.3894
2025-03-06 00:00:00,31.352
2025-03-06 01:00:00,27.4226
2025-03-06 02:00:00,23.835
2025-03-06 03:00:00,22.1875
2025-03-06 04:00:00,24.2948
2025-03-06 05:00:00,28.0563
2025-03-06 06:00:00,32.3995
2025-03-06 07:00:00,22.8655
2025-03-06 08:00:00,4.0394
2025-03-06 09:00:00,-4.5483
2025-03-06 10:00:00,-10.2175
2025-03-06 11:00:00,-16.1471
2025-03-06 12:00:00,-30.9274
2025-03-06 13:00:00,-37.5306
2025-03-06 14:00:00,-31.8972
2025-03-06 15:00:00,-15.8832
2025-03-06 16:00:00,8.1461
2025-03-06 17:00:00,37.3254
2025-03-06 18:00:00,57.6366
2025-03-06 19:00:00,69.468
2025-03-06 20:00:00,74.0851
2025-03-06 21:00:00,69.0898
2025-03-06 22:00:00,57.2654
2025-03-06 23:00:00,48.0448
2025-03-07 00:00:00,31.7799
2025-03-07 01:00:00,28.5404
2025-03-07 02:00:00,24.4882
2025-03-07 03:00:00,23.3312
2025-03-07 04:00:00,23.8111
2025-03-07 05:00:00,28.0416
2025-03-07 06:00:00,31.3945
2025-03-07 07:00:00,23.1841
2025-03-07 08:00:00,6.7584
2025-03-07 09:00:00,-2.9721
2025-03-07 10:00:00,-6.727
2025-03-07 11:00:00,-15.4915
2025-03-07 12:00:00,-27.3425
2025-03-07 13:00:00,-33.6767
2025-03-07 14:00:00,-28.9115
2025-03-07 15:00:00,-15.2253
2025-03-07 16:00:00,9.0782
2025-03-07 17:00:00,38.4158
2025-03-07 18:00:00,58.1128
2025-03-07 19:00:00,67.3323
2025-03-07 20:00:00,75.1819
2025-03-07 21:00:00,70.5298
2025-03-07 22:00:00,57.1357
2025-03-07 23:00:00,45.9343
2025-03-08 00:00:00,27.0653
2025-03-08 01:00:00,23.187
2025-03-08 02:00:00,20.8886
2025-03-08 03:00:00,19.0279
2025-03-08 04:00:00,20.6775
2025-03-08 05:00:00,23.5159
2025-03-08 06:00:00,27.1956
2025-03-08 07:00:00,17.9959
2025-03-08 08:00:00,0.6879
2025-03-08 09:00:00,-11.2805
2025-03-08 10:00:00,-16.1588
2025-03-08 11:00:00,-21.1397
2025-03-08 12:00:00,-30.7538
2025-03-08 13:00:00,-36.9688
2025-03-08 14:00:00,-33.6362
2025-03-08 15:00:00,-19.2423
2025-03-08 16:00:00,5.4048
2025-03-08 17:00:00,33.5405
2025-03-08 18:00:00,49.5231
2025-03-08 19:00:00,59.2784
2025-03-08 20:00:00,64.3894
2025-03-08 21:00:00,58.7344
2025-03-08 22:00:00,49.3629
2025-03-08 23:00:00,39.0523
2025-03-09 00:00:00,25.9368
2025-03-09 01:00:00,23.7803
2025-03-09 02:00:00,20.6473
2025-03-09 03:00:00,19.9438
2025-03-09 04:00:00,20.6939
2025-03-09 05:00:00,24.1466
2025-03-09 06:00:00,27.5365
2025-03-09 07:00:00,18.196
2025-03-09 08:00:00,1.4114
2025-03-09 09:00:00,-8.4932
2025-03-09 10:00:00,-13.0416
2025-03-09 11:00:00,-18.6901
2025-03-09 12:00:00,-29.3598
2025-03-09 13:00:00,-36.0163
2025-03-09 14:00:00,-32.2239
2025-03-09 15:00:00,-17.3894
2025-03-09 16:00:00,5.2695
2025-03-09 17:00:00,31.9118
2025-03-09 18:00:00,48.438
2025-03-09 19:00:00,59.3113
2025-03-09 20:00:00,63.5791
2025-03-09 21:00:00,58.2861
2025-03-09 22:00:00,49.288
2025-03-09 23:00:00,38.9673
2025-03-10 00:00:00,31.3665
2025-03-10 01:00:00,27.09
2025-03-10 02:00:00,24.1649
2025-03-10 03:00:00,22.9381
2025-03-10 04:00:00,24.2949
2025-03-10 05:00:00,26.9951
2025-03-10 06:00:00,31.9219
2025-03-10 07:00:00,25.686
2025-03-10 08:00:00,13.3461
2025-03-10 09:00:00,7.0287
2025-03-10 10:00:00,5.4132
2025-03-10 11:00:00,7.499
2025-03-10 12:00:00,1.9475
2025-03-10 13:00:00,15.1851
2025-03-10 14:00:00,13.6759
2025-03-10 15:00:00,16.8366
2025-03-10 16:00:00,33.2111
2025-03-10 17:00:00,46.3422
2025-03-10 18:00:00,56.5813
2025-03-10 19:00:00,69.7876
2025-03-10 20:00:00,74.3916
2025-03-10 21:00:00,68.0189
2025-03-10 22:00:00,57.4368
2025-03-10 23:00:00,45.7427
2025-03-11 00:00:00,32.6209
2025-03-11 01:00:00,27.0356
2025-03-11 02:00:00,24.0414
2025-03-11 03:00:00,22.8059
2025-03-11 04:00:00,24.564
2025-03-11 05:00:00,27.5204
2025-03-11 06:00:00,32.2377
2025-03-11 07:00:00,28.7179
2025-03-11 08:00:00,25.5484
2025-03-11 09:00:00,26.8561
2025-03-11 10:00:00,25.9211
2025-03-11 11:00:00,19.1664
2025-03-11 12:00:00,16.8574
2025-03-11 13:00:00,12.3881
2025-03-11 14:00:00,12.7852
2025-03-11 15:00:00,21.7008
2025-03-11 16:00:00,32.1664
2025-03-11 17:00:00,44.0234
2025-03-11 18:00:00,56.9889
2025-03-11 19:00:00,68.6456
2025-03-11 20:00:00,75.1124
2025-03-11 21:00:00,68.0791
2025-03-11 22:00:00,57.6793
2025-03-11 23:00:00,45.7616
2025-03-12 00:00:00,31.8549
2025-03-12 01:00:00,27.9691
2025-03-12 02:00:00,24.0939
2025-03-12 03:00:00,22.9225
2025-03-12 04:00:00,24.2622
2025-03-12 05:00:00,27.1
2025-03-12 06:00:00,31.9923
2025-03-12 07:00:00,23.6271
2025-03-12 08:00:00,9.6365
2025-03-12 09:00:00,2.5669
2025-03-12 10:00:00,0.5871
2025-03-12 11:00:00,-2.4822
2025-03-12 12:00:00,-18.1176
2025-03-12 13:00:00,-22.9355
2025-03-12 14:00:00,-27.6414
2025-03-12 15:00:00,-10.6928
2025-03-12 16:00:00,6.8295
2025-03-12 17:00:00,38.0912
2025-03-12 18:00:00,58.4825
2025-03-12 19:00:00,69.3535
2025-03-12 20:00:00,73.7856
2025-03-12 21:00:00,71.8851
2025-03-12 22:00:00,57.3759
2025-03-12 23:00:00,46.6518
2025-03-13 00:00:00,31.6601
2025-03-13 01:00:00,27.8517
2025-03-13 02:00:00,24.3359
2025-03-13 03:00:00,22.7825
2025-03-13 04:00:00,23.87
2025-03-13 05:00:00,27.2525
2025-03-13 06:00:00,32.0704
2025-03-13 07:00:00,19.7943
2025-03-13 08:00:00,0.4217
2025-03-13 09:00:00,-7.7723
2025-03-13 10:00:00,-15.0748
2025-03-13 11:00:00,-21.7678
2025-03-13 12:00:00,-34.3366
2025-03-13 13:00:00,-41.0068
2025-03-13 14:00:00,-35.5303
2025-03-13 15:00:00,-20.3592
2025-03-13 16:00:00,5.6564
2025-03-13 17:00:00,36.9864
2025-03-13 18:00:00,56.7643
2025-03-13 19:00:00,70.8846
2025-03-13 20:00:00,73.4714
2025-03-13 21:00:00,69.4617
2025-03-13 22:00:00,58.2564
2025-03-13 23:00:00,46.6231
2025-03-14 00:00:00,30.4988
2025-03-14 01:00:00,27.5581
2025-03-14 02:00:00,24.1215
2025-03-14 03:00:00,23.0081
2025-03-14 04:00:00,24.5786
2025-03-14 05:00:00,27.5535
2025-03-14 06:00:00,32.553
2025-03-14 07:00:00,27.5063
2025-03-14 08:00:00,30.5434
2025-03-14 09:00:00,35.5892
2025-03-14 10:00:00,39.8809
2025-03-14 11:00:00,29.8053
2025-03-14 12:00:00,34.3393
2025-03-14 13:00:00,30.782
2025-03-14 14:00:00,25.7497
2025-03-14 15:00:00,8.5351
2025-03-14 16:00:00,16.3408
2025-03-14 17:00:00,38.3416
2025-03-14 18:00:00,58.012
2025-03-14 19:00:00,70.4118
2025-03-14 20:00:00,76.4102
2025-03-14 21:00:00,70.5207
2025-03-14 22:00:00,56.6741
2025-03-14 23:00:00,46.298
2025-03-15 00:00:00,26.9139
2025-03-15 01:00:00,23.6319
2025-03-15 02:00:00,20.3994
2025-03-15 03:00:00,19.054
2025-03-15 04:00:00,21.0193
2025-03-15 05:00:00,23.8046
2025-03-15 06:00:00,25.9749
2025-03-15 07:00:00,27.0028
2025-03-15 08:00:00,23.7139
2025-03-15 09:00:00,26.209
2025-03-15 10:00:00,8.7704
2025-03-15 11:00:00,-9.5474
2025-03-15 12:00:00,-23.4033
2025-03-15 13:00:00,-35.3273
2025-03-15 14:00:00,-32.8241
2025-03-15 15:00:00,-17.6487
2025-03-15 16:00:00,5.7139
2025-03-15 17:00:00,32.2674
2025-03-15 18:00:00,48.8391
2025-03-15 19:00:00,57.6814
2025-03-15 20:00:00,63.2606
2025-03-15 21:00:00,58.6726
2025-03-15 22:00:00,48.243
2025-03-15 23:00:00,39.8426
2025-03-16 00:00:00,26.2063
2025-03-16 01:00:00,22.9716
2025-03-16 02:00:00,20.4853
2025-03-16 03:00:00,19.5562
2025-03-16 04:00:00,20.7448
2025-03-16 05:00:00,24.0946
2025-03-16 06:00:00,27.8476
2025-03-16 07:00:00,23.0707
2025-03-16 08:00:00,27.6087
2025-03-16 09:00:00,31.1857
2025-03-16 10:00:00,45.6482
2025-03-16 11:00:00,38.9429
2025-03-16 12:00:00,30.576
2025-03-16 13:00:00,27.3208
2025-03-16 14:00:00,26.41
2025-03-16 15:00:00,26.6224
2025-03-16 16:00:00,30.6
2025-03-16 17:00:00,37.7795
2025-03-16 18:00:00,48.4931
2025-03-16 19:00:00,59.3937
2025-03-16 20:00:00,63.9689
2025-03-16 21:00:00,59.9605
2025-03-16 22:00:00,49.3545
2025-03-16 23:00:00,39.0159
2025-03-17 00:00:00,30.668
2025-03-17 01:00:00,27.3278
2025-03-17 02:00:00,24.4565
2025-03-17 03:00:00,22.9504
2025-03-17 04:00:00,24.4921
2025-03-17 05:00:00,27.025
2025-03-17 06:00:00,31.4129
2025-03-17 07:00:00,20.6654
2025-03-17 08:00:00,1.3183
2025-03-17 09:00:00,-8.6497
2025-03-17 10:00:00,-12.0518
2025-03-17 11:00:00,-20.3076
2025-03-17 12:00:00,-29.5767
2025-03-17 13:00:00,-34.5262
2025-03-17 14:00:00,-35.9715
2025-03-17 15:00:00,-20.2788
2025-03-17 16:00:00,5.7268
2025-03-17 17:00:00,36.7517
2025-03-17 18:00:00,57.9729
2025-03-17 19:00:00,69.5051
2025-03-17 20:00:00,74.0893
2025-03-17 21:00:00,69.6534
2025-03-17 22:00:00,57.6764
2025-03-17 23:00:00,45.9408
2025-03-18 00:00:00,31.226
2025-03-18 01:00:00,27.826
2025-03-18 02:00:00,24.4458
2025-03-18 03:00:00,23.479
2025-03-18 04:00:00,24.4177
2025-03-18 05:00:00,28.0408
2025-03-18 06:00:00,31.0845
2025-03-18 07:00:00,18.977
2025-03-18 08:00:00,-0.1039
2025-03-18 09:00:00,-7.9627
2025-03-18 10:00:00,-12.4854
2025-03-18 11:00:00,-14.8745
2025-03-18 12:00:00,-23.1886
2025-03-18 13:00:00,-35.2373
2025-03-18 14:00:00,-31.7498
2025-03-18 15:00:00,-18.1285
2025-03-18 16:00:00,7.148
2025-03-18 17:00:00,36.0976
2025-03-18 18:00:00,57.9712
2025-03-18 19:00:00,69.8184
2025-03-18 20:00:00,76.0876
2025-03-18 21:00:00,69.0308
2025-03-18 22:00:00,57.1207
2025-03-18 23:00:00,46.4522
2025-03-19 00:00:00,31.1206
2025-03-19 01:00:00,27.7383
2025-03-19 02:00:00,24.5728
2025-03-19 03:00:00,23.2947
2025-03-19 04:00:00,24.4523
2025-03-19 05:00:00,27.5826
2025-03-19 06:00:00,31.6673
2025-03-19 07:00:00,25.9746
2025-03-19 08:00:00,11.8366
2025-03-19 09:00:00,6.1282
2025-03-19 10:00:00,3.4824
2025-03-19 11:00:00,-6.879
2025-03-19 12:00:00,2.4258
2025-03-19 13:00:00,17.5808
2025-03-19 14:00:00,21.147
2025-03-19 15:00:00,25.4689
2025-03-19 16:00:00,31.7106
2025-03-19 17:00:00,42.0835
2025-03-19 18:00:00,58.2682
2025-03-19 19:00:00,67.373
2025-03-19 20:00:00,76.9209
2025-03-19 21:00:00,69.8781
2025-03-19 22:00:00,58.0361
2025-03-19 23:00:00,45.9404
2025-03-20 00:00:00,31.0318
2025-03-20 01:00:00,27.7196
2025-03-20 02:00:00,24.5565
2025-03-20 03:00:00,22.8668
2025-03-20 04:00:00,24.6145
2025-03-20 05:00:00,27.5015
2025-03-20 06:00:00,31.8622
2025-03-20 07:00:00,20.9886
2025-03-20 08:00:00,2.9837
2025-03-20 09:00:00,-5.5663
2025-03-20 10:00:00,-9.3324
2025-03-20 11:00:00,-14.887
2025-03-20 12:00:00,-25.2452
2025-03-20 13:00:00,-34.7523
2025-03-20 14:00:00,-31.5537
2025-03-20 15:00:00,-16.8099
2025-03-20 16:00:00,8.5039
2025-03-20 17:00:00,36.3178
2025-03-20 18:00:00,57.8492
2025-03-20 19:00:00,67.9775
2025-03-20 20:00:00,74.9388
2025-03-20 21:00:00,69.8168
2025-03-20 22:00:00,57.3514
2025-03-20 23:00:00,46.7911
2025-03-21 00:00:00,31.6776
2025-03-21 01:00:00,27.3925
2025-03-21 02:00:00,24.3148
2025-03-21 03:00:00,22.9229
2025-03-21 04:00:00,24.5702
2025-03-21 05:00:00,27.9104
2025-03-21 06:00:00,32.1471
2025-03-21 07:00:00,35.3199
2025-03-21 08:00:00,43.9364
2025-03-21 09:00:00,55.565
2025-03-21 10:00:00,62.8093
2025-03-21 11:00:00,61.1973
2025-03-21 12:00:00,53.9383
2025-03-21 13:00:00,43.4989
2025-03-21 14:00:00,38.4189
2025-03-21 15:00:00,36.8197
2025-03-21 16:00:00,39.6793
2025-03-21 17:00:00,45.2124
2025-03-21 18:00:00,56.4891
2025-03-21 19:00:00,69.9537
2025-03-21 20:00:00,75.6477
2025-03-21 21:00:00,70.2425
2025-03-21 22:00:00,56.9902
2025-03-21 23:00:00,46.5214
2025-03-22 00:00:00,26.1266
2025-03-22 01:00:00,22.9819
2025-03-22 02:00:00,21.5198
2025-03-22 03:00:00,19.8962
2025-03-22 04:00:00,20.5036
2025-03-22 05:00:00,23.3905
2025-03-22 06:00:00,26.5806
2025-03-22 07:00:00,17.2739
2025-03-22 08:00:00,9.8299
2025-03-22 09:00:00,-3.408
2025-03-22 10:00:00,-12.8173
2025-03-22 11:00:00,-21.5101
2025-03-22 12:00:00,-23.2793
2025-03-22 13:00:00,-24.9315
2025-03-22 14:00:00,-2.0273
2025-03-22 15:00:00,14.6313
2025-03-22 16:00:00,27.0895
2025-03-22 17:00:00,37.505
2025-03-22 18:00:00,49.0622
2025-03-22 19:00:00,59.1214
2025-03-22 20:00:00,62.4011
2025-03-22 21:00:00,59.0584
2025-03-22 22:00:00,47.9469
2025-03-22 23:00:00,39.2219
2025-03-23 00:00:00,26.7791
2025-03-23 01:00:00,23.0372
2025-03-23 02:00:00,20.6058
2025-03-23 03:00:00,19.237
2025-03-23 04:00:00,20.6799
2025-03-23 05:00:00,22.8491
2025-03-23 06:00:00,26.0493
2025-03-23 07:00:00,13.3068
2025-03-23 08:00:00,-2.88
2025-03-23 09:00:00,-12.8668
2025-03-23 10:00:00,-18.014
2025-03-23 11:00:00,-24.6484
2025-03-23 12:00:00,-29.588
2025-03-23 13:00:00,-39.459
2025-03-23 14:00:00,-29.1079
2025-03-23 15:00:00,-17.2578
2025-03-23 16:00:00,5.7118
2025-03-23 17:00:00,31.123
2025-03-23 18:00:00,48.5252
2025-03-23 19:00:00,60.4861
2025-03-23 20:00:00,63.6073
2025-03-23 21:00:00,57.627
2025-03-23 22:00:00,49.0554
2025-03-23 23:00:00,39.1976
2025-03-24 00:00:00,32.0494
2025-03-24 01:00:00,28.2817
2025-03-24 02:00:00,24.3558
2025-03-24 03:00:00,22.1204
2025-03-24 04:00:00,24.2908
2025-03-24 05:00:00,27.4039
2025-03-24 06:00:00,30.7987
2025-03-24 07:00:00,17.0631
2025-03-24 08:00:00,-1.3012
2025-03-24 09:00:00,-13.607
2025-03-24 10:00:00,-17.2461
2025-03-24 11:00:00,-26.4344
2025-03-24 12:00:00,-35.5215
2025-03-24 13:00:00,-42.797
2025-03-24 14:00:00,-36.1213
2025-03-24 15:00:00,-20.3137
2025-03-24 16:00:00,4.5798
2025-03-24 17:00:00,35.9576
2025-03-24 18:00:00,58.3049
2025-03-24 19:00:00,68.3396
2025-03-24 20:00:00,74.9275
2025-03-24 21:00:00,69.5821
2025-03-24 22:00:00,58.7138
2025-03-24 23:00:00,45.3476
2025-03-25 00:00:00,31.1624
2025-03-25 01:00:00,27.6741
2025-03-25 02:00:00,24.6839
2025-03-25 03:00:00,23.14
2025-03-25 04:00:00,24.2052
2025-03-25 05:00:00,27.9811
2025-03-25 06:00:00,30.1562
2025-03-25 07:00:00,16.4503
2025-03-25 08:00:00,-0.5138
2025-03-25 09:00:00,-9.3443
2025-03-25 10:00:00,-15.489
2025-03-25 11:00:00,-21.4908
2025-03-25 12:00:00,-32.664
2025-03-25 13:00:00,-37.8943
2025-03-25 14:00:00,-31.9275
2025-03-25 15:00:00,-16.416
2025-03-25 16:00:00,6.8915
2025-03-25 17:00:00,38.3436
2025-03-25 18:00:00,58.2699
2025-03-25 19:00:00,67.8496
2025-03-25 20:00:00,74.3127
2025-03-25 21:00:00,68.2896
2025-03-25 22:00:00,58.3352
2025-03-25 23:00:00,45.7802
2025-03-26 00:00:00,30.5996
2025-03-26 01:00:00,27.4939
2025-03-26 02:00:00,24.6949
2025-03-26 03:00:00,23.3681
2025-03-26 04:00:00,24.3975
2025-03-26 05:00:00,27.5435
2025-03-26 06:00:00,31.4077
2025-03-26 07:00:00,32.6143
2025-03-26 08:00:00,33.159
2025-03-26 09:00:00,36.5397
2025-03-26 10:00:00,32.4362
2025-03-26 11:00:00,21.3073
2025-03-26 12:00:00,-6.3287
2025-03-26 13:00:00,-29.5667
2025-03-26 14:00:00,-27.5838
2025-03-26 15:00:00,-0.4458
2025-03-26 16:00:00,19.662
2025-03-26 17:00:00,40.0294
2025-03-26 18:00:00,59.3292
2025-03-26 19:00:00,70.1281
2025-03-26 20:00:00,76.1162
2025-03-26 21:00:00,70.648
2025-03-26 22:00:00,56.8411
2025-03-26 23:00:00,45.5844
2025-03-27 00:00:00,31.3353
2025-03-27 01:00:00,27.6357
2025-03-27 02:00:00,23.8499
2025-03-27 03:00:00,22.9486
2025-03-27 04:00:00,23.9686
2025-03-27 05:00:00,27.8787
2025-03-27 06:00:00,32.1314
2025-03-27 07:00:00,20.4423
2025-03-27 08:00:00,6.0821
2025-03-27 09:00:00,-1.7417
2025-03-27 10:00:00,2.6767
2025-03-27 11:00:00,22.3276
2025-03-27 12:00:00,21.1267
2025-03-27 13:00:00,14.8754
2025-03-27 14:00:00,14.6293
2025-03-27 15:00:00,21.7968
2025-03-27 16:00:00,31.9898
2025-03-27 17:00:00,40.6599
2025-03-27 18:00:00,57.2688
2025-03-27 19:00:00,68.27
2025-03-27 20:00:00,74.4954
2025-03-27 21:00:00,70.762
2025-03-27 22:00:00,55.6287
2025-03-27 23:00:00,47.1444
2025-03-28 00:00:00,31.7712
2025-03-28 01:00:00,28.3496
2025-03-28 02:00:00,25.1721
2025-03-28 03:00:00,23.2939
2025-03-28 04:00:00,24.8655
2025-03-28 05:00:00,27.674
2025-03-28 06:00:00,31.095
2025-03-28 07:00:00,17.947
2025-03-28 08:00:00,3.7935
2025-03-28 09:00:00,-3.4527
2025-03-28 10:00:00,-2.7627
2025-03-28 11:00:00,-11.2952
2025-03-28 12:00:00,-22.4494
2025-03-28 13:00:00,-31.2981
2025-03-28 14:00:00,-26.7911
2025-03-28 15:00:00,-11.2651
2025-03-28 16:00:00,14.718
2025-03-28 17:00:00,39.0393
2025-03-28 18:00:00,57.6998
2025-03-28 19:00:00,67.7955
2025-03-28 20:00:00,74.6308
2025-03-28 21:00:00,68.2607
2025-03-28 22:00:00,57.393
2025-03-28 23:00:00,45.7543
2025-03-29 00:00:00,25.8659
2025-03-29 01:00:00,23.3105
2025-03-29 02:00:00,20.6694
2025-03-29 03:00:00,19.4208
2025-03-29 04:00:00,20.5879
2025-03-29 05:00:00,23.5992
2025-03-29 06:00:00,26.2023
2025-03-29 07:00:00,23.2047
2025-03-29 08:00:00,14.5759
2025-03-29 09:00:00,6.3967
2025-03-29 10:00:00,-13.1898
2025-03-29 11:00:00,-18.6342
2025-03-29 12:00:00,-20.6771
2025-03-29 13:00:00,-14.4366
2025-03-29 14:00:00,-13.3275
2025-03-29 15:00:00,-18.923
2025-03-29 16:00:00,1.531
2025-03-29 17:00:00,30.4474
2025-03-29 18:00:00,50.1957
2025-03-29 19:00:00,59.6378
2025-03-29 20:00:00,62.7016
2025-03-29 21:00:00,59.1001
2025-03-29 22:00:00,49.2649
2025-03-29 23:00:00,38.4437
2025-03-30 00:00:00,26.4386
2025-03-30 01:00:00,23.2423
2025-03-30 02:00:00,20.9936
2025-03-30 03:00:00,19.3372
2025-03-30 04:00:00,20.5399
2025-03-30 05:00:00,23.646
2025-03-30 06:00:00,26.2434
2025-03-30 07:00:00,9.0402
2025-03-30 08:00:00,-5.7649
2025-03-30 09:00:00,-15.1273
2025-03-30 10:00:00,-21.2674
2025-03-30 11:00:00,-27.9985
2025-03-30 12:00:00,-37.4036
2025-03-30 13:00:00,-42.0823
2025-03-30 14:00:00,-33.3166
2025-03-30 15:00:00,-11.2522
2025-03-30 16:00:00,11.9213
2025-03-30 17:00:00,32.9707
2025-03-30 18:00:00,49.101
2025-03-30 19:00:00,59.4946
2025-03-30 20:00:00,63.6043
2025-03-30 21:00:00,57.6738
2025-03-30 22:00:00,49.1463
2025-03-30 23:00:00,39.8591
2025-03-31 00:00:00,31.7624
2025-03-31 01:00:00,27.2221
2025-03-31 02:00:00,24.0603
2025-03-31 03:00:00,23.0152
2025-03-31 04:00:00,24.5917
2025-03-31 05:00:00,26.9148
2025-03-31 06:00:00,29.9848
2025-03-31 07:00:00,14.7171
2025-03-31 08:00:00,-0.3499
2025-03-31 09:00:00,-6.9878
2025-03-31 10:00:00,-8.7246
2025-03-31 11:00:00,-15.9125
2025-03-31 12:00:00,-29.0591
2025-03-31 13:00:00,-34.9711
2025-03-31 14:00:00,-30.7278
2025-03-31 15:00:00,-15.1228
2025-03-31 16:00:00,11.6318
2025-03-31 17:00:00,37.6658
2025-03-31 18:00:00,58.3595
2025-03-31 19:00:00,68.5425
2025-03-31 20:00:00,77.3005
2025-03-31 21:00:00,68.4544
2025-03-31 22:00:00,57.1921
2025-03-31 23:00:00,45.8292
2025-04-01 00:00:00,29.9837
2025-04-01 01:00:00,25.871
2025-04-01 02:00:00,23.6684
2025-04-01 03:00:00,21.8976
2025-04-01 04:00:00,23.0527
2025-04-01 05:00:00,25.9202
2025-04-01 06:00:00,27.9196
2025-04-01 07:00:00,19.04
2025-04-01 08:00:00,3.1772
2025-04-01 09:00:00,-1.9318
2025-04-01 10:00:00,-1.147
2025-04-01 11:00:00,-11.6757
2025-04-01 12:00:00,-10.8864
2025-04-01 13:00:00,-23.4462
2025-04-01 14:00:00,-16.5182
2025-04-01 15:00:00,-6.0431
2025-04-01 16:00:00,14.0914
2025-04-01 17:00:00,35.8741
2025-04-01 18:00:00,54.1896
2025-04-01 19:00:00,65.7097
2025-04-01 20:00:00,72.5255
2025-04-01 21:00:00,64.6978
2025-04-01 22:00:00,53.7499
2025-04-01 23:00:00,43.8277
2025-04-02 00:00:00,29.4548
2025-04-02 01:00:00,25.3181
2025-04-02 02:00:00,22.6115
2025-04-02 03:00:00,21.864
2025-04-02 04:00:00,23.5791
2025-04-02 05:00:00,25.188
2025-04-02 06:00:00,29.1502
2025-04-02 07:00:00,15.3555
2025-04-02 08:00:00,1.7197
2025-04-02 09:00:00,-6.2249
2025-04-02 10:00:00,-7.1989
2025-04-02 11:00:00,-11.4116
2025-04-02 12:00:00,-19.5907
2025-04-02 13:00:00,-28.7113
2025-04-02 14:00:00,-14.0734
2025-04-02 15:00:00,-10.6254
2025-04-02 16:00:00,7.8554
2025-04-02 17:00:00,35.8142
2025-04-02 18:00:00,53.5583
2025-04-02 19:00:00,66.0816
2025-04-02 20:00:00,71.0787
2025-04-02 21:00:00,65.8662
2025-04-02 22:00:00,54.2787
2025-04-02 23:00:00,43.9817
2025-04-03 00:00:00,29.32
2025-04-03 01:00:00,25.5683
2025-04-03 02:00:00,22.9303
2025-04-03 03:00:00,21.8386
2025-04-03 04:00:00,22.986
2025-04-03 05:00:00,26.1736
2025-04-03 06:00:00,28.9033
2025-04-03 07:00:00,26.5516
2025-04-03 08:00:00,24.6715
2025-04-03 09:00:00,7.6284
2025-04-03 10:00:00,17.5476
2025-04-03 11:00:00,-13.7691
2025-04-03 12:00:00,-30.1319
2025-04-03 13:00:00,-35.9459
2025-04-03 14:00:00,-30.3074
2025-04-03 15:00:00,-16.3472
2025-04-03 16:00:00,6.4145
2025-04-03 17:00:00,34.7707
2025-04-03 18:00:00,54.7194
2025-04-03 19:00:00,65.3291
2025-04-03 20:00:00,69.8205
2025-04-03 21:00:00,65.769
2025-04-03 22:00:00,54.7898
2025-04-03 23:00:00,42.8064
2025-04-04 00:00:00,30.1269
2025-04-04 01:00:00,26.4812
2025-04-04 02:00:00,22.7784
2025-04-04 03:00:00,22.0708
2025-04-04 04:00:00,23.2685
2025-04-04 05:00:00,26.4932
2025-04-04 06:00:00,28.0516
2025-04-04 07:00:00,12.2222
2025-04-04 08:00:00,-1.5537
2025-04-04 09:00:00,-11.1626
2025-04-04 10:00:00,-15.1859
2025-04-04 11:00:00,-21.3016
2025-04-04 12:00:00,-30.7704
2025-04-04 13:00:00,-35.137
2025-04-04 14:00:00,-30.7661
2025-04-04 15:00:00,-17.1706
2025-04-04 16:00:00,7.0393
2025-04-04 17:00:00,35.5254
2025-04-04 18:00:00,52.0079
2025-04-04 19:00:00,64.5744
2025-04-04 20:00:00,70.1244
2025-04-04 21:00:00,65.3716
2025-04-04 22:00:00,54.8029
2025-04-04 23:00:00,44.6135
2025-04-05 00:00:00,25.7632
2025-04-05 01:00:00,22.6031
2025-04-05 02:00:00,20.1972
2025-04-05 03:00:00,18.2233
2025-04-05 04:00:00,19.3523
2025-04-05 05:00:00,22.9358
2025-04-05 06:00:00,23.7402
2025-04-05 07:00:00,9.9291
2025-04-05 08:00:00,-5.7647
2025-04-05 09:00:00,-14.8395
2025-04-05 10:00:00,-18.4098
2025-04-05 11:00:00,-24.5064
2025-04-05 12:00:00,-34.1618
2025-04-05 13:00:00,-38.5026
2025-04-05 14:00:00,-31.4534
2025-04-05 15:00:00,-5.769
2025-04-05 16:00:00,12.3889
2025-04-05 17:00:00,32.9125
2025-04-05 18:00:00,46.2951
2025-04-05 19:00:00,55.9459
2025-04-05 20:00:00,59.828
2025-04-05 21:00:00,56.799
2025-04-05 22:00:00,47.8605
2025-04-05 23:00:00,37.1746
2025-04-06 00:00:00,24.7091
2025-04-06 01:00:00,22.1001
2025-04-06 02:00:00,19.7079
2025-04-06 03:00:00,18.5123
2025-04-06 04:00:00,19.8013
2025-04-06 05:00:00,22.5126
2025-04-06 06:00:00,24.0005
2025-04-06 07:00:00,10.1667
2025-04-06 08:00:00,-4.775
2025-04-06 09:00:00,-13.1465
2025-04-06 10:00:00,-19.1244
2025-04-06 11:00:00,-25.3207
2025-04-06 12:00:00,-34.0037
2025-04-06 13:00:00,-38.5094
2025-04-06 14:00:00,-32.8225
2025-04-06 15:00:00,-18.452
2025-04-06 16:00:00,2.5481
2025-04-06 17:00:00,28.896
2025-04-06 18:00:00,46.1878
2025-04-06 19:00:00,56.3108
2025-04-06 20:00:00,60.9174
2025-04-06 21:00:00,54.8394
2025-04-06 22:00:00,45.846
2025-04-06 23:00:00,37.8637
2025-04-07 00:00:00,29.6397
2025-04-07 01:00:00,26.2253
2025-04-07 02:00:00,23.5862
2025-04-07 03:00:00,21.7387
2025-04-07 04:00:00,22.9659
2025-04-07 05:00:00,26.2874
2025-04-07 06:00:00,28.8508
2025-04-07 07:00:00,14.1042
2025-04-07 08:00:00,0.7267
2025-04-07 09:00:00,-5.041
2025-04-07 10:00:00,-6.7581
2025-04-07 11:00:00,-11.2773
2025-04-07 12:00:00,-21.8279
2025-04-07 13:00:00,-28.2593
2025-04-07 14:00:00,-25.4334
2025-04-07 15:00:00,-12.1717
2025-04-07 16:00:00,9.7654
2025-04-07 17:00:00,36.3407
2025-04-07 18:00:00,54.1309
2025-04-07 19:00:00,67.0461
2025-04-07 20:00:00,69.9646
2025-04-07 21:00:00,66.0445
2025-04-07 22:00:00,54.7861
2025-04-07 23:00:00,44.1996
2025-04-08 00:00:00,29.6136
2025-04-08 01:00:00,25.891
2025-04-08 02:00:00,23.0406
2025-04-08 03:00:00,21.6154
2025-04-08 04:00:00,22.6282
2025-04-08 05:00:00,26.3412
2025-04-08 06:00:00,27.7576
2025-04-08 07:00:00,18.2507
2025-04-08 08:00:00,10.4327
2025-04-08 09:00:00,4.5878
2025-04-08 10:00:00,2.5659
2025-04-08 11:00:00,-3.4847
2025-04-08 12:00:00,-16.3069
2025-04-08 13:00:00,-28.1545
2025-04-08 14:00:00,-14.6973
2025-04-08 15:00:00,-3.3662
2025-04-08 16:00:00,16.9248
2025-04-08 17:00:00,37.8311
2025-04-08 18:00:00,54.1758
2025-04-08 19:00:00,65.7254
2025-04-08 20:00:00,71.2046
2025-04-08 21:00:00,66.2088
2025-04-08 22:00:00,54.4947
2025-04-08 23:00:00,44.0153
2025-04-09 00:00:00,29.745
2025-04-09 01:00:00,26.146
2025-04-09 02:00:00,22.7809
2025-04-09 03:00:00,21.4186
2025-04-09 04:00:00,23.5319
2025-04-09 05:00:00,25.8097
2025-04-09 06:00:00,29.8671
2025-04-09 07:00:00,33.1139
2025-04-09 08:00:00,39.0604
2025-04-09 09:00:00,52.578
2025-04-09 10:00:00,57.1851
2025-04-09 11:00:00,58.6757
2025-04-09 12:00:00,47.1823
2025-04-09 13:00:00,38.9946
2025-04-09 14:00:00,32.1927
2025-04-09 15:00:00,26.917
2025-04-09 16:00:00,29.679
2025-04-09 17:00:00,39.8029
2025-04-09 18:00:00,54.6375
2025-04-09 19:00:00,66.5252
2025-04-09 20:00:00,70.8851
2025-04-09 21:00:00,66.4287
2025-04-09 22:00:00,55.3937
2025-04-09 23:00:00,43.7561
2025-04-10 00:00:00,30.04
2025-04-10 01:00:00,26.2452
2025-04-10 02:00:00,22.8714
2025-04-10 03:00:00,21.7143
2025-04-10 04:00:00,22.7942
2025-04-10 05:00:00,25.936
2025-04-10 06:00:00,26.8562
2025-04-10 07:00:00,12.0899
2025-04-10 08:00:00,-3.2564
2025-04-10 09:00:00,-9.6706
2025-04-10 10:00:00,-12.8732
2025-04-10 11:00:00,-13.522
2025-04-10 12:00:00,-24.1959
2025-04-10 13:00:00,-24.6345
2025-04-10 14:00:00,13.0865
2025-04-10 15:00:00,-7.1583
2025-04-10 16:00:00,7.4327
2025-04-10 17:00:00,34.6642
2025-04-10 18:00:00,54.5587
2025-04-10 19:00:00,65.988
2025-04-10 20:00:00,70.7672
2025-04-10 21:00:00,65.4525
2025-04-10 22:00:00,55.5036
2025-04-10 23:00:00,43.9978
2025-04-11 00:00:00,29.9178
2025-04-11 01:00:00,26.6752
2025-04-11 02:00:00,23.0487
2025-04-11 03:00:00,21.5522
2025-04-11 04:00:00,23.507
2025-04-11 05:00:00,26.4174
2025-04-11 06:00:00,26.7279
2025-04-11 07:00:00,17.3198
2025-04-11 08:00:00,8.1944
2025-04-11 09:00:00,15.5457
2025-04-11 10:00:00,23.9193
2025-04-11 11:00:00,19.6752
2025-04-11 12:00:00,1.6361
2025-04-11 13:00:00,4.693
2025-04-11 14:00:00,14.4699
2025-04-11 15:00:00,29.3899
2025-04-11 16:00:00,29.7525
2025-04-11 17:00:00,40.3
2025-04-11 18:00:00,54.0473
2025-04-11 19:00:00,65.3033
2025-04-11 20:00:00,70.2586
2025-04-11 21:00:00,64.3926
2025-04-11 22:00:00,54.4239
2025-04-11 23:00:00,44.6567
2025-04-12 00:00:00,25.1009
2025-04-12 01:00:00,22.71
2025-04-12 02:00:00,19.6043
2025-04-12 03:00:00,18.336
2025-04-12 04:00:00,19.6874
2025-04-12 05:00:00,22.6625
2025-04-12 06:00:00,21.7035
2025-04-12 07:00:00,9.7044
2025-04-12 08:00:00,-6.7935
2025-04-12 09:00:00,-14.7627
2025-04-12 10:00:00,-13.7973
2025-04-12 11:00:00,-23.0006
2025-04-12 12:00:00,-32.5256
2025-04-12 13:00:00,-36.6356
2025-04-12 14:00:00,-26.5945
2025-04-12 15:00:00,-16.533
2025-04-12 16:00:00,7.0505
2025-04-12 17:00:00,29.5286
2025-04-12 18:00:00,46.1731
2025-04-12 19:00:00,56.2642
2025-04-12 20:00:00,61.004
2025-04-12 21:00:00,56.4744
2025-04-12 22:00:00,46.7403
2025-04-12 23:00:00,36.9088
2025-04-13 00:00:00,25.4905
2025-04-13 01:00:00,22.1026
2025-04-13 02:00:00,19.6367
2025-04-13 03:00:00,18.8131
2025-04-13 04:00:00,19.9697
2025-04-13 05:00:00,21.4817
2025-04-13 06:00:00,21.9003
2025-04-13 07:00:00,6.9182
2025-04-13 08:00:00,-9.6647
2025-04-13 09:00:00,-17.4995
2025-04-13 10:00:00,-22.0093
2025-04-13 11:00:00,-30.1422
2025-04-13 12:00:00,-37.2716
2025-04-13 13:00:00,-43.7993
2025-04-13 14:00:00,-36.9187
2025-04-13 15:00:00,-22.4945
2025-04-13 16:00:00,0.5563
2025-04-13 17:00:00,26.8766
2025-04-13 18:00:00,46.4108
2025-04-13 19:00:00,55.3206
2025-04-13 20:00:00,59.7906
2025-04-13 21:00:00,56.9645
2025-04-13 22:00:00,46.3066
2025-04-13 23:00:00,36.5145
2025-04-14 00:00:00,30.1491
2025-04-14 01:00:00,26.0575
2025-04-14 02:00:00,22.6303
2025-04-14 03:00:00,21.619
2025-04-14 04:00:00,22.9295
2025-04-14 05:00:00,26.5415
2025-04-14 06:00:00,26.8418
2025-04-14 07:00:00,12.4391
2025-04-14 08:00:00,-3.0446
2025-04-14 09:00:00,-10.7855
2025-04-14 10:00:00,-13.7221
2025-04-14 11:00:00,-17.9379
2025-04-14 12:00:00,-26.8774
2025-04-14 13:00:00,-33.7337
2025-04-14 14:00:00,-28.1258
2025-04-14 15:00:00,-13.714
2025-04-14 16:00:00,9.4063
2025-04-14 17:00:00,35.1395
2025-04-14 18:00:00,54.5972
2025-04-14 19:00:00,66.1722
2025-04-14 20:00:00,72.2498
2025-04-14 21:00:00,66.7136
2025-04-14 22:00:00,54.609
2025-04-14 23:00:00,44.5473
2025-04-15 00:00:00,30.0921
2025-04-15 01:00:00,26.4325
2025-04-15 02:00:00,22.741
2025-04-15 03:00:00,21.8894
2025-04-15 04:00:00,23.3369
2025-04-15 05:00:00,26.3073
2025-04-15 06:00:00,26.2947
2025-04-15 07:00:00,13.084
2025-04-15 08:00:00,-2.0779
2025-04-15 09:00:00,-8.5898
2025-04-15 10:00:00,-11.0974
2025-04-15 11:00:00,-18.5262
2025-04-15 12:00:00,-22.795
2025-04-15 13:00:00,-28.5589
2025-04-15 14:00:00,-27.1627
2025-04-15 15:00:00,-12.5018
2025-04-15 16:00:00,7.7083
2025-04-15 17:00:00,34.564
2025-04-15 18:00:00,53.7142
2025-04-15 19:00:00,64.9342
2025-04-15 20:00:00,70.473
2025-04-15 21:00:00,65.8204
2025-04-15 22:00:00,54.399
2025-04-15 23:00:00,44.3512
2025-04-16 00:00:00,29.5143
2025-04-16 01:00:00,26.7016
2025-04-16 02:00:00,22.9144
2025-04-16 03:00:00,21.653
2025-04-16 04:00:00,23.1455
2025-04-16 05:00:00,26.1137
2025-04-16 06:00:00,27.2881
2025-04-16 07:00:00,12.3186
2025-04-16 08:00:00,-2.3025
2025-04-16 09:00:00,-7.0611
2025-04-16 10:00:00,-10.352
2025-04-16 11:00:00,-14.3249
2025-04-16 12:00:00,-24.8489
2025-04-16 13:00:00,-29.7939
2025-04-16 14:00:00,-24.7655
2025-04-16 15:00:00,-10.1964
2025-04-16 16:00:00,13.3691
2025-04-16 17:00:00,34.603
2025-04-16 18:00:00,54.3518
2025-04-16 19:00:00,66.2337
2025-04-16 20:00:00,73.334
2025-04-16 21:00:00,65.1121
2025-04-16 22:00:00,54.765
2025-04-16 23:00:00,43.5877
2025-04-17 00:00:00,29.9284
2025-04-17 01:00:00,26.1321
2025-04-17 02:00:00,23.0589
2025-04-17 03:00:00,21.7807
2025-04-17 04:00:00,23.2167
2025-04-17 05:00:00,25.7101
2025-04-17 06:00:00,26.1032
2025-04-17 07:00:00,12.3481
2025-04-17 08:00:00,0.6652
2025-04-17 09:00:00,-7.3497
2025-04-17 10:00:00,-8.3262
2025-04-17 11:00:00,-13.3285
2025-04-17 12:00:00,-25.8314
2025-04-17 13:00:00,-30.4595
2025-04-17 14:00:00,-25.9098
2025-04-17 15:00:00,-10.2382
2025-04-17 16:00:00,16.4679
2025-04-17 17:00:00,36.6629
2025-04-17 18:00:00,54.0093
2025-04-17 19:00:00,65.43
2025-04-17 20:00:00,70.4855
2025-04-17 21:00:00,65.9747
2025-04-17 22:00:00,54.527
2025-04-17 23:00:00,44.0538
2025-04-18 00:00:00,29.8497
2025-04-18 01:00:00,25.9494
2025-04-18 02:00:00,22.8093
2025-04-18 03:00:00,21.6317
2025-04-18 04:00:00,22.7606
2025-04-18 05:00:00,27.0598
2025-04-18 06:00:00,26.3287
2025-04-18 07:00:00,16.4034
2025-04-18 08:00:00,7.2113
2025-04-18 09:00:00,11.4105
2025-04-18 10:00:00,1.1493
2025-04-18 11:00:00,-8.0651
2025-04-18 12:00:00,-20.821
2025-04-18 13:00:00,-26.9107
2025-04-18 14:00:00,-13.2402
2025-04-18 15:00:00,-6.2604
2025-04-18 16:00:00,13.1227
2025-04-18 17:00:00,35.8058
2025-04-18 18:00:00,54.8119
2025-04-18 19:00:00,65.2887
2025-04-18 20:00:00,71.5722
2025-04-18 21:00:00,65.0507
2025-04-18 22:00:00,53.6384
2025-04-18 23:00:00,43.0663
2025-04-19 00:00:00,25.2197
2025-04-19 01:00:00,22.2227
2025-04-19 02:00:00,19.3645
2025-04-19 03:00:00,18.7751
2025-04-19 04:00:00,19.8736
2025-04-19 05:00:00,22.095
2025-04-19 06:00:00,24.8095
2025-04-19 07:00:00,25.3331
2025-04-19 08:00:00,30.858
2025-04-19 09:00:00,31.3
2025-04-19 10:00:00,35.2512
2025-04-19 11:00:00,31.6919
2025-04-19 12:00:00,-8.2304
2025-04-19 13:00:00,-27.1005
2025-04-19 14:00:00,-27.2822
2025-04-19 15:00:00,-17.0581
2025-04-19 16:00:00,4.5983
2025-04-19 17:00:00,29.7382
2025-04-19 18:00:00,45.2744
2025-04-19 19:00:00,56.108
2025-04-19 20:00:00,60.0975
2025-04-19 21:00:00,57.0121
2025-04-19 22:00:00,46.7937
2025-04-19 23:00:00,37.0179
2025-04-20 00:00:00,25.4643
2025-04-20 01:00:00,22.4195
2025-04-20 02:00:00,19.7538
2025-04-20 03:00:00,18.6686
2025-04-20 04:00:00,19.3432
2025-04-20 05:00:00,22.6058
2025-04-20 06:00:00,21.5836
2025-04-20 07:00:00,5.2964
2025-04-20 08:00:00,-11.1215
2025-04-20 09:00:00,-19.1068
2025-04-20 10:00:00,-22.8206
2025-04-20 11:00:00,-29.9589
2025-04-20 12:00:00,-33.2854
2025-04-20 13:00:00,-27.4857
2025-04-20 14:00:00,-29.2138
2025-04-20 15:00:00,-20.6082
2025-04-20 16:00:00,2.5297
2025-04-20 17:00:00,27.7767
2025-04-20 18:00:00,45.6919
2025-04-20 19:00:00,57.083
2025-04-20 20:00:00,59.8251
2025-04-20 21:00:00,55.6157
2025-04-20 22:00:00,46.8966
2025-04-20 23:00:00,37.2786
2025-04-21 00:00:00,29.2519
2025-04-21 01:00:00,26.5293
2025-04-21 02:00:00,22.8327
2025-04-21 03:00:00,21.5752
2025-04-21 04:00:00,23.1109
2025-04-21 05:00:00,26.2948
2025-04-21 06:00:00,24.626
2025-04-21 07:00:00,10.9803
2025-04-21 08:00:00,-4.3148
2025-04-21 09:00:00,-9.1549
2025-04-21 10:00:00,-10.6222
2025-04-21 11:00:00,-14.7878
2025-04-21 12:00:00,-26.7482
2025-04-21 13:00:00,-32.4336
2025-04-21 14:00:00,-28.5179
2025-04-21 15:00:00,-14.5681
2025-04-21 16:00:00,7.5641
2025-04-21 17:00:00,35.0475
2025-04-21 18:00:00,54.4974
2025-04-21 19:00:00,66.0351
2025-04-21 20:00:00,70.0929
2025-04-21 21:00:00,65.936
2025-04-21 22:00:00,55.1753
2025-04-21 23:00:00,44.1124
2025-04-22 00:00:00,29.2477
2025-04-22 01:00:00,25.923
2025-04-22 02:00:00,22.9757
2025-04-22 03:00:00,21.6333
2025-04-22 04:00:00,22.7788
2025-04-22 05:00:00,26.7115
2025-04-22 06:00:00,25.135
2025-04-22 07:00:00,14.9016
2025-04-22 08:00:00,4.9059
2025-04-22 09:00:00,0.512
2025-04-22 10:00:00,3.1979
2025-04-22 11:00:00,-0.6798
2025-04-22 12:00:00,-5.1057
2025-04-22 13:00:00,2.2514
2025-04-22 14:00:00,3.1775
2025-04-22 15:00:00,12.2333
2025-04-22 16:00:00,24.0563
2025-04-22 17:00:00,36.7173
2025-04-22 18:00:00,55.0139
2025-04-22 19:00:00,65.3064
2025-04-22 20:00:00,70.7215
2025-04-22 21:00:00,64.0409
2025-04-22 22:00:00,53.1506
2025-04-22 23:00:00,43.0932
2025-04-23 00:00:00,29.2352
2025-04-23 01:00:00,26.1091
2025-04-23 02:00:00,23.6121
2025-04-23 03:00:00,21.9119
2025-04-23 04:00:00,23.2597
2025-04-23 05:00:00,25.9549
2025-04-23 06:00:00,26.5996
2025-04-23 07:00:00,10.3906
2025-04-23 08:00:00,-3.9364
2025-04-23 09:00:00,-11.0757
2025-04-23 10:00:00,-11.1294
2025-04-23 11:00:00,-17.8169
2025-04-23 12:00:00,-27.6328
2025-04-23 13:00:00,-33.1537
2025-04-23 14:00:00,-21.7569
2025-04-23 15:00:00,-9.6776
2025-04-23 16:00:00,10.9571
2025-04-23 17:00:00,35.1898
2025-04-23 18:00:00,53.8871
2025-04-23 19:00:00,65.9212
2025-04-23 20:00:00,71.0329
2025-04-23 21:00:00,65.5718
2025-04-23 22:00:00,54.3717
2025-04-23 23:00:00,44.0601
2025-04-24 00:00:00,29.3372
2025-04-24 01:00:00,25.9271
2025-04-24 02:00:00,23.751
2025-04-24 03:00:00,21.6382
2025-04-24 04:00:00,22.7174
2025-04-24 05:00:00,26.5147
2025-04-24 06:00:00,26.7519
2025-04-24 07:00:00,15.586
2025-04-24 08:00:00,2.7405
2025-04-24 09:00:00,-5.4998
2025-04-24 10:00:00,-7.8725
2025-04-24 11:00:00,-12.035
2025-04-24 12:00:00,-21.9334
2025-04-24 13:00:00,-21.6274
2025-04-24 14:00:00,-17.1348
2025-04-24 15:00:00,3.1046
2025-04-24 16:00:00,24.4558
2025-04-24 17:00:00,36.0263
2025-04-24 18:00:00,54.4361
2025-04-24 19:00:00,65.3836
2025-04-24 20:00:00,71.7509
2025-04-24 21:00:00,64.3022
2025-04-24 22:00:00,53.6462
2025-04-24 23:00:00,44.2502
2025-04-25 00:00:00,30.223
2025-04-25 01:00:00,26.8339
2025-04-25 02:00:00,23.1066
2025-04-25 03:00:00,21.399
2025-04-25 04:00:00,22.5283
2025-04-25 05:00:00,26.4425
2025-04-25 06:00:00,25.2849
2025-04-25 07:00:00,12.4612
2025-04-25 08:00:00,0.829
2025-04-25 09:00:00,-5.2385
2025-04-25 10:00:00,-7.4322
2025-04-25 11:00:00,-14.5236
2025-04-25 12:00:00,-21.2085
2025-04-25 13:00:00,-22.4114
2025-04-25 14:00:00,-19.3996
2025-04-25 15:00:00,-3.8843
2025-04-25 16:00:00,11.0148
2025-04-25 17:00:00,35.1722
2025-04-25 18:00:00,52.4082
2025-04-25 19:00:00,65.4786
2025-04-25 20:00:00,72.1245
2025-04-25 21:00:00,65.662
2025-04-25 22:00:00,55.4927
2025-04-25 23:00:00,42.8637
2025-04-26 00:00:00,25.5568
2025-04-26 01:00:00,21.996
2025-04-26 02:00:00,19.511
2025-04-26 03:00:00,18.5848
2025-04-26 04:00:00,19.3604
2025-04-26 05:00:00,22.3448
2025-04-26 06:00:00,20.5353
2025-04-26 07:00:00,6.293
2025-04-26 08:00:00,-9.8142
2025-04-26 09:00:00,-16.6243
2025-04-26 10:00:00,-20.133
2025-04-26 11:00:00,-25.78
2025-04-26 12:00:00,-31.7675
2025-04-26 13:00:00,-34.087
2025-04-26 14:00:00,-30.142
2025-04-26 15:00:00,-13.2951
2025-04-26 16:00:00,10.2985
2025-04-26 17:00:00,29.187
2025-04-26 18:00:00,45.8923
2025-04-26 19:00:00,54.6562
2025-04-26 20:00:00,61.2048
2025-04-26 21:00:00,56.2072
2025-04-26 22:00:00,46.5196
2025-04-26 23:00:00,36.2833
2025-04-27 00:00:00,25.265
2025-04-27 01:00:00,21.8698
2025-04-27 02:00:00,19.7419
2025-04-27 03:00:00,18.4079
2025-04-27 04:00:00,19.7582
2025-04-27 05:00:00,22.1418
2025-04-27 06:00:00,20.771
2025-04-27 07:00:00,6.4817
2025-04-27 08:00:00,-7.9288
2025-04-27 09:00:00,-13.6214
2025-04-27 10:00:00,-18.0482
2025-04-27 11:00:00,-24.7129
2025-04-27 12:00:00,-32.0216
2025-04-27 13:00:00,-35.8418
2025-04-27 14:00:00,-30.1525
2025-04-27 15:00:00,-16.7859
2025-04-27 16:00:00,7.0933
2025-04-27 17:00:00,29.6209
2025-04-27 18:00:00,45.3301
2025-04-27 19:00:00,53.933
2025-04-27 20:00:00,61.4922
2025-04-27 21:00:00,57.1399
2025-04-27 22:00:00,46.3273
2025-04-27 23:00:00,36.696
2025-04-28 00:00:00,29.7425
2025-04-28 01:00:00,25.8906
2025-04-28 02:00:00,22.6296
2025-04-28 03:00:00,21.3795
2025-04-28 04:00:00,22.4701
2025-04-28 05:00:00,25.6884
2025-04-28 06:00:00,25.1551
2025-04-28 07:00:00,16.4608
2025-04-28 08:00:00,6.0152
2025-04-28 09:00:00,1.7811
2025-04-28 10:00:00,-2.985
2025-04-28 11:00:00,-10.2251
2025-04-28 12:00:00,-18.6816
2025-04-28 13:00:00,-11.7028
2025-04-28 14:00:00,-23.8213
2025-04-28 15:00:00,-10.0527
2025-04-28 16:00:00,9.7188
2025-04-28 17:00:00,34.603
2025-04-28 18:00:00,55.1442
2025-04-28 19:00:00,65.3661
2025-04-28 20:00:00,70.8777
2025-04-28 21:00:00,66.968
2025-04-28 22:00:00,55.5805
2025-04-28 23:00:00,43.4334
2025-04-29 00:00:00,29.6036
2025-04-29 01:00:00,25.7525
2025-04-29 02:00:00,22.8333
2025-04-29 03:00:00,21.6618
2025-04-29 04:00:00,22.8516
2025-04-29 05:00:00,26.627
2025-04-29 06:00:00,25.3696
2025-04-29 07:00:00,15.1523
2025-04-29 08:00:00,5.0286
2025-04-29 09:00:00,0.8466
2025-04-29 10:00:00,-0.004
2025-04-29 11:00:00,5.47
2025-04-29 12:00:00,4.3082
2025-04-29 13:00:00,2.5856
2025-04-29 14:00:00,22.3885
2025-04-29 15:00:00,28.9582
2025-04-29 16:00:00,26.5547
2025-04-29 17:00:00,38.3721
2025-04-29 18:00:00,53.9374
2025-04-29 19:00:00,64.5363
2025-04-29 20:00:00,70.7564
2025-04-29 21:00:00,65.3682
2025-04-29 22:00:00,52.8609
2025-04-29 23:00:00,45.0783
2025-04-30 00:00:00,29.8679
2025-04-30 01:00:00,26.0427
2025-04-30 02:00:00,23.4229
2025-04-30 03:00:00,21.9943
2025-04-30 04:00:00,23.3189
2025-04-30 05:00:00,25.8006
2025-04-30 06:00:00,28.2675
2025-04-30 07:00:00,32.4638
2025-04-30 08:00:00,35.8975
2025-04-30 09:00:00,44.6855
2025-04-30 10:00:00,47.9293
2025-04-30 11:00:00,37.2053
2025-04-30 12:00:00,19.3113
2025-04-30 13:00:00,-1.481
2025-04-30 14:00:00,0.7499
2025-04-30 15:00:00,2.3658
2025-04-30 16:00:00,18.9116
2025-04-30 17:00:00,37.6524
2025-04-30 18:00:00,54.229
2025-04-30 19:00:00,66.6948
2025-04-30 20:00:00,73.6532
2025-04-30 21:00:00,66.2595
2025-04-30 22:00:00,54.017
2025-04-30 23:00:00,44.2488
2025-05-01 00:00:00,30.2358
2025-05-01 01:00:00,27.5516
2025-05-01 02:00:00,24.1355
2025-05-01 03:00:00,21.8114
2025-05-01 04:00:00,23.0827
2025-05-01 05:00:00,26.4967
2025-05-01 06:00:00,28.7688
2025-05-01 07:00:00,24.0441
2025-05-01 08:00:00,10.8243
2025-05-01 09:00:00,22.718
2025-05-01 10:00:00,25.5609
2025-05-01 11:00:00,28.0854
2025-05-01 12:00:00,18.1506
2025-05-01 13:00:00,-5.5816
2025-05-01 14:00:00,-10.241
2025-05-01 15:00:00,2.8333
2025-05-01 16:00:00,16.4279
2025-05-01 17:00:00,35.7717
2025-05-01 18:00:00,55.1835
2025-05-01 19:00:00,67.704
2025-05-01 20:00:00,72.3321
2025-05-01 21:00:00,66.6636
2025-05-01 22:00:00,56.915
2025-05-01 23:00:00,45.4549
2025-05-02 00:00:00,30.3616
2025-05-02 01:00:00,26.8046
2025-05-02 02:00:00,23.3635
2025-05-02 03:00:00,22.384
2025-05-02 04:00:00,23.9923
2025-05-02 05:00:00,26.3644
2025-05-02 06:00:00,24.6106
2025-05-02 07:00:00,10.7558
2025-05-02 08:00:00,-4.1131
2025-05-02 09:00:00,-7.7585
2025-05-02 10:00:00,-10.2422
2025-05-02 11:00:00,-16.0759
2025-05-02 12:00:00,-25.9584
2025-05-02 13:00:00,-30.3083
2025-05-02 14:00:00,-27.1261
2025-05-02 15:00:00,-12.6583
2025-05-02 16:00:00,8.2786
2025-05-02 17:00:00,35.4221
2025-05-02 18:00:00,52.913
2025-05-02 19:00:00,67.017
2025-05-02 20:00:00,73.6805
2025-05-02 21:00:00,66.5128
2025-05-02 22:00:00,54.8751
2025-05-02 23:00:00,44.7283
2025-05-03 00:00:00,25.7149
2025-05-03 01:00:00,22.7981
2025-05-03 02:00:00,19.9222
2025-05-03 03:00:00,19.0683
2025-05-03 04:00:00,20.1583
2025-05-03 05:00:00,22.2365
2025-05-03 06:00:00,20.0575
2025-05-03 07:00:00,7.195
2025-05-03 08:00:00,-1.59
2025-05-03 09:00:00,-10.2861
2025-05-03 10:00:00,-2.046
2025-05-03 11:00:00,-3.9627
2025-05-03 12:00:00,-0.9369
2025-05-03 13:00:00,-9.6276
2025-05-03 14:00:00,1.7687
2025-05-03 15:00:00,7.2338
2025-05-03 16:00:00,10.1684
2025-05-03 17:00:00,28.7577
2025-05-03 18:00:00,45.7735
2025-05-03 19:00:00,57.2458
2025-05-03 20:00:00,61.9067
2025-05-03 21:00:00,59.0628
2025-05-03 22:00:00,46.6727
2025-05-03 23:00:00,38.5556
2025-05-04 00:00:00,26.0324
2025-05-04 01:00:00,22.8781
2025-05-04 02:00:00,20.3045
2025-05-04 03:00:00,18.7327
2025-05-04 04:00:00,20.5205
2025-05-04 05:00:00,22.4797
2025-05-04 06:00:00,21.7811
2025-05-04 07:00:00,17.1235
2025-05-04 08:00:00,9.0709
2025-05-04 09:00:00,10.7466
2025-05-04 10:00:00,16.9615
2025-05-04 11:00:00,20.5302
2025-05-04 12:00:00,10.2956
2025-05-04 13:00:00,-4.5044
2025-05-04 14:00:00,3.7481
2025-05-04 15:00:00,16.5084
2025-05-04 16:00:00,27.7897
2025-05-04 17:00:00,35.501
2025-05-04 18:00:00,45.9316
2025-05-04 19:00:00,58.4878
2025-05-04 20:00:00,61.3432
2025-05-04 21:00:00,57.7966
2025-05-04 22:00:00,47.4066
2025-05-04 23:00:00,37.8737
2025-05-05 00:00:00,30.6995
2025-05-05 01:00:00,26.9847
2025-05-05 02:00:00,23.9497
2025-05-05 03:00:00,22.6991
2025-05-05 04:00:00,23.1305
2025-05-05 05:00:00,27.1302
2025-05-05 06:00:00,30.4655
2025-05-05 07:00:00,33.6919
2025-05-05 08:00:00,42.0648
2025-05-05 09:00:00,47.6586
2025-05-05 10:00:00,52.0988
2025-05-05 11:00:00,46.8181
2025-05-05 12:00:00,26.3978
2025-05-05 13:00:00,5.8761
2025-05-05 14:00:00,-3.8142
2025-05-05 15:00:00,20.0974
2025-05-05 16:00:00,28.3417
2025-05-05 17:00:00,40.0662
2025-05-05 18:00:00,55.0605
2025-05-05 19:00:00,67.6323
2025-05-05 20:00:00,75.1814
2025-05-05 21:00:00,68.3497
2025-05-05 22:00:00,56.1986
2025-05-05 23:00:00,43.6901
2025-05-06 00:00:00,30.6749
2025-05-06 01:00:00,26.9855
2025-05-06 02:00:00,23.8354
2025-05-06 03:00:00,22.7567
2025-05-06 04:00:00,23.2016
2025-05-06 05:00:00,26.1637
2025-05-06 06:00:00,25.1734
2025-05-06 07:00:00,9.102
2025-05-06 08:00:00,-4.3872
2025-05-06 09:00:00,-9.2625
2025-05-06 10:00:00,-11.5053
2025-05-06 11:00:00,-15.8334
2025-05-06 12:00:00,-26.9357
2025-05-06 13:00:00,-31.2869
2025-05-06 14:00:00,-27.1897
2025-05-06 15:00:00,-13.8631
2025-05-06 16:00:00,8.913
2025-05-06 17:00:00,35.6926
2025-05-06 18:00:00,55.3039
2025-05-06 19:00:00,66.8894
2025-05-06 20:00:00,70.9339
2025-05-06 21:00:00,67.9568
2025-05-06 22:00:00,55.1526
2025-05-06 23:00:00,45.1953
2025-05-07 00:00:00,30.6313
2025-05-07 01:00:00,26.3802
2025-05-07 02:00:00,23.1138
2025-05-07 03:00:00,22.4965
2025-05-07 04:00:00,23.3969
2025-05-07 05:00:00,26.8005
2025-05-07 06:00:00,24.3075
2025-05-07 07:00:00,10.6618
2025-05-07 08:00:00,-3.5535
2025-05-07 09:00:00,-6.5128
2025-05-07 10:00:00,-8.9189
2025-05-07 11:00:00,-14.5882
2025-05-07 12:00:00,-24.8495
2025-05-07 13:00:00,-29.5261
2025-05-07 14:00:00,-24.0993
2025-05-07 15:00:00,-10.4756
2025-05-07 16:00:00,11.8263
2025-05-07 17:00:00,35.2258
2025-05-07 18:00:00,53.0816
2025-05-07 19:00:00,69.0201
2025-05-07 20:00:00,74.7889
2025-05-07 21:00:00,68.5417
2025-05-07 22:00:00,56.2693
2025-05-07 23:00:00,45.9287
2025-05-08 00:00:00,29.8457
2025-05-08 01:00:00,26.9456
2025-05-08 02:00:00,23.7181
2025-05-08 03:00:00,21.6108
2025-05-08 04:00:00,23.6084
2025-05-08 05:00:00,26.6402
2025-05-08 06:00:00,24.7016
2025-05-08 07:00:00,12.3232
2025-05-08 08:00:00,-0.5798
2025-05-08 09:00:00,-4.55
2025-05-08 10:00:00,-9.5212
2025-05-08 11:00:00,-13.8269
2025-05-08 12:00:00,-24.1315
2025-05-08 13:00:00,-30.6971
2025-05-08 14:00:00,-27.1959
2025-05-08 15:00:00,-13.1534
2025-05-08 16:00:00,8.7051
2025-05-08 17:00:00,34.6118
2025-05-08 18:00:00,53.5333
2025-05-08 19:00:00,69.2468
2025-05-08 20:00:00,73.0847
2025-05-08 21:00:00,68.238
2025-05-08 22:00:00,55.8368
2025-05-08 23:00:00,44.0369
2025-05-09 00:00:00,31.2203
2025-05-09 01:00:00,26.9483
2025-05-09 02:00:00,24.4736
2025-05-09 03:00:00,22.6996
2025-05-09 04:00:00,23.7163
2025-05-09 05:00:00,26.3834
2025-05-09 06:00:00,24.7936
2025-05-09 07:00:00,11.5707
2025-05-09 08:00:00,-1.1473
2025-05-09 09:00:00,-5.854
2025-05-09 10:00:00,-6.4338
2025-05-09 11:00:00,-11.6928
2025-05-09 12:00:00,-20.9826
2025-05-09 13:00:00,-25.9011
2025-05-09 14:00:00,-22.4407
2025-05-09 15:00:00,-9.0687
2025-05-09 16:00:00,10.8654
2025-05-09 17:00:00,35.6183
2025-05-09 18:00:00,54.3313
2025-05-09 19:00:00,67.8343
2025-05-09 20:00:00,73.2246
2025-05-09 21:00:00,68.4957
2025-05-09 22:00:00,56.1101
2025-05-09 23:00:00,44.9065
2025-05-10 00:00:00,25.1239
2025-05-10 01:00:00,22.9393
2025-05-10 02:00:00,20.247
2025-05-10 03:00:00,18.9617
2025-05-10 04:00:00,20.0529
2025-05-10 05:00:00,22.7674
2025-05-10 06:00:00,19.2311
2025-05-10 07:00:00,6.6088
2025-05-10 08:00:00,-8.4218
2025-05-10 09:00:00,-14.164
2025-05-10 10:00:00,-14.2724
2025-05-10 11:00:00,-5.7448
2025-05-10 12:00:00,-0.3976
2025-05-10 13:00:00,-21.5106
2025-05-10 14:00:00,-25.2828
2025-05-10 15:00:00,-16.1299
2025-05-10 16:00:00,5.1301
2025-05-10 17:00:00,28.7621
2025-05-10 18:00:00,46.1417
2025-05-10 19:00:00,57.7601
2025-05-10 20:00:00,61.995
2025-05-10 21:00:00,57.0983
2025-05-10 22:00:00,47.7729
2025-05-10 23:00:00,39.0857
2025-05-11 00:00:00,25.9444
2025-05-11 01:00:00,22.8366
2025-05-11 02:00:00,19.7635
2025-05-11 03:00:00,18.6278
2025-05-11 04:00:00,19.9405
2025-05-11 05:00:00,21.8023
2025-05-11 06:00:00,20.6309
2025-05-11 07:00:00,7.4668
2025-05-11 08:00:00,-4.0563
2025-05-11 09:00:00,-10.5302
2025-05-11 10:00:00,-16.8616
2025-05-11 11:00:00,-20.383
2025-05-11 12:00:00,-30.3361
2025-05-11 13:00:00,-35.0234
2025-05-11 14:00:00,-30.4692
2025-05-11 15:00:00,-18.302
2025-05-11 16:00:00,3.0302
2025-05-11 17:00:00,27.6673
2025-05-11 18:00:00,46.2228
2025-05-11 19:00:00,57.7101
2025-05-11 20:00:00,63.2318
2025-05-11 21:00:00,57.0285
2025-05-11 22:00:00,47.6629
2025-05-11 23:00:00,39.1349
2025-05-12 00:00:00,30.6669
2025-05-12 01:00:00,26.9222
2025-05-12 02:00:00,23.5475
2025-05-12 03:00:00,21.9303
2025-05-12 04:00:00,23.0704
2025-05-12 05:00:00,26.3073
2025-05-12 06:00:00,25.0309
2025-05-12 07:00:00,10.7889
2025-05-12 08:00:00,-2.0487
2025-05-12 09:00:00,-6.5404
2025-05-12 10:00:00,-7.4929
2025-05-12 11:00:00,-15.3171
2025-05-12 12:00:00,-20.8666
2025-05-12 13:00:00,-27.8577
2025-05-12 14:00:00,-24.1829
2025-05-12 15:00:00,-9.4187
2025-05-12 16:00:00,12.9625
2025-05-12 17:00:00,35.3833
2025-05-12 18:00:00,53.8669
2025-05-12 19:00:00,67.1087
2025-05-12 20:00:00,74.0278
2025-05-12 21:00:00,67.3712
2025-05-12 22:00:00,55.6341
2025-05-12 23:00:00,44.1012
2025-05-13 00:00:00,30.3382
2025-05-13 01:00:00,26.9118
2025-05-13 02:00:00,23.7778
2025-05-13 03:00:00,22.5017
2025-05-13 04:00:00,23.148
2025-05-13 05:00:00,26.7597
2025-05-13 06:00:00,24.3372
2025-05-13 07:00:00,20.8958
2025-05-13 08:00:00,11.8326
2025-05-13 09:00:00,14.6621
2025-05-13 10:00:00,29.74
2025-05-13 11:00:00,22.0219
2025-05-13 12:00:00,7.3589
2025-05-13 13:00:00,14.5745
2025-05-13 14:00:00,24.5151
2025-05-13 15:00:00,20.4499
2025-05-13 16:00:00,27.5462
2025-05-13 17:00:00,42.7188
2025-05-13 18:00:00,54.6565
2025-05-13 19:00:00,67.8163
2025-05-13 20:00:00,71.344
2025-05-13 21:00:00,66.7619
2025-05-13 22:00:00,55.0261
2025-05-13 23:00:00,45.0926
2025-05-14 00:00:00,30.2008
2025-05-14 01:00:00,26.6654
2025-05-14 02:00:00,23.2591
2025-05-14 03:00:00,22.7081
2025-05-14 04:00:00,23.9409
2025-05-14 05:00:00,26.8556
2025-05-14 06:00:00,29.3654
2025-05-14 07:00:00,29.6663
2025-05-14 08:00:00,27.2423
2025-05-14 09:00:00,37.2939
2025-05-14 10:00:00,46.9336
2025-05-14 11:00:00,48.5626
2025-05-14 12:00:00,38.5198
2025-05-14 13:00:00,32.0849
2025-05-14 14:00:00,12.9145
2025-05-14 15:00:00,18.2746
2025-05-14 16:00:00,18.7426
2025-05-14 17:00:00,34.0258
2025-05-14 18:00:00,53.5314
2025-05-14 19:00:00,69.998
2025-05-14 20:00:00,71.757
2025-05-14 21:00:00,66.5824
2025-05-14 22:00:00,54.7945
2025-05-14 23:00:00,45.1919
2025-05-15 00:00:00,30.0361
2025-05-15 01:00:00,26.8292
2025-05-15 02:00:00,23.7954
2025-05-15 03:00:00,21.9328
2025-05-15 04:00:00,23.4408
2025-05-15 05:00:00,26.58
2025-05-15 06:00:00,30.4045
2025-05-15 07:00:00,33.8154
2025-05-15 08:00:00,37.5439
2025-05-15 09:00:00,46.0446
2025-05-15 10:00:00,48.9677
2025-05-15 11:00:00,38.3259
2025-05-15 12:00:00,24.5959
2025-05-15 13:00:00,16.0468
2025-05-15 14:00:00,29.5027
2025-05-15 15:00:00,28.7141
2025-05-15 16:00:00,34.1683
2025-05-15 17:00:00,42.1766
2025-05-15 18:00:00,55.6518
2025-05-15 19:00:00,68.1221
2025-05-15 20:00:00,73.0111
2025-05-15 21:00:00,65.9822
2025-05-15 22:00:00,55.2358
2025-05-15 23:00:00,45.0362
2025-05-16 00:00:00,29.4651
2025-05-16 01:00:00,26.3204
2025-05-16 02:00:00,23.5627
2025-05-16 03:00:00,21.7375
2025-05-16 04:00:00,23.5732
2025-05-16 05:00:00,27.0662
2025-05-16 06:00:00,29.6498
2025-05-16 07:00:00,31.4505
2025-05-16 08:00:00,38.4178
2025-05-16 09:00:00,47.0119
2025-05-16 10:00:00,48.9257
2025-05-16 11:00:00,38.2006
2025-05-16 12:00:00,29.3564
2025-05-16 13:00:00,30.1277
2025-05-16 14:00:00,23.5151
2025-05-16 15:00:00,28.2979
2025-05-16 16:00:00,32.0755
2025-05-16 17:00:00,43.0175
2025-05-16 18:00:00,55.5366
2025-05-16 19:00:00,67.7207
2025-05-16 20:00:00,72.8213
2025-05-16 21:00:00,69.0024
2025-05-16 22:00:00,54.9221
2025-05-16 23:00:00,44.87
2025-05-17 00:00:00,25.509
2025-05-17 01:00:00,22.6372
2025-05-17 02:00:00,20.22
2025-05-17 03:00:00,19.0425
2025-05-17 04:00:00,20.0437
2025-05-17 05:00:00,22.4313
2025-05-17 06:00:00,25.9285
2025-05-17 07:00:00,29.2777
2025-05-17 08:00:00,33.1001
2025-05-17 09:00:00,40.9251
2025-05-17 10:00:00,41.3989
2025-05-17 11:00:00,37.035
2025-05-17 12:00:00,16.0837
2025-05-17 13:00:00,3.668
2025-05-17 14:00:00,5.7216
2025-05-17 15:00:00,9.1638
2025-05-17 16:00:00,15.3098
2025-05-17 17:00:00,30.5923
2025-05-17 18:00:00,46.8251
2025-05-17 19:00:00,56.8707
2025-05-17 20:00:00,61.6003
2025-05-17 21:00:00,58.5585
2025-05-17 22:00:00,47.0056
2025-05-17 23:00:00,38.8748
2025-05-18 00:00:00,25.7141
2025-05-18 01:00:00,22.602
2025-05-18 02:00:00,20.2658
2025-05-18 03:00:00,18.7502
2025-05-18 04:00:00,20.1431
2025-05-18 05:00:00,22.2778
2025-05-18 06:00:00,20.1167
2025-05-18 07:00:00,5.2024
2025-05-18 08:00:00,-8.7972
2025-05-18 09:00:00,-15.7235
2025-05-18 10:00:00,-16.5788
2025-05-18 11:00:00,-20.9447
2025-05-18 12:00:00,-29.6882
2025-05-18 13:00:00,-31.7005
2025-05-18 14:00:00,-27.3256
2025-05-18 15:00:00,-15.0028
2025-05-18 16:00:00,4.1385
2025-05-18 17:00:00,27.4672
2025-05-18 18:00:00,44.3241
2025-05-18 19:00:00,57.2881
2025-05-18 20:00:00,62.2055
2025-05-18 21:00:00,58.1726
2025-05-18 22:00:00,48.1929
2025-05-18 23:00:00,37.8044
2025-05-19 00:00:00,30.3138
2025-05-19 01:00:00,26.5253
2025-05-19 02:00:00,23.9586
2025-05-19 03:00:00,22.2044
2025-05-19 04:00:00,22.8613
2025-05-19 05:00:00,25.7218
2025-05-19 06:00:00,24.1931
2025-05-19 07:00:00,12.4901
2025-05-19 08:00:00,4.1663
2025-05-19 09:00:00,-1.452
2025-05-19 10:00:00,-5.7552
2025-05-19 11:00:00,-9.397
2025-05-19 12:00:00,-21.2544
2025-05-19 13:00:00,-26.4518
2025-05-19 14:00:00,-21.6742
2025-05-19 15:00:00,-5.0045
2025-05-19 16:00:00,19.1599
2025-05-19 17:00:00,37.7257
2025-05-19 18:00:00,54.3274
2025-05-19 19:00:00,67.2281
2025-05-19 20:00:00,73.5524
2025-05-19 21:00:00,67.6364
2025-05-19 22:00:00,55.2595
2025-05-19 23:00:00,43.8633
2025-05-20 00:00:00,30.0453
2025-05-20 01:00:00,26.4663
2025-05-20 02:00:00,23.5701
2025-05-20 03:00:00,22.1493
2025-05-20 04:00:00,23.8865
2025-05-20 05:00:00,25.6477
2025-05-20 06:00:00,24.9949
2025-05-20 07:00:00,11.0581
2025-05-20 08:00:00,-1.0975
2025-05-20 09:00:00,-7.1623
2025-05-20 10:00:00,-4.884
2025-05-20 11:00:00,-11.7133
2025-05-20 12:00:00,-19.6737
2025-05-20 13:00:00,-21.6581
2025-05-20 14:00:00,-14.2642
2025-05-20 15:00:00,-2.6929
2025-05-20 16:00:00,16.2593
2025-05-20 17:00:00,39.4724
2025-05-20 18:00:00,55.7648
2025-05-20 19:00:00,68.5362
2025-05-20 20:00:00,72.1094
2025-05-20 21:00:00,68.048
2025-05-20 22:00:00,56.7717
2025-05-20 23:00:00,45.2339
2025-05-21 00:00:00,29.672
2025-05-21 01:00:00,26.9336
2025-05-21 02:00:00,23.4024
2025-05-21 03:00:00,22.7099
2025-05-21 04:00:00,23.8105
2025-05-21 05:00:00,26.2888
2025-05-21 06:00:00,25.7304
2025-05-21 07:00:00,14.4085
2025-05-21 08:00:00,2.6157
2025-05-21 09:00:00,-1.1249
2025-05-21 10:00:00,-1.4592
2025-05-21 11:00:00,-5.188
2025-05-21 12:00:00,-1.2617
2025-05-21 13:00:00,-12.4085
2025-05-21 14:00:00,-13.1632
2025-05-21 15:00:00,0.1592
2025-05-21 16:00:00,15.0189
2025-05-21 17:00:00,35.4202
2025-05-21 18:00:00,54.2432
2025-05-21 19:00:00,67.7549
2025-05-21 20:00:00,71.3002
2025-05-21 21:00:00,67.7378
2025-05-21 22:00:00,56.6343
2025-05-21 23:00:00,44.7455
2025-05-22 00:00:00,31.2009
2025-05-22 01:00:00,27.0161
2025-05-22 02:00:00,23.5255
2025-05-22 03:00:00,22.0906
2025-05-22 04:00:00,23.5224
2025-05-22 05:00:00,25.7299
2025-05-22 06:00:00,24.2068
2025-05-22 07:00:00,12.725
2025-05-22 08:00:00,-0.7981
2025-05-22 09:00:00,-2.5776
2025-05-22 10:00:00,-5.7281
2025-05-22 11:00:00,-8.2998
2025-05-22 12:00:00,-19.795
2025-05-22 13:00:00,-26.0052
2025-05-22 14:00:00,-18.8221
2025-05-22 15:00:00,-5.1339
2025-05-22 16:00:00,18.1848
2025-05-22 17:00:00,37.9893
2025-05-22 18:00:00,53.2811
2025-05-22 19:00:00,68.387
2025-05-22 20:00:00,72.2568
2025-05-22 21:00:00,66.9117
2025-05-22 22:00:00,54.4082
2025-05-22 23:00:00,43.9852
2025-05-23 00:00:00,30.7503
2025-05-23 01:00:00,27.0539
2025-05-23 02:00:00,23.8352
2025-05-23 03:00:00,21.8061
2025-05-23 04:00:00,23.405
2025-05-23 05:00:00,25.7541
2025-05-23 06:00:00,23.1993
2025-05-23 07:00:00,16.8829
2025-05-23 08:00:00,12.6391
2025-05-23 09:00:00,8.5085
2025-05-23 10:00:00,6.0718
2025-05-23 11:00:00,0.6315
2025-05-23 12:00:00,-8.3312
2025-05-23 13:00:00,-16.2924
2025-05-23 14:00:00,-9.5846
2025-05-23 15:00:00,1.5448
2025-05-23 16:00:00,16.4059
2025-05-23 17:00:00,34.8393
2025-05-23 18:00:00,52.173
2025-05-23 19:00:00,68.153
2025-05-23 20:00:00,72.7668
2025-05-23 21:00:00,67.8028
2025-05-23 22:00:00,54.8973
2025-05-23 23:00:00,45.5431
2025-05-24 00:00:00,25.9058
2025-05-24 01:00:00,22.185
2025-05-24 02:00:00,20.2197
2025-05-24 03:00:00,18.8797
2025-05-24 04:00:00,20.5496
2025-05-24 05:00:00,22.3189
2025-05-24 06:00:00,19.5928
2025-05-24 07:00:00,6.8362
2025-05-24 08:00:00,-4.6502
2025-05-24 09:00:00,-10.5758
2025-05-24 10:00:00,-12.7864
2025-05-24 11:00:00,-17.5056
2025-05-24 12:00:00,-20.0907
2025-05-24 13:00:00,-19.2407
2025-05-24 14:00:00,-17.4036
2025-05-24 15:00:00,-8.9483
2025-05-24 16:00:00,7.46
2025-05-24 17:00:00,28.42
2025-05-24 18:00:00,45.2781
2025-05-24 19:00:00,57.6924
2025-05-24 20:00:00,62.5477
2025-05-24 21:00:00,56.4462
2025-05-24 22:00:00,47.5371
2025-05-24 23:00:00,38.675
2025-05-25 00:00:00,26.0271
2025-05-25 01:00:00,23.2059
2025-05-25 02:00:00,20.0038
2025-05-25 03:00:00,18.5279
2025-05-25 04:00:00,20.6449
2025-05-25 05:00:00,21.8495
2025-05-25 06:00:00,19.5319
2025-05-25 07:00:00,5.0525
2025-05-25 08:00:00,-7.5024
2025-05-25 09:00:00,-13.8977
2025-05-25 10:00:00,-15.9456
2025-05-25 11:00:00,-21.6577
2025-05-25 12:00:00,-29.8431
2025-05-25 13:00:00,-30.6335
2025-05-25 14:00:00,-22.824
2025-05-25 15:00:00,-10.459
2025-05-25 16:00:00,12.1757
2025-05-25 17:00:00,28.2391
2025-05-25 18:00:00,44.6031
2025-05-25 19:00:00,58.2251
2025-05-25 20:00:00,62.6427
2025-05-25 21:00:00,55.8024
2025-05-25 22:00:00,47.7435
2025-05-25 23:00:00,37.883
2025-05-26 00:00:00,30.7344
2025-05-26 01:00:00,26.8564
2025-05-26 02:00:00,23.6388
2025-05-26 03:00:00,22.3375
2025-05-26 04:00:00,23.8541
2025-05-26 05:00:00,25.7922
2025-05-26 06:00:00,23.4992
2025-05-26 07:00:00,12.8516
2025-05-26 08:00:00,3.5046
2025-05-26 09:00:00,0.9555
2025-05-26 10:00:00,0.4544
2025-05-26 11:00:00,-6.5044
2025-05-26 12:00:00,-4.474
2025-05-26 13:00:00,-13.1278
2025-05-26 14:00:00,-11.3502
2025-05-26 15:00:00,-4.1296
2025-05-26 16:00:00,14.0892
2025-05-26 17:00:00,35.1385
2025-05-26 18:00:00,52.4779
2025-05-26 19:00:00,66.3912
2025-05-26 20:00:00,71.5866
2025-05-26 21:00:00,66.6174
2025-05-26 22:00:00,57.2733
2025-05-26 23:00:00,45.4021
2025-05-27 00:00:00,30.0008
2025-05-27 01:00:00,26.236
2025-05-27 02:00:00,23.6659
2025-05-27 03:00:00,22.2563
2025-05-27 04:00:00,23.7414
2025-05-27 05:00:00,26.0781
2025-05-27 06:00:00,23.8966
2025-05-27 07:00:00,14.5367
2025-05-27 08:00:00,2.8344
2025-05-27 09:00:00,-1.5983
2025-05-27 10:00:00,10.8639
2025-05-27 11:00:00,29.3524
2025-05-27 12:00:00,17.2015
2025-05-27 13:00:00,5.5336
2025-05-27 14:00:00,12.5195
2025-05-27 15:00:00,17.4123
2025-05-27 16:00:00,20.6058
2025-05-27 17:00:00,37.8892
2025-05-27 18:00:00,52.8008
2025-05-27 19:00:00,66.2574
2025-05-27 20:00:00,72.8547
2025-05-27 21:00:00,67.9877
2025-05-27 22:00:00,55.7797
2025-05-27 23:00:00,45.4687
2025-05-28 00:00:00,30.7217
2025-05-28 01:00:00,26.8695
2025-05-28 02:00:00,23.9108
2025-05-28 03:00:00,21.7713
2025-05-28 04:00:00,23.8033
2025-05-28 05:00:00,26.5712
2025-05-28 06:00:00,24.9066
2025-05-28 07:00:00,12.5446
2025-05-28 08:00:00,2.8032
2025-05-28 09:00:00,0.797
2025-05-28 10:00:00,9.8683
2025-05-28 11:00:00,1.298
2025-05-28 12:00:00,2.0287
2025-05-28 13:00:00,1.1973
2025-05-28 14:00:00,0.2908
2025-05-28 15:00:00,3.5235
2025-05-28 16:00:00,19.6754
2025-05-28 17:00:00,35.6119
2025-05-28 18:00:00,52.1653
2025-05-28 19:00:00,67.6769
2025-05-28 20:00:00,74.0049
2025-05-28 21:00:00,66.8884
2025-05-28 22:00:00,54.4014
2025-05-28 23:00:00,44.573
2025-05-29 00:00:00,30.3476
2025-05-29 01:00:00,26.6458
2025-05-29 02:00:00,24.1008
2025-05-29 03:00:00,22.9
2025-05-29 04:00:00,24.1575
2025-05-29 05:00:00,25.9194
2025-05-29 06:00:00,24.4777
2025-05-29 07:00:00,14.9178
2025-05-29 08:00:00,3.3739
2025-05-29 09:00:00,-1.037
2025-05-29 10:00:00,-3.6371
2025-05-29 11:00:00,-7.9388
2025-05-29 12:00:00,-13.812
2025-05-29 13:00:00,-22.8253
2025-05-29 14:00:00,-19.344
2025-05-29 15:00:00,-7.848
2025-05-29 16:00:00,11.2757
2025-05-29 17:00:00,36.3888
2025-05-29 18:00:00,54.0912
2025-05-29 19:00:00,68.1655
2025-05-29 20:00:00,72.0207
2025-05-29 21:00:00,66.7837
2025-05-29 22:00:00,56.2625
2025-05-29 23:00:00,44.8045
2025-05-30 00:00:00,30.4187
2025-05-30 01:00:00,26.8537
2025-05-30 02:00:00,23.5004
2025-05-30 03:00:00,22.9098
2025-05-30 04:00:00,23.6701
2025-05-30 05:00:00,26.3129
2025-05-30 06:00:00,24.5654
2025-05-30 07:00:00,13.3572
2025-05-30 08:00:00,2.7323
2025-05-30 09:00:00,1.1153
2025-05-30 10:00:00,2.1542
2025-05-30 11:00:00,-1.5186
2025-05-30 12:00:00,-4.7131
2025-05-30 13:00:00,-3.2463
2025-05-30 14:00:00,-2.3173
2025-05-30 15:00:00,12.9173
2025-05-30 16:00:00,22.0131
2025-05-30 17:00:00,36.5028
2025-05-30 18:00:00,53.7912
2025-05-30 19:00:00,67.1284
2025-05-30 20:00:00,73.5541
2025-05-30 21:00:00,68.1334
2025-05-30 22:00:00,56.704
2025-05-30 23:00:00,44.2789
2025-05-31 00:00:00,25.9647
2025-05-31 01:00:00,23.0289
2025-05-31 02:00:00,19.9669
2025-05-31 03:00:00,18.634
2025-05-31 04:00:00,20.3537
2025-05-31 05:00:00,22.0454
2025-05-31 06:00:00,20.1081
2025-05-31 07:00:00,8.6214
2025-05-31 08:00:00,-1.262
2025-05-31 09:00:00,-7.858
2025-05-31 10:00:00,-9.5017
2025-05-31 11:00:00,-13.8949
2025-05-31 12:00:00,-25.0896
2025-05-31 13:00:00,-29.0661
2025-05-31 14:00:00,-7.889
2025-05-31 15:00:00,2.9206
2025-05-31 16:00:00,15.6763
2025-05-31 17:00:00,32.1185
2025-05-31 18:00:00,46.6636
2025-05-31 19:00:00,57.0624
2025-05-31 20:00:00,60.2002
2025-05-31 21:00:00,58.346
2025-05-31 22:00:00,47.6969
2025-05-31 23:00:00,37.6845
2025-06-01 00:00:00,27.3035
2025-06-01 01:00:00,24.6465
2025-06-01 02:00:00,21.7098
2025-06-01 03:00:00,20.7348
2025-06-01 04:00:00,21.74
2025-06-01 05:00:00,23.6883
2025-06-01 06:00:00,21.8456
2025-06-01 07:00:00,10.8996
2025-06-01 08:00:00,4.5126
2025-06-01 09:00:00,-4.4069
2025-06-01 10:00:00,-4.5953
2025-06-01 11:00:00,-9.5604
2025-06-01 12:00:00,-21.1937
2025-06-01 13:00:00,-23.6831
2025-06-01 14:00:00,-21.1525
2025-06-01 15:00:00,-11.3456
2025-06-01 16:00:00,10.6789
2025-06-01 17:00:00,31.0637
2025-06-01 18:00:00,47.7663
2025-06-01 19:00:00,62.5005
2025-06-01 20:00:00,66.8078
2025-06-01 21:00:00,62.6445
2025-06-01 22:00:00,50.4229
2025-06-01 23:00:00,40.7741
2025-06-02 00:00:00,32.543
2025-06-02 01:00:00,28.802
2025-06-02 02:00:00,25.7018
2025-06-02 03:00:00,23.3696
2025-06-02 04:00:00,25.712
2025-06-02 05:00:00,28.2452
2025-06-02 06:00:00,28.3425
2025-06-02 07:00:00,15.0783
2025-06-02 08:00:00,4.164
2025-06-02 09:00:00,4.5678
2025-06-02 10:00:00,4.5191
2025-06-02 11:00:00,0.0115
2025-06-02 12:00:00,-10.7399
2025-06-02 13:00:00,-19.3434
2025-06-02 14:00:00,-17.0153
2025-06-02 15:00:00,-5.8141
2025-06-02 16:00:00,13.3919
2025-06-02 17:00:00,37.9427
2025-06-02 18:00:00,59.0828
2025-06-02 19:00:00,72.6381
2025-06-02 20:00:00,79.2181
2025-06-02 21:00:00,73.0051
2025-06-02 22:00:00,61.6205
2025-06-02 23:00:00,48.8643
2025-06-03 00:00:00,33.1974
2025-06-03 01:00:00,29.1172
2025-06-03 02:00:00,25.4309
2025-06-03 03:00:00,23.9451
2025-06-03 04:00:00,25.2417
2025-06-03 05:00:00,28.5666
2025-06-03 06:00:00,27.4071
2025-06-03 07:00:00,16.2783
2025-06-03 08:00:00,6.3
2025-06-03 09:00:00,3.539
2025-06-03 10:00:00,4.7501
2025-06-03 11:00:00,-1.3436
2025-06-03 12:00:00,-10.1076
2025-06-03 13:00:00,-18.1144
2025-06-03 14:00:00,-13.9222
2025-06-03 15:00:00,-3.4725
2025-06-03 16:00:00,15.2855
2025-06-03 17:00:00,37.4736
2025-06-03 18:00:00,56.2123
2025-06-03 19:00:00,74.9223
2025-06-03 20:00:00,77.4432
2025-06-03 21:00:00,73.298
2025-06-03 22:00:00,61.5785
2025-06-03 23:00:00,49.4526
2025-06-04 00:00:00,33.2539
2025-06-04 01:00:00,28.7826
2025-06-04 02:00:00,25.5146
2025-06-04 03:00:00,23.7413
2025-06-04 04:00:00,25.7993
2025-06-04 05:00:00,28.3504
2025-06-04 06:00:00,25.8535
2025-06-04 07:00:00,15.5102
2025-06-04 08:00:00,5.4003
2025-06-04 09:00:00,5.1301
2025-06-04 10:00:00,4.9259
2025-06-04 11:00:00,-0.8398
2025-06-04 12:00:00,-12.362
2025-06-04 13:00:00,-17.3104
2025-06-04 14:00:00,-16.9977
2025-06-04 15:00:00,-5.0604
2025-06-04 16:00:00,14.1149
2025-06-04 17:00:00,38.0663
2025-06-04 18:00:00,57.8316
2025-06-04 19:00:00,73.007
2025-06-04 20:00:00,79.7333
2025-06-04 21:00:00,73.8268
2025-06-04 22:00:00,61.4168
2025-06-04 23:00:00,48.6407
2025-06-05 00:00:00,32.6698
2025-06-05 01:00:00,29.6118
2025-06-05 02:00:00,25.5696
2025-06-05 03:00:00,24.3478
2025-06-05 04:00:00,26.1857
2025-06-05 05:00:00,28.2074
2025-06-05 06:00:00,25.8895
2025-06-05 07:00:00,19.9314
2025-06-05 08:00:00,19.2109
2025-06-05 09:00:00,21.6438
2025-06-05 10:00:00,28.4129
2025-06-05 11:00:00,22.3612
2025-06-05 12:00:00,8.6624
2025-06-05 13:00:00,0.933
2025-06-05 14:00:00,-5.2889
2025-06-05 15:00:00,9.4553
2025-06-05 16:00:00,24.5492
2025-06-05 17:00:00,43.0817
2025-06-05 18:00:00,61.6937
2025-06-05 19:00:00,73.8527
2025-06-05 20:00:00,78.7648
2025-06-05 21:00:00,74.4096
2025-06-05 22:00:00,60.6479
2025-06-05 23:00:00,49.7076
2025-06-06 00:00:00,33.1087
2025-06-06 01:00:00,28.7939
2025-06-06 02:00:00,25.8259
2025-06-06 03:00:00,24.1223
2025-06-06 04:00:00,25.7514
2025-06-06 05:00:00,27.8798
2025-06-06 06:00:00,29.8579
2025-06-06 07:00:00,32.3513
2025-06-06 08:00:00,28.269
2025-06-06 09:00:00,35.1955
2025-06-06 10:00:00,27.9862
2025-06-06 11:00:00,25.6833
2025-06-06 12:00:00,16.2012
2025-06-06 13:00:00,20.5965
2025-06-06 14:00:00,23.8952
2025-06-06 15:00:00,20.5441
2025-06-06 16:00:00,27.5604
2025-06-06 17:00:00,40.398
2025-06-06 18:00:00,58.8055
2025-06-06 19:00:00,72.0891
2025-06-06 20:00:00,77.8894
2025-06-06 21:00:00,72.878
2025-06-06 22:00:00,59.7727
2025-06-06 23:00:00,48.2321
2025-06-07 00:00:00,27.6212
2025-06-07 01:00:00,24.7241
2025-06-07 02:00:00,21.8605
2025-06-07 03:00:00,20.0686
2025-06-07 04:00:00,21.8931
2025-06-07 05:00:00,23.465
2025-06-07 06:00:00,22.0278
2025-06-07 07:00:00,16.6192
2025-06-07 08:00:00,9.0323
2025-06-07 09:00:00,0.8973
2025-06-07 10:00:00,-2.9349
2025-06-07 11:00:00,-9.503
2025-06-07 12:00:00,-11.2733
2025-06-07 13:00:00,-20.0414
2025-06-07 14:00:00,-9.315
2025-06-07 15:00:00,4.1618
2025-06-07 16:00:00,13.8782
2025-06-07 17:00:00,30.56
2025-06-07 18:00:00,50.0421
2025-06-07 19:00:00,60.9549
2025-06-07 20:00:00,66.7881
2025-06-07 21:00:00,62.0143
2025-06-07 22:00:00,53.0734
2025-06-07 23:00:00,40.7532
2025-06-08 00:00:00,27.7465
2025-06-08 01:00:00,24.8088
2025-06-08 02:00:00,21.7142
2025-06-08 03:00:00,20.3132
2025-06-08 04:00:00,22.1395
2025-06-08 05:00:00,23.5738
2025-06-08 06:00:00,22.7923
2025-06-08 07:00:00,9.8428
2025-06-08 08:00:00,-2.0539
2025-06-08 09:00:00,-4.999
2025-06-08 10:00:00,-6.8546
2025-06-08 11:00:00,-13.5613
2025-06-08 12:00:00,-23.4018
2025-06-08 13:00:00,-27.7615
2025-06-08 14:00:00,-24.6406
2025-06-08 15:00:00,-11.6551
2025-06-08 16:00:00,7.4959
2025-06-08 17:00:00,29.7254
2025-06-08 18:00:00,49.0894
2025-06-08 19:00:00,62.1159
2025-06-08 20:00:00,67.5841
2025-06-08 21:00:00,62.2107
2025-06-08 22:00:00,51.4537
2025-06-08 23:00:00,41.5029
2025-06-09 00:00:00,33.0393
2025-06-09 01:00:00,29.1488
2025-06-09 02:00:00,25.6435
2025-06-09 03:00:00,24.1414
2025-06-09 04:00:00,25.1553
2025-06-09 05:00:00,29.1126
2025-06-09 06:00:00,33.0699
2025-06-09 07:00:00,33.3173
2025-06-09 08:00:00,35.9905
2025-06-09 09:00:00,49.7086
2025-06-09 10:00:00,63.0877
2025-06-09 11:00:00,62.1863
2025-06-09 12:00:00,54.9169
2025-06-09 13:00:00,38.0673
2025-06-09 14:00:00,38.9906
2025-06-09 15:00:00,38.3767
2025-06-09 16:00:00,41.7862
2025-06-09 17:00:00,48.6391
2025-06-09 18:00:00,60.7751
2025-06-09 19:00:00,74.1459
2025-06-09 20:00:00,78.4319
2025-06-09 21:00:00,73.3531
2025-06-09 22:00:00,60.2925
2025-06-09 23:00:00,48.8009
2025-06-10 00:00:00,32.3668
2025-06-10 01:00:00,29.7047
2025-06-10 02:00:00,25.5017
2025-06-10 03:00:00,24.3711
2025-06-10 04:00:00,25.1169
2025-06-10 05:00:00,28.7589
2025-06-10 06:00:00,27.4802
2025-06-10 07:00:00,16.9544
2025-06-10 08:00:00,8.4314
2025-06-10 09:00:00,5.7952
2025-06-10 10:00:00,9.1954
2025-06-10 11:00:00,7.5785
2025-06-10 12:00:00,-8.6202
2025-06-10 13:00:00,-15.2876
2025-06-10 14:00:00,-13.0019
2025-06-10 15:00:00,4.0296
2025-06-10 16:00:00,18.1134
2025-06-10 17:00:00,37.7542
2025-06-10 18:00:00,57.2111
2025-06-10 19:00:00,71.4581
2025-06-10 20:00:00,79.778
2025-06-10 21:00:00,74.5859
2025-06-10 22:00:00,61.3339
2025-06-10 23:00:00,49.3653
2025-06-11 00:00:00,33.0546
2025-06-11 01:00:00,29.1374
2025-06-11 02:00:00,25.6596
2025-06-11 03:00:00,23.8251
2025-06-11 04:00:00,25.2239
2025-06-11 05:00:00,27.5235
2025-06-11 06:00:00,26.8498
2025-06-11 07:00:00,17.2559
2025-06-11 08:00:00,6.923
2025-06-11 09:00:00,5.8587
2025-06-11 10:00:00,2.7253
2025-06-11 11:00:00,-1.6955
2025-06-11 12:00:00,-10.2887
2025-06-11 13:00:00,-20.0435
2025-06-11 14:00:00,-17.4786
2025-06-11 15:00:00,-6.8459
2025-06-11 16:00:00,13.1792
2025-06-11 17:00:00,38.1039
2025-06-11 18:00:00,58.4429
2025-06-11 19:00:00,73.0363
2025-06-11 20:00:00,78.2369
2025-06-11 21:00:00,73.1227
2025-06-11 22:00:00,58.9915
2025-06-11 23:00:00,48.1904
2025-06-12 00:00:00,32.572
2025-06-12 01:00:00,28.8322
2025-06-12 02:00:00,26.1505
2025-06-12 03:00:00,23.5969
2025-06-12 04:00:00,25.4138
2025-06-12 05:00:00,27.9837
2025-06-12 06:00:00,27.4781
2025-06-12 07:00:00,16.499
2025-06-12 08:00:00,6.0081
2025-06-12 09:00:00,3.6708
2025-06-12 10:00:00,3.4961
2025-06-12 11:00:00,-3.4016
2025-06-12 12:00:00,-13.4375
2025-06-12 13:00:00,-20.3172
2025-06-12 14:00:00,-16.9819
2025-06-12 15:00:00,-6.5972
2025-06-12 16:00:00,12.2574
2025-06-12 17:00:00,37.3726
2025-06-12 18:00:00,57.9668
2025-06-12 19:00:00,72.3866
2025-06-12 20:00:00,79.4444
2025-06-12 21:00:00,71.4867
2025-06-12 22:00:00,59.7958
2025-06-12 23:00:00,48.7116
2025-06-13 00:00:00,33.0746
2025-06-13 01:00:00,29.5031
2025-06-13 02:00:00,25.1664
2025-06-13 03:00:00,24.1994
2025-06-13 04:00:00,25.3475
2025-06-13 05:00:00,27.7916
2025-06-13 06:00:00,27.1774
2025-06-13 07:00:00,15.1435
2025-06-13 08:00:00,5.5154
2025-06-13 09:00:00,2.049
2025-06-13 10:00:00,1.7859
2025-06-13 11:00:00,-3.7339
2025-06-13 12:00:00,-14.8533
2025-06-13 13:00:00,-20.7122
2025-06-13 14:00:00,-14.0889
2025-06-13 15:00:00,-1.6995
2025-06-13 16:00:00,13.9937
2025-06-13 17:00:00,38.2864
2025-06-13 18:00:00,58.8323
2025-06-13 19:00:00,72.0458
2025-06-13 20:00:00,79.1049
2025-06-13 21:00:00,73.9679
2025-06-13 22:00:00,60.2347
2025-06-13 23:00:00,49.201
2025-06-14 00:00:00,28.0794
2025-06-14 01:00:00,25.0847
2025-06-14 02:00:00,21.8519
2025-06-14 03:00:00,20.6785
2025-06-14 04:00:00,22.0373
2025-06-14 05:00:00,24.2566
2025-06-14 06:00:00,22.8956
2025-06-14 07:00:00,12.0578
2025-06-14 08:00:00,1.3855
2025-06-14 09:00:00,-2.3138
2025-06-14 10:00:00,-6.4385
2025-06-14 11:00:00,-10.2557
2025-06-14 12:00:00,-18.343
2025-06-14 13:00:00,-25.3364
2025-06-14 14:00:00,-21.5263
2025-06-14 15:00:00,-10.0758
2025-06-14 16:00:00,9.9474
2025-06-14 17:00:00,32.365
2025-06-14 18:00:00,49.0699
2025-06-14 19:00:00,62.3864
2025-06-14 20:00:00,66.5885
2025-06-14 21:00:00,62.2866
2025-06-14 22:00:00,52.5476
2025-06-14 23:00:00,41.9063
2025-06-15 00:00:00,28.1319
2025-06-15 01:00:00,24.7914
2025-06-15 02:00:00,21.4488
2025-06-15 03:00:00,20.8123
2025-06-15 04:00:00,21.723
2025-06-15 05:00:00,23.5659
2025-06-15 06:00:00,22.4969
2025-06-15 07:00:00,10.787
2025-06-15 08:00:00,0.2735
2025-06-15 09:00:00,-4.6364
2025-06-15 10:00:00,-5.3487
2025-06-15 11:00:00,-11.2428
2025-06-15 12:00:00,-17.8069
2025-06-15 13:00:00,-25.5149
2025-06-15 14:00:00,-17.2591
2025-06-15 15:00:00,1.0957
2025-06-15 16:00:00,12.4319
2025-06-15 17:00:00,31.54
2025-06-15 18:00:00,47.8507
2025-06-15 19:00:00,62.265
2025-06-15 20:00:00,67.6718
2025-06-15 21:00:00,62.8503
2025-06-15 22:00:00,51.5951
2025-06-15 23:00:00,41.9571
2025-06-16 00:00:00,32.9449
2025-06-16 01:00:00,28.7856
2025-06-16 02:00:00,26.1863
2025-06-16 03:00:00,24.4245
2025-06-16 04:00:00,25.942
2025-06-16 05:00:00,28.4041
2025-06-16 06:00:00,27.5139
2025-06-16 07:00:00,16.8351
2025-06-16 08:00:00,7.8951
2025-06-16 09:00:00,5.8386
2025-06-16 10:00:00,5.3367
2025-06-16 11:00:00,-3.8938
2025-06-16 12:00:00,-10.2372
2025-06-16 13:00:00,-12.8413
2025-06-16 14:00:00,-7.6192
2025-06-16 15:00:00,9.156
2025-06-16 16:00:00,20.2664
2025-06-16 17:00:00,39.8236
2025-06-16 18:00:00,58.4716
2025-06-16 19:00:00,71.2157
2025-06-16 20:00:00,78.5296
2025-06-16 21:00:00,72.3343
2025-06-16 22:00:00,60.6438
2025-06-16 23:00:00,46.8814
2025-06-17 00:00:00,32.6082
2025-06-17 01:00:00,28.9163
2025-06-17 02:00:00,26.12
2025-06-17 03:00:00,23.8451
2025-06-17 04:00:00,26.0829
2025-06-17 05:00:00,28.2025
2025-06-17 06:00:00,27.8707
2025-06-17 07:00:00,17.213
2025-06-17 08:00:00,9.5368
2025-06-17 09:00:00,10.5239
2025-06-17 10:00:00,14.6957
2025-06-17 11:00:00,9.0187
2025-06-17 12:00:00,-4.906
2025-06-17 13:00:00,-4.4343
2025-06-17 14:00:00,0.4235
2025-06-17 15:00:00,5.7346
2025-06-17 16:00:00,21.1516
2025-06-17 17:00:00,38.5353
2025-06-17 18:00:00,57.4338
2025-06-17 19:00:00,73.098
2025-06-17 20:00:00,77.6582
2025-06-17 21:00:00,73.6784
2025-06-17 22:00:00,60.6634
2025-06-17 23:00:00,48.5924
2025-06-18 00:00:00,33.5461
2025-06-18 01:00:00,29.1014
2025-06-18 02:00:00,26.0738
2025-06-18 03:00:00,23.9273
2025-06-18 04:00:00,25.8702
2025-06-18 05:00:00,28.0628
2025-06-18 06:00:00,27.5904
2025-06-18 07:00:00,22.9708
2025-06-18 08:00:00,18.4934
2025-06-18 09:00:00,18.0704
2025-06-18 10:00:00,23.1367
2025-06-18 11:00:00,4.5096
2025-06-18 12:00:00,-0.8021
2025-06-18 13:00:00,-15.0966
2025-06-18 14:00:00,-14.4587
2025-06-18 15:00:00,-3.3085
2025-06-18 16:00:00,19.6733
2025-06-18 17:00:00,40.9399
2025-06-18 18:00:00,58.8224
2025-06-18 19:00:00,72.651
2025-06-18 20:00:00,80.0974
2025-06-18 21:00:00,73.5993
2025-06-18 22:00:00,59.4549
2025-06-18 23:00:00,47.5718
2025-06-19 00:00:00,32.496
2025-06-19 01:00:00,29.0584
2025-06-19 02:00:00,25.8452
2025-06-19 03:00:00,24.1427
2025-06-19 04:00:00,26.092
2025-06-19 05:00:00,28.1232
2025-06-19 06:00:00,28.39
2025-06-19 07:00:00,18.0976
2025-06-19 08:00:00,8.3801
2025-06-19 09:00:00,6.3655
2025-06-19 10:00:00,7.1432
2025-06-19 11:00:00,4.7405
2025-06-19 12:00:00,-0.4599
2025-06-19 13:00:00,-14.7575
2025-06-19 14:00:00,-14.1076
2025-06-19 15:00:00,-3.1663
2025-06-19 16:00:00,15.8742
2025-06-19 17:00:00,38.4141
2025-06-19 18:00:00,58.5882
2025-06-19 19:00:00,72.8081
2025-06-19 20:00:00,78.2733
2025-06-19 21:00:00,72.3527
2025-06-19 22:00:00,61.8876
2025-06-19 23:00:00,49.424
2025-06-20 00:00:00,33.2259
2025-06-20 01:00:00,29.1123
2025-06-20 02:00:00,25.4552
2025-06-20 03:00:00,24.2532
2025-06-20 04:00:00,25.6828
2025-06-20 05:00:00,27.5753
2025-06-20 06:00:00,26.5382
2025-06-20 07:00:00,17.9158
2025-06-20 08:00:00,12.1386
2025-06-20 09:00:00,9.6429
2025-06-20 10:00:00,8.6053
2025-06-20 11:00:00,1.9002
2025-06-20 12:00:00,-9.5246
2025-06-20 13:00:00,-16.0301
2025-06-20 14:00:00,-17.055
2025-06-20 15:00:00,-4.6539
2025-06-20 16:00:00,16.7881
2025-06-20 17:00:00,39.0123
2025-06-20 18:00:00,58.8473
2025-06-20 19:00:00,73.8052
2025-06-20 20:00:00,80.6421
2025-06-20 21:00:00,73.1504
2025-06-20 22:00:00,60.8655
2025-06-20 23:00:00,47.9153
2025-06-21 00:00:00,27.9245
2025-06-21 01:00:00,24.367
2025-06-21 02:00:00,21.8503
2025-06-21 03:00:00,20.9388
2025-06-21 04:00:00,22.1059
2025-06-21 05:00:00,24.3903
2025-06-21 06:00:00,22.7007
2025-06-21 07:00:00,13.6396
2025-06-21 08:00:00,4.3156
2025-06-21 09:00:00,1.9012
2025-06-21 10:00:00,0.5399
2025-06-21 11:00:00,-3.301
2025-06-21 12:00:00,-13.4887
2025-06-21 13:00:00,-16.3262
2025-06-21 14:00:00,-8.4248
2025-06-21 15:00:00,1.3137
2025-06-21 16:00:00,14.9115
2025-06-21 17:00:00,32.2214
2025-06-21 18:00:00,48.8352
2025-06-21 19:00:00,61.6006
2025-06-21 20:00:00,66.3922
2025-06-21 21:00:00,61.0553
2025-06-21 22:00:00,51.7993
2025-06-21 23:00:00,41.8552
2025-06-22 00:00:00,29.0533
2025-06-22 01:00:00,24.9225
2025-06-22 02:00:00,21.6005
2025-06-22 03:00:00,20.0631
2025-06-22 04:00:00,21.987
2025-06-22 05:00:00,24.1402
2025-06-22 06:00:00,23.3324
2025-06-22 07:00:00,12.5528
2025-06-22 08:00:00,1.6365
2025-06-22 09:00:00,-0.8523
2025-06-22 10:00:00,-3.2234
2025-06-22 11:00:00,-7.2302
2025-06-22 12:00:00,-17.1769
2025-06-22 13:00:00,-23.8281
2025-06-22 14:00:00,-21.2256
2025-06-22 15:00:00,-10.8057
2025-06-22 16:00:00,7.7532
2025-06-22 17:00:00,30.4804
2025-06-22 18:00:00,49.0091
2025-06-22 19:00:00,63.8118
2025-06-22 20:00:00,68.8742
2025-06-22 21:00:00,60.8973
2025-06-22 22:00:00,51.539
2025-06-22 23:00:00,41.3906
2025-06-23 00:00:00,32.5544
2025-06-23 01:00:00,30.2495
2025-06-23 02:00:00,25.2065
2025-06-23 03:00:00,24.2068
2025-06-23 04:00:00,25.5861
2025-06-23 05:00:00,28.3483
2025-06-23 06:00:00,27.5572
2025-06-23 07:00:00,17.8448
2025-06-23 08:00:00,8.3324
2025-06-23 09:00:00,7.3157
2025-06-23 10:00:00,7.9678
2025-06-23 11:00:00,0.2439
2025-06-23 12:00:00,-9.7765
2025-06-23 13:00:00,-17.358
2025-06-23 14:00:00,-16.4006
2025-06-23 15:00:00,-4.5061
2025-06-23 16:00:00,13.6285
2025-06-23 17:00:00,39.0699
2025-06-23 18:00:00,58.9099
2025-06-23 19:00:00,72.0174
2025-06-23 20:00:00,80.2354
2025-06-23 21:00:00,72.1174
2025-06-23 22:00:00,59.5213
2025-06-23 23:00:00,49.3878
2025-06-24 00:00:00,32.9831
2025-06-24 01:00:00,29.1662
2025-06-24 02:00:00,25.6622
2025-06-24 03:00:00,23.5561
2025-06-24 04:00:00,25.7708
2025-06-24 05:00:00,28.2857
2025-06-24 06:00:00,27.9207
2025-06-24 07:00:00,18.5102
2025-06-24 08:00:00,8.0495
2025-06-24 09:00:00,4.7437
2025-06-24 10:00:00,6.7339
2025-06-24 11:00:00,0.9758
2025-06-24 12:00:00,-10.8829
2025-06-24 13:00:00,-19.0833
2025-06-24 14:00:00,-17.8091
2025-06-24 15:00:00,-5.8081
2025-06-24 16:00:00,13.4847
2025-06-24 17:00:00,37.2814
2025-06-24 18:00:00,57.5784
2025-06-24 19:00:00,73.9329
2025-06-24 20:00:00,76.9055
2025-06-24 21:00:00,73.2659
2025-06-24 22:00:00,59.1798
2025-06-24 23:00:00,48.5995
2025-06-25 00:00:00,32.7414
2025-06-25 01:00:00,28.6819
2025-06-25 02:00:00,25.575
2025-06-25 03:00:00,23.9307
2025-06-25 04:00:00,25.6651
2025-06-25 05:00:00,28.9081
2025-06-25 06:00:00,27.0568
2025-06-25 07:00:00,22.9419
2025-06-25 08:00:00,13.9271
2025-06-25 09:00:00,13.9697
2025-06-25 10:00:00,10.8141
2025-06-25 11:00:00,7.3462
2025-06-25 12:00:00,1.8607
2025-06-25 13:00:00,-1.8387
2025-06-25 14:00:00,4.6162
2025-06-25 15:00:00,12.3555
2025-06-25 16:00:00,31.9552
2025-06-25 17:00:00,45.6086
2025-06-25 18:00:00,58.9216
2025-06-25 19:00:00,74.8838
2025-06-25 20:00:00,78.9925
2025-06-25 21:00:00,72.9455
2025-06-25 22:00:00,60.6847
2025-06-25 23:00:00,48.9665
2025-06-26 00:00:00,32.9886
2025-06-26 01:00:00,28.9501
2025-06-26 02:00:00,25.6923
2025-06-26 03:00:00,24.377
2025-06-26 04:00:00,25.4191
2025-06-26 05:00:00,29.6591
2025-06-26 06:00:00,34.3051
2025-06-26 07:00:00,37.7409
2025-06-26 08:00:00,39.8939
2025-06-26 09:00:00,38.0441
2025-06-26 10:00:00,39.9587
2025-06-26 11:00:00,49.1769
2025-06-26 12:00:00,27.9197
2025-06-26 13:00:00,13.2267
2025-06-26 14:00:00,26.4455
2025-06-26 15:00:00,22.8028
2025-06-26 16:00:00,28.6665
2025-06-26 17:00:00,37.8031
2025-06-26 18:00:00,57.6769
2025-06-26 19:00:00,74.6022
2025-06-26 20:00:00,77.1134
2025-06-26 21:00:00,74.364
2025-06-26 22:00:00,60.0164
2025-06-26 23:00:00,48.7209
2025-06-27 00:00:00,32.9391
2025-06-27 01:00:00,29.8812
2025-06-27 02:00:00,25.6248
2025-06-27 03:00:00,24.4643
2025-06-27 04:00:00,24.8126
2025-06-27 05:00:00,28.6145
2025-06-27 06:00:00,27.4363
2025-06-27 07:00:00,23.7016
2025-06-27 08:00:00,22.1447
2025-06-27 09:00:00,23.9159
2025-06-27 10:00:00,18.2859
2025-06-27 11:00:00,14.5721
2025-06-27 12:00:00,0.8891
2025-06-27 13:00:00,0.31
2025-06-27 14:00:00,17.8654
2025-06-27 15:00:00,19.6531
2025-06-27 16:00:00,27.629
2025-06-27 17:00:00,40.6297
2025-06-27 18:00:00,58.6874
2025-06-27 19:00:00,72.1029
2025-06-27 20:00:00,77.8058
2025-06-27 21:00:00,73.1475
2025-06-27 22:00:00,60.7233
2025-06-27 23:00:00,49.3358
2025-06-28 00:00:00,27.3201
2025-06-28 01:00:00,25.6548
2025-06-28 02:00:00,22.2788
2025-06-28 03:00:00,20.2433
2025-06-28 04:00:00,21.8172
2025-06-28 05:00:00,23.8945
2025-06-28 06:00:00,24.4436
2025-06-28 07:00:00,12.85
2025-06-28 08:00:00,2.6121
2025-06-28 09:00:00,-2.5736
2025-06-28 10:00:00,-1.7608
2025-06-28 11:00:00,-7.1425
2025-06-28 12:00:00,-14.9844
2025-06-28 13:00:00,-21.3197
2025-06-28 14:00:00,-13.4258
2025-06-28 15:00:00,-5.5117
2025-06-28 16:00:00,9.1178
2025-06-28 17:00:00,31.2356
2025-06-28 18:00:00,49.6669
2025-06-28 19:00:00,62.948
2025-06-28 20:00:00,67.6934
2025-06-28 21:00:00,61.8982
2025-06-28 22:00:00,52.5899
2025-06-28 23:00:00,41.4565
2025-06-29 00:00:00,27.7766
2025-06-29 01:00:00,23.7355
2025-06-29 02:00:00,21.677
2025-06-29 03:00:00,20.2177
2025-06-29 04:00:00,21.4329
2025-06-29 05:00:00,24.3978
2025-06-29 06:00:00,24.2917
2025-06-29 07:00:00,12.5458
2025-06-29 08:00:00,2.9592
2025-06-29 09:00:00,-1.0843
2025-06-29 10:00:00,-4.2208
2025-06-29 11:00:00,-6.9716
2025-06-29 12:00:00,-17.1678
2025-06-29 13:00:00,-19.1995
2025-06-29 14:00:00,-10.8015
2025-06-29 15:00:00,-6.5019
2025-06-29 16:00:00,9.2686
2025-06-29 17:00:00,31.6619
2025-06-29 18:00:00,49.7331
2025-06-29 19:00:00,61.2526
2025-06-29 20:00:00,66.4599
2025-06-29 21:00:00,61.0815
2025-06-29 22:00:00,52.2779
2025-06-29 23:00:00,40.3751
2025-06-30 00:00:00,33.0277
2025-06-30 01:00:00,29.7702
2025-06-30 02:00:00,25.5168
2025-06-30 03:00:00,24.0142
2025-06-30 04:00:00,25.8016
2025-06-30 05:00:00,28.3334
2025-06-30 06:00:00,28.0147
2025-06-30 07:00:00,21.9959
2025-06-30 08:00:00,18.4508
2025-06-30 09:00:00,18.21
2025-06-30 10:00:00,32.5225
2025-06-30 11:00:00,29.1341
2025-06-30 12:00:00,18.123
2025-06-30 13:00:00,-6.9372
2025-06-30 14:00:00,-6.8326
2025-06-30 15:00:00,8.3546
2025-06-30 16:00:00,20.8264
2025-06-30 17:00:00,40.5381
2025-06-30 18:00:00,59.4296
2025-06-30 19:00:00,74.1826
2025-06-30 20:00:00,80.0752
2025-06-30 21:00:00,75.1709
2025-06-30 22:00:00,60.031
2025-06-30 23:00:00,49.3909
2025-07-01 00:00:00,35.4255
2025-07-01 01:00:00,32.1188
2025-07-01 02:00:00,28.4893
2025-07-01 03:00:00,26.4906
2025-07-01 04:00:00,28.0711
2025-07-01 05:00:00,30.9533
2025-07-01 06:00:00,33.2736
2025-07-01 07:00:00,34.8375
2025-07-01 08:00:00,35.3695
2025-07-01 09:00:00,33.2439
2025-07-01 10:00:00,36.5652
2025-07-01 11:00:00,24.2473
2025-07-01 12:00:00,10.1824
2025-07-01 13:00:00,-3.9756
2025-07-01 14:00:00,-7.0778
2025-07-01 15:00:00,3.7473
2025-07-01 16:00:00,21.9177
2025-07-01 17:00:00,44.5127
2025-07-01 18:00:00,64.2293
2025-07-01 19:00:00,80.0978
2025-07-01 20:00:00,87.1322
2025-07-01 21:00:00,79.5529
2025-07-01 22:00:00,65.6353
2025-07-01 23:00:00,52.2811
2025-07-02 00:00:00,36.2465
2025-07-02 01:00:00,32.3427
2025-07-02 02:00:00,29.0755
2025-07-02 03:00:00,26.47
2025-07-02 04:00:00,28.4386
2025-07-02 05:00:00,31.2487
2025-07-02 06:00:00,31.0118
2025-07-02 07:00:00,24.6066
2025-07-02 08:00:00,17.4565
2025-07-02 09:00:00,16.7293
2025-07-02 10:00:00,16.0063
2025-07-02 11:00:00,13.6712
2025-07-02 12:00:00,6.9343
2025-07-02 13:00:00,-5.2317
2025-07-02 14:00:00,1.0925
2025-07-02 15:00:00,6.3425
2025-07-02 16:00:00,22.8649
2025-07-02 17:00:00,44.4387
2025-07-02 18:00:00,65.3148
2025-07-02 19:00:00,81.4222
2025-07-02 20:00:00,87.5322
2025-07-02 21:00:00,81.2854
2025-07-02 22:00:00,65.5315
2025-07-02 23:00:00,53.1741
2025-07-03 00:00:00,36.0929
2025-07-03 01:00:00,32.0534
2025-07-03 02:00:00,28.1354
2025-07-03 03:00:00,26.5603
2025-07-03 04:00:00,27.4372
2025-07-03 05:00:00,31.4081
2025-07-03 06:00:00,32.4165
2025-07-03 07:00:00,32.5284
2025-07-03 08:00:00,35.5028
2025-07-03 09:00:00,39.9023
2025-07-03 10:00:00,42.1145
2025-07-03 11:00:00,50.7881
2025-07-03 12:00:00,32.1848
2025-07-03 13:00:00,27.4185
2025-07-03 14:00:00,14.9495
2025-07-03 15:00:00,28.4872
2025-07-03 16:00:00,35.2034
2025-07-03 17:00:00,47.4218
2025-07-03 18:00:00,65.9466
2025-07-03 19:00:00,80.3249
2025-07-03 20:00:00,87.5242
2025-07-03 21:00:00,80.6725
2025-07-03 22:00:00,66.3827
2025-07-03 23:00:00,53.9082
2025-07-04 00:00:00,36.3694
2025-07-04 01:00:00,31.8223
2025-07-04 02:00:00,28.2256
2025-07-04 03:00:00,27.0299
2025-07-04 04:00:00,28.6422
2025-07-04 05:00:00,32.799
2025-07-04 06:00:00,33.7168
2025-07-04 07:00:00,37.6532
2025-07-04 08:00:00,33.4211
2025-07-04 09:00:00,45.2938
2025-07-04 10:00:00,48.1727
2025-07-04 11:00:00,53.5615
2025-07-04 12:00:00,46.3801
2025-07-04 13:00:00,25.7033
2025-07-04 14:00:00,20.7622
2025-07-04 15:00:00,32.1728
2025-07-04 16:00:00,35.7127
2025-07-04 17:00:00,50.8691
2025-07-04 18:00:00,64.8473
2025-07-04 19:00:00,80.9903
2025-07-04 20:00:00,87.5955
2025-07-04 21:00:00,81.5617
2025-07-04 22:00:00,65.1741
2025-07-04 23:00:00,52.8847
2025-07-05 00:00:00,30.7348
2025-07-05 01:00:00,27.905
2025-07-05 02:00:00,23.6942
2025-07-05 03:00:00,23.3535
2025-07-05 04:00:00,24.1336
2025-07-05 05:00:00,26.698
2025-07-05 06:00:00,28.6956
2025-07-05 07:00:00,31.482
2025-07-05 08:00:00,33.3975
2025-07-05 09:00:00,35.4466
2025-07-05 10:00:00,41.7566
2025-07-05 11:00:00,43.1243
2025-07-05 12:00:00,38.8799
2025-07-05 13:00:00,37.5942
2025-07-05 14:00:00,13.2136
2025-07-05 15:00:00,27.3618
2025-07-05 16:00:00,37.1527
2025-07-05 17:00:00,39.4223
2025-07-05 18:00:00,54.1552
2025-07-05 19:00:00,67.9244
2025-07-05 20:00:00,71.6358
2025-07-05 21:00:00,67.5152
2025-07-05 22:00:00,56.1732
2025-07-05 23:00:00,47.8995
2025-07-06 00:00:00,31.1744
2025-07-06 01:00:00,27.3204
2025-07-06 02:00:00,24.2219
2025-07-06 03:00:00,22.4372
2025-07-06 04:00:00,24.602
2025-07-06 05:00:00,26.7608
2025-07-06 06:00:00,26.0414
2025-07-06 07:00:00,15.5519
2025-07-06 08:00:00,3.9395
2025-07-06 09:00:00,2.323
2025-07-06 10:00:00,3.2674
2025-07-06 11:00:00,36.9273
2025-07-06 12:00:00,38.4412
2025-07-06 13:00:00,38.6558
2025-07-06 14:00:00,30.7916
2025-07-06 15:00:00,28.2194
2025-07-06 16:00:00,34.2831
2025-07-06 17:00:00,42.5432
2025-07-06 18:00:00,55.1604
2025-07-06 19:00:00,69.2508
2025-07-06 20:00:00,72.9805
2025-07-06 21:00:00,70.1676
2025-07-06 22:00:00,55.6101
2025-07-06 23:00:00,44.566
2025-07-07 00:00:00,36.7571
2025-07-07 01:00:00,32.1271
2025-07-07 02:00:00,28.0316
2025-07-07 03:00:00,26.4595
2025-07-07 04:00:00,28.5695
2025-07-07 05:00:00,31.7465
2025-07-07 06:00:00,34.2163
2025-07-07 07:00:00,33.5345
2025-07-07 08:00:00,33.4415
2025-07-07 09:00:00,30.2319
2025-07-07 10:00:00,27.5759
2025-07-07 11:00:00,19.5598
2025-07-07 12:00:00,6.1392
2025-07-07 13:00:00,-11.4186
2025-07-07 14:00:00,20.3945
2025-07-07 15:00:00,28.4013
2025-07-07 16:00:00,37.9954
2025-07-07 17:00:00,47.4181
2025-07-07 18:00:00,64.6287
2025-07-07 19:00:00,78.7323
2025-07-07 20:00:00,88.0588
2025-07-07 21:00:00,79.4405
2025-07-07 22:00:00,67.6248
2025-07-07 23:00:00,53.9236
2025-07-08 00:00:00,36.145
2025-07-08 01:00:00,30.8918
2025-07-08 02:00:00,28.4825
2025-07-08 03:00:00,26.0855
2025-07-08 04:00:00,28.5764
2025-07-08 05:00:00,32.108
2025-07-08 06:00:00,35.9492
2025-07-08 07:00:00,41.4242
2025-07-08 08:00:00,49.6439
2025-07-08 09:00:00,64.6993
2025-07-08 10:00:00,77.9709
2025-07-08 11:00:00,74.792
2025-07-08 12:00:00,62.4098
2025-07-08 13:00:00,46.8835
2025-07-08 14:00:00,41.7441
2025-07-08 15:00:00,42.0878
2025-07-08 16:00:00,41.4564
2025-07-08 17:00:00,52.5081
2025-07-08 18:00:00,65.8141
2025-07-08 19:00:00,80.6817
2025-07-08 20:00:00,87.402
2025-07-08 21:00:00,81.9541
2025-07-08 22:00:00,65.1694
2025-07-08 23:00:00,52.7758
2025-07-09 00:00:00,35.7867
2025-07-09 01:00:00,32.0206
2025-07-09 02:00:00,28.2659
2025-07-09 03:00:00,26.228
2025-07-09 04:00:00,28.1383
2025-07-09 05:00:00,31.5832
2025-07-09 06:00:00,31.3834
2025-07-09 07:00:00,29.4604
2025-07-09 08:00:00,29.1594
2025-07-09 09:00:00,33.2361
2025-07-09 10:00:00,46.8774
2025-07-09 11:00:00,38.2964
2025-07-09 12:00:00,38.7935
2025-07-09 13:00:00,27.0264
2025-07-09 14:00:00,4.5805
2025-07-09 15:00:00,9.4253
2025-07-09 16:00:00,25.7676
2025-07-09 17:00:00,42.5845
2025-07-09 18:00:00,63.3703
2025-07-09 19:00:00,79.7527
2025-07-09 20:00:00,86.5674
2025-07-09 21:00:00,82.2383
2025-07-09 22:00:00,67.8607
2025-07-09 23:00:00,52.9274
2025-07-10 00:00:00,35.7013
2025-07-10 01:00:00,31.5553
2025-07-10 02:00:00,28.2863
2025-07-10 03:00:00,26.4235
2025-07-10 04:00:00,27.0871
2025-07-10 05:00:00,32.3119
2025-07-10 06:00:00,35.854
2025-07-10 07:00:00,41.5641
2025-07-10 08:00:00,51.6719
2025-07-10 09:00:00,64.7909
2025-07-10 10:00:00,72.1268
2025-07-10 11:00:00,74.7133
2025-07-10 12:00:00,64.6422
2025-07-10 13:00:00,50.9328
2025-07-10 14:00:00,41.6077
2025-07-10 15:00:00,36.8331
2025-07-10 16:00:00,42.5472
2025-07-10 17:00:00,51.8748
2025-07-10 18:00:00,67.0048
2025-07-10 19:00:00,79.7934
2025-07-10 20:00:00,86.4119
2025-07-10 21:00:00,81.7133
2025-07-10 22:00:00,67.6002
2025-07-10 23:00:00,54.6883
2025-07-11 00:00:00,36.572
2025-07-11 01:00:00,32.1877
2025-07-11 02:00:00,29.0703
2025-07-11 03:00:00,26.9066
2025-07-11 04:00:00,28.1813
2025-07-11 05:00:00,32.3874
2025-07-11 06:00:00,30.261
2025-07-11 07:00:00,24.1013
2025-07-11 08:00:00,14.9714
2025-07-11 09:00:00,16.3582
2025-07-11 10:00:00,18.8648
2025-07-11 11:00:00,18.135
2025-07-11 12:00:00,6.33
2025-07-11 13:00:00,-4.1218
2025-07-11 14:00:00,1.5965
2025-07-11 15:00:00,11.8446
2025-07-11 16:00:00,24.3386
2025-07-11 17:00:00,43.0422
2025-07-11 18:00:00,63.0681
2025-07-11 19:00:00,78.431
2025-07-11 20:00:00,87.1595
2025-07-11 21:00:00,79.2883
2025-07-11 22:00:00,66.226
2025-07-11 23:00:00,53.0096
2025-07-12 00:00:00,30.905
2025-07-12 01:00:00,26.7004
2025-07-12 02:00:00,23.3334
2025-07-12 03:00:00,22.6086
2025-07-12 04:00:00,24.1356
2025-07-12 05:00:00,26.4262
2025-07-12 06:00:00,26.6702
2025-07-12 07:00:00,20.5227
2025-07-12 08:00:00,16.0696
2025-07-12 09:00:00,14.4523
2025-07-12 10:00:00,15.025
2025-07-12 11:00:00,15.4139
2025-07-12 12:00:00,1.7957
2025-07-12 13:00:00,-8.4258
2025-07-12 14:00:00,-14.9703
2025-07-12 15:00:00,-2.8554
2025-07-12 16:00:00,16.5778
2025-07-12 17:00:00,36.0665
2025-07-12 18:00:00,52.4291
2025-07-12 19:00:00,67.988
2025-07-12 20:00:00,74.0945
2025-07-12 21:00:00,67.9589
2025-07-12 22:00:00,56.7629
2025-07-12 23:00:00,45.5704
2025-07-13 00:00:00,30.8112
2025-07-13 01:00:00,26.9034
2025-07-13 02:00:00,23.8625
2025-07-13 03:00:00,22.7853
2025-07-13 04:00:00,23.5967
2025-07-13 05:00:00,25.9608
2025-07-13 06:00:00,26.4845
2025-07-13 07:00:00,17.2957
2025-07-13 08:00:00,6.6445
2025-07-13 09:00:00,3.1621
2025-07-13 10:00:00,1.5135
2025-07-13 11:00:00,-3.244
2025-07-13 12:00:00,-14.2818
2025-07-13 13:00:00,-23.1812
2025-07-13 14:00:00,-21.0256
2025-07-13 15:00:00,-9.4567
2025-07-13 16:00:00,9.6343
2025-07-13 17:00:00,34.0375
2025-07-13 18:00:00,53.872
2025-07-13 19:00:00,68.7807
2025-07-13 20:00:00,76.3024
2025-07-13 21:00:00,69.6974
2025-07-13 22:00:00,56.0135
2025-07-13 23:00:00,46.0302
2025-07-14 00:00:00,36.5353
2025-07-14 01:00:00,32.446
2025-07-14 02:00:00,28.0595
2025-07-14 03:00:00,26.9722
2025-07-14 04:00:00,28.5602
2025-07-14 05:00:00,31.2915
2025-07-14 06:00:00,33.7584
2025-07-14 07:00:00,24.1534
2025-07-14 08:00:00,14.8082
2025-07-14 09:00:00,11.8644
2025-07-14 10:00:00,14.7618
2025-07-14 11:00:00,9.5036
2025-07-14 12:00:00,0.499
2025-07-14 13:00:00,-11.2095
2025-07-14 14:00:00,-11.69
2025-07-14 15:00:00,1.4873
2025-07-14 16:00:00,19.0397
2025-07-14 17:00:00,44.0154
2025-07-14 18:00:00,64.7323
2025-07-14 19:00:00,80.1388
2025-07-14 20:00:00,84.1539
2025-07-14 21:00:00,79.6296
2025-07-14 22:00:00,67.0874
2025-07-14 23:00:00,54.169
2025-07-15 00:00:00,36.5888
2025-07-15 01:00:00,31.8499
2025-07-15 02:00:00,28.1304
2025-07-15 03:00:00,26.842
2025-07-15 04:00:00,28.2986
2025-07-15 05:00:00,31.8662
2025-07-15 06:00:00,31.9991
2025-07-15 07:00:00,26.3006
2025-07-15 08:00:00,21.8106
2025-07-15 09:00:00,20.8009
2025-07-15 10:00:00,19.9255
2025-07-15 11:00:00,14.556
2025-07-15 12:00:00,3.6103
2025-07-15 13:00:00,-2.0174
2025-07-15 14:00:00,4.1214
2025-07-15 15:00:00,8.7307
2025-07-15 16:00:00,22.8673
2025-07-15 17:00:00,45.5378
2025-07-15 18:00:00,65.513
2025-07-15 19:00:00,79.8807
2025-07-15 20:00:00,86.183
2025-07-15 21:00:00,81.5394
2025-07-15 22:00:00,65.4146
2025-07-15 23:00:00,54.4162
2025-07-16 00:00:00,36.6989
2025-07-16 01:00:00,32.2929
2025-07-16 02:00:00,28.2886
2025-07-16 03:00:00,26.551
2025-07-16 04:00:00,28.2154
2025-07-16 05:00:00,32.1092
2025-07-16 06:00:00,32.7511
2025-07-16 07:00:00,27.7652
2025-07-16 08:00:00,25.1249
2025-07-16 09:00:00,25.628
2025-07-16 10:00:00,32.8735
2025-07-16 11:00:00,32.1389
2025-07-16 12:00:00,15.9422
2025-07-16 13:00:00,7.725
2025-07-16 14:00:00,31.8133
2025-07-16 15:00:00,26.643
2025-07-16 16:00:00,39.0989
2025-07-16 17:00:00,44.6462
2025-07-16 18:00:00,66.4815
2025-07-16 19:00:00,82.637
2025-07-16 20:00:00,83.1739
2025-07-16 21:00:00,78.8265
2025-07-16 22:00:00,66.3383
2025-07-16 23:00:00,51.4008
2025-07-17 00:00:00,36.294
2025-07-17 01:00:00,32.0461
2025-07-17 02:00:00,28.2025
2025-07-17 03:00:00,25.9126
2025-07-17 04:00:00,28.4017
2025-07-17 05:00:00,31.6458
2025-07-17 06:00:00,33.1665
2025-07-17 07:00:00,32.6763
2025-07-17 08:00:00,34.6585
2025-07-17 09:00:00,44.5203
2025-07-17 10:00:00,45.7345
2025-07-17 11:00:00,35.341
2025-07-17 12:00:00,26.0758
2025-07-17 13:00:00,21.9139
2025-07-17 14:00:00,10.6705
2025-07-17 15:00:00,6.823
2025-07-17 16:00:00,21.3606
2025-07-17 17:00:00,45.3217
2025-07-17 18:00:00,64.438
2025-07-17 19:00:00,79.4619
2025-07-17 20:00:00,86.3863
2025-07-17 21:00:00,80.1947
2025-07-17 22:00:00,65.4918
2025-07-17 23:00:00,53.7161
2025-07-18 00:00:00,35.7114
2025-07-18 01:00:00,31.3798
2025-07-18 02:00:00,28.5734
2025-07-18 03:00:00,27.2169
2025-07-18 04:00:00,28.1642
2025-07-18 05:00:00,31.6173
2025-07-18 06:00:00,33.1738
2025-07-18 07:00:00,26.1262
2025-07-18 08:00:00,21.5976
2025-07-18 09:00:00,26.4463
2025-07-18 10:00:00,21.3527
2025-07-18 11:00:00,22.084
2025-07-18 12:00:00,7.9452
2025-07-18 13:00:00,6.2332
2025-07-18 14:00:00,11.0617
2025-07-18 15:00:00,15.675
2025-07-18 16:00:00,21.2078
2025-07-18 17:00:00,43.0313
2025-07-18 18:00:00,63.5841
2025-07-18 19:00:00,80.4248
2025-07-18 20:00:00,88.2564
2025-07-18 21:00:00,80.2201
2025-07-18 22:00:00,67.6515
2025-07-18 23:00:00,53.7076
2025-07-19 00:00:00,30.9466
2025-07-19 01:00:00,26.2393
2025-07-19 02:00:00,23.5431
2025-07-19 03:00:00,23.5022
2025-07-19 04:00:00,24.4928
2025-07-19 05:00:00,26.2527
2025-07-19 06:00:00,26.5127
2025-07-19 07:00:00,21.4279
2025-07-19 08:00:00,19.5782
2025-07-19 09:00:00,16.5206
2025-07-19 10:00:00,28.1906
2025-07-19 11:00:00,11.7305
2025-07-19 12:00:00,-5.5485
2025-07-19 13:00:00,-3.3875
2025-07-19 14:00:00,-6.8228
2025-07-19 15:00:00,-3.0699
2025-07-19 16:00:00,15.7946
2025-07-19 17:00:00,37.1147
2025-07-19 18:00:00,54.7089
2025-07-19 19:00:00,69.3186
2025-07-19 20:00:00,74.0839
2025-07-19 21:00:00,67.0457
2025-07-19 22:00:00,56.5888
2025-07-19 23:00:00,44.5539
2025-07-20 00:00:00,30.0875
2025-07-20 01:00:00,27.6462
2025-07-20 02:00:00,23.9878
2025-07-20 03:00:00,22.3575
2025-07-20 04:00:00,23.7901
2025-07-20 05:00:00,27.4667
2025-07-20 06:00:00,26.8902
2025-07-20 07:00:00,18.1867
2025-07-20 08:00:00,7.8196
2025-07-20 09:00:00,3.6975
2025-07-20 10:00:00,6.8429
2025-07-20 11:00:00,3.5993
2025-07-20 12:00:00,-9.1262
2025-07-20 13:00:00,-13.99
2025-07-20 14:00:00,11.9301
2025-07-20 15:00:00,6.328
2025-07-20 16:00:00,12.9267
2025-07-20 17:00:00,35.5577
2025-07-20 18:00:00,53.8254
2025-07-20 19:00:00,71.1022
2025-07-20 20:00:00,74.1752
2025-07-20 21:00:00,67.0087
2025-07-20 22:00:00,55.2173
2025-07-20 23:00:00,44.1761
2025-07-21 00:00:00,36.0921
2025-07-21 01:00:00,31.8622
2025-07-21 02:00:00,28.3789
2025-07-21 03:00:00,26.5279
2025-07-21 04:00:00,27.809
2025-07-21 05:00:00,32.3703
2025-07-21 06:00:00,34.0819
2025-07-21 07:00:00,32.8869
2025-07-21 08:00:00,30.4157
2025-07-21 09:00:00,34.6743
2025-07-21 10:00:00,26.6653
2025-07-21 11:00:00,23.5904
2025-07-21 12:00:00,14.5924
2025-07-21 13:00:00,11.4025
2025-07-21 14:00:00,20.3397
2025-07-21 15:00:00,12.8941
2025-07-21 16:00:00,33.0712
2025-07-21 17:00:00,46.3337
2025-07-21 18:00:00,63.427
2025-07-21 19:00:00,78.4481
2025-07-21 20:00:00,88.0824
2025-07-21 21:00:00,81.7472
2025-07-21 22:00:00,66.0295
2025-07-21 23:00:00,54.2573
2025-07-22 00:00:00,36.2192
2025-07-22 01:00:00,31.694
2025-07-22 02:00:00,28.1751
2025-07-22 03:00:00,26.4934
2025-07-22 04:00:00,28.056
2025-07-22 05:00:00,32.9571
2025-07-22 06:00:00,34.7798
2025-07-22 07:00:00,33.0763
2025-07-22 08:00:00,22.9667
2025-07-22 09:00:00,25.1966
2025-07-22 10:00:00,31.4454
2025-07-22 11:00:00,18.0467
2025-07-22 12:00:00,7.4159
2025-07-22 13:00:00,11.6012
2025-07-22 14:00:00,4.4872
2025-07-22 15:00:00,7.68
2025-07-22 16:00:00,21.9009
2025-07-22 17:00:00,45.9586
2025-07-22 18:00:00,64.8414
2025-07-22 19:00:00,79.574
2025-07-22 20:00:00,84.8857
2025-07-22 21:00:00,82.0675
2025-07-22 22:00:00,69.6238
2025-07-22 23:00:00,53.7093
2025-07-23 00:00:00,36.5169
2025-07-23 01:00:00,31.594
2025-07-23 02:00:00,27.9334
2025-07-23 03:00:00,27.0212
2025-07-23 04:00:00,28.7634
2025-07-23 05:00:00,31.7333
2025-07-23 06:00:00,33.9799
2025-07-23 07:00:00,32.0745
2025-07-23 08:00:00,28.8724
2025-07-23 09:00:00,31.2552
2025-07-23 10:00:00,31.1527
2025-07-23 11:00:00,28.9138
2025-07-23 12:00:00,18.8957
2025-07-23 13:00:00,16.5031
2025-07-23 14:00:00,12.5528
2025-07-23 15:00:00,19.7954
2025-07-23 16:00:00,34.1151
2025-07-23 17:00:00,48.6065
2025-07-23 18:00:00,65.8441
2025-07-23 19:00:00,79.1875
2025-07-23 20:00:00,86.0722
2025-07-23 21:00:00,80.4923
2025-07-23 22:00:00,66.1884
2025-07-23 23:00:00,53.1049
2025-07-24 00:00:00,36.206
2025-07-24 01:00:00,31.2333
2025-07-24 02:00:00,27.3704
2025-07-24 03:00:00,26.45
2025-07-24 04:00:00,28.2263
2025-07-24 05:00:00,32.5424
2025-07-24 06:00:00,34.3466
2025-07-24 07:00:00,36.6338
2025-07-24 08:00:00,38.6731
2025-07-24 09:00:00,48.3298
2025-07-24 10:00:00,48.7268
2025-07-24 11:00:00,38.311
2025-07-24 12:00:00,26.286
2025-07-24 13:00:00,18.1969
2025-07-24 14:00:00,6.0224
2025-07-24 15:00:00,19.3342
2025-07-24 16:00:00,38.3557
2025-07-24 17:00:00,48.9715
2025-07-24 18:00:00,63.8262
2025-07-24 19:00:00,81.2508
2025-07-24 20:00:00,87.5041
2025-07-24 21:00:00,80.3616
2025-07-24 22:00:00,65.0349
2025-07-24 23:00:00,54.8657
2025-07-25 00:00:00,35.9486
2025-07-25 01:00:00,32.5736
2025-07-25 02:00:00,28.6234
2025-07-25 03:00:00,26.4786
2025-07-25 04:00:00,28.3092
2025-07-25 05:00:00,31.826
2025-07-25 06:00:00,34.2394
2025-07-25 07:00:00,28.9179
2025-07-25 08:00:00,30.6901
2025-07-25 09:00:00,34.9209
2025-07-25 10:00:00,31.8085
2025-07-25 11:00:00,23.3538
2025-07-25 12:00:00,14.1899
2025-07-25 13:00:00,-2.7599
2025-07-25 14:00:00,7.1681
2025-07-25 15:00:00,14.0724
2025-07-25 16:00:00,23.1664
2025-07-25 17:00:00,43.257
2025-07-25 18:00:00,66.1468
2025-07-25 19:00:00,82.1432
2025-07-25 20:00:00,87.6185
2025-07-25 21:00:00,81.4866
2025-07-25 22:00:00,66.6889
2025-07-25 23:00:00,53.8502
2025-07-26 00:00:00,31.1217
2025-07-26 01:00:00,27.9316
2025-07-26 02:00:00,24.4579
2025-07-26 03:00:00,22.6936
2025-07-26 04:00:00,24.2506
2025-07-26 05:00:00,27.5357
2025-07-26 06:00:00,28.6195
2025-07-26 07:00:00,27.8889
2025-07-26 08:00:00,24.5239
2025-07-26 09:00:00,26.3966
2025-07-26 10:00:00,15.5101
2025-07-26 11:00:00,11.8234
2025-07-26 12:00:00,7.0442
2025-07-26 13:00:00,-6.6881
2025-07-26 14:00:00,0.2622
2025-07-26 15:00:00,3.2663
2025-07-26 16:00:00,17.7606
2025-07-26 17:00:00,37.4461
2025-07-26 18:00:00,55.9095
2025-07-26 19:00:00,67.0408
2025-07-26 20:00:00,71.8664
2025-07-26 21:00:00,69.6842
2025-07-26 22:00:00,56.4689
2025-07-26 23:00:00,46.0054
2025-07-27 00:00:00,30.5458
2025-07-27 01:00:00,26.7169
2025-07-27 02:00:00,24.0462
2025-07-27 03:00:00,22.5105
2025-07-27 04:00:00,23.9448
2025-07-27 05:00:00,27.0113
2025-07-27 06:00:00,27.6773
2025-07-27 07:00:00,23.7049
2025-07-27 08:00:00,22.158
2025-07-27 09:00:00,26.742
2025-07-27 10:00:00,39.1022
2025-07-27 11:00:00,26.6467
2025-07-27 12:00:00,8.2333
2025-07-27 13:00:00,6.1605
2025-07-27 14:00:00,10.3885
2025-07-27 15:00:00,9.2503
2025-07-27 16:00:00,20.88
2025-07-27 17:00:00,38.3773
2025-07-27 18:00:00,55.8732
2025-07-27 19:00:00,68.7507
2025-07-27 20:00:00,75.5678
2025-07-27 21:00:00,67.833
2025-07-27 22:00:00,56.6277
2025-07-27 23:00:00,46.6508
2025-07-28 00:00:00,36.1157
2025-07-28 01:00:00,31.4688
2025-07-28 02:00:00,28.604
2025-07-28 03:00:00,25.9839
2025-07-28 04:00:00,27.8454
2025-07-28 05:00:00,32.4625
2025-07-28 06:00:00,36.1199
2025-07-28 07:00:00,37.691
2025-07-28 08:00:00,43.6275
2025-07-28 09:00:00,50.4536
2025-07-28 10:00:00,53.2097
2025-07-28 11:00:00,48.1426
2025-07-28 12:00:00,29.2449
2025-07-28 13:00:00,6.0869
2025-07-28 14:00:00,-7.0706
2025-07-28 15:00:00,11.9539
2025-07-28 16:00:00,24.3832
2025-07-28 17:00:00,43.7915
2025-07-28 18:00:00,64.4609
2025-07-28 19:00:00,79.7879
2025-07-28 20:00:00,88.1193
2025-07-28 21:00:00,79.8348
2025-07-28 22:00:00,66.9873
2025-07-28 23:00:00,55.5901
2025-07-29 00:00:00,36.573
2025-07-29 01:00:00,31.6626
2025-07-29 02:00:00,27.9592
2025-07-29 03:00:00,26.5702
2025-07-29 04:00:00,28.4851
2025-07-29 05:00:00,31.4729
2025-07-29 06:00:00,32.8951
2025-07-29 07:00:00,26.6724
2025-07-29 08:00:00,20.15
2025-07-29 09:00:00,22.2436
2025-07-29 10:00:00,28.5803
2025-07-29 11:00:00,19.852
2025-07-29 12:00:00,3.0528
2025-07-29 13:00:00,-11.0423
2025-07-29 14:00:00,-10.9589
2025-07-29 15:00:00,-0.2307
2025-07-29 16:00:00,19.5178
2025-07-29 17:00:00,43.0942
2025-07-29 18:00:00,64.4282
2025-07-29 19:00:00,82.4086
2025-07-29 20:00:00,88.239
2025-07-29 21:00:00,79.8132
2025-07-29 22:00:00,65.9429
2025-07-29 23:00:00,53.9705
2025-07-30 00:00:00,36.0322
2025-07-30 01:00:00,31.7261
2025-07-30 02:00:00,28.5376
2025-07-30 03:00:00,26.2459
2025-07-30 04:00:00,27.6857
2025-07-30 05:00:00,32.0856
2025-07-30 06:00:00,36.0717
2025-07-30 07:00:00,40.4417
2025-07-30 08:00:00,50.9753
2025-07-30 09:00:00,62.2022
2025-07-30 10:00:00,72.4127
2025-07-30 11:00:00,53.7974
2025-07-30 12:00:00,32.1449
2025-07-30 13:00:00,18.1204
2025-07-30 14:00:00,6.5412
2025-07-30 15:00:00,8.704
2025-07-30 16:00:00,28.2865
2025-07-30 17:00:00,44.2397
2025-07-30 18:00:00,64.5746
2025-07-30 19:00:00,81.3296
2025-07-30 20:00:00,87.0629
2025-07-30 21:00:00,82.0528
2025-07-30 22:00:00,67.5608
2025-07-30 23:00:00,52.822
2025-07-31 00:00:00,35.9351
2025-07-31 01:00:00,32.3508
2025-07-31 02:00:00,28.578
2025-07-31 03:00:00,25.901
2025-07-31 04:00:00,28.3768
2025-07-31 05:00:00,32.4475
2025-07-31 06:00:00,35.8625
2025-07-31 07:00:00,37.2805
2025-07-31 08:00:00,44.9421
2025-07-31 09:00:00,49.5815
2025-07-31 10:00:00,62.9646
2025-07-31 11:00:00,44.7459
2025-07-31 12:00:00,25.4034
2025-07-31 13:00:00,27.8053
2025-07-31 14:00:00,32.3373
2025-07-31 15:00:00,29.8189
2025-07-31 16:00:00,38.0214
2025-07-31 17:00:00,52.1565
2025-07-31 18:00:00,65.9963
2025-07-31 19:00:00,80.6297
2025-07-31 20:00:00,86.1002
2025-07-31 21:00:00,81.927
2025-07-31 22:00:00,66.4677
2025-07-31 23:00:00,51.5786
2025-08-01 00:00:00,36.6665
2025-08-01 01:00:00,32.6299
2025-08-01 02:00:00,29.1729
2025-08-01 03:00:00,26.9052
2025-08-01 04:00:00,28.6375
2025-08-01 05:00:00,32.5188
2025-08-01 06:00:00,34.797
2025-08-01 07:00:00,28.3545
2025-08-01 08:00:00,22.7869
2025-08-01 09:00:00,22.285
2025-08-01 10:00:00,21.4001
2025-08-01 11:00:00,14.1158
2025-08-01 12:00:00,-0.2095
2025-08-01 13:00:00,-6.4446
2025-08-01 14:00:00,-0.1582
2025-08-01 15:00:00,8.363
2025-08-01 16:00:00,22.7969
2025-08-01 17:00:00,45.9475
2025-08-01 18:00:00,66.3701
2025-08-01 19:00:00,82.5116
2025-08-01 20:00:00,86.8294
2025-08-01 21:00:00,80.9146
2025-08-01 22:00:00,68.1304
2025-08-01 23:00:00,55.793
2025-08-02 00:00:00,30.6885
2025-08-02 01:00:00,27.8055
2025-08-02 02:00:00,23.7392
2025-08-02 03:00:00,23.702
2025-08-02 04:00:00,24.2642
2025-08-02 05:00:00,28.0208
2025-08-02 06:00:00,31.2932
2025-08-02 07:00:00,34.1314
2025-08-02 08:00:00,37.4646
2025-08-02 09:00:00,52.8677
2025-08-02 10:00:00,65.5083
2025-08-02 11:00:00,60.2486
2025-08-02 12:00:00,52.8127
2025-08-02 13:00:00,43.1857
2025-08-02 14:00:00,27.2029
2025-08-02 15:00:00,28.0254
2025-08-02 16:00:00,34.5328
2025-08-02 17:00:00,42.9245
2025-08-02 18:00:00,55.9482
2025-08-02 19:00:00,68.9103
2025-08-02 20:00:00,78.2883
2025-08-02 21:00:00,68.8388
2025-08-02 22:00:00,56.6638
2025-08-02 23:00:00,46.9071
2025-08-03 00:00:00,31.2296
2025-08-03 01:00:00,27.4682
2025-08-03 02:00:00,24.139
2025-08-03 03:00:00,23.4304
2025-08-03 04:00:00,24.3129
2025-08-03 05:00:00,28.7547
2025-08-03 06:00:00,31.7458
2025-08-03 07:00:00,36.7684
2025-08-03 08:00:00,41.6334
2025-08-03 09:00:00,53.1863
2025-08-03 10:00:00,63.0329
2025-08-03 11:00:00,59.1362
2025-08-03 12:00:00,40.3748
2025-08-03 13:00:00,25.5799
2025-08-03 14:00:00,-1.2664
2025-08-03 15:00:00,7.7255
2025-08-03 16:00:00,21.4543
2025-08-03 17:00:00,39.9398
2025-08-03 18:00:00,56.272
2025-08-03 19:00:00,68.1264
2025-08-03 20:00:00,75.9559
2025-08-03 21:00:00,69.8771
2025-08-03 22:00:00,58.2314
2025-08-03 23:00:00,45.9815
2025-08-04 00:00:00,36.971
2025-08-04 01:00:00,32.2702
2025-08-04 02:00:00,28.8986
2025-08-04 03:00:00,26.7547
2025-08-04 04:00:00,29.3959
2025-08-04 05:00:00,33.3646
2025-08-04 06:00:00,34.1227
2025-08-04 07:00:00,31.1596
2025-08-04 08:00:00,29.0874
2025-08-04 09:00:00,30.172
2025-08-04 10:00:00,37.8358
2025-08-04 11:00:00,36.6089
2025-08-04 12:00:00,26.457
2025-08-04 13:00:00,15.0877
2025-08-04 14:00:00,23.0492
2025-08-04 15:00:00,20.5508
2025-08-04 16:00:00,34.3637
2025-08-04 17:00:00,46.1498
2025-08-04 18:00:00,66.9674
2025-08-04 19:00:00,81.1719
2025-08-04 20:00:00,87.6558
2025-08-04 21:00:00,83.1039
2025-08-04 22:00:00,66.3554
2025-08-04 23:00:00,54.2083
2025-08-05 00:00:00,36.1392
2025-08-05 01:00:00,32.4981
2025-08-05 02:00:00,28.4939
2025-08-05 03:00:00,26.8563
2025-08-05 04:00:00,28.8386
2025-08-05 05:00:00,31.683
2025-08-05 06:00:00,36.6235
2025-08-05 07:00:00,41.4531
2025-08-05 08:00:00,46.3749
2025-08-05 09:00:00,56.6012
2025-08-05 10:00:00,72.7789
2025-08-05 11:00:00,69.0088
2025-08-05 12:00:00,49.9287
2025-08-05 13:00:00,39.3255
2025-08-05 14:00:00,22.6435
2025-08-05 15:00:00,21.3726
2025-08-05 16:00:00,33.9664
2025-08-05 17:00:00,49.0403
2025-08-05 18:00:00,66.2418
2025-08-05 19:00:00,80.9622
2025-08-05 20:00:00,86.6156
2025-08-05 21:00:00,82.4582
2025-08-05 22:00:00,67.9875
2025-08-05 23:00:00,53.0763
2025-08-06 00:00:00,36.967
2025-08-06 01:00:00,32.6652
2025-08-06 02:00:00,28.4615
2025-08-06 03:00:00,27.2114
2025-08-06 04:00:00,28.3267
2025-08-06 05:00:00,33.2201
2025-08-06 06:00:00,35.5616
2025-08-06 07:00:00,35.5452
2025-08-06 08:00:00,33.3009
2025-08-06 09:00:00,27.8324
2025-08-06 10:00:00,34.3385
2025-08-06 11:00:00,23.6696
2025-08-06 12:00:00,8.904
2025-08-06 13:00:00,-7.0768
2025-08-06 14:00:00,3.9634
2025-08-06 15:00:00,23.7696
2025-08-06 16:00:00,27.7259
2025-08-06 17:00:00,45.2731
2025-08-06 18:00:00,67.3073
2025-08-06 19:00:00,78.7032
2025-08-06 20:00:00,89.9914
2025-08-06 21:00:00,81.7186
2025-08-06 22:00:00,67.2529
2025-08-06 23:00:00,54.299
2025-08-07 00:00:00,37.3318
2025-08-07 01:00:00,33.5343
2025-08-07 02:00:00,29.2259
2025-08-07 03:00:00,27.4155
2025-08-07 04:00:00,29.0239
2025-08-07 05:00:00,33.1992
2025-08-07 06:00:00,37.0133
2025-08-07 07:00:00,42.9037
2025-08-07 08:00:00,51.7691
2025-08-07 09:00:00,64.4456
2025-08-07 10:00:00,74.5151
2025-08-07 11:00:00,69.7365
2025-08-07 12:00:00,60.4256
2025-08-07 13:00:00,47.9392
2025-08-07 14:00:00,24.3969
2025-08-07 15:00:00,29.2644
2025-08-07 16:00:00,34.2198
2025-08-07 17:00:00,47.7347
2025-08-07 18:00:00,66.1348
2025-08-07 19:00:00,80.8513
2025-08-07 20:00:00,87.3971
2025-08-07 21:00:00,81.2383
2025-08-07 22:00:00,68.358
2025-08-07 23:00:00,55.2526
2025-08-08 00:00:00,37.604
2025-08-08 01:00:00,32.4123
2025-08-08 02:00:00,28.7082
2025-08-08 03:00:00,26.7518
2025-08-08 04:00:00,29.5001
2025-08-08 05:00:00,32.5532
2025-08-08 06:00:00,37.9045
2025-08-08 07:00:00,43.0643
2025-08-08 08:00:00,49.8124
2025-08-08 09:00:00,64.7072
2025-08-08 10:00:00,68.852
2025-08-08 11:00:00,52.902
2025-08-08 12:00:00,27.7837
2025-08-08 13:00:00,-3.7867
2025-08-08 14:00:00,-8.279
2025-08-08 15:00:00,1.3309
2025-08-08 16:00:00,19.5709
2025-08-08 17:00:00,47.7516
2025-08-08 18:00:00,66.278
2025-08-08 19:00:00,81.2097
2025-08-08 20:00:00,84.8263
2025-08-08 21:00:00,80.8958
2025-08-08 22:00:00,68.6309
2025-08-08 23:00:00,54.5934
2025-08-09 00:00:00,30.5862
2025-08-09 01:00:00,27.6131
2025-08-09 02:00:00,24.135
2025-08-09 03:00:00,23.0754
2025-08-09 04:00:00,25.0768
2025-08-09 05:00:00,26.7428
2025-08-09 06:00:00,28.2957
2025-08-09 07:00:00,19.777
2025-08-09 08:00:00,10.3273
2025-08-09 09:00:00,10.6355
2025-08-09 10:00:00,3.3781
2025-08-09 11:00:00,-1.1074
2025-08-09 12:00:00,-11.8688
2025-08-09 13:00:00,-19.4567
2025-08-09 14:00:00,-7.4496
2025-08-09 15:00:00,6.2417
2025-08-09 16:00:00,21.3451
2025-08-09 17:00:00,39.155
2025-08-09 18:00:00,55.4167
2025-08-09 19:00:00,69.0698
2025-08-09 20:00:00,76.3838
2025-08-09 21:00:00,71.2981
2025-08-09 22:00:00,58.1473
2025-08-09 23:00:00,46.1598
2025-08-10 00:00:00,31.7759
2025-08-10 01:00:00,27.6917
2025-08-10 02:00:00,24.2202
2025-08-10 03:00:00,22.689
2025-08-10 04:00:00,24.1267
2025-08-10 05:00:00,28.0235
2025-08-10 06:00:00,31.5735
2025-08-10 07:00:00,29.1859
2025-08-10 08:00:00,31.1593
2025-08-10 09:00:00,39.9088
2025-08-10 10:00:00,41.3267
2025-08-10 11:00:00,25.8656
2025-08-10 12:00:00,5.9244
2025-08-10 13:00:00,-4.2035
2025-08-10 14:00:00,9.3113
2025-08-10 15:00:00,7.139
2025-08-10 16:00:00,35.041
2025-08-10 17:00:00,45.2185
2025-08-10 18:00:00,57.2992
2025-08-10 19:00:00,69.1256
2025-08-10 20:00:00,75.8276
2025-08-10 21:00:00,70.7368
2025-08-10 22:00:00,57.249
2025-08-10 23:00:00,44.5984
2025-08-11 00:00:00,36.9493
2025-08-11 01:00:00,32.5903
2025-08-11 02:00:00,28.7338
2025-08-11 03:00:00,27.5401
2025-08-11 04:00:00,28.9876
2025-08-11 05:00:00,32.0767
2025-08-11 06:00:00,34.7274
2025-08-11 07:00:00,26.3234
2025-08-11 08:00:00,16.7568
2025-08-11 09:00:00,16.0313
2025-08-11 10:00:00,16.1567
2025-08-11 11:00:00,9.0486
2025-08-11 12:00:00,-1.0756
2025-08-11 13:00:00,-8.7328
2025-08-11 14:00:00,-8.04
2025-08-11 15:00:00,1.0479
2025-08-11 16:00:00,20.1062
2025-08-11 17:00:00,43.7237
2025-08-11 18:00:00,66.3645
2025-08-11 19:00:00,81.4915
2025-08-11 20:00:00,87.8415
2025-08-11 21:00:00,83.7751
2025-08-11 22:00:00,66.6418
2025-08-11 23:00:00,53.3454
2025-08-12 00:00:00,35.7252
2025-08-12 01:00:00,32.976
2025-08-12 02:00:00,27.8806
2025-08-12 03:00:00,27.4809
2025-08-12 04:00:00,29.0367
2025-08-12 05:00:00,33.2245
2025-08-12 06:00:00,35.3683
2025-08-12 07:00:00,27.0097
2025-08-12 08:00:00,17.07
2025-08-12 09:00:00,16.1052
2025-08-12 10:00:00,15.7169
2025-08-12 11:00:00,10.6324
2025-08-12 12:00:00,0.574
2025-08-12 13:00:00,-12.4608
2025-08-12 14:00:00,-8.5696
2025-08-12 15:00:00,1.374
2025-08-12 16:00:00,19.8186
2025-08-12 17:00:00,46.6393
2025-08-12 18:00:00,66.0206
2025-08-12 19:00:00,82.077
2025-08-12 20:00:00,87.8977
2025-08-12 21:00:00,80.7484
2025-08-12 22:00:00,68.0399
2025-08-12 23:00:00,54.3207
2025-08-13 00:00:00,35.8969
2025-08-13 01:00:00,32.6987
2025-08-13 02:00:00,28.5702
2025-08-13 03:00:00,27.1555
2025-08-13 04:00:00,28.505
2025-08-13 05:00:00,33.5058
2025-08-13 06:00:00,34.9729
2025-08-13 07:00:00,25.9609
2025-08-13 08:00:00,17.024
2025-08-13 09:00:00,21.5497
2025-08-13 10:00:00,26.6536
2025-08-13 11:00:00,30.6925
2025-08-13 12:00:00,28.9264
2025-08-13 13:00:00,22.4009
2025-08-13 14:00:00,23.2556
2025-08-13 15:00:00,31.8048
2025-08-13 16:00:00,39.7379
2025-08-13 17:00:00,49.2278
2025-08-13 18:00:00,66.8531
2025-08-13 19:00:00,81.4602
2025-08-13 20:00:00,87.1894
2025-08-13 21:00:00,82.9785
2025-08-13 22:00:00,67.8853
2025-08-13 23:00:00,54.9331
2025-08-14 00:00:00,36.5562
2025-08-14 01:00:00,32.2239
2025-08-14 02:00:00,28.8928
2025-08-14 03:00:00,28.4169
2025-08-14 04:00:00,28.8009
2025-08-14 05:00:00,32.6012
2025-08-14 06:00:00,34.4529
2025-08-14 07:00:00,29.0122
2025-08-14 08:00:00,28.768
2025-08-14 09:00:00,39.3614
2025-08-14 10:00:00,44.5982
2025-08-14 11:00:00,48.9446
2025-08-14 12:00:00,37.6649
2025-08-14 13:00:00,18.321
2025-08-14 14:00:00,15.6174
2025-08-14 15:00:00,14.1941
2025-08-14 16:00:00,25.9292
2025-08-14 17:00:00,46.8964
2025-08-14 18:00:00,67.4927
2025-08-14 19:00:00,82.7084
2025-08-14 20:00:00,86.49
2025-08-14 21:00:00,81.744
2025-08-14 22:00:00,68.7582
2025-08-14 23:00:00,54.1767
2025-08-15 00:00:00,36.8183
2025-08-15 01:00:00,33.2767
2025-08-15 02:00:00,28.9146
2025-08-15 03:00:00,26.6284
2025-08-15 04:00:00,28.3796
2025-08-15 05:00:00,32.031
2025-08-15 06:00:00,34.6226
2025-08-15 07:00:00,26.0273
2025-08-15 08:00:00,16.7727
2025-08-15 09:00:00,17.2835
2025-08-15 10:00:00,17.5578
2025-08-15 11:00:00,13.0057
2025-08-15 12:00:00,7.4312
2025-08-15 13:00:00,-1.0537
2025-08-15 14:00:00,1.7363
2025-08-15 15:00:00,8.36
2025-08-15 16:00:00,23.4346
2025-08-15 17:00:00,46.1802
2025-08-15 18:00:00,67.363
2025-08-15 19:00:00,82.2457
2025-08-15 20:00:00,90.2933
2025-08-15 21:00:00,81.7469
2025-08-15 22:00:00,67.0275
2025-08-15 23:00:00,55.2622
2025-08-16 00:00:00,30.5539
2025-08-16 01:00:00,27.763
2025-08-16 02:00:00,23.937
2025-08-16 03:00:00,23.0169
2025-08-16 04:00:00,24.6266
2025-08-16 05:00:00,27.355
2025-08-16 06:00:00,28.3723
2025-08-16 07:00:00,19.1181
2025-08-16 08:00:00,9.9478
2025-08-16 09:00:00,4.6665
2025-08-16 10:00:00,7.1389
2025-08-16 11:00:00,2.4405
2025-08-16 12:00:00,-10.5292
2025-08-16 13:00:00,-14.4002
2025-08-16 14:00:00,-16.1042
2025-08-16 15:00:00,-1.9304
2025-08-16 16:00:00,17.6377
2025-08-16 17:00:00,37.3979
2025-08-16 18:00:00,57.3311
2025-08-16 19:00:00,70.5423
2025-08-16 20:00:00,75.9716
2025-08-16 21:00:00,69.2982
2025-08-16 22:00:00,56.3879
2025-08-16 23:00:00,46.4701
2025-08-17 00:00:00,31.5491
2025-08-17 01:00:00,27.861
2025-08-17 02:00:00,23.669
2025-08-17 03:00:00,22.9179
2025-08-17 04:00:00,24.0135
2025-08-17 05:00:00,26.8388
2025-08-17 06:00:00,30.5101
2025-08-17 07:00:00,27.7829
2025-08-17 08:00:00,25.1246
2025-08-17 09:00:00,21.0464
2025-08-17 10:00:00,21.2007
2025-08-17 11:00:00,20.15
2025-08-17 12:00:00,4.5762
2025-08-17 13:00:00,2.4637
2025-08-17 14:00:00,4.1409
2025-08-17 15:00:00,12.759
2025-08-17 16:00:00,28.6443
2025-08-17 17:00:00,43.4455
2025-08-17 18:00:00,56.8541
2025-08-17 19:00:00,70.5783
2025-08-17 20:00:00,74.6248
2025-08-17 21:00:00,68.3264
2025-08-17 22:00:00,58.0296
2025-08-17 23:00:00,47.1935
2025-08-18 00:00:00,36.7909
2025-08-18 01:00:00,32.9426
2025-08-18 02:00:00,28.8764
2025-08-18 03:00:00,26.9617
2025-08-18 04:00:00,28.4826
2025-08-18 05:00:00,33.6453
2025-08-18 06:00:00,37.8043
2025-08-18 07:00:00,44.1867
2025-08-18 08:00:00,53.1515
2025-08-18 09:00:00,65.5973
2025-08-18 10:00:00,73.0013
2025-08-18 11:00:00,65.0475
2025-08-18 12:00:00,51.5572
2025-08-18 13:00:00,31.3241
2025-08-18 14:00:00,24.1004
2025-08-18 15:00:00,29.7601
2025-08-18 16:00:00,36.684
2025-08-18 17:00:00,50.89
2025-08-18 18:00:00,66.6736
2025-08-18 19:00:00,83.4711
2025-08-18 20:00:00,88.866
2025-08-18 21:00:00,83.5408
2025-08-18 22:00:00,68.4172
2025-08-18 23:00:00,54.1775
2025-08-19 00:00:00,36.7236
2025-08-19 01:00:00,32.9472
2025-08-19 02:00:00,28.1192
2025-08-19 03:00:00,27.8186
2025-08-19 04:00:00,28.0489
2025-08-19 05:00:00,32.9161
2025-08-19 06:00:00,37.4632
2025-08-19 07:00:00,40.5339
2025-08-19 08:00:00,45.5074
2025-08-19 09:00:00,56.3434
2025-08-19 10:00:00,69.5709
2025-08-19 11:00:00,67.4666
2025-08-19 12:00:00,57.3753
2025-08-19 13:00:00,33.8732
2025-08-19 14:00:00,30.2107
2025-08-19 15:00:00,27.0383
2025-08-19 16:00:00,34.8782
2025-08-19 17:00:00,46.6234
2025-08-19 18:00:00,67.199
2025-08-19 19:00:00,81.8784
2025-08-19 20:00:00,90.9579
2025-08-19 21:00:00,82.3098
2025-08-19 22:00:00,66.7467
2025-08-19 23:00:00,54.2576
2025-08-20 00:00:00,37.2172
2025-08-20 01:00:00,32.2843
2025-08-20 02:00:00,28.2626
2025-08-20 03:00:00,27.1266
2025-08-20 04:00:00,29.0867
2025-08-20 05:00:00,32.5828
2025-08-20 06:00:00,33.2487
2025-08-20 07:00:00,24.3096
2025-08-20 08:00:00,18.889
2025-08-20 09:00:00,14.2909
2025-08-20 10:00:00,18.7889
2025-08-20 11:00:00,18.6718
2025-08-20 12:00:00,26.2625
2025-08-20 13:00:00,29.7574
2025-08-20 14:00:00,17.7232
2025-08-20 15:00:00,23.7398
2025-08-20 16:00:00,37.4316
2025-08-20 17:00:00,47.964
2025-08-20 18:00:00,66.2023
2025-08-20 19:00:00,80.5387
2025-08-20 20:00:00,91.1423
2025-08-20 21:00:00,82.2606
2025-08-20 22:00:00,66.7953
2025-08-20 23:00:00,53.5375
2025-08-21 00:00:00,35.9599
2025-08-21 01:00:00,32.622
2025-08-21 02:00:00,29.0785
2025-08-21 03:00:00,27.2107
2025-08-21 04:00:00,28.4417
2025-08-21 05:00:00,32.3681
2025-08-21 06:00:00,36.8247
2025-08-21 07:00:00,40.785
2025-08-21 08:00:00,46.6566
2025-08-21 09:00:00,58.3778
2025-08-21 10:00:00,64.0956
2025-08-21 11:00:00,48.2042
2025-08-21 12:00:00,32.3264
2025-08-21 13:00:00,15.2873
2025-08-21 14:00:00,37.0907
2025-08-21 15:00:00,38.0486
2025-08-21 16:00:00,43.6649
2025-08-21 17:00:00,54.7597
2025-08-21 18:00:00,66.6385
2025-08-21 19:00:00,81.0702
2025-08-21 20:00:00,89.2812
2025-08-21 21:00:00,80.5547
2025-08-21 22:00:00,67.555
2025-08-21 23:00:00,55.6781
2025-08-22 00:00:00,36.0259
2025-08-22 01:00:00,32.5818
2025-08-22 02:00:00,28.8973
2025-08-22 03:00:00,26.5539
2025-08-22 04:00:00,28.6393
2025-08-22 05:00:00,32.5061
2025-08-22 06:00:00,37.6385
2025-08-22 07:00:00,41.6637
2025-08-22 08:00:00,50.5425
2025-08-22 09:00:00,62.3512
2025-08-22 10:00:00,69.9746
2025-08-22 11:00:00,70.2927
2025-08-22 12:00:00,55.8723
2025-08-22 13:00:00,43.4265
2025-08-22 14:00:00,42.2428
2025-08-22 15:00:00,39.8539
2025-08-22 16:00:00,45.5654
2025-08-22 17:00:00,54.5717
2025-08-22 18:00:00,69.1276
2025-08-22 19:00:00,84.2897
2025-08-22 20:00:00,89.7348
2025-08-22 21:00:00,81.9336
2025-08-22 22:00:00,68.5445
2025-08-22 23:00:00,55.0829
2025-08-23 00:00:00,31.6814
2025-08-23 01:00:00,27.8592
2025-08-23 02:00:00,24.7695
2025-08-23 03:00:00,23.0302
2025-08-23 04:00:00,24.4388
2025-08-23 05:00:00,27.2993
2025-08-23 06:00:00,30.9471
2025-08-23 07:00:00,35.5692
2025-08-23 08:00:00,43.69
2025-08-23 09:00:00,51.7366
2025-08-23 10:00:00,64.5845
2025-08-23 11:00:00,60.0248
2025-08-23 12:00:00,48.7394
2025-08-23 13:00:00,42.3974
2025-08-23 14:00:00,36.9311
2025-08-23 15:00:00,35.7365
2025-08-23 16:00:00,38.0379
2025-08-23 17:00:00,45.7976
2025-08-23 18:00:00,57.3694
2025-08-23 19:00:00,69.1941
2025-08-23 20:00:00,75.6528
2025-08-23 21:00:00,69.7308
2025-08-23 22:00:00,58.4062
2025-08-23 23:00:00,46.767
2025-08-24 00:00:00,31.8384
2025-08-24 01:00:00,28.2195
2025-08-24 02:00:00,24.7401
2025-08-24 03:00:00,22.6515
2025-08-24 04:00:00,24.506
2025-08-24 05:00:00,28.3627
2025-08-24 06:00:00,31.8223
2025-08-24 07:00:00,33.6613
2025-08-24 08:00:00,28.7062
2025-08-24 09:00:00,24.0901
2025-08-24 10:00:00,28.7524
2025-08-24 11:00:00,20.3566
2025-08-24 12:00:00,20.0014
2025-08-24 13:00:00,13.8406
2025-08-24 14:00:00,-7.6303
2025-08-24 15:00:00,7.7826
2025-08-24 16:00:00,21.0859
2025-08-24 17:00:00,38.8632
2025-08-24 18:00:00,56.7188
2025-08-24 19:00:00,70.2465
2025-08-24 20:00:00,75.2807
2025-08-24 21:00:00,69.6356
2025-08-24 22:00:00,56.5605
2025-08-24 23:00:00,47.1314
2025-08-25 00:00:00,36.0599
2025-08-25 01:00:00,31.8366
2025-08-25 02:00:00,28.2684
2025-08-25 03:00:00,27.0024
2025-08-25 04:00:00,29.2354
2025-08-25 05:00:00,33.5351
2025-08-25 06:00:00,35.0129
2025-08-25 07:00:00,24.9049
2025-08-25 08:00:00,15.0429
2025-08-25 09:00:00,11.9377
2025-08-25 10:00:00,13.1193
2025-08-25 11:00:00,3.1246
2025-08-25 12:00:00,-8.9864
2025-08-25 13:00:00,-17.2871
2025-08-25 14:00:00,-16.9485
2025-08-25 15:00:00,-1.9232
2025-08-25 16:00:00,17.5275
2025-08-25 17:00:00,44.4142
2025-08-25 18:00:00,66.4628
2025-08-25 19:00:00,79.5947
2025-08-25 20:00:00,88.7646
2025-08-25 21:00:00,82.1246
2025-08-25 22:00:00,68.6071
2025-08-25 23:00:00,55.3849
2025-08-26 00:00:00,37.1008
2025-08-26 01:00:00,32.4658
2025-08-26 02:00:00,28.4656
2025-08-26 03:00:00,27.1586
2025-08-26 04:00:00,28.4188
2025-08-26 05:00:00,32.0544
2025-08-26 06:00:00,34.1217
2025-08-26 07:00:00,24.1279
2025-08-26 08:00:00,14.0854
2025-08-26 09:00:00,9.2517
2025-08-26 10:00:00,12.9772
2025-08-26 11:00:00,16.3888
2025-08-26 12:00:00,13.9892
2025-08-26 13:00:00,6.6868
2025-08-26 14:00:00,3.8514
2025-08-26 15:00:00,9.9605
2025-08-26 16:00:00,25.3411
2025-08-26 17:00:00,46.137
2025-08-26 18:00:00,67.5537
2025-08-26 19:00:00,83.3183
2025-08-26 20:00:00,90.5411
2025-08-26 21:00:00,82.4622
2025-08-26 22:00:00,68.3604
2025-08-26 23:00:00,54.3434
2025-08-27 00:00:00,37.4872
2025-08-27 01:00:00,32.4199
2025-08-27 02:00:00,28.8205
2025-08-27 03:00:00,26.1264
2025-08-27 04:00:00,28.5622
2025-08-27 05:00:00,33.0168
2025-08-27 06:00:00,35.1289
2025-08-27 07:00:00,24.9849
2025-08-27 08:00:00,14.0977
2025-08-27 09:00:00,10.0871
2025-08-27 10:00:00,12.9354
2025-08-27 11:00:00,9.486
2025-08-27 12:00:00,3.176
2025-08-27 13:00:00,-12.2594
2025-08-27 14:00:00,-6.2734
2025-08-27 15:00:00,4.5615
2025-08-27 16:00:00,21.813
2025-08-27 17:00:00,47.6835
2025-08-27 18:00:00,67.0987
2025-08-27 19:00:00,83.5625
2025-08-27 20:00:00,88.6966
2025-08-27 21:00:00,81.8283
2025-08-27 22:00:00,67.3261
2025-08-27 23:00:00,53.4451
2025-08-28 00:00:00,36.8599
2025-08-28 01:00:00,32.0616
2025-08-28 02:00:00,28.2141
2025-08-28 03:00:00,26.8851
2025-08-28 04:00:00,29.3361
2025-08-28 05:00:00,32.767
2025-08-28 06:00:00,34.5985
2025-08-28 07:00:00,30.1768
2025-08-28 08:00:00,26.7302
2025-08-28 09:00:00,29.8863
2025-08-28 10:00:00,32.7192
2025-08-28 11:00:00,23.8777
2025-08-28 12:00:00,13.3302
2025-08-28 13:00:00,8.1012
2025-08-28 14:00:00,26.8441
2025-08-28 15:00:00,37.2989
2025-08-28 16:00:00,41.4317
2025-08-28 17:00:00,53.6889
2025-08-28 18:00:00,66.0713
2025-08-28 19:00:00,81.5741
2025-08-28 20:00:00,89.3491
2025-08-28 21:00:00,82.6039
2025-08-28 22:00:00,67.2279
2025-08-28 23:00:00,55.2536
2025-08-29 00:00:00,37.3601
2025-08-29 01:00:00,32.7795
2025-08-29 02:00:00,28.6225
2025-08-29 03:00:00,26.8508
2025-08-29 04:00:00,28.6776
2025-08-29 05:00:00,33.0793
2025-08-29 06:00:00,37.292
2025-08-29 07:00:00,42.7494
2025-08-29 08:00:00,54.0177
2025-08-29 09:00:00,66.8619
2025-08-29 10:00:00,78.8685
2025-08-29 11:00:00,79.5453
2025-08-29 12:00:00,65.8081
2025-08-29 13:00:00,48.1505
2025-08-29 14:00:00,43.1615
2025-08-29 15:00:00,41.6983
2025-08-29 16:00:00,45.3443
2025-08-29 17:00:00,55.277
2025-08-29 18:00:00,67.9971
2025-08-29 19:00:00,82.0394
2025-08-29 20:00:00,88.3751
2025-08-29 21:00:00,82.1498
2025-08-29 22:00:00,65.5148
2025-08-29 23:00:00,54.8483
2025-08-30 00:00:00,32.2483
2025-08-30 01:00:00,27.5528
2025-08-30 02:00:00,24.4775
2025-08-30 03:00:00,23.0106
2025-08-30 04:00:00,24.4499
2025-08-30 05:00:00,27.3451
2025-08-30 06:00:00,31.6034
2025-08-30 07:00:00,35.4638
2025-08-30 08:00:00,36.1139
2025-08-30 09:00:00,40.7035
2025-08-30 10:00:00,46.4968
2025-08-30 11:00:00,37.5523
2025-08-30 12:00:00,26.7071
2025-08-30 13:00:00,22.8179
2025-08-30 14:00:00,8.4797
2025-08-30 15:00:00,14.7452
2025-08-30 16:00:00,21.1003
2025-08-30 17:00:00,38.4912
2025-08-30 18:00:00,57.7943
2025-08-30 19:00:00,70.335
2025-08-30 20:00:00,75.1455
2025-08-30 21:00:00,69.631
2025-08-30 22:00:00,58.7815
2025-08-30 23:00:00,45.5698
2025-08-31 00:00:00,31.0188
2025-08-31 01:00:00,27.9782
2025-08-31 02:00:00,24.7102
2025-08-31 03:00:00,22.7594
2025-08-31 04:00:00,24.6215
2025-08-31 05:00:00,27.313
2025-08-31 06:00:00,30.776
2025-08-31 07:00:00,23.6102
2025-08-31 08:00:00,19.8839
2025-08-31 09:00:00,22.5608
2025-08-31 10:00:00,24.8364
2025-08-31 11:00:00,22.557
2025-08-31 12:00:00,14.2839
2025-08-31 13:00:00,20.7613
2025-08-31 14:00:00,28.0489
2025-08-31 15:00:00,29.2696
2025-08-31 16:00:00,30.5305
2025-08-31 17:00:00,44.2583
2025-08-31 18:00:00,58.5806
2025-08-31 19:00:00,69.1186
2025-08-31 20:00:00,76.7828
2025-08-31 21:00:00,68.2487
2025-08-31 22:00:00,58.1789
2025-08-31 23:00:00,45.9706
2025-09-01 00:00:00,32.8052
2025-09-01 01:00:00,29.9958
2025-09-01 02:00:00,25.5192
2025-09-01 03:00:00,24.3415
2025-09-01 04:00:00,25.825
2025-09-01 05:00:00,29.1075
2025-09-01 06:00:00,31.3468
2025-09-01 07:00:00,27.3101
2025-09-01 08:00:00,16.5563
2025-09-01 09:00:00,17.9344
2025-09-01 10:00:00,17.0672
2025-09-01 11:00:00,16.8701
2025-09-01 12:00:00,17.1862
2025-09-01 13:00:00,11.6807
2025-09-01 14:00:00,18.9091
2025-09-01 15:00:00,11.5682
2025-09-01 16:00:00,28.0632
2025-09-01 17:00:00,43.2043
2025-09-01 18:00:00,60.8508
2025-09-01 19:00:00,73.3784
2025-09-01 20:00:00,78.9669
2025-09-01 21:00:00,74.4588
2025-09-01 22:00:00,60.8183
2025-09-01 23:00:00,49.1788
2025-09-02 00:00:00,32.7349
2025-09-02 01:00:00,28.7321
2025-09-02 02:00:00,25.6706
2025-09-02 03:00:00,23.4214
2025-09-02 04:00:00,25.4123
2025-09-02 05:00:00,29.8336
2025-09-02 06:00:00,33.0736
2025-09-02 07:00:00,33.4436
2025-09-02 08:00:00,36.326
2025-09-02 09:00:00,40.4821
2025-09-02 10:00:00,55.9887
2025-09-02 11:00:00,50.9618
2025-09-02 12:00:00,45.4854
2025-09-02 13:00:00,37.2131
2025-09-02 14:00:00,34.7078
2025-09-02 15:00:00,35.4424
2025-09-02 16:00:00,41.2562
2025-09-02 17:00:00,48.6597
2025-09-02 18:00:00,58.7432
2025-09-02 19:00:00,74.0726
2025-09-02 20:00:00,79.0975
2025-09-02 21:00:00,74.1673
2025-09-02 22:00:00,59.5143
2025-09-02 23:00:00,49.4486
2025-09-03 00:00:00,33.1201
2025-09-03 01:00:00,28.7758
2025-09-03 02:00:00,25.6304
2025-09-03 03:00:00,23.8079
2025-09-03 04:00:00,25.4641
2025-09-03 05:00:00,28.9959
2025-09-03 06:00:00,33.2168
2025-09-03 07:00:00,35.5175
2025-09-03 08:00:00,42.9473
2025-09-03 09:00:00,55.7276
2025-09-03 10:00:00,67.5308
2025-09-03 11:00:00,62.2632
2025-09-03 12:00:00,49.9739
2025-09-03 13:00:00,39.7806
2025-09-03 14:00:00,26.9312
2025-09-03 15:00:00,27.1242
2025-09-03 16:00:00,29.131
2025-09-03 17:00:00,46.7678
2025-09-03 18:00:00,60.2754
2025-09-03 19:00:00,73.0453
2025-09-03 20:00:00,78.9443
2025-09-03 21:00:00,74.454
2025-09-03 22:00:00,60.3355
2025-09-03 23:00:00,49.49
2025-09-04 00:00:00,32.929
2025-09-04 01:00:00,28.7962
2025-09-04 02:00:00,25.0822
2025-09-04 03:00:00,23.9557
2025-09-04 04:00:00,25.3291
2025-09-04 05:00:00,29.3796
2025-09-04 06:00:00,31.0188
2025-09-04 07:00:00,18.2177
2025-09-04 08:00:00,8.945
2025-09-04 09:00:00,7.1045
2025-09-04 10:00:00,1.9131
2025-09-04 11:00:00,-6.6953
2025-09-04 12:00:00,-16.5394
2025-09-04 13:00:00,-20.9212
2025-09-04 14:00:00,-20.5149
2025-09-04 15:00:00,-5.9963
2025-09-04 16:00:00,16.3675
2025-09-04 17:00:00,42.6156
2025-09-04 18:00:00,62.6132
2025-09-04 19:00:00,72.3559
2025-09-04 20:00:00,78.5105
2025-09-04 21:00:00,72.5731
2025-09-04 22:00:00,61.6947
2025-09-04 23:00:00,49.3171
2025-09-05 00:00:00,33.0253
2025-09-05 01:00:00,30.4172
2025-09-05 02:00:00,25.5996
2025-09-05 03:00:00,24.7601
2025-09-05 04:00:00,25.5885
2025-09-05 05:00:00,28.9654
2025-09-05 06:00:00,31.3466
2025-09-05 07:00:00,19.121
2025-09-05 08:00:00,12.3632
2025-09-05 09:00:00,4.4866
2025-09-05 10:00:00,7.8754
2025-09-05 11:00:00,13.818
2025-09-05 12:00:00,15.498
2025-09-05 13:00:00,8.5677
2025-09-05 14:00:00,5.4812
2025-09-05 15:00:00,2.6094
2025-09-05 16:00:00,21.3495
2025-09-05 17:00:00,42.2429
2025-09-05 18:00:00,60.4291
2025-09-05 19:00:00,73.4417
2025-09-05 20:00:00,79.9135
2025-09-05 21:00:00,72.8923
2025-09-05 22:00:00,60.6281
2025-09-05 23:00:00,48.1805
2025-09-06 00:00:00,28.1405
2025-09-06 01:00:00,24.0166
2025-09-06 02:00:00,21.3825
2025-09-06 03:00:00,20.8303
2025-09-06 04:00:00,21.2882
2025-09-06 05:00:00,23.7198
2025-09-06 06:00:00,27.392
2025-09-06 07:00:00,13.8637
2025-09-06 08:00:00,1.5407
2025-09-06 09:00:00,-2.1747
2025-09-06 10:00:00,-3.764
2025-09-06 11:00:00,-12.3661
2025-09-06 12:00:00,-19.8898
2025-09-06 13:00:00,-30.6127
2025-09-06 14:00:00,-24.0946
2025-09-06 15:00:00,-11.1306
2025-09-06 16:00:00,11.0913
2025-09-06 17:00:00,34.1533
2025-09-06 18:00:00,52.6151
2025-09-06 19:00:00,61.152
2025-09-06 20:00:00,67.3218
2025-09-06 21:00:00,62.3003
2025-09-06 22:00:00,51.4982
2025-09-06 23:00:00,42.5718
2025-09-07 00:00:00,28.0091
2025-09-07 01:00:00,25.1953
2025-09-07 02:00:00,21.3417
2025-09-07 03:00:00,20.2649
2025-09-07 04:00:00,21.7328
2025-09-07 05:00:00,24.4355
2025-09-07 06:00:00,25.7116
2025-09-07 07:00:00,12.1798
2025-09-07 08:00:00,0.2673
2025-09-07 09:00:00,-6.1134
2025-09-07 10:00:00,-5.9402
2025-09-07 11:00:00,-12.7525
2025-09-07 12:00:00,-22.738
2025-09-07 13:00:00,-27.7674
2025-09-07 14:00:00,-17.6185
2025-09-07 15:00:00,-7.0919
2025-09-07 16:00:00,14.2053
2025-09-07 17:00:00,35.273
2025-09-07 18:00:00,51.4221
2025-09-07 19:00:00,63.2047
2025-09-07 20:00:00,67.3284
2025-09-07 21:00:00,63.3369
2025-09-07 22:00:00,51.332
2025-09-07 23:00:00,41.8717
2025-09-08 00:00:00,31.8091
2025-09-08 01:00:00,29.5928
2025-09-08 02:00:00,25.8597
2025-09-08 03:00:00,24.6115
2025-09-08 04:00:00,25.7892
2025-09-08 05:00:00,29.3541
2025-09-08 06:00:00,31.3009
2025-09-08 07:00:00,18.8041
2025-09-08 08:00:00,8.2875
2025-09-08 09:00:00,5.2014
2025-09-08 10:00:00,4.4973
2025-09-08 11:00:00,1.5441
2025-09-08 12:00:00,-8.7536
2025-09-08 13:00:00,-17.2856
2025-09-08 14:00:00,-13.5555
2025-09-08 15:00:00,3.045
2025-09-08 16:00:00,20.6459
2025-09-08 17:00:00,42.9495
2025-09-08 18:00:00,62.1213
2025-09-08 19:00:00,73.5457
2025-09-08 20:00:00,77.7859
2025-09-08 21:00:00,71.545
2025-09-08 22:00:00,60.1168
2025-09-08 23:00:00,48.6597
2025-09-09 00:00:00,32.414
2025-09-09 01:00:00,29.3738
2025-09-09 02:00:00,25.7766
2025-09-09 03:00:00,23.4245
2025-09-09 04:00:00,25.894
2025-09-09 05:00:00,29.1553
2025-09-09 06:00:00,31.1426
2025-09-09 07:00:00,20.7037
2025-09-09 08:00:00,8.7586
2025-09-09 09:00:00,4.8371
2025-09-09 10:00:00,7.2801
2025-09-09 11:00:00,12.7462
2025-09-09 12:00:00,-2.932
2025-09-09 13:00:00,2.9708
2025-09-09 14:00:00,-5.0509
2025-09-09 15:00:00,7.629
2025-09-09 16:00:00,19.2881
2025-09-09 17:00:00,43.2596
2025-09-09 18:00:00,62.0077
2025-09-09 19:00:00,74.7736
2025-09-09 20:00:00,77.5432
2025-09-09 21:00:00,74.2501
2025-09-09 22:00:00,61.6745
2025-09-09 23:00:00,48.5514
2025-09-10 00:00:00,32.6537
2025-09-10 01:00:00,30.2551
2025-09-10 02:00:00,25.9196
2025-09-10 03:00:00,23.4675
2025-09-10 04:00:00,25.6429
2025-09-10 05:00:00,29.9964
2025-09-10 06:00:00,30.2152
2025-09-10 07:00:00,20.506
2025-09-10 08:00:00,7.0695
2025-09-10 09:00:00,4.653
2025-09-10 10:00:00,4.9233
2025-09-10 11:00:00,-1.3508
2025-09-10 12:00:00,-13.134
2025-09-10 13:00:00,-17.8559
2025-09-10 14:00:00,-16.0528
2025-09-10 15:00:00,-4.1027
2025-09-10 16:00:00,18.5005
2025-09-10 17:00:00,43.4699
2025-09-10 18:00:00,60.6378
2025-09-10 19:00:00,71.1569
2025-09-10 20:00:00,77.8824
2025-09-10 21:00:00,70.8708
2025-09-10 22:00:00,60.0772
2025-09-10 23:00:00,48.8302
2025-09-11 00:00:00,32.8459
2025-09-11 01:00:00,29.891
2025-09-11 02:00:00,25.5221
2025-09-11 03:00:00,24.8888
2025-09-11 04:00:00,25.7394
2025-09-11 05:00:00,29.3709
2025-09-11 06:00:00,31.0053
2025-09-11 07:00:00,19.2377
2025-09-11 08:00:00,6.7833
2025-09-11 09:00:00,0.3705
2025-09-11 10:00:00,0.3959
2025-09-11 11:00:00,-7.4689
2025-09-11 12:00:00,-17.9941
2025-09-11 13:00:00,-26.0685
2025-09-11 14:00:00,-20.3083
2025-09-11 15:00:00,-5.5156
2025-09-11 16:00:00,15.7259
2025-09-11 17:00:00,42.1241
2025-09-11 18:00:00,60.838
2025-09-11 19:00:00,73.1245
2025-09-11 20:00:00,81.2188
2025-09-11 21:00:00,74.6336
2025-09-11 22:00:00,60.4144
2025-09-11 23:00:00,48.0888
2025-09-12 00:00:00,32.7175
2025-09-12 01:00:00,29.3082
2025-09-12 02:00:00,24.6861
2025-09-12 03:00:00,23.9306
2025-09-12 04:00:00,25.8162
2025-09-12 05:00:00,28.8633
2025-09-12 06:00:00,32.3996
2025-09-12 07:00:00,29.3602
2025-09-12 08:00:00,26.068
2025-09-12 09:00:00,29.318
2025-09-12 10:00:00,22.1113
2025-09-12 11:00:00,20.5408
2025-09-12 12:00:00,20.1084
2025-09-12 13:00:00,17.6072
2025-09-12 14:00:00,11.7609
2025-09-12 15:00:00,17.327
2025-09-12 16:00:00,23.8121
2025-09-12 17:00:00,44.245
2025-09-12 18:00:00,59.6134
2025-09-12 19:00:00,71.196
2025-09-12 20:00:00,81.2858
2025-09-12 21:00:00,69.9797
2025-09-12 22:00:00,60.0556
2025-09-12 23:00:00,48.9313
2025-09-13 00:00:00,28.4748
2025-09-13 01:00:00,24.4456
2025-09-13 02:00:00,21.7178
2025-09-13 03:00:00,20.2175
2025-09-13 04:00:00,21.6966
2025-09-13 05:00:00,24.3093
2025-09-13 06:00:00,26.4299
2025-09-13 07:00:00,14.2203
2025-09-13 08:00:00,2.0634
2025-09-13 09:00:00,-3.7706
2025-09-13 10:00:00,-4.1036
2025-09-13 11:00:00,-10.7607
2025-09-13 12:00:00,-15.5978
2025-09-13 13:00:00,-20.3471
2025-09-13 14:00:00,-22.0192
2025-09-13 15:00:00,-6.7192
2025-09-13 16:00:00,13.1324
2025-09-13 17:00:00,36.2756
2025-09-13 18:00:00,51.4759
2025-09-13 19:00:00,62.615
2025-09-13 20:00:00,66.7857
2025-09-13 21:00:00,62.176
2025-09-13 22:00:00,50.4436
2025-09-13 23:00:00,41.1121
2025-09-14 00:00:00,27.2645
2025-09-14 01:00:00,24.9311
2025-09-14 02:00:00,21.3637
2025-09-14 03:00:00,20.4542
2025-09-14 04:00:00,21.4984
2025-09-14 05:00:00,24.498
2025-09-14 06:00:00,27.0106
2025-09-14 07:00:00,15.8061
2025-09-14 08:00:00,3.552
2025-09-14 09:00:00,4.0381
2025-09-14 10:00:00,4.1649
2025-09-14 11:00:00,10.3856
2025-09-14 12:00:00,-10.8181
2025-09-14 13:00:00,-14.5713
2025-09-14 14:00:00,-9.9969
2025-09-14 15:00:00,0.5797
2025-09-14 16:00:00,18.4152
2025-09-14 17:00:00,37.6753
2025-09-14 18:00:00,52.7079
2025-09-14 19:00:00,60.5881
2025-09-14 20:00:00,68.5068
2025-09-14 21:00:00,60.1806
2025-09-14 22:00:00,50.548
2025-09-14 23:00:00,43.2929
2025-09-15 00:00:00,32.4821
2025-09-15 01:00:00,28.8553
2025-09-15 02:00:00,25.3253
2025-09-15 03:00:00,24.5402
2025-09-15 04:00:00,24.9878
2025-09-15 05:00:00,28.9261
2025-09-15 06:00:00,32.8627
2025-09-15 07:00:00,36.7288
2025-09-15 08:00:00,39.976
2025-09-15 09:00:00,47.249
2025-09-15 10:00:00,47.5447
2025-09-15 11:00:00,45.5127
2025-09-15 12:00:00,29.2158
2025-09-15 13:00:00,28.8128
2025-09-15 14:00:00,26.4789
2025-09-15 15:00:00,21.0102
2025-09-15 16:00:00,28.993
2025-09-15 17:00:00,44.785
2025-09-15 18:00:00,61.1596
2025-09-15 19:00:00,72.9072
2025-09-15 20:00:00,78.6431
2025-09-15 21:00:00,74.2515
2025-09-15 22:00:00,60.0418
2025-09-15 23:00:00,48.7993
2025-09-16 00:00:00,33.0096
2025-09-16 01:00:00,29.5352
2025-09-16 02:00:00,26.1738
2025-09-16 03:00:00,24.0665
2025-09-16 04:00:00,25.7654
2025-09-16 05:00:00,29.5642
2025-09-16 06:00:00,33.1613
2025-09-16 07:00:00,36.9419
2025-09-16 08:00:00,41.4971
2025-09-16 09:00:00,44.6057
2025-09-16 10:00:00,58.0242
2025-09-16 11:00:00,57.2094
2025-09-16 12:00:00,38.404
2025-09-16 13:00:00,21.4374
2025-09-16 14:00:00,20.7409
2025-09-16 15:00:00,26.4264
2025-09-16 16:00:00,32.8283
2025-09-16 17:00:00,46.9172
2025-09-16 18:00:00,63.3232
2025-09-16 19:00:00,73.0001
2025-09-16 20:00:00,80.283
2025-09-16 21:00:00,75.1354
2025-09-16 22:00:00,60.5868
2025-09-16 23:00:00,48.4723
2025-09-17 00:00:00,34.0991
2025-09-17 01:00:00,29.4337
2025-09-17 02:00:00,25.8907
2025-09-17 03:00:00,24.0196
2025-09-17 04:00:00,24.9026
2025-09-17 05:00:00,28.4819
2025-09-17 06:00:00,33.2497
2025-09-17 07:00:00,36.731
2025-09-17 08:00:00,36.7153
2025-09-17 09:00:00,45.9368
2025-09-17 10:00:00,57.0332
2025-09-17 11:00:00,65.6321
2025-09-17 12:00:00,52.7811
2025-09-17 13:00:00,45.6763
2025-09-17 14:00:00,32.6047
2025-09-17 15:00:00,36.3326
2025-09-17 16:00:00,35.3758
2025-09-17 17:00:00,46.7442
2025-09-17 18:00:00,60.0539
2025-09-17 19:00:00,73.7045
2025-09-17 20:00:00,77.9657
2025-09-17 21:00:00,74.4724
2025-09-17 22:00:00,60.8614
2025-09-17 23:00:00,48.9761
2025-09-18 00:00:00,32.0707
2025-09-18 01:00:00,29.113
2025-09-18 02:00:00,25.4777
2025-09-18 03:00:00,23.3047
2025-09-18 04:00:00,24.9704
2025-09-18 05:00:00,29.0767
2025-09-18 06:00:00,32.5814
2025-09-18 07:00:00,29.8427
2025-09-18 08:00:00,29.299
2025-09-18 09:00:00,35.3697
2025-09-18 10:00:00,38.0431
2025-09-18 11:00:00,24.1073
2025-09-18 12:00:00,14.1415
2025-09-18 13:00:00,4.9028
2025-09-18 14:00:00,9.0816
2025-09-18 15:00:00,20.736
2025-09-18 16:00:00,32.283
2025-09-18 17:00:00,46.8539
2025-09-18 18:00:00,60.7297
2025-09-18 19:00:00,73.8142
2025-09-18 20:00:00,78.396
2025-09-18 21:00:00,72.2065
2025-09-18 22:00:00,61.2452
2025-09-18 23:00:00,47.1595
2025-09-19 00:00:00,33.0887
2025-09-19 01:00:00,28.6959
2025-09-19 02:00:00,26.2709
2025-09-19 03:00:00,23.88
2025-09-19 04:00:00,25.5038
2025-09-19 05:00:00,28.8969
2025-09-19 06:00:00,31.9516
2025-09-19 07:00:00,24.8283
2025-09-19 08:00:00,19.1372
2025-09-19 09:00:00,18.4199
2025-09-19 10:00:00,25.4025
2025-09-19 11:00:00,34.5403
2025-09-19 12:00:00,19.145
2025-09-19 13:00:00,15.4073
2025-09-19 14:00:00,19.8812
2025-09-19 15:00:00,19.6722
2025-09-19 16:00:00,29.7116
2025-09-19 17:00:00,45.9502
2025-09-19 18:00:00,60.4614
2025-09-19 19:00:00,74.4515
2025-09-19 20:00:00,78.9887
2025-09-19 21:00:00,73.24
2025-09-19 22:00:00,61.0631
2025-09-19 23:00:00,49.1386
2025-09-20 00:00:00,27.9595
2025-09-20 01:00:00,24.9889
2025-09-20 02:00:00,22.1561
2025-09-20 03:00:00,20.6637
2025-09-20 04:00:00,21.3181
2025-09-20 05:00:00,24.6888
2025-09-20 06:00:00,29.3185
2025-09-20 07:00:00,31.0515
2025-09-20 08:00:00,33.1575
2025-09-20 09:00:00,42.4197
2025-09-20 10:00:00,41.3102
2025-09-20 11:00:00,30.1828
2025-09-20 12:00:00,15.8756
2025-09-20 13:00:00,20.1489
2025-09-20 14:00:00,18.5111
2025-09-20 15:00:00,26.8043
2025-09-20 16:00:00,32.7908
2025-09-20 17:00:00,41.1062
2025-09-20 18:00:00,51.8767
2025-09-20 19:00:00,62.0033
2025-09-20 20:00:00,67.3812
2025-09-20 21:00:00,62.0515
2025-09-20 22:00:00,50.7256
2025-09-20 23:00:00,41.925
2025-09-21 00:00:00,28.7039
2025-09-21 01:00:00,24.2192
2025-09-21 02:00:00,22.1176
2025-09-21 03:00:00,20.7424
2025-09-21 04:00:00,21.8391
2025-09-21 05:00:00,24.4324
2025-09-21 06:00:00,27.8469
2025-09-21 07:00:00,32.8681
2025-09-21 08:00:00,36.8778
2025-09-21 09:00:00,46.5647
2025-09-21 10:00:00,54.2965
2025-09-21 11:00:00,52.5527
2025-09-21 12:00:00,43.9604
2025-09-21 13:00:00,33.7562
2025-09-21 14:00:00,33.1564
2025-09-21 15:00:00,31.4799
2025-09-21 16:00:00,32.6116
2025-09-21 17:00:00,39.8173
2025-09-21 18:00:00,53.1427
2025-09-21 19:00:00,63.5875
2025-09-21 20:00:00,69.0181
2025-09-21 21:00:00,62.1923
2025-09-21 22:00:00,53.0963
2025-09-21 23:00:00,41.6092
2025-09-22 00:00:00,33.6611
2025-09-22 01:00:00,29.1457
2025-09-22 02:00:00,25.2004
2025-09-22 03:00:00,24.242
2025-09-22 04:00:00,26.3319
2025-09-22 05:00:00,29.0148
2025-09-22 06:00:00,31.8117
2025-09-22 07:00:00,19.4591
2025-09-22 08:00:00,5.3657
2025-09-22 09:00:00,-0.0668
2025-09-22 10:00:00,-1.6166
2025-09-22 11:00:00,-9.2584
2025-09-22 12:00:00,-15.581
2025-09-22 13:00:00,-24.2616
2025-09-22 14:00:00,-17.445
2025-09-22 15:00:00,-3.7783
2025-09-22 16:00:00,18.9702
2025-09-22 17:00:00,45.8696
2025-09-22 18:00:00,60.6883
2025-09-22 19:00:00,74.2381
2025-09-22 20:00:00,79.0475
2025-09-22 21:00:00,73.8722
2025-09-22 22:00:00,61.4021
2025-09-22 23:00:00,49.2692
2025-09-23 00:00:00,33.4518
2025-09-23 01:00:00,28.357
2025-09-23 02:00:00,25.9405
2025-09-23 03:00:00,24.8835
2025-09-23 04:00:00,25.8404
2025-09-23 05:00:00,29.3634
2025-09-23 06:00:00,31.4029
2025-09-23 07:00:00,27.5857
2025-09-23 08:00:00,20.552
2025-09-23 09:00:00,26.9871
2025-09-23 10:00:00,35.0482
2025-09-23 11:00:00,51.4391
2025-09-23 12:00:00,45.5974
2025-09-23 13:00:00,30.5025
2025-09-23 14:00:00,19.9603
2025-09-23 15:00:00,16.9087
2025-09-23 16:00:00,28.1475
2025-09-23 17:00:00,46.7145
2025-09-23 18:00:00,60.4462
2025-09-23 19:00:00,74.1112
2025-09-23 20:00:00,79.6882
2025-09-23 21:00:00,73.0937
2025-09-23 22:00:00,59.989
2025-09-23 23:00:00,49.0807
2025-09-24 00:00:00,32.3637
2025-09-24 01:00:00,29.5383
2025-09-24 02:00:00,25.4834
2025-09-24 03:00:00,24.0734
2025-09-24 04:00:00,25.6853
2025-09-24 05:00:00,28.9687
2025-09-24 06:00:00,32.1562
2025-09-24 07:00:00,17.9329
2025-09-24 08:00:00,5.4923
2025-09-24 09:00:00,0.9473
2025-09-24 10:00:00,0.1932
2025-09-24 11:00:00,-6.0246
2025-09-24 12:00:00,-14.8453
2025-09-24 13:00:00,-20.8725
2025-09-24 14:00:00,-15.1281
2025-09-24 15:00:00,4.9883
2025-09-24 16:00:00,27.6517
2025-09-24 17:00:00,45.5701
2025-09-24 18:00:00,59.6539
2025-09-24 19:00:00,72.9991
2025-09-24 20:00:00,79.33
2025-09-24 21:00:00,73.5918
2025-09-24 22:00:00,59.7044
2025-09-24 23:00:00,47.4772
2025-09-25 00:00:00,32.2758
2025-09-25 01:00:00,28.7694
2025-09-25 02:00:00,25.5168
2025-09-25 03:00:00,24.5209
2025-09-25 04:00:00,25.7179
2025-09-25 05:00:00,29.6852
2025-09-25 06:00:00,33.7423
2025-09-25 07:00:00,38.5151
2025-09-25 08:00:00,46.1192
2025-09-25 09:00:00,57.1627
2025-09-25 10:00:00,67.4437
2025-09-25 11:00:00,65.7895
2025-09-25 12:00:00,54.849
2025-09-25 13:00:00,41.1468
2025-09-25 14:00:00,40.7587
2025-09-25 15:00:00,39.0742
2025-09-25 16:00:00,38.8041
2025-09-25 17:00:00,47.9817
2025-09-25 18:00:00,59.6622
2025-09-25 19:00:00,72.1938
2025-09-25 20:00:00,77.9896
2025-09-25 21:00:00,74.4336
2025-09-25 22:00:00,60.1416
2025-09-25 23:00:00,47.9241
2025-09-26 00:00:00,32.7127
2025-09-26 01:00:00,28.1014
2025-09-26 02:00:00,25.2178
2025-09-26 03:00:00,24.0542
2025-09-26 04:00:00,25.4471
2025-09-26 05:00:00,28.6557
2025-09-26 06:00:00,32.6766
2025-09-26 07:00:00,37.109
2025-09-26 08:00:00,38.1633
2025-09-26 09:00:00,45.1602
2025-09-26 10:00:00,46.6867
2025-09-26 11:00:00,49.2177
2025-09-26 12:00:00,49.2244
2025-09-26 13:00:00,43.0551
2025-09-26 14:00:00,38.7832
2025-09-26 15:00:00,39.3235
2025-09-26 16:00:00,41.5285
2025-09-26 17:00:00,49.2005
2025-09-26 18:00:00,60.2381
2025-09-26 19:00:00,71.2312
2025-09-26 20:00:00,79.2624
2025-09-26 21:00:00,75.8918
2025-09-26 22:00:00,58.3458
2025-09-26 23:00:00,48.2848
2025-09-27 00:00:00,28.1451
2025-09-27 01:00:00,24.4551
2025-09-27 02:00:00,21.9019
2025-09-27 03:00:00,20.675
2025-09-27 04:00:00,21.7718
2025-09-27 05:00:00,25.2708
2025-09-27 06:00:00,27.819
2025-09-27 07:00:00,32.1916
2025-09-27 08:00:00,40.7366
2025-09-27 09:00:00,48.5757
2025-09-27 10:00:00,55.2613
2025-09-27 11:00:00,56.1872
2025-09-27 12:00:00,47.8693
2025-09-27 13:00:00,38.6338
2025-09-27 14:00:00,34.8152
2025-09-27 15:00:00,32.1122
2025-09-27 16:00:00,34.8616
2025-09-27 17:00:00,42.4528
2025-09-27 18:00:00,50.8477
2025-09-27 19:00:00,62.3732
2025-09-27 20:00:00,67.5497
2025-09-27 21:00:00,62.4484
2025-09-27 22:00:00,51.163
2025-09-27 23:00:00,41.5034
2025-09-28 00:00:00,27.3887
2025-09-28 01:00:00,24.0514
2025-09-28 02:00:00,21.5729
2025-09-28 03:00:00,20.2385
2025-09-28 04:00:00,21.9767
2025-09-28 05:00:00,24.8661
2025-09-28 06:00:00,28.2222
2025-09-28 07:00:00,32.2862
2025-09-28 08:00:00,36.0216
2025-09-28 09:00:00,39.2487
2025-09-28 10:00:00,44.2291
2025-09-28 11:00:00,49.0673
2025-09-28 12:00:00,41.2623
2025-09-28 13:00:00,35.0361
2025-09-28 14:00:00,29.3378
2025-09-28 15:00:00,32.0177
2025-09-28 16:00:00,34.2402
2025-09-28 17:00:00,41.8888
2025-09-28 18:00:00,50.6739
2025-09-28 19:00:00,62.2385
2025-09-28 20:00:00,67.0058
2025-09-28 21:00:00,61.3835
2025-09-28 22:00:00,52.4664
2025-09-28 23:00:00,40.835
2025-09-29 00:00:00,33.5612
2025-09-29 01:00:00,28.1989
2025-09-29 02:00:00,25.8363
2025-09-29 03:00:00,23.3909
2025-09-29 04:00:00,25.5723
2025-09-29 05:00:00,29.4149
2025-09-29 06:00:00,33.5106
2025-09-29 07:00:00,38.0892
2025-09-29 08:00:00,44.4274
2025-09-29 09:00:00,50.4259
2025-09-29 10:00:00,54.8756
2025-09-29 11:00:00,55.4826
2025-09-29 12:00:00,45.7669
2025-09-29 13:00:00,36.3624
2025-09-29 14:00:00,31.4401
2025-09-29 15:00:00,35.3709
2025-09-29 16:00:00,40.0154
2025-09-29 17:00:00,48.5151
2025-09-29 18:00:00,59.5155
2025-09-29 19:00:00,73.0811
2025-09-29 20:00:00,79.7152
2025-09-29 21:00:00,73.3315
2025-09-29 22:00:00,59.9444
2025-09-29 23:00:00,49.6767
2025-09-30 00:00:00,31.917
2025-09-30 01:00:00,29.461
2025-09-30 02:00:00,26.2172
2025-09-30 03:00:00,24.2859
2025-09-30 04:00:00,26.0076
2025-09-30 05:00:00,29.2849
2025-09-30 06:00:00,33.9145
2025-09-30 07:00:00,36.303
2025-09-30 08:00:00,37.8265
2025-09-30 09:00:00,48.8974
2025-09-30 10:00:00,48.2981
2025-09-30 11:00:00,35.7936
2025-09-30 12:00:00,16.7874
2025-09-30 13:00:00,16.9661
2025-09-30 14:00:00,22.371
2025-09-30 15:00:00,25.6153
2025-09-30 16:00:00,34.6889
2025-09-30 17:00:00,45.8186
2025-09-30 18:00:00,60.4856
2025-09-30 19:00:00,74.1978
2025-09-30 20:00:00,81.1085
2025-09-30 21:00:00,72.9182
2025-09-30 22:00:00,62.9195
2025-09-30 23:00:00,48.3026
2025-10-01 00:00:00,28.9527
2025-10-01 01:00:00,26.2723
2025-10-01 02:00:00,23.4137
2025-10-01 03:00:00,21.756
2025-10-01 04:00:00,22.7273
2025-10-01 05:00:00,25.9479
2025-10-01 06:00:00,29.982
2025-10-01 07:00:00,32.7847
2025-10-01 08:00:00,33.4656
2025-10-01 09:00:00,36.2256
2025-10-01 10:00:00,33.1876
2025-10-01 11:00:00,6.8558
2025-10-01 12:00:00,12.5262
2025-10-01 13:00:00,18.8994
2025-10-01 14:00:00,28.275
2025-10-01 15:00:00,31.1775
2025-10-01 16:00:00,37.537
2025-10-01 17:00:00,44.7596
2025-10-01 18:00:00,52.8267
2025-10-01 19:00:00,64.1976
2025-10-01 20:00:00,71.1831
2025-10-01 21:00:00,66.4323
2025-10-01 22:00:00,53.8863
2025-10-01 23:00:00,44.0251
2025-10-02 00:00:00,30.85
2025-10-02 01:00:00,26.5503
2025-10-02 02:00:00,23.6224
2025-10-02 03:00:00,22.0381
2025-10-02 04:00:00,22.8297
2025-10-02 05:00:00,25.7809
2025-10-02 06:00:00,31.371
2025-10-02 07:00:00,33.9732
2025-10-02 08:00:00,37.4665
2025-10-02 09:00:00,43.0809
2025-10-02 10:00:00,42.1079
2025-10-02 11:00:00,41.1351
2025-10-02 12:00:00,32.84
2025-10-02 13:00:00,31.5913
2025-10-02 14:00:00,21.8685
2025-10-02 15:00:00,32.4427
2025-10-02 16:00:00,36.8605
2025-10-02 17:00:00,44.4221
2025-10-02 18:00:00,55.851
2025-10-02 19:00:00,66.7255
2025-10-02 20:00:00,71.8018
2025-10-02 21:00:00,66.8001
2025-10-02 22:00:00,53.8788
2025-10-02 23:00:00,43.926
2025-10-03 00:00:00,29.307
2025-10-03 01:00:00,26.568
2025-10-03 02:00:00,22.3485
2025-10-03 03:00:00,21.6314
2025-10-03 04:00:00,23.1049
2025-10-03 05:00:00,26.6004
2025-10-03 06:00:00,29.5309
2025-10-03 07:00:00,34.7727
2025-10-03 08:00:00,40.1679
2025-10-03 09:00:00,51.276
2025-10-03 10:00:00,59.1812
2025-10-03 11:00:00,54.6899
2025-10-03 12:00:00,48.2775
2025-10-03 13:00:00,40.7186
2025-10-03 14:00:00,34.7057
2025-10-03 15:00:00,34.3081
2025-10-03 16:00:00,36.6286
2025-10-03 17:00:00,43.3827
2025-10-03 18:00:00,55.5534
2025-10-03 19:00:00,67.8978
2025-10-03 20:00:00,71.5532
2025-10-03 21:00:00,66.0826
2025-10-03 22:00:00,53.7993
2025-10-03 23:00:00,44.267
2025-10-04 00:00:00,25.1788
2025-10-04 01:00:00,22.0299
2025-10-04 02:00:00,19.3017
2025-10-04 03:00:00,18.4226
2025-10-04 04:00:00,19.3606
2025-10-04 05:00:00,22.2493
2025-10-04 06:00:00,25.6532
2025-10-04 07:00:00,18.739
2025-10-04 08:00:00,3.5443
2025-10-04 09:00:00,-2.1735
2025-10-04 10:00:00,-14.6669
2025-10-04 11:00:00,-21.5154
2025-10-04 12:00:00,-30.354
2025-10-04 13:00:00,-31.8631
2025-10-04 14:00:00,-18.6425
2025-10-04 15:00:00,-8.7753
2025-10-04 16:00:00,11.5564
2025-10-04 17:00:00,35.3294
2025-10-04 18:00:00,46.3259
2025-10-04 19:00:00,55.877
2025-10-04 20:00:00,61.0713
2025-10-04 21:00:00,55.7445
2025-10-04 22:00:00,45.1323
2025-10-04 23:00:00,36.8326
2025-10-05 00:00:00,25.441
2025-10-05 01:00:00,22.5858
2025-10-05 02:00:00,19.2872
2025-10-05 03:00:00,18.3587
2025-10-05 04:00:00,19.7059
2025-10-05 05:00:00,21.9191
2025-10-05 06:00:00,24.5939
2025-10-05 07:00:00,18.1006
2025-10-05 08:00:00,8.5632
2025-10-05 09:00:00,-3.3937
2025-10-05 10:00:00,-7.9964
2025-10-05 11:00:00,-22.567
2025-10-05 12:00:00,-28.7728
2025-10-05 13:00:00,-27.2976
2025-10-05 14:00:00,-22.4436
2025-10-05 15:00:00,-8.9406
2025-10-05 16:00:00,12.6035
2025-10-05 17:00:00,36.5455
2025-10-05 18:00:00,45.8467
2025-10-05 19:00:00,56.9238
2025-10-05 20:00:00,60.3997
2025-10-05 21:00:00,55.8969
2025-10-05 22:00:00,47.5743
2025-10-05 23:00:00,36.7108
2025-10-06 00:00:00,29.8037
2025-10-06 01:00:00,25.4178
2025-10-06 02:00:00,22.9611
2025-10-06 03:00:00,21.6527
2025-10-06 04:00:00,23.2251
2025-10-06 05:00:00,25.3925
2025-10-06 06:00:00,30.1458
2025-10-06 07:00:00,32.7976
2025-10-06 08:00:00,38.0134
2025-10-06 09:00:00,47.8669
2025-10-06 10:00:00,59.9111
2025-10-06 11:00:00,58.4763
2025-10-06 12:00:00,50.2714
2025-10-06 13:00:00,40.6977
2025-10-06 14:00:00,37.4425
2025-10-06 15:00:00,35.3355
2025-10-06 16:00:00,38.2278
2025-10-06 17:00:00,43.499
2025-10-06 18:00:00,54.2595
2025-10-06 19:00:00,64.96
2025-10-06 20:00:00,68.9567
2025-10-06 21:00:00,66.7294
2025-10-06 22:00:00,54.078
2025-10-06 23:00:00,43.4764
2025-10-07 00:00:00,29.4666
2025-10-07 01:00:00,25.9514
2025-10-07 02:00:00,22.5055
2025-10-07 03:00:00,21.3463
2025-10-07 04:00:00,23.1334
2025-10-07 05:00:00,25.6126
2025-10-07 06:00:00,28.9067
2025-10-07 07:00:00,22.4415
2025-10-07 08:00:00,18.1835
2025-10-07 09:00:00,20.6693
2025-10-07 10:00:00,20.4134
2025-10-07 11:00:00,9.7836
2025-10-07 12:00:00,-13.601
2025-10-07 13:00:00,-12.8917
2025-10-07 14:00:00,-15.6986
2025-10-07 15:00:00,-1.7492
2025-10-07 16:00:00,19.5249
2025-10-07 17:00:00,42.5476
2025-10-07 18:00:00,55.4238
2025-10-07 19:00:00,66.5394
2025-10-07 20:00:00,71.31
2025-10-07 21:00:00,65.1466
2025-10-07 22:00:00,55.3963
2025-10-07 23:00:00,43.4025
2025-10-08 00:00:00,30.017
2025-10-08 01:00:00,26.105
2025-10-08 02:00:00,23.5356
2025-10-08 03:00:00,21.8601
2025-10-08 04:00:00,22.7049
2025-10-08 05:00:00,26.1358
2025-10-08 06:00:00,28.4402
2025-10-08 07:00:00,14.9127
2025-10-08 08:00:00,0.2838
2025-10-08 09:00:00,-4.1781
2025-10-08 10:00:00,-8.037
2025-10-08 11:00:00,-11.6375
2025-10-08 12:00:00,-20.9902
2025-10-08 13:00:00,-25.5079
2025-10-08 14:00:00,-17.9628
2025-10-08 15:00:00,-3.6708
2025-10-08 16:00:00,19.9839
2025-10-08 17:00:00,40.8399
2025-10-08 18:00:00,55.2006
2025-10-08 19:00:00,64.676
2025-10-08 20:00:00,71.0689
2025-10-08 21:00:00,67.0071
2025-10-08 22:00:00,54.6452
2025-10-08 23:00:00,44.1802
2025-10-09 00:00:00,29.3657
2025-10-09 01:00:00,25.7661
2025-10-09 02:00:00,22.8555
2025-10-09 03:00:00,21.5685
2025-10-09 04:00:00,23.1254
2025-10-09 05:00:00,26.864
2025-10-09 06:00:00,27.4819
2025-10-09 07:00:00,16.837
2025-10-09 08:00:00,3.3605
2025-10-09 09:00:00,0.1609
2025-10-09 10:00:00,-4.5975
2025-10-09 11:00:00,-13.9047
2025-10-09 12:00:00,-21.279
2025-10-09 13:00:00,-27.0604
2025-10-09 14:00:00,-19.9149
2025-10-09 15:00:00,-4.5805
2025-10-09 16:00:00,20.0828
2025-10-09 17:00:00,43.3973
2025-10-09 18:00:00,53.7859
2025-10-09 19:00:00,66.5698
2025-10-09 20:00:00,70.738
2025-10-09 21:00:00,65.1542
2025-10-09 22:00:00,52.9203
2025-10-09 23:00:00,42.6919
2025-10-10 00:00:00,30.2679
2025-10-10 01:00:00,25.9572
2025-10-10 02:00:00,23.2273
2025-10-10 03:00:00,22.3015
2025-10-10 04:00:00,23.6453
2025-10-10 05:00:00,26.1801
2025-10-10 06:00:00,29.3493
2025-10-10 07:00:00,15.5764
2025-10-10 08:00:00,1.5345
2025-10-10 09:00:00,-5.8054
2025-10-10 10:00:00,-7.0458
2025-10-10 11:00:00,-13.8294
2025-10-10 12:00:00,-20.7151
2025-10-10 13:00:00,-25.9972
2025-10-10 14:00:00,-19.3876
2025-10-10 15:00:00,-4.4457
2025-10-10 16:00:00,18.9245
2025-10-10 17:00:00,43.1634
2025-10-10 18:00:00,53.9209
2025-10-10 19:00:00,65.9392
2025-10-10 20:00:00,72.0097
2025-10-10 21:00:00,66.8573
2025-10-10 22:00:00,54.5871
2025-10-10 23:00:00,42.9946
2025-10-11 00:00:00,25.5604
2025-10-11 01:00:00,22.2565
2025-10-11 02:00:00,19.7033
2025-10-11 03:00:00,18.1881
2025-10-11 04:00:00,19.556
2025-10-11 05:00:00,22.3979
2025-10-11 06:00:00,23.8044
2025-10-11 07:00:00,10.1773
2025-10-11 08:00:00,-5.8684
2025-10-11 09:00:00,-13.7097
2025-10-11 10:00:00,-19.6011
2025-10-11 11:00:00,-23.6665
2025-10-11 12:00:00,-32.0925
2025-10-11 13:00:00,-34.3036
2025-10-11 14:00:00,-27.5121
2025-10-11 15:00:00,-10.2991
2025-10-11 16:00:00,14.2806
2025-10-11 17:00:00,37.3331
2025-10-11 18:00:00,45.2344
2025-10-11 19:00:00,55.8091
2025-10-11 20:00:00,61.2905
2025-10-11 21:00:00,55.6452
2025-10-11 22:00:00,45.6847
2025-10-11 23:00:00,36.991
2025-10-12 00:00:00,25.1447
2025-10-12 01:00:00,22.3054
2025-10-12 02:00:00,19.6765
2025-10-12 03:00:00,18.5046
2025-10-12 04:00:00,19.2596
2025-10-12 05:00:00,22.6739
2025-10-12 06:00:00,24.7444
2025-10-12 07:00:00,13.8862
2025-10-12 08:00:00,1.0525
2025-10-12 09:00:00,-4.1316
2025-10-12 10:00:00,-8.1042
2025-10-12 11:00:00,-7.5244
2025-10-12 12:00:00,1.5294
2025-10-12 13:00:00,-11.7915
2025-10-12 14:00:00,-8.8288
2025-10-12 15:00:00,4.7317
2025-10-12 16:00:00,21.2379
2025-10-12 17:00:00,36.942
2025-10-12 18:00:00,46.0838
2025-10-12 19:00:00,57.008
2025-10-12 20:00:00,60.5763
2025-10-12 21:00:00,55.2977
2025-10-12 22:00:00,45.4381
2025-10-12 23:00:00,37.5119
2025-10-13 00:00:00,30.4877
2025-10-13 01:00:00,26.2312
2025-10-13 02:00:00,22.4639
2025-10-13 03:00:00,21.6849
2025-10-13 04:00:00,22.8356
2025-10-13 05:00:00,26.9309
2025-10-13 06:00:00,28.9225
2025-10-13 07:00:00,19.7712
2025-10-13 08:00:00,6.7306
2025-10-13 09:00:00,0.0867
2025-10-13 10:00:00,2.2406
2025-10-13 11:00:00,0.6959
2025-10-13 12:00:00,13.8906
2025-10-13 13:00:00,-1.1659
2025-10-13 14:00:00,5.8664
2025-10-13 15:00:00,20.0921
2025-10-13 16:00:00,31.9935
2025-10-13 17:00:00,44.3397
2025-10-13 18:00:00,54.1961
2025-10-13 19:00:00,64.7582
2025-10-13 20:00:00,71.628
2025-10-13 21:00:00,65.9326
2025-10-13 22:00:00,53.397
2025-10-13 23:00:00,43.7174
2025-10-14 00:00:00,31.0192
2025-10-14 01:00:00,26.2381
2025-10-14 02:00:00,22.8168
2025-10-14 03:00:00,21.9125
2025-10-14 04:00:00,23.2736
2025-10-14 05:00:00,25.7048
2025-10-14 06:00:00,28.9013
2025-10-14 07:00:00,14.8603
2025-10-14 08:00:00,-0.4662
2025-10-14 09:00:00,-6.9761
2025-10-14 10:00:00,-4.4772
2025-10-14 11:00:00,-11.4208
2025-10-14 12:00:00,-21.5123
2025-10-14 13:00:00,-27.8434
2025-10-14 14:00:00,14.607
2025-10-14 15:00:00,24.0034
2025-10-14 16:00:00,34.2784
2025-10-14 17:00:00,43.4614
2025-10-14 18:00:00,54.9815
2025-10-14 19:00:00,64.1775
2025-10-14 20:00:00,72.3113
2025-10-14 21:00:00,66.1486
2025-10-14 22:00:00,53.1821
2025-10-14 23:00:00,44.147
2025-10-15 00:00:00,29.8677
2025-10-15 01:00:00,25.6011
2025-10-15 02:00:00,23.1913
2025-10-15 03:00:00,21.827
2025-10-15 04:00:00,23.447
2025-10-15 05:00:00,26.0272
2025-10-15 06:00:00,29.5019
2025-10-15 07:00:00,17.2699
2025-10-15 08:00:00,0.5086
2025-10-15 09:00:00,1.3717
2025-10-15 10:00:00,0.7793
2025-10-15 11:00:00,-10.8438
2025-10-15 12:00:00,-22.9522
2025-10-15 13:00:00,-28.741
2025-10-15 14:00:00,-21.4373
2025-10-15 15:00:00,-3.9416
2025-10-15 16:00:00,19.4474
2025-10-15 17:00:00,43.8575
2025-10-15 18:00:00,56.156
2025-10-15 19:00:00,66.3916
2025-10-15 20:00:00,72.4526
2025-10-15 21:00:00,65.9706
2025-10-15 22:00:00,53.6528
2025-10-15 23:00:00,43.1017
2025-10-16 00:00:00,30.1251
2025-10-16 01:00:00,26.5091
2025-10-16 02:00:00,23.1701
2025-10-16 03:00:00,22.1503
2025-10-16 04:00:00,22.7855
2025-10-16 05:00:00,26.0581
2025-10-16 06:00:00,29.9135
2025-10-16 07:00:00,14.9241
2025-10-16 08:00:00,-0.1923
2025-10-16 09:00:00,-6.4315
2025-10-16 10:00:00,-7.5804
2025-10-16 11:00:00,-14.4913
2025-10-16 12:00:00,-22.0925
2025-10-16 13:00:00,-26.6871
2025-10-16 14:00:00,-20.5398
2025-10-16 15:00:00,-3.2462
2025-10-16 16:00:00,21.738
2025-10-16 17:00:00,43.6772
2025-10-16 18:00:00,56.399
2025-10-16 19:00:00,66.5586
2025-10-16 20:00:00,71.4318
2025-10-16 21:00:00,63.5002
2025-10-16 22:00:00,52.671
2025-10-16 23:00:00,44.1573
2025-10-17 00:00:00,30.5288
2025-10-17 01:00:00,25.501
2025-10-17 02:00:00,22.6284
2025-10-17 03:00:00,21.6522
2025-10-17 04:00:00,23.6923
2025-10-17 05:00:00,26.3709
2025-10-17 06:00:00,29.9212
2025-10-17 07:00:00,15.3937
2025-10-17 08:00:00,1.2588
2025-10-17 09:00:00,-5.7154
2025-10-17 10:00:00,-3.8636
2025-10-17 11:00:00,-10.4809
2025-10-17 12:00:00,-19.5341
2025-10-17 13:00:00,-25.1934
2025-10-17 14:00:00,-18.3867
2025-10-17 15:00:00,-2.1499
2025-10-17 16:00:00,21.2765
2025-10-17 17:00:00,43.0448
2025-10-17 18:00:00,55.7005
2025-10-17 19:00:00,65.5463
2025-10-17 20:00:00,70.6595
2025-10-17 21:00:00,66.156
2025-10-17 22:00:00,54.7434
2025-10-17 23:00:00,43.3635
2025-10-18 00:00:00,25.3778
2025-10-18 01:00:00,22.1354
2025-10-18 02:00:00,19.6423
2025-10-18 03:00:00,18.3963
2025-10-18 04:00:00,19.1479
2025-10-18 05:00:00,22.4023
2025-10-18 06:00:00,25.8358
2025-10-18 07:00:00,24.7875
2025-10-18 08:00:00,13.7558
2025-10-18 09:00:00,6.432
2025-10-18 10:00:00,-5.1224
2025-10-18 11:00:00,-14.1261
2025-10-18 12:00:00,-25.3625
2025-10-18 13:00:00,-29.3224
2025-10-18 14:00:00,-4.6215
2025-10-18 15:00:00,10.3808
2025-10-18 16:00:00,19.0435
2025-10-18 17:00:00,36.7479
2025-10-18 18:00:00,46.7412
2025-10-18 19:00:00,55.943
2025-10-18 20:00:00,61.525
2025-10-18 21:00:00,55.3456
2025-10-18 22:00:00,45.8374
2025-10-18 23:00:00,35.9772
2025-10-19 00:00:00,25.7918
2025-10-19 01:00:00,21.6078
2025-10-19 02:00:00,19.5253
2025-10-19 03:00:00,19.0842
2025-10-19 04:00:00,19.6417
2025-10-19 05:00:00,22.5098
2025-10-19 06:00:00,25.668
2025-10-19 07:00:00,14.6638
2025-10-19 08:00:00,3.9551
2025-10-19 09:00:00,1.0287
2025-10-19 10:00:00,-4.6573
2025-10-19 11:00:00,-10.2888
2025-10-19 12:00:00,-20.2955
2025-10-19 13:00:00,-27.5013
2025-10-19 14:00:00,-15.134
2025-10-19 15:00:00,-5.8737
2025-10-19 16:00:00,20.3416
2025-10-19 17:00:00,37.5485
2025-10-19 18:00:00,46.0195
2025-10-19 19:00:00,57.0333
2025-10-19 20:00:00,59.7344
2025-10-19 21:00:00,56.1082
2025-10-19 22:00:00,46.7775
2025-10-19 23:00:00,37.7958
2025-10-20 00:00:00,29.8977
2025-10-20 01:00:00,25.8414
2025-10-20 02:00:00,23.3293
2025-10-20 03:00:00,21.5421
2025-10-20 04:00:00,22.582
2025-10-20 05:00:00,26.1521
2025-10-20 06:00:00,30.1032
2025-10-20 07:00:00,31.2401
2025-10-20 08:00:00,27.5688
2025-10-20 09:00:00,28.7612
2025-10-20 10:00:00,20.2908
2025-10-20 11:00:00,2.1272
2025-10-20 12:00:00,-3.6495
2025-10-20 13:00:00,5.1199
2025-10-20 14:00:00,10.2239
2025-10-20 15:00:00,27.9909
2025-10-20 16:00:00,36.5422
2025-10-20 17:00:00,43.8984
2025-10-20 18:00:00,54.7849
2025-10-20 19:00:00,64.3305
2025-10-20 20:00:00,70.4346
2025-10-20 21:00:00,66.6903
2025-10-20 22:00:00,55.2714
2025-10-20 23:00:00,44.0108
2025-10-21 00:00:00,29.0862
2025-10-21 01:00:00,25.8198
2025-10-21 02:00:00,23.1905
2025-10-21 03:00:00,21.4963
2025-10-21 04:00:00,22.9431
2025-10-21 05:00:00,26.3467
2025-10-21 06:00:00,30.3116
2025-10-21 07:00:00,31.2429
2025-10-21 08:00:00,27.1609
2025-10-21 09:00:00,22.4637
2025-10-21 10:00:00,21.6928
2025-10-21 11:00:00,7.9225
2025-10-21 12:00:00,2.8493
2025-10-21 13:00:00,-1.6695
2025-10-21 14:00:00,21.4049
2025-10-21 15:00:00,23.1519
2025-10-21 16:00:00,31.9266
2025-10-21 17:00:00,43.3249
2025-10-21 18:00:00,54.1993
2025-10-21 19:00:00,65.3315
2025-10-21 20:00:00,69.178
2025-10-21 21:00:00,65.7625
2025-10-21 22:00:00,53.3478
2025-10-21 23:00:00,44.1462
2025-10-22 00:00:00,29.6503
2025-10-22 01:00:00,25.8156
2025-10-22 02:00:00,22.9165
2025-10-22 03:00:00,22.142
2025-10-22 04:00:00,23.2723
2025-10-22 05:00:00,26.3511
2025-10-22 06:00:00,30.4537
2025-10-22 07:00:00,19.7331
2025-10-22 08:00:00,4.0596
2025-10-22 09:00:00,-1.721
2025-10-22 10:00:00,-3.5128
2025-10-22 11:00:00,-10.0508
2025-10-22 12:00:00,-20.8612
2025-10-22 13:00:00,-18.5548
2025-10-22 14:00:00,-8.5671
2025-10-22 15:00:00,6.7388
2025-10-22 16:00:00,28.9194
2025-10-22 17:00:00,41.7942
2025-10-22 18:00:00,54.8477
2025-10-22 19:00:00,66.4839
2025-10-22 20:00:00,73.7799
2025-10-22 21:00:00,65.5094
2025-10-22 22:00:00,54.7238
2025-10-22 23:00:00,44.1753
2025-10-23 00:00:00,30.2197
2025-10-23 01:00:00,26.636
2025-10-23 02:00:00,23.3114
2025-10-23 03:00:00,21.3191
2025-10-23 04:00:00,22.509
2025-10-23 05:00:00,26.5086
2025-10-23 06:00:00,30.821
2025-10-23 07:00:00,15.2831
2025-10-23 08:00:00,-0.7544
2025-10-23 09:00:00,-6.5273
2025-10-23 10:00:00,-9.5443
2025-10-23 11:00:00,-14.7974
2025-10-23 12:00:00,-21.8452
2025-10-23 13:00:00,-25.2375
2025-10-23 14:00:00,-18.6751
2025-10-23 15:00:00,-1.4051
2025-10-23 16:00:00,22.9008
2025-10-23 17:00:00,44.2024
2025-10-23 18:00:00,54.6727
2025-10-23 19:00:00,66.9587
2025-10-23 20:00:00,71.2183
2025-10-23 21:00:00,67.8778
2025-10-23 22:00:00,53.3129
2025-10-23 23:00:00,44.2401
2025-10-24 00:00:00,29.6204
2025-10-24 01:00:00,25.7641
2025-10-24 02:00:00,23.5532
2025-10-24 03:00:00,21.4413
2025-10-24 04:00:00,22.8377
2025-10-24 05:00:00,26.2878
2025-10-24 06:00:00,30.346
2025-10-24 07:00:00,21.0798
2025-10-24 08:00:00,8.519
2025-10-24 09:00:00,3.6011
2025-10-24 10:00:00,6.4023
2025-10-24 11:00:00,0.6013
2025-10-24 12:00:00,-7.8319
2025-10-24 13:00:00,-14.6397
2025-10-24 14:00:00,-12.1519
2025-10-24 15:00:00,5.0777
2025-10-24 16:00:00,27.9361
2025-10-24 17:00:00,45.0884
2025-10-24 18:00:00,54.0028
2025-10-24 19:00:00,65.9708
2025-10-24 20:00:00,72.3107
2025-10-24 21:00:00,66.3344
2025-10-24 22:00:00,54.7606
2025-10-24 23:00:00,44.0252
2025-10-25 00:00:00,26.0987
2025-10-25 01:00:00,21.599
2025-10-25 02:00:00,19.4085
2025-10-25 03:00:00,18.3314
2025-10-25 04:00:00,19.5159
2025-10-25 05:00:00,22.7559
2025-10-25 06:00:00,24.511
2025-10-25 07:00:00,13.5679
2025-10-25 08:00:00,-1.9642
2025-10-25 09:00:00,-11.1143
2025-10-25 10:00:00,-14.5853
2025-10-25 11:00:00,-20.1001
2025-10-25 12:00:00,-28.9772
2025-10-25 13:00:00,-31.5665
2025-10-25 14:00:00,-23.151
2025-10-25 15:00:00,-6.4226
2025-10-25 16:00:00,17.7341
2025-10-25 17:00:00,37.4506
2025-10-25 18:00:00,47.1369
2025-10-25 19:00:00,55.9348
2025-10-25 20:00:00,60.8826
2025-10-25 21:00:00,55.4876
2025-10-25 22:00:00,45.2832
2025-10-25 23:00:00,36.9451
2025-10-26 00:00:00,25.1657
2025-10-26 01:00:00,22.5755
2025-10-26 02:00:00,19.6963
2025-10-26 03:00:00,18.2549
2025-10-26 04:00:00,19.9867
2025-10-26 05:00:00,22.8439
2025-10-26 06:00:00,25.7585
2025-10-26 07:00:00,15.6369
2025-10-26 08:00:00,-1.0745
2025-10-26 09:00:00,-11.2469
2025-10-26 10:00:00,-12.0064
2025-10-26 11:00:00,-19.7946
2025-10-26 12:00:00,-26.0322
2025-10-26 13:00:00,-28.4166
2025-10-26 14:00:00,-21.466
2025-10-26 15:00:00,-3.8631
2025-10-26 16:00:00,20.9744
2025-10-26 17:00:00,38.5133
2025-10-26 18:00:00,45.4112
2025-10-26 19:00:00,56.2722
2025-10-26 20:00:00,60.7262
2025-10-26 21:00:00,56.4703
2025-10-26 22:00:00,46.6862
2025-10-26 23:00:00,36.9454
2025-10-27 00:00:00,28.7711
2025-10-27 01:00:00,26.2938
2025-10-27 02:00:00,22.9414
2025-10-27 03:00:00,21.5158
2025-10-27 04:00:00,23.1291
2025-10-27 05:00:00,25.6603
2025-10-27 06:00:00,29.7794
2025-10-27 07:00:00,19.8268
2025-10-27 08:00:00,8.0118
2025-10-27 09:00:00,-0.2585
2025-10-27 10:00:00,4.4845
2025-10-27 11:00:00,0.5605
2025-10-27 12:00:00,-9.6615
2025-10-27 13:00:00,-12.8892
2025-10-27 14:00:00,5.3654
2025-10-27 15:00:00,19.8221
2025-10-27 16:00:00,33.5453
2025-10-27 17:00:00,43.6904
2025-10-27 18:00:00,53.5262
2025-10-27 19:00:00,65.8351
2025-10-27 20:00:00,68.7578
2025-10-27 21:00:00,65.3297
2025-10-27 22:00:00,53.5739
2025-10-27 23:00:00,44.3932
2025-10-28 00:00:00,29.6412
2025-10-28 01:00:00,25.8597
2025-10-28 02:00:00,22.3553
2025-10-28 03:00:00,21.7346
2025-10-28 04:00:00,22.5645
2025-10-28 05:00:00,26.4362
2025-10-28 06:00:00,30.3491
2025-10-28 07:00:00,24.6444
2025-10-28 08:00:00,8.7829
2025-10-28 09:00:00,-0.9844
2025-10-28 10:00:00,3.1509
2025-10-28 11:00:00,-1.7675
2025-10-28 12:00:00,-13.3164
2025-10-28 13:00:00,-19.3849
2025-10-28 14:00:00,-6.2203
2025-10-28 15:00:00,8.8114
2025-10-28 16:00:00,32.684
2025-10-28 17:00:00,43.2116
2025-10-28 18:00:00,55.1864
2025-10-28 19:00:00,65.891
2025-10-28 20:00:00,70.4102
2025-10-28 21:00:00,66.0706
2025-10-28 22:00:00,54.1612
2025-10-28 23:00:00,42.8328
2025-10-29 00:00:00,30.2994
2025-10-29 01:00:00,26.2488
2025-10-29 02:00:00,23.0117
2025-10-29 03:00:00,21.7249
2025-10-29 04:00:00,23.3001
2025-10-29 05:00:00,26.0941
2025-10-29 06:00:00,30.0314
2025-10-29 07:00:00,17.9312
2025-10-29 08:00:00,2.9709
2025-10-29 09:00:00,-3.143
2025-10-29 10:00:00,-6.2578
2025-10-29 11:00:00,-9.4619
2025-10-29 12:00:00,-17.3952
2025-10-29 13:00:00,-23.1341
2025-10-29 14:00:00,-17.0606
2025-10-29 15:00:00,1.2449
2025-10-29 16:00:00,24.616
2025-10-29 17:00:00,44.1231
2025-10-29 18:00:00,54.0009
2025-10-29 19:00:00,67.8386
2025-10-29 20:00:00,72.5388
2025-10-29 21:00:00,66.8238
2025-10-29 22:00:00,53.8524
2025-10-29 23:00:00,44.8558
2025-10-30 00:00:00,29.6352
2025-10-30 01:00:00,25.5601
2025-10-30 02:00:00,22.8072
2025-10-30 03:00:00,21.4218
2025-10-30 04:00:00,22.9941
2025-10-30 05:00:00,25.9559
2025-10-30 06:00:00,30.3856
2025-10-30 07:00:00,27.6402
2025-10-30 08:00:00,20.8907
2025-10-30 09:00:00,12.6078
2025-10-30 10:00:00,11.2217
2025-10-30 11:00:00,-2.1909
2025-10-30 12:00:00,-17.9277
2025-10-30 13:00:00,-20.8246
2025-10-30 14:00:00,-9.4372
2025-10-30 15:00:00,3.9159
2025-10-30 16:00:00,25.6282
2025-10-30 17:00:00,42.2821
2025-10-30 18:00:00,53.6091
2025-10-30 19:00:00,65.1058
2025-10-30 20:00:00,69.9185
2025-10-30 21:00:00,67.6218
2025-10-30 22:00:00,55.3864
2025-10-30 23:00:00,45.2432
2025-10-31 00:00:00,29.8102
2025-10-31 01:00:00,26.511
2025-10-31 02:00:00,22.8344
2025-10-31 03:00:00,21.6256
2025-10-31 04:00:00,22.7518
2025-10-31 05:00:00,26.2271
2025-10-31 06:00:00,30.1204
2025-10-31 07:00:00,18.6435
2025-10-31 08:00:00,2.1472
2025-10-31 09:00:00,-4.4054
2025-10-31 10:00:00,-6.4299
2025-10-31 11:00:00,-12.8712
2025-10-31 12:00:00,-20.7946
2025-10-31 13:00:00,-23.2858
2025-10-31 14:00:00,-16.833
2025-10-31 15:00:00,0.4434
2025-10-31 16:00:00,26.6068
2025-10-31 17:00:00,43.3575
2025-10-31 18:00:00,53.176
2025-10-31 19:00:00,65.112
2025-10-31 20:00:00,72.4299
2025-10-31 21:00:00,67.0682
2025-10-31 22:00:00,56.2301
2025-10-31 23:00:00,43.1274
2025-11-01 00:00:00,26.0326
2025-11-01 01:00:00,22.9665
2025-11-01 02:00:00,19.9655
2025-11-01 03:00:00,18.8969
2025-11-01 04:00:00,19.9702
2025-11-01 05:00:00,22.7376
2025-11-01 06:00:00,26.4977
2025-11-01 07:00:00,15.3021
2025-11-01 08:00:00,-0.9628
2025-11-01 09:00:00,-8.2356
2025-11-01 10:00:00,-9.8622
2025-11-01 11:00:00,-16.88
2025-11-01 12:00:00,-25.2459
2025-11-01 13:00:00,-27.4211
2025-11-01 14:00:00,-17.9146
2025-11-01 15:00:00,1.8506
2025-11-01 16:00:00,22.8688
2025-11-01 17:00:00,37.9776
2025-11-01 18:00:00,47.6696
2025-11-01 19:00:00,58.1686
2025-11-01 20:00:00,60.574
2025-11-01 21:00:00,56.7377
2025-11-01 22:00:00,45.7637
2025-11-01 23:00:00,38.2619
2025-11-02 00:00:00,26.26
2025-11-02 01:00:00,22.7479
2025-11-02 02:00:00,20.6367
2025-11-02 03:00:00,18.8928
2025-11-02 04:00:00,20.0791
2025-11-02 05:00:00,23.1711
2025-11-02 06:00:00,26.0094
2025-11-02 07:00:00,21.7939
2025-11-02 08:00:00,8.5332
2025-11-02 09:00:00,9.7612
2025-11-02 10:00:00,13.23
2025-11-02 11:00:00,-0.9095
2025-11-02 12:00:00,-14.387
2025-11-02 13:00:00,-17.7206
2025-11-02 14:00:00,-9.6019
2025-11-02 15:00:00,4.8474
2025-11-02 16:00:00,25.4102
2025-11-02 17:00:00,37.8884
2025-11-02 18:00:00,47.0127
2025-11-02 19:00:00,58.0586
2025-11-02 20:00:00,62.7101
2025-11-02 21:00:00,56.684
2025-11-02 22:00:00,48.7276
2025-11-02 23:00:00,38.0831
2025-11-03 00:00:00,30.2248
2025-11-03 01:00:00,26.7495
2025-11-03 02:00:00,23.759
2025-11-03 03:00:00,22.3207
2025-11-03 04:00:00,23.2567
2025-11-03 05:00:00,26.3474
2025-11-03 06:00:00,31.2962
2025-11-03 07:00:00,21.0634
2025-11-03 08:00:00,9.2071
2025-11-03 09:00:00,3.0663
2025-11-03 10:00:00,3.2485
2025-11-03 11:00:00,-3.4901
2025-11-03 12:00:00,-12.8344
2025-11-03 13:00:00,-17.5183
2025-11-03 14:00:00,-10.7435
2025-11-03 15:00:00,5.8256
2025-11-03 16:00:00,29.8838
2025-11-03 17:00:00,45.1994
2025-11-03 18:00:00,54.9328
2025-11-03 19:00:00,68.6309
2025-11-03 20:00:00,69.9353
2025-11-03 21:00:00,66.8754
2025-11-03 22:00:00,55.9819
2025-11-03 23:00:00,46.0207
2025-11-04 00:00:00,29.9426
2025-11-04 01:00:00,26.6254
2025-11-04 02:00:00,23.4974
2025-11-04 03:00:00,22.4077
2025-11-04 04:00:00,23.3451
2025-11-04 05:00:00,26.3147
2025-11-04 06:00:00,30.8289
2025-11-04 07:00:00,25.2369
2025-11-04 08:00:00,13.2735
2025-11-04 09:00:00,11.6604
2025-11-04 10:00:00,12.2774
2025-11-04 11:00:00,8.3457
2025-11-04 12:00:00,4.9544
2025-11-04 13:00:00,7.561
2025-11-04 14:00:00,11.5392
2025-11-04 15:00:00,23.454
2025-11-04 16:00:00,33.0802
2025-11-04 17:00:00,43.595
2025-11-04 18:00:00,55.7082
2025-11-04 19:00:00,67.9633
2025-11-04 20:00:00,73.14
2025-11-04 21:00:00,67.4816
2025-11-04 22:00:00,55.636
2025-11-04 23:00:00,44.8906
2025-11-05 00:00:00,30.6656
2025-11-05 01:00:00,26.8787
2025-11-05 02:00:00,23.9505
2025-11-05 03:00:00,22.1254
2025-11-05 04:00:00,23.3163
2025-11-05 05:00:00,27.4332
2025-11-05 06:00:00,30.4646
2025-11-05 07:00:00,34.1551
2025-11-05 08:00:00,41.0954
2025-11-05 09:00:00,53.2191
2025-11-05 10:00:00,61.665
2025-11-05 11:00:00,60.4177
2025-11-05 12:00:00,47.3688
2025-11-05 13:00:00,39.305
2025-11-05 14:00:00,33.888
2025-11-05 15:00:00,34.2959
2025-11-05 16:00:00,39.9828
2025-11-05 17:00:00,44.57
2025-11-05 18:00:00,54.9086
2025-11-05 19:00:00,67.5328
2025-11-05 20:00:00,73.0523
2025-11-05 21:00:00,68.5084
2025-11-05 22:00:00,56.8901
2025-11-05 23:00:00,43.9282
2025-11-06 00:00:00,29.9674
2025-11-06 01:00:00,26.1187
2025-11-06 02:00:00,23.3992
2025-11-06 03:00:00,22.6104
2025-11-06 04:00:00,23.5343
2025-11-06 05:00:00,27.604
2025-11-06 06:00:00,30.9316
2025-11-06 07:00:00,22.5456
2025-11-06 08:00:00,14.8958
2025-11-06 09:00:00,9.1792
2025-11-06 10:00:00,4.0803
2025-11-06 11:00:00,-0.296
2025-11-06 12:00:00,-15.4152
2025-11-06 13:00:00,-22.4104
2025-11-06 14:00:00,-17.1908
2025-11-06 15:00:00,3.0499
2025-11-06 16:00:00,27.081
2025-11-06 17:00:00,45.9303
2025-11-06 18:00:00,55.5499
2025-11-06 19:00:00,67.7506
2025-11-06 20:00:00,72.2373
2025-11-06 21:00:00,68.529
2025-11-06 22:00:00,53.6217
2025-11-06 23:00:00,44.5132
2025-11-07 00:00:00,29.9878
2025-11-07 01:00:00,26.8465
2025-11-07 02:00:00,23.5638
2025-11-07 03:00:00,22.782
2025-11-07 04:00:00,23.8226
2025-11-07 05:00:00,27.0599
2025-11-07 06:00:00,30.1047
2025-11-07 07:00:00,20.1135
2025-11-07 08:00:00,4.8022
2025-11-07 09:00:00,-2.7953
2025-11-07 10:00:00,-2.6843
2025-11-07 11:00:00,-8.5128
2025-11-07 12:00:00,-16.4294
2025-11-07 13:00:00,-19.564
2025-11-07 14:00:00,-12.8928
2025-11-07 15:00:00,5.185
2025-11-07 16:00:00,28.1256
2025-11-07 17:00:00,45.6813
2025-11-07 18:00:00,57.0582
2025-11-07 19:00:00,68.0687
2025-11-07 20:00:00,72.3754
2025-11-07 21:00:00,68.009
2025-11-07 22:00:00,56.1449
2025-11-07 23:00:00,45.4975
2025-11-08 00:00:00,25.1056
2025-11-08 01:00:00,22.708
2025-11-08 02:00:00,20.0811
2025-11-08 03:00:00,19.0635
2025-11-08 04:00:00,20.1531
2025-11-08 05:00:00,22.525
2025-11-08 06:00:00,26.7524
2025-11-08 07:00:00,16.2822
2025-11-08 08:00:00,-0.1243
2025-11-08 09:00:00,-8.2909
2025-11-08 10:00:00,-11.7031
2025-11-08 11:00:00,-16.433
2025-11-08 12:00:00,-24.8977
2025-11-08 13:00:00,-27.1385
2025-11-08 14:00:00,-6.6917
2025-11-08 15:00:00,5.773
2025-11-08 16:00:00,26.0651
2025-11-08 17:00:00,38.0184
2025-11-08 18:00:00,48.1673
2025-11-08 19:00:00,57.6803
2025-11-08 20:00:00,61.6313
2025-11-08 21:00:00,57.2727
2025-11-08 22:00:00,48.3474
2025-11-08 23:00:00,36.9279
2025-11-09 00:00:00,25.7628
2025-11-09 01:00:00,22.6948
2025-11-09 02:00:00,19.6828
2025-11-09 03:00:00,19.2584
2025-11-09 04:00:00,20.0046
2025-11-09 05:00:00,22.6243
2025-11-09 06:00:00,25.9065
2025-11-09 07:00:00,19.3882
2025-11-09 08:00:00,7.6628
2025-11-09 09:00:00,4.1256
2025-11-09 10:00:00,-2.5697
2025-11-09 11:00:00,-5.7613
2025-11-09 12:00:00,-5.7739
2025-11-09 13:00:00,4.3334
2025-11-09 14:00:00,-6.8643
2025-11-09 15:00:00,5.5635
2025-11-09 16:00:00,24.201
2025-11-09 17:00:00,38.7983
2025-11-09 18:00:00,47.3997
2025-11-09 19:00:00,57.3721
2025-11-09 20:00:00,60.5087
2025-11-09 21:00:00,57.4053
2025-11-09 22:00:00,47.2642
2025-11-09 23:00:00,38.8296
2025-11-10 00:00:00,30.1089
2025-11-10 01:00:00,26.708
2025-11-10 02:00:00,23.2871
2025-11-10 03:00:00,22.5512
2025-11-10 04:00:00,23.8796
2025-11-10 05:00:00,27.2256
2025-11-10 06:00:00,30.3227
2025-11-10 07:00:00,25.3075
2025-11-10 08:00:00,13.6882
2025-11-10 09:00:00,10.1778
2025-11-10 10:00:00,9.1085
2025-11-10 11:00:00,9.8447
2025-11-10 12:00:00,4.254
2025-11-10 13:00:00,0.0905
2025-11-10 14:00:00,-5.0667
2025-11-10 15:00:00,10.5831
2025-11-10 16:00:00,31.4736
2025-11-10 17:00:00,43.9215
2025-11-10 18:00:00,55.1024
2025-11-10 19:00:00,67.2952
2025-11-10 20:00:00,72.9559
2025-11-10 21:00:00,67.347
2025-11-10 22:00:00,54.5292
2025-11-10 23:00:00,44.4651
2025-11-11 00:00:00,30.6414
2025-11-11 01:00:00,27.4576
2025-11-11 02:00:00,23.8403
2025-11-11 03:00:00,22.2786
2025-11-11 04:00:00,23.4444
2025-11-11 05:00:00,26.7524
2025-11-11 06:00:00,30.1743
2025-11-11 07:00:00,28.5931
2025-11-11 08:00:00,16.7205
2025-11-11 09:00:00,2.4273
2025-11-11 10:00:00,-2.6509
2025-11-11 11:00:00,-8.6312
2025-11-11 12:00:00,-14.8383
2025-11-11 13:00:00,-19.4808
2025-11-11 14:00:00,-12.1967
2025-11-11 15:00:00,5.5288
2025-11-11 16:00:00,28.0184
2025-11-11 17:00:00,44.2257
2025-11-11 18:00:00,56.027
2025-11-11 19:00:00,67.9894
2025-11-11 20:00:00,72.1567
2025-11-11 21:00:00,69.2641
2025-11-11 22:00:00,55.7381
2025-11-11 23:00:00,44.7706
2025-11-12 00:00:00,29.9707
2025-11-12 01:00:00,26.664
2025-11-12 02:00:00,23.6137
2025-11-12 03:00:00,22.5955
2025-11-12 04:00:00,23.1743
2025-11-12 05:00:00,27.0099
2025-11-12 06:00:00,30.7282
2025-11-12 07:00:00,24.7954
2025-11-12 08:00:00,15.3057
2025-11-12 09:00:00,13.9793
2025-11-12 10:00:00,18.1552
2025-11-12 11:00:00,0.7943
2025-11-12 12:00:00,-14.8265
2025-11-12 13:00:00,-18.6695
2025-11-12 14:00:00,-4.8436
2025-11-12 15:00:00,8.5497
2025-11-12 16:00:00,32.0784
2025-11-12 17:00:00,43.5274
2025-11-12 18:00:00,55.2027
2025-11-12 19:00:00,66.4045
2025-11-12 20:00:00,75.3721
2025-11-12 21:00:00,67.4008
2025-11-12 22:00:00,55.2872
2025-11-12 23:00:00,43.3956
2025-11-13 00:00:00,30.1818
2025-11-13 01:00:00,26.755
2025-11-13 02:00:00,23.3183
2025-11-13 03:00:00,22.8197
2025-11-13 04:00:00,23.8924
2025-11-13 05:00:00,26.5273
2025-11-13 06:00:00,30.4314
2025-11-13 07:00:00,31.2933
2025-11-13 08:00:00,29.3218
2025-11-13 09:00:00,21.5057
2025-11-13 10:00:00,10.3959
2025-11-13 11:00:00,20.0653
2025-11-13 12:00:00,27.4889
2025-11-13 13:00:00,35.0896
2025-11-13 14:00:00,35.2776
2025-11-13 15:00:00,36.8124
2025-11-13 16:00:00,39.1617
2025-11-13 17:00:00,44.9884
2025-11-13 18:00:00,56.6062
2025-11-13 19:00:00,65.7873
2025-11-13 20:00:00,72.6063
2025-11-13 21:00:00,68.8832
2025-11-13 22:00:00,55.4462
2025-11-13 23:00:00,45.2677
2025-11-14 00:00:00,30.6408
2025-11-14 01:00:00,27.3927
2025-11-14 02:00:00,23.6572
2025-11-14 03:00:00,22.628
2025-11-14 04:00:00,23.0945
2025-11-14 05:00:00,27.3288
2025-11-14 06:00:00,31.1758
2025-11-14 07:00:00,29.6627
2025-11-14 08:00:00,12.0913
2025-11-14 09:00:00,3.1662
2025-11-14 10:00:00,3.2757
2025-11-14 11:00:00,7.3292
2025-11-14 12:00:00,12.3478
2025-11-14 13:00:00,9.9747
2025-11-14 14:00:00,7.3319
2025-11-14 15:00:00,20.8941
2025-11-14 16:00:00,36.3043
2025-11-14 17:00:00,44.2113
2025-11-14 18:00:00,56.4827
2025-11-14 19:00:00,67.3418
2025-11-14 20:00:00,73.3638
2025-11-14 21:00:00,66.9803
2025-11-14 22:00:00,54.9731
2025-11-14 23:00:00,45.119
2025-11-15 00:00:00,25.4693
2025-11-15 01:00:00,22.4168
2025-11-15 02:00:00,20.374
2025-11-15 03:00:00,18.7333
2025-11-15 04:00:00,20.3277
2025-11-15 05:00:00,23.1153
2025-11-15 06:00:00,26.6071
2025-11-15 07:00:00,20.7699
2025-11-15 08:00:00,9.5366
2025-11-15 09:00:00,6.0099
2025-11-15 10:00:00,5.6072
2025-11-15 11:00:00,-10.4385
2025-11-15 12:00:00,-13.4422
2025-11-15 13:00:00,-19.4789
2025-11-15 14:00:00,-16.642
2025-11-15 15:00:00,1.2738
2025-11-15 16:00:00,23.6987
2025-11-15 17:00:00,38.2291
2025-11-15 18:00:00,46.2362
2025-11-15 19:00:00,57.3165
2025-11-15 20:00:00,63.4728
2025-11-15 21:00:00,58.019
2025-11-15 22:00:00,46.138
2025-11-15 23:00:00,37.8705
2025-11-16 00:00:00,25.6932
2025-11-16 01:00:00,22.6295
2025-11-16 02:00:00,20.1905
2025-11-16 03:00:00,18.4435
2025-11-16 04:00:00,20.1647
2025-11-16 05:00:00,22.3338
2025-11-16 06:00:00,26.5064
2025-11-16 07:00:00,28.9308
2025-11-16 08:00:00,27.8303
2025-11-16 09:00:00,27.439
2025-11-16 10:00:00,25.6751
2025-11-16 11:00:00,4.5707
2025-11-16 12:00:00,-14.6713
2025-11-16 13:00:00,-23.6163
2025-11-16 14:00:00,-19.2917
2025-11-16 15:00:00,-0.2637
2025-11-16 16:00:00,22.8268
2025-11-16 17:00:00,37.8688
2025-11-16 18:00:00,46.6395
2025-11-16 19:00:00,57.1878
2025-11-16 20:00:00,61.1715
2025-11-16 21:00:00,58.0726
2025-11-16 22:00:00,46.2114
2025-11-16 23:00:00,37.8881
2025-11-17 00:00:00,29.7048
2025-11-17 01:00:00,26.6121
2025-11-17 02:00:00,23.856
2025-11-17 03:00:00,22.5075
2025-11-17 04:00:00,22.4098
2025-11-17 05:00:00,26.7543
2025-11-17 06:00:00,30.9301
2025-11-17 07:00:00,30.2924
2025-11-17 08:00:00,18.2116
2025-11-17 09:00:00,2.7187
2025-11-17 10:00:00,-0.7111
2025-11-17 11:00:00,-5.7237
2025-11-17 12:00:00,-11.1807
2025-11-17 13:00:00,-11.7137
2025-11-17 14:00:00,-11.9836
2025-11-17 15:00:00,5.1336
2025-11-17 16:00:00,29.648
2025-11-17 17:00:00,44.9495
2025-11-17 18:00:00,55.0544
2025-11-17 19:00:00,68.2334
2025-11-17 20:00:00,72.905
2025-11-17 21:00:00,67.6009
2025-11-17 22:00:00,55.5521
2025-11-17 23:00:00,45.7365
2025-11-18 00:00:00,30.2936
2025-11-18 01:00:00,26.4813
2025-11-18 02:00:00,23.3276
2025-11-18 03:00:00,21.6871
2025-11-18 04:00:00,24.2935
2025-11-18 05:00:00,26.9361
2025-11-18 06:00:00,31.4002
2025-11-18 07:00:00,32.4248
2025-11-18 08:00:00,22.3367
2025-11-18 09:00:00,19.861
2025-11-18 10:00:00,12.9534
2025-11-18 11:00:00,3.6026
2025-11-18 12:00:00,-8.7559
2025-11-18 13:00:00,-9.9859
2025-11-18 14:00:00,0.5601
2025-11-18 15:00:00,16.0502
2025-11-18 16:00:00,33.775
2025-11-18 17:00:00,44.4822
2025-11-18 18:00:00,56.2756
2025-11-18 19:00:00,67.1441
2025-11-18 20:00:00,70.6145
2025-11-18 21:00:00,65.9226
2025-11-18 22:00:00,54.6733
2025-11-18 23:00:00,43.91
2025-11-19 00:00:00,29.8358
2025-11-19 01:00:00,26.8232
2025-11-19 02:00:00,23.6679
2025-11-19 03:00:00,22.3334
2025-11-19 04:00:00,23.4989
2025-11-19 05:00:00,26.2695
2025-11-19 06:00:00,30.9045
2025-11-19 07:00:00,31.637
2025-11-19 08:00:00,28.165
2025-11-19 09:00:00,19.9594
2025-11-19 10:00:00,11.6317
2025-11-19 11:00:00,12.9831
2025-11-19 12:00:00,5.138
2025-11-19 13:00:00,-9.3431
2025-11-19 14:00:00,-1.6271
2025-11-19 15:00:00,9.7405
2025-11-19 16:00:00,29.897
2025-11-19 17:00:00,43.837
2025-11-19 18:00:00,57.2892
2025-11-19 19:00:00,67.9027
2025-11-19 20:00:00,72.1808
2025-11-19 21:00:00,67.4889
2025-11-19 22:00:00,57.4354
2025-11-19 23:00:00,45.6694
2025-11-20 00:00:00,30.2618
2025-11-20 01:00:00,26.6085
2025-11-20 02:00:00,23.7335
2025-11-20 03:00:00,22.1892
2025-11-20 04:00:00,22.7366
2025-11-20 05:00:00,27.5518
2025-11-20 06:00:00,30.8163
2025-11-20 07:00:00,27.7563
2025-11-20 08:00:00,19.4888
2025-11-20 09:00:00,18.2601
2025-11-20 10:00:00,11.1766
2025-11-20 11:00:00,-2.1895
2025-11-20 12:00:00,-10.3278
2025-11-20 13:00:00,-14.7034
2025-11-20 14:00:00,8.0566
2025-11-20 15:00:00,26.9947
2025-11-20 16:00:00,34.8018
2025-11-20 17:00:00,44.1523
2025-11-20 18:00:00,53.12
2025-11-20 19:00:00,66.9992
2025-11-20 20:00:00,71.3862
2025-11-20 21:00:00,66.4737
2025-11-20 22:00:00,54.8625
2025-11-20 23:00:00,44.2103
2025-11-21 00:00:00,29.856
2025-11-21 01:00:00,26.4015
2025-11-21 02:00:00,23.6414
2025-11-21 03:00:00,22.3784
2025-11-21 04:00:00,23.621
2025-11-21 05:00:00,26.4818
2025-11-21 06:00:00,30.322
2025-11-21 07:00:00,27.9913
2025-11-21 08:00:00,19.3934
2025-11-21 09:00:00,12.988
2025-11-21 10:00:00,6.5068
2025-11-21 11:00:00,0.4522
2025-11-21 12:00:00,1.3933
2025-11-21 13:00:00,3.0831
2025-11-21 14:00:00,19.0623
2025-11-21 15:00:00,28.1527
2025-11-21 16:00:00,35.3368
2025-11-21 17:00:00,44.8985
2025-11-21 18:00:00,55.2669
2025-11-21 19:00:00,67.8389
2025-11-21 20:00:00,71.5958
2025-11-21 21:00:00,66.4065
2025-11-21 22:00:00,55.9633
2025-11-21 23:00:00,44.125
2025-11-22 00:00:00,25.8183
2025-11-22 01:00:00,22.9346
2025-11-22 02:00:00,19.388
2025-11-22 03:00:00,18.9736
2025-11-22 04:00:00,19.9093
2025-11-22 05:00:00,23.3614
2025-11-22 06:00:00,25.8907
2025-11-22 07:00:00,21.2553
2025-11-22 08:00:00,3.9495
2025-11-22 09:00:00,-4.8525
2025-11-22 10:00:00,-10.2492
2025-11-22 11:00:00,-15.3189
2025-11-22 12:00:00,-21.5865
2025-11-22 13:00:00,-25.0848
2025-11-22 14:00:00,-13.7921
2025-11-22 15:00:00,7.1319
2025-11-22 16:00:00,27.9744
2025-11-22 17:00:00,38.4576
2025-11-22 18:00:00,47.3568
2025-11-22 19:00:00,58.0373
2025-11-22 20:00:00,61.4338
2025-11-22 21:00:00,58.1232
2025-11-22 22:00:00,46.6719
2025-11-22 23:00:00,37.8352
2025-11-23 00:00:00,26.2489
2025-11-23 01:00:00,22.4001
2025-11-23 02:00:00,20.3837
2025-11-23 03:00:00,18.931
2025-11-23 04:00:00,19.4683
2025-11-23 05:00:00,23.086
2025-11-23 06:00:00,26.3249
2025-11-23 07:00:00,22.2805
2025-11-23 08:00:00,3.1177
2025-11-23 09:00:00,-4.9403
2025-11-23 10:00:00,-12.3559
2025-11-23 11:00:00,-16.6561
2025-11-23 12:00:00,-25.4869
2025-11-23 13:00:00,-27.857
2025-11-23 14:00:00,-19.1736
2025-11-23 15:00:00,-0.5582
2025-11-23 16:00:00,23.8794
2025-11-23 17:00:00,38.4478
2025-11-23 18:00:00,47.8292
2025-11-23 19:00:00,57.5156
2025-11-23 20:00:00,62.1161
2025-11-23 21:00:00,55.3428
2025-11-23 22:00:00,48.4669
2025-11-23 23:00:00,37.01
2025-11-24 00:00:00,30.6682
2025-11-24 01:00:00,26.944
2025-11-24 02:00:00,23.3633
2025-11-24 03:00:00,22.2221
2025-11-24 04:00:00,23.6531
2025-11-24 05:00:00,26.7661
2025-11-24 06:00:00,30.5499
2025-11-24 07:00:00,25.3991
2025-11-24 08:00:00,9.2239
2025-11-24 09:00:00,-0.9714
2025-11-24 10:00:00,-2.4376
2025-11-24 11:00:00,-9.6031
2025-11-24 12:00:00,-17.6987
2025-11-24 13:00:00,-20.0738
2025-11-24 14:00:00,-13.6718
2025-11-24 15:00:00,4.0161
2025-11-24 16:00:00,28.7925
2025-11-24 17:00:00,44.9469
2025-11-24 18:00:00,55.6354
2025-11-24 19:00:00,68.2712
2025-11-24 20:00:00,73.1356
2025-11-24 21:00:00,66.7285
2025-11-24 22:00:00,55.5302
2025-11-24 23:00:00,44.9753
2025-11-25 00:00:00,30.8476
2025-11-25 01:00:00,26.6282
2025-11-25 02:00:00,23.5166
2025-11-25 03:00:00,22.6451
2025-11-25 04:00:00,23.1397
2025-11-25 05:00:00,27.0884
2025-11-25 06:00:00,31.5032
2025-11-25 07:00:00,25.4901
2025-11-25 08:00:00,8.0703
2025-11-25 09:00:00,1.1027
2025-11-25 10:00:00,-4.5263
2025-11-25 11:00:00,-8.2919
2025-11-25 12:00:00,-16.9313
2025-11-25 13:00:00,-21.2746
2025-11-25 14:00:00,-13.93
2025-11-25 15:00:00,5.5479
2025-11-25 16:00:00,29.5585
2025-11-25 17:00:00,44.1771
2025-11-25 18:00:00,55.4764
2025-11-25 19:00:00,66.0121
2025-11-25 20:00:00,72.9789
2025-11-25 21:00:00,68.0435
2025-11-25 22:00:00,54.9946
2025-11-25 23:00:00,45.1024
2025-11-26 00:00:00,29.9867
2025-11-26 01:00:00,26.5991
2025-11-26 02:00:00,23.3982
2025-11-26 03:00:00,22.0678
2025-11-26 04:00:00,23.2803
2025-11-26 05:00:00,26.2997
2025-11-26 06:00:00,30.2132
2025-11-26 07:00:00,27.0158
2025-11-26 08:00:00,10.9987
2025-11-26 09:00:00,3.1203
2025-11-26 10:00:00,0.3747
2025-11-26 11:00:00,-6.1419
2025-11-26 12:00:00,-17.4422
2025-11-26 13:00:00,-19.2408
2025-11-26 14:00:00,-12.401
2025-11-26 15:00:00,6.2072
2025-11-26 16:00:00,29.9834
2025-11-26 17:00:00,44.9601
2025-11-26 18:00:00,56.1819
2025-11-26 19:00:00,67.3691
2025-11-26 20:00:00,72.4932
2025-11-26 21:00:00,69.6664
2025-11-26 22:00:00,55.1395
2025-11-26 23:00:00,45.0751
2025-11-27 00:00:00,30.6511
2025-11-27 01:00:00,27.0851
2025-11-27 02:00:00,23.2384
2025-11-27 03:00:00,22.2819
2025-11-27 04:00:00,23.4454
2025-11-27 05:00:00,27.3304
2025-11-27 06:00:00,31.7776
2025-11-27 07:00:00,28.5192
2025-11-27 08:00:00,17.5823
2025-11-27 09:00:00,10.4814
2025-11-27 10:00:00,8.0559
2025-11-27 11:00:00,3.3659
2025-11-27 12:00:00,7.2462
2025-11-27 13:00:00,-4.6795
2025-11-27 14:00:00,-2.0547
2025-11-27 15:00:00,11.1311
2025-11-27 16:00:00,30.9005
2025-11-27 17:00:00,44.0101
2025-11-27 18:00:00,55.5314
2025-11-27 19:00:00,68.038
2025-11-27 20:00:00,70.6396
2025-11-27 21:00:00,68.0119
2025-11-27 22:00:00,55.1072
2025-11-27 23:00:00,45.8619
2025-11-28 00:00:00,30.3711
2025-11-28 01:00:00,26.533
2025-11-28 02:00:00,24.2863
2025-11-28 03:00:00,22.757
2025-11-28 04:00:00,23.8325
2025-11-28 05:00:00,26.729
2025-11-28 06:00:00,30.736
2025-11-28 07:00:00,29.9095
2025-11-28 08:00:00,9.5296
2025-11-28 09:00:00,0.9854
2025-11-28 10:00:00,-5.6933
2025-11-28 11:00:00,-13.1853
2025-11-28 12:00:00,-21.7568
2025-11-28 13:00:00,-24.202
2025-11-28 14:00:00,-11.4776
2025-11-28 15:00:00,6.0499
2025-11-28 16:00:00,33.2275
2025-11-28 17:00:00,45.7823
2025-11-28 18:00:00,55.2531
2025-11-28 19:00:00,67.304
2025-11-28 20:00:00,73.3601
2025-11-28 21:00:00,67.872
2025-11-28 22:00:00,54.5439
2025-11-28 23:00:00,44.6982
2025-11-29 00:00:00,26.0986
2025-11-29 01:00:00,22.4709
2025-11-29 02:00:00,19.666
2025-11-29 03:00:00,19.1529
2025-11-29 04:00:00,20.2742
2025-11-29 05:00:00,22.8793
2025-11-29 06:00:00,26.3592
2025-11-29 07:00:00,20.7713
2025-11-29 08:00:00,2.4799
2025-11-29 09:00:00,-8.476
2025-11-29 10:00:00,-12.7331
2025-11-29 11:00:00,-18.0962
2025-11-29 12:00:00,-26.7504
2025-11-29 13:00:00,-29.1465
2025-11-29 14:00:00,-20.9204
2025-11-29 15:00:00,-2.1202
2025-11-29 16:00:00,24.1994
2025-11-29 17:00:00,37.8472
2025-11-29 18:00:00,47.4332
2025-11-29 19:00:00,58.3695
2025-11-29 20:00:00,63.8241
2025-11-29 21:00:00,57.3465
2025-11-29 22:00:00,47.2472
2025-11-29 23:00:00,38.5836
2025-11-30 00:00:00,25.5945
2025-11-30 01:00:00,22.3761
2025-11-30 02:00:00,19.8066
2025-11-30 03:00:00,18.8695
2025-11-30 04:00:00,20.234
2025-11-30 05:00:00,23.0276
2025-11-30 06:00:00,25.7325
2025-11-30 07:00:00,22.4225
2025-11-30 08:00:00,4.7758
2025-11-30 09:00:00,-6.6425
2025-11-30 10:00:00,-10.7782
2025-11-30 11:00:00,-16.3094
2025-11-30 12:00:00,-26.1284
2025-11-30 13:00:00,-27.1569
2025-11-30 14:00:00,-19.8505
2025-11-30 15:00:00,0.1723
2025-11-30 16:00:00,24.0545
2025-11-30 17:00:00,37.4766
2025-11-30 18:00:00,47.0471
2025-11-30 19:00:00,57.4793
2025-11-30 20:00:00,61.1244
2025-11-30 21:00:00,57.4734
2025-11-30 22:00:00,46.5083
2025-11-30 23:00:00,39.0584
2025-12-01 00:00:00,35.6979
2025-12-01 01:00:00,30.4576
2025-12-01 02:00:00,27.0015
2025-12-01 03:00:00,25.5801
2025-12-01 04:00:00,27.0794
2025-12-01 05:00:00,30.7388
2025-12-01 06:00:00,35.8019
2025-12-01 07:00:00,32.8487
2025-12-01 08:00:00,23.0878
2025-12-01 09:00:00,20.5992
2025-12-01 10:00:00,31.9966
2025-12-01 11:00:00,29.1045
2025-12-01 12:00:00,12.7871
2025-12-01 13:00:00,4.7106
2025-12-01 14:00:00,19.2179
2025-12-01 15:00:00,28.9856
2025-12-01 16:00:00,44.4935
2025-12-01 17:00:00,50.2809
2025-12-01 18:00:00,62.854
2025-12-01 19:00:00,76.1687
2025-12-01 20:00:00,84.1423
2025-12-01 21:00:00,76.944
2025-12-01 22:00:00,63.9591
2025-12-01 23:00:00,51.121
2025-12-02 00:00:00,34.5106
2025-12-02 01:00:00,30.4823
2025-12-02 02:00:00,27.3393
2025-12-02 03:00:00,25.3553
2025-12-02 04:00:00,26.947
2025-12-02 05:00:00,30.2589
2025-12-02 06:00:00,35.7411
2025-12-02 07:00:00,33.9925
2025-12-02 08:00:00,18.5403
2025-12-02 09:00:00,10.2213
2025-12-02 10:00:00,7.0864
2025-12-02 11:00:00,1.3503
2025-12-02 12:00:00,-8.3459
2025-12-02 13:00:00,-13.3152
2025-12-02 14:00:00,3.129
2025-12-02 15:00:00,22.2724
2025-12-02 16:00:00,37.8891
2025-12-02 17:00:00,50.4401
2025-12-02 18:00:00,60.813
2025-12-02 19:00:00,75.2703
2025-12-02 20:00:00,83.2634
2025-12-02 21:00:00,77.1808
2025-12-02 22:00:00,64.4872
2025-12-02 23:00:00,50.4771
2025-12-03 00:00:00,34.6971
2025-12-03 01:00:00,29.9904
2025-12-03 02:00:00,27.0533
2025-12-03 03:00:00,25.2391
2025-12-03 04:00:00,26.3396
2025-12-03 05:00:00,30.8126
2025-12-03 06:00:00,35.1284
2025-12-03 07:00:00,39.9333
2025-12-03 08:00:00,43.9605
2025-12-03 09:00:00,50.5702
2025-12-03 10:00:00,44.1009
2025-12-03 11:00:00,30.8447
2025-12-03 12:00:00,45.5048
2025-12-03 13:00:00,41.5515
2025-12-03 14:00:00,34.5269
2025-12-03 15:00:00,32.5434
2025-12-03 16:00:00,38.7551
2025-12-03 17:00:00,50.5294
2025-12-03 18:00:00,64.2733
2025-12-03 19:00:00,78.2475
2025-12-03 20:00:00,83.4293
2025-12-03 21:00:00,75.5652
2025-12-03 22:00:00,64.7671
2025-12-03 23:00:00,50.8244
2025-12-04 00:00:00,33.9276
2025-12-04 01:00:00,30.4321
2025-12-04 02:00:00,26.8065
2025-12-04 03:00:00,25.2437
2025-12-04 04:00:00,26.35
2025-12-04 05:00:00,30.6031
2025-12-04 06:00:00,35.8714
2025-12-04 07:00:00,32.4081
2025-12-04 08:00:00,15.4861
2025-12-04 09:00:00,4.0741
2025-12-04 10:00:00,1.0568
2025-12-04 11:00:00,-9.136
2025-12-04 12:00:00,-20.2824
2025-12-04 13:00:00,-21.5048
2025-12-04 14:00:00,-14.6334
2025-12-04 15:00:00,5.6351
2025-12-04 16:00:00,33.6963
2025-12-04 17:00:00,52.0954
2025-12-04 18:00:00,62.2092
2025-12-04 19:00:00,76.6051
2025-12-04 20:00:00,83.9783
2025-12-04 21:00:00,75.3017
2025-12-04 22:00:00,63.8765
2025-12-04 23:00:00,52.375
2025-12-05 00:00:00,34.4461
2025-12-05 01:00:00,31.1288
2025-12-05 02:00:00,27.3763
2025-12-05 03:00:00,25.0228
2025-12-05 04:00:00,27.2468
2025-12-05 05:00:00,31.4607
2025-12-05 06:00:00,35.5911
2025-12-05 07:00:00,34.4723
2025-12-05 08:00:00,19.4593
2025-12-05 09:00:00,15.0849
2025-12-05 10:00:00,16.5389
2025-12-05 11:00:00,9.3496
2025-12-05 12:00:00,-5.6018
2025-12-05 13:00:00,-11.11
2025-12-05 14:00:00,-12.2975
2025-12-05 15:00:00,7.056
2025-12-05 16:00:00,33.8235
2025-12-05 17:00:00,49.6534
2025-12-05 18:00:00,61.9748
2025-12-05 19:00:00,78.2968
2025-12-05 20:00:00,84.2293
2025-12-05 21:00:00,75.6872
2025-12-05 22:00:00,63.4087
2025-12-05 23:00:00,50.9152
2025-12-06 00:00:00,29.466
2025-12-06 01:00:00,25.9221
2025-12-06 02:00:00,23.1086
2025-12-06 03:00:00,20.5197
2025-12-06 04:00:00,23.0526
2025-12-06 05:00:00,26.7389
2025-12-06 06:00:00,30.1279
2025-12-06 07:00:00,27.6244
2025-12-06 08:00:00,10.0934
2025-12-06 09:00:00,1.2231
2025-12-06 10:00:00,-5.688
2025-12-06 11:00:00,-12.6886
2025-12-06 12:00:00,-21.8413
2025-12-06 13:00:00,-25.9144
2025-12-06 14:00:00,-16.8309
2025-12-06 15:00:00,2.1601
2025-12-06 16:00:00,28.3527
2025-12-06 17:00:00,42.7881
2025-12-06 18:00:00,54.2253
2025-12-06 19:00:00,64.8377
2025-12-06 20:00:00,71.8878
2025-12-06 21:00:00,63.8518
2025-12-06 22:00:00,53.9438
2025-12-06 23:00:00,43.6834
2025-12-07 00:00:00,28.5801
2025-12-07 01:00:00,26.2236
2025-12-07 02:00:00,22.6383
2025-12-07 03:00:00,21.0059
2025-12-07 04:00:00,22.9759
2025-12-07 05:00:00,26.3977
2025-12-07 06:00:00,30.1079
2025-12-07 07:00:00,26.7223
2025-12-07 08:00:00,9.8001
2025-12-07 09:00:00,0.0343
2025-12-07 10:00:00,-4.2751
2025-12-07 11:00:00,-10.3195
2025-12-07 12:00:00,-18.69
2025-12-07 13:00:00,-23.5433
2025-12-07 14:00:00,-17.6459
2025-12-07 15:00:00,3.352
2025-12-07 16:00:00,27.6592
2025-12-07 17:00:00,44.3264
2025-12-07 18:00:00,55.0545
2025-12-07 19:00:00,66.2414
2025-12-07 20:00:00,69.3873
2025-12-07 21:00:00,64.0792
2025-12-07 22:00:00,53.428
2025-12-07 23:00:00,45.1821
2025-12-08 00:00:00,33.8267
2025-12-08 01:00:00,30.8331
2025-12-08 02:00:00,26.6266
2025-12-08 03:00:00,25.5196
2025-12-08 04:00:00,26.6847
2025-12-08 05:00:00,29.4697
2025-12-08 06:00:00,35.2423
2025-12-08 07:00:00,34.5777
2025-12-08 08:00:00,18.7186
2025-12-08 09:00:00,10.8865
2025-12-08 10:00:00,8.495
2025-12-08 11:00:00,1.415
2025-12-08 12:00:00,-8.6177
2025-12-08 13:00:00,-14.2563
2025-12-08 14:00:00,-8.3958
2025-12-08 15:00:00,10.9855
2025-12-08 16:00:00,34.9989
2025-12-08 17:00:00,52.1255
2025-12-08 18:00:00,63.4996
2025-12-08 19:00:00,77.6987
2025-12-08 20:00:00,80.6553
2025-12-08 21:00:00,77.3425
2025-12-08 22:00:00,64.3907
2025-12-08 23:00:00,50.8951
2025-12-09 00:00:00,34.4854
2025-12-09 01:00:00,30.1621
2025-12-09 02:00:00,27.2232
2025-12-09 03:00:00,26.1778
2025-12-09 04:00:00,26.4493
2025-12-09 05:00:00,30.3314
2025-12-09 06:00:00,34.8188
2025-12-09 07:00:00,38.4889
2025-12-09 08:00:00,24.5671
2025-12-09 09:00:00,17.4995
2025-12-09 10:00:00,11.9622
2025-12-09 11:00:00,3.0017
2025-12-09 12:00:00,-8.1033
2025-12-09 13:00:00,-13.3767
2025-12-09 14:00:00,5.4711
2025-12-09 15:00:00,22.7428
2025-12-09 16:00:00,40.0698
2025-12-09 17:00:00,50.9727
2025-12-09 18:00:00,62.3702
2025-12-09 19:00:00,77.65
2025-12-09 20:00:00,81.9617
2025-12-09 21:00:00,74.9505
2025-12-09 22:00:00,63.3793
2025-12-09 23:00:00,50.0284
2025-12-10 00:00:00,34.5857
2025-12-10 01:00:00,30.0106
2025-12-10 02:00:00,27.4875
2025-12-10 03:00:00,24.9614
2025-12-10 04:00:00,27.0018
2025-12-10 05:00:00,30.685
2025-12-10 06:00:00,34.6708
2025-12-10 07:00:00,39.5384
2025-12-10 08:00:00,43.6813
2025-12-10 09:00:00,53.7627
2025-12-10 10:00:00,60.2379
2025-12-10 11:00:00,51.5309
2025-12-10 12:00:00,36.999
2025-12-10 13:00:00,37.3489
2025-12-10 14:00:00,33.8218
2025-12-10 15:00:00,39.7357
2025-12-10 16:00:00,43.5402
2025-12-10 17:00:00,50.4873
2025-12-10 18:00:00,64.2957
2025-12-10 19:00:00,77.8422
2025-12-10 20:00:00,81.1236
2025-12-10 21:00:00,77.1916
2025-12-10 22:00:00,63.3618
2025-12-10 23:00:00,50.087
2025-12-11 00:00:00,34.737
2025-12-11 01:00:00,31.2998
2025-12-11 02:00:00,26.9395
2025-12-11 03:00:00,25.0689
2025-12-11 04:00:00,26.4606
2025-12-11 05:00:00,30.0962
2025-12-11 06:00:00,34.9973
2025-12-11 07:00:00,34.4022
2025-12-11 08:00:00,20.7188
2025-12-11 09:00:00,12.2756
2025-12-11 10:00:00,9.1089
2025-12-11 11:00:00,1.4153
2025-12-11 12:00:00,-9.2668
2025-12-11 13:00:00,-15.3881
2025-12-11 14:00:00,-7.5055
2025-12-11 15:00:00,8.7305
2025-12-11 16:00:00,36.1327
2025-12-11 17:00:00,52.2752
2025-12-11 18:00:00,62.9818
2025-12-11 19:00:00,77.6602
2025-12-11 20:00:00,84.3182
2025-12-11 21:00:00,76.826
2025-12-11 22:00:00,63.2919
2025-12-11 23:00:00,50.311
2025-12-12 00:00:00,35.4154
2025-12-12 01:00:00,30.0075
2025-12-12 02:00:00,27.2571
2025-12-12 03:00:00,25.6647
2025-12-12 04:00:00,26.9744
2025-12-12 05:00:00,30.9797
2025-12-12 06:00:00,34.1583
2025-12-12 07:00:00,34.3707
2025-12-12 08:00:00,19.1433
2025-12-12 09:00:00,12.0669
2025-12-12 10:00:00,8.7359
2025-12-12 11:00:00,2.5143
2025-12-12 12:00:00,-8.965
2025-12-12 13:00:00,-16.1415
2025-12-12 14:00:00,-8.0501
2025-12-12 15:00:00,8.5518
2025-12-12 16:00:00,33.9937
2025-12-12 17:00:00,50.9663
2025-12-12 18:00:00,61.6606
2025-12-12 19:00:00,77.8707
2025-12-12 20:00:00,83.6117
2025-12-12 21:00:00,77.1886
2025-12-12 22:00:00,63.8223
2025-12-12 23:00:00,51.0531
2025-12-13 00:00:00,29.4774
2025-12-13 01:00:00,25.5959
2025-12-13 02:00:00,23.4331
2025-12-13 03:00:00,21.3009
2025-12-13 04:00:00,23.162
2025-12-13 05:00:00,26.0295
2025-12-13 06:00:00,29.933
2025-12-13 07:00:00,28.144
2025-12-13 08:00:00,11.8027
2025-12-13 09:00:00,2.5092
2025-12-13 10:00:00,-3.0579
2025-12-13 11:00:00,-11.0234
2025-12-13 12:00:00,-23.7619
2025-12-13 13:00:00,-25.1833
2025-12-13 14:00:00,-17.5337
2025-12-13 15:00:00,4.7036
2025-12-13 16:00:00,30.6607
2025-12-13 17:00:00,44.3147
2025-12-13 18:00:00,54.6691
2025-12-13 19:00:00,65.142
2025-12-13 20:00:00,69.6009
2025-12-13 21:00:00,62.0438
2025-12-13 22:00:00,54.2176
2025-12-13 23:00:00,44.6699
2025-12-14 00:00:00,29.5581
2025-12-14 01:00:00,25.2921
2025-12-14 02:00:00,22.7467
2025-12-14 03:00:00,21.4391
2025-12-14 04:00:00,23.3331
2025-12-14 05:00:00,25.7673
2025-12-14 06:00:00,29.6915
2025-12-14 07:00:00,28.0456
2025-12-14 08:00:00,11.6509
2025-12-14 09:00:00,1.2881
2025-12-14 10:00:00,-4.9239
2025-12-14 11:00:00,-9.9598
2025-12-14 12:00:00,-21.6221
2025-12-14 13:00:00,-26.0867
2025-12-14 14:00:00,-18.3663
2025-12-14 15:00:00,0.5629
2025-12-14 16:00:00,26.6651
2025-12-14 17:00:00,43.7021
2025-12-14 18:00:00,52.9742
2025-12-14 19:00:00,65.1099
2025-12-14 20:00:00,70.5649
2025-12-14 21:00:00,64.5646
2025-12-14 22:00:00,53.0665
2025-12-14 23:00:00,42.7155
2025-12-15 00:00:00,33.3388
2025-12-15 01:00:00,30.8438
2025-12-15 02:00:00,26.6471
2025-12-15 03:00:00,25.7675
2025-12-15 04:00:00,26.7353
2025-12-15 05:00:00,30.7913
2025-12-15 06:00:00,34.9765
2025-12-15 07:00:00,33.6777
2025-12-15 08:00:00,19.3646
2025-12-15 09:00:00,10.825
2025-12-15 10:00:00,5.6272
2025-12-15 11:00:00,-2.5059
2025-12-15 12:00:00,-15.4169
2025-12-15 13:00:00,-21.1316
2025-12-15 14:00:00,-12.9305
2025-12-15 15:00:00,6.4117
2025-12-15 16:00:00,32.7644
2025-12-15 17:00:00,52.2866
2025-12-15 18:00:00,62.7749
2025-12-15 19:00:00,77.2925
2025-12-15 20:00:00,81.7705
2025-12-15 21:00:00,78.1735
2025-12-15 22:00:00,63.6553
2025-12-15 23:00:00,50.6205
2025-12-16 00:00:00,34.6324
2025-12-16 01:00:00,30.8461
2025-12-16 02:00:00,27.4201
2025-12-16 03:00:00,25.9291
2025-12-16 04:00:00,27.5307
2025-12-16 05:00:00,30.5485
2025-12-16 06:00:00,35.7417
2025-12-16 07:00:00,35.6423
2025-12-16 08:00:00,18.6239
2025-12-16 09:00:00,10.0516
2025-12-16 10:00:00,5.5621
2025-12-16 11:00:00,-1.1324
2025-12-16 12:00:00,-12.9112
2025-12-16 13:00:00,-16.7514
2025-12-16 14:00:00,-11.4062
2025-12-16 15:00:00,5.9802
2025-12-16 16:00:00,34.7872
2025-12-16 17:00:00,51.2769
2025-12-16 18:00:00,64.0264
2025-12-16 19:00:00,76.3614
2025-12-16 20:00:00,84.6937
2025-12-16 21:00:00,77.3048
2025-12-16 22:00:00,64.2488
2025-12-16 23:00:00,50.9396
2025-12-17 00:00:00,35.0585
2025-12-17 01:00:00,31.1116
2025-12-17 02:00:00,26.8689
2025-12-17 03:00:00,25.3886
2025-12-17 04:00:00,27.2717
2025-12-17 05:00:00,30.6171
2025-12-17 06:00:00,35.4538
2025-12-17 07:00:00,34.5169
2025-12-17 08:00:00,18.2655
2025-12-17 09:00:00,7.8561
2025-12-17 10:00:00,4.6222
2025-12-17 11:00:00,-5.27
2025-12-17 12:00:00,-14.5841
2025-12-17 13:00:00,-22.2965
2025-12-17 14:00:00,-15.6552
2025-12-17 15:00:00,5.0421
2025-12-17 16:00:00,33.1365
2025-12-17 17:00:00,51.0636
2025-12-17 18:00:00,64.0565
2025-12-17 19:00:00,76.5429
2025-12-17 20:00:00,82.8789
2025-12-17 21:00:00,76.006
2025-12-17 22:00:00,63.9987
2025-12-17 23:00:00,50.2005
2025-12-18 00:00:00,34.1874
2025-12-18 01:00:00,30.8212
2025-12-18 02:00:00,27.2441
2025-12-18 03:00:00,25.2668
2025-12-18 04:00:00,27.6097
2025-12-18 05:00:00,30.2732
2025-12-18 06:00:00,35.3103
2025-12-18 07:00:00,35.3425
2025-12-18 08:00:00,19.0136
2025-12-18 09:00:00,9.2752
2025-12-18 10:00:00,5.215
2025-12-18 11:00:00,-2.8252
2025-12-18 12:00:00,-14.0371
2025-12-18 13:00:00,-19.1873
2025-12-18 14:00:00,-13.9073
2025-12-18 15:00:00,9.1078
2025-12-18 16:00:00,36.1606
2025-12-18 17:00:00,50.1905
2025-12-18 18:00:00,64.0698
2025-12-18 19:00:00,76.8177
2025-12-18 20:00:00,82.4574
2025-12-18 21:00:00,76.5236
2025-12-18 22:00:00,63.4783
2025-12-18 23:00:00,52.35
2025-12-19 00:00:00,34.8157
2025-12-19 01:00:00,30.6793
2025-12-19 02:00:00,26.6121
2025-12-19 03:00:00,26.1041
2025-12-19 04:00:00,27.0046
2025-12-19 05:00:00,29.8235
2025-12-19 06:00:00,33.8686
2025-12-19 07:00:00,35.4671
2025-12-19 08:00:00,20.7718
2025-12-19 09:00:00,13.4501
2025-12-19 10:00:00,9.2355
2025-12-19 11:00:00,1.0711
2025-12-19 12:00:00,-7.4999
2025-12-19 13:00:00,-15.5038
2025-12-19 14:00:00,-9.1959
2025-12-19 15:00:00,8.8372
2025-12-19 16:00:00,33.6387
2025-12-19 17:00:00,51.0989
2025-12-19 18:00:00,63.4723
2025-12-19 19:00:00,77.8225
2025-12-19 20:00:00,82.9681
2025-12-19 21:00:00,74.676
2025-12-19 22:00:00,64.5135
2025-12-19 23:00:00,51.5537
2025-12-20 00:00:00,30.0567
2025-12-20 01:00:00,25.5973
2025-12-20 02:00:00,22.8137
2025-12-20 03:00:00,21.2528
2025-12-20 04:00:00,22.8154
2025-12-20 05:00:00,25.4004
2025-12-20 06:00:00,30.0232
2025-12-20 07:00:00,34.0639
2025-12-20 08:00:00,35.8208
2025-12-20 09:00:00,19.6376
2025-12-20 10:00:00,16.0885
2025-12-20 11:00:00,13.9145
2025-12-20 12:00:00,3.3548
2025-12-20 13:00:00,0.8186
2025-12-20 14:00:00,18.4746
2025-12-20 15:00:00,21.484
2025-12-20 16:00:00,30.6379
2025-12-20 17:00:00,43.7044
2025-12-20 18:00:00,52.5527
2025-12-20 19:00:00,65.8244
2025-12-20 20:00:00,71.153
2025-12-20 21:00:00,64.1672
2025-12-20 22:00:00,53.3191
2025-12-20 23:00:00,43.5198
2025-12-21 00:00:00,29.6721
2025-12-21 01:00:00,25.3099
2025-12-21 02:00:00,22.9769
2025-12-21 03:00:00,21.9669
2025-12-21 04:00:00,22.2978
2025-12-21 05:00:00,25.617
2025-12-21 06:00:00,29.4506
2025-12-21 07:00:00,34.0576
2025-12-21 08:00:00,12.0394
2025-12-21 09:00:00,-2.1297
2025-12-21 10:00:00,-9.7761
2025-12-21 11:00:00,-19.5778
2025-12-21 12:00:00,-29.8076
2025-12-21 13:00:00,-34.5753
2025-12-21 14:00:00,-24.444
2025-12-21 15:00:00,-4.4419
2025-12-21 16:00:00,24.7915
2025-12-21 17:00:00,43.253
2025-12-21 18:00:00,54.2321
2025-12-21 19:00:00,64.7991
2025-12-21 20:00:00,71.422
2025-12-21 21:00:00,64.4968
2025-12-21 22:00:00,54.2538
2025-12-21 23:00:00,43.3161
2025-12-22 00:00:00,33.9474
2025-12-22 01:00:00,29.8459
2025-12-22 02:00:00,27.1583
2025-12-22 03:00:00,26.1114
2025-12-22 04:00:00,26.5994
2025-12-22 05:00:00,30.9872
2025-12-22 06:00:00,35.1573
2025-12-22 07:00:00,41.684
2025-12-22 08:00:00,20.4351
2025-12-22 09:00:00,10.6176
2025-12-22 10:00:00,7.3892
2025-12-22 11:00:00,0.0296
2025-12-22 12:00:00,-11.1459
2025-12-22 13:00:00,-18.0449
2025-12-22 14:00:00,-12.6702
2025-12-22 15:00:00,6.1704
2025-12-22 16:00:00,31.7417
2025-12-22 17:00:00,52.4639
2025-12-22 18:00:00,63.5504
2025-12-22 19:00:00,78.3312
2025-12-22 20:00:00,84.1113
2025-12-22 21:00:00,75.6618
2025-12-22 22:00:00,62.8342
2025-12-22 23:00:00,50.943
2025-12-23 00:00:00,33.8751
2025-12-23 01:00:00,30.9956
2025-12-23 02:00:00,26.788
2025-12-23 03:00:00,24.79
2025-12-23 04:00:00,27.1297
2025-12-23 05:00:00,29.4274
2025-12-23 06:00:00,34.8584
2025-12-23 07:00:00,40.4673
2025-12-23 08:00:00,21.8972
2025-12-23 09:00:00,12.3086
2025-12-23 10:00:00,7.4112
2025-12-23 11:00:00,0.8135
2025-12-23 12:00:00,-10.7513
2025-12-23 13:00:00,-16.55
2025-12-23 14:00:00,-10.7701
2025-12-23 15:00:00,7.5357
2025-12-23 16:00:00,32.6329
2025-12-23 17:00:00,50.916
2025-12-23 18:00:00,62.9551
2025-12-23 19:00:00,77.6293
2025-12-23 20:00:00,83.9975
2025-12-23 21:00:00,78.2943
2025-12-23 22:00:00,62.0418
2025-12-23 23:00:00,49.1947
2025-12-24 00:00:00,35.3955
2025-12-24 01:00:00,31.1258
2025-12-24 02:00:00,27.3963
2025-12-24 03:00:00,25.9061
2025-12-24 04:00:00,26.6733
2025-12-24 05:00:00,30.5121
2025-12-24 06:00:00,33.7284
2025-12-24 07:00:00,40.899
2025-12-24 08:00:00,37.6862
2025-12-24 09:00:00,30.3149
2025-12-24 10:00:00,28.7033
2025-12-24 11:00:00,21.0895
2025-12-24 12:00:00,15.0961
2025-12-24 13:00:00,3.0188
2025-12-24 14:00:00,6.3691
2025-12-24 15:00:00,20.3262
2025-12-24 16:00:00,39.552
2025-12-24 17:00:00,52.144
2025-12-24 18:00:00,62.1605
2025-12-24 19:00:00,75.0465
2025-12-24 20:00:00,82.0854
2025-12-24 21:00:00,77.7344
2025-12-24 22:00:00,62.7125
2025-12-24 23:00:00,51.7008
2025-12-25 00:00:00,34.0098
2025-12-25 01:00:00,31.1052
2025-12-25 02:00:00,26.9007
2025-12-25 03:00:00,25.1757
2025-12-25 04:00:00,27.4537
2025-12-25 05:00:00,29.6657
2025-12-25 06:00:00,35.5411
2025-12-25 07:00:00,40.3824
2025-12-25 08:00:00,22.2339
2025-12-25 09:00:00,12.3553
2025-12-25 10:00:00,10.0325
2025-12-25 11:00:00,5.0772
2025-12-25 12:00:00,-10.2902
2025-12-25 13:00:00,-15.7091
2025-12-25 14:00:00,-11.8809
2025-12-25 15:00:00,7.095
2025-12-25 16:00:00,32.6553
2025-12-25 17:00:00,52.3114
2025-12-25 18:00:00,63.4434
2025-12-25 19:00:00,78.1958
2025-12-25 20:00:00,82.7458
2025-12-25 21:00:00,77.3503
2025-12-25 22:00:00,64.3074
2025-12-25 23:00:00,52.1679
2025-12-26 00:00:00,34.3274
2025-12-26 01:00:00,30.6545
2025-12-26 02:00:00,26.4757
2025-12-26 03:00:00,24.9842
2025-12-26 04:00:00,26.5252
2025-12-26 05:00:00,30.6226
2025-12-26 06:00:00,36.1652
2025-12-26 07:00:00,41.4611
2025-12-26 08:00:00,24.3279
2025-12-26 09:00:00,19.4681
2025-12-26 10:00:00,18.9777
2025-12-26 11:00:00,8.556
2025-12-26 12:00:00,1.1642
2025-12-26 13:00:00,-7.0376
2025-12-26 14:00:00,13.283
2025-12-26 15:00:00,27.9721
2025-12-26 16:00:00,39.9086
2025-12-26 17:00:00,52.1565
2025-12-26 18:00:00,64.0298
2025-12-26 19:00:00,76.4979
2025-12-26 20:00:00,84.286
2025-12-26 21:00:00,77.3757
2025-12-26 22:00:00,62.6335
2025-12-26 23:00:00,51.3036
2025-12-27 00:00:00,29.3691
2025-12-27 01:00:00,26.1186
2025-12-27 02:00:00,22.2526
2025-12-27 03:00:00,21.7461
2025-12-27 04:00:00,22.837
2025-12-27 05:00:00,26.1941
2025-12-27 06:00:00,30.0052
2025-12-27 07:00:00,34.3249
2025-12-27 08:00:00,15.3731
2025-12-27 09:00:00,4.4529
2025-12-27 10:00:00,-0.6235
2025-12-27 11:00:00,-10.2393
2025-12-27 12:00:00,-18.7726
2025-12-27 13:00:00,-23.4287
2025-12-27 14:00:00,-15.7855
2025-12-27 15:00:00,0.6881
2025-12-27 16:00:00,25.0451
2025-12-27 17:00:00,43.942
2025-12-27 18:00:00,55.3024
2025-12-27 19:00:00,64.5769
2025-12-27 20:00:00,71.4982
2025-12-27 21:00:00,65.6308
2025-12-27 22:00:00,53.6221
2025-12-27 23:00:00,42.5777
2025-12-28 00:00:00,28.4197
2025-12-28 01:00:00,26.2112
2025-12-28 02:00:00,22.4755
2025-12-28 03:00:00,21.824
2025-12-28 04:00:00,22.4967
2025-12-28 05:00:00,26.0171
2025-12-28 06:00:00,30.0392
2025-12-28 07:00:00,34.0127
2025-12-28 08:00:00,20.3904
2025-12-28 09:00:00,6.2831
2025-12-28 10:00:00,8.8256
2025-12-28 11:00:00,-2.9955
2025-12-28 12:00:00,-7.7298
2025-12-28 13:00:00,-17.5165
2025-12-28 14:00:00,-15.2094
2025-12-28 15:00:00,1.0684
2025-12-28 16:00:00,27.8441
2025-12-28 17:00:00,43.671
2025-12-28 18:00:00,53.6838
2025-12-28 19:00:00,65.532
2025-12-28 20:00:00,71.8676
2025-12-28 21:00:00,66.2122
2025-12-28 22:00:00,54.7713
2025-12-28 23:00:00,42.8004
2025-12-29 00:00:00,34.3266
2025-12-29 01:00:00,30.9066
2025-12-29 02:00:00,27.067
2025-12-29 03:00:00,25.6729
2025-12-29 04:00:00,27.0368
2025-12-29 05:00:00,30.0618
2025-12-29 06:00:00,35.0812
2025-12-29 07:00:00,41.5483
2025-12-29 08:00:00,36.4402
2025-12-29 09:00:00,38.8485
2025-12-29 10:00:00,34.7753
2025-12-29 11:00:00,29.5529
2025-12-29 12:00:00,16.1227
2025-12-29 13:00:00,25.9762
2025-12-29 14:00:00,26.9358
2025-12-29 15:00:00,32.7268
2025-12-29 16:00:00,42.0986
2025-12-29 17:00:00,52.7548
2025-12-29 18:00:00,62.9373
2025-12-29 19:00:00,75.8637
2025-12-29 20:00:00,81.7366
2025-12-29 21:00:00,77.1074
2025-12-29 22:00:00,63.3962
2025-12-29 23:00:00,51.9511
2025-12-30 00:00:00,35.0692
2025-12-30 01:00:00,29.4941
2025-12-30 02:00:00,27.9179
2025-12-30 03:00:00,25.52
2025-12-30 04:00:00,26.8518
2025-12-30 05:00:00,30.5904
2025-12-30 06:00:00,35.2302
2025-12-30 07:00:00,40.8872
2025-12-30 08:00:00,48.891
2025-12-30 09:00:00,53.0081
2025-12-30 10:00:00,63.9173
2025-12-30 11:00:00,63.3326
2025-12-30 12:00:00,54.5607
2025-12-30 13:00:00,44.0729
2025-12-30 14:00:00,41.7902
2025-12-30 15:00:00,41.3433
2025-12-30 16:00:00,44.7311
2025-12-30 17:00:00,52.1156
2025-12-30 18:00:00,64.0311
2025-12-30 19:00:00,76.4867
2025-12-30 20:00:00,83.8864
2025-12-30 21:00:00,78.1802
2025-12-30 22:00:00,63.8557
2025-12-30 23:00:00,51.0441
2025-12-31 00:00:00,35.1394
2025-12-31 01:00:00,30.3425
2025-12-31 02:00:00,27.4789
2025-12-31 03:00:00,25.4175
2025-12-31 04:00:00,27.3377
2025-12-31 05:00:00,31.096
2025-12-31 06:00:00,35.1344
2025-12-31 07:00:00,41.1701
2025-12-31 08:00:00,49.7547
2025-12-31 09:00:00,59.0248
2025-12-31 10:00:00,71.6816
2025-12-31 11:00:00,69.992
2025-12-31 12:00:00,59.1867
2025-12-31 13:00:00,47.5931
2025-12-31 14:00:00,42.5677
2025-12-31 15:00:00,39.9905
2025-12-31 16:00:00,43.1767
2025-12-31 17:00:00,51.3452
2025-12-31 18:00:00,64.0336
2025-12-31 19:00:00,77.3871
2025-12-31 20:00:00,82.7557
2025-12-31 21:00:00,77.1917
2025-12-31 22:00:00,62.8246
2025-12-31 23:00:00,51.5687
